/*--------------------------------*- C++ -*----------------------------------*\
| =========                 |                                                 |
| \\      /  F ield         | OpenFOAM: The Open Source CFD Toolbox           |
|  \\    /   O peration     | Version:  2312                                  |
|   \\  /    A nd           | Website:  www.openfoam.com                      |
|    \\/     M anipulation  |                                                 |
\*---------------------------------------------------------------------------*/
FoamFile
{
    version     2.0;
    format      ascii;
    arch        "LSB;label=32;scalar=64";
    class       volScalarField;
    location    "0.3";
    object      p;
}
// * * * * * * * * * * * * * * * * * * * * * * * * * * * * * * * * * * * * * //

dimensions      [0 2 -2 0 0 0 0];

internalField   nonuniform List<scalar> 
26016
(
7.79646
6.69361
4.89964
4.28781
3.38034
1.14887
0.59936
0.074076
-0.328335
-3.34193
-3.02121
-2.56797
-2.48553
-2.62307
-2.8853
-4.46501
-5.3575
-4.27319
-4.07976
-3.53375
-2.59924
-1.48964
-0.498623
8.5791
8.66438
5.82953
5.25663
4.34717
0.841582
0.784996
0.592678
0.0206183
-0.0583767
-2.25604
-2.47182
-2.83509
-2.70711
-2.82729
-4.07535
-3.82094
-3.30971
-3.29699
-3.26646
-2.67347
-1.76672
-0.781045
-3.54834
-5.19228
-3.51683
-4.20964
-0.520677
0.0247969
-0.800152
-0.118768
0.0113156
-0.706495
-0.00666307
-0.781879
-0.0984317
-0.782769
-0.133137
9.98674
9.14174
8.55958
8.2475
9.10638
8.58046
8.23826
7.84417
8.32889
8.0568
6.17474
5.46036
6.71794
4.94587
4.45959
5.5578
4.73218
3.85231
1.68631
1.19167
3.40941
-4.636
0.60104
0.485168
0.993259
-0.140034
0.535843
0.023078
-0.535176
0.82252
-2.49529
-3.72255
-3.35061
-2.58572
-3.77046
-3.51333
-4.21077
-3.54574
-5.18175
-3.82879
-3.73505
-5.11308
-4.26644
-3.52952
-3.47115
-4.21575
-4.11686
-3.41886
-3.2379
-4.0526
-3.62892
-3.19856
-2.7889
-3.53369
-2.75731
-2.66712
-1.93645
-2.61431
-1.67375
-1.7798
-0.947905
-1.52191
-0.634282
-0.800432
-0.119035
-0.522464
0.0241999
-2.31006
-2.89728
-2.99993
-3.55501
-0.0984977
-0.780703
-0.134264
-0.499886
0.0109024
-0.708181
-0.00654172
8.55981
8.24371
9.98589
9.14318
8.23317
7.8299
9.1076
8.58007
4.70566
5.55501
-4.64387
0.673324
0.504449
4.34316
3.84962
1.68555
1.19329
0.557109
0.0272827
0.993846
-0.143778
0.823538
-0.539708
-2.59035
-3.77229
-0.0628364
-2.49833
-3.72593
-3.02618
-3.6091
-2.31299
-2.90473
9.48582
9.12183
9.33866
9.4667
9.1327
9.21179
8.77453
8.73718
8.0454
8.32803
7.83487
5.4554
8.64977
6.80381
7.29971
5.35581
4.9456
8.57736
8.18216
6.70992
6.34337
4.88923
4.42644
8.66307
6.17319
5.4575
5.02804
2.02014
5.94665
2.27311
4.35127
1.92401
1.23897
5.82706
5.41842
2.23478
2.09344
3.53896
1.14729
0.688399
5.25451
4.57732
2.04751
1.80657
2.96029
2.59648
2.54479
2.74053
3.66908
3.25257
2.97248
2.89484
4.22335
1.35293
1.49647
1.20138
-2.86271
0.858264
-2.81849
0.679897
-2.78491
-2.32126
0.830867
0.788458
-2.6728
-2.25564
0.104749
-2.28533
-2.21613
0.775287
0.670894
-2.32193
-2.22865
-0.266356
-2.24446
-2.38718
0.589059
0.199363
-2.21438
-2.13982
-1.5747
-2.38099
-2.54264
0.0169914
-0.845219
-2.1379
-2.32528
-10.9733
-0.872767
-1.42607
-1.89534
-0.554893
-1.57392
-2.0055
-5.12416
-4.27657
-3.82679
-3.7399
-4.2231
-4.11882
-3.53087
-3.47149
-4.05354
-3.62387
-3.4201
-3.23889
-3.52813
-2.7503
-3.19953
-2.78891
-2.60724
-1.66842
-2.66713
-1.93588
-1.51696
-0.632141
-1.77944
-0.947487
-3.16462
-3.32894
-3.32037
-3.19334
-2.61272
-3.51358
-2.25937
-2.50174
-2.89571
-3.09158
-2.47372
-3.51566
-3.49086
-2.4688
-2.7632
-3.23859
-3.94074
-2.61281
-3.45835
-3.13633
-2.85096
-2.75092
-4.11252
-3.85127
-2.82777
-3.08691
-2.83273
-2.72947
-2.72866
-3.59209
-2.83307
-4.16813
-2.79604
-2.59146
-2.83718
-3.44502
-2.67253
-2.31903
-5.29202
-2.58684
-2.59548
-4.07727
-4.05914
-2.28337
-2.14778
-4.31354
-2.58704
-2.63501
-3.81853
-3.54912
-2.19025
-2.50321
-4.10503
-2.64619
-2.81152
-3.30607
-3.22554
-2.69206
-3.01948
-3.63563
-2.82797
-2.836
-3.30094
-3.32001
-3.09298
-3.17617
-2.74854
-2.80981
-2.42159
-3.26938
-2.86572
-3.18768
-2.9043
-1.64936
-2.33754
-1.66996
-2.67608
-2.01103
-2.7643
-2.06068
-0.614486
-1.55916
-0.799822
-1.76852
-1.02293
-1.82701
-1.05497
-0.462695
-0.212512
-0.723302
-0.653667
-0.394207
-0.441663
-0.69955
9.55579
9.42084
9.5523
9.4586
8.65176
6.80626
7.86071
5.45892
8.18477
6.71057
6.3449
7.8217
7.31806
5.37266
4.98847
7.54895
8.11459
7.52205
8.73092
7.60302
8.08268
7.42703
5.9443
2.2715
5.01744
2.05337
5.41572
2.2288
2.08173
4.89113
4.32399
1.96051
1.21415
4.57825
2.03206
1.80539
4.27755
3.57165
1.10742
0.626587
2.09433
2.03825
1.96071
2.20453
0.869904
-2.81779
1.25116
-2.83466
0.808452
-2.67481
-2.25024
1.19849
0.672767
-2.75953
-2.28969
0.680615
-2.32946
-2.22272
0.580411
0.0915013
-2.25024
-2.18403
0.203828
-2.19451
-2.13664
0.0579122
-0.25133
-2.20992
-2.37622
-0.841273
-2.13537
-2.3201
-0.321981
-1.57991
-2.38107
-2.53658
-1.40826
-1.04816
-1.66437
0.100923
-1.49171
-1.06065
-1.60823
-2.81679
-2.37596
-2.66094
-2.69696
-2.50629
-2.88807
-3.08701
-2.98974
-2.56837
-3.46378
-2.76503
-3.23234
-3.92447
-2.52949
-2.43954
-3.46719
-3.46884
-2.73493
-4.09475
-3.8025
-2.44971
-2.59812
-3.44189
-3.12903
-2.71393
-3.59933
-2.81794
-2.60679
-2.82249
-3.07933
-2.82431
-3.44063
-2.66116
-2.31217
-2.88101
-4.16732
-2.78895
-2.59334
-4.06116
-2.27662
-2.14037
-4.46334
-5.28586
-2.58947
-2.60036
-3.55358
-2.19014
-2.49984
-5.35194
-4.30465
-2.59207
-2.64051
-3.22396
-2.68902
-3.02047
-4.26616
-4.10391
-2.65163
-2.81749
-3.31923
-3.08693
-3.17877
-4.08121
-3.64128
-2.83395
-2.84313
-2.86561
-3.17984
-2.90889
-3.53995
-2.75603
-2.81699
-2.42938
-2.0117
-2.75783
-2.06617
-2.60691
-1.65477
-2.34518
-1.67565
-1.02342
-1.82329
-1.05792
-1.4946
-0.616312
-1.56443
-0.801924
-2.0787
-5.96382
-4.15618
-3.39558
-4.80001
-8.23813
-4.69617
-6.0025
-3.48457
-3.16234
-4.02395
-2.92997
-4.17295
-4.17614
-5.12642
-5.34137
-0.234956
-0.724336
-0.442699
-0.16638
-0.0696485
-0.317247
-0.799475
-0.481062
-0.48586
-0.11584
-0.352102
-0.354443
-0.28295
-0.138837
0.00594425
-0.0697388
-0.319676
-0.277627
-0.0534374
-0.457015
-0.703465
-0.370373
-0.724679
-0.369333
-0.721264
-0.449604
-0.310136
0.00145521
-0.368899
-0.095398
-0.31552
-0.056657
-0.332374
-0.324911
-0.0931479
-0.362774
-0.113452
-0.35204
-0.107629
-0.338523
-0.318741
-0.155335
-0.132686
-0.298822
-0.143624
-0.295545
-0.328748
10.0269
10.0088
9.93844
9.9384
9.57809
9.5136
9.58215
9.42436
9.66274
10.1369
9.84864
9.96817
9.75425
10.1602
9.7788
9.3392
9.48649
9.47049
9.11231
9.25132
9.35107
9.41611
9.09622
9.52255
9.30605
9.16224
9.02556
8.33452
8.74909
8.88176
8.95489
8.60937
8.77649
8.31986
8.89087
8.66974
8.83537
9.48015
9.04988
8.60563
9.46086
8.98801
8.78377
9.12989
8.74508
9.2104
8.53592
8.51211
8.68976
8.07894
8.76033
8.32171
8.53211
8.71993
7.77299
8.16889
8.36382
8.90916
8.36467
7.52572
6.77563
6.72159
6.69496
6.76397
6.80709
7.72578
3.36849
6.82496
7.12603
6.76117
6.55422
5.85622
7.31652
5.78185
6.73192
5.88461
5.47763
5.90248
4.78986
6.12169
5.29376
5.57561
5.56151
4.66585
4.90015
4.7861
5.21299
5.07221
5.32341
6.49556
4.70454
5.52057
6.53673
4.78257
4.33252
4.40431
4.72703
5.98876
4.16338
5.59092
3.93221
4.73792
3.57103
2.97197
4.76191
3.16641
3.78459
3.0208
4.85112
3.16189
2.76251
3.67134
2.97846
2.61623
3.26454
2.98882
2.55967
2.31262
2.88255
1.64023
2.49382
3.83361
2.40789
2.87775
1.83029
1.17626
1.88219
0.568104
2.04553
1.05732
1.63146
1.54678
0.671272
0.938094
0.543363
1.35057
0.841571
1.42308
1.95522
0.761282
0.0393521
1.86173
0.799344
1.36467
2.89448
1.50624
4.22827
0.643517
0.479404
0.591103
0.184447
0.914378
0.0469213
0.0416904
1.1924
-0.430336
0.639981
0.163585
1.85247
-0.36709
-0.811372
-2.32695
-2.89023
-2.60824
-2.59487
-1.88917
-0.53919
-10.9849
-0.87658
-1.56011
-2.00008
-1.42815
-2.63704
0.824004
-2.9841
-0.935313
-2.75718
-2.69822
-2.47353
-2.80356
-2.46858
-3.01569
-3.17722
-3.30374
-4.18997
-4.4098
-2.84074
-3.97766
-3.31113
-3.60982
-3.15672
-4.02494
-3.48359
-2.92538
-4.16816
-5.13148
-4.16848
-5.3366
-4.14802
-2.07664
-5.95731
-3.38286
-4.78969
-4.68364
-8.23306
-5.99272
-3.01533
-3.82852
-3.03405
-2.78424
-3.93337
-2.93961
-4.11898
-4.57021
-3.49683
-4.27972
-4.50855
-3.26582
-3.85308
-3.69419
-3.96764
-3.55606
-3.58393
-3.68169
-4.10035
-4.24567
-4.43014
-3.98562
-4.2177
-4.09859
-3.33447
-3.56083
-3.47647
-3.31976
-3.39249
-3.47337
-3.86967
-3.90565
-3.75236
-3.58374
-3.83675
-3.70919
-3.07372
-3.34624
-3.20796
-2.98725
-2.88588
-3.10716
-3.50177
-3.23994
-3.30762
-2.89774
-3.11457
-3.17998
-2.40051
-2.7499
-2.45818
-2.25403
-1.95978
-2.30085
-2.73907
-2.22476
-2.40096
-1.86614
-2.07298
-2.23145
-1.44145
-1.79787
-1.44226
-1.28481
-0.942269
-1.28547
-1.70179
-1.13239
-1.33661
-0.847266
-0.988807
-1.18708
-0.48134
-0.800761
-0.487045
-0.352131
-0.11721
-0.354402
-0.726144
-0.23629
-0.443683
-0.0707952
-0.167095
-0.317525
-2.87839
-2.66333
-2.89535
-2.69232
-3.09871
-2.65663
-2.96921
-3.27553
-3.13826
-3.14943
-3.29902
-3.19401
-3.17688
-3.05807
-3.35112
-3.13467
-3.18268
-3.34622
-3.2629
-3.3376
-3.24207
-3.32177
-3.4278
-3.21577
-3.35704
-0.325612
-0.362443
-0.113732
-0.0939067
-0.338209
-0.353171
-0.108619
-0.31931
-0.133076
-0.297462
-0.156862
-0.328099
-0.14443
-0.295642
-0.463199
-0.654891
-0.213722
-0.724529
-0.441545
-0.700481
-0.394686
-0.283114
-0.0691985
-0.139546
0.0057327
-0.278181
-0.0535415
-0.319461
-0.457189
-0.725366
-0.704906
-0.371142
-0.721838
-0.450035
-0.36994
-0.310145
-0.0955914
0.00135405
-0.368944
-0.0571439
-0.332378
-0.315372
9.41591
9.10005
9.1714
9.24377
9.34372
9.51437
9.30211
8.33743
8.88005
9.03012
8.73772
8.77655
8.32712
8.83845
8.96108
8.60352
8.87431
8.67588
10.1366
9.84948
9.75528
9.66415
9.96807
10.1604
9.77954
8.69108
8.06803
8.52871
8.52563
8.51461
8.75856
8.30527
8.15701
8.90868
8.70908
7.75741
8.35705
9.42046
9.55103
9.55638
9.46146
9.04991
9.46028
9.48044
8.60221
8.98733
5.96212
4.14756
4.70782
5.57517
3.91689
4.72692
3.5577
6.4934
4.70233
5.50988
6.5222
4.76975
4.32943
4.39068
1.62033
2.49376
2.8687
2.31783
2.86975
3.82013
2.39972
1.90387
0.591721
1.63621
1.8189
1.15411
2.05449
1.03449
0.939659
0.573891
1.42589
1.57669
0.685538
1.32865
0.858382
4.75974
3.16492
3.01967
2.96131
3.77132
4.83804
3.15033
0.59575
0.194885
0.0468415
0.631894
0.488874
0.917725
0.0376681
0.646722
1.85189
1.18134
-0.443842
0.166353
2.03386
1.95681
2.08676
2.19849
0.761042
1.85819
1.94945
0.035759
0.795689
-0.8257
-0.371206
0.822657
-0.934064
-2.99702
-2.64933
-2.47367
-2.80646
-3.17806
-2.77549
-2.70938
-2.45355
-3.02379
-4.41029
-2.84228
-4.1985
-3.60911
-3.98962
-3.30657
-3.31833
-1.05272
-1.66764
-1.49554
-1.40984
0.0983557
-1.06281
-1.61046
-2.89685
-2.59879
-2.61482
-2.3294
-3.08549
-3.38195
-3.3776
-3.22771
-3.19363
-3.18171
-3.22477
-3.3709
-3.30211
-3.46471
-3.38966
-3.27976
-3.35603
-3.25177
-2.38445
-2.66619
-2.83999
-2.71869
-2.67095
-2.90469
-2.69927
-2.66393
-2.92132
-3.1256
-2.99246
9.57846
9.50827
9.58255
9.41838
10.027
10.0093
9.93833
9.93893
9.45623
9.12692
7.93873
8.28967
7.77778
7.0745
7.6048
8.00131
7.8314
7.3658
6.92033
6.84179
7.52462
3.30751
6.78119
6.52395
7.71187
6.78596
7.10992
6.75667
4.9041
5.6462
4.74937
5.8157
4.14619
4.61355
3.95479
5.25254
3.50356
5.09222
4.32613
4.05951
3.51288
2.97741
4.56979
2.80946
4.43917
3.69104
3.58761
3.26275
3.59248
3.85702
3.68156
3.88151
3.75571
5.04437
2.35483
-1.06769
1.38458
-1.16414
0.864119
-0.792957
0.97622
-0.832167
0.679931
-0.736168
0.643958
-0.847589
-0.650675
0.379509
-0.736509
0.463211
-0.832614
0.390191
-0.654566
-0.0476953
0.189472
0.0962478
-0.756655
-1.0564
-1.1307
-0.735304
-0.863033
-0.357655
-0.583603
-1.14703
-1.18283
-1.20493
-0.993142
-1.15568
-2.16427
-0.477639
-0.781651
-0.964013
0.0313516
-1.00002
-3.3697
-3.03272
-3.28786
-3.17445
-2.84033
-3.26381
-2.96494
-3.14603
-2.48396
-3.11486
-2.74205
-3.06856
-2.72388
-3.10402
-3.04693
-2.53586
-3.02404
-2.70773
-2.99566
-2.69349
-3.10109
-2.85749
-2.69077
-2.96897
-2.6626
-2.96509
-2.69665
-2.90278
-3.2244
-2.97994
-3.15402
-2.90169
-2.96654
-3.00842
-2.87431
-4.8371
-4.63872
-4.45577
-3.08578
-3.1693
-3.39457
-3.18208
-4.45391
-4.46125
-2.88157
-3.73373
-3.82532
-4.26453
-2.92393
-4.1989
-3.89907
-3.79038
-4.04546
-3.81847
-3.78052
-3.57688
-3.94
-3.77855
-3.80237
-3.79436
-3.7382
-3.84315
-3.83302
-3.2351
-3.44165
-3.49353
-3.64639
-3.25013
-3.4451
-3.56522
-2.21091
-2.56869
-2.71356
-2.70064
-2.35534
-2.44413
-2.85634
-1.10642
-1.42912
-1.70262
-1.64491
-1.32208
-1.37148
-1.71148
-0.670177
-0.409812
-0.635964
-0.688275
-0.542201
-0.762715
-0.599933
9.71368
9.91277
9.79654
9.83204
9.80863
9.84773
3.38436
4.01561
3.64904
4.25892
3.43445
3.9464
3.58039
3.09581
3.0794
-3.79299
-3.98434
-3.7087
-2.91056
-2.91236
-2.86732
-2.92464
-3.89772
-3.80281
-4.16745
-2.52625
-2.57219
-2.47779
-2.64443
-3.11085
-3.29989
-3.10025
-3.86696
-3.37422
-3.68096
-3.53799
-3.34057
-3.44756
-3.48642
-3.3917
-3.36186
-3.31268
-3.42279
-3.16889
-3.39444
-3.27596
-3.35278
-3.28159
-3.20724
-3.4334
-2.46387
-2.73618
-2.52005
-2.61475
-2.78604
-2.58522
-2.85856
-1.52065
-1.77708
-1.52072
-1.55667
-1.82685
-1.56434
-1.82414
-0.550551
-0.548776
-0.796585
-0.774003
-0.548775
-0.539791
-0.787461
-5.1335
-4.80573
-4.07719
-3.90704
-4.03611
-6.60886
-4.85264
-6.0852
-5.73263
-7.29714
-4.9418
-5.20613
-4.99652
-9.70502
-5.12127
-4.16922
-3.80496
-4.23466
-3.64478
-4.16576
-5.28949
-0.584068
-0.47481
-0.421142
-0.704286
-0.67408
-0.634892
-0.366421
-0.0807294
0.0610982
-0.043592
-0.0233845
-0.0186879
-0.100717
0.00278024
-0.720891
-0.810575
-0.79317
-0.710298
-0.798654
-0.720794
-0.715867
-0.0590941
-0.130098
-0.168749
-0.17208
-0.172418
-0.06295
-0.176814
-0.123155
-0.0282414
0.00952453
-0.0394415
-0.0907177
-0.0554376
-0.102758
-0.655705
-0.696847
-0.584571
-0.789474
-0.577905
-0.775395
-0.677032
-0.12962
-0.00222946
-0.29701
-0.0378505
-0.253759
-0.0414053
-0.147382
-0.548901
-0.772698
-0.54854
-0.79714
-0.538395
-0.786024
-0.548486
9.76639
10.0352
9.81843
10.0173
9.85713
10.0693
9.72202
9.22033
9.29845
9.58364
9.36266
9.32548
9.36438
9.17592
8.4828
8.33159
8.32842
8.27707
8.4216
8.40767
8.42182
9.23918
9.35526
8.96271
9.01752
9.25781
9.26526
8.86789
8.88686
8.95446
8.37785
8.60994
8.39809
8.97829
8.858
9.4543
9.12769
8.33667
8.30578
8.30575
8.17547
8.2283
8.23264
8.40285
7.92348
7.71172
8.37574
8.18509
7.80983
7.85811
7.99819
8.86336
8.46745
8.3604
8.49179
8.88459
7.63229
5.08286
8.45462
7.90144
7.46841
6.26234
6.1325
5.8198
5.37607
6.35377
6.10634
5.73911
7.05205
7.43803
7.01239
7.38156
7.18696
7.5179
7.16898
5.33674
5.35158
5.17359
4.92524
5.5004
5.18118
5.09593
4.90921
4.55687
4.1773
4.93927
4.7288
4.46446
4.7577
4.62802
4.41967
4.18339
4.59608
3.00625
4.6389
4.28768
3.21509
4.25195
3.16647
3.82974
3.16838
4.23975
3.22301
3.61336
3.88462
3.28729
3.62693
3.70589
3.90545
3.77726
2.84554
3.13627
3.94329
3.75276
3.08982
3.24643
2.86201
1.27991
1.01094
0.96339
0.584143
1.33776
0.952405
0.920865
0.880687
0.592429
0.344157
0.486707
0.71488
0.5598
0.791671
1.3141
1.51178
0.569851
0.995933
1.30823
1.48861
0.572947
0.139266
0.729251
-0.329596
-0.167505
-0.41027
0.698099
0.203344
5.05339
2.36964
0.603476
0.537316
0.157156
0.507821
0.45081
0.712844
-0.00850561
-0.0218174
-0.280474
0.855123
0.96391
-0.184157
0.0746105
-1.09143
0.186568
-0.452223
-0.566671
-0.480634
0.130835
-0.202982
-9.61888
2.55947
-0.0441754
-0.84348
-2.97692
-3.73122
-2.98973
-3.69635
-3.05681
-3.60168
-2.93411
-1.15745
-0.77932
-2.16957
-0.481395
-0.966986
0.0292849
-0.999662
-2.61843
-2.36514
-2.67212
-2.60154
-2.40956
-2.51958
-2.79366
-3.70297
-3.59161
-4.59158
-2.6683
-3.29952
-4.1537
-4.0907
-5.12329
-3.80988
-4.23829
-4.16802
-4.16568
-5.2983
-3.64796
-5.13056
-3.90485
-4.8034
-4.07353
-4.03337
-4.85069
-6.60526
-6.07293
-4.93076
-5.72381
-7.27951
-4.98582
-5.19094
-9.69129
-2.9977
-3.42969
-3.64656
-3.78539
-3.02342
-3.54074
-3.26392
-3.45779
-3.55989
-3.22353
-3.80101
-3.43395
-3.31098
-3.57212
-4.50756
-4.45391
-6.19905
-4.65604
-4.54106
-4.41518
-4.76562
-4.39522
-4.18284
-4.34938
-4.30196
-4.16156
-4.40398
-4.43218
-3.54778
-3.42932
-3.92889
-3.58585
-3.5338
-3.98003
-3.44768
-3.39936
-3.40108
-3.48297
-3.48572
-3.39038
-3.50016
-3.40901
-4.26698
-4.05494
-4.27595
-4.24838
-4.10637
-4.31562
-4.25456
-4.02832
-4.05067
-4.08403
-4.14648
-4.06313
-4.01847
-4.10254
-3.38142
-3.38077
-3.38721
-3.43209
-3.37502
-3.3986
-3.38792
-3.28596
-3.25205
-3.26682
-3.24833
-3.2801
-3.27739
-3.25774
-3.97293
-4.01647
-4.03983
-4.01407
-4.01387
-3.98931
-4.00448
-3.74235
-3.72591
-3.60043
-3.69943
-3.7865
-3.67495
-3.67802
-3.17913
-3.20893
-3.17073
-3.2094
-3.17339
-3.18177
-3.21464
-2.83633
-2.76769
-2.83977
-2.80167
-2.83024
-2.85257
-2.77356
-3.50043
-3.62535
-3.49831
-3.44905
-3.54515
-3.58362
-3.40719
-2.94806
-2.86075
-2.68826
-2.87159
-2.9676
-2.83867
-2.80473
-2.58807
-2.65264
-2.60656
-2.68013
-2.58182
-2.62062
-2.65856
-2.01519
-1.92119
-2.02187
-1.94923
-2.00879
-2.03493
-1.92744
-2.5881
-2.71633
-2.54094
-2.49541
-2.60623
-2.70136
-2.42019
-1.92438
-1.82261
-1.57986
-1.79702
-1.93331
-1.81002
-1.70371
-1.68549
-1.76905
-1.69025
-1.79221
-1.67966
-1.70231
-1.77501
-1.03903
-0.949804
-1.03972
-0.958093
-1.03388
-1.05014
-0.954809
-1.55094
-1.67335
-1.42464
-1.39985
-1.56462
-1.66397
-1.30444
-0.9048
-0.841396
-0.573107
-0.739985
-0.931991
-0.818912
-0.667996
-0.720632
-0.793185
-0.710421
-0.810351
-0.720452
-0.71585
-0.798439
-0.0586369
-0.168999
-0.171975
-0.130263
-0.062731
-0.176948
-0.172055
-0.586348
-0.706435
-0.476561
-0.422891
-0.367854
-0.676658
-0.637295
-0.0799425
-0.0256181
0.0600121
-0.0433699
-0.0179097
0.000114152
-0.100816
-2.91427
-2.31707
-2.69678
-2.65461
-2.6683
-2.5957
-2.91634
-2.82773
-2.76978
-2.91626
-2.87418
-2.7538
-2.89716
-2.83758
-3.48945
-3.40722
-3.05624
-3.14791
-3.45398
-3.44871
-3.19163
-3.48241
-3.44944
-3.38516
-3.49238
-3.50772
-3.44006
-0.671929
-0.690452
-0.411093
-0.637
-0.764398
-0.543096
-0.602222
-0.122635
-0.0410557
-0.0279127
0.00911547
-0.0563589
-0.0900005
-0.102194
-0.658207
-0.792295
-0.698544
-0.585938
-0.778218
-0.579262
-0.679521
-0.129828
-0.03852
-0.00214609
-0.296308
-0.0421171
-0.252842
-0.147643
9.22075
9.58394
9.36338
9.29585
9.17506
9.32745
9.36163
8.48505
8.32372
8.27848
8.33161
8.43316
8.40574
8.42014
9.91321
9.79656
9.71156
9.83129
9.76659
10.0344
9.81799
10.0168
9.72112
9.85796
10.0686
8.33659
8.30325
8.17021
8.31657
8.2204
8.22894
8.40073
7.91451
8.36957
8.17319
7.69829
7.98932
7.79633
7.84623
9.80721
9.84755
9.35591
8.96256
9.25721
9.23963
9.01856
9.26637
8.8669
8.88592
8.95427
8.37735
8.60823
8.97742
8.3956
8.85734
4.60459
4.15481
4.57387
4.39721
4.61515
4.26449
2.97268
2.8317
3.92727
3.74811
3.11794
2.85143
3.08386
3.22888
1.13536
0.984643
0.633806
1.12575
1.28383
0.985431
0.921099
0.876807
0.349341
0.516441
0.611053
0.763197
0.573418
0.77843
4.01288
3.64832
3.43301
3.37288
4.24123
3.93291
3.5702
3.21144
4.24893
3.16319
3.82667
3.21959
4.23591
3.1656
0.596434
0.166052
0.528241
0.580037
0.452694
-0.000491599
0.703607
-0.0206151
0.857191
0.967533
-0.279228
-0.182377
-1.08457
0.0725981
3.09266
3.07693
1.51095
0.569381
1.30461
1.30967
0.992307
1.48248
0.569617
0.14042
0.726244
-0.334027
-0.167119
-0.408971
0.19929
0.69877
-9.59781
2.55773
-0.201542
-0.845453
-0.0489269
0.183006
-0.456236
-0.567079
0.131197
-0.480979
-2.60533
-2.68304
-2.60783
-2.36801
-2.432
-2.53255
-2.79625
-3.70473
-4.59288
-2.67
-3.59311
-3.30146
-4.15423
-4.09276
-3.69709
-3.73559
-2.9931
-3.60472
-3.0611
-2.97751
-2.93317
-3.53433
-3.08305
-3.17606
-3.45179
-3.50754
-3.4899
-3.21878
-3.53073
-3.49306
-3.42259
-3.55546
-3.54219
-3.48341
-3.55527
-2.32345
-2.70193
-2.67591
-2.93823
-2.67897
-2.61778
-2.94018
-2.83604
-2.77706
-2.92348
-2.88215
-2.76154
-2.84508
-2.90504
9.42614
9.39922
9.33196
9.19611
9.12938
9.18667
9.04207
9.0508
8.96518
8.91113
9.30613
8.98737
8.85356
8.96463
9.0454
8.71268
7.68422
8.79021
9.31959
9.08312
8.73856
9.00366
8.98802
9.11855
9.4243
9.39399
9.11388
8.90575
8.9968
9.35798
9.16597
9.13658
7.51072
8.35993
7.9289
8.11793
8.21805
7.7028
6.94744
7.04515
7.61906
7.17208
5.99179
6.65461
6.52134
7.0682
6.45922
5.83729
6.2344
6.59899
6.95709
6.36402
7.50635
6.63021
7.44512
7.6889
7.22884
6.76824
7.04874
6.67787
6.42069
5.13713
6.09944
6.29267
6.83966
5.96885
6.01427
6.56053
5.0819
5.68397
6.23179
6.31722
5.80207
8.33112
7.77908
8.08373
8.21894
7.79699
7.68585
7.89926
7.29993
6.70661
5.76487
5.84047
5.8614
4.73788
5.54221
5.89991
5.45589
6.08132
5.26776
4.87032
4.72922
5.28614
4.6684
5.19884
5.53839
5.03726
8.11268
7.52002
7.60007
8.72606
7.54253
8.07434
7.42005
6.71974
6.69427
6.75122
6.76588
6.13022
5.81717
6.3502
5.36446
6.09269
6.2506
5.72965
4.70176
5.48152
4.11714
5.43069
4.58872
5.61755
4.51008
3.87522
2.36593
4.13985
2.45084
3.65675
3.57107
2.28055
2.1573
3.99411
3.47664
2.29103
3.99031
4.53704
3.05657
4.76844
3.36273
4.93603
3.84193
3.12939
3.42248
1.64057
2.04123
3.00581
3.30106
1.92806
2.96123
2.51711
1.53509
1.69464
2.86349
2.79846
1.80465
3.97135
2.68758
3.8814
3.15506
3.38725
2.76434
4.13485
2.49629
2.42111
0.905844
1.57322
2.211
2.65008
1.46547
1.98061
1.26271
2.17737
2.35082
0.829953
2.15063
1.36363
3.45041
2.95119
3.66886
3.50141
3.33629
3.61846
3.29546
2.94542
2.7469
2.57003
2.87148
3.05164
2.54613
2.7229
2.86539
2.22994
2.59488
2.54794
2.39121
2.74227
2.65558
2.15821
1.23042
2.03832
1.88303
2.87951
2.05526
1.76461
2.04101
2.75714
1.25016
-6.46147
1.7988
1.90127
1.45933
1.29666
1.23943
1.69944
2.32063
2.55297
2.36857
1.58276
1.67302
1.76354
2.04688
1.6962
2.28617
-1.02128
1.33802
-0.884469
0.7278
-1.07237
0.792833
-0.951842
-3.06913
-3.44469
-2.72797
-2.17097
-3.01815
-3.05894
-3.24621
-2.55121
-1.70622
-2.04486
-2.41243
-0.73402
0.90429
-0.719397
0.535593
-0.726505
0.591165
-0.678484
-2.86648
-2.03602
-1.6051
-2.56218
-1.37615
-2.22886
-2.65726
-1.88449
-1.22921
-2.49417
-2.39151
-1.32899
-1.74943
-2.50672
0.221308
-0.657887
0.300244
-1.00835
-0.873629
0.317535
-0.674142
-1.5995
-1.22552
-2.20806
-2.35454
-1.2589
-1.65493
-2.26431
-1.57792
-1.39553
-2.20415
-2.19806
-1.2978
-1.55594
-2.23115
-0.0744288
-0.170391
-0.0335699
-0.814414
-1.18117
-1.13232
-0.880273
-1.5606
-1.44391
-2.30425
-2.20665
-1.55351
-1.5516
-2.18557
-1.61779
-1.65589
-2.32553
-2.21472
-1.58256
-1.6263
-2.18961
-1.03919
-1.28875
-1.22872
-0.808599
-1.51579
-1.32767
-1.29199
-1.81888
-1.66879
-2.42468
-2.22617
-1.8156
-1.70331
-2.27205
-2.21216
-2.50296
-2.17772
-1.96064
-2.43197
-1.88069
-2.36105
-0.462716
-1.20362
-0.809336
-0.442874
-1.1448
-0.97444
-1.01167
-1.28141
-0.107886
-0.133667
-1.07208
-0.949015
-0.95116
-1.19538
-1.56232
-2.19779
-1.7087
-1.44879
-1.4145
-2.58162
-1.65
-1.68432
-4.43871
-1.22843
-1.94663
-2.60677
-1.71352
-1.80667
-1.6882
-1.57877
-1.92618
-0.902088
-1.00813
-2.10117
-1.63349
-4.57923
-4.13122
-3.51215
-4.51836
-4.28985
-3.28132
-3.83697
-3.01389
-3.04207
-2.78156
-3.93847
-2.94663
-4.25356
-4.11107
-4.4374
-4.22484
-3.99377
-4.1078
-3.8523
-3.70093
-3.97534
-3.55691
-3.59107
-3.68889
-3.90341
-3.87583
-3.75631
-3.83347
-3.58505
-3.71232
-3.33545
-3.56684
-3.48167
-3.32103
-3.39525
-3.47755
-3.23354
-3.50241
-3.30641
-3.10787
-2.89432
-3.17819
-3.07423
-3.34858
-3.20892
-2.98782
-2.88549
-3.10788
-2.21816
-2.73571
-2.3969
-2.0666
-1.86231
-2.22767
-2.40012
-2.74929
-2.45607
-2.2539
-1.95746
-2.29917
-1.12865
-1.69829
-1.33354
-0.985592
-0.845111
-1.18433
-1.44079
-1.79591
-1.44003
-0.940509
-1.28441
-1.2837
-3.24959
-3.3463
-3.48447
-3.30137
-3.45315
-3.42548
-3.06197
-2.78246
-3.13299
-2.80783
-3.22257
-2.9176
-3.1219
-3.45357
-3.5133
-3.35733
-3.22669
-3.37118
-3.19909
-3.40384
-3.50414
-3.53193
-3.32559
-3.36595
-3.29189
-3.39569
-3.24203
-2.71206
-2.93112
-3.12856
-3.02041
-3.18516
-3.03875
-2.73639
-3.12164
-2.47604
-3.02907
-2.71468
-3.06069
-2.73463
-3.12132
-3.55009
-3.59314
-3.78016
-3.45057
-3.2814
-3.23264
-3.37776
-3.54987
-3.72525
-3.81846
-3.47687
-3.18731
-3.22531
-3.49745
-3.00372
-2.55625
-2.97153
-2.66111
-2.99161
-2.68256
-2.9498
-3.69554
-3.35318
-3.17608
-3.33042
-3.12247
-3.42383
-3.52441
-3.25806
-3.05801
-3.28279
-3.23234
-3.11091
-3.16025
-3.3924
-2.80746
-2.86126
-2.69884
-2.97086
-2.96943
-2.71903
-2.84051
-2.98332
-3.04576
-2.96254
-3.07678
-3.01841
-3.07785
-2.92967
-2.92027
-2.99893
-2.92533
-2.7076
-3.01706
-2.87019
-2.83356
-3.35372
-3.81314
-3.54673
-2.98035
-3.04887
-3.03268
-3.07041
-2.86857
-2.98766
-2.69305
-2.63461
-2.9936
-2.87394
-2.54323
-2.96151
-3.0672
-2.65695
-2.45316
-3.00695
-2.99406
-2.51042
-6.80644
-4.41973
-6.45507
-3.04892
-3.69348
-3.56424
-2.84228
-3.18512
-3.15291
-2.58422
-2.46818
-3.31643
-3.20077
-2.41504
-3.48806
-3.52895
-2.59091
-2.38822
-3.41553
-3.30592
-2.4436
-3.98516
-3.7937
-3.71004
-2.91208
-2.91628
-2.92537
-2.86931
-3.97608
-5.1739
-5.05559
-2.93044
-2.58996
-2.67076
-2.86349
-4.47755
-2.99011
-3.79188
-4.42231
-3.81162
-4.57529
-3.21552
-3.36842
-3.546
-2.59793
-2.43996
-3.57385
-3.39932
-2.46571
-3.45369
-3.55348
-2.59485
-2.67828
-3.56004
-3.45946
-2.56218
-4.14293
-4.09546
-3.81349
-3.63987
-3.82229
-3.62613
-4.07592
-3.44312
-3.54775
-2.71515
-2.83702
-3.56284
-3.45402
-2.99294
-3.45732
-3.57484
-2.73604
-3.21071
-3.56419
-3.49496
-3.12398
-3.86812
-3.71217
-3.55875
-3.77018
-3.7027
-3.8599
-3.66263
-3.69015
-3.57472
-2.866
-3.24317
-3.53771
-3.60224
-3.27664
-3.74179
-3.37948
-2.86725
-3.26665
-3.514
-3.7222
-3.28132
-3.10404
-3.31638
-2.83583
-2.94323
-3.15253
-3.19597
-3.11458
-3.4958
-3.32224
-2.68546
-3.21665
-3.10153
-3.65058
-3.12906
-3.24167
-2.71632
-2.62916
-2.85102
-3.01038
-2.97035
-3.01318
-2.05112
-2.28082
-1.84263
-1.90967
-2.22021
-2.18312
-1.98667
-2.53986
-2.6041
-2.07162
-2.62639
-2.2678
-2.77047
-2.37608
-2.28017
-1.78453
-1.97161
-1.90121
-2.14249
-2.00311
-2.15215
-0.959655
-0.836171
-0.865037
-0.915094
-1.17785
-1.18765
-1.12277
-1.45156
-1.65296
-1.23788
-1.66088
-1.28917
-1.73198
-1.40267
-0.812035
-0.915027
-0.928387
-1.19917
-1.12687
-1.16066
-1.17628
-0.540138
-0.306867
-0.355928
-0.398998
-0.431193
-0.482394
-0.450656
-0.650441
-0.651018
-0.614203
-0.830008
-0.550648
-0.746108
-0.710579
-0.521512
-0.485443
-0.340695
-0.51652
-0.44514
-0.434162
-0.597791
9.60458
9.37721
9.44659
9.2451
9.79017
9.83664
9.73932
9.59634
9.46144
9.77889
9.63282
9.80814
9.80474
9.64558
9.80873
9.58623
9.42681
9.46756
9.77578
9.66179
9.59982
9.21032
9.76769
9.55789
9.42946
9.81615
7.97287
8.28259
7.77107
7.11676
8.13574
7.9573
8.19743
7.69749
7.00971
7.61589
7.09175
7.15106
6.00209
6.50191
6.68179
7.02886
6.18989
6.47552
5.84841
6.94816
6.35673
6.62442
8.3331
7.78053
8.08962
8.22304
7.68789
7.80085
7.90034
8.0016
7.61987
7.85755
7.38381
6.99218
7.5204
6.9006
7.46353
7.52491
6.68312
7.68467
7.07552
7.24911
6.83425
6.6849
6.08522
6.44549
5.16956
6.83755
5.94822
6.30437
5.65896
6.05043
6.3504
6.53848
5.12941
5.8247
6.25558
7.59441
8.28668
7.63687
8.13017
7.56746
8.30768
7.6676
7.33291
7.66267
7.89457
8.31998
8.07631
7.41951
7.60421
4.91793
5.64584
5.80577
4.7419
4.71364
5.41994
5.48074
4.0952
5.60125
4.50983
4.57705
3.89347
2.40718
2.47266
4.14849
3.67969
2.17758
3.56056
2.31532
3.5
2.31843
3.99637
4.14234
5.24895
4.57635
3.93033
5.05566
4.31651
3.46561
4.78186
3.95702
4.50905
3.00449
4.93825
3.82211
3.31904
3.13932
2.06685
3.40593
1.65838
3.31896
1.94327
2.96234
2.99121
1.69356
2.45707
1.5414
2.82816
1.81855
2.81021
4.6014
4.06778
4.41029
3.53541
2.93621
3.67749
2.79272
3.89909
3.99416
2.69967
4.18101
3.1832
3.38186
2.76172
2.5405
1.57472
2.37297
0.819087
2.67545
1.45947
2.16112
1.27048
1.9464
2.231
2.38172
0.763263
1.39106
2.11168
2.39227
1.77261
1.9748
1.63227
2.63321
3.0673
2.6966
2.25332
1.97076
2.64888
2.23481
3.08801
3.18312
2.87257
2.60786
1.93817
1.86438
1.84138
2.65204
2.88876
2.37474
1.72643
2.7444
2.3981
2.03911
3.1795
-1.01303
1.4492
0.884228
-1.14344
-0.99179
0.752325
1.39426
-0.856501
0.819371
-0.917017
-1.0582
-3.04456
-3.41498
-2.7175
-2.1055
-3.02915
-2.99197
-3.20987
-2.54878
-1.66122
-2.41664
-1.98894
-0.754666
0.720759
1.0094
-0.799648
0.674253
-0.811505
-0.703012
-0.682287
0.569289
0.9283
-0.701629
0.637091
-0.636288
-0.694382
-2.82815
-2.02843
-1.56306
-2.51884
-2.20731
-2.65468
-1.3422
-1.87856
-2.40027
-1.21126
-2.45483
-1.73002
-2.50192
-1.29421
-0.619782
0.510846
0.311869
-0.728017
0.446281
-0.623264
-0.826446
0.296283
-0.617442
0.245559
-0.987892
0.380682
-0.652347
-0.867746
-1.57873
-2.3057
-1.20071
-2.17608
-1.65596
-2.24137
-1.23271
-1.55184
-2.1747
-1.36944
-2.17175
-1.54455
-2.20457
-1.26325
0.195963
-0.0116831
0.0974301
-0.741198
-1.02202
-0.688409
-1.1092
-0.145027
-0.0579696
-0.0565227
-0.802413
-1.17649
-0.892138
-1.12859
-1.57456
-2.17473
-1.40764
-2.2722
-1.55715
-2.16483
-1.51642
-1.61501
-2.20487
-1.64107
-2.29865
-1.61549
-2.16752
-1.55414
-0.459911
-1.20088
-0.806704
-0.440852
-1.14114
-0.96935
-1.00957
-0.356779
-0.869938
-0.574031
-1.14575
-1.18086
-0.982008
-1.20734
-1.22225
-1.04504
-1.29392
-0.804802
-1.50904
-1.32218
-1.29745
-1.80838
-2.21385
-1.65729
-2.42791
-1.69254
-2.28608
-1.80702
-2.49264
-2.21159
-2.1796
-1.952
-2.4387
-2.35403
-1.87709
-1.4949
-0.458975
-1.7394
-1.09552
-0.49434
-1.75761
-1.46247
-1.57934
-1.57415
-1.22939
-0.312032
-0.606324
-1.84289
-1.25911
-2.70546
-2.9248
-3.10046
-2.99126
-3.15999
-3.02211
-2.73072
-3.00235
-3.3349
-3.23189
-3.15349
-2.78471
-2.92463
-3.23431
-3.04243
-2.7775
-2.72661
-3.09837
-2.87774
-3.09776
-3.19151
-3.4169
-3.463
-3.19636
-3.33394
-3.16215
-3.36413
-3.50963
-3.45007
-3.31573
-3.32798
-3.24859
-3.2279
-3.35477
-3.14402
-2.74243
-2.44947
-3.07978
-2.7147
-3.09185
-3.03046
-3.12898
-2.72226
-2.4421
-2.98592
-2.71516
-3.08737
-3.01859
-3.60342
-3.50907
-3.76269
-3.41833
-3.23702
-3.37217
-3.18302
-3.67799
-3.51337
-3.80579
-3.4303
-3.14803
-3.42827
-3.17813
-3.00086
-2.68308
-2.50012
-2.97787
-2.67972
-3.05189
-2.94757
-2.96606
-2.63032
-2.52481
-2.951
-2.65412
-2.92354
-2.94575
-3.66858
-3.31071
-3.13496
-3.31882
-3.36337
-3.49487
-3.08389
-3.22741
-3.20221
-3.03519
-3.2715
-3.12056
-3.36556
-3.07112
-2.85997
-2.62472
-2.65054
-2.94559
-2.64332
-2.88871
-2.9452
-2.80813
-2.85527
-2.67672
-2.96288
-2.70124
-2.83535
-2.95418
-2.95681
-3.06391
-3.02618
-2.95186
-3.05435
-2.92191
-2.99896
-2.89857
-2.69593
-2.98969
-2.91468
-2.85545
-2.81564
-2.99992
-2.97107
-3.22286
-3.1486
-2.89648
-2.96051
-2.86766
-3.00603
-3.80767
-3.35262
-3.54086
-2.97481
-3.04871
-3.06489
-3.03109
-2.86026
-2.62265
-2.98069
-2.69034
-2.86206
-2.53493
-2.99088
-2.95508
-2.4482
-3.06731
-2.65563
-2.98935
-2.50352
-3.0053
-5.17595
-3.97267
-5.05288
-2.92834
-2.5895
-2.8632
-2.6671
-4.63295
-4.83321
-4.44944
-3.08031
-3.16972
-3.17633
-3.3956
-4.41152
-6.80084
-6.44819
-3.04294
-3.69297
-2.83529
-3.56524
-3.18193
-2.46412
-3.15364
-2.58848
-3.19682
-2.412
-3.31818
-3.48515
-2.38542
-3.5302
-2.59543
-3.30297
-2.44086
-3.41752
-4.15257
-3.55057
-4.21179
-2.67198
-2.95579
-2.58731
-3.10927
-4.45192
-4.44356
-4.25536
-2.87224
-3.73261
-2.91595
-3.82324
-4.41477
-4.46692
-4.56822
-2.98011
-3.79009
-3.20497
-3.80956
-3.36466
-2.43738
-3.54692
-2.60316
-3.39604
-2.46254
-3.57412
-3.44985
-2.67531
-3.55441
-2.60014
-3.45525
-2.5594
-3.56042
-3.15234
-3.32762
-3.23597
-3.71844
-3.44968
-3.68043
-3.48803
-4.03165
-4.19332
-3.76674
-3.89302
-3.78895
-3.5693
-3.81818
-3.63633
-4.13893
-3.61422
-4.09306
-3.81546
-4.06542
-3.82248
-3.43835
-2.83479
-3.54897
-2.72086
-3.44893
-2.99105
-3.56511
-3.45256
-3.20933
-3.57878
-2.74176
-3.49277
-3.12294
-3.56682
-3.35115
-3.45987
-3.49562
-3.41277
-3.28953
-3.29314
-3.44892
-3.78894
-3.94324
-3.84025
-3.77389
-3.8049
-3.82662
-3.74296
-3.76825
-3.87227
-3.85629
-3.70945
-3.56493
-3.66199
-3.70738
-3.69096
-3.24263
-3.57917
-2.87243
-3.60093
-3.27758
-3.54346
-3.74251
-3.2705
-3.38665
-2.87384
-3.72482
-3.283
-3.52044
-3.03413
-2.93883
-3.12458
-3.21087
-2.9463
-3.10932
-3.04845
-3.64447
-3.24204
-3.44447
-3.4452
-3.50019
-3.56639
-3.25747
-2.94593
-3.11146
-3.19693
-3.3201
-2.84364
-3.11959
-3.1601
-3.50097
-3.22087
-3.32989
-2.69319
-3.65296
-3.13548
-3.10984
-3.2454
-2.85848
-2.72479
-2.63707
-2.97527
-3.01889
-3.01882
-2.24655
-2.0355
-2.28228
-2.36037
-2.08905
-2.34413
-2.09193
-2.7036
-2.21776
-2.44806
-2.57338
-2.72131
-2.86047
-2.36259
-1.9133
-2.05786
-2.18636
-2.28417
-1.84846
-1.99055
-2.22713
-2.54554
-2.63214
-2.61247
-2.07864
-2.775
-2.38221
-2.27555
-2.28444
-1.90632
-1.79072
-1.97833
-2.00752
-2.15643
-2.14988
-1.26664
-1.04229
-1.01102
-1.26181
-1.03641
-1.29192
-1.30199
-1.64752
-1.11014
-1.37392
-1.43188
-1.70793
-1.71442
-1.32596
-0.866197
-0.962602
-0.837938
-1.12453
-0.916659
-1.17974
-1.19091
-1.45432
-1.66403
-1.65861
-1.24183
-1.73494
-1.40618
-1.29328
-0.916895
-0.814009
-0.929627
-1.20074
-1.13034
-1.17796
-1.16417
-5.11186
-5.08349
-4.42167
-3.1453
-14.042
-3.48024
-3.71029
-2.36241
-3.99051
-7.84707
-4.39087
-2.66495
-4.50328
-4.47587
-5.89799
-7.14891
-5.32787
-0.196842
-5.36284
-4.20825
-3.44755
-4.2669
-4.14194
-5.30397
-4.28699
-8.69117
-6.11034
-4.14724
-4.77074
-3.73897
-7.37874
-7.68938
-8.55694
-7.12372
-16.6473
-4.68215
-3.88767
-4.85502
-17.5063
-4.79641
-4.51839
-4.25283
-4.84541
-4.63101
-4.17926
-4.91671
-6.70956
-13.3797
-3.46307
-5.10442
-3.3502
-17.7662
-6.17034
-5.11929
-4.5856
-5.14961
-4.20101
-3.16948
-3.79545
-3.8092
-5.18394
-4.19395
-6.16831
-4.39305
-3.98484
-4.89235
-4.4083
-4.8191
-6.21276
-5.18511
-3.6916
-3.87208
-3.23348
-4.92057
-3.89814
-4.23916
-6.27025
-4.88266
-4.28626
-4.06936
-4.48723
-6.35911
-4.86118
-5.12978
-5.16298
-5.06535
-4.26375
-3.70326
-4.32626
-3.5275
-4.25466
-4.99324
-5.25851
-4.17966
-5.05844
-10.6634
-4.10395
-10.5022
-5.42261
-5.19328
-10.8395
-4.30754
-5.13909
-4.18362
-5.46454
-10.5697
-0.458192
-0.333668
-0.172932
-0.407229
-0.490904
-0.274646
-0.356038
-0.573808
-0.689471
-0.705522
-0.639835
-0.66659
-0.597901
-0.624439
-0.467377
-0.420064
-0.413699
-0.524174
-0.498682
-0.363311
-0.492349
-0.153805
-0.0734014
-0.105322
-0.286761
-0.00519442
-0.257235
-0.197936
-0.0634392
-0.0490835
-0.0881645
-0.134157
-0.0552901
-0.133367
-0.0603306
-0.192985
-0.274675
-0.301355
-0.233534
-0.264922
-0.230741
-0.218897
-0.702874
-0.780717
-0.78555
-0.710784
-0.77741
-0.69066
-0.696124
-0.559492
-0.570736
-0.491391
-0.493373
-0.498265
-0.580377
-0.554842
-0.542434
-0.478887
-0.576417
-0.47507
-0.55762
-0.48313
-0.557211
-0.0560207
-0.116111
-0.147343
-0.159233
-0.0626939
-0.163668
-0.157726
-0.295514
-0.283263
-0.358949
-0.31061
-0.312308
-0.293707
-0.290861
-0.281894
-0.311997
-0.285178
-0.342576
-0.281747
-0.300982
-0.273122
-0.247952
-0.0641767
-0.234715
-0.288773
-0.146765
-0.329764
-0.200628
-0.116846
0.0144994
-0.169978
-0.0669028
-0.117861
-0.0586277
-0.144206
-0.236558
-0.374053
-0.257416
-0.168081
-0.135537
-0.311297
-0.270888
-0.713177
-0.737852
-0.588763
-0.789604
-0.616278
-0.845757
-0.674264
-0.552791
-0.518905
-0.363001
-0.451822
-0.50407
-0.566086
-0.434599
-0.610267
-0.45363
-0.498125
-0.390557
-0.530192
-0.56238
-0.482681
-0.154052
-0.00483282
-0.185676
-0.062541
-0.227552
-0.0719383
-0.125977
-0.22201
-0.152287
-0.344737
-0.341616
-0.147345
-0.331691
-0.229468
-0.269822
-0.341706
-0.15151
-0.349117
-0.163718
-0.244908
-0.375029
10.1201
10.0598
10.1467
10.1043
9.90137
10.0079
10.0283
10.1152
9.97784
10.1497
10.0619
10.1131
9.80423
10.0119
9.98867
9.89289
9.81076
9.54479
9.62768
9.47824
9.751
9.64856
9.58054
9.49963
9.8005
9.62849
9.38882
9.71969
9.54542
9.82365
9.68793
9.60067
9.73939
9.62869
9.43837
9.1769
9.52504
9.41705
9.55486
9.44803
9.64655
9.79937
9.69374
9.56442
9.85069
10.0336
9.81704
9.6718
9.8991
9.72665
9.37278
9.47409
9.4043
9.42341
9.42859
9.33224
9.22332
9.13296
9.19615
9.19733
9.42172
9.58577
9.4502
9.21506
9.68479
9.1459
9.419
9.26054
9.41218
9.42016
9.40776
9.42487
9.31203
9.30278
9.12272
8.99666
8.97244
9.12913
9.17269
9.0267
9.14159
9.15273
9.12605
9.20745
9.08176
9.14967
9.19592
9.06236
8.49812
8.47932
8.57577
8.8994
8.76984
8.85416
8.77016
8.76714
8.79347
8.78333
8.70519
8.83962
8.71277
8.48079
8.31621
8.49262
8.46075
8.43305
8.42859
8.58179
8.76555
8.90018
8.82537
8.75744
8.74764
8.84997
8.83693
8.86646
9.28551
9.35011
8.97899
9.18844
8.75666
9.06687
9.06696
9.03338
8.62102
8.3746
8.98739
8.43871
8.10781
8.90133
8.77619
9.09133
9.49329
9.36764
8.95684
9.39603
8.99863
9.05156
8.82952
9.04335
9.32339
8.74769
9.08656
8.99783
9.0072
9.12654
9.42744
9.0446
9.05044
8.91005
8.96416
9.3053
8.98862
8.85381
9.39709
8.91286
9.00604
9.11464
9.1438
9.36083
9.16819
8.96725
8.71454
9.04584
7.68641
8.79174
8.582
8.64709
8.75611
8.70765
8.7096
8.66427
8.69927
8.31212
8.2598
8.09676
8.07661
8.20856
8.21167
8.22474
8.51718
8.51336
8.42436
8.71865
8.65705
8.70412
8.43135
8.50746
8.53321
8.24252
8.9812
8.29585
8.8218
8.54416
8.35049
8.036
8.14451
7.57887
7.96391
7.93618
8.41928
8.16419
8.87744
8.16774
8.09636
8.01895
8.09864
7.92699
7.65274
8.16049
8.52434
8.17988
8.28647
8.58274
6.51969
8.46872
8.6139
8.497
8.34804
8.1041
8.88008
8.48931
8.25832
8.64954
7.76733
7.8975
7.565
8.26843
7.88979
7.26903
6.37852
7.35858
6.95826
7.03189
6.67773
7.52288
7.60025
7.61723
7.28706
6.58692
6.73107
7.28636
6.60169
7.4845
6.68328
7.31678
6.91128
7.47354
7.3226
6.92636
7.62212
7.36611
7.03605
6.63597
6.49316
6.33233
7.28892
6.92422
7.70721
7.1495
7.37591
7.07315
7.25106
6.85734
6.73346
6.59851
6.72329
6.49829
6.86021
6.38019
6.5672
7.05409
6.78365
7.42793
7.4305
6.77172
7.66849
6.95584
6.63487
6.32394
5.59426
6.66636
6.39388
6.63036
6.44807
6.81416
6.26773
6.06037
6.19103
6.56889
6.68572
6.27949
7.92958
6.63154
6.28314
5.66728
6.57925
1.46256
5.94779
6.64556
6.99548
6.565
5.74311
6.07707
6.20042
5.91235
6.39394
6.15176
6.02055
6.19049
6.9035
6.30285
6.02037
5.91966
5.83698
6.21701
5.80166
6.07665
5.81561
6.06764
5.3021
4.84142
4.98334
4.84065
5.15793
5.02134
5.17939
5.84938
5.89519
5.66439
5.91805
5.73799
6.00126
5.74896
5.3297
5.84385
5.31181
4.35329
5.60012
5.62847
5.16055
4.97821
4.71108
4.92724
4.72401
4.77263
4.57165
5.10269
5.46225
5.78111
5.33049
5.5145
5.73301
5.66395
5.62554
5.29957
5.58724
5.61702
5.58158
6.21507
6.50064
6.21153
5.59149
5.60002
5.15636
4.48241
5.43532
4.70229
4.43975
5.43029
5.17786
5.54085
5.542
5.36687
6.15817
6.26264
5.64038
5.96362
5.33554
5.63895
4.86708
5.50098
4.46551
4.59558
4.14955
5.22078
5.21614
4.45014
5.12514
4.32829
5.10297
4.44363
5.11015
4.07358
4.52824
4.85616
4.2263
4.91631
4.60896
4.96677
5.20148
5.39929
-0.582413
5.693
5.00633
5.28904
4.25563
4.88729
3.94198
4.98968
3.70065
4.35823
4.08017
4.84722
5.1659
4.80388
5.75804
5.0209
4.7512
5.43132
4.48202
4.52747
3.73505
4.05913
4.12058
4.69681
3.95661
4.61082
6.61758
5.85968
3.91221
-2.63635
4.24189
3.49544
4.04601
3.61373
3.62752
4.33744
3.82538
2.9946
3.59402
4.31219
3.22891
2.94748
4.02056
3.31784
3.47783
2.9734
3.52239
3.68317
3.3537
3.64173
3.31506
2.9764
2.768
2.9277
2.5841
3.09038
2.55989
2.76086
2.89338
2.56725
2.24152
2.60837
2.40404
2.7721
2.70847
2.70204
3.05768
3.41223
2.44993
3.47539
2.58219
2.44934
2.99695
2.46308
3.47277
3.53186
3.89351
3.16156
3.17757
2.43759
0.28
2.11109
2.64016
1.77563
2.23008
2.42958
2.55354
2.53404
2.1024
2.2637
1.77209
2.70564
2.36468
1.89304
1.60718
2.24628
1.80329
1.99706
1.56201
2.1297
1.24016
0.569085
0.869061
0.809722
0.939124
0.87747
1.13005
1.838
1.96341
1.73092
1.49985
1.58131
2.07886
1.74488
1.50476
1.86725
1.56948
1.08328
1.49811
1.66063
1.43821
0.914181
0.576255
0.844203
0.738499
0.75707
0.666807
1.1015
1.54786
1.90844
1.25399
1.49105
1.53608
1.75298
1.68682
0.492504
1.65938
1.3019
0.958189
1.1216
0.631492
0.771523
0.569094
0.601575
-0.047601
-0.300629
0.861415
-0.101484
-0.587658
0.283596
0.571517
0.655847
1.83215
1.35581
0.816369
1.31509
0.790672
0.66846
0.424569
0.746403
1.89685
1.30763
1.45436
1.71154
1.23396
2.33265
2.55243
2.16911
1.2318
1.88818
2.03664
2.88677
2.06367
1.76922
2.36625
1.68308
1.77526
1.57446
2.29671
2.04347
1.692
2.0529
1.25696
2.75703
-6.47578
1.80152
1.15697
1.18984
1.43105
0.597521
1.29059
1.33054
1.61628
0.551053
0.904731
0.27365
-0.519134
0.434675
0.412225
-0.165604
1.02635
1.01125
-1.00866
1.91565
1.27163
0.850756
1.45568
0.0889791
0.578411
0.406772
1.15111
0.19765
0.650544
0.418272
-0.311986
-0.533484
0.148503
-0.572274
-0.660275
-0.475016
0.12201
0.191185
3.39317
0.30721
0.485667
0.149326
-0.517023
0.0476208
0.31115
-2.22196
0.226309
0.120615
0.796992
1.08046
-8.14458
1.00613
0.971925
0.720181
1.78339
-0.707896
0.190832
-0.246813
-0.578131
-0.0310805
-1.01041
-0.510366
-0.739734
-0.444786
-0.775863
-1.71973
-2.80879
-2.09076
-2.25003
-2.42181
-2.59459
-1.42043
-1.77417
-1.81164
-2.31383
-3.02693
-2.90587
-3.04861
-2.26465
-1.65398
-2.68573
-2.23295
-2.49597
-2.29492
-2.51932
-1.62578
-1.55746
-1.8778
-2.42164
-2.79164
-2.95535
-3.13178
-2.18062
-1.28294
-0.110359
-1.06777
-0.134068
-0.951479
-0.94895
-1.19649
-1.55538
-2.20024
-1.45722
-1.71296
-1.40622
-2.58383
-1.65679
-1.69287
-1.91375
-0.889822
-1.58217
-1.62115
-1.01186
-2.10639
-1.67986
-1.94945
-4.44305
-1.23091
-2.60938
-1.70957
-1.81085
-2.00424
-2.64455
-2.55736
-2.7963
-1.95252
-2.5223
-2.68938
1.71085
-1.88524
-2.14813
-3.11273
-1.16046
-12.3647
-2.38318
-1.96434
-1.93964
-2.65782
-3.06467
-3.03018
-2.68591
-3.2872
-1.99112
-2.2526
-3.25001
-1.95555
-1.06804
-2.07128
-2.38718
-2.19431
-2.09568
-1.98259
-2.7435
-2.04977
-2.07073
-2.15373
-2.72669
-2.75337
-2.78022
-3.2875
-2.59028
-2.99258
-2.89285
-2.30473
-2.4438
-2.97416
-1.73905
-2.15508
-2.30244
-2.41095
-3.2201
-2.01643
-3.44376
-5.57263
-2.49485
-3.0325
-3.63926
-3.36139
-2.99155
-2.9187
-3.63168
-3.12219
-3.88645
-3.11766
-2.92448
-2.66521
-3.66922
-2.6798
-2.20787
-2.84375
-2.69472
-5.11769
-4.58136
-5.14975
-4.19669
-3.78978
-3.16788
-3.80705
-5.18154
-4.19419
-6.16979
-4.39282
-4.89359
-3.9852
-4.40993
-6.21426
-4.81818
-5.1286
-5.159
-5.18367
-3.68726
-3.23125
-3.86834
-3.89626
-4.23837
-4.91741
-6.2678
-4.87822
-4.06577
-4.28196
-4.48654
-4.85616
-6.35529
-5.26078
-4.18225
-10.6749
-5.06052
-4.10396
-5.42986
-10.5063
-5.05715
-4.25795
-3.69434
-4.31994
-4.24924
-4.98562
-3.51662
-5.18411
-10.8358
-5.135
-4.30156
-4.17775
-10.5635
-5.45742
-5.10769
-5.07007
-4.42046
-3.14363
-3.47797
-14.0397
-3.9898
-3.70444
-2.35934
-7.84685
-4.38721
-4.49827
-2.65761
-4.47273
-7.14456
-5.89306
-5.3597
-4.194
-4.25566
-3.44552
-4.286
-5.29246
-4.13771
-8.68668
-6.09884
-4.75991
-4.14033
-3.7352
-7.67681
-7.37253
-5.32441
-0.193262
-4.78484
-4.50496
-4.23974
-4.834
-4.16611
-4.90382
-4.61593
-8.54823
-7.11422
-4.67545
-16.632
-3.87786
-17.5103
-4.84853
-6.69912
-13.3693
-5.09242
-3.45502
-3.33896
-6.15844
-17.7599
-3.35575
-3.1013
-3.4066
-2.94344
-3.25136
-2.94527
-3.39436
-3.11517
-3.86626
-3.25992
-3.63037
-3.54665
-3.22772
-3.06531
-3.52702
-3.53582
-2.99839
-2.99951
-2.91054
-3.51712
-3.4389
-3.559
-3.31633
-3.40521
-2.83764
-3.5554
-3.36518
-3.4409
-3.57986
-3.99847
-3.67648
-3.42553
-3.51094
-3.55778
-3.68399
-3.67576
-3.54956
-3.03021
-3.49606
-3.54824
-3.58636
-3.67871
-4.00528
-4.10074
-3.78177
-4.06027
-4.24695
-4.22953
-3.60248
-4.20944
-4.75231
-4.30987
-4.57945
-4.37564
-4.4116
-4.85756
-3.72217
-3.93258
-3.56141
-3.95179
-3.92851
-3.71671
-3.8361
-4.10866
-3.92254
-4.11931
-3.84802
-3.49957
-4.00256
-4.15454
-4.46308
-4.39672
-4.18121
-4.60904
-4.20798
-4.36966
-4.50122
-4.23183
-3.8944
-3.82258
-3.58635
-3.77428
-4.06707
-4.03128
-3.42217
-3.59925
-3.48666
-3.8903
-3.40833
-3.64046
-3.49906
-3.65794
-3.7583
-3.54183
-4.1072
-4.16101
-3.55915
-3.6484
-3.53302
-3.59984
-3.99366
-3.73895
-3.77877
-3.60757
-3.52022
-3.44823
-3.63192
-3.39777
-3.58167
-3.43798
-3.65356
-3.40889
-3.52257
-3.56759
-3.53422
-3.61403
-3.60595
-3.52544
-3.52715
-3.56076
-3.52201
-3.69681
-3.72251
-3.72922
-3.52826
-3.55982
-4.06948
-3.86671
-3.99667
-4.44669
-4.2419
-4.00226
-4.08464
-4.16686
-4.20762
-4.1553
-4.20481
-4.10708
-4.1483
-4.21117
-3.92784
-4.01828
-4.16971
-4.31864
-4.0248
-3.95085
-3.99738
-3.85194
-3.99893
-3.8728
-3.9734
-3.96428
-3.85802
-3.87401
-4.07199
-4.21248
-4.11501
-4.15755
-4.12544
-4.08422
-4.14313
-3.93192
-3.89702
-4.24868
-4.03279
-4.21694
-3.94187
-3.87845
-3.36841
-3.36714
-3.34712
-3.3448
-3.36235
-3.37826
-3.35305
-3.50389
-3.53725
-3.52597
-3.51885
-3.48983
-3.5152
-3.51744
-3.49363
-3.49217
-3.43941
-3.51592
-3.48283
-3.47343
-3.50991
-3.31428
-3.28951
-3.33021
-3.33044
-3.30837
-3.29983
-3.33633
-3.3974
-3.34489
-3.3894
-3.42066
-3.37513
-3.42063
-3.3646
-3.42967
-3.47674
-3.43308
-3.44
-3.39675
-3.45612
-3.45202
-3.832
-3.88246
-3.83435
-3.83345
-3.85884
-3.83678
-3.82525
-3.93651
-3.95247
-3.95879
-3.8985
-3.98039
-3.90759
-3.94997
-3.80035
-3.77399
-3.78741
-3.77209
-3.79996
-3.79658
-3.78015
-3.64004
-3.58851
-3.59968
-3.61709
-3.61865
-3.64387
-3.5968
-3.81288
-3.77915
-3.90423
-3.82831
-3.86411
-3.85816
-3.76355
-3.70592
-3.73703
-3.67711
-3.7167
-3.68946
-3.70324
-3.7382
-3.11652
-3.10641
-3.06628
-3.08548
-3.1107
-3.11791
-3.07215
-3.27282
-3.29707
-3.33839
-3.31879
-3.26856
-3.31345
-3.29887
-3.19956
-3.17584
-3.15606
-3.24251
-3.19133
-3.14963
-3.22482
-2.93633
-2.94633
-2.98409
-2.99951
-2.93033
-2.95876
-2.99009
-2.88573
-2.83309
-2.84186
-2.94196
-2.88952
-2.90997
-2.81696
-2.99655
-3.08143
-3.05476
-3.06153
-3.00894
-3.0563
-3.02233
-3.45341
-3.49744
-3.51751
-3.46287
-3.45982
-3.50815
-3.46199
-3.39398
-3.33754
-3.33537
-3.18679
-3.42833
-3.29972
-3.28921
-3.33905
-3.28878
-3.35793
-3.29662
-3.34637
-3.35439
-3.27354
-2.91345
-2.87991
-2.86111
-2.97109
-2.95026
-2.94341
-2.83147
-3.0776
-3.00707
-3.20667
-3.05582
-3.10543
-3.18062
-2.94496
-3.06269
-3.16056
-3.1169
-3.16241
-3.10303
-3.08564
-3.13756
-2.46049
-2.4711
-2.37634
-2.41441
-2.45433
-2.48487
-2.38278
-2.61597
-2.69852
-2.71514
-2.68518
-2.63463
-2.6921
-2.6391
-2.47921
-2.41726
-2.41412
-2.53513
-2.48618
-2.3969
-2.50029
-2.16167
-2.17539
-2.23884
-2.26769
-2.15496
-2.18875
-2.24514
-2.00914
-1.92449
-1.9314
-2.05294
-2.01497
-2.02355
-1.91837
-2.16285
-2.26814
-2.25785
-2.21404
-2.17486
-2.25007
-2.17971
-2.58536
-2.71383
-2.70947
-2.65784
-2.63454
-2.67332
-2.62171
-2.44568
-2.34711
-2.34625
-2.14379
-2.45772
-2.33063
-2.26757
-2.41906
-2.36891
-2.49059
-2.3712
-2.45974
-2.46147
-2.32668
-1.88576
-1.82381
-1.84265
-1.96679
-1.92354
-1.93869
-1.79021
-2.07041
-1.94954
-2.19572
-1.98739
-2.0841
-2.18547
-1.86185
-2.06024
-2.2031
-2.13601
-2.19429
-2.09946
-2.10801
-2.15516
-1.52994
-1.5329
-1.43488
-1.45275
-1.5244
-1.54463
-1.44029
-1.66792
-1.76396
-1.77078
-1.70089
-1.67018
-1.76009
-1.67742
-1.50848
-1.4232
-1.41653
-1.54068
-1.51135
-1.41735
-1.51594
-1.19514
-1.19261
-1.27771
-1.29583
-1.19002
-1.20324
-1.28294
-1.01486
-0.926007
-0.931569
-1.03765
-1.01716
-1.01968
-0.9326
-1.17077
-1.26347
-1.26099
-1.1875
-1.16719
-1.25846
-1.17347
-1.52324
-1.65383
-1.67391
-1.6002
-1.55347
-1.61728
-1.579
-1.40592
-1.25099
-1.3125
-1.04017
-1.4184
-1.2958
-1.15444
-1.35362
-1.31985
-1.44031
-1.28876
-1.3898
-1.41194
-1.26236
-0.871878
-0.807183
-0.842228
-0.946378
-0.902356
-0.923067
-0.772719
-1.05013
-0.875522
-1.17026
-0.89928
-1.06912
-1.15273
-0.794555
-1.0147
-1.16052
-1.08667
-1.13795
-1.04063
-1.07389
-1.10362
-0.559299
-0.570949
-0.493461
-0.491272
-0.580151
-0.554895
-0.498117
-0.704245
-0.782139
-0.786881
-0.712077
-0.697593
-0.778865
-0.691771
-0.543249
-0.479695
-0.476435
-0.57724
-0.558156
-0.4841
-0.558383
-0.295319
-0.283462
-0.310486
-0.358625
-0.290877
-0.311926
-0.293595
-0.0548874
-0.117225
-0.148607
-0.158467
-0.0611476
-0.158908
-0.163038
-0.282392
-0.311731
-0.34266
-0.286269
-0.300968
-0.282228
-0.274257
-0.575139
-0.690616
-0.707146
-0.641533
-0.668303
-0.625718
-0.598933
-0.459969
-0.334944
-0.409447
-0.174427
-0.275771
-0.357597
-0.492254
-0.468387
-0.420675
-0.525342
-0.414184
-0.493158
-0.363815
-0.499305
-0.0622464
-0.0500582
-0.0893704
-0.134024
-0.0541295
-0.061686
-0.133021
-0.155954
-0.0746126
-0.287035
-0.106143
-0.00669574
-0.257869
-0.199736
-0.193592
-0.274773
-0.234489
-0.30129
-0.231456
-0.264974
-0.219427
-2.93826
-2.87696
-2.9513
-2.93202
-3.01464
-2.6298
-2.64764
-2.7489
-2.61551
-2.71168
-3.04649
-2.92965
-2.83817
-2.92918
-2.90787
-2.97672
-2.9892
-2.78317
-2.8074
-3.05743
-3.11493
-2.99487
-3.11827
-2.98053
-3.04865
-3.13315
-2.7706
-2.63118
-2.62783
-2.72055
-2.57077
-2.69111
-2.81004
-3.02255
-3.00935
-3.13475
-3.30398
-3.22247
-3.23444
-3.44392
-3.41267
-3.27225
-3.38529
-3.47253
-3.06602
-3.37733
-3.21595
-3.39634
-3.46026
-3.19496
-3.42984
-3.2685
-3.46453
-3.36052
-3.47363
-3.45004
-3.33464
-3.42616
-3.42593
-3.30071
-3.34494
-3.39021
-3.44428
-3.30168
-3.25328
-3.29368
-3.16821
-3.19406
-3.4205
-3.31056
-3.44418
-3.21367
-3.25521
-3.24972
-3.17049
-3.30476
-3.14918
-3.18274
-3.24759
-3.27542
-3.33134
-3.22204
-3.29703
-3.30767
-3.46379
-3.46028
-3.46326
-3.40938
-3.46728
-3.44469
-3.44389
-3.48159
-3.41887
-3.23134
-3.29027
-3.46077
-3.42445
-3.38179
-3.46612
-3.44571
-3.44325
-3.41707
-0.541111
-0.307976
-0.4009
-0.356464
-0.431724
-0.483836
-0.45187
-0.652326
-0.652236
-0.831649
-0.615204
-0.748057
-0.551772
-0.712193
-0.522732
-0.486444
-0.341345
-0.51694
-0.445762
-0.435559
-0.598651
-0.248887
-0.0652886
-0.28926
-0.234911
-0.147412
-0.202324
-0.330018
-0.116465
0.0141486
-0.0674582
-0.168834
-0.0594263
-0.116907
-0.143843
-0.237602
-0.374172
-0.257395
-0.168526
-0.136159
-0.311778
-0.271502
-0.715198
-0.739378
-0.79191
-0.589942
-0.848
-0.617485
-0.676399
-0.55478
-0.519741
-0.453598
-0.363733
-0.5049
-0.436381
-0.568111
-0.611699
-0.455102
-0.498772
-0.39116
-0.530895
-0.563867
-0.48407
-0.153976
-0.00483187
-0.0632088
-0.18447
-0.0724812
-0.226462
-0.125905
-0.223161
-0.152558
-0.342836
-0.34477
-0.147618
-0.332848
-0.2306
-0.270637
-0.342408
-0.15193
-0.349031
-0.16398
-0.245869
-0.375723
9.2606
9.4122
9.41115
9.41673
9.30552
9.42706
9.30975
9.11981
8.99731
9.13504
8.97423
9.13811
9.17369
9.02976
9.14725
9.20813
9.08902
9.13638
9.19109
9.15059
9.06564
9.41868
9.58203
9.443
9.20815
9.41586
9.13855
9.68142
8.45947
8.49297
8.52544
8.78262
8.88025
8.85433
8.77205
8.77315
8.78708
8.78788
8.71793
8.83711
8.71736
8.47669
8.31559
8.44993
8.51467
8.42383
8.41683
8.55899
8.78538
8.82773
8.77244
8.90222
8.75886
8.84052
8.86014
9.56224
9.84794
10.0337
9.81878
9.72892
9.67029
9.89608
8.58043
8.65145
8.70669
8.75399
8.69664
8.71037
8.66674
8.30829
8.2515
8.07024
8.08565
8.20141
8.20607
8.22204
8.51484
8.42326
8.71616
8.50987
8.70136
8.65597
8.42711
8.15714
8.87546
8.16248
8.0843
8.09053
8.008
7.91457
7.64253
8.15548
8.28028
6.50299
8.46378
8.57874
8.60885
8.49209
8.34304
8.50164
8.97625
8.52146
8.23116
8.81623
8.53954
8.28451
8.34336
8.02579
8.13145
7.55961
8.41115
7.95311
7.92108
8.51805
8.16652
9.83685
9.73796
9.59575
9.46348
9.80699
9.77955
9.63387
9.80873
9.42631
9.58673
9.7743
9.46891
9.60243
9.37566
9.4484
9.79006
9.24441
9.80606
9.643
9.66042
9.20985
9.60127
9.76838
9.81736
9.55587
9.42843
9.06605
9.03197
9.09127
9.36661
8.95586
9.49375
9.05082
9.39597
8.99856
8.86468
9.28439
9.34948
8.97884
9.06654
9.18676
8.75524
8.61852
8.37197
8.98533
8.43445
8.7742
8.1053
8.89865
8.82744
9.04211
4.94628
5.17792
-0.640624
5.37517
4.98236
5.26433
5.67643
4.2352
4.87009
4.96594
3.92177
4.05826
3.67727
4.33614
4.58545
6.60075
4.90699
4.59554
4.83762
5.74395
5.14994
4.792
5.0112
5.41798
4.73742
4.4711
4.04927
4.51149
3.72295
3.94816
4.68524
4.10724
5.84587
-2.67183
3.89536
4.21915
3.47449
3.6214
4.03072
3.59931
4.32778
3.81912
5.61098
5.57918
6.21273
6.49471
5.58469
5.59748
6.20562
5.1514
4.48048
5.4322
4.69788
5.17515
5.42518
4.4346
5.5344
5.53967
5.28477
5.57179
5.35339
6.24993
6.14337
5.62539
5.3213
5.62399
5.95067
4.85386
4.4523
5.48601
4.58535
5.20117
5.20683
4.1361
4.44737
5.12197
4.32291
5.09772
4.43922
4.05948
5.09452
4.51428
4.84118
4.21199
2.98142
2.45037
3.52108
3.45274
3.15954
3.88541
3.14563
2.42015
0.274926
2.63812
2.10352
2.41425
1.77008
2.21945
2.53241
2.09309
2.26199
2.518
2.68339
1.76431
2.35438
2.69978
3.05543
3.39914
2.43891
2.44872
3.47156
2.57022
1.89229
1.63279
1.82261
2.20797
2.00821
2.10763
1.59373
1.1731
0.623612
0.804867
0.878915
1.02538
0.884633
1.02428
1.89144
1.74758
1.52845
1.88293
2.01367
1.62384
1.73819
1.49711
1.87346
1.08764
1.55178
1.51567
1.63895
1.43909
0.906647
0.59243
0.742357
0.908987
0.756961
0.667381
1.05433
1.56385
1.25386
1.51666
1.87028
1.55188
1.72174
1.70281
2.98142
3.58051
4.29847
3.21774
4.00681
3.30548
2.93554
1.15565
1.20132
0.600872
1.41912
1.32198
1.62111
1.2958
0.543559
0.91635
-0.511971
0.275691
0.439721
-0.159627
0.408229
1.02762
-1.00207
1.91926
1.00941
1.2649
1.46217
0.850468
0.188597
3.39044
0.304497
0.491232
-0.510602
0.150568
0.0487653
-2.21204
0.307823
0.797662
-8.12084
1.01117
1.07551
1.78474
0.9645
0.72063
0.0928768
1.15685
0.565226
0.392994
0.656377
0.421313
0.184273
-0.303696
-0.528001
0.138246
-0.590724
-0.652285
-0.491411
0.130382
0.229748
0.104415
3.06659
2.6929
2.24933
1.97272
3.08451
2.64843
2.23554
2.60857
1.86095
1.93986
2.64854
1.84352
2.38221
1.76424
1.97047
2.62294
1.62661
3.17059
2.85903
2.87773
1.71897
2.36701
2.73453
3.16906
2.38788
2.03045
0.570259
0.597237
0.656795
1.352
0.812434
1.83406
0.664651
1.31627
0.792575
0.48794
1.65305
1.29454
0.955647
0.767606
1.11418
0.628427
-0.0508857
-0.303991
0.857753
-0.106145
-0.590249
0.278502
0.568368
0.419126
0.740513
-1.00231
-0.523732
-0.753768
-0.770233
-0.435663
-0.711928
0.186123
-0.251126
-0.0344704
-0.581753
1.70975
-1.88701
-2.15297
-1.16059
-3.11439
-12.3603
-2.38183
-1.99389
-3.24711
-1.95461
-2.24999
-2.07123
-1.06766
-2.38588
-2.65897
-3.02997
-3.07682
-3.28413
-2.70122
-2.00434
-2.79045
-2.56911
-2.66005
-2.52156
-2.68759
-1.96456
-1.9783
-1.93663
-2.165
-2.09616
-2.74749
-1.9969
-2.01598
-2.16658
-2.07095
-2.72188
-2.75658
-3.28526
-2.7851
-2.59594
-2.98847
-2.89271
-2.30005
-2.97498
-1.73814
-2.44962
-2.30706
-2.14984
-2.40838
-3.21978
-2.01781
-5.57125
-3.44467
-2.49514
-3.63996
-3.03438
-3.36245
-2.99239
-3.6294
-2.92145
-3.12413
-3.88612
-3.11765
-2.92398
-3.66885
-2.67782
-2.6681
-2.20789
-2.84621
-2.69277
-1.4963
-0.463672
-1.74432
-1.09597
-1.46815
-0.495224
-1.75779
-1.58247
-1.23015
-1.57685
-0.315273
-1.26325
-0.608582
-1.84455
-1.7801
-1.81253
-2.3155
-2.90711
-3.03231
-2.27173
-3.04818
-2.42321
-2.95668
-2.79467
-2.18484
-3.13238
-1.65601
-2.23915
-2.50187
-2.68403
-1.63219
-2.2936
-2.51959
-1.72229
-2.25333
-2.80752
-2.09372
-1.42441
-2.42154
-2.5954
-1.56066
-1.87898
-3.51081
-3.09515
-3.24358
-3.42709
-3.44451
-3.50424
-3.2214
-3.48
-3.30316
-3.39298
-3.50977
-3.51968
-3.37019
-3.49568
-3.46925
-3.33096
-3.3762
-3.46818
-3.43244
-3.33159
-3.48704
-3.34148
-3.46223
-3.48742
-3.20331
-3.29219
-3.33268
-3.22689
-3.51019
-3.50056
-3.44572
-3.51187
-3.51481
-3.48074
-3.49196
-3.52873
-3.45787
-3.50597
-3.41656
-3.50253
-3.46795
-3.45456
-3.49001
-3.48726
-3.24875
-3.20527
-3.2946
-3.28691
-3.18487
-3.21616
-3.34325
-3.28874
-3.32233
-3.31608
-3.36737
-3.26587
-3.33503
-3.34353
-3.27067
-3.32907
-2.65493
-2.75547
-2.63859
-2.62417
-2.71976
-2.96291
-2.90227
-2.97658
-2.95581
-3.0382
-2.79086
-2.81447
-2.77892
-2.63542
-2.7274
-2.63962
-2.81696
-2.57961
-2.69905
-3.07074
-2.95332
-2.86712
-2.95448
-3.01609
-2.93282
-3.00043
-3.08126
-3.1383
-3.02424
-3.14491
-3.00435
-3.07571
-3.15681
-3.04608
-3.03732
9.54273
9.75075
9.47715
9.50008
9.64816
9.5775
9.59926
9.798
9.71746
9.62294
9.68675
9.82059
9.53942
9.80832
9.6296
9.17549
9.43753
9.41544
9.52263
9.64458
9.44203
9.54837
9.69138
9.79653
10.1199
10.06
10.1466
9.89939
10.1045
10.0061
10.0279
10.1149
9.97795
10.0617
10.1493
9.80154
10.0123
10.1133
9.89035
9.98619
7.75685
7.9526
7.86895
7.76646
7.65219
7.58919
7.85049
6.99055
7.35735
7.42483
7.49772
7.03065
7.15263
7.16378
5.0214
4.79207
4.66991
5.43041
4.52991
5.3138
5.13482
4.22565
4.30522
3.9404
4.67951
3.89066
4.56131
4.41498
0.0471187
1.09869
0.586453
0.792927
0.55777
0.793891
0.0147272
0.163031
0.530077
0.190194
0.666177
0.140598
0.647159
0.150885
0.0227359
0.365182
0.232691
0.0635142
-0.246432
-0.281902
0.134226
-0.437219
-0.0480211
-0.171007
-0.276833
-0.345662
-0.442755
-0.14114
-3.14139
-3.44843
-3.5252
-3.43033
-2.94457
-3.08829
-3.32042
-3.05604
-2.53315
-2.77539
-2.8952
-2.74422
-2.79629
-3.13607
-2.79952
-2.50478
-2.68015
-2.57932
-2.67965
-2.55545
-2.85251
-2.60946
-2.64905
-2.75246
-2.50737
-2.75923
-2.5291
-2.62127
-2.98241
-2.70804
-2.84559
-2.72822
-2.86178
-2.91511
-2.611
-4.5379
-4.24601
-4.42378
-3.41103
-3.30806
-3.12169
-3.50486
-4.1967
-3.84703
-4.7108
-4.25005
-4.23462
-4.14646
-3.73243
-3.87955
-4.2592
-4.12412
-4.25761
-4.14276
-4.28607
-3.81215
-4.07556
-4.04658
-4.0268
-3.97567
-4.01004
-3.97834
-4.05133
-3.65514
-3.44773
-3.58225
-3.62566
-3.49895
-3.53597
-3.73655
-2.69075
-2.48441
-2.69065
-2.7273
-2.57742
-2.61831
-2.79819
-1.65102
-1.37356
-1.62385
-1.69026
-1.5023
-1.58296
-1.75602
5.04256
8.44719
7.61875
7.89088
7.45274
8.8627
8.46675
8.35802
8.88302
8.48937
7.87469
7.96823
8.04963
7.96465
7.66063
7.88044
7.69981
6.32962
5.70427
5.56613
6.01367
5.78474
6.22441
6.13104
7.28566
7.45459
7.44098
7.53436
7.39686
7.27183
7.3272
6.05476
5.63264
5.27265
5.94472
5.8284
5.57202
6.15783
5.23024
5.66137
4.98722
5.32599
5.30306
5.53146
5.44065
5.15276
4.87769
5.07313
5.28436
5.27576
5.1609
5.51244
4.14349
4.89652
4.53057
4.43055
4.73212
4.88697
4.69716
5.32008
5.16756
4.82663
5.5271
5.21503
4.98394
5.636
2.38034
2.50674
2.10594
1.64619
2.60692
2.3285
1.68117
4.57774
4.40832
3.99434
4.74375
4.46869
4.05058
4.85533
2.21253
2.39573
1.83449
1.60292
1.57644
2.29263
2.25891
1.91526
1.63088
1.33472
1.36615
1.72848
1.84666
1.41279
3.67745
3.65722
3.94702
3.71103
3.86883
3.64937
4.08854
1.72535
1.53071
1.0655
1.32973
1.29124
1.44316
1.78878
1.02927
1.08632
1.31209
1.43684
0.726555
1.09188
1.16308
-0.0270485
1.24504
0.614387
0.812306
-0.0128286
0.634278
0.817551
-2.90706
-3.42298
-3.53126
-3.31632
-2.5985
-2.68481
-3.19207
0.152619
0.758629
0.26682
0.711011
0.173657
0.321142
0.730294
-3.43039
-2.98249
-2.50563
-2.70341
-3.29884
-2.40692
-3.13533
-2.52712
-2.01469
-2.37333
-2.78497
-2.06262
-2.41857
-2.89359
0.346088
0.136995
0.163913
-0.223772
0.0979856
-0.177854
0.449235
-2.27335
-1.98413
-2.25201
-2.73032
-2.63543
-1.95449
-2.36211
-2.07336
-1.98048
-2.20968
-2.34644
-1.96436
-2.04242
-2.39749
-0.184965
-0.0359066
0.0907859
-0.0250515
-0.390519
-0.152746
-0.352017
-2.02304
-2.02262
-2.26611
-2.33096
-2.30663
-2.04435
-2.03958
-2.02892
-2.21262
-2.36924
-2.20571
-2.18555
-2.07424
-2.20137
-1.57237
-0.298574
-0.707287
-0.826503
-0.622183
-0.69831
-0.776861
-2.12158
-2.21594
-2.39875
-2.16841
-2.1915
-2.25102
-2.03102
-2.57259
-2.35973
-2.40852
-2.26413
-2.49383
-2.46909
-2.22347
-6.20868
-4.46349
-4.42721
-4.52371
-4.6646
-4.5516
-4.77648
-4.40485
-4.35868
-4.31168
-4.19787
-4.44197
-4.41344
-4.17297
-3.78609
-3.42115
-3.64346
-3.26273
-3.0204
-2.99866
-3.54006
-3.56084
-3.22581
-3.43358
-3.45811
-3.80304
-3.57225
-3.31302
-4.27752
-4.28434
-4.25768
-4.06486
-4.11168
-4.2624
-4.32782
-4.03259
-4.0855
-4.14947
-4.05591
-4.10619
-4.02191
-4.06972
-3.42936
-3.93144
-3.53472
-3.54831
-3.58674
-3.44793
-3.98147
-3.40254
-3.48393
-3.39201
-3.40116
-3.48641
-3.41069
-3.50137
-3.97535
-4.03972
-4.01406
-4.02084
-4.01709
-4.00307
-3.99236
-3.74118
-3.59493
-3.69481
-3.72428
-3.67286
-3.67309
-3.78561
-3.38251
-3.38827
-3.37666
-3.38339
-3.43383
-3.38998
-3.40029
-3.25326
-3.26789
-3.28136
-3.28775
-3.25042
-3.25953
-3.27951
-3.49712
-3.49228
-3.44323
-3.62291
-3.54205
-3.40093
-3.58094
-2.94219
-2.68089
-2.86459
-2.85498
-2.79727
-2.83275
-2.96189
-3.21015
-3.17184
-3.17456
-3.18089
-3.21151
-3.21644
-3.18404
-2.76804
-2.83999
-2.83073
-2.83744
-2.80287
-2.77461
-2.85401
-2.58203
-2.53348
-2.48847
-2.71029
-2.60031
-2.41299
-2.69519
-1.91887
-1.57454
-1.79128
-1.81758
-1.69791
-1.80484
-1.92796
-2.65307
-2.60695
-2.58232
-2.5891
-2.68145
-2.65965
-2.62222
-1.92112
-2.02152
-2.00877
-2.01558
-1.94959
-1.92778
-2.03558
-1.5463
-1.41973
-1.39532
-1.6686
-1.5603
-1.2999
-1.65903
-0.570897
-0.838569
-0.815732
-0.90174
-0.737555
-0.665468
-0.929288
-1.76912
-1.69009
-1.67972
-1.6859
-1.79274
-1.77545
-1.70298
-0.95821
-0.949655
-1.03932
-0.954899
-1.03371
-1.03911
-1.05034
-3.21676
-2.66792
-2.80628
-2.92934
-3.12299
-2.85133
-3.05711
-3.4949
-3.54706
-3.55861
-3.54801
-3.54409
-3.50266
-3.49355
-3.59142
-3.55007
-3.49362
-3.4875
-3.48999
-3.57584
-2.92214
-2.47057
-2.67227
-2.59685
-2.86882
-2.67809
-2.64242
-3.52681
-3.63074
-3.74696
-3.69962
-3.47037
-3.49778
-3.60419
-3.5194
-3.79205
-3.85164
-3.76993
-3.41559
-3.43937
-3.71883
-2.66304
-2.59664
-2.74134
-2.51525
-2.64685
-2.73116
-2.50792
-3.75083
-3.61688
-3.39151
-3.41984
-3.66229
-3.35816
-3.68973
-3.2823
-3.13326
-3.18386
-3.19126
-3.16961
-3.2183
-3.27187
-2.71705
-2.53401
-2.76507
-2.83994
-2.63054
-2.80316
-2.60018
-3.09639
-3.09621
-3.04212
-3.11561
-3.04817
-3.06307
-3.15053
-2.81803
-2.91439
-2.86078
-2.70921
-2.93597
-2.80186
-2.73459
-3.86607
-3.83329
-3.58379
-3.24786
-3.24992
-3.3137
-3.20102
-2.73918
-2.88691
-2.76338
-2.64378
-2.63116
-2.86435
-2.74734
-2.64869
-2.75856
-2.60865
-2.45506
-2.76085
-2.64468
-2.47019
-5.79998
-4.60601
-4.98537
-3.67615
-4.32874
-3.80022
-4.52657
-2.61983
-2.77513
-2.57943
-2.42026
-2.41169
-2.78374
-2.61919
-2.58266
-2.90889
-2.58849
-2.38185
-2.88993
-2.60797
-2.36814
-3.81213
-4.35937
-4.1507
-4.26816
-3.85754
-4.1603
-4.20284
-2.63327
-2.90776
-2.59561
-2.3852
-2.40423
-2.92239
-2.60147
-2.7918
-2.95034
-2.61438
-2.55862
-2.93669
-2.83162
-2.53217
-3.80676
-3.90109
-2.5316
-2.57163
-4.16707
-2.64837
-2.47775
-4.15184
-2.67638
-3.55777
-2.95914
-4.21906
-3.11205
-2.58749
-4.01388
-4.10288
-4.05628
-3.96238
-4.04533
-4.08567
-3.95612
-2.91367
-2.95442
-2.67068
-2.60237
-2.62506
-2.97345
-2.88201
-3.11316
-3.06955
-2.78629
-2.83461
-3.05435
-3.1162
-2.82115
-3.11041
-3.86835
-3.31097
-3.37771
-3.11002
-3.54121
-3.68494
-3.15639
-3.72981
-3.3338
-3.44909
-3.24222
-3.49732
-3.67769
-3.89133
-3.71204
-3.67506
-3.72483
-3.84422
-3.74596
-3.80144
-3.16118
-3.0805
-2.84571
-2.89098
-2.89751
-3.08928
-3.16969
-3.2041
-3.01457
-2.8531
-2.95589
-3.04491
-3.13742
-2.99804
-3.34181
-3.39989
-3.45303
-3.36381
-3.49026
-3.43293
-3.31352
-3.35432
-3.41954
-3.46246
-3.29215
-3.50116
-3.45033
-3.29736
-3.05273
-2.85882
-2.82981
-2.86992
-2.94776
-2.9387
-2.97627
-3.05897
-2.97406
-2.77722
-2.97194
-2.90892
-2.92469
-3.14616
-2.7496
-2.50258
-2.49539
-2.55725
-2.58594
-2.61914
-2.66475
-3.16936
-3.35227
-3.39861
-3.28541
-3.27693
-3.4368
-3.2085
-3.03698
-3.21141
-2.93729
-2.94622
-3.12724
-3.04614
-3.11291
-2.01412
-1.76854
-1.77607
-1.84125
-1.90751
-1.89723
-1.94937
-2.41822
-2.40857
-2.25488
-2.5018
-2.38584
-2.31735
-2.55617
-1.91505
-1.69026
-1.77047
-1.77926
-1.79493
-1.77855
-1.90145
-2.46349
-2.6107
-2.73579
-2.78927
-2.51639
-2.86004
-2.58389
-2.24895
-2.36004
-2.03173
-2.08784
-2.28104
-2.08826
-2.34662
-0.756778
-0.824437
-0.903102
-1.00387
-0.716791
-0.854679
-0.924573
-1.55368
-1.57423
-1.45568
-1.68345
-1.56331
-1.46773
-1.68696
-0.79486
-0.899786
-0.878031
-1.00037
-0.912124
-0.906545
-1.01315
-1.51979
-1.55323
-1.77569
-1.82846
-1.51719
-1.82307
-1.56311
-1.00844
-1.2679
-1.04187
-1.03399
-1.2908
-1.26037
-1.30291
7.98424
7.90163
8.05348
7.98829
7.6942
7.89792
7.72806
6.31133
6.01201
5.70493
5.5727
6.16519
6.13466
5.79271
7.94297
7.77495
7.85018
7.78637
7.69564
7.62848
7.90037
7.45251
7.30522
7.47911
7.54496
7.29122
7.4244
7.35735
5.97529
5.96555
5.64067
5.28817
6.13832
5.84291
5.56609
5.35801
5.23517
5.48987
5.65475
5.04001
5.52361
5.31231
5.30751
5.49349
5.16129
4.80857
5.61287
5.20486
4.96697
2.38382
1.65192
2.52742
2.14122
2.31565
1.69143
2.63555
5.02331
5.40423
4.77313
4.65179
4.51084
5.26674
5.12845
4.66145
4.65028
4.38879
4.00054
4.8369
4.48909
4.06566
2.18611
1.6151
2.41136
1.86905
2.24569
1.58453
2.29898
1.89795
1.35515
1.58919
1.31758
1.83184
1.39744
1.69539
4.67746
4.21283
4.51141
4.32457
3.95927
3.90258
4.48235
3.97283
3.71217
3.68846
4.13673
3.7529
3.91457
3.68128
1.70755
1.32345
1.48101
1.00777
1.77538
1.27814
1.37889
1.02778
1.00069
1.34816
1.46321
0.667059
1.10302
1.05228
-0.00598217
0.823625
1.30072
0.66317
0.83948
0.0126536
0.686935
-3.36627
-2.87827
-3.47829
-3.27032
-2.5685
-3.15451
-2.65354
0.0714501
0.805049
1.14416
0.638963
0.609152
0.804978
0.0369539
0.158203
0.70318
0.748455
0.263369
0.712625
0.158602
0.331475
-3.36641
-2.96292
-2.47536
-2.67783
-3.09478
-3.26214
-2.38231
-2.48777
-2.76041
-1.9836
-2.33757
-2.38076
-2.87478
-2.02568
0.162255
0.671694
0.496283
0.191944
0.122469
0.644654
0.164441
0.415369
0.112761
0.135938
-0.253548
0.477893
0.0664775
-0.213621
-2.24752
-2.71658
-1.9494
-2.21908
-2.33159
-2.62285
-1.92418
-2.05746
-2.33738
-1.95297
-2.17932
-2.03549
-2.38949
-1.93124
0.394637
0.0316242
0.339858
0.0262075
-0.277792
-0.297114
0.072329
0.0249308
-0.174892
0.104097
-0.0580688
-0.396449
-0.146686
-0.370669
-2.01365
-2.3218
-1.98792
-2.23095
-2.03644
-2.29772
-2.00667
-2.01202
-2.20698
-2.19363
-2.35149
-2.05067
-2.20172
-2.16328
-0.0614499
-0.440685
-0.174715
-0.272817
-0.351679
-0.446233
-0.13895
-0.704052
-1.5782
-0.301932
-0.61848
-0.828087
-0.701145
-0.782211
-2.07815
-2.1792
-2.19988
-2.40315
-2.00476
-2.21018
-2.23273
-2.35543
-2.55193
-2.35376
-2.23364
-2.49693
-2.27011
-2.44984
-3.41113
-3.1037
-3.47229
-3.39614
-2.8977
-3.04883
-3.30203
-3.20942
-2.87215
-2.61667
-2.78237
-2.98562
-3.11523
-2.82894
-3.44705
-3.50014
-3.49806
-3.51175
-3.49187
-3.45485
-3.5602
-3.43583
-3.50481
-3.44422
-3.43049
-3.5082
-3.4352
-3.04097
-2.86858
-2.49603
-2.74778
-2.71433
-2.77399
-3.12363
-2.90984
-2.58912
-2.43686
-2.6352
-2.63509
-2.85347
-2.64285
-3.60008
-3.48351
-3.70653
-3.636
-3.41243
-3.56029
-3.44464
-3.77801
-3.49048
-3.83082
-3.80838
-3.40174
-3.74356
-3.42275
-2.78753
-2.57429
-2.46766
-2.64391
-2.63738
-2.55111
-2.84165
-2.66565
-2.50241
-2.57358
-2.71275
-2.49977
-2.64133
-2.70464
-3.73965
-3.64266
-3.37606
-3.40629
-3.72669
-3.662
-3.34317
-3.26285
-3.16639
-3.12239
-3.17549
-3.1935
-3.24493
-3.15957
-2.60059
-2.49452
-2.61886
-2.728
-2.73498
-2.51588
-2.61117
-2.71131
-2.51075
-2.76146
-2.83338
-2.59274
-2.61809
-2.79492
-3.07671
-3.09437
-3.08745
-3.03255
-3.12769
-3.02891
-3.0515
-2.80836
-2.70055
-2.90557
-2.85112
-2.79323
-2.72559
-2.92565
-2.70187
-2.97867
-2.84107
-2.72008
-2.85672
-2.91073
-2.60099
-3.83161
-3.86503
-3.58195
-3.24593
-3.24888
-3.31285
-3.19959
-2.73318
-2.6372
-2.87955
-2.75726
-2.74053
-2.62534
-2.85838
-2.64628
-2.45425
-2.75994
-2.60967
-2.64266
-2.46898
-2.76136
-4.24409
-4.53543
-4.42138
-3.40975
-3.30701
-3.11932
-3.50396
-4.59911
-5.79432
-4.9797
-3.67265
-4.32273
-3.79657
-4.52058
-2.61848
-2.42003
-2.77702
-2.58273
-2.61764
-2.41163
-2.78616
-2.58287
-2.38328
-2.91235
-2.59326
-2.60808
-2.36949
-2.8934
-4.18883
-4.70001
-4.13809
-3.84273
-4.24331
-4.22792
-3.72829
-4.26257
-4.34946
-4.19713
-3.80517
-4.14376
-3.85041
-4.15317
-2.63373
-2.38694
-2.91139
-2.60061
-2.60204
-2.40601
-2.92607
-2.79272
-2.56131
-2.95526
-2.61976
-2.83273
-2.53455
-2.94112
-4.25364
-4.25173
-4.27564
-3.87427
-4.11805
-4.13651
-3.80533
-3.9593
-4.10022
-3.95227
-4.00873
-4.05739
-4.04084
-4.08499
-2.9154
-2.60512
-2.95922
-2.67625
-2.88331
-2.62821
-2.97832
-3.11681
-2.83908
-3.07534
-2.7921
-3.12054
-2.82513
-3.0599
-3.97254
-4.04887
-3.97653
-4.07303
-4.02772
-4.01194
-4.04719
-3.72645
-3.71743
-3.80251
-3.89165
-3.68061
-3.84561
-3.75118
-3.16638
-2.89536
-3.08652
-2.85186
-3.17413
-2.90251
-3.09554
-3.2116
-2.96317
-3.02232
-2.86003
-3.1454
-3.00482
-3.0524
-3.62828
-3.4541
-3.53922
-3.65847
-3.58816
-3.50512
-3.7391
-2.87618
-2.86653
-2.9826
-3.05861
-2.83704
-2.95371
-2.94587
-3.06761
-2.97938
-2.98195
-2.78474
-3.15435
-2.91687
-2.93257
-2.75903
-2.56581
-2.51103
-2.50329
-2.62856
-2.67352
-2.59446
-2.7338
-2.49171
-2.62459
-2.6968
-2.69786
-2.58459
-2.80436
-1.84648
-1.77446
-1.95491
-2.0194
-1.78156
-1.91248
-1.90304
-2.42708
-2.51011
-2.41687
-2.26234
-2.56547
-2.39396
-2.32547
-1.92266
-1.78572
-1.69639
-1.77655
-1.78554
-1.9083
-1.8015
-1.69504
-1.37809
-1.58719
-1.6552
-1.62876
-1.50686
-1.76064
-0.827065
-0.718778
-0.758338
-0.927159
-0.905377
-1.00625
-0.856573
-1.55975
-1.6895
-1.57987
-1.46051
-1.69346
-1.56899
-1.4729
-0.903082
-0.797023
-0.881376
-1.00417
-0.914633
-1.01691
-0.909144
8.09392
7.75393
8.04962
7.31202
7.53473
7.62643
7.65484
7.7408
7.84868
7.72862
7.53751
7.55512
7.61044
7.34619
7.1754
6.89195
7.28987
7.12501
7.44429
7.20006
7.33099
7.01575
7.07354
6.85342
7.07414
7.18182
7.17145
7.69212
7.35947
7.05041
6.90272
7.13164
7.2346
6.8379
6.5704
6.45851
6.34964
6.71541
6.68426
6.84583
6.5342
5.55867
6.63283
6.36565
6.61561
6.2956
6.61036
6.42089
7.0457
7.41854
7.41303
6.76904
7.65701
6.94535
6.7591
5.48018
5.92971
5.61105
4.63143
5.02009
5.07889
4.94148
4.69488
4.29457
5.11606
4.40202
5.22703
4.82181
4.45107
4.22145
3.80325
4.15
4.0747
4.55536
4.05029
4.36168
3.87208
3.79867
3.64762
3.92736
4.25493
3.9678
4.14302
4.25189
3.79109
4.40475
3.84537
4.48172
4.14405
3.69235
3.35363
2.91351
3.4698
3.29222
3.79442
3.37347
3.6303
3.16677
3.22986
2.85547
3.22972
3.52519
3.32704
0.67212
0.911669
-0.0464723
-2.11294
-0.464044
-1.11505
0.0761907
1.03476
0.48433
0.780104
0.520937
0.776972
0.111018
-0.799214
-0.262649
-0.791306
-1.63191
-0.240582
-0.856917
-1.53701
-0.739087
-1.33866
-0.226773
-0.762888
-0.232657
-0.675946
-1.43753
0.154863
0.449766
0.010068
0.574444
0.0703824
0.609934
0.146245
-0.465948
-0.343446
-0.757522
-0.987287
-0.379627
-0.483653
-0.949427
-0.45881
-0.897921
-0.474822
-0.794186
-0.429766
-0.452818
-0.922712
0.00209515
0.14292
0.286997
0.116054
-0.321596
-0.289596
-0.00115265
-0.600487
-0.753342
-1.09446
-0.835787
-0.798258
-0.53245
-0.854353
-0.559599
-0.857891
-0.852784
-1.10359
-0.81463
-0.671219
-0.816528
-0.658977
-0.322683
-0.185554
-0.304978
-0.384061
-0.437518
-0.423077
-0.903555
-1.01655
-1.20975
-0.857761
-1.09292
-0.772864
-0.983879
-0.876327
-1.23625
-1.09015
-1.22501
-1.15994
-1.01095
-0.950609
-3.30001
-3.51453
-3.52267
-3.4962
-3.35497
-3.27895
-3.4811
-3.43681
-2.90125
-3.0015
-3.20346
-3.06203
-3.31613
-3.32683
-3.49686
-3.31277
-3.40538
-3.21494
-3.22939
-3.41741
-3.46799
-3.07039
-2.5085
-2.70009
-2.72284
-2.72327
-2.7952
-3.00271
-3.1962
-2.99593
-3.09363
-3.32667
-2.96364
-3.27236
-3.3002
-3.21307
-3.31533
-2.91721
-3.085
-2.94317
-3.14559
-3.33837
-2.79181
-2.52482
-2.69931
-2.53275
-2.6977
-2.55835
-2.7511
-2.97686
-2.87579
-3.01157
-3.23173
-2.86822
-3.02805
-3.1726
-2.96746
-3.10021
-2.87395
-3.00415
-2.87276
-2.92934
-3.15362
-2.57279
-2.66693
-2.77377
-2.57521
-2.76427
-2.52102
-2.5829
-2.81055
-2.89143
-2.96465
-2.91785
-2.89698
-2.82123
-2.88976
-2.78569
-2.83387
-2.91801
-2.96275
-2.9031
-2.7968
-2.8557
-3.08722
-3.03316
-2.89091
-2.77075
-3.02471
-2.9608
-2.87385
-2.87176
-2.97904
-2.98201
-2.7629
-3.01965
-2.79683
-2.79778
-2.89228
-3.10402
-2.84587
-2.99635
-3.06
-2.95302
-2.80786
-5.11244
-5.08936
-5.07269
-3.63716
-3.79688
-3.66908
-3.57245
-3.58134
-3.31256
-3.19931
-3.09179
-3.33165
-3.54103
-3.10133
-3.72341
-3.65655
-3.13419
-3.35126
-3.63478
-3.7224
-3.14565
-3.80356
-4.69468
-4.20024
-4.05447
-4.17933
-3.97901
-3.85044
-3.60005
-4.05027
-3.79169
-3.16498
-4.0654
-3.58919
-3.22661
-3.5282
-4.11386
-3.28823
-3.80644
-4.09892
-3.58508
-3.22542
-3.85162
-4.21607
-4.14764
-4.10684
-4.1282
-4.14439
-3.93601
-3.8657
-4.02934
-3.80156
-3.51237
-4.02441
-3.80231
-3.54621
-3.85077
-3.99866
-3.6282
-3.80715
-4.0062
-3.88645
-3.59889
-4.07031
-3.99661
-3.93166
-3.94947
-3.97477
-3.96529
-4.06211
-3.92847
-3.92493
-3.78702
-3.83732
-3.89951
-3.90281
-3.82872
-3.90772
-3.82923
-3.84849
-3.77109
-3.86113
-3.91661
-3.8834
-3.52781
-3.33067
-3.29618
-3.33269
-3.39017
-3.42746
-3.43344
-3.56004
-3.51579
-3.41939
-3.73497
-3.43655
-3.64236
-3.60133
-3.47585
-3.24574
-3.40396
-3.33643
-3.33847
-3.37361
-3.55015
-2.53768
-2.32909
-2.31645
-2.36029
-2.4331
-2.47007
-2.42953
-2.65661
-2.66474
-2.60133
-2.86877
-2.55186
-2.76708
-2.71577
-2.50839
-2.2952
-2.4594
-2.47142
-2.41112
-2.40032
-2.60783
-1.50202
-1.21867
-1.23745
-1.32544
-1.35388
-1.43246
-1.39792
-1.6306
-1.61932
-1.58158
-1.82424
-1.50068
-1.73498
-1.6887
-1.48075
-1.23835
-1.43635
-1.44199
-1.3546
-1.37763
-1.56854
7.75759
7.88267
8.25976
7.54918
7.87944
8.1005
8.87673
8.64704
8.48401
8.25475
7.89999
8.12728
8.03227
7.97076
7.74497
8.06454
7.71753
7.53368
7.20591
6.9787
7.31315
7.46519
7.2397
7.39774
7.54048
7.29517
7.51381
7.00746
7.63662
7.26401
7.42416
6.11268
6.38789
6.60238
7.13094
6.46342
7.00102
6.79343
6.17444
6.50046
6.85907
6.23144
6.94724
6.69142
6.4066
5.69697
5.98943
6.31621
5.88172
6.5205
6.20817
6.84181
7.08787
6.54518
6.37637
6.29854
6.98995
6.94856
7.4607
7.69882
7.61579
7.4919
7.46701
7.58037
7.57856
6.63352
7.00129
6.70812
6.74223
6.89853
6.75619
6.82519
7.05675
6.95832
6.72549
7.03334
7.15605
6.8277
6.90134
6.5469
6.12579
6.38165
6.82082
6.72975
6.08267
6.64725
5.99411
5.19844
5.46625
5.65499
5.76682
5.51767
5.89205
6.50496
6.59006
6.33773
6.00322
6.68764
6.04223
6.40322
5.81988
6.20723
6.09447
6.21947
5.90462
6.31853
6.09099
5.72236
5.03369
5.41496
5.59901
5.35854
5.82902
5.49174
6.25381
6.16583
6.52748
5.96675
5.91816
6.45128
6.35644
7.9166
6.60812
6.56046
5.64021
1.39384
6.25956
5.92551
5.99136
6.16422
6.88043
6.37141
6.1247
6.28083
5.9949
6.06208
6.54716
5.72748
5.89883
6.18151
6.79564
6.17508
6.04267
6.25169
6.67016
6.2625
6.54947
6.63082
6.9847
5.7716
5.7638
5.75716
5.84132
6.17995
6.04896
6.00483
4.78224
4.80268
4.97575
5.26108
4.93933
5.10342
5.13916
5.62409
5.87323
5.67477
5.82289
5.8757
5.97612
5.71118
5.82038
4.31348
5.28898
5.5701
5.13555
5.30193
5.60411
4.65531
4.68224
4.53251
4.94891
4.84478
5.07451
4.76157
5.29857
5.472
5.70048
5.43743
5.7562
5.64013
5.58793
8.2853
7.63546
7.56623
7.59032
8.12609
8.30413
7.6637
7.32574
7.88857
8.31254
7.65337
7.59367
8.07093
7.41208
7.59848
7.6121
6.5848
6.72475
7.28464
7.28168
6.59478
7.31575
6.90992
7.47186
7.47966
6.67682
7.31807
6.92075
6.48121
7.02587
6.62262
7.27689
6.32
7.25972
6.36796
6.94761
7.34835
7.51205
7.02318
6.66712
7.61158
7.35813
5.40966
5.32576
5.31104
5.83127
5.51591
5.14979
5.7268
4.75908
4.38021
4.27123
4.24058
4.6552
4.5344
4.33734
4.86512
4.53065
4.85519
4.43381
4.96762
4.69853
4.43214
2.92277
1.84083
2.60616
4.00385
3.72419
3.38752
3.13153
3.19741
3.70921
3.62293
3.32681
3.70501
3.06375
2.45327
2.19057
2.81511
1.78641
2.71036
2.52529
1.72783
3.21676
3.89692
3.85494
3.59109
3.46136
3.8079
3.29602
4.63908
4.47189
4.19902
5.03714
4.751
4.12078
4.92778
3.97433
3.42327
3.14107
3.52437
3.86633
3.49688
3.6294
4.05346
3.79916
3.68155
3.24656
4.16164
3.58485
3.69543
2.91497
3.05687
3.28554
3.52398
3.44197
2.9263
2.98229
2.1461
1.73271
2.07036
1.51265
1.53842
2.17604
2.0964
2.83956
3.26245
3.13872
2.65656
3.34776
2.78444
2.77244
2.5656
2.16771
2.61686
2.90689
2.26942
2.99725
2.48887
1.98149
1.44074
1.95113
1.47501
1.84724
2.0305
1.44412
2.63756
3.17197
2.7405
2.51952
2.40073
3.08471
2.70476
3.86685
3.96413
3.78287
4.23311
4.08831
3.68962
4.13211
2.85439
2.92491
3.08662
3.30151
2.67998
2.93894
3.03605
3.32954
3.10392
2.72912
3.18507
3.4577
3.02359
3.07787
2.37085
2.06007
2.34576
2.83468
2.74955
1.97331
2.44384
1.67965
0.980214
1.27622
1.22374
1.26508
1.35229
1.61412
2.33257
2.59375
2.27157
1.83149
2.6842
1.89328
2.2549
1.65129
2.26775
2.01554
2.10995
2.03943
1.68686
2.38372
1.48485
0.770837
1.20524
1.21351
1.1463
1.5674
1.16259
2.13282
2.09848
2.53164
1.77259
1.72498
2.43232
2.22053
-0.0499975
1.28425
0.667051
0.878817
-0.034439
0.642798
0.837913
-1.00028
-0.302953
-0.930741
-1.7399
-0.945252
-0.340329
-1.81846
-1.06768
-2.00498
-0.418306
-1.00511
-1.08029
-0.389619
-1.93612
-3.50575
-2.90538
-3.39349
-2.5349
-2.95085
-3.53433
-2.96613
-3.58858
-3.49278
-3.3232
-2.83189
-2.7943
-3.41459
-3.15228
-2.14929
-1.80763
-2.49394
-2.24441
-2.63465
-3.0205
-3.28179
-2.46522
-2.85334
-1.92688
-2.35059
-2.74039
-3.38821
0.150377
0.838083
0.430787
0.760172
0.120779
0.384041
0.756684
-0.533089
-0.296248
-0.721973
-1.03136
-0.487674
-0.27492
-1.10542
-0.566345
-1.25669
-0.238052
-0.714583
-0.623496
-0.246982
-1.16794
-2.76867
-2.05959
-1.51578
-2.38218
-2.24314
-1.9704
-2.90931
-2.91452
-2.63843
-2.24621
-3.12331
-3.26791
-2.32322
-2.7777
-2.64968
-1.99121
-1.44262
-1.80569
-2.11319
-1.88953
-2.4949
-2.18822
-1.61308
-1.25453
-1.60386
-1.6504
-1.68584
-2.08482
-2.57977
-2.42925
-2.17808
-3.07197
-2.11558
-2.71582
-2.94075
-2.27497
-1.87733
-1.27985
-1.74557
-1.69453
-1.76447
-2.39072
0.127656
0.227648
-0.0591017
0.540066
0.143462
-0.122828
0.489449
-0.475423
-0.701876
-0.963818
-0.853572
-0.525355
-0.642641
-0.851662
-0.46901
-0.872437
-0.532752
-0.915394
-0.456864
-0.585892
-0.864021
-1.92915
-1.59421
-1.22151
-1.54327
-1.47737
-1.57761
-2.01257
-2.22837
-2.23038
-1.93062
-2.52269
-2.59514
-1.94452
-2.15728
-1.87426
-1.40271
-1.23734
-1.57722
-1.43632
-1.57981
-1.80457
-1.71699
-1.66986
-1.36103
-1.34885
-1.65049
-1.35247
-1.67871
-2.0763
-2.19851
-1.93448
-2.49181
-1.93487
-2.12963
-2.42963
-1.73949
-1.39325
-1.31945
-1.60206
-1.61301
-1.36076
-1.78328
-0.133232
0.19931
0.0561498
-0.0672667
-0.321719
0.0583971
-0.353552
-0.692406
-0.983659
-1.15448
-0.91146
-0.818878
-0.929801
-0.804224
-0.750906
-0.869536
-0.799431
-1.1563
-0.628119
-0.914553
-0.860641
-1.64242
-1.7065
-1.4822
-1.34361
-1.36071
-1.73726
-1.65138
-2.01568
-2.28558
-2.09853
-2.26199
-2.27806
-2.07282
-2.01724
-1.62374
-1.39669
-1.51248
-1.79283
-1.35719
-1.76774
-1.61979
-1.55215
-1.85652
-1.61927
-1.52349
-1.835
-1.42306
-1.59545
-2.03899
-2.34639
-2.12601
-2.24125
-2.15849
-2.00845
-2.23082
-1.60158
-1.39552
-1.61268
-1.81404
-1.83325
-1.46522
-1.58361
-1.20369
-0.408491
-0.486696
-0.533264
-0.410833
-0.491095
0.00302953
-2.01321
-1.41216
-1.34118
-1.23045
-1.25041
-1.82643
-1.27821
-1.14234
-1.35263
-1.29875
-1.08903
-1.04959
-1.59583
-1.23486
-1.63433
-1.85467
-1.71662
-1.46422
-1.58588
-1.88234
-1.53295
-2.08552
-2.39837
-2.30982
-2.19151
-2.14496
-2.26176
-2.19291
-1.57646
-1.66414
-1.74671
-1.92031
-1.53366
-1.88383
-1.6924
-2.0791
-1.94256
-1.94989
-1.80018
-2.06322
-1.95501
-1.80541
-2.27874
-2.47
-2.33834
-2.14613
-2.4069
-2.15448
-2.25153
-1.7895
-1.98008
-1.64317
-1.92994
-1.9792
-1.76968
-1.66108
-4.22271
-4.76051
-4.58682
-4.3211
-4.38571
-4.86641
-4.41892
-4.11263
-3.79624
-4.24316
-4.0236
-4.07366
-4.25916
-3.6161
-3.74015
-3.96665
-3.5753
-3.94443
-3.93954
-3.84638
-3.72975
-4.4714
-4.40709
-4.61822
-4.19137
-4.51079
-4.37885
-4.22042
-4.123
-3.93227
-4.12965
-3.8615
-4.01419
-4.16455
-3.51779
-4.23982
-3.60211
-3.90682
-3.83248
-4.04258
-4.0775
-3.79133
-3.87214
-3.26801
-3.23495
-3.1179
-3.63914
-3.07298
-3.55555
-3.09595
-3.41028
-3.25646
-3.35736
-2.94353
-3.39542
-2.94338
-3.52987
-3.01027
-3.0047
-3.5426
-3.44556
-3.52263
-2.91989
-3.3229
-3.40452
-3.55748
-3.55961
-2.84008
-3.4422
-3.36751
-3.58532
-4.00125
-3.68352
-3.43211
-3.56505
-3.69015
-3.51335
-3.68143
-3.03141
-3.55655
-3.5023
-3.68568
-3.59068
-3.55081
-4.17596
-4.21505
-4.21132
-4.16055
-4.11393
-4.21831
-4.15566
-4.0802
-3.88258
-4.00796
-4.45473
-4.25203
-4.0154
-4.09494
-3.93934
-4.32691
-4.02772
-4.17916
-4.03718
-4.0071
-3.96124
-4.07687
-4.21671
-4.1631
-4.1217
-4.14798
-4.09059
-4.13165
-3.8586
-4.00631
-3.87919
-3.98127
-3.8648
-3.87999
-3.97179
-3.94026
-4.0427
-3.90592
-4.25865
-3.88778
-3.95011
-4.2268
-3.6
-3.48767
-3.4092
-3.42318
-3.88907
-3.50001
-3.64093
-3.66444
-3.76269
-3.54967
-4.11223
-3.56564
-3.65579
-4.16468
-3.53974
-4.00077
-3.60718
-3.74629
-3.52784
-3.61434
-3.78491
-3.63153
-3.39938
-3.43937
-3.44974
-3.58246
-3.41061
-3.6532
-3.52849
-3.57435
-3.5403
-3.62072
-3.53161
-3.53308
-3.61221
-3.56731
-3.70372
-3.52889
-3.73087
-3.56663
-3.53468
-3.73734
-3.93834
-3.95113
-3.89545
-3.96039
-3.98291
-3.94761
-3.90857
-3.83638
-3.88818
-3.83989
-3.8392
-3.86407
-3.84179
-3.83036
-3.80371
-3.77536
-3.77779
-3.79197
-3.80388
-3.78303
-3.8008
-3.8124
-3.77527
-3.82442
-3.90476
-3.75902
-3.85857
-3.86387
-3.641
-3.58869
-3.60134
-3.61891
-3.64594
-3.59734
-3.61941
-3.70767
-3.71901
-3.74025
-3.6798
-3.7404
-3.70606
-3.6912
-3.36833
-3.34859
-3.36387
-3.37033
-3.34665
-3.35497
-3.38022
-3.50915
-3.54291
-3.53143
-3.5252
-3.52053
-3.52284
-3.49585
-3.49827
-3.44445
-3.4968
-3.52102
-3.51464
-3.47797
-3.48771
-3.29085
-3.33175
-3.30982
-3.31628
-3.33267
-3.33837
-3.30217
-3.40062
-3.34772
-3.39238
-3.4238
-3.42386
-3.36758
-3.37834
-3.43359
-3.43717
-3.4809
-3.44435
-3.45597
-3.46023
-3.40109
-3.38989
-3.33133
-3.17995
-3.331
-3.42441
-3.28252
-3.29517
-3.45292
-3.4968
-3.51856
-3.46312
-3.45846
-3.50803
-3.46263
-3.33788
-3.29442
-3.28828
-3.35747
-3.34458
-3.27202
-3.35429
-3.07217
-3.00026
-3.04863
-3.20168
-2.93773
-3.17545
-3.1002
-2.91035
-2.87611
-2.85841
-2.96832
-2.94101
-2.82817
-2.94699
-3.06018
-3.1598
-3.15929
-3.1146
-3.13534
-3.08394
-3.10001
-3.1071
-3.06713
-3.11161
-3.11801
-3.08723
-3.0736
-3.1198
-3.27512
-3.2995
-3.34097
-3.32097
-3.31604
-3.30114
-3.27081
-3.20116
-3.15714
-3.1771
-3.24393
-3.2264
-3.15094
-3.19287
-2.94691
-2.98499
-2.93111
-2.93774
-3.00128
-2.99157
-2.96064
-2.88565
-2.83263
-2.84146
-2.94188
-2.90983
-2.81658
-2.88957
-2.99716
-3.0556
-3.0823
-3.06216
-3.02291
-3.05723
-3.00968
-2.4395
-2.34025
-2.13702
-2.34042
-2.45167
-2.26042
-2.32467
-2.58168
-2.71022
-2.70641
-2.65416
-2.63066
-2.66973
-2.61846
-2.41518
-2.36718
-2.36533
-2.48688
-2.45603
-2.32282
-2.45796
-2.06479
-1.94353
-1.98082
-2.18995
-1.85573
-2.17955
-2.07865
-1.88215
-1.82044
-1.83923
-1.96305
-1.93514
-1.78678
-1.92018
-2.05659
-2.1907
-2.19953
-2.13216
-2.15138
-2.10448
-2.09585
-2.47095
-2.37647
-2.4545
-2.46119
-2.41511
-2.38345
-2.4859
-2.61515
-2.69812
-2.71441
-2.68431
-2.69144
-2.63813
-2.63427
-2.47784
-2.41252
-2.41563
-2.53391
-2.49882
-2.39541
-2.48518
-2.17545
-2.2391
-2.15524
-2.16242
-2.2686
-2.24592
-2.18983
-2.00705
-1.92208
-1.92924
-2.05098
-2.02145
-1.91618
-2.01302
-2.16111
-2.25684
-2.26649
-2.21229
-2.17792
-2.2485
-2.17322
-1.40154
-1.2469
-1.03641
-1.30875
-1.4144
-1.1504
-1.29176
-1.52027
-1.65086
-1.67068
-1.59682
-1.55068
-1.61407
-1.57595
-1.35078
-1.28642
-1.31714
-1.43715
-1.38729
-1.25977
-1.40903
-1.04659
-0.872581
-0.896056
-1.16691
-0.791498
-1.14904
-1.06593
-0.805794
-0.840407
-0.771032
-0.869835
-0.94406
-0.921007
-0.900791
-1.01254
-1.13596
-1.0841
-1.15804
-1.10121
-1.07163
-1.03884
-1.53243
-1.43467
-1.5242
-1.53004
-1.45282
-1.44037
-1.54495
-1.66579
-1.76194
-1.76872
-1.69901
-1.75801
-1.67539
-1.6682
-1.50616
-1.41415
-1.42105
-1.5387
-1.51373
-1.41507
-1.50927
-0.924082
-0.929889
-0.93076
-1.01293
-1.03602
-1.01786
-1.01541
-1.1924
-1.27767
-1.19
-1.19539
-1.29612
-1.28317
-1.20366
-1.16882
-1.18579
-1.25909
-1.26154
-1.17165
-1.25642
-1.16534
-3.21774
-2.72015
-2.95049
-3.1947
-3.32243
-2.8956
-3.06308
-3.33817
-3.02554
-3.16786
-3.29851
-3.26099
-3.06848
-3.34571
-3.33506
-3.40404
-3.14576
-3.19491
-3.41652
-3.10583
-3.33146
-3.49067
-3.50708
-3.51681
-3.50135
-3.48884
-3.51297
-3.48244
-3.52437
-3.54105
-3.54841
-3.53274
-3.49867
-3.5361
-3.51893
-3.49502
-3.41226
-3.45598
-3.48189
-3.49626
-3.47451
-3.46263
-3.47946
-3.53175
-3.51788
-3.49401
-3.56498
-3.47401
-3.49474
-3.42528
-3.36321
-3.3466
-3.43862
-3.38577
-3.43906
-3.44493
-3.41536
-3.45311
-3.46922
-3.35053
-3.41424
-3.45222
-3.44514
-2.93734
-2.46502
-2.69146
-2.71249
-2.99534
-2.67831
-2.65544
-3.08407
-2.8759
-3.04152
-3.2402
-3.03471
-2.88649
-3.29205
-3.09007
-3.33047
-2.90601
-3.04653
-3.14249
-2.89042
-3.28918
-3.53315
-3.85496
-3.79712
-3.72144
-3.47407
-3.46911
-3.78264
-3.51712
-3.3616
-3.26102
-3.44926
-3.45821
-3.35284
-3.472
-3.54907
-3.34008
-3.46291
-3.24631
-3.46986
-3.34662
-3.56833
-3.5367
-3.87528
-3.87047
-3.78528
-3.46847
-3.45493
-3.7841
-3.5831
-3.29637
-3.2034
-3.402
-3.31405
-3.44898
-3.53353
-3.57456
-3.3347
-3.47334
-3.21206
-3.32314
-3.45181
-3.59155
-2.69304
-2.57199
-2.71121
-2.52859
-2.72746
-2.71712
-2.51913
-2.86264
-2.88836
-2.97998
-2.95232
-2.84347
-2.88567
-2.99469
-2.88022
-3.07619
-2.87664
-2.98182
-2.91622
-2.8778
-3.02209
-3.4529
-3.28065
-3.1573
-3.38771
-3.32684
-3.25592
-3.5229
-3.5694
-3.37713
-3.28764
-3.5054
-3.60331
-3.32599
-3.48914
-3.42775
-3.24707
-3.14391
-3.20398
-3.31038
-3.23553
-3.34996
-3.20188
-3.09839
-3.07494
-3.08087
-3.1236
-3.12836
-3.14091
-3.34954
-3.23368
-3.24964
-3.438
-3.20908
-3.4267
-3.34689
-3.24878
-3.22363
-3.08881
-3.17962
-3.14909
-3.16459
-3.31548
-2.57516
-2.73906
-2.77366
-2.54611
-2.54381
-2.79637
-2.63348
-2.7584
-2.96709
-2.96107
-2.77999
-2.81973
-2.9402
-2.75972
-2.7988
-2.79343
-2.92887
-2.9725
-2.77259
-2.94258
-2.79094
-3.03617
-3.07543
-3.03224
-3.0443
-3.00592
-3.0524
-3.08941
-3.02634
-2.99881
-3.00758
-2.92172
-2.97068
-3.03196
-2.98464
-2.97972
-2.93779
-3.02293
-3.01684
-2.96462
-3.0336
-2.93828
-2.80817
-2.9613
-2.99933
-2.8617
-2.9735
-2.85252
-2.79942
-2.884
-2.89343
-2.98156
-2.84916
-2.96134
-2.91199
-2.81106
-2.85747
-2.89328
-3.01413
-3.00603
-2.99483
-2.88676
-2.8803
-3.55711
-3.17848
-3.35926
-3.08696
-3.04097
-2.98175
-3.18961
-3.24091
-3.25182
-3.07659
-3.0227
-3.3509
-3.29056
-2.96924
-3.12976
-3.16848
-2.87147
-3.04121
-3.0265
-3.21546
-2.92292
-2.76057
-2.94141
-2.9898
-2.83612
-2.85734
-2.92851
-2.75796
-2.69423
-2.72821
-2.81408
-2.56628
-2.57638
-2.8402
-2.69495
-2.73251
-2.8774
-2.99203
-2.90111
-2.84892
-2.91609
-2.74117
-2.73331
-2.89361
-3.04458
-2.99308
-2.88331
-2.94646
-2.74901
-2.66977
-2.62632
-2.79262
-2.51929
-2.76696
-2.66232
-2.51415
-2.73922
-2.8856
-3.01636
-2.8942
-2.88242
-2.92458
-2.72502
-5.14212
-6.23123
-5.39543
-3.6206
-4.49736
-3.78175
-4.40405
-3.72187
-4.07136
-3.66214
-3.18158
-3.69759
-3.99788
-3.13116
-3.7811
-3.98489
-3.16919
-3.59281
-3.86641
-3.90616
-3.1472
-2.7405
-2.93808
-3.18225
-3.02725
-3.04701
-2.96276
-2.73834
-2.59913
-2.58388
-2.83034
-2.38225
-2.38412
-2.81321
-2.60226
-2.73091
-3.08358
-3.27904
-3.06218
-3.07334
-3.02628
-2.72978
-2.70734
-3.21403
-3.48717
-3.10523
-3.18456
-3.08548
-2.74701
-2.59897
-2.59429
-2.8608
-2.36636
-2.88076
-2.5864
-2.37328
-2.72826
-3.10491
-3.44731
-3.12544
-3.15846
-3.10673
-2.72289
-3.84074
-4.40101
-4.20256
-4.07161
-3.80628
-4.19305
-4.1791
-3.6934
-4.0517
-3.7903
-3.4609
-3.78131
-4.06928
-3.41628
-3.66743
-4.1157
-3.31339
-3.80604
-3.57601
-4.09928
-3.37021
-2.78214
-3.22239
-3.57196
-3.08043
-3.10683
-3.24338
-2.7343
-2.64243
-2.58771
-2.92799
-2.44299
-2.41782
-2.91654
-2.6817
-2.7873
-3.14436
-3.56821
-3.24877
-3.10086
-3.23786
-2.84077
-2.96286
-3.26075
-3.54935
-3.31464
-3.24798
-3.26356
-3.00678
-2.75081
-2.60998
-2.92345
-2.46883
-2.937
-2.70851
-2.49631
-2.91877
-3.16828
-3.56064
-3.24076
-3.2513
-3.2218
-2.86796
-3.99658
-4.121
-4.12864
-4.01026
-3.92198
-4.1243
-3.97883
-3.88309
-3.94307
-3.82135
-3.77487
-3.91736
-3.9493
-3.76841
-3.89692
-3.97657
-3.68235
-3.82589
-3.86445
-3.96552
-3.70518
-3.09685
-3.26193
-3.55485
-3.36139
-3.40029
-3.27793
-3.06423
-2.96792
-2.68731
-3.0058
-2.69403
-2.67444
-2.98449
-2.98971
-3.16228
-3.46842
-3.55484
-3.3054
-3.44193
-3.2865
-3.18519
-3.34783
-3.35843
-3.57265
-3.57725
-3.34737
-3.56872
-3.34694
-3.05748
-2.76507
-3.02054
-2.74772
-3.04104
-3.04535
-2.76499
-3.26951
-3.50863
-3.57011
-3.31816
-3.33441
-3.52648
-3.25738
-3.96634
-3.79984
-3.87474
-3.9082
-4.0051
-3.8198
-3.8699
-3.80277
-3.59605
-3.61807
-3.7498
-3.72575
-3.66261
-3.83878
-3.86793
-3.7837
-3.88248
-3.66308
-3.8863
-3.72909
-3.82173
-3.40987
-3.36843
-3.56754
-3.6205
-3.6154
-3.37146
-3.42731
-3.20947
-2.85681
-3.09056
-2.94404
-2.95011
-3.0926
-3.18489
-3.48621
-3.6279
-3.55793
-3.36608
-3.65324
-3.37438
-3.44766
-3.50198
-3.26806
-3.42939
-3.52453
-3.31037
-3.60871
-3.41204
-3.17924
-2.86438
-3.08289
-2.98861
-3.06719
-3.22376
-2.96593
-3.4505
-3.65438
-3.47258
-3.35703
-3.33526
-3.60246
-3.51373
-3.1968
-3.00027
-3.17378
-3.21145
-3.29716
-3.07092
-3.11007
-3.02044
-2.79865
-2.94252
-2.96474
-2.909
-2.90687
-3.12076
-3.1511
-3.13357
-3.35444
-3.05445
-3.26233
-3.03137
-3.19907
-3.32612
-3.22767
-3.25573
-3.51209
-3.40316
-3.17373
-3.44326
-3.0494
-2.73254
-2.81165
-2.82429
-2.90576
-2.87313
-2.94379
-3.33086
-3.23733
-3.18111
-3.04297
-3.37079
-3.11361
-3.19406
-2.98325
-2.69991
-2.81625
-2.82122
-2.79231
-2.96681
-2.81565
-2.79448
-2.56671
-2.74314
-2.8016
-2.66929
-2.91455
-2.70609
-3.02382
-3.17236
-2.91951
-2.96542
-2.8834
-3.0328
-3.17625
-2.16772
-1.93084
-2.16799
-2.20953
-2.27528
-2.04864
-2.10062
-1.99127
-1.76702
-1.96299
-1.94363
-1.88622
-1.88524
-2.08268
-2.14315
-2.15022
-2.34495
-2.10164
-2.24956
-2.03254
-2.20107
-2.60695
-2.59895
-2.49789
-2.74284
-2.59253
-2.49855
-2.77478
-2.35051
-2.16144
-2.11807
-2.18805
-2.3137
-2.21498
-2.2178
-2.54979
-2.35581
-2.37813
-2.28161
-2.5029
-2.38802
-2.38079
-2.06524
-1.81294
-1.89993
-1.86856
-1.92782
-2.00553
-1.90676
-2.00143
-1.87642
-2.00939
-2.11018
-1.90879
-2.13887
-1.98959
-2.14636
-2.25579
-2.02928
-2.16314
-2.05134
-2.11346
-2.31055
-1.1481
-0.851658
-1.09595
-1.17656
-1.25117
-0.986369
-1.07107
-0.760125
-0.944838
-0.884421
-0.984073
-0.946168
-0.863654
-1.06999
-1.12826
-1.10069
-1.07223
-1.31713
-1.23043
-0.990361
-1.18785
-1.66506
-1.68638
-1.53678
-1.75591
-1.62395
-1.5698
-1.81792
-1.45698
-1.34332
-1.24279
-1.34357
-1.46108
-1.35074
-1.32784
-1.5709
-1.38051
-1.40519
-1.32465
-1.50825
-1.44216
-1.42373
-0.845011
-0.903651
-0.94627
-1.08408
-0.924723
-0.961826
-1.02362
-1.10256
-1.01906
-1.12706
-1.23742
-1.01749
-1.2282
-1.12232
-1.18367
-1.0463
-1.26382
-1.19889
-1.08157
-1.13993
-1.32644
8.16141
7.76777
8.06674
7.35252
7.57044
7.15332
7.67594
7.9312
8.14672
8.07554
7.98871
7.75757
8.05942
7.73759
7.53399
7.22746
7.35522
7.04605
7.4777
7.41174
7.27315
7.54988
7.33279
7.55644
7.06133
7.64817
7.46529
7.29764
6.68031
6.15085
6.36742
6.13374
6.58661
6.46704
6.26819
7.11488
7.13926
6.75081
6.48683
7.02312
6.58759
6.8449
6.22644
6.79666
6.52656
6.94066
6.72735
6.28033
6.38889
5.70402
6.29646
6.00691
6.51359
6.19816
5.89096
6.86812
7.08235
6.56505
6.40467
6.95174
6.97525
6.33062
7.67353
7.74124
7.84909
7.76399
7.5711
7.59619
7.64392
7.30217
7.20189
7.3657
6.95391
7.14467
7.43016
7.23505
7.31838
7.03965
7.09865
6.92315
7.10213
7.18666
7.23897
7.47634
7.7042
7.62216
7.5154
7.50231
7.59888
7.60529
6.664
6.75829
6.9116
7.01528
6.76582
6.90202
6.78641
7.06592
6.99364
6.78158
7.09118
7.16967
6.93819
6.85522
6.58239
6.1909
6.80941
6.39446
6.72128
6.65745
6.14063
5.9639
5.23106
5.68929
5.45524
5.79749
5.82027
5.51865
6.58833
6.52354
6.36029
6.06444
6.67627
6.44245
6.11313
5.87964
6.23355
6.12055
6.27751
6.12531
6.37334
5.9752
5.64193
5.07291
5.68002
5.4176
5.80835
5.52459
5.35285
6.29232
6.18359
6.53348
6.03864
6.39133
6.44261
5.97966
5.6914
5.80333
5.90745
5.46769
5.62742
6.00955
5.58902
5.16748
4.61653
5.0174
4.89199
5.17225
5.06544
4.71687
5.39206
5.32293
5.80635
5.29721
5.69966
5.49434
5.135
4.7453
4.36337
4.22297
4.25259
4.31866
4.63602
4.52279
4.85171
4.51425
4.84963
4.42092
4.95432
4.41534
4.691
2.70065
2.49049
1.84695
2.9576
2.61474
1.91975
3.0645
3.47151
3.99302
4.28655
3.74521
4.08602
3.37872
3.8708
3.11537
3.19067
3.60243
3.70542
3.6924
3.03843
3.32751
2.45722
2.233
1.78504
2.84521
2.52756
1.73562
2.74492
3.19874
3.88305
3.85724
3.60416
3.79586
3.2826
3.47139
4.96203
4.66995
5.02293
4.27919
4.38764
5.18305
4.83955
4.42943
4.20383
4.13529
3.77347
4.05172
4.53639
4.03415
4.34493
3.85781
3.76015
3.61567
3.90389
4.21993
3.95465
4.66749
4.4349
5.00043
4.20022
4.82811
4.80549
4.12132
3.972
3.37446
3.51437
3.09832
3.63319
3.81575
3.45599
3.99902
3.79719
3.63577
3.19439
4.14252
3.68565
3.53148
2.89296
3.04771
3.50293
3.26034
2.96291
3.41705
2.91211
2.12534
1.76456
1.50985
2.05671
2.0732
1.54841
2.17462
2.82604
3.23868
3.10625
2.63023
3.32627
2.7568
2.76625
2.57787
2.12199
2.89591
2.5565
3.00013
2.50969
2.22733
1.96887
1.42554
1.47164
1.93288
2.02034
1.42474
1.81901
2.62919
3.1636
2.67251
2.48617
3.07262
2.69586
2.35633
4.14859
4.37533
4.5086
4.29141
3.80448
3.8649
4.16142
3.66073
3.32077
3.47424
2.86978
3.2573
3.80418
3.36022
3.63172
3.15422
3.2378
2.82774
3.20705
3.54113
3.33406
3.89929
4.32339
4.1895
3.97044
3.8017
4.09861
3.70837
2.86662
2.94725
3.12513
3.33324
2.69709
3.10564
2.95382
3.34969
3.10591
2.7281
3.22844
3.49329
3.09853
3.02821
2.39012
2.01306
2.84224
2.29836
2.46388
2.74196
1.9229
1.66532
0.905386
1.19438
1.19976
1.56656
1.25446
1.28161
2.37141
2.54839
2.23391
1.79108
2.69243
2.27842
1.84809
1.63206
2.23852
2.01895
2.1595
2.00967
2.39628
1.67735
1.44634
0.700831
1.18546
1.14983
1.5729
1.10837
1.08616
2.14359
2.04918
2.52297
1.75542
2.3597
2.29413
1.70075
-0.00779407
1.50304
0.943167
0.729495
0.735904
1.00336
-0.0293682
-1.02312
-1.24885
-2.09276
-0.362622
-0.404397
-1.03778
-2.16113
-0.025116
1.35095
0.894686
0.715116
0.865399
-0.0344638
0.705821
-0.94188
-0.22738
-1.71995
-0.908636
-1.80679
-0.893175
-0.251441
-0.991498
-2.00525
-0.326063
-0.976848
-1.01898
-1.91409
-0.285308
-3.07888
-3.46163
-3.47092
-3.3549
-2.87417
-3.35009
-2.93202
-3.58327
-2.28309
-2.51897
-2.8915
-2.94214
-3.49458
-2.68602
-2.93877
-3.53995
-3.44665
-3.28015
-2.79976
-3.36668
-2.76223
-3.1175
-2.12508
-2.45562
-1.75917
-2.59213
-2.98533
-2.22147
-3.2464
-2.44674
-2.79622
-1.87334
-2.703
-3.35575
-2.3293
0.090572
1.07525
0.788994
0.520801
0.563997
0.78671
0.124045
-0.768791
-0.19975
-1.61137
-0.756408
-0.182956
-0.832836
-1.51375
-0.707838
-1.31857
-0.181447
-0.727475
-0.180741
-0.64439
-1.41547
0.165927
0.844472
0.767628
0.46062
0.752395
0.136751
0.408596
-0.499812
-0.282453
-1.01783
-0.695525
-1.08408
-0.473448
-0.245009
-0.541138
-1.23369
-0.197735
-0.687005
-0.591837
-1.1497
-0.21608
-2.73891
-2.03414
-2.34649
-1.4769
-2.874
-2.21181
-1.94717
-2.89368
-2.59699
-3.09176
-2.21696
-2.75391
-3.22826
-2.29869
-2.62084
-1.96219
-1.40521
-1.78999
-2.07987
-2.4873
-1.86501
-2.15772
-1.59432
-1.57716
-1.22839
-1.65853
-2.05791
-1.62844
-2.54505
-2.39127
-3.05358
-2.14015
-2.67584
-2.92052
-2.07553
-2.25681
-1.84937
-1.25419
-1.72862
-1.74935
-2.37981
-1.67495
0.157668
0.401181
0.576877
-0.0337792
0.045114
0.617421
0.143722
-0.443032
-0.332299
-0.976809
-0.755938
-0.374779
-0.462998
-0.938418
-0.436213
-0.877922
-0.483704
-0.78845
-0.429045
-0.438444
-0.903843
0.110652
0.179857
0.553812
-0.104742
0.492991
0.147344
-0.16774
-0.456086
-0.686853
-0.837713
-0.95132
-0.82257
-0.489633
-0.646269
-0.45717
-0.844338
-0.541278
-0.912169
-0.436829
-0.838734
-0.598167
-1.90917
-1.5722
-1.50746
-1.20201
-1.98824
-1.45318
-1.55811
-2.21229
-2.19546
-2.51139
-1.89887
-2.14766
-2.58763
-1.90829
-1.85366
-1.38095
-1.21251
-1.55584
-1.41273
-1.79112
-1.5542
-1.69073
-1.64637
-1.3343
-1.34092
-1.34104
-1.67522
-1.61845
-2.07509
-2.1677
-2.47948
-1.90497
-2.12208
-2.41771
-1.9119
-1.71124
-1.3597
-1.29991
-1.57187
-1.34701
-1.75167
-1.58697
0.00969068
0.262821
0.326427
0.043111
-0.334179
-0.309469
-0.0196751
-0.529977
-0.723318
-0.82664
-1.04885
-0.759622
-0.487135
-0.836803
-0.531942
-0.818106
-0.828282
-1.0814
-0.792334
-0.572195
-0.814976
-0.106296
0.233269
0.150208
-0.0683791
-0.347472
-0.00571959
-0.365192
-0.684038
-0.977361
-0.897552
-1.14706
-0.782086
-0.804525
-0.924259
-0.671087
-0.84779
-0.797143
-1.14694
-0.583838
-0.835934
-0.891988
-1.63712
-1.67422
-1.33223
-1.43879
-1.64882
-1.34036
-1.70018
-2.00687
-2.25164
-2.25483
-2.0656
-2.00428
-2.27073
-2.0387
-1.61617
-1.36109
-1.4772
-1.76271
-1.34152
-1.6089
-1.73126
-1.54595
-1.84742
-1.4986
-1.6019
-1.39938
-1.58992
-1.82217
-2.02347
-2.32188
-2.23627
-2.09745
-1.99506
-2.22701
-2.13172
-1.59086
-1.36539
-1.58898
-1.79159
-1.43248
-1.57595
-1.81459
-0.66606
-0.319113
-0.184773
-0.303967
-0.388084
-0.4414
-0.422441
-0.890388
-1.0123
-0.851525
-1.20864
-1.08915
-0.762948
-0.97849
-0.865529
-1.23502
-1.09048
-1.22669
-1.15841
-0.996589
-0.952835
-1.20893
-0.404835
-0.482384
-0.534442
-0.415979
-0.492812
-0.00058903
-2.01546
-1.41506
-1.32835
-1.22016
-1.25671
-1.29029
-1.82922
-1.12724
-1.35372
-1.30313
-1.09876
-1.03842
-1.23755
-1.59655
-1.63663
-1.85098
-1.44287
-1.70563
-1.53515
-1.55919
-1.88108
-2.04258
-2.40703
-2.23707
-2.28896
-2.12072
-2.19502
-2.2468
-1.59604
-1.62998
-1.73891
-1.92488
-1.51105
-1.70466
-1.8888
-2.08363
-1.89614
-1.96756
-1.86807
-2.06442
-1.78199
-1.9724
-2.17322
-2.4578
-2.22743
-2.33062
-2.12544
-2.26695
-2.37774
-1.80187
-1.97354
-1.62079
-1.94661
-1.71808
-1.71721
-1.99072
-3.25864
-3.46595
-3.46654
-3.44835
-3.31926
-3.23347
-3.43614
-3.4129
-2.84265
-3.14678
-2.97513
-3.02896
-3.2747
-3.31084
-3.44444
-3.27987
-3.36796
-3.17091
-3.18176
-3.35676
-3.42316
-3.2092
-2.6681
-3.12429
-2.92489
-3.00213
-3.31721
-2.87418
-3.28402
-2.98634
-3.2686
-3.13405
-3.31136
-3.21592
-3.02825
-3.27766
-3.36149
-3.10627
-3.16214
-3.34542
-3.2947
-3.06778
-3.45028
-3.45424
-3.46673
-3.45187
-3.45178
-3.46038
-3.44215
-3.47035
-3.49741
-3.5009
-3.4827
-3.4464
-3.46754
-3.48363
-3.44192
-3.37334
-3.41827
-3.42259
-3.44019
-3.41555
-3.43536
-3.42617
-3.49145
-3.47775
-3.44524
-3.51217
-3.44115
-3.42453
-3.3875
-3.32232
-3.3919
-3.30411
-3.38843
-3.4117
-3.34508
-3.36554
-3.41246
-3.41185
-3.30883
-3.39721
-3.39762
-3.37382
-3.05537
-2.47184
-2.70775
-2.66706
-2.69117
-2.77777
-2.98604
-3.16664
-2.95719
-3.3015
-3.05731
-2.92532
-3.23432
-3.27461
-3.18741
-3.29107
-2.87924
-3.04725
-2.90515
-3.12758
-3.3202
-2.91993
-2.4323
-2.7011
-2.65702
-2.6454
-2.98037
-2.64326
-3.07011
-2.83486
-3.22204
-2.99531
-3.27104
-3.01023
-2.84897
-3.0749
-3.30897
-2.86844
-3.00267
-3.13018
-3.25588
-2.85253
-3.48946
-3.81183
-3.77672
-3.70294
-3.44256
-3.76265
-3.43086
-3.48276
-3.3205
-3.40921
-3.21674
-3.45046
-3.4285
-3.30683
-3.52194
-3.29913
-3.41909
-3.19843
-3.44134
-3.52989
-3.29963
-3.50368
-3.85379
-3.82872
-3.78962
-3.44418
-3.8038
-3.43484
-3.57698
-3.26234
-3.38683
-3.16071
-3.4459
-3.51668
-3.2773
-3.54182
-3.29576
-3.45606
-3.16862
-3.417
-3.57838
-3.28691
-2.78763
-2.48854
-2.52597
-2.65535
-2.65261
-2.55375
-2.74824
-2.97069
-2.83379
-3.2298
-2.96393
-2.82196
-3.01598
-3.17226
-2.96506
-3.10117
-2.81863
-2.95907
-2.82383
-2.91688
-3.1591
-2.69252
-2.54293
-2.52176
-2.67875
-2.51091
-2.73261
-2.68387
-2.8604
-2.86185
-2.95695
-2.94499
-2.98373
-2.83267
-2.85591
-2.87972
-3.07014
-2.8341
-2.93978
-2.91479
-3.01577
-2.83573
-3.46003
-3.24511
-3.3962
-3.11622
-3.52554
-3.33722
-3.22145
-3.57275
-3.36344
-3.50097
-3.27178
-3.49249
-3.58844
-3.30866
-3.4245
-3.25507
-3.10292
-3.17455
-3.31524
-3.35363
-3.20067
-3.1802
-3.07564
-3.07061
-3.04222
-3.11135
-3.11662
-3.10277
-3.33895
-3.2258
-3.41946
-3.23486
-3.41486
-3.3302
-3.19694
-3.23425
-3.21733
-3.05543
-3.15202
-3.16136
-3.30298
-3.12532
-2.58114
-2.62884
-2.52944
-2.75498
-2.74669
-2.50348
-2.57981
-2.80791
-2.87447
-2.91753
-2.94162
-2.87436
-2.81745
-2.88684
-2.78952
-2.82817
-2.89039
-2.94202
-2.88086
-2.78572
-2.85238
-2.55596
-2.72287
-2.526
-2.77109
-2.59184
-2.5454
-2.78641
-2.74915
-2.95856
-2.77262
-2.95102
-2.752
-2.81187
-2.92921
-2.78566
-2.78942
-2.90802
-2.95951
-2.76317
-2.78285
-2.92655
-3.02233
-3.0606
-3.03631
-3.01202
-3.07359
-2.99575
-3.03536
-3.00995
-2.98882
-2.9071
-2.99461
-2.96953
-2.95485
-3.01986
-2.96742
-2.92821
-3.00427
-3.00008
-2.95579
-2.92738
-3.01744
-2.80018
-2.95226
-2.85337
-2.9877
-2.84394
-2.7918
-2.96264
-2.87299
-2.88296
-2.83716
-2.9685
-2.90023
-2.79959
-2.94904
-2.8482
-2.88539
-2.99979
-2.99069
-2.87701
-2.8713
-2.98147
-3.08511
-3.03009
-2.88827
-2.76514
-3.02219
-2.9577
-2.86914
-2.86571
-2.97268
-2.75661
-2.97739
-3.01479
-2.79023
-2.79221
-2.88752
-3.10136
-2.84223
-2.99299
-3.05649
-2.94893
-2.80349
-3.55643
-3.17622
-3.35735
-3.08467
-3.03916
-2.97862
-3.18827
-3.23855
-3.25122
-3.02243
-3.07602
-2.96827
-3.34915
-3.2897
-3.12707
-3.16651
-2.86902
-3.04029
-3.02336
-2.92121
-3.21419
-2.75502
-2.93436
-2.82898
-2.98445
-2.75177
-2.85073
-2.92311
-2.68909
-2.72385
-2.56283
-2.81159
-2.69048
-2.57163
-2.83633
-2.72809
-2.87247
-2.98831
-2.89851
-2.8434
-2.73757
-2.91232
-2.73249
-2.8944
-2.9913
-3.04418
-2.94409
-2.74866
-2.88356
-2.66665
-2.62634
-2.51658
-2.79139
-2.65868
-2.51232
-2.76678
-2.73745
-2.88177
-3.01524
-2.89271
-2.92135
-2.72257
-2.88175
-5.10945
-5.08653
-5.07037
-3.63585
-3.79403
-3.66678
-3.57102
-3.58014
-3.31221
-3.09166
-3.19997
-3.33132
-3.5392
-3.10139
-3.72249
-3.6565
-3.13459
-3.35229
-3.63465
-3.72172
-3.14583
-5.13601
-6.22839
-5.39128
-3.61828
-4.49399
-3.77987
-4.39988
-3.72047
-4.06994
-3.18136
-3.66218
-3.13117
-3.69606
-3.99697
-3.78024
-3.98471
-3.16943
-3.59339
-3.86558
-3.14733
-3.90573
-2.74086
-2.93939
-3.02593
-3.1834
-2.73846
-3.04585
-2.96452
-2.59823
-2.58782
-2.38274
-2.8334
-2.60148
-2.38452
-2.8161
-2.73162
-3.08297
-3.28066
-3.06459
-3.07255
-2.73068
-3.02844
-2.70858
-3.21644
-3.10507
-3.48879
-3.08544
-2.748
-3.18701
-2.5985
-2.59889
-2.36715
-2.86415
-2.58605
-2.37418
-2.88417
-2.729
-3.10432
-3.449
-3.12794
-3.10633
-2.72389
-3.16089
-4.68497
-4.04782
-3.97081
-3.79858
-4.19331
-4.17297
-3.8453
-3.59773
-4.04796
-3.16447
-3.79004
-4.06173
-3.58698
-3.22577
-3.52523
-4.1089
-3.28668
-3.80469
-4.09448
-3.58232
-3.22407
-4.39067
-4.06485
-4.17314
-3.83442
-4.19524
-3.80037
-4.18549
-3.69007
-4.04726
-3.45842
-3.78836
-3.41352
-3.7783
-4.06454
-3.66449
-4.11048
-3.3112
-3.80397
-3.57266
-3.36806
-4.09423
-2.78307
-3.22461
-3.08035
-3.57266
-2.73549
-3.10655
-3.24566
-2.64312
-2.5928
-2.44504
-2.93191
-2.68227
-2.41976
-2.92037
-2.78823
-3.14391
-3.56867
-3.25111
-3.10047
-2.8415
-3.24011
-2.96324
-3.26366
-3.31416
-3.54984
-3.26278
-3.00733
-3.25048
-2.75161
-2.61536
-2.47098
-2.92746
-2.7093
-2.49862
-2.94117
-2.91933
-3.16764
-3.56116
-3.24315
-3.22123
-2.86858
-3.25372
-4.20929
-4.09925
-4.13567
-3.84659
-4.14266
-4.12277
-3.93165
-3.86199
-4.0255
-3.50946
-3.80039
-4.02098
-3.79913
-3.54395
-3.84699
-3.99671
-3.62617
-3.8064
-4.00353
-3.88334
-3.59627
-4.11749
-4.00416
-3.97422
-3.99181
-4.12452
-3.91734
-4.12157
-3.88106
-3.94454
-3.77335
-3.82272
-3.76591
-3.91641
-3.94992
-3.89504
-3.97552
-3.67979
-3.8267
-3.86152
-3.70321
-3.96522
-3.0975
-3.26497
-3.36062
-3.55633
-3.06445
-3.39997
-3.28114
-2.9699
-2.69289
-2.69763
-3.0109
-2.99222
-2.67763
-2.98946
-3.16282
-3.46865
-3.55664
-3.30891
-3.44152
-3.18608
-3.28979
-3.34891
-3.36279
-3.57942
-3.57615
-3.56985
-3.34879
-3.35154
-3.06088
-2.77089
-2.75125
-3.02578
-3.04809
-2.769
-3.04651
-3.27075
-3.50884
-3.57317
-3.32188
-3.52757
-3.25808
-3.33837
-3.99976
-3.9496
-3.96359
-4.06856
-3.93529
-3.97794
-4.06117
-3.92852
-3.9279
-3.83563
-3.79002
-3.90367
-3.90177
-3.82836
-3.90787
-3.83381
-3.8495
-3.77512
-3.86522
-3.91802
-3.88312
-3.80455
-3.90788
-3.87022
-3.96701
-3.87907
-4.00539
-3.82446
-3.80706
-3.60269
-3.75438
-3.62393
-3.84219
-3.73062
-3.66897
-3.87093
-3.78925
-3.88375
-3.66812
-3.88779
-3.82436
-3.73495
-3.41248
-3.37304
-3.62254
-3.57248
-3.42887
-3.61857
-3.37632
-3.21493
-2.86305
-2.94973
-3.09728
-3.19106
-2.9552
-3.09906
-3.48897
-3.63223
-3.56332
-3.37155
-3.65651
-3.4513
-3.37957
-3.50732
-3.27491
-3.5312
-3.43622
-3.6145
-3.41832
-3.31697
-3.18635
-2.87114
-2.99438
-3.08988
-3.23013
-2.9724
-3.07445
-3.45537
-3.65881
-3.47955
-3.36284
-3.60796
-3.51762
-3.34124
-3.33758
-3.33765
-3.43189
-3.532
-3.30284
-3.3966
-3.43798
-3.56493
-3.52287
-3.74099
-3.42626
-3.44388
-3.64706
-3.60825
-3.48209
-3.25353
-3.41053
-3.34363
-3.34614
-3.38023
-3.55676
-3.00761
-3.21718
-3.11595
-3.20218
-3.18066
-3.30227
-3.07797
-3.02779
-2.80672
-2.97209
-2.95031
-3.12785
-2.9163
-2.91502
-3.15831
-3.14157
-3.36071
-3.06214
-3.2693
-3.20626
-3.03941
-3.33353
-3.23483
-3.51885
-3.26356
-3.44982
-3.41069
-3.18116
-3.0584
-2.74021
-2.8327
-2.82004
-2.95299
-2.91402
-2.88129
-3.33883
-3.24597
-3.18928
-3.05071
-3.37882
-3.20213
-3.12123
-2.99185
-2.70782
-2.82993
-2.82476
-2.97521
-2.82367
-2.80028
-2.80385
-2.57461
-2.81005
-2.75163
-2.92383
-2.71472
-2.6778
-3.03226
-3.1812
-2.92797
-2.97331
-3.0413
-3.18431
-2.89132
-2.33645
-2.36639
-2.47648
-2.54381
-2.32331
-2.44014
-2.43544
-2.66367
-2.67274
-2.87579
-2.60896
-2.55967
-2.77431
-2.72295
-2.51547
-2.30256
-2.46622
-2.47888
-2.41876
-2.40706
-2.6148
-1.93698
-2.21557
-2.10629
-2.17319
-2.17453
-2.28105
-2.05489
-1.99729
-1.77288
-1.9492
-1.96919
-2.08855
-1.8918
-1.89148
-2.14934
-2.15725
-2.35131
-2.10826
-2.2561
-2.20729
-2.0392
-2.61526
-2.60683
-2.75126
-2.50609
-2.78261
-2.60103
-2.50632
-2.35945
-2.16871
-2.19558
-2.12573
-2.22646
-2.32157
-2.2229
-2.55794
-2.36375
-2.38613
-2.28901
-2.51105
-2.38861
-2.39566
-2.07196
-1.8189
-1.87498
-1.90654
-2.01233
-1.91306
-1.93419
-2.00937
-1.88283
-2.1172
-2.01672
-2.14714
-1.99647
-1.91577
-2.15338
-2.26327
-2.03632
-2.17024
-2.12064
-2.31793
-2.0581
-1.22261
-1.32936
-1.43673
-1.50585
-1.24106
-1.35783
-1.40137
-1.6354
-1.62459
-1.82922
-1.58646
-1.50552
-1.74017
-1.69343
-1.4852
-1.24217
-1.44026
-1.44632
-1.35883
-1.38166
-1.57276
-0.854424
-1.17989
-1.07421
-1.1509
-1.09889
-1.25425
-0.988975
-0.761882
-0.947161
-0.886934
-0.986817
-0.948366
-1.07247
-0.865675
-1.13148
-1.10379
-1.07501
-1.32042
-1.23396
-1.19091
-0.993118
-1.67061
-1.69188
-1.76178
-1.54195
-1.82369
-1.62955
-1.57483
-1.46266
-1.34772
-1.34848
-1.24696
-1.33299
-1.46647
-1.35542
-1.57589
-1.38517
-1.40979
-1.32869
-1.51328
-1.42832
-1.44668
-0.847003
-0.906559
-0.949082
-1.08724
-0.92715
-1.02683
-0.964315
-1.10678
-1.02206
-1.24187
-1.13067
-1.2328
-1.12644
-1.02057
-1.18733
-1.0493
-1.26789
-1.2024
-1.14367
-1.33047
-1.08457
8.75444
8.66857
8.21323
8.29255
8.45055
8.4784
8.34468
7.91093
8.10809
8.00765
8.00943
7.89016
8.0125
7.58758
8.67652
7.86112
7.59414
8.03976
5.09905
6.1717
5.12729
6.12298
4.61323
5.70169
4.78638
5.74906
4.67775
5.59926
4.72763
5.06347
5.16197
4.9626
4.10006
4.33465
4.18744
4.25945
-1.14297
0.964516
-1.0639
0.820857
-0.795632
0.802311
-0.865864
0.727324
-0.761447
0.714573
-0.877832
-0.47891
0.769371
-0.519988
0.744995
-0.450031
0.725883
-0.542056
0.49327
0.568597
0.469559
-0.4423
-0.420306
-0.447152
-0.426837
-0.248249
0.0224559
-0.237453
-0.806366
-0.681549
-0.843235
-0.656146
-1.35738
-1.07332
-1.24903
-0.143015
-1.34643
-1.09812
-1.33095
-2.66805
-2.73689
-2.8688
-2.83073
-2.393
-2.66639
-2.80038
-3.11405
-2.4735
-2.76667
-2.7613
-2.99411
-2.85271
-3.06401
-3.33534
-2.83317
-3.28815
-2.87275
-3.3316
-2.82837
-3.40193
-2.87726
-2.66508
-3.09815
-2.62159
-2.98154
-2.58135
-2.99352
-2.96142
-2.74697
-2.87947
-2.73745
-2.7817
-2.77747
-2.7188
-0.274929
-0.104988
-0.126162
-0.033625
-0.0434704
-0.125999
-0.274039
-0.576771
-0.783537
-0.804952
-0.584973
-0.803087
-0.574151
-0.585177
9.38688
9.19749
9.47553
9.10936
9.34548
9.4073
9.17594
9.04952
9.44112
9.30703
9.08497
6.49248
6.79887
6.00704
6.08325
6.60468
6.68904
5.91175
2.34468
2.6029
1.55626
1.64049
2.39905
2.5398
1.51813
2.05495
1.87576
1.36972
1.17087
2.10503
1.83144
1.34289
-2.49585
-2.26875
-2.74343
-2.43597
-2.57476
-2.2
-2.69337
-0.274785
-0.126393
-0.0335471
-0.105059
-0.0434389
-0.274207
-0.125864
-0.578663
-0.803902
-0.586321
-0.784103
-0.585586
-0.804387
-0.577181
9.19948
9.4773
9.38736
9.10859
9.40776
9.17793
9.44207
9.34726
9.04981
9.30699
9.08875
2.6024
1.55784
2.39664
2.33054
1.64042
2.52776
1.50935
1.87469
1.37094
2.10448
2.04557
1.16976
1.82411
1.34068
-1.35855
-1.07765
-1.25513
-0.14165
-1.34765
-1.33607
-1.09874
-2.27311
-2.74691
-2.57977
-2.49983
-2.43218
-2.20134
-2.69162
8.75419
8.66684
8.21177
8.2972
8.71496
8.5503
8.62485
8.15914
8.17814
8.08298
8.24259
7.62109
6.99829
6.93803
7.69868
7.53073
6.72419
7.52757
6.90023
7.43822
6.82832
7.61632
8.44765
8.47624
8.34075
7.90704
8.10854
8.0102
8.00676
7.20491
6.6204
7.4291
6.59773
7.32519
6.50485
7.31234
7.01864
7.06065
6.23844
6.47345
6.90388
6.37188
7.17165
8.01121
7.58684
8.6729
7.86004
7.88693
8.03691
7.59035
6.79563
6.0036
6.60206
6.4823
6.07297
6.6798
5.90093
5.09883
6.17292
6.11593
5.13202
4.96227
5.86058
6.05678
4.89469
5.98717
4.83558
5.00742
3.92648
2.42301
2.39813
3.97578
3.77365
2.23106
3.72106
2.34688
3.6454
2.29031
3.85866
4.59977
5.73017
5.70146
4.7828
5.60201
4.71336
4.68523
4.49631
5.30936
5.56467
4.46599
5.46798
4.37663
4.57844
3.43791
2.17278
3.66028
2.19175
3.56299
2.12505
3.53192
3.34605
2.02897
3.3324
2.15976
3.2343
2.09664
3.438
5.06377
4.09627
5.14662
4.3331
4.95598
4.24918
4.18807
4.86175
3.83688
4.47409
3.74969
3.94822
4.75545
4.03911
3.00634
1.98376
3.22832
1.98446
3.14161
1.91686
3.09777
2.79204
1.74361
2.70784
2.87578
1.90715
1.84072
2.96292
-1.14308
0.945743
0.790951
-1.06458
-1.07156
0.722473
0.907309
-0.9755
0.757972
-1.01155
-1.00751
-2.66588
-3.06279
-2.39072
-1.98162
-2.77299
-2.91385
-3.03202
-2.31157
-1.98711
-2.31459
-1.9487
-0.783218
0.703501
0.786711
-0.869265
0.698104
-0.890446
-0.751374
-0.697554
0.727881
0.79039
-0.561579
0.714923
-0.612152
-0.645124
-2.70898
-2.10864
-1.95847
-2.43706
-2.24825
-2.55029
-1.98224
-1.94817
-2.47949
-1.74656
-2.29318
-1.79845
-2.5297
-1.89787
-0.482837
0.724692
0.757768
-0.50655
0.7104
-0.538817
-0.45074
0.624817
-0.445076
0.720164
-0.408249
0.682027
-0.419642
-0.424682
-1.60124
-2.44601
-1.64056
-2.2762
-1.68417
-2.3572
-1.53697
-1.53821
-2.26625
-1.44558
-2.24799
-1.46461
-2.33826
-1.50981
0.48655
0.55531
0.469273
-0.449671
-0.418173
-0.427603
-0.442905
0.359837
0.190819
0.347583
-0.496412
-0.581344
-0.562589
-0.501763
-1.40109
-2.23359
-1.43213
-2.17465
-1.429
-2.15968
-1.41934
-1.40393
-2.08164
-1.46504
-2.17041
-1.42466
-2.12431
-1.43456
-0.251093
0.0204957
-0.237886
-0.810684
-0.682745
-0.661386
-0.845639
-1.57801
-2.07128
-1.53147
-2.15983
-1.4834
-2.08873
-1.63479
-1.97804
-2.25582
-1.90883
-1.72274
-2.22191
-2.15253
-1.7843
-1.57169
-0.756846
-1.5011
-1.39937
-1.51735
-1.42405
-1.53441
-3.16157
-3.38714
-3.20492
-2.67183
-2.77278
-2.88694
-2.84879
-2.39834
-2.80924
-2.6668
-2.90427
-2.66159
-2.55677
-2.62923
-2.73695
-3.01822
-2.56041
-2.87955
-3.07862
-2.88894
-2.87119
-3.02732
-2.72069
-2.76843
-2.96886
-3.41176
-3.25924
-3.11112
-2.85888
-3.16476
-2.83853
-3.13534
-2.75769
-2.48027
-2.76564
-2.85212
-3.07079
-2.9998
-3.34208
-2.89458
-2.73507
-3.15829
-2.9059
-3.41335
-2.9354
-3.43588
-3.64485
-3.87333
-3.56357
-3.0045
-3.31793
-3.06618
-3.6312
-4.41547
-4.17105
-3.71106
-3.62956
-3.91056
-3.37719
-3.33149
-2.89875
-2.83408
-3.30603
-2.81779
-3.43179
-3.32393
-3.26388
-2.67706
-2.84057
-3.21779
-2.78035
-3.12424
-3.32837
-4.35246
-3.82031
-3.74855
-4.27365
-3.87203
-4.1921
-3.82483
-3.65032
-3.68728
-3.6331
-4.07352
-3.49318
-3.94745
-3.74566
-2.87261
-2.63675
-2.68856
-3.0892
-2.5867
-2.98139
-2.98527
-2.63107
-2.78855
-2.69377
-2.81638
-2.59672
-2.72899
-2.89145
-3.09959
-3.40804
-3.44987
-3.31251
-3.29357
-3.14614
-3.25926
-2.95388
-2.71129
-2.95595
-3.06945
-2.83216
-2.93033
-3.0933
-2.97017
-2.74827
-2.88054
-2.73489
-2.78577
-2.71439
-2.78254
-3.3591
-3.24274
-3.15724
-2.78604
-2.87428
-2.86319
-2.81899
-2.70518
-2.59023
-2.85612
-2.50947
-2.76023
-2.45432
-2.79906
-2.73264
-2.30048
-2.79259
-2.41334
-2.72775
-2.38458
-2.80037
-2.81569
-2.27763
-2.90818
-2.19908
-2.84912
-2.21753
-2.85856
-3.0199
-2.20176
-2.9395
-2.2067
-2.92506
-2.22842
-3.06615
-3.02419
-2.24303
-2.98347
-2.2351
-2.97513
-2.30036
-2.98665
-3.09157
-2.58563
-3.0316
-2.35195
-3.06009
-2.41859
-3.06764
-3.08149
-2.7692
-3.05276
-2.8473
-3.08055
-2.92959
-3.04756
-3.15765
-3.08474
-3.17868
-2.96923
-3.27453
-3.02926
-3.09738
-3.50214
-3.15846
-3.29192
-3.12345
-3.4166
-3.20335
-3.36445
-3.56852
-3.27959
-3.425
-3.17251
-3.57031
-3.26114
-3.41774
-3.43998
-3.28269
-3.40156
-3.12121
-3.5426
-3.21334
-3.32764
-3.29303
-2.96669
-3.02233
-3.05033
-3.06988
-3.11892
-3.20452
-2.65333
-2.79435
-2.80753
-2.54431
-2.85423
-2.53939
-2.58081
-2.4141
-2.06775
-2.132
-2.31203
-2.14888
-2.31684
-2.38129
-1.60172
-1.81793
-1.87421
-1.5636
-1.87524
-1.55568
-1.60777
-1.04573
-1.07725
-1.06699
-1.3257
-1.30672
-1.29742
-1.33331
8.71692
8.55307
8.62093
8.14795
8.17841
8.23988
8.09351
7.6276
6.99653
7.6994
6.93887
7.52734
7.53154
6.90089
6.72184
7.61715
7.43273
6.84098
7.20478
7.43051
6.59917
6.62201
7.3151
7.33965
6.49816
7.02152
6.23913
6.91406
7.066
6.4731
7.17357
6.38624
7.642
8.40436
7.99216
7.65305
7.29838
7.79427
7.87237
4.96115
6.05936
4.88829
5.86738
4.99946
5.9945
4.83864
3.92387
2.42443
3.97512
2.39694
3.77751
3.71554
2.34453
2.22191
3.85767
3.64246
2.28839
5.32085
4.50137
5.56706
4.4615
4.57919
5.46583
4.36488
3.45085
3.6571
2.18187
2.17327
3.53362
3.57821
2.12636
3.36554
3.34234
2.14217
2.02451
3.44111
3.25439
2.08626
4.86298
3.83899
4.48258
4.76915
3.76539
3.95916
4.0396
3.02544
3.23034
1.98237
1.97711
3.1018
3.1485
1.92334
2.79786
1.74914
2.73411
2.88445
1.90311
2.95767
1.84984
-1.06492
0.917196
-0.977696
0.738861
-1.00708
0.787213
-1.01914
-2.65322
-3.02915
-2.37268
-1.97297
-2.76016
-2.90515
-3.00677
-2.29969
-1.98526
-1.93942
-2.31172
-0.69917
0.802591
-0.561908
0.753396
-0.656965
0.739589
-0.612335
-2.69045
-2.10833
-1.94497
-2.44195
-1.96518
-2.23038
-2.54216
-1.95204
-1.73982
-2.29752
-2.47072
-1.8984
-1.78438
-2.53021
0.641697
-0.449161
0.72464
-0.410969
-0.43279
0.689613
-0.424744
-1.58388
-1.6452
-2.24627
-2.41108
-1.52153
-1.70185
-2.3119
-1.55539
-1.42059
-2.27324
-2.26257
-1.53714
-1.4483
-2.33962
0.36423
0.194897
0.348012
-0.489536
-0.582172
-0.503608
-0.561204
-1.40097
-1.44217
-2.17501
-2.20812
-1.41674
-1.43972
-2.15243
-1.39957
-1.45969
-2.15821
-2.08048
-1.43
-1.42069
-2.1148
-1.57452
-1.52537
-2.15532
-2.06775
-1.62904
-1.47657
-2.08946
-1.97251
-2.25609
-1.90629
-1.71998
-2.21695
-1.77878
-2.15116
-1.45352
-0.321559
-1.02015
-0.998753
-1.48263
-1.22728
-1.16769
-2.93887
-2.92155
-2.87558
-2.84737
-2.98192
-2.89641
-2.88298
-2.63123
-2.60234
-2.65815
-2.61093
-2.59423
-2.58766
-2.65883
-2.88175
-2.55516
-2.63235
-2.659
-2.5616
-2.71763
-2.9935
-2.87211
-3.07202
-2.88065
-3.02088
-2.86321
-2.71381
-2.76114
-2.96509
-3.38308
-3.23558
-3.08488
-2.85637
-2.83273
-3.16179
-3.33201
-2.73116
-3.15939
-2.91671
-2.93235
-2.89515
-3.37523
-3.42878
-3.62425
-3.82973
-3.56954
-2.99872
-3.05974
-3.30197
-3.61421
-4.36246
-4.16026
-3.69269
-3.61317
-3.37608
-3.90669
-3.25926
-2.81102
-3.21291
-2.6726
-3.31186
-2.76166
-3.12352
-4.33555
-3.83471
-3.7302
-4.24857
-3.81484
-3.87788
-4.17861
-3.66833
-3.60003
-4.05555
-3.6469
-3.71966
-3.4727
-3.94367
-2.62659
-2.79762
-2.67896
-2.81286
-2.89301
-2.59449
-2.73387
-3.07804
-3.44469
-3.29139
-3.42471
-3.20759
-3.30642
-3.14448
-2.96413
-2.93117
-3.05456
-2.71469
-3.08075
-2.82919
-2.93421
-3.23609
-3.35849
-3.15653
-2.78653
-2.8684
-2.81305
-2.86209
-2.70629
-2.84281
-2.49865
-2.5943
-2.78512
-2.76452
-2.45724
-2.7339
-2.7843
-2.40425
-2.3022
-2.78984
-2.72863
-2.3865
-2.81659
-2.90194
-2.19734
-2.27727
-2.85518
-2.84939
-2.2197
-3.01942
-2.93653
-2.20181
-2.19751
-3.06344
-2.9234
-2.22664
-3.02232
-2.98283
-2.2309
-2.24467
-2.98461
-2.97413
-2.29816
-3.08891
-3.03118
-2.35125
-2.58475
-3.06715
-3.05694
-2.41924
-3.07724
-3.05196
-2.84543
-2.7678
-3.04717
-3.07596
-2.92984
-3.1522
-3.17708
-2.96531
-3.08621
-3.09399
-3.27229
-3.025
-3.50131
-3.28709
-3.12366
-3.15324
-3.36313
-3.41287
-3.20544
-3.56558
-3.4247
-3.16456
-3.28719
-3.4128
-3.56972
-3.25686
-3.4412
-3.39764
-3.12295
-3.28075
-3.32799
-3.53913
-3.22185
-3.29102
-3.02282
-3.04254
-2.9784
-3.20045
-3.07589
-3.11877
-2.6597
-2.80414
-2.54816
-2.79567
-2.58187
-2.85645
-2.5503
-2.41669
-2.13343
-2.30528
-2.07779
-2.37745
-2.15466
-2.31536
-1.6064
-1.87195
-1.56839
-1.81877
-1.60931
-1.87715
-1.56424
-1.07793
-1.0516
-1.07005
-1.32739
-1.30205
-1.33179
-1.29631
-0.201747
-0.0569623
-0.0415922
-0.0399905
-0.023108
-0.066308
-0.167414
-0.0493978
-0.185134
-0.0175392
-0.0465689
-0.045622
-0.228084
-0.0191688
-0.0108308
-0.0868828
-0.0796236
-0.179709
-0.0860428
0.0907436
-0.282196
-0.245976
0.0380363
-0.0517953
-0.0845219
-0.0655086
-0.0109439
-0.170045
-0.254674
-0.0989068
-0.113122
-0.0549301
-0.0477163
-0.106213
-0.235286
9.89176
9.88722
9.6569
10.1814
9.7079
9.91965
9.85454
9.71178
9.68028
9.98819
9.86267
9.4845
9.753
9.83805
9.49795
9.10704
9.33731
9.82101
9.53947
9.2834
9.44264
8.61937
8.90148
8.44828
8.78691
8.23798
9.24391
8.69805
7.27488
8.04854
7.15127
6.81537
7.18337
7.02629
7.42359
5.18594
5.97859
5.06453
5.46489
4.9013
6.20413
5.27008
3.5079
3.79001
3.33929
4.71615
3.28184
3.7878
3.50987
3.28314
3.47722
4.4363
3.77007
3.0151
3.54482
3.56842
2.92844
2.72569
2.94048
3.90641
3.13622
2.79992
2.87507
0.583444
1.58286
0.555121
0.769688
0.588584
1.49481
0.586182
-1.5772
-0.765118
-1.48879
-1.38749
-1.52947
-1.52323
-1.42611
-3.77519
-2.78804
-4.09458
-3.84758
-3.64354
-3.01887
-4.08015
-3.34279
-3.12603
-3.27008
-3.17041
-0.255333
-0.0994962
-0.113175
-0.0557707
-0.0478474
-0.10659
-0.235155
-0.200931
-0.0577016
-0.0414438
-0.0403767
-0.023503
-0.0660138
-0.167407
-0.0492368
-0.185034
-0.0470014
-0.0174298
-0.0457653
-0.0191963
-0.227622
-0.011465
-0.0867438
-0.08011
-0.177526
-0.0858822
0.0930269
-0.283055
-0.246014
0.0388049
-0.0846711
-0.0516572
-0.0651423
-0.169049
-0.0114582
9.49561
9.81782
9.10027
9.33096
9.44127
9.27769
9.53631
9.89253
9.88692
9.65658
10.1806
9.8544
9.70791
9.91989
9.71045
9.98483
9.68372
9.86323
9.84013
9.48237
9.75104
8.61228
8.78157
8.88784
8.43698
9.23976
8.69268
8.22122
2.92709
3.9024
2.7185
2.92901
2.87932
3.13202
2.79042
3.50508
3.78718
3.33579
4.71272
3.50691
3.78421
3.27727
3.27084
4.42302
3.46461
3.75762
3.532
3.55705
3.00034
0.585174
0.772545
1.56782
0.540207
1.5049
0.5873
0.566327
-3.77382
-3.851
-4.1062
-2.80406
-4.08198
-3.01894
-3.65711
-1.4561
-0.321246
-1.02343
-1.00364
-1.48534
-1.17134
-1.23011
-2.63978
-2.66681
-2.61865
-2.60939
-2.6667
-2.60432
-2.59621
-2.96324
-2.94375
-2.90357
-2.87244
-2.9077
-3.00883
-2.92083
8.03797
7.26434
7.13684
6.80394
7.41312
7.17637
7.01192
9.08024
9.75083
9.17735
9.49562
8.99409
8.97103
8.69069
9.29236
9.69928
9.1777
9.73558
9.21679
8.96154
8.92288
5.90223
6.97471
6.14623
6.95827
5.91625
5.62921
5.65561
7.04948
5.88701
5.9298
6.6688
5.74765
5.6651
5.33229
1.09439
2.44164
1.12535
2.01411
0.834717
1.15606
0.671215
1.2903
2.32554
1.02266
2.25263
1.00385
0.879962
0.966419
-3.99032
-2.53114
-3.7377
-2.60207
-3.99414
-3.64838
-3.57017
-2.29348
-3.81993
-3.74442
-2.73429
-3.23914
-4.05109
-3.75447
9.69881
9.17678
9.29293
9.73606
9.21649
8.96145
8.92179
9.07912
9.75034
9.17696
8.97068
9.49405
8.99235
8.6899
2.32084
1.01854
1.29129
2.25444
1.00466
0.883072
0.961558
1.08872
2.43086
1.12112
1.15295
2.00548
0.829647
0.670001
-3.99556
-3.73788
-2.53873
-3.99502
-2.60234
-3.6468
-3.57673
-3.74797
-3.82114
-2.29925
-4.05205
-3.24455
-2.7349
-3.75317
5.45199
5.05274
5.25912
5.1799
5.96575
6.1887
4.89628
8.40128
7.63597
7.98543
7.64174
7.86367
7.7891
7.29216
5.90037
6.97395
6.14063
5.91124
5.62194
5.65382
6.95356
5.87478
5.91763
5.65342
5.31766
7.03938
5.73526
6.65886
-3.35666
-3.44139
-3.38216
-3.31913
-3.25773
-3.31819
-3.12135
-3.12121
-3.2727
-3.11251
-3.303
-2.99235
-3.0018
-3.09624
-3.09399
-3.24547
-3.2814
-3.0891
-2.96903
-2.97087
-3.3181
-3.41601
-3.27858
-3.21093
-3.27695
8.00585
7.99645
5.22776
5.19766
5.2024
4.62935
4.6024
4.60789
3.61761
1.0399
1.04304
1.03122
0.732885
0.719582
0.712805
0.379643
0.354971
0.354743
0.115433
0.0684317
-3.22677
-3.25299
-3.23792
-2.82978
-2.81141
-2.82627
-2.53395
-2.53071
-2.53732
-2.48619
-2.49363
-2.49392
-2.65071
-2.66792
-2.66236
-4.54112
-4.7262
-4.08733
-4.10619
-4.10051
-3.99998
-4.0079
-4.00628
-3.54914
-3.54719
-3.55164
-2.67284
-2.66416
-2.66944
-1.6395
-1.62385
-1.62822
-0.706201
-0.689491
-0.753902
-0.748348
-0.750314
8.35051
8.34966
8.33221
8.33367
5.241
5.21637
5.21975
5.47668
0.945925
0.916645
0.91878
0.646157
0.629201
0.620268
0.595873
-2.34641
-2.36778
-2.36293
-3.10057
-4.93143
-4.08266
-4.10168
-4.09413
-4.05987
-4.07611
-4.06973
-4.08878
-4.09188
-4.09174
-4.04274
-4.04496
-4.04572
-3.70048
-3.69331
-3.69806
-3.61438
-3.60636
-3.61123
-2.89156
-2.87688
-2.88204
-2.75747
-2.74245
-2.7476
-1.85653
-1.84133
-1.84477
-1.70947
-1.69441
-1.69782
-0.891897
-0.866869
-0.732226
-3.28608
-3.24567
-3.27529
-0.756333
-0.750697
-0.752695
9.99858
9.99746
9.99943
3.89022
3.87826
3.87552
9.24036
8.83097
2.80089
2.77926
2.78432
2.63799
1.5039
-0.00856427
-1.5642
-3.31719
-0.352011
-0.813034
-0.804385
-0.8079
-0.44156
-0.440127
-0.440694
9.6048
9.58637
9.57886
9.57661
9.57888
8.00727
8.00269
8.00258
5.7962
5.76395
5.77009
5.72058
5.68748
5.69389
5.25544
5.23403
5.23893
8.14447
8.13143
8.13278
8.15474
8.11606
5.32325
5.29386
5.29834
1.89454
1.90163
1.89034
4.66981
4.64094
4.64757
1.82968
1.83419
1.82381
1.35182
1.33661
1.33083
3.72336
1.28576
1.268
1.26293
0.968628
0.940325
0.941055
2.25334
2.18956
2.08768
2.04701
2.05708
1.08961
1.09686
1.08387
-3.10169
-3.08613
-3.10707
0.771541
0.759894
0.752006
-3.07038
-3.0507
-3.07172
-2.5661
-2.54698
-2.56505
0.411278
0.384866
0.383768
-2.50364
-2.48628
-2.50299
-2.24252
-2.23929
-2.24732
0.0544132
0.0291791
0.0281841
-2.23369
-2.23259
-2.23976
-2.2103
-2.22009
-2.22077
-2.20276
-2.21397
-2.21371
-2.34719
-2.35816
-2.35435
-1.04102
-1.03337
-1.03819
-0.980365
-1.01032
-2.8554
-2.83444
-2.85009
-3.57759
-3.55723
-2.52811
-2.52212
-2.52949
-3.46539
-3.47709
-3.58265
-3.56703
-3.56815
-2.47204
-2.47909
-2.48025
-3.55074
-3.53488
-3.53636
-3.16426
-3.15037
-3.14983
-2.60538
-2.619
-2.61388
-3.10216
-3.08885
-3.08781
-2.73566
-2.73344
-2.72673
-3.88573
-2.69086
-2.69008
-2.68289
-2.4896
-2.49408
-2.48872
-5.39756
-2.48597
-2.49146
-2.48643
-2.56576
-2.56812
-2.56751
-4.0927
-4.11603
-4.10858
-2.58695
-2.58571
-2.58647
-2.70542
-2.69511
-2.69682
-4.02894
-4.03669
-4.03432
-2.69966
-2.69264
-2.69341
-2.72781
-2.73524
-2.73124
-3.64229
-3.6414
-3.64588
-2.74403
-2.75141
-2.74763
-2.78787
-2.79124
-2.79126
-2.81694
-2.80884
-2.81394
-2.7702
-2.7727
-2.77306
-2.43013
-2.42798
-2.43021
-1.79239
-1.77694
-1.78206
-2.35242
-2.35
-2.35249
-1.69405
-1.69047
-1.69297
-0.795286
-0.777109
-1.58854
-1.58445
-1.58705
-0.838247
-0.833321
-0.835309
-0.358577
-0.360434
-0.360584
-0.780648
-0.772698
-0.775935
-0.367958
-0.366783
-0.36756
-0.406925
-0.403528
-0.406085
-0.365121
-0.36599
-0.367209
-0.351484
-0.350657
-0.352418
9.22954
9.51281
8.47469
8.47126
8.47354
8.90747
8.93756
8.47125
8.46678
8.46858
8.9948
8.99696
8.8402
8.57569
6.80245
6.77922
6.7856
7.57043
7.16264
5.90215
6.36513
6.34516
4.96593
4.95234
4.9052
4.89117
2.83981
2.81647
2.82226
2.66362
2.91016
3.8012
2.21384
2.18975
2.19315
0.833366
0.813501
0.815679
1.67944
1.75639
0.86251
0.832602
0.834217
2.13387
2.0929
1.51569
1.26537
-2.85508
-2.87834
-2.85894
-2.55717
-2.5675
-0.0168805
-2.85137
-1.70592
-1.76021
-2.59532
-2.61738
-2.61454
-2.6604
-4.33001
-4.34584
-4.33714
-4.21444
-4.24231
-4.23251
-4.15526
-4.16149
-4.1601
-4.1371
-4.14236
-4.14134
-3.94042
-3.93785
-3.94114
-3.8843
-3.88058
-3.8844
-3.34532
-3.33404
-3.33871
-3.23117
-3.21882
-3.22367
-2.38754
-2.37148
-2.37638
-2.24627
-2.23016
-2.23477
-1.33218
-1.31599
-1.31829
-1.19564
-1.1795
-1.18152
-3.17488
-3.37568
-0.353245
-0.814998
-0.80626
-0.809796
-0.442512
-0.441045
-0.441624
-0.358687
-0.360534
-0.360687
-0.782846
-0.774824
-0.778078
-0.369385
-0.368144
-0.368948
-0.408116
-0.404683
-0.40724
-0.36581
-0.366623
-0.367866
-0.351798
-0.350944
-0.352713
9.99902
9.98652
9.57763
9.57528
9.57757
9.60529
9.58672
3.87484
3.82514
2.08365
2.043
2.05307
2.24404
2.18058
-1.04594
-1.03815
-1.04303
8.13056
8.1219
8.12606
7.38203
7.35395
7.36252
7.70152
7.18454
7.16497
7.1704
6.96643
7.00246
6.97421
7.14707
5.79939
5.78293
5.78406
4.70102
4.70084
4.69563
4.96978
4.93835
4.94393
4.066
4.05213
4.05031
3.72527
3.70262
3.70292
4.34934
4.32681
4.32716
3.30411
3.27519
3.27829
3.13399
3.1063
3.11028
3.70456
4.78801
1.2049
1.21486
1.19856
-1.4179
-1.40814
-1.43819
0.950714
0.947543
0.937917
-1.0913
-1.07879
-1.10311
-0.909171
-0.901785
-0.920885
0.585977
0.567882
0.563393
-0.770411
-0.771878
-0.784671
-0.77805
-0.785232
-0.795163
0.265607
0.239582
0.242707
-0.858945
-0.874643
-0.879291
-0.897004
-0.915639
-0.917194
-0.676013
-0.947909
-0.96369
-0.962789
-1.1721
-1.07525
-1.1488
-3.40408
-3.14162
-3.12022
-3.13728
-3.43334
-3.41658
-2.67159
-2.65857
-2.67022
-3.33433
-3.31736
-3.32315
-3.26787
-3.25214
-3.25807
-2.50526
-2.50665
-2.51107
-3.14023
-3.12947
-3.13419
-3.04937
-3.04192
-3.04486
-2.50501
-2.51509
-2.51292
-2.91331
-2.91174
-2.9119
-2.84762
-2.84985
-2.84812
-2.92222
-2.96664
-2.94602
-2.78589
-2.79269
-2.78774
-2.8271
-2.83447
-2.82871
-3.12677
-3.07659
-3.1031
-2.95353
-2.95545
-2.98823
-4.21608
-4.2069
-4.23908
-3.29904
-3.3343
-3.3524
-3.43932
-3.5012
-3.49458
-4.10552
-4.11474
-4.11248
-3.63204
-3.65033
-3.64683
-3.70157
-3.71243
-3.71012
-3.88926
-3.89458
-3.89575
-3.72676
-3.73318
-3.7328
-3.69417
-3.69644
-3.69803
-3.26925
-3.26412
-3.26879
-3.50116
-3.49798
-3.5017
-3.27158
-3.26812
-3.27141
-2.30477
-2.29348
-2.29901
-2.74041
-2.73681
-2.74038
-2.38548
-2.38137
-2.38501
-1.25655
-1.24321
-1.24599
-1.76668
-1.75895
-1.76296
-1.40945
-1.39927
-1.40347
-0.599067
-0.779759
-0.765975
-0.679639
-0.668213
9.84024
9.83704
9.83954
-7.33656
-5.65607
-6.09064
-5.97961
-6.11346
-4.64549
-4.50006
-4.58091
-4.54641
-4.3864
-4.45695
-6.30692
-6.20915
-6.3477
-0.607566
-0.714911
-0.695284
-0.714207
-0.714757
-0.714273
-0.790626
-0.790466
-0.790076
-0.798266
-0.797816
-0.797647
-0.707117
-0.708001
-0.70735
0.0828119
0.102765
0.106757
-0.166578
-0.173595
-0.175413
0.0789361
0.0990222
0.103111
-0.175775
-0.182755
-0.184675
-0.146586
-0.752901
-0.746397
-0.748878
-0.609817
-0.606028
-0.607533
-0.61471
-0.609969
-0.611913
-0.227107
-0.233808
-0.238229
-0.212606
-0.215842
-0.221561
8.5434
8.54152
8.4048
8.40079
8.4027
8.43193
8.46823
8.97909
8.97235
8.97501
9.00714
8.99972
9.00235
8.38519
8.30561
8.41702
8.86771
8.86243
8.86364
8.51876
8.50678
8.51115
8.89046
8.88474
8.88597
5.44447
5.42417
5.42509
5.05107
5.10357
5.06031
5.44432
5.417
5.80813
3.74663
4.80592
1.31931
1.28913
1.29325
0.925841
0.896408
0.899119
1.28886
1.25643
1.26021
1.06805
1.02514
0.698188
0.676099
0.682013
0.585348
0.666434
0.516693
0.542509
0.537413
0.496606
0.520172
0.515191
0.335553
0.565594
0.176536
0.181541
0.188964
0.184967
-0.329788
-0.371456
-0.359525
-2.34978
-2.38651
-2.3771
-2.56714
-2.47922
-2.54138
-2.35234
-2.40062
-1.999
-6.09241
-5.98157
-6.11542
-4.64773
-4.50295
-4.58453
-6.31662
-6.2196
-6.3586
-4.54705
-4.38729
-4.45819
-7.32259
-5.6405
-3.27688
-3.25919
-3.25507
-4.21467
-4.10553
-4.13702
-3.40491
-3.36633
-3.37088
-4.04024
-3.93922
-3.95472
-3.48332
-3.47971
-3.48363
-3.60916
-3.59514
-3.60306
-3.44152
-3.44226
-3.44402
-3.63427
-3.61628
-3.6261
-4.57629
-4.57409
-5.87984
-4.56419
-4.60256
-4.71095
-4.22519
-4.26022
-4.24829
-4.32766
-4.33295
-4.32984
-4.0799
-4.10404
-4.09513
-4.247
-4.27886
-4.26748
-4.38966
-4.3991
-4.39531
-3.66054
-3.63188
-3.64623
-3.50762
-3.49001
-3.50069
-3.63522
-3.60929
-3.62248
-3.54074
-3.51949
-3.53213
-3.44689
-3.43808
-3.44369
-3.43466
-3.42958
-3.43349
-3.43363
-3.42556
-3.43073
-3.44669
-3.44085
-3.44521
-4.19932
-4.2137
-4.20863
-4.26852
-4.27205
-4.26991
-4.114
-4.12488
-4.12087
-4.1854
-4.2119
-4.20232
-4.25492
-4.25543
-4.25554
-4.05385
-4.04968
-4.05294
-4.07935
-4.07883
-4.08057
-4.10285
-4.10639
-4.10585
-4.03795
-4.03512
-4.03814
-4.10265
-4.10113
-4.10313
-3.39462
-3.39393
-3.39613
-3.39734
-3.39509
-3.39771
-3.38433
-3.3843
-3.38608
-3.40842
-3.40547
-3.40854
-3.27762
-3.28015
-3.28072
-3.23848
-3.24171
-3.24172
-3.26797
-3.27122
-3.27128
-3.2481
-3.25061
-3.25115
-3.97592
-3.97496
-3.97732
-4.03142
-4.03214
-4.03353
-4.0201
-4.02102
-4.02252
-3.99798
-3.99656
-3.99915
-3.99531
-3.99623
-3.99753
-3.72179
-3.72277
-3.72309
-3.59822
-3.59663
-3.59798
-3.76501
-3.75885
-3.76334
-3.65398
-3.65471
-3.6548
-3.67459
-3.67375
-3.67515
-3.16941
-3.17116
-3.17183
-3.19614
-3.19906
-3.19917
-3.15963
-3.16209
-3.16226
-3.20584
-3.20804
-3.20867
-2.83514
-2.83479
-2.83596
-2.76027
-2.75997
-2.76059
-2.82505
-2.82542
-2.82611
-2.77027
-2.76928
-2.77036
-3.4786
-3.47901
-3.47872
-3.49877
-3.49633
-3.49775
-3.53652
-3.52758
-3.53224
-3.56205
-3.56297
-3.56279
-3.40901
-3.40565
-3.40708
-2.92135
-2.92165
-2.92023
-2.6976
-2.69099
-2.6919
-3.00221
-2.98812
-2.99323
-2.81071
-2.81078
-2.80921
-2.81438
-2.80805
-2.8092
-2.58571
-2.58429
-2.58528
-2.64958
-2.64932
-2.65004
-2.57559
-2.5748
-2.57539
-2.65953
-2.65861
-2.65977
-2.01562
-2.01444
-2.0151
-1.91382
-1.91266
-1.91276
-2.00625
-2.00532
-2.00574
-1.92315
-1.92153
-1.92199
-2.55935
-2.55921
-2.55745
-2.55168
-2.54478
-2.54554
-2.64204
-2.62674
-2.63184
-2.67366
-2.67378
-2.67212
-2.4304
-2.42325
-2.42377
-1.89662
-1.89588
-1.89388
-1.59184
-1.58295
-1.58287
-1.97911
-1.96372
-1.96742
-1.78146
-1.78048
-1.77839
-1.71633
-1.70772
-1.70753
-1.68062
-1.67914
-1.67934
-1.76647
-1.76546
-1.76571
-1.67188
-1.67079
-1.6707
-1.77549
-1.77408
-1.77464
-1.03935
-1.03814
-1.03817
-0.942124
-0.941743
-0.94126
-1.03168
-1.03079
-1.03057
-0.94943
-0.948736
-0.948471
-1.52422
-1.5226
-1.52045
-1.4371
-1.42833
-1.428
-1.58914
-1.57394
-1.57712
-1.63697
-1.63582
-1.63371
-1.31571
-1.30723
-1.30637
-0.918313
-0.902826
-0.90907
-0.600054
-0.58037
-0.959721
-0.944492
-0.946895
-0.83151
-0.826997
-0.680837
-0.671713
-0.672622
-0.713987
-0.714537
-0.714053
-0.790756
-0.790575
-0.79019
-0.707208
-0.70808
-0.707435
-0.798072
-0.797614
-0.797444
0.0832762
0.103181
0.107164
-0.166844
-0.173862
-0.175681
0.0792565
0.0993316
0.103414
-0.175922
-0.182906
-0.184821
-0.609964
-0.493393
-0.71081
-0.37858
-0.717633
-0.697893
-2.93387
-2.92434
-2.92793
-2.91114
-2.90324
-2.90586
-3.23722
-3.23151
-3.24733
-3.25622
-3.37562
-3.35567
-0.599962
-0.781045
-0.767251
-0.68051
-0.669096
-0.145701
-0.755335
-0.748752
-0.751262
-0.611963
-0.608095
-0.609628
-0.616825
-0.612007
-0.613973
-0.227088
-0.23373
-0.238177
-0.21246
-0.215625
-0.221365
10.0148
10.0212
10.0208
10.0316
10.0293
10.0317
10.0542
10.0593
10.0592
8.97858
8.97182
8.97451
9.00627
8.9988
9.00145
0.513522
0.539281
0.534238
0.498008
0.521457
0.516526
0.178139
0.185471
0.181524
-0.333281
-0.375089
-0.363124
0.133374
0.139889
0.136152
-0.353893
-0.396878
-0.385287
-2.94126
-2.93168
-2.93525
-2.91934
-2.91135
-2.914
9.32545
8.14275
8.12968
8.13104
8.1472
8.10831
6.80084
6.77755
6.78397
6.87018
6.82068
4.42412
2.78646
2.86034
2.73275
2.71687
3.19771
3.16285
2.43392
2.67899
2.66086
2.53881
1.71542
-0.731276
-1.01483
-3.04146
-0.48029
-0.490041
-0.592722
-0.57612
-0.768198
-0.761641
-0.762685
-0.689857
-0.682572
-0.68561
-0.638038
-0.634743
-0.636601
-0.427161
-0.420005
-0.583144
-0.580452
-0.580895
-0.55151
-0.540148
9.61787
9.61049
9.61648
9.42075
9.40984
9.41669
9.61187
9.60927
9.61137
8.14092
8.13299
8.13651
7.26648
7.24795
7.25357
7.37798
7.35392
7.36138
6.20925
6.18702
6.19045
7.0123
6.9827
6.99083
6.79194
6.76661
6.77423
6.09932
6.07362
6.07796
6.9614
6.93109
6.93958
7.73831
6.82791
7.01794
7.00397
7.00841
6.75061
6.72675
6.73386
5.50634
5.47442
5.4817
6.56021
6.54312
6.54546
6.10431
6.1607
5.45776
5.42785
5.43477
6.50593
6.48897
6.49306
8.29814
8.29748
8.29748
8.16038
8.14731
8.14859
8.32261
8.32085
8.32088
7.93139
7.91216
7.91931
8.37895
8.35703
8.10643
8.09627
8.10206
5.67526
5.65506
5.65722
4.17677
4.16519
4.16256
4.56172
4.55871
4.55388
2.16264
2.17709
2.16263
4.08002
4.0824
4.07544
3.59859
3.59139
3.58693
2.08863
2.10176
2.088
3.95465
3.95481
3.94847
4.88888
4.85433
4.86103
3.35235
3.3204
3.32329
3.60552
3.57734
3.57864
3.48101
3.47068
3.46702
1.63045
1.62632
1.61837
3.14806
3.12785
3.12646
2.77506
2.74553
2.74669
1.5581
1.55073
1.54351
3.04439
3.02053
3.01992
4.39075
4.35636
2.80887
2.87979
2.82096
3.08485
3.05715
3.061
2.70675
2.67625
2.67783
1.10904
1.08376
1.0813
2.52821
2.49685
2.49989
2.27336
2.25097
2.24952
1.07111
1.04419
1.04252
2.48192
2.4503
2.45415
2.42768
2.41322
2.42045
1.92253
1.86795
1.8854
2.06887
2.02685
2.03667
1.18869
1.19991
1.18415
-1.13825
-1.12408
-1.14983
-1.34959
-1.33697
-1.36607
-3.24381
-3.22754
-2.20331
-2.20304
-2.2305
-3.08659
-3.10581
-1.90339
-1.89046
-1.9203
-2.14756
-2.14343
-2.17357
0.914935
0.911048
0.901583
-0.768663
-0.76838
-0.78214
-0.84529
-0.839055
-0.856531
-1.81009
-1.79678
-1.82485
-2.86208
-2.83925
-2.86085
-1.5425
-1.53283
-1.55475
-1.31478
-1.31101
-1.32655
-2.78999
-2.7669
-2.78811
-1.47082
-1.46269
-1.48272
0.519841
0.496453
0.493003
-0.844092
-0.856675
-0.863073
-0.793785
-0.802683
-0.811802
-1.28362
-1.28121
-1.29554
-2.34739
-2.33624
-2.34862
-1.24308
-1.24537
-1.25653
-1.27422
-1.28279
-1.29024
-2.31425
-2.30509
-2.31623
-1.24529
-1.24932
-1.25953
0.270789
0.242644
0.245564
-0.924441
-0.944233
-0.942135
-0.894239
-0.911894
-0.912641
-1.28825
-1.29811
-1.30456
-2.2163
-2.2198
-2.2246
-1.32968
-1.34305
-1.34589
-1.38941
-1.40728
-1.40628
-2.21415
-2.21925
-2.22321
-1.34024
-1.35541
-1.35711
-0.863236
-1.24496
-1.08678
-1.11298
-1.10338
-1.39894
-1.41792
-1.41568
-2.21919
-2.23225
-2.22952
-1.53534
-1.54804
-1.55146
-2.14285
-2.07347
-2.23183
-2.24537
-2.24153
-1.59769
-1.61715
-1.61226
-0.681149
-0.651242
-0.656268
-1.0873
-1.07834
-1.08369
-0.71108
-0.682003
-0.687469
-1.21334
-1.2102
-1.20867
-0.460228
-0.444062
-0.790506
-0.773423
-0.772175
-3.04652
-3.02287
-3.04023
-3.31701
-3.30029
-3.30572
-3.38676
-3.35879
-3.37237
-3.39376
-3.45838
-3.44471
-3.4037
-3.39231
-3.3935
-3.42692
-3.41915
-2.61268
-2.6009
-2.6113
-3.14774
-3.13262
-3.13825
-3.22358
-3.20673
-3.21274
-3.6083
-3.59771
-3.59705
-3.39486
-3.38335
-3.38507
-3.37419
-3.35806
-3.36155
-3.62784
-3.61507
-3.61429
-3.30867
-3.29234
-3.29681
-3.36748
-3.35031
-3.35432
-2.47862
-2.48076
-2.48449
-2.92302
-2.91961
-2.92059
-3.00227
-2.99387
-2.99663
-3.28253
-3.2669
-3.27119
-3.40553
-3.38995
-3.39119
-3.17542
-3.16359
-3.16634
-3.03407
-3.02792
-3.02831
-3.34713
-3.33179
-3.33266
-3.13987
-3.12952
-3.13169
-2.49838
-2.50818
-2.50527
-2.78724
-2.79351
-2.78905
-2.81849
-2.82192
-2.81958
-3.00178
-2.99703
-2.99682
-2.92928
-2.91937
-2.91635
-2.91364
-2.91271
-2.91062
-2.83172
-2.83504
-2.83037
-2.8748
-2.86666
-2.86277
-2.88731
-2.88802
-2.88523
-2.98108
-3.01725
-3.00037
-2.93736
-2.97435
-2.86525
-2.87132
-2.86644
-2.81736
-2.82143
-2.81628
-2.57863
-2.58066
-2.57332
-2.81734
-2.82265
-2.81673
-2.88094
-2.88622
-2.88196
-2.54841
-2.55092
-2.54411
-2.83316
-2.83872
-2.83271
-3.27604
-3.28571
-3.32234
-3.0835
-3.09349
-3.12813
-2.98666
-2.99587
-2.98578
-2.48922
-2.49707
-2.49274
-2.95691
-2.98652
-2.98454
-3.12322
-3.17056
-3.17087
-2.50288
-2.5108
-2.50699
-3.00915
-3.04621
-3.04595
-4.18211
-4.21022
-4.21368
-3.60203
-3.62555
-3.62222
-3.46931
-3.52369
-3.51588
-3.14672
-3.19698
-3.19511
-2.65528
-2.6468
-2.64859
-3.29108
-3.33228
-3.32716
-3.4428
-3.45642
-3.45397
-2.66857
-2.65759
-2.6608
-3.32947
-3.36216
-3.35697
-4.0757
-4.08289
-4.08095
-3.72945
-3.73762
-3.73684
-3.71004
-3.72041
-3.71824
-3.46251
-3.47279
-3.47069
-2.69869
-2.70119
-2.69845
-3.50152
-3.50741
-3.5057
-3.50977
-3.51598
-3.51478
-2.70139
-2.70553
-2.70235
-3.50393
-3.50949
-3.50742
-3.83589
-3.83913
-3.84155
-3.56389
-3.56145
-3.56535
-3.67575
-3.67676
-3.67905
-3.509
-3.51492
-3.5141
-2.78996
-2.79586
-2.79472
-3.48437
-3.48857
-3.48885
-3.36238
-3.36293
-3.36549
-2.79815
-2.80336
-2.80266
-3.4661
-3.46935
-3.47012
-3.15703
-3.15127
-3.1562
-2.86687
-2.86365
-2.86707
-3.18324
-3.17987
-3.1831
-3.31303
-3.31264
-3.31571
-2.66878
-2.66867
-2.67002
-3.11553
-3.11279
-3.11643
-2.74293
-2.74018
-2.74312
-2.62031
-2.61929
-2.62101
-3.03113
-3.0282
-3.0315
-2.16678
-2.15481
-2.1606
-1.90137
-1.89473
-1.89856
-2.26457
-2.25976
-2.26357
-2.63205
-2.62929
-2.63222
-2.09325
-2.09079
-2.09331
-2.29505
-2.292
-2.29497
-1.82146
-1.81678
-1.81995
-1.99382
-1.99132
-1.99369
-2.17294
-2.16946
-2.17246
-1.11926
-1.1067
-1.10935
-0.925031
-0.91653
-0.920014
-1.28657
-1.27662
-1.28106
-1.6978
-1.69222
-1.69558
-1.27228
-1.26749
-1.27053
-1.35021
-1.34281
-1.34633
-0.888838
-0.880288
-0.883662
-1.16985
-1.1644
-1.16735
-1.23294
-1.22469
-1.22822
-6.19351
-4.85584
-4.7897
-5.20583
-5.12112
-6.24124
-5.55982
-5.63699
-5.61324
-3.97454
-3.88857
-3.87073
-3.98191
-3.89679
-3.88016
-3.6497
-3.74972
-3.50832
-3.59972
-3.70075
-3.46756
-5.61376
-5.68638
-5.66884
-6.01386
-5.89915
-6.02005
-4.39941
-4.29379
-4.51581
-4.34799
-4.40867
-6.11365
-6.03734
-5.7004
-5.70068
-5.85957
-12.8297
-14.1502
-15.2465
-12.5962
-13.8659
-14.9365
-5.89676
-5.90157
-6.0676
-0.478654
-0.375029
-0.594469
-0.588523
-0.726928
-0.724047
-0.726972
-0.700308
-0.69546
-0.644811
-0.632332
-0.639503
-0.0876762
-0.00340933
-0.694402
-0.695335
-0.694993
-0.791704
-0.791328
-0.793093
-0.775137
-0.775231
-0.775133
-0.700402
-0.685535
-0.693087
-0.551908
-0.551649
-0.550976
-0.474621
-0.475917
-0.474795
-0.480803
-0.481694
-0.48075
-0.545269
-0.545296
-0.544459
0.0692723
0.0886012
0.0919042
-0.153662
-0.158159
0.055773
0.0637686
-0.158082
-0.163525
-0.16566
-0.255819
-0.250647
-0.24583
-0.26653
-0.262347
-0.259253
-0.269154
-0.264617
-0.261633
-0.250743
-0.245831
-0.241005
-0.356007
-0.20591
-0.173311
-0.17662
-0.180263
-0.137511
-0.141261
-0.336879
-0.332097
-0.163308
-0.166329
-0.166226
-0.170975
-0.170099
-0.800977
-0.793993
-0.796785
-0.649521
-0.643106
-0.645769
-0.662193
-0.656633
-0.658899
-0.552495
-0.548916
-0.550303
-0.374517
-0.37223
-0.373604
-0.54758
-0.542973
-0.544946
-0.562038
-0.556251
-0.558829
-0.40877
-0.406292
-0.408291
-0.578427
-0.57365
-0.575925
-0.183987
-0.185685
-0.190984
-0.206031
-0.210156
-0.215171
-0.097109
-0.101591
-0.102473
-0.354826
-0.354998
-0.35661
-0.108763
-0.111693
-0.112856
-0.139596
-0.140536
-0.142346
-0.366489
-0.366872
-0.368459
-0.128391
-0.131763
-0.133619
9.95852
9.96388
10.119
10.1212
10.1229
10.1475
10.1495
10.1511
10.1069
10.1084
10.0394
10.0423
10.0433
10.1126
10.1161
10.1177
10.1456
10.1496
10.1508
9.48092
9.3336
9.38506
8.60673
8.60383
8.60538
9.00777
8.87916
8.8789
8.8798
9.20942
8.95153
8.82774
8.38733
8.41403
8.39741
8.57884
8.57854
8.57796
8.57321
8.57008
8.89982
8.84896
8.85022
8.83341
8.83765
9.11432
9.10483
9.10803
9.04843
9.02757
8.81972
8.80384
8.81231
8.90451
8.8829
8.89274
9.18278
9.02965
8.81254
8.16405
8.90649
8.88748
8.5704
8.53705
8.33096
8.30799
8.3183
8.67308
8.65779
8.66577
7.93277
7.65219
7.3018
7.28547
7.29429
7.57866
7.5557
7.67537
7.65622
7.66113
7.30149
7.29137
7.29209
7.27928
6.57742
6.00501
5.99367
5.91992
5.93495
5.92436
5.05998
5.03925
5.04482
5.37794
5.35219
5.07373
5.13685
5.91085
6.73062
5.88149
4.84433
4.8589
4.81739
6.42927
5.43853
5.39266
5.40789
5.39275
5.39557
5.39445
5.39345
5.39515
5.394
5.65101
5.61997
5.62626
4.55968
4.52583
4.5341
5.13929
5.13061
5.12974
4.67331
4.61331
4.4378
2.80892
2.88333
2.76373
2.74664
3.21705
3.18129
2.45919
2.71318
2.69303
2.5606
3.37777
1.90088
1.87789
1.8804
2.13922
2.1132
2.11176
1.90575
1.8739
1.8759
0.882605
0.858607
0.860229
1.13005
1.10741
1.11063
1.19657
1.17598
1.17333
2.18089
2.13655
1.73516
1.71128
1.71676
1.69461
1.77288
1.70732
2.79354
1.29369
1.58386
0.639273
0.727361
0.656982
1.07172
1.04547
1.04425
1.11491
1.07001
1.42913
1.67825
1.65948
1.63601
1.61354
1.40224
1.35917
1.16456
1.15461
1.15743
0.723339
0.678971
0.688449
0.714867
0.728534
0.390866
0.403205
0.407173
0.607002
0.546375
0.565175
2.30349
1.81441
0.599911
0.0351281
0.239738
0.22026
-0.103755
-0.160492
-0.505313
-0.595765
-1.99488
-1.9654
-1.9603
-1.68969
-1.64088
-2.37949
-2.35635
-2.35495
-2.86622
-2.89046
-2.87197
-2.89026
-2.9273
-2.9043
-0.741162
-2.10923
-1.90664
-1.92726
-2.4652
-1.89046
-1.93073
-2.50146
-2.54216
-2.52209
-2.5116
-2.57342
-2.87468
-2.82009
-2.66114
-0.933204
-2.08356
-2.91994
-3.28542
-3.46112
-1.81732
-5.55821
-5.6352
-5.61153
-3.96886
-3.88295
-3.86491
-3.64734
-3.74742
-3.50547
-3.59716
-3.69842
-3.46486
-5.6126
-5.6853
-5.66767
-5.70244
-5.70288
-5.8617
-12.8447
-14.1686
-15.2667
-5.90397
-5.90907
-6.0755
-12.601
-13.8718
-14.943
-6.00575
-5.8903
-6.01116
-4.39144
-4.28558
-6.10798
-6.03151
-4.50759
-4.33903
-4.39979
-6.17743
-4.84307
-4.77685
-6.22894
-5.19003
-5.10539
-3.31503
-3.34009
-3.32936
-3.3478
-3.37071
-3.35965
-3.29913
-3.31137
-3.30293
-3.35325
-3.36931
-3.35976
-3.30738
-3.30543
-3.30129
-3.99898
-3.86587
-3.89015
-3.95851
-3.8684
-3.87448
-3.32693
-3.30703
-3.30495
-3.51408
-3.521
-3.51913
-3.35183
-3.36956
-3.36095
-3.5059
-3.51385
-3.5105
-3.39554
-3.41069
-3.40316
-3.636
-3.62466
-3.63164
-3.75322
-3.73128
-3.74247
-3.59205
-3.58584
-3.59049
-3.77611
-3.75035
-3.7632
-4.25762
-4.20972
-4.19222
-4.12318
-4.14005
-4.4825
-4.45807
-3.83725
-3.81572
-3.81676
-4.30462
-4.28815
-4.52941
-4.54125
-4.56197
-4.57414
-4.56228
-4.35828
-4.37759
-4.36731
-4.74188
-4.78391
-3.92889
-3.97179
-3.95521
-4.14798
-4.13713
-4.14544
-3.98476
-3.98784
-3.98993
-4.07246
-4.08953
-4.08461
-4.29361
-4.32925
-4.31709
-4.13114
-4.15804
-4.14856
-4.56131
-4.56786
-4.56495
-4.2533
-4.2797
-4.27091
-4.45333
-4.46177
-4.45891
-3.53249
-3.50938
-3.52234
-3.58688
-3.56365
-3.57509
-3.5081
-3.48696
-3.49869
-3.60731
-3.58234
-3.59451
-3.79158
-3.75767
-3.77386
-3.6484
-3.62368
-3.63723
-3.67828
-3.65074
-3.66565
-3.77499
-3.74262
-3.75835
-3.52083
-3.50611
-3.51399
-3.47387
-3.45828
-3.4669
-3.50523
-3.49157
-3.49893
-3.49136
-3.47474
-3.48397
-3.56542
-3.55813
-3.56316
-3.57144
-3.56671
-3.57093
-3.5735
-3.56518
-3.57069
-3.55801
-3.55467
-3.55818
-4.11471
-4.10084
-4.11004
-4.06354
-4.04714
-4.0594
-3.99468
-3.99693
-3.99975
-4.17998
-4.15382
-4.16934
-4.14989
-4.15413
-4.15339
-4.1138
-4.12206
-4.11981
-4.20892
-4.20645
-4.20845
-4.15692
-4.15527
-4.15694
-4.21113
-4.21142
-4.21212
-3.90871
-3.89779
-3.90437
-3.91204
-3.90604
-3.91081
-3.91102
-3.90177
-3.90812
-3.91992
-3.91198
-3.91712
-4.10179
-4.09616
-4.09971
-4.14726
-4.15103
-4.15015
-4.16446
-4.16109
-4.16358
-4.10797
-4.10337
-4.10635
-4.14943
-4.14605
-4.14866
-3.37193
-3.37249
-3.37403
-3.34249
-3.34494
-3.34554
-3.36202
-3.36324
-3.36433
-3.35203
-3.35388
-3.35492
-3.5077
-3.50966
-3.51094
-3.54449
-3.54231
-3.54541
-3.52683
-3.52628
-3.52847
-3.5287
-3.52888
-3.53122
-3.30659
-3.30925
-3.30984
-3.32124
-3.32406
-3.32438
-3.29704
-3.30037
-3.30048
-3.33087
-3.33307
-3.33384
-3.38292
-3.38688
-3.38722
-3.38146
-3.38336
-3.3848
-3.41381
-3.41595
-3.41739
-3.349
-3.35274
-3.35311
-3.8393
-3.83971
-3.84181
-3.84587
-3.84509
-3.84784
-3.85397
-3.8515
-3.85469
-3.82653
-3.82866
-3.83034
-3.93273
-3.93257
-3.93446
-3.97413
-3.97357
-3.97604
-3.88978
-3.89061
-3.89202
-3.89876
-3.89896
-3.90047
-3.93991
-3.94114
-3.94239
-3.61443
-3.61959
-3.61936
-3.57164
-3.57649
-3.57633
-3.61673
-3.62242
-3.62218
-3.56934
-3.5736
-3.57339
-3.7945
-3.79527
-3.79591
-3.83547
-3.83036
-3.83456
-3.82131
-3.82171
-3.82313
-3.84372
-3.84456
-3.84557
-3.75814
-3.75781
-3.75926
-3.10941
-3.11085
-3.11166
-3.05424
-3.0557
-3.05606
-3.09954
-3.10171
-3.10201
-3.0642
-3.06493
-3.0658
-3.25777
-3.26056
-3.26107
-3.3321
-3.33357
-3.3351
-3.29932
-3.30273
-3.30319
-3.29178
-3.29256
-3.29414
-2.93081
-2.93057
-2.93161
-2.9758
-2.97704
-2.97758
-2.92075
-2.92122
-2.92179
-2.98586
-2.98636
-2.98741
-2.87908
-2.88013
-2.88091
-2.84062
-2.83882
-2.84046
-2.91166
-2.91045
-2.91225
-2.80778
-2.80822
-2.80888
-3.42887
-3.43128
-3.4314
-3.49403
-3.49815
-3.49827
-3.48466
-3.48839
-3.48842
-3.43856
-3.44129
-3.44161
-3.37137
-3.3718
-3.37124
-3.43646
-3.4265
-3.43111
-3.19201
-3.18724
-3.18854
-3.2757
-3.27599
-3.27512
-3.29355
-3.28945
-3.29088
-2.91064
-2.90928
-2.91026
-2.85522
-2.85329
-2.85432
-2.94154
-2.9402
-2.94146
-2.82435
-2.82234
-2.82309
-3.05124
-3.05145
-3.05017
-3.12872
-3.11542
-3.12031
-3.06327
-3.05795
-3.05921
-3.15576
-3.15617
-3.1551
-2.95282
-2.94691
-2.94811
-2.46206
-2.46087
-2.46191
-2.36982
-2.36895
-2.36936
-2.45214
-2.45154
-2.45218
-2.38016
-2.37864
-2.37945
-2.60735
-2.60743
-2.60799
-2.71783
-2.71623
-2.71791
-2.68698
-2.68759
-2.68831
-2.63788
-2.63582
-2.63729
-2.15765
-2.15625
-2.15681
-2.23616
-2.2355
-2.23599
-2.14809
-2.14688
-2.14722
-2.24616
-2.24495
-2.24578
-2.00436
-2.00449
-2.00477
-1.92717
-1.92545
-1.9261
-2.02489
-2.02322
-2.02423
-1.90816
-1.90813
-1.90811
-2.57965
-2.57706
-2.57776
-2.7094
-2.70765
-2.70881
-2.67246
-2.67057
-2.67148
-2.61618
-2.61401
-2.6149
-2.41769
-2.41757
-2.41575
-2.50344
-2.48788
-2.49301
-2.15428
-2.1467
-2.14675
-2.30182
-2.30142
-2.29952
-2.27889
-2.27149
-2.27184
-1.8879
-1.88507
-1.88547
-1.83929
-1.83643
-1.83675
-1.94136
-1.93858
-1.93927
-1.78591
-1.78303
-1.78306
-2.04164
-2.04094
-2.03894
-2.12533
-2.10952
-2.11362
-1.99872
-1.99099
-1.99078
-2.15763
-2.15723
-2.15531
-1.87284
-1.86477
-1.86437
-1.53008
-1.52871
-1.52906
-1.42682
-1.42577
-1.42553
-1.52161
-1.52064
-1.52067
-1.43495
-1.43357
-1.43359
-1.65813
-1.65796
-1.65786
-1.77221
-1.77054
-1.77136
-1.75564
-1.75566
-1.75581
-1.67285
-1.67125
-1.67171
-1.18993
-1.18867
-1.18854
-1.27532
-1.27428
-1.2742
-1.18229
-1.18132
-1.18096
-1.28327
-1.28191
-1.28208
-1.01316
-1.01275
-1.0127
-0.930299
-0.929475
-0.930256
-1.02379
-1.02264
-1.02331
-0.925215
-0.925268
-0.924981
-1.51962
-1.51657
-1.51638
-1.67744
-1.67441
-1.67493
-1.6202
-1.61717
-1.61738
-1.57632
-1.57327
-1.5734
-1.3825
-1.38038
-1.37836
-1.44567
-1.43006
-1.43292
-1.05061
-1.04262
-1.04102
-1.27512
-1.27226
-1.27047
-1.16592
-1.15759
-1.1564
-0.886779
-0.884088
-0.885272
-0.849555
-0.847914
-0.848515
-0.935727
-0.93291
-0.93341
-0.804085
-0.781896
-0.792059
-1.04102
-1.03773
-1.03703
-1.09295
-1.07907
-1.08058
-0.910078
-0.902489
-0.900652
-1.13892
-1.13544
-1.13415
-0.806129
-0.799653
-0.797733
-0.551676
-0.551409
-0.550732
-0.474718
-0.475998
-0.474876
-0.545341
-0.545353
-0.54452
-0.480603
-0.481487
-0.480542
-0.695701
-0.696666
-0.696322
-0.793014
-0.792638
-0.79442
-0.776548
-0.776664
-0.776568
-0.701491
-0.686581
-0.694156
-0.255567
-0.250381
-0.245559
-0.266398
-0.262193
-0.259095
-0.250752
-0.245819
-0.24099
-0.268728
-0.264181
-0.261195
0.0710765
0.0903488
0.0936426
-0.155022
-0.159538
0.0578111
0.0657922
-0.15932
-0.164792
-0.166922
-0.595517
-0.58962
-0.728589
-0.725736
-0.728664
-0.70195
-0.697135
-0.646175
-0.633633
-0.640818
-0.480628
-0.377121
-0.0888985
-0.00175432
-2.94871
-2.95103
-3.00766
-3.00962
-3.00776
-2.96959
-2.96294
-3.0144
-3.00758
-3.01001
-2.79239
-2.79014
-2.79087
-3.12372
-3.12156
-3.14211
-3.13717
-3.1393
-3.03485
-3.03274
-3.03356
-3.27213
-3.25282
-3.27124
-3.25954
-3.3508
-3.46596
-3.26627
-3.28483
-3.26737
-3.33941
-0.481706
-0.490434
-0.593378
-0.576775
-0.770017
-0.76349
-0.764501
-0.691514
-0.684158
-0.687219
-0.63935
-0.636079
-0.637925
-0.427991
-0.420822
-0.58417
-0.581418
-0.581878
-0.552439
-0.541054
-0.35599
-0.206352
-0.172633
-0.175886
-0.179531
-0.136866
-0.140556
-0.336976
-0.332183
-0.163956
-0.166959
-0.166854
-0.171571
-0.17069
-0.803258
-0.7962
-0.799018
-0.651355
-0.644878
-0.647564
-0.664184
-0.658556
-0.660841
-0.554039
-0.550384
-0.551804
-0.375888
-0.373538
-0.374937
-0.549115
-0.54443
-0.546431
-0.56332
-0.557467
-0.560063
-0.410045
-0.40751
-0.409524
-0.579828
-0.574974
-0.577271
-0.183487
-0.18513
-0.190432
-0.205687
-0.20974
-0.214769
-0.0978492
-0.10228
-0.103187
-0.355482
-0.355603
-0.357234
-0.109549
-0.112421
-0.113604
-0.140378
-0.141282
-0.143098
-0.366982
-0.367318
-0.368919
-0.129138
-0.132465
-0.134335
9.44757
9.86366
9.85822
9.86327
10.0435
10.0405
9.88842
9.88903
9.89187
8.15114
9.61221
9.60958
9.61167
9.6157
9.60818
9.61424
9.41912
9.40807
9.41499
9.80027
9.79219
9.85362
9.83563
9.11354
9.10399
9.1072
9.04742
9.02621
8.81813
8.80203
8.81061
8.90259
8.8808
8.89073
4.05499
3.7458
6.25173
6.23607
6.23572
6.24393
6.22901
6.2284
5.39001
5.39282
5.39172
5.38825
5.39002
5.38888
5.64559
5.61434
5.62068
5.42558
5.3792
5.39461
4.55704
4.52318
4.53146
5.13615
5.12753
5.12665
0.0250712
2.0691
2.02748
2.03724
2.41716
2.40267
2.41
1.91275
1.8583
1.87584
2.683
2.65345
3.34571
3.2751
0.72446
0.680091
0.6896
0.711792
0.725227
0.387633
0.399664
0.403907
0.601701
0.540856
0.559852
-0.517853
-0.608875
0.235565
0.215844
-0.106828
-0.163982
-2.12116
-1.81623
-1.08828
-1.07907
-1.08452
-1.21483
-1.21161
-1.20997
-1.65357
-1.69378
-1.68112
-1.99652
-1.96731
-1.96208
-1.6926
-1.6441
-3.32323
-3.30353
-3.37426
-2.6607
-2.76204
-2.75747
-2.75845
-2.97384
-2.97633
-2.80033
-2.79803
-2.79878
-2.99441
-2.988
-3.03755
-3.03086
-3.03315
-3.15012
-3.14817
-3.16541
-3.16064
-3.16266
-3.05823
-3.05626
-3.05694
9.63938
9.56962
10.119
10.1211
10.1229
10.1475
10.1494
10.151
10.1067
10.1082
10.1232
10.1198
10.0154
10.0133
10.0177
9.95602
9.96144
10.039
10.0418
10.0428
10.1123
10.1157
10.1174
10.1453
10.1493
10.1504
10.039
10.0303
10.1153
10.1146
9.99299
9.99098
9.99559
7.79845
7.84178
7.75737
7.78802
7.76614
7.75975
7.74988
7.75312
5.13367
5.10268
5.10764
4.92172
4.89635
4.89882
4.8124
4.78491
4.78801
4.52107
4.50007
4.50126
4.27469
4.24666
4.25188
4.19683
4.17138
4.17585
1.0143
1.01538
1.00438
0.402634
0.410202
0.395041
0.404107
0.409651
0.395319
0.68624
0.671584
0.665613
0.269516
0.260018
0.251023
0.238853
0.22767
0.219405
0.338482
0.313355
0.313581
0.0168667
-0.00556463
-0.00714332
-0.0107082
-0.0333512
-0.034232
-0.421593
-0.338484
-0.303347
-0.20904
-0.282815
-0.235451
-0.258306
-0.25164
-3.37113
-3.35315
-3.2454
-3.22441
-3.23905
-3.36479
-3.32378
-3.34864
-2.76958
-2.7529
-2.76679
-3.04633
-3.02592
-3.0385
-2.99584
-2.97689
-2.989
-2.52068
-2.51932
-2.52519
-2.75849
-2.75219
-2.75838
-2.73468
-2.72991
-2.73536
-2.49265
-2.50057
-2.49988
-2.638
-2.64245
-2.64307
-2.63007
-2.6355
-2.63536
-2.73774
-2.74931
-2.74904
-2.66743
-2.67839
-2.6738
-2.71872
-2.72874
-2.72508
-4.00694
-2.65668
-4.4062
-4.331
-3.60192
-3.60581
-3.94502
-4.00776
-4.10591
-4.12044
-4.11634
-3.88685
-3.91713
-3.91056
-3.9421
-3.96482
-3.95953
-3.97305
-3.98065
-3.97983
-3.96891
-3.97435
-3.97262
-3.95799
-3.96273
-3.96149
-3.46801
-3.46459
-3.4689
-3.59767
-3.59521
-3.59923
-3.51917
-3.51586
-3.52013
-2.56073
-2.55107
-2.55634
-2.75984
-2.75208
-2.75731
-2.64826
-2.63976
-2.64493
-1.52113
-1.50573
-1.50934
-1.7644
-1.74975
-1.75532
-1.65628
-1.63886
-1.64429
8.86706
8.86175
8.86301
8.51811
8.5061
8.51049
8.88901
8.88323
8.88447
-4.61431
-4.59019
-4.58835
-4.72128
-4.23577
-4.27058
-4.25878
-4.39934
-4.40876
-4.40501
-4.25703
-4.28875
-4.27746
-4.20756
-4.09889
-4.12946
-4.0384
-3.93737
-3.95257
-3.39859
-3.36095
-3.36498
-3.27628
-3.25898
-3.25487
-3.61118
-3.59686
-3.60488
-3.44228
-3.44278
-3.44464
-3.4844
-3.48062
-3.48459
-3.63511
-3.61695
-3.62681
-4.20731
-4.22219
-4.21692
-4.19488
-4.22182
-4.21208
-4.05881
-4.05447
-4.05778
-4.04193
-4.03897
-4.04203
-3.5084
-3.49064
-3.50135
-3.63659
-3.61057
-3.62377
-3.66128
-3.63258
-3.64694
-3.54147
-3.52013
-3.53275
-3.4359
-3.4309
-3.43478
-3.435
-3.427
-3.43214
-3.44853
-3.43977
-3.44536
-3.44824
-3.44244
-3.44679
-3.97845
-3.97742
-3.97978
-3.99432
-3.99511
-3.99646
-4.00139
-3.99985
-4.00247
-3.72055
-3.7215
-3.72181
-3.59291
-3.59125
-3.59263
-3.65199
-3.6527
-3.65277
-3.39884
-3.39666
-3.39926
-3.38575
-3.38579
-3.38755
-3.3965
-3.39583
-3.39803
-3.41036
-3.40743
-3.4105
-3.23968
-3.24292
-3.24294
-3.2692
-3.27248
-3.27253
-3.27959
-3.28209
-3.28269
-3.25005
-3.25253
-3.25309
-3.47529
-3.47561
-3.47531
-3.40297
-3.39954
-3.40098
-3.55935
-3.5602
-3.56002
-2.91546
-2.91573
-2.91429
-2.69038
-2.68376
-2.68465
-2.80707
-2.80073
-2.80187
-2.80473
-2.80477
-2.80318
-3.19725
-3.20019
-3.20031
-3.1607
-3.16317
-3.16333
-3.17126
-3.17296
-3.17366
-3.20773
-3.20991
-3.21056
-2.76058
-2.76033
-2.76093
-2.82548
-2.82588
-2.82657
-2.83636
-2.83601
-2.83718
-2.77141
-2.77042
-2.77151
-2.55321
-2.55305
-2.55127
-2.42334
-2.41617
-2.41669
-2.66745
-2.66754
-2.66586
-1.89099
-1.89025
-1.88822
-1.71062
-1.70196
-1.7018
-1.77616
-1.77518
-1.77306
-2.64986
-2.64964
-2.65035
-2.57589
-2.57513
-2.5757
-2.58676
-2.58533
-2.58633
-2.66062
-2.6597
-2.66086
-1.91368
-1.91256
-1.91266
-2.00611
-2.00524
-2.00565
-2.01611
-2.01493
-2.0156
-1.92356
-1.92195
-1.92242
-1.5195
-1.51786
-1.5157
-1.63191
-1.63077
-1.62862
-0.828239
-0.823695
-0.91496
-0.899597
-0.90575
-1.76636
-1.76539
-1.76564
-1.67176
-1.6707
-1.6706
-1.68099
-1.67949
-1.6797
-1.7759
-1.7745
-1.77505
-0.941928
-0.941572
-0.941084
-0.949566
-0.948882
-0.94862
-1.03145
-1.03058
-1.03036
-1.03948
-1.03827
-1.0383
8.06145
8.05442
8.0567
7.88031
7.87102
7.87356
7.90303
7.89426
7.89753
6.06444
6.03207
6.03929
5.89376
5.8627
5.86853
6.14911
6.11682
6.12397
7.99714
6.00539
5.97208
5.9798
5.63653
5.60375
5.61035
5.92761
5.89476
5.90298
5.51473
5.49451
5.49894
5.33935
5.31321
5.31871
5.59967
5.57894
5.58108
5.43771
5.41059
5.41438
5.0321
5.00834
5.01027
5.15432
5.13379
5.13494
2.45753
2.4587
2.45006
1.95675
1.96617
1.954
2.542
2.54539
2.53599
4.75284
4.72077
4.72783
4.33674
4.30567
4.31188
4.41234
4.37902
4.38526
2.37041
2.36906
2.36119
1.76687
1.76882
1.75927
2.28702
2.28314
2.27596
1.78957
1.7692
1.76612
1.41827
1.40515
1.39893
1.86545
1.84702
1.84357
4.32728
4.29505
3.80025
3.78341
3.86867
3.85218
1.71866
1.69637
1.69372
1.22193
1.20157
1.19725
1.64927
1.62513
1.62305
1.36203
1.33202
1.33459
1.00243
0.974074
0.973972
1.41263
1.38222
1.38402
1.11875
1.12772
1.1138
0.419738
0.432032
0.415744
0.415803
0.429998
0.412552
-3.18545
-3.13238
-3.17318
-2.84747
-2.8322
-2.85754
-2.91842
-2.90392
-2.92743
0.82003
0.810832
0.802303
0.300443
0.293296
0.283243
0.333188
0.328589
0.317852
-2.77679
-2.75986
-2.7856
-3.00276
-2.98165
-3.00296
-2.69441
-2.67647
-2.70197
-2.21092
-2.19681
-2.21491
-2.63904
-2.61808
-2.63743
-2.28077
-2.26503
-2.28475
0.44553
0.419592
0.417766
0.01773
-0.00476261
-0.00755072
0.044469
0.0227955
0.0191457
-2.15113
-2.13888
-2.15531
-2.44405
-2.42863
-2.44391
-2.09654
-2.08633
-2.10116
-1.95867
-1.95962
-1.96768
-2.26246
-2.25739
-2.26635
-1.96615
-1.96522
-1.97419
0.111461
0.0920025
0.0947133
-0.107876
-0.136093
-0.134645
-0.135675
-0.152315
-0.150936
-1.95979
-1.96267
-1.96983
-2.2246
-2.22521
-2.2316
-1.95894
-1.96321
-1.96949
-1.99904
-2.01153
-2.01172
-2.20968
-2.21835
-2.22038
-1.98627
-1.99743
-1.99853
0.257118
-1.99742
-2.01118
-2.01026
-2.20949
-2.2215
-2.22024
-2.01863
-2.03285
-2.031
-2.28917
-2.30748
-2.30118
-2.29072
-2.30212
-2.29937
-2.20056
-2.21248
-2.21407
-2.9198
-2.89764
-2.91401
-3.06347
-3.04209
-3.05478
-3.118
-3.0959
-3.10889
-3.46137
-3.49559
-3.48564
-3.5164
-3.50134
-2.55252
-2.54473
-2.55302
-2.75772
-2.74853
-2.75554
-2.78885
-2.77808
-2.78593
-3.58841
-3.57235
-3.5381
-3.51822
-3.5241
-3.47415
-3.51351
-3.47963
-3.60606
-3.59085
-3.59154
-3.52659
-3.51069
-3.51309
-3.54853
-3.53306
-3.53504
-2.47193
-2.4775
-2.47956
-2.63236
-2.63551
-2.6368
-2.64335
-2.64528
-2.64734
-3.49746
-3.48142
-3.48408
-3.50888
-3.49313
-3.49463
-3.45732
-3.44169
-3.44422
-3.15028
-3.13876
-3.13838
-3.22508
-3.21056
-3.21056
-3.20373
-3.19151
-3.19168
-2.55458
-2.56635
-2.5626
-2.64294
-2.65307
-2.64858
-2.61449
-2.62405
-2.62029
-3.09719
-3.08656
-3.08559
-3.04233
-3.02995
-3.02832
-3.04692
-3.03709
-3.03555
-2.79265
-2.79114
-2.78566
-2.77809
-2.77399
-2.76808
-2.82562
-2.82274
-2.81801
-3.186
-3.2544
-3.36806
-3.4157
-3.30979
-3.28873
-2.75822
-2.75795
-2.75176
-2.65191
-2.65232
-2.64485
-2.73037
-2.73123
-2.72443
-2.63789
-2.64322
-2.63664
-2.50621
-2.50968
-2.50395
-2.64617
-2.65042
-2.64347
-6.40166
-3.8952
-3.8066
-3.63838
-2.65316
-2.65994
-2.65338
-2.47791
-2.48455
-2.47964
-2.64583
-2.65519
-2.64832
-2.75593
-2.77636
-2.77115
-2.53631
-2.54142
-2.53971
-2.72294
-2.74463
-2.73845
-4.1037
-4.13279
-4.12364
-3.85159
-3.89215
-3.88278
-3.80159
-3.85544
-3.84438
-2.78002
-2.79768
-2.79387
-2.61572
-2.61183
-2.61288
-2.8179
-2.83195
-2.82938
-2.9773
-2.97439
-2.97517
-2.69725
-2.68455
-2.6871
-2.9503
-2.94896
-2.94937
-4.0402
-4.0473
-4.04489
-3.98823
-3.99424
-3.99211
-3.99036
-3.99831
-3.99578
-2.98974
-2.98599
-2.98655
-2.69991
-2.69638
-2.69577
-3.00082
-2.99814
-2.99805
-3.01169
-3.01599
-3.01341
-2.71644
-2.72253
-2.71875
-3.00325
-3.00769
-3.00474
-3.71064
-3.71025
-3.71443
-3.68401
-3.68329
-3.68651
-3.74601
-3.74675
-3.74914
-3.01717
-3.02189
-3.01995
-2.76309
-2.76953
-2.76697
-3.02317
-3.02825
-3.02707
-2.97771
-2.98
-2.98074
-2.79876
-2.80267
-2.80249
-3.002
-3.00499
-3.00547
-2.92537
-2.91822
-2.92333
-2.89579
-2.88865
-2.89375
-3.00329
-2.99678
-3.00193
-2.94716
-2.94851
-2.94967
-2.74399
-2.74569
-2.74628
-2.90701
-2.90764
-2.90925
-2.52099
-2.51848
-2.52218
-2.49989
-2.49775
-2.49994
-2.60134
-2.59926
-2.60246
-1.90743
-1.89323
-1.89913
-1.90397
-1.89094
-1.89636
-2.01857
-2.00655
-2.012
-2.43109
-2.42843
-2.43173
-2.27217
-2.26941
-2.27257
-2.3399
-2.33757
-2.34029
-1.71995
-1.71604
-1.71883
-1.79502
-1.79167
-1.79417
-1.82505
-1.82122
-1.82401
-0.883652
-0.874317
-0.875359
-0.89473
-0.890867
-0.890341
-1.03069
-1.01559
-1.01905
-1.60921
-1.6047
-1.60776
-1.48483
-1.48048
-1.48339
-1.50286
-1.49821
-1.50134
-0.844552
-0.838762
-0.841045
-0.961665
-0.955935
-0.958158
-0.965589
-0.958763
-0.961382
7.97382
7.96008
7.96527
7.58672
7.56604
7.57316
7.96341
7.95507
7.65016
7.64741
7.69617
7.69073
7.40112
7.38751
7.38973
7.12644
7.11089
7.11531
7.34359
7.3303
7.33359
7.27962
7.2639
7.106
7.08912
7.09265
7.2855
7.27339
7.27419
7.41771
5.5461
5.53625
5.53494
5.05236
5.04688
5.044
5.04855
5.01707
5.02234
4.62035
4.59027
4.59436
4.71216
4.68293
4.68664
4.42024
4.39992
4.40045
3.94834
3.93151
3.93039
4.307
4.28393
4.28511
4.09724
4.06976
4.0723
3.83261
3.81268
3.8123
4.19745
4.17172
4.17366
4.43506
4.41381
4.41803
4.09965
4.07316
4.07599
4.11843
4.09686
4.10097
3.70546
3.67475
3.67993
3.2417
3.21239
3.21635
3.63313
3.60383
3.60903
3.50737
3.47962
3.48413
3.18036
3.1519
3.1564
3.55788
3.53074
3.536
0.403378
0.41728
0.396308
-0.626611
-0.619914
-0.644861
0.981235
0.980093
0.969833
0.394017
0.395578
0.382686
0.399251
0.402768
0.38913
-0.44253
-0.434887
-0.4542
-1.02437
-1.01313
-1.03567
-0.396047
-0.389202
-0.407461
-0.327615
-0.324298
-0.340095
-0.965315
-0.9559
-0.976671
-0.359914
-0.35469
-0.371723
0.634465
0.618023
0.612838
0.164167
0.149534
0.143074
0.199242
0.186147
0.178685
-0.303676
-0.309988
-0.320886
-0.764331
-0.767604
-0.779396
-0.316605
-0.324571
-0.334665
-0.362749
-0.374328
-0.382672
-0.770105
-0.775384
-0.786214
-0.339879
-0.349736
-0.358994
0.319874
0.293883
0.295435
-0.0466473
-0.0694491
-0.0680579
-0.0136936
-0.0367049
-0.0364432
-0.508083
-0.527187
-0.530369
-0.877681
-0.894842
-0.898426
-0.540018
-0.560193
-0.562562
-0.583708
-0.6047
-0.605147
-0.879471
-0.89772
-0.900335
-0.549212
-0.570297
-0.571683
0.0718546
0.0267944
-0.291479
-0.319169
-0.278795
-0.296034
-0.740929
-0.754147
-0.758716
-0.993319
-1.00833
-1.00628
-0.811463
-0.830487
-0.827139
-0.803809
-0.850115
-0.952433
-0.979376
-0.977027
-0.850263
-0.877289
-0.876832
-3.45571
-3.43793
-3.48765
-3.47077
-3.41238
-3.40349
-3.19834
-3.17733
-3.19375
-3.28692
-3.26605
-3.27877
-3.31702
-3.29854
-3.31127
-3.36375
-3.37465
-3.34046
-3.37041
-3.34698
-3.44354
-3.41346
-3.43164
-2.72157
-2.70656
-2.71943
-2.90967
-2.89421
-2.90486
-2.95579
-2.93834
-2.94986
-3.23405
-3.2158
-3.2253
-3.30944
-3.29285
-3.29846
-3.19439
-3.17665
-3.1859
-3.12319
-3.10757
-3.1161
-3.29227
-3.27596
-3.28176
-3.16287
-3.14585
-3.15488
-2.51346
-2.51363
-2.5188
-2.70159
-2.69988
-2.70396
-2.72049
-2.71741
-2.72219
-2.97345
-2.96519
-2.97057
-3.10804
-3.09842
-3.10254
-2.94572
-2.93857
-2.94323
-2.9017
-2.89726
-2.90063
-3.08035
-3.07186
-3.07538
-2.92487
-2.91911
-2.92313
-2.4904
-2.49961
-2.49812
-2.61448
-2.62188
-2.61995
-2.61608
-2.6225
-2.62129
-2.81339
-2.81478
-2.81513
-2.88996
-2.8895
-2.88907
-2.80199
-2.80436
-2.80403
-2.78304
-2.78767
-2.78599
-2.86604
-2.86688
-2.86583
-2.78782
-2.79135
-2.79034
-2.8365
-2.85423
-2.8463
-2.82216
-2.83773
-2.83157
-2.79245
-2.80041
-2.79635
-2.79515
-2.80415
-2.7991
-2.79386
-2.80103
-2.79582
-2.82613
-2.83532
-2.83031
-2.90589
-2.91553
-2.91079
-2.80993
-2.81739
-2.81166
-2.86671
-2.87594
-2.87029
-3.07822
-2.75142
-3.63665
-3.50628
-2.915
-2.8987
-2.91352
-3.06448
-2.92968
-2.95424
-2.91783
-2.9717
-2.9648
-2.99029
-3.11474
-3.04745
-4.31991
-4.35572
-3.93058
-3.94063
-3.96862
-3.90793
-3.84989
-3.9155
-3.50647
-3.46334
-3.54886
-3.36441
-3.41651
-3.4241
-3.61644
-3.61701
-3.66605
-3.64364
-3.70539
-3.70773
-3.38371
-3.4448
-3.44297
-3.62027
-3.65797
-3.67953
-4.09444
-4.1066
-4.10333
-3.9921
-4.00669
-4.00329
-3.95673
-3.97488
-3.97065
-3.83227
-3.85706
-3.85227
-3.66435
-3.67865
-3.67581
-3.8602
-3.87824
-3.87452
-3.88018
-3.89182
-3.88943
-3.68052
-3.69242
-3.68996
-3.86671
-3.88099
-3.87792
-3.93055
-3.93728
-3.93736
-3.9028
-3.90532
-3.90576
-3.93102
-3.93477
-3.93433
-3.8481
-3.85434
-3.85391
-3.72103
-3.72626
-3.72644
-3.83552
-3.84027
-3.84025
-3.78752
-3.78977
-3.791
-3.71164
-3.71553
-3.71639
-3.81037
-3.81389
-3.81436
-3.36276
-3.35851
-3.36304
-3.33056
-3.3261
-3.33073
-3.42167
-3.41779
-3.42227
-3.5172
-3.51667
-3.51923
-3.43452
-3.43115
-3.43459
-3.43771
-3.43762
-3.44019
-3.25308
-3.2517
-3.2551
-3.35655
-3.35281
-3.35632
-3.34401
-3.34345
-3.34642
-2.41874
-2.40853
-2.414
-2.40027
-2.39093
-2.39628
-2.51451
-2.50549
-2.5108
-2.6881
-2.68461
-2.68891
-2.62663
-2.62309
-2.62665
-2.57522
-2.57143
-2.57568
-2.32891
-2.32405
-2.32831
-2.50201
-2.49795
-2.50166
-2.44324
-2.43888
-2.44321
-1.37242
-1.35809
-1.36109
-1.40388
-1.38625
-1.39104
-1.52034
-1.50213
-1.50754
-1.69466
-1.68587
-1.69063
-1.65084
-1.64257
-1.64652
-1.58129
-1.57142
-1.57646
-1.34121
-1.32977
-1.33458
-1.52464
-1.51498
-1.51913
-1.45041
-1.4397
-1.44496
7.91835
7.63744
8.9038
8.88443
8.67082
8.65532
8.66342
8.56641
8.53258
8.32797
8.30475
8.31518
6.55942
7.92602
7.90652
7.91377
7.67374
7.65454
7.65947
6.80772
6.78358
6.78965
7.2941
7.2774
7.28635
7.57056
7.54693
-4.31725
-4.30092
-4.36895
-4.38751
-4.37752
-4.20506
-4.13625
-4.15313
-4.49615
-4.47194
-4.27146
-4.22484
-3.85064
-3.82909
-3.83022
-4.30416
-4.33934
-4.32737
-4.26442
-4.29049
-4.28182
-3.9431
-3.98588
-3.9694
-4.15804
-4.14727
-4.15558
-3.99634
-3.99944
-4.00153
-4.08288
-4.09994
-4.09508
-4.00785
-3.87443
-3.89885
-3.96792
-3.87726
-3.88359
-3.31327
-3.31083
-3.30671
-3.33536
-3.31518
-3.31318
-3.34936
-3.37241
-3.36126
-3.3
-3.31294
-3.30444
-3.31578
-3.34102
-3.33021
-3.35455
-3.37052
-3.36099
-3.35221
-3.36973
-3.36123
-3.50869
-3.51635
-3.51311
-3.51518
-3.52194
-3.52012
-3.39709
-3.41211
-3.40463
-3.64059
-3.6295
-3.63637
-3.75993
-3.73811
-3.74925
-3.5991
-3.59298
-3.5976
-3.78141
-3.75584
-3.76861
-4.15763
-4.16213
-4.16126
-4.21559
-4.21299
-4.21504
-4.21837
-4.21859
-4.21933
-4.16355
-4.16206
-4.16367
-4.12479
-4.11105
-4.12023
-4.07414
-4.05789
-4.07012
-4.0075
-4.00973
-4.01261
-4.1895
-4.16356
-4.17901
-4.10716
-4.10142
-4.10501
-4.1144
-4.10981
-4.11275
-3.9158
-3.90479
-3.9114
-3.91883
-3.91271
-3.91753
-3.91821
-3.90887
-3.91527
-3.92632
-3.91827
-3.92343
-3.58776
-3.56461
-3.57601
-3.50896
-3.48783
-3.49955
-3.53334
-3.51026
-3.52318
-3.60801
-3.58313
-3.59526
-3.79746
-3.76368
-3.77982
-3.65579
-3.63116
-3.64469
-3.68396
-3.65656
-3.6714
-3.78196
-3.74971
-3.76543
-3.47507
-3.45957
-3.46814
-3.50628
-3.4927
-3.50002
-3.52196
-3.50733
-3.51518
-3.4927
-3.47615
-3.48534
-3.57134
-3.56404
-3.5691
-3.57765
-3.57288
-3.57712
-3.57983
-3.57147
-3.57701
-3.56395
-3.5606
-3.56411
-3.93456
-3.93435
-3.93623
-3.89973
-3.89988
-3.90138
-3.84385
-3.8442
-3.84631
-3.85161
-3.85077
-3.85355
-3.8592
-3.85666
-3.85987
-3.83176
-3.83384
-3.83552
-3.7939
-3.79465
-3.79529
-3.81763
-3.81794
-3.81939
-3.84395
-3.84477
-3.84576
-3.61514
-3.62032
-3.62006
-3.57306
-3.57796
-3.57777
-3.61861
-3.62434
-3.62407
-3.56957
-3.57387
-3.57363
-3.34389
-3.34638
-3.34697
-3.36348
-3.36474
-3.36583
-3.37392
-3.37448
-3.37602
-3.35403
-3.35587
-3.35694
-3.51297
-3.5149
-3.5162
-3.55005
-3.54783
-3.55096
-3.53216
-3.53161
-3.5338
-3.53415
-3.53431
-3.53666
-3.32266
-3.32551
-3.32583
-3.29841
-3.30176
-3.30185
-3.30867
-3.3113
-3.31191
-3.33297
-3.33515
-3.33594
-3.38604
-3.39
-3.39034
-3.38426
-3.3862
-3.38762
-3.41687
-3.41906
-3.42047
-3.35182
-3.3556
-3.35595
-3.36727
-3.36766
-3.36708
-3.27112
-3.27135
-3.27047
-3.42795
-3.43042
-3.4305
-3.4948
-3.49897
-3.49906
-3.48415
-3.48794
-3.48793
-3.43891
-3.44167
-3.44197
-3.04577
-3.04594
-3.04465
-3.05625
-3.05089
-3.05216
-2.94575
-2.93982
-2.94102
-3.15057
-3.15095
-3.14985
-2.90739
-2.90605
-2.907
-2.85241
-2.85052
-2.85153
-2.93905
-2.93774
-2.93899
-2.82089
-2.81892
-2.81964
-3.05505
-3.05653
-3.0569
-3.10041
-3.10261
-3.10291
-3.11108
-3.11248
-3.11332
-3.06581
-3.06651
-3.06741
-3.25984
-3.26265
-3.26315
-3.33442
-3.33592
-3.33743
-3.30169
-3.30513
-3.30556
-3.2938
-3.2946
-3.29616
-2.97654
-2.97781
-2.97835
-2.92137
-2.92187
-2.92243
-2.93225
-2.93199
-2.93305
-2.98738
-2.98787
-2.98893
-2.87904
-2.88007
-2.88085
-2.84024
-2.83842
-2.84006
-2.91153
-2.91031
-2.9121
-2.80747
-2.80789
-2.80855
-2.41144
-2.41131
-2.40947
-2.29579
-2.29537
-2.29345
-2.57591
-2.57332
-2.57401
-2.70629
-2.70456
-2.7057
-2.66878
-2.6669
-2.66779
-2.61287
-2.61072
-2.61159
-2.03592
-2.03521
-2.03319
-2.15162
-2.15121
-2.14927
-1.88433
-1.88149
-1.88189
-1.83584
-1.83302
-1.83333
-1.93781
-1.93506
-1.93574
-1.78252
-1.77965
-1.77966
-2.36992
-2.36909
-2.3695
-2.45223
-2.45167
-2.4523
-2.4629
-2.46171
-2.46275
-2.38094
-2.37943
-2.38024
-2.60654
-2.60657
-2.60713
-2.71707
-2.71544
-2.71712
-2.68636
-2.68693
-2.68766
-2.63689
-2.63479
-2.63625
-2.23627
-2.23565
-2.23613
-2.14812
-2.14697
-2.14729
-2.15838
-2.15697
-2.15753
-2.24693
-2.24573
-2.24656
-2.00236
-2.00246
-2.00274
-1.92513
-1.9234
-1.92405
-2.02293
-2.02123
-2.02224
-1.90604
-1.906
-1.90598
-1.37811
-1.37595
-1.37393
-1.04688
-1.03889
-1.03726
-1.16189
-1.15356
-1.15235
-1.27095
-1.26807
-1.26627
-1.51666
-1.5136
-1.51341
-1.67416
-1.67116
-1.67167
-1.61701
-1.61397
-1.61418
-1.5732
-1.57017
-1.5703
-1.03735
-1.03403
-1.0333
-1.13504
-1.13158
-1.13025
-0.847616
-0.84599
-0.846575
-0.802373
-0.78025
-0.790374
-0.884777
-0.882059
-0.883229
-0.93355
-0.930748
-0.931234
-1.42656
-1.42555
-1.42531
-1.52136
-1.52042
-1.52045
-1.53029
-1.52891
-1.52927
-1.43512
-1.43374
-1.43377
-1.65605
-1.65582
-1.65573
-1.77026
-1.76855
-1.76937
-1.75354
-1.75354
-1.75369
-1.67086
-1.66921
-1.66968
-0.928717
-0.927868
-0.928636
-0.923452
-0.923489
-0.923201
-1.01131
-1.01087
-1.01082
-1.02208
-1.02089
-1.02156
-1.27513
-1.27414
-1.27405
-1.18213
-1.18119
-1.18082
-1.19015
-1.18889
-1.18875
-1.28349
-1.28214
-1.28231
8.09373
8.08689
8.08827
7.96976
7.95773
7.96253
7.93259
7.92117
7.92522
7.46144
7.44753
7.45219
7.31054
7.29024
7.29656
7.50617
7.4915
7.49669
7.58546
7.56796
7.57416
7.33652
7.31413
7.32109
7.54051
7.5243
7.52994
6.3227
6.30375
6.30639
6.42069
6.3929
6.39883
6.52313
6.49791
6.50309
7.07676
7.04756
7.0556
6.80492
6.77468
6.78216
6.8871
6.85824
6.86538
6.54972
6.51918
6.52731
6.85299
6.82523
6.83363
6.61518
6.58289
6.59127
5.98999
5.96147
5.96653
6.32611
6.29601
6.3026
6.2296
6.19821
6.20516
6.89773
6.86809
6.8768
6.73719
6.70583
6.71357
6.66425
6.63294
6.64076
7.64402
8.25746
6.89004
6.88276
6.87575
6.88852
7.03324
7.08367
6.92887
6.92129
7.22966
7.21643
6.50803
6.47928
6.48696
6.68205
6.66081
6.6673
6.44612
6.41959
6.42672
5.5815
5.54768
5.555
5.79742
5.76828
5.77577
5.87546
5.84415
5.85216
6.64998
6.62935
6.63521
6.34069
6.31788
6.3235
6.41332
6.38837
6.39481
6.0862
6.06806
6.0732
6.43386
6.41205
6.09725
6.14105
6.10573
5.39675
5.36829
5.37457
5.74248
5.71631
5.72326
5.6797
5.65435
5.66048
6.42261
6.40654
6.4075
6.28686
6.26822
6.27295
6.24786
6.2274
6.23087
5.55402
5.53044
5.53337
5.40676
5.39336
5.39295
5.27956
5.26278
5.26308
4.53133
4.5131
4.51301
4.3025
4.29394
4.29057
4.65681
4.64179
4.64096
4.91465
4.90604
4.90377
4.43405
4.4285
4.42433
4.78624
4.77462
4.77298
2.23692
2.25201
2.237
2.81626
2.8247
2.8133
2.91334
2.92295
2.91108
4.20039
4.20478
4.19725
3.58914
3.59674
3.58725
3.69717
3.70657
3.6966
3.14753
3.14626
3.13923
3.71389
3.70952
3.70436
3.25536
3.2564
3.24872
2.02387
2.03542
2.02241
2.71928
2.72614
2.71536
2.63179
2.63712
2.62695
3.83558
3.83384
3.82802
3.47554
3.481
3.47211
3.36816
3.37143
3.36312
4.80996
4.7763
4.78331
4.54595
4.51287
4.51785
4.4658
4.43313
4.43843
3.74667
3.71325
3.71812
3.43184
3.40032
3.40273
3.82151
3.78862
3.79281
3.98043
3.94893
3.95232
3.50894
3.47892
3.48089
3.88816
3.85595
3.85959
3.03909
3.03482
3.02856
3.36852
3.35504
3.35215
2.93581
2.92852
2.92311
1.6984
1.69732
1.68858
2.11619
2.10639
2.10071
2.19967
2.19285
2.18644
3.25601
3.23907
3.23698
2.73075
2.71687
2.71303
2.83092
2.8203
2.81568
2.36472
2.33951
2.33865
2.85864
2.83019
2.83095
2.44714
2.42383
2.42225
1.48711
1.47668
1.47006
2.0302
2.01729
2.01242
1.94821
1.93243
1.92822
2.94502
2.91846
2.91859
2.63101
2.61359
2.6105
2.53637
2.51586
2.51353
3.96124
4.02898
3.94014
4.00086
3.9495
3.94249
3.91963
3.92505
3.27347
3.23641
3.02111
2.99172
2.99416
3.25929
3.23514
3.23472
3.41479
3.39181
3.39215
3.01302
2.99048
2.9939
3.32981
3.30711
3.3111
2.29211
2.26534
2.26506
2.63782
2.60731
2.60935
2.22521
2.19752
2.19754
1.16494
1.14178
1.13844
1.52923
1.50156
1.50079
1.59007
1.56379
1.56254
2.58532
2.55446
2.55717
2.12174
2.09292
2.09399
2.17368
2.14509
2.14568
1.95263
1.92632
1.92869
2.38419
2.35255
2.35669
2.01587
1.98634
1.98961
1.02594
0.998132
0.997286
1.4907
1.46207
1.46212
1.43681
1.40806
1.4089
2.40952
2.37961
2.38418
2.08961
2.0601
2.06222
2.03649
2.00703
2.01022
1.15291
1.16327
1.14842
0.414129
0.430261
0.410371
0.414479
0.429997
0.41132
-0.44874
-0.437873
-0.458092
-1.21367
-1.19947
-1.2264
-0.491156
-0.479605
-0.500928
-0.556704
-0.545735
-0.569528
-1.28656
-1.27281
-1.30082
-0.527888
-0.516121
-0.538774
-3.13743
-2.97607
-2.99434
-3.04895
-3.04317
-2.18896
-2.25527
-2.2426
-2.75517
-2.69072
-2.75033
-2.73638
-2.7703
-3.16551
-3.16007
-3.05178
-3.00384
-3.05116
-2.90486
-2.94351
-2.93521
-2.42989
-2.41323
-2.44378
-1.99357
-1.98179
-2.01294
-2.51884
-2.50289
-2.53399
-2.6536
-2.64671
-2.67837
-2.07515
-2.06701
-2.09818
-2.59753
-2.58471
-2.61602
0.871612
0.865107
0.856086
0.387128
0.388017
0.375762
0.366192
0.364452
0.352986
-0.282292
-0.286435
-0.298238
-0.786616
-0.784488
-0.799344
-0.275864
-0.2778
-0.290461
-0.285632
-0.283095
-0.297737
-0.809113
-0.804969
-0.821066
-0.275486
-0.275095
-0.288694
-2.34153
-2.32462
-2.35396
-1.71568
-1.70295
-1.72905
-2.24624
-2.22964
-2.25755
-2.93799
-2.91566
-2.93759
-2.52256
-2.50433
-2.52814
-2.61043
-2.59224
-2.61701
-1.62666
-1.61537
-1.63934
-2.06131
-2.04663
-2.07099
-2.15336
-2.13762
-2.16381
-1.77116
-1.76188
-1.77913
-1.35686
-1.35161
-1.36849
-1.83163
-1.82095
-1.83981
-2.71089
-2.68864
-2.70905
-2.4385
-2.42044
-2.44311
-2.35449
-2.33746
-2.35871
-1.40744
-1.40071
-1.41909
-1.97851
-1.96499
-1.9875
-1.90007
-1.88794
-1.90858
0.475263
0.450525
0.447918
0.106335
0.0874982
0.0819249
0.0698678
0.0494542
0.0448499
-0.477261
-0.494534
-0.499068
-0.826919
-0.838665
-0.845981
-0.451959
-0.469217
-0.474978
-0.395638
-0.41015
-0.417764
-0.811004
-0.821468
-0.829719
-0.426219
-0.44223
-0.44897
-1.7239
-1.71586
-1.73168
-1.2613
-1.26033
-1.27357
-1.68272
-1.67638
-1.69086
-2.39501
-2.38159
-2.39542
-2.01936
-2.01254
-2.02474
-2.05578
-2.04708
-2.06057
-1.24831
-1.24895
-1.26114
-1.62898
-1.62606
-1.63814
-1.65303
-1.64834
-1.66159
-1.60361
-1.60816
-1.61621
-1.26341
-1.27084
-1.2792
-1.60371
-1.60658
-1.61557
-2.2817
-2.27462
-2.28462
-1.99588
-1.991
-2.00206
-1.97586
-1.97288
-1.98285
-1.25219
-1.25794
-1.26724
-1.61529
-1.61437
-1.62536
-1.60516
-1.60606
-1.61603
0.174308
0.159391
0.155051
-0.0560937
-0.0794671
-0.0779124
-0.101348
-0.119413
-0.119255
-0.667189
-0.693995
-0.690777
-0.90788
-0.927471
-0.925346
-0.640182
-0.663149
-0.659972
-0.580487
-0.600447
-0.600499
-0.906132
-0.924372
-0.924257
-0.61463
-0.635006
-0.634321
-1.60661
-1.61273
-1.61981
-1.30157
-1.31246
-1.31786
-1.61057
-1.61799
-1.6241
-2.22024
-2.22235
-2.22797
-1.96868
-1.97583
-1.98028
-1.96372
-1.96951
-1.97487
-1.31404
-1.32603
-1.33006
-1.62063
-1.63122
-1.63522
-1.6146
-1.62357
-1.62868
-1.63501
-1.65004
-1.64959
-1.36579
-1.38283
-1.38238
-1.62386
-1.63818
-1.63859
-2.2131
-2.21974
-2.2228
-1.97382
-1.98246
-1.98592
-1.98389
-1.99385
-1.99632
-1.3596
-1.37597
-1.37669
-1.62064
-1.63257
-1.6351
-1.62753
-1.64074
-1.64228
-0.368917
0.88806
-1.79527
-1.13291
-1.16587
-1.60508
-1.33148
-1.25175
-1.14078
-1.15845
-0.854009
-0.902479
-1.62962
-1.6456
-1.64399
-1.44122
-1.46162
-1.45759
-1.65359
-1.66992
-1.66727
-2.20611
-2.21889
-2.2168
-2.05769
-2.07309
-2.07001
-2.02364
-2.03899
-2.03645
-1.44968
-1.47459
-1.47037
-1.69814
-1.71212
-1.71035
-1.64848
-1.66708
-1.66381
-1.84734
-1.87969
-1.86632
-1.61585
-1.66463
-1.9279
-1.834
-1.90399
-2.24736
-2.26198
-2.2579
-2.08957
-2.10742
-2.10233
-2.1232
-2.14452
-2.13935
-1.65065
-1.68256
-1.67835
-1.73292
-1.747
-1.74386
-1.72006
-1.74532
-1.74165
-2.97911
-2.95631
-2.9732
-3.21532
-3.1925
-3.20551
-3.16301
-3.14058
-3.15383
-3.22787
-3.20952
-3.21889
-3.34869
-3.33204
-3.3373
-3.26503
-3.24743
-3.25645
-3.33455
-3.31717
-3.32489
-3.34765
-3.33337
-3.33888
-3.29306
-3.27612
-3.28442
-3.57103
-3.44887
-3.428
-3.40718
-3.42227
-3.49487
-3.61987
-3.46463
-3.44534
-3.42541
-3.43236
-3.36007
-3.39765
-3.36713
-3.44646
-3.43318
-3.48678
-3.4716
-3.44652
-3.42615
-3.43478
-3.35853
-3.37256
-2.57575
-2.56618
-2.57539
-2.85272
-2.83831
-2.84799
-2.81561
-2.80295
-2.8117
-2.97878
-2.96664
-2.97296
-3.17679
-3.16077
-3.1667
-3.00957
-2.99664
-3.00355
-3.06754
-3.05222
-3.0602
-3.19768
-3.18122
-3.18722
-3.03396
-3.01989
-3.02733
-3.60613
-3.58404
-3.59007
-3.55164
-3.54113
-3.54033
-3.54057
-3.53109
-3.52893
-3.43896
-3.4297
-3.4303
-3.38728
-3.37441
-3.37678
-3.46383
-3.45028
-3.45046
-3.46103
-3.44624
-3.44755
-3.38359
-3.36857
-3.37184
-3.45951
-3.44541
-3.44629
-3.61826
-3.60374
-3.60349
-3.55913
-3.54668
-3.54692
-3.558
-3.54361
-3.54482
-3.41346
-3.39689
-3.40006
-3.33553
-3.31844
-3.32301
-3.43748
-3.42065
-3.42358
-3.46003
-3.44454
-3.44631
-3.35142
-3.33425
-3.33855
-3.44941
-3.43304
-3.43535
-2.47409
-2.47773
-2.48065
-2.66906
-2.66763
-2.67122
-2.65322
-2.65332
-2.65615
-2.81127
-2.81101
-2.81214
-2.94739
-2.94234
-2.94391
-2.8272
-2.82572
-2.82745
-2.8627
-2.8576
-2.8607
-2.97227
-2.96547
-2.9676
-2.84107
-2.83766
-2.84008
-3.38744
-3.37115
-3.37442
-3.24685
-3.2324
-3.23624
-3.35052
-3.3351
-3.33814
-3.45966
-3.44389
-3.44534
-3.36318
-3.34881
-3.3506
-3.41301
-3.39791
-3.40017
-3.21431
-3.20105
-3.20441
-3.26985
-3.25664
-3.25884
-3.31361
-3.2992
-3.3019
-3.09384
-3.08504
-3.08488
-3.06781
-3.06005
-3.06107
-3.13834
-3.12865
-3.12906
-3.28754
-3.27265
-3.27307
-3.31121
-3.29762
-3.29891
-3.25748
-3.24473
-3.24541
-3.10305
-3.09386
-3.09542
-3.22823
-3.2161
-3.21779
-3.18224
-3.17135
-3.17239
-2.52582
-2.53631
-2.53326
-2.60476
-2.61207
-2.60981
-2.61022
-2.61869
-2.61578
-2.77867
-2.78692
-2.78239
-2.78907
-2.79465
-2.79075
-2.7614
-2.76896
-2.76507
-2.76155
-2.76674
-2.7644
-2.8055
-2.81009
-2.80681
-2.76407
-2.77065
-2.76758
-3.05207
-3.04456
-3.04386
-2.97023
-2.96661
-2.96583
-3.00958
-3.00305
-3.00185
-2.98289
-2.97153
-2.96931
-2.95111
-2.94392
-2.94118
-2.99645
-2.98791
-2.98576
-2.94002
-2.93777
-2.93634
-2.93255
-2.92854
-2.92615
-2.96954
-2.96423
-2.96247
-2.80976
-2.81071
-2.80584
-2.84402
-2.8467
-2.84266
-2.83405
-2.8341
-2.82974
-2.82707
-2.8208
-2.81596
-2.90482
-2.89915
-2.89579
-2.86597
-2.86167
-2.85769
-2.86733
-2.86925
-2.86581
-2.8965
-2.89418
-2.89109
-2.86649
-2.86561
-2.86181
-3.46886
-3.42517
-3.08294
-2.99849
-3.04869
-3.03703
-3.08364
-3.04653
-3.05863
-3.05499
-2.93052
-2.94242
-2.93406
-3.11623
-3.16231
-3.12388
-2.97047
-2.97703
-2.97489
-2.90852
-2.90805
-2.90371
-3.05125
-3.05384
-3.04689
-2.78293
-2.78443
-2.77894
-2.8132
-2.81781
-2.81238
-2.76406
-2.76622
-2.76039
-2.61314
-2.61466
-2.60712
-2.68111
-2.68433
-2.67647
-2.70419
-2.70647
-2.69886
-2.81374
-2.81898
-2.81309
-2.7377
-2.74138
-2.73484
-2.74925
-2.75231
-2.74605
-2.74471
-2.75017
-2.74388
-2.87863
-2.88902
-2.88042
-2.74357
-2.74914
-2.74179
-2.52287
-2.52568
-2.51946
-2.66436
-2.66822
-2.66036
-2.64828
-2.65226
-2.64481
-2.84876
-2.85345
-2.84745
-2.73513
-2.73955
-2.7327
-2.73321
-2.73806
-2.7309
-3.69179
-3.92582
-3.53245
-3.59336
-3.17878
-3.20219
-3.23361
-3.21383
-3.21431
-3.19217
-3.17683
-3.14918
-3.16345
-3.19674
-3.30705
-3.30595
-2.78072
-2.78894
-2.78095
-2.92642
-2.94192
-2.93137
-2.764
-2.77634
-2.76766
-2.48476
-2.49221
-2.48752
-2.66375
-2.67941
-2.67281
-2.66321
-2.67571
-2.66879
-2.98351
-3.00477
-2.99887
-2.79306
-2.81813
-2.81038
-2.79396
-2.81214
-2.80391
-2.9277
-2.9637
-2.95853
-3.06185
-3.10819
-3.1067
-2.88268
-2.91897
-2.91297
-2.51939
-2.52637
-2.52344
-2.68355
-2.70216
-2.69585
-2.70331
-2.7244
-2.71779
-3.03878
-3.08085
-3.07999
-2.82736
-2.85777
-2.85112
-2.85399
-2.88801
-2.8816
-4.12785
-4.1612
-4.15478
-3.83582
-3.87535
-3.88319
-3.80473
-3.86283
-3.85688
-3.80381
-3.83751
-3.83185
-3.55662
-3.58831
-3.58354
-3.75803
-3.80413
-3.79587
-3.66737
-3.73566
-3.72719
-3.52061
-3.56273
-3.55615
-3.71455
-3.77477
-3.76342
-2.95929
-2.99459
-2.98945
-3.20184
-3.2531
-3.24913
-3.00997
-3.04197
-3.0377
-2.63178
-2.6253
-2.62657
-2.87639
-2.88344
-2.88141
-2.84151
-2.8522
-2.84964
-3.23695
-3.28499
-3.28025
-3.08772
-3.10987
-3.10596
-3.04258
-3.06983
-3.06621
-3.2045
-3.21212
-3.20997
-3.40833
-3.42595
-3.42382
-3.17646
-3.18547
-3.18451
-2.68927
-2.67671
-2.68003
-2.89937
-2.90263
-2.90239
-2.93167
-2.93172
-2.93234
-3.37679
-3.40135
-3.39795
-3.11654
-3.13306
-3.12951
-3.15402
-3.16595
-3.16439
-4.06854
-4.0747
-4.07263
-3.98775
-4.00022
-3.99719
-4.00391
-4.0139
-4.01125
-3.86354
-3.87076
-3.87019
-3.72549
-3.73483
-3.73371
-3.86592
-3.87411
-3.87324
-3.87281
-3.88302
-3.8813
-3.72209
-3.73205
-3.73037
-3.8758
-3.88477
-3.88365
-3.22106
-3.22648
-3.22491
-3.48391
-3.49209
-3.49021
-3.24052
-3.24506
-3.24354
-2.69576
-2.69544
-2.69354
-3.00448
-3.00469
-3.00335
-3.00114
-2.99987
-2.99915
-3.49166
-3.49842
-3.49668
-3.26377
-3.26754
-3.26583
-3.25129
-3.25539
-3.25377
-3.2919
-3.29752
-3.29552
-3.50795
-3.51412
-3.51245
-3.28545
-3.29047
-3.28813
-2.70857
-2.71403
-2.71055
-3.00221
-3.00365
-3.00185
-3.00197
-3.00517
-3.00252
-3.50823
-3.51424
-3.51222
-3.27036
-3.2741
-3.27232
-3.27979
-3.28418
-3.28188
-3.78171
-3.78271
-3.78621
-3.8592
-3.86076
-3.86197
-3.81074
-3.81203
-3.81378
-3.59863
-3.59836
-3.60072
-3.61092
-3.60942
-3.61314
-3.65878
-3.6592
-3.66106
-3.7554
-3.75713
-3.75861
-3.64589
-3.6459
-3.64877
-3.71413
-3.71517
-3.71669
-3.29908
-3.30476
-3.30355
-3.50555
-3.511
-3.51051
-3.3038
-3.30923
-3.30837
-2.77755
-2.7838
-2.78222
-3.029
-3.03353
-3.03314
-3.02817
-3.03286
-3.03214
-3.49851
-3.50333
-3.50316
-3.30633
-3.31082
-3.31073
-3.30881
-3.3138
-3.31339
-3.24024
-3.24126
-3.24316
-3.40395
-3.40515
-3.40731
-3.27091
-3.27287
-3.27423
-2.80093
-2.80565
-2.80523
-3.02689
-3.03097
-3.03093
-3.01724
-3.02087
-3.02102
-3.43785
-3.44008
-3.44146
-3.30272
-3.30646
-3.30683
-3.28743
-3.2906
-3.29145
-3.05467
-3.04806
-3.05297
-3.22578
-3.22056
-3.22549
-3.12487
-3.11903
-3.12399
-2.82289
-2.81988
-2.82408
-2.97435
-2.97123
-2.97457
-2.93194
-2.92917
-2.93332
-3.1528
-3.15077
-3.1545
-3.08362
-3.08077
-3.08391
-3.05065
-3.04835
-3.05228
-3.20755
-3.20746
-3.20999
-3.25576
-3.25421
-3.258
-3.16103
-3.16033
-3.16329
-2.71056
-2.71128
-2.71226
-2.80749
-2.80662
-2.80894
-2.8621
-2.86192
-2.86394
-3.18996
-3.18725
-3.19147
-3.046
-3.04438
-3.04767
-3.10958
-3.10814
-3.11138
-2.71924
-2.71621
-2.71939
-2.84282
-2.8398
-2.84291
-2.81145
-2.80815
-2.81157
-2.56367
-2.56211
-2.56406
-2.74616
-2.74464
-2.74726
-2.6775
-2.67613
-2.67872
-2.94233
-2.93938
-2.94253
-2.97714
-2.97417
-2.97855
-2.89836
-2.89506
-2.89932
-2.05251
-2.03937
-2.04524
-2.27026
-2.26035
-2.26599
-2.1556
-2.14467
-2.15002
-1.83482
-1.82701
-1.83152
-2.01826
-2.01221
-2.0161
-1.9505
-1.94329
-1.94777
-2.20137
-2.19575
-2.20014
-2.1474
-2.14225
-2.146
-2.08657
-2.08015
-2.08451
-2.62006
-2.61678
-2.61993
-2.5241
-2.52155
-2.52439
-2.51846
-2.51551
-2.51839
-2.18305
-2.17995
-2.1833
-2.14245
-2.13984
-2.14252
-2.24042
-2.2377
-2.24048
-2.40664
-2.4037
-2.40674
-2.30147
-2.29843
-2.30113
-2.41001
-2.40693
-2.40972
-1.84214
-1.83807
-1.84058
-1.93554
-1.93125
-1.93439
-1.95649
-1.95236
-1.95539
-1.89748
-1.89507
-1.89742
-2.0382
-2.03521
-2.03785
-1.93441
-1.93118
-1.93386
-2.05935
-2.05563
-2.05867
-2.18637
-2.18292
-2.18578
-2.07479
-2.07117
-2.0743
-1.01689
-1.00431
-1.00646
-1.271
-1.25474
-1.25921
-1.15212
-1.13731
-1.14139
-0.890374
-0.876642
-0.881203
-1.04629
-1.03663
-1.04042
-0.990517
-0.977435
-0.982203
-1.2189
-1.2061
-1.21087
-1.16659
-1.15758
-1.1617
-1.11044
-1.09784
-1.10231
-1.72265
-1.71776
-1.72049
-1.58444
-1.57835
-1.58172
-1.6081
-1.60292
-1.60566
-1.37955
-1.37447
-1.37774
-1.28522
-1.27983
-1.28253
-1.3933
-1.38794
-1.39105
-1.4625
-1.45541
-1.45895
-1.37432
-1.3678
-1.37079
-1.48972
-1.48357
-1.48651
-0.904346
-0.897466
-0.900203
-1.00733
-0.998067
-1.00178
-1.03039
-1.02226
-1.02545
-1.05692
-1.0522
-1.05439
-1.17872
-1.17247
-1.17517
-1.0663
-1.06036
-1.06288
-1.12056
-1.11188
-1.11539
-1.25874
-1.25105
-1.2543
-1.14129
-1.13353
-1.13668
3.8931
3.88104
3.87831
3.2306
3.19199
3.19991
8.01223
8.00431
5.22294
5.19179
5.19675
4.63216
4.60331
4.60917
3.65413
1.05879
1.06419
1.05206
0.716901
0.702625
0.69546
0.385211
0.358449
0.358504
0.107134
0.0619618
-3.18232
-3.20934
-3.19432
-2.79996
-2.78028
-2.79513
-2.51339
-2.50904
-2.51566
-2.46721
-2.47519
-2.47541
-2.64713
-2.66429
-2.6588
-4.53971
-4.7208
-4.08079
-4.0996
-4.09388
-3.99945
-4.00761
-4.00593
-3.55465
-3.5527
-3.5571
-2.68013
-2.67146
-2.67674
-1.64425
-1.62864
-1.63298
-0.707337
-0.690666
8.35229
8.35162
8.33445
8.33583
5.19134
5.16699
5.17037
5.4481
0.965401
0.939222
0.941366
0.662459
0.645557
0.642177
0.617369
-2.34644
-2.36826
-2.3633
-3.09868
-4.9422
-4.09412
-4.11284
-4.10546
-4.06773
-4.08401
-4.0776
-4.09222
-4.09518
-4.09506
-4.04528
-4.04733
-4.04812
-3.69724
-3.68991
-3.69469
-3.61053
-3.60236
-3.60727
-2.88534
-2.87058
-2.87576
-2.75118
-2.73609
-2.74125
-1.85162
-1.83638
-1.83984
-1.70492
-1.68985
-1.69326
-0.889593
-0.864601
-0.73015
-3.32939
-3.28756
-3.31767
9.9996
9.99848
10.0005
9.83913
9.83577
9.83829
3.22751
3.1889
3.19684
7.99714
7.99178
7.99181
5.78593
5.75465
5.76042
5.70084
5.6687
5.67481
5.21486
5.19413
5.19879
5.32953
5.30114
5.30532
1.88721
1.89246
1.88161
4.68195
4.65518
4.66134
1.82246
1.82508
1.81509
1.37337
1.35879
1.35355
3.68547
1.31052
1.2943
1.2895
0.984072
0.959335
0.959571
1.06728
1.07238
1.05971
-3.14132
-3.12496
-3.14629
0.783982
0.772606
0.765179
-3.11186
-3.09067
-3.11225
-2.58555
-2.5679
-2.58582
0.404767
0.380857
0.379496
-2.52253
-2.50697
-2.52347
-2.26064
-2.25847
-2.26655
0.0513682
0.0259048
0.0242368
-2.25296
-2.25292
-2.26018
-2.22334
-2.23316
-2.23386
-2.21108
-2.2219
-2.22171
-2.34957
-2.36111
-2.35714
-2.88839
-2.86889
-2.88459
-3.62097
-3.60148
-2.54827
-2.54329
-2.55066
-3.50404
-3.51736
-3.60441
-3.5889
-3.58996
-2.49191
-2.49863
-2.49974
-3.57284
-3.55633
-3.5579
-3.17862
-3.16395
-3.16358
-2.61078
-2.6246
-2.61931
-3.11406
-3.10033
-3.09936
-2.7406
-2.73871
-2.73185
-3.88607
-2.69478
-2.69433
-2.68699
-2.48863
-2.49311
-2.48778
-5.40278
-2.48486
-2.49025
-2.48527
-2.56394
-2.5658
-2.56534
-4.10077
-4.12418
-4.11674
-2.58498
-2.58331
-2.58416
-2.70076
-2.69035
-2.69208
-4.03087
-4.03843
-4.03611
-2.69438
-2.68734
-2.68808
-2.72099
-2.72851
-2.72446
-3.63737
-3.63642
-3.64096
-2.73721
-2.74471
-2.74091
-2.78064
-2.784
-2.78401
-2.80976
-2.80166
-2.80675
-2.76284
-2.76535
-2.76567
-2.42213
-2.42
-2.4222
-1.78712
-1.77164
-1.77679
-2.34454
-2.34214
-2.3446
-1.68799
-1.68446
-1.68693
-0.793636
-0.775452
-1.58286
-1.57883
-1.5814
-0.835301
-0.830474
-0.832426
9.36599
9.17482
5.56641
5.88656
2.48541
-3.5993
-2.86354
9.99923
9.98686
9.8527
9.83477
6.48721
6.48927
6.48755
6.88038
6.83157
6.5891
6.56501
3.35794
3.28736
-3.6128
-3.55308
-3.54346
-3.33057
-3.22856
-3.28043
9.52728
8.47807
8.47455
8.47685
8.90238
8.93375
8.48003
8.47561
8.47739
8.99392
8.9971
8.56943
7.53045
6.34285
6.3214
4.91539
4.90141
4.84433
4.83081
3.79594
2.1949
2.17383
2.17663
0.839182
0.820016
0.821653
1.65807
1.73809
0.875455
0.845948
0.847193
2.11248
2.07421
1.28434
-1.7116
-1.76532
-2.59473
-2.61724
-2.61299
-2.65906
-3.21255
-3.41348
-3.61879
-3.55905
-3.54956
-2.86156
-2.8849
-2.86555
-3.33457
-3.23281
-2.56084
-2.57136
9.37354
9.5202
9.50658
9.46309
9.465
9.46518
8.72595
7.7312
7.68497
6.76272
3.88846
3.83843
5.58067
1.88451
1.88344
1.72651
1.74469
1.73942
2.49675
1.12353
-1.55083
-1.64809
-1.68814
-1.67549
-1.40187
-1.46041
-1.80362
-3.58691
8.71474
9.46203
9.46394
9.46412
9.5203
9.50657
2.89762
6.48522
6.48728
6.48558
6.57643
6.55206
1.11199
1.72271
1.74092
1.73563
1.87746
1.87664
-0.983203
-1.01294
-1.40462
-1.46341
9.87637
9.87377
9.87577
9.85548
9.85175
9.85421
10.0323
10.03
10.0324
9.82359
9.82042
9.82289
3.21753
3.17811
3.18575
2.9567
2.96814
2.96466
2.96712
2.98061
2.97708
8.15633
8.14832
8.15226
7.40677
7.38121
7.38928
7.7077
7.23107
7.21379
7.21864
7.00592
7.04374
7.01541
5.79942
5.78283
5.78411
4.69293
4.69274
4.68728
4.94809
4.91491
4.92075
4.05223
4.03724
4.03541
3.70562
3.68076
3.68124
4.3694
4.34603
4.34634
3.29515
3.26284
3.26619
3.13857
3.10809
3.11274
1.23721
1.24907
1.23238
-1.3979
-1.38699
-1.41666
0.957989
0.956636
0.946684
-1.06633
-1.05262
-1.07675
-0.886397
-0.877957
-0.896957
0.560445
0.5389
0.534539
-0.763135
-0.764878
-0.77766
-0.780273
-0.787406
-0.797441
0.290196
0.265295
0.268652
-0.857811
-0.871268
-0.876582
-0.89205
-0.908443
-0.910346
-0.68327
-0.949553
-0.965095
-0.964004
-1.17452
-1.07774
-1.15111
-3.36603
-3.10029
-3.0775
-3.09449
-3.3966
-3.38053
-2.64839
-2.63433
-2.64595
-3.30151
-3.2845
-3.29008
-3.24105
-3.22412
-3.22995
-2.48233
-2.48277
-2.48729
-3.12286
-3.10864
-3.11387
-3.02939
-3.01931
-3.0227
-2.48453
-2.49361
-2.49158
-2.89871
-2.89657
-2.89696
-2.83693
-2.83851
-2.83697
-2.92214
-2.96675
-2.9458
-2.78217
-2.7888
-2.78391
-2.82574
-2.833
-2.82726
-3.12814
-3.07776
-3.10434
-2.95575
-2.95753
-2.99042
-4.20735
-4.19771
-4.2297
-3.29943
-3.33454
-3.35267
-3.43783
-3.49961
-3.49302
-4.10042
-4.10964
-4.10737
-3.63008
-3.64852
-3.64499
-3.70082
-3.71171
-3.70941
-3.89157
-3.89699
-3.89813
-3.72846
-3.73502
-3.73459
-3.69764
-3.70003
-3.70157
-3.27565
-3.27057
-3.27523
-3.50723
-3.50412
-3.5078
-3.27869
-3.27528
-3.27856
-2.31158
-2.30026
-2.3058
-2.74797
-2.74439
-2.74798
-2.39269
-2.38857
-2.39223
-1.2601
-1.24677
-1.24953
-1.77228
-1.7645
-1.76851
-1.41372
-1.4035
-1.40772
8.54284
8.54148
8.41214
8.40833
8.41035
8.43215
8.46966
8.38558
8.3054
8.41767
5.42685
5.40629
5.40723
5.00665
5.05812
5.01547
5.42382
5.3966
5.77163
1.30728
1.28013
1.28341
0.930623
0.905197
0.907118
1.26422
1.23448
1.23753
1.06185
1.02031
0.719849
0.698145
0.703779
0.584725
0.667926
0.334012
0.589422
0.170459
-2.35573
-2.39275
-2.38356
-2.56821
-2.48049
-2.54274
-2.35402
-2.40259
-1.99808
-4.33662
-4.35253
-4.34403
-4.22257
-4.25047
-4.24074
-4.16237
-4.16858
-4.16717
-4.14368
-4.14888
-4.14786
-3.94009
-3.93733
-3.94066
-3.8831
-3.87922
-3.88306
-3.34006
-3.32868
-3.33337
-3.22554
-3.21311
-3.21798
-2.38145
-2.36535
-2.37025
-2.24034
-2.22419
-2.2288
-1.32865
-1.31242
-1.31472
-1.19255
-1.17643
-1.17844
-0.491573
-0.70962
-0.376945
-3.27938
-3.27216
-3.28622
-3.29434
-3.41652
-3.39536
10.0158
10.0222
10.0218
10.0548
10.06
10.0599
8.54305
8.5306
8.53468
7.29766
7.28819
7.28881
4.19337
4.20177
4.19805
3.86838
3.8579
3.85485
4.18369
4.19147
4.18748
-0.354636
-0.397356
-0.385825
0.132503
0.139139
0.135359
9.87615
9.87346
9.87545
9.85544
9.85165
9.85412
9.82232
9.81909
9.82157
4.19015
4.19864
4.19493
3.86517
3.85484
3.85177
4.17965
4.18757
4.18356
4.55067
4.51606
4.52393
2.95529
2.96694
2.96344
3.2149
3.17566
3.18326
2.96345
2.97703
2.97348
-2.38127
-2.35805
-2.35673
10.0719
10.0744
10.0753
8.12336
8.11477
8.11853
7.22893
7.20798
7.21431
7.3475
7.32133
7.32937
6.20391
6.18136
6.18465
6.99283
6.96259
6.97064
6.78655
6.7591
6.76707
6.09083
6.06502
6.06916
6.94181
6.91113
6.91937
7.73307
6.77668
6.96844
6.9534
6.95766
6.73895
6.71335
6.72081
5.48506
5.45338
5.46056
6.5593
6.54119
6.54357
6.0829
6.13687
5.41974
5.39039
5.39734
6.49199
6.47437
6.47841
5.67471
5.65477
5.65672
4.1907
4.17982
4.17733
4.57054
4.56779
4.56322
2.15077
2.16337
2.14941
4.08133
4.08312
4.07658
3.60785
3.60093
3.59684
2.0801
2.09133
2.07805
3.95844
3.95811
3.95217
4.89975
4.86741
4.87383
3.3708
3.34252
3.3451
3.62243
3.59721
3.59826
3.49284
3.4831
3.47969
1.63357
1.62827
1.62078
3.17329
3.15514
3.15373
2.80665
2.78048
2.7814
1.56463
1.55662
1.54988
3.07043
3.04943
3.04871
4.35714
4.32431
2.77942
2.8509
2.79232
3.06412
3.03905
3.04243
2.73127
2.70402
2.70538
1.14394
1.12273
1.12001
2.5488
2.51975
2.52286
2.26568
2.24658
2.24443
1.09687
1.07391
1.072
2.48672
2.45869
2.46211
1.16118
1.17034
1.15494
-1.16335
-1.15069
-1.17649
-1.36472
-1.35351
-1.38284
-3.27936
-3.26247
-2.25715
-2.25766
-2.28568
-3.12331
-3.1421
-1.94726
-1.93483
-1.96497
-2.1981
-2.19465
-2.22523
0.911545
0.906299
0.897231
-0.779233
-0.778911
-0.7928
-0.866726
-0.861432
-0.878997
-1.85089
-1.83803
-1.86638
-2.89659
-2.87363
-2.89565
-1.57482
-1.56534
-1.58747
-1.33407
-1.32976
-1.34548
-2.81995
-2.7975
-2.81887
-1.50289
-1.49464
-1.51493
0.537632
0.517588
0.514014
-0.846208
-0.860438
-0.8666
-0.792296
-0.801304
-0.810357
-1.3022
-1.29972
-1.31407
-2.36408
-2.35421
-2.36655
-1.25202
-1.25543
-1.26644
-1.2844
-1.29491
-1.3021
-2.33204
-2.32396
-2.33507
-1.2563
-1.26173
-1.27184
0.257848
0.228605
0.231611
-0.924317
-0.944668
-0.942648
-0.891465
-0.910548
-0.911061
-1.30027
-1.31271
-1.31884
-2.23704
-2.24135
-2.24616
-1.34948
-1.36434
-1.3671
-1.4031
-1.42101
-1.42024
-2.23259
-2.23829
-2.24226
-1.35627
-1.37238
-1.37415
-0.85946
-1.24009
-1.08271
-1.10851
-1.09919
-1.40968
-1.42873
-1.42669
-2.22505
-2.2374
-2.23488
-1.54692
-1.55911
-1.56279
-2.15039
-2.07986
-2.22901
-2.2425
-2.23869
-1.60501
-1.62407
-1.61936
-3.08728
-3.06524
-3.08261
-3.35158
-3.33489
-3.34054
-3.42338
-3.39518
-3.40876
-3.4404
-3.50485
-3.49049
-3.44762
-3.43604
-3.43736
-3.47304
-3.46473
-2.63447
-2.62376
-2.63417
-3.16538
-3.15359
-3.15878
-3.24797
-3.23301
-3.23903
-3.63844
-3.62882
-3.62811
-3.43531
-3.42396
-3.4259
-3.40345
-3.3893
-3.39271
-3.65458
-3.64286
-3.64188
-3.32447
-3.31144
-3.3155
-3.39233
-3.37793
-3.38178
-2.50041
-2.50324
-2.50688
-2.93872
-2.93595
-2.9367
-3.0222
-3.01595
-3.01835
-3.29788
-3.28557
-3.28942
-3.42681
-3.40964
-3.41126
-3.19418
-3.18432
-3.18676
-3.05033
-3.04462
-3.04488
-3.36787
-3.351
-3.35224
-3.15995
-3.15109
-3.15302
-2.50888
-2.51978
-2.51667
-2.79228
-2.79877
-2.79424
-2.82629
-2.83026
-2.82776
-3.01593
-3.01154
-3.01122
-2.93788
-2.92812
-2.92498
-2.92513
-2.9247
-2.92243
-2.83765
-2.84121
-2.83646
-2.8824
-2.87449
-2.87045
-2.89701
-2.89816
-2.89522
-2.97984
-3.0164
-2.99928
-2.9365
-2.97343
-2.86582
-2.87198
-2.86709
-2.82195
-2.82618
-2.82096
-2.58006
-2.58225
-2.57488
-2.81908
-2.82445
-2.81852
-2.88024
-2.88558
-2.88132
-2.54917
-2.55178
-2.54497
-2.83393
-2.83959
-2.83357
-3.27512
-3.28503
-3.32157
-3.08132
-3.09145
-3.12599
-2.98548
-2.99479
-2.98467
-2.48757
-2.49511
-2.4909
-2.95468
-2.98433
-2.98237
-3.12102
-3.16849
-3.1688
-2.50094
-2.50857
-2.50487
-3.00662
-3.04377
-3.04351
-4.19237
-4.22066
-4.22394
-3.60421
-3.62763
-3.62422
-3.47107
-3.5253
-3.51751
-3.14499
-3.19534
-3.19348
-2.65233
-2.64351
-2.64543
-3.2911
-3.33222
-3.32701
-3.44322
-3.45666
-3.45421
-2.66544
-2.65409
-2.65743
-3.32971
-3.36226
-3.35709
-4.08002
-4.08715
-4.08525
-3.72834
-3.73634
-3.73558
-3.71034
-3.7207
-3.71856
-3.46251
-3.47265
-3.47057
-2.6921
-2.69468
-2.69188
-3.49995
-3.50575
-3.504
-3.50603
-3.51223
-3.51108
-2.69465
-2.69889
-2.69567
-3.50175
-3.50727
-3.50517
-3.83271
-3.83585
-3.83829
-3.55835
-3.55583
-3.55978
-3.67188
-3.67277
-3.67511
-3.50483
-3.51067
-3.50988
-2.7833
-2.78921
-2.78806
-3.47877
-3.48294
-3.48322
-3.35529
-3.35583
-3.35839
-2.79142
-2.79665
-2.79594
-3.46006
-3.46325
-3.46403
-3.15021
-3.14441
-3.14935
-2.85926
-2.85602
-2.85942
-3.17594
-3.17253
-3.17576
-3.30557
-3.30517
-3.30824
-2.66089
-2.66078
-2.66212
-3.10733
-3.10458
-3.10822
-2.7345
-2.73174
-2.73467
-2.61227
-2.61126
-2.61296
-3.02272
-3.01978
-3.02307
-2.16019
-2.14823
-2.15402
-1.89534
-1.88873
-1.89256
-2.25763
-2.25284
-2.25664
-2.62371
-2.62094
-2.62386
-2.08593
-2.08349
-2.08599
-2.2873
-2.28427
-2.28722
-1.81507
-1.81043
-1.81357
-1.98678
-1.98433
-1.98667
-2.16548
-2.16202
-2.16501
-1.11633
-1.10376
-1.10644
-0.922421
-0.914017
-0.917479
-1.28272
-1.27286
-1.27726
-1.69184
-1.6863
-1.68964
-1.26776
-1.26303
-1.26605
-1.34555
-1.33822
-1.34171
-0.886054
-0.877599
-0.880944
-1.16578
-1.16041
-1.16333
-1.22878
-1.22061
-1.22412
9.01764
9.15657
6.74893
7.72287
7.67602
5.1877
2.22612
9.80023
9.79232
9.80744
9.80765
9.80872
9.69092
9.68167
9.68808
9.69596
9.68412
9.69113
9.86665
9.8613
9.86636
9.85891
9.84637
9.77486
9.77514
9.77636
6.25405
6.23834
6.23799
6.81293
6.78904
6.79505
6.49526
6.49645
6.49458
6.24975
6.23473
6.23416
6.59751
6.56142
6.57491
6.27766
6.26865
6.27392
2.69346
2.66403
2.62372
2.62052
2.61788
3.04063
2.98478
3.00212
2.80141
2.80027
2.80638
3.12594
3.12106
2.66213
2.65961
2.65684
-3.61245
-3.55404
-3.54533
-3.97973
-3.89467
-3.87792
-3.87607
-3.74889
-3.62178
-3.57559
-3.56351
-3.00797
9.39231
8.59024
8.58731
8.58894
8.88932
8.88985
8.89068
9.2245
8.95179
8.84552
8.39084
8.41816
8.40137
8.57088
8.57093
8.5703
8.56658
8.56363
8.90043
8.86331
8.86526
8.84725
8.85205
9.03721
8.81417
7.24471
5.94913
5.93669
5.89152
5.87796
5.86731
5.00127
4.98073
4.98607
5.35182
5.32532
5.04116
5.10166
5.8828
6.68983
5.81686
4.78507
4.8212
4.78324
6.38923
3.38208
1.8931
1.87299
1.87482
2.11913
2.09603
2.09405
1.89759
1.86863
1.87001
0.898846
0.877075
0.878119
1.10627
1.08491
1.08746
1.17725
1.15929
1.15576
2.15836
2.11805
1.73251
1.71062
1.71569
1.69475
1.77525
1.70985
2.80351
1.2701
1.59525
0.648375
0.736665
0.666115
1.05397
1.02978
1.02751
1.1004
1.05602
1.40651
1.67894
1.66208
1.63368
1.61223
2.32319
1.83485
-1.90477
-1.92589
-2.47375
-1.89126
-1.93153
-2.50011
-2.54073
-2.52102
-2.50645
-2.56841
-2.87058
-2.81601
-2.66807
-0.929569
-2.07856
-2.91897
-3.28088
-3.45834
-1.81071
-3.31357
-3.29303
-3.30779
-3.29387
-3.39149
-3.50904
-3.30033
-4.26951
-5.45418
-4.82738
-18.3807
-7.63642
-3.61421
-3.55576
-3.54714
-2.86787
-2.89204
-2.8736
-3.62326
-3.57736
-3.5651
-2.89164
-2.92886
-2.9057
-4.05483
-3.97902
-3.95848
-5.21896
-5.11835
-3.88031
-3.75331
-3.98569
-3.85135
-3.61804
-3.72374
-3.50197
-5.66771
-5.73946
-5.72222
-5.62417
-5.63158
-5.78304
-13.9365
-15.7883
-5.92636
-6.14061
-12.67
-13.9037
-14.931
-0.530872
-0.514355
-0.42925
-0.397687
-0.544218
-0.520576
-0.273634
-0.211493
-0.536021
-0.53516
-0.535146
-0.465785
-0.464781
-0.573693
-0.570442
-0.467355
-0.467544
-0.46708
-0.2458
-0.240483
-0.23663
-0.285961
-0.283117
-0.252551
-0.245769
-0.263551
-0.259142
-0.257071
10.0638
10.0532
10.1225
10.1193
10.0171
10.0151
10.0196
10.0733
10.0752
10.115
10.1145
10.0721
10.0747
10.0756
10.0386
10.03
10.0432
10.0403
9.91653
9.91285
9.91721
9.89145
9.89221
9.89503
9.99528
9.99344
9.99802
9.61142
9.64497
9.57598
9.45508
9.30236
9.29674
9.30136
9.39918
9.37427
9.21328
9.20114
9.20736
9.4996
9.50023
9.50068
9.38705
9.38037
9.38221
9.41668
9.40923
9.41132
9.08252
9.07282
9.07642
9.11811
9.08723
9.02713
9.1643
8.56315
8.26351
7.43137
7.69311
7.67347
7.67813
7.49745
7.49222
7.49331
7.48134
7.47689
7.47805
7.06978
7.04883
7.05794
7.33456
7.30574
7.47257
7.43861
7.45138
6.23652
6.25244
6.20341
5.73222
5.67164
5.51759
5.50009
6.01068
5.98826
5.99513
5.20969
5.19855
5.20643
5.64846
5.61857
5.62504
5.16849
5.13585
5.12089
5.11187
5.11106
4.5545
4.51996
4.5278
3.64391
3.62491
3.63018
4.318
4.30154
3.99001
3.98588
3.98984
4.89547
4.87439
4.88323
4.35992
4.31205
4.32799
4.75721
5.20292
4.50863
4.06996
3.75925
3.38006
1.55733
1.56235
1.5645
1.70032
1.71798
1.71227
0.750026
0.706948
0.716584
1.38784
1.38485
1.37997
1.34538
1.34432
1.339
0.932108
0.859243
1.72703
2.23682
0.283197
-0.436506
-0.490723
-0.472393
-0.0127928
-0.0158116
-0.0105898
-1.00241
-1.67618
-1.71853
-1.70573
-1.9697
-1.92602
-1.92783
-1.95113
-1.90541
-1.90729
-2.33849
-2.31431
-2.31314
-2.46298
-2.44972
-2.44167
-2.20841
-2.18803
-1.72042
-1.77555
-1.75591
-2.70206
-5.21543
-5.11457
-3.98076
-3.84636
-4.05299
-3.97681
-3.95645
-3.61321
-3.71862
-3.497
-5.66478
-5.73639
-5.71912
-5.61499
-5.6219
-5.7738
-13.935
-15.7878
-12.6635
-13.8959
-14.9232
-5.92122
-6.13521
-5.44182
-4.25564
-4.8154
-18.3712
-7.62331
-3.42551
-3.45892
-3.44408
-3.46239
-3.48181
-3.47068
-3.47958
-3.49041
-3.48232
-3.37992
-3.40791
-3.39572
-3.6551
-3.65531
-3.65614
-3.49437
-3.50974
-3.50172
-3.55102
-3.56029
-3.55507
-3.63852
-3.64317
-3.64157
-3.95618
-3.92275
-3.92317
-3.85299
-3.87763
-3.86582
-3.71611
-3.73061
-3.72345
-3.91161
-3.91359
-3.90769
-3.9934
-4.04383
-4.02304
-3.81919
-3.84243
-3.83292
-4.01285
-4.02422
-4.02164
-3.88277
-3.92573
-3.90764
-3.65771
-3.63122
-3.64492
-3.71729
-3.69081
-3.70349
-3.72411
-3.69766
-3.71031
-3.64113
-3.61539
-3.62884
-3.63145
-3.61799
-3.6255
-3.60844
-3.59087
-3.60022
-3.61203
-3.59495
-3.60415
-3.63509
-3.62078
-3.62865
-4.00241
-3.98647
-3.99701
-4.12815
-4.10127
-4.1151
-4.05572
-4.03244
-4.04693
-4.09138
-4.06795
-4.08001
-4.01581
-3.99647
-4.00592
-3.99051
-3.97151
-3.98284
-4.02467
-4.00617
-4.01573
-3.96539
-3.94742
-3.95756
-3.48871
-3.49147
-3.49229
-3.49054
-3.49286
-3.49432
-3.46438
-3.4684
-3.46882
-3.51238
-3.51345
-3.5153
-3.4151
-3.41948
-3.41968
-3.47156
-3.47383
-3.47518
-3.44354
-3.44757
-3.44785
-3.44504
-3.44761
-3.44893
-3.79216
-3.795
-3.79612
-3.75467
-3.76008
-3.76028
-3.78355
-3.78756
-3.78835
-3.7651
-3.76931
-3.76984
-3.67954
-3.68475
-3.68454
-3.71124
-3.7172
-3.71705
-3.67479
-3.68079
-3.6805
-3.71546
-3.72063
-3.72068
-3.18769
-3.19026
-3.1909
-3.17101
-3.17068
-3.17235
-3.1366
-3.13841
-3.13907
-3.22121
-3.22168
-3.22338
-2.9856
-2.98662
-2.98732
-3.08058
-3.08012
-3.08188
-3.04709
-3.04884
-3.0496
-3.01962
-3.01841
-3.02013
-3.32247
-3.32419
-3.32467
-3.27252
-3.27299
-3.27377
-3.33914
-3.34097
-3.34169
-3.25545
-3.25579
-3.2563
-3.05187
-3.05059
-3.05137
-3.15346
-3.15326
-3.15441
-3.0762
-3.075
-3.07605
-3.12926
-3.12906
-3.12994
-2.47444
-2.47486
-2.47545
-2.41487
-2.41286
-2.41405
-2.38794
-2.38787
-2.38825
-2.50264
-2.50093
-2.5024
-2.15318
-2.1531
-2.15326
-2.27008
-2.26835
-2.2696
-2.24554
-2.24576
-2.24621
-2.17625
-2.17439
-2.1753
-2.4195
-2.41711
-2.41793
-2.3645
-2.36179
-2.36257
-2.462
-2.45999
-2.46102
-2.32165
-2.31878
-2.31927
-2.05538
-2.05247
-2.05272
-2.20484
-2.20224
-2.2032
-2.10395
-2.10116
-2.10167
-2.15647
-2.15376
-2.15441
-1.5046
-1.50437
-1.50447
-1.41914
-1.41743
-1.41779
-1.40818
-1.40793
-1.40771
-1.51748
-1.51587
-1.51651
-1.16264
-1.16233
-1.16203
-1.26622
-1.26452
-1.26509
-1.25574
-1.25531
-1.25531
-1.1703
-1.16896
-1.1692
-1.35861
-1.35527
-1.35535
-1.31924
-1.31614
-1.31616
-1.41732
-1.41397
-1.41435
-1.26129
-1.25814
-1.25788
-1.01878
-1.01556
-1.01579
-1.16811
-1.16473
-1.16503
-1.07576
-1.07288
-1.07286
-1.11171
-1.10838
-1.10856
-0.536842
-0.536057
-0.536011
-0.466336
-0.465363
-0.468134
-0.468369
-0.467898
-0.574419
-0.571175
-0.245963
-0.240589
-0.236703
-0.285331
-0.282492
-0.262986
-0.258509
-0.256434
-0.252653
-0.245826
-0.531814
-0.515231
-0.429807
-0.545249
-0.52147
-0.397894
-0.273527
-0.211846
-2.9234
-2.65337
-2.62301
-2.75525
-2.75076
-2.75177
-2.72174
-2.71673
-2.71785
-2.81484
-2.81308
-2.81384
-2.76807
-2.75779
-2.76165
-2.74405
-2.73306
-2.737
-3.01643
-3.015
-3.28793
8.55138
8.25078
9.8073
9.8075
9.80856
9.77336
9.7736
9.77481
9.69336
9.6813
9.68838
9.68891
9.67954
9.686
9.85969
9.84707
9.49964
9.50028
9.50072
9.30094
9.2952
9.29987
9.39858
9.37352
9.21163
9.19935
9.20565
9.08136
9.07156
9.0752
9.38599
9.37929
9.38114
9.41655
9.40907
9.41116
9.1171
9.08603
4.74488
4.4932
3.36721
6.48955
6.49073
6.48887
6.26645
6.25712
6.26251
6.58753
6.55089
6.56456
6.23828
6.18932
5.64628
5.61635
5.62284
5.71915
5.65806
5.50438
5.48646
5.99835
5.97578
5.98271
5.19661
5.18521
5.19321
5.11572
5.10679
5.10599
5.15342
5.12066
3.63045
3.61145
3.61677
4.66073
4.60042
4.30361
4.28738
4.34695
4.29872
4.3148
3.97636
3.9721
3.97615
4.88111
4.85988
4.86881
0.587278
0.268836
2.62397
2.62092
2.61829
2.65855
2.65608
2.65329
3.02766
2.97164
2.98909
2.78946
2.78834
2.79452
3.11571
3.11062
1.70211
1.71973
1.71408
1.55078
1.55551
1.55784
1.3951
1.35189
1.15787
1.14744
1.15052
0.746131
0.702949
0.712635
1.38413
1.38111
1.37624
1.3471
1.34577
1.34057
0.926615
0.853518
-0.686064
-0.656088
-0.661149
-0.711977
-0.682861
-0.688353
-0.01562
-0.0190242
-0.013539
-0.438525
-0.493206
-0.474652
-0.464324
-0.447994
-0.793167
-0.776182
-0.774723
-2.71666
-2.4645
-2.45148
-2.44329
-1.97131
-1.92763
-1.92954
-1.6773
-1.71958
-1.70685
-1.95735
-1.91165
-1.91362
-2.34548
-2.32129
-2.32021
-2.21219
-2.1922
-1.72166
-1.77691
-1.75717
-3.32571
-2.63149
-2.72983
-2.72491
-2.72601
-2.94702
-3.03108
-3.03318
-3.03116
-2.82202
-2.82015
-2.82091
-2.77524
-2.7649
-2.76874
-2.75208
-2.74109
-2.74507
-3.04323
-3.0423
9.60567
9.47478
10.0735
10.0754
10.0639
10.0531
9.91409
9.91026
9.91465
7.80351
7.84736
7.78236
7.81403
7.79227
7.78302
7.77427
7.77744
5.11994
5.08782
5.09306
4.91809
4.89118
4.89394
4.80642
4.77716
4.78058
4.52343
4.50046
4.502
4.29872
4.26841
4.27404
4.21717
4.18953
4.19446
1.02921
1.03257
1.02128
0.421593
0.432003
0.416792
0.423555
0.432025
0.417618
0.664518
0.647782
0.641418
0.26233
0.252647
0.243345
0.223292
0.211201
0.202725
0.359257
0.332755
0.333431
0.000411756
-0.0227577
-0.0245384
-0.0174081
-0.0401035
-0.0411063
-0.430888
-0.347715
-0.316005
-0.221078
-0.294718
-0.244314
-0.267058
-0.260011
-3.33031
-3.31292
-3.20048
-3.18011
-3.1942
-3.32733
-3.28692
-3.31136
-2.74236
-2.72456
-2.7384
-3.02052
-2.99971
-3.01217
-2.97104
-2.95152
-2.96346
-2.49936
-2.49674
-2.50269
-2.73964
-2.73167
-2.73808
-2.71425
-2.70755
-2.71328
-2.47029
-2.47849
-2.47774
-2.62328
-2.62743
-2.62804
-2.61652
-2.62119
-2.62114
-2.73509
-2.74658
-2.7463
-2.66478
-2.67558
-2.67103
-2.71617
-2.72604
-2.7224
-4.00871
-2.65926
-4.40128
-4.32505
-3.59748
-3.60112
-3.93897
-4.00152
-4.09952
-4.114
-4.10987
-3.88101
-3.91134
-3.90475
-3.93643
-3.95916
-3.95387
-3.97347
-3.98128
-3.98041
-3.96814
-3.97379
-3.97197
-3.95803
-3.96297
-3.96166
-3.4737
-3.47034
-3.47463
-3.60244
-3.60007
-3.60408
-3.52441
-3.52118
-3.52544
-2.56784
-2.55818
-2.56345
-2.76681
-2.75905
-2.76428
-2.65524
-2.64673
-2.65191
-1.52544
-1.51008
-1.51367
-1.7698
-1.75504
-1.76063
-1.66112
-1.64363
-1.64907
-5.89022
-4.57283
-4.3369
-4.34211
-4.33901
-4.0901
-4.11416
-4.10526
-4.27675
-4.28026
-4.27812
-4.12167
-4.13269
-4.12858
-4.26306
-4.26345
-4.2636
-4.08093
-4.08033
-4.08208
-4.10737
-4.11078
-4.11027
-4.10589
-4.10439
-4.10635
-4.03163
-4.03224
-4.03366
-4.02173
-4.02247
-4.024
-3.76236
-3.75604
-3.76057
-3.66964
-3.66873
-3.67016
-3.49298
-3.49045
-3.4919
-3.5321
-3.52301
-3.52772
-2.99607
-2.98191
-2.98703
-2.54438
-2.53746
-2.53821
-2.6358
-2.62043
-2.62553
-1.58656
-1.57767
-1.57758
-1.97388
-1.95845
-1.96215
-1.43222
-1.42345
-1.4231
-1.58492
-1.56971
-1.57289
-1.31121
-1.30274
-1.30186
-0.597782
-0.578141
-0.957255
-0.942073
-0.944439
-0.678262
-0.669215
-0.670069
8.04989
8.04208
8.04451
7.86257
7.85209
7.85485
7.88734
7.87759
7.88108
6.06374
6.03158
6.03854
5.88067
5.85036
5.8558
6.14107
6.10874
6.11563
7.97088
5.99683
5.96427
5.97159
5.62105
5.58919
5.59548
5.93251
5.89983
5.90777
5.50807
5.4884
5.49264
5.29372
5.26826
5.27357
5.59168
5.57137
5.57334
5.43867
5.41242
5.4159
5.03829
5.01585
5.01754
5.15938
5.13993
5.14089
2.45492
2.45494
2.44676
1.94845
1.9559
1.94419
2.53573
2.53766
2.52875
4.75963
4.72958
4.73618
4.32671
4.29771
4.30352
4.39624
4.36512
4.37087
2.37041
2.36821
2.36082
1.76209
1.76217
1.75307
2.29219
2.28772
2.28102
1.81881
1.79974
1.79695
1.43435
1.42161
1.41598
1.89031
1.87303
1.8698
4.29053
4.25909
3.75627
3.74048
3.82675
3.81096
1.74793
1.72742
1.72502
1.25288
1.23505
1.2309
1.684
1.66247
1.66035
1.35464
1.32796
1.3295
1.02224
0.997356
0.996975
1.41374
1.38699
1.38801
1.09332
1.10006
1.08646
0.401094
0.410862
0.394579
0.397569
0.40906
0.391618
-3.2246
-3.17075
-3.21199
-2.88889
-2.87315
-2.89878
-2.96113
-2.94613
-2.96994
0.828685
0.819433
0.811448
0.307113
0.299861
0.290151
0.332077
0.32701
0.316578
-2.81858
-2.801
-2.82706
-3.04315
-3.01996
-3.04203
-2.73524
-2.71585
-2.74182
-2.23536
-2.22185
-2.23984
-2.66247
-2.6427
-2.66198
-2.31142
-2.29575
-2.3155
0.450628
0.427419
0.425448
0.0309621
0.00942124
0.00673006
0.0629989
0.0427089
0.0392043
-2.17345
-2.16244
-2.17859
-2.46113
-2.44741
-2.46254
-2.11458
-2.10573
-2.12025
-1.97463
-1.97678
-1.98482
-2.28032
-2.27626
-2.28524
-1.98307
-1.98342
-1.9924
0.110574
0.0899768
0.0927171
-0.0967736
-0.125603
-0.124158
-0.118778
-0.1362
-0.134533
-1.97819
-1.9824
-1.9896
-2.24506
-2.24673
-2.25318
-1.97965
-1.98523
-1.99157
-2.01818
-2.03072
-2.03104
-2.22398
-2.23292
-2.23494
-2.00526
-2.01668
-2.01789
0.268126
-2.01429
-2.02795
-2.02714
-2.21783
-2.22907
-2.22797
-2.03806
-2.05201
-2.05034
-2.29802
-2.31761
-2.31125
-2.2869
-2.29922
-2.29621
-2.21156
-2.22358
-2.22548
-2.95722
-2.93654
-2.95301
-3.08878
-3.06781
-3.08053
-3.14372
-3.12201
-3.13493
-3.50982
-3.54266
-3.53378
-3.56427
-3.54994
-2.57259
-2.56582
-2.57409
-2.77831
-2.77045
-2.77741
-2.8091
-2.79956
-2.80741
-3.62583
-3.61055
-3.57862
-3.56085
-3.56622
-3.51122
-3.55248
-3.51796
-3.62909
-3.6147
-3.61521
-3.53994
-3.52496
-3.52701
-3.56302
-3.54867
-3.55029
-2.49197
-2.49774
-2.4997
-2.65068
-2.65407
-2.65535
-2.66131
-2.66367
-2.66563
-3.51207
-3.49666
-3.49902
-3.53058
-3.51361
-3.51535
-3.47355
-3.45794
-3.46034
-3.16543
-3.15326
-3.15301
-3.24148
-3.22594
-3.22617
-3.22073
-3.20754
-3.20793
-2.55843
-2.57078
-2.56664
-2.64687
-2.65716
-2.65263
-2.61738
-2.62725
-2.62332
-3.11004
-3.09888
-3.098
-3.05302
-3.04044
-3.03882
-3.05832
-3.04838
-3.04684
-2.79818
-2.79693
-2.7913
-2.784
-2.78028
-2.77416
-2.83191
-2.82934
-2.82445
-3.18615
-3.2545
-3.36805
-3.4157
-3.31012
-3.28919
-2.76275
-2.76275
-2.7564
-2.655
-2.65573
-2.64812
-2.73381
-2.73487
-2.72783
-2.63697
-2.64237
-2.63577
-2.50576
-2.50926
-2.50355
-2.64573
-2.65002
-2.64308
-6.40404
-3.89905
-3.81059
-3.64063
-2.65188
-2.65864
-2.65212
-2.47643
-2.48294
-2.47808
-2.64434
-2.65366
-2.64683
-2.75344
-2.77378
-2.76862
-2.534
-2.5388
-2.53723
-2.72034
-2.74202
-2.73584
-4.11241
-4.14152
-4.13235
-3.85879
-3.89916
-3.88983
-3.80796
-3.86181
-3.8507
-2.7779
-2.79534
-2.79162
-2.61321
-2.60904
-2.61012
-2.81593
-2.82975
-2.82721
-2.97595
-2.97254
-2.97344
-2.69328
-2.6804
-2.683
-2.94899
-2.94729
-2.94779
-4.04309
-4.05007
-4.0477
-3.98947
-3.99525
-3.99324
-3.99266
-4.00043
-3.99798
-2.98764
-2.98348
-2.98416
-2.69413
-2.69058
-2.68995
-2.99779
-2.99488
-2.99484
-3.00501
-3.00943
-3.00677
-2.7095
-2.71569
-2.71186
-2.99685
-3.00139
-2.99839
-3.70625
-3.70575
-3.70994
-3.67978
-3.67893
-3.68218
-3.74232
-3.74292
-3.74533
-3.01064
-3.01542
-3.01348
-2.75635
-2.76286
-2.76031
-3.01647
-3.02157
-3.02039
-2.9699
-2.9722
-2.97292
-2.79175
-2.79567
-2.79547
-2.99437
-2.99736
-2.99782
-2.91815
-2.91098
-2.9161
-2.88885
-2.8817
-2.8868
-2.99649
-2.98996
-2.99511
-2.93913
-2.94047
-2.94161
-2.73639
-2.73809
-2.73866
-2.89885
-2.8995
-2.90108
-2.51242
-2.50995
-2.51361
-2.49182
-2.48971
-2.49187
-2.59269
-2.59063
-2.5938
-1.90159
-1.88738
-1.8933
-1.89828
-1.88529
-1.8907
-2.01253
-2.00056
-2.00601
-2.42262
-2.41999
-2.42327
-2.26442
-2.26168
-2.26481
-2.33161
-2.32933
-2.33201
-1.71352
-1.70966
-1.71242
-1.78861
-1.78531
-1.78778
-1.81822
-1.81443
-1.8172
-0.892851
-0.888973
-0.888486
-0.881462
-0.87216
-0.873184
-1.02843
-1.01336
-1.01685
-1.60321
-1.59875
-1.60178
-1.47952
-1.47524
-1.4781
-1.49737
-1.49276
-1.49587
-0.84156
-0.835855
-0.838107
-0.958356
-0.952728
-0.954919
-0.962176
-0.955465
-0.958053
8.54087
8.52835
8.53244
7.29592
7.28647
7.2871
7.29636
7.28621
7.28694
7.98446
7.97161
7.97667
8.01016
7.99559
8.00101
7.61118
7.59231
7.59894
7.45235
7.42469
7.43326
7.6476
7.6265
7.63378
7.96562
7.95836
7.67688
7.67447
7.72344
7.71926
7.41101
7.39897
7.40101
7.16701
7.15326
7.15751
7.3486
7.33652
7.33969
7.28834
7.27392
7.15296
7.13778
7.14109
7.29626
7.28566
7.28633
5.92228
5.90915
5.90968
5.53889
5.52871
5.52745
5.66702
5.65998
5.65791
5.04886
5.04333
5.04029
4.81847
4.82066
4.81462
5.17929
5.17612
5.17249
5.03672
5.00382
5.00933
4.61667
4.5843
4.58873
4.7124
4.68103
4.68513
4.41001
4.38837
4.38907
3.93182
3.91359
3.91254
4.29081
4.26624
4.26765
4.07176
4.04215
4.04499
3.81703
3.79532
3.79507
4.18123
4.1537
4.1559
4.45514
4.43208
4.43665
4.12953
4.10118
4.10438
4.15209
4.12843
4.13303
3.69715
3.66278
3.66857
3.23212
3.19957
3.20366
3.6228
3.59037
3.59629
3.51328
3.48306
3.48808
3.18545
3.15282
3.15802
3.56235
3.53193
3.53791
1.29448
1.30642
1.28892
0.424668
0.440846
0.41978
0.441737
0.456972
0.434871
-1.43801
-1.43067
-1.46086
-0.570328
-0.561059
-0.585658
-0.563527
-0.557652
-0.582194
0.993178
0.994256
0.983689
0.407834
0.411426
0.398383
0.416846
0.422965
0.409219
-0.403564
-0.393355
-0.412624
-0.998729
-0.986329
-1.00869
-0.361232
-0.352167
-0.370373
-0.301268
-0.29641
-0.312176
-0.940153
-0.929627
-0.950263
-0.328931
-0.321868
-0.338842
0.61298
0.593635
0.588305
0.140788
0.123598
0.116803
0.183035
0.168361
0.160701
-0.298226
-0.304618
-0.315634
-0.762835
-0.766387
-0.778254
-0.316432
-0.324785
-0.334993
-0.368178
-0.380684
-0.389207
-0.769095
-0.774437
-0.785401
-0.340713
-0.351159
-0.360572
0.330781
0.304999
0.306776
-0.050857
-0.0732374
-0.0720805
-0.0296449
-0.0516785
-0.0517602
-0.499398
-0.5174
-0.520968
-0.870322
-0.884245
-0.888355
-0.523415
-0.541596
-0.544349
-0.565583
-0.584461
-0.585262
-0.879877
-0.895045
-0.898035
-0.542416
-0.56117
-0.562984
0.0609308
0.0160072
-0.297175
-0.324772
-0.287677
-0.304258
-0.74055
-0.753231
-0.757744
-0.994699
-1.0094
-1.00723
-0.810489
-0.829208
-0.825711
-0.803709
-0.84983
-0.955768
-0.982549
-0.980056
-0.850395
-0.877499
-0.876658
-3.4107
-3.39355
-3.44898
-3.4322
-3.36911
-3.35987
-3.15392
-3.13225
-3.14836
-3.25738
-3.23605
-3.24899
-3.28363
-3.26482
-3.27764
-3.32766
-3.33815
-3.29864
-3.32765
-3.30473
-3.39964
-3.36955
-3.38745
-2.69589
-2.67981
-2.69262
-2.88667
-2.87033
-2.88087
-2.93146
-2.91326
-2.92464
-3.19718
-3.17888
-3.18813
-3.27786
-3.26106
-3.26644
-3.16025
-3.14235
-3.15136
-3.09477
-3.07833
-3.08667
-3.26283
-3.24601
-3.25167
-3.13137
-3.1138
-3.12255
-2.49201
-2.491
-2.49628
-2.67994
-2.67654
-2.68086
-2.7002
-2.69513
-2.70019
-2.95597
-2.94493
-2.9507
-3.08966
-3.07671
-3.08132
-2.92644
-2.91654
-2.92161
-2.87931
-2.87234
-2.87607
-3.06202
-3.05058
-3.05457
-2.90572
-2.89725
-2.90169
-2.47106
-2.47979
-2.47832
-2.60654
-2.6125
-2.61098
-2.60888
-2.614
-2.61307
-2.79892
-2.79979
-2.80037
-2.87651
-2.87543
-2.87522
-2.78639
-2.78795
-2.78794
-2.76848
-2.77213
-2.77075
-2.85498
-2.8552
-2.85433
-2.77515
-2.77773
-2.77704
-2.83587
-2.85346
-2.84552
-2.82123
-2.83663
-2.83047
-2.79102
-2.79884
-2.7948
-2.79082
-2.79968
-2.79467
-2.79085
-2.79788
-2.79272
-2.82279
-2.83185
-2.82685
-2.90463
-2.91414
-2.90941
-2.80791
-2.81525
-2.80954
-2.8646
-2.87372
-2.86807
-3.0785
-2.75308
-3.63766
-3.50711
-2.91675
-2.90025
-2.91518
-3.06606
-2.93097
-2.95603
-2.91945
-2.97359
-2.96652
-2.99211
-3.11678
-3.04924
-4.31421
-4.34907
-3.9254
-3.93534
-3.96311
-3.90128
-3.84338
-3.90888
-3.50625
-3.46282
-3.5484
-3.36413
-3.41602
-3.42364
-3.61557
-3.61584
-3.66497
-3.64078
-3.70219
-3.7046
-3.38288
-3.44379
-3.44198
-3.61852
-3.65582
-3.67746
-4.08894
-4.10101
-4.09773
-3.98769
-4.0023
-3.9989
-3.95203
-3.97016
-3.96593
-3.82879
-3.85375
-3.84896
-3.66286
-3.67729
-3.67443
-3.85705
-3.87519
-3.8715
-3.87816
-3.88977
-3.88735
-3.67945
-3.69141
-3.68894
-3.86416
-3.8785
-3.87546
-3.93212
-3.93901
-3.93905
-3.90446
-3.90718
-3.90756
-3.93197
-3.93592
-3.93542
-3.8495
-3.85593
-3.85546
-3.72329
-3.72863
-3.72877
-3.83777
-3.8427
-3.84261
-3.79102
-3.79343
-3.79458
-3.71449
-3.71852
-3.71934
-3.81325
-3.81693
-3.81733
-3.36896
-3.36477
-3.36929
-3.33662
-3.33221
-3.33683
-3.42735
-3.42353
-3.428
-3.52332
-3.52291
-3.52543
-3.44102
-3.4377
-3.44112
-3.44402
-3.44404
-3.44659
-3.2602
-3.25889
-3.26227
-3.3634
-3.35972
-3.36323
-3.35084
-3.35037
-3.35333
-2.42582
-2.41561
-2.42108
-2.40701
-2.39766
-2.40303
-2.52137
-2.51235
-2.51767
-2.69581
-2.69234
-2.69665
-2.63414
-2.6306
-2.63418
-2.58281
-2.57902
-2.58328
-2.33618
-2.3313
-2.33557
-2.50938
-2.50532
-2.50905
-2.45074
-2.44637
-2.45071
-1.37624
-1.36194
-1.36492
-1.40769
-1.39005
-1.39483
-1.5246
-1.50637
-1.51175
-1.70026
-1.69141
-1.69619
-1.65605
-1.64774
-1.65169
-1.58647
-1.57655
-1.58161
-1.3457
-1.33416
-1.33897
-1.52933
-1.51963
-1.52379
-1.45504
-1.44431
-1.44957
-4.53624
-4.54852
-4.57024
-4.58225
-4.57053
-4.75095
-4.79291
-4.14167
-4.16848
-4.15906
-4.5709
-4.57741
-4.57457
-4.46297
-4.47137
-4.46858
-4.12013
-4.12849
-4.12617
-4.15271
-4.15639
-4.15551
-4.1701
-4.16663
-4.16914
-4.15397
-4.15058
-4.15314
-3.97469
-3.97393
-3.97643
-3.88696
-3.88768
-3.88911
-3.93789
-3.939
-3.94027
-3.83356
-3.82828
-3.83251
-3.75382
-3.75341
-3.75489
-3.43154
-3.42147
-3.4261
-3.18534
-3.18053
-3.18184
-3.28705
-3.2829
-3.28434
-3.12286
-3.10949
-3.11438
-2.49719
-2.4816
-2.48672
-2.14763
-2.14005
-2.14008
-2.27188
-2.26446
-2.2648
-2.11974
-2.10388
-2.10799
-1.99226
-1.98452
-1.98429
-1.86683
-1.85874
-1.85834
-1.4419
-1.42627
-1.42911
-1.09001
-1.07614
-1.07763
-0.906858
-0.89927
-0.897404
-0.803082
-0.796607
-0.794654
8.07503
8.06752
8.06906
7.96162
7.94877
7.95371
7.92018
7.90802
7.91225
7.45565
7.44014
7.44503
7.26905
7.24629
7.25331
7.49202
7.47601
7.48161
7.56509
7.54597
7.55259
7.304
7.27943
7.28691
7.52489
7.50706
7.51322
6.4107
6.38235
6.38823
6.78587
6.75519
6.76251
6.51914
6.48699
6.49523
6.83777
6.80804
6.81672
6.57862
6.54654
6.55444
5.98179
5.95359
5.95836
6.31527
6.28494
6.29139
6.22351
6.19212
6.1988
6.88593
6.85529
6.8638
6.71251
6.68089
6.68841
6.63962
6.60798
6.61561
7.61153
8.23687
6.87793
6.83136
6.82418
6.86863
7.0152
7.06383
6.88688
6.87776
7.22097
7.20613
6.46387
6.43334
6.44149
6.68124
6.65857
6.66535
6.40717
6.37939
6.38683
5.55298
5.52056
5.52735
5.80692
5.77805
5.78541
5.87205
5.84097
5.8488
6.64057
6.6186
6.62462
6.29775
6.27382
6.2796
6.36226
6.33611
6.34294
6.03379
6.01526
6.02015
6.41329
6.39076
6.04248
6.08475
6.04973
5.36497
5.33737
5.34356
5.73921
5.71322
5.72001
5.68606
5.6608
5.66682
6.41488
6.39774
6.39877
6.23079
6.21114
6.21614
6.20236
6.18092
6.18446
5.55522
5.53212
5.53481
5.41363
5.40053
5.40011
5.28568
5.26964
5.26984
4.54082
4.52367
4.52344
4.31586
4.30751
4.30431
4.66288
4.64866
4.64776
4.91879
4.9104
4.90827
4.4449
4.43944
4.43545
4.79049
4.77952
4.77792
2.80387
2.81082
2.79989
3.58914
3.59553
3.58649
3.15924
3.1572
3.15072
3.72153
3.71692
3.71221
3.26284
3.26314
3.25597
2.01257
2.02192
2.0094
2.70996
2.71534
2.70501
2.62209
2.62578
2.61614
3.84173
3.83921
3.83388
3.47825
3.48271
3.47424
3.37205
3.37443
3.3666
4.83064
4.79917
4.80584
4.53775
4.50715
4.5117
4.46466
4.4337
4.43868
3.7716
3.74086
3.74549
3.44601
3.41798
3.42012
3.84078
3.81086
3.81465
4.00335
3.97442
3.97741
3.53077
3.50394
3.50552
3.91919
3.88963
3.89291
3.05087
3.04642
3.04064
3.38504
3.37259
3.36985
2.94898
2.94209
2.937
1.69521
1.69247
1.68421
2.13054
2.12099
2.11569
2.20803
2.20096
2.19499
3.27485
3.25944
3.25741
2.7479
2.7353
2.73169
2.84425
2.83444
2.8301
2.39055
2.36807
2.3671
2.88706
2.86201
2.86254
2.46914
2.44848
2.44689
1.50182
1.49148
1.48534
2.04674
2.03442
2.02988
1.97092
1.95623
1.95229
2.97768
2.95444
2.95428
2.64881
2.6333
2.63038
2.55981
2.54176
2.53951
3.9262
3.99315
3.90276
3.96367
3.91301
3.90291
3.88129
3.88656
3.25113
3.21468
2.98805
2.9604
2.96237
3.23389
3.21048
3.20982
3.39651
3.37563
3.37555
2.99164
2.97098
2.97393
3.31205
3.29054
3.29428
2.31444
2.29017
2.28978
2.66419
2.63658
2.6384
2.24954
2.22444
2.22438
1.19586
1.17619
1.17278
1.5622
1.53829
1.53722
1.62052
1.59758
1.59607
2.60383
2.57513
2.57776
2.13818
2.11241
2.11305
2.19039
2.16469
2.16504
1.94649
1.92291
1.92449
2.37751
2.34914
2.35251
2.00847
1.98136
1.98392
1.05283
1.02886
1.02775
1.5085
1.48367
1.48323
1.45477
1.42944
1.42976
2.41868
2.39243
2.39617
2.0912
2.06466
2.06606
2.04192
2.01486
2.01744
1.12228
1.1303
1.11583
0.398297
0.41194
0.392128
0.392802
0.405508
0.38689
-0.493891
-0.485762
-0.506125
-1.23464
-1.22212
-1.24911
-0.538927
-0.530351
-0.552015
-0.6071
-0.598986
-0.623097
-1.30798
-1.29591
-1.32409
-0.582278
-0.573688
-0.596667
-3.1708
-3.01895
-3.0362
-3.0936
-2.78635
-2.72096
-2.78138
-3.20313
-3.1968
-3.09543
-3.04671
-3.09452
-2.94778
-2.98628
-2.97807
-2.46269
-2.44582
-2.47671
-2.04041
-2.02935
-2.06076
-2.55117
-2.53498
-2.56649
-2.68529
-2.67798
-2.71013
-2.12545
-2.1182
-2.14966
-2.63022
-2.61714
-2.64888
0.87487
0.86772
0.859178
0.376781
0.376153
0.364091
0.360651
0.357836
0.346605
-0.28947
-0.293809
-0.305505
-0.802806
-0.801028
-0.816049
-0.290518
-0.293201
-0.305779
-0.308853
-0.307617
-0.32225
-0.826991
-0.8235
-0.839716
-0.292085
-0.292792
-0.30635
-2.37457
-2.35745
-2.38709
-1.75323
-1.74096
-1.76727
-2.27769
-2.26075
-2.28895
-2.97833
-2.95465
-2.97725
-2.56148
-2.54136
-2.56573
-2.65209
-2.6317
-2.6571
-1.66226
-1.6514
-1.67554
-2.09006
-2.074
-2.09877
-2.18583
-2.16926
-2.19579
-1.78815
-1.77856
-1.79592
-1.38272
-1.37687
-1.39405
-1.85365
-1.84219
-1.86131
-2.73698
-2.71572
-2.73616
-2.47619
-2.45711
-2.48013
-2.38782
-2.37051
-2.39193
-1.43445
-1.42719
-1.44588
-2.00623
-1.99123
-2.01415
-1.92419
-1.91084
-1.93187
0.489534
0.467855
0.465162
0.127552
0.111023
0.1056
0.0913757
0.0729762
0.0685024
-0.484575
-0.502073
-0.506303
-0.82677
-0.839247
-0.846414
-0.450442
-0.4666
-0.471752
-0.3923
-0.405691
-0.413129
-0.808556
-0.819231
-0.827383
-0.422433
-0.437475
-0.443977
-1.73872
-1.73117
-1.7469
-1.27377
-1.27316
-1.28628
-1.69297
-1.68756
-1.70182
-2.41289
-2.40108
-2.41484
-2.03521
-2.0297
-2.04176
-2.07454
-2.06735
-2.08059
-1.26091
-1.26235
-1.27434
-1.63682
-1.63529
-1.6472
-1.66416
-1.66077
-1.67377
-1.61405
-1.6202
-1.62814
-1.27159
-1.28046
-1.28864
-1.61571
-1.62018
-1.62914
-2.29894
-2.29281
-2.30281
-2.01256
-2.00888
-2.01985
-1.98943
-1.98757
-1.99749
-1.25902
-1.26604
-1.2752
-1.62646
-1.62706
-1.638
-1.61443
-1.61679
-1.62671
0.157737
0.141866
0.137443
-0.0403878
-0.0643741
-0.06248
-0.0937532
-0.112516
-0.111981
-0.670397
-0.697831
-0.694543
-0.906519
-0.926826
-0.924778
-0.641487
-0.665368
-0.661937
-0.586185
-0.608339
-0.607909
-0.909362
-0.928383
-0.928192
-0.626715
-0.648349
-0.647361
-1.6194
-1.62737
-1.63439
-1.31876
-1.33244
-1.33754
-1.62607
-1.6354
-1.6415
-2.24051
-2.24359
-2.24925
-1.99103
-1.99905
-2.00357
-1.98423
-1.99112
-1.99658
-1.32836
-1.34242
-1.34616
-1.63698
-1.6487
-1.65282
-1.62979
-1.64036
-1.64554
-1.64351
-1.65865
-1.65835
-1.37913
-1.3965
-1.39625
-1.63331
-1.64794
-1.6485
-2.23109
-2.23819
-2.24124
-1.99458
-2.00386
-2.00739
-2.0052
-2.01558
-2.01815
-1.3773
-1.39419
-1.3951
-1.63376
-1.64649
-1.64917
-1.64086
-1.65457
-1.65626
-0.3623
0.896191
-1.80305
-1.12844
-1.16139
-1.60725
-1.33145
-1.25129
-1.13801
-1.1556
-0.855637
-0.903584
-1.63408
-1.65009
-1.64858
-1.45249
-1.47289
-1.46907
-1.6581
-1.67412
-1.67163
-2.20889
-2.22077
-2.21884
-2.07807
-2.09318
-2.09046
-2.0392
-2.05425
-2.05189
-1.45901
-1.48373
-1.47966
-1.6988
-1.71229
-1.71064
-1.64804
-1.6663
-1.66312
-1.84567
-1.87773
-1.86459
-1.62053
-1.66872
-1.92048
-1.82605
-1.89617
-2.25446
-2.26887
-2.26506
-2.09838
-2.11659
-2.11148
-2.1411
-2.16262
-2.15772
-1.66161
-1.69265
-1.6889
-1.72671
-1.74012
-1.73713
-1.71531
-1.74047
-1.73694
-3.01748
-2.99624
-3.01317
-3.24282
-3.22051
-3.23323
-3.18889
-3.1669
-3.17997
-3.26644
-3.24805
-3.25763
-3.38363
-3.36707
-3.37249
-3.30573
-3.28805
-3.29723
-3.37694
-3.35962
-3.36732
-3.38381
-3.36929
-3.37499
-3.33406
-3.31692
-3.32531
-3.61743
-3.50407
-3.47265
-3.44891
-3.46979
-3.53392
-3.67592
-3.51636
-3.48462
-3.46518
-3.47186
-3.40357
-3.44175
-3.41084
-3.4893
-3.47574
-3.53163
-3.51633
-3.49137
-3.47105
-3.4797
-3.39967
-3.41419
-2.59627
-2.58769
-2.59692
-2.87517
-2.86172
-2.87147
-2.83693
-2.82539
-2.83417
-2.99776
-2.98801
-2.99407
-3.1964
-3.18348
-3.18911
-3.02968
-3.01851
-3.02531
-3.09274
-3.07855
-3.08662
-3.21955
-3.20558
-3.21144
-3.05663
-3.04402
-3.05143
-3.63884
-3.61859
-3.62398
-3.57838
-3.56886
-3.56789
-3.57364
-3.56507
-3.56266
-3.47547
-3.46647
-3.4671
-3.42453
-3.41217
-3.41468
-3.4958
-3.48396
-3.484
-3.48791
-3.47499
-3.47607
-3.41645
-3.40282
-3.40597
-3.48975
-3.47759
-3.47828
-3.64262
-3.62914
-3.62872
-3.57985
-3.56832
-3.56824
-3.57584
-3.56244
-3.5634
-3.43361
-3.41932
-3.42216
-3.35305
-3.33935
-3.34358
-3.45898
-3.44448
-3.44715
-3.48482
-3.47113
-3.47273
-3.3725
-3.35836
-3.36246
-3.473
-3.45871
-3.46086
-2.49613
-2.50027
-2.50308
-2.68853
-2.6882
-2.6916
-2.67383
-2.67476
-2.67742
-2.82988
-2.83015
-2.83113
-2.96607
-2.96215
-2.9635
-2.8458
-2.84508
-2.84665
-2.88271
-2.87952
-2.88231
-2.99237
-2.98718
-2.98904
-2.86265
-2.86068
-2.86285
-3.40741
-3.3934
-3.39629
-3.26304
-3.25164
-3.25503
-3.37085
-3.35727
-3.36
-3.48236
-3.46508
-3.46687
-3.38287
-3.3677
-3.36964
-3.43225
-3.41671
-3.41901
-3.23241
-3.22167
-3.22467
-3.29184
-3.27924
-3.2814
-3.33572
-3.32259
-3.32512
-3.11123
-3.10245
-3.10232
-3.08638
-3.0795
-3.08036
-3.15735
-3.14748
-3.14796
-3.30574
-3.28948
-3.29023
-3.3315
-3.31687
-3.31839
-3.27652
-3.26262
-3.26356
-3.12191
-3.11381
-3.11523
-3.25039
-3.23843
-3.24015
-3.20296
-3.192
-3.1931
-2.53708
-2.54852
-2.54512
-2.606
-2.61426
-2.61162
-2.61571
-2.62474
-2.62155
-2.78471
-2.79315
-2.78857
-2.7947
-2.8006
-2.79659
-2.76834
-2.7762
-2.77223
-2.7722
-2.77807
-2.77549
-2.81307
-2.81808
-2.81467
-2.77426
-2.78127
-2.77808
-3.06579
-3.05827
-3.05757
-2.98353
-2.98039
-2.97943
-3.02253
-3.01613
-3.01487
-2.99248
-2.98103
-2.97876
-2.95991
-2.95298
-2.95014
-3.00592
-2.99751
-2.99531
-2.95165
-2.94985
-2.94826
-2.94252
-2.93895
-2.93643
-2.98033
-2.9753
-2.97345
-2.81526
-2.81644
-2.81147
-2.85063
-2.85348
-2.84921
-2.84032
-2.8407
-2.83621
-2.834
-2.8281
-2.82303
-2.91254
-2.9072
-2.90374
-2.87313
-2.86916
-2.86505
-2.87613
-2.8784
-2.87483
-2.90496
-2.90311
-2.89987
-2.8741
-2.87367
-2.86971
-3.46834
-3.42475
-3.08339
-2.99905
-3.04928
-3.03771
-3.08417
-3.04724
-3.05768
-3.05428
-2.93001
-2.94203
-2.93368
-3.11632
-3.16221
-3.12399
-2.97113
-2.97779
-2.97566
-2.90866
-2.90826
-2.90392
-3.05107
-3.05381
-3.04687
-2.78726
-2.78895
-2.78339
-2.81684
-2.82157
-2.8161
-2.76757
-2.76988
-2.76399
-2.61535
-2.61708
-2.60948
-2.68276
-2.68611
-2.67818
-2.70671
-2.70925
-2.70149
-2.81615
-2.82152
-2.81559
-2.73947
-2.74329
-2.73667
-2.75182
-2.75506
-2.7487
-2.74389
-2.74943
-2.74312
-2.87824
-2.88879
-2.88016
-2.74315
-2.7488
-2.74144
-2.5229
-2.52577
-2.51957
-2.66513
-2.66912
-2.6612
-2.64839
-2.65243
-2.64497
-2.84913
-2.8539
-2.84787
-2.73607
-2.74066
-2.73371
-2.73358
-2.73859
-2.73133
-3.69191
-3.92654
-3.53212
-3.59307
-3.17728
-3.20089
-3.23223
-3.2128
-3.21343
-3.19019
-3.17499
-3.14724
-3.16168
-3.19488
-3.30552
-3.30454
-2.77949
-2.78784
-2.7798
-2.92503
-2.94061
-2.93005
-2.76238
-2.77475
-2.76608
-2.48341
-2.49057
-2.48598
-2.66158
-2.67722
-2.67064
-2.66136
-2.67383
-2.66694
-2.98153
-3.00286
-2.99698
-2.79076
-2.81587
-2.80815
-2.79196
-2.81015
-2.80197
-2.92553
-2.96159
-2.95642
-3.05934
-3.10581
-3.1043
-2.88022
-2.91657
-2.91058
-2.51725
-2.52393
-2.52114
-2.68105
-2.69962
-2.69335
-2.70071
-2.72178
-2.71519
-3.03627
-3.07845
-3.07759
-2.82488
-2.85537
-2.84873
-2.8515
-2.88559
-2.8792
-4.13765
-4.17087
-4.16448
-3.83994
-3.8799
-3.8877
-3.81073
-3.86906
-3.86298
-3.80772
-3.84134
-3.83565
-3.55881
-3.59033
-3.58563
-3.76272
-3.80867
-3.80056
-3.67165
-3.74008
-3.73153
-3.52264
-3.56456
-3.55802
-3.71904
-3.77929
-3.76789
-2.95743
-2.99272
-2.98759
-3.20071
-3.25203
-3.24809
-3.0084
-3.04033
-3.03606
-2.62896
-2.62221
-2.62355
-2.87483
-2.88155
-2.87959
-2.83962
-2.85006
-2.84753
-3.23652
-3.28453
-3.27981
-3.08646
-3.10843
-3.10447
-3.04111
-3.06828
-3.06461
-3.20316
-3.21057
-3.20845
-3.40881
-3.42634
-3.42411
-3.17513
-3.18411
-3.183
-2.68598
-2.67308
-2.67645
-2.89792
-2.90079
-2.90066
-2.93021
-2.92994
-2.93062
-3.37745
-3.40175
-3.3984
-3.1153
-3.13163
-3.12815
-3.15277
-3.16455
-3.16309
-4.0722
-4.07829
-4.07625
-3.99152
-4.00403
-4.00105
-4.00692
-4.01682
-4.01424
-3.86293
-3.87
-3.86946
-3.72488
-3.73414
-3.73305
-3.8659
-3.87403
-3.87323
-3.87409
-3.88431
-3.88264
-3.72189
-3.73182
-3.73017
-3.87644
-3.88539
-3.88434
-3.21952
-3.22474
-3.22323
-3.48335
-3.49143
-3.48957
-3.23871
-3.24309
-3.24162
-2.68953
-2.68926
-2.68732
-2.99987
-3
-2.99865
-2.99741
-2.99597
-2.99527
-3.49051
-3.49714
-3.49542
-3.26117
-3.26478
-3.26311
-3.24913
-3.25305
-3.25148
-3.28761
-3.29321
-3.29125
-3.50476
-3.51088
-3.5092
-3.28176
-3.28669
-3.28436
-2.70171
-2.70725
-2.70373
-2.99689
-2.99829
-2.99647
-2.99616
-2.99935
-2.99668
-3.50555
-3.51153
-3.50948
-3.26748
-3.27107
-3.26929
-3.2764
-3.28069
-3.27839
-3.77795
-3.77887
-3.78239
-3.8568
-3.85817
-3.85943
-3.80773
-3.80886
-3.81064
-3.59294
-3.59255
-3.59495
-3.60588
-3.60429
-3.60805
-3.6535
-3.65378
-3.65568
-3.75116
-3.75272
-3.75429
-3.64147
-3.64137
-3.64428
-3.70941
-3.71029
-3.71187
-3.2946
-3.30021
-3.299
-3.50091
-3.50628
-3.5058
-3.29894
-3.30434
-3.30348
-2.77088
-2.77719
-2.77561
-3.02204
-3.02659
-3.02619
-3.02139
-3.0261
-3.02536
-3.49337
-3.49814
-3.49797
-3.30091
-3.30536
-3.30526
-3.30369
-3.30865
-3.30824
-3.23352
-3.23452
-3.23642
-3.39722
-3.39839
-3.40054
-3.26451
-3.26644
-3.2678
-2.79407
-2.7988
-2.79836
-3.01975
-3.02385
-3.0238
-3.00986
-3.0135
-3.01363
-3.43141
-3.4336
-3.43499
-3.29697
-3.30069
-3.30106
-3.2814
-3.28455
-3.2854
-3.04775
-3.04112
-3.04603
-3.21943
-3.21417
-3.2191
-3.11826
-3.11238
-3.11735
-2.81519
-2.81216
-2.81635
-2.96677
-2.96363
-2.96696
-2.92421
-2.9214
-2.92555
-3.14537
-3.14328
-3.14701
-3.07615
-3.07326
-3.0764
-3.0431
-3.04076
-3.04469
-3.2005
-3.20041
-3.20294
-3.24805
-3.24652
-3.2503
-3.15366
-3.15296
-3.1559
-2.70281
-2.70353
-2.7045
-2.79897
-2.79811
-2.8004
-2.85372
-2.85355
-2.85554
-3.18187
-3.17916
-3.18338
-3.03819
-3.03659
-3.03986
-3.10197
-3.10053
-3.10377
-2.71115
-2.70815
-2.7113
-2.83431
-2.83128
-2.83439
-2.80332
-2.80007
-2.80346
-2.55561
-2.55406
-2.556
-2.73755
-2.73604
-2.73863
-2.66885
-2.6675
-2.67007
-2.93388
-2.93093
-2.93407
-2.96918
-2.96625
-2.97061
-2.89027
-2.88702
-2.89125
-2.04624
-2.03314
-2.039
-2.26372
-2.25385
-2.25948
-2.14929
-2.13838
-2.14374
-1.82878
-1.82101
-1.8255
-2.01192
-2.0059
-2.00977
-1.94406
-1.9369
-1.94136
-2.19432
-2.18873
-2.1931
-2.14071
-2.13559
-2.13932
-2.07984
-2.07346
-2.0778
-2.61204
-2.60879
-2.61192
-2.51592
-2.51337
-2.5162
-2.51056
-2.50764
-2.51049
-2.1755
-2.17242
-2.17575
-2.13459
-2.13203
-2.13469
-2.2323
-2.22961
-2.23237
-2.3986
-2.39567
-2.39868
-2.29397
-2.29095
-2.29362
-2.40229
-2.39924
-2.40201
-1.83592
-1.83188
-1.83438
-1.92875
-1.92449
-1.92761
-1.9499
-1.94581
-1.94882
-1.89075
-1.88837
-1.89069
-2.03064
-2.02768
-2.0303
-1.92722
-1.92403
-1.92668
-2.05222
-2.04852
-2.05154
-2.17916
-2.17573
-2.17856
-2.06786
-2.06425
-2.06735
-1.01425
-1.00165
-1.0038
-1.26776
-1.25152
-1.25601
-1.14916
-1.13438
-1.13847
-0.887555
-0.873997
-0.878545
-1.04342
-1.03384
-1.03762
-0.98734
-0.974438
-0.97916
-1.21505
-1.20233
-1.20709
-1.16308
-1.15417
-1.15827
-1.10702
-1.0945
-1.09894
-1.71684
-1.712
-1.7147
-1.5789
-1.57286
-1.57621
-1.60268
-1.59755
-1.60027
-1.37466
-1.36965
-1.37288
-1.28052
-1.27521
-1.27789
-1.38825
-1.38292
-1.38603
-1.45744
-1.45041
-1.45393
-1.36981
-1.36334
-1.36631
-1.48476
-1.47866
-1.48158
-0.901408
-0.894641
-0.897336
-1.0041
-0.994921
-0.998606
-1.0271
-1.01909
-1.02224
-1.05319
-1.04857
-1.05074
-1.1744
-1.16827
-1.17093
-1.06233
-1.05653
-1.059
-1.11683
-1.10823
-1.11171
-1.2547
-1.24707
-1.2503
-1.13759
-1.1299
-1.13303
8.29693
8.29628
8.29628
8.15647
8.14339
8.14465
8.31935
8.31757
8.3176
8.37307
8.35082
8.10231
8.09186
8.09778
6.21792
7.47974
7.47526
7.47646
7.6888
7.66891
7.67364
7.49283
7.48755
7.48867
7.06042
7.03916
7.0484
7.3236
7.29438
7.46577
7.43141
7.44432
-3.97192
-3.93842
-3.93898
-3.86529
-3.8899
-3.87813
-3.92451
-3.92598
-3.92024
-3.72987
-3.74419
-3.73711
-4.00492
-4.05463
-4.03418
-3.83142
-3.85469
-3.84518
-3.89684
-3.93916
-3.92137
-4.02367
-4.03503
-4.03247
-3.42991
-3.4632
-3.44842
-3.46941
-3.48889
-3.47772
-3.38786
-3.41554
-3.40343
-3.48433
-3.49532
-3.48719
-3.65988
-3.66031
-3.66103
-3.50147
-3.51685
-3.50884
-3.64532
-3.65004
-3.64842
-3.55481
-3.56428
-3.55897
-4.01349
-3.99763
-4.00815
-4.13719
-4.11039
-4.12421
-4.10071
-4.07739
-4.08942
-4.06552
-4.04238
-4.05681
-4.02416
-4.00475
-4.01422
-3.99934
-3.98032
-3.99166
-3.97474
-3.95676
-3.96692
-4.03298
-4.0144
-4.02399
-3.66399
-3.63759
-3.65128
-3.72449
-3.69803
-3.71071
-3.6485
-3.62283
-3.63626
-3.73061
-3.70419
-3.71685
-3.63793
-3.62446
-3.63197
-3.61537
-3.59779
-3.60715
-3.64199
-3.62766
-3.63554
-3.6183
-3.60128
-3.61048
-3.79566
-3.79847
-3.79959
-3.75849
-3.7639
-3.7641
-3.76798
-3.77218
-3.77271
-3.78788
-3.79188
-3.79265
-3.68104
-3.68629
-3.68604
-3.71434
-3.72034
-3.72018
-3.7175
-3.72269
-3.72271
-3.6774
-3.68343
-3.68312
-3.49335
-3.4961
-3.49694
-3.4951
-3.49743
-3.4989
-3.51712
-3.51819
-3.52004
-3.46887
-3.47291
-3.47332
-3.41886
-3.42324
-3.42344
-3.47553
-3.47782
-3.47917
-3.44879
-3.45137
-3.45269
-3.44747
-3.45153
-3.4518
-3.3209
-3.32266
-3.3231
-3.27174
-3.27225
-3.273
-3.25354
-3.25392
-3.25439
-3.33879
-3.34066
-3.34136
-3.04909
-3.04784
-3.04858
-3.152
-3.15183
-3.15296
-3.12674
-3.12658
-3.12743
-3.07429
-3.07312
-3.07415
-3.1892
-3.19178
-3.19242
-3.17213
-3.17184
-3.17348
-3.22265
-3.22315
-3.22482
-3.13781
-3.13964
-3.14028
-2.98609
-2.9871
-2.98779
-3.08129
-3.08084
-3.08259
-3.02005
-3.01883
-3.02054
-3.04788
-3.04964
-3.05037
-2.41564
-2.41324
-2.41405
-2.36089
-2.35821
-2.35898
-2.31779
-2.31493
-2.31541
-2.45848
-2.45648
-2.4575
-2.05171
-2.04881
-2.04905
-2.20123
-2.19865
-2.1996
-2.15269
-2.14998
-2.15061
-2.10037
-2.0976
-2.09811
-2.47321
-2.47358
-2.47417
-2.41331
-2.4113
-2.41248
-2.50129
-2.49954
-2.50101
-2.38651
-2.3864
-2.38678
-2.15141
-2.1513
-2.15146
-2.26842
-2.26668
-2.26792
-2.17447
-2.17259
-2.17349
-2.24397
-2.24416
-2.2446
-1.35582
-1.35246
-1.35254
-1.31646
-1.31338
-1.31339
-1.25872
-1.25556
-1.2553
-1.41435
-1.41102
-1.4114
-1.01664
-1.01338
-1.01361
-1.16552
-1.16216
-1.16245
-1.10933
-1.10597
-1.10615
-1.07337
-1.07052
-1.07049
-1.50243
-1.50215
-1.50226
-1.4171
-1.41538
-1.41574
-1.5154
-1.51375
-1.5144
-1.40601
-1.40574
-1.40551
-1.16069
-1.16035
-1.16005
-1.26434
-1.26261
-1.26318
-1.1685
-1.16712
-1.16736
-1.25372
-1.25328
-1.25327
)
;

boundaryField
{
    Inlet
    {
        type            zeroGradient;
    }
    Outlet
    {
        type            fixedValue;
        value           uniform 0;
    }
    Wall
    {
        type            zeroGradient;
    }
    procBoundary2to1
    {
        type            processor;
        value           nonuniform List<scalar> 
657
(
9.9024
8.7897
6.2914
1.03098
-2.33571
9.20918
9.90255
9.20841
-2.34413
9.47366
9.15611
9.35829
9.21777
9.18716
9.5032
9.37826
9.42423
9.38345
8.78793
7.08834
6.29212
2.56768
1.02443
-2.62224
-3.1614
-3.32406
-3.28398
-3.06106
-3.46814
-3.32945
-3.20176
-3.30918
7.09066
2.56634
-2.61411
-2.63507
9.89475
9.9064
9.72096
9.72096
9.72096
9.72096
9.3627
9.16327
9.50965
9.14401
9.08884
8.89927
8.93257
8.77909
8.34431
8.62818
8.5471
8.89273
-3.24447
-3.02678
-3.42711
-3.287
-3.16806
-3.29319
-3.31157
8.3549
8.88974
9.07819
8.92299
8.93597
8.78349
8.6038
8.5738
-3.34262
-2.65719
9.62896
9.71692
9.71692
9.71692
9.38345
9.89509
9.90729
7.96048
8.35172
8.18861
8.13844
7.83275
7.72728
7.62565
7.11938
5.12686
5.17968
4.7325
5.80535
6.01449
4.90037
5.71395
6.03263
1.02364
-1.14048
-1.08222
-2.15398
1.45386
-1.26061
-0.00279583
0.984294
9.68505
9.89475
9.94092
9.77538
9.81322
9.9064
9.74636
9.61755
9.61955
9.66668
9.52371
9.38814
9.49154
9.42996
-3.17647
-3.22681
9.89509
9.9409
9.77569
9.68501
9.81301
9.90729
9.74311
9.61386
9.52313
9.66557
9.37826
9.39787
9.42423
9.42423
9.21777
9.22201
9.18716
7.28398
7.108
7.23246
6.14708
6.68095
6.72497
6.70392
6.48668
2.60591
4.07551
3.47968
4.09822
2.46031
4.27943
2.69649
1.9218
-3.10352
-3.5531
-2.64479
-3.51506
-3.40282
-3.61065
-3.00076
-2.34553
-3.46814
-3.1614
-3.26188
-3.32945
-3.40677
-3.28342
-3.44146
8.33624
7.98801
8.21734
8.12557
7.84009
7.74841
7.64805
7.26008
7.24107
6.67485
5.13613
6.00618
2.62784
4.09998
1.04267
-1.14396
-3.50646
-2.64244
-2.57721
-2.5948
-2.5577
-2.61747
-2.92919
-2.8011
-2.87621
-2.85649
10.0325
10.1032
10.0655
9.94092
9.93885
10.0668
9.74636
9.9064
10.0668
9.57575
9.80304
9.57575
9.57575
9.61201
9.71805
9.39347
9.39347
9.39347
9.21973
9.22217
9.16327
9.16327
9.22217
8.62818
8.5471
8.49955
8.89927
8.93257
8.79967
-2.86728
-3.42711
-3.42711
-3.287
-3.287
-3.287
-3.254
-3.31213
-3.36714
-3.40139
-3.254
-3.15889
-3.24447
-3.24474
-3.15889
-3.40829
8.6038
8.48466
8.5738
8.92299
8.81807
8.93597
-3.44968
-3.19292
-3.19292
-3.28398
-3.28339
-2.58625
-2.60166
-2.62574
-2.56555
-2.95563
-2.82457
-2.8832
-2.8995
-2.89205
9.61058
9.62896
9.62896
9.73975
9.73975
9.38345
9.38345
9.56996
10.0675
9.56996
9.80062
9.56996
10.1033
10.0655
9.9409
9.93669
9.74311
10.0675
10.0324
6.76086
6.30529
6.54851
6.40969
5.79243
5.96831
5.79406
6.11624
2.80885
2.58769
2.00735
3.18845
0.0385426
1.57928
0.757624
1.08409
-3.13044
-3.43997
-3.28225
-2.93035
8.18861
8.13844
7.77499
7.72728
7.34252
7.62565
5.71395
5.64076
6.03263
5.17968
4.7325
5.17549
-0.00279583
0.697419
0.984294
-1.08222
-2.15398
-0.484739
6.70392
6.24919
6.48668
7.108
7.23246
6.56546
2.69649
3.03634
1.9218
3.47968
4.09822
3.85299
-3.10352
-3.51506
-3.40282
-2.96136
-2.96136
-3.61065
-2.70585
-3.00076
8.21734
8.12557
7.78267
7.78267
7.19287
7.74841
7.37739
7.64805
7.37739
7.64805
7.37739
7.16492
6.82748
6.70146
7.24107
7.24107
7.24107
5.28469
5.04971
5.33613
4.82713
3.58
4.43686
4.20533
4.00636
-1.00097
-1.33931
-0.425821
-2.19537
-3.66457
-2.36368
-3.07572
-2.73211
8.70708
8.26655
8.33958
5.25353
5.26576
6.25506
-1.07792
0.937485
-1.18217
9.39498
9.48312
9.12559
9.48327
9.39439
9.12484
8.70915
8.27212
8.34068
7.70347
7.04222
7.76726
5.25421
6.25189
5.26635
2.49879
4.07586
4.13025
-1.08168
0.920142
-1.19703
-1.96864
-2.99703
-2.34764
-3.20176
-3.19254
-3.30918
-3.28398
-3.30918
7.70431
7.76912
7.04487
2.5013
4.07943
4.12793
-1.95532
-2.96004
-2.33108
-3.24447
-3.16806
-3.16806
-3.24447
-3.15789
9.23734
9.24431
9.22511
9.23189
8.50187
8.4962
8.49916
9.00754
8.16292
8.15247
8.15711
7.43169
7.40271
7.41124
5.92329
5.91023
5.9107
4.8269
4.82906
4.82326
1.26654
1.27717
1.25995
-1.45657
-1.44985
-1.4806
9.28945
-2.66236
-2.62332
-2.9329
9.96596
9.96596
9.96596
10.0364
10.0407
10.1625
10.1652
10.0746
10.1075
10.1075
9.2927
9.23189
9.00083
8.63276
8.62972
8.63072
9.00754
8.87633
8.86668
8.88862
8.87633
-2.86728
-2.86728
-2.87216
-2.92816
-2.92499
-3.24474
-3.28339
-2.66954
-2.63131
-2.95604
-2.65871
-2.65871
-2.65911
-2.89205
-2.89205
-2.89709
10.1386
10.1408
10.1627
10.1653
10.0749
10.1074
10.1074
9.96363
9.96363
9.96363
10.0349
10.0392
6.43767
6.42215
6.42399
6.62646
6.6044
6.60872
2.32842
2.34407
2.32851
3.0265
3.03739
3.02503
-3.17028
-2.94119
-2.94119
8.00493
7.98931
7.99491
7.62486
7.60205
7.60985
5.67525
5.6685
5.6664
5.18269
5.17962
5.17614
0.425083
0.4388
0.416677
-0.614177
-0.610105
-0.635126
7.1413
7.11267
7.12055
6.96942
6.94272
6.94914
4.33057
4.33684
4.32876
3.81472
3.82585
3.8154
-2.35381
-2.30062
-2.36392
-2.58315
-2.64817
8.51123
8.50537
8.50836
9.00301
9.00348
8.18368
8.17401
8.1784
6.32067
6.30143
6.30396
7.05972
7.02932
7.03739
2.22844
2.2423
2.22767
4.20172
4.20551
4.19841
-2.24205
-2.30922
-2.29712
9.70281
10.1381
10.1403
8.61909
8.61595
8.617
8.88077
8.90361
8.89109
10.1111
10.1054
10.0746
9.70775
-2.92816
-2.65141
-2.65141
-2.65186
-2.6217
-2.6217
-2.62154
-2.63028
-2.63028
-2.63005
-2.95191
-2.95191
-2.9486
10.0749
10.1116
10.1058
8.02445
8.0086
8.01439
6.05049
6.04045
6.04026
5.79685
5.79314
5.79033
1.37562
1.38731
1.36906
0.483003
0.496481
0.473447
-3.20803
-2.98118
8.18368
8.17401
8.1784
7.49122
7.46366
7.47194
7.67428
7.65159
7.6594
4.94897
4.95347
4.94686
5.314
5.31343
5.30915
-1.4236
-1.41982
-1.45337
-0.536032
-0.533532
-0.557578
6.51439
6.48836
6.49349
6.87164
6.84206
6.84913
2.90281
2.91127
2.89974
3.69845
3.70666
3.69709
-3.08626
-3.08626
-3.08626
-2.76752
-2.76752
-2.76752
-2.8012
)
;
    }
    procBoundary2to5
    {
        type            processor;
        value           nonuniform List<scalar> 
1398
(
-3.50372
-3.52452
-3.06828
-2.67956
-2.40417
-2.29148
-2.33527
-2.51323
-2.50976
-2.09572
-1.39732
-0.644693
-3.01782
-3.37114
-4.1762
-3.53733
-2.49022
-2.03859
-1.99435
-2.25358
-2.66873
-2.88362
-2.50309
-1.67372
-0.727813
-0.00377064
-0.73337
-0.186607
-2.96307
-3.44855
-3.50648
-0.190182
-0.646272
-0.00360959
-3.21166
-3.51266
-3.87068
-3.44985
-3.55879
-3.49578
-2.97098
-3.56837
-3.02699
-3.22357
-3.56561
-3.38303
-3.89206
-3.49578
-3.49578
-3.13008
-4.20097
-3.9005
-2.72136
-3.55815
-2.71784
-2.42475
-2.50554
-2.08158
-2.30442
-2.04872
-1.95525
-2.3241
-1.99313
-2.16305
-2.49552
-2.2569
-2.54841
-2.53261
-2.67768
-2.85967
-2.17012
-2.89473
-2.63647
-1.49487
-2.5131
-1.88415
-0.722939
-1.6838
-0.99157
-3.46183
-3.41045
-3.42356
-3.62014
-3.82384
-4.08386
-0.338623
-0.673215
-0.417824
-3.44855
-3.44855
-3.87375
-3.51439
-3.12372
-2.6973
-3.06195
-2.71573
-2.07306
-2.67119
-2.42705
-1.94266
-2.40751
-2.30982
-2.15852
-2.29691
-2.33003
-2.55048
-2.34123
-2.50209
-2.86715
-2.51989
-2.54027
-2.64692
-2.5175
-2.1778
-1.89579
-2.1032
-1.50029
-0.999287
-1.40231
-0.724978
-2.97152
-3.21612
-3.19327
-0.363051
-0.0690988
-0.333313
-0.215738
-0.25732
-0.25695
-3.16525
-3.31829
-3.2857
-3.36804
-0.253398
-0.219078
-0.255442
-0.673255
-0.339385
-0.417968
-0.0697202
-0.363201
-0.333254
-3.17675
-3.54457
-3.4676
-3.4051
-3.38292
-3.57789
-3.4514
-3.55277
-3.81556
-3.59017
-4.03982
-3.98077
-3.63203
-3.89834
-3.40036
-3.19197
-3.50811
-3.62306
-3.58208
-2.98142
-3.24504
-3.22213
-3.18855
-3.56666
-3.49876
-3.65417
-4.038
-3.97105
-3.49377
-3.54928
-3.57606
-3.81313
-3.9574
-3.7997
-3.36943
-3.64307
-2.90427
-3.01373
-2.82502
-2.55457
-2.43918
-2.33536
-2.34951
-2.22479
-2.18514
-2.29155
-2.21637
-2.23152
-2.40099
-2.3937
-2.4588
-2.55327
-2.6967
-2.7679
-2.40413
-2.80466
-2.72973
-1.85632
-2.30216
-2.11092
-1.1109
-1.49036
-1.26473
-0.531021
-0.704138
-0.598698
-2.95676
-2.99924
-2.94475
-3.49149
-3.75314
-4.00414
-0.326165
0.00560835
-0.125498
-2.94156
-3.50648
-3.50648
-0.707184
-0.532378
-0.601419
0.00490458
-0.325781
-0.125921
-3.44302
-3.49559
-3.69349
-3.43069
-3.62533
-3.77728
-3.52839
-3.91315
-3.98387
-3.58987
-4.05976
-3.55206
-2.94988
-3.4894
-3.73518
-3.66159
-2.96528
-3.00845
-2.95324
-3.59869
-3.96223
-4.03576
-3.50767
-3.79515
-4.0285
-3.3341
-3.32829
-3.4376
-3.39265
-3.02943
-2.94462
-3.02222
-3.18771
-3.29089
-3.25715
-3.30873
-3.20872
-3.42838
-2.85386
-2.54284
-2.67936
-2.5143
-2.23183
-2.28896
-2.33693
-2.18396
-2.21025
-2.2887
-2.33117
-2.28357
-2.42072
-2.61212
-2.53455
-2.55561
-2.82996
-2.81816
-2.35239
-2.46265
-2.61428
-1.76509
-1.69
-1.90091
-0.83682
-1.01361
-1.06869
-3.50771
-3.59247
-3.55879
-3.39363
-3.33161
-3.61091
-4.09567
-4.00411
-0.482876
-0.389294
-0.501337
-3.01994
-2.93645
-3.01306
-3.31829
-3.16513
-3.26205
-3.23249
-3.31829
-3.31829
-3.4008
-3.27693
-3.34912
-3.3511
-3.75556
-3.36188
-3.59929
-3.19602
-3.2991
-3.39697
-3.00188
-2.89718
-2.81818
-2.53229
-2.84678
-2.66856
-2.43139
-2.55252
-2.32935
-2.23026
-2.51365
-2.28503
-2.22415
-2.35449
-2.18611
-2.18502
-2.34222
-2.21161
-2.21793
-2.29715
-2.23214
-2.33129
-2.29431
-2.28448
-2.39399
-2.40725
-2.45915
-2.61334
-2.427
-2.53484
-2.69796
-2.56037
-2.77072
-2.83435
-2.56281
-2.82057
-2.80817
-2.41216
-2.73533
-2.46862
-2.36017
-2.61834
-2.30626
-1.86312
-2.11654
-1.69445
-1.77159
-1.9042
-1.49247
-1.11462
-1.26772
-0.838407
-1.01686
-1.06948
-3.22288
-3.16927
-3.15304
-0.137134
-0.301125
-0.177676
-3.17758
-3.2857
-3.2857
-0.48373
-0.391271
-0.503587
-0.137383
-0.302483
-0.178915
-3.35548
-3.45522
-3.54069
-3.50718
-3.44526
-3.54898
-3.59071
-3.57176
-4.07767
-3.98615
-3.59685
-4.09102
-4.08297
-3.3341
-3.20042
-3.5061
-3.59671
-3.63547
-3.24729
-3.19816
-3.17729
-3.61205
-4.08193
-4.08248
-3.89231
-3.47876
-3.79394
-3.01264
-3.13794
-3.06835
-2.64072
-2.57503
-2.55139
-2.38194
-2.29326
-2.2884
-2.29388
-2.24753
-2.2643
-2.35861
-2.39179
-2.41422
-2.53204
-2.62515
-2.63297
-2.48261
-2.67176
-2.6212
-2.02173
-2.24841
-2.15265
-1.30479
-1.51744
-1.41249
-3.55206
-3.55206
-3.18687
-3.23417
-3.31861
-2.76291
-2.65721
-2.68465
-2.45249
-2.33406
-2.34618
-2.30812
-2.25415
-2.24042
-2.30589
-2.36477
-2.34084
-2.4697
-2.58266
-2.56779
-2.54574
-2.6671
-2.70068
-2.23582
-2.3063
-2.39373
-1.58419
-1.6089
-1.71239
-0.804626
-0.82489
-0.907925
-3.50062
-3.50062
-3.3511
-3.89546
-3.46936
-3.80007
-3.21389
-3.18038
-3.29685
-3.12101
-3.00582
-3.05148
-2.64947
-2.75659
-2.67627
-2.57325
-2.6335
-2.54985
-2.33218
-2.45389
-2.34417
-2.29179
-2.3862
-2.28692
-2.2548
-2.31352
-2.24076
-2.24864
-2.29935
-2.26563
-2.3676
-2.31165
-2.34325
-2.39477
-2.36471
-2.4177
-2.58825
-2.47612
-2.57281
-2.63074
-2.53884
-2.63924
-2.67539
-2.55325
-2.70857
-2.68
-2.49047
-2.62993
-2.31519
-2.2436
-2.40282
-2.25689
-2.02901
-2.16099
-1.61542
-1.59001
-1.71947
-1.52368
-1.30936
-1.41843
-0.80818
-0.827299
-0.911957
-3.425
-3.60839
-3.71049
-2.95612
-2.91244
-2.97167
-2.59815
-2.46725
-2.48392
-2.36586
-2.26066
-2.25735
-2.28513
-2.2865
-2.26584
-2.37479
-2.4682
-2.44727
-2.54258
-2.6686
-2.67181
-2.44614
-2.54382
-2.60955
-1.93756
-1.98415
-2.08352
-1.20529
-1.21183
-1.31541
-3.2499
-3.51292
-3.41789
-2.80868
-2.81707
-2.77166
-2.48179
-2.41301
-2.40032
-2.32551
-2.24079
-2.25169
-2.3016
-2.29791
-2.32104
-2.4482
-2.50689
-2.52573
-2.55531
-2.69947
-2.68182
-2.29978
-2.51568
-2.43745
-1.67913
-1.90374
-1.79712
-0.916879
-1.1121
-1.0093
-3.41501
-3.59896
-3.70366
-3.24232
-3.48843
-3.39144
-2.94931
-2.89827
-2.95757
-2.80166
-2.80601
-2.7596
-2.59512
-2.46464
-2.47946
-2.48206
-2.41038
-2.39813
-2.37076
-2.25987
-2.25639
-2.33082
-2.24038
-2.25156
-2.29062
-2.28833
-2.26738
-2.30731
-2.29991
-2.32334
-2.38092
-2.47237
-2.4509
-2.45464
-2.51111
-2.53059
-2.54946
-2.67559
-2.67822
-2.5627
-2.70642
-2.68948
-2.45409
-2.55285
-2.6184
-2.30757
-2.5245
-2.44652
-1.9446
-1.99191
-2.09155
-1.68528
-1.91144
-1.80464
-1.20943
-1.21702
-1.32106
-0.919735
-1.11673
-1.01366
-4.42877
-4.2952
-4.36776
-3.2382
-3.38656
-3.08697
-2.31222
-2.41424
-2.25764
-1.97297
-2.02062
-1.97326
-2.02104
-2.00863
-2.05088
-2.34124
-2.27927
-2.37319
-2.7541
-2.7184
-2.81356
-2.84087
-2.93645
-2.88771
-2.31683
-2.51336
-2.33006
-1.45507
-1.67169
-1.44668
-0.579229
-0.729939
-0.567
-0.731861
-0.575819
-0.561931
-3.75414
-4.58405
-4.2618
-3.77203
-4.62652
-4.32695
-4.45221
-4.31616
-4.37855
-3.69463
-4.12962
-3.99864
-3.38039
-3.26414
-3.07118
-2.57171
-2.98581
-2.81889
-2.40534
-2.3266
-2.25163
-2.0531
-2.20918
-2.15778
-2.02205
-1.97164
-1.96623
-1.97846
-1.98572
-1.97873
-2.0046
-2.02749
-2.05398
-2.19047
-2.09887
-2.11964
-2.28009
-2.34257
-2.37129
-2.59032
-2.45581
-2.48529
-2.72213
-2.75156
-2.80552
-2.91564
-2.84136
-2.89484
-2.94059
-2.8351
-2.8749
-2.65293
-2.7794
-2.80421
-2.51561
-2.30911
-2.31586
-1.87068
-2.13017
-2.11178
-1.6761
-1.44742
-1.43387
-0.979377
-1.21597
-1.20544
-4.09173
-3.69763
-4.00452
-2.96758
-2.58214
-2.83511
-2.19768
-2.05661
-2.16166
-1.97626
-1.97077
-1.97423
-2.09824
-2.18894
-2.12118
-2.44758
-2.59693
-2.4804
-2.82757
-2.92946
-2.88726
-2.76515
-2.67111
-2.7976
-2.11919
-1.88874
-2.1079
-0.990464
-1.20516
-1.19963
-0.0819764
0.0646541
-0.0491256
-0.0820833
0.0678989
-0.0500457
-3.3341
-3.3341
-3.29271
-3.3511
-3.3511
-3.63107
-3.63107
-3.61862
-3.60169
-3.6032
-3.10638
-3.09174
-3.09025
-2.60635
-2.60452
-2.59844
-2.335
-2.33801
-2.33493
-2.36169
-2.34875
-2.3524
-2.35939
-2.35331
-2.35297
-2.42098
-2.42872
-2.4247
-2.47106
-2.4732
-2.47332
-2.1074
-2.10453
-2.10657
-1.42981
-1.42573
-1.42819
-0.689063
-0.684025
-0.68601
-2.96307
-2.95129
-2.95689
-0.691523
-0.686381
-0.688404
-3.74653
-3.74653
-3.64053
-3.6261
-3.62685
-2.97098
-2.9591
-2.9647
-3.74442
-3.7239
-3.72913
-0.325652
-0.325981
-0.325886
-3.58664
-3.58664
-3.60122
-3.5855
-3.58685
-3.16937
-3.15381
-3.15317
-3.09748
-3.08298
-3.08156
-2.65868
-2.65509
-2.64919
-2.60392
-2.60162
-2.59569
-2.34888
-2.3519
-2.34826
-2.33595
-2.33916
-2.336
-2.36329
-2.35158
-2.35533
-2.3661
-2.35328
-2.35694
-2.37196
-2.36308
-2.36365
-2.3657
-2.3596
-2.35927
-2.41206
-2.41961
-2.41549
-2.42819
-2.43589
-2.43189
-2.4926
-2.49545
-2.49542
-2.47887
-2.481
-2.48114
-2.18359
-2.1811
-2.18299
-2.11527
-2.11237
-2.11443
-1.5311
-1.52768
-1.52999
-1.43543
-1.43128
-1.43377
-0.755876
-0.751971
-0.754087
-0.349714
-0.351343
-0.351877
-3.16525
-3.15226
-3.36804
-0.327223
-0.327454
-0.327381
-0.350594
-0.35216
-0.352723
-3.6506
-3.68185
-3.65224
-3.40036
-3.19197
-3.17914
-3.7343
-3.71203
-3.4564
-3.43773
-3.43959
-2.90262
-2.89277
-2.88854
-2.46868
-2.46959
-2.46419
-2.32946
-2.32703
-2.3267
-2.36845
-2.35606
-2.35934
-2.35574
-2.35976
-2.35611
-2.47558
-2.48139
-2.47996
-2.38461
-2.38471
-2.38549
-1.87926
-1.87575
-1.87856
-1.14487
-1.14039
-1.14273
-0.548201
-0.545522
-0.546673
-0.226882
-0.234398
-0.238884
-2.94156
-2.92929
-2.93453
-0.550386
-0.547619
-0.548798
-0.227009
-0.234479
-0.238992
-3.6164
-3.66964
-3.65629
-3.65593
-2.94988
-2.93758
-2.9428
-3.71061
-3.71061
-3.69532
-0.515096
-0.511557
-0.512956
-3.71995
-3.69769
-3.70398
-3.44018
-3.42289
-3.42444
-3.37393
-3.35638
-3.35772
-2.8967
-2.88672
-2.88262
-2.83157
-2.82329
-2.81848
-2.46791
-2.46865
-2.46328
-2.42992
-2.4312
-2.42621
-2.33087
-2.32891
-2.32841
-2.33631
-2.33227
-2.33294
-2.37358
-2.36127
-2.3645
-2.36995
-2.35748
-2.36023
-2.36301
-2.36693
-2.36333
-2.36839
-2.3749
-2.3707
-2.48282
-2.4886
-2.48718
-2.49409
-2.49909
-2.49822
-2.39276
-2.39285
-2.39364
-2.34936
-2.34866
-2.3498
-1.88654
-1.88299
-1.88583
-1.79978
-1.79573
-1.79915
-1.14934
-1.14478
-1.14715
-1.05834
-1.05319
-1.0557
-0.0770099
-0.0812032
-0.080837
-3.17758
-3.16683
-3.17208
-0.51665
-0.513044
-0.51449
-0.0776866
-0.0818435
-0.0815035
-3.6949
-3.68118
-3.67965
-3.20042
-3.18984
-3.195
-3.57115
-3.55323
-3.55511
-3.03842
-3.02498
-3.02266
-2.55832
-2.55763
-2.55164
-2.32528
-2.32726
-2.3249
-2.37029
-2.3572
-2.36033
-2.35649
-2.35415
-2.35267
-2.44059
-2.44819
-2.44448
-2.44915
-2.45072
-2.45099
-2.03657
-2.03355
-2.03568
-1.33662
-1.33246
-1.33487
-3.69864
-3.67469
-3.55412
-3.53765
-3.53924
-3.23758
-3.22107
-3.22118
-3.03025
-3.0169
-3.01467
-2.71208
-2.70719
-2.70141
-2.55641
-2.55528
-2.54942
-2.3718
-2.37436
-2.37025
-2.32539
-2.32796
-2.32541
-2.35141
-2.34182
-2.34479
-2.37508
-2.36203
-2.36517
-2.37008
-2.35954
-2.36077
-2.36323
-2.36081
-2.35936
-2.39573
-2.4035
-2.39926
-2.44789
-2.45543
-2.45172
-2.49924
-2.5027
-2.50251
-2.45712
-2.45867
-2.45895
-2.24405
-2.24193
-2.24366
-2.04429
-2.04123
-2.04338
-1.62021
-1.61711
-1.61943
-1.34186
-1.33762
-1.34006
-0.872027
-0.866858
-0.869248
-3.51644
-3.49782
-3.49987
-2.96757
-2.95591
-2.95258
-2.51076
-2.51112
-2.5053
-2.3278
-2.32749
-2.3261
-2.36547
-2.35285
-2.35591
-2.35089
-2.35187
-2.34946
-2.46061
-2.4668
-2.46445
-2.42043
-2.42116
-2.42166
-1.95814
-1.95495
-1.95716
-1.24216
-1.2375
-1.23999
-3.67641
-3.67641
-3.66062
-3.49835
-3.48127
-3.48296
-3.30852
-3.2913
-3.2921
-2.96094
-2.94918
-2.946
-2.77261
-2.76602
-2.76062
-2.50971
-2.50979
-2.50404
-2.39779
-2.39967
-2.39511
-2.32807
-2.32844
-2.32685
-2.34574
-2.33899
-2.34083
-2.37053
-2.35794
-2.361
-2.37441
-2.36259
-2.36442
-2.35786
-2.35876
-2.3564
-2.38173
-2.38957
-2.38522
-2.46786
-2.47399
-2.47165
-2.49953
-2.50377
-2.50327
-2.42849
-2.4292
-2.42973
-2.30069
-2.29932
-2.30074
-1.96564
-1.96241
-1.96466
-1.71366
-1.71035
-1.71302
-1.24699
-1.24226
-1.24478
-0.954303
-0.949815
-0.9522
-3.79616
-3.79616
-3.65549
-3.64026
-3.64097
-3.17987
-3.16407
-3.16337
-2.6612
-2.6579
-2.65192
-2.34828
-2.35117
-2.34759
-2.35933
-2.34745
-2.35124
-2.366
-2.3571
-2.35767
-2.40469
-2.41228
-2.40815
-2.48498
-2.48782
-2.48777
-2.1756
-2.17314
-2.17501
-1.52511
-1.52175
-1.52403
-0.752934
-0.749137
-0.751215
-3.67151
-3.70352
-3.67314
-3.65529
-3.68535
-3.67177
-3.67111
-3.38965
-3.37112
-3.37262
-2.83635
-2.82827
-2.82333
-2.4302
-2.43159
-2.42659
-2.33415
-2.3297
-2.33054
-2.36491
-2.35231
-2.35505
-2.36102
-2.36764
-2.3634
-2.48684
-2.49184
-2.49096
-2.34124
-2.34055
-2.34167
-1.79279
-1.78879
-1.79218
-1.0543
-1.04923
-1.0517
-3.71206
-3.69848
-3.69666
-3.24946
-3.23256
-3.23265
-2.71529
-2.71065
-2.70479
-2.37128
-2.37382
-2.36974
-2.34793
-2.33808
-2.34117
-2.3645
-2.3539
-2.35513
-2.38838
-2.39622
-2.39195
-2.49176
-2.49522
-2.49501
-2.23597
-2.23388
-2.23559
-1.61387
-1.61083
-1.61311
-0.868801
-0.863721
-0.866073
-3.32219
-3.30441
-3.30521
-2.77664
-2.77032
-2.76479
-2.39775
-2.39966
-2.39511
-2.3429
-2.33581
-2.33777
-2.36908
-2.35721
-2.35901
-2.37437
-2.38231
-2.37791
-2.49215
-2.4964
-2.49588
-2.29256
-2.29122
-2.29261
-1.70698
-1.70372
-1.70637
-0.950625
-0.946227
-0.948566
)
;
    }
}


// ************************************************************************* //
