/*--------------------------------*- C++ -*----------------------------------*\
| =========                 |                                                 |
| \\      /  F ield         | OpenFOAM: The Open Source CFD Toolbox           |
|  \\    /   O peration     | Version:  2312                                  |
|   \\  /    A nd           | Website:  www.openfoam.com                      |
|    \\/     M anipulation  |                                                 |
\*---------------------------------------------------------------------------*/
FoamFile
{
    version     2.0;
    format      ascii;
    arch        "LSB;label=32;scalar=64";
    class       labelList;
    location    "constant/polyMesh";
    object      faceProcAddressing;
}
// * * * * * * * * * * * * * * * * * * * * * * * * * * * * * * * * * * * * * //


74551
(
200
201
202
203
204
205
206
207
208
209
210
211
212
213
214
215
216
217
336
337
338
339
340
341
342
343
344
345
346
347
348
349
350
351
352
353
354
355
356
357
358
359
360
361
362
363
364
365
366
367
368
369
370
371
372
373
374
375
376
377
378
379
380
381
382
383
384
385
386
387
388
389
390
391
392
393
394
395
396
397
398
399
400
401
402
403
404
405
406
506
507
508
509
510
511
512
513
514
515
516
517
518
519
520
521
522
523
524
525
526
527
528
529
530
531
532
533
534
535
536
537
538
539
540
541
542
543
544
545
546
547
548
549
550
551
552
553
554
555
556
557
558
559
560
561
562
563
564
565
566
567
568
569
570
571
572
573
574
575
576
577
578
579
580
581
582
583
584
585
586
587
588
589
590
591
592
593
594
595
596
1446
1447
1448
1449
1450
1451
1452
1453
1454
1455
1456
1457
1458
1459
1460
1461
1462
1463
1464
1465
1466
1467
1468
1616
1617
1618
1619
1620
1621
1622
1623
1624
1625
1626
1627
1628
1629
1630
1631
1632
1633
1634
1635
1636
1637
1638
1639
1640
1641
1642
1643
1644
1645
1646
1647
1648
1649
1650
1651
1652
1653
1654
1655
1656
1657
1658
1659
1660
1661
1662
1663
1664
1665
1666
1667
1668
1669
1670
1671
1672
1673
1674
1675
1676
1677
1678
1679
1680
1681
1682
1683
1684
1685
1686
1687
1688
1689
1690
1691
1692
1693
1694
1695
1696
1697
1698
1699
1700
1701
1806
1807
1808
1810
1811
1812
1813
1815
1816
1817
1818
1819
1820
1822
1823
1824
1825
1826
1828
1829
1830
1831
1832
1834
1835
1836
1837
1838
1840
1841
1842
1843
1844
1846
1847
1848
1849
1850
1852
1853
1854
1855
1856
1858
1859
1860
1861
1862
1863
1865
1866
1867
1868
1870
1871
1872
1873
1874
1875
1876
1877
1878
1879
1881
1882
1883
1884
1885
1886
1888
1889
1890
1891
1893
1894
1895
1896
1897
1899
2627
2628
2629
2630
2631
2632
2633
2634
2635
2749
2750
2751
2752
2753
2754
2755
2756
2757
2758
2759
2760
2761
2762
2763
2764
2765
2766
2767
2768
2769
2770
2771
2772
2773
2774
2775
2776
2777
2778
2779
2780
2781
2782
2814
2815
2816
2817
2827
2828
2830
2831
2832
2833
3873
3874
3875
3876
3877
3878
3879
3880
3881
3882
3883
3884
3885
3886
3887
3888
3889
3890
3891
3892
3893
3894
3895
3896
3897
3898
3899
3900
3901
3902
3903
3904
3905
3910
3911
3912
3913
3914
3915
3916
3927
3928
3929
3930
3931
4197
4198
4199
4200
4201
4202
4203
4204
4205
4206
4207
4208
4209
4210
4211
4212
4213
4214
4215
4216
4217
4218
4219
4220
4221
4222
4223
4224
4225
4226
4227
4228
4229
4230
4231
4232
4233
4234
4235
4236
4237
4238
4239
4240
4241
4242
4243
4244
4245
4246
4247
4248
4249
4250
4251
4252
4253
4254
4255
4256
4257
4258
4259
4260
4261
4262
4263
4264
4265
4266
4267
4268
4269
4270
4271
4272
4273
4274
4275
4276
4277
4278
4279
4280
4281
4282
4283
4284
4285
4286
4287
4288
4289
4290
4291
4292
4293
4294
4295
4296
4297
4298
4299
4300
4301
4302
4303
4304
4305
4306
4307
4308
4309
4310
4311
4312
4313
4314
4315
4316
4317
4318
4319
4320
4321
4322
4323
4324
4325
4326
4327
4328
4329
4330
4331
4332
4333
4334
4335
4336
4337
4338
4339
4340
4341
4342
4343
4344
4345
4346
4347
4348
4349
4350
4351
4352
4353
4354
4355
4356
4357
4358
4359
4360
4361
4362
4363
4364
4365
4366
4367
4368
4369
4370
4371
4372
4373
4374
4375
4376
4377
4378
4379
4380
4381
4382
4383
4384
4385
4386
4387
4388
4389
4390
4391
4392
4393
4394
4395
4396
4397
4398
4399
4400
4401
4402
4403
4404
4405
4406
4407
4408
4409
4410
4411
4412
4413
4414
4415
4416
4417
4418
4419
4420
4421
4422
4423
4424
4425
4426
4427
4428
4429
4430
4431
4432
4433
4434
4435
4436
4437
4438
4439
4440
4441
4442
4443
4444
4445
4446
4447
4448
4449
4450
4451
4452
4453
4454
4455
4456
4457
4458
4556
4557
4558
4559
4560
4561
4562
4563
4564
4565
4566
4567
4568
4569
4570
4571
4572
4573
4574
4575
4576
4577
4578
4579
4580
4581
4582
4583
4584
4585
4586
4587
4588
4589
4590
4591
4592
4593
4594
4595
4596
4597
4598
4599
4600
4601
4602
4603
4604
4605
4606
4607
4608
4609
4610
4611
4612
4613
4614
4615
4616
4617
4618
4619
4620
4621
4622
4623
4624
4625
4626
4627
4628
4629
4630
4631
4632
4633
4634
4635
4636
4637
4638
4639
4640
4641
4642
4643
4644
4645
4646
4647
4648
4649
4650
4651
4652
4653
4654
4655
4656
4657
4658
4659
4660
4661
4662
4663
4664
4665
4666
4667
4668
4669
4670
4671
4672
4673
4674
4675
4676
4802
4804
4816
4817
4818
4819
4820
4821
4822
4823
4834
4835
4836
4837
4838
4850
4851
4852
4853
4854
4855
4856
4857
4929
4930
4932
4943
4944
4945
4946
4947
4948
4949
4950
6306
6307
6308
6309
6310
6311
6312
6313
6314
6315
6316
6317
6318
6319
6320
6321
6325
6326
6327
6328
6339
6340
6341
6342
6343
6344
6345
6835
6836
6837
6838
6839
6840
6841
6842
6843
6844
6845
6846
6847
6848
6849
6850
6851
6852
6853
6854
6855
6856
6857
6858
6859
6860
6861
6862
6863
7779
7780
7781
7782
7783
7784
7785
7786
7787
7788
7789
7790
7791
7792
7793
7794
7795
7796
7797
7798
7799
7800
7801
7802
7803
7804
8397
8398
8399
8400
8401
8402
8403
8404
8405
8406
8407
8408
8409
8410
8411
8412
8413
8414
8415
8416
8417
8418
8419
8420
8421
8422
8423
8424
8425
8426
8427
8428
8429
8430
8431
8432
8433
8434
8435
8436
8437
8438
8439
8440
8441
8442
8443
8444
8445
8446
8447
8448
8449
8450
8451
8452
8453
8454
8455
8456
8457
8458
8459
8460
8461
8462
8463
8464
8465
8466
8467
8468
8469
8470
8471
8472
8473
8474
8475
8476
8477
8478
8479
8480
8481
8482
8483
8484
8485
8486
8487
8488
8489
8490
8491
8492
8493
8494
8495
8496
8497
8498
8499
8500
8501
8502
8503
8504
8505
8506
8507
8508
8509
8510
8511
8512
8513
8514
8515
8516
8517
8518
8519
8520
8521
8522
8523
8524
8525
8526
8527
8528
8529
8530
8531
8532
8533
8534
8535
8536
8537
8538
8539
8540
8541
8542
8543
8544
8545
8546
8547
8548
8549
8550
8551
8552
8553
8554
8555
8556
8557
8558
8559
8560
8561
8562
8563
8564
8565
8566
8567
8568
8569
8570
8571
8572
8573
8574
8575
8576
8577
8578
8579
8580
8581
8582
8583
8584
8585
8586
8587
8588
8589
8590
8591
8592
8593
8594
8595
8596
8597
8598
8599
8600
8601
8602
8603
8604
8605
8606
8607
8608
8609
8610
8611
8612
8613
8614
8615
8616
8617
8618
8619
8620
8621
8622
8623
8624
8625
8626
8627
8628
8629
8630
8631
8632
8633
8634
8635
8636
8637
8638
8639
8640
8641
8642
8643
8644
8645
8646
8647
8648
8649
8650
8651
8652
8653
8654
8655
8656
8657
8658
8659
8660
8665
8666
8667
8668
8675
8676
8677
8683
8684
8685
8686
8687
9417
9418
9419
9420
9421
9422
9423
9424
9425
9426
9427
9428
9429
9430
9431
9432
9433
9434
9435
9436
9437
9438
9439
9440
9441
9442
9443
9444
9445
9446
9447
9448
9449
9450
9451
9452
9453
9454
9455
9456
9457
9458
9459
9460
9461
9462
9463
9464
9465
9466
9467
9468
9469
9470
9471
9472
9473
9474
9475
9476
9477
9478
9479
9480
9481
9482
9483
9484
9485
9486
9487
9488
9489
9490
9491
9492
9493
9494
9495
9496
9497
9498
9499
9500
9501
9502
9503
9504
9505
9506
9507
9508
9509
9510
9511
9512
9513
9514
9515
9516
9517
9518
9519
9520
9521
9522
9523
9524
9525
9526
9527
9528
9529
9530
9531
9532
9533
9534
9535
9536
9537
9538
9539
9540
9541
9542
9543
9544
9545
9546
9547
9548
9549
9550
9551
9552
9553
9554
9555
9556
9557
9558
9559
9560
9561
9562
9563
9564
9565
9566
9567
9568
9569
9570
9571
9572
9573
9574
9575
9576
9577
9578
9579
9580
9581
9582
9583
9584
9585
9586
9587
9588
9589
9590
9591
9592
9593
9594
9595
9596
9597
9598
9599
9600
9601
9602
9603
9604
9605
9606
9607
9608
9609
9610
9611
9612
9613
9614
9615
9616
9617
9618
9619
9620
9621
9622
9623
9624
9625
9626
9627
9628
9629
9630
9631
9632
9633
9634
9635
9636
9637
9638
9639
9640
9641
9642
9643
9644
9645
9646
9647
9648
9649
9650
9651
9652
9653
9654
9655
9656
9657
9658
9659
9660
9661
9662
9663
9664
9665
9666
9667
9668
9669
9670
9671
9672
9673
9674
9675
9676
9677
9678
9679
9680
9681
9682
9683
9684
9685
9686
9687
9688
9689
9690
9691
9692
9693
9694
9695
9696
9697
9698
9699
9700
9701
9702
9703
9704
9705
9706
9707
9708
9709
9710
9711
9712
9713
9714
9715
9716
9717
9718
9719
9720
9721
9722
9723
9724
9725
9726
9727
9728
9729
9730
9731
9732
9733
9734
9735
9736
9737
9738
9739
9740
9741
9742
9743
9744
9745
9746
9747
9748
9749
9750
9751
9752
9753
9754
9755
9756
9757
9758
9759
9760
9761
9762
9763
9764
9765
9766
9767
9768
9769
9770
9771
9772
9773
9774
9775
9776
9777
9778
9779
9780
9781
9782
9783
9784
9785
9786
9787
9788
9789
9790
9791
9792
9793
9794
9795
9796
9797
9798
9799
9800
9801
9802
9803
9804
9805
9806
9807
9808
9809
9810
9811
9812
9813
9814
9815
9816
9817
9818
9819
9820
9821
9822
9823
9824
9825
9826
9827
9828
9829
9830
9831
9832
9833
9834
9835
9836
9837
9838
9839
9840
9841
9842
9843
9844
9845
9846
9847
9848
9849
9850
9851
9852
9853
9854
9855
9856
9857
9858
9859
9860
9861
9862
9863
9864
9865
9866
9867
9868
9869
9870
9871
9872
9873
9874
9875
9876
9877
9878
9879
9880
9881
9882
9883
9884
9885
9886
9887
9888
9889
9890
9891
9896
9897
9898
9899
9906
9907
9908
9914
9915
9916
9917
9918
10540
10541
10542
10543
10544
10545
10550
10551
10552
10553
10554
10561
10562
10563
10564
10565
10566
10567
10568
10569
10570
10571
10577
10578
10579
10580
10591
10593
10594
10595
10596
10597
10610
10611
10612
10613
10624
10625
10627
10628
10629
10630
10643
10644
10645
10646
10657
10658
10660
10661
10662
10663
10676
10677
10678
10679
10690
10691
10693
10694
10695
10696
10709
10710
10711
10712
10723
10724
10726
10727
10728
10729
10742
10743
10744
10745
10756
10757
10759
10760
10761
10762
10775
10776
10777
10778
10789
10790
10792
10793
10794
10795
10808
10809
10810
10811
10822
10823
10825
10826
10827
10828
10841
10842
10843
10844
10855
10856
10858
10859
10860
10862
10874
10875
10876
10887
10889
10890
10891
10892
10893
10956
10957
10958
10959
10970
10971
10972
10973
10974
10975
10977
10987
10988
10989
10990
11001
11003
11004
11005
11006
11007
11020
11021
11022
11023
11034
11035
11037
11038
11039
11040
11053
11054
11055
11056
11067
11068
11070
11071
11072
11073
11099
11100
15842
15843
15844
15845
15846
15847
15848
15849
15850
15851
15852
15853
15854
15855
15856
15857
15858
15859
15860
15861
15862
15863
16218
16219
16220
16221
16222
16223
16224
16225
16226
16227
16228
16229
16230
16231
16232
16233
16234
16235
16236
16237
16238
16239
16240
16241
16242
16243
16244
16245
16246
16247
16248
16249
16250
16251
16252
16253
16254
16255
16256
16257
16258
16259
16260
16261
16262
16263
16264
16265
16266
16267
16268
16269
16270
16271
16272
16273
16274
16275
16276
16277
16278
16279
16280
16281
16282
16283
16284
16285
16286
16287
16288
16289
16290
16291
16292
16293
16294
16295
16296
16297
16298
16299
16300
16301
16302
16303
16304
16305
16306
16307
16308
16309
16310
16311
16312
16313
16314
16315
16316
16317
16318
16319
16320
16321
16322
16323
16324
16325
16326
16327
16328
16329
16330
16331
16332
16333
16334
16335
16336
16337
16338
16339
16340
16341
16342
16343
16344
16345
16346
16347
16348
16349
16350
16351
16352
16353
16354
16355
16356
16357
16358
16359
16360
16361
16362
16363
16364
16365
16366
16367
16368
16369
16370
16371
16372
16373
16374
16375
16376
16377
16378
16379
16380
16381
16382
16383
16384
16385
16386
16387
16388
16389
16390
16391
16392
16393
16394
16395
16396
16397
16398
16399
16400
16401
16402
16403
16404
16405
16406
16407
16408
16409
16410
16411
16412
16413
16414
16415
16416
16417
16418
16419
16420
16421
16422
16423
16424
16425
16426
16427
16428
16429
16430
16431
16432
16433
16434
16435
16436
16437
16438
16439
16440
16441
16442
16443
16444
16445
16446
16447
16448
16449
16450
16451
16452
16453
16454
16455
16456
16457
16458
16459
16460
16461
16465
16466
16467
16473
16474
16475
16476
16482
16483
16484
16485
16486
17054
17055
17056
17057
17058
17059
17060
17061
17062
17063
17064
17065
17066
17067
17068
17069
17070
17071
17072
17073
17074
17075
17076
17077
17078
17079
17080
17081
17082
17083
17084
17085
17086
17087
17088
17089
17090
17091
17092
17093
17094
17095
17096
17097
17098
17099
17100
17101
17102
17103
17104
17105
17106
17107
17108
17109
17110
17111
17112
17113
17114
17115
17116
17117
17118
17119
17120
17121
17122
17123
17124
17125
17126
17127
17128
17129
17130
17131
17132
17133
17134
17135
17136
17137
17138
17139
17140
17141
17142
17143
17144
17145
17146
17147
17148
17149
17150
17151
17152
17153
17154
17155
17156
17157
17158
17159
17160
17161
17162
17163
17164
17165
17166
17167
17168
17169
17170
17171
17172
17173
17174
17175
17176
17177
17178
17179
17180
17181
17182
17183
17184
17185
17186
17187
17188
17189
17190
17191
17192
17193
17194
17195
17196
17197
17198
17199
17200
17201
17202
17203
17204
17205
17206
17207
17208
17209
17210
17211
17212
17213
17214
17215
17216
17217
17218
17219
17220
17221
17222
17223
17224
17225
17226
17227
17228
17229
17230
17231
17232
17233
17234
17235
17236
17237
17238
17239
17240
17241
17242
17243
17244
17245
17246
17247
17248
17249
17250
17251
17252
17253
17254
17255
17256
17257
17258
17259
17260
17261
17262
17263
17264
17265
17266
17267
17268
17269
17270
17271
17272
17273
17274
17275
17276
17277
17278
17279
17280
17281
17282
17283
17284
17285
17286
17287
17288
17289
17290
17291
17292
17293
17294
17295
17296
17297
17298
17299
17300
17301
17302
17303
17304
17305
17306
17307
17308
17309
17310
17311
17312
17313
17314
17315
17316
17317
17318
17319
17320
17321
17322
17323
17324
17325
17326
17327
17328
17329
17330
17331
17332
17333
17334
17335
17336
17337
17338
17339
17340
17341
17342
17343
17344
17345
17346
17347
17348
17349
17350
17351
17352
17353
17354
17355
17356
17357
17358
17359
17360
17361
17362
17363
17364
17365
17366
17367
17368
17369
17370
17371
17372
17373
17374
17375
17376
17377
17378
17379
17380
17381
17382
17383
17384
17385
17386
17387
17388
17389
17390
17391
17392
17393
17394
17395
17396
17397
17398
17399
17400
17401
17402
17403
17404
17405
17406
17407
17408
17409
17410
17411
17412
17413
17414
17415
17416
17417
17418
17419
17420
17421
17422
17423
17424
17425
17426
17427
17428
17429
17430
17431
17432
17433
17434
17435
17436
17437
17438
17439
17440
17441
17442
17443
17444
17445
17446
17447
17448
17449
17450
17451
17452
17453
17454
17455
17456
17457
17458
17459
17460
17461
17462
17463
17464
17465
17466
17467
17468
17469
17470
17471
17472
17473
17474
17475
17476
17477
17478
17479
17480
17481
17482
17483
17484
17485
17486
17487
17488
17489
17490
17494
17495
17496
17502
17503
17504
17505
17511
17512
17513
17514
17515
17955
17956
17957
17958
17963
17965
17966
17967
17968
17969
17973
17974
17975
17981
17983
17991
17992
17993
17994
17995
17996
17997
17998
17999
18009
18011
18019
18020
18021
18022
18023
18024
18025
18026
18027
18037
18039
18047
18048
18049
18050
18051
18052
18053
18054
18055
18065
18067
18076
18077
18078
18079
18080
18081
18082
18083
18084
18096
18098
18107
18108
18109
18110
18111
18112
18113
18114
18115
18127
18129
18138
18139
18140
18141
18142
18143
18144
18145
18146
18158
18160
18169
18170
18171
18172
18173
18174
18175
18176
18177
18189
18190
18200
18201
18202
18203
18204
18205
18206
18207
18208
18220
18222
18230
18231
18232
18233
18234
18235
18236
18237
18279
18280
18281
18282
18283
18284
18297
18298
18299
18300
18301
18309
18310
18311
18312
18313
18314
18325
18326
18336
18337
18338
18339
18340
18341
18342
18343
18344
18356
18358
18367
18368
18369
18370
18371
18372
18373
18374
18375
18387
18389
18398
18399
18400
18401
18402
18403
18404
18405
18406
18428
18429
18430
18431
21248
21249
21250
21251
21252
21253
21254
21255
21256
21257
21258
21259
21260
21261
21262
21263
21264
21265
21266
21267
21268
21269
21270
21271
21272
21273
21274
21275
21276
21277
21278
21279
21280
21281
21282
21283
21284
21285
21286
21287
21288
21289
21290
21291
21292
21293
21294
21295
21296
21297
21298
21824
21825
21826
21827
21828
21829
21830
21831
21832
21833
21834
21835
21836
21837
21838
21839
21840
21841
21842
21843
21844
21845
21846
21847
21848
21849
21850
21851
21852
21853
21854
21855
21856
21857
21858
21859
21860
21861
21862
21863
21864
21865
21866
21867
21868
21869
21870
21871
21872
21873
21874
21875
21876
21877
21878
21879
21880
21881
21882
21883
21884
21885
21886
21887
21888
21889
21890
21891
21892
21893
21894
21895
21896
21897
21898
21899
21900
21901
21902
21903
21904
21905
21906
21907
21908
21909
21910
21911
21912
21913
21914
21915
21916
21917
21918
21919
21920
21921
21922
21923
21924
21925
21926
21927
21928
21929
21930
21931
21932
21933
21934
21935
21936
21937
21938
21939
21940
21941
21942
21943
21944
21945
21946
21947
21948
21949
21950
21951
21952
21953
21954
21955
21956
21957
21958
21959
21960
21961
21962
21963
21964
21965
21966
21967
21968
21969
21970
21971
21972
21973
21974
21975
21976
21977
21978
21979
21980
21981
21982
21983
21984
21985
21986
21987
21988
21989
21990
21991
21992
21993
21994
21995
21996
21997
21998
21999
22000
22001
22002
22003
22004
22005
22006
22007
22008
22009
22010
22011
22012
22013
22014
22015
22016
22017
22018
22019
22020
22021
22022
22023
22024
22025
22026
22027
22028
22029
22030
22031
22032
22033
22034
22035
22036
22037
22038
22039
22040
22041
22042
22043
22044
22045
22046
22047
22048
22049
22050
22051
22052
22053
22054
22055
22056
22057
22058
22059
22060
22061
22062
22063
22064
22065
22066
22067
22068
22069
22070
22071
22257
22258
22259
22260
22267
22269
22270
22271
22272
22273
22274
22280
22281
22282
22283
22284
22381
22383
22384
22385
22386
22388
22392
28652
28653
28654
28655
28656
28657
28658
28659
28660
28661
28662
28663
28664
28665
28666
28667
28668
28669
28670
28671
28672
28673
28674
28675
28676
28677
28678
28679
28680
28681
28682
28683
28684
28685
28686
28687
28688
28689
28690
28691
28692
28693
28694
28695
28696
28697
28698
28699
28700
28701
28702
28703
28704
28705
28706
28707
28708
28709
28710
28711
28712
28713
28714
28715
28716
28717
28718
28719
28720
28721
28722
28723
28724
28725
28726
28727
28728
28729
28730
28731
28732
28733
28734
28735
28736
28737
28738
28739
28740
28741
28742
28743
28744
28745
28746
28747
28748
28749
28750
28751
28752
28753
28754
28755
28756
28757
28758
28759
28760
28761
28762
28763
28764
28765
28766
28767
28768
28769
28770
28771
28772
28773
28774
28775
28776
28777
28778
28779
28780
28781
28782
28783
28784
28785
28786
28787
28788
28789
28790
28791
28792
28793
28794
28795
28796
28797
28798
28799
28800
28801
28802
28803
28804
28805
28806
28807
28808
28809
28810
28811
28812
28813
28814
28815
28816
28817
28818
28819
28820
28821
28822
28823
28825
28826
28827
28828
28829
28830
28831
28832
28833
28834
28835
28836
28837
28838
28853
28854
28855
28856
28857
28858
28859
28860
28861
28862
28863
28864
28865
28866
28874
28875
28876
28877
28878
28879
28880
28881
28882
28883
28884
28885
28886
28887
28888
28889
28890
28891
28892
28893
28894
28895
28896
28897
28898
28899
28900
28901
28902
28903
28904
28905
28906
28907
28908
28909
28910
28911
28912
28913
28914
28915
28916
28917
28918
28919
28920
28921
28922
28923
28924
28925
28926
28927
28928
28929
28930
28931
28932
28933
28935
28936
28937
28938
28939
28940
28941
28942
28943
28944
28945
28946
28951
28952
28953
28960
28961
28962
28963
28974
28975
28976
28977
28978
28979
28980
28981
28982
28983
28984
28985
28986
28987
28988
28989
28990
28991
28992
28993
28994
28995
28996
28997
28998
28999
29000
29001
29002
29003
29004
29005
29006
29007
29008
29009
29010
29011
29012
29013
29014
29015
29016
29017
29018
29019
29020
29021
29022
29024
29025
29026
29027
29028
29029
29044
29045
29046
29047
29048
29055
29056
29057
29058
29059
29060
29061
29062
29063
30242
30243
30244
30245
30246
30247
30248
30249
30250
30251
30252
30253
30254
30255
30256
30257
30258
30259
30260
30261
30262
30263
30264
30265
30266
30267
30268
30269
30270
30271
30272
30273
30274
30275
30276
30277
30278
30279
30280
30281
30282
30283
30284
30285
30286
30287
30288
30289
30290
30291
30292
30293
30294
30295
30296
30297
30298
30299
30300
30301
30302
30303
30304
30305
30306
30307
30308
30309
30310
30311
30312
30313
30314
30315
30316
30317
30318
30319
30320
30321
30322
30323
30324
30325
30326
30327
30328
30329
30330
30331
30332
30333
30334
30335
30336
30337
30338
30339
30340
30341
30342
30343
30344
30345
30346
30347
30348
30349
30350
30351
30352
30353
30354
30355
30356
30357
30358
30359
30360
30361
30362
30363
30364
30365
30366
30367
30368
30369
30370
30371
30372
30373
30374
30375
30376
30377
30378
30379
30380
30381
30382
30383
30384
30385
30386
30387
30388
30389
30390
30391
30392
30393
30394
30395
30396
30397
30398
30399
30400
30401
30402
30403
30404
30405
30406
30407
30408
30409
30410
30411
30412
30413
30414
30415
30416
30417
30418
30419
30420
30421
30422
30423
30424
30425
30426
30427
30428
30429
30430
30431
30432
30433
30434
30435
30436
30437
30438
30439
30440
30441
30442
30443
30444
30445
30446
30447
30448
30449
30450
30451
30452
30453
30454
30455
30456
30457
30458
30459
30460
30461
30462
30463
30464
30465
30466
30467
30468
30469
30470
30471
30472
30473
30474
30475
30476
30477
30478
30479
30480
30481
30482
30483
30484
30485
30486
30487
30488
30489
30490
30491
30492
30493
30494
30495
30496
30497
30498
30499
30500
30501
30502
30503
30504
30505
30506
30507
30508
30509
30510
30511
30512
30513
30514
30515
30516
30517
30518
30519
30520
30521
30522
30523
30524
30525
30526
30527
30528
30529
30530
30531
30532
30533
30534
30535
30536
30537
30538
30539
30540
30541
30542
30543
30544
30545
30546
30547
30548
30549
30550
30551
30552
30553
30554
30555
30556
30557
30558
30559
30560
30561
30562
30563
30564
30565
30566
30567
30568
30569
30570
30571
30572
30573
30574
30575
30576
30577
30578
30579
30580
30581
30582
30583
30584
30585
30586
30587
30588
30589
30590
30591
30592
30593
30594
30595
30596
30597
30598
30599
30600
30601
30602
30603
30604
30605
30606
30607
30608
30609
30610
30611
30612
30613
30614
30615
30616
30617
30618
30619
30620
30621
30622
30623
30624
30625
30626
30627
30628
30629
30630
30631
30632
30633
30634
30635
30636
30637
30638
30639
30640
30641
30642
30643
30644
30645
30646
30647
30648
30649
30650
30651
30652
30653
30654
30655
30656
30657
30658
30659
30660
30661
30662
30663
30664
30665
30666
30667
30668
30669
30670
30671
30672
30673
30674
30675
30676
30677
30678
30679
30680
30681
30682
30683
30684
30685
30686
30687
30688
30689
30690
30691
30692
30693
30694
30695
30696
30697
30698
30699
30700
30701
30702
30703
30704
30705
30706
30707
30708
30709
30710
30711
30712
30713
30714
30715
30716
30717
30718
30719
30720
30721
30722
30723
30724
30725
30726
30727
30728
30729
30730
30731
30732
30733
30734
30735
30736
30737
30738
30739
30740
30741
30742
30743
30744
30745
30746
30747
30748
30749
30750
30751
30752
30753
30754
30755
30756
30757
30758
30759
30760
30761
30762
30763
30764
30765
30766
30767
30768
30769
30770
30771
30772
30773
30774
30775
30776
30777
30778
30779
30780
30781
30782
30783
30784
30785
30786
30787
30788
30789
30790
30791
30792
30793
30794
30795
30796
30797
30798
30799
30800
30801
30802
30803
30804
30805
30806
30807
30808
30809
30810
30811
30812
30813
30814
30815
30816
30817
30818
30819
30820
30821
30822
30823
30824
30825
30826
30827
30828
30829
30830
30831
30832
30833
30834
30835
30836
30837
30838
30839
30840
30841
30842
30843
30844
30845
30846
30847
30848
30849
30850
30851
30852
30853
30854
30855
30856
30857
30858
30859
30860
30861
30862
30863
30864
30865
30866
30867
30868
30869
30870
30871
30872
30873
30874
30875
30876
30877
30878
30879
30880
30881
30882
30883
30884
30885
30886
30887
30888
30889
30890
30891
30892
30893
30894
30895
30896
30897
30898
30899
30900
30901
30902
30903
30904
30905
30906
30907
30908
30909
30910
30911
30912
30913
30914
30915
30916
30917
30918
30919
30920
30921
30922
30923
30924
30925
30926
30927
30928
30929
30930
30931
30932
30933
30934
30935
30936
30937
30938
30939
30940
30941
30942
30943
30944
30945
30946
30947
30948
30949
30950
30951
30952
30953
30954
30955
30956
30957
30958
30959
30960
30961
30962
30963
30964
30965
30966
30967
30968
30969
30970
30971
30972
30973
30974
30975
30976
30977
30978
30979
30980
30981
30982
30983
30984
30985
30986
30987
30988
30989
30990
30991
30992
30993
30994
30995
30996
30997
30998
30999
31000
31001
31002
31003
31004
31005
31006
31007
31008
31009
31010
31011
31012
31013
31014
31015
31016
31017
31018
31019
31020
31021
31022
31023
31024
31025
31026
31027
31028
31029
31030
31031
31032
31033
31034
31035
31036
31037
31038
31039
31040
31041
31042
31043
31044
31045
31046
31047
31048
31049
31050
31051
31052
31053
31054
31055
31056
31057
31058
31059
31060
31061
31062
31063
31064
31065
31066
31067
31068
31069
31070
31071
31072
31073
31074
31075
31076
31077
31078
31079
31080
31081
31082
31083
31084
31085
31086
31087
31088
31089
31090
31091
31092
31093
31094
31095
31096
31097
31098
31099
31100
31101
31102
31103
31104
31105
31106
31107
31108
31109
31110
31111
31112
31113
31114
31115
31116
31117
31118
31119
31120
31121
31122
31123
31124
31125
31126
31127
31128
31129
31130
31131
31132
31133
31134
31135
31136
31137
31138
31139
31140
31141
31142
31143
31144
31145
31146
31147
31148
31149
31150
31151
31152
31153
31154
31155
31156
31157
31158
31159
31160
31161
31162
31163
31164
31165
31166
31167
31168
31169
31170
31171
31172
31173
31174
31175
31176
31177
31178
31179
31180
31181
31182
31183
31184
31185
31186
31187
31188
31189
31190
31191
31192
31193
31194
31195
31196
31197
31198
31199
31200
31201
31202
31203
31204
31205
31206
31207
31208
31209
31210
31211
31212
31213
31214
31215
31216
31217
31218
31219
31220
31221
31222
31223
31224
31225
31226
31227
31228
31229
31230
31231
31232
31233
31234
31235
31236
31237
31238
31239
31240
31241
31242
31243
31244
31245
31246
31247
31248
31249
31250
31251
31252
31253
31254
31255
31256
31257
31258
31259
31260
31261
31262
31263
31264
31265
31266
31267
31268
31269
31270
31271
31272
31273
31274
31275
31276
31277
31278
31279
31280
31281
31282
31283
31284
31285
31286
31287
31288
31289
31290
31291
31292
31293
31294
31295
31296
31297
31298
31299
31300
31301
31302
31303
31304
31305
31306
31307
31308
31309
31310
31311
31312
31313
31314
31315
31316
31317
31318
31319
31320
31321
31322
31323
31324
31325
31326
31327
31328
31329
31330
31331
31332
31333
31334
31335
31336
31337
31338
31339
31340
31341
31342
31343
31344
31345
31346
31347
31348
31349
31350
31351
31352
31353
31354
31355
31356
31357
31358
31359
31360
31361
31362
31363
31364
31365
31366
31367
31368
31369
31370
31371
31372
31373
31374
31375
31376
31377
31378
31379
31380
31381
31382
31383
31384
31385
31386
31387
31388
31389
31390
31391
31392
31393
31394
31395
31396
31397
31398
31399
31400
31401
31402
31403
31404
31405
31406
31407
31408
31409
31410
31411
31412
31413
31414
31415
31416
31417
31418
31419
31420
31421
31422
31423
31424
31425
31426
31427
31428
31429
31430
31431
31432
31433
31434
31435
31436
31437
31438
31439
31440
31441
31442
31443
31444
31445
31446
31447
31448
31449
31450
31451
31452
31453
31454
31455
31456
31457
31458
31459
31460
31461
31462
31463
31464
31465
31466
31467
31468
31469
31470
31471
31472
31473
31474
31475
31476
31477
31478
31479
31480
31481
31482
31483
31484
31485
31486
31487
31488
31489
31490
31491
31492
31493
31494
31495
31496
31497
31498
31499
31500
31501
31502
31503
31504
31505
31506
31507
31508
31509
31510
31511
31512
31513
31514
31515
31516
31517
31518
31519
31520
31521
31522
31523
31524
31525
31526
31527
31528
31529
31530
31531
31532
31533
31534
31535
31536
31537
31538
31539
31540
31541
31542
31543
31544
31545
31546
31547
31548
31549
31550
31551
31552
31553
31554
31555
31556
31557
31558
31559
31560
31561
31562
31563
31564
31565
31566
31567
31568
31569
31570
31571
31572
31573
31574
31575
31576
31577
31578
31579
31580
31581
31582
31583
31584
31585
31586
31587
31588
31589
31590
31591
31592
31593
31594
31595
31596
31597
31598
31599
31600
31601
31602
31603
31604
31605
31606
31607
31608
31609
31610
31611
31612
31613
31614
31615
31616
31617
31618
31619
31620
31621
31622
31623
31624
31625
31626
31627
31628
31629
31630
31631
31632
31633
31634
31635
31636
31637
31638
31639
31640
31641
31642
31643
31644
31645
31646
31647
31648
31649
31650
31651
31652
31653
31654
31655
31656
31657
31658
31659
31660
31661
31662
31663
31664
31665
31666
31667
31668
31669
31670
31671
31672
31673
31674
31675
31676
31677
31678
31679
31680
31681
31682
31683
31684
31685
31686
31687
31688
31689
31690
31691
31692
31693
31694
31695
31696
31697
31698
31699
31700
31701
31702
31703
31704
31705
31706
31707
31708
31709
31710
31711
31712
31713
31714
31715
31716
31717
31718
31719
31720
31721
31722
31723
31724
31725
31726
31727
31728
31729
31730
31731
31732
31733
31734
31735
31736
31737
31738
31739
31740
31741
31742
31743
31744
31745
31746
31747
31748
31749
31750
31751
31752
31753
31754
31755
31756
31757
31758
31759
31760
31761
31762
31763
31764
31765
31766
31767
31768
31769
31770
32461
32462
32463
32464
32465
32466
32467
32468
32469
32470
32471
32472
32473
32474
32475
32476
32477
32478
32479
32480
32481
32482
32483
32484
32485
32486
32487
32488
32489
32490
32491
32492
32493
32494
32495
32496
32497
32498
32499
32500
32501
32502
32503
32504
32505
32506
32507
32508
32509
32510
32511
32512
32513
32514
32515
32516
32517
32518
32519
32520
32521
32522
32523
32524
32525
32526
32527
32528
32529
32530
32531
32532
32533
32534
32535
32536
32537
32538
32539
32540
32541
32542
32543
32544
32545
32546
32547
32548
32549
32550
32551
32552
32553
32554
32555
32556
32557
32558
32559
32560
32561
32562
32563
32564
32565
32566
32567
32568
32569
32570
32571
32572
32573
32574
32575
32576
32577
32578
32579
32580
32581
32582
32583
32584
32585
32586
32587
32588
32589
32590
32591
32592
32593
32594
32595
32596
32597
32598
32599
32600
32601
32602
32603
32604
32605
32606
32607
32608
32609
32610
32611
32612
32613
32614
32615
32616
32617
32618
32619
32620
32621
32622
32623
32624
32625
32626
32627
32628
32629
32630
32631
32632
32633
32634
32635
32636
32637
32638
32639
32640
32641
32642
32643
32644
32645
32646
32647
32648
32649
32650
32651
32652
32653
32654
32655
32656
32657
32658
32659
32660
32661
32662
32663
32664
32665
32666
32667
32668
32669
32670
32671
32672
32673
32674
32675
32676
32677
32678
32679
32680
32681
32682
32683
32684
32685
32686
32687
32688
32689
32690
32691
32692
32693
32694
32695
32696
32697
32698
32699
32700
32701
32702
32703
32704
32705
32706
32707
32708
32709
32710
32711
32712
32713
32714
32715
32716
32717
32718
32719
32720
32721
32722
32723
32724
32725
32726
32727
32728
32729
32730
32731
32732
32733
32734
32735
32736
32737
32738
32739
32740
32741
32742
32743
32744
32745
32746
32747
32748
32749
32750
32751
32752
32753
32754
32755
32756
32757
32758
32759
32760
32761
32762
32763
32764
32765
32766
32767
32768
32769
32770
32771
32772
32773
32774
32775
32776
32777
32778
32779
32780
32781
32782
32783
32784
32785
32786
32787
32788
32789
32790
32791
32792
32793
32794
32795
32796
32797
32798
32799
32800
32801
32802
32803
32804
32805
32806
32807
32808
32809
32810
32811
32812
32813
32814
32815
32816
32817
32818
32819
32820
32821
32822
32823
32824
32825
32826
32827
32828
32829
32830
32831
32832
32833
32834
32835
32836
32837
32838
32839
32840
32841
32842
32843
32844
32845
32846
32847
32848
32849
32850
32851
32852
32853
32854
32855
32856
32857
32858
32859
32860
32861
32862
32863
32864
32865
32866
32867
32868
32869
32870
32871
32872
32873
32874
32875
32876
32877
32878
32879
32880
32881
32882
32883
32884
32885
32886
32887
32888
32889
32890
32891
32892
32893
32894
32895
32896
32897
32898
32899
32900
32901
32902
32903
32904
32905
32906
32907
32908
32909
32910
32911
32912
32913
32914
32915
32916
32917
32918
32919
32920
32921
32922
32923
32924
32925
32926
32927
32928
32929
32930
32931
32932
32933
32934
32935
32936
32937
32938
32939
32940
32941
32942
32943
32944
32945
32946
32947
32948
32949
32950
32951
32952
32953
32954
32955
32956
32957
32958
32959
32960
32961
32962
32963
32964
32965
32966
32967
32968
32969
32970
32971
32972
32973
32974
32975
32976
32977
32978
32979
32980
32981
32982
32983
32984
32985
32986
32987
32988
32989
32990
32991
32992
32993
32994
32995
32996
32997
32998
32999
33000
33001
33002
33003
33004
33005
33006
33007
33008
33009
33010
33011
33012
33013
33014
33015
33016
33017
33018
33019
33020
33021
33022
33023
33024
33025
33026
33027
33028
33029
33030
33031
33032
33033
33034
33035
33036
33037
33038
33039
33040
33041
33042
33043
33044
33045
33046
33047
33048
33049
33050
33051
33052
33053
33054
33055
33056
33057
33058
33059
33060
33061
33062
33063
33064
33065
33066
33067
33068
33069
33070
33071
33072
33073
33074
33075
33076
33077
33078
33079
33080
33081
33082
33083
33084
33085
33086
33087
33088
33089
33090
33091
33092
33093
33094
33095
33096
33097
33098
33099
33100
33101
33102
33103
33104
33105
33106
33107
33108
33109
33110
33111
33112
33113
33114
33115
33116
33117
33118
33119
33120
33121
33122
33123
33124
33125
33126
33127
33128
33129
33130
33131
33132
33133
33134
33135
33136
33137
33138
33139
33140
33141
33142
33143
33144
33145
33146
33147
33148
33149
33150
33151
33152
33153
33154
33155
33156
33157
33158
33159
33160
33161
33162
33163
33164
33165
33166
33167
33168
33169
33170
33171
33172
33173
33174
33175
33176
33177
33178
33179
33180
33181
33182
33183
33184
33185
33186
33187
33188
33189
33190
33191
33192
33193
33194
33195
33196
33197
33198
33199
33200
33201
33202
33203
33204
33205
33206
33207
33208
33209
33210
33211
33212
33213
33214
33215
33216
33217
33218
33219
33220
33221
33222
33223
33224
33225
33226
33227
33228
33229
33230
33231
33232
33233
33234
33235
33236
33237
33238
33239
33240
33241
33242
33243
33244
33245
33246
33247
33248
33249
33250
33251
33252
33253
33254
33255
33256
33257
33258
33259
33260
33261
33262
33263
33264
33265
33266
33267
33268
33269
33270
33271
33272
33273
33274
33275
34237
34238
34239
34240
34241
34242
34243
34244
34249
34250
34251
34252
34253
34254
34255
34256
34257
34276
34278
34279
34280
34281
34282
34283
34284
34285
34286
34287
34294
34295
34296
34297
34298
34403
34404
34405
34406
34407
34419
34420
34421
34422
34423
34431
34432
34433
34434
34435
34454
34456
34457
34458
34459
34460
34461
34462
34463
34464
34465
34472
34473
34474
34475
34476
34477
34478
34479
34480
34481
34482
34483
34507
34508
34509
34510
34511
34512
34513
34519
34520
34521
34989
34990
34991
34992
34993
34994
34995
34996
35001
35002
35003
35004
35031
35033
35034
35035
35036
35037
35038
35039
35040
35041
35048
35049
35050
35051
35052
35053
35054
35055
35056
35057
35058
44964
44965
44966
44967
44968
44969
44970
44971
44972
44973
44974
44975
44976
44977
44978
44979
44980
44981
44982
44983
44984
44985
44986
44987
44988
44989
44990
44991
44992
44993
44994
44995
44996
44997
44998
44999
45000
45001
45002
45003
45004
45005
45006
45007
45008
45009
45010
45011
45012
45013
45014
45015
45016
45017
45018
45019
45020
45021
45022
45023
45024
45025
45026
45027
45028
45029
45030
45031
45032
45033
45034
45035
45036
45037
45038
45039
45040
45041
45042
45043
45044
45045
45046
45047
45048
45049
45056
45057
45058
45059
45061
45062
45063
45064
45065
45066
45067
45068
45069
45070
45071
45072
45073
45079
45080
45081
45082
45083
45095
45096
45097
45098
45099
45100
45101
45102
45103
45104
45105
45106
45107
45108
45109
45110
45111
45112
45113
45114
45115
45116
45117
45118
45119
45120
45121
45122
45123
45124
45125
45126
45127
45128
45129
45130
45131
45132
45133
45134
45135
45136
45137
45138
45139
45140
45141
45142
45143
45149
45150
45151
45152
45153
45154
45155
45156
45158
45159
45160
45161
45162
45163
45179
45180
45181
45182
45183
45184
45185
45186
45187
45188
45189
45190
45191
45192
45193
45194
45195
45196
45197
45198
45199
45200
45201
45202
45203
45204
45205
45206
45215
45216
45217
45218
45219
45220
45221
45222
45223
45225
45226
45227
45228
45229
45230
45231
45232
45237
45238
45239
45240
45247
45248
45249
45250
45251
45252
45253
45254
45255
45256
45257
45258
45259
45260
45261
45262
45263
45264
45265
45266
45267
45268
45269
45270
45271
45272
45273
45274
45275
45276
45277
45278
45279
45280
45281
45282
48474
48475
48476
48477
48478
48479
48480
48481
48482
48483
48484
48485
48486
48487
48488
48489
48490
48491
48492
48493
48494
48495
48496
48497
48498
48499
48500
48501
48502
48503
48504
48505
48506
48507
48508
48509
48510
48511
48512
48513
48514
48515
48516
48517
48518
48519
48520
48521
48522
48523
48524
48525
48526
48527
48528
48529
48530
48531
48532
48533
48534
48535
48536
48537
48538
48539
48540
48541
48542
48543
48544
48545
48546
48547
48548
48549
48550
48551
48552
48553
48554
48555
48556
48557
48558
48559
48560
48561
48562
48563
48564
48565
48566
48567
48568
48569
48570
48571
48572
48573
48574
48575
48576
48577
48578
48579
48580
48581
48582
48583
48584
48585
48586
48587
48588
48589
48590
48591
48592
48593
48594
48595
48596
48597
48598
48599
48600
48601
48602
48603
48604
48605
48606
48607
48608
48609
48610
48611
48612
48613
48614
48615
48616
48617
48618
48619
48620
48621
48622
48623
48624
48625
48626
48627
48628
48629
48630
48631
48632
48633
48634
48635
48636
48637
48638
48639
48640
48641
48642
48643
48644
48645
48646
48647
48648
48649
48650
48651
48652
48653
48654
48655
48656
48657
48658
48659
48660
48661
48662
48663
48664
48665
48666
48667
48668
48669
48670
48671
48672
48673
48674
48675
48676
50599
50600
50601
50602
50603
50604
50605
50606
50607
50608
50609
50610
50611
50612
50613
50614
50615
50616
50617
50618
50619
50620
50621
50622
50623
50624
50625
50626
50627
50628
50629
50630
50631
50632
50633
50634
50635
50636
50637
50638
50639
50640
50641
50642
50643
50644
50645
50646
50647
50648
50649
50650
50651
50652
50653
50654
50655
50656
50657
50658
50659
50660
50661
50662
50663
50664
50665
50666
50667
50668
50669
50670
50671
50672
50673
50674
50675
50676
50677
50678
50679
50680
50681
50682
50683
50684
50685
50686
50687
50688
50689
50690
50691
50692
50693
50694
50695
50696
50697
50698
50699
50700
50701
50702
50703
50704
50705
50706
50707
50708
50709
50710
50711
50712
50713
50714
50715
50716
50717
50718
50719
50720
50721
50722
50723
50724
50725
50726
50727
50728
50729
50730
50731
50732
50733
50734
50735
50736
50737
50738
50739
50740
50741
50742
50743
50744
50745
50746
50747
50748
50749
50750
50751
50752
50753
50754
50755
50756
50757
50758
50759
50760
50761
50762
50763
50764
50765
50766
50767
50768
50769
50770
50771
50772
50773
50774
50775
50776
50777
50778
50779
50780
50781
50782
50783
50784
50785
50786
50787
50788
50789
50790
50791
50792
50793
50794
50795
50796
50797
50798
50799
50800
50801
50802
50803
50804
50805
50806
50807
50808
50809
50810
50811
50812
50813
50814
50815
50816
50817
50818
50819
50820
50821
50822
50823
50824
50825
50826
50827
50828
50829
50830
50831
50832
50833
50834
50835
50836
50837
50838
50839
50840
50841
50842
50843
50844
50845
50846
50847
50848
50849
50850
50851
50852
50853
50854
50855
50856
50857
50858
50859
50860
50861
50862
50863
50864
50865
50866
50867
50868
50869
50870
50871
50872
50873
50874
50875
51805
51806
51807
51808
51809
51810
51811
51812
51813
51814
51815
51816
51817
51818
51819
51820
51821
51822
51823
51824
51825
51826
51827
51828
51829
51830
51831
51832
51833
51834
51835
51836
51837
51838
51839
51840
51841
51842
51843
51844
51845
51846
51847
51848
51849
51850
51851
51852
51853
51854
51855
51856
51857
51858
51859
51860
51861
51862
51863
51864
51865
51866
51867
51868
51869
51870
51871
51872
51873
51874
51875
51876
51877
51878
51879
51880
51881
51882
51883
51884
51885
51886
51887
51888
51889
51890
51891
51892
51893
51894
51895
51896
51897
51898
51899
51900
51901
51902
51903
51904
51905
51906
51907
51908
51909
51910
51911
51912
51913
51914
51915
51916
51917
51918
51919
51920
51921
51922
51923
51924
51925
51926
51927
51928
51929
51930
51931
51932
51933
51934
51935
51936
51937
51938
51939
51940
51941
51942
51943
51944
51945
51946
51947
51948
51949
51950
51951
51952
51953
51954
51955
51956
51957
51958
51959
51960
51961
51962
51963
51964
51965
51966
51967
51968
51969
51970
51971
51972
51973
51974
51975
51976
51977
51978
51979
51980
51981
51982
51983
51984
51985
51986
51987
51988
51989
51990
51991
51992
51993
51994
51995
51996
51997
51998
51999
52000
52001
52002
52003
52004
52005
52006
52007
52008
52009
52010
52011
52012
52013
52014
52015
52016
52017
52018
52019
52020
52021
52022
52023
52024
52025
52026
52027
52028
52029
52030
52031
52032
52033
52034
52035
52036
52037
52038
52039
52040
52041
52042
52043
52044
52045
52046
52047
52048
52049
52050
52051
52052
52053
52054
52055
52056
52057
52058
52059
52060
52061
52062
52063
52064
52065
52066
52067
52068
52069
52070
52071
52072
52073
52074
52075
52076
52077
52078
52079
52080
52081
52082
52083
52084
52085
52086
52087
52088
52089
52090
52091
52092
52093
52094
52095
52096
52097
52098
52099
52100
52101
52102
52103
52104
52105
52106
52107
52108
52109
52110
52111
52112
52113
52114
52115
52116
52117
52118
52119
52120
52121
52122
52123
52124
52125
52126
52127
52128
52129
52130
52131
52132
52133
52134
52135
52136
52137
52138
52139
52140
52141
52142
52143
52144
52145
52146
52147
52148
52149
52150
52151
52152
52153
52154
52155
52156
52157
52158
52159
52160
52161
52162
52163
52164
52165
52166
52167
52168
52169
52170
52171
52172
52173
52174
52175
52176
52177
52178
52179
52180
52181
52182
52183
52184
52185
52186
52187
52188
52189
52190
52191
52192
52193
52194
52195
52196
52197
52198
52199
52200
52201
52202
52203
52204
52205
52206
52207
52208
52209
52210
52211
52212
52213
52214
52215
52216
52217
52218
52219
52220
52221
52222
52223
52224
52225
52226
52227
52228
52229
52230
52231
52232
52233
52234
52235
52236
52237
52238
52239
52240
52241
52242
52243
52244
52245
52246
52247
52248
52249
52250
52251
52252
52253
52254
52255
52256
52257
52258
52259
52260
52261
52262
52263
52264
52265
52266
52267
52268
52269
52270
52271
52272
52273
52274
52275
52276
52277
52278
52279
52280
52281
52282
52283
52284
52285
52286
52287
52288
52289
52290
52291
52292
52293
52294
52295
52296
52297
52298
52299
52300
52301
52302
52303
52304
52305
52306
52307
52308
52309
52310
52311
52312
52313
52314
52315
52316
52317
52318
52319
52320
52321
52322
52323
52324
52325
52326
52327
52328
52329
52330
52331
52332
52333
52334
52335
52336
52337
52338
52339
52340
52341
52342
52343
52344
52345
52346
52347
52348
52349
52350
52351
52352
52353
52354
52355
52356
52357
52358
52359
52360
52361
52362
52363
52364
52365
52366
52367
52368
52369
52370
52371
52372
52373
52374
52375
52376
52377
52378
52379
52380
52381
52382
52383
52384
52385
52386
52387
52388
52389
52390
52391
52392
52393
52394
52395
52396
52397
52398
52399
52400
52401
52402
52403
52404
52405
52406
52407
52408
52409
52410
52411
52412
52413
52414
52415
52416
52417
52418
52419
52420
52421
52422
52423
52424
52425
52426
52427
52428
52429
52430
52431
52432
52433
52434
52435
52436
52437
52438
52439
52440
52441
52442
52443
52444
52445
52446
52447
52448
52449
52450
52451
52452
52453
52454
52455
52456
52457
52458
52459
52460
52461
53176
53177
53178
53179
53181
53182
53183
53184
53185
53186
53187
53188
53190
53191
53192
53193
53194
53196
53198
53199
53200
53201
53208
53209
53210
53211
53212
53213
53214
53230
53231
53232
53233
53234
53235
53242
53243
53244
53245
53246
53247
53248
53258
53259
53260
53261
53262
53263
53270
53272
53273
53274
53275
53276
53277
53278
53285
53286
53287
53288
53289
53290
53291
53308
53309
53310
53311
53312
53313
53320
53322
53323
53324
53325
53326
53327
53328
53335
53336
53337
53338
53339
53340
53341
53358
53359
53360
53361
53362
53363
53370
53372
53373
53374
53375
53376
53377
53378
53385
53386
53387
53388
53389
53390
53391
53408
53409
53410
53411
53412
53413
53420
53422
53423
53424
53425
53426
53427
53428
53435
53436
53437
53438
53439
53440
53441
53458
53459
53460
53461
53462
53463
53470
53472
53473
53474
53475
53476
53477
53478
53485
53486
53487
53488
53489
53490
53491
53508
53509
53510
53511
53512
53513
53520
53522
53523
53524
53525
53526
53527
53528
53535
53536
53537
53538
53539
53540
53541
53558
53559
53560
53561
53562
53563
53570
53572
53573
53574
53575
53576
53577
53578
53585
53586
53587
53588
53589
53590
53591
53599
53600
53601
53602
53603
53604
53620
53622
53623
53624
53625
53626
53627
53628
53635
53636
53637
53638
53639
53640
53641
53649
53650
53651
53652
53653
53675
53677
53678
53679
53680
53681
53682
53683
53684
53685
53686
53687
53688
53689
53690
53691
53692
53693
53694
53695
53696
53723
53724
53725
53726
53727
53751
53752
53753
53754
53755
53756
53757
53758
53759
53760
53761
53776
53777
53778
53779
53780
53781
53797
53799
53800
53801
53802
53803
53804
53805
53812
53813
53814
53815
53816
53817
53818
53835
53836
53837
53838
53839
53840
53847
53849
53850
53851
53852
53853
53854
53855
53862
53863
53864
53865
53866
53867
53868
53885
53886
53887
53888
53889
53890
53897
53899
53900
53901
53902
53903
53904
53905
53912
53913
53914
53915
53916
53917
53918
53935
53936
53937
53938
53939
53940
53947
53949
53950
53951
53952
53953
53954
53955
53962
53963
53964
53965
53966
53967
53968
58701
58702
58703
58704
58705
58706
58707
58708
58709
58710
58711
58712
58713
58714
58715
58716
58717
58718
58719
58720
58721
58722
58723
58724
58725
58726
58727
58728
58729
58730
58731
58732
58733
58734
58735
58736
58737
58738
58739
58740
58741
58742
58743
58744
58745
58746
58747
58748
58749
58750
58751
58752
58753
58754
58755
58756
58757
58758
58759
58760
58761
58762
58763
58764
58765
58766
58767
58768
58769
58770
58771
58772
58773
58774
58775
58776
58777
58778
58779
58780
59112
59113
59114
59115
59116
59117
59118
59119
59120
59121
59122
59123
59124
59125
59126
59127
59128
59129
59130
59131
59132
59133
59134
59135
59136
59137
59138
59139
59140
59141
59142
59143
59144
59145
59146
59147
59148
59149
59150
59151
59152
59153
59154
59155
59156
59157
59158
59159
59160
59161
59162
59163
59164
59165
59166
59167
59168
59169
59170
59171
59172
59173
59174
59175
59176
59177
59178
59179
59180
59181
59182
59183
59184
59185
59186
59187
59188
59189
59190
59191
59192
59193
59194
59195
59196
59197
59198
59199
59200
59201
59202
59203
59204
59205
59206
59207
59208
59209
59210
59211
59212
59213
59214
59215
59216
59217
59218
59219
59220
59221
59222
59223
59224
59225
59226
59227
59228
59229
59230
59231
59232
59233
59234
59235
59236
59237
59238
59239
59240
59241
59242
59243
59244
59245
59246
59247
59248
59249
59250
59251
59308
59309
59310
59311
59312
59313
59314
59315
59321
59323
59326
59327
59328
59329
59330
59331
59334
59335
59337
59338
59339
59341
59342
59343
59344
59345
59346
59347
59348
59349
59350
59351
59352
59353
59354
59355
59356
59357
59358
59359
59360
59361
59362
59363
59364
59365
59366
59367
60256
60257
60258
60259
60260
60261
60262
60263
60264
60265
60266
60267
60268
60269
60270
60271
60272
60273
60274
60275
60276
60277
60278
60279
60280
60281
60282
60283
60284
60285
60286
60287
60288
60289
60290
60291
60292
60686
60687
60688
60689
60690
60691
60692
60693
60694
60695
60696
60697
60698
60699
60700
60701
60702
60703
60704
60705
60706
60707
60708
60709
60710
60711
60712
60713
60714
60715
60716
60717
60718
60719
60720
60721
60722
60723
60724
60725
60726
60727
60728
60729
60730
60731
60732
60733
60734
60735
60736
60737
60738
60739
60740
60741
60742
60743
60744
60745
60746
60747
60748
60749
60750
60751
60752
60753
60754
60755
60756
60757
60758
60759
60760
60761
60762
60763
60764
60765
60766
60767
60768
60769
60770
60771
60772
60773
60774
60775
60776
60777
60778
60779
60780
60781
60782
60783
60784
60785
60786
60787
60788
60789
60790
60791
60792
60793
60794
60795
60796
60797
60798
60799
60800
60801
60802
60803
60804
60805
60806
60807
60808
60809
60810
60811
60884
60885
60886
60887
60889
60890
60891
60892
60893
60894
60896
60897
60898
60899
60900
60901
60903
60905
60906
63707
63708
63711
63712
64179
64180
64181
64182
64183
64184
64185
64186
64187
64188
64189
64190
64191
64192
64193
64194
64195
64196
64197
64198
64199
64200
64201
64202
64203
64204
64205
64206
64207
64208
64209
64210
64211
64212
64213
64214
64215
64216
64217
64218
64219
64220
64221
64222
64223
64224
64225
64226
64227
64228
64229
64230
64231
64232
64233
64234
64235
64236
64237
64238
64239
64240
64241
64242
64243
64244
64245
64246
64247
64248
64249
64250
64251
64252
64253
64254
64255
64256
64257
64258
64260
64261
64262
64263
64264
64269
64270
64271
64279
64280
64281
64282
64283
64284
64285
64286
64287
64288
64289
64290
64291
64292
64293
64294
64295
64296
64297
64298
64299
64300
64301
64302
64303
64305
64306
64307
64308
64318
64319
64320
64321
64322
64325
64326
64327
64328
64329
65459
65460
65461
65462
65463
65464
65465
65466
65467
65468
65469
65470
65471
65472
65473
65474
65475
65476
65477
65478
65479
65480
65481
65482
65483
65484
65485
65486
65487
65488
65489
65490
65491
65492
65493
65494
65495
65496
65497
65498
65499
65500
65501
65502
65503
65504
65505
65506
65507
65508
65509
65510
65511
65512
65513
65514
65515
65516
65517
65518
65519
65520
65521
65522
65523
65524
65525
65526
65527
65528
65529
65530
65531
65532
65533
65534
65535
65536
65537
65538
65539
65540
65541
65542
65543
65544
65545
65546
65547
65548
65549
65550
65551
65552
65553
65554
65555
65556
65557
65558
65559
65560
65561
65562
65563
65564
65565
65566
65567
65568
65569
65570
65571
65572
65573
65574
65575
65576
65577
65578
65579
65580
65581
65582
65583
65584
65585
65586
65587
65588
65589
65590
65591
65592
65593
65594
65595
65596
65597
65598
65599
65600
65601
65602
65603
65604
65605
65606
65607
65608
65609
65610
65611
65612
65613
65614
65615
65616
65617
65618
65619
65620
65621
65622
65623
65624
65625
65626
65627
65628
65629
65630
65631
65632
65633
65634
65635
65636
65637
65638
65639
65640
65641
65642
65643
65644
65645
65646
65647
65648
65649
65650
65651
65652
65653
65654
65655
65656
65657
65658
65659
65660
65661
65662
65663
65664
65665
65666
65667
65668
65669
65670
65671
65672
65673
65674
65675
65676
65677
65678
65679
65680
65681
65682
65683
65684
65685
65686
65687
65688
65689
65690
65691
65692
65693
65694
65695
65696
65697
65698
65699
65700
65701
65702
65703
65704
65705
65706
65707
65708
65709
65710
65711
65712
65713
65714
65715
65716
65717
65718
65719
65720
65721
65722
65723
65724
65725
65726
65727
65728
65729
65730
65731
65732
65733
65734
65735
65736
65737
65738
65739
65740
65741
65742
65743
65744
65745
65746
65747
65748
65749
65750
65751
65752
65753
65754
65755
65756
65757
65758
65759
65760
65761
65762
65763
65764
65765
65766
65767
65768
65769
65770
65771
65772
65773
65774
65775
65776
65777
65778
65779
65780
65781
65782
65783
65784
65785
65786
65787
65788
65789
65790
65791
65792
65793
65794
65795
65796
65797
65798
65799
65800
65801
65802
65803
65804
65805
65806
65807
65808
65809
65810
65811
65812
65813
65814
65815
65816
65817
65818
65819
65820
65821
65822
65823
65824
65825
65826
65827
65828
65829
65830
65831
65832
65833
65834
65835
65836
65837
65838
65839
65840
65841
65842
65843
65844
65845
65846
65847
65848
65849
65850
65851
65852
65853
65854
65855
65856
65857
65858
65859
65860
65861
65862
65863
65864
65865
65866
65867
65868
65869
65870
65871
65872
65873
65874
65875
65876
65877
65878
65879
65880
65881
65882
65883
65884
65885
65886
65887
65888
65889
65890
65891
65892
65893
65894
65895
65896
65897
65898
65899
65900
65901
65902
65903
65904
65905
65906
65907
65908
65909
65910
65911
65912
65913
65914
65915
65916
65917
65918
65919
65920
65921
65922
65923
65924
65925
65926
65927
65928
65929
65930
65931
65932
65933
65934
65935
65936
65937
65938
65939
65940
65941
65942
65943
65944
65945
65946
65947
65948
65949
65950
65951
65952
65953
65954
65955
65956
65957
65958
65959
65960
65961
65962
65963
65964
65965
65966
65967
65968
65969
65970
65971
65972
65973
65974
65975
65976
65977
65978
65979
65980
65981
65982
65983
65984
65985
65986
65987
65988
65989
65990
65991
65992
65993
65994
65995
65996
65997
65998
65999
66000
66001
66002
66003
66004
66005
66006
66007
66008
66009
66010
66011
66012
66013
66014
66015
66016
66017
66018
66019
66020
66021
66022
66023
66024
66025
66026
66027
66028
66029
66030
66031
66032
66033
66034
66035
66036
66037
66038
66039
66040
66041
66042
66043
66044
66045
66046
66047
66048
66049
66050
66051
66052
66053
66054
66055
66056
66057
66058
66059
66060
66061
66062
66063
66064
66065
66066
66067
66068
66069
66070
66071
66072
66073
66074
66075
66076
66077
66078
66079
66080
66081
66082
66083
66084
66085
66086
66087
66088
66089
66090
66091
66092
66093
66094
66095
66096
66097
66098
66099
66100
66101
66102
66103
66104
66105
66106
66107
66108
66109
66110
66111
66112
66113
66114
66115
66116
66117
66118
66119
66120
66121
66122
66123
66124
66125
66126
66127
66128
66129
66130
66131
66132
66133
66134
66135
66136
66137
66138
66139
66140
66141
66142
66143
66144
66145
66146
66147
66148
66149
66150
66151
66152
66153
66154
66155
66156
66157
66158
66159
66160
66161
66162
66163
66164
66165
66166
66167
66168
66169
66170
66171
66172
66173
66174
66175
66176
66177
66178
66179
66180
66181
66182
66183
66184
66185
66186
66187
66188
66189
66190
66191
66192
66193
66194
66195
66196
66197
66198
66199
66200
66201
66202
66203
66204
66205
66206
66207
66208
66209
66210
66211
66212
66213
66214
66215
66216
66217
66218
66219
66220
66221
66222
66223
66224
66225
66226
66227
66228
66229
66230
66231
66232
66233
66234
66235
66236
66237
66238
66239
66240
66241
66242
66243
66244
66245
66246
66247
66248
66249
66250
66251
66252
66253
66254
66255
66256
66257
66258
66259
66260
66261
66262
66263
66264
66265
66266
66267
66268
66269
66270
66271
66272
66273
66274
66275
66276
66277
66278
66279
66280
66281
66282
66283
66284
66285
66286
66287
66288
66289
66290
66291
66292
66293
66294
66295
66296
66297
66298
66299
66300
66301
66302
66303
66304
66305
66306
66307
66308
66309
66310
66311
66312
66313
66314
66315
66316
66317
66318
66319
66320
66321
66322
66323
66324
66325
66326
66327
66328
66329
66330
66331
66332
66333
66334
66335
66336
66337
66338
66339
66340
66341
66342
66343
66344
66345
66346
66347
66348
66349
66350
66351
66352
66353
66354
66355
66356
66357
66358
66359
66360
66361
66362
66363
66364
66365
66366
66367
66368
66369
66370
66371
66372
66373
66374
66375
66376
66377
66378
66379
66380
66381
66382
66383
66384
66385
66386
66387
66388
66389
66390
66391
66392
66393
66394
66395
66396
66397
66398
66399
66400
66401
66402
66403
66404
66405
66406
66407
66408
66409
66410
66411
66412
66413
66414
66415
66416
66417
66418
66798
66799
66800
66801
66802
66803
66804
66805
66806
66807
66808
66809
66810
66811
66812
66813
66814
66815
66816
66817
66818
66819
66820
66821
66822
66823
66824
66825
66826
66827
66828
66829
66830
66831
66832
66833
66834
66835
66836
66837
66838
66839
66840
66841
66842
66843
66844
66845
66846
66847
66848
66849
66850
66851
66852
66853
66854
66855
66856
66857
66858
66859
66860
66861
66862
66863
66864
66865
66866
66867
66868
66869
66870
66871
66872
66873
66874
66875
66876
66877
66878
66879
66880
66881
66882
66883
66884
66885
66886
66887
66888
66889
66890
66891
66892
66893
66894
66895
66896
66897
66898
66899
66900
66901
66902
66903
66904
66905
66906
66907
66908
66909
66910
66911
66912
66913
66914
66915
66916
66917
66918
66919
66920
66921
66922
66923
66924
66925
66926
66927
66928
66929
66930
66931
66932
66933
66934
66935
66936
66937
66938
66939
66940
66941
66942
66943
66944
66945
66946
66947
66948
66949
66950
66951
66952
66953
66954
66955
66956
66957
66958
66959
66960
66961
66962
66963
66964
66965
66966
66967
66968
66969
66970
66971
66972
66973
66974
66975
66976
66977
66978
66979
66980
66981
66982
66983
66984
66985
66986
66987
66988
66989
66990
66991
66992
66993
66994
66995
66996
66997
66998
66999
67000
67001
67002
67003
67004
67005
67006
67007
67008
67009
67010
67011
67012
67013
67014
67015
67016
67017
67018
67019
67020
67021
67022
67023
67024
67025
67026
67027
67028
67029
67030
67031
67032
67033
67034
67035
67036
67037
67038
67039
67040
67041
67042
67043
67044
67045
67046
67047
67048
67049
67050
67051
67052
67053
67054
67055
67056
67057
67058
67059
67060
67061
67062
67063
67064
67065
67066
67067
67068
67069
67070
67071
67072
67073
67074
67075
67076
67077
67078
67079
67080
67081
67082
67083
67084
67085
67086
67087
67088
67089
67090
67091
67092
67093
67094
67095
67096
67097
67098
67099
67100
67101
67102
67103
67104
67105
67106
67107
67108
67109
67110
67111
67112
67113
67114
67115
67116
67117
67118
67119
67120
67121
67561
67562
67563
67564
67566
67567
67568
67569
67570
67571
67572
67573
67574
67575
67578
67579
67581
67582
67583
67584
67585
67586
67587
67589
67590
67591
67592
67593
67594
67595
67596
67597
67599
67600
67602
67603
67604
67606
67659
67660
67661
67662
67663
67664
67665
67666
67667
67668
67669
67670
67671
67672
67673
67674
67675
67676
67677
67678
67679
67680
67681
67682
67683
67684
67685
67687
67688
67689
67690
67691
67692
67693
67694
67696
67697
67699
67700
67702
67703
67704
67705
67706
67707
67708
67710
67711
67712
67713
67714
67715
67716
67717
67718
67720
67722
67723
67724
67725
67843
67845
67953
67955
67956
67958
67959
67980
67981
67983
67984
68039
68040
68041
68042
68043
68044
68045
68046
68052
68054
68057
68058
68059
68060
68061
68062
68065
68066
68067
68068
68069
68071
68072
68073
68074
68075
68076
68077
68078
68080
68082
68083
68084
68086
68087
68088
68089
68091
68092
68093
68094
68095
68096
68097
68098
68100
68101
68103
68104
68105
68107
72696
72697
72705
72706
73176
73177
73178
73179
73180
73181
73182
73183
73184
73185
73186
73187
73188
73189
73190
73191
73192
73193
73194
73195
73196
73197
73198
73200
73201
73202
73203
73204
73205
73206
73207
73219
73220
73221
73222
73223
73224
73225
73226
73227
73228
73229
73230
73231
73232
73233
73234
73235
73236
73237
73238
73239
73240
73241
73242
73243
73245
73246
73247
73248
73254
73255
73256
73257
73258
73265
73266
73267
73268
73269
75137
75138
75139
75140
75141
75142
75143
75144
75145
75146
75147
75148
75149
75150
75151
75152
75153
75154
75155
75156
75157
75158
75159
75160
75161
75162
75163
75164
75165
75166
75167
75168
75169
75170
75171
75172
75173
75174
75175
75176
75177
75178
75179
75180
75181
75182
75183
75184
75185
75186
75187
75188
75189
75190
75191
75192
75193
75194
75195
75196
75197
75198
75199
75200
75201
75202
75203
75204
75205
75206
75207
75208
75209
75210
75211
75212
75213
75214
75215
75216
75217
75218
75219
75220
75221
75222
75223
75224
78608
78609
78610
78611
78612
78613
78614
78615
78616
78617
78618
78619
78620
78621
78622
78623
78624
78625
78626
78627
78628
78629
78630
78631
78632
78633
78634
78635
78636
78637
78638
78639
78640
78641
78642
78643
78644
78645
78646
78647
78648
78649
78650
78651
78652
78653
78654
78655
78656
78657
78658
78659
78660
78661
78662
78663
78664
78665
78666
78667
78668
78669
78670
78671
78672
78673
78674
78675
78676
78677
78678
78679
78680
78681
78682
78683
78684
78685
78686
78687
78688
78689
78690
78691
78692
78693
78694
78695
78696
78697
78698
78699
78700
78701
78702
78703
78704
78705
78706
78707
78708
78709
78710
78711
78712
78713
78714
78715
78716
78717
78718
78719
78720
78721
80520
80521
80522
80523
80524
80525
80526
80527
80528
80529
80530
80531
80532
80533
80534
80535
80536
80537
80538
80539
80540
80541
80542
80543
80544
80545
80546
80547
80548
80549
80550
80551
80552
80553
80554
80555
80556
80557
80558
80559
80560
80561
80562
80563
80564
80565
80566
80567
80568
80569
80570
80571
80572
80573
80574
80575
80576
80577
80578
80579
80580
80581
80582
80583
80584
80585
80586
80587
80588
80589
80590
80591
80592
80593
80594
80595
80596
80597
80598
80599
80600
80601
80602
80603
80604
80605
80606
80607
80608
80609
80610
80611
80612
80613
80614
80615
80616
80617
80618
80619
80620
80621
80622
80623
80624
80625
80626
80627
80628
80629
80630
80631
80632
80633
80634
80635
80636
80637
80638
80639
80640
80641
80642
80643
80644
80645
80646
80647
80648
80649
80650
80651
80652
80653
80654
80655
80656
80657
80658
80659
80660
80661
80662
80663
80664
80665
80666
80667
80668
80669
80670
80671
80672
80673
80674
80675
80676
80677
80678
80679
80680
80681
80682
80683
80684
80685
80686
80687
80688
80689
80690
80691
80692
80693
80694
80695
80696
80697
80698
80699
80700
80701
80702
80703
80704
80705
80706
80707
80708
80709
80710
80711
80712
80713
80714
80715
80716
80717
80718
80719
80720
80721
80722
80723
80724
80725
80726
80727
80728
80729
80730
80731
80732
80733
80734
80735
80736
80737
80738
80739
80740
80741
80742
80743
80744
80745
80746
80747
80748
80749
80750
80751
80752
80753
80754
80755
80756
80757
80758
80759
80760
80761
80762
80763
80764
80765
80766
80767
80768
80769
80770
80771
80772
80773
80774
80775
80776
80777
80778
80779
80780
80781
80782
80783
80784
80785
80786
80787
80788
80789
80790
80791
80792
80793
80794
80795
80796
80797
80798
80799
80800
80801
80802
80803
80804
80805
80806
80807
80808
80809
80810
80811
80812
80813
80814
80815
80816
80817
80818
80819
80820
80821
80822
80823
80824
80825
80826
80827
80828
80829
80830
80831
80832
80833
80834
80835
80836
80837
80838
80839
80840
80841
80842
80843
80844
80845
80846
80847
80848
80849
80850
80851
80852
80853
80854
80855
80856
80857
80858
80859
80860
80861
80862
80863
80864
80865
80866
80867
80868
80869
80870
80871
80872
80873
80874
80875
80876
80877
80878
80879
80880
80881
80882
80883
80884
80885
80886
80887
80888
80889
80890
80891
80892
80893
80894
80895
80896
80897
80898
80899
80900
80901
80902
80903
80904
80905
80906
80907
80908
80909
80910
80911
80912
80913
80914
80915
80916
80917
80918
80919
80920
80921
80922
80923
80924
80925
80926
80927
80928
80929
80930
80931
80932
80933
80934
80935
80936
80937
80938
80939
80940
80941
80942
80943
80944
80945
80946
80947
80948
80949
80950
80951
80952
80953
80954
80955
80956
80957
80958
80959
80960
80961
80962
80963
80964
80965
80966
80967
80968
80969
80970
80971
80972
80973
80974
80975
80976
80977
80978
80979
80980
80981
80982
80983
80984
80985
80986
80987
80988
80989
80990
80991
80992
80993
80994
80995
80996
80997
80998
80999
81000
81001
81002
81003
81004
81005
81006
81007
81008
81009
81010
81011
81012
81013
81014
81015
81016
81017
81018
81019
81020
81021
81022
81023
81024
81025
81026
81027
81028
81029
81030
81031
81032
81033
81034
81035
81036
81037
81038
81039
81040
81041
81042
81043
81044
81045
81046
81047
81048
81049
81050
81051
81052
81053
81054
81055
81056
81057
81058
81059
81060
81061
81062
81063
81064
81065
81066
81067
81068
81069
81070
81071
81072
81073
81074
81075
81076
81077
81078
81079
81080
81081
81082
81083
81084
81085
81086
81087
81088
81089
81090
81091
81092
81093
81094
81095
81096
81097
81098
81099
81100
81101
81102
81103
81104
81105
81106
81107
81108
81109
81110
81111
81112
81113
81114
81115
81116
81117
81118
81119
81120
81121
81122
81123
81124
81125
81126
81127
81128
81129
81130
81131
81132
81133
81134
81135
81136
81137
81138
81139
81140
81141
81142
81143
81144
81145
81146
81147
81148
81149
81150
81151
81152
81153
81154
81155
81156
81157
81158
81159
81160
81161
81162
81163
81164
81165
81166
81167
81168
81169
81170
81171
81172
81173
81174
81175
81176
81177
81178
81179
81180
81181
81182
81183
81184
81185
81186
81187
81188
81189
81190
81191
81192
81193
81194
81195
81196
81197
81198
81199
81200
81201
81202
81203
81204
81205
81206
81207
81208
81209
81210
81211
81212
81213
81214
81215
81216
81217
81218
81219
81220
81221
81222
81223
81224
81225
81226
81227
81228
81229
81230
81231
81232
81233
81234
81235
81236
81237
81238
81239
81240
81241
81242
81243
81244
81245
81246
81247
81248
81249
81250
81251
81252
81253
81254
81255
81256
81257
81258
81259
81260
81261
81262
81263
81264
81265
81266
81267
81268
81269
81270
81271
81272
81273
81274
81275
81276
81277
81278
81279
81280
81281
81282
81283
81284
81285
81286
81287
81288
81289
81290
81291
81292
81293
81294
81295
81296
81297
81298
81299
81300
81301
81302
81303
81304
81305
81306
81307
81308
81309
81310
81311
81312
81313
81314
81315
81316
81317
81318
81319
81320
81321
81322
81323
81324
81325
81326
81327
81328
81329
81330
81331
81332
81333
81334
81335
81336
81337
81338
81339
81340
81341
81342
81343
81344
81345
81346
81347
81348
81349
81350
81351
81352
81353
81354
81355
81356
81357
81358
81359
81360
81361
81362
81363
81364
81365
81366
81367
81368
81369
81370
81371
81372
81373
81374
81375
81376
81377
81378
81379
81380
81381
81382
81383
81384
81385
81386
81387
81388
81389
81390
81391
81392
81393
81394
81395
81396
81397
81398
81399
81400
81401
81402
81403
81404
81405
81406
81407
81408
81409
81410
81411
81412
81413
81414
81415
81416
81417
81418
81419
81420
81421
81422
81423
81424
81425
81426
81427
81428
81429
81430
81431
81432
81433
81434
81435
81436
81437
81438
81439
81440
81441
81442
81443
81444
81445
81446
81447
81448
81449
81450
81451
81452
81453
81454
81455
81456
81457
81458
81459
81460
81461
81462
81463
81464
81465
81466
81467
81468
81469
81470
81471
81472
81473
81474
81475
81476
81477
81478
81479
81480
81481
81482
81483
81484
81485
81486
81487
81488
81489
81490
81491
81492
81493
81494
81495
81496
81497
81498
81499
81500
81501
81502
81503
81504
81505
81506
81507
81508
81509
81510
81511
81512
81513
81514
81515
81516
81517
81518
81519
81520
81521
81522
81523
81524
81525
81526
81527
81528
81529
81530
81531
81532
81533
81534
81535
81536
81537
81538
81539
81540
81541
81542
81543
81544
81545
81546
81547
81548
81549
81550
81551
81552
81553
81554
81555
81556
81557
81558
81559
81560
81561
81562
81563
81564
81565
81566
81567
81568
81569
81570
81571
81572
81573
81574
81575
81576
81577
81578
81579
81580
81581
81582
81583
81584
81585
81586
81587
81588
81589
81590
81591
81592
81593
81594
81595
81596
81597
81598
81599
81600
81601
81602
81603
81604
81605
81606
81607
81608
81609
81610
81611
81612
81613
81614
81615
81616
81617
81618
81619
81620
81621
81622
81623
81624
81625
81626
81627
81628
81629
81630
81631
81632
81633
81634
81635
81636
81637
81638
81639
81640
81641
81642
81643
81644
81645
81646
81647
81648
81649
81650
81651
81652
81653
81654
81655
81656
81657
81658
81659
81660
81661
81662
81663
81664
81665
81666
81667
81668
81669
81670
81671
81672
81673
81674
81675
81676
81677
81678
81679
81680
81681
81682
81683
81684
81685
81686
81687
81688
81689
81690
81691
81692
81693
81694
81695
81696
81697
81698
81699
81700
81701
81702
81703
81704
81705
81706
81707
81708
81709
81710
81711
81712
81713
81714
81715
81716
81717
81718
81719
81720
81721
81722
81723
81724
81725
81726
81727
81728
81729
81730
81731
81732
81733
81734
81735
81736
81737
81738
81739
81740
81741
81742
81743
81744
81745
81746
81747
81748
81749
81750
81751
81752
81753
81754
81755
81756
81757
81758
81759
81760
81761
81762
81763
81764
81765
81766
81767
81768
81769
81770
81771
81772
81773
81774
81775
81776
81777
81778
81779
81780
81781
81782
81783
81784
81785
81786
81787
81788
81789
81790
81791
81792
81793
81794
81795
81796
81797
81798
81799
81800
81801
81802
81803
81804
81805
81806
81807
81808
81809
81810
81811
81812
81813
81814
81815
81816
81817
81818
81819
81820
81821
81822
81823
81824
81825
81826
81827
81828
81829
81830
81831
81832
81833
81834
81835
81836
81837
81838
81839
81840
81841
81842
81843
81844
81845
81846
81847
81848
81849
81850
81851
81852
81853
81854
81855
81856
81857
81858
81859
81860
81861
81862
81863
81864
81865
81866
81867
81868
81869
81870
81871
81872
81873
81874
81875
81876
81877
81878
81879
81880
81881
81882
81883
81884
81885
81886
81887
81888
81889
81890
81891
81892
81893
81894
81895
81896
81897
81898
81899
81900
81901
81902
81903
81904
81905
81906
81907
81908
81909
81910
81911
81912
81913
81914
81915
81916
81917
81918
81919
81920
81921
81922
81923
81924
81925
81926
81927
81928
81929
81930
81931
81932
81933
81934
81935
81936
81937
81938
81939
81940
81941
81942
81943
81944
81945
81946
81947
81948
81949
81950
81951
81952
81953
81954
81955
81956
81957
81958
81959
81960
81961
81962
81963
81964
81965
81966
81967
81968
81969
81970
81971
81972
81973
81974
81975
81976
81977
81978
81979
81980
81981
81982
81983
81984
81985
81986
81987
81988
81989
81990
81991
81992
81993
81994
81995
81996
81997
81998
81999
82000
82001
82002
82003
82004
82005
82006
82007
82008
82009
82010
82011
82012
82013
82014
82015
82016
82017
82018
82019
82020
82021
82022
82023
82024
82025
82026
82027
82028
82029
82030
82031
82032
82033
82034
82035
82036
82037
82038
82039
82040
82041
82042
82043
82044
82045
82046
82047
82048
82049
82050
82051
82052
82053
82054
82055
82056
82057
82058
82059
82060
82061
82062
82063
82064
82065
82066
82067
82068
82069
82070
82071
82072
82073
82074
82075
82076
82077
82078
82079
82080
82081
82082
82083
82084
82085
82086
82087
82088
82089
82090
82091
82092
82093
82094
82095
82096
82097
82098
82099
82100
82101
82102
82103
82104
82105
82106
82107
82108
82109
82110
82111
82112
82113
82114
82115
82116
82117
82118
82119
82120
82121
82122
82123
82124
82125
82126
82127
82128
82129
82130
82131
82132
82133
82134
82135
82136
82137
82138
82139
82140
82141
82142
82143
82144
82145
82146
82147
82148
82149
82150
82151
82152
82153
82154
82155
82156
82157
82158
82159
82160
82161
82162
82163
82164
82165
82166
82167
82168
82169
82170
82171
82172
82173
82174
82175
82176
82177
82178
82179
82180
82181
82182
82183
82184
82185
82186
82187
82188
82189
82190
82191
82192
82193
82194
82195
82196
82197
82198
82206
82207
82208
82209
82210
82211
82213
82214
82215
82216
82217
82218
82224
82225
82226
82227
82228
82235
82236
82237
82238
82239
82240
82241
82242
82243
82244
82245
82246
82247
82248
82249
82250
82251
82252
82253
82254
82255
82256
82257
82258
82259
82260
82261
82262
82263
82264
82265
82266
82267
82268
82269
82270
82271
82272
82273
82274
82276
82277
82278
82279
82280
82281
82287
82288
82289
82290
82291
82301
82302
82303
82304
82311
82312
82313
82314
82315
82316
84692
84693
84694
84695
84696
84697
84698
84699
84700
84701
84702
84703
84704
84705
84706
84707
84708
84709
84710
84711
84712
84713
84714
84715
84716
84717
84718
84719
84720
84721
84722
84723
84724
84725
84726
84727
84728
84729
84730
84731
84732
84733
84734
84735
84736
84737
84738
84739
84740
84741
84742
84743
84744
84745
84746
84747
84748
84749
84750
84751
84752
84753
84754
84755
84756
84757
84758
84759
84760
84761
84762
84763
84764
84765
84766
84767
84768
84769
84770
84771
84772
84773
84774
84775
84776
84777
84778
84779
84780
84781
84782
84783
84784
84785
84786
84787
84788
84789
84790
84791
84792
84793
84794
84795
84796
84797
84798
84799
84800
84801
84802
84803
84804
84805
84806
84807
84808
84809
84810
84811
84812
84813
84814
84815
84816
84817
84818
84819
84820
84821
84822
84823
84824
84825
84826
84827
84828
84829
84830
84831
84832
84833
84834
84835
84836
84837
84838
84839
84840
84841
84842
84843
84844
84845
84846
84847
84848
84849
84850
84851
84852
84853
84854
84855
84856
84857
84858
84859
84860
84861
84862
84863
84864
84865
84866
84867
84868
84869
84870
84871
84872
84873
84874
84875
84876
84877
84878
84879
84880
84881
84882
84883
84884
84885
84886
84887
84888
84889
84890
84891
84892
84893
84894
84895
84896
84897
84898
84899
84900
84901
84902
84903
84904
84905
84906
84907
84908
84909
84910
84911
84912
84913
84914
84915
84916
84917
84918
84919
84920
84921
84922
84923
84924
84925
84926
84927
84928
84929
84930
84931
84932
84933
84934
84935
84936
84937
84938
84939
84940
84941
84942
84943
84944
84945
84946
84947
84948
84949
84950
84951
84952
84953
84954
84955
84956
84957
84958
84959
84960
84961
84962
84963
84964
84965
84966
84967
84968
84969
84970
84971
84972
84973
84974
84975
84976
84977
84978
84979
84980
84981
84982
84983
84984
84985
84986
84987
84988
84989
84990
84991
84992
84993
84994
84995
84996
84997
84998
84999
85000
85001
85002
85003
85004
85005
85006
85007
85008
85009
85010
85011
85012
85013
85014
85015
85016
85017
85018
85019
85020
85021
85022
85023
85024
85025
85026
85027
85028
85029
85030
85031
85032
85033
85034
85035
85036
85037
85038
85039
85040
85041
85042
85043
85044
85045
85046
85047
85048
85049
85050
85051
85052
85053
85054
85055
85056
85057
85058
85059
85060
85061
85062
85063
85064
85065
85066
85067
85068
85069
85070
85071
85072
85073
85074
85075
85076
85077
85078
85079
85080
85081
85082
85083
85084
85085
85086
85087
85088
85089
85090
85091
85092
85093
85094
85095
85096
85097
85098
85099
85100
85101
85102
85103
85104
85105
85106
85107
85108
85109
85110
85111
85112
85113
85114
85115
85116
85117
85118
85119
85120
85121
85122
85123
85124
85125
85126
85127
85128
85129
85130
85131
85132
85133
85134
85135
85136
85137
85138
85139
85140
85141
85142
85143
85144
85145
85146
85147
85148
85149
85150
85151
85152
85153
85154
85155
85156
85157
85158
85159
85160
85161
85162
85163
85164
85165
85166
85167
85168
85169
85170
85171
85172
85173
85174
85175
85176
85177
85178
85179
85180
85181
85182
85183
85184
85185
85186
85187
85188
85189
85190
85191
85192
85193
85194
85195
85196
85197
85198
85199
85200
85201
85202
85203
85204
85205
85206
85207
85208
85209
85210
85211
85212
85213
85214
85215
85216
85217
85218
85219
85220
85221
85222
85223
85224
85225
85226
85227
85228
85229
85230
85231
85232
85233
85234
85235
85236
85237
85238
85239
85240
85241
85242
85243
85244
85245
85246
85247
85248
85249
85250
85251
85252
85253
85254
85255
85256
85257
85258
85259
85260
85261
85262
85263
85264
85265
85266
85267
85268
85269
85270
85271
85272
85273
85274
85275
85276
85277
85278
85279
85280
85281
85282
85283
85284
85285
85286
85287
85288
85289
85290
85291
85292
85293
85294
85295
85296
85297
85298
85299
85300
85301
85302
85303
85304
85305
85306
85307
85308
85309
85310
85311
85312
85313
85314
85315
85316
85317
85318
85319
85320
85321
85322
85323
85324
85325
85326
85327
85328
85329
85330
85331
85332
85333
85334
85335
85336
85337
85338
85339
85340
85341
85342
85343
85344
85345
85346
85347
85348
85349
85350
85351
85352
85353
85354
85355
85356
85357
85358
85359
85360
85361
85362
85363
85364
85365
85366
85367
85368
85369
85370
85371
85372
85373
85374
85375
85376
85377
85378
85379
85380
85381
85382
85383
85384
85385
85386
85387
85388
85389
85390
85391
85392
85393
85394
85395
85396
85397
85398
85399
85400
85401
85402
85403
85404
85405
85406
85407
85408
85409
85410
85411
85412
85413
85414
85415
85416
85417
85418
85419
85420
85421
85422
85423
85424
85425
85426
85427
85428
85429
85430
85431
85432
85433
85434
85435
85436
85437
85438
85439
85440
85441
85442
85443
85444
85445
85446
85447
85448
85449
85450
85451
85452
85453
85454
85455
85456
85457
85458
85459
85460
85461
85462
85463
85464
85465
85466
85467
85468
85469
85470
85471
85472
85473
85474
85475
85476
85477
85478
85479
85480
85481
85482
85483
85484
85485
85486
85487
85488
85489
85490
85491
85492
85493
85494
85495
85496
85497
85498
85499
85500
85501
85502
85503
85504
85505
85506
85507
85508
85509
85510
85511
85512
85513
85514
85515
85516
85517
85518
85519
85520
85521
85522
85523
85524
85525
85526
85527
85528
85529
85530
85531
85532
85533
85534
85535
85536
85537
85538
85539
85540
85541
85542
85543
85544
85545
85546
85547
85548
85549
85550
85551
85552
85553
85554
85555
85556
85557
85558
85559
85560
85561
85562
85563
85564
85565
85566
85567
85568
85569
85570
85571
85572
85573
85574
85575
85576
85577
85578
85579
85580
85581
85582
85583
85584
85585
85586
85587
85588
85589
85590
85591
85592
85593
85594
85595
85596
85597
85598
85599
85600
85601
85602
85603
85604
85605
85606
85607
85608
85609
85610
85611
85612
85613
85614
85615
85616
85617
85618
85619
85620
85621
85622
85623
85624
85625
85626
85627
85628
85629
85630
85631
85632
85633
85634
85635
85636
85637
85638
85639
85640
85641
85642
85643
85644
85645
85646
85647
85648
85649
85650
85651
85652
85653
85654
85655
85656
85657
85658
85659
85660
85661
85662
85663
85664
85665
85666
85667
85668
85669
85670
85671
85672
85673
85674
85675
85676
85677
85678
85679
85680
85681
85682
85683
85684
85685
85686
85687
85688
85689
85690
85691
85692
85693
85694
85695
85696
85697
85698
85699
85700
85701
85702
85703
85704
85705
85706
85707
85708
85709
85710
85711
85712
85713
85714
85715
85716
85717
85718
85719
85720
85721
85722
85723
85724
85725
85726
85727
85728
85729
85730
85731
85732
85733
85734
85735
85736
85737
85738
85739
85740
85741
85742
85743
85744
85745
85746
85747
85748
85749
85750
85751
85752
85753
85754
85755
85756
85757
85758
85759
85760
85761
85762
85763
85764
85765
85766
85767
85768
85769
85770
85771
85772
85773
85774
85775
85776
85777
85778
85779
85780
85781
85782
85783
85784
85785
85786
85787
85788
85789
85790
85791
85792
85793
85794
85795
85796
85797
85798
85799
85800
85801
85802
85803
85804
85805
85806
85807
85808
85809
85810
85811
85812
85813
85814
85815
85816
85817
85818
85819
85820
85821
85822
85823
85824
85825
85826
85827
85828
85829
85830
85831
85832
85833
85834
85835
85836
85837
85838
85839
85840
85841
85842
85843
85844
85845
85846
85847
85848
85849
85850
85851
85852
85853
85854
85855
85856
85857
85858
85859
85860
85861
85862
85863
85864
85865
85866
85867
85868
85869
85870
85871
85872
85873
85874
85875
85876
85877
85878
85879
85880
85881
85882
85883
85884
85885
85886
85887
85888
85889
85890
85891
85892
85893
85894
85895
85896
85897
85898
85899
85900
85901
85902
85903
85904
85905
85906
85907
85908
85909
85910
85911
85912
85913
85914
85915
85916
85917
85918
85919
85920
85921
85922
85923
85924
85925
85926
85927
85928
85929
85930
85931
85932
85933
85934
85935
85936
85937
85938
85939
85940
85941
85942
85943
85944
85945
85946
85947
85948
85949
85950
85951
85952
85953
85954
85955
85956
85957
85958
85959
85960
85961
85962
85963
85964
85965
85966
85967
85968
85969
85970
85971
85972
85973
85974
85975
85976
85977
85978
85979
85980
85981
85982
85983
85984
85985
85986
85987
85988
85989
85990
85991
85992
85993
85994
85995
85996
85997
85998
85999
86000
86001
86002
86003
86004
86005
86006
86007
86008
86009
86010
86011
86012
86013
86014
86015
86016
86017
86018
86019
86020
86021
86022
86023
86024
86025
86026
86027
86028
86029
86030
86031
86032
86033
86034
86035
86036
86037
86038
86039
86040
86041
86042
86043
86044
86045
86046
86047
86048
86049
86050
86051
86052
86053
86054
86055
86056
86057
86058
86059
86060
86061
86062
86063
86064
86065
86066
86067
86068
86069
86070
86071
86072
86073
86074
86075
86076
86077
86078
86079
86080
86081
86082
86083
86084
86085
86086
86087
86088
86089
86090
86091
86092
86093
86094
86095
86096
86097
86098
86099
86100
86101
86102
86103
86104
86105
86106
86107
86108
86109
86110
86111
86112
86113
86114
86115
86116
86117
86118
86119
86120
86121
86122
86123
86124
86125
86126
86127
86128
86129
86130
86131
86132
86133
86134
86135
86136
86137
86138
86139
86140
86141
86142
86143
86144
86145
86146
86147
86148
86149
86150
86151
86152
86153
86154
86155
86156
86157
86158
86159
86160
86161
86162
86163
86164
86165
86166
86167
86168
86169
86170
86171
86172
86173
86174
86175
86176
86177
86178
86179
86180
86181
86182
86183
86184
86185
86186
86187
86188
86189
86190
86191
86192
86193
86194
86195
86196
86197
86198
86199
86200
86201
86202
86203
86204
86205
86206
86207
86208
86209
86210
86211
86212
86213
86214
86215
86216
86217
86218
86219
86220
86221
86222
86223
86224
86225
86226
86227
86228
86229
86230
86231
86232
86233
86234
86235
86236
86237
86238
86239
86240
86241
86242
86243
86244
86245
86246
86247
86248
86249
86250
86251
86252
86253
86254
86255
86256
86257
86258
86259
86260
86261
86262
86263
86264
86265
86266
86267
86268
86269
86270
86271
86272
86273
86274
86275
86276
86277
86278
86279
86280
86281
86282
86283
86284
86285
86286
86287
86288
86289
86290
86291
86292
86293
86294
86295
86296
86297
86298
86299
86300
86301
86302
86303
86304
86305
86306
86307
86308
86309
86310
86311
86312
86313
86314
86315
86316
86317
86318
86319
86320
86321
86322
86323
86324
86325
86326
86327
86328
86329
86330
86331
86332
86333
86334
86335
86336
86337
86338
86339
86340
86341
86342
86343
86344
86345
86346
86347
86348
86349
86350
86351
86352
86353
86354
86355
86356
86357
86358
86359
86360
86361
86362
86363
86364
86365
86366
86367
86368
86369
86370
86371
86372
86373
86374
86375
86376
86377
86378
86379
86380
86381
86382
86383
86384
86385
86386
86387
86388
86389
86390
86391
86392
86393
86394
86395
86396
86397
86398
86399
86400
86401
86402
86403
86404
86405
86406
86407
86408
86409
86410
86411
86412
86413
86414
86415
86416
86417
86418
86419
86420
86421
86422
86423
86424
86425
86426
86427
86428
86429
86430
86431
86432
86433
86434
86435
86436
86437
86438
86439
86440
86441
86442
86443
86444
86445
86446
86447
86448
86449
86450
86451
86452
86453
86454
86455
86456
86457
86458
86459
86460
86461
86462
86463
86464
86465
86466
86467
86468
86469
86470
86471
86472
86473
86474
86475
86476
86477
86478
86479
86480
86481
86482
86483
86484
86485
86486
86487
86488
86489
86490
86491
86492
86493
86494
86495
86496
86497
86498
86499
86500
86501
86502
86503
86504
86505
86506
86507
86508
86509
86510
86511
86512
86513
86514
86515
86516
86517
86518
86519
86520
86521
86522
86523
86524
86525
86526
86527
86528
86529
86530
86531
86532
86533
86534
86535
86536
86537
86538
86539
86540
86541
86542
86543
86544
86545
86546
86547
86548
86549
86550
86551
86552
86553
86554
86555
86556
86557
86558
86559
86560
86561
86562
86563
86564
86565
86566
86567
86568
86569
86570
86571
86572
86573
86574
86575
86576
86577
86578
86579
86580
86581
86582
86583
86584
86585
86586
86587
86588
86589
86590
86591
86592
86593
86594
86595
86596
86597
86598
86599
86600
86601
86602
86603
86604
86605
86606
86607
86608
86609
86610
86611
86612
86613
86614
86615
86616
86618
86619
86620
86621
86622
86623
86624
86625
86626
86627
86640
86641
86642
86643
86644
86645
86646
86647
86648
86649
86656
86657
86658
86659
86660
86661
86662
86663
86664
86665
86666
86667
86668
86669
86670
86671
86672
86673
86674
86675
86676
86677
86678
86679
86680
86681
86682
86683
86684
86685
86686
86687
86688
86689
86690
86691
86692
86693
86694
86695
86697
86698
86699
86700
86701
86702
86708
86709
86710
86711
86712
86722
86723
86724
86725
86732
86733
86734
86735
86736
86737
88509
88510
88511
88513
88514
88515
88516
88517
88518
88520
88521
88522
88523
88524
88525
88527
88528
88530
88579
88580
88581
88582
88588
88590
88591
88592
88593
88594
88600
88601
88602
88603
88604
88701
88702
88703
88704
88710
88712
88713
88714
88715
88716
88722
88723
88724
88725
88726
88823
88824
88825
88826
88832
88834
88835
88836
88837
88838
88844
88845
88846
88847
88848
88945
88946
88947
88948
88954
88956
88957
88958
88959
88960
88966
88967
88968
88969
88970
89067
89068
89069
89070
89076
89078
89079
89080
89081
89082
89088
89089
89090
89091
89092
89189
89190
89191
89192
89198
89200
89201
89202
89203
89204
89210
89211
89212
89213
89214
89311
89312
89313
89314
89320
89322
89323
89324
89325
89326
89332
89333
89334
89335
89336
89433
89434
89435
89436
89442
89444
89445
89446
89447
89448
89454
89455
89456
89457
89458
89547
89548
89549
89550
89564
89566
89567
89568
89569
89570
89576
89577
89578
89579
89580
89669
89670
89671
89692
89693
89694
89695
89696
89697
89698
89699
89700
89795
89796
89797
89798
89824
89825
89826
89827
89828
89829
89830
89831
90178
90179
90180
90199
90201
90202
90203
90204
90205
90206
90207
90208
90209
90210
90211
90212
90213
90214
90215
90216
90304
90305
90306
90307
90332
90333
90334
90335
90336
90337
90338
90339
90348
90349
90350
90351
90365
90367
90368
90369
90370
90371
90377
90378
90379
90380
90381
90478
90479
90480
90481
90487
90489
90490
90491
90492
90493
90499
90500
90501
90502
90503
90600
90601
90602
90603
90609
90611
90612
90613
90614
90615
90621
90622
90623
90624
90625
90722
90723
90724
90725
90743
90744
90745
90746
90747
106359
106360
106361
106362
106363
106364
106365
106366
106367
106368
106369
106370
106371
106372
106373
106374
106375
106376
106377
106378
106379
106380
106381
106382
106383
106384
106385
106386
106387
106388
106389
106390
106391
106392
106393
106394
106395
106396
106397
106398
106399
106400
106401
106402
106403
106404
106405
106406
106407
106408
106409
106410
106411
106412
106413
106414
106415
106416
106417
106418
106419
106420
106421
106422
106423
106424
106425
106426
106427
106428
106429
106430
106431
106432
106433
106434
106435
106436
106437
106438
106439
106440
106441
106442
106443
106444
108218
108219
108220
108221
108222
108223
108224
108225
108226
108227
108228
108229
108230
108231
108232
108233
108234
108235
108236
108237
108238
108239
108240
108241
108242
108243
108244
108245
108246
108247
108248
108249
108250
108251
108252
108253
108254
108255
108256
108257
108258
108259
108260
108261
108262
108263
108264
108265
108266
108267
108268
108269
108270
108271
108272
108273
108274
108275
108276
108277
108278
108279
108280
108281
108282
108283
108284
108285
108286
108287
108288
108289
108290
108291
108292
108293
108294
108295
108296
108297
108298
108299
108300
108301
108302
108303
108304
108305
108306
108307
108308
108309
108310
108311
108312
108313
108314
108315
108316
108317
108318
108319
108320
108321
108322
108323
108324
108325
108326
108327
108328
108329
108330
108331
108332
108333
108334
108335
108336
108337
108338
108339
108340
108341
108342
108343
108344
108345
108346
108347
108348
108349
108350
108351
108352
108353
108354
108355
108356
108357
108358
108359
108360
108361
108362
108363
108364
108365
108366
108367
108368
108369
108370
108371
108372
108373
108374
108375
108376
108377
108378
108379
108380
108381
108382
108383
108384
108385
108386
108387
108388
108389
108390
108391
108392
108393
108394
108395
108396
108397
108398
108399
108400
108401
108402
108403
108404
108405
108406
108407
108408
108409
108410
108411
108412
108413
108414
108415
108416
108417
108418
108419
108420
108421
108422
108423
108424
108425
108426
108427
108428
108429
108430
108431
108432
108433
108434
108435
108436
108437
108438
108439
108440
108441
108442
108443
108444
108445
108446
108447
108448
108449
108450
108451
108452
108453
108454
108455
108456
108457
108458
108459
108460
108461
108462
108463
108464
108465
108466
108467
108468
108469
108470
108471
108472
108473
108474
108475
108476
108477
108478
108479
108480
108481
108482
108483
108484
108485
108486
108487
108488
108489
108490
108491
108492
108493
108494
108495
108496
108497
108498
108499
108500
108501
108502
108503
108504
108505
108506
108507
108508
108509
108510
108511
108512
108513
108514
108515
108516
108517
108518
108519
108520
108521
108522
108523
108524
108525
108526
108527
108528
108529
108530
108531
108532
108533
108534
108535
108536
108537
108538
108539
108540
108541
108542
108543
108544
108545
108546
108547
108548
108549
108550
108551
108552
108553
108554
108555
108556
108557
108558
108559
108560
108561
108562
108563
108564
108565
108566
108567
108568
108569
108570
108571
108572
108573
108574
108575
108576
108577
108578
108579
108580
108581
108582
108583
108584
108585
108586
108587
108588
108589
108590
108591
108592
108593
108594
108595
108596
108597
108598
108599
108600
108601
108602
108603
108612
108613
108614
108615
108616
108617
108618
108619
108620
108621
108623
108624
108625
108626
108627
108628
108642
108643
108644
108645
108646
108647
108648
108649
108650
108651
108652
108653
108654
108655
108656
108657
108658
108659
108660
108661
108662
108663
108664
108665
108666
108667
108668
108669
108670
108671
108672
108673
108674
108675
108676
108677
108678
108679
108680
108681
108682
108683
108684
108685
108686
108687
108688
108689
108691
108692
108693
108694
108695
108696
108711
108712
108713
108714
108715
108722
108723
108724
108725
108726
108727
108728
108729
108730
108731
111871
111872
111873
111874
111875
111876
111877
111878
111879
111880
111881
111882
111883
111884
111885
111886
111887
111888
111889
111890
111891
111892
111893
111894
111895
111896
111897
111898
111899
111900
111901
111902
111903
111904
111905
111906
111907
111908
111909
111910
111911
111912
111913
111914
111915
111916
111917
111918
111919
111920
111921
111922
111923
111924
111925
111926
111927
111928
111929
111930
111931
111932
111933
111934
111935
111936
111937
111938
111939
111940
111941
111942
111943
111944
111945
111946
111947
111948
111949
111950
111951
111952
111953
111954
111955
111956
111957
111958
111959
111960
111961
111962
111963
111964
111965
111966
111967
111968
111969
111970
111971
111972
111973
111974
111975
111976
111977
111978
111979
111980
111981
111982
111983
111984
111985
111986
111987
111988
111989
111990
111991
111992
111993
111994
111995
111996
111997
111998
111999
112000
112001
112002
112003
112004
112005
112006
112007
112008
112009
112010
112011
112012
112013
112014
112015
112016
112017
112018
112019
112020
112021
112022
112023
112024
112025
112026
112027
112028
112029
112030
112031
112032
112033
112034
112035
112036
112037
112038
112039
112040
112041
112042
112043
112044
112045
112046
112047
112048
112049
112050
112051
112052
112053
112054
112055
112056
112057
112058
112059
112060
112061
112062
112063
112064
112065
112066
112067
112068
112069
112070
112071
112072
112073
112074
112075
112076
112077
112078
112079
112080
112081
112082
112083
112084
112085
112086
112087
112088
112089
112090
112091
112092
112093
112094
112095
112096
112097
112098
112099
112100
112101
112102
112103
112104
112105
112106
112107
112108
112109
112110
112111
112112
112113
112114
112115
112116
112117
112118
112119
112120
112121
112122
112123
112124
112125
112126
112127
112128
112129
112130
112131
112132
112133
112134
112135
112136
112137
112138
112139
112140
112141
112142
112143
112144
112145
112146
112147
112148
112149
112150
112151
112152
112153
112154
112155
112156
112157
112158
112159
112160
112161
112162
112163
112164
112165
112166
112167
112168
112169
112170
112171
112172
112173
112174
112175
112176
112177
112178
112179
112180
112181
112182
112183
112184
112185
112186
112187
112188
112189
112190
112191
112192
112193
112194
112195
112196
112197
112198
112199
112200
112201
112202
112203
112204
112205
112206
112207
112208
112209
112210
112211
112212
112213
112214
112215
112216
112217
112218
112219
112220
112221
112222
112223
112224
112225
112226
112227
112228
112229
112230
112231
112232
112233
112234
112235
112236
112237
112238
112239
112240
112241
112242
112243
112244
112245
112246
112247
112248
112249
112250
112251
112252
112253
112254
112255
112256
112257
112258
112259
112260
112261
112262
112263
112264
112265
112266
112267
112268
112269
112270
112271
112272
112273
112274
112275
112276
112277
112278
112279
112280
112281
112282
112283
112284
112285
112286
112287
112288
112289
112290
112291
112292
112293
112294
112295
112296
112297
112298
112299
112300
112301
112302
112303
112304
112305
112306
112307
112308
112309
112310
112311
112312
112313
112314
112315
112316
112317
112318
112319
112320
112321
112322
112323
112324
112325
112326
112327
112328
112329
112330
112331
112332
112333
112334
112335
112336
112337
112338
112339
112340
112341
112342
112343
112344
112345
112346
112347
112348
112349
112350
112351
112352
112353
112354
112355
112356
112357
112358
112359
112360
112361
112362
112363
112364
112365
112366
112367
112368
112369
112370
112371
112372
112373
112374
112375
112376
112377
112378
112379
112380
112381
112382
112383
112384
112385
112386
112387
112388
112389
112390
112391
112392
112393
112394
112395
112396
112397
112398
112399
112400
112401
112402
112403
112404
112405
112406
112407
112408
112409
112410
112411
112412
112413
112414
112415
112416
112417
112418
112419
112420
112421
112422
112423
112424
112425
112426
112427
112428
112429
112430
112431
112432
112433
112434
112435
112436
112437
112438
112439
112440
112441
112442
112443
112444
112445
112446
112447
112448
112449
112450
112451
112452
112453
112454
112455
112456
112457
112458
112459
112460
112461
112462
112463
112464
112465
112466
112467
112468
112469
112470
112471
112472
112473
112474
112475
112476
112477
112478
112479
112480
112481
112482
112483
112484
112485
112486
112487
112488
112489
112490
112491
112492
112493
112494
112495
112496
112497
112498
112499
112500
112501
112502
112503
112504
112505
112506
112507
112508
112509
112510
112511
112512
112513
112514
112515
112516
112517
112518
112519
112520
112521
112522
112523
112524
112525
112526
112527
112528
112529
112530
112531
112532
112533
112534
112535
112536
112537
112538
112539
112540
112541
112542
112543
112544
112545
112546
112547
112548
112549
112550
112551
112552
112553
112554
112555
112556
112557
112558
112559
112560
112561
112562
112563
112564
112565
112566
112567
112568
112569
112570
112571
112572
112573
112574
112575
112576
112577
112578
112579
112580
112581
112582
112583
112584
112585
112586
112587
112588
112589
112590
112591
112592
112593
112594
112595
112596
112597
112598
112599
112600
112601
112602
112603
112604
112605
112606
112607
112608
112609
112610
112611
112612
112613
112614
112615
112616
112617
112618
112619
112620
112621
112622
112623
112624
112625
112626
112627
112628
112629
112630
112631
112632
112633
112634
112635
112636
112637
112638
112639
112640
112641
112642
112643
112644
112645
112646
112647
112648
112649
112650
112651
112652
112653
112654
112655
112656
112657
112658
112659
112660
112661
112662
112663
112664
112665
112666
112667
112668
112669
112670
112671
112672
112673
112674
112675
112676
112677
112678
112679
112680
112681
112682
112683
112684
112685
112686
112687
112688
112689
112690
112691
112692
112693
112694
112695
112696
112697
112698
112699
112700
112701
112702
112703
112704
112705
112706
112707
112708
112709
112710
112711
112712
112713
112714
112715
112716
112717
112718
112719
112720
112721
112722
112723
112724
112725
112726
112727
112728
112729
112730
112731
112732
112733
112734
112735
112736
112737
112738
112739
112740
112741
112742
112743
112744
112745
112746
112747
112748
112749
112750
112751
112752
112753
112754
112755
112756
112757
112758
112759
112760
112761
112762
112763
112764
112765
112766
112767
112768
112769
112770
112771
112772
112773
112774
112775
112776
112777
112778
112779
112780
112781
112782
112783
112784
112785
112786
112787
112788
112789
112790
112791
112792
112793
112794
112795
112796
112797
112798
112799
112800
112801
112802
112803
112804
112805
112806
112807
112808
112809
112810
112811
112812
112813
112814
112815
112816
112817
112818
112819
112820
112821
112822
112823
112824
112825
112826
112827
112828
112829
112830
112831
112832
112833
112834
112835
112836
112837
112838
112839
112840
112841
112842
112843
112844
112845
112846
112847
112848
112849
112850
112851
112852
112853
112854
112855
112856
112857
112858
112859
112860
112861
112862
112863
112864
112865
112866
112867
112868
112869
112870
112871
112872
112873
112874
112875
112876
112877
112878
112879
112880
112881
112882
112883
112884
112885
112886
112887
112888
112889
112890
112891
112892
112893
112894
112895
112896
112897
112898
112899
112900
112901
112902
112903
112904
112905
112906
112907
112908
112909
112910
112911
112912
112913
112914
112915
112916
112917
112918
112919
112920
112921
112922
112923
112924
112925
112926
112927
112928
112929
112930
112931
112932
112933
112934
112935
112936
112937
112938
112939
112940
112941
112942
112943
112944
112945
112946
112947
112948
112949
112950
112951
112952
112953
112954
112955
112956
112957
112958
112959
112960
112961
112962
112963
112964
112965
112966
112967
112968
112969
112970
112971
112972
112973
112974
112975
112976
112977
112978
112979
112980
112981
112982
112983
112984
112985
112986
112987
112988
112989
112990
112991
112992
112993
112994
112995
112996
112997
112998
112999
113000
113001
113002
113003
113004
113005
113006
113007
113008
113009
113010
113011
113012
113013
113014
113015
113016
113017
113018
113019
113020
113021
113022
113023
113024
113025
113026
113027
113028
113029
113030
113031
113032
113033
113034
113035
113036
113037
113038
113039
113040
113041
113042
113043
113044
113045
113046
113047
113048
113049
113050
113051
113052
113053
113054
113055
113056
113057
113058
113059
113060
113061
113062
113063
113064
113065
113066
113067
113068
113069
113070
113071
113072
113073
113074
113075
113076
113077
113078
113079
113080
113081
113082
113083
113084
113085
113086
113087
113088
113089
113090
113091
113092
113093
113094
113095
113096
113097
113098
113099
113100
113101
113102
113103
113104
113105
113106
113107
113108
113109
113110
113111
113112
113113
113114
113115
113116
113117
113118
113119
113120
113121
113122
113123
113124
113125
113126
113127
113128
113129
113130
113131
113132
113133
113134
113135
113136
113137
113138
113139
113140
113141
113142
113143
113144
113145
113146
113147
113148
113149
113150
113151
113152
113153
113154
113155
113156
113157
113158
113159
113160
113161
113162
113163
113164
113165
113166
113167
113168
113169
113170
113171
113172
113173
113174
113175
113176
113177
113178
113179
113180
113181
113182
113183
113184
113185
113186
113187
113188
113189
113190
113191
113192
113193
113194
113195
113196
113197
113198
113199
113200
113201
113202
113203
113204
113205
113206
113207
113208
113209
113210
113211
113212
113213
113214
113215
113216
113217
113218
113219
113220
113221
113222
113223
113224
113225
113226
113227
113228
113229
113230
113231
113232
113233
113234
113235
113236
113237
113238
113239
113240
113241
113242
113243
113244
113245
113246
113247
113248
113249
113250
113251
113252
113253
113254
113255
113256
113257
113258
113259
113260
113261
113262
113263
113264
113265
113266
113267
113268
113269
113270
113271
113272
113273
113274
113275
113276
113277
113278
113279
113280
113281
113282
113283
113284
113285
113286
113287
113288
113289
113290
113291
113292
113293
113294
113295
113296
113297
113298
113299
113300
113301
113302
113303
113304
113305
113306
113307
113308
113309
113310
113311
113312
113313
113314
113315
113316
113317
113318
113319
113320
113321
113322
113323
113324
113325
113326
113327
113328
113329
113330
113331
113332
113333
113334
113335
113336
113337
113338
113339
113340
113341
113342
113343
113344
113345
113346
113347
113348
113349
113350
113351
113352
113353
113354
113355
113356
113357
113358
113359
113360
113361
113362
113363
113364
113365
113366
113367
113368
113369
113370
113371
113372
113373
113374
113375
113376
113377
113378
113379
113380
113381
113382
113383
113384
113385
113386
113387
113388
113389
113390
113391
113392
113393
113394
113395
113396
113397
113398
113399
113400
113401
113402
113403
113404
113405
113406
113407
113408
113409
113410
113411
113412
113413
113414
113415
113416
113417
113418
113419
113420
113421
113422
113423
113424
113425
113426
113427
113428
113429
113430
113431
113432
113433
113434
113435
113436
113437
113438
113439
113440
113441
113442
113443
113444
113445
113446
113447
113448
113449
113450
113451
113452
113453
113454
113455
113456
113457
113458
113459
113460
113461
113462
113463
113464
113465
113466
113467
113468
113469
113470
113471
113472
113473
113474
113475
113476
113477
113478
113479
113480
113481
113482
113483
113484
113485
113486
113487
113488
113489
113490
113491
113492
113493
113494
113495
113496
113497
113498
113499
113500
113501
113502
113503
113504
113505
113506
113507
113508
113509
113510
113511
113512
113513
113514
113515
113516
113517
113518
113519
113520
113521
113522
113523
113524
113525
113526
113527
113528
113529
113530
113531
113532
113533
113534
113535
113536
113537
113538
113539
113540
113541
113542
113543
113544
113545
113546
113547
113548
113549
113550
113551
113552
113553
113554
113555
113556
113557
113558
113559
113560
113561
113562
113563
113564
113565
113566
113567
113568
113569
113570
113571
113572
113573
113574
113575
113576
113577
113578
113579
113580
113581
113582
113583
113584
113585
113586
113587
113588
113589
113590
113591
113592
113593
113594
113595
113596
113597
113598
113599
113600
113601
113602
113603
113604
113605
113606
113607
113608
113609
113610
113611
113612
113613
113614
113615
113616
113617
113618
113619
113620
113621
113622
113623
113624
113625
113626
113627
113628
113629
113630
113631
113632
113633
113634
113635
113636
113637
113638
113639
113640
113641
113642
113643
113644
113645
113646
113647
113648
113649
113650
113651
113652
113653
113654
113655
113656
113657
113658
113659
113660
113661
113662
113663
113664
113665
113666
113667
113668
113669
113670
113671
113672
113673
113674
113675
113676
113677
113678
113679
113680
113681
113682
113683
113684
113685
113686
113687
113688
113689
113690
113691
113692
113693
113694
113695
113696
113697
113698
113699
113700
113701
113702
113703
113704
113705
113706
113707
113708
113709
113710
113711
113712
113713
113714
113715
113716
113717
113718
113719
113720
113721
113722
113723
113724
113725
113726
113727
113728
113729
113730
113731
113732
113733
113734
113735
113736
113737
113738
113739
113740
113741
113742
113743
113744
113745
113746
113747
113748
113749
113750
113751
113752
113753
113754
113755
113756
113757
113758
113759
113760
113761
113762
113763
113764
113765
113766
113767
113768
113769
113770
113771
113772
113773
113774
113775
113776
113777
113778
113779
113780
113781
113782
113783
113784
113785
113786
113787
113788
113789
113790
113791
113792
113793
113794
113795
113796
113797
113798
113799
113800
113801
113802
113803
113804
113805
113806
113807
113808
113809
113810
113811
113812
113813
113814
113815
113816
113817
113818
113819
113820
113821
113822
113823
113824
113825
113826
113827
113828
113829
113830
113831
113832
113833
113834
113835
113836
113837
113838
113839
113840
113841
113842
113843
113844
113845
113846
113847
113848
113849
113850
113851
113852
113853
113854
113855
113856
113857
113858
113859
113860
113861
113862
113863
113864
113865
113866
113867
113868
113869
113870
113871
113872
113873
113874
113875
113876
113877
113878
113879
113880
113881
113882
113883
113884
113885
113886
113887
113888
113889
113890
113891
113892
113893
113894
113895
113896
113898
113899
113900
113901
113902
113903
113912
113913
113914
113915
113922
113923
113924
113925
113926
113934
113935
113936
113937
113938
113939
113940
113941
113942
113943
113944
113945
113946
113947
113948
113949
113950
113951
113952
113953
113954
113955
113956
113957
113958
113959
113960
113961
113962
113963
113964
113965
113966
113967
113968
113969
113970
113971
113972
113973
113974
113975
113976
113977
113978
113979
113980
113981
113983
113984
113985
113986
113987
113988
114003
114004
114005
114006
114007
114014
114015
114016
114017
114018
114019
114020
114021
114022
114023
116177
116178
116179
116180
116181
116182
116203
116204
116205
116206
116207
116208
116209
116210
116211
116212
116213
116228
116230
116231
116232
116233
116234
116235
116236
116237
116238
116239
116246
116247
116248
116249
116250
116351
116353
116354
116355
116356
116357
116358
116359
116360
116361
116362
116368
116369
116370
116371
116372
116373
116394
116396
116397
116398
116399
116400
116401
116402
116403
116404
116405
116412
116413
116414
116415
116416
116517
116519
116520
116521
116522
116523
116524
116525
116526
116527
116528
116534
116535
116536
116537
116538
116539
116560
116562
116563
116564
116565
116566
116567
116568
116569
116570
116571
116578
116579
116580
116581
116582
116683
116685
116686
116687
116688
116689
116690
116691
116692
116693
116694
116700
116701
116702
116703
116704
116705
116726
116728
116729
116730
116731
116732
116733
116734
116735
116736
116737
116744
116745
116746
116747
116748
116855
116857
116858
116859
116860
116861
116862
116863
116864
116865
116866
116872
116873
116874
116875
116876
116877
116898
116900
116901
116902
116903
116904
116905
116906
116907
116908
116909
116916
116917
116918
116919
116920
117027
117029
117030
117031
117032
117033
117034
117035
117036
117037
117038
117044
117045
117046
117047
117048
117049
117070
117072
117073
117074
117075
117076
117077
117078
117079
117080
117081
117088
117089
117090
117091
117092
117199
117201
117202
117203
117204
117205
117206
117207
117208
117209
117210
117216
117217
117218
117219
117220
117221
117242
117244
117245
117246
117247
117248
117249
117250
117251
117252
117253
117260
117261
117262
117263
117264
117371
117373
117374
117375
117376
117377
117378
117379
117380
117381
117382
117388
117389
117390
117391
117392
117393
117406
117408
117409
117410
117411
117412
117413
117422
117423
117424
117425
117432
117433
117434
117435
117436
117534
117536
117537
117538
117539
117540
117541
117542
117543
117544
117545
117547
117548
117549
117550
117551
117552
117578
117580
117581
117582
117583
117584
117585
117586
117587
117588
117595
117596
117597
117598
117599
117742
117744
117745
117746
117748
117749
117777
117778
117779
117780
117781
117782
117783
117784
117785
117786
117787
117788
117789
117790
117791
117792
117793
117794
117795
117796
117797
117798
117800
117801
117802
117803
117804
117805
117806
117807
117808
117809
117816
117817
117818
117819
117820
117821
117842
117844
117845
117846
117847
117848
117849
117850
117851
117852
117853
117855
117856
117857
117858
117859
117970
117972
117973
117974
117975
117976
117986
117987
117988
117989
117990
117996
117997
117998
117999
118000
118001
118022
118024
118025
118026
118027
118028
118029
118030
118031
118032
118033
118040
118041
118042
118043
118044
118151
118153
118154
118155
118156
118157
118158
118159
118160
118161
118162
118168
118169
118170
118171
118172
118173
118194
118196
118197
118198
118199
118200
118201
118202
118203
118204
118205
118212
118213
118214
118215
118216
118323
118325
118326
118327
118328
118329
118330
118331
118332
118333
118334
118340
118341
118342
118343
118344
118345
118374
118375
118376
118377
118384
118385
118386
118387
118388
131278
131279
131280
131281
131282
131283
131284
131285
131286
131287
131288
131289
131290
131291
131292
131293
131294
131295
131296
131297
131298
131299
131300
131301
131302
131303
131304
131305
131306
131307
131308
131309
131310
131311
131312
131313
131314
131315
131316
131317
131318
131319
131320
131321
131322
131323
131324
131325
131326
131327
131328
131329
131330
131331
131332
131333
131334
131335
131336
131337
131338
131339
131340
131341
131342
131343
131344
131345
131346
131347
131348
131349
131350
131351
131352
131353
131354
131355
131356
131357
131358
131359
131360
131361
131362
131363
131364
131365
131366
131367
131368
131369
131370
131371
131372
131373
131374
131375
131376
131377
131378
131379
131380
131381
131382
131383
131384
131385
131386
131387
131388
131389
131390
131391
131392
131393
131394
131395
131396
131397
131398
131399
131400
131401
131402
131403
131404
131405
131406
131407
131408
131409
131410
131411
131412
131413
131414
131415
131416
131417
131418
131419
131420
131421
131422
131423
131424
131425
131426
131427
131428
131429
131430
131431
131432
132350
132351
132352
132353
132354
132355
132356
132357
132358
132359
132360
132361
132362
132363
132364
132365
132366
132367
132368
132369
132370
132371
132372
132373
132374
132375
132376
132377
132378
132379
132380
132381
132382
132383
132384
132385
132386
132387
132388
132389
132390
132391
132392
132393
132394
132395
132396
132397
132398
132399
132400
132401
132402
132403
132404
132405
132406
132407
132408
132409
132410
132411
132412
132413
132414
132415
132416
132417
132418
132419
132420
132421
132422
132423
132424
132425
132426
132427
132428
132429
132430
132431
132432
132433
132434
132435
132436
132437
132438
132439
132440
132441
132442
132443
132444
132445
132446
132447
132448
132449
132450
132451
132452
132453
132454
132455
132456
132457
132458
132459
132460
132461
132462
132463
132464
132465
132466
132467
132468
132469
132470
132471
132472
132473
132474
132475
132476
132477
132478
132479
132480
132481
132482
132483
132484
132485
132486
132487
132488
132489
132490
132491
132492
132493
132494
132495
132496
132497
132498
132499
132500
132501
132502
132503
132504
132505
132506
132507
132508
132509
132510
132511
132512
132513
132514
132515
132516
132517
132518
132519
132520
132521
132522
132523
132524
132525
132526
132527
132528
132529
132530
132531
132532
132533
132534
132535
132536
132537
132538
132539
132540
132541
132542
132543
132544
132545
132546
132547
132548
132549
132550
132551
132552
132553
132554
132555
132556
132557
132558
132559
132560
132561
132562
132563
132564
132565
132566
132567
132568
132569
132570
132571
132572
132573
132574
132575
132576
132577
132578
132579
132580
132581
132582
132583
132584
132585
132586
132587
132588
132589
132590
132591
132592
132593
132594
132595
132596
132597
132598
132599
132600
132601
132602
132603
132604
132605
132606
132607
132608
132609
132610
132611
132612
132613
132614
132615
132616
132617
132618
132619
132620
132621
132622
132623
132624
132625
132626
132627
132628
132629
132630
132631
132632
132633
132634
132635
132636
132637
132638
132639
132640
132641
132642
132643
132644
132645
132646
132647
132648
132649
132806
132807
132808
132810
132811
132812
132813
132814
132816
132817
132818
132820
141984
141985
141986
141988
143045
143046
143047
143048
143049
143050
143051
143052
143053
143054
143055
143056
143057
143058
143059
143060
143061
143062
143063
143064
143065
143066
143067
143068
143069
143070
143071
143072
143073
143074
143075
143076
143077
143078
143079
143080
143081
143082
143083
143084
143085
143086
143087
143088
143089
143090
143091
143092
143093
143094
143095
143096
143097
143098
143099
143100
143101
143102
143103
143104
143105
143106
143107
143108
143109
143110
143111
143112
143113
143114
143115
143116
143117
143118
143119
143120
143121
143122
143123
143124
143125
143126
143127
143128
143129
143130
143131
143132
143133
143134
143135
143136
143137
143138
143139
143140
143141
143142
143143
143144
143145
143146
143147
143148
143149
143150
143151
143152
143153
143154
143155
143156
143157
143158
143159
143160
143161
143162
143163
143164
143165
143166
143167
143168
143169
143170
143171
143172
143173
143174
143175
143176
143177
143178
143179
143180
143181
143182
143183
143184
143185
143186
143187
143188
143189
143190
143191
143192
143193
143194
143195
143196
143197
143198
143199
143200
143201
143202
143203
143204
143205
143206
143207
143208
143209
143210
143211
143212
143213
143214
143215
143216
143217
143218
143219
143220
143221
143222
143223
143224
143225
143226
143227
143228
143229
143230
143231
143232
143233
143234
143235
143236
143237
143238
143239
143240
143241
143242
143243
143244
143245
143246
143247
143248
143249
143250
143251
143252
143253
143254
143255
143256
143257
143258
143259
143260
143261
143262
143263
143264
143265
143266
143267
143268
143269
143270
143271
143272
143273
143274
143275
143276
143277
143278
143279
143280
143281
143282
143283
143284
143285
143286
143287
143288
143289
143290
143291
143292
143293
143294
143295
143296
143297
143298
143299
143300
143301
143302
143303
143304
143305
143306
143307
143308
143309
143310
143311
143312
143313
143314
143315
143316
143317
143318
143319
143320
143321
143322
143323
143324
143325
143326
143327
143328
143329
143330
143331
143332
143333
143334
143335
143336
143337
143338
143339
143340
143341
143342
143343
143344
143345
143346
143347
143348
143349
143350
143351
143352
143353
143354
143355
143356
143357
143358
143359
143360
143361
143362
143363
143364
143365
143366
143367
143368
143369
143370
143371
143372
143373
143374
143375
143376
143377
143378
143379
143380
143381
143382
143383
143384
143385
143386
143387
143388
143389
143390
143391
143392
143393
143394
143395
143396
143397
143398
143399
143400
143401
143402
143403
143404
143405
143406
143407
143408
143409
143410
143411
143412
143413
143414
143415
143416
143417
143418
143419
143420
143421
143422
143423
143424
143425
143426
143427
143428
143429
143430
143431
143432
143433
143434
143435
143436
143437
143438
143439
143440
143441
143442
143443
143444
143445
143446
143447
143448
143449
143450
143451
143452
143453
143454
143455
143456
143457
143458
143459
143460
143461
143462
143463
143464
143465
143466
143467
143468
143469
143470
143471
143472
143473
143474
143475
143476
143478
143479
143480
143482
143483
143484
143485
143486
143487
143488
143489
143490
143491
143493
143494
143496
143497
143498
143500
143501
143502
143503
143504
143505
143506
143507
143508
143510
143512
143513
143515
143516
143517
143518
143519
143520
143521
143522
143523
143524
143525
143526
143527
143528
143529
143530
143531
143532
143533
143534
143535
143536
143537
143538
143539
143540
143541
143542
143543
143544
143545
143546
143547
143548
143549
143550
143551
143552
143553
143554
143555
143556
143557
143558
143559
143560
143561
143562
143563
143564
143565
143566
143567
143568
143569
143570
143571
143572
143573
143574
143575
143576
143577
143578
143579
143580
143581
143582
143583
143584
143585
143586
143587
143588
143589
143590
143591
143592
143593
143594
143595
143596
143597
143598
143599
143600
143602
143603
143604
143612
143613
143614
143615
143618
143619
143620
143621
143622
143623
143624
143625
143626
143627
143628
143629
143630
143631
143632
143633
143634
143635
143636
143637
143638
143639
143640
143641
143642
143643
143644
143645
143646
143647
143648
143649
143650
143651
143652
143653
143654
143655
143656
143657
143658
143659
143660
143661
143662
143663
143664
143665
143666
143667
143668
143669
143670
143671
143672
143673
143674
143675
143676
143677
143678
143679
143680
143681
143682
143683
143684
143685
143686
143687
143688
143689
143690
143691
143692
143693
143694
143695
143696
143697
143698
143700
143701
143702
143710
143711
143712
143715
143717
143718
143719
143720
143721
143722
143723
143724
143725
143726
143727
143728
143729
143730
143731
143732
143733
143734
143735
143736
143737
143738
143739
143740
143741
143742
143743
143744
143745
143746
143747
143748
146580
146581
146582
146583
146584
146585
146586
146587
146588
146589
146590
146591
146592
146593
146594
146595
146596
146597
146598
146599
146600
146601
146602
146603
146604
146605
146606
146607
146608
146609
146610
146611
146612
146613
146614
146615
146616
146617
146618
146619
146620
146621
146622
146623
146624
146625
146626
146627
146628
146629
146630
146631
146632
146633
146634
146635
146636
146637
146638
146639
146640
146641
146642
146643
146644
146645
146646
146647
146648
146649
146650
146651
146652
146653
146654
146655
146656
146657
146658
146659
146660
146661
146662
146663
146664
146665
146666
146667
146668
146669
146670
146671
146672
146673
146674
146675
146676
146677
146678
146679
146680
146681
146682
146683
146684
146685
146686
146687
146688
146689
146690
146691
146692
146693
146694
146695
146696
146697
146698
146699
146700
146701
146702
146703
146704
146705
146706
146707
146708
146709
146710
146711
146712
146713
146714
146715
146716
146717
146718
146719
146720
146721
146722
146723
146724
146725
146726
146727
146728
146729
146730
146731
146732
146733
146734
146735
146736
146737
146738
146739
146740
146741
146742
146743
146744
146745
146746
146747
146748
146749
146750
146751
146752
146753
146754
146755
146756
146757
146758
146759
146760
146761
146762
146763
146764
146765
146766
146767
146768
146769
146770
146771
146772
146773
146774
146775
146776
146777
146778
146779
146780
146781
146782
146783
146784
146785
146786
146787
146788
146789
146790
146791
146792
146793
146794
146795
146796
146797
146798
146799
146800
146801
146802
146803
146804
146805
146806
146807
146808
146809
146810
146811
146812
146813
146814
146815
146816
146817
146818
146819
146820
146821
146822
146823
146824
146825
146826
146827
146828
146829
146830
146831
146832
146833
146834
146835
146836
146837
146838
146839
146840
146841
146842
146843
146844
146845
146846
146847
146848
146849
146850
146851
146852
146853
146854
146855
146856
146857
146858
146859
146860
146861
146862
146863
146864
146865
146866
146867
146868
146869
146870
146871
146872
146873
146874
146875
146876
146877
146878
146879
146880
146881
146882
146883
146884
146885
146886
146887
146888
146889
146890
146891
146892
146893
146894
146895
146896
146897
146898
146899
146900
146901
146902
146903
146904
146905
146906
146907
146908
146909
146910
146911
146912
146913
146914
146915
146916
146917
146918
146919
146920
146921
146922
146923
146924
146925
146926
146927
146928
146929
146930
146931
146932
146933
146934
146935
146936
146937
146938
146939
146940
146941
146942
146943
146944
146945
146946
146947
146948
146949
146950
146951
146952
146953
146954
146955
146956
146957
146958
146959
146960
146961
146962
146963
146964
146965
146966
146967
146968
146969
146970
146971
146972
146973
146974
146975
146976
146977
146978
146979
146980
146981
146982
146983
146984
146985
146986
146987
146988
146989
146990
146991
146992
146993
146994
146995
146996
146997
146998
146999
147000
147001
147002
147003
147004
147005
147006
147007
147008
147009
147010
147011
147012
147013
147014
147015
147016
147017
147018
147019
147020
147021
147022
147023
147024
147025
147026
147027
147028
147029
147030
147031
147032
147033
147034
147035
147036
147037
147038
147039
147040
147041
147042
147043
147044
147045
147046
147047
147048
147049
147050
147051
147052
147053
147054
147055
147056
147057
147058
147059
147060
147061
147062
147063
147064
147065
147066
147067
147068
147069
147070
147071
147072
147073
147074
147075
147076
147077
147078
147079
147080
147081
147082
147083
147084
147085
147086
147087
147088
147089
147090
147091
147092
147093
147094
147095
147096
147097
147098
147099
147100
147101
147102
147103
147104
147105
147106
147107
147108
147109
147110
147111
147112
147113
147114
147115
147116
147117
147118
147119
147120
147121
147122
147123
147124
147125
147126
147127
147128
147129
147130
147131
147132
147133
147134
147135
147136
147137
147138
147139
147140
147141
147142
147143
147144
147145
147146
147147
147148
147149
147150
147151
147152
147153
147154
147155
147156
147157
147158
147159
147160
147161
147162
147163
147164
147165
147166
147167
147168
147169
147170
147171
147172
147173
147174
147175
147176
147177
147178
147179
147180
147181
147182
147183
147184
147185
147186
147187
147188
147189
147190
147191
147192
147193
147194
147195
147196
147197
147198
147199
147200
147201
147202
147203
147204
147205
147206
147207
147208
147209
147210
147211
147212
147213
147214
147215
147216
147217
147218
147219
147220
147221
147222
147223
147224
147225
147226
147227
147228
147229
147230
147231
147232
147233
147234
147235
147236
147237
147238
147239
147240
147241
147242
147243
147244
147245
147246
147247
147248
147249
147250
147251
147252
147253
147254
147255
147256
147257
147258
147259
147260
147261
147262
147263
147264
147265
147266
147267
147268
147269
147270
147271
147272
147273
147274
147275
147276
147277
147278
147279
147280
147281
147282
147283
147284
147285
147286
147287
147288
147289
147290
147291
147292
147293
147294
147295
147296
147297
147298
147299
147300
147301
147302
147303
147304
147305
147306
147307
147308
147309
147310
147311
147312
147313
147314
147315
147316
147317
147318
147319
147320
147321
147322
147323
147324
147325
147326
147327
147328
147329
147330
147331
147332
147333
147334
147335
147336
147337
147338
147339
147340
147341
147342
147343
147344
147345
147346
147347
147348
147349
147350
147351
147352
147353
147354
147355
147356
147357
147358
147359
147360
147361
147362
147363
147364
147365
147366
147367
147368
147369
147370
147371
147372
147373
147374
147375
147376
147377
147378
147379
147380
147381
147382
147383
147384
147385
147386
147387
147388
147389
147390
147391
147392
147393
147394
147395
147396
147397
147398
147399
147400
147401
147402
147403
147404
147405
147406
147407
147408
147409
147410
147411
147412
147413
147414
147415
147416
147417
147418
147419
147420
147421
147422
147423
147424
147425
147426
147427
147428
147429
147430
147431
147432
147433
147434
147435
147436
147437
147438
147439
147440
147441
147442
147443
147444
147445
147446
147447
147448
147449
147450
147451
147452
147453
147454
147455
147456
147457
147458
147459
147460
147461
147462
147463
147464
147465
147466
147467
147468
147469
147470
147471
147472
147473
147474
147475
147476
147477
147478
147479
147480
147481
147482
147483
147484
147485
147486
147487
147488
147489
147490
147491
147492
147493
147494
147495
147496
147497
147498
147499
147500
147501
147502
147503
147504
147505
147506
147507
147508
147509
147510
147511
147512
147513
147514
147515
147516
147517
147518
147519
147520
147521
147522
147523
147524
147525
147526
147527
147528
147529
147530
147531
147532
147533
147534
147535
147536
147537
147538
147539
147540
147541
147542
147543
147544
147545
147546
147547
147548
147549
147550
147551
147552
147553
147554
147555
147556
147557
147558
147559
147560
147561
147562
147563
147564
147565
147566
147567
147568
147569
147570
147571
147572
147573
147574
147575
147576
147577
147578
147579
147580
147581
147582
147583
147584
147585
147586
147587
147588
147589
147590
147591
147592
147593
147594
147595
147596
147597
147598
147599
147600
147601
147602
147603
147604
147605
147606
147607
147608
147609
147610
147611
147612
147613
147614
147615
147616
147617
147618
147619
147620
147621
147622
147623
147624
147625
147626
147627
147628
147629
147630
147631
147632
147633
147634
147635
147636
147637
147638
147639
147640
147641
147642
147643
147644
147645
147646
147647
147648
147649
147650
147651
147652
147653
147654
147655
147656
147657
147658
147659
147660
147661
147662
147663
147664
147665
147666
147667
147668
147669
147670
147671
147672
147673
147674
147675
147676
147677
147678
147679
147680
147681
147682
147683
147684
147685
147686
147687
147688
147689
147690
147691
147692
147693
147694
147695
147696
147697
147698
147699
147700
147701
147702
147703
147704
147705
147706
147707
147708
147709
147710
147711
147712
147713
147714
147715
147716
147717
147718
147719
147720
147721
147722
147723
147724
147725
147726
147727
147728
147729
147730
147731
147732
147733
147734
147735
147736
147737
147738
147739
147740
147741
147742
147743
147744
147745
147746
147747
147748
147749
147750
147751
147752
147753
147754
147755
147756
147757
147758
147759
147760
147761
147762
147763
147764
147765
147766
147767
147768
147769
147770
147771
147772
147773
147774
147775
147776
147777
147778
147779
147780
147781
147782
147783
147784
147785
147786
147787
147788
147789
147790
147791
147792
147793
147794
147795
147796
147797
147798
147799
147800
147801
147802
147803
147804
147805
147806
147807
147808
147809
147810
147811
147812
147813
147814
147815
147816
147817
147818
147819
147820
147821
147822
147823
147824
147825
147826
147827
147828
147829
147830
147831
147832
147833
147834
147835
147836
147837
147838
147839
147840
147841
147842
147843
147844
147845
147846
147847
147848
147849
147850
147851
147852
147853
147854
147855
147856
147857
147858
147859
147860
147861
147862
147863
147864
147865
147866
147867
147868
147869
147870
147871
147872
147873
147874
147875
147876
147877
147878
147879
147880
147881
147882
147883
147884
147885
147886
147887
147888
147889
147890
147891
147892
147893
147894
147895
147896
147897
147898
147899
147900
147901
147902
147903
147904
147905
147906
147907
147908
147909
147910
147911
147912
147913
147914
147915
147916
147917
147918
147919
147920
147921
147922
147923
147924
147925
147926
147927
147928
147929
147930
147931
147932
147933
147934
147935
147936
147937
147938
147939
147940
147941
147942
147943
147944
147945
147946
147947
147948
147949
147950
147951
147952
147953
147954
147955
147956
147957
147958
147959
147960
147961
147962
147963
147964
147965
147966
147967
147968
147969
147970
147971
147972
147973
147974
147975
147976
147977
147978
147979
147980
147981
147982
147983
147984
147985
147986
147987
147988
147989
147990
147991
147992
147993
147994
147995
147996
147997
147998
147999
148000
148001
148002
148003
148004
148005
148006
148007
148008
148009
148010
148011
148012
148013
148014
148015
148016
148017
148018
148019
148020
148021
148022
148023
148024
148025
148026
148027
148028
148029
148030
148031
148032
148033
148034
148035
148036
148037
148038
148039
148040
148041
148042
148043
148044
148045
148046
148047
148048
148049
148050
148051
148052
148053
148054
148055
148056
148057
148058
148059
148060
148061
148062
148063
148064
148065
148066
148067
148068
148069
148070
148071
148072
148073
148074
148075
148076
148077
148078
148079
148080
148081
148082
148083
148084
148085
148086
148087
148088
148089
148090
148091
148092
148093
148094
148095
148096
148097
148098
148099
148100
148101
148102
148103
148104
148105
148106
148107
148108
148109
148110
148111
148112
148113
148114
148115
148116
148117
148118
148119
148120
148121
148122
148123
148124
148125
148126
148127
148128
148129
148130
148131
148132
148133
148134
148135
148136
148137
148138
148139
148140
148141
148142
148143
148144
148145
148146
148147
148148
148149
148150
148151
148152
148153
148154
148155
148156
148157
148158
148159
148160
148161
148162
148163
148164
148165
148166
148167
148168
148169
148170
148171
148172
148173
148174
148175
148176
148177
148178
148179
148180
148181
148182
148183
148184
148185
148186
148187
148188
148189
148190
148191
148192
148193
148194
148195
148196
148197
148198
148199
148200
148201
148202
148203
148204
148205
148206
148207
148208
148209
148210
148211
148212
148213
148214
148215
148216
148217
148218
148219
148220
148221
148222
148223
148224
148225
148226
148227
148228
148229
148230
148231
148232
148233
148234
148235
148236
148237
148238
148239
148240
148241
148242
148243
148244
148245
148246
148247
148248
148249
148250
148251
148252
148253
148254
148255
148256
148257
148258
148259
148260
148261
148262
148263
148264
148265
148266
148267
148268
148269
148270
148271
148272
148273
148274
148275
148276
148277
148278
148279
148280
148281
148282
148283
148284
148285
148286
148287
148288
148289
148290
148291
148292
148293
148294
148295
148296
148297
148298
148299
148300
148301
148302
148303
148304
148305
148306
148307
148308
148309
148310
148311
148312
148313
148314
148315
148316
148317
148318
148319
148320
148321
148322
148323
148324
148325
148326
148327
148328
148329
148330
148331
148332
148333
148334
148335
148336
148337
148338
148339
148340
148341
148342
148343
148344
148345
148346
148347
148348
148349
148350
148351
148352
148353
148354
148355
148356
148357
148358
148359
148360
148361
148362
148363
148364
148365
148366
148367
148368
148369
148370
148371
148372
148373
148374
148375
148376
148377
148378
148379
148380
148381
148382
148383
148384
148385
148386
148387
148388
148389
148390
148391
148392
148393
148394
148395
148396
148397
148398
148399
148400
148401
148402
148403
148404
148405
148406
148407
148408
148409
148410
148411
148412
148413
148414
148415
148416
148417
148418
148419
148420
148421
148422
148423
148424
148425
148426
148427
148428
148429
148430
148431
148432
148433
148434
148435
148436
148437
148438
148439
148440
148441
148442
148443
148444
148445
148446
148447
148448
148449
148450
148451
148452
148453
148454
148455
148456
148457
148458
148459
148460
148461
148462
148463
148464
148465
148466
148467
148468
148469
148470
148471
148472
148473
148474
148475
148476
148477
148478
148479
148480
148481
148482
148483
148484
148485
148486
148487
148488
148489
148490
148491
148492
148493
148494
148495
148496
148497
148498
148499
148500
148501
148502
148503
148504
148505
148506
148507
148508
148509
148510
148511
148512
148513
148514
148515
148516
148517
148518
148519
148520
148521
148522
148523
148524
148525
148526
148527
148528
148529
148530
148531
148532
148533
148534
148535
148536
148537
148538
148539
148540
148541
148542
148543
148544
148545
148546
148547
148548
148549
148550
148551
148552
148553
148554
148555
148556
148557
148558
148559
148560
148561
148562
148563
148564
148565
148566
148567
148568
148569
148570
148571
148572
148573
148574
148575
148576
148577
148578
148579
148580
148581
148582
148583
148584
148585
148586
148587
148588
148589
148590
148591
148592
148593
148594
148595
148596
148597
148598
148599
148600
148601
148602
148603
148604
148605
148606
148607
148608
148609
148610
148611
148612
148613
148614
148615
148616
148617
148618
148619
148620
148621
148622
148623
148624
148625
148626
148627
148628
148629
148630
148631
148632
148633
148634
148635
148636
148637
148638
148639
148640
148641
148642
148643
148644
148645
148646
148647
148648
148649
148650
148651
148652
148653
148654
148655
148656
148657
148658
148659
148660
148661
148662
148663
148664
148665
148666
148667
148668
148669
148670
148671
148672
148673
148674
148675
148676
148677
148678
148679
148680
148681
148682
148683
148684
148685
148686
148687
148688
148689
148690
148691
148692
148693
148694
148695
148696
148697
148698
148699
148700
148701
148702
148703
148704
148705
148706
148707
148708
148709
148710
148711
148712
148713
148714
148715
148716
148717
148718
148719
148720
148721
148722
148723
148724
148725
148726
148727
148728
148729
148730
148731
148732
148733
148734
148735
148736
148737
148738
148739
148740
148741
148742
148743
148744
148745
148746
148747
148748
148749
148750
148751
148752
148753
148754
148755
148756
148757
148758
148759
148760
148761
148762
148763
148764
148765
148766
148767
148768
148769
148770
148771
148772
148773
148774
148775
148776
148777
148778
148779
148780
148781
148782
148783
148784
148785
148786
148787
148788
148789
148790
148791
148792
148793
148794
148795
148796
148797
148798
148799
148800
148801
148802
148803
148804
148805
148806
148807
148808
148809
148810
148811
148812
148813
148814
148815
148816
148817
148818
148819
148820
148821
148822
148823
148824
148825
148826
148827
148828
148829
148830
148831
148832
148833
148834
148835
148836
148837
148838
148839
148840
148841
148842
148843
148844
148845
148846
148847
148848
148849
148850
148851
148852
148853
148854
148855
148856
148857
148858
148859
148860
148861
148862
148863
148864
148865
148866
148867
148868
148869
148870
148871
148872
148873
148874
148875
148876
148877
148878
148879
148880
148881
148882
148883
148884
148885
148886
148887
148888
148889
148890
148891
148892
148893
148894
148895
148896
148897
148898
148899
148900
148901
148902
148903
148904
148905
148906
148907
148908
148909
148910
148911
148912
148913
148914
148915
148916
148917
148918
148919
148920
148921
148922
148923
148924
148925
148926
148927
148928
148929
148930
148931
148932
148933
148934
148935
148936
148937
148938
148939
148940
148941
148942
148943
148944
148945
148946
148947
148948
148949
148950
148951
148952
148953
148954
148955
148956
148957
148958
148959
148960
148961
148962
148963
148964
148965
148966
148967
148968
148969
148970
148971
148972
148973
148974
148975
148976
148977
148978
148979
148980
148981
148982
148983
148984
148985
148986
148987
148988
148989
148990
148991
148992
148993
148994
148995
148996
148997
148998
148999
149000
149001
149002
149003
149004
149005
149006
149007
149008
149009
149010
149011
149012
149013
149014
149015
149016
149017
149018
149019
149020
149021
149022
149023
149024
149025
149026
149027
149028
149029
149030
149031
149032
149033
149034
149035
149036
149037
149038
149039
149040
149041
149042
149043
149044
149045
149046
149047
149048
149049
149050
149051
149052
149053
149054
149055
149056
149057
149058
149059
149060
149061
149062
149063
149064
149065
149066
149067
149068
149069
149070
149071
149072
149073
149074
149075
149076
149077
149078
149079
149080
149081
149082
149083
149084
149085
149086
149087
149088
149089
149090
149091
149092
149093
149094
149095
149096
149097
149098
149099
149100
149101
149102
149103
149104
149105
149106
149107
149108
149109
149110
149111
149112
149113
149114
149115
149116
149117
149118
149119
149120
149121
149122
149123
149124
149125
149126
149127
149128
149129
149130
149131
149132
149133
149134
149135
149136
149137
149138
149139
149140
149141
149142
149143
149144
149145
149146
149147
149148
149149
149150
149151
149152
149153
149154
149155
149156
149157
149158
149159
149160
149161
149162
149163
149164
149165
149166
149167
149168
149169
149170
149171
149172
149173
149174
149175
149176
149177
149178
149179
149180
149181
149182
149183
149184
149185
149186
149187
149188
149189
149190
149191
149192
149193
149194
149195
149196
149197
149198
149199
149200
149201
149202
149203
149204
149205
149206
149207
149208
149209
149210
149211
149212
149213
149214
149215
149216
149217
149218
149219
149220
149221
149222
149223
149224
149225
149226
149227
149228
149229
149230
149231
149232
149233
149234
149235
149236
149237
149238
149239
149240
149241
149242
149243
149244
149245
149246
149247
149248
149249
149250
149251
149252
149253
149254
149255
149256
149257
149258
149259
149260
149261
149262
149263
149264
149265
150279
150280
150281
150282
150283
150284
150285
150286
150287
150288
150289
150290
150291
150292
150293
150294
150295
150296
150297
150298
150299
150300
150301
150302
150303
150304
150305
150306
150307
150308
150309
150310
150311
150312
150313
150314
150315
150316
150317
150318
150319
150320
150321
150322
150323
150324
150325
150326
150327
150328
150329
150330
150331
150332
150333
150334
150335
150336
150337
150338
150339
150340
150341
150342
150343
150344
150345
150346
150347
150348
150349
150350
150351
150352
150353
150354
150355
150356
150357
150358
150359
150360
150361
150362
150363
150364
150365
150366
150367
150368
150369
150370
150371
150372
150373
150374
150375
150376
150377
150378
150379
150380
150381
150382
150383
150384
150385
150386
150387
150388
150389
150390
150391
150392
150393
150394
150395
150396
150397
150398
150399
150400
150401
150402
150403
150404
150405
150406
150407
150408
150409
150410
150411
150412
150413
150414
150415
150416
150417
150418
150419
150420
150421
150422
150423
150424
150425
150426
150427
150428
150429
150430
150431
150432
150433
150434
150435
150436
150437
150438
150439
150440
150441
150442
150443
150444
150445
150446
150447
150448
150449
150450
150451
150452
150453
150454
150455
150456
150457
150458
150459
150460
150461
150462
150463
150464
150465
150466
150467
150468
150469
150470
150471
150472
150473
150474
150475
150476
150477
150478
150479
150480
150481
150482
150483
150484
150485
150486
150487
150488
150489
150490
150491
150492
150493
150494
150495
150496
150497
150498
150499
150500
150501
150502
150503
150504
150505
150506
150507
150508
150509
150510
150511
150512
150513
150514
150515
150516
150517
150518
150519
150520
150521
150522
150523
150524
150525
150526
150527
150528
150529
150530
150531
150532
150533
150534
150535
150536
150537
150538
150539
150540
150541
150542
150543
150544
150545
150546
150547
150548
150549
150550
150551
150552
150553
150554
150555
150556
150557
150558
150559
150560
150561
150562
150563
150564
150565
150566
150567
150568
150569
150570
150571
150572
150573
150574
150575
150576
150577
150578
150579
150580
150581
150582
150583
150584
150585
150586
150587
150588
150589
150590
150591
150592
150593
150594
150595
150596
150597
150598
150599
150600
150601
150602
150603
150604
150605
150606
150607
150608
150609
150610
150611
150612
150613
150614
150615
150616
150617
150618
150619
150620
150621
150622
150623
150624
150625
150626
150627
150628
150629
150630
150631
150632
150633
150634
150635
150636
150637
150638
150639
150640
150641
150642
150643
150644
150645
150646
150647
150648
150649
150650
150651
150652
150653
150654
150655
150656
150657
150658
150659
150660
150661
150662
150663
150664
150665
150666
150667
150668
150669
150670
150671
150672
150673
150674
150675
150676
150677
150678
150679
150680
150681
150682
150683
150684
150685
150686
150687
150688
150689
150690
150691
150692
150693
150694
150695
150696
150697
150698
150699
150700
150701
150702
150703
150704
150705
150706
150707
150708
150709
150710
150711
150712
150713
150714
150715
150716
150717
150718
150719
150720
150721
150722
150723
150724
150725
150726
150727
150728
150729
150730
150731
150732
150733
150734
150735
150736
150737
150738
150739
150740
150741
150742
150743
150744
150745
150746
150747
150748
150749
150750
150751
150752
150753
150754
150755
150756
150757
150758
150759
150760
150761
150762
150763
150764
150765
150766
150767
150768
150769
150770
150771
150772
150773
150774
150775
150776
150777
150778
150779
150780
150781
150782
150783
150784
150785
150786
150787
150788
150789
150790
150791
150792
150793
150794
150795
150796
150797
150798
150799
150800
150801
150802
150803
150804
150805
150806
150807
150808
150809
150810
150811
150812
150813
150814
150815
150816
150817
150818
150819
150820
150821
150822
150823
150824
150825
150826
150827
150828
150829
150830
150831
150832
150833
150834
150835
150836
150837
150838
150839
150840
150841
150842
150843
150844
150845
150846
150847
150848
150849
150850
150851
150852
150853
150854
150855
150856
150857
150858
150859
150860
150861
150862
150863
150864
150865
150866
150867
150868
150869
150870
150871
150872
150873
150874
150875
150876
150877
150878
150879
150880
150881
150882
150883
150884
150885
150886
150887
150888
150889
150890
150891
150892
150893
150894
150895
150896
150897
150898
150899
150900
150901
150902
150903
150904
150905
150906
150907
150908
150909
150910
150911
150912
150913
150914
150915
150916
150917
150918
150919
150920
150921
150922
150923
150924
150925
150926
150927
150928
150929
150930
150931
150932
150933
150934
150935
150936
150937
150938
150939
150940
150941
150942
150943
150944
150945
150946
150947
150948
150949
150950
150951
150952
150953
150954
150955
150956
150957
150958
150959
150960
150961
150962
150963
150964
150965
150966
150967
150968
150969
150970
150971
150972
150973
150974
150975
150976
150977
150978
150979
150980
150981
150982
150983
150984
150985
150986
150987
150988
150989
150990
150991
150992
150993
150994
150995
150996
150997
150998
150999
151000
151001
151002
151003
151004
151005
151006
151007
151008
151009
151010
151011
151012
151013
151014
151015
151016
151017
151018
151019
151020
151021
151022
151023
151024
151025
151026
151027
151028
151029
151030
151031
151032
151033
151034
151035
151036
151037
151038
151039
151040
151041
151042
151043
151044
151045
151046
151047
151048
151049
151050
151051
151052
151053
151054
151055
151056
151057
151058
151059
151060
151061
151062
151063
151064
151065
151066
151067
151068
151069
151070
151071
151072
151073
151074
151075
151076
151077
151078
151079
151080
151081
151082
151083
151084
151085
151086
151087
151088
151089
151090
151091
151092
151093
151094
151095
151096
151097
151098
151099
151100
151101
151102
151103
151104
151105
151106
151107
151108
151109
151110
151111
151112
151113
151114
151115
151116
151117
151118
151119
151120
151121
151122
151123
151124
151125
151126
151127
151128
151129
151130
151131
151132
151133
151134
151135
151136
151137
151138
151139
151140
151141
151142
151143
151144
151145
151146
151147
151148
151149
151150
151151
151152
151153
151154
151155
151156
151157
151158
151159
151160
151161
151162
151163
151164
151165
151166
151167
151168
151169
151170
151171
151172
151173
151174
151175
151176
151177
151178
151179
151180
151181
151182
151183
151184
151185
151186
151187
151188
151189
151190
151191
151192
151193
151194
151195
151196
151197
151198
151199
151200
151201
151202
151203
151204
151205
151206
151207
151208
151209
151210
151211
151212
151213
151214
151215
151216
151217
151218
151219
151220
151221
151222
151223
151224
151225
151226
151227
151228
151229
151230
151231
151232
151233
151234
151235
151236
151237
151238
151239
151240
151241
151242
151243
151244
151245
151246
151247
151248
151249
151250
151251
151252
151253
151254
151255
151256
151257
151258
151259
151260
151261
151262
151263
151264
151265
151266
151267
151268
151269
151270
151271
151272
151273
151274
151275
151276
151277
151278
151279
151280
151281
151282
151283
151284
151285
151286
151287
151288
151289
151290
151291
151292
151293
151294
151295
151296
151297
151298
151299
151300
151301
151302
151303
151304
151305
151306
151307
151308
151309
151310
151311
151312
151313
151314
151315
151316
151317
151318
151319
151320
151321
151322
151323
151324
151325
151326
151327
151328
151329
151330
151331
151332
151333
151334
151335
151336
151337
151338
151339
151340
151341
151342
151343
151344
151345
151346
151347
151348
151349
151350
151351
151352
151353
151354
151355
151356
151357
151358
151359
151360
151361
151362
151363
151364
151365
151366
151367
151368
151369
151370
151371
151372
151373
151374
151375
151376
151377
151378
151379
151380
151381
151382
151383
151384
151385
151386
151387
151388
151389
151390
151391
151392
151393
151394
151395
151396
151397
151398
151399
151400
151401
151402
151403
151404
151405
151406
151407
151408
151409
151410
151411
151412
151413
151414
151415
151416
151417
151418
151419
151420
151421
151422
151423
151424
151425
151426
151427
151428
151429
151430
151431
151432
151433
151434
151435
151436
151437
151438
151439
151440
151441
151442
151443
151444
151445
151446
151447
151448
151449
151450
151451
151452
151453
151454
151455
151456
151457
151458
151459
151460
151461
151462
151463
151464
151465
151466
151467
151468
151469
151470
151471
151472
151473
151474
151475
151476
151477
151478
151479
151480
151481
151482
151483
151484
151485
151486
151487
151488
151489
151490
151491
151492
151493
151494
151495
151496
151497
151498
151499
151500
151501
151502
151503
151504
151505
151506
151507
151508
151509
151510
151511
151512
151513
151514
151515
151516
151517
151518
151519
151520
151521
151522
151523
151524
151525
151526
151527
151528
151529
151530
151531
151532
151533
151534
151535
151536
151537
151538
151539
151540
151541
151542
151543
151544
151545
151546
151547
151548
151549
151550
151551
151552
151553
151554
151555
151556
151557
151558
151559
151560
151561
151562
151563
151564
151565
151566
151567
151568
151569
151570
151571
151572
151573
151574
151575
151576
151577
151578
151579
151580
151581
151582
151583
151584
151585
151586
151587
151588
151589
151590
151591
151592
151593
151594
151595
152910
152911
152912
152914
152915
152916
152917
152918
152919
152920
152921
152923
152924
152926
152928
152969
152970
152971
152973
152974
152975
152976
152977
152978
152979
152981
152984
153128
153129
153130
153131
153132
153133
153134
153135
153136
153137
153138
153139
153140
153141
153142
153143
153144
153145
153146
153147
153148
153149
153151
153152
153153
153154
153155
153156
153157
153159
153161
153163
153204
153205
153206
153207
153208
153209
153210
153211
153212
153213
153214
153215
153216
153217
153218
153219
153220
153221
153222
153224
153225
153226
153227
153228
153229
153230
153231
153234
153236
153463
153465
153712
153714
153715
153717
153830
153832
153833
153835
153992
153993
153994
153995
153996
153997
153998
153999
154000
154001
154002
154003
154004
154005
154006
154007
154008
154010
154011
154012
154013
154014
154015
154016
154017
154018
154020
154022
154024
154025
154058
154059
154060
154062
154063
154064
154065
154066
154067
154071
170375
170377
170378
170380
171331
171332
171333
171334
171335
171336
171337
171338
171339
171340
171341
171342
171343
171344
171345
171346
171347
171348
171349
171350
171351
171352
171353
171354
171355
171356
171357
171358
171359
171360
171361
171362
171363
171364
171365
171366
171367
171368
171369
171370
171371
171372
171373
171374
171375
171376
171377
171378
171379
171380
171381
171382
171383
171384
171385
171386
171387
171388
171389
171390
171391
171392
171393
171394
171395
171396
171397
171398
171399
171400
171401
171402
171403
171404
171405
171406
171407
171408
171409
171410
171411
171412
171413
171414
171415
171416
171417
171418
171419
171420
171421
171422
171423
171424
171425
171426
171427
171428
171429
171430
171431
171432
171433
171434
171435
171436
171437
171438
171439
171440
171441
171442
171443
171444
171445
171446
171447
171448
171449
171450
171451
171452
171453
171454
171455
171456
171457
171458
171459
171460
171461
171462
171463
171464
171465
171466
171467
171468
171469
171470
171471
171472
171473
171474
171475
171476
171477
171478
171479
171480
171481
171482
171483
171484
171485
171486
171487
171488
171489
171490
171491
171492
171493
171494
171495
171496
171497
171498
171499
171500
171501
171502
171503
171504
171505
171506
171507
171508
171509
171510
171511
171512
171513
171514
171515
171516
171517
171518
171519
171520
171521
171522
171523
171524
171525
171526
171527
171528
171529
171530
171531
171532
171533
171534
171535
171536
171537
171538
171539
171540
171541
171542
171543
171544
171545
171546
171547
171548
171549
171550
171551
171552
171553
171554
171556
171557
171558
171562
171563
171564
171565
171572
171573
171574
171575
171576
171577
171578
171579
171580
171581
171582
171583
171584
171585
171586
171587
171588
171589
171590
171591
171592
171593
171594
171595
171596
171597
171598
171599
171600
171601
171602
171603
171604
171605
171606
171607
171608
171609
171610
171611
171612
171613
171614
171615
171616
171617
171618
171619
171620
171621
171622
171623
171624
171625
171626
171627
171628
171629
171630
171631
171632
171633
171634
171635
171636
171637
171638
171639
171640
171641
171642
171643
171644
171645
171646
171647
171648
171649
171650
171651
171652
171653
171654
171655
171657
171658
171659
171664
171665
171666
171667
171672
171673
171674
171675
171676
171677
171678
171679
171680
171681
171682
171683
171684
171685
171686
171687
171688
171689
171690
171691
171692
171693
171694
171695
171696
171697
171698
171699
171700
171701
171702
171703
171704
171705
171706
171707
171708
171709
171710
171711
171712
171713
171714
171715
171716
171717
171718
171719
171720
171721
171722
171723
171724
171725
171726
171727
171728
171729
171730
171731
171732
171733
171734
171735
171736
171737
171738
171739
171740
171741
171742
171743
171744
171745
171746
171747
171748
171749
171750
171751
171752
171753
171754
171755
171756
171757
171758
171759
171760
171761
171762
171763
171764
171765
171766
171767
171768
171769
171770
171771
171772
171773
171774
171775
171776
171777
171778
171779
171780
171781
171782
171783
171785
171786
171788
171789
171790
171791
171792
171793
171794
171796
171798
171799
171800
171801
171802
171804
171805
171806
171807
171808
171809
171810
171812
171814
178213
178214
178215
178216
178217
178218
178219
178220
178221
178222
178223
178224
178225
178226
178227
178228
178229
178230
178231
178232
178233
178234
178235
178236
178237
178238
178239
178240
178241
178242
178243
178244
178245
178246
178247
178248
178249
178250
178251
178252
178253
178254
178255
178256
178257
178258
178259
178260
178261
178262
178263
178264
178265
178266
178267
178268
178269
178270
178271
178272
178273
178274
178275
178276
178277
178278
178279
178280
178281
178282
178283
178284
178285
178286
178287
178288
178289
178290
178291
178292
178293
178294
178295
178296
178297
178298
178299
178300
178301
178302
178303
178304
178305
178306
178307
178308
178309
178310
178311
178312
178313
178314
178315
178316
178317
178318
178319
178320
178321
178322
178323
178324
178325
178326
178327
178328
178329
178330
178331
178332
178333
178334
178335
178336
178337
178338
178339
178340
178341
178342
178343
178344
178345
178346
178347
178348
178349
178350
178351
178352
178353
178354
178355
178356
178357
178358
178359
178360
178361
178362
178363
178364
178365
178366
178367
178368
178369
178370
178371
178372
178373
178374
178375
178376
178377
178378
178379
178380
178381
178382
178383
178384
178385
178386
178387
178388
178389
178390
178391
178392
178393
178394
178395
178396
178397
178398
178399
178400
178401
178402
178403
178404
178405
178406
178407
178408
178409
178410
178411
178412
178413
178414
178415
178416
178417
178418
178419
178420
178421
178422
178423
178424
178425
178426
178427
178428
178429
178430
178431
178432
178433
178434
178435
178436
178437
178438
178439
178440
178441
178442
178443
178444
178445
178446
178447
178448
178449
178450
178451
178452
178453
178454
178455
178456
178457
178458
178459
178460
178461
178462
178463
178464
178465
178466
178467
178468
178469
178470
178471
178472
178473
178474
178475
178476
178477
178478
178479
178480
178481
178482
178483
178484
178485
178486
178487
178488
178489
178490
178491
179742
179743
179744
179745
179746
179747
179748
179749
179750
179751
179752
179753
179754
179755
179756
179757
179758
179759
179760
179761
179762
179763
179764
179765
179766
179767
179768
179769
179770
179771
179772
179773
179774
179775
179776
179777
179778
179779
179780
179781
179782
179783
179784
179785
179786
179787
179788
179789
179790
179791
179792
179793
179794
179795
179796
179797
179798
179799
179800
179801
179802
179803
179804
179805
179806
179807
179808
179809
179810
179811
179812
179813
179814
179815
179816
179817
179818
179819
179820
179821
179822
179823
179824
179825
179826
179827
179828
179829
179830
179831
179832
179833
179834
179835
179836
179837
179838
179839
179840
179841
179842
179843
179844
179845
179846
179847
179848
179849
179850
179851
179852
179853
179854
179855
180262
180263
180264
180265
180266
180267
180268
180269
180270
180271
180272
180273
180274
180275
180276
180277
180278
180279
180280
180281
180282
180283
180284
180285
180286
180287
180288
180289
180290
180291
180292
180293
180294
180295
180296
180297
180298
180299
180300
180301
180302
180303
180304
180305
180306
180307
180308
180309
180310
180311
180312
180313
180314
180315
180316
180317
180318
180319
180320
180321
180322
180323
180324
180325
180326
180327
180328
180329
180330
180331
180332
180333
180334
180335
180336
180337
180338
180339
180340
180341
180342
180343
180344
180345
180346
180347
180348
180349
180350
180351
180352
180353
180354
180355
180356
180357
180358
180359
180360
180361
180362
180363
180364
180365
180366
180367
180368
180369
180370
180371
180372
180373
180374
180375
180376
180377
180378
180379
180380
180381
180382
180383
180384
180385
180386
180387
180388
180389
180390
180391
180392
180393
180394
180395
180396
180397
180398
180399
180400
180401
180402
180403
180404
180405
180406
180407
180408
180409
180410
180411
180412
180413
180414
180415
180416
180417
180418
180419
180420
180421
180422
180423
180424
180425
180426
180427
180428
180429
180430
180431
180432
180433
180434
180435
180436
180437
180438
180439
180440
180441
180442
180443
180444
180445
180446
180447
180448
180449
180450
180451
180452
180453
180454
180455
180456
180457
180458
180459
180460
180461
180462
180463
180464
180465
180466
180467
180468
180469
180470
180471
180472
180473
180474
180475
180476
180477
180478
180479
180480
180481
180482
180483
180484
180485
180486
180487
180488
180489
180490
180491
180492
180493
180494
180495
180496
180497
180498
180499
180500
180501
180502
180503
180504
180505
180506
180507
180508
180509
180510
180511
180512
180513
180514
180515
180516
180517
180518
180519
180520
180521
180522
180523
180524
180525
180526
180527
180528
180529
180530
180531
180532
180533
180534
180535
180536
180537
180538
180539
180540
180541
180542
180543
180544
180545
180546
180547
180548
180549
180550
180551
180552
180553
180554
180555
180556
180557
180558
180559
180560
180561
180562
180563
180564
180565
180566
180567
180568
180569
180570
180880
180881
180883
180884
180885
180886
180887
180889
180890
180892
180893
180894
180895
180896
180897
180899
180900
180901
180902
180903
180904
180905
180906
180908
180909
180910
180911
180912
180913
180914
180915
180917
180918
180919
180920
180921
180922
180924
180925
180926
180927
180929
180930
180931
180932
180934
180935
180936
180937
180938
180939
180940
180941
180943
180944
180945
180946
180947
180948
180950
180951
180952
180953
180955
180956
180957
180958
180960
180961
180962
180963
180964
180965
180966
180967
180969
180970
180971
180972
180973
180974
180976
180977
180978
180979
180981
180982
180983
180984
180986
180987
180988
180989
180990
180991
180992
180993
180995
180996
180997
180998
180999
181000
181002
181003
181004
181005
181007
181008
181009
181010
181012
181013
181014
181015
181016
181017
181018
181019
181021
181022
181023
181024
181025
181026
181028
181029
181030
181031
181033
181034
181035
181036
181038
181039
181040
181041
181042
181043
181044
181045
181047
181048
181049
181050
181051
181052
181054
181055
181056
181057
181059
181060
181061
181062
181064
181065
181066
181067
181068
181069
181070
181071
181073
181074
181075
181076
181077
181078
181080
181081
181082
181083
181085
181086
181087
181088
181089
181090
181091
181092
181093
181095
181096
181097
181099
181100
181101
181102
181103
181104
181106
181107
181108
181109
181111
181112
181113
181114
181115
181116
181117
181119
181120
181121
181123
181124
181125
181126
181128
181129
181130
181131
181132
181133
181134
181136
181137
181139
181141
181142
181143
181144
181145
181146
181147
181149
181150
181152
181153
181154
181156
181157
181158
181159
181160
181161
181162
181164
181165
181166
181167
181168
181169
181170
181171
181172
181174
181175
181176
181177
181178
181180
181181
181182
181183
181184
181186
181187
181188
181189
181191
181192
181193
181194
181196
181197
181198
181199
181200
181201
181202
181203
181205
181206
181207
181208
181209
181210
181212
181213
181214
181215
181217
181218
181219
181220
181222
181223
181224
181225
181226
181227
181228
181229
181231
181232
181233
181234
181235
181236
181238
181239
181240
181241
181243
181244
181245
181246
181248
181249
181250
181251
181252
181253
181254
181255
181257
181258
181259
181260
181261
181262
181264
181265
181266
181267
184445
184446
184447
184448
184449
184450
184451
184452
184453
184454
184455
184456
184457
184458
184459
184460
184461
184462
184463
184464
184465
185676
185677
185678
185679
185680
185681
185682
185683
185684
185685
185686
185687
185688
185689
185690
185691
185692
185693
185694
185695
185696
185697
185698
185699
185700
185701
185702
185703
185704
185705
185706
185707
185708
185709
185710
185711
185712
185713
185714
185715
185716
185717
185718
185719
185720
185721
185722
185723
185724
185725
185726
185727
185728
185729
185730
185731
185732
185733
185734
185735
185736
185737
185738
185739
185740
185741
185742
185743
185744
185745
185746
185747
185748
185749
185750
185751
185752
185753
185754
185755
185756
185757
185758
185759
185760
185761
185762
185763
185764
185765
185766
185767
185768
185769
185770
185771
185772
185773
185774
185775
185776
185777
185778
185779
185780
185781
185782
185783
185784
185785
185786
185787
185788
185789
185790
185791
185792
185793
185794
185795
185796
185797
185798
185799
185800
185801
185802
185803
185804
185805
185806
185807
185808
185809
185810
185811
185812
185813
185814
185815
185816
185817
185818
185819
185820
185821
185822
185823
185824
185825
185826
185827
185828
185829
185830
185831
185832
185833
185834
185835
185836
185837
185838
185839
185840
185841
185842
185843
185844
185845
185846
185847
185848
185849
185850
185851
185852
185853
185854
185855
185856
185857
185858
185859
185860
185861
185862
185863
185864
185865
185866
185867
185868
185869
185870
185871
185872
185873
185874
185875
185876
185877
185878
185879
185880
185881
185882
185883
185884
185885
185886
185887
185888
185889
185890
185891
185892
185893
185894
185895
185896
185897
185898
185899
185900
185901
185902
185903
185904
185905
185906
185907
185908
185909
185910
185911
185912
185913
185914
185915
185916
185917
185918
185919
185920
185921
185922
185923
185924
185925
185926
185927
185928
185929
185930
185931
185932
185933
185934
185935
185936
185937
185938
185939
185940
185941
185942
185943
185944
185945
185946
185947
185948
185949
185950
185951
185952
185953
185954
185955
185956
185957
185958
185959
185960
185961
185962
185963
185964
185965
185966
185967
185968
185969
185970
185971
185972
185973
185974
185975
185976
185977
185978
185979
185980
185981
185982
185983
185984
185985
185986
185987
185988
185989
185990
185991
185992
185993
185994
185995
185996
185997
185998
185999
186000
186001
186002
186003
186004
186005
186006
186007
186008
186009
186010
186011
186012
186013
186014
186015
186016
186017
186018
186019
186020
186021
186022
186023
186024
186025
186026
186027
186028
186029
186030
186031
186032
186033
186034
186035
186036
186037
186038
186039
186040
186041
186042
186043
186044
186045
186046
186047
186048
186049
186050
186051
186052
186053
186054
186055
186056
186057
186058
186059
186060
186061
186062
186063
186064
186065
186066
186067
186068
186069
186070
186071
186072
186073
186074
186075
186076
186077
186078
186079
186080
186081
186082
186083
186084
186085
186086
186087
186088
186089
186090
186091
186092
186093
186094
186095
186096
186097
186098
186099
186100
186101
186102
186103
186104
186105
186106
186107
186108
186109
186110
186111
186112
186113
186114
186115
186116
186117
186118
186119
186120
186121
186122
186123
186124
186125
186126
186127
186128
186129
186130
186131
186132
186133
186134
186135
186136
186137
186138
186139
186140
186141
186142
186143
186144
186145
186146
186147
186148
186149
186150
186151
186152
186153
186154
186155
186156
186157
186158
186159
186160
186161
186162
186163
186164
186165
186166
186167
186168
186169
186170
186171
186172
186173
186174
186175
186176
186177
186178
186179
186180
186181
186182
186183
186184
186185
186186
186187
186188
186189
186190
186191
186192
186193
186194
186195
186196
186197
186198
186199
186200
186201
186202
186203
186204
186205
186206
186207
186208
186209
186210
186211
186212
186213
186214
186215
186216
186217
186218
186219
186220
186221
186222
186223
186224
186225
186226
186227
186228
186229
186230
186231
186232
186233
186234
186235
186236
186237
186238
186239
186240
186241
186242
186243
186244
186245
186246
186247
186248
186249
186250
186251
186252
186253
186254
186255
186256
186257
186258
186259
186260
186261
186262
186263
186264
186265
186266
186267
186268
186269
186270
186271
186272
186273
186274
186275
186276
186277
186278
186279
186280
186281
186282
186283
186284
186285
186286
186287
186288
186289
186290
186291
186292
186293
186294
186295
186296
186297
186298
186299
186300
186301
186302
186303
186304
186305
186306
186307
186308
186309
186310
186311
186312
186313
186314
186315
186316
186317
186318
186319
186320
186321
186322
186323
186324
186325
186326
186327
186328
186329
186330
186331
186332
186333
186334
186335
186336
186337
186338
186339
186340
186341
186342
186343
186344
186345
186346
186347
186348
186349
186350
186351
186352
186353
186354
186355
186356
186357
186358
186359
186360
186361
186362
186363
186364
186365
186366
186367
186368
186369
186370
186371
186372
186373
186374
186375
186376
186377
186378
186379
186380
186381
186382
186383
186384
186385
186386
186387
186388
186389
186390
186391
186392
186393
186394
186395
186396
186397
186398
186399
186400
186401
186402
186403
186404
186405
186406
186407
186408
186409
186410
186411
186412
186413
186414
186415
186416
186417
186418
186419
186420
186421
186422
186423
186424
186425
186426
186427
186428
186429
186430
186431
186432
186433
186434
186435
186436
186437
186438
186439
186440
186441
186442
186443
186444
186445
186446
186447
186448
186449
186450
186451
186452
186453
186454
186455
186456
186457
186458
186459
186460
186461
186462
186463
186464
186465
186466
186467
186468
186469
186470
186471
186472
186473
186474
186475
186476
186477
186478
186479
186480
186481
186482
186483
186484
186485
186486
186487
186488
186489
186490
186491
186492
186493
186494
186495
186496
186497
186498
186499
186500
186501
186502
186503
186504
186505
186506
186507
186508
186509
186510
186511
186512
186513
186514
186515
186516
186517
186518
186519
186520
186521
186522
186523
186524
186525
186526
186527
186528
186529
186530
186531
186532
186533
186534
186535
186536
186537
186538
186539
186540
186541
186542
186543
186544
186545
186546
186547
186548
186549
186550
186551
186552
186553
186554
186555
186556
186557
186558
186559
186560
186561
186562
186563
186564
186565
186566
186567
186568
186569
186570
186571
186572
186573
186574
186575
186576
186577
186578
186579
186580
186581
186582
186583
186584
186585
186586
186587
186588
186589
186590
186591
186592
186593
186594
186595
186596
186597
186598
186601
186602
186604
186605
186606
186612
186613
186614
186615
186616
186617
186618
186619
186620
186621
186622
186623
186624
186625
186626
186627
186628
186629
186630
186631
186632
186633
186634
186635
186637
186638
186639
186645
186646
186647
186648
186649
186654
186655
186656
186659
186660
188004
188005
188006
188007
188008
188009
188010
188011
188012
188013
188014
188015
188016
188017
188018
188019
188020
188021
188022
188023
188024
188025
188026
188027
188028
188029
188030
188031
188032
188033
188034
188035
188036
188037
188038
188039
188040
188041
188042
188043
188044
188045
188046
188047
188048
188049
188050
188051
188052
188053
188054
188055
188056
188057
188058
188059
188060
188061
188062
188063
188064
188065
188066
188067
188068
188069
188070
188071
188072
188073
188074
188075
188076
188077
188078
188079
188080
188081
188082
188083
188084
188085
188086
188087
188088
188089
188090
188091
188092
188093
188094
188095
188096
188097
188098
188099
188100
188101
188102
188103
188104
188105
188106
188107
188108
188109
188110
188111
188112
188113
188114
188115
188116
188117
188118
188119
188120
188121
188122
188123
188124
188125
188126
188127
188128
188129
188130
188131
188132
188133
188134
188135
188136
188137
188138
188139
188140
188141
188142
188143
188144
188145
188146
188147
188148
188149
188150
188151
188152
188153
188154
188155
188156
188157
188158
188159
188160
188161
188162
188163
188164
188165
188166
188167
188168
188169
188170
188171
188172
188173
188174
188175
188176
188177
188178
188179
188180
188181
188182
188183
188184
188185
188186
188187
188188
188189
188190
188191
188192
188193
188194
188195
188196
188197
188198
188199
188200
188201
188202
188203
188204
188205
188206
188207
188208
188209
188210
188211
188212
188213
188214
188215
188216
188217
188218
188219
188220
188221
188222
188223
188224
188225
188226
188227
188228
188229
188230
188231
188232
188233
188234
188235
188236
188237
188238
188239
188240
188241
188242
188243
188244
188245
188246
188247
188248
188249
188250
188251
188252
188253
188254
188255
188256
188257
188258
188259
188260
188261
188262
188263
188264
188265
188266
188267
188268
188269
188270
188271
188272
188273
188274
188275
188276
188277
188278
188279
188280
188281
188282
188283
188284
188285
188286
188287
188288
188289
188290
188291
188292
188293
188294
188295
188296
188297
188298
188299
188300
188301
188302
188303
188304
188305
188306
188307
188308
188309
188310
188311
188312
188313
188314
188315
188316
188317
188318
188319
188320
188321
188322
188323
188324
188325
188326
188327
188328
188329
188330
188331
188332
188333
188334
188335
188336
188337
188338
188339
188340
188341
188342
188343
188344
188345
188346
188347
188348
188349
188350
188351
188352
188353
188354
188355
188356
188357
188358
188359
188360
188361
188362
188363
188364
188365
188366
188367
188368
188369
188370
188371
188372
188373
188374
188375
188376
188377
188378
188379
188380
188381
188382
188383
188384
188385
188386
188387
188388
188389
188390
188391
188392
188393
188394
188395
188396
188397
188398
188399
188400
188401
188402
188403
188404
188405
188406
188407
188408
188409
188410
188411
188412
188413
188414
188415
188416
188417
188418
188419
188420
188421
188422
188423
188424
188425
188426
188427
188428
188429
188430
188431
188432
188433
188434
188435
188436
188437
188438
188439
188440
188441
188442
188443
188444
188445
188446
188447
188448
188449
188450
188451
188452
188453
188454
188455
188456
188457
188458
188459
188460
188461
188462
188463
188464
188465
188466
188467
188468
188469
188470
188471
188472
188473
188474
188475
188476
188477
188478
188479
188480
188481
188482
188483
188484
188485
188486
188487
188488
188489
188490
188491
188492
188493
188494
188495
188496
188497
188498
188499
188500
188501
188502
188503
188504
188505
188506
188507
188508
188509
188510
188511
188512
188513
188514
188515
188516
188517
188518
188519
188520
188521
188522
188523
188524
188525
188526
188527
188528
188529
188530
188531
188532
188533
188534
188535
188536
188537
188538
188539
188540
188541
188542
188543
188544
188545
188546
188547
188548
188549
188550
188551
188552
188553
188554
188555
188556
188557
188558
188559
188560
188561
188562
188563
188564
188565
188566
188567
188568
188569
188570
188571
188572
188573
188574
188575
188576
188577
188578
188579
188580
188581
188582
188583
188584
188585
188586
188587
188588
188589
188590
188591
188592
188593
188594
188595
188596
188597
188598
188599
188600
188601
188602
188603
188604
188605
188606
188607
188608
188609
188610
188611
188612
188613
188614
188615
188616
188617
188618
188619
188620
188621
188622
188623
188624
188625
188626
188627
188628
188629
188630
188631
188632
188633
188634
188635
188636
188637
188638
188639
188640
188641
188642
188643
188644
188645
188646
188647
188648
188649
188650
188651
188652
188653
188654
188655
188656
188657
188658
188659
188660
188661
188662
188663
188664
188665
188666
188667
188668
188669
188670
188671
188672
188673
188674
188675
188676
188677
188678
188679
188680
188681
188682
188683
188684
188685
188686
188687
188688
188689
188690
188691
188692
188693
188694
188695
188696
188697
188698
188699
188700
188701
188702
188703
188704
188705
188706
188707
188708
188709
188710
188711
188712
188713
188714
188715
188716
188717
188718
188719
188720
188721
188722
188723
188724
188725
188726
188727
188728
188729
188730
188731
188732
188733
188734
188735
188736
188737
188738
188739
188740
188741
188742
188743
188744
188745
188746
188747
188748
188749
188750
188751
188752
188753
188754
188755
188756
188757
188758
188759
188760
188761
188762
188763
188764
188765
188766
188767
188768
188769
188770
188771
188772
188773
188774
188775
188776
188777
188778
188779
188780
188781
188782
188783
188784
188785
188786
188787
188788
188789
188790
188791
188792
188793
188794
188795
188796
188797
188798
188799
188800
188801
188802
188803
188804
188805
188806
188807
188808
188809
188810
188811
188812
188813
188814
188815
188816
188817
188818
188819
188820
188821
188822
188823
188824
188825
188826
188827
188828
188829
188830
188831
188832
188833
188834
188835
188836
188837
188838
188839
188840
188841
188842
188843
188844
188845
188846
188847
188848
188849
188850
188851
188852
188853
188854
188855
188856
188857
188858
188859
188860
188861
188862
188863
188864
188865
188866
188867
188868
188869
188870
188871
188872
188873
188874
188875
188876
188877
188878
188879
188880
188881
188882
188883
188884
188885
188886
188887
188888
188889
188890
188891
188892
188893
188894
188895
188896
188897
188898
188899
188900
188901
188902
188903
188904
188905
188906
188907
188908
188909
188910
188911
188912
188913
188914
188915
188916
188917
188918
188919
188920
188921
188922
188923
188924
188925
188926
188927
188928
188929
188930
188931
188932
188933
188934
188935
188936
188937
188938
188939
188940
188941
188942
188944
188945
188946
188947
188948
188949
188950
188951
188959
188960
188961
188962
188963
188964
188965
188966
188967
188968
188969
188970
188971
188972
188973
188974
188975
188976
188977
188978
188979
188980
188981
188982
188983
188985
188986
188987
188993
188994
188995
188996
188997
189002
189003
189004
189007
189008
189789
189790
189791
189792
189794
189795
189796
189797
189798
189799
189801
189802
189803
189805
189807
189808
189855
189856
189857
189858
189860
189861
189862
189863
189864
189865
189867
189868
189869
189871
189873
189874
189921
189922
189923
189924
189926
189927
189928
189929
189930
189931
189933
189934
189935
189937
189939
189940
189987
189988
189989
189990
189992
189993
189994
189995
189996
189997
189999
190000
190001
190003
190005
190006
190053
190054
190055
190056
190058
190059
190060
190061
190062
190063
190065
190066
190067
190069
190071
190072
190119
190120
190121
190122
190124
190125
190126
190127
190128
190129
190131
190132
190133
190135
190137
190138
190185
190186
190187
190188
190190
190191
190192
190193
190194
190195
190197
190198
190199
190201
190203
190204
190251
190252
190253
190254
190256
190257
190258
190259
190260
190261
190263
190264
190265
190267
190269
190270
190317
190318
190319
190320
190321
190322
190324
190325
190326
190327
190328
190330
190331
190333
190335
190336
190383
190384
190385
190386
190387
190389
190390
190392
190393
190394
190396
190397
190398
190399
190401
190402
190403
190451
190452
190453
190454
190455
190456
190457
190467
190469
190470
190471
190472
190473
190474
190475
190478
190479
190480
190481
190482
190483
190484
190485
190486
190487
190488
190489
190490
190491
190492
190493
190494
190495
190496
190497
190498
190499
190545
190547
190549
190550
190660
190663
190709
190710
190712
190713
190715
190716
190734
190735
190736
190737
190738
190740
190741
190742
190744
190745
190746
190747
190749
190750
190752
190799
190800
190801
190802
190803
190804
190805
190806
190807
190808
190809
190810
190811
190812
190813
190814
190815
190816
190817
190818
190820
190821
190822
190823
190824
190825
190826
190836
190838
190839
190840
190841
190842
190843
190844
190847
190848
190849
190850
190851
190852
190853
190854
190856
190857
190859
190860
190861
190863
190865
190866
190913
190914
190915
190916
190918
190919
190920
190921
190922
190923
190925
190926
190927
190929
190931
190932
190979
190980
190981
190982
190984
190985
190986
190987
190988
190989
190991
190992
190993
190995
190997
190998
191046
191047
191048
191050
191051
191052
191053
191061
191063
191064
198479
198480
198481
198482
198483
198484
198485
198486
198487
198488
198489
198490
198491
198492
198493
198494
198495
198496
198497
198498
198502
198503
198504
198505
198506
198507
198509
198510
198511
198519
198520
198521
198522
198523
198524
198525
198526
198527
198528
198529
198530
198531
198532
198533
198534
198535
198536
198537
198538
198539
198540
198541
198542
198543
198544
198546
198547
198548
198549
198559
198560
198561
198562
198563
198566
198567
198568
198569
198570
200008
200009
200010
200011
200012
200013
200014
200015
200016
200017
200018
200019
200020
200021
200022
200023
200024
200025
200026
200027
200028
200029
200030
200031
200032
200033
200034
200035
200036
200037
200038
200039
200040
200041
200042
200043
200044
200045
200046
200047
200048
200049
200050
200051
200052
200053
200054
200055
200056
200057
200058
200059
200060
200061
200062
200063
200064
200065
200066
200067
200068
200069
200070
200071
200072
200073
200074
200075
200076
200077
200078
200079
200080
200081
200082
200083
200084
200085
200086
200087
200088
200089
200090
200091
200092
200093
200094
200095
200096
200097
200098
200099
200100
200101
200102
200103
200104
200105
200106
200107
200108
200109
200110
200111
200112
200113
200114
200115
200116
200117
200118
200119
200120
200121
200122
200123
200124
200125
200126
200127
200128
200129
200130
200131
200132
200133
200134
200135
200136
200137
200138
200139
200140
200141
200142
200143
200144
200145
200146
200147
200148
200149
200150
200151
200152
200153
200154
200155
200156
200157
200158
200159
200160
200161
200162
200163
200164
200165
200166
200167
200168
200169
200170
200171
200172
200173
200174
200175
200176
200177
200178
200179
200180
200181
200182
200183
200184
200185
200186
200187
200188
200189
200190
200191
200192
200193
200194
200195
200196
200197
200198
200199
200200
200201
200202
200203
200204
200205
200206
200207
200208
200209
200210
200211
200212
200213
200214
200215
200216
200217
200218
200219
200220
200221
200222
200223
200224
200225
200226
200227
200228
200229
200230
200231
200232
200233
200234
200235
200236
200237
200238
200239
200240
200241
200242
200243
200244
200245
200246
200247
200248
200249
200250
200251
200252
200253
200254
200255
200256
200257
200258
200259
200260
200261
200262
200263
200264
200265
200266
200267
200268
200269
200270
200271
200272
200273
200274
200275
200276
200277
200278
200279
200280
200281
200282
200283
200284
200285
200286
200287
200288
200289
200290
200291
200292
200293
200294
200295
200296
200297
200298
200299
200300
200301
200302
200303
200304
200305
200306
200307
200308
200309
200310
200311
200312
200313
200314
200315
200316
200317
200318
200319
200320
200321
200322
200323
200324
200325
200326
200327
200328
200329
200330
200331
200332
200333
200334
200335
200336
200337
200338
200339
200340
200341
200342
200343
200344
200345
200346
200347
200348
200349
200350
200351
200352
200353
200354
200355
200356
200357
200358
200359
200360
200361
200362
200363
200364
200365
200366
200367
200368
200369
200370
200371
200372
200373
200374
200375
200376
200377
200378
200379
200380
200381
200382
200383
200384
200385
200386
200387
200388
200389
200390
200391
200392
200393
200394
200395
200396
200397
200398
200399
200400
200401
200402
200403
200404
200405
200406
200407
200408
200409
200410
200411
200412
200413
200414
200415
200416
200417
200418
200419
200420
200421
200422
200423
200424
200425
200426
200427
200428
200429
200430
200431
200432
200433
200434
200435
200436
200437
200438
200439
200440
200441
200442
200443
200444
200445
200446
200447
200448
200449
200450
200451
200452
200453
200454
200455
200456
200457
200458
200459
200460
200461
200462
200463
200464
200465
200466
200467
200468
200469
200470
200471
200472
200473
200474
200475
200476
200477
200478
200479
200480
200481
200482
200483
200484
200485
200486
200487
200488
200489
200490
200491
200492
200493
200494
200495
200496
200497
200498
200499
200500
200501
200502
200503
200504
200505
200506
200507
200508
200509
200510
200511
200512
200513
200514
200515
200516
200517
200518
200519
200520
200521
200522
200523
200524
200525
200526
200527
200528
200529
200530
200531
200532
200533
200534
200535
200536
200537
200538
200539
200540
200541
200542
200543
200544
200545
200546
200547
200548
200549
200550
200551
200552
200553
200554
200555
200556
200557
200558
200559
200560
200561
200562
200563
200564
200565
200566
200567
200568
200569
200570
200571
200572
200573
200574
200575
200576
200577
200578
200579
200580
200581
200582
200583
200584
200585
200586
200587
200588
200589
200590
200591
200592
200593
200594
200595
200596
200597
200598
200599
200600
200601
200602
200603
200604
200605
200606
200607
200608
200609
200610
200611
200612
200613
200614
200615
200616
200617
200618
200619
200620
200621
200622
200623
200624
200625
200626
200627
200628
200629
200630
200631
200632
200633
200634
200635
200636
200637
200638
200639
200640
200641
200642
200643
200644
200645
200646
200647
200648
200649
200650
200651
200652
200653
200654
200655
200656
200657
200658
200659
200660
200661
200662
200663
200664
200665
200666
200667
200668
200669
200670
200671
200672
200673
200674
200675
200676
200677
200678
200679
200680
200681
200682
200683
200684
200685
200686
200687
200688
200689
200690
200691
200692
200693
200694
200695
200696
200697
200698
200699
200700
200701
200702
200703
200704
200705
200706
200707
200708
200709
200710
200711
200712
200713
200714
200715
200716
200717
200718
200719
200720
200721
200722
200723
200724
200725
200726
200727
200728
200729
200730
200731
200732
200733
200734
200735
200736
200737
200738
200739
200740
200741
200742
200743
200744
200745
200746
200747
200748
200749
200750
200751
200752
200753
200754
200755
200756
200757
200758
200759
200760
200761
200762
200763
200764
200765
200766
200767
200768
200769
200770
200771
200772
200773
200774
200775
200776
200777
200778
200779
200780
200781
200782
200783
200784
200785
200786
200787
200788
200789
200790
200791
200792
200793
200794
200795
200796
200797
200798
200799
200800
200801
200802
200803
200804
200805
200806
200807
200808
200809
200810
200811
200812
200813
200814
200815
200816
200817
200818
200819
200820
200821
200822
200823
200824
200825
200826
200827
200828
200829
200830
200831
200832
200833
200834
200835
200836
200837
200838
200839
200840
200841
200842
200843
200844
200845
200846
200847
200848
200849
200850
200851
200852
200853
200854
200855
200856
200857
200858
200859
200860
200861
200862
200863
200864
200865
200866
200867
200868
200869
200870
200871
200872
200873
200874
200875
200876
200877
200878
200879
200880
200881
200882
200883
200884
200885
200886
200887
200888
200889
200890
200891
200892
200893
200894
200895
200896
200897
200898
200899
200900
200901
200902
200903
200904
200905
200906
200907
200908
200909
200910
200911
200912
200913
200914
200915
200916
200917
200918
200919
200920
200921
200922
200923
200924
200925
200926
200927
200928
200929
200930
200931
200932
200933
200934
200935
200936
200937
200938
200940
200941
200942
200946
200947
200948
200949
200955
200958
200959
200960
200961
200962
200963
200964
200965
200966
200967
200968
200969
200970
200971
200972
200973
200974
200975
200976
200977
200978
200979
200980
200981
200982
200983
200985
200986
200987
200988
200998
200999
201000
201001
201002
201005
201006
201007
201008
201009
202090
202091
202092
202093
202095
202096
202098
202099
202101
202102
202103
202104
202105
202107
202108
202109
202110
202111
202112
202113
202115
202116
202117
202118
202119
202120
202121
202122
202123
202124
202126
202127
202128
202130
202132
202176
202177
202178
202179
202181
202182
202183
202184
202185
202186
202187
202188
202190
202191
202193
202194
202196
202197
202198
202199
202201
202202
202203
202204
202205
202206
202207
202208
202209
202210
202212
202213
202214
202216
202218
202262
202263
202264
202265
202267
202268
202269
202270
202271
202272
202273
202274
202276
202277
202279
202280
202282
202283
202284
202285
202287
202288
202289
202290
202291
202292
202293
202294
202295
202296
202298
202299
202300
202302
202304
202348
202349
202350
202351
202353
202354
202355
202356
202357
202358
202359
202360
202362
202363
202365
202366
202368
202369
202370
202371
202373
202374
202375
202376
202377
202378
202379
202380
202381
202382
202384
202385
202386
202388
202390
202440
202441
202442
202443
202445
202446
202447
202448
202449
202450
202451
202452
202454
202455
202457
202458
202460
202461
202462
202463
202465
202466
202467
202468
202469
202470
202471
202472
202473
202474
202476
202477
202478
202480
202482
202532
202533
202534
202535
202537
202538
202539
202540
202541
202542
202543
202544
202546
202547
202549
202550
202552
202553
202554
202555
202557
202558
202559
202560
202561
202562
202563
202564
202565
202566
202568
202569
202570
202572
202574
202624
202625
202626
202627
202629
202630
202631
202632
202633
202634
202635
202636
202638
202639
202641
202642
202644
202645
202646
202647
202649
202650
202651
202652
202653
202654
202655
202656
202657
202658
202660
202661
202662
202664
202666
202716
202717
202718
202719
202721
202722
202723
202724
202725
202726
202727
202728
202730
202731
202733
202734
202736
202737
202738
202739
202740
202741
202742
202744
202745
202746
202747
202748
202749
202750
202752
202753
202754
202756
202758
202808
202809
202810
202811
202812
202813
202814
202815
202816
202817
202818
202820
202821
202823
202824
202826
202828
202829
202830
202831
202832
202833
202834
202835
202837
202838
202839
202840
202842
202843
202845
202847
202894
202895
202896
202897
202898
202899
202900
202901
202903
202904
202905
202906
202908
202909
202911
202913
202914
202915
202916
202917
202918
202919
202920
202921
202922
202923
202924
202925
202927
202928
202929
202931
202932
202934
202936
202986
202987
202988
202989
202990
202991
202993
202994
202995
202996
202997
202998
203000
203001
203003
203004
203006
203007
203008
203009
203011
203012
203013
203014
203015
203016
203017
203018
203019
203020
203022
203023
203024
203026
203028
203078
203079
203080
203081
203083
203084
203085
203086
203087
203088
203089
203090
203092
203093
203095
203096
203098
203099
203100
203101
203103
203104
203105
203106
203107
203108
203109
203110
203111
203112
203114
203115
203116
203118
203120
203170
203171
203172
203173
203175
203176
203177
203178
203179
203180
203181
203182
203184
203185
203187
203188
203190
203192
203193
203198
203199
203200
203201
203207
203210
203212
210697
210698
210699
210700
210701
210702
210703
210704
210705
210706
210707
210708
210709
210710
210711
210712
210713
210714
210715
210716
210717
210718
210719
210720
210721
210722
210723
210724
210725
210726
210727
210728
210729
210730
210731
210732
210733
210734
210735
210736
210737
210738
210739
210740
210741
210742
210743
210744
210745
210746
210747
210748
210749
210750
210751
210752
210753
210754
210755
210756
210757
210758
210759
210760
210761
210762
210763
210764
210765
210766
210767
210768
210769
210770
210771
210772
210773
210774
210775
210776
210777
210778
210779
210780
210781
210782
210783
210784
210785
210786
210787
210788
210789
210790
210791
210792
210793
210794
210795
210796
210797
210798
210799
210800
210801
210802
210803
210804
210805
210806
210807
210808
210809
210810
210811
210812
210813
210814
210815
210816
210817
210818
210819
210820
210821
210822
210823
210824
210825
210826
210827
210828
210829
210830
210831
210832
210833
210834
210835
210836
210837
210838
210839
210840
210841
210842
210843
210844
210845
210846
210847
210848
210849
210850
210851
210852
210853
210854
210855
210856
210857
210858
210859
210860
210861
210862
210863
210864
210865
210866
210867
210868
210869
210870
210871
210872
210873
210874
210875
210876
210877
210878
210879
210880
210881
210882
210883
210884
210885
210886
210887
210888
210889
210890
210891
210892
210893
210894
210895
210896
210897
210898
210899
210900
210901
210902
210903
210904
210905
210906
210907
210908
210909
210910
210911
210912
210913
210914
210915
210916
210917
210918
210919
210920
210921
210922
210923
210924
210925
210926
210927
210928
210929
210930
210931
210932
210933
210934
210935
210936
210937
210938
210939
210940
210941
210942
210943
210944
210945
210946
210947
210948
210949
210950
210951
210952
210953
210954
210955
210956
210957
210958
210959
210960
210961
210962
210963
210964
210965
210966
210967
210968
210969
210970
210971
210972
210973
210974
210975
210976
210977
210978
210979
210980
210981
210982
210983
210984
210985
210986
210987
210988
210989
210990
210991
210992
210993
210994
210995
210996
210997
210998
210999
211000
211001
211002
211003
211004
211005
211006
211007
211008
211009
211010
211011
211012
211013
211014
211015
211016
211017
211018
211019
211020
211021
211022
211023
211024
211025
211026
211027
211028
211029
211030
211031
211032
211033
211034
211035
211036
211037
211038
211039
211040
211041
211042
211043
211044
211045
211046
211047
211048
211049
211050
211051
211052
211053
211054
211055
211056
211057
211058
211059
211060
211061
211062
211063
211064
211065
211066
211067
211068
211069
211070
211071
211072
211073
211074
211075
211076
211077
211078
211079
211080
211081
211082
211083
211084
211085
211086
211087
211088
211089
211090
211091
211092
211093
211094
211095
211096
211097
211098
211099
211100
211101
211102
211103
211104
211105
211106
211107
211108
211109
211110
211111
211112
211113
211114
211115
211116
211117
211118
211119
211120
211121
211122
211123
211124
211125
211126
211127
211128
211129
211130
211131
211132
211133
211134
211135
211136
211137
211138
211139
211140
211141
211142
211143
211144
211145
211146
211147
211148
211149
211150
211151
211152
211153
211154
211155
211156
211157
211158
211159
211160
211161
211162
211163
211164
211165
211166
211167
211168
211169
211170
211171
211172
211173
211174
211175
211176
211177
211178
211179
211180
211181
211182
211183
211184
211185
211186
211187
211188
211189
211190
211191
211192
211193
211194
211195
211196
211197
211198
211199
211200
211201
211202
211203
211204
211205
211206
211207
211208
211209
211210
211211
211212
211213
211214
211215
211216
211217
211218
211219
211220
211221
211222
211223
211224
212207
212208
212209
212210
212211
212212
212213
212214
212215
212216
212217
212218
212219
212220
212221
212222
212223
212224
212225
212226
212227
212228
212229
212230
212231
212232
212233
212234
212235
212236
212237
212238
212239
212240
212241
212242
212243
212244
212245
212246
212247
212248
212249
212250
212251
212252
212253
212254
212255
212256
212257
212258
212259
212260
212261
212262
212263
212264
212265
212266
212267
212268
212269
212270
212271
212272
212273
212274
212275
212276
212277
212278
212279
212280
212281
212282
212283
212284
212285
212286
212287
212288
212289
212290
212291
212292
212293
212294
212295
212296
212297
212298
212299
212300
212301
212302
212303
212304
212305
212306
212307
212308
212309
212310
212311
212312
212313
212314
212315
212316
212317
212318
212319
212320
212321
212322
212323
212324
212325
212326
212327
212328
212329
212330
212331
212332
212333
212334
212335
212336
212337
212338
212339
212340
212341
212342
212343
212344
212345
212346
212347
212348
212349
212350
212351
212352
212353
212354
212355
212356
212357
212358
212359
212360
212361
212362
212363
212364
212365
212366
212367
212368
212369
212370
212371
212372
212373
212374
212375
212376
212377
212378
212379
212380
212381
212382
212383
212384
212385
212386
212387
212388
212389
212390
212391
212392
212393
212394
212395
212396
212397
212398
212399
212400
212401
212402
212403
212404
212405
212406
212407
212408
212409
212410
212411
212412
212413
212414
212415
212416
212417
212418
212419
212420
212421
212422
212423
212424
212425
212426
212427
212428
212429
212430
212431
212432
212433
212434
212435
212436
212437
212438
212439
212440
212441
212442
212443
212444
212445
212446
212447
212448
212449
212450
212451
212452
212453
212454
212455
212456
212457
212458
212459
212460
212461
212462
212463
212464
212465
212466
212467
212468
212469
212470
212471
212472
212473
212474
212475
212476
212477
212478
212479
212480
212481
212482
212483
212484
212485
212486
212487
212488
212489
212490
212491
212492
212493
212494
212495
212496
212497
212498
212499
212500
212501
212502
212503
212504
212505
212506
212507
212508
212509
212510
212511
212512
212513
212514
212515
212516
212517
212518
212519
212520
212521
212522
212523
212524
212525
212526
212527
212528
212529
212530
212531
212532
212533
212534
212535
212536
212537
212538
212539
212540
212541
212542
212543
212544
212545
212546
212547
212548
212549
212550
212551
212552
212553
212554
212555
212556
212557
212558
212559
212560
212561
212562
212563
212564
212565
212566
212567
212568
212569
212570
212571
212572
212573
212574
212575
212576
212577
212578
212579
212580
212581
212582
212583
212584
212585
212586
212587
212588
212589
212590
212591
212592
212593
212594
212595
212596
212597
212598
212599
212600
212601
212602
212603
212604
212605
212606
212607
212608
212609
212610
212611
212612
212613
212614
212615
212616
212617
212618
212619
212620
212621
212622
212623
212624
212625
212626
212627
212628
212629
212630
212631
212632
212633
212634
212635
212636
212637
212638
212639
212640
212641
212642
212643
212644
212645
212646
212647
212648
212649
212650
212651
212652
212653
212654
212655
212656
212657
212658
212659
212660
212661
212662
212663
212664
212665
212666
212667
212668
212669
212670
212671
212672
212673
212674
212675
212676
212677
212678
212679
212680
212681
212682
212683
212684
212685
212686
212687
212688
212689
212690
212691
212692
212693
212694
212695
212696
212697
212698
212699
212700
212701
212702
212703
212704
212705
212706
212707
212708
212709
212710
212711
212712
212713
212714
212715
212716
212717
212718
212719
212720
212721
212722
212723
212724
212725
212726
212727
212728
212729
212730
212731
212732
212733
212734
212735
212736
212737
212738
212739
212740
212741
212742
212743
212744
212745
212746
212747
212748
212749
212750
212751
212752
212753
212754
212755
212756
212757
212758
212759
212760
212761
212762
212763
212764
212765
212766
212767
212768
212769
212770
212771
212772
212773
212774
212775
212776
212777
212778
212779
212780
212781
212782
212783
212784
212785
212786
212787
212788
212789
212790
212791
212792
212793
212794
212795
212796
212797
212798
212799
212800
212801
212802
212803
212804
212805
212806
212807
212808
212809
212810
212811
212812
212813
212814
212815
212816
212817
212818
212819
212820
212821
212822
212823
212824
212825
212826
212827
212828
212829
212830
212831
212832
212833
212834
212835
212836
212837
212838
212839
212840
212841
212842
212843
212844
212845
212846
212847
212848
212849
212850
212851
212852
212853
212854
212855
212856
212857
212858
212859
212860
212861
212862
212863
212864
212865
212866
212867
212868
212869
212870
212871
212872
212873
212874
212875
212876
212877
212878
212879
212880
212881
212882
212883
212884
212885
212886
212887
212888
212889
212890
212891
212892
212893
212894
212895
212896
212897
212898
212899
212900
212901
212902
212903
212904
212905
212906
212907
212908
212909
212910
212911
212912
212913
212914
212915
212916
212917
212918
212919
212920
212921
212922
212923
212924
212925
212926
212927
212928
212929
212930
212931
212932
212933
212934
212935
212936
212937
212938
212939
212940
212941
212942
212943
212944
212945
212946
212947
212948
212949
212950
212951
212952
212953
212954
212955
212956
212957
212958
212959
212960
212961
212962
212963
212964
212965
212966
212967
212968
212969
212970
212971
212972
212973
212974
212975
212976
212977
212978
212979
212980
212981
212982
212983
212984
212985
212986
212987
212988
212989
212990
212991
212992
212993
212994
212995
212996
212997
212998
212999
213000
213001
213002
213003
213004
213005
213006
213007
213008
213009
213010
213011
213012
213013
213014
213015
213016
213017
213018
213019
213020
213021
213022
213023
213024
213025
213026
213027
213028
213029
213030
213791
213792
213793
213795
213796
213797
213798
213799
213800
213802
213803
213804
213805
213806
213807
213809
213810
213812
213831
213832
213833
213835
213836
213837
213838
213839
213840
213842
213843
213844
213845
213846
213847
213849
213850
213852
213893
213894
213895
213897
213898
213899
213900
213901
213902
213904
213905
213906
213907
213908
213909
213911
213912
213914
213955
213956
213957
213959
213960
213961
213962
213963
213964
213966
213967
213968
213969
213970
213971
213973
213974
213976
214017
214018
214019
214021
214022
214023
214024
214025
214026
214028
214029
214030
214031
214032
214033
214035
214036
214038
214079
214080
214081
214083
214084
214085
214086
214087
214088
214090
214091
214092
214093
214094
214095
214097
214098
214100
214141
214142
214143
214145
214146
214147
214148
214149
214150
214152
214153
214154
214155
214156
214157
214159
214160
214162
214203
214204
214205
214207
214208
214209
214210
214211
214212
214214
214215
214216
214217
214218
214219
214221
214222
214224
214265
214266
214267
214268
214269
214270
214271
214273
214274
214276
214277
214278
214279
214280
214281
214283
214284
214286
214327
214328
214329
214330
214331
214333
214334
214336
214337
214338
214340
214341
214342
214343
214344
214346
214436
214438
214439
214440
214442
214456
214457
214458
214459
214460
214462
214463
214465
214466
214468
214469
214470
214471
214472
214473
214474
214475
214477
214478
214514
214515
214516
214517
214518
214519
214520
214521
214522
214523
214524
214525
214526
214527
214528
214529
214530
214531
214532
214533
214534
214535
214536
214537
214538
214539
214541
214542
214544
214545
214546
214547
214548
214549
214551
214552
214554
214595
214596
214597
214599
214600
214601
214602
214603
214604
214606
214607
214608
214609
214610
214611
214613
214614
214616
214657
214658
214659
214661
214662
214663
214664
214665
214666
214668
214669
214670
214671
214672
214673
214675
214676
214678
214719
214720
214721
214723
214724
214725
214726
214727
214728
214730
214731
214732
214733
214734
214735
214737
214738
214740
222851
222852
222853
222854
222855
222856
222857
222858
222859
222860
222861
222862
222863
222864
222865
222866
222867
222868
222869
222870
222871
222872
222873
222874
222875
222876
222877
222878
222879
222880
222881
222882
222883
222884
222885
222886
222887
222888
222889
222890
222891
222892
222893
222894
222895
222896
222897
222898
222899
222900
222901
222902
222903
222904
222905
222906
222907
222908
222909
222910
222911
225731
225732
225733
225734
225735
225736
225737
225738
225739
225740
225741
225742
225743
225744
225745
225746
225747
225748
225749
225750
225751
225752
225753
225754
225755
225756
225757
225758
225759
225760
225761
225762
225763
225764
225765
225766
225767
225768
225769
225770
225771
225772
225773
225774
225775
225776
225777
225778
225779
225780
225781
225782
225783
225784
225785
225786
225787
225788
225789
225790
225791
225792
225793
225794
225795
225796
225797
225798
225799
225800
225801
225802
225803
225804
225805
225806
225807
225808
225809
225810
225811
225812
225813
225814
225815
225816
225817
225818
225819
225820
225821
225822
225823
225824
225825
225826
225827
225828
225829
225830
225831
225832
225833
225834
225835
225836
225837
225838
225839
225840
225841
225842
225843
225844
225845
225846
225847
225848
225849
225850
225851
225852
225853
225854
225855
225856
225857
225858
225859
225860
225861
225862
225863
225864
225865
225866
225867
225868
225869
225870
225871
225872
225873
225874
225875
225876
225877
225878
225879
225880
225881
225882
225883
225884
225885
225886
225887
225888
225889
225890
225891
225892
225893
225894
225895
225896
225897
225898
225899
225900
225901
225902
225903
225904
225905
225906
225907
225908
225909
225910
225911
225912
225913
225914
225915
225916
225917
225918
225919
225920
225921
225922
225923
225924
225925
225926
225927
225928
225929
225930
225931
225932
225933
225934
225935
225936
225937
225938
225939
225940
225941
225942
225943
225944
225945
225946
225947
225948
225949
225950
225951
225952
225953
225954
225955
225956
225957
225958
225959
225960
225961
225962
225963
225964
225965
225966
225967
225968
225969
225970
225971
225972
225973
225974
225975
225976
225977
225978
225979
225980
225981
225982
225983
225984
225985
225986
225987
225988
225989
225990
225991
225992
225993
225994
225995
225996
225997
225998
225999
226000
226001
226002
226003
226004
226005
226006
226007
226008
226009
226010
226011
226012
226013
226014
226015
226016
226017
226018
226019
226020
226021
226022
226023
226024
226025
226026
226027
226028
226029
226030
226031
226032
226033
226034
226035
226036
226037
226038
226039
226040
226041
226042
226043
226044
226045
226046
226047
226048
226049
226050
226051
226052
226053
226054
226055
226056
226057
226058
226059
226060
226061
226062
226063
226064
226065
226066
226067
226068
226069
226070
226071
226072
226073
226074
226075
226076
226077
226078
226079
226080
226081
226082
226083
226084
226085
226086
226087
226088
226089
226090
226091
226092
226093
226094
226095
226096
226097
226098
226099
226100
226101
226102
226103
226104
226105
226106
226107
226108
226109
226110
226111
226112
226113
226114
226115
226116
226117
226118
226119
226120
226121
226122
226123
226124
226125
226126
226127
226128
226129
226130
226131
226132
226133
226134
226135
226136
226137
226138
226139
226140
226141
226142
226143
226144
226145
226146
226147
226148
226149
226150
226151
226152
226153
226154
226155
226156
226157
226158
226159
226160
226161
226162
226163
226164
226165
226166
226167
226168
226169
226170
226171
226172
226173
226174
226175
226176
226177
226178
226179
226180
226181
226182
226183
226184
226185
226186
226187
226188
226189
226190
226191
226192
226193
226194
226195
226196
226197
226198
226199
226200
226201
226202
226203
226204
226205
226206
226207
226208
226209
226210
226211
226212
226213
226214
226215
226216
226217
226218
226219
226220
226221
226222
226223
226224
226225
226226
226227
226228
226229
226230
226231
226232
226233
226234
226235
226236
226237
226238
226239
226240
226241
226242
226243
226244
226245
226246
226247
226248
226249
226250
226251
226252
226253
226254
226255
226256
226257
226258
226259
226260
226261
226262
226263
226264
226265
226266
226267
226268
226269
226270
226271
226272
226273
226274
226275
226276
226277
226278
226279
226280
226281
226282
226283
226284
226285
226286
226287
226288
226289
226290
226291
226292
226293
226294
226295
226296
226297
226298
226299
226300
226301
226302
226303
226304
226305
226306
226307
226308
226309
226310
226311
226312
226313
226314
226315
226316
226317
226318
226319
226320
226321
226322
226323
226324
226325
226326
226327
226328
226329
226330
226331
226332
226333
226334
226335
226336
226337
226338
226339
226340
226341
226342
226343
226344
226345
226346
226347
226348
226349
226350
226351
226352
226353
226354
226355
226356
226357
226358
226359
226360
226361
226362
226363
226364
226365
226366
226367
226368
226369
226370
226371
226372
226373
226374
226375
226376
226377
226378
226379
226380
226381
226382
226383
226384
226385
226386
226387
226388
226389
226390
226391
226392
226393
226394
226395
226396
226397
226398
226399
226400
226401
226402
226403
226404
226405
226406
226407
226408
226409
226410
226411
226412
226413
226414
226415
226416
226417
226418
226419
226420
226421
226422
226423
226424
226425
226426
226427
226428
226429
226430
226431
226432
226433
226434
226435
226436
226437
226438
226439
226440
226441
226442
226443
226444
226445
226446
226447
226448
226449
226450
226451
226452
226453
226454
226455
226456
226457
226458
226459
226460
226461
226462
226463
226464
226465
226466
226467
226468
226469
226470
226471
226472
226473
226474
226475
226476
226477
226478
226479
226480
226481
226482
226483
226484
226485
226486
226487
226488
226489
226490
226491
226492
226493
226494
226495
226496
226497
226498
226499
226500
226501
226502
226503
226504
226505
226506
226507
226508
226509
226510
226511
226512
226513
226514
226515
226516
226517
226518
226519
226520
226521
226522
226523
226524
226525
226526
226527
226528
226529
226530
226531
226532
226533
226534
226535
226536
226537
226538
226539
226540
226541
226542
226543
226544
226545
226546
226547
226548
226549
226550
226551
226552
226553
226554
226555
226556
226557
226558
226559
226560
226561
226562
226563
226564
226565
226566
226567
226568
226569
226570
226571
226572
226573
226574
226575
226576
226577
226578
226579
226580
226581
226582
226583
226584
226585
226586
226587
226588
226589
226590
226591
226592
226593
226594
226595
226596
226597
226598
226599
226600
226601
226602
226603
226604
226605
226606
226607
226608
226609
226610
226611
226612
226613
226614
226615
226616
226617
226618
226619
226620
226621
226622
226623
226624
226625
226626
226627
226628
226629
226630
226631
226632
226633
226634
226635
226636
226637
226638
226639
226640
226641
226642
226643
226644
226645
226646
226647
226648
226649
226650
226651
226652
226653
226654
226655
226656
226657
226658
226659
226660
226661
226662
226663
226664
226665
226666
226667
226668
226669
226670
226671
226672
226673
226674
226675
226676
226677
226678
226679
226680
226681
226682
226683
226684
226685
226686
226687
226688
226689
226690
226691
226692
226693
226694
226695
226696
226697
226698
226699
226700
226701
226702
226703
226704
226705
226706
226707
226708
226709
226710
226711
226712
226713
226714
226715
226716
226717
226718
226719
226720
226721
226722
226723
226724
226725
226726
226727
226728
226729
226730
226731
226732
226733
226734
226735
226736
226737
226738
226739
226740
226741
226742
226743
226744
226745
226746
226747
226748
226749
226750
226751
226752
226753
226754
226755
226756
226757
226758
226759
226760
226761
226762
226763
226764
226765
226766
226767
226768
226769
226770
226771
226772
226773
226774
226775
226776
226777
226778
226779
226780
226781
226782
226783
226784
226785
226786
226787
226788
226789
226790
226791
226792
226793
226794
226795
226796
226797
226798
226799
226800
226801
226802
226803
226804
226805
226806
226807
226808
226809
226810
226811
226812
226813
226814
226815
226816
226817
226818
226819
226820
226821
226822
226823
226824
226825
226826
226827
226828
226829
226830
226831
226832
226833
226834
226835
226836
226837
226838
226839
226840
226841
226842
226843
226844
226845
226846
226847
226848
226849
226850
226851
226852
226853
226854
226855
226856
226857
226858
226859
226860
226861
226862
226863
226864
226865
226866
226867
226868
226869
226870
226871
226872
226873
226874
226875
226876
226877
226878
226879
226880
226881
226882
226883
226884
226885
226886
226887
226888
226889
226890
226891
226892
226893
226894
226895
226896
226897
226898
226899
226900
226901
226902
226903
226904
226905
226906
226907
226908
226909
226910
226911
226912
226913
226914
226915
226916
226917
226918
226919
226920
226921
226922
226923
226924
226925
226926
226927
226928
226929
226930
226931
226932
226933
226934
226935
226936
226937
226938
226939
226940
226941
226942
226943
226944
226945
226946
226947
226948
226949
226950
226951
226952
226953
226954
226955
226956
226957
226958
226959
226960
226961
226962
226963
226964
226965
226966
226967
226968
226969
226970
226971
226972
226973
226974
226975
226976
226977
226978
226979
226980
226981
226982
226983
226984
226985
226986
226987
226988
226989
226990
226991
226992
226993
226994
226995
226996
226997
226998
226999
227000
227001
227002
227003
227004
227005
227006
227007
227008
227009
227010
227011
227012
227013
227014
227015
227016
227017
227018
227019
227020
227021
227022
227023
227024
227025
227026
227027
227028
227029
227030
227031
227032
227033
227034
227035
227036
227037
227038
227039
227040
227041
227042
227043
227044
227045
227046
227047
227048
227049
227050
227051
227052
227053
227054
227055
227056
227057
227058
227059
227060
227061
227062
227063
227064
227065
227066
227067
227068
227069
227070
227071
227072
227073
227074
227075
227076
227077
227078
227079
227080
227081
227082
227083
227084
227085
227086
227087
227088
227089
227090
227091
227092
227093
227094
227095
227096
227097
227098
227099
227100
227101
227102
227103
227104
227105
227106
227107
227108
227109
227110
227111
227112
227113
227114
227115
227116
227117
227118
227119
227120
227121
227122
227123
227124
227125
227126
227127
227128
227129
227130
227131
227132
227133
227134
227135
227136
227137
227138
227139
227140
227141
227142
227143
227144
227145
227146
227147
227148
227149
227150
227151
227152
227153
227154
227155
227156
227157
227158
227159
227160
227161
227162
227163
227164
227165
227166
227167
227168
227169
227170
227171
227172
227173
227174
227175
227176
227177
227178
227179
227180
227181
227182
227183
227184
227185
227186
227187
227188
227189
227190
227191
227192
227193
227194
227195
227196
227197
227198
227199
227200
227201
227202
227203
227204
227205
227206
227207
227208
227209
227210
227211
227212
227213
227214
227215
227216
227217
227218
227219
227220
227221
227222
227223
227224
227225
227226
227227
227228
227229
227230
227231
227232
227233
227234
227235
227236
227237
227238
227239
227240
227241
227242
227243
227244
227245
227246
227247
227248
227249
227250
227251
227252
227253
227254
227255
227256
227257
227258
227259
227260
227261
227262
227263
227264
227265
227266
227267
227268
227269
227270
227271
227272
227273
227274
227275
227276
227277
227278
227279
227280
227281
227282
227283
227284
227285
227286
227287
227288
227289
227290
227291
227292
227293
227294
227295
227296
227297
227298
227299
227300
227301
227302
227303
227304
227305
227306
227307
227308
227309
227310
227311
227312
227313
227314
227315
227316
227317
227318
227319
227320
227321
227322
227323
227324
227325
227326
227327
227328
227329
227330
227331
227332
227333
227334
227335
227336
227337
227338
227339
227340
227341
227342
227343
227344
227345
227346
227347
227348
227349
227350
227351
227352
227353
227354
227355
227356
227357
227358
227359
227360
227361
227362
227363
227364
227365
227366
227367
227368
227369
227370
227371
227372
227373
227374
227375
227376
227377
227378
227379
227380
227381
227382
227383
227384
227385
227386
227387
227388
227389
227390
227391
227392
227393
227394
227395
227396
227397
227398
227399
227400
227401
227402
227403
227404
227405
227406
227407
227408
227409
227410
227411
227412
227413
227414
227415
227416
227417
227418
227419
227420
227421
227422
227423
227424
227425
227426
227427
227428
227429
227430
227431
227432
227433
227434
227435
227436
227437
227438
227439
227440
227441
227442
227443
227444
227445
227446
227447
227448
227449
227450
227451
227452
227453
227454
227455
227456
227457
227458
227459
227460
227461
227462
227463
227464
227465
227466
227467
227468
227469
227470
227471
227472
227473
227474
227475
227476
227477
227478
227479
227480
227481
227482
227483
227484
227485
227486
227487
227488
227489
227490
227491
227492
227493
227494
227495
227496
227497
227498
227499
227500
227501
227502
227503
227504
227505
227506
227507
227508
227509
227510
227511
227512
227513
227514
227515
227516
227517
227518
227519
227520
227521
227522
227523
227524
227525
227526
227527
227528
227529
227530
227531
227532
227533
227534
227535
227536
227537
227538
227539
227540
227541
227542
227543
227544
227545
227546
227547
227548
227549
227550
227551
227552
227553
227554
227555
227556
227557
227558
227559
227560
227561
227562
227563
227564
227565
227566
227567
227568
227569
227570
227571
227572
227573
227574
227575
227576
227577
227578
227579
227580
227581
227582
227583
227584
227585
227586
227587
227588
227589
227590
227591
227592
227593
227594
227595
227596
227597
227598
227599
227600
227601
227602
227603
227604
227605
227606
227607
227608
227609
227610
227611
227612
227613
227614
227615
227616
227617
227618
227619
227620
227621
227622
227623
227624
227625
227626
227627
227628
227629
227630
227631
227632
227633
227634
227635
227636
227637
227638
227639
227640
227641
227642
227643
227644
227645
227646
227647
227648
227649
227650
227651
227652
227653
227654
227655
227656
227657
227658
227659
227660
227661
227662
227663
227664
227665
227666
227667
227668
227669
227670
227671
227672
227673
227674
227675
227676
227677
227678
227679
227680
227681
227682
227683
227684
227685
227686
227687
227688
227689
227690
227691
227692
227693
227694
227695
227696
227697
227698
227699
227700
227701
227702
227703
227704
227705
227706
227707
227708
227709
227710
227711
227712
227713
227714
227715
227716
227717
227718
227719
227720
227721
227722
227723
227724
227725
227726
227727
227728
227729
227730
227731
227732
227733
227734
227735
227736
227737
227738
227739
227740
227741
227742
227743
227744
227745
227746
227747
227748
227749
227750
227751
227752
227753
227754
227755
227756
227757
227758
227759
227760
227761
227762
227763
227764
227765
227766
227767
227768
227769
227770
227771
227772
227773
227774
227775
227776
227777
227778
227779
227780
227781
227782
227783
227784
227785
227786
227787
227788
227789
227790
227791
227792
227793
227794
227795
227796
227797
227798
227799
227800
227801
227802
227803
227804
227805
227806
227807
227808
227809
227810
227811
227812
227813
227814
227815
227816
227817
227818
227819
227820
227821
227822
227823
227824
227825
227826
227827
227828
227829
227830
227831
227832
227833
227834
227835
227836
227837
227838
227839
227840
227841
227842
227843
227844
227845
227846
227847
227848
227849
227850
227851
227852
227853
227854
227855
227856
227857
227858
227859
227860
227861
227862
227863
227864
227865
227866
227867
227868
227869
227870
227871
227872
227873
227874
227875
227876
227877
227878
227879
227880
227881
227882
227883
227884
227885
227886
227887
227888
227889
227890
227891
227892
227893
227894
227895
227896
227897
227898
227899
227900
227901
227902
227903
227904
227905
227906
227907
227908
227909
227910
227911
227912
227913
227914
227915
227916
227917
227918
227919
227920
227921
227922
227923
227924
227925
227926
227927
227928
227929
227930
227931
227932
227933
227934
227935
227936
227937
227938
227939
227940
227941
227942
227943
227944
227945
227946
227947
227948
227949
227950
227951
227952
227953
227954
227955
227956
227957
227958
227959
227960
227961
227962
227963
227964
227965
227966
227967
227968
227969
227970
227971
227972
227973
227974
227975
227976
227977
227978
227979
227980
227981
227982
227983
227984
227985
227986
227987
227988
227989
227990
227991
227992
227993
227994
227995
227996
227997
227998
227999
228000
228001
228002
228003
228004
228005
228006
228007
228008
228009
228010
228011
228012
228013
228014
228015
228016
228017
228018
228019
228020
228021
228022
228023
228024
228025
228026
228027
228028
228029
228030
228031
228032
228033
228034
228035
228036
228037
228038
228039
228040
228041
228042
228043
228044
228045
228046
228047
228048
228049
228050
228051
228052
228053
228054
228055
228056
228057
228058
228059
228060
228061
228062
228063
228064
228065
228066
228067
228068
228069
228070
228071
228072
228073
228074
228075
228076
228077
228078
228079
228080
228081
228082
228083
228084
228085
228086
228087
228088
228089
228090
228091
228092
228093
228094
228095
228096
228097
228098
228099
228100
228101
228102
228103
228104
228105
228106
228107
228108
228109
228110
228111
228112
228113
228114
228115
228116
228117
228118
228119
228120
228121
228122
228123
228124
228125
228126
228127
228128
228129
228130
228131
228132
228133
228134
228135
228136
228137
228138
228139
228140
228141
228142
228143
228144
228145
228146
228147
228148
228149
228150
228151
228152
228153
228154
228155
228156
228157
228158
228159
228160
228161
228162
228163
228164
228165
228166
228167
228168
228169
228170
228171
228172
228173
228174
228175
228176
228177
228178
228179
228180
228181
228182
228183
228184
228185
228186
228187
228188
228189
228190
228191
228192
228193
228194
228195
228196
228197
228198
228199
228200
228201
228202
228203
228204
228205
228206
228207
228208
228209
228210
228211
228212
228213
228214
228215
228216
228217
228218
228219
228220
228221
228222
228223
228224
228225
228226
228227
228228
228229
228230
228231
228232
228233
228234
228235
228236
228237
228238
228239
228240
228241
228242
228243
228244
228245
228246
228247
228248
228249
228250
228251
228252
228253
228254
228255
228256
228257
228258
228259
228260
228261
228262
228263
228264
228265
228266
228267
228268
228269
228270
228271
228272
228273
228274
228275
228276
228277
228278
228279
228280
228281
228282
228283
228284
228285
228286
228287
228288
228289
228290
228291
228292
228293
228294
228295
228296
228297
228298
228299
228300
228301
228302
228303
228304
228305
228306
228307
228308
228309
228310
228311
228312
228313
228314
228315
228316
228317
228318
228319
228320
228321
228322
228323
228324
228325
228326
228327
228328
228329
228330
228331
228332
228333
228334
228335
228336
228337
228338
228339
228340
228341
228342
228343
228344
228345
228346
228347
228348
228349
228350
228351
228352
228353
228354
228355
228356
228357
228358
228359
228360
228361
228362
228363
228364
228365
228366
228367
228368
228369
228370
228371
228372
228373
228374
228375
228376
228377
228378
228379
228380
228381
228382
228383
228384
228385
228386
228387
228388
228389
228390
228391
228392
228393
228394
228395
228396
228397
228398
228399
228400
228401
228402
228403
228404
228405
228406
228407
228408
228409
228410
228411
228412
228413
228414
228415
228416
228417
228418
228419
228420
228421
228422
228423
228424
228425
228426
228427
228428
228429
228430
228431
228432
228433
228434
228435
228436
228437
228438
228439
228440
228441
228442
228443
228444
228445
228446
228447
228448
228449
228450
228451
228452
228453
228454
228455
228456
228457
228458
228459
228461
228462
228463
228467
228468
228469
228470
228471
228475
228476
228477
228478
228479
228480
228481
228482
228483
228484
228485
228486
228487
228488
228489
228490
228491
228492
228493
228494
228495
228496
228497
228498
228499
228500
228501
228502
228503
228504
228505
228506
228507
228508
228509
228510
228511
228512
228513
228514
228515
228516
228517
228518
228519
228520
228521
228522
228523
228524
228525
228526
228527
228528
228529
228530
228531
228532
228533
228534
228535
228536
228537
228538
228539
228540
228541
228542
228543
228544
228545
228547
228552
228553
228554
228555
228559
228560
228561
228563
228564
228565
228566
228567
228568
228569
228570
228571
228572
228573
228574
228575
228576
228577
228578
228579
228580
228581
228582
228583
228584
228585
228586
228587
228588
228589
228590
228591
228592
228593
230967
230968
230969
230970
230971
230972
230973
230974
230975
230976
230977
230978
230979
230980
230981
230982
230983
230984
230985
230986
230987
230988
230989
230990
230991
230992
230993
230994
230995
230996
230997
230998
230999
231000
231001
231002
231003
231004
231005
231006
231007
231008
231009
231010
231011
231012
231013
231014
231015
231016
231017
231018
231019
231020
231021
231022
231023
231024
231025
231026
231027
231028
231029
231030
231031
231032
231033
231034
231035
231036
231037
231038
231039
231040
231041
231042
231043
231044
231045
231046
231047
231048
231049
231050
231051
231052
231053
231054
231055
231056
231057
231058
231059
231060
231061
231062
231063
231064
231065
231066
231067
231068
231069
231070
231071
231072
231073
231074
231075
231076
231077
231078
231079
231080
231081
231082
231083
231084
231085
231086
231087
231088
231089
231090
231091
231092
231093
231094
231095
231096
231097
231098
231099
231100
231101
231102
231103
231104
231105
231106
231107
231108
231109
231110
231111
231112
231113
231114
231115
231116
231117
231118
231119
231120
231121
231122
231123
231124
231125
231126
231127
231128
231129
231130
231131
231132
231133
231134
231135
231136
231137
231138
231139
231140
231141
231142
231143
231144
231145
231146
231147
231148
231149
231150
231151
231152
231153
231154
231155
231156
231157
231158
231159
231160
231161
231162
231163
231164
231165
231166
231167
231168
231169
231170
231171
231172
231173
231174
231175
231176
231177
231178
231179
231180
231181
231182
231183
231184
231185
231186
231187
231188
231189
231190
231191
231192
231193
231194
231195
231196
231197
231198
231199
231200
231201
231202
231203
231204
231205
231206
231207
231208
231209
231210
231211
231212
231213
231214
231215
231216
231217
231218
231219
231220
231221
231222
231223
231224
231225
231226
231227
231228
231229
231230
231231
231232
231233
231234
231235
231236
231237
231238
231239
231240
231241
231242
231243
231244
231245
231246
231247
231248
231249
231250
231251
231252
231253
231254
231255
231256
231257
231258
231259
231260
231261
231262
231263
231264
231265
231266
231267
231268
231269
231270
231271
231272
231273
231274
231275
231276
231277
231278
231279
231280
231281
231282
231283
231284
231285
231286
231287
231288
231289
231290
231291
231292
231293
231294
231295
231296
231297
231298
231299
231300
231301
231302
231303
231304
231305
231306
231307
231308
231309
231310
231311
231312
231313
231314
231315
231316
231317
231318
231319
231320
231321
231322
231323
231324
231325
231326
231327
231328
231329
231330
231331
231332
231333
231334
231335
231336
231337
231338
231339
231340
231341
231342
231343
231344
231345
231346
231347
231348
231349
231350
231351
231352
231353
231354
231355
231356
231357
231358
231359
231360
231361
231362
231363
231364
231365
231366
231367
231368
231369
231370
231371
231372
231373
231374
231375
231376
231377
231378
231379
231380
231381
231382
231383
231384
231385
231386
231387
231388
231389
231390
231391
231392
231393
231394
231395
231396
231397
231398
231399
231400
231401
231402
231403
231404
231405
231406
231407
231408
231409
231410
231411
231412
231413
231414
231415
231416
231417
231418
231419
231420
231421
231422
231423
231424
231425
231426
231427
231428
231429
231430
231431
231432
231433
231434
231435
231436
231437
231438
231439
231440
231441
231442
231443
231444
231445
231446
231447
231448
231449
231450
231451
231452
231453
231454
231455
231456
231457
231458
231459
231460
231461
231462
231463
231464
231465
231466
231467
231468
231469
231470
231471
231472
231473
231474
231475
231476
231477
231478
231479
231480
231481
231482
231483
231484
231485
231486
231487
231488
231489
231490
231491
231492
231493
231494
231495
231496
231497
231498
231499
231500
231501
231502
231503
231504
231505
231506
231507
231508
231509
231510
231511
231512
231513
231514
231515
231516
231517
231518
231519
231520
231521
231522
231523
231524
231525
231526
231527
231528
231529
231530
231531
231532
231533
231534
231535
231536
231537
231538
231539
231540
231541
231542
231543
231544
231545
231546
231547
231548
231549
231550
231551
231552
231553
231554
231555
231556
231557
231558
231559
231560
231561
231562
231563
231564
231565
231566
231567
231568
231569
231570
231571
231572
231573
231574
231575
231576
231577
231578
231579
231580
231581
231582
231583
231584
231585
231586
231587
231588
231589
231590
231591
231592
231593
231594
231595
231596
231597
231598
231599
231600
231601
231602
231603
231604
231605
231606
231607
231608
231609
231610
231611
231612
231613
231614
231615
231616
231617
231618
231619
231620
231621
231622
231623
231624
231625
231626
231627
231628
231629
231630
231631
231632
231633
231634
231635
231636
231637
231638
231639
231640
231641
231642
231643
231644
231645
231646
231647
231648
231649
231650
231651
231652
231653
231654
231655
231656
231657
231658
231659
231660
231661
231662
231663
231664
231665
231666
231667
231668
231669
231670
231671
231672
231673
231674
231675
231676
231677
231678
231679
231680
231681
231682
231683
231684
231685
231686
231687
231688
231689
231690
231691
231692
231693
231694
231695
231696
231697
231698
231699
231700
231701
231702
231703
231704
231705
231706
231707
231708
231709
231710
231711
231712
231713
231714
231715
231716
231717
231718
231719
231720
231721
231722
231723
231724
231725
231726
231727
231728
231729
231730
231731
231732
231733
231734
231735
231736
231737
231738
231739
231740
231741
231742
231743
231744
231745
231746
231747
231748
231749
231750
231751
231752
231753
231754
231755
231756
231757
231758
231759
231760
231761
231762
231763
231764
231765
231766
231767
231768
231769
231770
231771
231772
231773
231774
231775
231776
231777
231778
231779
231780
231781
231782
231783
231784
231785
231786
231787
231788
231789
231790
231791
231792
231793
231794
231795
231796
231797
231798
231799
231800
231801
231802
231803
231804
231805
231806
231807
231808
231809
231810
231811
231812
231813
231814
231815
231816
231817
231818
231819
231820
231821
231822
231823
231824
231825
231826
231827
231828
231829
231830
231831
231832
231833
231834
231835
231836
231837
231838
231839
231840
231841
231842
231843
231844
231845
231846
231847
231848
231849
231850
231851
231852
231853
231854
231855
231856
231857
231858
231859
231860
231861
231862
231863
231864
231865
231866
231867
231868
231869
231870
231871
231872
231873
231874
231875
231876
231877
231878
231879
231880
231881
231882
231883
231884
231885
231886
231887
231888
231889
231890
231891
231892
231893
231894
231895
231896
231897
231898
231899
231900
231901
231902
231903
231904
231905
231906
231907
231908
231909
231910
231911
231912
231913
231914
231915
231916
231917
231918
231919
231920
231921
231922
231923
231924
231925
231926
231927
231928
231929
231930
231931
231932
231933
231934
231935
231936
231937
231938
231939
231940
231941
231942
231943
231944
231945
231946
231947
231948
231949
231950
231951
231952
231953
231954
231955
231956
231957
231958
231959
231960
231961
231962
231963
231964
231965
231966
231967
231968
231969
231970
231971
231972
231973
231974
231975
231976
231977
231978
231979
231980
231981
231982
231983
231984
231985
231986
231987
231988
231989
231990
231991
231992
231993
231994
231995
231996
231997
231998
231999
232000
232001
232002
232003
232004
232005
232006
232007
232008
232009
232010
232011
232012
232013
232014
232015
232016
232017
232018
232019
232020
232021
232022
232023
232024
232025
232026
232027
232028
232029
232030
232031
232032
232033
232034
232035
232036
232037
232038
232039
232040
232041
232042
232043
232044
232045
232046
232047
232048
232049
232050
232051
232052
232053
232054
232055
232056
232057
232058
232059
232060
232061
232062
232063
232064
232065
232066
232067
232068
232069
232070
232071
232072
232073
232074
232075
232076
232077
232078
232079
232080
232081
232082
232083
232084
232085
232086
232087
232088
232089
232090
232091
232092
232093
232094
232095
232096
232097
232098
232099
232100
232101
232102
232103
232104
232105
232106
232107
232108
232109
232110
232111
232112
232113
232114
232115
232116
232117
232118
232119
232120
232121
232122
232123
232124
232125
232126
232127
232128
232129
232130
232131
232132
232133
232134
232135
232136
232137
232138
232139
232140
232141
232142
232143
232144
232145
232146
232147
232148
232149
232150
232151
232152
232153
232154
232155
232156
232157
232158
232159
232160
232161
232162
232163
232164
232165
232166
232167
232168
232169
232170
232171
232172
232173
232174
232175
232176
232177
232178
232179
232180
232181
232182
232183
232184
232185
232186
232187
232188
232189
232190
232191
232192
232193
232194
232195
232196
232197
232198
232199
232200
232201
232202
232203
232204
232205
232206
232207
232208
232209
232210
232211
232212
232213
232214
232215
232216
232217
232218
232219
232220
232221
232222
232223
232224
232225
232226
232227
232228
232229
232230
232231
232232
232233
232234
232235
232236
232237
232238
232239
232240
232241
232242
232243
232244
232245
232246
232247
232248
232249
232250
232251
232252
232253
232254
232255
232256
232257
232258
232259
232260
232261
232262
232263
232264
232265
232266
232267
232268
232269
232270
232271
232272
232273
232274
232275
232276
232277
232278
232279
232280
232281
232282
232283
232284
232285
232286
232287
232288
232289
232290
232291
232292
232293
232294
232295
232296
232297
232298
232299
232300
232301
232302
232303
232304
232305
232306
232307
232308
232309
232310
232311
232312
232313
232314
232315
232316
232317
232318
232319
232320
232321
232322
232323
232324
232325
232326
232327
232328
232329
232330
232331
232332
232333
232334
232335
232336
232337
232338
232339
232340
232341
232342
232343
232344
232345
232346
232347
232348
232349
232350
232351
232352
232353
232354
232355
232356
232357
232358
232359
232360
232361
232362
232363
232364
232365
232366
232367
232368
232369
232370
232371
232372
232373
232374
232375
232376
232377
232378
232379
232380
232381
232382
232383
232384
232385
232386
232387
232388
232389
232390
232391
232392
232393
232394
232395
232396
232397
232398
232399
232400
232401
232402
232403
232404
232405
232406
232407
232408
232409
232410
232411
232412
232413
232414
232415
232416
232417
232418
232419
232420
232421
232422
232423
232424
232425
232426
232427
232428
232429
232430
232431
232432
232433
232434
232435
232436
232437
232438
232439
232440
232441
232442
232443
232444
232445
232446
232447
232448
232449
232450
232451
232452
232453
232454
232455
232456
232457
232458
232459
232460
232461
232462
232463
232464
232465
232466
232467
232468
232469
232470
232471
232472
232473
232474
232475
232476
232477
232478
232479
232480
232481
232482
232483
232484
232485
232486
232487
232488
232489
232490
232491
232492
232493
232494
232495
232496
232497
232498
232499
232500
232501
232502
232503
232504
232505
232506
232507
232508
232509
232510
232511
232512
232513
232514
232515
232516
232517
232518
232519
232520
232521
232522
232523
232524
232525
232526
232527
232528
232529
232530
232531
232532
232533
232534
232535
232536
232537
232538
232539
232540
232541
232542
232543
232544
232545
232546
232547
232548
232549
232550
232551
232552
232553
232554
232555
232556
232557
232558
232559
232560
232561
232562
232563
232564
232565
232566
232567
232568
232569
232570
232571
232572
232573
232574
232575
232576
232577
232578
232579
232580
232581
232582
232583
232584
232585
232586
232587
232588
232589
232590
232591
232592
232593
232594
232595
232596
232597
232598
232599
232600
232601
232602
232603
232604
232605
232606
232607
232608
232609
232610
232611
232612
232613
232614
232615
232616
232617
232618
232619
232620
232621
232622
232623
232624
232625
232626
232627
232628
232629
232630
232631
232632
232633
232634
232635
232636
232637
232638
232639
232640
232641
232642
232643
232644
232645
232646
232647
232648
232649
232650
232651
232652
232653
232654
232655
232656
232657
232658
232659
232660
232661
232662
232663
232664
232665
232666
232667
232668
232669
232670
232671
232672
232673
232674
232675
232676
232677
232678
232679
232680
232681
232682
232683
232684
232685
232686
232687
232688
232689
232690
232691
232692
232693
232694
232695
232696
232697
232698
232699
232700
232701
232702
232703
232704
232705
232706
232707
232708
232709
232710
232711
232712
232713
232714
232715
232716
232717
232718
232719
232720
232721
232722
232723
232724
232725
232726
232727
232728
232729
232730
232731
232732
232733
232734
232735
232736
232737
232738
232739
232740
232741
232742
232743
232744
232745
232746
232747
232748
232749
232750
232751
232752
232753
232754
232755
232756
232757
232758
232759
232760
232761
232762
232763
232764
232765
232766
232767
232768
232769
232770
232771
232772
232773
232774
232775
232776
232777
232778
232779
232780
232781
232782
232783
232784
232785
232786
232787
232788
232789
232790
232791
232792
232793
232794
232795
232796
232797
232798
232799
232800
232801
232802
232803
232804
232805
232806
232807
232808
232809
232810
232811
232812
232813
232814
232815
232816
232817
232818
232819
232820
232821
232822
232823
232824
232825
232826
232827
232828
232829
232830
232831
232832
232833
232834
232835
232836
232837
232838
232839
232840
232841
232842
232843
232844
232845
232846
232847
232848
232849
232850
232851
232852
232853
232854
232855
232856
232857
232858
232859
232860
232861
232862
232863
232864
232865
232866
232867
232868
232869
232870
232871
232872
232873
232874
232875
232876
232877
232878
232879
232880
232881
232882
232883
232884
232885
232886
232887
232888
232889
232890
232891
232892
232893
232894
232895
232896
232897
232898
232899
232900
232901
232902
232903
232904
232905
232906
232907
232908
232909
232910
232911
232912
232913
232914
232915
232916
232917
232918
232919
232920
232921
232922
232923
232924
232925
232926
232927
232928
232929
232930
232931
232932
232933
232934
232935
232936
232937
232938
232939
232940
232941
232942
232943
232944
232945
232946
232947
232948
232949
232950
232951
232952
232953
232954
232955
232956
232957
232958
232959
232960
232961
232962
232963
232964
232965
232966
232967
232968
232969
232970
232971
232972
232973
232974
232975
232976
232977
232978
232979
232980
232981
232982
232983
232984
232985
232986
232987
232988
232989
232990
232991
232992
232993
232994
232995
232996
232997
232998
232999
233000
233001
233002
233003
233004
233005
233006
233007
233008
233009
233010
233011
233012
233013
233014
233015
233016
233017
233018
233019
233020
233021
233022
233023
233024
233025
233026
233027
233028
233029
233030
233031
233032
233033
233034
233035
233036
233037
233038
233039
233040
233041
233042
233043
233044
233045
233046
233047
233048
233049
233050
233051
233052
233053
233054
233055
233056
233057
233058
233059
233060
233061
233062
233063
233064
233065
233066
233067
233068
233069
233070
233071
233072
233073
233074
233075
233076
233077
233078
233079
233080
233081
233082
233083
233084
233085
233086
233087
233088
233089
233090
233091
233092
233093
233094
233095
233096
233097
233098
233099
233100
233101
233102
233103
233104
233105
233106
233107
233108
233109
233110
233111
233112
233113
233114
233115
233116
233117
233118
233119
233120
233121
233122
233123
233124
233125
233126
233127
233128
233129
233130
233131
233132
233133
233134
233135
233136
233137
233138
233139
233140
233141
233142
233143
233144
233145
233146
233147
233148
233149
233150
233151
233152
233153
233154
233155
233156
233157
233158
233159
233160
233161
233162
233163
233164
233165
233166
233167
233168
233169
233170
233171
233172
233173
233174
233175
233176
233177
233178
233179
233180
233181
233182
233183
233184
233185
233186
233187
233188
233189
233190
233191
233192
233193
233194
233195
233196
233197
233198
233199
233200
233201
233202
233203
233204
233205
233206
233207
233208
233209
233210
233211
233212
233213
233214
233215
233216
233217
233218
233219
233220
233221
233222
233223
233224
233225
233226
233227
233228
233229
233230
233231
233232
233233
233234
233235
233236
233237
233238
233239
233240
233241
233242
233243
233244
233245
233246
233247
233248
233249
233250
233251
233252
233253
233254
233255
233256
233257
233258
233259
233260
233261
233262
233263
233264
233265
233266
233267
233268
233269
233270
233271
233272
233273
233274
233275
233276
233277
233278
233279
233280
233281
233282
233283
233284
233285
233286
233287
233288
233289
233290
233291
233292
233293
233294
233295
233296
233297
233298
233299
233300
233301
233302
233303
233304
233305
233306
233307
233308
233309
233310
233311
233312
233313
233314
233315
233316
233317
233318
233319
233320
233321
233322
233323
233324
233325
233326
233327
233328
233329
233330
233331
233332
233333
233334
233335
233336
233337
233338
233339
233340
233341
233342
233343
233344
233345
233346
233347
233348
233349
233350
233351
233352
233353
233354
233355
233356
233357
233358
233359
233360
233361
233362
233363
233364
233365
233366
233367
233368
233369
233370
233371
233372
233373
233374
233375
233376
233377
233378
233379
233380
233381
233382
233383
233384
233385
233386
233387
233388
233389
233390
233391
233392
233393
233394
233395
233396
233397
233398
233399
233400
233401
233402
233403
233404
233405
233406
233407
233408
233409
233410
233411
233412
233413
233414
233415
233416
233417
233418
233419
233420
233421
233422
233423
233424
233425
233426
233427
233428
233429
233430
233431
233432
233433
233434
233436
233437
233438
233442
233443
233444
233445
233446
233450
233451
233452
233453
233454
233455
233456
233457
233458
233459
233460
233461
233462
233463
233464
233465
233466
233467
233468
233469
233470
233471
233472
233473
233474
233475
233476
233477
233478
233479
233480
233481
233482
233483
233484
233485
233486
233487
233488
233489
233490
233491
233492
233493
233494
233495
233496
233497
233498
233499
233500
233501
233502
233503
233504
233505
233506
233507
233508
233509
233510
233511
233512
233513
233514
233515
233516
233517
233518
233519
233520
233522
233527
233528
233529
233530
233534
233535
233536
233538
233539
233540
233541
233542
233543
233544
233545
233546
233547
233548
233549
233550
233551
233552
233553
233554
233555
233556
233557
233558
233559
233560
233561
233562
233563
233564
233565
233566
233567
233568
235357
235358
235359
235361
235362
235363
235364
235365
235367
235368
235369
235372
235507
235508
235509
235511
235512
235513
235514
235515
235517
235518
235519
235522
235657
235658
235659
235661
235662
235663
235664
235665
235667
235668
235669
235672
235807
235808
235809
235811
235812
235813
235814
235815
235817
235818
235819
235822
235957
235958
235959
235961
235962
235963
235964
235965
235967
235968
235969
235972
236107
236108
236109
236111
236112
236113
236114
236115
236117
236118
236119
236122
236257
236258
236259
236261
236262
236263
236264
236265
236267
236268
236269
236272
236407
236408
236409
236411
236412
236413
236414
236415
236417
236418
236419
236422
236557
236558
236559
236560
236561
236562
236564
236565
236567
236568
236569
236572
236707
236708
236709
236710
236712
236714
236715
236717
236718
236719
236720
236722
236723
236753
236754
236755
236756
236757
236758
236759
236760
236761
236762
236763
236764
236765
236766
236767
236768
236769
236870
236871
236872
236873
236874
236875
236876
236877
236878
236879
236880
236881
236882
236883
236884
236885
236886
236887
237055
237057
237059
237228
237230
237231
237413
237415
237416
237418
237419
237489
237490
237491
237492
237494
237496
237497
237498
237500
237501
237637
237638
237639
237640
237641
237642
237643
237644
237645
237646
237647
237648
237649
237650
237651
237652
237653
237654
237655
237656
237657
237658
237660
237661
237663
237664
237665
237668
237803
237804
237805
237807
237808
237809
237810
237811
237813
237814
237815
237818
237953
237954
237955
237957
237958
237959
237960
237961
237963
237964
237965
237968
238103
238104
238105
238107
238108
238109
238110
238111
238113
238114
238115
238118
256083
256084
256085
256086
256087
256088
256089
256090
256091
256092
256093
256094
256095
256096
256097
256098
256099
256100
256101
256102
256103
256104
256105
256106
256107
256108
256109
256110
256111
256112
256113
256114
256115
256116
256117
256118
256119
256120
256121
256122
256123
256124
256125
256126
256127
256128
256129
256130
256131
256132
256133
256134
256135
256136
256137
256138
256139
256140
256141
256142
256143
256144
256145
256146
256147
256148
256149
256150
256151
256152
256153
256154
256155
256157
256158
256167
256168
256169
256170
256171
256172
256173
256175
256176
256177
256178
256179
256180
256181
256182
256183
256184
256185
256186
256187
256188
256189
256190
256191
256192
256193
256194
256195
256196
256197
256198
256199
256200
256201
256202
256203
256204
256205
256206
256207
256208
256209
256210
256211
256212
256213
256214
256215
256216
256217
256218
256219
256220
256221
256222
256223
256224
256225
256226
256227
256228
256229
256230
256231
256232
256233
256234
256235
256236
256237
256238
256239
256240
256241
256242
256243
256244
256245
256247
256248
256256
256257
256258
256259
256260
256262
256263
256264
256265
256266
256267
256268
256269
256270
256271
256272
256273
256274
256275
256276
256277
256278
256279
256280
256281
256282
256283
256284
256285
256286
256287
256288
256289
256290
256291
256292
256293
256294
259641
259642
259643
259644
259645
259646
259647
259648
259649
259650
259651
259652
259653
259654
259655
259656
259657
259658
259659
259660
259661
259662
259663
259664
259665
259666
259667
259668
259669
259670
259671
259672
259673
259674
259675
259676
259677
259678
259679
259680
259681
259682
259683
259684
259685
259686
259687
259688
259689
259690
259691
259692
259693
259694
259695
259696
259697
259698
259699
259700
259701
259702
259703
259704
259705
259706
259707
259708
259709
259710
259711
259712
259713
259714
259715
259716
259717
259718
259719
259720
259721
259722
259723
259724
259725
259726
259727
259728
259729
259730
259731
259732
259733
259734
259735
259736
259737
259738
259739
259740
259741
259742
259743
259744
259745
259746
259747
259748
259749
259750
259751
259752
259753
259754
259755
259756
259757
259758
259759
259760
259761
259762
259763
259764
259765
259766
259767
259768
259769
259770
259771
259772
259773
259774
259775
259776
259777
259778
259779
259780
259781
259782
259783
259784
259785
259786
259787
259788
259789
259790
259791
259792
259793
259794
259795
259796
259797
259798
259799
259800
259801
259802
259803
259804
259805
259806
259807
259808
259809
259810
259811
259812
259813
259814
259815
259816
259817
259818
259819
259820
259821
259822
259823
259824
259825
259826
259827
259828
259829
259830
259831
259832
259833
259834
259835
259836
259837
259838
259839
259840
259841
259842
259843
259844
259845
259846
259847
259848
259849
259850
259851
259852
259853
259854
259855
259856
259857
259858
259859
259860
259861
259862
259863
259864
259865
259866
259867
259868
259869
259870
259871
259872
259873
259874
259875
259876
259877
259878
259879
259880
259881
259882
259883
259884
259885
259886
259887
259888
259889
259890
259891
259892
259893
259894
259895
259896
259897
259898
259899
259900
259901
259902
259903
259904
259905
259906
259907
259908
259909
259910
259911
259912
259913
259914
259915
259916
259917
259918
259919
259920
259921
259922
259923
259924
259925
259926
259927
259928
259929
259930
259931
259932
259933
259934
259935
259936
259937
259938
259939
259940
259941
259942
259943
259944
259945
259946
259947
259948
259949
259950
259951
259952
259953
259954
259955
259956
259957
259958
259959
259960
259961
259962
259963
259964
259965
259966
259967
259968
259969
259970
259971
259972
259973
259974
259975
259976
259977
259978
259979
259980
259981
259982
259983
259984
259985
259986
259987
259988
259989
259990
259991
259992
259993
259994
259995
259996
259997
259998
259999
260000
260001
260002
260003
260004
260005
260006
260007
260008
260009
260010
260011
260012
260013
260014
260015
260016
260017
260018
260019
260020
260021
260022
260023
260024
260025
260026
260027
260028
260029
260030
260031
260032
260033
260034
260035
260036
260037
260038
260039
260040
260041
260042
260043
260044
260045
260046
260047
260048
260049
260050
260051
260052
260053
260054
260055
260056
260057
260058
260059
260060
260061
260062
260063
260064
260065
260066
260067
260068
260069
260070
260071
260072
260073
260074
260075
260076
260077
260078
260079
260080
260081
260082
260083
260084
260085
260086
260087
260088
260089
260090
260091
260092
260093
260094
260095
260096
260097
260098
260099
260100
260101
260102
260103
260104
260105
260106
260107
260108
260109
260110
260111
260112
260113
260114
260115
260116
260117
260118
260119
260120
260121
260122
260123
260124
260125
260126
260127
260128
260129
260130
260131
260132
260133
260134
260135
260136
260137
260138
260139
260140
260141
260142
260143
260144
260145
260146
260147
260148
260149
260150
260151
260152
260153
260154
260155
260156
260157
260158
260159
260160
260161
260162
260163
260164
260165
260166
260167
260168
260169
260170
260171
260172
260173
260174
260175
260176
260177
260178
260179
260180
260181
260182
260183
260184
260185
260186
260187
260188
260189
260190
260191
260192
260193
260194
260195
260196
260197
260198
260199
260200
260201
260202
260203
260204
260205
260206
260207
260208
260209
260210
260211
260212
260213
260214
260215
260216
260217
260218
260219
260220
260221
260222
260223
260224
260225
260226
260227
260228
260229
260230
260231
260232
260233
260234
260235
260236
260237
260238
260239
260240
260241
260242
260243
260244
260245
260246
260247
260248
260249
260250
260251
260252
260253
260254
260255
260256
260257
260258
260259
260260
260261
260262
260263
260264
260265
260266
260267
260268
260269
260270
260271
260272
260273
260274
260275
260276
260277
260278
260279
260280
260281
260282
260283
260284
260285
260286
260287
260288
260289
260290
260291
260292
260293
260294
260295
260296
260297
260298
260299
260300
260301
260302
260303
260304
260305
260306
260307
260308
260309
260310
260311
260312
260313
260314
260315
260316
260317
260318
260319
260320
260321
260322
260323
260324
260325
260326
260327
260328
260329
260330
260331
260332
260333
260334
260335
260336
260337
260338
260339
260340
260341
260342
260343
260344
260345
260346
260347
260348
260349
260350
260351
260352
260353
260354
260355
260356
260357
260358
260359
260360
260361
260362
260363
260364
260365
260366
260367
260368
260369
260370
260371
260372
260373
260374
260375
260376
260377
260378
260379
260380
260381
260382
260383
260384
260385
260386
260387
260388
260389
260390
260391
260392
260393
260394
260395
260396
260397
260398
260399
260400
260401
260402
260403
260404
260405
260406
260407
260408
260409
260410
260411
260412
260413
260414
260415
260416
260417
260418
260419
260420
260421
260422
260423
260424
260425
260426
260427
260428
260429
260430
260431
260432
260433
260434
260435
260436
260437
260438
260439
260440
260441
260442
260443
260444
260445
260446
260447
260448
260449
260450
260451
260452
260453
260454
260455
260456
260457
260458
260459
260460
260461
260462
260463
260464
260465
260466
260467
260468
260469
260470
260471
260472
260473
260474
260475
260476
260477
260478
260479
260480
260481
260482
260483
260484
260485
260486
260487
260488
260489
260490
260491
260492
260493
260494
260495
260496
260497
260498
260499
260500
260501
260502
260503
260504
260505
260506
260507
260508
260509
260510
260511
260512
260513
260514
260515
260516
260517
260518
260519
260520
260521
260522
260523
260524
260525
260526
260527
260528
260529
260530
260531
260532
260533
260534
260535
260536
260537
260538
260539
260540
260541
260542
260543
260544
260545
260546
260547
260548
260549
260550
260551
260552
260553
260554
260555
260556
260557
260558
260559
260560
260561
260562
260563
260564
260565
260566
260567
260568
260569
260570
260571
260572
260573
260574
260575
260576
260577
260578
260579
260580
260581
260582
260583
260584
260585
260586
260587
260588
260589
260590
260591
260592
260593
260594
260595
260596
260597
260598
260599
260600
260601
260602
260603
260604
260605
260606
260607
260608
260609
260610
260611
260612
260613
260614
260615
260616
260617
260618
260619
260620
260621
260622
260623
260624
260625
260626
260627
260628
260629
260630
260631
260632
260633
260634
260635
260636
260637
260638
260639
260640
260641
260642
260643
260644
260645
260646
260647
260648
260649
260650
260651
260652
260653
260654
260655
260656
260657
260658
260659
260660
260661
260662
260663
260664
260665
260666
260667
260668
260669
260670
260671
260672
260673
260674
260675
260676
260677
260678
260679
260680
260681
260682
260683
260684
260685
260686
260687
260688
260689
260690
260691
260692
260693
260694
260695
260696
260697
260698
260699
260700
260701
260702
260703
260704
260705
260706
260707
260708
260709
260710
260711
260712
260713
260714
260715
260716
260717
260718
260719
260720
260721
260722
260723
260724
260725
260726
260727
260728
260729
260730
260731
260732
260733
260734
260735
260736
260737
260738
260739
260740
260741
260742
260743
260744
260745
260746
260747
260748
260749
260750
260751
260752
260753
260754
260755
260756
260757
260758
260759
260760
260761
260762
260763
260764
260765
260766
260767
260768
260769
260770
260771
260772
260773
260774
260775
260776
260777
260778
260779
260780
260781
260782
260783
260784
260785
260786
260787
260788
260789
260790
260791
260792
260793
260794
260795
260796
260797
260798
260799
260800
260801
260802
260803
260804
260805
260806
260807
260808
260809
260810
260811
260812
260813
260814
260815
260816
260817
260818
260819
260820
260821
260822
260823
260824
260825
260826
260827
260828
260829
260830
260831
260832
260833
260834
260835
260836
260837
260838
260839
260840
260841
260842
260843
260844
260845
260846
260847
260848
260849
260850
260851
260852
260853
260854
260855
260856
260857
260858
260859
260860
260861
260862
260863
260864
260865
260866
260867
260868
260869
260870
260871
260872
260873
260874
260875
260876
260877
260878
260879
260880
260881
260882
260883
260884
260885
260886
260887
260888
260889
260890
260891
260892
260893
260894
260895
260896
260897
260898
260899
260900
260901
260902
260903
260904
260905
260906
260907
260908
260909
260910
260911
260912
260913
260914
260915
260916
260917
260918
260919
260920
260921
260922
260923
260924
260925
260926
260927
260928
260929
260930
260931
260932
260933
260934
260935
260936
260937
260938
260939
260940
260941
260942
260943
260944
260945
260946
260947
260948
260949
260950
260951
260952
260953
260954
260955
260956
260957
260958
260959
260960
260961
260962
260963
260964
260965
260966
260967
260968
260969
260970
260971
260972
260973
260974
260975
260976
260977
260978
260979
260980
260981
260982
260983
260984
260985
260986
260987
260988
260989
260990
260991
260992
260993
260994
260995
260996
260997
260998
260999
261000
261001
261002
261003
261004
261005
261006
261007
261008
261009
261010
261011
261012
261013
261014
261015
261016
261017
261018
261019
261020
261021
261022
261023
261024
261025
261026
261027
261028
261029
261030
261031
261032
261033
261034
261035
261036
261037
261038
261039
261040
261041
261042
261043
261044
261045
261046
261047
261048
261049
261050
261051
261052
261053
261054
261055
261056
261057
261058
261059
261060
261061
261062
261063
261064
261065
261066
261067
261068
261069
261070
261071
261072
261073
261074
261075
261076
261077
261078
261079
261080
261081
261082
261083
261084
261085
261086
261087
261088
261089
261090
261091
261092
261093
261094
261095
261096
261097
261098
261099
261100
261101
261102
261103
261104
261105
261106
261107
261108
261109
261110
261111
261112
261113
261114
261115
261116
261117
261118
261119
261120
261121
261122
261123
261124
261125
261126
261127
261128
261129
261130
261131
261132
261133
261134
261135
261136
261137
261138
261139
261140
261141
261142
261143
261144
261145
261146
261147
261148
261149
261150
261151
261152
261153
261154
261155
261156
261157
261158
261159
261160
261161
261162
261163
261164
261165
261166
261167
261168
261169
261170
261171
261172
261173
261174
261175
261176
261177
261178
261179
261180
261181
261182
261183
261184
261185
261186
261187
261188
261189
261190
261191
261192
261193
261194
261195
261196
261197
261198
261199
261200
261201
261202
261203
261204
261205
261206
261207
261208
261209
261210
261211
261212
261213
261214
261215
261216
261217
261218
261219
261220
261221
261222
261223
261224
261225
261226
261227
261228
261229
261230
261231
261232
261233
261234
261235
261236
261237
261238
261239
261240
261241
261242
261243
261244
261245
261246
261247
261248
261249
261250
261251
261252
261253
261254
261255
261256
261257
261258
261259
261260
261261
261262
261263
261264
261265
261266
261267
261268
261269
261270
261271
261272
261273
261274
261275
261276
261277
261278
261279
261280
261281
261282
261283
261284
261285
261286
261287
261288
261289
261290
261291
261292
261293
261294
261295
261296
261297
261298
261299
261300
261301
261302
261303
261304
261305
261306
261307
261308
261309
261310
261311
261312
261313
261314
261315
261316
261317
261318
261319
261320
261321
261322
261323
261324
261325
261326
261327
261328
261329
261330
261331
261332
261333
261334
261335
261336
261337
261338
261339
261340
261341
261342
261343
261344
261345
261346
261347
261348
261349
261350
261351
261352
261353
261354
261355
261356
261357
261358
261359
261360
261361
261362
261363
261364
261365
261366
261367
261368
261369
261370
261371
261372
261373
261374
261375
261376
261377
261378
261379
261380
261381
261382
261383
261384
261385
261386
261387
261388
261389
261390
261391
261392
261393
261394
261395
261396
261397
261398
261399
261400
261401
261402
261403
261404
261405
261406
261407
261408
261409
261410
261411
261412
261413
261414
261415
261416
261417
261418
261419
261420
261421
261422
261423
261424
261425
261426
261427
261428
261429
261430
261431
261432
261433
261434
261435
261436
261437
261438
261439
261440
261441
261442
261443
261444
261445
261446
261447
261448
261449
261450
261451
261452
261453
261454
261455
261456
261457
261458
261459
261460
261461
261462
261463
261464
261465
261466
261467
261468
261469
261470
261471
261472
261473
261474
261475
261476
261477
261478
261479
261480
261481
261482
261483
261484
261485
261486
261487
261488
261489
261490
261491
261492
261493
261494
261495
261496
261497
261498
261499
261500
261501
261502
261503
261504
261505
261506
261507
261508
261509
261510
261511
261512
261513
261514
261515
261516
261517
261518
261519
261520
261521
261522
261523
261524
261525
261526
261527
261528
261529
261530
261531
261532
261533
261534
261535
261536
261537
261538
261539
261540
261541
261542
261543
261544
261545
261546
261547
261548
261549
261550
261551
261552
261553
261554
261555
261556
261557
261558
261559
261560
261561
261562
261563
261564
261565
261566
261567
261568
261569
261570
261571
261572
261573
261574
261575
261576
261577
261578
261579
261580
261581
261582
261583
261584
261585
261586
261587
261588
261589
261590
261591
261592
261593
261594
261595
261596
261597
261598
261599
261600
261601
261602
261603
261604
261605
261606
261607
261608
261609
261610
261611
261612
261613
261614
261615
261616
261617
261618
261619
261620
261621
261622
261623
261624
261625
261626
261627
261628
261629
261630
261631
261632
261633
261634
261635
261636
261637
261638
261639
261640
261641
261642
261643
261644
261645
261646
261647
261648
261649
261650
261651
261652
261653
261654
261655
261656
261657
261658
261659
261660
261661
261662
261663
261664
261665
261666
261667
261668
261669
261670
261671
261672
261673
261674
261675
261676
261677
261678
261679
261680
261681
261682
261683
261684
261685
261686
261687
261688
261689
261690
261691
261692
261693
261694
261695
261696
261697
261698
261699
261700
261701
261702
261703
261704
261705
261706
261707
261708
261709
261710
261711
261712
261713
261714
261715
261716
261717
261718
261719
261720
261721
261722
261723
261724
261725
261726
261727
261728
261729
261730
261731
261732
261733
261734
261735
261736
261737
261738
261739
261740
261741
261742
261743
261744
261745
261746
261747
261748
261749
261750
261751
261752
261753
261754
261755
261756
261757
261758
261759
261760
261761
261762
261763
261764
261765
261766
261767
261768
261769
261770
261771
261772
261773
261774
261775
261776
261777
261778
261779
261780
261781
261782
261783
261784
261785
261786
261787
261788
261789
261790
261791
261792
261793
261794
261795
261796
261797
261798
261799
261800
261801
261802
261803
261804
261805
261806
261807
261808
261809
261810
261811
261812
261813
261814
261815
261816
261817
261818
261819
261820
261821
261822
261824
261825
261834
261835
261836
261837
261838
261839
261840
261842
261843
261844
261845
261846
261847
261848
261849
261850
261851
261852
261853
261854
261855
261856
261857
261858
261859
261860
261861
261862
261863
261864
261865
261866
261867
261868
261869
261870
261871
261872
261873
261874
261875
261876
261877
261878
261879
261880
261881
261882
261883
261884
261885
261886
261887
261888
261889
261890
261891
261892
261893
261894
261895
261896
261897
261898
261899
261900
261901
261902
261903
261904
261905
261906
261907
261908
261909
261910
261911
261912
261914
261915
261923
261924
261925
261926
261927
261929
261930
261931
261932
261933
261934
261935
261936
261937
261938
261939
261940
261941
261942
261943
261944
261945
261946
261947
261948
261949
261950
261951
261952
261953
261954
261955
261956
261957
261958
261959
261960
261961
264501
264502
264503
264505
264506
264507
264508
264509
264510
264511
264512
264514
264515
264517
264519
264538
264539
264540
264542
264543
264544
264545
264546
264547
264548
264550
264553
264688
264689
264690
264692
264693
264694
264695
264696
264697
264698
264699
264701
264702
264704
264706
264744
264745
264746
264748
264749
264750
264751
264752
264753
264754
264756
264759
264894
264895
264896
264898
264899
264900
264901
264902
264903
264904
264905
264907
264908
264910
264912
264950
264951
264952
264954
264955
264956
264957
264958
264959
264960
264962
264965
265100
265101
265102
265104
265105
265106
265107
265108
265109
265110
265111
265113
265114
265116
265118
265156
265157
265158
265160
265161
265162
265163
265164
265165
265166
265168
265171
265312
265313
265314
265316
265317
265318
265319
265320
265321
265322
265323
265325
265326
265328
265330
265368
265369
265370
265372
265373
265374
265375
265376
265377
265378
265380
265383
265524
265525
265526
265528
265529
265530
265531
265532
265533
265534
265535
265537
265538
265540
265542
265580
265581
265582
265584
265585
265586
265587
265588
265589
265590
265592
265595
265736
265737
265738
265740
265741
265742
265743
265744
265745
265746
265747
265749
265750
265752
265754
265792
265793
265794
265796
265797
265798
265799
265800
265801
265802
265804
265807
265948
265949
265950
265952
265953
265954
265955
265956
265957
265958
265959
265961
265962
265964
265966
266004
266005
266006
266008
266009
266010
266011
266012
266013
266014
266016
266019
266160
266161
266162
266163
266164
266165
266166
266167
266168
266170
266171
266173
266174
266176
266178
266216
266217
266218
266219
266220
266221
266222
266223
266225
266226
266228
266231
266366
266367
266368
266369
266370
266371
266372
266373
266374
266376
266377
266379
266380
266382
266384
266422
266423
266424
266425
266426
266427
266428
266429
266431
266432
266434
266437
266578
266579
266580
266582
266583
266584
266585
266586
266587
266588
266589
266591
266592
266594
266596
266634
266635
266636
266638
266639
266640
266641
266642
266643
266644
266646
266649
266790
266791
266792
266794
266795
266796
266797
266798
266799
266800
266801
266803
266804
266806
266808
266846
266847
266848
266850
266851
266852
266853
266854
266855
266856
266858
266861
267002
267003
267004
267006
267007
267008
267009
267010
267011
267012
267013
267015
267016
267018
267020
267058
267059
267060
267062
267063
267064
267065
267066
267067
267068
267070
267073
281164
281165
281166
281167
281168
281169
281170
281171
281172
281173
281174
281175
281176
281177
281178
281179
281180
281181
281182
281183
281184
281185
281186
281187
281188
281189
281190
281191
281192
281193
281194
281195
281196
281197
281198
281199
281200
281201
281202
281430
281431
281432
281433
281434
281435
281436
281437
281438
281439
281440
281441
281442
281443
281444
281445
281446
281447
281448
281449
281450
281451
281452
281453
281454
281455
281456
281457
281458
281459
281460
281461
281462
281463
281464
281465
281466
281467
281468
281469
281470
281471
281472
281473
281474
281475
281476
281477
281478
281479
281480
281481
281482
281483
281484
281485
281486
281487
281488
281489
281490
281491
281492
281493
281494
281495
281496
281497
281498
281499
281500
281501
281502
281503
281504
281505
281506
281507
281508
281509
281510
281511
281512
281513
281514
281515
281516
281517
281518
281519
281520
281521
281522
281523
281524
281525
281526
281527
281528
281529
281530
281531
281532
281533
281534
281535
281536
281537
281538
281539
281540
281541
281542
281543
281544
281545
281546
281547
281548
281549
281550
281551
281552
281553
281554
281555
281556
281557
281558
281559
281560
281561
281562
281563
281564
281565
281566
281567
281568
281569
281570
281571
281572
281573
281574
281575
281576
281577
281578
281579
281580
281581
281582
281583
281584
281585
281586
281587
281588
281589
281590
281591
281592
281593
281594
281595
281596
281597
281598
281599
281600
281601
281602
281603
281604
281605
281606
281607
281608
281609
281610
281611
281612
281613
281614
281615
281616
281617
281618
281619
281620
281621
281622
281623
281624
281625
281626
281627
281628
281629
281630
281631
281632
281633
281634
281635
281636
281637
281638
281639
281640
281641
281642
281643
281644
281645
281646
281647
281648
281649
281650
281651
281652
281653
281654
281655
281656
282015
282016
282017
282026
282027
282028
282029
282033
282034
282041
282042
282043
282044
282050
282052
282053
282057
282058
282067
282068
282069
282070
282076
282078
282079
282083
282084
282093
282094
282095
282096
282102
282104
282105
282109
282110
282119
282120
282121
282122
282128
282130
282131
282135
282136
282145
282146
282147
282148
282154
282156
282157
282161
282162
282171
282172
282173
282174
282180
282182
282183
282187
282188
282197
282198
282199
282200
282206
282208
282209
282213
282214
282217
282219
282220
282221
282222
282224
282225
282227
282228
282243
282245
282246
282251
282254
282263
282265
282266
282273
282274
282275
282276
282285
282286
282295
282296
282297
282298
282304
282306
282307
282311
282312
282321
282322
282323
282324
282330
282332
282333
282337
282338
284098
284099
284100
284101
284102
284103
284104
284105
284106
284107
284108
284109
284110
284111
284112
284113
284114
284115
284154
284156
284157
284159
284575
284577
284582
284583
284584
284585
284590
284592
284623
284624
284625
284626
284627
284628
284629
284630
284631
284632
284633
284634
284635
284636
284637
284638
284639
284640
284641
284642
284643
284644
284645
284646
284647
284648
284649
284650
284651
284652
284653
284654
284655
284656
284657
284658
284659
284660
284661
284662
284663
284664
284665
284666
284667
284668
284669
284670
284671
284672
284673
284674
284675
284676
284677
284678
284679
284680
284681
284682
284683
284684
284685
284686
284687
284688
284689
284690
284691
284692
284693
284694
284695
284696
284697
284698
284699
284700
284701
284702
284703
284704
284705
284706
284707
284708
284709
284710
284711
284712
284713
284714
284740
284741
284742
284743
284744
284745
284746
284747
284748
284749
284750
284751
284752
284753
284754
284755
284756
284757
284758
284759
284760
284761
284762
284763
284764
284765
284766
284767
284768
284769
284770
284771
284772
284773
284774
284775
284776
284777
284778
284779
284780
284781
284782
284783
284784
284785
284786
284787
284788
284789
284790
284791
284792
284793
284794
284795
284796
284797
284798
284799
284800
284801
284802
284803
284804
284805
284806
284807
284808
284809
284810
284811
284812
284813
284814
284815
284816
284849
284853
285306
285307
285308
285309
285311
285317
285421
285422
285423
285424
285425
285426
285427
285428
285429
285430
285431
285432
285433
285434
285435
285436
285437
285438
285439
285440
285441
285442
285443
285444
285445
285446
285447
285448
285449
285450
285451
285452
285453
285454
285455
285456
285457
285458
285459
285460
285461
285462
285463
285464
285465
285466
285467
287380
287381
287382
287383
287384
287385
287386
287387
287388
287389
287390
287391
287392
287393
287394
287395
287396
287397
287398
287399
287400
287401
287402
287403
287404
287405
287406
287407
287408
287409
287410
287411
287412
287413
287414
287415
287416
287417
287418
287419
287420
287421
287422
287423
287424
287425
287426
287427
287428
287429
287430
287431
287432
287433
287434
287435
287436
287437
287438
287439
287440
287441
287442
287443
287444
287445
287446
287447
287448
287449
287450
287451
287452
287453
287454
287455
287456
287457
287458
287459
287460
287461
287462
287463
287464
287465
287466
287467
287468
287469
287470
287471
287472
287473
287474
287475
287476
287477
287478
287479
287480
287481
287482
287483
287484
287485
287486
287487
287488
287489
287490
287491
287492
287493
287494
287495
287496
287497
287498
287499
287500
287501
287502
287503
287504
287505
287506
287507
287508
287509
287510
287511
287512
287513
287514
287515
287516
287517
287518
287519
287520
287521
287522
287523
287524
287525
287526
287527
287528
287529
287530
287531
287532
287533
287534
287535
287536
287537
287538
287539
287543
287545
287546
287554
287555
287556
287557
287558
287559
287560
287561
287562
287563
287564
287565
287566
287567
287568
287569
287570
287571
287572
287573
287574
287576
287577
287586
287587
287588
287589
287591
287592
288477
288478
288479
288480
288481
288482
288483
288484
288485
288486
288487
288488
288489
288490
288491
288492
288493
288494
288495
288496
288497
288498
288499
288500
288501
288502
288503
288504
288505
288506
288507
288508
288509
288510
288511
288512
288513
288514
288515
288516
288517
288518
288519
288520
288521
288522
288523
288524
288525
288526
288527
288528
288529
288530
288531
288532
288533
288534
288535
288536
288537
288538
288539
288540
288541
288542
288543
288544
288545
288546
288547
288548
288549
288550
288551
288552
288553
288554
288555
288556
288557
288558
288559
288560
288561
288562
288563
288564
288565
288566
288567
288568
288569
288570
288571
288572
288573
288574
288575
288576
288577
288578
288579
288580
288581
288582
288583
288584
288585
288586
288587
288588
288589
288590
288591
288592
288593
288594
288595
288596
288597
288598
288599
288600
288601
288602
288603
288604
288605
288606
288607
288608
288609
288610
288611
288612
288613
288614
288615
288616
288617
288618
288619
288620
288621
288622
288623
288624
288625
288626
288627
288628
288629
288630
288631
288632
288633
288634
288635
288636
288637
288638
288639
288640
288641
288642
288643
288644
288645
288646
288647
288648
288649
288650
288651
288652
288653
288654
288655
288656
288657
288658
288659
288660
288661
288662
288663
288664
288665
288666
288667
288668
288669
288670
288671
288672
288673
288674
288675
288676
288677
288678
288679
288680
288681
288682
288683
288684
288685
288686
288687
288688
288689
288690
288691
288692
288693
288694
288695
288696
288697
288698
288699
288700
288701
288702
288703
288704
288705
288706
288707
288708
288709
288710
288711
288712
288713
288714
288715
288716
288717
288718
288719
288720
288721
288722
288723
288724
288725
288726
288727
288728
288729
288730
288731
288732
288733
288734
288735
288736
288737
288738
288739
288740
288741
288742
288743
288744
288745
288746
288747
288748
288749
288750
288751
288752
288753
288754
288755
288756
288757
288758
288759
288760
288761
288762
288763
288764
288765
288766
288767
288768
288769
288770
288771
288772
288773
288774
288775
288776
288777
288778
288779
288780
288781
288782
288783
288784
288785
288786
288787
288788
288789
288790
288791
288792
288793
288794
288795
288796
288797
288798
288799
288800
288801
288802
288803
288804
288805
288806
288807
288808
288809
288810
288811
288812
288813
288814
288815
288816
288817
288818
288819
288820
288821
288822
288823
288824
288825
288826
288827
288828
288829
288830
288831
288832
288833
288834
288835
288836
288837
288838
288839
288840
288841
288842
288843
288844
288845
288846
288847
288848
288849
288850
288851
288852
288853
288854
288855
288856
288857
288858
288859
288860
288861
288862
288863
288864
288865
288866
288867
288868
288869
288870
288871
288872
288873
288874
288875
288876
288877
288878
288879
288880
288881
288882
288883
288884
288885
288886
288887
288888
288889
288890
288891
288892
288893
288894
288895
288896
288897
288898
288899
288900
288901
288902
288903
288904
288905
288906
288907
288908
288909
288910
288911
288912
288913
288914
288915
288916
288917
288918
288919
288920
288921
288922
288923
288924
288925
288926
288927
288928
288929
288930
288931
288932
288933
288934
288935
288936
288937
288938
288939
288940
288941
288942
288943
288944
288945
288946
288947
288948
288949
288950
288951
288952
288953
288954
288955
288956
288957
288958
288959
288960
288961
288962
288963
288964
288965
288966
288967
288968
288969
288970
288971
288972
288973
288974
288975
288976
288977
288978
288979
288980
288981
288982
288983
288984
288985
288986
288987
288988
288989
288990
288991
288992
288993
288994
288995
288996
288997
288998
288999
289000
289001
289002
289003
289004
289005
289006
289007
289008
289009
289010
289011
289012
289013
289014
289015
289016
289017
289018
289019
289020
289021
289022
289023
289024
289025
289026
289027
289028
289029
289030
289031
289032
289033
289034
289035
289036
289037
289038
289039
289040
289041
289042
289043
289044
289045
289046
289047
289048
289049
289050
289051
289052
289053
289054
289055
289056
289057
289058
289059
289060
289061
289062
289063
289064
289065
289066
289067
289068
289069
289070
289071
289072
289073
289074
289075
289076
289077
289078
289079
289080
289081
289082
289083
289084
289085
289086
289087
289088
289089
289090
289091
289092
289093
289094
289095
289096
289097
289098
289099
289100
289101
289102
289103
289104
289105
289106
289107
289108
289109
289110
289111
289112
289113
289114
289115
289116
289117
289118
289119
289120
289121
289122
289123
289124
289125
289126
289127
289128
289129
289130
289131
289132
289133
289134
289135
289136
289137
289138
289139
289140
289141
289142
289143
289144
289145
289146
289147
289148
289149
289150
289151
289152
289153
289154
289155
289156
289157
289158
289159
289160
289161
289162
289163
289164
289165
289166
289167
289168
289169
289170
289171
289172
289173
289174
289175
289176
289177
289178
289179
289180
289181
289182
289183
289184
289185
289186
289187
289188
289189
289190
289191
289192
289193
289194
289195
289196
289197
289198
289199
289200
289201
289202
289203
289204
289205
289206
289207
289208
289209
289210
289211
289212
289213
289214
289215
289216
289217
289218
289220
289221
289225
289226
289227
289235
289236
289237
289238
289239
289240
289241
289242
289243
289244
289245
289246
289247
289248
289249
289250
289251
289252
289253
289254
289255
289257
289258
289267
289268
289269
289270
289272
289273
290138
290139
290140
290142
290143
290144
290145
290146
290147
290148
290149
290152
290167
290177
290179
290180
290187
290189
290190
290192
290238
290240
290242
290246
290254
290256
290257
290259
290308
290310
290312
290316
290324
290326
290327
290329
290381
290383
290385
290389
290397
290399
290400
290402
290454
290456
290458
290462
290470
290472
290473
290475
290527
290529
290531
290535
290543
290545
290546
290548
290600
290602
290604
290608
290616
290618
290619
290621
290673
290675
290677
290681
290689
290691
290692
290694
290741
290743
290749
290754
290758
290760
290769
290870
290872
290881
290883
290887
290889
290894
290896
290948
290950
290952
290956
290964
290966
290967
290969
291021
291023
291025
291029
291037
291039
291040
291042
291094
291096
291098
291102
291113
291115
296856
296857
296858
296859
296860
296861
296862
296863
296864
296865
296866
296867
296868
296869
296870
296871
296872
296873
296874
296875
296876
296877
296878
296879
296880
296881
296882
296883
296884
296885
296886
296887
296888
296889
296890
296891
296892
296893
296894
296895
296896
296897
296898
296899
296900
296901
296902
296903
296904
296905
296906
296907
296908
296909
296910
296911
296912
296913
296914
296915
296916
296917
296918
296919
296920
296921
296922
296923
296924
296925
296926
296927
296928
296929
296930
296931
296932
296933
296934
296937
296938
296940
296944
296946
296947
296948
296949
296950
296951
296952
296953
296954
296955
296956
296957
296958
296959
296961
296965
296966
296967
296973
297545
297546
297547
297548
297549
297550
297551
297552
297553
297554
297555
297556
297557
297558
297559
297560
297561
297562
297563
297564
297565
297566
297567
297568
297569
297570
297571
297572
297573
297574
297575
297576
297577
297578
297579
297580
297581
297582
297583
297584
297585
297586
297587
297588
297589
297590
297591
297592
297593
297594
297595
297596
297597
297598
297599
297600
297601
297602
297603
297604
297605
297606
297607
297608
297609
297610
297611
297612
297613
297614
297615
297616
297617
297618
297619
297620
297621
297622
297623
297624
297625
297626
297627
297628
297629
297630
297631
297632
297633
297634
297635
297636
297637
297638
297639
297640
297641
297642
297643
297644
297645
297646
297647
297648
297649
297650
297651
297652
297653
297654
297655
297656
297657
297658
297659
297660
297661
297662
297663
297664
297665
297666
297667
297668
297669
297670
297671
297672
297673
297674
297675
297676
297677
297678
297679
297680
297681
297682
297683
297684
297685
297686
297687
297688
297689
297690
297691
297692
297693
297694
297695
297696
297697
297698
297699
297700
297701
297702
297703
297704
297705
297706
297707
297708
297709
297710
297711
297712
297713
297714
297715
297716
297717
297718
297719
297720
297721
297722
297723
297724
297725
297726
297727
297728
297729
297730
297731
297732
297733
297734
297735
297736
297737
297738
297739
297740
297741
297742
297743
297744
297745
297746
297747
297748
297749
297750
297751
297752
297753
297754
297755
297756
297757
297758
297759
297760
297761
297762
297763
297764
297765
297766
297767
297768
297769
297770
297771
297772
297773
297774
297775
297776
297777
297778
297779
297780
297781
297782
297783
297784
297785
297786
297787
297788
297789
297790
297791
297792
297793
297794
297795
297796
297797
297798
297799
297800
297801
297802
297803
297804
297805
297806
297807
297808
297809
297810
297811
297812
297813
297814
297815
297816
297817
297818
297819
297820
297821
297822
297823
297824
297825
297826
297827
297828
297829
297830
297831
297832
297833
297834
297835
297836
297837
297838
297839
297840
297841
297842
297843
297844
297845
297846
297847
297848
297849
297850
297851
297852
297853
297854
297855
297856
297857
297858
297859
297860
297861
297862
297863
297864
297865
297866
297867
297868
297869
297870
297871
297872
297873
297874
297875
297876
297877
297878
297879
297880
297881
297882
297883
297884
297885
297886
297887
297888
297889
297890
297891
297892
297893
297894
297895
297896
297897
297898
297899
297900
297901
297902
297903
297904
297905
297906
297907
297908
297909
297910
297911
297912
297913
297914
297915
297916
297917
297918
297919
297920
297921
297922
297923
297924
297925
297926
297927
297928
297929
297930
297931
297932
297933
297934
297935
297936
297937
297938
297939
297940
297941
297942
297943
297944
297945
297946
297947
297948
297949
297950
297951
297952
297953
297954
297955
297956
297957
297958
297959
297960
297961
297962
297963
297964
297965
297966
297967
297968
297969
297970
297971
297972
297973
297975
297976
297977
297983
297985
297986
297987
297988
297989
297990
297991
297992
297993
297994
297995
297996
297997
297998
298000
298004
298005
298006
298012
298526
298530
298564
298568
298602
298606
298640
298644
298681
298685
298722
298726
298763
298767
298799
298806
298840
298845
298878
298879
298880
298881
298882
298883
298884
298885
298886
298887
298888
298889
298890
298891
298892
298893
298894
298895
298896
298897
298898
298899
298900
298901
298902
298903
298904
298905
298906
298908
298952
298956
298993
298997
299034
301964
301965
301966
301967
301968
301969
301970
301971
301972
301973
301974
301975
301976
301977
301978
301979
301980
301981
301982
301983
301984
301985
301986
301987
301988
301989
301990
301991
301992
301993
301994
301995
301996
301997
301998
301999
302000
302001
302002
302003
302004
302005
302006
302007
303171
303172
303173
303174
303175
303176
303177
303178
303179
303180
303181
303182
303183
303184
303185
303186
303187
303188
303189
303190
303191
303192
303193
303194
303195
303196
303197
303198
303200
303201
303204
303205
303208
303209
303210
303211
303212
303213
303214
303215
303216
303287
303288
303289
303290
303291
303292
303293
303294
303295
303296
303297
303298
303299
303300
303301
303302
303303
303304
303305
303306
303307
303308
303309
303310
303311
303312
303313
303314
303315
303316
303317
303318
303319
303320
303321
303322
303323
303324
303325
303326
303327
303328
303329
303330
303331
303332
303333
303334
303335
303336
303337
303338
303339
303340
303341
303342
303343
303344
303345
303346
303347
303348
303349
303350
303351
303352
303353
303354
303355
303356
303357
303358
303359
303360
303361
303362
303363
303364
303365
303366
303367
303368
303369
303370
303371
303372
303373
303374
303375
303376
303377
303378
303379
303380
303381
303382
303383
303384
303385
303386
303387
303388
303389
303390
303391
303392
303393
303394
303395
303396
303397
303398
303399
303400
303401
303402
303403
303404
303405
303406
303407
303408
303409
303410
303411
303412
303413
303414
303415
303416
303417
303418
303419
303420
303421
303422
303423
303424
303425
303426
303427
303428
303429
303430
303431
303432
303433
303434
303435
303436
303437
303438
303439
303440
303441
303442
303443
303444
303445
303446
303447
303448
303449
303450
303451
303452
303453
303454
303455
303456
303457
303458
303459
303460
303461
303462
303463
303464
303465
303466
303467
303468
303469
303470
303471
303472
303473
303474
303475
303476
303477
303478
303479
303480
303481
303482
303483
303484
303485
303486
303487
303488
303489
303490
303491
303492
303493
303494
303495
303496
303497
303498
303499
303500
303501
303502
303503
303504
303505
303506
303507
303508
303509
303510
303511
303512
303513
303514
303515
303516
303517
303518
303519
303520
303521
303522
303523
303524
303525
303526
303527
303528
303529
303530
303531
303532
303533
303534
303535
303536
303537
303538
303539
303540
303541
303542
303543
303544
303545
303546
303547
303548
303549
303550
303551
303552
303553
303554
303555
303556
303557
303558
303559
303560
303561
303562
303563
303564
303565
303566
303567
303568
303569
303570
303571
303572
303573
303574
303575
303576
303577
303578
303579
303580
303581
303582
303583
303584
303585
303586
303587
303588
303589
303590
303591
303592
303593
303594
303595
303596
303597
303598
303599
303600
303601
303602
303603
303604
303605
303606
303607
303608
303717
303718
303719
303720
303721
303722
303723
303724
303725
303726
303727
303728
303729
303730
303731
303732
303733
303734
303735
303736
303737
303738
303739
303740
303741
303742
303743
303744
303745
303746
303747
303748
303749
303750
303751
303752
303753
303754
303755
303756
303757
303758
303759
303760
303761
303762
303763
303764
303765
303766
303767
303768
303769
303770
303771
303772
303773
303774
303775
303776
303777
303778
303779
303780
303781
303782
303783
303784
303785
303786
303787
303788
303789
303790
303791
303792
303793
303794
303795
303796
303797
303798
303799
303800
303801
303802
303803
303804
303805
303806
303807
303808
303809
303810
303811
303812
303813
303814
303815
303816
303817
303818
303819
303820
303821
303822
303823
303824
303825
303826
303827
303828
303829
303830
303831
303832
303833
303834
303835
303836
303837
303838
303839
303840
303841
303842
303843
303844
303845
303846
303847
303848
303849
303850
303851
303852
303853
303854
303855
303856
303857
303858
303859
304005
304006
304007
304009
304010
304011
304012
304013
304014
304055
304056
304057
304058
304059
304060
304061
304062
304063
304064
304065
304066
304067
304068
304069
304070
304071
304072
304073
304074
304075
304076
304077
304078
304079
304080
304081
304082
304083
304084
304085
304086
304087
304088
304089
304090
304091
304141
304142
304143
304144
304145
304146
304147
304148
304149
305463
305464
305467
305468
305474
305475
305476
305477
305478
305479
305480
305481
305482
305483
305484
305485
305495
305496
305497
305498
305499
305500
305501
305502
305503
305504
305505
305506
305507
305508
305509
305510
305511
305512
305513
305514
305515
305516
305900
305901
305902
305903
305904
305905
305906
305907
305908
305909
305910
305911
305912
305913
305914
305915
305916
305917
305918
305919
305920
305984
305985
305986
305987
305988
305989
305990
305991
305992
305993
305994
305995
305996
305997
305998
305999
306000
306001
306002
306003
306004
306005
306006
306007
306008
306009
306010
306011
306012
306013
306014
306015
306016
306017
306018
306019
306020
306021
306022
306023
306024
306025
306026
306027
306028
306029
306030
306031
306032
306033
306034
306035
306036
306037
306038
306039
306040
306041
306042
306043
306044
306045
306046
306047
306048
306049
306050
306051
306052
306053
306054
306055
306056
306057
306058
306059
306060
306061
306113
306114
306115
306116
306117
306118
306119
306120
306121
306122
306123
306124
306347
306348
306349
306350
306351
306352
306353
306354
306355
306356
306357
306358
306359
306360
306361
306362
306363
306364
306365
306366
306367
306368
306369
306370
306371
306372
306373
306374
306375
306376
306377
306378
306379
306380
306381
306382
306383
306384
306385
306386
306387
306388
306389
306390
306391
306392
306393
306394
306395
306396
306840
306841
306842
306843
306844
306845
306846
306847
306848
306849
306850
306851
306852
306853
306854
306855
306856
306857
306858
306859
306860
306861
306862
306863
306864
306865
306866
306867
306868
306869
306870
306871
306872
306873
306874
306875
306876
306877
306878
306879
306880
306881
306882
306883
306884
306885
306886
306887
306888
306889
306890
306891
306892
306893
306894
306895
306896
306897
306898
306899
306900
306901
306902
306903
306904
306905
306906
306907
306908
306909
306910
306911
306912
306913
306914
306915
306916
306917
306918
306919
306920
306921
306922
306923
306924
306925
306926
306927
306928
306929
306930
306931
306932
306933
306934
306935
306936
306937
306938
306939
306940
306941
306942
306943
306944
306945
306946
306947
306948
306949
306950
306951
306952
306953
306954
306955
306956
306957
306958
306959
306960
306961
306962
306963
306964
306965
306966
306967
306968
306969
306970
306971
306972
306973
306974
306975
306976
306977
306978
306979
306980
306981
306982
306983
306984
306985
306986
306987
306988
306989
306990
306991
306992
306993
306994
306995
306996
306997
306998
306999
307000
307001
307002
307003
307004
307005
307006
307007
307008
307009
307010
307011
307012
307013
307014
307015
307016
307017
307018
307019
307020
307021
307022
307023
307024
307025
307026
307027
307028
307029
307030
307031
307032
307033
307034
307035
307036
307037
307038
307039
307040
307041
307042
307043
307044
307045
307046
307047
307048
307049
307050
307051
307052
307053
307054
307055
307056
307057
307058
307059
307060
307061
307062
307063
307064
307065
307066
307067
307068
307069
307070
307071
307072
307073
307074
307075
307076
307077
307078
307079
307080
307081
307082
307083
307084
307085
307086
307087
307088
307089
307090
307091
307092
307093
307094
307095
307096
307097
307098
307099
307100
307101
307102
307103
307104
307105
307106
307107
307108
307109
307110
307111
307112
307113
307114
307115
307116
307117
307118
307119
307120
307121
307122
307123
307124
307125
307126
307127
307128
307129
307130
307131
307132
307133
307134
307135
307136
307137
307138
307139
307140
307141
307142
307143
307144
307145
307146
307147
307148
307149
307150
307151
307152
307153
307154
307155
307156
307157
307158
307159
307160
307161
307162
307163
307164
307165
307166
307167
307168
307169
307170
307171
307172
307173
307174
307175
307176
307177
307178
307179
307180
307181
307182
307183
307184
307185
307186
307187
307188
307189
307190
307233
307234
307235
307236
307237
307238
307239
307240
307241
307242
307243
307244
307245
307246
307247
307248
307249
307250
307251
307252
307253
307254
307255
307256
307257
307258
307259
307260
307261
307262
307263
307264
307265
307266
307267
307268
307269
307270
307271
307272
307273
307274
307275
307276
307277
307278
307279
307280
307281
307282
307283
307284
307285
307286
307287
307288
307289
307290
307291
307292
307293
307294
307295
307296
307297
307298
307299
307300
307301
307302
307303
307304
307305
307306
307307
307308
307309
307310
307311
307312
307313
307314
307315
307316
307317
307318
307319
307320
307321
307322
307323
307324
307325
307326
307327
307328
307329
307330
307331
307332
307333
307334
307335
307336
307337
307338
307339
307340
307341
307342
307343
307344
307345
307346
307347
307348
307349
307350
307351
307398
307399
307400
307401
307402
307403
307404
307405
307406
307407
307408
307409
307410
307411
307412
307413
307414
307415
307416
307417
307418
307419
308005
308006
308007
308008
308009
308010
308011
308012
308013
308203
308204
308205
308206
308207
308208
308209
308210
308211
308212
308213
308214
308215
308216
308217
308218
308219
308220
308221
308222
308223
308224
308225
308226
308227
308228
308229
308230
308231
308232
308233
308234
308235
308236
308237
308238
308239
308240
308241
308242
308243
308244
308245
308246
308637
308638
308639
308640
308641
308642
308870
308871
308872
308873
308874
308875
308876
308877
308878
308879
308880
308881
308882
308883
308884
308885
308886
308887
308888
308889
308890
308891
308892
308893
308894
308895
308896
308897
308898
308899
308900
308901
308902
308903
308904
308905
308906
308907
308908
308909
308910
308911
308912
308913
308914
308915
308916
308917
308918
308919
308920
308921
308922
308923
308924
308925
308926
308927
308928
308929
308930
308931
308932
308933
308934
308935
308936
308937
308938
308939
308940
308941
308942
308943
308944
308945
308946
308947
308948
308949
308950
308951
308952
308953
308954
308955
308956
308957
308958
308959
308960
308961
308962
308963
308964
308965
308966
308967
308968
308969
308970
308971
308972
308973
309180
309181
309182
309183
309184
309185
309186
309187
309188
309189
309190
309191
309192
309193
309194
309195
309196
309197
309198
309199
309200
309201
309202
309203
309204
309205
309206
309207
309208
309209
309210
309211
309212
309213
309214
309215
309216
309217
309218
309219
309220
309221
309222
309223
309224
309225
309226
309227
309228
309229
309230
309231
309232
309233
309234
309235
309236
309237
309238
309239
309240
309241
309242
309243
309244
309245
309246
309247
309248
309249
309250
309251
309252
309253
309254
309255
309256
309257
309258
309259
309260
309261
309262
309263
309264
309265
309266
309267
309268
309269
309270
309271
309272
309273
309274
309275
309276
309277
309278
309279
309280
309281
309282
309283
309284
309285
309286
309287
309288
309289
309290
309291
309292
309293
309294
309295
309296
309297
309298
309299
309300
309301
309302
309303
309304
309305
309306
309307
309308
309309
309310
309311
309312
309313
309314
309315
309316
309317
309318
309319
309320
309321
309322
309323
309324
309325
309326
309327
309328
309329
309330
309331
309332
309333
309334
309335
309336
309337
309338
309339
309340
309341
309342
309343
309344
309345
309346
309347
309348
309349
309350
309351
309352
309353
309354
309355
310550
310551
310552
310553
310554
310555
310556
310557
310558
310559
310560
310561
310562
310563
310564
310565
310566
310567
310568
310569
310570
310571
310572
310573
310574
310575
310576
310577
310578
310579
310580
310581
310582
310583
310584
310585
310586
310587
310588
310603
310604
310605
310606
310607
310608
310609
310610
310611
310612
310613
310614
310615
310616
310701
310702
310703
310704
310705
310706
310707
310708
310709
310710
310711
310712
310713
310714
310726
310727
310728
310729
310730
310731
310732
310733
310734
310735
310736
310737
310738
310739
310740
310741
310742
310743
310744
310745
310746
310747
310759
310760
310761
310762
310763
310764
310765
310766
311176
311177
311178
311179
311180
311181
311182
311183
311184
311185
311186
311187
311188
311189
311190
311191
311192
311193
311194
311195
311196
311197
311198
311199
311399
311400
311401
311402
311403
311404
311405
311406
311407
311408
311409
311410
311411
311412
311413
311414
311415
311416
311417
311418
311419
311420
311421
311422
311423
311424
311425
311426
311427
311428
311429
311430
311431
311432
311433
311434
311435
311436
311437
311438
311439
311440
311441
311442
311443
311444
311445
311446
311447
311448
311449
311450
311451
311452
311453
311454
311455
311456
311457
311458
311459
311460
311461
311462
311463
311464
311465
311466
311467
311468
311469
311470
311471
311472
311473
311474
311475
311476
311477
311478
311479
311480
311481
311482
311483
311484
311485
311486
311487
311488
311489
311490
311491
311492
311493
311494
311495
311496
311497
311498
311499
311500
311501
311502
311503
311504
311505
311506
311507
311508
311509
311510
311511
311512
311513
311514
311515
311516
311517
311518
311519
311520
311521
311522
311523
311524
311525
311526
311527
311528
311529
311530
311531
311532
311533
311534
311535
311536
311537
311538
311539
311540
311541
311542
311543
311544
311545
311546
311547
311548
311549
311550
311551
311591
311592
311593
311594
311595
311596
311597
311598
311599
311600
311601
311602
311603
311604
311605
311606
311607
311608
311609
311610
311611
311612
311613
311614
311615
311616
311617
311618
311619
311620
311621
311622
311623
311624
311625
311626
311627
311628
311629
311630
311631
311632
311633
311634
311635
311636
311675
311676
311677
311678
311679
311680
311681
311682
311683
311684
311685
311741
311742
312359
312360
312361
312362
312363
312364
312365
312366
312367
312368
312369
312370
312371
312372
312373
312374
312375
312376
312377
312378
312379
312380
312459
312460
312461
312462
312463
312464
312465
312466
312467
312468
312469
312470
312526
312527
312528
312529
312530
312531
312532
312533
312534
312535
312536
312537
312538
312539
312540
312541
312542
312543
312544
312595
312596
312597
312598
312599
312600
312601
312699
312700
312701
312702
312703
312704
312705
312706
312707
312708
312709
312710
312711
312712
312727
312728
312729
312730
312731
312732
312733
312734
312735
312736
312737
312738
312739
312740
314109
314110
314111
314112
314113
314114
314115
314116
314117
314118
314119
314120
314121
314122
314123
314124
314125
314126
314127
314128
314129
314130
314131
314132
314473
314474
314475
314476
314477
314478
314479
314480
314481
314482
314483
314484
314485
314486
314487
314488
314489
314490
314491
314492
314493
314494
314495
314496
314497
314498
314499
314500
314501
314502
314503
314504
314505
314506
314507
314508
314509
314510
314511
314512
314513
314514
314515
314516
314517
314518
314519
314520
314521
314522
314523
314524
314525
314526
314527
314528
314529
314530
314531
314532
314533
314534
314535
314536
314537
314538
314539
314540
314541
314542
314543
314544
314545
314546
314547
314548
314549
314550
314551
314552
314553
314554
314555
314556
314557
314558
314559
314560
314561
314562
314563
314564
314576
314577
314578
314579
314580
314581
314582
314583
314584
314585
314586
315159
315160
315161
315162
315163
315164
315165
315166
315167
315168
315169
315170
315171
315172
315173
315174
315175
315176
315177
315178
315179
315180
315181
315182
315183
315184
315185
315186
315187
315188
315189
315190
315191
315192
315193
315194
315195
315196
315197
315198
315199
315200
315201
315202
315203
315204
315205
315206
315207
315208
315209
315210
315211
315212
315213
315214
315215
315216
315217
315218
315219
315220
315221
315222
315223
315224
315225
315226
315227
315228
315229
315230
315231
315232
315233
315234
315235
315236
315237
315238
315239
315240
315241
315242
315243
315244
315245
315246
315247
315248
315249
315250
315251
315252
315253
315254
315255
315256
315257
315258
315259
315260
315261
315262
315263
315264
315265
315266
315267
315268
315269
315270
315271
315272
315273
315274
315275
315276
315277
315278
315279
315280
315281
315282
315283
315284
315285
315286
315287
315288
315289
315290
315291
315292
315293
315294
315295
315296
315297
315298
315299
315300
315301
315302
315303
315304
315305
315306
315307
315308
315309
315310
315311
315312
315313
315314
315315
315316
315317
315318
315319
315320
315321
315322
315323
315324
315325
315326
315327
315328
315329
315330
315331
315332
315333
315334
315335
315336
315337
315338
315339
315340
315341
315342
315343
315344
315345
315346
315347
315348
315349
315350
315351
315352
315353
315354
315355
315356
315357
315358
315359
315360
315361
315362
315363
315364
315365
315366
315367
315368
315369
315370
315371
315372
315373
315374
315375
315376
315377
315378
315379
315380
315381
315382
315383
315384
315385
315386
315387
315388
315389
315390
315391
315392
315393
315394
315395
315396
315397
315398
315399
315400
315401
315402
315403
315404
315405
315406
315407
315408
315409
315410
315411
315412
315413
315414
315415
315416
315417
315418
315419
315420
315421
315422
315423
315424
315425
315426
315427
315428
315429
315430
315431
315432
315433
315434
315435
315436
315437
315438
315439
315440
315441
315442
315443
315444
315445
315446
315447
315448
315449
315450
315451
315452
315453
315454
315455
315456
315457
315458
315459
315460
315461
315462
315463
315464
315465
315466
315467
315468
315469
315470
315471
315472
315473
315474
315475
315476
315477
315478
315479
315480
315481
315482
315483
315484
315485
315486
315487
315488
315489
315490
315491
315492
315493
315494
315495
315496
315497
315498
315499
315500
315501
315502
315503
315504
315505
315506
315507
315508
315509
315510
315511
315512
315513
315514
315515
315516
315517
315518
315519
315520
315521
315522
315523
315524
315525
315526
315527
315528
315529
315530
315531
315532
315533
315534
315535
315536
315537
315538
315539
315540
315541
315553
315554
315555
315556
315557
315558
315559
315560
315561
315562
315563
316013
316014
316015
316016
316017
316018
316019
316020
316021
316022
316023
316046
316047
316048
316049
316050
316051
316052
316053
316054
316055
316056
316079
316080
316081
316082
316083
316084
316085
316086
316087
316088
316089
316112
316113
316114
316115
316116
316117
316118
316119
316120
316121
316122
316148
316149
316150
316151
316152
316153
316154
316155
316156
316157
316158
316184
316185
316186
316187
316188
316189
316190
316191
316192
316193
316194
316220
316221
316222
316223
316224
316225
316226
316227
316228
316229
316230
316256
316257
316258
316259
316260
316261
316262
316263
316264
316265
316266
316292
316293
316294
316295
316296
316343
316344
316345
316346
316347
316348
316349
316350
316351
316352
316353
316354
316355
316356
316357
316358
316359
316360
316361
316362
316363
316389
316390
316391
316392
316393
316394
316395
316396
316397
316398
316399
316425
316426
316427
316428
316429
316430
316431
316432
316433
316434
316435
318907
318908
318909
318910
318911
318912
318913
318914
318915
318916
318917
318918
319007
319008
319009
319010
319011
319012
319013
319014
319015
319016
319017
319018
319019
319020
319021
319022
319023
319024
319025
319026
319027
319028
319029
319030
319031
319032
319033
319034
319035
319036
319037
319038
319039
319040
319041
319042
319043
319044
319045
319046
319047
319048
319049
319050
319051
319052
319053
319054
319055
319056
319057
319058
319059
319060
319061
319062
319063
319064
319065
319066
319067
319068
319069
319070
319071
319072
319144
319145
319146
319147
319148
319149
319150
319151
320577
320578
320579
320580
320581
320582
320583
320584
320585
320586
320587
320588
320589
320590
320591
320592
320593
320594
320595
320596
320597
320598
320599
320600
320601
320602
320603
320604
320605
320606
320607
320608
320609
320610
320611
320612
320613
320614
320615
320616
320617
320618
320619
320620
320621
320622
320623
320624
320625
320626
320627
320628
320629
320630
320631
320632
320633
320634
320635
320636
320637
320638
320639
320640
320641
320642
320643
320648
320649
320650
320651
320652
320653
320654
320655
320656
320664
320665
320666
320667
320668
320669
320670
320671
320672
320966
320967
320968
320969
320970
320971
320972
320973
320974
320975
320976
320977
320978
320979
320980
320981
320982
320983
320984
320985
320986
320987
320988
320989
320990
320991
320992
320993
320994
320995
320996
320997
320998
320999
321000
321001
321002
321003
321004
321005
321006
321007
321008
321009
321010
321011
321012
321013
321014
321015
321016
321017
321018
321019
321020
321021
321022
321023
321024
321025
321026
321027
321028
321029
321030
321031
321032
321033
321034
321035
321036
321037
321038
321039
321040
321041
321042
321043
321044
321045
321046
321047
321048
321049
321050
321051
321052
321053
321054
321055
321056
321057
321058
321059
321060
321061
321062
321063
321064
321065
321066
321067
321068
321069
321070
321071
321072
321073
321074
321075
321076
321077
321078
321079
321080
321081
321082
321083
321084
321085
321086
321087
321088
321089
321090
321091
321092
321093
321094
321095
321096
321097
321098
321099
321100
321101
321102
321103
321104
321105
321106
321107
321108
321109
321110
321111
321112
321113
321114
321115
321116
321117
321118
321119
321120
321121
321122
321123
321124
321125
321126
321127
321128
321129
321130
321131
321132
321133
321134
321135
321136
321137
321138
321139
321140
321141
321142
321143
321144
321145
321146
321147
321148
321149
321150
321151
321152
321153
321154
321155
321156
321157
321158
321159
321160
321161
321162
321163
321164
321165
321166
321167
321168
321169
321170
321171
321172
321173
321174
321175
321176
321177
321178
321179
321180
321181
321182
321183
321184
321185
321186
321187
321188
321189
321190
321191
321192
321193
321194
321195
321196
321197
321198
321199
321200
321201
321202
321203
321204
321205
321206
321207
321208
321209
321210
321211
321212
321213
321214
321215
321216
321217
321218
321219
321220
321221
321222
321223
321224
321225
321226
321227
321228
321229
321230
321231
321232
321233
321234
321235
321236
321237
321238
321239
321240
321241
321242
321243
321244
321245
321246
321247
321248
321249
321250
321251
321252
321253
321254
321255
321256
321257
321258
321259
321260
321261
321262
321263
321264
321265
321266
321267
321268
321269
321270
321271
321272
321273
321274
321275
321276
321277
321278
321279
321280
321281
321282
321283
321284
321285
321286
321287
321288
321289
321290
321291
321292
321293
321294
321295
321296
321297
321298
321299
321300
321301
321302
321303
321304
321305
321306
321307
321308
321447
321448
321449
321450
321451
321452
321453
321454
321455
321456
321457
321458
321459
321460
321461
321462
321463
321464
321465
321466
321467
321468
321469
321470
321471
321472
321473
321474
321475
321476
321477
321478
321479
321480
321481
321482
321483
321484
321485
321486
321487
321488
321489
321490
321491
321492
321493
321494
321495
321496
321497
321498
321499
321500
321501
321502
321503
321504
321505
321506
321507
321508
321509
321510
321511
321512
321513
321514
321515
321516
321517
321518
321519
321520
321521
321522
321523
321524
321525
321526
321527
321528
321529
321530
321531
321532
321533
321534
321535
321536
321537
321538
321539
321540
321541
321542
321543
321544
321545
321546
321547
321548
321549
321550
321551
321552
321553
321554
321555
321556
321557
321558
321559
321560
321561
321562
321563
321564
321565
321566
321567
321568
321569
321570
321571
321572
321573
321574
321575
321576
321804
321805
321806
321807
321808
321809
321810
321811
321812
321813
321814
324353
324354
324355
324356
324357
324358
324359
324360
324361
324362
324363
324364
324365
324366
324367
324368
324369
324370
324371
324372
324373
324374
324375
324376
324377
324378
324379
324380
324381
324382
324383
324384
324385
324386
324387
324388
324389
324390
324391
324392
324393
324394
324395
324396
324397
324398
324399
324400
324401
324402
324403
324404
324405
324406
324407
324408
324409
324410
324411
324412
324413
324414
324415
324416
324417
324418
324419
324420
324421
324422
325601
325602
325603
325604
325605
325606
325607
325608
325609
325610
325611
325612
325613
325614
325615
325616
325617
325618
325619
325620
325621
325622
325623
325624
325625
325626
325627
325628
325629
325630
325631
325632
325633
325634
325635
325636
325637
325638
325639
325640
325641
325642
325643
325644
325645
325646
325647
325648
325649
325650
325651
325652
325653
325654
325655
326342
326343
326344
326345
326346
326347
326348
326349
326350
326351
326352
326353
326354
326355
326356
326357
326358
326359
326360
326361
326362
326363
326364
326365
326366
326367
326368
326369
326370
326371
326372
326373
326374
326375
326376
326377
326378
326379
326380
326381
326382
326383
326384
326385
326386
326387
326388
326389
326390
326391
326392
326393
326394
326395
326396
326397
326398
326399
326400
326401
326402
326403
326404
326405
326406
326407
326408
326409
326410
326411
326412
326413
326414
326415
326416
326417
326418
326419
326420
326421
326422
326423
326424
326425
326426
326427
326428
326429
326430
326431
326432
326433
326434
326435
326436
326437
326438
326439
326440
326441
326442
326443
326444
326445
326446
326447
326448
326449
326450
326451
326452
326453
326454
326455
326456
326457
326458
326459
326460
326461
326462
326463
326464
326465
326466
326467
326468
326469
326470
326471
326472
326473
326474
326475
326476
326477
326478
326479
326480
326481
326482
326483
326484
326485
326486
326487
326488
326489
326490
326491
326492
326493
326494
326495
326496
326497
326498
326499
326500
326501
326502
326503
326504
326505
326506
326507
326508
326509
326510
326511
326512
326513
326514
326515
326516
326517
326518
326519
326520
326521
326522
326523
326524
326525
326526
326527
326528
326529
326530
326531
326532
326533
326534
326535
326536
326537
326538
326539
326540
326541
326542
326543
326544
326545
326546
326547
326548
326549
326550
326551
326552
326553
326554
326555
326556
326557
326558
326559
326560
326561
326562
326563
326564
326565
326566
326567
326568
326569
326570
326571
326572
326573
326574
326575
326576
326577
326578
326579
326580
326581
326582
326583
326584
326585
326586
326587
326588
326589
326590
326591
326592
326593
326594
326595
326596
326597
326598
326599
326600
326601
326602
326603
326604
326605
326606
326607
326608
326609
326610
326611
326612
326613
326614
326615
326616
326617
326618
326619
326620
326621
326622
326623
326624
326625
326626
326627
326628
326629
326630
326631
326632
326633
326634
326635
326636
326637
326638
326639
326640
326641
326642
326643
326644
326645
326646
326647
326648
326649
326650
326651
326652
326653
326654
326655
326656
326657
326658
326659
326660
326661
326662
326663
326664
326665
326666
326667
326668
326669
326670
326671
326672
326673
326674
326675
326676
326677
326678
326679
326680
326681
326682
326683
326684
326685
326686
326687
326688
326689
326690
326691
326692
326693
326694
326695
326696
326697
326698
326699
326700
326701
326702
326703
326704
326705
326706
326707
326708
326709
326710
326711
326712
326713
326714
326715
326716
326717
326718
326719
326720
326721
326722
326723
326724
326725
326726
326727
326728
326729
326730
326731
326732
326733
326734
326735
326736
326737
326738
326739
326740
326741
326742
326743
326744
326745
327322
327323
327324
327325
327326
327327
327328
327329
327330
327331
327332
327333
327334
327336
327337
327339
327352
327353
327354
327355
327356
327357
327358
327359
327360
327361
327362
327363
327364
327365
327380
327381
327382
327383
327384
327385
327386
327387
327388
327389
327390
327391
327392
327393
327422
327423
327424
327425
327426
327427
327428
327429
327430
327431
327432
327433
327434
327435
327464
327465
327466
327467
327468
327469
327470
327471
327472
327473
327474
327475
327476
327477
327506
327507
327508
327509
327510
327511
327512
327513
327514
327515
327516
327517
327518
327519
327548
327549
327550
327551
327552
327553
327554
327555
327556
327557
327558
327559
327560
327561
327590
327591
327592
327593
327594
327595
327596
327597
327598
327599
327600
327601
327602
327603
327632
327633
327634
327635
327636
327637
327638
327639
327640
327641
327642
327643
327644
327645
327674
327675
327676
327677
327678
327679
327680
327681
327682
327683
327684
327685
327686
327687
327720
327721
327722
327723
327724
327725
327726
327727
327728
327729
327730
327731
327732
327733
327734
327763
327764
327765
327766
327767
327768
327769
327770
327771
327772
327773
327774
327775
327776
327805
327806
327807
327808
327809
327810
327811
327812
327813
327814
327815
327816
327817
327818
327847
327848
327849
327850
327851
327852
327853
327854
327855
327856
327857
327858
327859
327860
331063
331064
331065
331066
331067
331068
331069
331070
331071
331072
331073
331074
331075
331076
331077
331078
331079
331080
331081
331082
331083
331084
331085
331086
331087
331088
331089
331090
331091
331092
331093
331094
331095
331096
331097
331098
331099
331100
331101
331102
331103
331104
331105
331106
331107
331108
331109
331110
331111
331112
331113
331114
331115
331116
331117
331118
331119
331120
331121
331122
331123
331124
331125
331126
331127
331128
331129
331130
331131
331132
331133
331134
331135
331136
331137
331138
331139
331140
331141
331142
331143
331144
331145
331146
331147
331148
331149
331150
331176
331177
331178
331179
331180
331181
331182
331183
331184
331185
331186
331187
331188
331189
331190
331191
331192
331193
331194
331195
331196
331197
331198
331199
331200
331201
331202
331233
331234
331235
331236
331237
331238
331239
331240
331241
331242
331243
331244
331245
331246
331247
331248
331249
331250
331251
331252
331253
331254
331255
331256
331257
331258
331259
331260
331261
331262
331582
331583
331584
331585
331586
331587
331588
331589
331590
331591
331592
331593
331594
331595
331596
331597
331598
331599
331600
331601
331602
331603
331604
331605
331606
331607
331608
331609
331610
331611
331814
331815
331816
331817
331818
331819
331820
331821
331822
331823
331824
331825
331826
331827
331828
331829
331830
331831
331832
331833
331834
331835
331836
331837
331838
331839
331840
331841
331842
331843
331844
331845
331846
331847
331848
331849
331850
331851
331852
331853
331854
331855
331856
331857
331858
331859
331860
331861
331862
331863
331864
331865
331866
331867
331868
331869
331870
331871
331872
331873
331874
331875
331876
331877
331878
331879
331880
331881
331882
331883
331946
331947
331948
331949
331950
331951
331952
331953
331954
331955
331957
331958
331959
331961
331962
331964
331965
331966
331968
331969
331971
333169
333170
333171
333172
333173
333174
333175
333380
333381
333382
333383
333384
333385
333386
333387
333388
333389
333390
333391
333392
333393
333394
333395
333396
333397
333398
333399
333400
333401
333402
333403
333404
333405
333406
333407
333408
333409
333410
333411
333412
333413
333414
333415
333416
333417
333418
333419
333420
333421
333422
333423
333435
333436
333437
333438
333439
333440
333441
333442
333443
333444
333445
333446
333448
333449
333450
334692
334693
334694
334695
334696
334697
334698
334699
334700
334701
334702
334703
334704
334705
334706
334707
334708
334709
334710
334711
334712
334713
334714
334715
334716
334717
334718
334719
334720
334721
334722
334723
334724
334725
334726
334727
334728
334729
334730
334731
334732
334733
334734
334735
334736
334737
334738
334739
334740
334741
334742
334743
334744
334745
334746
334747
334748
334749
334750
334751
334752
334753
334754
334755
334756
334757
334758
334759
334760
334761
334762
334763
334764
334765
334766
334767
334768
334769
334770
334771
334772
334773
334774
334775
334776
334777
334778
334779
334780
334781
334782
334783
334784
334785
334786
334787
334788
334789
334790
334791
334792
334793
334794
334795
334796
334797
334798
334799
334800
334801
334802
334803
334804
334805
334806
334807
334808
334809
334810
334811
334812
334813
334814
334815
334816
334817
334818
334819
334820
334821
334822
334823
334824
334825
334826
334827
334828
334829
334830
334831
334832
334833
334834
334835
334836
334837
334838
334839
334840
334841
334842
334843
334844
334845
334846
334847
334848
334849
334850
334851
334852
334853
334854
334855
334856
334857
334858
334859
334860
334861
334862
334863
334864
334865
334866
334867
334868
334869
334870
334871
334872
334873
334874
334875
334876
334877
334878
334879
334880
334881
334882
334883
334884
334885
334886
334887
334888
334889
334890
334891
334892
334893
334894
334895
334896
334897
334898
334899
334900
334901
334902
334903
334904
334905
334906
334907
334908
334909
334910
334911
334912
334913
334914
334915
334916
334917
334918
334919
334920
334921
334922
334923
334924
334925
334926
334927
334928
334929
334930
334931
334932
334933
334934
334935
334936
334937
334938
334939
334940
334941
334942
334943
334944
334945
334946
334947
334948
334949
334950
334951
334952
334953
334954
334955
334956
334957
334958
334959
334960
334961
334962
334963
334964
334965
334966
334967
334968
334969
334970
334971
334972
334973
334974
334975
334976
334977
334978
334979
334980
334981
334982
334983
334984
334985
334986
334987
334988
334989
334990
334991
334992
334993
334994
334995
334996
334997
334998
334999
335000
335001
335002
335003
335004
335005
335006
335007
335008
335009
335010
335011
335012
335013
335014
335015
335016
335017
335018
335019
335020
335021
335022
335023
335024
335025
335026
335027
335028
335029
335030
335031
335032
335033
335034
335035
335036
335037
335038
335039
335040
335041
335042
335043
335044
335045
335046
335047
335048
335049
335050
335051
335052
335053
335054
335055
335056
335057
335058
335059
335060
335061
335062
335063
335064
335065
335066
335067
335068
335069
335070
335071
335072
335073
335074
335075
335076
335077
335078
335079
335080
335081
335082
335083
335084
335085
335086
335087
335088
335089
335090
335091
335092
335093
335094
335095
335096
335097
335098
335259
335260
335261
335262
335263
335264
335265
335266
335267
335268
335269
335270
335271
335272
335273
335274
335275
335276
335277
335278
335279
335280
335281
335282
335283
335284
335285
335286
335287
335288
335289
335290
335291
335292
335293
335294
335295
335296
335297
335298
335299
335300
335301
335302
335303
335304
335305
335306
335307
335308
335309
335310
335311
335312
335313
335314
335315
335316
335317
335318
335319
335320
335321
335322
335323
335324
335325
335326
335327
335328
335329
335330
335331
335332
335333
335334
335335
335336
335337
335338
335339
335340
335341
335342
335343
335344
335345
335346
335347
335348
335349
335350
335351
335352
335353
335354
335355
335356
335357
335358
335359
335360
335361
335362
335363
335364
335365
335366
335367
335565
335566
335567
335568
335569
335570
335571
335572
335573
335574
335576
335577
335578
335580
335581
335583
335584
335585
335587
335588
335590
335635
335638
335639
335640
335641
335794
335795
335796
335798
335799
335800
335802
335803
335804
335832
335835
335836
335837
337401
337402
337403
337404
337405
337871
337872
337873
337874
337875
337876
337877
337878
337879
337880
337881
337882
337883
337884
337885
337886
337887
337888
337889
337890
337891
337892
337893
337894
337895
337896
337897
337898
337899
337900
337901
337902
337903
337904
337905
337906
337907
337908
337909
337910
337911
337912
337913
337914
337915
337916
337917
337918
337919
337920
337921
337922
337923
337924
338102
338103
338104
338105
338106
338107
338108
338109
338110
338111
338112
338113
338114
338115
338116
338117
338118
338119
338120
338121
338122
338123
338124
338125
338126
338127
338128
338129
338130
338131
338132
338133
338134
338135
338136
338137
338138
338139
338140
338141
338142
338143
338144
338145
338146
338147
338148
338149
338150
338151
338152
338153
338154
338155
338156
338157
338239
338240
338241
338242
338243
338244
338245
338246
338247
338248
338249
338250
338251
338252
338253
338254
338255
338256
338257
338258
338259
338260
338261
338262
338263
338264
338265
338266
338267
338268
338269
338270
338271
338272
338273
338274
338275
338276
338277
338278
338279
338280
338281
338282
338283
338284
338285
338286
338287
338288
338289
338290
338291
338292
338293
338294
338295
338296
338297
338298
338299
338300
338301
338302
338303
338304
338305
338306
338307
338308
338309
338310
338311
338312
338313
338314
338315
338316
338317
338318
338319
338320
338321
338322
338323
338324
338325
338326
338327
338328
338329
338330
338331
338332
338333
338334
338335
338336
338337
338338
338339
338340
338341
338342
338343
338344
338345
338346
338347
338348
338349
338350
338351
338352
338353
338354
338355
338356
338357
338358
338359
338360
338361
338362
338363
338364
338365
338366
338367
338368
338369
338370
338371
338372
338373
338374
338375
338376
338377
338378
338379
338380
338381
338382
338383
338384
338385
338386
338387
338388
338389
338390
338391
338392
338393
338394
338395
338396
338397
338398
338399
338400
338401
338402
338403
338404
338405
338406
338407
338408
338409
338410
338411
338481
338482
338483
338484
338485
338486
338487
338488
338489
338490
338491
338492
338493
338494
338495
338496
338497
338498
338499
338500
338501
338502
338503
338504
338505
338506
338507
338508
338509
338510
338511
338512
338513
338514
338661
338662
338663
338664
338665
338666
338667
338668
338669
338670
338672
338673
338674
338676
338677
338679
338680
338682
338719
338720
338721
338722
338723
338724
338725
338726
338727
338728
341875
341876
341877
341878
341879
341880
341881
341882
341883
341884
341885
341886
341887
341888
341889
341890
341891
341892
341893
341894
341895
341896
341897
341898
341899
341900
341901
341902
341903
341904
341905
341906
341907
341908
341909
341910
341911
341912
341913
341914
341915
341916
341917
341918
341919
341920
341921
341922
341923
341924
341925
341926
341927
341928
341929
341930
341931
341932
341933
341934
341935
341936
343006
343007
343008
343009
343010
343011
343012
343013
343014
343015
343016
343017
343018
343019
343020
343021
343022
343023
343024
343025
343026
343027
343028
343029
343030
343031
343032
343033
343034
343035
343036
343037
343038
343039
343040
343041
343042
343043
343044
343045
343046
343047
343048
343049
343050
343051
343052
343053
343054
343055
343056
343057
343058
343059
343060
343061
343062
343063
343064
343065
343066
343067
343068
343069
343070
343071
343072
343073
343074
343075
343076
343077
343078
343079
343080
343081
343082
343083
343084
343085
343086
343087
343088
343089
343090
343091
343092
343093
343094
343095
343096
343097
343098
343099
343100
343101
343102
343103
343104
343105
343106
343107
343108
343109
343110
343111
343112
343113
343114
343115
343116
343117
343118
343119
343120
343121
343122
343123
343124
343125
343126
343127
343128
343129
343130
343131
343132
343133
343134
343135
343136
343137
343138
343139
343140
343141
343142
343143
343144
343145
343146
343147
343148
343149
343150
343151
343152
343153
343154
343155
343156
343157
343158
343159
343160
343161
343162
343163
343164
343165
343166
343167
343168
343169
343170
343171
343172
343173
343174
343175
343176
343177
343178
343179
343180
343181
343182
343183
343184
343185
343186
343187
343188
343189
343190
343191
343192
343193
343194
343195
343196
343197
343198
343199
343200
343201
343202
343203
343204
343205
343206
343207
343208
343209
343210
343211
343212
343213
343214
343215
343216
343217
343218
343219
343220
343221
343222
343223
343224
343225
343226
343227
343228
343229
343230
343231
343232
343233
343234
343235
343236
343237
343238
343239
343240
343241
343242
343243
343244
343245
343246
343261
343262
343263
343264
343265
343266
343267
343268
343269
343270
343271
343272
343273
343274
343275
343276
343277
343278
343279
343280
343281
343282
343283
343284
343285
343286
343287
343288
343289
343290
343291
343292
343293
343294
343295
343296
343297
343298
343299
343300
343301
343302
343303
343304
343305
343306
343307
343308
343309
343310
343311
343312
343313
343325
343326
343327
343328
343329
343330
343331
343332
343333
343334
343335
343336
343337
343338
343339
343340
343341
343342
343343
345061
345062
345063
345064
345065
345066
345067
345068
345069
345070
345071
345072
345073
345074
345075
345076
345077
345078
345079
345080
345081
345082
345083
345084
345085
345086
345087
345088
345089
345090
345091
345092
345093
345094
345095
345096
345097
345098
345099
345100
345101
345102
345103
345104
345105
345106
345107
345108
345109
345110
345111
345112
345113
345114
345115
345116
345117
345118
345119
345120
345121
345122
345123
345124
345125
345126
345127
345128
345129
345130
345131
345132
345133
345134
345135
345136
345137
345138
345139
345140
345141
345142
345143
345144
345145
345146
345147
345148
345149
345150
345151
345152
345153
345154
345155
345156
345157
345158
345159
345160
345161
345162
345163
345164
345165
345166
345167
345168
345169
345170
345171
345172
345173
345174
345175
345176
345177
345178
345179
345180
345181
345182
345183
345184
345185
345186
345187
345188
345189
345190
345191
345192
345193
345194
345195
345196
345197
345198
345199
345200
345201
345202
345203
345204
345205
345206
345207
345208
345209
345210
345211
345212
345213
345214
345215
345216
345217
345218
345219
345220
345221
345222
345223
345224
345225
345226
345227
345228
345229
345230
345231
345232
345233
345234
345235
345236
345237
345238
345239
345240
345241
345242
345243
345244
345245
345246
345247
345248
345249
345250
345251
345252
345253
345254
345255
345256
345257
345258
345259
345260
345261
345262
345263
345264
345265
345266
345267
345268
345269
345270
345271
345272
345273
345274
345275
345276
345277
345278
345279
345280
345281
345282
345283
345284
345285
345286
345287
345288
345289
345290
345291
345292
345293
345294
345295
345296
345297
345298
345299
345300
345301
345302
345303
345304
345305
345306
345307
345308
345309
345310
345311
345312
345313
345314
345315
345316
345317
345318
345319
345320
345321
345322
345323
345324
345325
345326
345327
345328
345329
345330
345331
345332
345333
345334
345335
345336
345337
345338
345339
345340
345341
345342
345343
345344
345345
345346
345347
345348
345349
345350
345351
345352
345353
345354
345355
345356
345357
345358
345359
345360
345361
345362
345363
345364
345365
345366
345367
345368
345369
345370
345371
345372
345373
345374
345375
345376
345377
345378
345379
345380
345381
345382
345383
345384
345385
345386
345387
345388
345389
345390
345391
345392
345393
345394
345395
345396
345397
345398
345399
345400
345401
345402
345403
345404
345405
345406
345407
345408
345409
345410
345411
345412
345413
345414
345415
345416
345417
345418
345419
345420
345421
345422
345423
345424
345425
345426
345427
345428
345429
345430
345431
345432
345433
345434
345435
345436
345437
345438
345439
345440
345441
345442
345443
345444
345445
345446
345447
345448
345449
345450
345451
345452
345453
345454
345455
345456
345457
345458
345459
345460
345461
345462
345463
345464
345465
345466
345467
345468
345469
345470
345471
345472
345473
345474
345475
345476
345477
345478
345479
345480
345481
345482
345483
345484
345485
345486
345487
345488
345489
345490
345491
345492
345493
345494
345495
345496
345497
345498
345499
345500
345501
345502
345503
345504
345505
345506
345507
345508
345509
345510
345511
345512
345513
345514
345515
345516
345517
345518
345519
345520
345521
345522
345523
345524
345525
345526
345527
345528
345529
345530
345531
345532
345533
345534
345535
345536
345537
345538
345539
345540
345541
345542
345543
345544
345545
345546
345547
345548
345549
345550
345551
345552
345553
345554
345555
345556
345557
345558
345559
345560
345561
345562
345563
345564
345565
345566
345567
345568
345569
345570
345571
345572
345573
345574
345575
345576
345577
345578
345579
345580
345581
345582
345583
345584
345585
345586
345587
345588
345589
345590
345591
345592
345593
345594
345595
345596
345597
345598
345599
345600
345601
345602
345603
345604
345605
345606
345607
345608
345609
345610
345611
345612
345613
345614
345615
345616
345617
345618
345619
345620
345621
345622
345623
345624
345625
345626
345627
345628
345629
345630
345631
345632
345633
345634
345635
345636
345637
345638
345639
345640
345641
345642
345643
345644
345645
345646
345647
345648
345649
345650
345651
345652
345653
345654
345655
345656
345657
345658
345659
345660
345661
345662
345663
345664
345665
345666
345667
345668
345669
345670
345671
345672
345673
345674
345675
345676
345677
345678
345679
345680
345681
345682
345683
345684
345685
345686
345687
345688
345689
345690
345691
345692
345693
345694
345695
345696
345697
345698
345699
345700
345701
345702
345703
345704
345705
345706
345707
345708
345709
345710
345711
345712
345713
345714
345715
345716
345717
345718
345719
345720
345721
345722
345723
345724
345725
345726
345727
345728
345729
345730
345731
345732
345733
345734
345735
345736
345737
345738
345739
345740
345741
345742
345743
345744
345745
345746
345747
345748
345749
345750
345751
345752
345753
345754
345755
345756
345757
345758
345759
345760
345761
345762
345763
345764
345765
345766
345767
345768
345769
345770
345771
345772
345773
345774
345775
345776
345777
345778
345779
345780
345781
345782
345783
345784
345785
345786
345787
345788
345789
345790
345791
345792
345793
345794
345795
345796
345797
345798
345799
345800
345801
345802
345803
345804
345805
345806
345807
345808
345809
345810
345811
345812
345813
345814
345815
345816
345817
345818
345819
345820
345821
345822
345823
345824
345825
345826
345827
345828
345829
345830
345831
345832
345833
345834
345835
345836
345837
345838
345839
345840
345841
345842
345843
345844
345845
345846
345847
345848
345849
345850
345851
345852
345853
345854
345855
345856
345857
345858
345859
345860
345861
345862
345863
345864
345865
345866
345867
345868
345869
345870
345871
345872
345873
345874
345875
345876
345877
345878
345879
345880
345881
345882
345883
345884
345885
345886
345887
345888
345889
345890
345891
345892
345893
345894
345895
345896
345897
345898
345899
345900
345901
345902
345903
345904
345905
345906
345907
345908
345909
345910
345911
345912
345913
345914
345915
345916
345917
345918
345919
345920
345921
345922
345923
345924
345925
345926
345927
345928
345929
345930
345931
345932
345933
345934
345935
345936
345937
345938
345939
345940
345941
345942
345943
345944
345945
345946
345947
345948
345949
345950
345951
345952
345953
345954
345955
345956
345957
345958
345959
345960
345961
345962
345963
345964
345965
345966
345967
345968
345969
345970
345971
345972
345973
345974
345975
345976
345977
345978
345979
345980
345981
345982
345983
345984
345985
345986
345987
345988
345989
345990
345991
345992
345993
345994
345995
345996
345997
345998
345999
346000
346001
346002
346003
346004
346005
346006
346007
346008
346009
346010
346011
346012
346013
346014
346015
346016
346017
346018
346019
346020
346021
346022
346023
346024
346025
346026
346027
346028
346029
346030
346031
346032
346033
346034
346035
346036
346037
346038
346039
346040
346041
346042
346043
346044
346045
346046
346047
346048
346049
346050
346051
346052
346053
346054
346055
346056
346057
346058
346059
346060
346061
346062
346063
346064
346065
346066
346067
346068
346069
346070
346071
346072
346073
346074
346075
346076
346077
346078
346079
346080
346081
346082
346083
346084
346085
346086
346087
346088
346089
346090
346091
346092
346093
346094
346095
346096
346097
346098
346099
346100
346101
346102
346103
346104
346105
346106
346107
346108
346109
346110
346111
346112
346113
346114
346115
346116
346117
346118
346119
346120
346121
346122
346123
346124
346125
346126
346127
346128
346129
346130
346131
346132
346133
346134
346135
346136
346137
346138
346139
346140
346141
346142
346143
346144
346145
346146
346147
346148
346149
346150
346151
346152
346153
346154
346155
346156
346157
346158
346159
346160
346161
346162
346163
346164
346165
346166
346167
346168
346169
346170
346171
346172
346173
346174
346175
346176
346177
346178
346179
346180
346181
346182
346183
346184
346185
346186
346187
346188
346189
346190
346191
346192
346193
346194
346195
346196
346197
346198
346199
346200
346201
346202
346203
346204
346205
346206
346207
346208
346209
346210
346211
346212
346213
346214
346215
346216
346217
346218
346219
346220
346221
346222
346223
346224
346225
346226
346227
346228
346229
346230
346231
346232
346233
346234
346235
346236
346251
346252
346253
346254
346255
346256
346257
346258
346259
346260
346261
346262
346263
346264
346265
346266
346267
346268
346269
346270
346271
346272
346273
346274
346275
346276
346277
346278
346279
346280
346281
346282
346283
346284
346285
346286
346287
346288
346289
346290
346291
346292
346293
346294
346295
346296
346297
346298
346299
346300
346301
346302
346303
346315
346316
346317
346318
346319
346320
346321
346322
346323
346324
346325
346326
346327
346328
346329
346330
346331
346332
346333
347702
347703
347704
347705
347706
347707
347708
347709
347710
347711
347712
347807
347808
347809
347810
347811
347812
347813
347814
347815
347816
347817
347912
347913
347914
347915
347916
347917
347918
347919
347920
347921
347922
348014
348015
348016
348017
348018
348019
348020
348021
348022
348023
348024
348122
348123
348124
348125
348126
348127
348128
348129
348130
348131
348132
348230
348231
348232
348233
348234
348235
348236
348237
348238
348239
348240
348338
348339
348340
348341
348342
348343
348344
348345
348346
348347
348348
348446
348447
348448
348449
348450
348451
348452
348453
348454
348455
348456
348554
348555
348556
348557
348558
348559
348560
348561
348562
348681
348682
348683
348684
348685
348687
348688
348689
348690
348699
348700
348701
348702
348703
348704
348705
348706
348707
348708
348709
348710
348711
348712
348713
348714
348715
348716
348717
348718
348719
348720
348721
348722
348723
348724
348725
348726
348727
348728
348729
348730
348828
348829
348830
348831
348832
348833
348834
348835
348836
348837
348838
348936
348937
348938
348939
348940
348941
348942
348943
348944
348945
348946
349044
349045
349046
349047
349048
349049
349050
349051
349052
349053
349054
356723
356724
356725
356726
356727
356728
356729
356730
356731
356732
356733
356734
356735
356736
356737
356738
356739
356740
356741
356742
356743
356744
356745
356746
356747
356748
356749
356750
356751
356752
356753
356754
356755
356756
356757
356758
356759
356760
356761
356762
356763
356764
356765
356766
356767
356768
356769
356770
356771
356772
356773
356774
356775
356776
356777
356778
356779
356780
356781
356782
356783
356784
356785
356786
356787
356788
356789
356790
356791
356792
356793
357282
357283
357284
357285
357286
357287
357288
357289
357290
357291
357292
357293
357294
357295
357296
357297
357298
357299
357300
357301
357302
357303
357304
357305
357306
357307
357308
357309
357310
357311
357312
357313
357314
357315
357316
357317
357318
357319
357320
357321
357322
357323
357324
357325
357326
357327
357328
357329
357330
357331
357332
357333
357334
357335
357336
357337
357338
357339
357340
357341
357342
357343
357344
357345
357346
357347
357348
357349
357350
357351
357352
357353
357354
357355
357356
357357
357358
357359
357360
357361
357362
357363
357364
357365
357366
357367
357368
357369
357370
357371
357372
357373
357374
357375
357376
357377
357378
357379
357380
357381
357382
357383
357384
357385
357386
357387
357388
357389
357390
357391
357392
357393
357394
357395
357396
357397
357398
357399
357400
357401
357402
357403
357404
357405
357406
357407
357408
357409
357410
357411
357412
357413
357414
357415
357416
357417
357418
357419
357420
357421
357422
357423
357424
357425
357426
357427
357428
357429
357582
357583
357584
357585
357586
357587
357588
357590
357591
357593
357595
357597
361582
361583
361584
361585
361586
361587
361588
361589
361601
361603
361604
361605
361606
361607
361608
361611
361993
361994
361995
361996
361997
361998
361999
362000
362001
362002
362003
362004
362005
362006
362007
362008
362009
362010
362011
362012
362013
362014
362015
362016
362017
362018
362019
362020
362021
362022
362023
362024
362025
362026
362027
362028
362029
362030
362031
362032
362033
362034
362035
362036
362037
362038
362039
362040
362041
362042
362043
362044
362045
362046
362047
362048
362049
362050
362051
362052
362053
362054
362055
362056
362057
362058
362059
362060
362061
362062
362063
362064
362065
362066
362067
362068
362069
362070
362071
362072
362073
362074
362075
362076
362077
362078
362079
362080
362081
362082
362083
362084
362085
362086
362087
362088
362089
362090
362091
362092
362093
362094
362095
362096
362097
362098
362099
362100
362101
362102
362103
362104
362105
362106
362107
362108
362109
362110
362111
362112
362113
362114
362115
362116
362117
362118
362119
362120
362121
362122
362123
362124
362125
362126
362127
362128
362129
362130
362131
362132
362133
362134
362135
362136
362137
362138
362139
362140
362141
362142
362143
362144
362145
362146
362147
362148
362149
362150
362151
362152
362153
362154
362155
362156
362157
362158
362159
362160
362161
362162
362163
362164
362165
362166
362167
362168
362169
362170
362171
362172
362173
362174
362175
362176
362177
362178
362179
362180
362181
362182
362183
362184
362185
362186
362187
362188
362189
362190
362191
362192
362193
362194
362195
362196
362197
362198
362199
362200
362201
362202
362203
362204
362205
362206
362207
362208
362209
362210
362211
362212
362214
362215
362216
362217
362218
362219
362220
362221
362233
362234
362235
362236
362237
362238
362239
362240
362241
362242
362243
362244
362245
362246
362247
362248
362249
362250
362251
364359
364360
364361
364362
364363
364364
364365
364366
364367
364368
364369
364370
364371
364372
364373
364374
364375
364376
364377
364378
364379
364380
364381
364382
364383
364384
364385
364386
364387
364388
364389
364390
364391
364392
364393
364394
364395
364396
364397
364398
364399
364400
364401
364402
364403
364404
364405
364406
364407
364408
364409
364410
364411
364412
364413
364414
364415
364416
364417
364418
364419
364420
364421
364422
364423
364424
364425
364426
364427
364428
364429
364430
364431
364432
364433
364434
364435
364436
364437
364438
364439
364440
364441
364442
364443
364444
364445
364446
364447
364448
364449
364450
364451
364452
364453
364454
364455
364456
364457
364458
364459
364460
364461
364462
364463
364464
364465
364466
364467
364468
364469
364470
364471
364472
364473
364474
364475
364476
364477
364478
364479
364480
364481
364482
364483
364484
364485
364486
364487
364488
364489
364490
364491
364492
364493
364494
364495
364496
364497
364498
364499
364500
364501
364502
364503
364504
364505
364506
364507
364508
364509
364510
364511
364512
364513
364514
364515
364516
364517
364518
364519
364520
364521
364522
364523
364524
364525
364526
364527
364528
364529
364530
364531
364532
364533
364534
364535
364536
364537
364538
364539
364540
364541
364542
364543
364544
364545
364546
364547
364548
364549
364550
364551
364552
364553
364554
364555
364556
364557
364558
364559
364560
364561
364562
364563
364564
364565
364566
364567
364568
364569
364570
364571
364572
364573
364574
364575
364576
364577
364578
364579
364580
364581
364582
364583
364584
364585
364586
364587
364588
364589
364590
364591
364592
364593
364594
364595
364596
364597
364598
364599
364600
364601
364602
364603
364604
364605
364606
364607
364608
364609
364610
364611
364612
364613
364614
364615
364616
364617
364618
364619
364620
364621
364622
364623
364624
364625
364626
364627
364628
364629
364630
364631
364632
364633
364634
364635
364636
364637
364638
364639
364640
364641
364642
364643
364644
364645
364646
364647
364648
364649
364650
364651
364652
364653
364654
364655
364656
364657
364658
364659
364660
364661
364662
364663
364664
364665
364666
364667
364668
364669
364670
364671
364672
364673
364674
364675
364676
364677
364678
364679
364680
364681
364682
364683
364684
364685
364686
364687
364688
364689
364690
364691
364692
364693
364694
364695
364696
364697
364698
364699
364700
364701
364702
364703
364704
364705
364706
364707
364708
364709
364710
364711
364712
364713
364714
364715
364716
364717
364718
364719
364720
364721
364722
364723
364724
364725
364726
364727
364728
364729
364730
364731
364732
364733
364734
364735
364736
364737
364738
364739
364740
364741
364742
364743
364744
364745
364746
364747
364748
364749
364750
364751
364752
364753
364754
364755
364756
364757
364758
364759
364760
364761
364762
364763
364764
364765
364766
364767
364768
364769
364770
364771
364772
364773
364774
364775
364776
364777
364778
364779
364780
364781
364782
364783
364784
364785
364786
364787
364788
364789
364790
364791
364792
364793
364794
364795
364796
364797
364798
364799
364800
364801
364802
364803
364804
364805
364806
364807
364808
364809
364810
364811
364812
364813
364814
364815
364816
364817
364818
364819
364820
364821
364822
364823
364824
364825
364826
364827
364828
364829
364830
364831
364832
364833
364834
364835
364836
364837
364838
364839
364840
364841
364842
364843
364844
364845
364846
364847
364848
364849
364850
364851
364852
364853
364854
364855
364856
364857
364858
364859
364860
364861
364862
364863
364864
364865
364866
364867
364868
364869
364870
364871
364872
364873
364874
364875
364876
364877
364878
364879
364880
364881
364882
364883
364884
364885
364886
364887
364888
364889
364890
364891
364892
364893
364894
364895
364896
364897
364898
364899
364900
364901
364902
364903
364904
364905
364906
364907
364908
364909
364910
364911
364912
364913
364914
364915
364916
364917
364918
364919
364920
364921
364922
364923
364924
364925
364926
364927
364928
364929
364930
364931
364932
364933
364934
364935
364936
364937
364938
364939
364940
364941
364942
364943
364944
364945
364946
364947
364948
364949
364950
364951
364952
364953
364954
364955
364956
364957
364958
364959
364960
364961
364962
364963
364964
364965
364966
364967
364968
364969
364970
364971
364972
364973
364974
364975
364976
364977
364978
364979
364980
364981
364982
364983
364984
364985
364986
364987
364988
364989
364990
364991
364992
364993
364994
364995
364996
364997
364998
364999
365000
365001
365002
365003
365004
365005
365006
365007
365008
365009
365010
365011
365012
365013
365014
365015
365016
365017
365018
365019
365020
365021
365022
365023
365024
365025
365026
365027
365028
365029
365030
365031
365032
365033
365034
365035
365036
365037
365038
365039
365040
365041
365042
365043
365044
365045
365046
365047
365048
365049
365050
365051
365052
365053
365054
365055
365056
365057
365058
365059
365060
365061
365062
365063
365064
365065
365066
365067
365068
365069
365070
365071
365072
365073
365074
365075
365076
365077
365078
365079
365080
365081
365082
365083
365084
365085
365086
365087
365088
365089
365090
365091
365092
365093
365094
365095
365096
365097
365098
365099
365100
365101
365102
365103
365104
365105
365106
365107
365108
365109
365110
365111
365112
365113
365114
365115
365116
365117
365118
365119
365120
365121
365122
365123
365124
365125
365126
365127
365128
365129
365130
365131
365132
365133
365134
365135
365136
365137
365138
365139
365140
365141
365142
365143
365144
365145
365146
365606
365607
365608
365609
365610
365611
365612
365613
365614
365615
365616
365617
365618
365619
365620
365621
365622
365623
365624
365625
365626
365627
365628
365629
365630
365631
365632
365633
365634
365635
365636
365637
365638
365639
365640
365641
365642
365643
365644
365645
365646
365647
365648
365649
365650
365651
365652
365653
365654
365655
365656
365657
365658
365659
365660
365661
365662
365663
365664
365665
365666
365667
365668
365669
365670
365671
365672
365673
365674
365675
365676
365677
365678
365679
365680
365681
365682
365683
365684
365685
365686
365687
365688
365689
365690
365691
365692
365693
365694
365695
365696
365697
365698
365699
365700
365701
365702
365703
365704
365705
365706
365707
365708
365709
365710
365711
365712
365713
365714
365715
365716
365717
365718
365719
365720
365721
365722
365723
365724
365725
365726
365727
365728
365729
365730
365731
365732
365733
365734
365735
365736
365737
365738
365739
365740
365741
365742
365743
365744
365745
365746
365747
365748
365749
365750
365751
365752
365753
365754
365755
365756
365757
365758
365759
365760
365761
365762
365763
365764
365765
365766
365767
365768
365769
365770
365771
365772
365773
365774
365775
365776
365777
365778
365779
365780
365781
365782
365783
365784
365785
365786
365787
365788
365789
365790
365791
365792
365793
365794
365795
365796
365797
365798
365799
365800
365801
365802
365803
365804
365805
365806
365807
365808
365809
365810
365811
365812
365813
365814
365815
365816
365817
365818
365819
365820
365821
365822
365823
365824
365825
365826
365827
365828
365829
365830
365831
365832
365833
365834
365835
365836
365837
365838
365839
365840
365841
365842
365843
365844
365845
365846
365847
365848
365849
365850
365851
365852
365853
365854
365855
365856
365857
365858
365859
365860
365861
365862
365863
365864
365865
365866
365867
365868
365869
365870
365871
365872
365873
365874
365875
365876
365877
365878
365879
365880
365881
365882
365883
365884
365885
365886
365887
365888
365889
365890
365891
365892
365893
365894
365895
365896
365897
365898
365899
365900
365901
365902
365903
365904
365905
365906
365907
365908
365909
365910
365911
365912
365913
365914
365915
365916
365917
365918
365919
365920
365921
365922
365923
365924
365925
365926
365927
365928
365929
365930
365931
365932
365933
365934
365935
365936
365937
365938
365939
365940
365941
365942
365943
365944
365945
365946
365947
365948
365949
365950
365951
365952
365953
365954
365955
365956
365957
365958
365959
365960
365961
365962
365963
365964
365965
365966
365967
365968
365969
365970
365971
365972
365973
365974
365975
365976
365977
365978
365979
365980
365981
365982
365983
365984
365985
365986
365987
365988
365989
365990
365991
365992
365993
365994
365995
365996
365997
365998
365999
366000
366001
366002
366003
366004
366005
366006
366007
366008
366009
366010
366011
366012
366013
366014
366015
366016
366017
366523
366524
366525
366526
366527
366528
366529
366531
366532
366533
366535
366536
366538
366539
366541
373173
373174
373175
373184
373185
373186
373187
373188
373189
373377
373378
373379
373380
373381
373382
373383
373384
373385
373386
373387
373388
373389
373390
373391
373392
373393
373394
373395
373396
373397
373398
373399
373400
373401
373402
373403
373404
373405
373406
373407
373408
373409
373410
373411
373412
373413
373414
373415
373416
373417
373418
373419
373420
373421
373422
373423
373424
373425
373426
373427
373428
373429
373430
373431
373432
373433
373434
373435
373436
373437
373438
373439
373440
373441
373442
373443
373444
373445
373446
373447
373448
373449
373450
373451
373452
373453
373454
373455
373456
373457
373458
373459
373460
373461
373462
373463
373464
373465
373466
373467
373468
373469
373470
373471
373472
373473
373474
373475
373476
373477
373478
373479
373480
373481
373482
373483
373484
373485
373486
373487
373488
373489
373490
376035
376036
376037
376038
376039
376040
376041
376042
376043
376044
376045
376046
376047
376048
376049
376050
376051
376052
376053
376054
376055
376056
376057
376058
376059
376060
376061
376062
376063
376064
376065
376066
376067
376068
376069
376070
376071
376072
376073
376074
376075
376076
376077
376078
376079
376080
376081
376082
376083
376084
376085
376086
376087
376088
376089
376090
376091
376092
376093
376094
376095
376096
376097
376098
376099
376100
376101
376102
376103
376104
376105
376106
376107
376108
376109
376110
376111
376112
376113
376114
376115
376116
376117
376118
376119
376120
376121
376122
376123
376124
376125
376126
376127
376128
376129
376130
376131
376132
376133
376134
376135
376136
376137
376138
376139
376140
376141
376142
376143
376144
376145
376146
376147
376148
376149
376150
376151
376152
377099
377100
377101
377102
377103
377104
377105
377106
377107
377108
377109
377110
377111
377112
377113
377114
377115
377116
377117
377118
377119
377567
377568
377569
377570
377571
377572
377573
377574
377575
377576
377577
377578
377579
377580
377581
377582
377583
377584
377585
377586
377587
377588
377589
377590
377591
377592
377593
377594
377595
377596
377597
377598
377599
377600
377601
377602
377603
377604
377605
377606
377607
377608
377609
377610
377611
377612
377613
377614
377615
377616
377617
377618
377619
377620
377621
377622
377623
377624
377625
377626
377627
377628
377629
377630
377631
377632
377633
377634
377635
377636
377637
377638
377639
377640
377641
377642
377643
377644
377645
377646
377647
377648
377649
377650
377651
377652
377653
377654
377655
377656
377657
377658
377659
377660
377661
377662
377663
377664
377665
377666
377667
377668
377669
377670
377671
377672
377673
377674
377675
377676
377677
377678
377679
377680
377681
377682
377683
377684
377685
377686
377687
377688
377689
377690
377691
377692
377693
377694
377695
377696
377697
377698
377699
377700
377701
377702
377703
377704
377705
377706
377707
377708
377709
377710
377711
377712
377713
377714
377715
377716
377717
377718
377719
377720
377721
377722
377723
377724
377725
377726
377727
377728
377729
377730
377731
377732
377733
377734
377735
377736
377737
377738
377739
377740
377741
377742
377743
377744
377745
377746
377747
377748
377749
377750
377751
377752
377753
377754
377755
377756
377757
377758
377759
377760
377761
377762
377763
377764
377765
377766
377767
377768
377769
377770
377771
377772
377773
377774
377775
377776
377777
377778
377779
377780
377781
377782
377783
377784
377785
377786
377787
377788
377789
377790
377791
377792
377793
377794
377795
377796
377797
377798
377799
377800
377801
377802
377803
377804
377805
377806
377807
377808
377809
377810
378171
378172
378174
378175
378177
378179
378180
378181
378182
378183
378184
378185
378186
378187
378188
378189
378190
378192
378193
378195
378197
378198
378199
378200
378201
378202
378203
378204
378205
378206
378207
378208
378209
378210
378212
378213
378214
378216
378217
378219
378220
378221
378223
378224
378226
378228
378229
378230
378231
378232
378233
378234
378235
378236
378237
378238
378239
378240
378242
378243
378244
378246
378247
378249
378250
378251
378253
378254
378256
378258
378259
378260
378261
378262
378263
378264
378265
378266
378267
378268
378269
378270
378272
378273
378274
378276
378277
378279
378280
378281
378283
378284
378286
378288
378289
378290
378291
378292
378293
378294
378295
378296
378297
378298
378299
378300
378302
378303
378304
378306
378307
378309
378310
378311
378313
378314
378316
378318
378319
378320
378321
378322
378323
378324
378325
378326
378327
378328
378329
378330
378332
378333
378334
378336
378337
378339
378340
378341
378343
378344
378346
378348
378349
378350
378351
378352
378353
378354
378355
378356
378357
378358
378359
378360
378362
378363
378364
378366
378367
378369
378370
378371
378373
378374
378376
378378
378379
378380
378381
378382
378383
378384
378385
378386
378387
378388
378389
378390
378392
378393
378394
378396
378397
378399
378400
378401
378403
378404
378406
378408
378409
378410
378411
378412
378413
378414
378415
378416
378417
378418
378419
378420
378422
378423
378424
378426
378427
378429
378430
378431
378433
378434
378436
378438
378439
378440
378441
378442
378443
378444
378445
378446
378448
378449
378451
378452
378453
378454
378457
378459
378460
378461
378462
378463
378464
378465
378466
378467
378468
378469
378470
378471
378473
378474
378475
378477
378478
378480
378481
378482
378484
378485
378487
378489
378490
378491
378492
378493
378494
378495
378496
378497
378498
378499
378500
378501
378503
378504
378505
378507
378508
378510
378511
378512
378514
378515
378517
378519
378520
378521
378522
378523
378524
378525
378526
378527
378528
378529
378530
378531
378533
378534
378535
378537
378538
378540
378541
378542
378544
378545
378547
380424
380425
380426
380427
380428
380429
380430
380431
380432
380433
380434
380435
380436
380437
380438
380439
381210
381211
381212
381213
381214
381215
381216
381217
381218
381219
381220
381221
381222
381223
381224
381225
381226
381227
381228
381229
381230
381231
381232
381233
381234
381235
381236
381237
381238
381239
381240
381241
381242
381243
381244
381245
381246
381247
381248
381249
381250
381251
381252
381253
381254
381255
381256
381257
381258
381259
381260
381261
381262
381263
381264
381265
381266
381267
381268
381269
381270
381271
381272
381273
381274
381275
381276
381277
381278
381279
381280
381281
381282
381283
381284
381285
381286
381287
381288
381289
381290
381291
381292
381293
381294
381295
381296
381297
381298
381299
381300
381301
381302
381303
381304
381305
381306
381307
381308
381309
381310
381311
381312
381313
381314
381315
381316
381317
381318
381319
381320
381321
381322
381323
381324
381325
381326
381327
381328
381329
381330
381331
381332
381333
381334
381335
381336
381337
381338
381339
381340
381341
381342
381343
381344
381345
381346
381347
381348
381349
381350
381351
381352
381353
381354
381355
381356
381357
381358
381359
381360
381361
381362
381363
381364
381365
381366
381367
381368
381369
381370
381371
381372
381373
381374
381375
381376
381377
381378
381379
381380
381381
381382
381383
381384
381385
381386
381387
381388
381389
381390
381391
381392
381393
381394
381395
381396
381397
381398
381399
381400
381401
381402
381403
381404
381405
381406
381407
381408
381409
381410
381411
381412
381413
381414
381415
381416
381417
381418
381419
381420
381421
381422
381423
381424
381425
381426
381427
381501
381502
381504
381505
381506
381508
381509
381510
381511
383714
383715
383716
383717
383718
383719
383720
383721
383733
383734
383735
383736
383737
383738
383739
383740
383741
383742
383743
383744
383745
383746
383747
383748
383749
383750
383751
383752
383753
383754
383755
383756
383757
383758
383759
383760
383761
383762
383763
383764
383765
383766
383767
383779
383780
383781
383782
383783
383784
383785
383786
383787
383788
383789
383790
383791
383792
383793
383794
383795
383796
383797
385018
385019
385020
385021
385022
385023
385024
385025
385026
385027
385028
385029
385030
385031
385032
385033
385034
385035
385036
385037
385038
385039
385040
385041
385042
385043
385044
385045
385046
385047
385048
385049
385050
385051
385052
385053
385054
385055
385056
385057
385058
385059
385060
385061
385062
385063
385064
385065
385066
385067
385068
385069
385070
385071
385072
385073
385074
385075
385076
385077
385078
385079
385080
385081
385082
385083
385084
385085
385086
385087
385088
385089
385090
385091
385092
385093
385094
385095
385096
385097
385098
385099
385100
385101
385102
385103
385104
385105
385106
385107
385108
385109
385110
385111
385112
385113
385114
385115
385116
385117
385118
385119
385120
385121
385122
385123
385124
385125
385126
385127
385128
385129
385130
385131
385132
385133
385134
385135
385136
385137
385138
385139
385140
385141
385142
385143
385144
385145
385146
385147
385148
385149
385150
385151
385152
385153
385154
385155
385156
385157
385158
385159
385160
385161
385162
385163
385164
385165
385166
385167
385168
385169
385170
385171
385172
385173
385174
385175
385176
385177
385178
385179
385180
385181
385182
385183
385184
385185
385186
385187
385188
385189
385190
385191
385192
385193
385194
385195
385196
385197
385198
385199
385200
385201
385202
385203
385204
385205
385206
385207
385208
385209
385210
385211
385212
385213
385214
385215
385216
385217
385218
385219
385220
385221
385222
385223
385224
385225
385226
385227
385228
385229
385230
385231
385232
385233
385234
385235
385236
385237
385238
385239
385240
385241
385242
385243
385244
385245
385246
385247
385248
385249
385250
385251
385252
385253
385254
385255
385256
385257
385258
385259
385260
385261
385262
385263
385264
385265
385266
385267
385268
385269
385270
385271
385272
385273
385274
385275
385276
385277
385278
385279
385280
385281
385282
385283
385284
385285
385286
385287
385288
385289
385290
385291
385292
385293
385294
385295
385296
385297
385298
385299
385300
385301
385302
385303
385304
385305
385306
385307
385308
385309
385310
385311
385312
385313
385314
385315
385316
385317
385318
385319
385320
385321
385322
385323
385324
385325
385326
385327
385328
385329
385330
385331
385332
385333
385334
385335
385336
385337
385338
385339
385340
385341
385342
385343
385344
385345
385346
385347
385348
385349
385350
385351
385352
385353
385354
385355
385356
385357
385358
385359
385360
385361
385362
385363
385364
385365
385366
385367
385368
385369
385370
385371
385372
385373
385374
385375
385376
385377
385378
385379
385380
385381
385382
385383
385384
385385
385386
385387
385388
385389
385390
385391
385392
385393
385394
385395
385396
385397
385398
385399
385400
385401
385402
385403
385404
385405
385406
385407
385408
385409
385410
385411
385412
385413
385414
385415
385416
385417
385418
385419
385420
385421
385422
385423
385424
385425
385426
385427
385428
385429
385430
385431
385432
385433
385434
385435
385436
385437
385438
385439
385440
385441
385442
385443
385444
385445
385446
385447
385448
385449
385450
385451
385452
385453
385454
385455
385456
385457
385458
385459
385460
385461
385462
385463
385464
385465
385466
385467
385468
385469
385470
385471
385472
385473
385474
385475
385476
385477
385478
385479
385480
385481
385482
385483
385484
385485
385486
385487
385488
385489
385490
385491
385492
385493
385494
385495
385496
385497
385498
385499
385500
385501
385502
385503
385504
385505
385506
385507
385508
385509
385510
385511
385512
385513
385514
385515
385516
385517
385518
385519
385520
385521
385522
385523
385524
385525
385526
385527
385528
385529
385530
385531
385532
385533
385534
385535
385536
385537
385538
385539
385540
385541
385542
385543
385544
385545
385546
385547
385548
385549
385550
385551
385552
385553
385554
385555
385556
385557
385558
385559
385560
385561
385562
385563
385564
385565
385566
385567
385568
385569
385570
385571
385572
385573
385574
385575
385576
385577
385578
385579
385580
385581
385582
385583
385584
385585
385586
385587
385588
385589
385590
385591
385592
385593
385594
385595
385596
385597
385598
385599
385600
385601
385602
385603
385604
385605
385606
385607
385608
385609
385610
385611
385612
385613
385614
385615
385616
385617
385618
385619
385620
385621
385622
385623
385624
385625
385626
385627
385628
385629
385630
385631
385632
385633
385634
385635
385636
385637
385638
385639
385640
385641
385642
385643
385644
385645
385646
385647
385648
385649
385650
385651
385652
385653
385654
385655
385656
385657
385658
385659
385660
385661
385662
385663
385664
385665
385666
385667
385668
385669
385670
385671
385672
385673
385674
385675
385676
385677
385678
385679
385680
385681
385682
385683
385684
385685
385686
385687
385688
385689
385690
385691
385692
385693
385694
385695
385696
385697
385698
385699
385700
385701
385702
385703
385704
385705
385706
385707
385708
385709
385710
385711
385712
385713
385714
385715
385716
385717
385718
385719
385720
385721
385722
385723
385724
385725
385726
385727
385728
385729
385730
385731
385732
385733
385734
385735
385736
385737
385738
385739
385740
385741
385742
385743
385744
385745
385746
385747
385748
385749
385750
385751
385752
385753
385754
385755
385756
385757
385758
385759
385760
385761
385762
385763
385764
385765
385766
385767
385768
385769
385770
385771
385772
385773
385774
385775
385776
385777
385778
385779
385780
385781
385782
385783
385784
385785
385786
385787
385788
385789
385790
385791
385792
385793
385794
385795
385796
385797
385798
385799
385800
385801
385802
385803
385815
385816
385817
385818
385819
385820
385821
385822
385823
385824
385825
385826
385827
385828
385829
385830
385831
385832
385833
385834
385835
385836
385837
385838
385839
385840
385841
385842
385843
385844
385845
385846
385847
385848
385849
385861
385862
385863
385864
385865
385866
385867
385868
385869
385870
385871
385872
385873
385874
385875
385876
385877
385878
385879
386840
386841
386842
386843
386844
386845
386846
386847
386848
386849
386851
386852
386853
386855
386856
386858
386859
386860
386862
386863
386865
386921
386922
386923
386924
386925
386926
386927
386928
386929
386930
386932
386933
386934
386936
386937
386939
386940
386941
386943
386944
386946
387002
387003
387004
387005
387006
387007
387008
387009
387010
387011
387013
387014
387015
387017
387018
387020
387021
387022
387024
387025
387027
387080
387081
387082
387083
387084
387085
387086
387087
387088
387089
387091
387092
387093
387095
387096
387098
387099
387100
387102
387103
387105
387164
387165
387166
387167
387168
387169
387170
387171
387172
387173
387175
387176
387177
387179
387180
387182
387183
387184
387186
387187
387189
387248
387249
387250
387251
387252
387253
387254
387255
387256
387257
387259
387260
387261
387263
387264
387266
387267
387268
387270
387271
387273
387332
387333
387334
387335
387336
387337
387338
387339
387340
387341
387343
387344
387345
387347
387348
387350
387351
387352
387354
387355
387357
387416
387417
387418
387419
387420
387421
387422
387423
387424
387425
387427
387428
387429
387431
387432
387434
387435
387436
387438
387439
387441
387500
387501
387502
387503
387504
387505
387506
387508
387510
387511
387512
387515
387571
387572
387573
387574
387575
387576
387577
387578
387579
387580
387582
387583
387584
387586
387587
387589
387590
387591
387593
387594
387596
387655
387656
387657
387658
387659
387660
387661
387662
387663
387664
387666
387667
387668
387670
387671
387673
387674
387675
387677
387678
387680
387739
387740
387741
387742
387743
387744
387745
387746
387747
387748
387750
387751
387752
387754
387755
387757
387758
387759
387761
387762
387764
387823
387824
387825
387826
387827
387828
387829
387830
387842
387843
387845
387846
387848
394214
394215
394216
394217
394218
394219
394220
394221
394222
394223
394224
394225
394226
394227
394228
394229
394230
394231
394232
394233
394234
394235
394236
394237
394238
394239
394240
394241
394242
394243
394244
394245
394246
394247
394248
394249
394250
394251
394252
394253
394254
394255
394256
394257
394258
394259
394260
394261
394262
394263
394264
394265
394266
394267
394268
394269
394270
394271
394272
394273
394274
394275
394276
394277
394278
394279
394280
394281
394282
394283
394284
394285
394286
394287
394288
394289
394290
394291
395309
395310
395311
395312
395313
395314
395315
395316
395317
395318
395319
395320
395321
395322
395323
395324
395325
395326
395327
395328
395329
395330
395331
395332
395333
395334
395335
395336
395337
395338
395339
395340
395341
395342
395343
395344
395345
395346
395347
395348
395349
395350
395351
395352
395353
395354
395355
395356
395357
395358
395359
395360
395361
395362
395363
395364
395365
395366
395367
395368
395369
395370
395371
395372
395373
395374
395375
395376
395377
395378
395379
395380
395381
395382
395383
395384
395385
395386
395387
395388
395389
395390
395391
395392
395393
395394
395395
395396
395397
395398
395399
395400
395401
395402
395403
395404
395405
395406
395407
395408
395409
395410
395411
395412
395413
395414
395415
395416
395417
395418
395419
395420
395421
395422
395423
395424
395425
395426
395427
395428
395429
395430
395431
395432
395433
395434
395435
395436
395437
395438
395439
395440
395441
395442
395443
395444
395445
395446
395447
395448
395449
395450
395451
395452
395453
395454
395455
395456
395457
395458
395459
395460
395461
395462
395463
395464
395465
395466
395467
395468
395469
395470
395471
395472
395473
395474
395475
395476
395477
395478
395479
395480
395481
395482
395483
395484
395485
395486
395487
395488
395489
395490
395491
395492
395493
395494
395495
395496
395497
395498
395499
395500
395501
395502
395503
395504
395505
395506
395507
395508
395509
395510
395511
395512
395513
395514
395515
395516
395517
395518
395519
395520
395521
395522
395523
395524
395525
395526
395527
395528
395529
395530
395531
395532
395533
395534
395535
395536
395537
395538
395539
395540
395541
395542
395543
395544
395545
395546
395547
395548
395549
395550
395551
395552
395553
395554
395555
395556
395557
395558
395559
395560
395561
395562
395563
395564
395565
395566
395567
395568
395569
395570
395571
395572
395573
395574
395575
395576
395577
395578
395579
395580
395581
395582
395583
395584
395585
395586
395587
395588
395589
395590
395591
395592
395593
395594
395595
395596
395597
395598
395599
395600
395601
395602
395603
395604
395605
395606
395607
395608
395609
395610
395611
395612
395613
395614
395615
395616
395617
395618
395619
395620
395621
395622
395623
395624
395625
395626
395627
395628
395629
395630
395631
395632
395633
395634
395635
395636
395637
395638
395639
395640
395641
395642
395643
395644
395645
395646
395647
395648
395649
395650
395651
395652
395653
395654
395655
395656
395657
395658
395659
395660
395661
395662
395663
395664
395665
395666
395667
395668
395669
395670
395671
395672
395673
395674
395675
395676
395677
395678
395679
395680
395681
395682
395683
395684
395685
395686
395687
395688
395689
395690
395691
395692
395693
395694
395695
395696
395697
395698
395699
395700
395701
395702
395703
395704
395705
395706
395707
395708
395709
395710
395711
395712
395713
395714
395715
395716
395717
395718
395719
395720
395721
395722
395723
395724
395725
395726
395727
395728
395729
395730
395731
395732
395733
395734
395735
395736
395737
395738
395739
395740
395741
395742
395743
395744
395745
395746
395747
395748
395749
395750
395751
395752
395753
395754
395755
395756
395757
395758
395759
395760
395761
395762
395763
395764
395765
395766
395767
395768
395769
395770
395771
395772
395773
395774
395775
395776
395777
395778
395779
395780
395781
395782
395783
395784
395785
395786
395787
395788
395789
395790
395791
395792
395793
395794
395795
395796
395797
395798
395799
395800
395801
395802
395803
395804
395805
395806
395807
395808
395809
395810
395811
395812
395813
395814
395815
395816
395817
395818
395819
395820
395821
395822
395823
395824
395825
395826
395827
395828
395829
395830
395831
395832
395833
395834
395835
395836
395837
395838
395839
395840
395841
395842
395843
395844
395845
395846
395847
395848
395849
395850
395851
395852
395853
395854
395855
395856
395857
395858
395859
395860
395861
395862
395863
395864
395865
395866
395867
395868
395869
395870
395871
395872
395873
395874
395875
395876
395877
395878
395879
395880
395881
395882
395883
395884
395885
395886
395887
395888
395889
395890
395891
395892
395893
395894
395895
395896
395897
395898
395899
395900
395901
395902
395903
395904
395905
395906
395907
395908
395909
395910
395911
395912
395913
395914
395915
395916
395917
395918
395919
395920
395921
395922
395923
395924
395925
395926
395927
395928
395929
395930
396744
396745
396746
396747
396748
396749
396750
396751
396752
396753
396755
396756
396757
396759
396760
396762
396763
396765
396786
396787
396788
396789
396790
396791
396792
396793
396794
396795
396797
396798
396799
396801
396802
396804
396805
396807
396852
396853
396854
396855
396856
396857
396858
396859
396860
396861
396863
396864
396865
396867
396868
396870
396871
396873
396918
396919
396920
396921
396922
396923
396924
396925
396926
396927
396929
396930
396931
396933
396934
396936
396937
396939
396984
396985
396986
396987
396988
396989
396990
396991
396992
396993
396995
396996
396997
396999
397000
397002
397003
397005
397050
397051
397052
397053
397054
397055
397056
397057
397058
397059
397061
397062
397063
397065
397066
397068
397069
397071
397116
397117
397118
397119
397120
397121
397122
397123
397124
397125
397127
397128
397129
397131
397132
397134
397135
397137
397182
397183
397184
397185
397186
397187
397188
397189
397190
397191
397193
397194
397195
397197
397198
397200
397201
397203
397248
397249
397250
397251
397252
397253
397254
397255
397256
397257
397259
397260
397261
397263
397264
397266
397267
397269
397314
397315
397316
397317
397318
397319
397320
397321
397322
397323
397324
397326
397327
397328
397330
397331
397333
397334
397336
397379
397380
397381
397382
397383
397384
397385
397386
397387
397388
397390
397391
397392
397394
397395
397397
397398
397400
397445
397446
397447
397448
397449
397450
397451
397452
397453
397454
397456
397457
397458
397460
397461
397463
397464
397466
397511
397512
397513
397514
397515
397516
397517
397518
397519
397520
397522
397523
397524
397526
397527
397529
397530
397532
401855
401856
401857
401858
401859
401860
401861
401862
401863
401864
401865
401866
401867
401868
401869
401870
401871
401872
401873
401874
401875
401876
401877
401878
401879
401880
401881
401882
401883
401884
401885
401886
401887
401888
401889
401890
401891
401892
401893
401894
401895
401896
401897
401898
401899
401900
401901
401902
401903
401904
401905
401906
401907
401908
401909
401910
401911
403322
403323
403324
403325
403326
403327
403328
403329
403330
403331
403332
403333
403334
403335
403336
403337
403338
403339
403340
403341
403342
403343
403344
403345
403346
403347
403348
403349
403350
403351
403352
403353
403354
403355
403356
403357
403358
403359
403360
403361
403362
403363
403364
403365
403366
403367
403368
403369
403370
403371
403372
403373
403374
403375
403376
403377
403378
403379
403380
403381
403382
403383
403384
403385
403386
403387
403388
403389
403390
403391
403392
403393
403394
403395
403396
403397
403398
403399
403400
403401
403402
403403
403404
403405
403406
403407
403408
403409
403410
403411
403412
403413
403414
403415
403416
403417
403418
403419
403420
403421
403422
403423
403424
403425
403426
403427
403428
403429
403430
403431
403432
403433
403434
403435
403436
403437
403438
403439
403440
403441
403442
403443
403444
403445
403446
403447
403448
403449
403450
403451
403452
403453
403454
403455
403456
403457
403458
403459
403460
403461
403462
403463
403464
403465
403466
403467
403468
403469
403470
403471
403472
403473
403474
403475
403476
403477
403478
403479
403480
403481
403482
403483
403484
403485
403486
403487
403488
403489
403490
403491
403492
403493
403494
403495
403496
403497
403498
403499
403500
403501
403502
403503
403504
403505
403506
403507
403508
403509
403510
403511
403512
403513
403514
403515
403516
403517
403518
403519
403520
403521
403522
403523
403524
403525
403526
403527
403528
403529
403530
403531
403532
403533
403534
403535
403536
403537
403538
403539
403540
403541
403542
403543
403544
403545
403546
403547
403548
403549
403550
403551
403552
403553
403554
403555
403556
403557
403558
403559
403560
403561
403562
403563
403564
403565
403566
403567
403568
403569
403570
403571
403572
403573
403574
403575
403576
403577
403578
403579
403580
403581
403582
403583
403584
403585
403586
403587
403588
403589
403590
403591
403592
403593
403594
403595
403596
403597
403598
403599
403600
403601
403602
403603
403604
403605
403606
403607
403608
403609
403610
403611
403612
403613
403614
403615
403616
403617
403618
403619
403620
403621
403622
403623
403624
403625
403626
403627
403628
403629
403630
403631
403632
403633
403634
403635
403636
403637
403638
403639
403640
403641
403642
403643
403644
403645
403646
403647
403648
403649
403650
403651
403652
403653
403654
403655
403656
403657
403658
403659
403660
403661
403662
403663
403664
403665
403666
403667
403668
403669
403670
403671
403672
403673
403674
403675
403676
403677
403678
403679
403680
403681
403682
403683
403684
403685
403686
403687
403688
403689
403690
403691
403692
403693
403694
403695
403696
403697
403698
403699
403700
403701
403702
403703
403704
403705
403706
403707
403708
403709
403710
403711
403712
403713
403714
403715
403716
403717
403718
403719
403720
403721
403722
403723
403724
403725
403726
403727
403728
403729
403730
403731
403732
403733
403734
403735
403736
403737
403738
403739
403740
403741
403742
403743
403744
403745
403746
403747
403748
403749
403750
403751
403752
403753
403754
403755
403756
403757
403758
403759
403760
403761
403762
403763
403764
403765
403766
403767
403768
403769
403770
403771
403772
403773
403774
403775
403776
403777
403778
403779
403780
403781
403782
403783
403784
403785
403786
403787
403788
403789
403790
403791
403792
403793
403794
403795
403796
403797
403798
403799
403800
403801
403802
403803
403804
403805
403806
403807
403808
403809
403810
403811
403812
403813
403814
403815
403816
403817
403818
403819
403820
403821
403822
403823
403824
403825
403826
403827
403828
403829
403830
403831
403832
403833
403834
403835
403836
403837
403838
403839
403840
403841
403842
403843
403844
403845
403846
403847
403848
403849
403850
403851
403852
403853
403854
403855
403856
403857
403858
403859
403860
403861
403862
403863
403864
403865
403866
403867
403868
403869
403870
403871
403872
403873
403874
403875
403876
403877
403878
403879
403880
403881
403882
403883
403884
403885
403886
403887
403888
403889
403890
403891
403892
403893
403894
403895
403896
403897
403898
403899
403900
403901
403902
403903
403904
403905
403906
403907
403908
403909
403910
403911
403912
403913
403914
403915
403916
403917
403918
403919
403920
403921
403922
403923
403924
403925
403926
403927
403928
403929
403930
403931
403932
403933
403934
403935
403936
403937
403938
403939
403940
403941
403942
403943
403944
403945
403946
403947
403948
403949
403950
403951
403952
403953
403954
403955
403956
403957
403958
403959
403960
403961
403962
403963
403964
403965
403966
403967
403968
403969
403970
403971
403972
403973
403974
403975
403976
403977
403978
403979
403980
403981
403982
403983
403984
403985
403986
403987
403988
403989
403990
403991
403992
403993
403994
403995
403996
403997
403998
403999
404000
404001
404002
404003
404004
404005
404006
404007
404008
404009
404010
404011
404012
404013
404014
404015
404016
404017
404018
404019
404020
404021
404022
404023
404024
404025
404026
404027
404028
404029
404030
404031
404032
404033
404034
404035
404036
404037
404038
404039
404040
404041
404042
404043
404044
404045
404046
404047
404048
404049
404050
404051
404052
404053
404054
404055
404056
404057
404058
404059
404060
404061
404062
404063
404064
404065
404066
404067
404068
404069
404070
404071
404072
404073
404074
404075
404076
404077
404078
404079
404080
404081
404082
404083
404084
404085
404086
404087
404088
404089
404090
404091
404092
404093
404094
404095
404096
404097
404098
404099
404100
404101
404102
404103
404104
404105
404106
404107
404108
404109
404110
404111
404112
404113
404114
404115
404116
404117
404118
404119
404120
404121
404122
404123
404124
404125
404126
404127
404128
404129
404130
404131
404132
404133
404134
404135
404136
404137
404138
404139
404140
404141
404142
404143
404144
404145
404146
404147
404148
404149
404150
404151
404152
404153
404154
404155
404156
404157
404158
404159
404160
404161
404162
404163
404164
404165
404166
404167
404168
404169
404170
404171
404172
404173
404174
404175
404176
404177
404178
404179
404180
404181
404182
404183
404184
404185
404186
404187
404188
404189
404190
404191
404192
404193
404194
404195
404196
404197
404198
404199
404200
404201
404202
404203
404204
404205
404206
404207
404208
404209
404210
404211
404212
404213
404214
404215
404216
404217
404218
404219
404220
404221
404222
404223
404224
404225
404226
404227
404228
404229
404230
404231
404232
404233
404234
404235
404236
404237
404238
404239
404240
404241
404242
404243
404244
404245
404246
404247
404248
404249
404250
404251
404252
404253
404254
404255
404256
404257
404258
404259
404260
404261
404262
404263
404264
404265
404266
404267
404268
404269
404270
404271
404272
404273
404274
404275
404276
404277
404278
404279
404323
404324
404325
404326
404328
404329
404330
404449
404450
404451
404452
404453
404455
404456
404457
404458
409829
409830
409831
409832
409833
409834
409835
409836
409837
409838
409839
409840
409841
409842
409843
409844
409845
409846
409847
409848
409849
409858
409859
409860
409861
409862
409863
409864
409865
409866
409867
409868
409869
409870
409871
409872
409873
409874
409875
409876
409877
409878
409879
409880
409881
409882
409883
409884
409885
409886
409887
409888
409889
409890
409891
409892
409893
409894
409895
409896
409897
409898
409899
409900
409901
409902
409903
409904
409905
409906
409907
409908
409909
409910
409911
409912
409913
409914
409915
409916
409917
409918
409919
409920
409921
409922
409923
409924
409925
409926
409927
409928
409929
409930
409931
409932
409933
409934
409935
409936
409937
409938
409939
409940
409941
409942
409943
409944
409945
409946
409947
409948
409949
409950
409951
409952
409953
409954
409963
409964
409965
409966
409967
409968
409969
409970
409971
409972
409973
409974
409975
409976
409977
409978
409979
409980
409981
409982
409983
409984
409985
409986
409987
409988
409989
409990
409991
409992
409993
409994
409995
409996
409997
409998
409999
410000
410001
410002
410003
410004
410005
410006
410007
410008
412696
412697
412698
412699
412700
412701
412702
412703
412704
412705
412706
412707
412708
412709
412710
412711
412712
412713
412714
412715
412716
412717
412718
412719
412720
412721
412722
412723
412724
412725
412726
412727
412728
412729
412730
412731
412732
412733
412734
412735
412736
412737
412738
412739
412740
412741
412742
412743
412744
412745
412746
412747
412748
412749
412750
412751
412752
412753
412754
412755
412756
412757
412758
412759
412760
412761
412762
412763
412764
412765
412766
412767
412768
412769
412770
412771
412772
412773
412774
412775
412776
412777
412778
412779
412780
412781
412782
412783
412784
412785
412786
412787
412788
412789
412790
412791
412792
412793
412794
412795
412796
412797
412798
412799
412800
412801
412802
412803
412804
412805
412806
412807
412808
412809
412810
412811
412812
412813
412814
412815
412816
412817
412818
412819
412820
412821
412822
412823
412824
412825
412826
412827
412828
412829
412830
412831
412832
412833
412834
412835
412836
412837
412838
412839
412840
412841
412842
412843
412844
412845
412846
412847
412848
412849
412850
412851
412852
412853
412854
412855
412856
412857
412858
412859
412860
412861
412862
412863
412864
412865
412866
412867
412868
412869
412870
412871
412872
412873
412874
412875
412876
412877
412878
412879
412880
412881
412882
412883
412884
412885
412886
412887
412888
412889
412890
412891
412892
412893
412894
412895
412896
412897
412898
412899
412900
412901
412902
412903
412904
412905
412906
412907
412908
412909
412910
412911
412912
412913
412914
412915
412916
412917
412918
412919
412920
412921
412922
412923
412924
412925
412926
412927
412928
412929
412930
412931
412932
412933
412934
412935
412936
412937
412938
412939
412940
412941
412942
412943
412944
412945
412946
412947
412948
412949
412950
412951
412952
412953
412954
412955
412956
412957
412958
412959
412960
412961
412962
412963
412964
412965
412966
412967
412968
412969
412970
412971
412972
412973
412974
412975
412976
412977
412978
412979
412980
412981
412982
412983
412984
412985
412986
412987
412988
412989
412990
412991
412992
412993
412994
412995
412996
412997
412998
412999
413000
413001
413002
413003
413004
413005
413006
413007
413008
413009
413010
413011
413012
413013
413014
413015
413016
413017
413018
413019
413020
413021
413022
413023
413024
413025
413026
413027
413028
413029
413030
413031
413032
413033
413034
413035
413036
413037
413038
413039
413040
413041
413042
413043
413044
413045
413046
413047
413048
413049
413050
413051
413052
413053
413054
413055
413056
413057
413058
413059
413060
413061
413062
413063
413064
413065
413066
413067
413068
413069
413070
413071
413072
413073
413074
413075
413076
413077
413078
413079
413080
413081
413082
413083
413084
413085
413086
413087
413088
413089
413090
413091
413092
413093
413094
413095
413096
413097
413098
413099
413100
413101
413102
413103
413104
413105
413106
413107
413108
413109
413110
413111
413112
413113
413114
413115
413116
413117
413118
413119
413120
413121
413122
413123
413124
413125
413126
413127
413128
413129
413130
413131
413132
413133
413134
413135
413136
413137
413138
413139
413140
413141
413142
413143
413144
413145
413146
413147
413148
413149
413150
413151
413152
413153
413154
413155
413156
413157
413158
413159
413160
413161
413162
413163
413164
413165
413166
413167
413168
413169
413170
413171
413172
413173
413174
413175
413176
413177
413178
413179
413180
413181
413182
413183
413184
413185
413186
413187
413188
413189
413190
413191
413192
413193
413194
413195
413196
413197
413198
413199
413200
413201
413202
413203
413204
413205
413206
413207
413208
413209
413210
413211
413212
413213
413214
413215
413216
413217
413218
413219
413220
413221
413222
413223
413224
413225
413226
413227
413228
413229
413230
413231
413232
413233
413234
413235
413236
413237
413238
413239
413240
413241
413242
413243
413244
413245
413246
413247
413248
413249
413250
413251
413252
413253
413254
413255
413256
413257
413258
413259
413260
413261
413262
413263
413264
413265
413266
413267
413268
413269
413270
413271
413272
413273
413274
413275
413276
413277
413278
413279
413280
413281
413282
413283
413284
413285
413286
413287
413288
413289
413290
413291
413292
413293
413294
413295
413296
413297
413298
413299
413300
413301
413302
413303
413304
413305
413306
413307
413308
413309
413310
413311
413312
413313
413314
413315
413316
413317
413318
413319
413320
413321
413322
413323
413324
413325
413326
413327
413328
413329
413330
413331
413332
413333
413334
413335
413336
413337
413338
413339
413340
413341
413342
413343
413344
413345
413346
413347
413348
413349
413350
413351
413352
413353
413354
413355
413356
413357
413358
413359
413360
413361
413362
413363
413364
413365
413366
413367
413368
413369
413370
413371
413372
413373
413374
413375
413376
413377
413378
413379
413380
413381
413382
413383
413384
413385
413386
413387
413388
413389
413390
413391
413392
413393
413394
413395
413396
413397
413398
413399
413400
413401
413402
413403
413404
413405
413406
413407
413408
413409
413410
413411
413412
413413
413414
413415
413416
413417
413418
413419
413420
413421
413422
413423
413424
413425
413426
413427
413428
413429
413430
413431
413432
413433
413434
413435
413436
413437
413438
413439
413440
413441
413442
413443
413444
413445
413446
413447
413448
413449
413450
413451
413452
413453
413454
413455
413456
413457
413458
413459
413460
413461
413462
413463
413464
413465
413466
413467
413468
413469
413470
413471
413472
413473
413474
413475
413476
413477
413478
413479
413480
413481
413482
413483
413484
413485
413486
413487
413488
413489
413490
413491
413492
413493
413494
413495
413496
413497
413498
413499
413500
413501
413502
413503
413504
413505
413506
413507
413508
413509
413510
413511
413512
413513
413514
413515
413516
413517
413518
413519
413520
413521
413522
413523
413524
413525
413526
413527
413528
413529
413530
413531
413532
413533
413534
413535
413536
413537
413538
413539
413540
413541
413542
413543
413544
413545
413546
413547
413548
413549
413550
413551
413552
413553
413554
413555
413556
413557
413558
413559
413560
413561
413562
413563
413564
413565
413566
413567
413568
413569
413570
413571
413572
413573
413574
413575
413576
413577
413578
413579
413580
413581
413582
413583
413584
413585
413586
413587
413588
413589
413590
413591
413592
413593
413594
413595
413596
413597
413598
413599
413600
413601
413602
413603
413604
413605
413606
413607
413608
413609
413610
413611
413612
413613
413614
413615
413616
413617
413618
413619
413620
413621
413622
413623
413624
413625
413626
413627
413628
413629
413630
413631
413632
413633
413634
413635
413636
413637
413638
413639
413640
413641
413642
413643
413644
413645
413646
413647
413648
413649
413650
413651
413652
413653
413654
413655
413656
413657
413658
413659
413660
413661
413662
413663
413664
413665
413666
413667
413668
413669
413670
413671
413672
413673
413674
413675
413676
413677
413678
413679
413680
413681
413682
413683
413684
413685
413686
413687
413688
413689
413690
413691
413692
413693
413694
413695
413696
413697
413698
413699
413700
413701
413702
413703
413704
413705
413706
413707
413708
413709
413710
413711
413712
413713
413714
413715
413716
413717
413718
413719
413720
413721
413722
413723
413724
413725
413726
413727
413728
413729
413730
413731
413732
413733
413734
413735
413736
413737
413738
413739
413740
413741
413742
413743
413744
413745
413746
413747
413748
413749
413750
413751
413752
413753
413754
413755
413756
413757
413758
413759
413760
413761
413762
413763
413764
413765
413766
413767
413768
413769
413770
413771
413772
413773
413774
413775
413776
413777
413778
413779
413780
413781
413782
413783
413784
413785
413786
413787
413788
413789
413790
413791
413792
413793
413794
413795
413796
413797
413798
413799
413800
413801
413802
413803
413804
413805
413806
413807
413808
413809
413810
413811
413812
413813
413814
413815
413816
413817
413818
413819
413820
413821
413822
413823
413824
413825
413826
413827
413828
413829
413830
413831
413832
413833
413834
413835
413836
413837
413838
413839
413840
413841
413842
413843
413844
413845
413846
413847
413848
413849
413850
413851
413852
413853
413854
413855
413856
413857
413858
413859
413860
413861
413862
413863
413864
413865
413866
413867
413868
413869
413870
413871
413872
413873
413874
413875
413876
413877
413878
413879
413880
413881
413882
413883
413884
413885
413886
413887
413888
413889
413890
413891
413892
413893
413894
413895
413896
413897
413898
413899
413900
413901
413902
413903
413904
413905
413906
413907
413908
413909
413910
413911
413912
413913
413914
413915
413916
413917
413918
413919
413920
413921
413922
413923
413924
413925
413926
413927
413928
413929
413930
413931
413932
413933
413934
413935
413936
413937
413938
413939
413940
413941
413942
413943
413944
413945
413946
413947
413948
413949
413950
413951
413952
413953
413954
413955
413956
413957
413958
413959
413960
413961
413962
413963
413964
413965
413966
413967
413968
413969
413970
413971
413972
413973
413974
413975
413976
413977
413978
413979
413980
413981
413982
413983
413984
413985
413986
413987
413988
413989
413990
413991
413992
413993
413994
413995
413996
413997
413998
413999
414000
414001
414002
414003
414004
414005
414006
414007
414008
414009
414010
414011
414012
414013
414014
414015
414016
414017
414018
414019
414020
414021
414022
414023
414024
414025
414026
414027
414028
414029
414030
414031
414032
414033
414034
414035
414036
414037
414038
414039
414040
414041
414042
414043
414044
414045
414046
414047
414048
414049
414050
414051
414052
414053
414054
414055
414056
414057
414058
414059
414060
414061
414062
414063
414064
414065
414066
414067
414068
414069
414070
414071
414072
414073
414074
414075
414076
414077
414078
414079
414080
414081
414082
414083
414084
414085
414086
414087
414088
414089
414090
414091
414092
414093
414094
414095
414096
414097
414098
414099
414100
414101
414102
414103
414104
414105
414106
414107
414108
414109
414110
414111
414112
414113
414114
414115
414116
414117
414118
414119
414120
414121
414122
414123
414124
414125
414126
414127
414128
414129
414130
414131
414132
414133
414134
414135
414136
414137
414138
414139
414140
414141
414142
414143
414144
414145
414146
414147
414148
414149
414150
414151
414152
414153
414154
414155
414156
414157
414158
414159
414160
414161
414162
414163
414164
414165
414166
414167
414168
414169
414170
414171
414172
414173
414174
414175
414176
414177
414178
414179
414180
414181
414182
414183
414184
414185
414186
414187
414188
414189
414190
414191
414192
414193
414194
414195
414196
414197
414198
414199
414200
414201
414202
414203
414204
414205
414206
414207
414208
414209
414210
414211
414212
414213
414214
414215
414216
414217
414218
414219
414220
414221
414222
414223
414224
414225
414226
414227
414228
414229
414230
414231
414232
414233
414234
414235
414236
414237
414238
414239
414240
414241
414242
414243
414244
414245
414246
414247
414248
414249
414250
414251
414252
414253
414254
414255
414256
414257
414258
414259
414260
414261
414262
414263
414264
414265
414266
414267
414268
414269
414270
414271
414272
414273
414274
414275
414276
414277
414278
414279
414280
414281
414282
414283
414284
414285
414286
414287
414288
414289
414290
414291
414292
414293
414294
414295
414296
414297
414298
414299
414300
414301
414302
414303
414304
414305
414306
414307
414308
414309
414310
414311
414312
414313
414314
414315
414316
414317
414318
414319
414320
414321
414322
414323
414324
414325
414326
414327
414328
414329
414330
414331
414332
414333
414334
414335
414336
414337
414338
414339
414340
414341
414342
414343
414344
414345
414346
414347
414348
414349
414350
414351
414352
414353
414354
414355
414356
414357
414358
414359
414360
414361
414362
414363
414364
414365
414366
414367
414368
414369
414370
414371
414372
414373
414374
414375
414376
414377
414378
414379
414380
414381
414382
414383
414384
414385
414386
414387
414388
414389
414390
414391
414392
414393
414394
414395
414396
414397
414398
414399
414400
414401
414402
414403
414404
414405
414406
414407
414408
414409
414410
414411
414412
414413
414414
414415
414416
414417
414418
414419
414420
414421
414422
414423
414424
414425
414426
414427
414428
414429
414430
414431
414432
414433
414434
414435
414444
414445
414446
414447
414448
414449
414450
414451
414452
414453
414454
414455
414456
414457
414458
414459
414460
414461
414462
414463
414464
414465
414466
414467
414468
414469
414470
414471
414472
414473
414474
414475
414476
414477
414478
414479
414480
414481
414482
414483
414484
414485
414486
414487
414488
414489
414490
414491
414492
414493
414494
414495
414496
414497
414498
414499
414500
414501
414502
414503
414504
414505
414506
414507
414508
414509
414510
414511
414512
414513
414514
414515
414516
414517
414518
414519
414520
414521
414522
414523
414524
414525
414526
414527
414528
414529
414530
414531
414532
414533
414534
414535
414536
414537
414538
414539
414540
414549
414550
414551
414552
414553
414554
414555
414556
414557
414558
414559
414560
414561
414562
414563
414564
414565
414566
414567
414568
414569
414570
414571
414572
414573
414574
414575
414576
414577
414578
414579
414580
414581
414582
414583
414584
414585
414586
414587
414588
414589
414590
414591
414592
414593
414594
416711
416712
416713
416714
416715
416716
416717
416719
416720
416721
416723
416724
416726
416727
416729
416888
416889
416890
416891
416892
416893
416894
416896
416897
416898
416900
416901
416903
416904
416906
417065
417066
417067
417068
417069
417070
417071
417073
417074
417075
417077
417078
417080
417081
417083
417239
417240
417241
417242
417243
417244
417245
417247
417248
417249
417251
417252
417254
417255
417257
417419
417420
417421
417422
417423
417424
417425
417427
417428
417429
417431
417432
417434
417435
417437
417599
417600
417601
417602
417603
417604
417605
417607
417608
417609
417611
417612
417614
417615
417617
417779
417780
417781
417782
417783
417784
417785
417787
417788
417789
417791
417792
417794
417795
417797
417959
417960
417961
417962
417963
417964
417965
417967
417968
417969
417971
417972
417974
417975
417977
418139
418140
418141
418142
418143
418144
418146
418147
418148
418150
418151
418153
418154
418156
418311
418312
418313
418314
418315
418316
418317
418319
418320
418321
418323
418324
418326
418327
418329
418491
418492
418493
418494
418495
418496
418497
418499
418500
418501
418503
418504
418506
418507
418509
418671
418672
418673
418674
418675
418676
418677
418679
418680
418681
418683
418684
418686
418687
418689
418851
418852
418853
418854
418855
418856
418857
418859
418860
418861
418863
418864
418866
418867
418869
429599
429600
429601
429602
429603
429604
429605
429606
429607
429608
429609
429610
429611
429612
429613
429614
429615
429616
429617
429618
429619
429620
429621
429622
429623
429637
429638
429639
429640
429642
429643
429644
429645
429647
429648
429649
429650
429897
429898
429899
429900
430027
430028
430029
430030
430031
430032
430033
430034
430035
430036
430037
430038
430039
430040
430041
430042
430043
430044
430045
430046
430047
430048
430049
430050
430051
430052
430053
430054
430055
430056
430057
430058
430059
430060
430061
430062
430063
430064
430065
430066
430067
430068
430069
430070
430071
430072
430073
430074
430075
430076
430077
430078
430079
430080
430081
430082
430083
430084
430085
430196
430197
430198
430199
430200
430201
430202
430203
430204
430205
430206
430207
430208
430209
430210
430211
430212
430213
430214
430215
430216
430217
430218
430219
430220
430221
430222
430223
430224
430225
430226
430227
430228
430229
430230
430231
430232
430233
430234
430235
430236
430237
430238
430239
430240
430241
430242
430243
430244
430245
430246
430247
430248
430249
430250
430251
430252
430253
430254
430255
430256
430257
430258
430259
430260
430261
430262
430263
430264
430265
430266
430267
430268
430269
430270
430271
430272
430273
430274
430275
430276
430277
430278
430279
430280
430281
430282
430283
430284
430285
430286
430287
430288
430289
430290
430291
430292
430293
430294
430295
431100
431267
431268
431269
431270
431271
431272
431273
431274
431275
431276
431277
431278
431279
431280
431281
431282
431283
431284
431285
431286
431287
431288
431289
431290
431291
431292
431293
431294
431295
431296
431297
431298
431299
431300
431301
431302
431303
431304
431305
431306
431307
431308
431309
431310
431311
431312
431313
431314
431315
431316
431317
431318
431319
431320
431321
431322
431323
431324
431325
431326
431327
431328
431329
431330
431331
431332
431333
431334
431335
431336
431337
431338
431339
431340
431341
431342
431343
431344
431345
431346
431347
431348
431349
431350
431351
431352
431353
431354
431355
431356
431357
431358
431359
431360
431361
431362
431363
431364
431365
431366
431367
431368
431369
431370
431371
431372
431373
431374
431375
431376
431377
431378
431379
431380
431381
431382
431383
431384
431385
431386
431387
431388
431389
431390
431391
431392
431393
431394
431395
431396
431408
431409
431410
431411
431412
431413
431414
431415
431416
431417
431418
431419
431420
431421
431422
431423
431424
431425
431426
431427
431428
431429
431430
431431
431432
431433
431434
431435
431491
431751
431752
431753
431754
431755
431756
431757
431758
431799
431800
431801
431802
431803
431804
431805
431806
431807
431808
431809
431810
431811
431812
431813
431814
431815
431816
431817
431818
431819
431820
431821
431822
431823
431824
431825
431826
431827
431828
431829
431830
431831
431832
431833
431834
431835
431836
432649
432650
432651
432652
432653
432654
432655
432656
433095
433096
433097
433098
433099
433100
433101
433102
433103
433104
433105
433106
433107
433108
433109
433110
433111
433112
433113
433114
433115
433116
433117
433118
433119
433120
433121
433122
433123
433124
433125
433126
433127
433128
433129
433130
433131
433132
433133
433134
433135
433136
433137
433138
433139
433140
433141
433142
433143
433144
433145
433146
433147
433148
433149
433150
433151
433152
433153
433154
433155
433156
433157
433158
433159
433160
433161
433162
433163
433164
433165
433166
433167
433168
433169
433170
433171
433172
433173
433174
433175
433176
433177
433178
433179
433180
433181
433182
433183
433184
433185
433186
433187
433188
433189
433190
433191
433192
433193
433194
433195
433196
433197
433198
433199
433200
433201
433202
433203
433204
433205
433206
433207
433208
433209
433210
433211
433212
433213
433214
433215
433216
433217
433218
433219
433220
433221
433222
433223
433224
433225
433226
433227
433228
433229
433230
433231
433232
433233
433234
433235
433236
433237
433238
433239
433240
433241
433242
433243
433244
433245
433246
433247
433248
433249
433250
433251
433252
433253
433254
433255
433256
433257
433258
433259
433260
433261
433262
433263
433264
433265
433266
433267
433268
433269
433270
433271
433272
433273
433274
433275
433276
433277
433278
433279
433280
433281
433282
433283
433284
433285
433286
433287
433288
433289
433290
433291
433292
433293
433294
433295
433296
433297
433298
433299
433300
433301
433302
433303
433304
433305
433306
433307
433308
433309
433310
433311
433312
433313
433314
433315
433316
433317
433318
433319
433320
433321
433322
433323
433324
433325
433326
433327
433328
433329
433330
433331
433332
433333
433334
433335
433336
433337
433338
433339
433340
433341
433342
433343
433344
433345
433346
433347
433348
433349
433350
433351
433352
433353
433354
433355
433356
433357
433358
433359
433360
433361
433362
433363
433364
433365
433366
433367
433368
433377
433378
433379
433380
433381
433382
433383
433384
433731
433732
433733
433734
433735
433736
433737
433738
433758
433759
433760
433761
433762
433763
433764
433765
433785
433786
433787
433788
433789
433790
433791
433792
433812
433813
433814
433815
433816
433817
433818
433819
433842
433843
433844
433845
433846
433847
433848
433849
433872
433873
433874
433875
433876
433877
433878
433879
433902
433903
433904
433905
433906
433907
433908
433909
433932
433933
433934
433935
433936
433937
433938
433939
433962
433963
433964
433965
433985
433986
433987
433988
433989
433990
433991
433992
434015
434016
434017
434018
434019
434020
434021
434022
434045
434046
434047
434048
434049
434050
434051
434052
435726
435727
435728
435729
435730
435731
435732
435733
435734
435735
435736
435737
435738
435739
435740
435741
435742
435743
435744
435752
435753
435754
435755
435756
435757
435758
435759
435760
435761
435762
435763
435764
435765
435766
435767
435768
435769
435770
435771
435772
435773
435774
435775
435776
435777
435778
435779
435780
435781
435782
435783
435784
435785
435786
435790
435791
435792
435793
435794
435795
435796
435797
435801
435803
435804
435806
435807
435808
436000
436001
436002
436003
436004
436005
436006
436007
436008
436009
436010
436011
436012
436013
436014
436015
436016
436017
436018
436035
436036
436037
436038
436039
436040
436041
436042
436043
436044
436045
436046
436047
436048
436049
436050
436051
436052
436053
436054
436055
436056
436057
436058
436059
436060
436061
436062
436063
436064
436065
436066
436067
436068
436069
436070
436071
436072
436073
436074
436075
436076
436077
436078
436079
436080
436081
436082
436083
436084
436085
436086
436087
436088
436089
436090
436091
436092
436093
436094
436095
436096
436097
436098
436099
436100
436101
436102
436103
436104
436105
436106
436107
436108
436109
436110
436111
436112
436113
436114
436115
436116
436166
436167
436168
436169
436170
436171
436172
436173
436174
436175
436176
436177
436178
436179
436180
436181
436182
436183
436184
436185
436186
436187
436188
436189
436190
436191
436192
436193
436194
436195
436196
436197
436198
436199
436200
436201
436202
436203
436204
436205
436206
436207
436208
436209
436210
436211
436212
436213
436214
436215
436216
436217
436218
436219
436220
436221
436222
436223
436224
436225
436226
436227
436228
436229
436230
436231
436232
436233
436234
436235
436236
436251
436252
436253
436254
436255
436256
436257
436258
436675
436681
436709
436710
436711
436712
436713
436714
436715
436716
437349
437350
437351
437352
437353
437354
437355
437363
437364
437365
437366
437367
437368
437369
437370
437371
437446
437447
437448
437449
437450
437451
437452
437453
437454
437455
437456
437457
437458
437459
437460
437461
437462
437463
437464
437465
437466
437467
437468
437469
437470
437471
437472
437473
437474
437475
437476
437477
437478
437479
437480
437481
437482
437483
437484
437485
437486
437487
437488
437489
437490
437491
437492
437493
437494
437495
437496
437497
437498
437499
437500
437501
437502
437503
437504
437505
437506
437507
437508
437509
437510
437511
437512
437513
437514
437515
437516
437517
437518
437519
437520
437521
437522
437523
437524
437525
437526
437527
437528
437529
437530
437531
437532
437533
437534
437535
437536
437537
437538
437539
437540
437541
437542
437543
437544
437545
437546
437547
437548
437549
437550
437551
437552
437553
437554
437555
437556
437557
437558
437559
437560
437561
437562
437563
437564
437565
437566
437567
437568
437569
437570
437571
437572
437573
437574
437575
437576
437577
437578
437579
437580
437581
437582
437583
437584
437585
437586
437587
437588
437589
437590
437591
437592
437593
437594
437595
437596
437597
437598
437599
437600
437601
437602
437603
437604
437605
437606
437607
437608
437609
437610
437611
437612
437613
437614
437615
437616
437617
437618
437619
437620
437621
437622
437623
437624
437625
437626
437627
437628
437629
437630
437631
437632
437633
437634
437635
437636
437637
437638
437639
437640
437641
437642
437643
437644
437645
437646
437647
437648
437649
437650
437651
437652
437653
437654
437655
437656
437657
437658
437659
437660
437661
437662
437663
437664
437665
437666
437667
437668
437669
437670
437671
437672
437673
437674
437675
437676
437677
437678
437679
437680
437681
437682
437683
437684
437685
437686
437687
437688
437689
437690
437691
437692
437693
437694
437695
437696
437697
437698
437699
437700
437701
437702
437703
437713
437714
437715
437716
437717
437718
437719
437720
437721
437722
437723
437724
437725
437726
437727
437728
437729
437730
437731
437732
437733
437734
437735
437736
437737
437738
437739
437740
437741
437742
437743
437744
437745
437746
437747
437748
437749
437750
437751
437752
437753
437754
437755
437756
437757
437758
437759
437760
437761
437762
437763
437764
439031
439032
439033
439034
439035
439036
439037
439038
439039
439040
439065
439066
439067
439068
439069
439070
439071
439072
439073
439074
439075
439076
439077
439078
439079
439080
439081
439082
439083
439084
439085
439086
439087
439088
439089
439090
439091
439092
439093
439094
439095
439096
439097
439098
439099
439100
439101
439102
439118
439119
439120
439121
439122
439123
439124
439125
439126
439127
439128
439129
439130
439131
439132
439133
439134
439135
439136
439137
439138
439139
439140
439141
439142
439143
439144
439145
439146
439147
439148
439149
439150
439151
439152
439153
439154
439155
439156
439157
439158
439159
439160
439161
439162
439163
439164
439165
439166
439167
439168
439169
439170
439171
439172
439173
439174
439175
439176
439177
439178
439179
439180
439181
439182
439183
439184
439185
439186
439187
439188
439189
439190
439191
439192
439193
439194
439195
439196
439197
439198
439199
439200
439201
439202
439203
439204
439205
439206
439207
439208
439209
439210
439211
439212
439213
439214
439215
439216
439217
439218
439219
439220
439221
439222
439223
439224
439225
439226
439227
439228
439229
439230
439231
439232
439233
439234
439235
439236
439237
439238
439239
439240
439241
439242
439243
439244
439245
439246
439247
439248
439249
439250
439251
439252
439253
439254
439255
439256
439257
439258
439259
439260
439261
439262
439263
439264
439265
439266
439267
439268
439269
439270
439271
439272
439273
439274
439275
439276
439277
439278
439279
439280
439281
439282
439283
439284
439285
439286
439287
439288
439289
439290
439291
439292
439293
439294
439295
439303
439304
439305
439306
439307
439308
439309
439310
439311
439312
439313
439314
439315
439316
439317
439318
439319
439320
439321
439322
439323
439324
439325
439326
439327
439328
439329
439330
439331
439332
439333
439334
439335
439336
439337
439338
439339
439340
439376
439377
439378
439379
439381
439382
439383
439385
439822
439823
439824
439825
439826
439827
439828
439829
439830
439898
439899
439900
439901
439902
439903
439904
439905
439906
439907
439908
439909
439910
439911
439912
439913
439914
439915
439916
439917
439918
439919
439920
439921
439922
439923
439924
439925
439926
439927
439928
439929
439930
439931
439932
439933
439934
439935
439936
439937
439938
439939
439940
439941
439942
439943
439944
439945
439946
439947
439948
439949
439950
439951
439952
439953
439954
439955
440147
440148
440149
440150
440151
440152
440153
440154
440155
440156
440157
440158
440159
440160
440161
440162
440163
440164
440165
440166
440167
440168
440169
440170
440171
440172
440173
440174
440175
440176
440283
440284
440285
440286
440287
440288
440289
440290
440291
440292
440293
440294
440295
440296
440297
440298
440299
440300
440301
440302
440303
440304
440305
440306
440307
440308
440309
440310
440311
440312
440313
440314
440315
440316
440317
440318
440319
440320
440321
440322
440323
440324
440325
440326
440327
440328
440329
440330
440331
440332
440333
440334
440335
440336
440337
440338
440339
440340
440341
440342
440343
440344
440345
440346
440347
440348
440349
440350
440351
440352
440353
440354
440355
440356
440357
440358
440359
440360
440382
440384
440385
440386
440388
440389
440390
440391
440392
440401
440403
440404
440405
440406
440407
440408
440409
440410
440411
440419
441204
441205
441206
441207
441208
441209
441210
441211
441212
441213
441214
441215
441216
441217
441218
441219
441220
441221
441222
441223
441224
441225
441611
441612
441613
441614
441615
441616
441617
441618
441619
441620
441621
441622
441623
441624
441625
441626
441627
441628
441629
441630
441631
441632
441633
441634
441635
441636
441637
441638
441639
441640
441641
441642
441643
441644
441645
441646
441647
441648
441649
441650
441651
441652
441653
441654
441655
441656
441657
441658
441659
441660
441661
441662
441663
441664
441665
441666
441667
441668
441669
441670
441671
441672
441673
441674
441675
441676
441677
441678
441679
441680
441681
441682
441683
441684
441685
441686
441687
441688
441689
441690
441691
441692
441693
441694
441695
441696
441697
441698
441699
441700
441701
441702
441703
441704
441705
441706
441707
441708
441709
441710
441711
441712
441713
441714
441715
441716
441717
441718
441719
441720
441721
441722
441723
441724
441725
441726
441727
441728
441729
441730
441731
441732
441733
441734
441735
441736
441737
441738
441739
441740
441741
441742
441743
441744
441745
441746
441747
441748
441749
441750
441751
441752
441753
441754
441755
441756
441757
441758
441759
441760
441761
441762
441763
441764
441765
441766
441767
441768
441769
441770
441771
441772
441773
441774
441775
441776
441777
441778
441779
441780
441781
441782
441783
441784
441785
441786
441787
441788
441789
441790
441791
441792
441793
441794
441795
441796
441797
441798
441799
441800
441801
441802
441803
441804
441805
441806
441807
441808
441809
441810
441811
441812
441813
441814
441815
441816
441817
441818
441819
441820
441821
441822
441823
441824
441825
441826
441827
441828
441829
441830
441831
441832
441833
441834
441835
441836
441837
442159
442160
442161
442162
442163
442164
442165
442166
442167
442168
442170
442171
442173
442183
442184
442185
442186
442187
442188
442189
442190
442199
442200
442201
442202
442203
442204
442205
442206
442223
442224
442225
442226
442227
442228
442229
442230
442247
442248
442249
442250
442251
442252
442253
442254
442271
442272
442273
442274
442275
442276
442277
442278
442295
442296
442297
442298
442299
442300
442301
442302
442319
442320
442321
442322
442323
442324
442325
442326
442343
442344
442345
442346
442347
442348
442349
442350
442367
442368
442369
442370
442371
442372
442373
442374
442391
442392
442393
442394
442395
442396
442413
442414
442415
442416
442417
442418
442419
442420
442437
442438
442439
442440
442441
442442
442443
442444
442461
442462
442463
442464
442465
442466
442467
442468
444668
444680
444681
444682
444683
444684
444685
444686
444687
444688
444689
444690
444691
444692
444693
444694
444695
444898
444899
444900
444901
444902
444903
444904
444905
444906
444907
444908
444909
444910
444911
444912
444913
444914
444915
444916
444917
444918
444919
444920
444921
444922
444923
444924
444925
444926
444927
444928
444929
444930
444931
444932
444933
444934
444935
444936
444937
444938
444939
444940
444941
444942
444943
444944
444945
444946
444947
444948
444949
444950
444951
444952
444953
444954
444955
444956
444957
444958
444959
444960
444961
444962
444963
444964
444965
444966
444967
444968
444969
444970
444971
444972
444973
444974
444975
444976
444977
444978
444979
444980
444981
444982
444983
444984
444985
444986
444987
444988
444989
444990
444991
444992
444993
444994
444995
444996
444997
444998
444999
445000
445001
445002
445003
445004
445005
445006
445007
445008
445009
445010
445011
445012
445013
445014
445015
445016
445017
445018
445019
445020
445021
445022
445023
445024
445025
445026
445027
445028
445029
445030
445031
445032
445033
445034
445035
445036
445037
445038
445039
445040
445041
445042
445043
445044
445045
445046
445047
445048
445049
445050
445051
445052
445053
445054
445055
445056
445057
445058
445059
445060
445061
445062
445063
445064
445065
445066
445067
445068
445069
445070
445071
445072
445073
445074
445075
445076
445077
445078
445079
445080
445081
445082
445083
445084
445085
445086
445087
445088
445089
445090
445091
445092
445093
445094
445095
445096
445097
445098
445099
445100
445101
445102
445103
445104
445105
445106
445107
445108
445109
445110
445111
445112
445113
445114
445115
445116
445117
445118
445119
445120
445121
445122
445123
445124
445125
445126
445127
445128
445129
445130
445131
445132
445133
445134
445135
445136
445137
445138
445139
445140
445141
445142
445143
445144
445145
445146
445147
445148
445149
445150
445151
445152
445153
445172
445173
445174
445175
445176
445177
445178
445179
445180
445181
445182
445183
445184
445185
445186
445187
445188
445189
445190
445191
445192
445193
445194
445195
445196
445197
445198
445199
445200
445201
445202
445203
445204
445205
445206
445207
445208
445209
445210
445211
445212
445213
445214
445215
445216
445217
445218
445219
445220
445221
445222
445223
445224
445225
445226
445270
445273
445274
445275
445340
445343
445957
445958
445959
445960
445961
445962
445963
445964
445965
445966
445967
445968
445969
445970
445971
445972
445973
445974
445975
445976
445977
445978
445979
445980
445981
445982
445983
445984
445985
445986
445987
445988
445989
445990
445991
446502
446503
446504
446542
446543
446544
446545
446546
446547
446548
446549
446550
446551
446552
446553
446554
446555
446556
446557
446558
446559
446560
446561
446562
446563
446564
446565
446566
446567
446568
446569
446570
446571
446572
446573
446574
446575
446576
446577
446578
446579
446580
446581
446582
446583
446584
446585
446586
446587
446588
446589
446590
446591
446592
446593
446594
446595
446596
446597
446598
446599
446633
446634
446635
446636
446637
446638
446639
446640
446641
446642
446643
446644
446645
446646
446647
446648
446649
446650
446651
446652
446653
446654
446655
446656
446657
446658
446659
446660
446661
446662
446663
446664
446665
446666
446667
446668
446669
446670
446671
446672
446673
446674
446675
446676
446677
446678
446679
446680
446681
446682
446683
446684
446685
446686
446687
446688
446689
446690
446691
446692
446693
446694
446695
446696
446697
446698
446699
446700
446701
446702
446703
446704
446705
446706
446707
446708
446709
446710
446711
446712
446713
446714
446715
446716
446717
446718
446719
446720
446721
446722
446723
446724
446725
446726
446727
446728
446729
446730
446731
446732
446733
446734
446735
446736
446737
446738
446739
446740
446741
446840
446842
446843
446845
446846
446847
446856
446858
446866
448336
448337
448338
448339
448340
448386
448387
448388
448389
448390
448391
448392
448393
448394
448395
448396
448397
448398
448399
448400
448401
448402
448403
448404
448405
448406
448407
448408
448409
448410
448411
448412
448413
448414
448415
448416
448417
451638
451639
451640
451641
451642
451643
451644
451645
451657
451658
451659
451660
451661
451662
451663
451664
451665
451666
451667
451668
451669
451670
451671
451672
451673
451674
451675
451676
451677
451678
451679
451680
451681
451682
451683
451684
451685
451686
451687
451688
451689
451690
451691
451692
451693
451694
451695
451696
451697
451709
451710
451711
451712
451713
451714
451715
451716
451717
451718
451719
451720
451721
451722
451723
451724
451725
451726
451727
453067
453068
453069
453070
453071
453072
453073
453074
453075
453076
453077
453078
453079
453080
453081
453082
453083
453084
453085
453086
453087
453088
453089
453090
453091
453092
453093
453094
453095
453096
453097
453098
453099
453100
453101
453102
453103
453104
453105
453106
453107
453108
453109
453110
453111
453112
453113
453114
453115
453116
453117
453118
453119
453120
453121
453122
453123
453124
453125
453126
453127
453128
453129
453130
453131
453132
453133
453134
453135
453136
453137
453138
453139
453140
453141
453142
453143
453144
453145
453146
453147
453148
453149
453150
453151
453152
453153
453154
453155
453156
453157
453158
453159
453160
453161
453162
453163
453164
453165
453166
453167
453168
453169
453170
453171
453172
453173
453174
453175
453176
453177
453178
453179
453180
453181
453182
453183
453184
453185
453186
453187
453188
453189
453190
453191
453192
453193
453194
453195
453196
453197
453198
453199
453200
453201
453202
453203
453204
453205
453206
453207
453208
453209
453210
453211
453212
453213
453214
453215
453216
453217
453218
453219
453220
453221
453222
453223
453224
453225
453226
453227
453228
453229
453230
453231
453232
453233
453234
453235
453236
453237
453238
453239
453240
453241
453242
453243
453244
453245
453246
453247
453248
453249
453250
453251
453252
453253
453254
453255
453256
453257
453258
453259
453260
453261
453262
453263
453264
453265
453266
453267
453268
453269
453270
453271
453272
453273
453274
453275
453276
453277
453278
453279
453280
453281
453282
453283
453284
453285
453286
453287
453288
453289
453290
453291
453292
453293
453294
453295
453296
453297
453298
453299
453300
453301
453302
453303
453304
453305
453306
453307
453308
453309
453310
453311
453312
453313
453314
453315
453316
453317
453318
453319
453320
453321
453322
453323
453324
453325
453326
453327
453328
453329
453330
453331
453332
453333
453334
453335
453336
453337
453338
453339
453340
453341
453342
453343
453344
453345
453346
453347
453348
453349
453350
453351
453352
453353
453354
453355
453356
453357
453358
453359
453360
453361
453362
453363
453364
453365
453366
453367
453368
453369
453370
453371
453372
453373
453374
453375
453376
453377
453378
453379
453380
453381
453382
453383
453384
453385
453386
453387
453388
453389
453390
453391
453392
453393
453394
453395
453396
453397
453398
453399
453400
453401
453402
453403
453404
453405
453406
453407
453408
453409
453410
453411
453412
453413
453414
453415
453416
453417
453418
453419
453420
453421
453422
453423
453424
453425
453426
453427
453428
453429
453430
453431
453432
453433
453434
453435
453436
453437
453438
453439
453440
453441
453442
453443
453444
453445
453446
453447
453448
453449
453450
453451
453452
453453
453454
453455
453456
453457
453458
453459
453460
453461
453462
453463
453464
453465
453466
453467
453468
453469
453470
453471
453472
453473
453474
453475
453476
453477
453478
453479
453480
453481
453482
453483
453484
453485
453486
453487
453488
453489
453490
453491
453492
453493
453494
453495
453496
453497
453498
453499
453500
453501
453502
453503
453504
453505
453506
453507
453508
453509
453510
453511
453512
453513
453514
453515
453516
453517
453518
453519
453520
453521
453522
453523
453524
453525
453526
453527
453528
453529
453530
453531
453532
453533
453534
453535
453536
453537
453538
453539
453540
453541
453542
453543
453544
453545
453546
453547
453548
453549
453550
453551
453552
453553
453554
453555
453556
453557
453558
453559
453560
453561
453562
453563
453564
453565
453566
453567
453568
453569
453570
453571
453572
453573
453574
453575
453576
453577
453578
453579
453580
453581
453582
453583
453584
453585
453586
453587
453588
453589
453590
453591
453592
453593
453594
453595
453596
453597
453598
453599
453600
453601
453602
453603
453604
453605
453606
453607
453608
453609
453610
453611
453612
453613
453614
453615
453616
453617
453618
453619
453620
453621
453622
453623
453624
453625
453626
453627
453628
453629
453630
453631
453632
453633
453634
453635
453636
453637
453638
453639
453640
453641
453642
453643
453644
453645
453646
453647
453648
453649
453650
453651
453652
453653
453654
453655
453656
453657
453658
453659
453660
453661
453662
453663
453664
453665
453666
453667
453668
453669
453670
453671
453672
453673
453674
453675
453676
453677
453678
453679
453680
453681
453682
453683
453684
453685
453686
453687
453688
453689
453690
453691
453692
453693
453694
453695
453696
453697
453698
453699
453700
453701
453702
453703
453704
453705
453706
453707
453708
453709
453710
453711
453712
453713
453714
453715
453716
453717
453718
453719
453720
453721
453722
453723
453724
453725
453726
453727
453728
453729
453730
453731
453732
453733
453734
453735
453736
453737
453738
453739
453740
453741
453742
453743
453744
453745
453746
453747
453748
453749
453750
453751
453752
453753
453754
453755
453756
453757
453758
453759
453760
453761
453762
453763
453764
453765
453766
453767
453768
453769
453770
453771
453772
453773
453774
453775
453776
453777
453778
453779
453780
453781
453782
453783
453784
453785
453786
453787
453788
453789
453790
453791
453792
453793
453794
453795
453796
453797
453798
453799
453800
453801
453802
453803
453804
453805
453806
453807
453808
453809
453810
453811
453812
453813
453814
453815
453816
453817
453818
453819
453820
453821
453822
453823
453824
453825
453826
453827
453828
453829
453830
453831
453832
453833
453834
453835
453836
453837
453838
453839
453840
453841
453842
453843
453844
453845
453846
453847
453848
453849
453850
453851
453852
453853
453854
453855
453856
453857
453858
453859
453860
453861
453862
453863
453864
453865
453866
453867
453868
453869
453870
453871
453872
453873
453874
453875
453876
453877
453878
453879
453880
453881
453882
453883
453884
453885
453886
453887
453888
453889
453890
453891
453892
453893
453894
453895
453896
453897
453898
453899
453900
453901
453902
453903
453904
453905
453906
453907
453908
453909
453910
453911
453912
453913
453914
453915
453916
453917
453918
453919
453920
453921
453922
453923
453924
453925
453926
453927
453928
453929
453930
453931
453932
453933
453945
453946
453947
453948
453949
453950
453951
453952
453953
453954
453955
453956
453957
453958
453959
453960
453961
453962
453963
453964
453965
453966
453967
453968
453969
453970
453971
453972
453973
453974
453975
453976
453977
453978
453979
453980
453981
453982
453983
453984
453985
453997
453998
453999
454000
454001
454002
454003
454004
454005
454006
454007
454008
454009
454010
454011
454012
454013
454014
454015
455068
455069
455070
455071
455072
455073
455074
455075
455155
455156
455157
455158
455159
455160
455161
455162
455242
455243
455244
455245
455246
455247
455248
455249
455329
455330
455331
455332
455333
455334
455335
455336
455419
455420
455421
455422
455423
455424
455425
455426
455509
455510
455511
455512
455513
455514
455515
455516
455599
455600
455601
455602
455603
455604
455605
455606
455689
455690
455691
455692
455693
455694
455695
455696
455779
455780
455781
455782
455783
455784
455864
455865
455866
455867
455868
455869
455870
455871
455954
455955
455956
455957
455958
455959
455960
455961
456044
456045
456046
456047
456048
456049
456050
456051
456134
456135
456136
456137
456138
456139
456140
456141
461517
461518
461519
461520
461521
461522
461523
461524
461525
461526
461527
461528
461529
461530
461531
461532
461533
461534
461535
461536
461537
461538
461539
461540
461541
461542
461543
461544
461545
461546
461547
461548
461549
461550
461551
461552
461553
461554
461555
461556
461557
461558
461559
461560
461561
461562
461563
461564
461565
461566
461567
461568
461569
461570
461571
461572
461573
461574
461575
461576
461577
461578
461579
461580
461581
461582
461583
461584
461585
461586
461587
461588
461589
461590
461591
461592
461593
461594
461595
461596
461597
461598
461599
461600
461601
461602
461603
461604
461605
461606
461607
461608
461609
461610
461611
461612
461613
461614
461615
461616
461617
461618
461619
461620
461621
461622
461623
461624
461625
461626
461627
461628
461629
461630
461631
461632
461633
461634
461635
461636
461637
461638
461639
461640
461641
461642
461643
461644
461645
461646
461647
461648
461649
461650
461651
461652
461653
461654
461655
461656
461657
461658
461659
461660
461661
461662
461663
461664
461665
461666
461667
461668
461669
461670
461671
461672
461673
461674
461675
461676
461677
461678
461679
461680
461681
461682
461683
461684
461685
461686
461687
461688
461689
461690
461691
461692
461693
461694
461695
461696
461697
461698
461699
461700
461701
461702
461703
461704
461705
461706
461707
461708
461709
461710
461711
461712
461713
461714
461715
461716
461717
461718
461719
461720
461721
461722
461723
461724
461725
461726
461727
461728
461729
461730
461731
461732
461733
461734
461735
461736
461737
461738
461739
461740
461741
461742
461743
461744
461745
461746
461747
461748
461749
461750
461751
461752
461753
461754
461755
461756
461757
461758
461759
461760
461761
461762
461763
461764
461765
461766
461767
461768
461769
461770
461771
461772
461773
461774
461775
461776
461777
461778
461779
461780
461781
461782
461783
461784
461785
461786
461787
461788
461789
461790
461791
461792
461793
461794
461795
461796
461797
461798
461799
461800
461801
461802
461803
461804
461805
461806
461807
461808
461809
461810
461811
461812
461813
461814
461815
461816
461817
461818
461819
461820
461821
461822
461851
462392
462393
462394
462395
462396
462397
462398
462399
462400
462401
462402
462403
462404
462405
462406
462407
462408
462409
462410
462411
462412
462413
462414
462415
462416
462417
462418
462419
462420
462447
462448
462449
462450
462451
462452
462453
462454
462455
462456
462457
462458
462459
462460
462461
462462
462463
462464
462465
462466
462467
462468
462469
462470
462471
462472
462473
462474
462475
462476
462477
462478
462479
462480
462481
462482
462483
462484
462485
462486
462487
462488
462489
462490
462491
462492
462493
462494
462495
462496
462497
462498
462499
462500
462501
462502
462503
462504
462505
462506
462507
462508
462509
462510
462511
462512
462513
462514
462515
462516
462517
462518
462519
462520
462521
462522
462523
462524
462525
462526
462527
462528
462529
462530
462531
462532
462533
462534
462535
462536
462537
462538
462539
462540
462541
462542
462543
462544
462545
462546
462547
462548
462549
462550
462551
462552
462553
462554
462555
462556
462557
462558
462559
462560
462561
462562
462563
462564
462565
462566
462567
462568
462569
462570
462571
462572
462573
462574
462575
462576
462577
462578
462579
462580
462581
462582
462583
462584
462585
462586
462587
462588
462589
462590
462591
462592
462593
462594
462595
462596
462597
462598
462599
462600
462601
462602
462603
462604
462605
462606
462607
462608
462609
462610
462611
462612
462613
462614
462615
462616
462617
462618
462619
462620
462621
462622
462623
462624
462625
462626
462627
462628
462629
462630
462631
462632
462633
462634
462635
462636
462637
462638
462639
462640
462641
462642
462643
462644
462645
462646
462647
462648
462649
462650
462651
462652
462653
462654
462655
462656
462657
462658
462659
462660
462707
462708
462709
462710
462711
462712
462713
462714
462715
462716
462717
462718
462719
462720
462721
462722
462723
462724
462725
462726
462727
462728
462729
462730
462731
462732
462733
462734
462735
462736
462737
462738
462739
462740
462741
462742
462743
462744
462745
462746
462747
462748
462749
462750
462751
462752
462753
462754
462755
462756
462757
462758
462759
462760
462761
462762
462763
462764
462765
462766
462767
462768
462769
462770
462771
462772
462773
462774
462775
462776
462777
462778
462779
462780
462781
462782
462783
462784
462785
462786
462787
462788
462789
462790
462791
462792
462793
462851
462853
462854
462856
462857
462858
462863
463544
463597
463598
463599
463600
463601
463602
463603
463605
463606
463608
463610
463612
464718
464719
464720
464721
464722
464723
464730
464731
464732
464733
464734
464735
464736
464737
464738
464739
464740
464741
464742
464743
464744
464745
464746
464747
464748
464749
464750
464751
464752
464753
464864
464865
464866
464867
464868
464869
464870
464871
464872
464873
464874
464875
464876
464877
464878
464879
464880
464881
464882
464883
464884
464885
464886
464887
464888
464889
464890
464891
464892
464893
464894
464895
464896
464897
464898
464899
464900
464901
464902
464903
464904
464905
464906
464907
464908
464909
464910
464911
464912
464913
464914
464915
464916
464917
464918
464919
464920
464921
464922
464923
464924
464925
464926
464927
464928
464929
464930
464931
464932
464933
464934
464935
464936
464937
464938
464939
464940
464941
464942
464943
464944
464945
464946
464947
464948
464949
464950
464951
464952
464953
464954
464955
464956
464957
464958
464959
464960
464961
464962
464963
464964
464965
464966
464967
464968
464969
464970
464971
464972
464973
464974
464975
464976
464977
464978
464979
464980
464981
464982
464983
464984
464985
464986
464987
464988
464989
464990
464991
464992
464993
464994
464995
464996
464997
464998
464999
465000
465001
465002
465003
465004
465005
465006
465007
465008
465009
465010
465011
465012
465013
465014
465015
465016
465017
465018
465019
465020
465021
465022
465023
465024
465025
465026
465027
465028
465029
465030
465031
465032
465033
465034
465035
465036
465037
465038
465039
465040
465041
465042
465043
465044
465045
465046
465047
465048
465049
465050
465051
465052
465053
465054
465055
465056
465057
465058
465059
465060
465061
465062
465063
465064
465065
465066
465067
465068
465069
465070
465071
465072
465073
465074
465075
465076
465077
465078
465079
465080
465081
465082
465083
465084
465085
465086
465087
465088
465089
465090
465091
465092
465093
465094
465095
465096
465097
465098
465099
465100
465101
465102
465103
465104
465105
465106
465107
465108
465109
465110
465111
465112
465113
465114
465115
465116
465117
465118
465119
465120
465121
465122
465123
465124
465125
465126
465127
465128
465129
465130
465131
465132
465133
465134
465135
465136
465137
465138
465139
465140
465141
465142
465143
465144
465145
465146
465147
465148
465149
465150
465151
465152
465153
465154
465155
465156
465157
465158
465159
465160
465161
465162
465163
465164
465165
465166
465167
465168
465169
465170
465171
465172
465173
465174
465175
465176
465177
465178
465179
465180
465181
465182
465183
465184
465185
465186
465187
465188
465189
465190
465191
465192
465193
465194
465195
465196
465197
465198
465199
465200
465201
465202
465203
465204
465205
465206
465207
465208
465209
465210
465211
465212
465213
465214
465215
465216
465217
465218
465219
465220
465221
465222
465223
465224
465225
465226
465227
465228
465229
465230
465231
465232
465233
465234
465235
465236
465237
465238
465239
465240
465241
465242
465243
465244
465245
465246
465247
465248
465249
465250
465251
465252
465253
465254
465255
465256
465257
465258
465259
465260
465261
465262
465263
465264
465265
465266
465267
465268
465269
465270
465271
465272
465273
465274
465275
465276
465277
465278
465279
465280
465281
465282
465283
465284
465285
465286
465287
465288
465289
465290
465291
465292
465293
465294
465295
465306
465307
465308
465309
465310
465311
465312
465313
465314
465315
465316
465317
465318
465319
465320
465321
465322
465323
465324
465325
465326
465327
465328
465329
465330
465331
465332
465333
465334
465335
465336
465337
465338
465339
465340
465341
465342
465343
465344
465345
465346
465347
465348
465349
465350
465351
465352
465353
465354
465355
465356
465357
465358
465359
465360
465361
465362
465363
465364
465365
465366
465367
465368
465369
465370
465371
465372
465373
465374
465375
465376
465377
465378
466894
466895
466896
466897
466898
466899
466900
466901
466902
466903
466904
466905
466906
466907
466908
466909
466910
466911
466912
466913
466914
466915
466916
466917
466918
466919
466920
466921
466922
466923
466924
466925
466926
466927
466928
466929
466930
466931
466932
466933
466934
466935
466936
466937
466938
466939
466940
466941
466942
466943
466944
466945
466946
466947
466948
466949
466950
466951
466952
466953
466954
466955
466956
466957
466958
466959
466960
466961
466962
466963
466964
466965
466966
466967
466968
466969
466970
468622
468623
468624
468625
468626
468627
468628
468629
468630
468631
468632
468633
468634
468635
468636
468637
468638
468639
468640
468641
468642
468643
468644
468645
468646
468647
468648
468649
468650
468651
468652
468653
468654
468655
468741
468742
468743
468744
468745
468746
468747
468748
468749
468750
468751
468752
468753
468754
468755
468756
468757
468758
468759
468760
468761
468762
468763
468764
468765
468766
468767
468768
468769
468770
468771
468772
468773
468774
468775
468776
468777
468778
468779
468780
468781
468782
468783
468784
468785
468786
468787
468788
468789
468790
468791
468792
468793
468794
468795
468796
468797
468798
468799
468800
468801
468802
468803
468804
468805
468806
468807
468808
468809
468810
468811
468812
468813
468814
468815
468816
468817
468818
468819
468820
468821
468822
468823
468824
468825
468826
468827
468828
468829
468830
468831
468832
468833
468834
468835
468836
468837
468838
468839
468840
468841
468842
468843
468844
468845
468846
468847
468848
468849
468850
468851
468852
468853
468854
468855
468856
468857
468858
468859
468860
468861
468862
468863
468864
468865
468866
468867
468868
468869
468870
468871
468872
468873
468874
468875
468876
468877
468878
468879
468880
468881
468882
468883
468884
468885
468886
468887
468888
468889
468890
468891
468892
468893
468894
468895
468896
468897
468898
468899
468900
468901
468902
468903
468904
468905
468906
468907
468908
468909
468910
468911
468912
468913
468914
468915
468916
468917
468918
468919
468920
468921
468922
468923
468924
468925
468926
468927
468928
468929
468930
468931
468932
468933
468934
468935
468936
468937
468938
468939
468940
468941
468942
469722
469723
469724
469725
469726
469727
469728
469729
469730
469731
469732
469733
469734
469735
469736
469737
469738
469739
469740
469741
469742
469743
469744
469745
469746
469747
469748
469749
469750
469751
469752
469753
469754
469755
469756
469757
469758
469759
469760
469761
469762
469763
469764
469765
469766
469767
469768
469769
469770
469771
469772
469773
469774
469775
469776
469777
469778
469779
469780
469781
469782
469783
469784
469785
469786
469787
469788
469789
469790
469791
469792
469793
469794
469795
469796
469797
469798
469799
469800
469801
469802
469803
469804
469805
469806
469807
469808
469809
469810
469811
469812
469813
469814
469815
469816
469817
469818
469819
469820
469821
469822
469823
469824
469825
469826
469827
469828
469829
469830
469831
469832
469833
469834
469835
469836
469837
469838
469839
469840
469841
469842
469843
469844
469845
469846
469847
469848
469849
469850
469851
469852
469853
469854
469855
469856
469857
469858
469859
469860
469861
469862
469863
469864
469865
469866
469867
469868
469869
469870
469871
469872
469873
469874
469875
469876
469877
469878
469879
469880
469881
469882
469883
469884
469885
469886
469887
469888
469889
469890
469891
469892
469893
469894
469895
469896
469897
469898
469899
469900
469901
469902
469903
469904
469905
469906
469907
469908
469909
469910
469911
469912
469913
469914
469915
469916
469917
469918
469919
469920
469921
469922
469923
469924
469925
469926
469927
469928
469929
469930
469931
469932
469933
469934
469935
469936
469937
469938
469939
469940
469941
469942
469943
469944
469945
469946
469947
469948
469949
469950
469951
469952
469953
469954
469955
469956
469957
469958
469959
469960
469961
469962
469963
469964
469965
469966
469967
469968
469969
469970
469971
469972
469973
469974
469975
469976
469977
469978
469979
469980
469981
469982
469983
469984
469985
469986
469987
469988
469989
469990
469991
469992
469993
469994
469995
469996
469997
469998
469999
470000
470001
470002
470003
470004
470005
470006
470007
470008
470009
470010
470011
470012
470013
470014
470015
470016
470017
470018
470019
470020
470021
470022
470023
470024
470025
470026
470027
470028
470029
470030
470031
470032
470033
470034
470035
470036
470037
470038
470039
470040
470041
470042
470043
470044
470045
470046
470047
470048
470049
470050
470051
470052
470053
470054
470055
470056
470057
470058
470059
470060
470061
470062
470063
470064
470065
470066
470067
470068
470069
470070
470071
470072
470073
470074
470075
470076
470077
470078
470079
470080
470081
470082
470083
470084
470085
470086
470087
470088
470089
470090
470091
470092
470093
470094
470095
470096
470097
470098
470099
470100
470101
470102
470103
470104
470105
470106
470107
470108
470109
470110
470111
470112
470113
470114
470115
470116
470117
470118
470119
470120
470121
470246
470247
470248
470249
470250
470251
470252
470253
470254
470255
470256
470257
470258
470259
470260
470261
470262
470263
470264
470265
470266
470267
470268
470269
470270
470271
470272
470273
470274
470275
470276
470277
470278
470279
470280
470281
470282
470283
470284
470285
470286
470287
470288
470289
470290
470291
470292
470293
470294
470295
470296
470297
470298
470299
470300
470301
470302
470303
470304
470305
470306
470307
470308
470309
470310
470311
470312
470313
470314
470315
470316
470317
470318
470319
470320
470321
470322
470323
470324
470325
470326
470327
470328
470329
470330
470331
470332
470333
470334
470335
470336
470337
470338
470339
470340
470341
470342
470343
470344
470345
470346
470347
470348
470349
470350
470351
470352
470353
470354
470355
470356
470357
470358
470359
470360
470361
470362
470363
470364
470365
470366
470367
470368
470369
470370
470371
470372
470373
470374
470375
470376
470377
470378
470379
470380
470381
470382
470383
470384
470385
470386
470387
470388
470389
470390
470391
470392
470393
470394
470395
470396
470397
470398
470399
470400
470401
470402
470403
470404
470405
470406
470407
470408
470409
470410
470411
470412
470413
470414
470415
470416
470417
470418
470419
470420
470629
470631
470633
470638
470641
473837
473838
473839
473840
473841
473842
473843
473844
473845
473846
473847
473848
473849
473850
473851
473852
473853
473854
473855
473856
473857
473858
473859
473865
473866
473867
473868
473869
473870
473871
473872
473873
473874
473875
473876
473877
473878
474021
474022
474023
474024
474025
474026
474027
474028
474029
474030
474031
474032
474033
474034
474035
474036
474037
474038
474039
474040
474041
474042
474043
474044
474045
474046
474047
474048
474049
474050
474051
474052
474053
474054
474055
474056
474057
474058
474059
474060
474061
474062
474063
474064
474065
474066
474067
474068
474069
474070
474071
474072
474073
474074
474075
474076
474077
474078
474079
474080
474081
474082
474083
474084
474085
474086
474087
474088
474089
474090
474091
474092
474093
474094
474095
474096
474097
474098
474099
474100
474101
474102
474103
474104
474105
474106
474107
474108
474109
474110
474111
474112
474113
474114
474115
474116
474117
474118
474119
474120
474121
474122
474123
474124
474125
474126
474127
474128
474129
474130
474131
474132
474133
474134
474135
474136
474137
474138
474139
474140
474141
474142
474143
474144
474145
474146
474147
474148
474149
474150
474151
474152
474153
474154
474155
476380
476381
476382
476383
476384
476385
476386
476387
476388
476389
476390
476391
476392
476393
476394
476395
476396
476755
476756
476757
476758
476759
476760
476761
476762
476763
476764
476765
476766
476767
476768
476769
476770
476771
476772
476773
476774
476775
476776
476777
476778
476779
476780
476781
476782
476783
476784
476785
476786
476787
476788
476789
476790
476791
476792
476793
476794
476795
476796
476797
476798
476799
476800
476801
476802
476803
476804
476805
476806
476807
476808
476809
476810
476811
476812
476813
476814
476815
476816
476817
476818
476819
476820
476821
476822
476823
476824
476825
476826
476827
476828
476829
476830
476831
476832
476833
476834
476835
476836
476837
476838
476839
476840
476841
476842
476843
476844
476845
476846
476847
476848
476849
476850
476851
476852
476853
476854
476855
476856
476857
476858
476859
476860
476861
476862
476863
476864
476865
476866
476867
476868
476869
476870
476871
476872
476873
476874
476875
476876
476877
476878
476879
476880
476881
476882
476883
476884
476885
476886
476887
476888
476889
476890
476891
476892
476893
476894
476895
476896
476897
476898
476899
476900
476901
476902
476903
476904
476905
476906
476907
476908
476909
476910
476911
476912
476913
476914
476915
476916
476917
476918
476919
476920
476921
476922
476923
476924
476925
476926
476927
476928
476929
476930
476931
476932
476933
476934
476935
476936
476937
476938
476939
476940
476941
476942
476943
476944
476945
476946
476947
476948
476949
476950
476951
476952
477241
477242
477244
477245
477247
477249
477250
477251
477252
477253
477254
477255
477256
477257
477259
477260
477262
477264
477265
477266
477267
477268
477269
477270
477271
477272
477273
477274
477276
477277
477279
477281
477282
477284
477285
477287
477289
477290
477291
477292
477293
477294
477295
477296
477297
477298
477300
477301
477303
477305
477306
477308
477309
477311
477313
477314
477315
477316
477317
477318
477319
477320
477321
477322
477324
477325
477327
477329
477330
477332
477333
477335
477337
477338
477339
477340
477341
477342
477343
477344
477345
477346
477348
477349
477351
477353
477354
477356
477357
477359
477361
477362
477363
477364
477365
477366
477367
477368
477369
477370
477372
477373
477375
477377
477378
477380
477381
477383
477385
477386
477387
477388
477389
477390
477391
477392
477393
477394
477396
477397
477399
477401
477402
477404
477405
477407
477409
477410
477411
477412
477413
477414
477415
477416
477417
477418
477420
477421
477423
477425
477426
477428
477429
477431
477433
477434
477435
477436
477437
477438
477439
477440
477441
477442
477444
477445
477447
477449
477450
477452
477453
477455
477457
477458
477459
477460
477461
477462
477463
477465
477467
477468
477469
477472
477474
477475
477476
477477
477478
477479
477480
477481
477482
477483
477485
477486
477488
477490
477491
477493
477494
477496
477498
477499
477500
477501
477502
477503
477504
477505
477506
477507
477509
477510
477512
477514
477515
477517
477518
477520
477522
477523
477524
477525
477526
477527
477528
477529
477530
477531
477533
477534
477536
477538
477539
477541
477542
477544
481079
481080
481081
481082
481083
481084
481085
481086
481095
481096
481097
481098
481099
481100
481101
481102
481103
481104
481105
481106
481107
481108
481109
481110
481111
481112
481113
481114
481115
481116
481117
481118
481119
481120
481121
481122
481123
481124
481125
481126
481138
481139
481140
481141
481142
481143
481144
481145
481146
481147
481148
481149
481150
481151
481152
481153
481154
481155
481156
482293
482294
482295
482296
482297
482298
482299
482300
482301
482302
482303
482304
482305
482306
482307
482308
482309
482310
482311
482312
482313
482314
482315
482316
482317
482318
482319
482320
482321
482322
482323
482324
482325
482326
482327
482328
482329
482330
482331
482332
482333
482334
482335
482336
482337
482338
482339
482340
482341
482342
482343
482344
482345
482346
482347
482348
482349
482350
482351
482352
482353
482354
482355
482356
482357
482358
482359
482360
482361
482362
482363
482364
482365
482366
482367
482368
482369
482370
482371
482372
482373
482374
482375
482376
482377
482378
482379
482380
482381
482382
482383
482384
482385
482386
482387
482388
482389
482390
482391
482392
482393
482394
482395
482396
482397
482398
482399
482400
482401
482402
482403
482404
482405
482406
482407
482408
482409
482410
482411
482412
482413
482414
482415
482416
482417
482418
482419
482420
482421
482422
482423
482424
482425
482426
482427
482428
482429
482430
482431
482432
482433
482434
482435
482436
482437
482438
482439
482440
482441
482442
482443
482444
482445
482446
482447
482448
482449
482450
482451
482452
482453
482454
482455
482456
482457
482458
482459
482460
482461
482462
482463
482464
482465
482466
482467
482468
482469
482470
482471
482472
482473
482474
482475
482476
482477
482478
482479
482480
482481
482482
482483
482484
482485
482486
482487
482488
482489
482490
482491
482492
482493
482494
482495
482496
482497
482498
482499
482500
482501
482502
482503
482504
482505
482506
482507
482508
482509
482510
482511
482512
482513
482514
482515
482516
482517
482518
482519
482520
482521
482522
482523
482524
482525
482526
482527
482528
482529
482530
482531
482532
482533
482534
482535
482536
482537
482538
482539
482540
482541
482542
482543
482544
482545
482546
482547
482548
482549
482550
482551
482552
482553
482554
482555
482556
482557
482558
482559
482560
482561
482562
482563
482564
482565
482566
482567
482568
482569
482570
482571
482572
482573
482574
482575
482576
482577
482578
482579
482580
482581
482582
482583
482584
482585
482586
482587
482588
482589
482590
482591
482592
482593
482594
482595
482596
482597
482598
482599
482600
482601
482602
482603
482604
482605
482606
482607
482608
482609
482610
482611
482612
482613
482614
482615
482616
482617
482618
482619
482620
482621
482622
482623
482624
482625
482626
482627
482628
482629
482630
482631
482632
482633
482634
482635
482636
482637
482638
482639
482640
482641
482642
482643
482644
482645
482646
482647
482648
482649
482650
482651
482652
482653
482654
482655
482656
482657
482658
482659
482660
482661
482662
482663
482664
482665
482666
482667
482668
482669
482670
482671
482672
482673
482674
482675
482676
482677
482678
482679
482680
482681
482682
482683
482684
482685
482686
482687
482688
482689
482690
482691
482692
482693
482694
482695
482696
482697
482698
482699
482700
482701
482702
482703
482704
482705
482706
482707
482708
482709
482710
482711
482712
482713
482714
482715
482716
482717
482718
482719
482720
482721
482722
482723
482724
482725
482726
482727
482728
482729
482730
482731
482732
482733
482734
482735
482736
482737
482738
482739
482740
482741
482742
482743
482744
482745
482746
482747
482748
482749
482750
482751
482752
482753
482754
482755
482756
482757
482758
482759
482760
482761
482762
482763
482764
482765
482766
482767
482768
482769
482770
482771
482772
482773
482774
482775
482776
482777
482778
482779
482780
482781
482782
482783
482784
482785
482786
482787
482788
482789
482790
482791
482792
482793
482794
482795
482796
482797
482798
482799
482800
482801
482802
482803
482804
482805
482806
482807
482808
482809
482810
482811
482812
482813
482814
482815
482816
482817
482818
482819
482820
482821
482822
482823
482824
482825
482826
482827
482828
482829
482830
482831
482832
482833
482834
482835
482836
482837
482838
482839
482840
482841
482842
482843
482844
482845
482846
482847
482848
482849
482850
482851
482852
482853
482854
482855
482856
482857
482858
482859
482860
482861
482862
482863
482864
482865
482866
482867
482868
482869
482870
482871
482872
482873
482874
482875
482876
482877
482878
482879
482880
482881
482882
482883
482884
482885
482886
482887
482888
482889
482890
482891
482892
482893
482894
482895
482896
482897
482898
482899
482900
482901
482902
482903
482904
482905
482906
482907
482908
482909
482910
482911
482912
482913
482914
482915
482916
482917
482918
482919
482920
482921
482922
482923
482924
482925
482926
482927
482928
482929
482930
482931
482932
482933
482934
482935
482936
482937
482938
482939
482940
482941
482942
482943
482944
482945
482946
482947
482948
482949
482950
482951
482952
482953
482954
482955
482956
482957
482958
482959
482960
482961
482962
482963
482964
482965
482966
482967
482968
482969
482970
482971
482972
482973
482974
482975
482976
482977
482978
482979
482980
482981
482982
482983
482984
482985
482986
482987
482988
482989
482990
482991
482992
482993
482994
482995
482996
482997
482998
482999
483000
483001
483002
483003
483004
483005
483006
483007
483008
483009
483010
483011
483012
483013
483014
483015
483016
483017
483018
483019
483020
483021
483022
483023
483024
483033
483034
483035
483036
483037
483038
483039
483040
483041
483042
483043
483044
483045
483046
483047
483048
483049
483050
483051
483052
483053
483054
483055
483056
483057
483058
483059
483060
483061
483062
483063
483064
483076
483077
483078
483079
483080
483081
483082
483083
483084
483085
483086
483087
483088
483089
483090
483091
483092
483093
483094
483989
483990
483991
483992
483993
483994
483995
483996
483997
483998
484000
484001
484003
484005
484006
484008
484009
484011
484064
484065
484066
484067
484068
484069
484070
484071
484072
484073
484075
484076
484078
484080
484081
484083
484084
484086
484139
484140
484141
484142
484143
484144
484145
484146
484147
484148
484150
484151
484153
484155
484156
484158
484159
484161
484214
484215
484216
484217
484218
484219
484220
484221
484222
484223
484225
484226
484228
484230
484231
484233
484234
484236
484292
484293
484294
484295
484296
484297
484298
484299
484300
484301
484303
484304
484306
484308
484309
484311
484312
484314
484370
484371
484372
484373
484374
484375
484376
484377
484378
484379
484381
484382
484384
484386
484387
484389
484390
484392
484448
484449
484450
484451
484452
484453
484454
484455
484456
484457
484459
484460
484462
484464
484465
484467
484468
484470
484526
484527
484528
484529
484530
484531
484532
484533
484534
484535
484537
484538
484540
484542
484543
484545
484546
484548
484604
484605
484606
484607
484608
484609
484610
484612
484614
484615
484616
484619
484672
484673
484674
484675
484676
484677
484678
484679
484680
484681
484683
484684
484686
484688
484689
484691
484692
484694
484750
484751
484752
484753
484754
484755
484756
484757
484758
484759
484761
484762
484764
484766
484767
484769
484770
484772
484828
484829
484830
484831
484832
484833
484834
484835
484836
484837
484839
484840
484842
484844
484845
484847
484848
484850
484906
484907
484908
484909
484910
484911
484912
484913
484922
484923
484925
484926
484928
489401
489402
489403
489404
489405
489406
489407
489408
489409
489410
489411
489412
489413
489414
489415
489416
489417
489418
489419
489420
489421
489422
489423
489424
489425
489426
489427
489428
489429
489430
489431
489432
489433
489434
489435
489436
489437
489438
489439
489440
489441
489442
489443
489444
489445
489446
489447
489448
489449
489450
489451
489452
489453
489454
489455
489456
489457
489458
489459
489460
489461
489462
489463
489464
489465
489466
489467
489468
489469
489470
489471
489472
489473
489474
489475
489476
489477
489478
489479
489480
489481
489482
489483
489484
489485
489486
489487
489488
489489
489490
489491
489492
489493
489494
489495
489496
489497
489498
489499
489500
489501
489502
489503
489504
489505
489506
489507
489508
489509
489510
489511
489512
489513
489514
489515
489516
489517
489518
489519
489520
489521
489522
489523
489524
489525
489526
489527
489528
489529
489530
489531
489532
489533
489534
489535
489536
489537
489538
489539
489540
489541
489542
489543
489544
489545
489546
489547
489548
489549
489550
489551
489552
489553
489554
489555
489556
489557
489558
489559
489560
489561
489562
489563
489564
489565
489566
489567
489568
489569
489570
489571
489572
489573
489574
489575
489576
489577
489578
489579
489580
489581
489582
489583
489584
489585
489586
489587
489588
489589
489590
489591
489592
489593
489594
489595
489596
489597
489598
489599
489600
489601
489602
489603
489604
489605
489606
489607
489608
489609
489610
489611
489612
489613
489614
489615
489616
489617
489618
489619
489620
489621
489622
489623
489624
489625
489626
489627
489628
489629
489630
489631
489632
489633
489640
489642
489644
489645
489647
489648
489649
489657
489680
489682
489684
489685
489687
489688
489689
489694
489825
489826
489827
489828
489829
489830
489831
489832
489833
489834
489835
489836
489837
489838
489839
489840
489841
489842
489843
489844
489845
489846
489847
489848
489849
489852
491044
491045
491046
491047
491048
491049
491050
491051
491052
491053
491054
491055
491056
491057
491058
491059
491060
491061
491062
491063
491064
491065
491066
491067
491068
491069
491070
491071
491072
491073
491074
491075
491076
491077
491078
491079
491080
491081
491082
491083
491084
491085
491086
491087
491088
491089
491830
491831
491832
491833
491834
491835
491836
491837
491838
491839
491840
491841
491842
491843
491844
491845
491846
491847
491848
491849
491850
491851
491852
491853
491854
491855
491856
491857
491858
491859
491860
491861
491862
491863
491864
491865
491866
491867
491868
491869
491870
491871
491872
491873
491874
491875
491876
491877
491878
491879
491880
491881
491882
491883
491884
491885
491886
491887
491888
491889
491890
491891
491892
491893
491894
491895
491896
491897
491898
491899
491900
491901
491902
491903
491904
491905
491906
491907
491908
491909
491910
491911
491912
491913
491914
491915
491916
491917
491918
491919
491920
491921
491922
491923
491924
491925
491926
491927
491928
491929
491930
491931
491932
491933
491934
491935
491936
491937
491938
491939
491940
491941
491942
491943
491944
491945
491946
491947
491948
491949
491950
491951
491952
491953
491954
491955
491956
491957
491958
491959
491960
491961
491962
491963
491964
491965
491966
491967
491968
491969
491970
491971
491972
491973
491974
491975
491976
491977
491978
491979
491980
491981
491982
491983
491984
491985
491986
491987
491988
491989
491990
491991
491992
491993
491994
491995
491996
491997
491998
491999
492000
492001
492002
492003
492004
492005
492006
492007
492008
492009
492010
492011
492012
492013
492014
492015
492016
492017
492018
492019
492020
492021
492022
492023
492024
492025
492026
492027
492028
492029
492030
492031
492032
492033
492034
492035
492036
492037
492038
492039
492040
492041
492042
492043
492044
492045
492046
492047
492048
492049
492050
492051
492052
492053
492054
492055
492056
492057
492058
492059
492060
492061
492062
492063
492064
492065
492066
492067
492068
492069
492070
492071
492072
492073
492074
492075
492076
492077
492078
492079
492080
492081
492082
492083
492084
492085
492086
492087
492088
492089
492090
492091
492092
492093
492094
492095
492096
492097
492098
492099
492100
492101
492102
492103
492104
492105
492106
492107
492108
492109
492110
492111
492112
492113
492114
492115
492116
492117
492118
492119
492120
492121
492122
492123
492124
492125
492126
492127
492128
492129
492130
492131
492132
492133
492134
492135
492136
492137
492138
492139
492140
492141
492142
492143
492144
492145
492146
492147
492148
492149
492150
492151
492152
492153
492154
492155
492156
492157
492158
492159
492160
492161
492162
492163
492164
492165
492166
492167
492168
492169
492170
492171
492172
492173
492174
492175
492176
492177
492178
492179
492180
492181
492182
492183
492184
492185
492186
492187
492188
492189
492190
492191
492192
492193
492194
492195
492196
492197
492198
492199
492200
492201
492202
492203
492204
492205
492206
492207
492208
492209
492210
492211
492212
492213
492214
492215
492216
492217
492218
492219
492220
492221
492222
492223
492224
492225
492226
492227
492228
492229
492230
492231
492232
492233
492234
492235
492236
492237
492238
492239
492240
492241
492242
492243
492244
492245
492246
492247
492248
492249
492250
492251
492252
492253
492254
492255
492256
492257
492258
492259
492260
492261
492262
492263
492264
492265
492266
492267
492268
492269
492270
492271
492272
492273
492868
492869
492870
492871
492872
492873
492874
492876
492877
492879
492881
492883
492898
492899
492900
492901
492902
492903
492904
492906
492907
492909
492911
492913
492946
492947
492948
492949
492950
492951
492952
492954
492955
492957
492959
492961
492994
492995
492996
492997
492998
492999
493000
493002
493003
493005
493007
493009
493042
493043
493044
493045
493046
493047
493048
493050
493051
493053
493055
493057
493090
493091
493092
493093
493094
493095
493096
493098
493099
493101
493103
493105
493138
493139
493140
493141
493142
493143
493144
493146
493147
493149
493151
493153
493186
493187
493188
493189
493190
493191
493192
493194
493195
493197
493199
493201
493234
493235
493236
493237
493238
493239
493240
493242
493243
493245
493247
493249
493282
493283
493284
493285
493286
493287
493289
493290
493292
493294
493296
493328
493329
493330
493331
493332
493333
493334
493336
493337
493339
493341
493343
493376
493377
493378
493379
493380
493381
493382
493384
493385
493387
493389
493391
493424
493425
493426
493427
493428
493429
493430
493432
493433
493435
493437
493439
500661
500662
500663
500664
500665
500666
500667
500668
500669
500670
500671
500672
500673
500674
500675
500676
500677
500678
500684
500685
500686
500687
500688
500689
500690
500691
500692
500693
500694
500695
500696
500697
500698
500699
500700
500701
500702
500703
500704
500705
500706
500707
500708
500709
500710
500711
500712
500713
500714
500715
500716
500717
500718
500719
500720
500721
500722
500723
500724
500725
500726
500727
500728
500729
500730
500731
500732
500733
500734
500735
500736
500737
500738
500739
500740
500741
500742
500743
500744
500745
500746
500747
500748
500749
500750
500751
500752
500753
500754
500755
500756
500757
500758
500759
500760
500761
500762
500763
500764
500765
500766
500767
500768
500777
500778
500779
500780
500781
500782
500783
500784
500785
500786
500787
500788
500789
500790
500791
500792
500793
500794
500795
500796
500797
500798
500799
500800
500801
500802
500803
500804
500805
500806
500807
500808
500809
500810
500811
500812
500813
500814
500815
500816
500817
500818
500819
500820
500821
500822
503238
503239
503240
503241
503242
503243
503244
503245
503246
503247
503248
503249
503250
503251
503252
503253
503254
503255
503256
503257
503258
503259
503260
503261
503262
503263
503264
503265
503266
503267
503268
503269
503270
503271
503272
503273
503274
503275
503276
503277
503278
503279
503280
503281
503282
503283
503284
503285
503286
503287
503288
503289
503290
503291
503292
503293
503294
503295
503296
503297
503298
503299
503300
503301
503302
503303
503304
503305
503306
503307
503308
503309
503310
503311
503312
503313
503314
503315
503316
503317
503318
503319
503320
503321
503322
503323
503324
503325
503326
503327
503328
503329
503330
503331
503332
503333
503334
503335
503336
503337
503338
503339
503340
503341
503342
503343
503344
503345
503346
503347
503348
503349
503350
503351
503352
503353
503354
503355
503356
503357
503358
503359
503360
503361
503362
503363
503364
503365
503366
503367
503368
503369
503370
503371
503372
503373
503374
503375
503376
503377
503378
503379
503380
503381
503382
503383
503384
503385
503386
503387
503388
503389
503390
503391
503392
503393
503394
503395
503396
503397
503398
503399
503400
503401
503402
503403
503404
503405
503406
503407
503408
503409
503410
503411
503412
503413
503414
503415
503416
503417
503418
503419
503420
503421
503422
503423
503424
503425
503426
503427
503428
503429
503430
503431
503432
503433
503434
503435
503436
503437
503438
503439
503440
503441
503442
503443
503444
503445
503446
503447
503448
503449
503450
503451
503452
503453
503454
503455
503456
503457
503458
503459
503460
503461
503462
503463
503464
503465
503466
503467
503468
503469
503470
503471
503472
503473
503474
503475
503476
503477
503478
503479
503480
503481
503482
503483
503484
503485
503486
503487
503488
503489
503490
503491
503492
503493
503494
503495
503496
503497
503498
503499
503500
503501
503502
503503
503504
503505
503506
503507
503508
503509
503510
503511
503512
503513
503514
503515
503516
503517
503518
503519
503520
503521
503522
503523
503524
503525
503526
503527
503528
503529
503530
503531
503532
503533
503534
503535
503536
503537
503538
503539
503540
503541
503542
503543
503544
503545
503546
503547
503548
503549
503550
503551
503552
503553
503554
503555
503556
503557
503558
503559
503560
503561
503562
503563
503564
503565
503566
503567
503568
503569
503570
503571
503572
503573
503574
503575
503576
503577
503578
503579
503580
503581
503582
503583
503584
503585
503586
503587
503588
503589
503590
503591
503592
503593
503594
503595
503596
503597
503598
503599
503600
503601
503602
503603
503604
503605
503606
503607
503608
503609
503610
503611
503612
503613
503614
503615
503616
503617
503618
503619
503620
503621
503622
503623
503624
503625
503626
503627
503628
503629
503630
503631
503632
503633
503634
503635
503636
503637
503638
503639
503640
503641
503642
503643
503644
503645
503646
503647
503648
503649
503650
503651
503652
503653
503654
503655
503656
503657
503658
503659
503660
503661
503662
503663
503664
503665
503666
503667
503668
503669
503670
503671
503672
503673
503674
503675
503676
503677
503678
503679
503680
503681
503682
503683
503684
503685
503686
503687
503688
503689
503690
503691
503692
503693
503694
503695
503696
503697
503698
503699
503700
503701
503702
503703
503704
503705
503706
503707
503708
503709
503710
503711
503712
503713
503714
503715
503716
503717
503718
503719
503720
503721
503722
503723
503724
503725
503726
503727
503728
503729
503730
503731
503732
503733
503734
503735
503736
503737
503738
503739
503740
503741
503742
503743
503744
503745
503746
503747
503748
503749
503750
503751
503752
503753
503754
503755
503756
503757
503758
503759
503760
503761
503762
503763
503764
503765
503766
503767
503768
503769
503770
503771
503772
503773
503774
503775
503776
503777
503778
503779
503780
503781
503782
503783
503784
503785
503786
503787
503788
503789
503790
503791
503792
503793
503794
503795
503796
503797
503798
503799
503800
503801
503802
503803
503804
503805
503806
503807
503808
503809
503810
503811
503812
503813
503814
503815
503816
503817
503818
503819
503820
503821
503822
503823
503824
503825
503826
503827
503828
503829
503830
503831
503832
503833
503834
503835
503836
503837
503838
503839
503840
503841
503842
503843
503844
503845
503846
503847
503848
503849
503850
503851
503852
503853
503854
503855
503856
503857
503858
503859
503860
503861
503862
503863
503864
503865
503866
503867
503868
503869
503870
503871
503872
503873
503874
503875
503876
503877
503878
503879
503880
503881
503882
503883
503884
503885
503886
503887
503888
503889
503890
503891
503892
503893
503894
503895
503896
503897
503898
503899
503900
503901
503902
503903
503904
503905
503906
503907
503908
503909
503910
503911
503912
503913
503914
503915
503916
503917
503918
503919
503920
503921
503922
503923
503924
503925
503926
503927
503928
503929
503930
503931
503932
503933
503934
503935
503936
503937
503938
503939
503940
503941
503942
503943
503944
503945
503946
503947
503948
503949
503950
503951
503952
503953
503954
503955
503956
503957
503958
503959
503960
503961
503962
503963
503964
503965
503966
503967
503968
503969
503970
503971
503972
503973
503974
503975
503976
503977
503978
503979
503980
503981
503982
503983
503984
503985
503986
503987
503988
503989
503990
503991
503992
503993
503994
503995
503996
503997
503998
503999
504000
504001
504002
504003
504004
504005
504006
504007
504008
504009
504010
504011
504012
504013
504014
504015
504016
504017
504018
504019
504020
504021
504022
504023
504024
504025
504026
504027
504028
504029
504030
504031
504032
504033
504034
504035
504036
504037
504038
504039
504040
504041
504042
504043
504044
504045
504046
504047
504048
504049
504050
504051
504052
504053
504054
504055
504056
504057
504058
504059
504060
504061
504062
504063
504064
504065
504066
504067
504068
504069
504070
504071
504072
504073
504074
504075
504076
504077
504078
504079
504080
504081
504082
504083
504084
504085
504086
504087
504088
504089
504090
504091
504092
504093
504094
504095
504096
504097
504098
504099
504100
504101
504102
504103
504104
504105
504106
504107
504108
504109
504110
504111
504112
504113
504114
504115
504116
504117
504118
504119
504120
504121
504122
504123
504124
504125
504126
504127
504128
504129
504130
504131
504132
504133
504134
504135
504136
504137
504138
504139
504140
504141
504142
504143
504144
504145
504146
504147
504148
504149
504150
504151
504152
504153
504154
504155
504156
504157
504158
504159
504160
504161
504162
504163
504164
504165
504166
504167
504168
504169
504170
504171
504172
504173
504174
504175
504176
504177
504178
504179
504180
504181
504182
504183
504184
504185
504186
504187
504188
504189
504190
504191
504192
504193
504194
504195
504196
504197
504198
504199
504200
504201
504202
504203
504204
504205
504206
504207
504208
504209
504210
504211
504212
504213
504214
504215
504216
504217
504218
504219
504220
504221
504222
504223
504224
504225
504226
504227
504228
504229
504230
504231
504232
504233
504234
504235
504236
504237
504238
504239
504240
504241
504242
504243
504244
504245
504246
504247
504248
504249
504250
504251
504252
504253
504254
504255
504256
504257
504258
504259
504260
504261
504262
504263
504264
504265
504266
504267
504268
504269
504270
504271
504272
504273
504274
504275
504276
504277
504278
504279
504280
504281
504282
504283
504284
504285
504286
504287
504288
504289
504290
504291
504292
504293
504294
504295
504296
504297
504298
504299
504300
504301
504302
504303
504304
504305
504306
504307
504308
504309
504310
504311
504312
504313
504314
504315
504316
504317
504318
504319
504320
504321
504322
504323
504324
504325
504326
504327
504328
504329
504330
504331
504332
504333
504334
504335
504336
504337
504338
504339
504340
504341
504342
504343
504344
504345
504346
504347
504348
504349
504350
504351
504352
504353
504354
504355
504356
504357
504358
504359
504360
504361
504362
504363
504364
504365
504366
504367
504368
504369
504370
504371
504372
504373
504374
504375
504376
504377
504378
504379
504380
504381
504382
504383
504384
504385
504386
504387
504388
504389
504390
504391
504392
504393
504394
504395
504396
504397
504398
504399
504400
504401
504402
504403
504404
504405
504406
504407
504408
504409
504410
504411
504412
504413
504414
504415
504416
504417
504418
504419
504420
504421
504422
504423
504424
504425
504426
504427
504428
504429
504430
504431
504432
504433
504434
504435
504436
504437
504438
504439
504440
504441
504442
504443
504444
504445
504446
504447
504448
504449
504450
504451
504452
504453
504454
504455
504456
504457
504458
504459
504460
504461
504462
504463
504464
504465
504466
504467
504468
504469
504470
504471
504472
504473
504474
504475
504476
504477
504478
504479
504480
504481
504482
504483
504484
504485
504486
504487
504488
504489
504490
504491
504492
504493
504494
504495
504496
504497
504498
504499
504500
504501
504502
504503
504504
504505
504506
504507
504508
504509
504510
504511
504512
504513
504514
504515
504516
504517
504518
504519
504520
504521
504522
504523
504524
504525
504526
504527
504528
504529
504530
504531
504532
504533
504534
504535
504536
504537
504538
504539
504540
504541
504542
504543
504544
504545
504546
504547
504548
504549
504550
504551
504552
504553
504554
504555
504556
504557
504558
504559
504560
504561
504562
504563
504564
504565
504566
504567
504568
504569
504570
504571
504572
504573
504574
504575
504576
504577
504578
504579
504580
504581
504582
504583
504584
504585
504586
504587
504588
504589
504590
504591
504592
504593
504594
504595
504596
504597
504598
504599
504600
504601
504602
504603
504604
504605
504606
504607
504608
504609
504610
504611
504612
504613
504614
504615
504616
504617
504618
504619
504620
504621
504622
504623
504624
504625
504626
504627
504628
504629
504630
504631
504632
504633
504634
504635
504636
504637
504638
504639
504640
504641
504642
504643
504644
504645
504646
504647
504648
504649
504650
504651
504652
504653
504654
504655
504656
504657
504658
504659
504660
504661
504662
504663
504664
504665
504666
504667
504668
504669
504670
504671
504672
504673
504674
504675
504676
504677
504678
504679
504680
504681
504682
504683
504684
504685
504686
504687
504688
504689
504690
504691
504692
504693
504694
504695
504696
504697
504698
504699
504700
504701
504702
504703
504704
504705
504706
504707
504708
504709
504710
504711
504712
504713
504714
504715
504716
504717
504718
504719
504720
504721
504722
504723
504724
504725
504726
504727
504728
504729
504730
504731
504732
504733
504734
504735
504736
504737
504738
504739
504740
504741
504742
504743
504744
504745
504746
504747
504748
504749
504750
504751
504752
504753
504754
504755
504756
504757
504758
504759
504760
504761
504762
504763
504764
504765
504766
504767
504768
504769
504770
504771
504772
504773
504774
504775
504776
504777
504778
504779
504780
504781
504782
504783
504784
504785
504786
504787
504788
504789
504790
504791
504792
504793
504794
504795
504796
504797
504798
504799
504800
504801
504802
504803
504804
504805
504806
504807
504813
504814
504815
504816
504817
504818
504819
504820
504821
504822
504823
504824
504825
504826
504827
504828
504829
504830
504831
504832
504833
504834
504835
504836
504837
504838
504839
504840
504841
504842
504843
504844
504845
504846
504847
504848
504849
504850
504851
504852
504853
504854
504855
504856
504857
504858
504859
504860
504861
504862
504863
504864
504865
504866
504867
504868
504869
504870
504871
504872
504873
504874
504875
504876
504877
504878
504879
504880
504881
504882
504883
504884
504885
504886
504887
504888
504889
504890
504891
504892
504893
504894
504895
504896
504897
504906
504907
504908
504909
504910
504911
504912
504913
504914
504915
504916
504917
504918
504919
504920
504921
504922
504923
504924
504925
504926
504927
504928
504929
504930
504931
504932
504933
504934
504935
504936
504937
504938
504939
504940
504941
504942
504943
504944
504945
504946
504947
504948
504949
504950
504951
506858
506859
506860
506861
506862
506863
506864
506866
506867
506869
506871
506873
507017
507018
507019
507020
507021
507022
507023
507025
507026
507028
507030
507032
507176
507177
507178
507179
507180
507181
507182
507184
507185
507187
507189
507191
507335
507336
507337
507338
507339
507340
507341
507343
507344
507346
507348
507350
507497
507498
507499
507500
507501
507502
507503
507505
507506
507508
507510
507512
507659
507660
507661
507662
507663
507664
507665
507667
507668
507670
507672
507674
507821
507822
507823
507824
507825
507826
507827
507829
507830
507832
507834
507836
507983
507984
507985
507986
507987
507988
507989
507991
507992
507994
507996
507998
508145
508146
508147
508148
508149
508150
508152
508153
508155
508157
508159
508302
508303
508304
508305
508306
508307
508308
508310
508311
508313
508315
508317
508464
508465
508466
508467
508468
508469
508470
508472
508473
508475
508477
508479
508626
508627
508628
508629
508630
508631
508632
508634
508635
508637
508639
508641
508788
508789
508790
508791
508792
508793
508794
508796
508797
508799
508801
508803
518618
518619
518620
518621
518622
518623
518624
518625
518626
518627
518628
518629
518630
518631
518632
518633
518634
518635
518636
518637
518638
518639
518640
518641
518642
518643
518644
518645
518646
518647
518648
518649
518650
518651
518652
518653
518654
518655
518656
518657
518658
518659
518660
518661
518662
518663
518664
518665
518666
518667
518668
518669
518670
518671
518672
518673
518674
518675
518676
518677
518678
518679
518680
518681
518682
518683
518684
518685
518686
518687
518688
518689
518690
518691
518692
518693
518694
518695
518696
518697
518698
518699
518700
518701
518702
519327
519328
519329
519330
519331
519332
519333
519334
519335
519336
519337
519338
519339
519340
519341
519342
519343
519344
519345
519346
519347
519348
519349
519350
519351
519352
519353
519354
519355
519356
519357
519358
519359
519360
519361
519362
519363
519364
519365
519366
519367
519368
519369
519370
519371
519372
519373
519374
519375
519376
519377
519378
519379
519380
519381
519382
519383
519384
519385
519386
519387
519388
519389
519390
519391
519392
519393
519394
519395
519396
519397
519398
519399
519400
519401
519402
519403
519404
519405
519406
519407
519408
519409
519410
519411
519412
519413
519414
519415
519416
519417
519418
519419
519420
519421
519422
519423
519424
519425
519426
519427
519428
519429
519430
519431
519432
519433
519434
519435
519436
519437
519438
519439
519440
519441
519442
519443
519444
519445
519446
519447
519448
519449
519450
519451
519452
519453
519454
519455
519456
519457
519458
519459
519460
519461
519462
519463
519464
519465
519466
519467
519468
519469
519470
519471
519472
519473
519474
519475
519476
519477
519478
519479
519480
519481
519482
519483
519484
519485
519486
519487
519488
519489
519490
519491
519492
519493
519494
519495
519496
519497
519498
519499
519500
519501
519502
519503
519504
519505
519506
519507
519508
519509
519510
519511
519512
519513
519514
519515
519516
519517
519518
519519
519520
519521
519522
519523
519524
519525
519526
519527
519528
519529
519530
519531
519532
519533
519534
519535
519536
519537
519538
519539
519540
519541
519542
519543
519544
519545
519546
519547
519548
519549
519550
519551
519552
519553
519554
519555
519556
519557
519558
519559
519560
519561
519562
519563
519564
519565
519566
519567
519568
519569
519570
519571
519572
519573
519574
519575
519576
519577
519578
519579
519580
519581
519582
519583
519584
519585
519586
519587
519588
519589
519590
519591
519592
519593
519594
519595
519596
519597
519598
519599
519600
519601
519602
519603
519604
519605
519606
519607
519608
519609
519610
519611
519612
519613
519614
519615
519616
519617
519618
519619
519620
519621
519622
519623
519624
519625
519626
519627
519628
519629
519630
519631
519632
519633
519634
519635
519636
519637
519638
519639
519640
519641
519642
519643
519644
519645
519646
519647
519648
519649
519650
519651
519652
519653
519654
519655
519656
519657
519658
519659
519660
519661
519662
519663
519664
519665
519666
519667
519668
519669
519670
519671
519672
519673
519674
519675
519676
519677
519678
519679
519680
519681
519682
519683
519684
519685
519686
519687
519688
519689
519690
519691
519692
519693
519694
519695
519696
519697
519698
519699
519700
519701
519702
519703
519704
519705
519706
519707
519708
519709
519710
519711
519712
519713
519714
519715
519716
519717
519718
519719
519720
519721
519722
519723
519724
519725
519726
519727
519728
519729
519730
519731
519732
519733
519734
519735
519736
519737
519738
519739
519740
519741
519742
519743
519744
519745
519746
519747
519748
519749
519750
519751
519752
519753
519754
519755
519756
519757
519758
519759
519760
519761
519762
519763
519764
519765
519766
519767
519768
519769
519770
519771
519772
519773
519774
519775
519776
519777
519778
519779
519780
519781
519782
519783
519784
519785
519786
519787
519788
519789
519790
519791
519792
519793
519794
519795
519796
519797
519798
519799
519800
519801
519802
519803
519804
519805
519806
519807
519808
519809
519810
519811
519812
519813
519814
519815
519816
519817
519818
519819
519820
519821
519822
519823
519824
519825
519826
519827
519828
519829
519830
519831
519832
519833
519834
519835
519836
519837
519838
519839
519840
519841
519842
519843
519844
519845
519846
519847
519848
519849
519850
519851
519852
519853
519854
519855
519856
519857
519858
519859
519860
519861
519862
519863
519864
519865
519866
519867
519868
519869
519870
519871
519872
519873
519874
519875
519876
519877
519878
519879
519880
519881
519882
519883
519884
519885
519886
519887
519888
519889
519890
519891
519892
519893
519894
519895
519896
519897
519898
519899
519900
519901
519902
519903
519904
519905
519906
519907
519908
519909
519910
519911
519912
519913
519914
519915
519916
519917
519918
519919
519920
519921
519922
519923
519924
519925
519926
519927
519928
519929
519930
519931
519932
519933
519934
519935
519936
519937
519938
519939
519940
519941
519942
519943
519944
519945
519946
519947
519948
519949
519950
519951
519952
519953
519954
519955
519956
519957
519958
519959
519960
519961
519962
519963
519964
519965
519966
519967
519968
519969
519970
519971
519972
519973
519974
519975
519976
519977
519978
519979
519980
519981
519982
519983
519984
519985
519986
519987
519988
519989
519990
519991
519992
519993
519994
519995
519996
519997
519998
519999
520000
520001
520002
520003
520004
520005
520006
520007
520008
520009
520010
520011
520012
520013
520014
520015
520016
520017
520018
520019
520020
520021
520022
520023
520024
520025
520026
520027
520028
520029
520030
520031
520032
520033
520034
520035
520036
520037
520038
520039
520040
520041
520042
520043
520044
520045
520046
520047
520048
520049
520050
520051
520052
520053
520054
520055
520056
520057
520058
520059
520060
520061
520062
520063
520064
520065
520066
520067
520068
520069
520070
520071
520072
520073
520074
520075
520076
520077
520078
520079
520080
520081
520091
520093
520095
520100
520224
520272
520273
520274
520275
520777
520778
520780
520781
520782
520784
520787
520788
520789
520791
520792
520793
520795
520799
520800
520801
520803
520808
520809
520810
520811
520812
520813
520814
520815
520819
520828
520829
520830
520831
520832
520833
520834
520835
520836
520840
520846
520847
520848
520849
520852
520853
520854
520855
520856
520857
520858
520859
520860
520864
520865
520866
520867
520868
520869
520870
520877
520878
520879
520880
520881
520882
520890
520891
520892
520899
520900
520901
520902
520903
520913
520914
520915
520916
520917
520918
520919
520920
520937
520938
520939
520940
520941
520942
520949
520950
520951
520952
520953
520954
520958
520959
520960
520961
520962
520963
520964
520965
520966
520967
520968
520969
520979
520980
520981
520982
520983
520984
520985
520986
520987
520988
520989
520990
521006
521007
521010
521012
521013
521014
521016
521019
521020
521023
521025
521026
521029
521030
521031
521032
521033
521034
521035
521037
521038
521044
521045
521052
521053
521054
521055
521056
521057
521059
521060
521061
521062
521063
521064
521065
521066
521067
521068
521069
521070
521076
521077
521078
521079
521080
521081
521087
521094
521095
521096
521103
521104
521105
521106
521107
521108
521109
521110
521123
521124
521125
521126
521127
521134
521135
521136
521137
521138
521139
521140
521142
521844
521845
521846
521849
521850
521851
521852
521853
521855
521874
521875
521905
521906
521907
521913
521914
521915
521916
521917
521918
521919
521920
521925
521926
521927
521928
521976
521990
521991
521995
522000
522054
522055
522077
522078
522080
522208
522209
522210
522211
522212
522213
522214
522215
522216
522217
522218
522239
522240
522241
522242
522243
522244
522245
522246
522247
522248
522249
522250
522251
522252
522253
522254
522255
522256
522257
522258
522259
522260
522261
522262
522263
522264
522265
522266
522267
522268
522269
522270
522271
522272
522273
522274
522275
522276
522277
522278
522279
522292
522293
522294
522295
522296
522297
522298
522299
522300
522301
522302
522303
522304
522305
522306
522307
522308
522309
522327
522328
522342
522515
522530
522531
522546
522555
522556
522557
522558
522559
522560
522626
522627
522628
522634
522635
522636
522758
522776
522777
522778
522779
522780
522781
522782
522783
522784
522785
522787
522788
522789
522814
522815
522816
522817
522818
522819
522820
522821
522822
522823
522824
522825
522826
522827
522828
522829
522830
522831
522832
522833
522834
522835
522836
522837
522838
522839
522840
522841
522842
522843
522844
522845
522846
522847
522848
522849
522850
522851
522852
522853
522854
522855
522856
522857
522858
522878
522879
522880
522881
522882
522883
522884
522885
522886
522887
522888
522889
522890
522891
522892
522893
522894
522895
522896
522912
522913
522914
522915
522916
522927
522932
523118
523120
523156
523157
523158
523159
523160
523161
523212
523213
523214
523215
523216
523217
523218
523219
523220
523221
523222
523223
523224
523239
523240
523241
523264
523265
523266
523267
523268
523269
523270
523271
523272
523273
523506
523533
523534
523535
523536
523537
523538
523539
523540
523541
523558
523559
523560
523561
524015
524080
524081
524082
524083
524084
524085
524086
524087
524088
524089
524090
524091
524092
524093
524094
524095
524096
524097
524098
524099
524100
524101
524102
524103
524104
524105
524106
524107
524108
524109
524110
524111
524112
524113
524114
524115
524117
524118
524119
524120
524121
524122
524123
524124
524125
524208
524209
524210
524211
524212
524213
524214
524215
524216
524217
524218
524219
524220
524221
524222
524223
524224
524225
524226
524227
524228
524229
524230
524231
524232
524233
524234
524235
524236
524237
524238
524239
524240
524241
524242
524243
524244
524245
524246
524247
524248
524249
524250
524251
524252
524253
524254
524255
524256
524257
524258
524259
524260
524261
524262
524263
524264
524265
524266
524267
524268
524269
524270
524271
524272
524273
524274
524275
524276
524277
524278
524279
524280
524281
524282
524283
524284
524285
524286
524287
524288
524289
524290
524291
524292
524293
524294
524295
524296
524297
524298
524299
524300
524301
524302
524303
524304
524305
524306
524307
524308
524309
524310
524311
524312
524313
524314
524315
524316
524317
524318
524319
524320
524321
524322
524323
524324
524325
524326
524327
524328
524329
524330
524331
524332
524333
524334
524335
524336
524337
524338
524339
524340
524341
524342
524343
524344
524345
524346
524347
524348
524349
524350
524351
524352
524353
524354
524355
524356
524357
524358
524359
524420
524421
524422
524423
524424
524425
524426
524427
524428
524429
524430
524431
524432
524433
524434
524435
524436
524437
524438
524439
524440
524441
524442
524443
524444
524445
524446
524447
524448
524449
524450
524451
524452
524453
524454
524455
524456
524457
524458
524459
524460
524461
524462
524463
524464
524465
524466
524467
524468
524469
524470
524471
524472
524473
524474
524475
524476
524477
524478
524479
524480
524481
524482
524483
524484
524485
524486
524487
524558
524559
524560
524561
524562
524614
524615
525402
525403
525404
525405
525406
525407
525508
525509
525510
525511
525512
525513
525514
525515
525516
525517
525518
525542
525543
525544
525546
525547
525548
525549
525550
525551
525552
525568
525569
525570
525571
525572
525573
525574
525575
525576
525577
525578
525579
525580
525581
525582
525583
525584
525585
525586
525587
525588
525595
525615
525616
525617
525656
525657
525658
525659
525660
525661
525662
525663
525664
525665
525666
525667
525668
525669
525670
525671
525673
525674
525675
525676
525677
525678
525679
525680
525681
525682
525683
525684
525688
525689
525732
525733
525734
525735
525736
525737
525738
525739
525740
525741
525742
525743
525744
525745
525746
525747
525748
525749
525750
525751
525752
525753
525754
525755
525756
525757
525758
525759
525760
525761
525762
525763
525764
525765
525766
525767
525768
525769
525770
525771
525772
525773
525774
525775
525776
525777
525778
525779
525780
525781
525782
525783
525784
525785
525786
525787
525788
525789
525790
525791
525792
525793
525794
525795
525796
525870
525871
525912
525914
525926
525927
525930
525931
525932
525933
525963
525964
525970
525971
525972
525973
525974
525975
525976
525977
525978
525979
525982
525983
525984
525988
526013
526014
526015
526016
526017
526018
526019
526020
526021
526023
526039
526040
526065
526067
526085
526086
526090
526094
526182
526183
526184
526185
526186
526187
526205
526206
526207
526208
526209
526210
526211
526212
526213
526214
526215
526216
526217
526218
526219
526220
526221
526222
526223
526224
526225
526226
526227
526228
526229
526230
526231
526232
526233
526234
526235
526236
526237
526238
526239
526240
526241
526242
526243
526244
526251
526252
526253
526254
526255
526256
526257
526258
526259
526260
526261
526262
526263
526276
526277
526290
526292
526388
526391
526392
526395
526396
526397
526398
526399
526400
526401
526403
526404
526405
526449
526450
526451
526452
526453
526477
526478
526486
526487
526490
526491
526583
526584
526585
526586
526588
526589
526590
526605
526606
526607
526608
526609
526610
526611
526612
526613
526614
526615
526616
526617
526618
526619
526620
526621
526622
526623
526624
526625
526626
526627
526628
526629
526630
526631
526632
526633
526634
526635
526636
526637
526638
526646
526647
526648
526649
526650
526651
526652
526653
526654
526655
526656
526657
526658
526659
526660
526661
526662
526663
526671
526672
526673
526679
526680
526681
526682
526756
526757
526758
526818
526827
526828
526829
526830
526831
526832
526833
526834
526835
526836
526837
526838
526839
526840
526848
526849
526850
526851
526852
526853
526854
526855
526856
526857
526858
526859
526860
526861
526862
526863
526864
526865
526866
526867
526868
526869
526870
526882
526886
526966
526967
526968
527001
527054
527055
527056
527057
527061
527062
527063
527064
527072
527161
527162
527163
527164
527165
527166
527167
527168
527181
527182
527183
527184
527185
527186
527198
527199
527200
527479
527480
527481
527482
527483
527484
527485
527487
527488
527489
527490
527491
527492
527493
527494
527495
527547
527548
527549
527550
527551
527552
527553
527554
527555
527556
527557
527558
527559
527560
527561
527562
527563
527564
527565
527566
527567
527568
527569
527570
527571
527572
527573
527574
527575
527576
527577
527578
527579
527580
527581
527582
527583
527584
527585
527586
527587
527588
527589
527590
527591
527592
527593
527594
527595
527596
527597
527598
527599
527600
527601
527602
527603
527604
527605
527606
527607
527608
527609
527610
527611
527612
527613
527614
527615
527616
527617
527618
527619
527620
527621
527622
527623
527624
527625
527626
527627
527628
527629
527630
527631
527632
527633
527634
527635
527636
527637
527638
527639
527640
527641
527642
527643
527644
527645
527646
527647
527648
527649
527650
527651
527652
527653
527654
527655
527656
527657
527658
527659
527660
527661
527662
527663
527664
527665
527666
527687
527688
527689
527690
527691
527692
527693
527694
527695
527696
527697
527698
527699
527700
527701
527702
527703
527704
527705
527706
527707
527708
527709
527710
527711
527712
527713
527714
527715
527716
527717
527718
527719
527720
527721
527722
527723
527724
527725
527726
527727
527728
527729
527768
527769
527770
527771
527772
527811
527812
527813
527819
527820
528074
528075
528076
528077
528078
528079
528080
528294
528295
528318
528319
528320
528321
528322
528323
528324
528325
528326
528327
528328
528329
528330
528331
528332
528333
528334
528335
528336
528337
528338
528339
528340
528341
528342
528343
528344
528345
528346
528347
528348
528349
528350
528371
528372
528373
528374
528375
528376
528377
528378
528379
528380
528381
528382
528383
528384
528385
528386
528387
528388
528389
528390
528391
528392
528393
528394
528395
528396
528397
528398
528399
528400
528401
528402
528403
528404
528405
528406
528407
528408
528409
528410
528411
528412
528413
528414
528415
528416
528417
528418
528419
528420
528421
528422
528423
528424
528425
528426
528427
528428
528429
528430
528431
528432
528433
528434
528435
528436
528437
528438
528439
528440
528441
528442
528443
528444
528445
528446
528447
528448
528449
528450
528451
528452
528453
528454
528455
528456
528457
528474
528475
528476
528477
528478
528479
528480
528481
528482
528483
528484
528485
528486
528487
528488
528489
528490
528491
528492
528493
528494
528495
528496
528497
528498
528499
528500
528501
528502
528503
528504
528505
528506
528507
528525
528546
528849
528850
528851
528853
528854
528868
528869
528870
528871
528872
528873
528874
528875
528876
528877
528878
528953
528954
528955
528956
528957
528958
528960
528971
528972
528973
528974
528975
528979
528980
528981
528996
528997
528998
529036
529037
529038
529039
529040
529041
529042
529043
529044
529045
529046
529047
529048
529049
529050
529051
529052
529053
529055
529066
529073
529074
529075
529076
529077
529078
529079
529080
529081
529082
529083
529084
529085
529086
529087
529088
529089
529090
529091
529092
529093
529094
529095
529096
529097
529098
529099
529100
529101
529102
529103
529104
529107
529109
529140
529141
529142
529145
529146
529147
529148
529163
529164
529220
529221
529222
529223
529224
529225
529226
529227
529228
529229
529230
529231
529232
529233
529234
529235
529236
529237
529238
529239
529240
529241
529242
529243
529244
529245
529246
529247
529248
529249
529250
529251
529252
529253
529254
529255
529256
529257
529258
529259
529260
529261
529262
529263
529264
529265
529266
529267
529268
529269
529270
529271
529272
529273
529274
529275
529276
529277
529278
529279
529280
529281
529282
529283
529284
529285
529286
529287
529288
529289
529290
529291
529305
529385
529404
529405
529406
529407
529408
529409
529410
529411
529428
529429
529430
529431
529432
529433
529434
529435
529436
529437
529438
529439
529440
529441
529535
529536
529537
529539
529546
529548
529549
529551
529595
529596
529597
529616
529617
529618
529619
529620
529621
529622
529623
529624
529625
529626
529627
529628
529629
529630
529631
529635
529636
529637
529638
529639
529644
529650
529709
529710
529722
529723
529731
529732
529741
529742
529753
529755
529895
529896
529926
529927
529928
529929
529930
529931
529932
529933
529935
529987
529988
529989
529990
529991
529992
529993
529994
529995
529996
529997
529998
529999
530000
530001
530002
530003
530004
530005
530006
530007
530008
530009
530010
530011
530012
530013
530014
530015
530016
530017
530018
530019
530021
530060
530063
530066
530069
530072
530075
530078
530081
530084
530089
530090
530093
530096
530317
530318
530328
530329
530330
530331
530332
530333
530334
530335
530343
530524
530525
530526
530527
530528
530529
530530
530531
530532
530533
530535
530537
530570
530571
530572
530573
530574
530575
530576
530577
530578
530579
530580
530581
530582
530583
530584
530585
530586
530587
530588
530589
530590
530591
530592
530593
530594
530595
530596
530597
530598
530599
530600
530601
530602
530603
530604
530605
530606
530607
530608
530609
530610
530611
530612
530613
530614
530615
530616
530617
530618
530638
530639
530640
530641
530642
530643
530644
530645
530646
530647
530648
530649
530650
530651
530652
530653
530654
530682
530999
531000
531001
531002
531003
531004
531005
531006
531007
531008
531108
531109
531110
531111
531112
531113
531114
531168
531169
531170
531171
531172
531173
531174
531175
531176
531177
531178
531179
531180
531181
531182
531183
531184
531185
531186
531187
531188
531189
531190
531191
531192
531193
531194
531195
531196
531197
531198
531199
531200
531201
531248
531249
531251
531253
531256
531259
531262
531265
531268
531271
531274
531278
531279
531282
531285
531288
531561
531562
531563
531564
531565
531566
531567
531568
531571
531572
531573
531577
531578
531579
531611
531612
531613
531637
531638
531639
531640
531641
531642
531643
531644
531652
531653
531654
531798
531827
531828
531829
531830
531831
531833
531834
531976
531977
531978
531979
531980
531981
531982
531983
531984
531985
531986
531987
531988
531989
531990
531991
531992
531993
531994
531995
531996
531997
531998
531999
532000
532001
532002
532003
532004
532005
532006
532007
532008
532009
532010
532011
532012
532013
532014
532015
532016
532017
532018
532019
532020
532021
532022
532023
532024
532025
532026
532027
532028
532047
532048
532049
532050
532051
532052
532053
532054
532055
532056
532057
532058
532059
532083
532084
532085
532091
532092
532110
532116
532117
532307
532355
532356
532357
532358
532359
532360
532392
532393
532394
532395
532396
532397
532398
532399
532400
532401
532420
532421
532422
532423
532424
532425
532426
532427
532428
532429
532430
532431
532432
532433
532434
532435
532436
532437
532438
532439
532440
532441
532442
532443
532463
532464
532465
532466
532467
532468
532495
532496
532497
532503
532900
532901
532902
532903
532904
532905
533002
533003
533004
533005
533006
533007
533008
533009
533010
533011
533012
533013
533014
533015
533016
533017
533018
533019
533020
533021
533022
533023
533024
533025
533026
533027
533028
533029
533031
533032
533033
533034
533036
533037
533190
533191
533192
533193
533194
533195
533196
533197
533198
533199
533200
533201
533202
533203
533204
533205
533206
533207
533208
533209
533210
533211
533212
533213
533214
533215
533216
533217
533218
533219
533220
533221
533222
533223
533224
533225
533226
533227
533228
533229
533230
533231
533232
533233
533234
533235
533236
533237
533238
533239
533240
533241
533242
533243
533244
533245
533246
533247
533248
533249
533250
533251
533252
533253
533254
533255
533256
533257
533258
533259
533260
533261
533262
533263
533264
533265
533266
533267
533268
533269
533270
533271
533272
533273
533274
533275
533276
533277
533278
533279
533280
533281
533282
533283
533284
533285
533286
533287
533288
533289
533290
533291
533292
533293
533294
533295
533296
533297
533299
533300
533301
533302
533304
533305
533426
533435
533444
533453
533462
533471
533480
533489
533498
533510
533512
533513
533514
533515
533524
533533
533542
534264
534265
534266
534267
534268
534269
534270
534271
534272
534346
534347
534348
534349
534350
534351
534352
534353
534354
534355
534356
534357
534358
534359
534360
534361
534362
534363
534364
534365
534366
534367
534368
534369
534370
534371
534372
534373
534374
534400
534401
534402
535055
535057
535059
535137
535138
535139
535140
535141
535142
535143
535144
535145
535146
535147
535148
535149
535150
535151
535152
535153
535154
535155
535156
535157
535158
535159
535160
535161
535162
535163
535164
535165
535166
535168
535169
535170
535171
535174
535175
535176
535177
535178
535179
535180
535476
535477
535478
535479
535480
535481
535482
535483
535484
535485
535486
535487
535488
535489
535490
535491
535492
535493
535494
535495
535496
535497
535498
535499
535500
535501
535502
535503
535504
535505
535506
535507
535508
535509
535510
535511
535512
535513
535514
535515
535516
535517
535518
535519
535520
535521
535522
535523
535524
535525
535526
535527
535528
535529
535530
535531
535532
535533
535534
535535
535536
535537
535538
535539
535540
535541
535542
535543
535544
535545
535546
535547
535548
535549
535550
535551
535552
535553
535554
535555
535556
535557
535558
535559
535560
535561
535562
535563
535564
535565
535566
535567
535568
535569
535570
535571
535572
535573
535574
535575
535576
535577
535578
535579
535580
535581
535582
535583
535584
535585
535586
535587
535588
535589
535590
535591
535592
535593
535594
535595
535596
535597
535598
535599
535600
535601
535602
535603
535604
535605
535606
535607
535608
535609
535610
535611
535612
535613
535614
535615
535616
535617
535618
535619
535620
535621
535622
535623
535624
535625
535626
535627
535628
535629
535709
535710
535711
535712
535713
535714
535715
535716
535717
535718
535719
535720
535721
535722
535723
535724
535725
535726
535727
535728
535729
535730
535731
535732
535733
535734
535735
535736
535737
535738
535739
535740
535741
535742
535743
535744
535745
535746
535747
535748
535749
535750
535751
535752
535753
535754
535755
535756
535757
535758
535759
535760
535761
535762
535763
535764
535765
535766
535767
535768
535769
535770
535771
535772
535773
535774
535775
535776
535777
535778
535779
535780
535781
535782
535867
535868
535869
535893
535947
536918
536920
536945
536946
536947
536948
536949
536950
536951
536952
536953
536954
536955
536956
537279
537280
537281
537282
537283
537284
537285
537286
537287
537288
537289
537290
537291
537292
537293
537294
537295
537296
537297
537298
537299
537300
537301
537302
537303
537419
537420
537421
537469
537470
537471
537472
537473
537474
537475
537476
537477
537478
537479
537480
537481
537482
537483
537484
537485
537486
537487
537488
537489
537490
537491
537492
537493
537494
537495
537496
537533
537534
537535
537536
537537
537538
537539
537540
537541
537542
537543
537544
537545
537546
537547
537548
537549
537550
537551
537552
537553
537554
537555
537556
537557
537558
537559
537560
537561
537562
537563
537564
537565
537566
537567
537568
537569
537570
537571
537766
537767
537849
537850
537851
537852
537853
537854
537855
537856
537857
537858
537859
537860
537861
537862
537863
537864
537865
537866
537867
537868
537869
537870
537879
538126
538128
538129
538130
538131
538133
538134
538273
538274
538275
538276
538277
538278
538279
538280
538281
538282
538283
538284
538285
538286
538287
538288
538289
538290
538291
538292
538293
538294
538295
538296
538297
538298
538299
538300
538301
538302
538303
538304
538305
538306
538307
538308
538309
538310
538311
538312
538313
538314
538315
538316
538317
538318
538319
538320
538321
538322
538323
538324
538325
538326
538327
538328
538329
538330
538331
538332
538333
538334
538335
538336
538337
538338
538339
538340
538341
538342
538343
538344
538345
538346
538347
538348
538349
538350
538351
538352
538353
538354
538355
538356
538357
538358
538359
538360
538362
538363
538364
538365
538367
538368
538477
538478
538479
538486
538487
538488
538495
538496
538497
538504
538505
538506
538513
538514
538515
538522
538523
538524
538531
538532
538533
538540
538541
538542
538549
538550
538551
538558
538559
538560
538567
538568
538569
538576
538577
538578
538585
538587
539372
539373
539374
539375
539376
539377
539378
539379
539380
539381
539382
539383
539384
539385
539529
539530
539531
539532
539533
539534
539535
539536
539537
539538
539539
539540
539541
539542
539543
539544
539545
539546
539547
539548
539549
539550
539551
539552
539553
539554
539555
539556
539557
539558
539559
539560
539561
539562
539563
539564
539565
539566
539567
539568
539569
539570
539571
539572
539573
539574
539575
539576
539577
539578
539579
539580
539581
539582
539583
539584
539585
539586
539587
539588
539589
539590
539591
539592
539593
539594
539595
539596
539597
539598
539599
539600
539601
539602
539603
539604
539605
539606
539607
539608
539609
539610
539611
539612
539613
539614
539615
539616
539617
539618
539619
539620
539621
539622
539623
539624
539625
539626
539738
539739
539740
539744
539745
539746
539753
539754
539755
539762
539763
539764
539771
539772
539773
539780
539781
539782
539789
539790
539791
539798
539799
539800
539807
539808
539809
539816
539817
539818
539819
539826
539827
539828
539835
539836
539837
539844
539845
539846
540455
540456
540457
540458
540459
540460
540461
540462
540463
540464
540640
540641
540642
540643
540644
540645
540646
540647
540648
540649
540650
540651
540652
540653
540654
540655
540656
540657
540658
540659
540660
540661
540662
540663
540664
540665
540666
540667
540668
540669
540670
540671
540672
540673
540674
540675
540676
540677
540678
540679
540680
540681
540682
540683
540684
540685
540686
540687
540688
540689
540690
540691
540692
540693
540694
540695
540696
540697
540698
540699
540700
540701
540702
540703
540704
540705
540706
540707
540708
540709
540710
540711
540712
540713
540714
540715
540716
540717
540718
540719
540720
540721
540722
540723
540724
540725
540726
540727
540728
540729
540730
540731
540732
540733
540734
540735
540736
540737
540738
540739
540740
540741
540742
540743
540744
540745
540746
540747
540748
540749
540750
540751
540752
540753
540754
540755
540756
540757
540758
540759
540760
540761
540762
540763
540764
540765
540772
540791
541608
541609
541610
541612
541613
541614
541615
541616
541617
541618
541619
541620
541621
541622
541623
541624
541625
541627
541628
541629
541630
541631
541632
541633
541634
542058
542059
542060
542061
542062
542063
542064
542065
542066
542067
542068
542069
542070
542071
542072
542073
542074
542075
542076
542077
542078
542079
542080
542081
542082
542083
542084
542085
542086
542087
542088
542089
542090
542091
542092
542093
542094
542095
542096
542097
542098
542099
542100
542101
542102
542103
542104
542105
542106
542107
542108
542109
542110
542111
542112
542113
542114
542115
542116
542117
542118
542119
542120
542121
542122
542123
542124
542125
542126
542127
542128
542129
542130
542131
542132
542133
542134
542135
542136
542137
542138
542139
542140
542141
542142
542143
542144
542145
542146
542147
542148
542149
542150
542151
542152
542153
542154
542155
542156
542157
542158
542159
542160
542161
542162
542163
542164
542165
542166
542167
542168
542169
542170
542171
542172
542173
542174
542175
542176
542177
542178
542179
542180
542181
542182
542183
542184
542185
542186
542187
542188
542189
542190
542191
542192
542193
542194
542195
542196
542197
542198
542199
542200
542201
542202
542203
542204
542205
542206
542207
542208
542209
542210
542211
542212
542213
542214
542215
542216
542217
542218
542219
542220
542221
542222
542223
542224
542225
542226
542227
542228
542229
542230
542231
542232
542233
542234
542235
542236
542237
542238
542239
542240
542241
542242
542243
542244
542245
542246
542247
542248
542249
542250
542251
542252
542253
542254
542255
542256
542257
542258
542259
542260
542261
542262
542263
542264
542265
542266
542267
542268
542269
542270
542271
542272
542273
542274
542275
542276
542277
542278
542279
542280
542281
542282
542283
542284
542285
542286
542287
542288
542289
542290
542291
542292
542293
542294
542295
542296
542297
542298
542299
542300
542301
542302
542303
542304
542305
542306
542307
542308
542309
542310
542311
542312
542313
542314
542315
542316
542317
542318
542319
542320
542321
542322
542323
542324
542325
542326
542327
542328
542330
542331
542332
542333
542334
542335
542336
542337
542338
542339
542340
542341
542342
542343
542345
542346
542347
542348
542349
542350
542351
542352
542677
542678
542679
542704
542705
542706
542731
542732
542733
542758
542759
542760
542785
542786
542787
542812
542813
542814
542839
542840
542841
542866
542867
542868
542893
542894
542895
542920
542921
542922
542947
542948
542949
542974
542975
542976
543001
543002
543003
544721
544722
544725
544761
544780
544781
544782
544783
544784
544785
544786
544787
544804
544805
544806
544807
544808
544809
544810
544811
544812
544813
544814
544815
544816
544817
544931
544950
544951
544952
544953
544954
544955
544956
544957
544958
544959
544960
544961
544962
544963
544964
544965
544967
544968
544969
544970
544978
545009
545015
545016
545017
545018
545104
545152
545153
545154
545155
545156
545157
545158
545159
545160
545161
545162
545163
545164
545165
545166
545167
545168
545169
545170
545171
545172
545173
545174
545175
545176
545177
545178
545179
545181
545217
545220
545223
545226
545229
545232
545235
545238
545241
545244
545247
545250
545442
545443
545446
545447
545448
545449
545452
545455
545498
545499
545502
545503
545504
545505
545506
545507
545508
545509
545516
545517
545518
545519
545520
545521
545522
545523
545526
545586
545590
545596
545702
545704
545717
545718
545719
545720
545721
545722
545723
545724
545725
545726
545727
545728
545729
545730
545731
545732
545733
545734
545735
545736
545737
545738
545739
545740
545741
545742
545743
545744
545745
545746
545747
545748
545749
545750
545751
545752
545753
545754
545758
545759
545760
545761
545762
545763
545764
545765
545951
545952
545961
545962
545963
545964
545965
545966
545967
545968
545969
545970
545975
545976
545977
545978
545979
545980
545981
545982
545983
545984
545985
545986
545987
545988
545989
545990
545991
545992
545993
545994
545995
545996
545997
545998
545999
546000
546001
546002
546003
546004
546005
546006
546007
546012
546013
546014
546015
546016
546017
546018
546019
546027
546031
546034
546138
546139
546151
546152
546153
546154
546155
546156
546157
546158
546159
546198
546199
546200
546201
546202
546203
546204
546205
546206
546207
546208
546225
546226
546227
546228
546229
546230
546231
546232
546233
546237
546238
546239
546240
546348
546349
546350
546401
546402
546403
546404
546405
546406
546407
546408
546409
546410
546411
546412
546413
546414
546415
546416
546417
546418
546419
546420
546421
546422
546423
546424
546425
546426
546427
546428
546429
546430
546431
546432
546476
546477
546479
546481
546484
546487
546490
546493
546496
546499
546502
546505
546508
546511
546514
546830
546832
546833
546861
546862
546863
546864
546865
546866
546867
546868
546869
546870
546871
546872
546873
546874
546875
546876
546877
546878
546879
546880
546881
546882
546883
546884
546885
546886
546887
546888
546889
546890
546891
546892
546893
546894
546895
546896
546897
546898
546899
546900
546901
546902
546906
546907
546908
546909
546910
546911
546912
546913
546923
546924
546937
546938
547034
547035
547036
547037
547111
547117
547118
547119
547120
547121
547122
547123
547124
547133
547134
547135
547136
547137
547138
547139
547140
547141
547142
547143
547144
547145
547146
547160
547161
547162
547341
547348
547349
547350
547351
547703
547705
547706
547707
547708
547710
547711
547851
547852
547853
547854
547855
547856
547857
547858
547859
547860
547861
547862
547863
547864
547865
547866
547867
547868
547869
547870
547871
547872
547873
547874
547875
547876
547877
547878
547879
547880
547881
547882
547883
547884
547885
547886
547887
547888
547889
547890
547891
547892
547893
547894
547895
547896
547897
547898
547899
547900
547901
547902
547903
547904
547905
547906
547907
547908
547909
547910
547911
547912
547913
547914
547915
547916
547917
547918
547919
547920
547921
547922
547923
547924
547925
547926
547927
547928
547929
547930
547931
547932
547933
547934
547935
547936
547937
547938
547939
547940
547942
547943
547944
547945
547947
547948
548057
548066
548075
548084
548093
548102
548111
548120
548129
548138
548147
548156
548165
548751
548752
548753
548754
548755
548756
548757
548758
548759
548760
548761
548762
548763
548764
548765
548766
548767
548768
548769
548770
548771
548772
548773
548774
548775
548776
548777
548778
548779
548780
548781
548782
548783
548784
548785
548786
548788
548789
548790
548791
548792
548793
548794
548795
548796
548797
548798
548799
548807
548911
548912
548913
548914
548915
548920
548921
548922
548923
548924
548925
548926
548927
548928
548929
548930
548931
548932
548933
548934
548935
548936
548937
548938
548939
548940
548941
548942
548943
548944
548945
548946
548947
548948
548949
548950
548951
548952
548953
548964
548965
548966
548967
548968
548969
548970
548971
548972
548973
548974
548975
548976
548989
548990
548991
549131
549139
549140
549156
549157
549158
549475
549476
549477
549478
549480
549481
549482
549483
549484
549485
549486
549487
549525
549526
549527
549528
549529
549530
549531
549532
549533
549534
549535
549536
549537
549538
549539
549540
549541
549542
549543
549544
549545
549546
549547
549548
549549
549550
549551
549552
549553
549554
549555
549556
549557
549558
549559
549560
549561
549562
549563
549564
549565
549566
549567
549568
549569
549570
549571
549572
549573
549574
549575
549576
549577
549578
549579
549580
549581
549582
549583
549584
549585
549586
549587
549588
549589
549590
549591
549592
549593
549594
549595
549596
549597
549598
549599
549600
549601
549602
549603
549604
549605
549606
549607
549608
549609
549610
549611
549612
549613
549614
549615
549616
549617
549618
549619
549620
549621
549622
549623
549624
549625
549626
549627
549628
549629
549630
549631
549632
549633
549634
549635
549636
549644
549645
549646
549647
549648
549649
549650
549651
549652
549653
549654
549655
549656
549657
549658
549659
549660
549661
549662
549663
549664
549665
549666
549667
549668
549669
549670
549671
549695
549726
550041
550042
550043
550044
550045
550046
550047
550048
550049
550050
550051
550052
550053
550054
550055
550056
550057
550459
550460
550461
550462
550463
550464
550465
550491
550492
550493
550494
550495
550496
550497
550498
550499
550500
550501
550502
550503
550504
550505
550506
550507
550508
550509
550510
550511
550512
550513
550514
550515
550516
550517
550518
550519
550520
550521
550522
550523
550524
550525
550526
550527
550528
550529
550530
550531
550532
550533
550534
550535
550536
550537
550538
550539
550682
550683
550684
550685
550686
550687
550688
550689
550690
550691
550692
550693
550694
550695
550696
550697
550698
550699
550700
550701
550702
550703
550704
550705
550706
550707
550708
550709
550710
550711
550712
550713
550714
550715
550716
550717
550718
550719
550720
550721
550722
550723
550724
550725
550726
550727
550728
550729
550730
550731
550732
550733
550734
550735
550736
550737
550738
550739
550740
550741
550742
550743
550744
550745
550746
550747
550748
550749
550750
550751
550752
550753
550754
550755
550756
550757
550758
550759
550760
550761
550762
550763
550764
550765
550766
550767
550768
550769
550770
550771
550772
550773
550774
550775
550776
550777
550778
550779
550807
550808
550809
550810
550811
550812
550813
550814
550815
550816
550817
550818
550819
550820
550821
550822
550823
550824
550825
550826
550827
550828
550829
550830
550831
550832
550833
550834
550835
550836
550837
550838
550839
550840
550841
550842
550843
550844
550845
550846
550847
550848
550849
550850
550851
550906
550907
550908
550912
551596
551597
551598
551599
551601
551602
551603
551641
551642
551643
551644
551645
551646
551647
551648
551649
551650
551651
551652
551653
551654
551655
551656
551657
551658
551659
551660
551661
551662
551663
551664
551665
551666
551667
551668
551669
551670
552096
552097
552098
552146
552147
552148
552149
552150
552151
552152
552153
552154
552155
552156
552157
552158
552159
552160
552161
552162
552163
552164
552165
552166
552167
552168
552169
552170
552171
552172
552173
552210
552211
552212
552213
552214
552215
552216
552217
552218
552219
552220
552221
552222
552223
552224
552225
552226
552227
552228
552229
552230
552231
552232
552233
552234
552235
552236
552237
552238
552239
552240
552241
552242
552243
552244
552245
552246
552247
552248
552695
552697
552698
552699
552700
552702
552703
552842
552843
552844
552845
552846
552847
552848
552849
552850
552851
552852
552853
552854
552855
552856
552857
552858
552859
552860
552861
552862
552863
552864
552865
552866
552867
552868
552869
552870
552871
552872
552873
552874
552875
552876
552877
552878
552879
552880
552881
552882
552883
552884
552885
552886
552887
552888
552889
552890
552891
552892
552893
552894
552895
552896
552897
552898
552899
552900
552901
552902
552903
552904
552905
552906
552907
552908
552909
552910
552911
552912
552913
552914
552915
552916
552917
552918
552919
552920
552921
552922
552923
552924
552925
552926
552927
552928
552929
552931
552932
552933
552934
552936
552937
553046
553047
553048
553055
553056
553057
553064
553065
553066
553073
553074
553075
553082
553083
553084
553091
553092
553093
553100
553101
553102
553109
553110
553111
553118
553119
553120
553127
553128
553129
553136
553137
553138
553145
553146
553147
553154
553156
553715
553716
553717
553718
553719
553720
553721
553722
553723
553724
553725
553726
553727
553728
553729
553730
553731
553732
553733
553734
553735
553736
553737
553738
553739
553740
553741
553742
553743
553744
553745
553746
553747
553748
553751
553752
553753
553771
553772
553773
553774
553775
553776
553777
553778
553779
553780
553782
554023
554024
554025
554026
554027
554028
554029
554030
554031
554175
554176
554177
554178
554179
554180
554181
554182
554183
554184
554185
554186
554187
554188
554189
554190
554191
554192
554193
554194
554195
554196
554197
554198
554199
554200
554201
554202
554203
554204
554205
554206
554207
554208
554209
554210
554211
554212
554213
554214
554215
554216
554217
554218
554219
554220
554221
554222
554223
554224
554225
554226
554227
554228
554229
554230
554231
554232
554233
554234
554235
554236
554237
554238
554239
554240
554241
554242
554243
554244
554245
554246
554247
554248
554249
554250
554251
554252
554253
554254
554255
554256
554257
554258
554259
554260
554261
554262
554263
554264
554265
554266
554267
554268
554269
554270
554382
554383
554384
554388
554389
554390
554397
554398
554399
554406
554407
554408
554415
554416
554417
554424
554425
554426
554433
554434
554435
554442
554443
554444
554451
554452
554453
554460
554461
554462
554469
554470
554471
554478
554479
554480
554487
554488
554489
555799
555800
555801
555803
555804
555805
555806
555807
555808
555809
555810
555811
555812
555813
555814
555815
555816
555818
555819
555820
555821
555822
555823
555824
555825
556249
556250
556251
556252
556253
556254
556255
556256
556257
556258
556259
556260
556261
556262
556263
556264
556265
556266
556267
556268
556269
556270
556271
556272
556273
556274
556275
556276
556277
556278
556279
556280
556281
556282
556283
556284
556285
556286
556287
556288
556289
556290
556291
556292
556293
556294
556295
556296
556297
556298
556299
556300
556301
556302
556303
556304
556305
556306
556307
556308
556309
556310
556311
556312
556313
556314
556315
556316
556317
556318
556319
556320
556321
556322
556323
556324
556325
556326
556327
556328
556329
556330
556331
556332
556333
556334
556335
556336
556337
556338
556339
556340
556341
556342
556343
556344
556345
556346
556347
556348
556349
556350
556351
556352
556353
556354
556355
556356
556357
556358
556359
556360
556361
556362
556363
556364
556365
556366
556367
556368
556369
556370
556371
556372
556373
556374
556375
556376
556377
556378
556379
556380
556381
556382
556383
556384
556385
556386
556387
556388
556389
556390
556391
556392
556393
556394
556395
556396
556397
556398
556399
556400
556401
556402
556403
556404
556405
556406
556407
556408
556409
556410
556411
556412
556413
556414
556415
556416
556417
556418
556419
556420
556421
556422
556423
556424
556425
556426
556427
556428
556429
556430
556431
556432
556433
556434
556435
556436
556437
556438
556439
556440
556441
556442
556443
556444
556445
556446
556447
556448
556449
556450
556451
556452
556453
556454
556455
556456
556457
556458
556459
556460
556461
556462
556463
556464
556465
556466
556467
556468
556469
556470
556471
556472
556473
556474
556475
556476
556477
556478
556479
556480
556481
556482
556483
556484
556485
556486
556487
556488
556489
556490
556491
556492
556493
556494
556495
556496
556497
556498
556499
556500
556501
556502
556503
556504
556505
556506
556507
556508
556509
556510
556511
556512
556513
556514
556515
556516
556517
556518
556519
556521
556522
556523
556524
556525
556526
556527
556528
556529
556530
556531
556532
556533
556534
556536
556537
556538
556539
556540
556541
556542
556543
556868
556869
556870
556895
556896
556897
556922
556923
556924
556949
556950
556951
556976
556977
556978
557003
557004
557005
557030
557031
557032
557057
557058
557059
557084
557085
557086
557111
557112
557113
557138
557139
557140
557165
557166
557167
557192
557193
557194
558954
558955
558956
558957
558958
558959
558960
558961
558962
558963
558964
558965
558966
558967
558968
558969
558970
558971
559068
559069
559070
559071
559072
559073
559074
559075
559076
559077
559078
559079
559080
559081
559082
559083
559084
559085
559086
559087
559088
559089
559090
559091
559092
559093
559094
559095
559096
559097
559098
559099
559100
559101
559102
559103
559104
559105
559106
559107
559108
559109
559110
559111
559112
559113
559114
559115
559116
559117
559118
559119
559120
559121
559122
559123
559124
559125
559126
559127
559128
559129
559130
559131
559132
559133
559134
559135
559136
559137
559138
559139
559140
559141
559142
559143
559144
559145
559146
559147
559148
559149
559150
559151
559152
559153
559154
559155
559156
559157
559158
559159
559160
559161
559162
559163
559164
559165
559166
559167
559168
559169
559170
559171
559172
559173
559174
559175
559176
559177
559178
559179
559180
559181
559182
559183
559184
559185
559186
559187
559188
559189
559190
559191
559192
559193
559194
559195
559196
559197
559198
559199
559200
559201
559202
559203
559204
559205
559206
559207
559208
559209
559210
559211
559212
559213
559214
559215
559216
559217
559218
559219
559220
559221
559222
559223
559224
559225
559226
559227
559228
559229
559230
559231
559232
559233
559234
559235
559236
559237
559238
559239
559240
559241
559245
559246
559247
559273
559283
559284
559285
-3755
-3921
-3925
-3936
-6193
-6322
-6332
-6349
-8661
-8672
-8680
-8693
-9892
-9903
-9912
-9924
-11086
-11105
-16462
-16471
-16479
-16491
-17491
-17500
-17508
-17520
-18418
-18434
-27901
28824
-28839
28934
-28949
-28958
-28966
-28969
-28970
-28973
29023
-29031
-29032
-29035
-29042
-29050
-29053
-44272
-45053
45060
-45077
-45087
-45090
-45091
-45094
-45146
45157
-45165
-45166
-45169
-45174
-45177
-45207
45224
-63701
64259
-64266
-64273
64304
-64310
-64314
-72699
73199
-73209
-73213
73244
-73250
-73260
-82199
-82202
-82203
82212
-82221
-82230
-82233
82275
-82284
-82293
-82296
-82299
-82306
-82308
86617
-86630
-86633
-86635
-86638
-86651
-86654
86696
-86705
-86714
-86717
-86720
-86727
-86729
-90731
-90733
-90736
-108604
-108608
-108609
108622
-108633
-108637
-108639
108690
-108698
-108701
-108704
-108709
-108717
-108719
113897
-113904
-113907
-113909
-113920
-113929
-113931
113982
-113990
-113993
-113996
-114001
-114009
-114011
-118366
-118369
-118371
-141970
-141972
-141976
-141978
143477
143481
143492
143495
143499
143509
143511
143514
143601
-143606
-143609
143616
143699
-143704
-143708
143713
143716
-170368
170376
-170390
-170394
171555
-171560
171566
-171568
171656
-171661
-171669
171784
171787
171795
171797
171803
171811
171813
171815
-186599
186603
-186608
186636
-186640
-186651
188943
-188953
-188957
188984
-188988
-188999
191045
-191055
-191059
-198499
198508
-198513
198545
-198551
-198555
200939
-200943
-200951
200984
-200990
-200994
203191
-203195
-203203
228460
-228465
-228473
228546
-228548
-228556
233435
-233440
-233448
233521
-233523
-233531
256156
-256160
-256163
256246
-256250
-256253
261823
-261827
-261830
261913
-261917
-261920
284576
-284578
-284587
-285303
285310
-285313
-287540
287544
-287548
287575
-287579
-287583
289219
-289222
-289229
289256
-289260
-289264
-291110
-296935
296939
-296941
296960
-296962
-296969
297974
-297978
-297981
297999
-298001
-298008
-299038
-303166
-303170
303199
-303203
-303207
305462
-305466
305469
-305471
305473
-311204
-311209
-311213
-314566
-314570
-314573
-314591
-314596
-314600
-315543
-315547
-315550
-315568
-315573
-315577
-316462
-316466
-316469
-333157
-333161
-333165
-333168
-333425
-333429
-333432
333447
-337392
-337395
-337398
-337400
-343250
-343255
-343259
-343317
-343321
-343324
-346240
-346245
-346249
-346307
-346311
-346314
-361573
-361578
-361591
-361595
-361598
361602
-361609
-362226
-362229
-362230
-362231
-362232
-373169
-373177
-373181
-383723
-383727
-383730
-383769
-383773
-383776
-385805
-385809
-385812
-385851
-385855
-385858
-387832
-387836
-387839
-409851
-409854
-409856
-409956
-409959
-409961
-414437
-414440
-414442
-414542
-414545
-414547
-431105
-431110
-431114
-432642
-432645
-432647
-432661
-432666
-432670
-433370
-433373
-433375
-433389
-433394
-433398
-434076
-434079
-434081
-437359
-437362
-444670
-444674
-444677
-446498
-446499
-446500
-446501
-448329
-448331
-448333
-448334
-448335
-451649
-451653
-451656
-451701
-451705
-451708
-453937
-453941
-453944
-453989
-453993
-453996
-464717
-464725
-464728
-473861
-473863
-473864
-481088
-481091
-481093
-481128
-481132
-481135
-483026
-483029
-483031
-483066
-483070
-483073
-484915
-484918
-484920
-500680
-500682
-500683
-500770
-500773
-500775
-504809
-504811
-504812
-504899
-504902
-504904
1809
1814
1821
1827
1833
1839
1845
1851
1857
1864
1869
1880
1887
1892
1898
2829
2834
4803
4931
-10528
10592
10598
10626
10631
10659
10664
10692
10697
10725
10730
10758
10763
10791
10796
10824
10829
10857
10861
10888
10976
11002
11008
11036
11041
11069
11074
11101
-17949
17954
17964
17982
18010
18038
18066
18097
18128
18159
18191
18221
-18275
-18276
-18277
-18278
-18288
-18289
-18290
-18291
-18305
-18306
-18307
-18308
-18317
-18318
-18319
-18320
18327
18357
18388
-22249
22268
-22376
22382
22387
-34226
-34268
34277
-34399
-34400
-34401
-34402
-34410
-34411
-34412
-34413
-34427
-34428
-34429
-34430
-34440
-34441
-34442
-34443
-34445
34455
-34503
-34504
-34505
-34506
-34524
-34525
-34526
-34527
-34985
-34986
-34987
-34988
-35009
-35010
-35011
-35012
-35023
35032
53180
53189
53195
53197
53207
-53222
-53249
53271
-53299
53321
-53349
53371
-53399
53421
-53449
53471
-53499
53521
-53549
53571
-53605
53621
-53666
53676
-53747
-53748
-53749
-53750
-53769
-53770
-53771
-53772
-53788
53798
-53826
53848
-53876
53898
-53926
53948
-59304
59307
59322
59336
59340
60888
60895
60902
60904
67565
67576
67577
67580
67588
67598
67601
67605
67686
67695
67698
67701
67709
67719
67721
67726
67844
67846
67954
67957
67982
67985
-68035
68038
68053
68070
68079
68081
68085
68090
68099
68102
68106
88512
88519
88526
88529
-88571
88589
-88693
88711
-88815
88833
-88937
88955
-89059
89077
-89181
89199
-89303
89321
-89425
89443
-89556
89565
-89688
-89689
-89690
-89691
-89710
-89711
-89712
-89713
-89802
-89803
-89804
-89805
-89813
-89814
-89815
-89816
-89820
-89821
-89822
-89823
-89833
-89834
-89835
-89836
-90191
90200
-90310
-90311
-90312
-90313
-90321
-90322
-90323
-90324
-90328
-90329
-90330
-90331
-90343
-90344
-90345
-90346
-90352
90366
-90470
90488
-90592
90610
-90714
116176
-116195
-116220
116229
-116342
116352
-116386
116395
-116508
116518
-116552
116561
-116674
116684
-116718
116727
-116846
116856
-116890
116899
-117018
117028
-117062
117071
-117190
117200
-117234
117243
-117362
117372
117407
-117414
117535
117546
117579
117594
117743
117747
117799
117815
117843
117854
117971
-117977
-118014
118023
-118142
118152
-118186
118195
-118314
118324
-118358
132809
132815
132819
132821
152913
152922
152925
152927
152972
152980
152982
152983
153150
153158
153160
153162
153223
153232
153233
153235
153464
153466
153713
153716
153831
153834
-153868
154009
154019
154021
154023
154061
154068
154069
154070
180882
180888
180891
180898
180907
180916
180923
180928
180933
180942
180949
180954
180959
180968
180975
180980
180985
180994
181001
181006
181011
181020
181027
181032
181037
181046
181053
181058
181063
181072
181079
181084
181094
181098
181105
181110
181118
181122
181127
181135
181138
181140
181148
181151
181155
181163
181173
181179
181185
181190
181195
181204
181211
181216
181221
181230
181237
181242
181247
181256
181263
181268
189793
189800
189804
189806
189859
189866
189870
189872
189925
189932
189936
189938
189991
189998
190002
190004
190057
190064
190068
190070
190123
190130
190134
190136
190189
190196
190200
190202
190255
190262
190266
190268
190323
190329
190332
190334
190388
190391
190395
190400
190450
-190464
190468
190546
190548
190661
190662
190711
190714
190739
190743
190748
190751
190819
-190833
190837
190855
190858
190862
190864
190917
190924
190928
190930
190983
190990
190994
190996
191049
191062
202094
202097
202100
202106
202114
202125
202129
202131
202180
202189
202192
202195
202200
202211
202215
202217
202266
202275
202278
202281
202286
202297
202301
202303
202352
202361
202364
202367
202372
202383
202387
202389
202444
202453
202456
202459
202464
202475
202479
202481
202536
202545
202548
202551
202556
202567
202571
202573
202628
202637
202640
202643
202648
202659
202663
202665
202720
202729
202732
202735
202743
202751
202755
202757
202819
202822
202825
202827
202836
202841
202844
202846
202902
202907
202910
202912
202926
202930
202933
202935
202992
202999
203002
203005
203010
203021
203025
203027
203082
203091
203094
203097
203102
203113
203117
203119
203174
203183
203186
203189
203194
203211
213794
213801
213808
213811
213834
213841
213848
213851
213896
213903
213910
213913
213958
213965
213972
213975
214020
214027
214034
214037
214082
214089
214096
214099
214144
214151
214158
214161
214206
214213
214220
214223
214272
214275
214282
214285
214332
214335
214339
214345
214437
214441
-214455
214461
214464
214467
214476
214540
214543
214550
214553
214598
214605
214612
214615
214660
214667
214674
214677
214722
214729
214736
214739
235360
235366
235370
235371
235510
235516
235520
235521
235660
235666
235670
235671
235810
235816
235820
235821
235960
235966
235970
235971
236110
236116
236120
236121
236260
236266
236270
236271
236410
236416
236420
236421
236563
236566
236570
236571
236711
236713
236716
236721
237056
237058
237229
237232
-237245
237414
237417
237493
237495
237499
237502
237659
237662
237666
237667
237806
237812
237816
237817
237956
237962
237966
237967
238106
238112
238116
238117
264504
264513
264516
264518
264541
264549
264551
264552
264691
264700
264703
264705
264747
264755
264757
264758
264897
264906
264909
264911
264953
264961
264963
264964
265103
265112
265115
265117
265159
265167
265169
265170
265315
265324
265327
265329
265371
265379
265381
265382
265527
265536
265539
265541
265583
265591
265593
265594
265739
265748
265751
265753
265795
265803
265805
265806
265951
265960
265963
265965
266007
266015
266017
266018
266169
266172
266175
266177
266224
266227
266229
266230
266375
266378
266381
266383
266430
266433
266435
266436
266581
266590
266593
266595
266637
266645
266647
266648
266793
266802
266805
266807
266849
266857
266859
266860
267005
267014
267017
267019
267061
267069
267071
267072
282014
-282022
282025
-282036
282040
282051
-282062
282066
282077
-282088
282092
282103
-282114
282118
282129
-282140
282144
282155
-282166
282170
282181
-282192
282196
282207
282218
282223
282226
282244
282252
282253
282264
-282268
282272
-282290
282294
282305
-282316
282320
282331
-284150
284155
284158
-284845
284848
284854
290141
290150
290151
290153
290166
-290173
290178
-290183
290188
290191
-290233
290239
290241
-290250
290255
290258
-290303
290309
290311
-290320
290325
290328
-290376
290382
290384
-290393
290398
290401
-290449
290455
290457
-290466
290471
290474
-290522
290528
290530
-290539
290544
290547
-290595
290601
290603
-290612
290617
290620
-290668
290674
290676
-290685
290690
290693
290742
-290744
290750
290759
-290765
290770
290871
-290876
290882
290888
-290890
290895
-290943
290949
290951
-290960
290965
290968
-291016
291022
291024
-291033
291038
291041
-291089
291095
291097
-291106
291114
-298522
298525
298531
-298560
298563
298569
-298598
298601
298607
-298636
298639
298645
-298677
298680
298686
-298718
298721
298727
-298759
298762
298768
298800
-298802
298805
298841
298846
298847
298907
298909
298910
-298948
298951
298957
-298989
298992
298998
-299030
299033
304008
304015
304016
304017
327335
327338
327340
331956
331960
331963
331967
331970
331972
335575
335579
335582
335586
335589
335591
335636
335637
335642
335643
335797
335801
335833
335834
335838
335839
338671
338675
338678
338681
338683
338684
-348667
-348679
348686
357589
357592
357594
357596
357598
357599
366530
366534
366537
366540
366542
366543
366694
-366907
-366962
366971
378173
378176
378178
378191
378194
378196
378211
378215
378218
378222
378225
378227
378241
378245
378248
378252
378255
378257
378271
378275
378278
378282
378285
378287
378301
378305
378308
378312
378315
378317
378331
378335
378338
378342
378345
378347
378361
378365
378368
378372
378375
378377
378391
378395
378398
378402
378405
378407
378421
378425
378428
378432
378435
378437
378447
378450
378455
378456
378458
378472
378476
378479
378483
378486
378488
378502
378506
378509
378513
378516
378518
378532
378536
378539
378543
378546
378548
381503
381507
386850
386854
386857
386861
386864
386866
386931
386935
386938
386942
386945
386947
387012
387016
387019
387023
387026
387028
387090
387094
387097
387101
387104
387106
387174
387178
387181
387185
387188
387190
387258
387262
387265
387269
387272
387274
387342
387346
387349
387353
387356
387358
387426
387430
387433
387437
387440
387442
387507
387509
387513
387514
387516
387581
387585
387588
387592
387595
387597
387665
387669
387672
387676
387679
387681
387749
387753
387756
387760
387763
387765
387844
387847
387849
396754
396758
396761
396764
396766
396767
396796
396800
396803
396806
396808
396809
396862
396866
396869
396872
396874
396875
396928
396932
396935
396938
396940
396941
396994
396998
397001
397004
397006
397007
397060
397064
397067
397070
397072
397073
397126
397130
397133
397136
397138
397139
397192
397196
397199
397202
397204
397205
397258
397262
397265
397268
397270
397271
397325
397329
397332
397335
397337
397338
397389
397393
397396
397399
397401
397402
397455
397459
397462
397465
397467
397468
397521
397525
397528
397531
397533
397534
-404312
-404322
404327
-404423
-404443
404454
416718
416722
416725
416728
416730
416731
416895
416899
416902
416905
416907
416908
417072
417076
417079
417082
417084
417085
417246
417250
417253
417256
417258
417259
417426
417430
417433
417436
417438
417439
417606
417610
417613
417616
417618
417619
417786
417790
417793
417796
417798
417799
417966
417970
417973
417976
417978
417979
418145
418149
418152
418155
418157
418158
418318
418322
418325
418328
418330
418331
418498
418502
418505
418508
418510
418511
418678
418682
418685
418688
418690
418691
418858
418862
418865
418868
418870
418871
429641
429646
435802
435805
439371
439380
440383
440387
-440397
440402
-440415
440418
442169
442172
442174
445271
445272
445276
445277
445341
445342
445344
445345
446841
446844
-446852
446857
-446862
446865
462852
462855
-462861
-462864
462866
463604
463607
463609
463611
463613
463614
465451
465566
-470623
470630
470632
-470636
-470639
-470640
477243
477246
477248
477258
477261
477263
477275
477278
477280
477283
477286
477288
477299
477302
477304
477307
477310
477312
477323
477326
477328
477331
477334
477336
477347
477350
477352
477355
477358
477360
477371
477374
477376
477379
477382
477384
477395
477398
477400
477403
477406
477408
477419
477422
477424
477427
477430
477432
477443
477446
477448
477451
477454
477456
477464
477466
477470
477471
477473
477484
477487
477489
477492
477495
477497
477508
477511
477513
477516
477519
477521
477532
477535
477537
477540
477543
477545
483999
484002
484004
484007
484010
484012
484074
484077
484079
484082
484085
484087
484149
484152
484154
484157
484160
484162
484224
484227
484229
484232
484235
484237
484302
484305
484307
484310
484313
484315
484380
484383
484385
484388
484391
484393
484458
484461
484463
484466
484469
484471
484536
484539
484541
484544
484547
484549
484611
484613
484617
484618
484620
484682
484685
484687
484690
484693
484695
484760
484763
484765
484768
484771
484773
484838
484841
484843
484846
484849
484851
484924
484927
484929
-489637
489641
489643
489646
-489653
489656
-489677
489681
489683
489686
-489692
-489850
489851
492875
492878
492880
492882
492884
492885
492905
492908
492910
492912
492914
492915
492953
492956
492958
492960
492962
492963
493001
493004
493006
493008
493010
493011
493049
493052
493054
493056
493058
493059
493097
493100
493102
493104
493106
493107
493145
493148
493150
493152
493154
493155
493193
493196
493198
493200
493202
493203
493241
493244
493246
493248
493250
493251
493288
493291
493293
493295
493297
493298
493335
493338
493340
493342
493344
493345
493383
493386
493388
493390
493392
493393
493431
493434
493436
493438
493440
493441
506865
506868
506870
506872
506874
506875
507024
507027
507029
507031
507033
507034
507183
507186
507188
507190
507192
507193
507342
507345
507347
507349
507351
507352
507504
507507
507509
507511
507513
507514
507666
507669
507671
507673
507675
507676
507828
507831
507833
507835
507837
507838
507990
507993
507995
507997
507999
508000
508151
508154
508156
508158
508160
508161
508309
508312
508314
508316
508318
508319
508471
508474
508476
508478
508480
508481
508633
508636
508638
508640
508642
508643
508795
508798
508800
508802
508804
508805
520092
520094
-520098
-520101
-520220
520223
-520265
-520267
-520269
-520270
-520276
)


// ************************************************************************* //
