/*--------------------------------*- C++ -*----------------------------------*\
| =========                 |                                                 |
| \\      /  F ield         | OpenFOAM: The Open Source CFD Toolbox           |
|  \\    /   O peration     | Version:  2312                                  |
|   \\  /    A nd           | Website:  www.openfoam.com                      |
|    \\/     M anipulation  |                                                 |
\*---------------------------------------------------------------------------*/
FoamFile
{
    version     2.0;
    format      ascii;
    arch        "LSB;label=32;scalar=64";
    class       volScalarField;
    location    "0.10005";
    object      p;
}
// * * * * * * * * * * * * * * * * * * * * * * * * * * * * * * * * * * * * * //

dimensions      [0 2 -2 0 0 0 0];

internalField   nonuniform List<scalar> 
16630
(
-2.55526
0.0589502
1.82745
2.66252
3.03419
3.20159
3.58585
0.0518436
1.86288
2.80954
3.2487
3.71729
5.49881
5.14221
4.82854
5.06164
8.03404
7.60287
9.56842
-2.48053
-0.236834
1.57399
2.54125
2.96234
3.11358
3.20597
0.680746
2.02943
2.88513
3.23156
3.25758
5.77886
5.43664
5.01631
4.31625
8.33601
7.64489
9.51418
3.41681
3.52868
3.11405
3.13342
3.18196
3.46707
3.62011
3.2314
3.28343
4.07701
4.43974
3.25731
3.15961
4.78261
6.8704
5.01432
4.69746
6.65855
4.31382
7.48985
9.11467
8.33455
7.87478
9.39037
7.9514
7.6423
6.96758
9.54007
9.90354
9.51148
-2.34084
-2.24704
-2.17002
-0.455846
-2.03923
-0.107308
3.15426
2.8422
-3.47371
-1.74932
-2.8852
-1.34608
3.13305
3.183
3.19851
3.41496
3.5253
3.58449
3.28373
4.07855
3.23868
3.46051
3.61512
3.16106
3.71044
4.43548
4.70021
6.66125
4.81859
4.7785
6.87164
5.05795
7.87679
9.39197
8.03927
7.49689
9.1148
6.97021
7.60876
7.95294
9.90545
9.5396
9.56814
2.84619
3.15479
3.20599
-2.30499
-2.32816
-2.0905
-0.0947314
-2.16276
-0.442832
0.182528
1.68166
0.0292924
1.29954
1.84319
2.58309
1.63313
2.36184
2.65582
2.98345
2.53437
2.88046
3.01411
3.10956
2.96007
3.09826
3.10058
2.93069
3.12736
3.17927
-2.95464
-1.39706
-3.47739
-1.74491
-0.257993
-1.02842
1.1426
-2.47705
-0.823269
-1.1283
0.549567
1.66111
1.37102
2.45272
-0.223868
1.21694
1.03847
2.1212
2.58819
2.5583
3.03022
1.57969
2.36322
2.37714
2.87196
3.00107
3.07306
3.13639
2.54456
2.89139
2.96992
3.13476
3.21074
3.0664
2.80235
2.96321
3.09456
3.15793
3.17265
3.10428
3.28696
2.89175
3.10172
2.88066
3.14909
3.15674
3.96939
3.28142
3.22272
-0.226548
4.98577
0.316908
4.84328
1.68659
4.94765
4.74846
0.678296
1.70883
4.83323
4.71796
2.72377
4.72186
4.49078
2.02666
2.72274
4.6832
4.5268
3.20635
4.43424
3.83507
2.88392
3.1806
4.45582
4.19129
3.44818
3.36186
3.49478
3.20694
3.26106
3.23658
3.45283
3.27347
3.6463
2.26577
3.20552
-0.266243
3.23348
3.47732
5.5532
7.78601
5.86422
7.93834
5.18391
7.70799
7.06371
5.7727
5.52362
7.80254
7.32438
4.89757
6.91371
5.91855
5.4305
5.11853
7.12336
6.56192
5.06423
4.74931
5.11183
4.88406
4.79017
4.75466
5.2791
5.81153
4.27444
4.188
8.10853
9.2552
8.45892
9.48775
8.40369
7.82196
8.55249
8.19377
8.22746
8.03249
8.57385
7.81374
7.28802
7.29131
7.44349
4.55895
7.41508
8.26345
9.68724
9.93609
9.69791
9.3327
9.33002
0.019176
1.29183
0.16264
1.64927
1.62777
2.35915
1.81004
2.56483
2.52814
2.88134
2.63942
2.97531
2.95746
3.09788
3.00663
3.1058
3.12677
3.17871
3.09695
2.92674
-3.82217
-3.57009
-3.96463
-3.73774
-0.832694
-1.13673
0.546854
-2.48322
-0.270557
-0.99248
1.1136
1.21075
1.03253
2.12127
0.0374645
1.62331
1.3396
2.4258
2.36234
2.37375
2.87007
1.79093
2.56855
2.53389
3.01664
2.89019
2.96857
3.13415
2.6456
2.99323
3.06107
3.12774
3.09418
3.15723
3.17388
3.02689
3.20718
3.05894
2.79665
3.12344
3.23516
3.17844
0.322134
4.84382
-0.24426
4.9553
1.71591
4.83478
4.71343
0.0309339
1.65056
4.91733
4.71837
2.72763
4.68331
4.52661
1.82771
2.69965
4.69386
4.48529
3.18135
4.45678
4.19221
2.78788
3.19494
4.42902
3.83093
3.32161
3.27027
3.49622
3.28409
3.35378
3.3061
3.52016
5.86877
7.94062
5.52779
7.79104
5.52838
7.80306
7.32698
5.47425
5.15698
7.71287
7.06762
5.12015
7.12631
6.56414
5.11704
4.88607
6.91716
5.9182
4.23642
4.35532
4.28629
8.45921
9.48872
8.11009
9.25511
8.01312
7.61544
8.47216
7.60988
8.05285
7.58162
8.46093
9.53314
9.50027
9.51873
3.16391
3.48162
0.855291
3.1313
2.35712
3.10593
3.08746
3.23554
3.49941
3.22512
3.37277
3.11976
3.22844
3.58024
3.11984
3.15935
3.13395
3.08231
3.15361
3.05243
3.1017
3.1909
3.21138
3.12841
3.16382
3.14784
3.17663
3.15523
3.43407
3.36304
3.08081
3.2725
3.2056
3.24668
3.34087
3.63419
3.88979
3.42155
3.94743
3.81969
3.75485
3.90334
3.65561
3.84779
4.47613
4.08396
3.59682
4.01432
3.77234
3.56919
4.07626
3.61971
4.10011
3.74148
3.89157
3.26188
3.33416
4.18094
3.53632
3.32396
3.28621
3.26965
3.49351
3.30826
3.52273
3.35189
3.23757
3.25565
3.31238
3.51327
3.53917
5.34192
4.97835
0.253736
4.55198
3.87973
4.54701
4.88425
5.4694
6.04796
6.48887
5.61664
5.88998
5.28394
5.95129
5.50454
4.70625
4.71374
5.10556
4.71305
5.05882
5.50326
5.61125
6.64636
6.08405
6.06794
5.59871
5.40703
5.40206
4.35729
4.23305
4.28878
8.21303
7.71983
7.83747
7.68631
8.12644
7.8808
8.01995
8.78743
8.86737
8.87067
9.22278
8.6109
8.98865
9.05245
8.78144
8.30834
9.32023
8.69066
8.33022
9.16562
8.92003
8.52545
9.33783
8.51219
9.3264
8.94909
7.43871
6.76498
6.84261
8.45367
8.12662
8.01353
7.61142
7.61225
8.47035
7.58491
8.46135
8.0507
6.96483
7.01317
7.00977
8.30834
8.29242
10.1265
9.72403
8.84544
9.7588
9.80864
9.74547
9.91626
10.1242
10.0467
10.0176
10.0486
10.3116
9.88042
9.88872
10.0995
9.86011
10.0858
10.3128
10.2816
10.2944
10.1634
10.177
9.49835
9.5303
9.51729
-3.02304
-3.10151
-1.45971
-2.80139
-2.30579
-1.35205
-2.83273
-3.06861
-3.05714
-2.41803
-0.550391
-2.95036
-1.20468
-2.77282
-0.581112
-1.26311
-1.39262
-2.06772
-0.749692
-1.15733
-1.45505
-0.541374
-2.09612
-1.24478
-1.03254
-1.52242
0.0936279
-0.320925
-0.484391
0.740166
-0.94965
0.244004
-0.973534
0.368604
3.18252
3.16772
3.16472
3.18069
3.12557
3.1254
3.27216
2.88535
3.16981
3.16767
3.23623
3.15572
3.3119
3.42687
3.24366
3.22286
3.41808
3.4712
3.23143
-4.02126
-3.64827
-4.57435
-4.22105
-3.60338
-3.67841
-3.42287
-3.42923
-3.54801
-4.26237
-2.56927
-4.41867
-4.28647
-1.98517
-3.21912
-2.31872
-3.66146
-2.53951
-4.23145
3.11838
3.1335
3.08301
3.15805
3.10271
3.15162
3.05122
3.18887
3.12812
3.20938
3.1488
3.16197
3.17438
3.15629
3.10106
3.09822
3.28486
2.88683
3.1469
3.153
2.87634
3.16
3.12974
3.48039
0.845766
3.10349
3.08406
2.35105
3.23235
3.22106
3.4969
3.11595
3.37078
3.22487
3.5788
3.27687
3.96791
3.21958
3.76948
3.57122
4.07928
3.74353
3.61721
4.09741
3.44212
3.20005
3.35366
3.48699
3.23064
3.45292
3.25484
3.43062
3.2664
3.35542
3.0738
3.24216
3.33604
3.19907
3.62829
3.94795
3.8845
3.415
3.75426
3.90058
3.81421
3.65295
3.84214
4.46988
3.59233
4.0118
4.07786
3.25789
3.23542
3.30949
3.51519
3.53655
3.26901
3.20008
3.64135
2.25847
3.22912
3.47335
-0.273905
3.25744
3.8869
3.32825
4.17505
3.53141
5.50398
4.71581
5.11
4.70267
5.50819
4.71042
5.05695
5.61121
6.08861
6.64703
5.60246
6.0681
5.40637
5.40512
5.06052
4.87241
4.74327
5.10456
4.742
5.28122
4.78572
5.3416
4.54673
4.97405
0.241388
4.54797
4.88288
3.87441
5.46754
6.49159
6.04455
5.89571
5.61335
5.28192
5.9487
4.27575
5.80779
4.18678
8.91998
8.52763
9.34051
8.9517
8.51266
9.32782
8.39909
8.19732
7.83299
8.55359
8.0331
8.57534
8.22923
8.21772
7.69727
7.73135
7.83929
7.88793
8.02193
8.12842
8.788
9.22489
8.86716
8.87115
8.99042
9.05332
8.61196
8.78469
8.31022
9.32111
8.33257
9.16709
8.69229
7.01467
6.96524
7.0112
8.31001
8.29253
7.81716
7.44481
7.29039
7.29365
7.4216
8.26616
4.56277
6.76882
7.44041
6.84631
8.45519
8.12849
10.3128
9.89074
10.1021
9.87965
10.3157
9.86203
10.0868
10.2821
10.2966
10.1639
10.179
9.68638
9.93466
10.1255
9.75788
9.72314
8.84492
9.74697
9.91593
9.80777
10.1226
10.0452
10.0162
10.047
9.33291
9.69818
9.33086
3.27362
2.88886
3.12686
3.23677
3.12882
3.17308
3.17179
3.31222
3.42934
3.41814
3.1575
3.24656
3.22611
3.16812
3.16541
3.18355
3.18218
3.47076
3.23381
3.23783
3.12346
3.18024
-4.10365
-4.64568
-3.67444
-1.56977
-3.12612
-2.29591
-2.79398
-1.84055
-2.18729
-3.20303
0.391471
0.851514
0.112614
-0.207073
0.96468
0.34023
-0.217071
2.03549
2.21693
1.94288
1.63679
2.31855
1.94274
1.71901
2.78596
2.83641
2.74373
2.58797
2.90252
2.72819
2.6504
3.0717
3.1085
3.05445
2.98978
3.06408
3.04528
3.02446
3.1908
3.23952
3.06234
3.19577
3.21531
3.17323
3.01116
3.25016
3.32997
2.8616
3.22734
3.42864
3.23072
3.25208
-1.22581
2.19378
2.35159
0.828811
2.5157
0.390264
2.75987
0.771906
2.1754
3.05788
2.29517
3.12335
1.91226
3.28997
2.20992
2.90629
3.40583
3.01523
3.48377
2.83438
3.54311
2.97205
3.34456
3.34854
3.27977
3.29445
3.26312
3.28756
3.27343
3.33624
3.38092
3.42754
2.99897
3.42612
2.86016
3.40598
3.38621
5.79743
6.90311
6.3352
5.35493
6.55695
5.64813
6.35622
5.55219
6.46206
5.79518
5.02433
5.99409
5.29245
5.72656
5.18862
5.91547
4.95275
4.81091
4.85182
4.82045
4.71361
4.76959
4.98613
4.51643
4.52957
3.86504
4.39788
4.95547
4.35269
4.48469
8.37221
8.89804
8.13307
7.96307
8.1643
8.02046
8.08306
7.95125
8.20563
7.4637
7.28869
7.32551
7.39726
7.09897
7.29046
7.56008
9.5225
9.36706
9.39627
9.4013
9.72739
9.3359
9.45939
3.14237
3.13821
3.14414
3.14005
3.12154
3.16487
3.16722
3.13715
3.16439
3.11609
3.17722
3.1493
3.08623
3.15107
5.24426
4.88492
5.42144
5.00793
5.25406
4.88328
5.41059
4.58552
4.34771
4.59516
4.29646
4.59403
4.33976
4.57914
9.80174
9.61586
9.78933
9.51884
9.79739
9.62087
9.79452
3.20817
3.44167
2.43289
3.26854
3.2545
3.2182
2.90254
3.38674
3.42463
0.331369
3.30497
3.30996
3.31225
3.65712
3.14453
3.14228
3.13861
3.14472
3.16693
3.16987
3.12195
3.11755
3.16759
3.20254
3.10982
3.18587
3.08894
3.13201
3.38549
3.44724
3.03259
3.385
3.07586
3.36944
3.38643
4.10074
4.15778
3.67394
4.18505
4.42364
4.12407
4.16423
3.69877
5.37134
3.48677
3.32055
3.27909
3.40237
3.31137
3.42935
3.46236
3.75547
4.09003
3.82242
4.02622
3.84735
4.01232
3.73595
3.76847
3.77683
3.39306
3.77517
3.17396
0.0198227
3.45777
3.16647
3.14902
3.21758
3.19978
3.18881
4.63942
4.86662
3.23429
4.50457
4.16813
4.53647
4.63474
6.10993
6.27342
2.0763
6.39724
6.57676
6.13428
6.34609
5.24516
5.01019
4.88303
5.41999
4.88609
5.4118
5.25217
6.1906
6.66035
6.17799
6.56527
6.18085
6.56528
6.18647
4.58478
4.29769
4.34537
4.59171
4.59054
4.33993
4.57932
7.73834
7.59159
7.4104
7.4799
7.519
7.54875
7.64806
9.08178
9.14252
9.1038
9.2689
9.20603
9.15098
9.20078
8.66445
9.3575
8.34459
7.84794
8.03677
8.22041
8.00513
8.19354
8.37374
8.92797
9.36318
9.1412
9.24062
9.11195
9.21609
8.95933
8.99064
8.98195
7.07007
7.22187
6.58638
3.28291
6.79868
7.35404
6.97149
6.8755
6.87932
7.352
9.63218
9.62448
9.35986
9.47838
9.57703
9.53385
9.63615
9.8005
9.51917
9.61338
9.78652
9.79466
9.62021
9.79398
-1.79758
-2.22535
-1.72335
-2.55591
-1.62238
-2.42684
-2.16747
-1.08933
-1.88655
-1.5739
-1.84603
-1.64689
-1.31933
-1.25971
0.121006
0.0063145
0.121956
-0.403816
0.327756
-0.218977
-0.073651
3.17578
3.17953
3.16434
3.1668
3.16507
3.19898
3.1442
3.1197
3.13602
3.25596
3.18538
3.23894
2.92412
3.24368
3.42812
3.2063
3.12851
3.93044
-4.16181
-3.53581
-3.52576
-3.53957
-3.63536
-3.49844
-3.62806
-3.52545
-2.6883
-3.11434
-3.16233
-3.23643
-2.93791
-3.48435
-2.9481
-1.4882
-2.09882
-1.68558
-2.49616
-1.841
-2.46385
3.11546
3.20399
3.11102
3.16594
3.18368
3.08731
3.13308
3.18689
3.19192
3.2369
3.05866
3.21177
3.16897
3.00777
3.20467
3.2655
3.43999
2.42763
3.25157
3.21495
2.89856
3.3852
3.30131
3.42114
0.318368
3.30733
3.30797
3.65457
3.24666
3.22422
3.32803
2.85764
3.42543
3.24851
3.22742
3.48443
3.27946
3.40269
3.31828
3.46237
3.30984
3.42686
3.75299
3.82401
4.02843
4.08755
3.73737
3.84541
4.00994
3.76861
3.7798
3.33864
3.25345
3.27023
3.28461
3.2623
3.32888
3.27808
3.37842
3.37974
3.44022
3.02551
3.36103
3.38071
3.06901
4.09376
4.17788
4.15337
3.66813
4.11814
4.15774
4.41743
3.69189
5.36563
3.16525
3.2191
3.14733
3.19775
3.1904
3.3755
3.41995
3.42249
2.99147
3.40021
2.85344
3.38053
3.38714
3.16942
3.77075
3.45479
0.00946388
6.19349
6.18095
6.56845
6.66383
6.18516
6.56891
6.18897
4.94475
4.80859
4.80297
4.84294
4.76033
4.98177
4.70723
4.63293
4.49825
4.8622
3.22785
4.53031
4.62796
4.16325
6.10959
6.39746
6.27224
2.07431
6.13457
6.34596
6.57534
4.51022
4.39194
4.5248
3.85945
4.95063
4.34709
4.47935
8.34582
8.03957
8.22223
7.84186
8.37509
8.00456
8.19304
8.92674
9.14292
9.24272
9.36485
8.96112
9.1123
9.21741
8.99161
8.98471
8.13276
8.03104
7.97079
8.1693
7.9559
8.21028
8.08858
7.73183
7.47114
7.60085
7.41358
7.56397
7.64235
7.52235
9.0809
9.26817
9.14257
9.10401
9.14943
9.20047
9.20628
8.66399
9.35898
7.35726
6.8774
6.9757
6.88282
7.35424
7.4606
7.39906
7.29261
7.32859
7.29164
7.10143
7.55647
7.06938
6.58664
7.22219
6.79939
3.28615
9.63051
9.47709
9.6238
9.3594
9.53218
9.63481
9.5763
9.52149
9.40016
9.36701
9.39597
9.72701
9.3351
9.45838
3.25898
3.24082
2.92792
3.18982
3.24708
3.21066
3.42952
3.13237
3.9312
3.16862
3.18016
3.16475
3.16575
3.17718
3.20074
3.14617
3.1201
3.13613
3.1381
3.17856
3.16445
3.11568
3.15101
3.08756
3.15035
-3.15171
-3.07801
-0.529089
-3.03272
-2.35085
-1.18256
-2.77161
-3.02333
-3.10704
-1.45346
-2.79921
-2.29337
-1.34498
-2.83245
-1.27292
0.130674
-0.539717
-2.06765
-1.46842
0.783736
-0.965019
0.412646
-0.31013
-0.429817
0.251922
-0.94277
-1.25853
-1.38493
-0.743704
-0.576932
-2.0457
-1.1477
-1.4482
0.992035
0.99115
0.914843
0.0999058
1.45449
0.573043
0.546826
1.31549
1.98271
1.14118
1.37987
1.59617
1.63023
1.00576
2.13534
2.10467
2.22005
1.71602
2.3913
1.88072
1.98667
2.33132
2.68393
2.32955
2.42677
2.47927
2.51012
2.22873
2.77542
2.7449
2.82506
2.59332
2.88616
2.65546
2.73107
2.87211
3.02314
2.87326
2.92561
2.92738
2.95048
2.83949
3.0585
3.05048
3.07626
2.991
3.11004
3.01195
3.04154
3.11116
3.09082
3.16111
3.09018
3.1252
3.11601
3.08224
3.07532
3.1257
3.1431
3.14001
3.17025
3.19554
3.13572
3.2439
3.02179
3.1774
3.15331
3.14266
3.15049
3.19973
-3.79682
-3.50545
-4.32422
-4.22833
-3.58238
-3.48747
-3.54272
-2.63685
-4.46547
-3.29201
-2.38001
-4.29278
-4.34398
-2.01197
-3.60115
-2.50145
-3.57297
-3.97018
-3.83833
-3.7538
-1.24249
-1.63984
-0.237088
-0.825774
-1.39786
-1.52675
-0.883766
-2.87061
-1.98096
0.0197667
-1.44898
-1.56109
-2.81946
-0.796773
-1.23482
0.0167246
0.341241
0.424043
-1.11977
-0.49022
-0.165418
0.916145
1.09236
1.78159
1.24908
1.20808
0.842792
1.35337
0.718725
0.350774
1.9235
0.934288
1.15721
0.141609
1.39339
1.20863
1.92233
2.08107
2.0951
1.38485
1.62675
1.77996
2.28555
2.32899
2.67346
2.41278
2.42464
2.20513
2.49354
2.24816
2.07276
2.80674
2.35692
2.42531
1.95736
2.5737
2.87806
2.46525
2.75956
2.87572
2.52484
2.64095
2.74113
2.88933
2.88596
3.03648
2.92931
2.94773
2.83772
2.96633
3.14815
2.97176
3.0483
2.88809
2.82761
2.98062
2.78518
3.15048
3.13561
3.10324
2.97096
3.12905
3.0258
3.03153
2.92629
3.10213
3.11951
3.10375
3.13081
3.06296
3.07279
2.91661
3.1625
3.18775
3.0897
3.15419
3.25187
3.07432
3.28117
2.79337
3.1681
3.09504
3.12849
3.13708
3.29622
3.1707
3.12246
3.15128
3.14991
3.17952
3.16257
3.12653
3.17579
3.2733
2.9102
3.24203
3.22185
2.94079
3.1853
3.29058
3.29339
2.88657
3.18124
3.23412
3.50365
3.19998
3.24953
3.21574
3.464
2.79127
3.25548
3.2691
3.18941
3.25869
3.50485
3.12455
1.03199
3.3049
4.0268
3.11608
3.14048
3.14129
3.11814
3.24325
2.99039
3.13299
3.19951
3.20257
3.06328
2.94239
3.10983
3.23803
3.08955
3.08213
-1.00275
1.93608
2.43502
0.00761966
2.24048
-0.308708
2.02953
5.18035
3.25469
3.49526
3.30853
5.1224
4.7967
3.25848
3.4852
4.87051
2.54587
1.06896
3.05664
1.57174
2.84221
1.1914
2.73268
3.56873
3.3376
4.85446
4.73354
3.44068
3.51694
4.6916
3.63637
3.58027
4.82635
4.6126
3.47763
3.69829
4.6522
3.18165
2.4214
3.45376
2.66809
3.33995
2.46066
3.2743
3.80229
3.61362
4.63692
4.58563
3.69652
3.76524
4.5384
4.43831
3.84812
3.77801
4.60348
3.7222
3.86285
4.49835
3.50797
3.15087
3.46297
3.43259
3.07276
3.54443
3.07244
4.25907
4.36857
4.2875
3.86589
3.7929
3.83046
3.87611
3.86436
4.13193
4.11097
3.79226
4.18357
3.82113
3.82871
3.37081
3.30383
3.27087
3.31546
3.2738
3.30969
3.38415
3.5235
3.55758
3.46853
3.59897
3.54861
3.52046
3.60203
3.53132
3.59538
3.62073
3.37617
3.58001
3.54453
3.60516
3.32318
3.15074
3.33978
3.43271
3.16803
3.36972
3.4344
3.3832
3.67515
2.21039
3.41605
2.94613
3.39981
3.39032
3.4976
3.80194
2.92729
3.52305
4.07147
3.54181
3.54151
3.49639
3.52862
3.94595
3.83195
3.64524
3.58035
3.52769
6.72068
5.7302
6.62675
5.74262
6.83135
5.85109
6.60019
8.06154
7.31683
7.82605
7.38807
7.0291
7.99447
7.24365
7.26169
7.95431
6.20669
5.30929
6.0763
5.38102
6.28548
5.46806
6.06317
7.46388
7.68657
7.52244
6.99109
6.9547
6.73988
7.12014
7.36702
7.1647
7.36985
6.82707
6.45635
6.66513
6.69727
5.22482
4.98651
5.4446
5.60836
4.98643
5.6471
5.10743
6.54683
6.95962
6.7682
6.35583
6.37491
6.17974
6.50293
5.85028
6.29862
6.34711
5.91788
6.52902
6.15906
6.12571
6.5275
6.11611
6.74663
6.09408
6.72526
6.3284
6.34625
4.87983
4.79549
4.45261
4.68326
4.54675
4.72369
4.82277
5.26379
5.34888
5.02488
5.4423
5.55853
5.28911
5.38973
5.16419
5.22591
5.41485
4.7734
5.18467
5.09992
5.28882
4.48471
4.89409
4.06918
-0.247554
4.39216
6.30573
4.5635
4.47859
4.21821
4.29696
4.38948
4.24399
4.33715
4.48477
4.23347
4.1302
4.17248
4.04455
4.2942
4.66318
4.60603
8.61917
8.33882
8.72101
8.85275
8.30902
8.83656
8.45225
9.49869
9.14867
8.92412
9.42877
9.3485
9.12541
9.48019
9.22543
9.09079
8.06868
7.87804
7.90449
7.80231
7.97785
7.87147
7.99449
8.39756
8.48331
8.46668
8.61819
8.39641
8.46674
8.54373
8.31675
8.40117
8.27319
8.34852
8.33221
8.2411
8.4766
7.52127
7.81554
7.50719
7.95331
7.43105
7.9971
7.51154
7.35166
7.42398
6.41462
7.09842
7.08251
7.18653
7.33219
7.68008
7.94715
7.51008
8.01096
8.07183
7.79119
7.77896
7.56468
7.77172
7.86048
8.22279
7.65676
7.5024
7.8351
9.71828
9.68958
9.77953
9.96512
9.94433
9.88795
9.46403
9.4246
9.20492
8.0108
9.25887
9.96235
9.64183
9.70823
9.41002
9.42944
9.57814
9.4787
9.64765
9.62592
9.61181
9.37698
9.26764
9.28495
9.55323
9.71823
9.76743
0.0633204
0.944091
0.581117
0.976588
0.886893
0.532921
1.40723
1.31625
1.35955
1.939
1.10858
1.63325
0.976415
1.54656
2.14068
1.703
2.06284
2.19179
1.89917
1.98807
2.36036
2.3454
2.42802
2.6667
2.30367
2.51412
2.22786
2.45231
2.76967
2.58936
2.73037
2.81346
2.65549
2.72229
2.87685
2.86783
2.91951
3.01651
2.86262
2.94669
2.82934
2.91886
3.05495
2.98616
3.04439
3.07056
3.00748
3.03666
3.10548
3.1075
3.08741
3.15794
3.08503
3.11397
3.07802
3.12108
3.12266
3.07212
3.14033
3.13892
3.16732
3.13359
3.19324
3.17479
3.24232
3.01851
3.14155
3.15094
3.14903
3.19757
-2.84624
-1.53551
-3.05333
-2.19623
-3.29028
-2.32907
-1.79545
-0.844058
-1.22122
-1.5835
-1.66027
-0.24621
-0.884489
-1.3721
-1.48922
-2.81032
-2.84637
-2.04603
0.0203628
-0.784343
-1.53578
-1.24015
0.411308
-0.00713824
0.33161
-0.501809
-0.169399
-1.11314
-0.259649
0.378722
0.815603
0.0945235
0.323718
-0.238983
0.932759
0.901008
1.26455
1.05125
1.74572
0.817427
1.34676
1.17364
0.728761
0.946537
0.320621
1.89
0.142336
1.39096
1.1192
1.20965
2.10114
1.8873
2.04789
1.62747
1.78067
1.34599
2.0305
1.62662
2.1862
1.90913
1.94324
1.7185
2.29314
2.28162
2.41239
2.30088
2.65617
2.20011
2.48548
2.40193
2.24151
2.35989
2.04063
2.78694
1.95556
2.56921
2.40144
2.86898
2.4598
2.74318
2.85838
2.63353
2.7348
2.50345
2.78215
2.58689
2.82473
2.72896
2.72089
2.65296
2.89252
2.87636
2.9243
2.87529
3.02847
2.83297
2.9564
2.93688
2.96702
3.13855
3.0406
2.87959
2.81254
2.78171
2.97064
3.13189
3.1408
3.09875
2.97369
3.1237
3.01814
3.01622
3.12223
3.15087
3.16817
3.14773
3.17704
3.16029
3.12611
3.06581
2.98346
3.10282
3.04666
3.04056
3.01861
3.0581
3.09859
2.92164
3.11489
3.09846
3.12565
3.06827
3.05711
3.15069
2.90974
3.18537
3.08363
3.14824
3.06694
3.24699
3.16293
3.27854
2.78689
3.0905
3.12196
3.13148
3.29153
3.06804
3.17398
3.1107
3.153
3.09236
3.10147
3.08362
3.15876
3.19404
3.19398
3.09179
3.17284
3.10218
3.16668
3.07954
3.14465
3.1857
3.17032
3.0542
3.15334
3.12305
-1.23278
2.16492
0.010918
-1.01932
-0.315981
1.96589
2.39899
2.05793
2.20559
5.15026
3.20225
3.52057
4.81037
3.25824
5.09222
3.50214
4.88331
3.20351
0.360116
2.35897
0.801038
2.47802
0.781167
2.19082
2.72328
2.55378
1.5531
1.03921
3.03424
1.17644
2.72053
2.80711
3.58893
4.75383
3.29002
4.82248
3.53348
4.70662
3.40093
3.65293
4.63449
3.55663
4.79441
3.70647
4.67259
3.44141
3.03266
1.9024
2.26678
3.10387
2.20015
2.89862
3.27594
3.16989
2.66617
2.39365
3.43946
2.45859
3.25921
3.32564
3.80832
4.59094
3.59431
4.61765
3.76414
4.54169
3.68539
4.41554
3.85183
3.77367
4.58838
3.85496
4.48943
3.7118
3.40631
2.82654
2.99817
3.47191
2.97035
3.35087
3.52756
3.1486
3.49755
3.45719
3.43765
3.05932
3.06953
3.5329
4.37145
4.25482
4.27695
3.8591
3.79096
3.86999
3.82442
4.10067
3.85829
4.12864
3.79365
4.19282
3.82872
3.82472
3.36118
3.32661
3.31207
3.46392
3.30017
3.4258
3.39998
3.34085
3.33196
3.30499
3.43726
3.35821
3.29072
3.42165
5.77151
6.89945
6.72901
5.73633
5.70403
6.62016
5.84368
6.59137
6.82718
8.06281
7.31731
7.83623
7.37738
7.03043
7.99775
7.23828
7.97113
7.24437
6.32236
5.6431
5.32895
6.55127
5.5578
6.4725
6.34417
6.20824
5.37477
5.28311
6.06054
5.45758
6.07767
6.27418
7.69056
7.4655
7.52694
6.97105
6.95836
7.12532
6.74667
7.17873
7.37043
7.36291
6.84377
6.46025
6.68069
6.67367
6.1196
6.7499
6.52945
6.09489
6.72676
6.32903
6.35032
5.77979
5.28473
5.00339
5.98057
5.19939
5.93195
5.71354
4.9695
5.21668
5.43701
5.6214
4.96682
5.10765
5.63671
6.97797
6.54866
6.76247
6.36179
6.37888
6.51604
6.17938
6.34865
5.84696
6.29997
5.91131
6.53724
6.17492
6.1252
4.49181
4.22052
4.22898
4.50737
4.21001
4.77158
4.7666
4.55986
4.27282
4.38048
4.57097
4.32477
4.5371
4.60431
4.44787
4.22138
4.23739
4.19
4.46027
4.79667
4.74477
8.37005
8.89855
8.32495
8.62068
8.72387
8.85863
8.30622
8.44599
8.83715
9.49806
9.14801
9.3493
8.92373
9.42826
9.12268
9.48338
9.22558
9.09008
7.62199
7.99036
7.67569
8.11829
7.64737
8.08048
7.65795
7.67734
8.05725
7.69548
8.13469
7.67034
7.70285
8.13999
9.76411
9.44264
9.53873
9.75944
9.44852
9.91018
9.91457
9.756
9.46117
9.60138
9.77787
9.57152
9.74028
9.7879
9.71145
9.48686
9.42667
9.39436
9.74713
9.89623
9.86467
3.19499
3.24659
2.90511
3.27598
3.25505
3.18942
2.82044
3.25866
3.53303
3.43449
3.25909
3.32083
3.34482
3.24796
3.2387
3.20034
3.43661
2.83367
3.26917
3.62222
3.24972
3.15499
3.20225
2.93757
3.18879
3.02146
3.1185
3.29312
2.9859
3.12871
3.27554
3.1863
3.1441
3.1306
3.09852
3.24275
2.86828
3.47609
3.27794
3.23549
3.29555
2.28636
3.12796
4.25148
3.03164
3.14956
3.30138
3.09116
3.17621
2.95199
3.19691
3.26293
3.27386
3.67731
3.46434
3.2496
2.8067
3.26817
3.0747
3.20306
3.08389
3.20737
3.05075
3.0996
2.9177
3.34134
4.1166
0.61841
3.11251
3.27397
3.18017
3.12267
3.06078
3.14094
3.12593
3.19819
3.10654
3.21096
3.1623
3.12989
3.07313
3.22997
3.14798
3.12931
3.09428
3.23416
3.17077
3.15969
3.09801
3.17613
3.15395
3.13797
3.18547
3.24462
3.08525
3.21564
3.14217
3.09807
3.0844
3.09902
3.1238
3.16383
3.08081
3.13442
3.1876
3.14436
3.16013
3.13193
3.10823
3.16499
3.04411
3.15346
3.12099
3.06229
3.13587
3.09487
3.0734
3.08301
3.0503
3.40479
3.40137
3.2561
3.34101
3.17818
3.35203
3.38043
3.54465
3.842
2.99883
3.55003
3.57998
3.55051
3.53794
3.59123
3.56451
3.63068
3.16408
3.89264
3.53868
3.57361
3.87169
3.55898
3.88799
3.80209
3.49462
3.89406
3.80761
4.06547
2.75179
4.6451
4.06965
4.35276
4.12982
3.99728
3.85146
3.79183
4.14727
3.24894
3.4353
3.82771
3.8235
3.74606
4.1044
4.31692
3.68489
3.11198
3.69121
3.75621
4.02928
-0.470457
4.13702
4.07214
4.49499
3.96185
4.0571
3.67774
3.76883
3.80515
3.76361
4.036
3.31475
2.43638
3.76426
3.79973
3.47937
3.60673
3.51654
3.66083
3.51209
3.56018
3.63228
3.62178
3.86446
3.97037
3.83169
3.78201
3.78403
3.73577
3.77726
3.83262
3.66107
3.70089
3.55905
3.57064
3.54632
3.69144
3.68194
3.80593
3.98645
4.06814
3.84051
3.83145
3.9714
3.81367
3.6465
3.62835
3.73312
3.56464
3.67485
3.54167
3.69091
3.79925
3.88231
3.94943
4.05668
3.81961
3.83696
3.9479
3.33595
3.2185
3.39273
3.51098
2.83132
3.36279
3.6468
3.37882
3.39186
3.00633
3.16289
3.28109
3.13673
3.12199
4.68725
3.27113
3.23741
3.18375
3.21754
3.30212
3.20566
3.09128
3.28015
-0.453411
4.99699
3.75932
3.43762
3.74621
3.52966
3.38879
3.4808
3.443
3.3823
3.3635
3.31459
3.46632
3.32837
3.40297
3.3022
3.42759
3.34246
3.3324
3.30376
3.43537
3.35669
3.29213
3.42227
3.33052
3.28113
3.16943
3.18278
3.24292
3.21103
3.16323
3.25907
3.22889
3.22815
3.23939
3.21616
3.21348
3.27095
3.27319
3.23453
3.27934
3.23729
3.23553
3.30472
3.21624
3.26468
3.252
3.61346
3.49845
3.48275
3.59426
3.47405
3.55678
3.58464
3.4953
3.58014
3.49152
4.70446
4.61869
4.36918
4.66658
4.13693
4.59938
4.76742
4.85229
5.38478
5.53063
5.01868
5.0223
4.87824
5.05179
4.93121
5.18273
5.30283
4.44742
5.57024
5.03086
5.02747
4.69795
5.07368
4.81928
4.69313
4.54959
5.04916
4.75255
5.65184
5.44014
5.41802
5.75898
5.39367
5.77388
5.68019
5.87981
5.51162
5.92618
5.74511
4.65397
5.89659
5.67731
5.85133
7.39783
5.90747
6.49416
6.05734
6.3158
6.03338
6.28189
6.02448
5.65101
5.459
6.15323
6.1799
5.14412
5.54545
5.69897
5.95899
5.98511
5.17438
5.32346
5.57922
5.2922
5.54832
5.44975
6.8433
1.04805
5.16401
5.65156
4.80313
4.79564
5.09907
5.20025
5.1973
4.79595
4.80413
4.78446
5.20614
4.79373
5.04993
4.82781
5.16166
4.7696
5.86322
5.55044
5.91481
5.56184
5.89912
5.48154
5.87291
6.14545
6.60674
6.17842
6.51666
6.13808
6.17364
6.50106
6.16985
6.1675
6.12494
6.17015
5.92339
5.59957
5.53158
5.91804
5.52697
5.9181
5.92563
5.48762
5.7885
5.36171
5.43085
5.76721
5.40147
5.46389
5.83226
5.4644
5.82866
4.56259
4.27534
4.38285
4.57345
4.60723
4.32692
4.53982
4.49026
4.21857
4.22807
4.50292
4.21076
4.76789
4.76593
4.45067
4.2395
4.22372
4.46336
4.19219
4.79957
4.747
7.83373
7.65896
7.79868
7.72756
7.66733
7.64541
7.90561
7.98008
8.08763
7.85324
8.04683
7.97683
7.89123
8.13657
8.0902
8.30716
8.16727
8.05864
8.26086
8.15412
8.23982
8.90559
8.84493
8.7783
8.84203
8.76653
8.97406
8.76723
9.00423
8.78971
9.15547
8.9878
9.09384
9.18525
8.91975
8.83789
8.61507
8.84302
8.53678
8.70814
8.70345
8.76194
8.42381
8.81507
8.64977
8.23845
8.2379
8.33247
8.49014
8.75574
6.98906
8.87813
9.05026
8.9833
8.82857
8.9894
8.80739
8.77565
8.65849
8.52666
8.57073
8.521
8.08884
8.4477
8.66782
8.60129
8.23473
8.36169
8.61117
8.28868
8.55489
8.68359
8.78513
8.79553
9.23682
9.06521
8.83291
8.81534
9.09441
8.93506
8.96729
8.79685
8.78966
8.53286
8.42105
8.42986
8.79599
8.78829
9.00636
9.27252
9.34486
8.95679
8.96572
9.27902
8.99788
8.73503
8.40931
8.77823
8.48
8.77077
8.37006
8.74422
8.95351
8.94291
9.24847
9.29252
8.97855
8.91161
9.22292
7.46505
7.46966
7.13325
6.97231
6.72476
6.96166
7.56446
6.85579
7.07432
7.09895
6.76349
6.70679
6.63502
7.09545
8.47283
7.32819
7.28932
7.17919
6.85903
6.92036
6.92277
7.18769
7.24358
5.82673
8.94946
8.15691
8.03133
8.42344
8.19385
8.10288
8.50138
8.22115
8.53896
7.62254
7.67435
8.11859
7.99248
7.65611
7.6479
8.08267
7.67506
8.05529
7.69394
8.13295
7.66886
7.70085
8.13866
7.66573
7.62885
7.28747
6.92054
6.86386
6.82479
7.31578
7.43109
7.10594
7.01498
7.43372
7.10993
7.43781
7.42759
7.37734
7.40864
7.09934
6.95752
7.05908
7.41597
7.37257
7.67779
7.68379
8.73085
8.31658
8.40706
8.73731
8.41452
8.39499
8.70803
8.25984
8.67617
8.36014
9.69503
9.58267
9.69121
9.64671
9.58717
9.59116
9.74162
9.73412
9.78134
10.0378
9.83527
9.75069
9.67422
9.88561
9.79035
9.96635
9.87444
9.80396
9.89373
9.83969
9.82885
9.77065
9.98156
9.95983
9.7544
9.75933
10.0602
9.71686
10.1737
10.2369
10.3066
10.042
10.2558
10.1571
10.0555
10.064
10.1942
10.1172
10.2529
9.9857
10.1631
9.49657
9.97676
10.1117
9.87718
9.92321
10.1041
10.1465
10.1511
9.92932
9.87141
9.82814
10.1384
9.90657
10.0593
9.85771
10.1081
9.88288
10.3898
10.2581
10.3648
10.2974
10.3966
10.3992
10.237
10.3725
10.1363
10.2112
10.3409
10.181
10.249
10.3777
10.253
10.3805
9.75576
9.46185
9.60005
9.7758
9.7865
9.5716
9.7399
9.76292
9.44029
9.53769
9.75638
9.44826
9.90746
9.9137
9.71119
9.42509
9.48685
9.74548
9.39442
9.89452
9.86423
-2.87432
-3.02328
-2.87421
-2.8768
-3.04719
-2.83475
-1.99519
-2.00844
-1.77298
-1.9028
-1.59169
-1.44835
-1.79025
-1.58248
-1.86438
-2.66142
-2.74534
-2.75358
-2.7862
-2.67069
-2.74982
-2.72666
-2.01943
-2.04598
-1.73272
-1.49066
-1.35496
-1.83618
-1.48725
-1.73839
-1.84695
-2.60624
-2.7245
-2.80041
-2.87829
-2.69704
-2.60945
-2.8543
-3.19761
-4.42124
-2.46489
-2.79652
-3.36048
-3.10554
-2.17277
-1.85222
-1.3991
-1.14657
-0.618431
-2.06734
-0.705314
-1.15083
-1.27475
-2.2874
-2.68807
-2.97742
-2.28675
-2.3953
-2.70472
-2.49411
-1.92436
-1.365
-1.64689
-1.36483
-1.60289
-1.57705
-2.02052
-2.82474
-2.65688
-2.70916
-3.05704
-2.44307
-2.87891
-3.09472
-1.52305
-1.27633
-0.667183
-0.85022
-0.321643
-0.834686
-0.0955186
-0.776742
-0.823385
-1.48439
-1.06905
-0.810791
-1.30241
-0.592843
-1.08458
-0.408857
0.247482
-0.00539959
-0.407357
0.0344534
-0.2561
-0.496354
0.413326
0.379965
0.937569
0.640496
0.565149
0.801225
0.207668
-0.100101
-0.701254
-0.749303
-0.583388
-0.530171
-0.328624
-0.337994
0.151344
0.431378
0.42696
-0.224969
0.602602
0.0214241
-0.0159987
3.11508
3.17813
3.16575
3.14262
3.13214
3.11885
3.21796
3.15195
3.19875
3.09703
3.14913
3.15351
3.17582
3.12676
3.1875
3.11024
3.18273
3.15216
3.23642
3.17139
3.08282
3.22532
3.14757
3.10647
3.19163
2.96745
3.23483
3.27719
3.18828
2.9408
3.24181
3.25566
2.48534
3.22902
3.56168
3.39993
3.22663
3.19861
3.19396
3.2484
3.45491
2.86531
2.94448
3.26992
3.19552
3.07987
3.21793
3.21387
3.43039
3.23822
3.5442
2.90169
3.21787
3.24946
3.293
1.14928
3.24527
3.31913
3.48474
3.24485
3.2567
3.00967
3.27103
3.21623
3.1408
3.13331
3.13712
3.16557
3.03444
3.29483
3.11969
3.14222
3.20016
3.15824
2.97408
3.21849
3.24679
3.39187
2.94181
2.53118
3.25671
3.20521
3.12776
3.10559
3.08535
3.11249
1.22883
3.27918
3.90466
3.25801
3.13141
3.22751
3.10874
3.08837
2.97962
3.12005
-3.64377
-4.48599
-4.27817
-5.07613
-4.67521
-4.74649
-3.90706
-3.47124
-3.49639
-3.82076
-3.24574
-4.11399
-3.8626
-3.91017
-3.40168
-3.75365
-3.73544
-3.53433
-4.15155
-3.72048
-4.35923
-4.90432
-4.45666
-4.06405
-4.65117
-4.60313
-4.09053
-2.6587
-3.29409
-3.91264
-5.29357
-3.98749
-4.448
-3.6521
-2.82403
-3.67208
-3.59222
-3.18398
-4.20942
-3.18506
-3.32972
-2.01974
-2.44133
-3.09383
-2.17274
-3.64485
-2.80417
-4.03032
-4.96499
-3.93679
-3.81009
-4.65243
-4.36043
-3.56578
3.17842
3.1232
3.14155
3.05958
3.10505
3.19882
3.1245
3.20894
3.16099
3.07191
3.12793
3.12787
3.14651
3.22774
3.09224
3.15776
3.23159
3.16913
3.17366
3.15222
3.09588
3.08237
3.1003
3.13586
3.18349
3.2418
3.08343
3.21317
3.09629
3.1397
3.07846
3.13253
3.18925
3.14514
3.15765
3.10977
3.13039
3.12202
3.16176
3.15141
3.16344
3.04275
3.11957
3.06092
3.13389
3.09579
3.07448
3.08148
3.04867
3.17204
3.27093
3.23921
2.90629
3.21847
2.93717
3.18175
3.28797
3.29056
3.17794
2.88153
3.23123
3.5019
3.1972
3.24658
3.21309
3.46233
2.78652
3.25341
3.26677
3.18678
3.1917
3.24448
3.27325
2.90092
3.25172
3.18618
2.81625
3.25614
3.53139
3.25576
3.43177
3.24547
3.31869
3.34325
3.15365
3.1991
3.18598
2.9369
3.28938
3.11748
3.01999
3.23652
3.19786
3.43504
2.82941
3.26692
3.24758
3.6213
2.98339
3.27172
3.18257
3.12649
3.09341
3.14135
3.12852
3.02786
3.14644
3.29716
3.08682
3.17236
3.193
2.94921
3.24018
2.86308
3.2751
3.47406
3.23232
3.29317
2.27975
3.12478
4.25028
3.07171
3.19946
3.26074
3.27195
3.67602
3.46201
3.24752
3.26581
2.80182
3.20445
3.0465
3.08168
3.09782
2.91623
3.34015
4.11678
0.605543
3.10952
3.27071
3.1402
3.14021
3.24008
3.11358
3.19693
3.13228
2.9896
3.25454
3.50274
3.11998
1.02554
3.30182
4.02631
3.11222
2.94245
3.23412
3.10896
3.07861
3.08836
3.19949
3.06244
3.66022
3.70377
3.57319
3.55804
3.68508
3.54433
3.69163
3.80522
3.99006
3.84247
4.06869
3.81567
3.83052
3.97257
3.77522
3.83012
3.64425
3.62543
3.56282
3.7306
3.53951
3.67182
3.68884
3.79755
3.88033
4.05434
3.94638
3.83527
3.81761
3.94539
3.36295
3.29518
3.30622
3.26272
3.30047
3.26549
3.37555
3.51111
3.55026
3.60099
3.46183
3.51113
3.54129
3.59682
3.52211
3.589
3.61393
3.36968
3.57299
3.53531
3.60075
3.39774
3.39424
3.33187
3.24858
3.34464
3.37272
3.17103
3.53733
3.83599
3.54449
2.99214
3.53205
3.54393
3.57454
3.58383
3.5588
3.62422
3.15689
3.5308
3.56773
3.88607
3.86618
3.55125
3.803
3.88255
3.88849
3.79727
3.48722
4.05902
2.74436
4.06458
4.64024
3.99116
4.12317
4.34766
3.84632
3.78422
4.14081
3.24202
3.82079
3.81801
3.42831
3.67382
3.76543
3.74094
4.09672
3.67879
4.31156
3.68463
3.7499
3.10495
4.02477
-0.481669
4.06573
4.13169
3.95609
4.04968
4.4899
3.47541
3.60137
3.65728
3.51229
3.55575
3.5069
3.62913
3.61782
3.86134
3.82874
3.96611
3.78097
3.77737
3.73177
3.79956
3.75689
4.03029
3.30789
3.75765
3.79451
2.42812
3.32809
3.27907
3.25817
3.23027
3.24132
3.22562
3.2144
3.21149
3.27228
3.1676
3.18091
3.24017
3.20871
3.16118
3.26628
3.25066
3.27136
3.23161
3.23468
3.27686
3.23345
3.21386
3.3027
3.61687
3.48507
3.4971
3.47358
3.5947
3.55418
3.49344
3.58191
3.48967
3.57815
3.31866
3.33466
3.42858
3.14803
3.42892
3.16335
3.3668
3.37786
3.66971
3.41129
2.20342
3.3945
2.93942
3.38518
3.49164
3.7964
3.51706
2.92065
4.06594
3.53516
3.53632
3.49086
3.52154
3.94023
3.82498
3.63933
3.57584
3.52146
3.33086
3.21442
3.00339
3.15867
3.27633
3.13173
3.11748
3.38747
3.50581
3.3581
2.82498
3.37475
3.38717
3.64143
3.2341
3.17816
3.29722
3.21187
3.20096
3.27592
3.0872
4.68065
3.2651
-0.461321
3.75435
4.98998
3.73878
3.43065
3.52505
3.47672
3.38424
3.37967
3.43911
4.80212
4.79765
5.20402
5.10089
4.79535
4.80618
5.1983
4.78176
5.20427
5.04873
4.79123
4.76756
5.16042
4.8243
5.86421
5.56251
5.54997
5.91488
5.48252
5.87343
5.8998
6.17401
6.17124
6.14739
6.60747
6.18164
6.51666
6.14138
6.50118
6.17633
5.92531
5.60082
5.53544
5.92217
5.52744
5.92914
5.92083
6.12643
6.17145
5.36177
5.48628
5.78797
5.43047
5.76733
5.40191
5.46843
5.837
5.46632
5.8316
4.87473
4.78867
4.67791
4.44791
4.70981
4.54204
4.81279
5.26307
5.3424
5.44397
5.01854
5.29229
5.55319
5.38886
5.16083
5.22309
5.41128
4.76802
5.18018
5.09683
5.28719
4.69637
4.61489
4.6604
4.3644
4.593
4.76042
4.13196
4.84773
5.38161
5.0145
5.52703
5.04803
4.87348
5.0182
4.69586
5.0724
4.69105
4.81851
4.75073
5.04806
4.54746
4.92706
5.17953
5.29907
4.44287
5.0268
5.02381
5.56715
5.65337
5.41348
5.75995
5.43927
5.6792
5.39097
5.77636
5.9085
6.49867
6.05765
6.31842
6.03439
6.02548
6.28627
5.88043
5.50952
5.74492
5.92318
5.89755
5.6766
4.6518
5.85093
7.3977
5.96027
5.98574
5.65007
5.45705
6.15055
6.17878
5.54376
5.69829
5.14131
5.32209
5.57938
5.17305
5.29147
5.55055
5.44701
6.84177
1.03923
5.16096
5.65044
4.47443
4.21575
4.29625
4.38783
4.48292
4.24118
4.33295
4.47808
4.88995
4.0625
-0.260863
4.38752
6.30323
4.55773
4.22928
4.1713
4.12711
4.29217
4.04119
4.66219
4.60431
8.79754
8.79212
8.42348
8.53359
8.79071
8.42967
8.79741
9.00705
9.27531
8.95904
9.34584
9.00005
8.96594
9.28026
8.93471
8.9686
8.73415
8.40877
8.4783
8.7787
8.36673
8.77208
8.74338
8.95356
8.94424
9.29253
9.2499
8.91117
8.97998
9.22303
8.07266
7.8889
7.81001
7.90981
7.89156
7.9844
7.97528
8.3939
8.48128
8.61719
8.46779
8.45689
8.39546
8.54823
8.31497
8.39896
8.2751
8.34967
8.33323
8.23193
8.47434
7.82138
7.66908
7.73949
7.80408
7.64584
7.89494
7.67141
7.98243
8.09041
8.04427
7.85526
8.13393
7.88996
7.98022
8.08775
8.30392
8.17044
8.06066
8.15729
8.23622
8.26415
8.90604
8.84547
8.83904
8.77854
8.97347
8.76629
8.76724
9.00342
8.79019
8.98745
9.15618
8.91913
9.18484
9.09433
8.83727
8.61339
8.84386
8.53777
8.70226
8.76144
8.70893
8.8103
8.7774
8.4233
8.81683
8.23791
8.65161
8.3326
8.48944
8.23906
8.75537
6.98985
9.05
8.87908
8.82818
8.98904
8.98428
8.60412
8.23601
8.61297
8.36508
8.55625
8.29202
8.68674
8.78744
8.79653
9.06696
9.23967
8.81659
8.83513
9.09753
8.6577
8.52637
8.57234
8.52209
8.44685
8.66704
8.09012
7.66657
7.62782
7.43413
7.10774
7.43519
7.01859
7.1134
7.44015
7.42971
7.28571
6.92045
6.86637
6.82648
7.31447
7.67978
7.68661
7.37589
7.40856
6.95814
7.10031
7.0594
7.37131
7.4153
8.73356
8.40934
8.31688
8.41579
8.73885
8.39516
8.25767
8.70842
8.35838
8.67495
7.52396
7.51037
7.95621
7.81924
7.51413
7.43469
8.00054
7.34998
7.42656
7.09927
6.41704
7.18641
7.08439
7.3306
7.68009
7.95008
8.00919
7.51192
8.07425
7.79193
7.778
7.56482
7.77063
7.86197
8.22515
7.65917
7.50246
7.83369
7.4687
7.47357
7.10442
6.76806
6.70959
6.63868
7.09952
7.1324
6.97377
6.9625
6.72606
6.85664
7.07432
7.56654
7.29482
7.18226
6.92476
6.86401
6.92807
7.24802
7.19237
8.47515
7.32777
5.82912
8.15671
8.95192
8.42279
8.0303
8.19648
8.50355
8.10606
8.54252
8.22472
9.87758
9.92538
10.149
10.1052
9.93003
9.87355
10.152
9.82836
10.1393
10.0595
9.90797
9.88343
10.1082
9.85926
10.2584
10.3905
10.3651
10.2983
10.399
10.4007
10.1362
10.2376
10.3733
10.2115
10.3413
10.1814
10.2515
10.3804
10.254
10.382
9.6873
9.71696
9.77642
9.96275
9.94281
9.8856
9.69303
9.58201
9.64467
9.69008
9.58937
9.73945
9.58628
9.73259
9.78054
9.83355
10.0366
9.88385
9.67289
9.74973
9.77172
9.98104
9.75456
9.96041
9.71731
10.0604
9.76039
9.78859
9.9643
9.87318
9.80294
9.8379
9.82706
9.89255
10.2355
10.1735
10.3066
10.0399
10.2541
10.1551
10.0628
10.1927
10.0555
10.1173
10.2531
9.98372
10.1613
9.49634
9.97471
10.1096
9.70952
9.4111
9.42974
9.57902
9.62662
9.47976
9.64946
9.46295
9.42475
9.20429
8.01081
9.25827
9.9614
9.64042
9.61362
9.26812
9.37875
9.55418
9.28644
9.71883
9.76878
3.1965
2.97144
3.27874
3.23702
3.19399
3.24322
2.94437
3.25857
2.48977
3.56264
3.23284
3.2025
3.40154
3.22972
3.1983
3.45559
2.86859
3.25119
3.27096
2.94807
3.19974
3.21649
3.4314
3.54369
3.24007
2.90416
3.21936
3.25223
3.29555
1.15505
3.32074
3.24905
3.486
3.2481
3.26084
3.22184
3.3919
2.94477
3.24831
2.5349
3.25882
3.20902
3.08005
3.22073
3.00911
3.14141
3.27493
3.21854
3.13833
3.13698
3.16541
3.03463
3.14238
3.29799
3.12335
3.15811
3.20298
2.97393
3.11554
3.1786
3.14288
3.16631
3.13288
3.11909
3.21844
3.15272
3.14941
3.19967
3.09757
3.15414
3.17775
3.12692
3.18857
3.11213
3.18296
3.15288
3.17212
3.23848
3.08452
3.1495
3.22627
3.10708
1.23543
3.90371
3.27962
3.13385
3.26085
3.08821
3.22963
3.11182
3.12027
2.9792
3.1279
3.10571
3.08674
3.11268
3.15992
3.19552
3.0935
3.19579
3.1678
3.10338
3.17412
3.06882
3.17416
3.11134
3.09216
3.15412
3.1009
3.08482
3.15508
3.12429
3.0804
3.18795
3.14563
3.05546
3.17152
-2.26615
-2.8789
-2.49828
-2.35902
-2.57776
-2.0402
-2.84805
0.302107
0.333171
-0.0183166
0.156761
0.27518
0.431641
0.0139707
1.97734
1.96638
1.8239
1.88475
1.96547
2.01617
1.84027
2.7421
2.72468
2.66765
2.69785
2.72948
2.75769
2.68194
3.06614
3.06072
3.02368
3.05385
3.04398
3.08033
3.04623
1.07039
0.316013
0.841147
-0.0475816
1.04606
0.22845
0.877261
2.37837
2.01684
2.24181
1.875
2.36422
2.03503
2.25632
3.07253
2.88374
3.00303
2.83943
3.06058
2.91236
3.01734
5.76624
5.44967
5.82514
5.49793
5.77146
5.44176
5.82521
5.36934
5.10394
5.40074
5.14594
5.34786
5.10608
5.41624
-1.76747
-2.63271
-2.21937
-1.81612
-2.26351
-1.63931
-2.47532
-1.60323
-1.89201
-1.28199
-1.09822
-1.91216
-1.67443
-1.32631
0.142849
-0.399245
-0.055201
0.14247
0.0158253
0.359006
-0.210619
0.435215
0.796073
0.433691
0.27513
0.491788
0.629341
0.588817
1.70409
1.76094
1.52305
1.70043
1.61581
1.83597
1.54333
2.09341
1.91105
1.97716
1.86442
1.98826
2.03497
1.98348
2.58198
2.6081
2.5098
2.59367
2.53737
2.64585
2.52574
2.76903
2.67735
2.71639
2.66961
2.7275
2.73551
2.71501
2.98897
2.99721
2.95219
2.99279
2.96538
3.01965
2.96214
3.07376
3.02845
3.03782
3.02384
3.05021
3.05411
3.04727
3.15523
3.16003
3.16135
3.10405
3.14718
3.17379
3.1415
3.08878
3.1564
3.17085
3.19702
3.1758
3.18472
3.17908
3.46882
2.92822
3.19766
3.18337
3.28106
3.23668
3.28222
-3.20616
-3.24918
-3.57345
-3.61886
-2.73617
-3.28797
-3.00572
-2.1243
-1.73973
-2.48411
-2.98587
-1.54526
-2.54379
-1.90792
-3.53955
-3.52119
-3.64355
-4.19139
-3.54402
-3.48021
-3.6133
-0.565397
-0.643494
-0.356038
-0.128091
-0.311683
-0.691381
-0.423949
-1.73518
-1.63818
-0.671552
-1.15788
-0.802275
-1.34667
-2.08778
0.4005
0.745828
0.904451
1.1096
0.466194
0.711095
0.856265
1.4947
1.49405
1.65578
1.71723
1.66298
1.48297
1.55561
1.24677
1.01322
1.56979
1.35383
1.56148
1.2454
0.995928
2.17737
2.27109
2.34228
2.4653
2.14369
2.30427
2.35554
2.53197
2.51281
2.59314
2.62501
2.6059
2.51668
2.55358
2.52975
2.39218
2.64827
2.57196
2.66078
2.49593
2.42596
3.03752
2.92914
2.95366
2.98867
2.89858
2.97736
3.0041
2.98381
2.9683
2.99521
3.02234
3.0071
2.96635
2.99204
3.10187
3.09774
3.11994
3.0656
3.00934
3.05257
3.04007
3.14345
3.26174
3.2507
3.22128
3.25868
3.25718
3.23237
3.07167
3.19225
3.16475
3.15171
3.16553
3.07141
3.17503
2.97719
3.27471
3.2766
3.28148
3.30105
3.34905
3.25634
3.76525
2.22469
3.31924
3.295
3.26759
3.33002
3.53979
-0.490964
0.482961
0.618355
-0.34971
0.654466
0.412514
-0.60452
4.60646
4.56263
5.02563
5.01287
4.59141
4.57517
5.05381
1.97272
1.49894
2.10292
1.68823
2.11532
1.9594
1.48898
4.52309
4.5367
4.9149
4.96786
4.93134
4.51565
4.54679
4.4539
4.42933
4.77369
4.75283
4.44021
4.43709
4.7807
2.87963
2.63444
2.93426
2.75421
2.94766
2.8621
2.66927
4.4159
4.418
4.69662
4.72806
4.70316
4.40815
4.43018
4.53161
4.35974
4.33274
4.52647
4.34509
4.33099
4.57237
3.27199
3.21798
3.30105
3.28125
3.16989
3.25952
3.19746
4.36676
4.51229
4.48698
4.29387
4.31782
4.2953
4.30877
4.50983
3.90171
4.25402
4.19791
4.27271
4.17825
4.25457
5.9439
5.60817
5.8838
5.54586
5.88135
5.94196
5.6074
7.7797
7.65173
7.60457
7.85686
7.67524
7.58023
7.85219
5.51691
5.22407
5.45571
5.18532
5.46764
5.50683
5.2282
7.63271
7.71704
7.65947
7.44001
7.52818
7.45636
7.50859
7.17176
7.18204
7.25882
7.06743
6.98691
7.08579
6.99986
4.94089
4.85866
5.04815
5.11665
4.90348
4.99986
4.90946
6.75535
7.09766
7.01537
6.80564
6.92097
6.8644
6.90142
6.78962
5.52063
6.35434
6.24706
6.57582
6.36436
6.58836
8.24263
8.09157
8.25862
8.33409
8.17682
8.31597
8.16348
9.33448
9.2949
9.33953
9.22789
9.38532
9.27928
9.28121
0.27841
0.402139
0.556605
0.74471
0.411717
0.503486
0.594391
1.66233
1.68819
1.72078
1.48836
1.8006
1.53923
1.57147
2.06588
1.85346
1.87099
1.94552
1.95021
1.97641
1.99762
2.56583
2.57866
2.58881
2.48843
2.62973
2.51102
2.51537
2.75557
2.65723
2.66114
2.70201
2.70202
2.71355
2.72171
2.97992
2.98235
2.9895
2.94336
3.01056
2.95173
2.95697
3.06627
3.01481
3.02146
3.03096
3.03977
3.04122
3.04776
3.15009
3.15572
3.15778
3.09987
3.16959
3.1359
3.14334
3.15171
3.08556
3.16629
3.19323
3.17253
3.17515
3.18181
3.19328
3.46764
2.92459
3.27841
3.17879
3.23336
3.28018
-2.3162
-2.20647
-2.79418
-2.00182
-2.78646
-2.44855
-2.50188
-0.14265
-0.570265
-0.431507
-0.63223
-0.367
-0.310447
-0.692405
-1.11699
-1.71015
-2.05758
-1.58821
-0.648583
-0.749226
-1.3263
0.376962
1.10291
0.713066
0.879663
0.683642
0.856869
0.436697
0.138198
0.292873
0.306069
-0.038259
0.250791
0.401723
0.00403399
1.48013
1.68812
1.4532
1.62048
1.52445
1.64638
1.44682
1.21663
1.34251
0.977239
1.53707
0.96866
1.54411
1.20794
2.15477
2.4421
2.24159
2.31429
2.28179
2.33565
2.11212
1.95784
1.85719
1.93166
1.79014
1.93303
1.99014
1.82259
2.51688
2.60929
2.48997
2.5746
2.53836
2.5894
2.49602
2.51113
2.55091
2.36615
2.62524
2.40909
2.63699
2.47203
3.02129
2.91662
2.93985
2.97423
2.96357
2.98949
2.88373
2.72722
2.6853
2.71007
2.65086
2.71525
2.74446
2.66744
2.97352
3.01407
2.95963
2.98703
2.98339
2.99719
2.95743
3.08544
3.09073
3.10713
3.05342
2.9969
3.02834
3.0412
3.25855
3.13323
3.2389
3.2051
3.25516
3.23813
3.25045
3.05756
3.04669
3.05401
3.01602
3.03678
3.07337
3.03743
3.18831
3.06757
3.16008
3.14679
3.16155
3.17069
3.06713
3.26701
2.9719
3.27079
3.27916
3.29738
3.25182
3.34514
3.31612
3.76252
2.21774
3.29235
3.26335
3.32664
3.53651
-0.363004
-0.514435
-0.630339
0.491915
0.623282
0.665998
0.425117
4.57766
4.9801
4.52165
4.99591
4.53995
5.02874
4.55003
-0.0745468
1.05786
0.293946
0.829416
1.02783
0.207131
0.866634
1.95105
1.65859
1.46523
2.07703
1.4634
2.09451
1.93001
4.49148
4.94087
4.49703
4.88369
4.52053
4.90016
4.47663
4.42579
4.72701
4.39928
4.7433
4.40924
4.75622
4.409
2.35669
1.8497
1.98432
2.21769
2.34136
2.01021
2.23886
2.85237
2.72926
2.60861
2.91219
2.64288
2.91405
2.84112
4.39194
4.71061
4.39018
4.67003
4.40662
4.685
4.38189
4.53714
4.34047
4.3232
4.51786
4.3259
4.56548
4.3318
3.03213
2.8187
2.86286
2.98188
3.03894
2.88997
2.98658
3.20474
3.26015
3.28954
3.27613
3.15828
3.18682
3.24768
4.49848
4.36306
4.47987
4.29223
4.31118
4.30833
4.29117
4.24489
4.50406
3.89806
4.18841
4.26317
4.16641
4.25045
5.92393
5.52296
5.58255
5.86696
5.58659
5.85519
5.92621
7.77895
7.66555
7.61493
7.86251
7.59322
7.85666
7.68412
5.73807
5.47879
5.42433
5.80817
5.75289
5.4192
5.80304
5.49382
5.15698
5.19806
5.43071
5.20387
5.42867
5.48354
7.71656
7.63498
7.62894
7.45393
7.54093
7.53702
7.4688
7.17653
7.17567
7.26849
7.08106
6.99764
6.99716
7.0987
5.3441
5.12349
5.07925
5.37824
5.32503
5.08169
5.40176
4.85533
4.93009
5.04159
5.11714
4.8888
4.89462
4.98654
7.10089
6.75657
7.01039
6.82346
6.93028
6.90967
6.87136
6.35461
6.78887
5.52205
6.24735
6.5767
6.36512
6.58798
8.09109
8.24623
8.274
8.331
8.1756
8.15669
8.31795
9.33892
9.33435
9.29468
9.22654
9.38398
9.27722
9.28097
-4.61271
-3.71824
-4.37333
-4.76172
-5.19069
-4.87797
-1.89426
-2.08754
-1.86395
-1.37069
-2.20206
-1.67615
-1.71531
-3.0809
-2.73808
-2.68141
-3.31807
-2.72992
-3.18535
-2.82433
-2.27958
-1.89653
-2.25875
-1.89382
-2.27693
-1.84537
-2.35831
0.581248
0.614746
0.818771
0.930136
0.568841
0.695355
0.834149
0.35075
0.0150795
0.417148
0.0746268
0.3214
0.0308086
0.384897
0.650141
0.953607
0.875927
0.711939
0.620522
0.911773
0.688619
2.12268
2.10282
2.22015
2.26196
2.10384
2.15489
2.23239
2.06331
1.8802
2.07813
1.95652
2.02067
1.9236
2.08967
2.1977
2.33377
2.26984
2.20811
2.1553
2.30983
2.22501
2.80274
2.78563
2.83957
2.86467
2.78999
2.81479
2.84966
2.80403
2.7107
2.80087
2.75682
2.77235
2.74306
2.81088
2.86179
2.91043
2.88201
2.85757
2.83253
2.90923
2.86881
3.09005
3.08666
3.07131
3.12932
3.06219
3.10026
3.11762
3.10653
3.07451
3.07065
3.09837
3.10192
3.09287
3.11336
3.13289
3.1537
3.14838
3.07114
3.13087
3.15428
3.13784
-0.150143
-1.25599
0.0547074
1.27538
2.37162
1.36527
1.2645
0.581783
1.43972
0.774314
1.25043
0.507273
1.45454
1.98098
1.84899
2.59575
2.5925
1.97413
1.85253
2.66965
2.10772
2.81237
2.22356
2.67942
2.10277
2.23585
2.73475
2.5014
2.16534
2.58879
2.32181
2.48457
2.18994
2.60348
2.85836
2.75194
3.18187
3.14373
2.83622
2.77515
3.19783
2.94455
3.30007
2.99188
3.23989
2.91908
3.01464
3.25449
3.12794
2.95434
3.16053
3.04003
3.11516
2.98048
3.17532
3.35401
3.28584
3.50788
3.5
3.32913
3.31131
3.53077
3.39235
3.57526
3.40408
3.5284
3.36964
3.41933
3.55595
6.13789
5.79227
6.1444
6.88165
6.63804
6.61079
5.71542
5.40021
5.66519
5.34829
5.71606
5.3991
5.66229
6.20806
6.28989
6.49131
6.5493
6.22615
6.2767
6.48418
6.14932
6.3623
6.09854
6.42158
6.15976
6.08527
6.42293
5.31391
5.06268
5.22714
5.02516
5.28916
5.06403
5.26986
5.73224
5.7917
5.92146
6.03669
5.7368
5.78766
5.973
5.66449
5.84577
5.61379
5.8291
5.67683
5.61064
5.89051
8.51212
8.34041
8.48891
8.89474
8.7908
8.76903
-4.60772
-3.26414
-2.50513
-3.36717
-2.78909
-3.08849
-1.15832
-2.14091
-1.29831
-1.41176
-0.606732
-0.690928
-1.15672
-2.76808
-2.33054
-2.57195
-2.33197
-3.04599
-2.43489
-2.76143
-1.27745
-1.53736
-2.14724
-1.82612
-1.90321
-1.34252
-1.61398
-1.5591
-1.57659
-2.00036
-2.82749
-3.04618
-2.64639
-2.72058
-2.86301
-2.44566
-3.0971
-2.86928
-3.02355
-2.86999
-3.04082
-2.87507
-2.8228
-1.90025
-1.58507
-1.78639
-1.76568
-1.43949
-1.57381
-1.85463
-2.74596
-2.748
-2.66751
-2.65805
-2.78334
-2.7447
-2.72653
-2.0414
-2.0101
-1.97815
-2.00323
-1.71827
-1.34243
-1.48512
-1.82525
-1.73433
-1.4755
-1.82403
-2.58717
-2.7877
-2.71866
-2.88075
-2.60659
-2.68181
-2.83727
-0.858648
-0.295855
-0.773894
-0.666494
-0.070405
-0.832114
-1.52089
-0.816863
-1.09238
-0.818189
-1.07902
-1.31774
-0.585868
0.0253618
-0.394989
-0.491275
-0.397037
0.281355
0.0673089
-0.240119
0.403029
0.683649
0.227677
0.42561
0.984071
0.842349
0.567247
-0.707786
-0.580395
-0.327213
-0.0906992
-0.751609
-0.311005
-0.520515
0.470934
-0.211153
-0.000848837
0.175383
0.469372
0.645044
0.0335675
0.622185
0.928835
1.13746
1.1728
1.29752
0.802375
0.774577
1.00536
0.696507
1.06341
0.939177
0.727295
0.870306
1.19347
1.11268
1.28654
1.58478
1.20494
1.46532
1.04478
1.26289
1.73047
1.84467
1.86939
2.06017
1.71153
1.9707
1.85605
1.54076
1.33054
1.26995
1.15339
1.43874
1.37966
1.34179
1.57317
1.73052
1.73021
1.39547
1.5495
1.84098
1.43228
2.10464
1.98396
2.20278
2.18104
2.25754
2.09791
2.00153
2.22013
2.10993
2.2628
2.23022
2.12915
2.15989
2.31138
2.23435
2.43865
2.30697
2.31092
2.37016
2.21532
2.31841
2.58411
2.63481
2.6241
2.72053
2.56868
2.67047
2.64195
2.4945
2.42022
2.36656
2.34741
2.45224
2.41868
2.4299
2.49514
2.53344
2.55083
2.40831
2.48831
2.5925
2.42609
2.76272
2.70087
2.79444
2.78461
2.82637
2.75496
2.71464
2.82477
2.77588
2.84053
2.83597
2.78842
2.79281
2.87024
2.82083
2.91391
2.84509
2.85391
2.8783
2.80931
2.8608
2.97701
3.00016
2.99514
3.04234
2.97061
3.01785
3.00472
2.95244
2.91295
2.88753
2.88403
2.92673
2.91497
2.92182
2.94026
2.95545
2.96138
2.89807
2.9346
2.98525
2.90673
3.05693
3.02896
3.07268
3.06708
3.088
3.05214
3.03325
3.09293
3.05949
3.09872
3.09639
3.07137
3.07806
3.11759
3.0779
3.12324
3.09295
3.09062
3.10573
3.07336
3.09851
3.13877
3.12965
3.1505
3.17397
3.12305
3.16033
3.15371
3.15233
3.10051
3.1175
3.11094
3.13438
3.13152
3.13105
3.12931
3.13517
3.13895
3.1046
3.11551
3.15188
3.11288
3.08556
3.19119
3.16402
3.1958
3.209
3.22028
3.21421
3.17189
3.13208
3.17794
3.17982
3.1903
3.13022
3.15868
3.17432
3.12015
3.20169
3.18655
3.19506
3.12925
3.18556
3.03377
3.22481
3.2047
3.19565
3.21429
3.08552
3.22328
2.95809
3.1896
3.19304
3.239
3.24139
3.27499
3.21753
3.19165
3.22971
3.10279
3.21415
3.10091
3.20964
3.18834
-3.56235
-3.87792
-3.96493
-3.98984
-3.57623
-4.23859
-3.32193
-3.49227
-3.81846
-3.81775
-4.02274
-3.84198
-3.64225
-4.28463
-4.54937
-4.15414
-4.18799
-4.50535
-5.05866
-4.77933
-4.74952
-3.31261
-2.7005
-3.94703
-4.03463
-5.3656
-4.51172
-2.88543
-3.66786
-3.25193
-3.72836
-3.79894
-4.30827
-3.27758
-2.08458
-3.11027
-2.82729
-3.40504
-2.50138
-3.70109
-2.2365
-4.01558
-3.87006
-3.63874
-4.11952
-5.08248
-4.7879
-4.4035
-0.891956
-0.991717
-1.41468
-1.03115
-1.33751
-1.07772
-0.735792
-0.66056
-0.334266
-0.594559
-0.272827
-0.311962
-0.684918
-0.639529
-1.02843
-1.46761
-1.47204
-1.00064
-1.42665
-1.08113
-1.03676
-2.45949
-2.30002
-2.44675
-3.27821
-2.73604
-2.03388
-2.81047
-1.17256
-0.312079
-0.560698
-0.0909786
-0.429957
-0.94343
-0.735247
-1.8071
-1.992
-1.71199
-1.17264
-2.22849
-1.59006
-1.33632
-0.100197
0.304711
-0.329485
-0.00575649
-0.0157395
-0.382431
0.250648
0.0498292
0.630386
-0.186898
0.251696
0.14504
-0.320822
0.558154
-0.478598
-1.23928
-0.725438
-0.754386
-0.382396
-0.797755
-0.90171
1.28372
1.29386
1.06687
1.16466
1.0789
1.27708
1.35557
1.58334
1.71417
1.6137
1.78863
1.75472
1.54222
1.62251
1.3748
1.20877
1.12645
1.41511
1.16237
1.33785
1.41466
0.852592
0.612132
0.641041
0.334099
0.643012
0.878698
0.571717
1.47871
1.76003
1.65826
1.92736
1.76112
1.46699
1.67902
1.11775
1.1746
0.918417
1.35249
0.926268
1.1336
1.34335
1.91946
2.0546
1.76551
1.95836
1.91055
1.80141
2.06335
2.02668
2.21399
1.84051
2.09063
1.99684
1.86762
2.22306
1.74041
1.41182
1.57918
1.56161
1.74065
1.61029
1.56136
2.43843
2.42237
2.33207
2.37611
2.34968
2.42641
2.46364
2.59903
2.63761
2.6008
2.68628
2.67321
2.56196
2.61573
2.51039
2.44209
2.37888
2.51419
2.41836
2.47205
2.52951
2.32325
2.19318
2.19937
2.10934
2.2359
2.31053
2.20611
2.6268
2.73425
2.68005
2.81663
2.74583
2.59521
2.71108
2.43872
2.46131
2.32194
2.51882
2.3599
2.42355
2.5313
2.77075
2.82183
2.69096
2.78899
2.76123
2.72098
2.82604
2.86098
2.93266
2.76179
2.88407
2.83094
2.79261
2.93541
2.69588
2.55845
2.60925
2.61055
2.6869
2.642
2.62366
2.93503
2.92705
2.88837
2.91041
2.89948
2.92725
2.95033
3.03626
3.04242
3.01441
3.06028
3.05314
3.01122
3.04199
2.98992
2.96665
2.93108
2.98027
2.95673
2.97047
2.99409
3.12482
3.1852
3.16836
3.11957
3.13443
3.09633
3.13627
2.93638
2.88264
2.88209
2.86103
2.9116
2.92858
2.89968
2.99767
3.00966
3.00109
2.93687
2.96468
2.97546
3.02507
3.14213
3.21768
3.23326
3.19074
3.17278
3.1947
3.17795
3.13249
3.08621
3.09897
3.12381
3.08701
3.11316
3.1483
3.09524
3.04333
3.05044
3.05934
3.06038
3.0694
3.0745
3.27833
3.1914
3.23614
3.21095
2.99847
3.23642
3.18677
3.14745
3.15307
3.08318
3.1427
3.12828
3.0803
3.16644
3.19921
3.05718
3.16293
3.19912
3.1683
3.1974
3.18142
2.93708
3.28087
3.26223
3.28711
3.60968
3.37045
3.34761
3.18956
3.08312
3.20881
3.16039
3.16898
3.08402
3.17207
3.19261
3.01554
3.21318
3.21067
3.19579
3.07762
3.21758
2.78097
3.27843
3.22302
3.21921
3.53759
2.8851
3.29569
2.88539
3.26364
3.28939
3.32906
3.33313
3.5687
3.31122
3.21473
3.31755
2.93395
3.23354
2.90096
3.25458
3.20557
-0.763543
0.289992
0.0243152
-1.07556
0.172216
0.204952
-0.872897
1.62244
1.72042
2.36225
2.53709
1.73214
1.60244
2.46992
1.51248
1.37745
2.39284
2.29345
1.43828
1.48212
2.42215
4.71324
5.2311
4.74391
3.33183
3.90637
4.01055
3.92658
3.85737
3.28549
3.3464
3.85822
3.32842
3.91962
4.64638
5.07257
4.66635
5.16244
4.62677
4.69076
5.11083
3.94535
3.32384
3.26738
3.88203
3.86607
3.31732
3.97405
1.80731
1.28784
1.62619
1.02839
1.63614
1.79443
1.26297
2.57896
2.65597
2.98843
3.08214
2.67513
2.55937
3.01776
2.47222
2.88438
2.34228
2.91559
2.35378
2.45336
2.95274
3.91402
3.86148
3.36958
3.36759
3.39768
3.86971
3.9097
4.50658
4.88317
4.48069
4.86352
4.89713
4.49676
4.48768
3.91471
3.46437
3.40483
3.89334
3.43026
3.88044
3.9209
3.94728
3.94489
3.54753
3.59793
3.93257
3.57187
3.95249
4.45913
4.8003
4.46514
4.83783
4.45261
4.47913
4.80403
3.93286
3.50404
3.51106
3.90595
3.9185
3.52967
3.92992
2.79298
2.52981
2.69063
2.45288
2.70831
2.77749
2.5619
3.21128
3.23635
3.42114
3.46989
3.26137
3.18476
3.43671
3.14941
3.3553
3.06349
3.38092
3.09075
3.12491
3.39293
3.96751
3.95721
3.64281
3.63317
3.65595
3.96707
3.96399
4.41025
4.66737
4.38551
4.64675
4.67646
4.39674
4.39579
3.97702
3.70648
3.67164
3.98121
3.68721
3.97594
3.97244
4.01275
3.98287
3.76203
3.79136
3.98798
3.77817
4.00252
4.36431
4.5686
4.37359
4.61864
4.35988
4.39681
4.5758
3.9889
3.74085
3.74197
3.98769
3.9877
3.75452
4.0032
3.50484
3.61478
3.50733
3.48668
3.53485
3.49043
3.59884
3.25222
3.12217
3.20058
3.09628
3.21672
3.23251
3.14543
3.47055
3.55339
3.5856
3.43408
3.4456
3.46474
3.59984
4.32233
4.4178
4.44679
4.26183
4.26821
4.31006
4.25835
4.01706
3.97516
3.80536
3.80049
3.81881
3.95864
4.00606
4.00393
3.91329
3.83573
3.81827
3.82296
3.9466
3.99677
3.69303
3.81694
3.93565
3.93162
3.8433
3.7973
3.81839
3.98536
4.38139
4.33846
4.20822
4.26756
4.28043
4.22833
3.9558
3.86862
3.86621
3.83261
3.84314
3.83219
3.98287
6.00688
5.66861
6.06885
5.72978
6.07606
6.00532
5.6624
6.41
6.35825
6.69328
6.61059
6.33619
6.4248
6.68096
6.46978
6.81517
6.56472
6.76337
6.54765
6.49528
6.74175
7.88629
8.02974
7.84681
7.27792
7.53012
7.49771
7.30579
7.25109
7.0997
7.00099
7.3206
7.07657
7.23694
7.7143
7.92824
7.8162
7.9718
7.748
7.78644
7.90007
7.36459
7.21547
7.17308
7.46006
7.39228
7.13842
7.43515
5.56524
5.26726
5.61122
5.31135
5.61399
5.56071
5.26418
5.90771
5.85444
6.14555
6.10844
5.85091
5.91143
6.17135
5.96705
6.29804
6.03418
6.21881
6.02576
5.9753
6.23909
7.54496
7.52045
7.5854
7.3673
7.30512
7.37732
7.29904
7.1076
7.17601
6.88435
6.93574
6.86324
7.10449
7.17178
7.04
6.9511
6.72688
6.8097
6.79617
7.02612
6.97652
7.2592
7.43032
7.3774
7.15066
7.22644
7.14656
7.21894
6.756
6.60673
6.52257
6.44867
6.69881
6.51665
6.67852
6.83628
6.86808
6.65585
6.59528
6.78516
6.58962
6.90132
5.42383
5.54143
5.35038
5.41081
5.39379
5.4549
5.61051
5.16265
4.95105
5.16645
4.98572
5.21202
5.09252
4.94468
5.48913
5.54663
5.73441
5.58037
5.54096
5.49697
5.67574
6.63421
6.82871
6.90182
6.73846
6.91003
6.75957
6.66912
6.4991
6.49159
6.33105
6.37349
6.30645
6.41151
6.61617
6.42013
6.14813
6.14501
6.22992
6.23218
6.29685
6.34841
5.51258
5.83974
5.99679
6.08939
6.21191
5.7628
5.93717
6.29082
6.71289
6.62128
6.46128
6.55798
6.73041
6.55229
6.16939
6.03837
5.97421
6.05655
5.85892
6.00104
6.26161
8.54041
8.67996
8.53347
8.60131
8.70392
8.60898
8.74623
8.37637
8.24599
8.44983
8.28908
8.45009
8.38546
8.22264
8.65778
8.77471
8.86006
8.73161
8.72204
8.67331
8.79227
9.53483
9.44076
9.44219
9.22468
9.13402
9.24543
8.94538
8.9058
9.03947
9.09613
8.97246
9.03588
8.97791
9.3575
9.49433
9.44636
9.33713
9.4006
9.35997
9.39159
9.15158
9.04859
9.15529
9.08866
9.10805
9.02816
9.2117
0.593826
1.13096
0.770801
0.937498
1.0907
1.24032
0.775136
0.957895
0.667759
0.952761
1.02162
1.13504
0.747731
0.827476
1.12896
1.23785
1.52804
1.17238
1.41137
1.27939
1.00934
1.75089
1.81153
2.024
1.82215
1.9229
1.86854
1.67547
1.4892
1.2984
1.17052
1.22371
1.32913
1.34703
1.396
1.59215
1.6752
1.68397
1.35879
1.78714
1.45774
1.51606
2.10692
1.95039
2.1455
2.16542
2.0074
2.23372
2.06642
2.19453
2.07993
2.21612
2.23098
2.28928
2.11607
2.12526
2.22832
2.41567
2.27283
2.28299
2.34141
2.31154
2.18526
2.57253
2.61735
2.70187
2.60384
2.65102
2.62883
2.54883
2.47567
2.39645
2.33305
2.33797
2.39829
2.41436
2.42659
2.48438
2.50969
2.5267
2.38317
2.57077
2.41601
2.46542
2.74926
2.68581
2.76896
2.78242
2.70214
2.81126
2.74237
2.81255
2.76283
2.82309
2.82925
2.85799
2.77617
2.77996
2.80806
2.90162
2.8344
2.84404
2.86623
2.8475
2.79779
2.96683
2.99282
3.03339
2.98797
3.00905
2.99436
2.96267
2.94158
2.9033
2.87229
2.87721
2.90418
2.90993
2.91743
2.92824
2.94486
2.95366
2.88871
2.9739
2.89517
2.92606
3.04808
3.02218
3.06004
3.06716
3.02451
3.08099
3.04592
3.08673
3.05324
3.08883
3.09347
3.11147
3.06362
3.07232
3.07034
3.11756
3.08797
3.08548
3.10012
3.09102
3.06773
3.13304
3.12595
3.16977
3.14707
3.15614
3.14808
3.11913
3.14741
3.09588
3.10434
3.11279
3.12632
3.1248
3.13013
3.12288
3.13041
3.13518
3.09998
3.14708
3.10642
3.11122
3.08221
3.18648
3.15948
3.19216
3.20646
3.2106
3.2175
3.16673
3.12861
3.17595
3.17521
3.15346
3.18656
3.12689
3.16928
3.11686
3.19855
3.18399
3.1915
3.18052
3.12599
3.03033
3.22344
3.19958
3.18992
3.2124
3.22045
3.08211
2.95442
3.18509
3.18854
3.23553
3.23907
3.21388
3.27285
3.18658
3.22776
3.09964
3.21095
3.20736
3.18308
3.09761
-1.8506
-1.3579
-1.65708
-2.06682
-1.81262
-2.13982
-1.68608
-2.99387
-3.2434
-3.10472
-2.68998
-2.61534
-2.65238
-2.76995
-2.24633
-1.85481
-2.20406
-1.84948
-2.22098
-1.83042
-2.31716
-0.884086
-1.03617
-0.728352
-0.975999
-1.38567
-1.32315
-1.06269
-0.675476
-0.346776
-0.256484
-0.59447
-0.626175
-0.313788
-0.68986
-1.03675
-1.44758
-1.43284
-0.984954
-1.43665
-1.00806
-1.07322
-2.41017
-3.18926
-2.72709
-2.22741
-2.39528
-2.65997
-1.99539
-1.15324
-0.301048
-0.045538
-0.56637
-0.723084
-0.385031
-0.934719
-1.77214
-1.95336
-1.69131
-1.16191
-2.18495
-1.30265
-1.5676
-0.0964943
0.279561
-0.0425299
-0.346529
-0.419989
0.245283
-0.0361206
0.0377088
0.611444
0.281859
-0.203898
-0.330729
0.576801
0.123584
-0.471689
-1.25069
-0.727171
-0.756991
-0.809541
-0.882555
-0.392068
0.572756
0.579351
0.893792
0.787431
0.538612
0.65994
0.819216
0.329406
-0.00590879
0.0821284
0.39316
0.293159
0.0135155
0.395002
0.619342
0.944451
0.839961
0.683016
0.586206
0.883683
0.688231
1.26955
1.25313
1.1247
1.03185
1.32397
1.06482
1.24094
1.557
1.67552
1.76809
1.57715
1.60395
1.72817
1.50269
1.34715
1.19183
1.08714
1.37899
1.13296
1.3976
1.29815
0.840047
0.582413
0.295537
0.607653
0.561115
0.607745
0.84576
1.45218
1.72635
1.9057
1.6205
1.65063
1.74333
1.42894
1.1037
1.14518
0.882406
1.31625
0.894155
1.32713
1.09828
1.90239
2.02395
1.93448
1.72799
1.77783
2.04212
1.87733
1.99868
2.18342
2.07022
1.80375
1.84149
2.2021
1.96098
1.72313
1.38341
1.54052
1.52564
1.58267
1.5462
1.70461
2.10468
2.07027
2.2397
2.19085
2.07312
2.13189
2.21316
2.03871
1.84396
1.9379
2.04703
1.98619
1.9011
2.06912
2.17894
2.3137
2.24098
2.18084
2.12456
2.2893
2.20774
2.42055
2.39637
2.3567
2.30586
2.44461
2.33266
2.40217
2.58317
2.61981
2.66902
2.58205
2.59938
2.65899
2.54142
2.49235
2.42471
2.35384
2.49323
2.4019
2.51088
2.44907
2.30054
2.16509
2.09048
2.17052
2.18762
2.21608
2.28414
2.61285
2.71431
2.79159
2.65999
2.69448
2.72875
2.5737
2.4205
2.44264
2.29581
2.49671
2.3429
2.51051
2.39991
2.75516
2.80658
2.77183
2.67314
2.70499
2.80978
2.74473
2.84543
2.916
2.86633
2.74404
2.77986
2.91415
2.81426
2.67705
2.5423
2.58955
2.59077
2.62452
2.60657
2.66855
2.79016
2.77243
2.85293
2.82871
2.77731
2.8035
2.83858
2.7913
2.69514
2.74362
2.7885
2.75825
2.73301
2.80138
2.84772
2.9046
2.87113
2.84608
2.81929
2.89719
2.85975
2.9246
2.91766
2.89978
2.87807
2.94046
2.88868
2.91795
3.03071
3.03524
3.04874
3.00516
3.02618
3.04824
3.00301
2.9849
2.95011
2.9208
2.97163
2.94401
2.98651
2.96256
3.11437
3.17549
3.1574
3.10746
3.12513
3.12693
3.0857
2.92448
2.86891
2.84344
2.86859
2.88663
2.89495
2.91607
2.98601
2.99931
2.99378
2.92473
2.9502
3.01816
2.96348
3.13336
3.20675
3.22736
3.18642
3.16339
3.16103
3.18755
3.11819
3.07857
3.1277
3.09058
3.09846
3.13949
3.07838
3.09979
3.03233
3.03549
3.0531
3.07353
3.05766
3.05335
3.08271
3.08051
3.12343
3.06535
3.0557
3.09421
3.1108
3.10171
3.06767
3.08732
3.06361
3.09551
3.08807
3.10369
3.12832
3.14666
3.14295
3.06427
3.12477
3.14947
3.12991
3.27496
3.18782
3.23273
3.20702
2.99385
3.18229
3.23252
3.14189
3.1485
3.1376
3.07779
3.16167
3.12233
3.0753
3.19511
3.05201
3.15703
3.19406
3.16398
3.17663
3.19299
2.93048
3.27534
3.25559
3.28353
3.60559
3.34529
3.36526
3.17372
3.07525
3.15896
3.20343
3.15693
3.1694
3.07543
3.18429
3.00909
3.2103
3.20522
3.19425
3.21035
3.06977
2.77527
3.27513
3.21976
3.21583
3.53428
3.29257
2.87885
2.87914
3.25859
3.28506
3.32578
3.3296
3.30756
3.56498
3.21013
3.31343
2.92784
3.23041
3.25149
3.19998
2.89474
-1.27869
-0.114608
0.0713768
1.23509
2.34053
1.31095
-0.777118
-1.09806
-0.889119
0.312916
0.0475924
0.190902
0.230604
1.5855
1.68075
2.49948
2.32697
2.44208
1.69423
1.55843
1.46721
1.33054
2.36239
2.26103
1.39262
2.39269
1.43891
5.19925
4.67138
4.70262
3.2808
3.866
3.97051
3.89481
3.81626
3.30408
3.23316
3.29388
3.87839
3.81731
4.60811
5.04257
5.13456
4.62384
4.65639
5.07923
4.58468
3.90673
3.28211
3.21449
3.84027
3.27171
3.9394
3.82526
1.25723
0.556874
0.754307
1.41454
1.22831
0.491351
1.44024
1.95045
1.80963
2.56357
2.55798
1.93564
1.82583
2.63385
2.08368
2.77763
2.18511
2.6419
2.06397
2.2055
2.70522
1.78941
1.25669
1.01067
1.59909
1.24184
1.62463
1.76737
2.55867
2.63097
3.05722
2.96375
2.99456
2.65674
2.52927
2.44433
2.8531
2.30676
2.88517
2.33267
2.92252
2.41936
3.87409
3.82099
3.33944
3.32433
3.87941
3.36288
3.82925
4.47871
4.85159
4.83085
4.44379
4.45526
4.86597
4.45871
3.88225
3.4334
3.36262
3.85471
3.40527
3.8847
3.84126
3.92698
3.91871
3.58056
3.5199
3.5519
3.93422
3.90359
4.42797
4.76815
4.80389
4.43057
4.44758
4.77152
4.41893
3.90588
3.47803
3.47964
3.87074
3.50687
3.90059
3.88608
2.47982
2.13498
2.29933
2.56625
2.46148
2.16967
2.57994
2.84055
2.72883
3.12625
3.1649
2.8153
2.76056
3.17817
2.93005
3.2843
2.97377
3.22432
2.89949
3.00009
3.23843
2.765
2.50303
2.43221
2.66823
2.53618
2.68508
2.75594
3.19862
3.22293
3.42989
3.40753
3.40855
3.24786
3.16997
3.13256
3.33317
3.04577
3.36767
3.07384
3.36992
3.10866
3.96001
3.93513
3.62339
3.62633
3.95562
3.64457
3.94897
4.3881
4.64358
4.6413
4.36486
4.37623
4.66234
4.37287
3.97705
3.70305
3.65768
3.97046
3.68111
3.97937
3.96176
3.99669
3.976
3.79137
3.7557
3.77585
3.99383
3.9805
4.35351
4.55937
4.62068
4.35536
4.37065
4.59525
4.34548
3.99461
3.73203
3.73474
3.97741
3.75132
3.99001
3.98123
3.1123
2.93763
3.02881
3.14027
3.09725
2.97497
3.13789
3.33879
3.27575
3.48297
3.49311
3.31803
3.30763
3.48935
3.39369
3.53783
3.39364
3.51623
3.36115
3.40454
3.53893
3.49608
3.5959
3.48979
3.48867
3.52494
3.59539
3.48349
3.22239
3.10829
3.09277
3.18486
3.13017
3.20418
3.2161
3.45504
3.54012
3.5762
3.42685
3.45106
3.57335
3.4552
4.31863
4.39014
4.42491
4.27495
4.26493
4.24559
4.30852
3.97218
3.9677
3.81817
3.80099
3.98831
3.80941
3.94913
3.98435
3.90431
3.81635
3.81608
3.83117
3.96514
3.93914
3.6854
3.80654
3.92804
3.92569
3.83908
3.81988
3.79126
3.98108
4.36649
4.3244
4.20024
4.26521
4.2205
4.27633
3.95241
3.86269
3.85923
3.83092
3.81375
3.96781
3.8358
5.7694
6.1233
6.12534
6.87693
6.62909
6.60023
5.98398
5.64266
5.70745
6.05368
5.63857
6.05441
5.98976
6.40039
6.34874
6.59585
6.68745
6.66869
6.32641
6.41498
6.46008
6.80774
6.5553
6.75851
6.53607
6.73553
6.48565
8.03702
7.89003
7.85095
7.27872
7.53227
7.50015
7.2998
7.25118
7.00207
7.10067
7.07748
7.21945
7.32228
7.72406
7.9335
7.98404
7.82171
7.79483
7.91705
7.7552
7.36619
7.21632
7.17403
7.46262
7.14108
7.43831
7.39458
5.69001
5.37504
5.32328
5.6433
5.6973
5.37778
5.62538
6.19899
6.28117
6.53696
6.48377
6.21691
6.2701
6.4584
6.14671
6.31596
6.08979
6.41308
6.15137
6.07868
6.39735
5.51625
5.23998
5.28514
5.5887
5.23422
5.58049
5.53567
5.91596
5.84581
6.07062
6.13205
6.1546
5.84237
5.90522
5.96277
6.27582
6.02786
6.20398
6.03198
6.19147
5.96769
7.54852
7.48907
7.57963
7.39237
7.31825
7.3091
7.39159
7.08077
7.17718
6.94494
6.88863
7.17014
6.87105
7.10288
7.03075
6.94725
6.73737
6.81662
6.81383
6.93993
7.02525
7.26102
7.42847
7.344
7.15652
7.24051
7.2407
7.1592
6.74706
6.60249
6.45111
6.5294
6.53523
6.65688
6.69566
6.80055
6.8661
6.67848
6.60199
6.59618
6.89146
6.7808
5.30189
5.03986
5.00751
5.20794
5.26832
5.04111
5.26721
5.72304
5.7838
6.02858
5.90709
5.7268
5.79211
5.95029
5.65834
5.8335
5.60148
5.81656
5.66625
5.60314
5.89565
5.41609
5.54261
5.3531
5.41813
5.38481
5.61996
5.44462
5.16352
4.93451
4.96922
5.14919
4.93503
5.21478
5.07733
5.48687
5.53773
5.75858
5.56792
5.53173
5.69134
5.48562
6.63598
6.82877
6.90276
6.73112
6.91239
6.67183
6.76467
6.5129
6.48773
6.38598
6.33312
6.59979
6.30257
6.40896
6.42677
6.14563
6.14976
6.23146
6.2351
6.35795
6.29582
5.5105
5.83981
5.99926
6.09171
6.2088
5.93881
5.76116
6.2914
6.71368
6.62251
6.46163
6.55905
6.55422
6.72978
6.17576
6.03665
5.97087
6.07226
5.99438
6.26255
5.85648
8.33636
8.51299
8.49333
8.89478
8.78981
8.76621
8.53857
8.6862
8.5309
8.59182
8.70483
8.74537
8.60727
8.38649
8.24346
8.28136
8.45089
8.21656
8.45223
8.38776
8.65473
8.77585
8.85945
8.73033
8.71705
8.79483
8.67214
9.53269
9.44033
9.44017
9.22447
9.13167
9.2436
8.94587
8.90404
9.03992
9.09505
8.97178
8.97431
9.03605
9.35722
9.49224
9.44513
9.33541
9.40022
9.38926
9.35971
9.15102
9.048
9.15522
9.08562
9.02597
9.20994
9.10825
-2.16403
-2.75957
-2.73029
-2.16659
-3.11802
-2.24701
-2.14522
-0.184837
0.447182
0.305192
-0.154833
0.410849
0.367485
-0.148328
2.0485
1.88233
1.68167
1.64444
1.99023
1.95006
1.73929
2.78841
2.67954
2.61738
2.58733
2.75127
2.71973
2.65963
3.08292
3.01925
3.00335
2.99401
3.05343
3.04916
3.03323
-0.138771
-0.219746
2.04976
0.547484
2.43177
1.01838
2.28755
2.43948
0.939059
2.28057
3.13314
2.29983
2.97442
2.01147
3.11616
2.2962
2.99514
3.47908
3.01604
3.40365
2.90477
3.45365
3.03805
3.42433
3.49955
3.25928
3.49646
3.26064
3.47484
3.2893
3.5204
6.43075
5.69675
6.5691
5.76236
6.44407
5.68285
6.57216
5.90078
5.33718
6.05373
5.4158
5.90743
5.32529
6.05231
8.51539
8.18747
8.71033
8.30464
8.54386
8.15532
8.68752
3.50224
3.26174
3.25889
3.49652
3.29117
3.52219
3.47493
8.51832
8.30478
8.18512
8.70945
8.16117
8.68477
8.54392
-0.381138
0.129
-1.04316
-0.402496
-0.505063
0.242938
-0.911221
-3.96885
-2.52726
-4.10218
-2.52262
-4.00468
-3.2315
-2.12936
-1.87235
-3.64472
-3.42385
-2.30297
0.138141
-1.03216
-0.49696
-0.37519
-0.397262
0.24856
-0.906189
0.41304
0.978998
0.13743
0.501386
0.537398
0.572532
0.868777
1.28969
1.37696
1.51785
0.924199
1.60682
1.02406
1.17908
2.11024
1.70806
1.78462
1.91822
1.86921
1.97869
2.03339
2.31263
2.41454
2.42635
2.16322
2.47994
2.22298
2.24576
2.74706
2.5826
2.58911
2.67158
2.63599
2.71318
2.70495
2.84371
2.91521
2.9088
2.79499
2.94038
2.83173
2.80724
3.05422
2.9899
2.96868
3.01618
2.99933
3.04186
3.02608
3.12256
3.09313
3.10383
3.06408
3.12562
3.09003
3.06972
3.15018
3.1466
3.16799
3.16796
3.12949
3.15119
3.14674
3.19653
3.16507
3.16381
3.18453
3.18377
3.18101
3.16167
-2.53179
-4.11026
-3.96946
-2.53718
-3.23178
-2.12858
-3.65229
-4.0091
-1.89168
-3.42919
-2.31908
-2.16414
-2.75612
-2.26191
-2.72208
-2.16447
-3.12271
-2.14507
-1.40866
-1.54963
-0.787143
-0.770392
-1.45279
-0.805353
-1.42502
-2.39752
-1.8896
-1.29493
-0.579988
-2.65113
-0.698424
-1.76895
-1.12681
0.500817
-0.365634
0.0244398
-0.415619
-0.0666138
-0.998912
0.44686
-0.174863
0.314472
-0.148072
0.365717
-0.147789
0.420292
0.954299
1.27721
0.787049
1.34278
0.860589
1.38644
0.908442
0.787147
1.01374
0.251619
1.45497
0.224015
1.45508
0.786473
1.26188
2.14665
1.63927
1.81435
1.67149
1.83216
1.24451
2.04839
1.64684
1.88514
1.69107
1.94242
1.74069
1.99474
2.29805
2.40955
2.14549
2.45627
2.20198
2.49898
2.25222
2.27845
2.40464
1.96177
2.57913
1.99093
2.61238
2.2385
2.90612
2.48435
2.62478
2.74375
2.66554
2.77725
2.44895
2.79469
2.58782
2.68116
2.62027
2.72178
2.66134
2.75298
2.89486
2.92895
2.79725
2.94061
2.83631
2.9753
2.85911
3.00264
3.0429
3.07692
2.91243
2.76718
2.80482
2.87434
3.16773
3.09757
3.13045
2.99362
3.02132
3.05864
2.95937
3.08599
2.99636
3.01948
3.00443
3.05049
3.03596
3.05412
3.12295
3.11838
3.14804
3.12044
3.06133
3.09161
3.09054
3.19064
3.18153
3.21037
3.13438
3.06746
3.10251
3.09947
3.15721
3.15006
3.16713
3.13588
3.13961
3.21929
3.25214
-0.144528
0.079747
2.00161
0.169743
2.14506
-0.0922471
2.11569
2.03255
3.59302
4.86955
3.66467
4.92351
3.62727
4.93855
3.63814
2.43346
0.54363
1.01147
2.28294
0.902983
2.26168
2.45231
2.62129
1.6552
1.37724
2.82144
1.3031
2.81334
2.64353
3.70676
4.83534
3.68568
4.77494
3.64161
4.77963
3.74427
3.76401
4.71526
3.83732
4.74666
3.82288
4.7492
3.78859
3.13092
1.99497
2.2934
2.97547
2.27989
2.97939
3.11728
3.25872
2.73501
2.52771
3.33298
2.5289
3.35011
3.23944
3.92478
4.6937
3.88429
4.63698
3.8829
4.6388
3.93275
4.53918
3.95453
3.96622
4.58555
3.96924
4.6017
3.9566
3.47716
2.8985
3.0131
3.40459
3.03267
3.42147
3.4541
3.20869
3.49721
3.52172
3.50649
3.10862
3.13425
3.48383
4.46757
4.37879
4.3918
3.95845
3.96187
3.97206
3.94707
4.20194
3.87873
4.27699
3.89696
4.28972
3.92665
3.90952
3.29533
3.3532
3.34245
3.48309
3.37634
3.30277
3.38741
6.79091
5.84992
5.95376
6.67722
5.94446
6.67572
6.79685
7.91837
7.47883
7.38206
8.06637
7.35961
8.04188
7.50157
6.4349
5.75866
5.69299
6.56224
5.67255
6.55231
6.43942
6.31467
5.51266
5.60823
6.18784
5.59458
6.17934
6.31362
7.78207
7.65403
7.63918
7.10809
7.25701
7.23048
7.12447
7.30688
7.49267
7.47516
6.95988
6.84038
6.81944
6.98197
5.89674
5.42529
5.33571
6.05017
5.32509
6.04489
5.9059
5.11481
5.5803
5.57154
5.75033
5.23934
5.2309
5.75675
7.10221
6.93105
6.90677
6.49799
6.6739
6.65552
6.52095
6.56441
6.41608
7.02019
6.41968
7.01824
6.26604
6.26914
8.44035
8.84186
8.8179
8.94183
8.57582
8.54323
8.96486
9.46016
9.25304
9.60119
9.22453
9.57392
9.32453
9.35209
7.72328
7.81988
8.29921
7.58865
7.64252
7.8329
7.72215
0.40513
0.136481
0.534358
0.975974
0.490675
0.859274
0.581252
1.28921
1.51272
0.916246
1.37963
1.17355
1.61292
1.01539
2.10996
1.7821
1.91418
1.7131
2.03289
1.8717
1.98579
2.31345
2.427
2.15951
2.41544
2.24094
2.48503
2.22424
2.75091
2.57977
2.67481
2.57795
2.70891
2.63259
2.7172
2.84499
2.90632
2.78887
2.9137
2.81097
2.93602
2.82382
3.05053
2.96815
3.01638
2.98552
3.02436
2.99625
3.03998
3.12014
3.09028
3.10322
3.06305
3.06918
3.12345
3.08692
3.14615
3.14743
3.1658
3.16594
3.12908
3.14635
3.14886
3.16462
3.16329
3.19452
3.18247
3.1821
3.1792
3.1613
-3.44706
-3.59317
-3.446
-3.56375
-3.64176
-3.47374
-1.41864
-0.79038
-1.45304
-1.53131
-0.776139
-1.43612
-0.791243
-2.40362
-1.31182
-2.65895
-1.88887
-0.585899
-1.77422
-0.675491
-1.09269
-0.366189
0.0118475
0.508521
-1.01135
-0.392603
-0.0513171
0.954397
0.786102
1.34737
1.29115
0.901369
0.860021
1.39913
0.803439
0.249475
1.45425
1.0362
0.788249
0.237315
1.46456
1.26763
1.63849
1.81027
2.15295
1.24403
1.68085
1.83658
2.30009
2.1424
2.4543
2.40972
2.24827
2.20164
2.49761
2.28362
1.95093
2.57759
2.40387
2.24221
1.98733
2.61199
2.90224
2.48335
2.62661
2.74145
2.44501
2.66644
2.77516
2.89089
2.7963
2.93933
2.929
2.857
2.83498
2.97106
3.04205
3.00094
3.07331
2.91027
2.76616
2.87402
2.80699
3.09671
3.1649
3.12862
2.99383
3.02067
2.95862
3.05523
3.11784
3.1209
3.14533
3.11764
3.06072
3.08977
3.08926
3.18093
3.18838
3.20685
3.13217
3.06677
3.0992
3.10009
3.15124
3.16863
3.15555
3.13385
3.13729
3.21656
3.25442
0.0863393
0.203513
-0.0824761
2.0362
2.13913
2.03386
2.14302
3.61031
3.66428
4.92717
4.87261
3.64053
3.62728
4.94627
2.64193
1.37929
2.81587
1.68177
2.63747
1.31858
2.81779
3.70108
3.68761
4.77236
4.84401
3.73933
3.64116
4.78445
3.7831
3.83174
4.74911
4.72324
3.80095
3.81299
4.76166
3.2625
2.52998
3.33319
2.74671
3.23715
2.54064
3.3505
3.91789
3.8887
4.63652
4.69166
3.92741
3.87954
4.64967
4.53079
3.96549
3.96618
4.58625
3.95828
3.96469
4.59529
3.49707
3.20867
3.5204
3.50776
3.10833
3.48383
3.13528
4.37934
4.46365
4.38684
3.95771
3.96205
3.9497
3.97409
3.88057
4.27833
4.1989
3.89501
4.28614
3.92699
3.91156
3.33946
3.41176
3.40828
3.46582
3.35423
3.37582
3.39304
3.35299
3.40129
3.45803
3.46209
3.38322
3.39301
3.38289
6.8066
5.95891
6.6829
5.85575
6.80262
5.94789
6.67978
7.92259
7.47489
7.38322
8.06544
7.50104
7.35148
8.04644
6.31177
5.61692
6.18948
5.50499
6.31891
5.59853
6.18831
7.65614
7.78865
7.63447
7.09313
7.25964
7.12763
7.2407
7.4943
7.30758
7.47509
6.96859
6.84399
6.9849
6.81334
5.58195
5.1131
5.57262
5.75383
5.24292
5.7595
5.2329
6.9333
7.1036
6.90796
6.49847
6.6777
6.52507
6.65604
6.41836
7.02185
6.56733
6.4226
7.02059
6.27041
6.27192
8.84236
8.42773
8.8184
8.94547
8.57446
8.9658
8.5402
9.25417
9.60241
9.46061
9.2219
9.57613
9.3254
9.35324
7.92198
7.74247
8.03263
8.47561
7.91566
7.7461
8.03792
7.8711
8.00025
8.40841
7.73508
7.68978
7.97804
7.90029
3.08959
3.01387
3.33497
3.15258
3.18866
3.07708
3.20024
3.14152
3.28253
3.13037
3.09059
3.15434
3.23385
3.13895
3.11552
3.07483
3.24733
3.14022
3.21447
3.12332
3.13084
3.86361
3.89005
3.86345
4.16882
4.05942
3.82039
3.92994
3.3406
3.40951
3.46712
3.40674
3.35269
3.37807
3.39393
3.35473
3.40383
3.46554
3.45985
3.38521
3.38577
3.39509
4.82182
5.26714
4.8376
4.9387
4.81074
4.91264
4.86911
4.95609
4.92139
5.09686
5.44003
4.99035
4.85138
5.07996
4.98079
5.49271
4.89069
5.12239
4.87883
5.12083
4.98142
8.91556
8.9831
9.08541
9.40166
9.47791
9.00522
8.83746
7.91932
7.74101
8.47487
8.03117
7.91384
7.74422
8.03695
7.87063
8.00019
7.73211
8.4116
7.89816
7.69061
7.97972
9.89147
10.2149
9.72446
9.89496
9.81136
9.93653
9.85725
9.98852
9.86524
10.0421
10.2708
10.0114
9.83079
10.0207
10.0306
10.3161
9.87762
10.0611
9.88128
10.0652
10.0257
-1.34761
-1.25558
-1.17865
-1.25525
-1.38376
-1.17473
-1.22916
-1.38887
-0.985755
-1.16046
-1.14787
-1.0226
-1.15849
-1.36039
-1.57976
-0.804898
-1.04269
-1.33833
-1.22184
-0.93568
3.18674
3.21167
3.18898
3.08711
3.33223
3.10004
3.04664
-3.76859
-3.82946
-4.01945
3.13982
3.0891
3.2795
3.1284
3.23124
3.1371
3.15233
3.11398
3.073
3.24829
3.14088
3.21231
3.13145
3.12183
3.08786
3.33045
3.14864
3.01288
3.19736
3.18682
3.07484
3.85683
3.88752
4.16538
3.85926
3.92608
3.81637
4.05396
3.29062
3.348
3.47647
3.34021
3.38208
3.37086
3.29821
4.95484
5.44028
4.91713
5.09546
4.84814
5.07907
4.98852
4.98095
5.49399
4.89306
5.12499
4.87669
4.98406
5.12105
4.82128
4.8395
4.93685
5.26694
4.86884
4.81161
4.91123
8.91692
8.984
9.4027
9.08732
8.83723
9.00711
9.48067
7.72696
7.82209
7.59231
8.30254
7.72562
7.646
7.83587
9.98913
10.271
9.86757
10.0431
9.83101
10.021
10.0129
10.0314
10.3169
9.87998
10.0631
9.8812
10.0278
10.066
9.89216
9.72564
9.89441
10.2152
9.85723
9.81323
9.93682
3.18749
3.08846
3.19287
3.21467
3.04678
3.10065
3.33678
-3.82361
-3.81217
-4.01258
4.25838
4.01753
3.92314
3.91511
4.23742
3.88181
3.90663
3.94803
4.27782
3.99938
3.95673
3.91269
4.21036
3.87591
9.59737
9.24711
9.16608
9.17366
9.60444
9.00308
8.99516
9.15035
9.59307
9.19364
8.98501
9.12496
9.54739
8.94806
3.13287
3.15787
3.14611
3.10537
3.14165
3.23104
3.26387
3.16948
3.15917
3.13916
3.12076
3.16403
3.28247
3.24784
4.26207
3.92524
4.01729
4.23771
3.91462
3.88034
3.90884
3.94606
3.99734
4.2738
4.20687
3.91095
3.95481
3.87412
9.60039
9.16838
9.24774
9.60478
9.17435
9.00239
8.99764
9.15215
9.19376
9.59478
9.54697
9.12537
8.98657
8.94686
3.13293
3.15813
3.14705
3.14236
3.10605
3.23207
3.26449
3.14088
3.16023
3.17133
3.28543
3.16501
3.12128
3.24877
-1.55783
-0.790082
-1.01257
-1.31739
-1.17929
-1.25173
-1.17185
-1.38195
-1.33734
-1.24808
-1.21841
-1.16554
-1.36801
-1.14659
-0.975064
-1.14432
-1.14488
-1.34992
-1.00895
-3.44909
-3.60066
-3.44978
-3.64919
-3.58358
-3.48327
3.10635
3.21712
3.20351
3.11628
3.0609
3.21628
3.34424
3.16952
3.18107
3.19451
3.16003
3.14781
3.23592
3.30094
6.33655
6.24635
6.81774
6.22138
6.79305
6.16887
6.15616
6.50863
6.40952
7.011
6.37687
6.95263
6.21834
6.27573
3.16717
3.17859
3.19247
3.15786
3.1458
3.23281
3.29769
3.10202
3.21289
3.19972
3.11178
3.05801
3.21147
3.33969
6.51016
6.41126
7.00901
6.37852
6.95196
6.22266
6.27813
6.33921
6.24661
6.81948
6.22267
6.79966
6.16681
6.1513
-2.14159
0.20219
0.194247
0.198755
1.8873
1.88184
1.88443
2.68938
2.68685
2.68803
3.0418
3.04098
3.04139
3.18583
3.17906
3.18173
0.0826503
0.0966592
0.0924386
1.91862
1.91462
1.91622
2.8421
2.83963
2.84098
3.26082
3.26023
3.26009
4.04116
5.47482
5.47856
5.47632
5.13348
5.1369
5.13536
4.79552
4.78203
4.7895
8.01907
8.02213
8.0211
7.88717
3.16198
3.16189
3.16156
3.23276
3.17047
3.16555
3.16728
6.70248
6.704
6.70559
7.33634
6.98495
6.98635
6.98694
-1.96322
0.0668815
0.0532107
0.0583064
-2.64532
-1.16025
-1.15263
-1.15427
3.22653
3.17178
3.1669
3.16863
7.34441
6.98731
6.98885
6.98943
3.17031
2.85397
3.22822
3.28377
3.31972
3.30301
3.61756
3.61013
3.26439
3.26727
4.4698
5.07583
4.21454
7.75997
7.78449
7.77584
8.61211
8.61337
8.23843
7.81869
9.64729
9.34866
0.340388
0.3263
0.33169
1.71811
1.71194
1.7158
1.87125
1.86505
1.86786
2.59258
2.59001
2.59125
2.66389
2.66157
2.66266
2.98432
2.98325
2.98374
3.0128
3.012
3.01238
3.11768
3.11843
3.11745
3.11733
3.11573
3.11654
-0.0889349
-0.0994223
-0.0940851
-0.848277
-0.839499
-0.84135
1.19356
1.19015
1.19201
1.69384
1.68672
1.68999
1.4089
1.40469
1.40697
2.46907
2.46595
2.46773
2.5991
2.59629
2.59761
2.57436
2.57134
2.57305
3.05041
3.04801
3.04925
3.00376
3.00271
3.00324
3.09155
3.08942
3.09036
3.089
3.12705
3.14296
3.16664
3.15503
3.30775
3.29762
3.12701
3.12479
3.12512
3.1808
3.17882
-0.209523
-0.193579
-0.198939
4.94592
4.94991
4.9477
1.70805
1.70617
1.7071
4.90826
4.91228
4.91013
4.72038
4.72337
4.72195
2.73327
2.73084
2.73216
4.69767
4.70069
4.69934
4.49325
4.49659
4.49477
3.22171
3.21917
3.22027
4.43434
4.43217
4.43306
3.32833
3.32689
3.35948
3.35947
3.35976
5.49891
5.50337
5.50076
7.77741
7.78093
7.77985
5.15046
5.15404
5.1523
7.70472
7.7081
7.70714
6.93822
6.98405
4.78223
4.82637
4.80927
7.11109
7.09442
4.25478
4.24981
4.25223
4.31031
4.3014
8.09204
8.09535
8.09439
8.01789
8.01243
8.05083
8.04893
8.04844
9.54187
9.54551
9.54579
9.53047
9.53029
3.07962
3.0833
3.08221
3.04906
3.05266
3.19235
3.19367
3.3277
3.32342
3.32532
3.12639
3.70663
3.70115
4.11189
3.99824
4.09346
4.09408
4.09535
4.11287
4.11113
3.3306
3.32922
3.35746
3.35751
3.35779
3.24988
3.24409
5.40385
4.88507
5.10907
5.10469
5.10535
5.06782
5.06091
6.70276
6.69584
4.25148
4.24646
4.24891
4.31282
4.30398
7.7186
7.70188
7.71039
8.12636
8.83244
8.82454
8.73061
9.17535
9.36
9.3614
9.36227
9.35242
9.35064
8.01823
8.01288
8.04877
8.04683
8.04635
6.98973
6.98361
9.8029
9.92276
10.1006
10.1016
10.1019
10.0893
10.0891
9.53909
9.54268
9.54295
9.52898
9.52883
-0.929077
-1.00242
0.926211
0.891517
-0.690518
-0.715015
3.13476
3.13786
3.13626
3.15983
3.16244
3.22121
3.21715
3.1848
-3.0259
-3.07343
-3.05363
-3.76216
-2.07407
-2.09109
-2.08363
-3.71953
-3.78919
-2.7755
-2.78425
-2.78303
-1.91538
-1.92283
-1.91924
-3.25325
-3.39523
3.68623
3.07863
3.18349
3.22539
4.09671
4.09738
4.09863
4.11024
4.10846
3.32039
3.31619
3.31806
3.11872
3.70151
3.69603
4.10627
3.9958
3.24799
3.24212
3.26298
3.27114
5.40302
4.8837
6.50153
4.2132
9.36276
9.3642
9.36507
9.3541
9.35226
7.72697
7.71034
7.71885
8.12758
8.83217
8.8243
8.73044
9.17688
6.98983
6.98366
7.82202
6.79783
10.1032
10.1043
10.1046
10.0904
10.0902
9.80137
9.92252
9.34954
3.18786
3.13506
3.13816
3.13654
3.16168
3.16431
3.12704
3.12481
3.12515
3.18213
3.18033
-1.26273
-1.28283
-2.6611
-2.7731
-2.71776
-1.64104
-1.64534
-1.64074
0.953141
0.945997
0.951167
0.224775
0.217985
0.223155
1.05168
1.04521
1.04912
2.26282
2.2578
2.26102
1.99711
1.99139
1.99513
2.36111
2.35754
2.35942
2.85762
2.85549
2.85645
2.77304
2.77039
2.77167
2.92713
2.92479
2.92584
3.11233
3.1112
3.1115
3.07485
3.07209
3.07287
3.09743
3.08835
3.09068
3.18652
3.19031
3.05884
3.08036
3.19269
3.18469
-1.07838
-1.06848
-1.07359
2.19735
2.20844
2.20389
0.912464
0.911447
0.911841
2.59236
2.58881
2.58931
2.81067
2.80892
2.80947
2.33763
2.33421
2.33586
3.15275
3.15378
3.15351
3.31417
3.31416
3.31444
3.0445
3.04249
3.04369
3.50693
3.50655
3.50714
3.55786
3.55771
3.55822
3.26857
3.26884
3.26862
3.31632
3.31861
3.31685
3.30669
3.30465
3.30551
3.70186
5.77062
5.77488
5.77272
6.87414
6.87936
6.87738
5.33389
5.33719
5.33535
6.53757
6.54167
6.53989
6.34231
6.346
6.34438
5.01877
5.02099
5.02033
6.0015
6.00296
6.0028
5.76549
5.73715
5.74621
4.70464
4.7084
4.70041
4.76175
4.99497
4.97795
8.34578
8.3499
8.34854
8.88988
8.89268
8.89226
7.9406
7.9434
7.94255
8.1692
8.17096
8.17038
8.08338
8.08306
8.0839
7.48497
3.1039
3.10644
3.105
3.11675
3.12051
3.11874
4.61658
4.61347
4.61567
4.62056
4.61872
4.62068
9.82828
9.82418
9.82605
9.8235
9.81946
9.82133
3.14963
3.14874
3.14869
3.11284
3.11467
3.11434
3.09273
3.09462
3.09451
3.28352
3.2809
2.95733
3.0821
4.45243
3.78874
3.7832
3.78549
3.17407
3.17415
3.17471
3.16203
3.15651
3.15837
6.70657
6.7081
6.7096
6.56546
6.56142
6.56142
6.56528
6.56122
6.5613
4.6157
4.61262
4.61481
4.61738
4.61538
4.61737
7.525
7.51387
7.40972
7.53435
9.22883
9.00614
9.00781
9.00854
7.34516
7.34197
7.34156
6.98936
6.9903
6.99093
7.34299
7.33986
7.33935
9.82698
9.82292
9.82477
9.82064
9.81661
9.81848
-1.7544
0.377545
0.316783
0.343167
-0.094633
-0.174976
-0.141683
0.160489
0.14179
3.12818
3.1252
3.12581
3.45219
-2.83945
-3.39712
-1.86639
-1.86364
-1.86413
-1.44824
-1.44396
-1.44445
-2.15272
-2.15622
-2.1536
3.78903
3.78346
3.78578
3.27655
3.27391
2.94941
3.07512
4.4476
3.17306
3.17305
3.17361
6.56851
6.56453
6.56452
9.00723
9.00887
9.00962
7.53361
7.52249
7.40999
7.5357
9.22809
7.3483
7.34513
7.34472
3.12865
3.12564
3.12625
3.105
3.10749
3.10607
3.11653
3.12029
3.11851
3.19366
3.19059
2.88707
2.95936
3.15672
3.73293
3.49741
3.15887
3.21035
3.31722
3.31007
3.31123
3.3909
3.3818
3.31187
3.29611
3.29967
3.47092
3.51095
3.49333
3.37522
3.42833
3.5111
3.50558
3.50865
3.44366
3.43986
3.66489
3.65233
3.47451
3.47974
3.40305
4.63292
4.62388
4.40202
4.55319
5.08853
5.96547
5.46039
4.47697
7.87857
7.87804
7.87917
7.98052
7.98096
8.01415
7.99093
7.99958
8.43074
8.45034
8.44346
8.36873
8.40027
8.39749
8.38214
8.39005
8.22444
8.21469
8.46718
8.45476
8.28668
8.2885
7.9651
9.70051
9.63994
9.73882
1.09302
1.0708
0.992234
0.985688
0.988763
1.49748
1.48859
1.49114
1.99715
1.99049
1.9938
1.19964
1.19365
1.19688
1.6291
1.62158
1.6243
2.11276
2.10661
2.11023
2.23716
2.23256
2.23523
2.39611
2.39187
2.39391
2.68633
2.68411
2.68507
2.34365
2.33918
2.34202
2.48348
2.47929
2.48158
2.74681
2.74493
2.74571
2.83194
2.83006
2.83091
2.88871
2.88738
2.88796
3.0226
3.02175
3.02216
2.87886
2.87713
2.87789
2.92913
2.92793
2.92846
3.04771
3.04726
3.04755
3.07531
3.07456
3.07481
3.10785
3.10762
3.1078
3.1611
3.16084
3.16105
3.08948
3.08917
3.08928
3.12388
3.12369
3.12387
3.06829
3.08734
3.16668
3.16661
3.16676
3.1813
3.1825
3.18222
3.21488
3.21668
3.19218
3.18374
3.20701
3.20381
3.20479
-0.888787
-0.961022
-0.926164
-0.118001
-0.124273
-0.118708
-1.20282
-1.20621
-1.20182
-2.50436
-2.50817
-2.50466
0.115339
0.120835
0.120454
-1.3863
-1.38697
-1.38301
0.101952
0.0958668
0.100301
0.42045
0.4219
0.423027
-0.984073
-0.986185
-0.982337
1.14355
1.13703
1.14224
1.80783
1.80202
1.80587
1.25111
1.24522
1.24871
0.419722
0.413167
0.417401
1.94283
1.93944
1.94143
1.19674
1.19067
1.19428
1.94226
1.93662
1.94037
2.09602
2.09278
2.09469
1.41556
1.40947
1.41322
2.34235
2.33794
2.34058
2.68886
2.68594
2.6874
2.44103
2.43767
2.4394
2.0893
2.08459
2.08746
2.82344
2.82081
2.82235
2.44111
2.43766
2.43947
2.7757
2.77281
2.77426
2.89374
2.89123
2.89267
2.54029
2.53703
2.53873
2.89383
2.89196
2.89279
3.0371
3.03661
3.03681
2.9565
2.95452
2.95537
3.16221
3.1638
3.16211
2.84257
2.83978
2.84115
2.99559
2.99314
2.9942
3.16352
3.16129
3.16211
3.1081
3.10925
3.10868
3.0309
3.02921
3.02996
2.93569
3.12346
3.12354
3.12319
3.1614
3.15156
3.15282
3.14788
3.14843
3.17012
3.1753
3.53193
3.16984
3.16778
3.06677
3.07025
3.06939
3.11609
3.1134
3.11382
3.08916
3.09311
3.09186
3.12925
3.13216
3.13075
3.13939
3.14254
3.15016
3.14704
3.14735
3.16221
3.15848
-0.896072
-0.886356
-0.891563
2.46762
2.46508
2.46469
2.22673
2.23349
2.2303
5.14815
5.15211
5.15038
3.20241
3.20687
3.20367
3.28851
3.28716
3.28602
5.08772
5.09185
5.08996
3.22229
3.22412
3.22187
1.1158
1.11418
1.11481
3.05831
3.05891
3.05866
2.8423
2.84123
2.84159
3.31479
3.31411
3.31307
4.81589
4.81918
4.81753
3.40865
3.40935
3.4085
3.56212
3.56331
3.56243
4.79028
4.79326
4.79175
3.44677
3.44733
3.44661
2.42717
2.42475
2.42598
3.46167
3.4619
3.4623
3.34408
3.34447
3.34462
3.59852
3.60042
3.5994
4.6234
4.62543
4.62486
3.69113
3.69213
3.69178
3.78381
3.78443
3.78446
4.59549
4.59743
4.59692
3.71836
3.71927
3.71905
3.53762
3.5185
3.52298
3.08873
3.08655
3.08775
3.56748
3.5647
3.56604
4.11202
4.17445
3.7967
3.79715
3.79723
3.80464
3.80576
3.80533
3.74565
3.75072
4.42572
4.41008
3.83294
3.82678
3.82844
3.33021
3.33104
3.3317
3.45891
3.45826
3.42801
3.42623
3.42739
3.33824
3.33831
3.33881
3.43496
3.43441
3.43492
3.42175
3.42035
3.42116
5.67267
5.67768
5.67518
6.59857
6.60316
6.60122
6.80023
6.8054
6.80337
8.03958
8.04388
8.0425
7.27771
7.28305
7.28092
7.00222
7.00669
7.00475
7.97724
7.9812
7.97985
7.20862
7.21368
7.21153
5.26751
5.27082
5.26905
6.05643
6.05982
6.05878
6.2654
6.26923
6.26774
7.47042
7.47288
7.47185
6.93272
6.93699
6.93515
6.72703
6.73077
6.72914
7.37237
7.37179
7.37258
6.43102
6.43386
6.43273
6.65526
6.65879
6.65726
5.22744
4.95876
4.96088
4.95986
5.75271
5.75067
6.37648
6.37453
6.37579
6.09561
6.09791
6.10402
6.00997
5.99825
4.49292
4.48898
4.48982
4.24817
4.24301
4.24541
4.50696
4.50332
4.50379
4.79364
4.78911
4.79156
4.5934
4.58892
4.59167
4.63043
4.62487
4.24316
4.23635
4.23924
8.65111
8.6312
8.63919
8.28375
8.28763
8.28635
8.83667
8.83857
8.83859
9.43038
9.44936
9.12748
9.13015
9.1297
8.88447
8.88681
9.48215
9.47513
9.08581
9.08615
9.08709
7.98947
7.98596
7.98661
8.16282
8.15829
8.12115
8.12122
8.123
8.05515
8.05314
8.05276
8.17126
8.17275
8.17399
8.17801
8.17945
8.18065
9.75598
9.75717
9.75698
9.5475
9.55092
9.55122
9.78322
9.77844
9.78077
9.81318
9.80907
9.49781
9.49977
9.50056
9.9115
9.90986
3.1637
3.14513
3.08475
3.21503
3.04508
3.05912
3.06275
3.06188
3.10976
3.11172
3.11044
3.09698
3.09797
3.09699
3.14078
3.14297
3.06967
3.07402
3.0731
3.1232
3.12416
3.12336
3.14323
3.14561
3.13098
3.13152
3.13097
3.17113
3.17031
3.17042
3.08793
3.08929
3.09887
3.10189
3.10171
3.09851
3.0933
3.09494
3.13716
3.13157
3.13305
3.17073
3.16734
3.04246
3.04538
3.06381
3.06696
3.06662
3.10078
3.09759
3.0984
3.07498
3.07758
3.07691
3.30459
3.30993
3.19105
3.23675
3.44997
3.43858
3.86493
3.36803
4.25681
3.5616
3.60503
3.41893
4.54591
3.80033
3.79289
3.79568
3.98913
3.9879
3.98816
4.08659
4.08685
4.08817
3.97434
3.97324
3.97364
3.95612
3.9528
4.07813
4.07726
4.07902
3.35562
3.11542
3.4769
3.46129
3.46069
3.33173
3.33267
3.33329
3.42946
3.42783
3.42894
3.3385
3.33864
3.33915
3.43289
3.43232
3.43285
3.42222
3.42082
3.42165
3.17433
3.17541
3.17597
3.1954
3.18966
3.19131
3.16717
3.16698
3.24862
3.24684
3.24731
3.25886
3.2581
3.25824
3.49749
3.49212
3.49422
3.49115
3.48515
3.48736
4.908
5.07365
5.76871
5.35259
5.57856
5.10304
5.09859
5.09947
5.23897
5.2402
5.24201
5.23996
5.24015
5.24212
5.24503
5.24055
5.05417
5.04905
5.05096
5.20813
5.2068
5.20935
5.96672
5.95692
5.92205
5.91603
5.9194
6.6567
6.65664
6.65887
6.5248
6.51673
6.50197
6.49655
6.49791
6.19207
6.18998
6.19141
6.1507
6.14631
6.14853
5.51217
5.50432
5.78847
5.78161
5.76542
5.75903
5.7609
5.48594
5.48279
5.48481
4.59631
4.59173
4.59449
4.63323
4.62775
4.49139
4.48753
4.48836
4.24746
4.24225
4.24467
4.5027
4.49904
4.49955
4.79009
4.78547
4.78794
4.45277
4.44809
4.45006
4.2455
4.23875
4.24163
7.60241
7.60392
7.68578
7.72434
7.82412
7.80919
8.1318
8.05093
8.48682
8.85114
8.69222
8.76117
9.01456
9.07139
8.95424
8.95379
8.9552
9.36808
9.36934
9.37022
9.31715
9.31758
9.31887
9.22275
9.22131
9.22192
8.21823
8.1625
8.15809
7.99147
7.98807
7.98869
8.12274
8.12293
8.12467
8.05321
8.05122
8.05083
8.1695
8.17091
8.17214
8.17645
8.1779
8.17908
7.28143
7.27668
7.27758
6.94103
6.93992
6.94129
7.4778
7.47228
7.47467
7.47224
7.46659
7.46907
8.4201
8.42323
8.42358
8.41343
8.41077
8.70239
8.70006
9.63972
9.98704
10.2472
10.0785
10.1996
10.1053
10.1062
10.1065
10.1531
10.1552
10.1556
10.1584
10.1603
10.1607
10.1476
10.148
10.0612
10.0613
10.0621
10.1164
10.1177
10.1184
10.4033
10.4016
10.38
10.3775
10.3794
10.2436
10.2448
10.3675
10.3701
9.78287
9.77811
9.78044
9.81173
9.80762
9.75469
9.75591
9.7557
9.54644
9.54983
9.55013
9.92158
9.92302
9.92395
9.49768
9.49968
9.50047
9.90991
9.90827
-2.84508
-2.84966
-2.84598
-2.84511
-2.85013
-2.84611
-2.85142
-2.85227
-1.9891
-1.98818
-1.98983
-1.60953
-1.60541
-1.60667
-2.63465
-2.61382
-2.60631
-2.63125
-2.60927
-2.60151
-2.01619
-2.01527
-2.01643
-2.79234
-1.24618
-0.501839
-0.908509
-0.367132
0.564452
0.544493
0.771386
0.423279
0.375524
-0.445025
-0.503758
-0.473925
-0.273274
-0.327882
-0.0410528
-0.0840365
0.497493
-0.173806
0.110908
3.12037
3.1228
3.12136
3.16087
3.15767
3.15805
3.14377
3.14649
3.14512
3.07806
3.08191
2.99496
3.18562
2.94056
3.11481
3.15276
3.15111
3.15134
3.19624
3.19472
3.23401
3.10388
-3.73239
-2.75069
-2.85455
-3.24015
-3.29379
-3.22842
-3.30327
-3.96418
-3.53397
-3.61401
-3.58761
-2.68946
-2.70152
-2.70293
-3.24039
-3.30485
-2.45674
-2.4657
-2.46414
-3.05295
-3.09143
-3.07723
-2.72829
-2.74688
-2.74183
-1.69976
-1.70074
-1.69951
-2.56191
-2.57216
-2.57086
-2.39638
-2.40209
-2.39917
-3.292
-3.34286
-3.23113
-3.27377
-3.2707
-2.88712
-3.00561
-2.9464
3.11048
3.11245
3.11118
3.05778
3.06146
3.06056
3.09537
3.09641
3.09541
3.13929
3.14152
3.12188
3.12281
3.12205
3.14143
3.14385
3.12942
3.1299
3.12939
3.09661
3.09137
3.09301
3.08624
3.08755
3.13549
3.12989
3.13139
3.16935
3.16591
3.04116
3.04404
3.47243
3.16062
3.14168
3.0804
3.21237
3.04083
3.1562
3.20758
4.08697
4.08733
4.08862
3.79845
3.79094
3.79375
4.07562
4.07471
4.07649
3.95326
3.94986
3.29792
3.30319
3.18319
3.22923
3.44384
3.4325
3.85945
3.36109
4.2529
3.55347
3.60044
3.40977
4.54317
3.82716
3.24776
3.24593
3.24639
3.26019
3.25942
3.25959
3.17273
3.17368
3.17431
3.19376
3.18793
3.18963
3.49971
3.4944
3.49647
3.57468
3.56628
3.39908
3.11109
3.54636
5.24265
5.24411
5.24588
5.10469
5.1003
5.10114
5.24094
5.24136
5.2433
5.24347
5.23891
5.20729
5.2059
5.20849
5.96718
5.95732
5.92263
5.91661
5.91999
6.19582
6.19391
6.19529
6.52482
6.51671
6.50202
6.49657
6.49795
6.15204
6.14762
6.14984
5.51135
5.50335
5.78817
5.78125
5.45554
5.45013
5.45279
5.76554
5.75917
5.76104
5.4903
5.48738
5.48934
4.90462
5.07268
5.76985
6.32026
5.35167
5.57879
4.47512
9.27411
9.27397
9.27379
9.36906
9.37034
9.37123
9.27913
9.27882
9.27874
8.95403
8.95353
8.95495
9.31736
9.31772
9.31902
9.2532
9.25081
9.22287
9.22139
9.222
7.60989
7.6117
7.6884
7.72713
7.82471
7.81
8.13384
8.05262
8.48607
8.8517
8.69214
8.76204
9.01396
9.07312
7.48065
7.4751
7.47751
7.47421
7.4686
7.47107
7.27972
7.27494
7.27585
6.94072
6.93952
6.94088
7.69814
7.69925
7.70004
8.42229
8.42549
8.42584
8.42884
8.43176
8.43214
8.41357
8.41088
8.70284
8.70047
7.96791
7.09974
8.50687
10.1557
10.1578
10.1583
10.1594
10.1613
10.1617
10.1488
10.1491
10.1168
10.118
10.1187
10.4039
10.4022
10.3805
10.378
10.3798
10.2444
10.2455
10.3683
10.3708
10.3745
10.3773
10.3774
9.63859
9.98672
10.2459
10.0773
10.1982
9.64072
3.11846
3.12121
3.12358
3.12215
3.16139
3.15823
3.15859
3.14436
3.14711
3.14571
3.07963
3.08354
3.09978
3.105
3.10356
3.15298
3.15127
3.15151
3.14416
3.14157
3.14204
3.13026
3.13319
3.13175
3.14087
3.14403
3.06771
3.07113
3.07029
3.11678
3.11405
3.11448
3.10731
3.1046
3.10522
3.07751
3.08175
3.08077
3.15108
3.14799
3.14826
-1.87514
-1.94553
-2.51609
-2.60583
-2.25045
-2.28413
0.460643
0.453461
0.457747
0.112804
0.105486
0.110784
0.394691
0.386623
0.39257
2.02144
2.01644
2.01913
1.88174
1.8766
1.8794
2.02004
2.01475
2.01795
2.74999
2.74759
2.7487
2.69523
2.69269
2.6939
2.75558
2.75316
2.75431
3.06677
3.06626
3.06657
3.03334
3.0322
3.03264
3.05327
3.05261
3.05282
0.372654
0.378947
0.376926
0.915242
0.919765
0.918379
1.13593
1.13586
1.1362
2.06842
2.06436
2.06611
2.2975
2.2956
2.29659
2.41401
2.4117
2.41295
2.91611
2.91373
2.91505
3.03354
3.03184
3.03292
3.09154
3.08991
3.091
5.42573
5.42937
5.42726
5.80812
5.81229
5.81032
5.7542
5.75816
5.75631
5.09551
5.09856
5.09731
5.39781
5.40122
5.39999
5.34647
5.34948
5.34844
0.562157
0.5498
0.554222
0.558454
0.547853
0.552181
0.741237
0.731436
0.735658
1.78723
1.78189
1.78568
1.56128
1.55569
1.56005
1.64422
1.63857
1.64186
1.93059
1.92534
1.92842
2.00043
1.99534
1.99759
2.05258
2.04717
2.04942
2.61497
2.61247
2.61364
2.51905
2.51619
2.51758
2.54443
2.54161
2.54302
2.68381
2.68158
2.68261
2.72438
2.72224
2.72324
2.74233
2.74026
2.7412
2.99893
2.99783
2.99835
2.95523
2.95382
2.95442
2.96842
2.96711
2.96772
3.02795
3.0272
3.02758
3.03566
3.03517
3.03545
3.05235
3.05194
3.05222
3.15745
3.15753
3.15732
3.11485
3.11244
3.11315
3.14723
3.14616
3.14648
3.12134
3.11203
3.11509
3.15611
3.15775
3.15726
3.18734
3.18409
3.18486
3.65434
2.91285
3.17778
-0.375149
-0.384102
-0.37902
-0.209688
-0.216543
-0.211988
-0.509495
-0.518125
-0.513058
-1.54555
-1.53894
-1.54134
-0.524268
-0.515983
-0.517728
-1.19375
-1.187
-1.18837
0.79384
0.787837
0.791589
0.962146
0.959457
0.961383
0.518239
0.514368
0.517464
1.52974
1.52264
1.52681
1.68688
1.68132
1.68411
1.51953
1.51264
1.51602
1.05109
1.04479
1.04862
1.60034
1.5964
1.59862
1.2775
1.27122
1.2751
2.28389
2.28011
2.28212
2.35828
2.35515
2.35693
2.15599
2.15201
2.15412
2.52316
2.52006
2.52153
2.60606
2.60323
2.60459
2.52969
2.52662
2.52808
2.40522
2.40163
2.40353
2.66464
2.66169
2.66337
2.51002
2.50666
2.50846
2.97014
2.96759
2.9689
3.00422
3.00205
3.00328
2.91412
2.91139
2.9128
2.97378
2.97223
2.9729
2.99706
2.99609
2.99656
2.97198
2.97034
2.97099
3.11119
3.10973
3.11049
3.02473
3.02221
3.02343
3.06176
3.05977
3.06078
3.25045
3.2403
3.22016
3.2164
3.21767
3.1742
3.2066
3.1909
3.16632
3.15708
3.16289
3.15944
3.16001
3.1003
3.09162
3.09412
2.97899
3.20633
3.21182
3.19837
3.19634
-0.457787
-0.444818
-0.450595
0.666262
0.676749
0.673559
0.437208
0.457072
0.45143
4.50853
4.51179
4.50937
4.98779
4.99163
4.98937
4.53955
4.5425
4.54009
1.5305
1.52758
1.52875
2.13072
2.1301
2.13072
1.99376
1.9914
1.99248
4.48291
4.48639
4.48405
4.87473
4.87866
4.87663
4.46173
4.46529
4.46302
4.39555
4.39793
4.39656
4.74303
4.74578
4.74443
4.40333
4.40556
4.40421
2.64187
2.63945
2.64073
2.94405
2.94263
2.94365
2.87204
2.87061
2.87159
4.38868
4.39137
4.39
4.67348
4.6763
4.67518
4.38019
4.38279
4.38158
4.31739
4.31908
4.31831
4.53716
4.53677
4.53736
4.33441
4.33545
4.33541
3.30058
3.29639
3.29792
3.17805
3.17635
3.17729
3.2663
3.26544
3.26609
4.4024
4.37677
4.38416
4.28526
4.28698
4.28629
4.29409
4.28914
4.29074
4.92865
3.82989
3.96164
5.55299
5.55746
5.55477
5.84753
5.85221
5.84999
5.90609
5.91083
5.90853
7.58983
7.5938
7.59226
7.84608
7.84971
7.84853
7.65743
7.66153
7.65992
5.18784
5.19102
5.18943
5.43031
5.43403
5.43251
5.47995
5.48352
5.482
7.62695
7.63023
7.62936
7.51966
7.5234
7.52196
7.44782
7.45144
7.45007
7.26711
7.26685
6.98712
6.96968
6.9786
7.0238
7.05386
7.04303
5.04994
5.04696
4.89044
4.88638
4.88795
5.03063
5.00245
5.01101
6.77031
6.86143
6.86321
6.78054
6.76866
8.24683
8.24876
8.24861
8.15589
8.1595
8.15838
8.31055
8.31349
8.31286
9.4538
9.28219
9.22149
-1.46243
-1.5333
-1.47679
-1.58083
-1.53345
-1.91608
-1.97949
-1.94399
-2.68945
-2.7208
-2.40427
-2.41477
-2.4119
-2.344
-2.40315
-2.37232
-1.68609
-1.68836
-1.68453
-2.02579
-2.03264
-2.02863
-2.00862
-2.01824
-2.01452
0.72458
0.717681
0.722001
0.914131
0.907422
0.913146
0.672907
0.665627
0.671559
0.135573
0.128424
0.134366
0.522497
0.515262
0.519721
0.431826
0.42445
0.430441
0.968449
0.960522
0.965432
0.805209
0.798628
0.802832
0.718497
0.711183
0.716886
2.15201
2.147
2.14996
2.26441
2.25993
2.26265
2.15244
2.14718
2.15053
1.93654
1.93068
1.93428
2.12885
2.12404
2.12706
2.07338
2.06765
2.07127
2.31258
2.30864
2.31078
2.25347
2.24963
2.25175
2.20218
2.19736
2.2003
2.8083
2.80606
2.80708
2.86162
2.85945
2.86044
2.81351
2.81122
2.81227
2.73959
2.73693
2.73823
2.829
2.8265
2.82773
2.79968
2.79714
2.79836
2.9057
2.9034
2.90446
2.88331
2.88088
2.88203
2.85743
2.85502
2.85615
3.08547
3.0855
3.08562
3.08899
3.08654
3.08726
3.06405
3.06422
3.06425
3.08281
3.08131
3.08176
3.08404
3.08556
3.08393
3.10371
3.1036
3.10322
3.15102
3.14711
3.14761
3.09185
3.08997
3.09062
3.11123
3.11309
3.11235
-0.102806
-0.0814784
-0.0893263
1.15221
1.17881
1.16857
0.655479
0.6574
0.656583
1.53238
1.52807
1.52992
1.34416
1.3414
1.34267
1.90945
1.9077
1.90725
2.66539
2.66237
2.66296
2.03887
2.03569
2.03607
2.27902
2.27534
2.27631
2.73919
2.73692
2.73748
2.16322
2.15969
2.16041
2.2109
2.20717
2.20885
2.6286
2.62659
2.62777
2.5275
2.5253
2.52653
2.78373
2.78346
2.78354
3.20943
3.20993
3.20988
2.86502
2.86393
2.86438
3.01644
3.01527
3.0159
3.2649
3.26495
3.26513
2.9448
2.94358
2.94414
2.98514
2.98293
2.9842
3.18747
3.18615
3.18712
3.14465
3.14316
3.14418
3.30884
3.30769
3.30853
3.5335
3.53291
3.53358
3.35244
3.35131
3.35213
3.4198
3.41912
3.41977
3.55264
3.55224
3.55275
3.39146
3.39049
3.39125
6.11787
6.12268
6.12077
6.59795
6.60334
6.60094
5.37786
5.38128
5.37934
5.6503
5.65389
5.65219
5.70049
5.70424
5.70247
6.26057
6.2648
6.26267
6.47297
6.47691
6.47519
6.19816
6.20222
6.20018
6.07513
6.07893
6.07705
6.40612
6.40993
6.40827
6.13484
6.13872
6.13679
5.0529
5.05574
5.05467
5.2387
5.23945
5.23955
5.28493
5.28762
5.28678
5.77972
5.78272
5.78168
5.92397
5.92705
5.92539
5.72013
5.72304
5.72167
5.6101
5.60739
5.60868
5.82907
5.82771
5.82849
5.64532
5.64795
5.64682
8.4969
8.50061
8.49968
8.77063
8.774
8.7731
-2.83995
-2.84466
-2.8409
-2.85018
-2.85109
-2.62938
-2.60864
-2.60103
-2.62646
-2.60432
-2.59644
-2.00693
-2.00591
-2.00708
-1.97357
-1.97244
-1.97423
0.77318
0.730083
0.750847
1.22127
1.20961
0.990037
0.934872
0.957322
0.788447
0.780376
0.78381
1.12971
1.12175
1.12469
0.955868
0.945831
0.949519
1.39115
1.35021
1.36841
1.29146
1.27953
1.28383
1.11777
1.10711
1.11071
1.87237
1.86631
1.86964
1.88309
1.87693
1.87932
1.74173
1.73585
1.73847
1.38162
1.37558
1.37971
1.31459
1.30859
1.31087
1.47739
1.47192
1.47436
1.75769
1.75038
1.75285
1.44993
1.44135
1.44425
1.59156
1.58531
1.58764
2.0035
1.99815
2.00163
2.21147
2.2059
2.20858
2.11555
2.11038
2.11283
2.12804
2.12361
2.12589
2.27484
2.27063
2.27283
2.17223
2.168
2.16983
2.31192
2.30711
2.30901
2.32134
2.31752
2.31938
2.2271
2.22269
2.22438
2.63935
2.63725
2.63818
2.62612
2.62352
2.62469
2.5736
2.57119
2.57241
2.43241
2.42881
2.43091
2.37704
2.37265
2.37526
2.46146
2.45778
2.45995
2.55425
2.55079
2.5527
2.41728
2.41333
2.4155
2.4956
2.4923
2.49422
2.70448
2.7026
2.70342
2.79722
2.79564
2.7963
2.75923
2.7575
2.75826
2.78274
2.78074
2.78164
2.84668
2.84489
2.84571
2.79877
2.79685
2.79773
2.84712
2.84568
2.84629
2.85755
2.85606
2.85672
2.81271
2.8111
2.81181
2.99965
2.9987
2.99915
2.99566
2.99456
2.99506
2.97136
2.97024
2.97075
2.91778
2.9162
2.91689
2.89262
2.89097
2.89171
2.9313
2.92979
2.93047
2.96282
2.96172
2.96223
2.90079
2.89941
2.90002
2.93669
2.93548
2.93603
3.02598
3.02542
3.02573
3.06917
3.06896
3.06916
3.04783
3.04757
3.04777
3.0546
3.05432
3.05452
3.09649
3.09605
3.09628
3.07459
3.07434
3.07456
3.08947
3.0893
3.08948
3.08649
3.08617
3.08633
3.06809
3.0679
3.06805
3.13151
3.13105
3.13128
3.15059
3.15021
3.15046
3.12479
3.12399
3.12434
3.09546
3.09567
3.0957
3.11478
3.11455
3.11472
3.1275
3.12744
3.12754
3.13744
3.13724
3.13743
3.10167
3.10136
3.10153
3.11266
3.11234
3.11252
3.1709
3.16325
3.20276
3.19464
3.19793
3.16129
3.18296
3.17254
3.13059
3.13056
3.1307
3.17995
3.17895
3.17935
3.14301
3.14073
3.14151
3.13622
3.13462
3.13554
3.18471
3.18467
3.18461
3.13983
3.14017
3.13952
3.19785
3.18882
3.21955
3.21021
3.21407
3.07699
3.09432
2.97758
3.19997
3.20269
3.20912
3.20544
3.17916
3.1991
3.18966
3.13885
3.12841
3.1321
3.17814
3.17168
-0.653773
-0.667063
-0.661907
-1.171
-1.18406
-1.17861
-0.838128
-0.850734
-0.84467
-0.20462
-0.211756
-0.205715
-0.456819
-0.462358
-0.457
-0.534955
-0.540961
-0.535438
-1.24076
-1.2475
-1.24197
-0.82837
-0.832733
-0.827875
-0.896474
-0.902682
-0.896545
-2.13467
-2.13717
-2.13527
-2.14268
-2.14626
-2.1421
-1.78996
-1.78892
-1.78625
-0.194874
-0.187626
-0.188969
-0.469415
-0.466449
-0.465785
-0.82668
-0.821358
-0.821968
-1.77101
-1.77141
-1.7678
-1.02899
-1.02745
-1.02441
-1.40903
-1.40654
-1.40373
0.382408
0.376652
0.380591
-0.232619
-0.237597
-0.233422
0.0697002
0.065155
0.0688248
0.7009
0.698377
0.700558
-0.118927
-0.119051
-0.117014
0.207395
0.204931
0.207945
-0.603139
-0.606693
-0.602744
-0.645335
-0.646187
-0.642528
-0.279975
-0.282679
-0.279116
1.33807
1.33164
1.33654
1.12066
1.11376
1.11882
1.32413
1.31661
1.32102
1.73921
1.73362
1.73676
1.64282
1.63716
1.64065
1.56986
1.56429
1.56732
1.17002
1.16283
1.16662
1.45155
1.44599
1.44923
1.37417
1.36794
1.3713
0.676629
0.670497
0.674416
0.700252
0.693802
0.697905
0.935501
0.929002
0.933194
1.7819
1.77824
1.78035
1.67739
1.67213
1.67524
1.4905
1.48451
1.4882
0.96507
0.958867
0.962638
1.39104
1.38489
1.38912
1.17864
1.17215
1.1766
2.07486
2.07094
2.0732
1.78644
1.78047
1.7844
1.93186
1.92721
1.93023
2.23053
2.22736
2.22922
1.85382
1.84939
1.85178
2.00891
2.00473
2.00698
1.60637
1.60008
1.60423
1.59177
1.5859
1.58995
1.7666
1.76113
1.76494
2.43406
2.43056
2.43242
2.34676
2.34291
2.34504
2.44
2.43664
2.43831
2.6516
2.6486
2.65003
2.61624
2.6132
2.61471
2.57543
2.57223
2.57378
2.39371
2.39006
2.39189
2.53062
2.5274
2.52905
2.48658
2.48316
2.48483
2.21121
2.20756
2.20963
2.21614
2.21217
2.2143
2.32846
2.32504
2.32699
2.75126
2.74848
2.75005
2.6954
2.69238
2.69401
2.60987
2.60669
2.60842
2.33717
2.33348
2.33543
2.53575
2.53267
2.53439
2.44032
2.43709
2.43889
2.83948
2.83687
2.83827
2.70654
2.70356
2.70507
2.7779
2.77526
2.77668
2.95106
2.94864
2.95004
2.7778
2.77485
2.77643
2.84742
2.84461
2.84609
2.62534
2.6222
2.6238
2.62708
2.62414
2.62572
2.7042
2.70137
2.7029
2.93445
2.93272
2.93349
2.89659
2.89471
2.89553
2.93485
2.93311
2.93388
3.04221
3.04156
3.0419
3.02185
3.02035
3.02082
3.01795
3.01632
3.01694
2.94053
2.93861
2.93949
2.99198
2.98993
2.99076
2.98008
2.9783
2.97911
3.15271
3.14795
3.14944
3.13909
3.13808
3.13804
3.11137
3.10807
3.10926
2.89961
2.89695
2.89825
2.89722
2.89463
2.89591
2.94472
2.94217
2.9434
3.02643
3.02425
3.02512
2.95123
2.94862
2.94987
2.99278
2.99002
2.99122
3.17059
3.15797
3.16074
3.15139
3.15188
3.15156
3.19976
3.19317
3.19409
3.10152
3.09938
3.10009
3.09784
3.09722
3.09696
3.09482
3.09658
3.0948
3.04837
3.04698
3.04754
3.07066
3.0682
3.06903
3.0835
3.07959
3.08076
3.17551
3.17298
3.19578
3.18715
3.16587
3.17063
3.12795
3.12989
3.12922
3.09005
3.09118
3.08984
3.09757
3.09574
3.0965
3.04853
3.07341
3.12582
3.15196
3.13893
3.17127
3.16566
3.16754
2.86226
3.89475
3.16349
3.1078
3.09787
3.10011
3.13214
3.16119
3.14676
3.18532
3.17522
3.23415
3.22484
3.17785
3.17339
3.17473
3.05213
3.08296
3.79033
3.59426
3.14724
2.93897
2.84142
-0.693824
-0.681731
-0.68769
0.0612328
0.0843655
0.0762049
0.226037
0.252839
0.245003
1.71186
1.71382
1.71171
2.38846
2.38751
2.38641
1.56106
1.56797
1.56353
1.24419
1.26283
1.25473
2.30663
2.30893
2.30696
1.40189
1.41438
1.40782
4.66793
4.67093
4.66899
3.90562
3.90736
3.90623
3.84236
3.84369
3.84223
3.2656
3.26428
3.26289
3.8498
3.85049
3.84911
5.03506
5.03905
5.03695
4.61864
4.6217
4.61969
4.57605
4.57906
4.57682
3.24279
3.2428
3.24111
3.88088
3.88202
3.88101
3.86202
3.86288
3.86172
1.33031
1.32741
1.32858
1.67892
1.67487
1.67663
1.83977
1.83647
1.83792
2.65708
2.65682
2.65685
2.98972
2.98968
2.98966
2.56081
2.55927
2.55961
2.34798
2.34471
2.34556
2.91547
2.91489
2.91511
2.45536
2.45279
2.45351
3.84112
3.84306
3.84157
3.34266
3.34269
3.34168
3.84408
3.84649
3.845
4.84381
4.84748
4.84563
4.43073
4.43365
4.43183
4.44476
4.44807
4.44602
3.37517
3.37572
3.37472
3.8634
3.86563
3.8645
3.85254
3.855
3.85364
3.92808
3.92998
3.92903
3.52467
3.52553
3.52479
3.91229
3.91405
3.91314
4.76592
4.76877
4.76736
4.42006
4.42257
4.42098
4.41068
4.41302
4.41156
3.48474
3.48539
3.4847
3.87867
3.88057
3.87958
3.89439
3.89618
3.89527
2.53714
2.5347
2.53598
2.70026
2.69895
2.69989
2.78794
2.7866
2.78757
3.24419
3.24342
3.24406
3.42817
3.4284
3.42871
3.1907
3.18993
3.19052
3.0649
3.06429
3.06475
3.3871
3.38744
3.38768
3.12898
3.12831
3.12883
3.94395
3.94638
3.94528
3.6311
3.63281
3.63197
3.95656
3.95888
3.95791
4.64711
4.64952
4.64869
4.3635
4.36537
4.36467
4.37127
4.37332
4.37245
3.66257
3.66362
3.66315
3.97774
3.97926
3.97881
3.96833
3.96998
3.96934
3.99003
3.99112
3.9911
3.76505
3.76576
3.76572
3.99259
3.99362
3.99363
4.56006
4.56179
4.56143
4.35465
4.35636
4.3558
4.34172
4.34337
4.34292
3.74204
3.74291
3.74277
3.98549
3.98689
3.98657
3.98909
3.99041
3.99021
3.5089
3.50197
3.50353
3.54006
3.53748
3.53842
3.46873
3.46918
3.46895
3.1369
3.13493
3.13603
3.21582
3.21419
3.2152
3.24675
3.24552
3.24634
3.55927
3.5622
3.56051
3.44749
3.44596
3.44674
3.4649
3.46481
3.46461
4.4396
4.43558
4.22586
4.21551
4.22166
4.20533
4.25075
4.23261
3.97597
3.97702
3.97709
3.81343
3.81318
3.81366
3.97694
3.97557
3.9766
3.91524
3.91283
3.91377
3.8182
3.81884
3.81845
3.95286
3.9561
3.95434
3.98337
3.96945
3.79867
3.79117
3.79587
3.66891
3.72844
3.9836
4.15342
4.15784
4.09699
4.08984
3.76609
3.81014
3.79182
3.89935
3.87678
3.8828
3.95854
3.95281
5.61103
5.61578
5.6131
6.03141
6.03668
6.03448
5.96772
5.97268
5.97038
6.3169
6.32163
6.31924
6.66521
6.66995
6.66793
6.38178
6.38663
6.38417
6.51688
6.52231
6.51984
6.73326
6.73813
6.73606
6.44913
6.45423
6.4517
7.85459
7.85938
7.85759
7.50382
7.50879
7.50706
7.23299
7.23729
7.23576
7.07103
7.07566
7.07363
7.30242
7.30679
7.30519
7.91393
7.91774
7.91645
7.79004
7.7945
7.79272
7.72531
7.72959
7.72788
7.14064
7.14547
7.14332
7.43756
7.44223
7.4405
7.37142
7.37594
7.37424
5.22719
5.23045
5.22875
5.57971
5.5834
5.58177
5.52928
5.53297
5.53142
5.83213
5.83569
5.83411
6.13185
6.13549
6.13414
5.89283
5.89654
5.89475
6.00855
6.01219
6.0104
6.19865
6.20244
6.20104
5.95025
5.95382
5.9521
7.55305
7.55511
7.55484
7.30195
7.30516
7.3038
7.37608
7.37937
7.37822
7.16218
7.16625
7.1648
6.86412
6.86823
6.86644
7.08968
7.09369
7.0923
6.94182
6.94547
6.94427
6.7951
6.79897
6.79726
7.01664
7.02038
7.01912
7.29865
7.27297
7.28213
7.21561
7.21853
7.21742
7.15547
7.15439
7.15554
6.60404
6.60297
6.60376
6.51441
6.51763
6.51616
6.70162
6.70435
6.70307
6.86167
6.86493
6.86384
6.58885
6.59217
6.59082
6.78816
6.79015
6.78984
5.27417
5.26339
5.64919
5.63114
5.35159
5.35426
4.90662
4.90852
4.90769
5.15891
5.16185
5.16017
5.08329
5.08106
5.08202
5.38944
5.44742
5.47504
5.51555
5.50026
5.46216
5.44623
5.45465
6.62538
7.24559
6.57501
6.5286
6.50064
6.51007
6.24507
6.28081
6.26763
6.5108
6.50985
6.37487
6.35704
6.21395
6.19681
6.20568
6.15353
6.20608
6.59028
6.78778
5.80969
5.98426
5.83462
8.53599
8.53582
8.53691
8.70388
8.704
8.70486
8.5865
8.5892
8.5886
8.22239
8.22614
8.22495
8.43901
8.44242
8.44159
8.3787
8.38194
8.38118
8.77828
8.77972
8.77944
8.71385
8.71695
8.71619
8.65611
8.65896
8.6582
9.44609
9.43459
9.44098
9.2199
9.22051
9.2213
9.02759
9.01795
8.97566
8.96217
8.96934
8.9529
8.97782
9.35787
9.37026
9.37286
9.33456
9.32858
9.00287
9.01819
9.0128
9.1809
9.16426
9.17145
9.14874
9.15079
3.16303
3.16299
3.16266
6.70487
6.7065
6.70808
-2.06472
0.187508
0.179109
0.183598
1.85173
1.84609
1.84867
2.67234
2.66978
2.67096
3.03505
3.03415
3.03458
3.18196
3.17529
3.1779
0.0607766
0.0751349
0.0711124
1.87638
1.87372
1.87489
2.82048
2.81809
2.81941
3.25127
3.25062
3.25052
4.03739
5.44779
5.45209
5.44963
5.11213
5.11552
5.11401
4.78401
4.77074
4.77812
8.02235
8.02544
8.02439
7.8898
-2.01878
0.0717392
0.0583384
0.0634276
-2.72428
-1.21092
-1.20123
-1.20326
0.353424
0.339515
0.34493
1.7495
1.74324
1.74702
1.90239
1.89632
1.89898
2.61136
2.60879
2.61004
2.68078
2.67842
2.67954
2.99203
2.991
2.99149
3.01978
3.01906
3.01942
3.12182
3.12254
3.12158
3.12104
3.11946
3.12029
-0.0844373
-0.0944509
-0.0891212
-0.882454
-0.872625
-0.874559
1.22573
1.22189
1.224
1.73056
1.7235
1.72675
1.44525
1.44045
1.443
2.49722
2.49394
2.49579
2.61844
2.61568
2.61698
2.59941
2.59632
2.59807
3.06331
3.06094
3.06215
3.01135
3.01029
3.01084
3.10306
3.10093
3.10185
3.09611
3.1341
3.14674
3.1705
3.15887
3.31453
3.30428
-0.201026
-0.182871
-0.188815
4.98216
4.98532
4.98346
1.75003
1.74715
1.7484
4.94337
4.94663
4.9448
4.74854
4.7516
4.75019
2.75805
2.75541
2.75682
4.72362
4.72678
4.72542
4.50248
4.50574
4.50402
3.23238
3.2299
3.23095
4.44367
4.44131
4.4423
5.52757
5.5314
5.52903
7.77423
7.77791
7.77683
5.17333
5.17684
5.1751
7.70137
7.7048
7.70383
6.9361
6.98168
4.79445
4.83856
4.82154
7.1109
7.09417
8.09105
8.09434
8.09337
3.08211
3.18724
3.27512
4.69343
6.49903
6.7942
3.08032
3.084
3.08292
3.10783
3.10514
3.10575
3.04808
3.05159
3.1903
3.19164
5.11344
5.10908
5.10972
5.06615
5.05915
4.82662
4.81626
6.70314
6.69615
9.92422
9.9257
9.92663
-4.29759
3.16687
2.84816
3.27601
3.31208
3.2953
3.61032
3.60281
3.25807
4.46047
5.07017
7.76701
7.79177
7.78304
8.61339
8.61463
8.23988
9.64615
-0.956357
-1.03219
0.971857
0.936011
-0.709548
-0.734117
3.22436
3.22021
-4.38325
-3.12919
-3.17546
-3.1562
-3.84494
-2.14813
-2.16355
-2.15636
-3.78634
-3.85665
-2.86767
-2.87432
-2.8741
-1.98606
-1.99141
-1.98838
-3.3319
-3.4761
3.68929
3.35218
3.34369
3.28123
3.27542
3.27769
4.82924
4.81898
7.49447
7.69122
7.68508
7.69625
7.69732
7.6981
3.35
3.34141
3.28276
3.27694
3.27922
3.35084
4.69241
7.69157
7.68546
7.49794
9.73938
3.16367
3.16005
3.11398
3.11582
3.11549
3.14795
3.14707
3.147
3.16046
3.15491
3.15677
3.09112
3.093
3.09286
6.70964
6.71125
6.71274
6.99302
6.99415
6.99473
6.56871
6.56466
6.56475
-1.22105
-1.2414
-2.56647
-2.67827
-2.6233
-1.58401
-1.59012
-1.58503
0.920969
0.913855
0.918748
0.210021
0.203133
0.20816
1.01993
1.01359
1.01736
2.23369
2.22855
2.23175
1.96469
1.95912
1.96282
2.33621
2.33259
2.33451
2.84552
2.84346
2.84439
2.75853
2.75576
2.75708
2.91689
2.91456
2.9156
3.10681
3.10564
3.10594
3.06791
3.06508
3.06587
3.09202
3.08302
3.08529
3.18317
3.187
3.0558
3.07727
3.18925
3.1813
-1.06533
-1.05702
-1.06121
2.14946
2.16207
2.15662
0.878035
0.877936
0.877986
2.54536
2.54262
2.54269
2.76681
2.76562
2.76593
2.30277
2.30029
2.30156
3.12452
3.1261
3.12558
3.29448
3.29496
3.29504
3.02834
3.02623
3.02748
3.49232
3.49243
3.49287
3.54333
3.54346
3.54392
3.25944
3.25968
3.25949
3.30686
3.30914
3.30738
3.29775
3.29557
3.29647
3.69783
5.73992
5.74496
5.74254
6.86958
6.87493
6.87294
5.30952
5.31308
5.31114
6.53153
6.53587
6.53404
6.33226
6.33629
6.3347
5.00086
5.00274
5.00219
5.99164
5.99306
5.99298
5.75704
5.72828
5.73759
4.69482
4.6986
4.69126
4.75289
4.99153
4.9745
8.34463
8.34874
8.34741
8.88998
8.89282
8.89239
7.94498
7.94792
7.94699
8.17281
8.17451
8.17389
8.08635
8.08609
8.08686
7.48624
-1.80196
0.396326
0.333829
0.36112
-0.0951503
-0.177567
-0.14315
0.175646
0.157068
3.45494
-2.94018
-3.50525
-1.91178
-1.90735
-1.90885
-1.50513
-1.49893
-1.49991
-2.20153
-2.20328
-2.20172
3.79387
3.78917
3.7913
3.70616
3.7055
3.70631
3.69822
3.69672
3.69782
3.19457
3.195
3.19516
3.61496
3.6146
3.61463
8.99805
8.99978
9.00053
8.82712
8.82178
8.824
9.27129
9.27113
9.27094
8.83472
8.82945
8.83165
9.27788
9.27756
9.27748
8.72103
8.72028
8.71973
3.14147
3.13926
3.13967
3.14534
3.1496
3.14785
3.11274
3.11717
3.11567
3.13383
3.13695
3.13544
3.09199
3.09623
3.09501
3.12186
3.12626
3.12473
3.79674
3.79208
3.7942
3.70916
3.7085
3.70929
3.9929
3.99159
3.99185
3.69847
3.69698
3.69808
3.97552
3.97436
3.97475
3.19608
3.1965
3.19667
3.61833
3.61795
3.61797
9.00069
9.00248
9.00322
8.82972
8.82439
8.82661
8.8361
8.83081
8.83301
7.34519
7.34211
7.3416
8.72371
8.72297
8.72243
3.14163
3.1394
3.13981
3.14576
3.14998
3.14821
3.11306
3.1175
3.11598
3.13442
3.13749
3.13597
3.0927
3.09688
3.09566
3.12215
3.12653
3.12498
3.10205
3.10579
3.1047
1.14082
1.11771
1.01725
1.01097
1.01413
1.54305
1.53387
1.53655
2.03975
2.03268
2.03625
1.22912
1.22321
1.22672
1.67591
1.66816
1.67099
2.15377
2.14746
2.15106
2.26464
2.25988
2.26274
2.42862
2.42398
2.42627
2.70625
2.70378
2.70485
2.36871
2.3644
2.36713
2.51222
2.5078
2.51027
2.76401
2.76189
2.76279
2.84402
2.84206
2.84294
2.89969
2.89817
2.89884
3.02925
3.02842
3.02884
2.88973
2.88794
2.88873
2.93885
2.93749
2.9381
3.05367
3.05326
3.05355
3.08098
3.08024
3.08051
3.11282
3.11256
3.11278
3.1651
3.16476
3.16504
3.09472
3.09438
3.09452
3.12852
3.1283
3.12852
3.07196
3.09091
3.17062
3.17045
3.17066
3.18495
3.18598
3.18579
3.21834
3.21998
3.19645
3.18789
3.21065
3.20731
3.20836
-0.917309
-0.991166
-0.955303
-0.114335
-0.120281
-0.114537
-1.24106
-1.24309
-1.23889
-2.5855
-2.58725
-2.58456
0.11572
0.121599
0.12143
-1.42462
-1.42387
-1.42038
0.120381
0.11424
0.118719
0.432677
0.433815
0.435255
-1.00268
-1.00367
-1.00019
1.18023
1.17368
1.17901
1.84217
1.83619
1.84014
1.28545
1.27945
1.28305
0.446857
0.440109
0.444455
1.98077
1.97652
1.97877
1.23581
1.22927
1.23311
1.97715
1.97146
1.97513
2.13221
2.12824
2.13035
1.45549
1.44894
1.45296
2.36874
2.36457
2.36704
2.70527
2.70242
2.70383
2.4633
2.45998
2.46167
2.12117
2.11648
2.11923
2.84291
2.84028
2.84179
2.46499
2.46153
2.46333
2.79139
2.78855
2.78997
2.91043
2.90791
2.90932
2.5615
2.55826
2.55993
2.90473
2.90281
2.90367
3.04422
3.04382
3.04399
2.96705
2.96497
2.96583
3.17096
3.1726
3.1709
2.85685
2.85412
2.85545
3.00526
3.0029
3.00392
3.17181
3.16974
3.17051
3.1138
3.115
3.11443
3.04088
3.03913
3.03987
2.94018
3.12848
3.12859
3.12825
3.16627
3.15659
3.15871
3.15385
3.15441
3.17456
3.17977
3.53352
3.1747
3.17263
-0.900985
-0.889606
-0.895832
2.51575
2.5122
2.51231
2.27797
2.28336
2.28078
5.18495
5.18808
5.18671
3.27083
3.27405
3.27156
3.34934
3.347
3.34634
5.12481
5.1281
5.12658
3.29131
3.29198
3.29034
1.15287
1.15021
1.1513
3.09035
3.09037
3.09039
2.88449
2.88283
2.8834
3.37197
3.37044
3.36985
4.84853
4.85144
4.84997
3.45621
3.45637
3.45581
3.59333
3.59436
3.59365
4.82146
4.82421
4.82282
3.49028
3.49036
3.4899
2.45898
2.45587
2.45739
3.47866
3.47825
3.4788
3.36277
3.36264
3.36297
3.62554
3.62735
3.62647
4.64255
4.6448
4.64418
3.70871
3.70952
3.7093
3.79424
3.79445
3.79468
4.61218
4.61428
4.61374
3.73456
3.73518
3.73508
3.54744
3.52817
3.5327
3.10157
3.09954
3.10069
3.57888
3.57605
3.57743
4.12072
4.1823
3.80432
3.8045
3.8048
3.81184
3.81259
3.8123
3.75147
3.75649
4.43047
4.41456
3.8385
3.83212
3.83388
5.70341
5.70762
5.70538
6.60482
6.60914
6.60726
6.80502
6.80998
6.80794
8.03833
8.0427
8.04131
7.27827
7.28354
7.2814
7.00011
7.00441
7.00248
7.97508
7.9792
7.97785
7.20854
7.21345
7.21129
5.29073
5.29389
5.29216
6.06806
6.07127
6.07017
6.27435
6.27793
6.27642
7.47095
7.47311
7.4721
6.92882
6.93295
6.93111
6.72073
6.72451
6.72289
7.37081
7.37008
7.37092
6.425
6.42787
6.42673
6.64706
6.65067
6.64915
5.23362
4.97543
4.97786
4.97671
5.75869
5.75697
6.37142
6.36949
6.3707
6.0934
6.09572
6.10591
6.00754
5.99615
8.64958
8.62966
8.63766
8.285
8.28888
8.28755
8.83639
8.83827
8.8383
9.43134
9.45031
9.12842
9.13103
9.13059
8.88472
8.88708
9.48312
9.47605
9.08675
9.08706
9.08801
3.07677
4.29308
6.31771
9.55764
3.07666
3.08086
3.07991
3.09353
3.08981
3.0907
3.04863
3.05297
3.13223
3.12819
3.1289
3.06848
3.0728
3.07191
3.16944
3.16852
3.16868
3.09718
3.10014
3.1
4.44998
4.44535
4.44732
4.4626
4.45749
4.78988
4.78497
4.78742
4.77144
4.76434
4.76748
5.05296
5.04786
5.04976
6.65702
6.65683
6.65908
9.70593
9.70573
9.70632
9.74098
9.74152
9.75129
9.75254
9.75232
9.92835
9.92971
9.93062
10.1065
10.1074
10.1077
9.88192
9.88148
9.88303
10.0615
10.0615
10.0624
3.19015
3.18714
2.8813
2.95538
3.15328
3.7313
3.49514
3.30864
3.30148
3.30265
3.38333
3.37418
3.30354
3.28787
3.29138
3.4637
3.50404
3.48632
3.36743
3.42104
3.50383
3.49845
3.50151
3.43618
3.43241
3.65966
3.64713
3.46751
3.47271
4.6226
4.6138
4.39547
4.54806
5.08255
5.96814
5.45815
7.88539
7.88498
7.88604
7.98228
7.98299
8.01789
7.99473
8.00331
8.43028
8.44979
8.44296
8.37035
8.40177
8.39733
8.38197
8.38988
8.22537
8.21568
8.46838
8.45595
8.28761
8.28936
9.69813
-1.28277
-0.502955
-0.909374
-0.350792
0.587532
0.567235
0.816181
0.445075
0.395911
-0.456916
-0.517139
-0.486355
-0.267686
-0.323934
-0.0318108
-0.0758492
0.549681
-0.156963
0.127129
3.00038
2.94734
-3.86453
-2.85646
-2.96217
-3.34203
-3.39629
-3.33952
-3.41466
-4.07604
-3.63407
-3.71478
-3.70263
-2.74425
-2.754
-2.7568
-3.31491
-3.38028
-2.53854
-2.54523
-2.54484
-3.14679
-3.18311
-3.17028
-2.81436
-2.83117
-2.82694
-1.76874
-1.76777
-1.76694
-2.61576
-2.62421
-2.62409
-2.45211
-2.45596
-2.45417
-3.38587
-3.43817
-3.31329
-3.35478
-3.35277
-2.97932
-3.09788
-3.03837
3.47589
3.21517
3.10989
3.10554
3.10699
3.11618
3.1179
3.1169
3.10527
3.10585
3.10518
3.17786
3.17215
3.12907
3.12483
3.12562
3.09132
3.08734
3.08834
3.05397
3.05611
3.05586
3.63553
3.7945
3.82999
3.85956
3.84972
3.73192
3.73
3.69834
3.69606
3.69764
3.95064
3.94932
3.95038
3.24243
3.55071
3.30023
3.29311
3.29541
3.26426
3.26255
3.26317
3.28829
3.28812
3.27131
3.26485
3.26724
3.57702
3.56875
3.51017
3.50305
3.50551
3.58839
3.58617
3.58358
3.5828
3.58381
3.59781
3.59706
3.5975
6.01697
6.18892
6.18745
6.18882
5.96012
5.95537
5.95809
5.96334
5.95854
5.96119
6.19907
6.18996
5.45557
5.45023
5.45286
5.8275
5.82262
5.82294
5.82433
5.81936
5.81983
5.48686
5.4832
5.48524
4.78912
4.78422
4.78666
4.46551
4.46049
4.77351
4.76642
4.76955
8.80023
8.62837
8.98707
8.98382
8.81764
8.81104
9.25173
9.24939
8.78372
8.77768
8.78045
7.26013
7.09579
8.50473
7.65127
7.64963
7.65125
7.42648
7.42
7.42318
7.4678
7.45868
7.31291
7.30736
7.70223
7.70307
7.70383
8.7274
8.72663
8.72614
8.42752
8.43042
8.43079
8.669
8.66667
8.66722
8.37559
8.37664
8.3776
10.4108
10.409
10.4104
10.4132
10.4114
10.4128
10.2183
10.2204
10.2212
10.3375
10.3389
10.3397
10.254
10.2575
10.2578
10.2581
10.2614
10.2617
10.3718
10.3745
10.3747
10.3747
10.3774
10.3775
9.7056
9.70544
9.70603
9.73937
9.73992
9.74825
9.74948
9.74925
9.92737
9.92876
9.92965
9.88144
9.88102
9.88257
-1.59922
-1.59596
-1.59686
-1.51239
-1.50273
-2.80568
-2.80943
-2.80668
-2.0069
-2.00381
-2.60793
-2.6009
-1.5048
-1.50185
-1.50355
-2.58079
-2.56284
-2.55706
-2.0357
-2.03668
-2.03749
-1.3738
-1.86674
-2.59118
3.18391
3.18071
3.16267
3.16577
3.15502
3.15861
3.15705
3.09931
3.10447
3.10307
3.22603
3.17893
3.14399
3.14146
3.14192
3.10169
3.10553
3.10442
3.07861
3.08297
3.10623
3.11119
3.10984
3.17123
3.16881
3.16893
3.11102
3.1067
3.10814
3.117
3.11875
3.11775
3.10352
3.10411
3.10343
3.17601
3.17024
3.12774
3.12347
3.12429
3.06244
3.06556
3.06525
3.10164
3.09846
3.09928
3.07597
3.07859
3.07793
3.05232
3.05445
3.05419
3.08981
3.08583
3.08684
3.21196
3.07329
3.85729
3.84734
3.72975
3.72772
3.69663
3.69423
3.69585
3.94815
3.94683
3.94791
3.79133
3.63216
3.29845
3.29121
3.29357
3.2629
3.26101
3.26171
3.28642
3.28619
3.16527
3.16497
3.27017
3.26365
3.26605
3.50835
3.5012
3.50368
3.49073
3.48472
3.48694
3.59837
3.59756
3.598
3.58588
3.58355
3.58169
3.58088
3.58191
3.23852
3.47298
6.19231
6.19103
6.19236
5.96393
5.95918
5.96186
5.96593
5.96125
5.96385
6.20022
6.19106
5.83208
5.8272
5.82751
5.82725
5.82227
5.82274
5.48894
5.48538
5.48741
6.01792
4.29101
8.98828
8.98503
8.81833
8.81172
8.78301
8.77695
8.77972
8.63034
8.80196
7.65009
7.64838
7.64999
7.42493
7.41845
7.42163
7.46719
7.45807
7.31175
7.30616
7.70482
7.70567
7.70645
8.72896
8.72818
8.72771
8.66791
8.66553
8.66608
8.37394
8.37495
8.3759
7.26422
8.22067
10.4133
10.4115
10.4129
10.4149
10.413
10.4145
10.2186
10.2207
10.2215
10.3379
10.3393
10.3401
10.2565
10.26
10.2603
10.2592
10.2625
10.2628
10.3763
10.3789
10.3791
9.55859
3.22866
3.18124
3.18545
3.18239
3.16421
3.16731
3.15518
3.15884
3.15724
3.23602
3.10701
3.1972
3.19575
3.1714
3.16906
3.16915
3.07994
3.08434
3.10628
3.1113
3.10993
3.08901
3.09295
3.09171
3.09469
3.09096
3.09185
3.13342
3.12938
3.13008
3.04962
3.05408
-1.81018
-1.87874
-2.42255
-2.51035
-2.16479
-2.19831
0.439828
0.432295
0.436508
0.101858
0.0944264
0.0995762
0.37763
0.369394
0.375145
1.98769
1.98271
1.98525
1.84931
1.84425
1.84695
1.98887
1.98368
1.98673
2.73475
2.7324
2.73348
2.67909
2.67653
2.67775
2.74106
2.73871
2.73984
3.06045
3.05992
3.06023
3.0263
3.02508
3.02554
3.04696
3.04617
3.04642
0.343251
0.35101
0.348821
0.896719
0.901988
0.900309
1.11193
1.11275
1.11281
2.02762
2.02489
2.0262
2.26304
2.26246
2.263
2.38189
2.38067
2.38154
2.8955
2.89317
2.89448
3.01304
3.01166
3.01269
3.07089
3.0695
3.07058
5.39952
5.40365
5.40134
5.79071
5.79521
5.7931
5.73591
5.74019
5.73822
5.07456
5.07753
5.07633
5.37963
5.38303
5.38183
5.32844
5.33143
5.33047
0.589233
0.576962
0.581437
0.575562
0.56516
0.569561
0.770929
0.761158
0.765401
1.82649
1.82101
1.82495
1.59385
1.58827
1.59277
1.68649
1.68043
1.68407
1.96919
1.96374
1.96664
2.03024
2.02534
2.02763
2.088
2.0826
2.08476
2.63527
2.63267
2.63389
2.54017
2.5373
2.53868
2.56733
2.56446
2.56581
2.70156
2.69919
2.7003
2.73956
2.73732
2.73836
2.75788
2.75566
2.75669
3.00633
3.00526
3.00577
2.9639
2.96248
2.96309
2.97683
2.9755
2.97611
3.03451
3.03384
3.03421
3.04219
3.04173
3.042
3.05843
3.05805
3.05833
3.16135
3.16143
3.16126
3.11932
3.11689
3.11763
3.15141
3.15034
3.1507
3.12507
3.11559
3.11873
3.15992
3.16149
3.16105
3.19128
3.18791
3.18874
3.65701
2.91945
3.1814
-0.379817
-0.388225
-0.383154
-0.209878
-0.216327
-0.211807
-0.520327
-0.528491
-0.523495
-1.58028
-1.57244
-1.57545
-0.544242
-0.53527
-0.537124
-1.21809
-1.21059
-1.21232
0.827059
0.820572
0.824607
0.98942
0.986808
0.988802
0.546333
0.542241
0.545415
1.56842
1.56106
1.56522
1.72002
1.7146
1.71745
1.55281
1.54616
1.54949
1.08949
1.08242
1.08664
1.63863
1.63388
1.63638
1.31872
1.3114
1.31573
2.31461
2.31073
2.31279
2.38851
2.38512
2.38702
2.18955
2.18536
2.18756
2.54485
2.54183
2.54326
2.62394
2.62119
2.62253
2.54949
2.54654
2.54797
2.43221
2.42862
2.43054
2.68833
2.68535
2.68704
2.53477
2.53141
2.53322
2.98348
2.98095
2.98224
3.01797
3.01583
3.01702
2.92843
2.92577
2.92714
2.98226
2.98073
2.9814
3.00459
3.00369
3.00413
2.98048
2.97891
2.97954
3.12196
3.12052
3.12125
3.03682
3.03432
3.03551
3.07293
3.07094
3.07193
3.25809
3.24817
3.22571
3.22189
3.22322
3.18132
3.21374
3.19806
3.17001
3.16088
3.16733
3.16382
3.16443
3.1045
3.0957
3.09828
2.98504
3.21178
3.21725
3.2031
3.2011
-0.452256
-0.4372
-0.4437
0.676268
0.686038
0.683245
0.439362
0.458195
0.453096
4.55645
4.5588
4.55678
5.02425
5.02727
5.02538
4.58862
4.59066
4.58868
1.57064
1.56734
1.56872
2.1665
2.16477
2.16572
2.03027
2.02677
2.02822
4.52872
4.53136
4.52939
4.9094
4.91264
4.91089
4.50577
4.50858
4.50665
4.42583
4.42835
4.42699
4.77179
4.7745
4.77321
4.43504
4.43723
4.43597
2.66845
2.66569
2.6671
2.96676
2.96497
2.96609
2.89494
2.89311
2.89422
4.41661
4.4195
4.41811
4.6979
4.70082
4.69968
4.40654
4.40927
4.40806
4.33057
4.332
4.3313
4.54867
4.54837
4.54898
4.35032
4.35113
4.35111
3.31175
3.30756
3.30908
3.18895
3.18733
3.18821
3.27759
3.27679
3.27739
4.41039
4.38445
4.39203
4.29621
4.29758
4.29702
4.30331
4.29793
4.2997
4.93252
3.83663
3.96584
5.58246
5.58622
5.58381
5.86555
5.86989
5.86779
5.92362
5.92801
5.92586
7.58169
7.58574
7.58421
7.84226
7.84613
7.84494
7.65045
7.65463
7.65303
5.21021
5.21327
5.21171
5.45089
5.45437
5.45284
5.49951
5.50286
5.50134
7.62638
7.62947
7.62859
7.50904
7.51294
7.51151
7.4375
7.44125
7.43988
7.26584
7.26543
6.97771
6.96037
6.96913
7.01272
7.04272
7.03188
5.05704
5.05433
4.90423
4.90044
4.90193
5.04076
5.01291
5.02144
6.77004
6.85273
6.85431
6.77209
6.76037
8.24366
8.2457
8.24557
8.15622
8.15981
8.15864
8.30833
8.31126
8.31063
9.45467
9.28281
9.22189
-1.41048
-1.4799
-1.41764
-1.51986
-1.47358
-1.84423
-1.90684
-1.87214
-2.58877
-2.62066
-2.31921
-2.33158
-2.32777
-2.25306
-2.31306
-2.28222
-1.62871
-1.63247
-1.6282
-1.95444
-1.96308
-1.95846
-1.93578
-1.94697
-1.94252
0.6951
0.688069
0.692133
0.887162
0.880306
0.885875
0.649031
0.641504
0.647279
0.119578
0.112337
0.118028
0.500279
0.493237
0.49749
0.408426
0.401028
0.406777
0.934697
0.927016
0.931857
0.777073
0.770578
0.774641
0.687731
0.680661
0.686175
2.12029
2.11533
2.1181
2.23745
2.23276
2.23568
2.12339
2.11815
2.12149
1.90129
1.89564
1.89907
2.09878
2.09392
2.09708
2.04028
2.03464
2.03824
2.28545
2.28128
2.28362
2.22651
2.2225
2.22482
2.17254
2.16757
2.17067
2.79453
2.79236
2.79335
2.84996
2.84788
2.84882
2.80016
2.79798
2.79899
2.72417
2.72139
2.72272
2.81624
2.81367
2.81491
2.78574
2.78321
2.78442
2.8944
2.89222
2.89324
2.87135
2.86892
2.87006
2.84432
2.842
2.84312
3.07949
3.07952
3.07965
3.08325
3.08082
3.08152
3.05796
3.05813
3.05815
3.07636
3.07479
3.07526
3.07782
3.07929
3.07767
3.09814
3.09788
3.09754
3.14584
3.14191
3.1424
3.08637
3.08431
3.085
3.10601
3.10774
3.10704
-0.0644321
-0.0483053
-0.0557281
1.10138
1.12986
1.11934
0.622157
0.62492
0.623925
1.50238
1.49861
1.50022
1.31616
1.31392
1.315
1.85565
1.85471
1.85385
2.61942
2.61711
2.61733
1.98878
1.98627
1.98628
2.23364
2.23033
2.23105
2.69443
2.69278
2.69302
2.11585
2.11282
2.11319
2.17274
2.17019
2.17145
2.60064
2.5994
2.60032
2.49735
2.49609
2.497
2.75043
2.75108
2.75079
3.18466
3.18576
3.18545
2.83544
2.83524
2.83533
2.99287
2.99234
2.99272
3.24257
3.24313
3.24311
2.91811
2.91763
2.9179
2.96848
2.9662
2.96749
3.1699
3.16861
3.16965
3.12782
3.12636
3.12738
3.29567
3.29485
3.29553
3.51761
3.51756
3.51809
3.33952
3.33863
3.33932
3.40943
3.40873
3.40935
3.53961
3.53956
3.53996
3.38187
3.38094
3.38162
6.09997
6.1053
6.10321
6.58775
6.59339
6.59093
5.35316
5.35697
5.35489
5.63069
5.63448
5.63276
5.68264
5.68662
5.68478
6.25234
6.25681
6.25459
6.46539
6.4696
6.46783
6.18975
6.19401
6.19191
6.06778
6.07164
6.06975
6.39878
6.40282
6.40117
6.12786
6.13187
6.1299
5.03329
5.03592
5.03494
5.22432
5.2247
5.22493
5.26886
5.27136
5.27063
5.77459
5.77738
5.77636
5.91359
5.91665
5.91508
5.71349
5.71627
5.71494
5.60266
5.59965
5.60109
5.82125
5.81963
5.82051
5.63899
5.6414
5.64038
8.49777
8.50148
8.50055
8.76956
8.77296
8.77205
0.800432
0.756008
0.777378
1.26713
1.25522
1.01925
0.962029
0.985387
0.811631
0.804012
0.807426
1.16721
1.15912
1.16213
0.992703
0.982614
0.986313
1.43888
1.39663
1.41545
1.32295
1.31091
1.31535
1.14971
1.13912
1.14278
1.90509
1.89896
1.90258
1.92839
1.92201
1.92467
1.77677
1.7708
1.77372
1.41153
1.40551
1.40995
1.35571
1.34971
1.35207
1.51794
1.51214
1.51491
1.80218
1.79473
1.79727
1.48403
1.47567
1.4786
1.62418
1.61804
1.62045
2.03638
2.03106
2.03441
2.24894
2.24319
2.24587
2.14638
2.14116
2.14358
2.15694
2.15246
2.15488
2.30624
2.30177
2.30418
2.20596
2.20166
2.20363
2.34697
2.34198
2.34392
2.34982
2.34571
2.34779
2.25713
2.25273
2.2545
2.65865
2.65633
2.65736
2.64887
2.64602
2.64723
2.59519
2.59264
2.59379
2.4555
2.45208
2.45403
2.40527
2.40085
2.40359
2.48706
2.48345
2.48549
2.57996
2.5764
2.57824
2.44337
2.43921
2.44166
2.51951
2.51614
2.51802
2.7216
2.71948
2.7204
2.81199
2.81015
2.81093
2.77418
2.77221
2.77308
2.79638
2.7943
2.79524
2.85877
2.85686
2.85773
2.81257
2.81052
2.81146
2.85991
2.85824
2.85896
2.86904
2.86738
2.86813
2.82593
2.82412
2.82492
3.00688
3.00596
3.00641
3.00317
3.00207
3.00259
2.9795
2.97834
2.97888
2.92743
2.92582
2.92652
2.90335
2.90162
2.9024
2.94074
2.93919
2.9399
2.97133
2.97015
2.9707
2.91106
2.90955
2.91023
2.94582
2.94451
2.94511
3.03248
3.03197
3.03228
3.07476
3.07455
3.07478
3.05393
3.05368
3.0539
3.06077
3.06049
3.06069
3.10171
3.10128
3.10153
3.08024
3.08001
3.08024
3.09471
3.09453
3.09474
3.09187
3.09153
3.09172
3.07381
3.07361
3.07378
3.13579
3.13528
3.13555
3.15472
3.1543
3.15459
3.12923
3.1284
3.1288
3.10035
3.10052
3.10059
3.11964
3.1194
3.11959
3.13204
3.13197
3.1321
3.14188
3.14163
3.14186
3.10668
3.10635
3.10655
3.11745
3.1171
3.11732
3.1747
3.16707
3.20673
3.19846
3.20181
3.16512
3.18675
3.17634
3.13486
3.13474
3.13494
3.18376
3.18267
3.18313
3.14724
3.14487
3.14571
3.14027
3.1386
3.13957
3.18838
3.18823
3.18824
3.14405
3.14429
3.14371
3.20284
3.19363
3.22319
3.21365
3.21757
3.08133
3.09845
2.98229
3.20397
3.20654
3.21312
3.20932
3.18256
3.2024
3.19299
3.14318
3.1325
3.13629
3.18225
3.17576
-0.670919
-0.683652
-0.678499
-1.21223
-1.2242
-1.21897
-0.865485
-0.877464
-0.871492
-0.199302
-0.206262
-0.200089
-0.464534
-0.469356
-0.464036
-0.540775
-0.54644
-0.540857
-1.27751
-1.2832
-1.27785
-0.852215
-0.85563
-0.850861
-0.917993
-0.923558
-0.917622
-2.202
-2.20285
-2.2017
-2.21323
-2.21462
-2.21112
-1.84405
-1.84173
-1.83957
-0.204456
-0.196231
-0.19764
-0.471013
-0.467961
-0.467382
-0.839144
-0.833286
-0.834158
-1.82568
-1.82411
-1.82099
-1.05425
-1.05227
-1.04942
-1.44663
-1.44311
-1.44079
0.403355
0.397565
0.401549
-0.223588
-0.228292
-0.224165
0.083012
0.0784668
0.0821787
0.721495
0.718938
0.721228
-0.108066
-0.108424
-0.106297
0.226466
0.224259
0.22718
-0.608525
-0.611673
-0.607816
-0.653053
-0.653237
-0.650007
-0.27779
-0.279929
-0.276637
1.3757
1.36898
1.37394
1.15179
1.14479
1.14989
1.3565
1.34888
1.3532
1.77616
1.77044
1.77371
1.67816
1.67228
1.67595
1.60758
1.60202
1.60509
1.20674
1.19954
1.20338
1.48682
1.48108
1.48447
1.41171
1.40546
1.4089
0.704632
0.698286
0.702337
0.733077
0.726213
0.730505
0.968167
0.961264
0.965743
1.82097
1.81637
1.81876
1.71898
1.71298
1.71634
1.53278
1.52587
1.52996
1.00229
0.995591
0.999595
1.42868
1.42196
1.42651
1.21488
1.20785
1.21265
2.10666
2.10263
2.10493
1.82392
1.81767
1.82172
1.96585
1.96112
1.96408
2.2641
2.26044
2.26245
1.8936
1.8886
1.89115
2.04648
2.04185
2.04425
1.64549
1.63886
1.64321
1.62939
1.62304
1.62736
1.80317
1.79745
1.8013
2.45836
2.45502
2.45666
2.37096
2.36739
2.3693
2.46235
2.45911
2.4607
2.66899
2.6661
2.6675
2.63434
2.63137
2.63284
2.59496
2.59187
2.59337
2.41786
2.41432
2.41611
2.551
2.54782
2.54944
2.50856
2.50524
2.50687
2.24003
2.23632
2.2384
2.24533
2.24131
2.24344
2.3553
2.35181
2.35376
2.77164
2.76884
2.77041
2.71543
2.71244
2.71404
2.63151
2.62835
2.63005
2.36331
2.35961
2.36154
2.55794
2.55484
2.55654
2.46424
2.46098
2.46277
2.85422
2.85165
2.85301
2.72383
2.7209
2.72238
2.79399
2.79139
2.79278
2.9669
2.96453
2.96588
2.79519
2.79231
2.79383
2.86366
2.8609
2.86235
2.64469
2.64158
2.64316
2.64672
2.64379
2.64535
2.72231
2.7195
2.721
2.94395
2.9422
2.94299
2.90737
2.90542
2.90629
2.94424
2.94247
2.94326
3.04878
3.04825
3.04857
3.0306
3.02908
3.02955
3.02608
3.02451
3.02514
2.95124
2.94922
2.95014
3.00048
2.99841
2.99924
2.9887
2.98687
2.98772
3.16247
3.15776
3.15922
3.1479
3.14697
3.1469
3.12159
3.11832
3.11948
2.913
2.91035
2.91164
2.9099
2.90737
2.90862
2.95669
2.95418
2.95538
3.03572
3.03369
3.03451
2.96309
2.96053
2.96174
3.00395
3.00125
3.00243
3.17829
3.16559
3.16841
3.15988
3.16046
3.16008
3.20688
3.20035
3.20126
3.108
3.10598
3.10667
3.10568
3.10503
3.10476
3.10282
3.10459
3.10282
3.0581
3.05676
3.05727
3.07765
3.07524
3.07609
3.09097
3.08715
3.08831
3.17931
3.17676
3.19974
3.19109
3.16978
3.17455
3.13257
3.13448
3.13383
3.09526
3.09639
3.09507
3.10197
3.10022
3.10097
3.05221
3.07721
3.13037
3.15666
3.14361
3.1757
3.17003
3.17196
2.87022
3.89555
3.16855
3.11494
3.10479
3.10713
3.13685
3.16609
3.15163
3.19129
3.18141
3.23968
3.23032
3.18299
3.17854
3.1799
3.05809
3.08897
3.79138
3.59624
3.15144
2.9449
2.84819
-0.694124
-0.68104
-0.687661
0.035589
0.0628479
0.0543821
0.213046
0.240393
0.232886
1.76889
1.76992
1.76822
2.43829
2.43627
2.43583
1.62257
1.62869
1.62473
1.30551
1.32382
1.31558
2.35687
2.35812
2.35687
1.4642
1.47633
1.47009
4.71841
4.72052
4.71902
3.95796
3.95851
3.95794
3.89208
3.89237
3.89138
3.32955
3.32725
3.32639
3.90034
3.9
3.89916
5.07227
5.07537
5.07363
4.6693
4.67149
4.66992
4.62634
4.62844
4.62665
3.30941
3.30843
3.30734
3.93343
3.93347
3.93302
3.91362
3.91345
3.91286
1.36857
1.36482
1.36635
1.71167
1.70684
1.70893
1.87392
1.86957
1.87146
2.69373
2.6927
2.69304
3.02518
3.02433
3.02469
2.60101
2.59838
2.59912
2.39159
2.38789
2.38902
2.95489
2.95346
2.95401
2.49757
2.49409
2.49518
3.88922
3.89024
3.88919
3.39682
3.39606
3.39546
3.89116
3.89272
3.8916
4.87718
4.88031
4.87868
4.47009
4.47259
4.47099
4.48638
4.48908
4.4873
3.42562
3.42556
3.4249
3.90634
3.90811
3.90716
3.89739
3.89922
3.89812
3.95807
3.96008
3.95918
3.55971
3.56017
3.55968
3.9451
3.94673
3.94598
4.79663
4.79936
4.79804
4.45642
4.4587
4.45727
4.4451
4.44732
4.44598
3.52402
3.52422
3.52383
3.91836
3.9199
3.91911
3.93105
3.9326
3.93188
2.56637
2.56345
2.56494
2.72649
2.72455
2.72571
2.81272
2.81086
2.81201
3.26079
3.25956
3.26037
3.44472
3.44437
3.44485
3.20828
3.20703
3.20779
3.08648
3.0853
3.08597
3.40455
3.40434
3.40476
3.14866
3.14745
3.14817
3.97024
3.97285
3.97181
3.65459
3.6561
3.65542
3.97968
3.98211
3.98124
4.66945
4.67204
4.67114
4.386
4.38794
4.38721
4.39602
4.39821
4.39731
3.68332
3.68423
3.68388
3.99479
3.9965
3.99614
3.98864
3.99048
3.98995
4.0024
4.00314
4.00328
3.77698
3.77728
3.77741
4.0058
4.00657
4.00671
4.57302
4.57501
4.57464
4.3756
4.37722
4.37665
4.35958
4.36112
4.36067
3.75572
3.75624
3.75626
4.00181
4.00316
4.00293
4.00274
4.004
4.00392
3.51686
3.50993
3.51146
3.54907
3.54662
3.54755
3.47525
3.47584
3.47558
3.14973
3.14787
3.14891
3.22962
3.2281
3.22904
3.26104
3.25982
3.26057
3.57148
3.57437
3.57267
3.45474
3.45342
3.45419
3.47351
3.47351
3.4733
4.44728
4.44292
4.23244
4.22177
4.22801
4.21257
4.25718
4.23935
3.98786
3.98848
3.9887
3.8216
3.82096
3.82164
3.98964
3.98769
3.98886
3.9262
3.92346
3.92453
3.82412
3.82445
3.82425
3.96364
3.9665
3.96488
3.99104
3.97702
3.80307
3.79549
3.80018
3.67632
3.73516
3.98991
4.15843
4.16259
4.10317
4.09576
3.77279
3.81629
3.79817
3.90843
3.8854
3.8915
3.96775
3.96191
5.64157
5.6455
5.6431
6.04937
6.05411
6.05206
5.98584
5.99031
5.98816
6.32627
6.33077
6.32847
6.67044
6.67497
6.67298
6.39136
6.39602
6.39361
6.52712
6.53227
6.52984
6.73833
6.74302
6.74095
6.4592
6.46406
6.46158
7.85274
7.85757
7.85578
7.50278
7.50774
7.506
7.23244
7.23652
7.23495
7.06916
7.07363
7.0716
7.30042
7.30466
7.30304
7.91055
7.91461
7.91333
7.78666
7.79117
7.78941
7.72028
7.72461
7.72293
7.13983
7.14453
7.14238
7.43602
7.44066
7.43891
7.36965
7.37412
7.3724
5.25086
5.254
5.25232
5.59897
5.60242
5.60078
5.55036
5.55371
5.55216
5.83801
5.84163
5.84005
6.14188
6.1453
6.14392
5.89725
5.90105
5.89928
6.01373
6.01743
6.01564
6.21021
6.21365
6.21223
5.95608
5.95966
5.95796
7.55135
7.55325
7.553
7.2911
7.29423
7.29291
7.36382
7.36726
7.36612
7.16071
7.16462
7.16314
6.86
6.86404
6.86225
7.09067
7.09448
7.09303
6.94478
6.94811
6.94689
6.78857
6.79248
6.79077
7.01666
7.02028
7.01897
7.29873
7.27277
7.28189
7.20339
7.20625
7.2052
7.14546
7.14415
7.14535
6.60691
6.60579
6.60657
6.50685
6.51008
6.50866
6.70424
6.70686
6.70556
6.86332
6.86642
6.86531
6.58196
6.58528
6.58397
6.79204
6.79375
6.79345
5.28028
5.26981
5.65428
5.63655
5.35833
5.36129
4.92179
4.92394
4.923
5.17135
5.17467
5.17287
5.09411
5.09226
5.09309
5.39569
5.45352
5.48204
5.52282
5.50748
5.4689
5.45334
5.46159
6.62522
7.24316
6.56654
6.53113
6.50334
6.51256
6.2404
6.27641
6.26313
6.51305
6.51211
6.37761
6.35999
6.20999
6.1932
6.20182
6.15438
6.20667
6.58866
6.78691
5.8075
5.98707
5.83746
8.5366
8.5365
8.53755
8.70301
8.70311
8.70396
8.58762
8.59029
8.58967
8.22326
8.22701
8.22576
8.43781
8.44123
8.4404
8.37628
8.37956
8.3788
8.77727
8.7787
8.77843
8.71502
8.7181
8.71734
8.65697
8.65981
8.65904
9.44687
9.43534
9.44173
9.22035
9.22091
9.22171
9.02719
9.01756
8.97633
8.96283
8.97
8.95278
8.97772
9.35844
9.37095
9.37351
9.3351
9.32908
9.00348
9.01881
9.01342
9.18122
9.16452
9.17172
9.14874
9.15077
-2.78273
-1.83803
-1.35234
-2.57671
-1.60321
-1.59898
-1.60028
-1.59061
-1.58745
-1.58836
-2.84089
-2.84604
-2.84189
-2.79435
-2.79821
-2.79551
-2.03017
-2.03125
-2.03198
-2.00159
-1.99863
-1.50748
-1.49759
-2.60261
-2.59597
-1.49293
-1.49008
-1.49181
-2.56592
-2.54852
-2.54273
)
;

boundaryField
{
    Inlet
    {
        type            zeroGradient;
    }
    Outlet
    {
        type            fixedValue;
        value           nonuniform List<scalar> 0();
    }
    Wall
    {
        type            zeroGradient;
    }
    procBoundary7to4
    {
        type            processor;
        value           nonuniform List<scalar> 
830
(
3.11306
2.98215
3.17256
3.17477
2.55936
3.21447
0.00427429
-0.545556
-0.130249
-0.429373
-1.40066
-1.2594
-0.574469
-1.1576
0.59057
0.538503
0.45551
0.680303
-0.0333578
0.00908258
0.00329942
-0.10914
-0.114216
-0.095104
0.192847
-0.294045
0.598885
0.613879
1.01297
0.735066
0.730283
0.138041
-0.11341
-0.082872
-0.574469
-0.574469
-1.18595
3.20876
3.23616
3.20437
3.18231
3.19854
3.21597
3.19069
3.20412
3.20412
3.16901
3.10774
3.18012
2.98064
3.18253
2.95438
3.13123
3.13123
3.13123
3.13123
2.9509
3.43748
3.18541
3.19068
3.19068
2.55588
3.2122
2.95629
2.95305
3.1794
3.13145
3.13145
3.13145
3.13145
3.43726
3.20549
3.18277
3.19891
3.21651
3.1913
3.21051
3.23786
3.20441
3.20549
3.19181
3.18589
3.19181
0.653156
0.217884
1.25827
1.42015
1.61373
1.23671
2.33818
2.22208
2.47579
2.16708
2.86247
2.79146
2.9183
2.76542
3.09467
3.06568
3.11739
3.05654
3.16658
3.15831
3.15813
3.15506
1.08004
1.20931
1.38313
1.25909
3.20809
3.19206
3.19525
3.20488
3.19221
3.19538
3.20889
3.20653
-0.565451
-1.01082
-1.34843
-1.13792
-1.39487
-1.25276
1.06192
0.789002
0.635644
0.748237
-0.565451
-0.565451
-0.108045
0.163995
-0.0694115
-0.933127
-1.01082
-1.01082
-1.01082
-0.538892
-0.126498
0.00341075
-0.428985
0.546189
0.467115
0.594809
0.685631
-0.108118
-0.0983933
-0.0841397
-0.0274841
0.00778067
0.00809011
1.73508
2.11097
1.75254
1.92653
2.50391
2.73637
2.55443
2.64644
2.94162
3.04131
2.9556
3.00485
3.12409
3.15443
3.13025
3.14528
3.11511
3.17784
3.17534
3.15266
3.09514
3.20991
3.20809
3.04208
3.20274
3.20694
2.91388
3.2027
3.2114
-0.561396
-0.527016
-0.539722
-0.433891
-0.423334
-0.446183
1.211
1.21715
1.41928
1.57364
1.73743
2.07335
1.93876
1.71054
2.35021
2.18561
2.18596
2.44827
2.52327
2.72178
2.65268
2.53097
2.86037
2.77914
2.75874
2.91018
2.93725
3.03535
3.00091
2.94822
3.09085
3.05953
3.0527
3.1128
3.12084
3.15098
3.14172
3.12606
3.16524
3.15497
3.15057
3.15489
3.11105
3.1751
3.17141
3.14914
-1.38453
-1.27712
-0.463597
-1.18595
0.242955
0.200228
-0.258006
-0.488799
0.602098
0.406992
0.442257
1.20528
0.983984
1.0894
0.800552
0.86061
0.903901
-0.463597
-0.463597
3.19069
3.21597
3.16898
3.20437
3.23616
3.23616
3.18833
3.19883
3.09091
3.20351
3.19835
3.03948
3.20099
3.20224
2.87726
3.18759
3.18648
2.95937
3.19619
3.62713
3.14977
3.16679
3.13829
3.19429
3.19429
3.18119
3.16682
3.2012
2.91251
3.21106
3.16531
3.08022
3.08577
2.87972
3.20439
3.19053
2.96136
3.19127
3.1998
3.18794
3.62702
3.23786
3.1913
3.21651
3.1696
3.20441
3.18876
3.23786
3.07882
3.19541
3.16731
3.08557
3.14983
3.16718
3.13828
3.18128
3.19541
3.16716
1.09083
1.38273
1.21203
1.26719
0.288521
0.238793
0.46277
0.646369
0.491263
-0.234145
1.36023
1.39918
1.48326
1.50687
1.70985
1.62947
2.30849
2.25332
2.31735
2.48036
2.40164
2.42417
2.83606
2.80519
2.83997
2.92039
2.88174
2.89123
3.08467
3.06597
3.0833
3.11751
3.10265
3.10239
3.16016
3.17357
3.18206
3.19326
3.16098
3.19198
-1.34843
-0.449148
-1.34843
-1.34843
-1.3749
-1.26334
1.03933
1.23174
1.13135
0.913187
0.846876
0.942884
-0.449148
-0.449148
-0.933127
-0.556626
-0.515671
-0.529154
-0.416903
-0.430541
-0.437576
2.00833
2.13037
2.05173
1.84909
1.89198
1.92626
2.68309
2.74275
2.7005
2.5735
2.61768
2.62264
3.01637
3.03955
3.01908
2.96171
2.9859
2.98605
3.14841
3.16603
3.15517
3.1321
3.14038
3.14532
3.20825
3.13622
3.21183
3.14682
3.20624
3.20224
1.36356
1.31681
1.46743
1.46156
1.70608
1.62118
2.13684
1.96826
2.05787
1.85306
1.85261
1.93297
2.24576
2.2754
2.31515
2.47234
2.37153
2.41026
2.72373
2.66584
2.68227
2.55686
2.59654
2.60846
2.78813
2.8254
2.82258
2.90588
2.87239
2.8772
3.03045
3.00989
3.00967
2.95061
2.97906
2.97458
3.05815
3.07927
3.0754
3.11041
3.09765
3.09549
3.16
3.14478
3.14926
3.12584
3.13648
3.1389
3.16788
3.15694
3.17617
3.18732
3.15775
3.18605
3.20212
3.1321
3.20333
3.1433
3.19938
3.19627
2.30846
2.04988
2.23745
2.14291
2.83601
2.68578
2.8
2.72363
3.08162
3.02074
3.06093
3.04283
3.18247
3.15271
3.16924
3.16648
1.71796
1.81725
1.91168
1.60195
2.313
2.0541
2.14416
2.2408
2.47591
2.56345
2.61322
2.41455
2.84052
2.68901
2.73289
2.80378
2.90735
2.94667
2.97775
2.87346
3.08356
3.02152
3.0458
3.06118
3.12333
3.12973
3.14797
3.10179
3.18354
3.15301
3.16952
3.16951
3.189
3.2041
3.19578
3.18067
1.71755
1.81135
1.59532
1.91131
2.47913
2.5605
2.41135
2.61395
2.90443
2.9473
2.87378
2.97674
3.12103
3.12908
3.10114
3.14562
3.18863
3.20208
3.19257
3.18015
-1.18595
-1.18595
-0.933127
-1.17158
-0.933127
3.18661
3.18128
0.994147
0.994147
3.18237
3.17697
1.27297
1.27297
1.71986
1.69263
1.7061
2.26461
2.25881
2.26149
2.50673
2.50216
2.5044
2.80616
2.80428
2.80505
2.92799
2.92683
2.92734
3.06575
3.06561
3.06578
3.11695
3.11687
3.11701
3.16063
3.16023
3.1605
3.16277
3.16229
3.16264
3.19721
2.12315
2.11694
2.11972
1.83388
1.79934
1.81402
1.22683
1.22683
1.67814
1.65181
1.66497
2.73586
2.73383
2.73463
2.55514
2.55118
2.55335
2.22817
2.22245
2.22526
2.47732
2.47311
2.4751
3.03793
3.03742
3.03768
2.95475
2.95381
2.9542
2.79068
2.78903
2.78967
2.918
2.91704
2.91744
3.15244
3.1522
3.1524
3.12518
3.12512
3.12523
3.05988
3.05974
3.05989
3.11169
3.11167
3.11177
3.15257
3.141
3.14537
3.16552
3.16314
3.16399
3.15613
3.15585
3.15606
3.15834
3.15802
3.15829
3.17489
3.17768
3.16247
3.16518
3.1639
3.15419
3.15798
3.15637
3.1424
3.14496
3.14374
-1.40066
-1.36586
-1.36004
0.893443
3.08442
3.10046
3.62713
3.19593
3.15457
3.15829
3.15668
3.14236
3.14489
3.14365
3.17567
3.17845
3.1625
3.16527
3.16398
1.47203
1.44769
1.5882
1.5882
1.57719
2.34649
2.3414
2.3437
2.43464
2.43011
2.43199
2.84903
2.84743
2.8481
2.89249
2.89111
2.89168
3.08416
3.08415
3.08428
3.10171
3.1017
3.10182
3.16594
3.1651
3.16552
3.16721
3.16654
3.1669
2.02882
2.02161
2.02406
1.90281
1.89693
1.89824
1.42727
1.40341
1.54294
1.54294
1.53213
2.68237
2.67989
2.68092
2.61726
2.61414
2.61572
2.31311
2.30798
2.31028
2.40308
2.39867
2.40035
3.01443
3.01356
3.01394
2.98501
2.98405
2.98447
2.83564
2.83427
2.83481
2.88096
2.87978
2.88024
3.14557
3.14532
3.14552
3.1361
3.13598
3.13612
3.07853
3.07854
3.07864
3.09627
3.09629
3.09638
3.15048
3.14888
3.14992
3.15938
3.15914
3.15881
3.16157
3.16084
3.16119
3.16283
3.1623
3.16259
1.04165
1.04165
3.18794
3.18794
-1.2594
-1.24275
-1.1576
2.16066
2.15416
2.1571
1.87685
1.84136
1.85638
2.75395
2.75167
2.7526
2.58117
2.57708
2.57927
3.04406
3.04356
3.04384
2.96342
2.96242
2.96286
3.15696
3.1566
3.15686
3.13019
3.13007
3.13022
3.15705
3.14524
3.1497
3.16995
3.16746
3.16837
-1.13792
-1.39487
-1.35994
-1.35407
-1.25276
-1.23649
0.94848
3.18794
-1.38453
-1.35044
-1.34444
-1.27712
-1.24886
-1.24316
2.06887
2.06153
2.06421
1.94123
1.93556
1.93688
2.70299
2.70025
2.7014
2.64078
2.63759
2.63908
3.02118
3.02034
3.02072
2.99237
2.9915
2.99191
3.1502
3.14987
3.15012
3.14094
3.14074
3.14093
3.1548
3.15315
3.15422
3.16375
3.16338
3.16311
-1.3749
-1.34094
-1.33473
-1.26334
-1.23587
-1.23027
)
;
    }
    procBoundary7to6
    {
        type            processor;
        value           nonuniform List<scalar> 
660
(
-0.207722
-2.42282
-2.42569
-0.200079
10.01
10.01
10.01
10.01
10.01
10.01
10.01
10.01
9.74416
9.94443
9.86364
9.86364
9.86364
-3.26935
-4.04834
-3.32197
-3.36149
-3.39419
-3.53163
-3.36222
-3.36702
-3.35819
10.04
10.1293
10.1293
9.99857
9.97516
10.1519
10.1293
10.1942
10.1519
10.2071
-3.041
-3.0916
-2.89187
-3.07699
-4.04834
-4.04834
-4.04834
-4.04834
-4.04834
-4.4464
-3.42027
-4.81003
-4.15838
-4.15838
-4.15838
-4.15838
-2.80264
-2.65891
-2.65891
-2.65891
-2.65891
-4.582
10.1295
9.99938
10.1532
9.97275
10.1295
10.1942
10.1532
10.2092
10.0078
10.0078
10.0078
10.0078
10.0078
10.0078
10.0078
10.0078
9.7432
9.86095
9.86095
9.86095
9.9428
10.0371
10.1276
-4.56675
-4.84572
-4.08451
-4.08451
-4.08451
-4.08451
-4.08451
-4.08451
-3.45497
-1.41223
1.92005
1.92005
1.92005
2.17237
-0.436156
-0.436156
-0.436156
6.85992
6.85992
6.85992
5.8659
6.97212
5.97168
5.97168
5.97168
8.97194
8.97194
8.97194
8.43083
8.95206
8.56689
8.56689
8.56689
10.1295
10.1295
10.1295
10.1295
10.1532
10.1532
10.1532
10.1532
10.1293
10.1293
10.1293
10.1293
10.1519
10.1519
10.1519
10.1519
-2.93989
-3.08772
-3.03918
-3.09241
-2.86198
-4.5982
-4.19205
-4.19205
-4.19205
-4.19205
-2.70952
-2.70952
-2.70952
-2.70952
-3.39507
-3.52851
-3.36794
-3.3628
-3.28332
-3.32057
-3.36698
-3.36536
3.54721
3.54721
3.54721
5.24138
3.2647
5.01056
5.01056
5.01056
7.50728
7.50728
7.50728
8.12266
7.38673
8.093
8.093
8.093
9.54961
9.58561
9.58561
9.58561
9.33248
9.33248
9.33248
9.19548
9.81971
9.75873
9.72713
9.92522
10.0052
9.91352
-1.42006
-0.385136
-0.385136
-0.385136
-0.385136
1.95158
1.95158
1.95158
2.14152
3.55592
3.55592
3.55592
5.21185
5.01748
5.01748
5.01748
3.21163
6.85846
6.85846
6.85846
5.84041
5.96438
5.96438
5.96438
6.96878
7.50307
7.50307
7.50307
8.12286
8.1008
8.1008
8.1008
7.38666
8.97264
8.97264
8.97264
8.42891
8.56045
8.56045
8.56045
8.95213
9.5487
9.58419
9.58419
9.58419
9.32814
9.32814
9.32814
9.19476
10.2653
10.1177
10.1994
10.1068
10.0749
10.1025
10.3454
10.3759
10.1616
10.3866
10.209
10.3847
-3.03917
-3.04126
-3.3313
-3.33381
-4.2015
-3.92729
-4.28186
-4.72561
-4.97194
-4.97929
-3.94654
-2.7681
-3.49368
-4.31279
-4.98022
-4.09113
10.3456
10.1612
10.3762
10.3877
10.209
10.3869
9.81703
9.7245
9.75721
9.92335
10.0028
9.91188
10.265
10.1971
10.117
10.1048
10.0728
10.1009
-4.35847
-4.27919
-3.99952
-5.06877
-4.80705
-4.98991
0.0175743
-0.279163
-1.35074
1.33831
1.19834
2.38046
6.21809
6.20694
5.86693
6.69019
6.95495
6.70983
8.55828
8.56992
8.4026
8.8285
8.95921
8.84394
-3.39871
-3.33012
-3.03749
-3.03346
-3.50893
-3.95774
-2.78067
-4.13266
-4.3266
-5.01372
4.80534
4.76535
5.29455
4.06175
3.36751
3.9419
7.91662
7.95133
8.09782
7.56666
7.3542
7.59589
9.57828
9.48706
9.496
9.30077
9.27561
9.18782
-1.38051
0.0315941
-0.247414
1.29079
1.15685
2.35123
4.76944
5.26461
4.72426
4.02684
3.32393
3.90189
6.19979
5.84451
6.1927
6.67885
6.95047
6.70131
7.91859
8.09994
7.95286
7.57073
7.35387
7.59759
8.55791
8.39825
8.56986
8.82512
8.9575
8.84289
9.575
9.48449
9.4955
9.29796
9.27514
9.18506
-0.353363
2.07146
2.07146
2.07146
2.0079
2.0442
3.67491
6.92319
6.0696
6.91998
6.06107
9.04777
8.68035
9.06782
8.64512
-3.51849
-3.61912
-2.08541
-3.62325
-2.11313
-3.51944
-0.229741
-0.229741
2.0442
2.0445
-0.229741
2.0442
3.64562
5.01523
5.07893
3.67427
6.92374
6.0662
6.05917
6.91787
7.5906
8.18449
8.17094
7.61432
9.05027
8.68135
8.65098
9.06836
9.70188
9.68017
9.41697
9.44465
-3.36222
-3.36702
-3.40344
-3.32197
-3.36149
-3.30924
3.64127
5.01847
3.67491
5.08612
7.58544
8.18411
7.61399
8.16686
9.70229
9.67936
9.41356
9.44522
-3.65944
-3.46528
-3.65402
-3.67248
-3.67342
-3.50248
-3.36794
-3.3628
-3.40502
-3.32057
-3.30958
-3.36698
9.72763
9.72348
-2.1444
-2.23015
-2.18614
-3.88314
-3.88314
-1.20966
-1.19729
-1.20365
2.12929
2.14663
2.13938
5.84073
5.84491
5.84286
6.94254
6.94783
6.94586
8.40319
8.40753
8.40619
8.94369
8.9466
8.94613
9.75607
5.21372
5.21748
5.21586
3.18658
3.1943
3.1899
8.09867
8.10317
8.10184
7.34535
7.35077
7.34862
9.57481
9.57737
9.17976
9.18243
9.18191
10.2843
10.4372
10.436
10.4141
10.4132
10.4149
10.4496
10.4502
10.4513
-3.0731
-3.06459
-3.06767
-3.07576
-3.06624
-3.06948
-3.13067
-3.12193
-3.10619
-2.77295
-2.77295
-2.83292
-3.35664
-3.42561
10.4381
10.4368
10.415
10.4142
10.4159
10.4517
10.4523
10.4534
10.2828
-0.188864
-0.173124
-0.180095
1.03515
1.07064
1.05787
6.18818
6.19294
6.19111
6.66928
6.6747
6.67234
8.55304
8.55689
8.55596
8.82333
8.82686
8.82594
-3.07217
-3.06323
-3.06632
-3.13273
-3.12368
4.72222
4.72532
4.72333
3.93591
3.93854
3.93693
7.91644
7.92142
7.91963
7.56775
7.5728
7.57108
9.46023
9.47169
9.46763
9.27676
9.2779
9.27787
-4.10007
9.72597
9.7219
-4.1454
-2.2134
-2.29864
-2.25462
-3.927
-3.927
-1.19399
-1.18296
-1.18855
2.08443
2.10258
2.095
5.81071
5.81564
5.81333
6.93798
6.94339
6.9414
8.40176
8.40613
8.40479
8.94323
8.94623
8.94573
5.2494
5.25237
5.2511
3.25371
3.25986
3.25594
8.09807
8.10261
8.10126
7.34662
7.35199
7.34983
9.57636
9.57886
9.18088
9.18348
9.18298
9.75381
-2.81923
-2.81923
-2.88064
-3.41219
-3.48196
10.4489
10.4497
10.4508
-3.07751
-3.06608
-3.07067
10.4511
10.4519
10.453
-0.153161
-0.140691
-0.147429
0.998873
1.03372
1.02093
6.1704
6.17571
6.17369
6.65912
6.6648
6.66238
8.55301
8.55689
8.55595
8.82208
8.82567
8.82473
4.77163
4.77381
4.77219
3.98794
3.98912
3.98803
7.91586
7.92086
7.91907
7.56715
7.57225
7.57052
9.46118
9.47257
9.46852
9.27759
9.27866
9.27864
-3.11676
-3.07544
-3.06551
-3.06883
-3.0708
-3.05904
-3.06383
)
;
    }
}


// ************************************************************************* //
