    -1
   164
         1  SI: Meter (newton)         2
    1.0000000000000000E+0    1.0000000000000000E+0    1.0000000000000000E+0
    2.7314999999999998E+2
    -1
    -1
  2420
         1
SMESH_Mesh
         1         0         0
Global Cartesian Coordinate System
    1.0000000000000000E+0    0.0000000000000000E+0    0.0000000000000000E+0
    0.0000000000000000E+0    1.0000000000000000E+0    0.0000000000000000E+0
    0.0000000000000000E+0    0.0000000000000000E+0    1.0000000000000000E+0
    0.0000000000000000E+0    0.0000000000000000E+0    0.0000000000000000E+0
    -1
    -1
  2411
         1         1         1        11
   1.0000000000000001E-01  -2.5000000000000001E-02   1.0000000000000000E-04
         2         1         1        11
   1.0000000000000001E-01  -2.5000000000000001E-02   0.0000000000000000E+00
         3         1         1        11
   2.0000000000000001E-01   7.4999999999999997E-02   1.0000000000000000E-04
         4         1         1        11
   2.0000000000000001E-01   7.4999999999999997E-02   0.0000000000000000E+00
         5         1         1        11
   2.9999999999999999E-01  -2.5000000000000001E-02   1.0000000000000000E-04
         6         1         1        11
   2.9999999999999999E-01  -2.5000000000000001E-02   0.0000000000000000E+00
         7         1         1        11
   4.0000000000000002E-01  -1.2500000000000000E-01   1.0000000000000000E-04
         8         1         1        11
   4.0000000000000002E-01  -1.2500000000000000E-01   0.0000000000000000E+00
         9         1         1        11
   5.0000000000000000E-01  -2.5000000000000001E-02   1.0000000000000000E-04
        10         1         1        11
   5.0000000000000000E-01  -2.5000000000000001E-02   0.0000000000000000E+00
        11         1         1        11
   5.9999999999999998E-01  -2.5000000000000001E-02   1.0000000000000000E-04
        12         1         1        11
   5.9999999999999998E-01  -2.5000000000000001E-02   0.0000000000000000E+00
        13         1         1        11
   5.9999999999999998E-01   7.4999999999999997E-02   1.0000000000000000E-04
        14         1         1        11
   5.9999999999999998E-01   7.4999999999999997E-02   0.0000000000000000E+00
        15         1         1        11
   5.0000000000000000E-01   7.4999999999999997E-02   1.0000000000000000E-04
        16         1         1        11
   5.0000000000000000E-01   7.4999999999999997E-02   0.0000000000000000E+00
        17         1         1        11
   4.0000000000000002E-01  -2.5000000000000001E-02   1.0000000000000000E-04
        18         1         1        11
   4.0000000000000002E-01  -2.5000000000000001E-02   0.0000000000000000E+00
        19         1         1        11
   2.9999999999999999E-01   7.4999999999999997E-02   1.0000000000000000E-04
        20         1         1        11
   2.9999999999999999E-01   7.4999999999999997E-02   0.0000000000000000E+00
        21         1         1        11
   2.0000000000000001E-01   1.7499999999999999E-01   1.0000000000000000E-04
        22         1         1        11
   2.0000000000000001E-01   1.7499999999999999E-01   0.0000000000000000E+00
        23         1         1        11
   1.0000000000000001E-01   7.4999999999999997E-02   1.0000000000000000E-04
        24         1         1        11
   1.0000000000000001E-01   7.4999999999999997E-02   0.0000000000000000E+00
        25         1         1        11
   0.0000000000000000E+00   5.0000000000000003E-02   1.0000000000000000E-04
        26         1         1        11
   0.0000000000000000E+00   5.0000000000000003E-02   0.0000000000000000E+00
        27         1         1        11
   0.0000000000000000E+00   0.0000000000000000E+00   1.0000000000000000E-04
        28         1         1        11
   0.0000000000000000E+00   0.0000000000000000E+00   0.0000000000000000E+00
        29         1         1        11
   0.0000000000000000E+00   9.9999999999999985E-03   1.0000000000000000E-04
        30         1         1        11
   0.0000000000000000E+00   2.0000000000000056E-02   1.0000000000000000E-04
        31         1         1        11
   0.0000000000000000E+00   2.9999999999999749E-02   1.0000000000000000E-04
        32         1         1        11
   0.0000000000000000E+00   3.9999999999999446E-02   1.0000000000000000E-04
        33         1         1        11
   1.0305047011003002E-02   5.2576261752750750E-02   1.0000000000000000E-04
        34         1         1        11
   2.0638810461660183E-02   5.5159702615415050E-02   1.0000000000000000E-04
        35         1         1        11
   3.0558959153952722E-02   5.7639739788488180E-02   1.0000000000000000E-04
        36         1         1        11
   4.0479107846245262E-02   6.0119776961561316E-02   1.0000000000000000E-04
        37         1         1        11
   5.0399256538537891E-02   6.2599814134634474E-02   1.0000000000000000E-04
        38         1         1        11
   6.0319405230830431E-02   6.5079851307707604E-02   1.0000000000000000E-04
        39         1         1        11
   7.0239553923122963E-02   6.7559888480780733E-02   1.0000000000000000E-04
        40         1         1        11
   8.0159702615415496E-02   7.0039925653853877E-02   1.0000000000000000E-04
        41         1         1        11
   9.0079851307707792E-02   7.2519962826926937E-02   1.0000000000000000E-04
        42         1         1        11
   1.0733019694941652E-01   8.2330196949416512E-02   1.0000000000000000E-04
        43         1         1        11
   1.1433730060925956E-01   8.9337300609259554E-02   1.0000000000000000E-04
        44         1         1        11
   1.2164849207105405E-01   9.6648492071054040E-02   1.0000000000000000E-04
        45         1         1        11
   1.2865559573089708E-01   1.0365559573089708E-01   1.0000000000000000E-04
        46         1         1        11
   1.3566269939074010E-01   1.1066269939074008E-01   1.0000000000000000E-04
        47         1         1        11
   1.4299289634015655E-01   1.1799289634015653E-01   1.0000000000000000E-04
        48         1         1        11
   1.5030408780195104E-01   1.2530408780195101E-01   1.0000000000000000E-04
        49         1         1        11
   1.5731119146179404E-01   1.3231119146179404E-01   1.0000000000000000E-04
        50         1         1        11
   1.6441644871900069E-01   1.3941644871900066E-01   1.0000000000000000E-04
        51         1         1        11
   1.7164849207105387E-01   1.4664849207105385E-01   1.0000000000000000E-04
        52         1         1        11
   1.7897868902047054E-01   1.5397868902047052E-01   1.0000000000000000E-04
        53         1         1        11
   1.8598579268031373E-01   1.6098579268031371E-01   1.0000000000000000E-04
        54         1         1        11
   1.9299289634015687E-01   1.6799289634015685E-01   1.0000000000000000E-04
        55         1         1        11
   2.0713471193387631E-01   1.6786528806612369E-01   1.0000000000000000E-04
        56         1         1        11
   2.1426942386775261E-01   1.6073057613224739E-01   1.0000000000000000E-04
        57         1         1        11
   2.2142314128925092E-01   1.5357685871074908E-01   1.0000000000000000E-04
        58         1         1        11
   2.2857685871074920E-01   1.4642314128925080E-01   1.0000000000000000E-04
        59         1         1        11
   2.3571157064462542E-01   1.3928842935537458E-01   1.0000000000000000E-04
        60         1         1        11
   2.4284628257850166E-01   1.3215371742149834E-01   1.0000000000000000E-04
        61         1         1        11
   2.4998099451237787E-01   1.2501900548762210E-01   1.0000000000000000E-04
        62         1         1        11
   2.5711570644625414E-01   1.1788429355374586E-01   1.0000000000000000E-04
        63         1         1        11
   2.6426942386775243E-01   1.1073057613224756E-01   1.0000000000000000E-04
        64         1         1        11
   2.7142314128925071E-01   1.0357685871074930E-01   1.0000000000000000E-04
        65         1         1        11
   2.7855785322312698E-01   9.6442146776872989E-02   1.0000000000000000E-04
        66         1         1        11
   2.8569256515700336E-01   8.9307434842996636E-02   1.0000000000000000E-04
        67         1         1        11
   2.9284628257850165E-01   8.2153717421498323E-02   1.0000000000000000E-04
        68         1         1        11
   3.0713606946870642E-01   6.7863930531293554E-02   1.0000000000000000E-04
        69         1         1        11
   3.1427213893741290E-01   6.0727861062587110E-02   1.0000000000000000E-04
        70         1         1        11
   3.2140820840611928E-01   5.3591791593880687E-02   1.0000000000000000E-04
        71         1         1        11
   3.2854427787482576E-01   4.6455722125174251E-02   1.0000000000000000E-04
        72         1         1        11
   3.3569935283115415E-01   3.9300647168845869E-02   1.0000000000000000E-04
        73         1         1        11
   3.4285442778748254E-01   3.2145572212517452E-02   1.0000000000000000E-04
        74         1         1        11
   3.4999049725618903E-01   2.5009502743811009E-02   1.0000000000000000E-04
        75         1         1        11
   3.5712656672489546E-01   1.7873433275104537E-02   1.0000000000000000E-04
        76         1         1        11
   3.6428164168122373E-01   1.0718358318776267E-02   1.0000000000000000E-04
        77         1         1        11
   3.7143671663755207E-01   3.5632833624479332E-03   1.0000000000000000E-04
        78         1         1        11
   3.7859179159388046E-01  -3.5917915938804418E-03   1.0000000000000000E-04
        79         1         1        11
   3.8572786106258694E-01  -1.0727861062586941E-02   1.0000000000000000E-04
        80         1         1        11
   3.9286393053129348E-01  -1.7863930531293468E-02   1.0000000000000000E-04
        81         1         1        11
   4.0706900321099820E-01  -1.7930996789001830E-02   1.0000000000000000E-04
        82         1         1        11
   4.1429770903741137E-01  -1.0702290962588651E-02   1.0000000000000000E-04
        83         1         1        11
   4.2148074517414130E-01  -3.5192548258587038E-03   1.0000000000000000E-04
        84         1         1        11
   4.2866378131087129E-01   3.6637813108712676E-03   1.0000000000000000E-04
        85         1         1        11
   4.3573278452186942E-01   1.0732784521869411E-02   1.0000000000000000E-04
        86         1         1        11
   4.4291582065859936E-01   1.7915820658599375E-02   1.0000000000000000E-04
        87         1         1        11
   4.5007985130770739E-01   2.5079851307707388E-02   1.0000000000000000E-04
        88         1         1        11
   4.5726288744443738E-01   3.2262887444437359E-02   1.0000000000000000E-04
        89         1         1        11
   4.6433189065543545E-01   3.9331890655435416E-02   1.0000000000000000E-04
        90         1         1        11
   4.7151492679216539E-01   4.6514926792165366E-02   1.0000000000000000E-04
        91         1         1        11
   4.7867895744127331E-01   5.3678957441273330E-02   1.0000000000000000E-04
        92         1         1        11
   4.8575921469351857E-01   6.0759214693518575E-02   1.0000000000000000E-04
        93         1         1        11
   4.9293099678900165E-01   6.7930996789001635E-02   1.0000000000000000E-04
        94         1         1        11
   5.0999999999999990E-01   7.4999999999999997E-02   1.0000000000000000E-04
        95         1         1        11
   5.1999999999999980E-01   7.4999999999999997E-02   1.0000000000000000E-04
        96         1         1        11
   5.2999999999999958E-01   7.4999999999999997E-02   1.0000000000000000E-04
        97         1         1        11
   5.3999999999999948E-01   7.4999999999999997E-02   1.0000000000000000E-04
        98         1         1        11
   5.4999999999999938E-01   7.4999999999999997E-02   1.0000000000000000E-04
        99         1         1        11
   5.5999999999999939E-01   7.4999999999999997E-02   1.0000000000000000E-04
       100         1         1        11
   5.6999999999999917E-01   7.4999999999999997E-02   1.0000000000000000E-04
       101         1         1        11
   5.7999999999999907E-01   7.4999999999999997E-02   1.0000000000000000E-04
       102         1         1        11
   5.8999999999999952E-01   7.4999999999999997E-02   1.0000000000000000E-04
       103         1         1        11
   5.9999999999999998E-01   6.4999999999999961E-02   1.0000000000000000E-04
       104         1         1        11
   5.9999999999999998E-01   5.4999999999999910E-02   1.0000000000000000E-04
       105         1         1        11
   5.9999999999999998E-01   4.4999999999999936E-02   1.0000000000000000E-04
       106         1         1        11
   5.9999999999999998E-01   3.4999999999999976E-02   1.0000000000000000E-04
       107         1         1        11
   5.9999999999999998E-01   2.5000000000000258E-02   1.0000000000000000E-04
       108         1         1        11
   5.9999999999999998E-01   1.5000000000000541E-02   1.0000000000000000E-04
       109         1         1        11
   5.9999999999999998E-01   5.0000000000008371E-03   1.0000000000000000E-04
       110         1         1        11
   5.9999999999999998E-01  -4.9999999999988387E-03   1.0000000000000000E-04
       111         1         1        11
   5.9999999999999998E-01  -1.4999999999999417E-02   1.0000000000000000E-04
       112         1         1        11
   5.9000000000000008E-01  -2.5000000000000001E-02   1.0000000000000000E-04
       113         1         1        11
   5.8000000000000029E-01  -2.5000000000000001E-02   1.0000000000000000E-04
       114         1         1        11
   5.7000000000000040E-01  -2.5000000000000001E-02   1.0000000000000000E-04
       115         1         1        11
   5.6000000000000050E-01  -2.5000000000000001E-02   1.0000000000000000E-04
       116         1         1        11
   5.5000000000000049E-01  -2.5000000000000001E-02   1.0000000000000000E-04
       117         1         1        11
   5.4000000000000070E-01  -2.5000000000000001E-02   1.0000000000000000E-04
       118         1         1        11
   5.3000000000000080E-01  -2.5000000000000001E-02   1.0000000000000000E-04
       119         1         1        11
   5.2000000000000091E-01  -2.5000000000000001E-02   1.0000000000000000E-04
       120         1         1        11
   5.1000000000000045E-01  -2.5000000000000001E-02   1.0000000000000000E-04
       121         1         1        11
   4.9302182182265614E-01  -3.1978178177343893E-02   1.0000000000000000E-04
       122         1         1        11
   4.8604364364531222E-01  -3.8956356354687777E-02   1.0000000000000000E-04
       123         1         1        11
   4.7906546546796835E-01  -4.5934534532031682E-02   1.0000000000000000E-04
       124         1         1        11
   4.7166916656294117E-01  -5.3330833437058855E-02   1.0000000000000000E-04
       125         1         1        11
   4.6469098838559730E-01  -6.0309011614402726E-02   1.0000000000000000E-04
       126         1         1        11
   4.5771281020825344E-01  -6.7287189791746554E-02   1.0000000000000000E-04
       127         1         1        11
   4.5000000000000057E-01  -7.4999999999999456E-02   1.0000000000000000E-04
       128         1         1        11
   4.4260370109497349E-01  -8.2396298905026533E-02   1.0000000000000000E-04
       129         1         1        11
   4.3562552291762946E-01  -8.9374477082370535E-02   1.0000000000000000E-04
       130         1         1        11
   4.2864734474028543E-01  -9.6352655259714620E-02   1.0000000000000000E-04
       131         1         1        11
   4.2093453453203228E-01  -1.0406546546796774E-01   1.0000000000000000E-04
       132         1         1        11
   4.1395635635468819E-01  -1.1104364364531186E-01   1.0000000000000000E-04
       133         1         1        11
   4.0697817817734405E-01  -1.1802182182265594E-01   1.0000000000000000E-04
       134         1         1        11
   3.9299832647947747E-01  -1.1799832647947746E-01   1.0000000000000000E-04
       135         1         1        11
   3.8599665295895491E-01  -1.1099665295895490E-01   1.0000000000000000E-04
       136         1         1        11
   3.7899497943843241E-01  -1.0399497943843240E-01   1.0000000000000000E-04
       137         1         1        11
   3.7165120714071448E-01  -9.6651207140714457E-02   1.0000000000000000E-04
       138         1         1        11
   3.6430743484299660E-01  -8.9307434842996580E-02   1.0000000000000000E-04
       139         1         1        11
   3.5730576132247410E-01  -8.2305761322474108E-02   1.0000000000000000E-04
       140         1         1        11
   3.4998099451237824E-01  -7.4980994512378232E-02   1.0000000000000000E-04
       141         1         1        11
   3.4265622770228232E-01  -6.7656227702282329E-02   1.0000000000000000E-04
       142         1         1        11
   3.3565455418175971E-01  -6.0654554181759746E-02   1.0000000000000000E-04
       143         1         1        11
   3.2865288066123721E-01  -5.3652880661237190E-02   1.0000000000000000E-04
       144         1         1        11
   3.2132811385114124E-01  -4.6328113851141245E-02   1.0000000000000000E-04
       145         1         1        11
   3.1432644033061868E-01  -3.9326440330618689E-02   1.0000000000000000E-04
       146         1         1        11
   3.0711939198816474E-01  -3.2119391988164728E-02   1.0000000000000000E-04
       147         1         1        11
   2.9299696894464733E-01  -1.7996968944647338E-02   1.0000000000000000E-04
       148         1         1        11
   2.8567084459972125E-01  -1.0670844599721245E-02   1.0000000000000000E-04
       149         1         1        11
   2.7834472025479517E-01  -3.3447202547951631E-03   1.0000000000000000E-04
       150         1         1        11
   2.7134168919944252E-01   3.6583108005574967E-03   1.0000000000000000E-04
       151         1         1        11
   2.6433865814408986E-01   1.0661341855910139E-02   1.0000000000000000E-04
       152         1         1        11
   2.5699352831154182E-01   1.8006471688458175E-02   1.0000000000000000E-04
       153         1         1        11
   2.4999049725618913E-01   2.5009502743810877E-02   1.0000000000000000E-04
       154         1         1        11
   2.4266437291126303E-01   3.2335627088736982E-02   1.0000000000000000E-04
       155         1         1        11
   2.3566134185591045E-01   3.9338658144089565E-02   1.0000000000000000E-04
       156         1         1        11
   2.2865831080055776E-01   4.6341689199442253E-02   1.0000000000000000E-04
       157         1         1        11
   2.2155092544946847E-01   5.3449074550531557E-02   1.0000000000000000E-04
       158         1         1        11
   2.1432915540027897E-01   6.0670844599721017E-02   1.0000000000000000E-04
       159         1         1        11
   2.0700303105535284E-01   6.7996968944647185E-02   1.0000000000000000E-04
       160         1         1        11
   1.9294809769076232E-01   6.7948097690762321E-02   1.0000000000000000E-04
       161         1         1        11
   1.8589619538152466E-01   6.0896195381524645E-02   1.0000000000000000E-04
       162         1         1        11
   1.7884429307228700E-01   5.3844293072286997E-02   1.0000000000000000E-04
       163         1         1        11
   1.7179239076304936E-01   4.6792390763049335E-02   1.0000000000000000E-04
       164         1         1        11
   1.6474048845381167E-01   3.9740488453811666E-02   1.0000000000000000E-04
       165         1         1        11
   1.5768858614457398E-01   3.2688586144573976E-02   1.0000000000000000E-04
       166         1         1        11
   1.5063668383533629E-01   2.5636683835336266E-02   1.0000000000000000E-04
       167         1         1        11
   1.4358478152609858E-01   1.8584781526098555E-02   1.0000000000000000E-04
       168         1         1        11
   1.3588669263771419E-01   1.0886692637714177E-02   1.0000000000000000E-04
       169         1         1        11
   1.2883479032847642E-01   3.8347903284764034E-03   1.0000000000000000E-04
       170         1         1        11
   1.2178288801923862E-01  -3.2171119807613974E-03   1.0000000000000000E-04
       171         1         1        11
   1.1410380461847575E-01  -1.0896195381524268E-02   1.0000000000000000E-04
       172         1         1        11
   1.0705190230923789E-01  -1.7948097690762124E-02   1.0000000000000000E-04
       173         1         1        11
   9.0057492941549341E-02  -2.2514373235387335E-02   1.0000000000000000E-04
       174         1         1        11
   8.0114985883098733E-02  -2.0028746470774683E-02   1.0000000000000000E-04
       175         1         1        11
   6.9597549409154136E-02  -1.7399387352288534E-02   1.0000000000000000E-04
       176         1         1        11
   5.9655042350703548E-02  -1.4913760587675887E-02   1.0000000000000000E-04
       177         1         1        11
   4.9712535292252807E-02  -1.2428133823063202E-02   1.0000000000000000E-04
       178         1         1        11
   3.9770028233802060E-02  -9.9425070584505150E-03   1.0000000000000000E-04
       179         1         1        11
   2.9827521175351340E-02  -7.4568802938378351E-03   1.0000000000000000E-04
       180         1         1        11
   1.9885014116900621E-02  -4.9712535292251551E-03   1.0000000000000000E-04
       181         1         1        11
   9.9425070584502895E-03  -2.4856267646125724E-03   1.0000000000000000E-04
       182         1         1        11
   0.0000000000000000E+00   9.9999999999999985E-03   0.0000000000000000E+00
       183         1         1        11
   0.0000000000000000E+00   2.0000000000000056E-02   0.0000000000000000E+00
       184         1         1        11
   0.0000000000000000E+00   2.9999999999999749E-02   0.0000000000000000E+00
       185         1         1        11
   0.0000000000000000E+00   3.9999999999999446E-02   0.0000000000000000E+00
       186         1         1        11
   1.0305047011003002E-02   5.2576261752750750E-02   0.0000000000000000E+00
       187         1         1        11
   2.0638810461660183E-02   5.5159702615415050E-02   0.0000000000000000E+00
       188         1         1        11
   3.0558959153952722E-02   5.7639739788488180E-02   0.0000000000000000E+00
       189         1         1        11
   4.0479107846245262E-02   6.0119776961561316E-02   0.0000000000000000E+00
       190         1         1        11
   5.0399256538537891E-02   6.2599814134634474E-02   0.0000000000000000E+00
       191         1         1        11
   6.0319405230830431E-02   6.5079851307707604E-02   0.0000000000000000E+00
       192         1         1        11
   7.0239553923122963E-02   6.7559888480780733E-02   0.0000000000000000E+00
       193         1         1        11
   8.0159702615415496E-02   7.0039925653853877E-02   0.0000000000000000E+00
       194         1         1        11
   9.0079851307707792E-02   7.2519962826926937E-02   0.0000000000000000E+00
       195         1         1        11
   1.0733019694941652E-01   8.2330196949416512E-02   0.0000000000000000E+00
       196         1         1        11
   1.1433730060925956E-01   8.9337300609259554E-02   0.0000000000000000E+00
       197         1         1        11
   1.2164849207105405E-01   9.6648492071054040E-02   0.0000000000000000E+00
       198         1         1        11
   1.2865559573089708E-01   1.0365559573089708E-01   0.0000000000000000E+00
       199         1         1        11
   1.3566269939074010E-01   1.1066269939074008E-01   0.0000000000000000E+00
       200         1         1        11
   1.4299289634015655E-01   1.1799289634015653E-01   0.0000000000000000E+00
       201         1         1        11
   1.5030408780195104E-01   1.2530408780195101E-01   0.0000000000000000E+00
       202         1         1        11
   1.5731119146179404E-01   1.3231119146179404E-01   0.0000000000000000E+00
       203         1         1        11
   1.6441644871900069E-01   1.3941644871900066E-01   0.0000000000000000E+00
       204         1         1        11
   1.7164849207105387E-01   1.4664849207105385E-01   0.0000000000000000E+00
       205         1         1        11
   1.7897868902047054E-01   1.5397868902047052E-01   0.0000000000000000E+00
       206         1         1        11
   1.8598579268031373E-01   1.6098579268031371E-01   0.0000000000000000E+00
       207         1         1        11
   1.9299289634015687E-01   1.6799289634015685E-01   0.0000000000000000E+00
       208         1         1        11
   2.0713471193387631E-01   1.6786528806612369E-01   0.0000000000000000E+00
       209         1         1        11
   2.1426942386775261E-01   1.6073057613224739E-01   0.0000000000000000E+00
       210         1         1        11
   2.2142314128925092E-01   1.5357685871074908E-01   0.0000000000000000E+00
       211         1         1        11
   2.2857685871074920E-01   1.4642314128925080E-01   0.0000000000000000E+00
       212         1         1        11
   2.3571157064462542E-01   1.3928842935537458E-01   0.0000000000000000E+00
       213         1         1        11
   2.4284628257850166E-01   1.3215371742149834E-01   0.0000000000000000E+00
       214         1         1        11
   2.4998099451237787E-01   1.2501900548762210E-01   0.0000000000000000E+00
       215         1         1        11
   2.5711570644625414E-01   1.1788429355374586E-01   0.0000000000000000E+00
       216         1         1        11
   2.6426942386775243E-01   1.1073057613224756E-01   0.0000000000000000E+00
       217         1         1        11
   2.7142314128925071E-01   1.0357685871074930E-01   0.0000000000000000E+00
       218         1         1        11
   2.7855785322312698E-01   9.6442146776872989E-02   0.0000000000000000E+00
       219         1         1        11
   2.8569256515700336E-01   8.9307434842996636E-02   0.0000000000000000E+00
       220         1         1        11
   2.9284628257850165E-01   8.2153717421498323E-02   0.0000000000000000E+00
       221         1         1        11
   3.0713606946870642E-01   6.7863930531293554E-02   0.0000000000000000E+00
       222         1         1        11
   3.1427213893741290E-01   6.0727861062587110E-02   0.0000000000000000E+00
       223         1         1        11
   3.2140820840611928E-01   5.3591791593880687E-02   0.0000000000000000E+00
       224         1         1        11
   3.2854427787482576E-01   4.6455722125174251E-02   0.0000000000000000E+00
       225         1         1        11
   3.3569935283115415E-01   3.9300647168845869E-02   0.0000000000000000E+00
       226         1         1        11
   3.4285442778748254E-01   3.2145572212517452E-02   0.0000000000000000E+00
       227         1         1        11
   3.4999049725618903E-01   2.5009502743811009E-02   0.0000000000000000E+00
       228         1         1        11
   3.5712656672489546E-01   1.7873433275104537E-02   0.0000000000000000E+00
       229         1         1        11
   3.6428164168122373E-01   1.0718358318776267E-02   0.0000000000000000E+00
       230         1         1        11
   3.7143671663755207E-01   3.5632833624479332E-03   0.0000000000000000E+00
       231         1         1        11
   3.7859179159388046E-01  -3.5917915938804418E-03   0.0000000000000000E+00
       232         1         1        11
   3.8572786106258694E-01  -1.0727861062586941E-02   0.0000000000000000E+00
       233         1         1        11
   3.9286393053129348E-01  -1.7863930531293468E-02   0.0000000000000000E+00
       234         1         1        11
   4.0706900321099820E-01  -1.7930996789001830E-02   0.0000000000000000E+00
       235         1         1        11
   4.1429770903741137E-01  -1.0702290962588651E-02   0.0000000000000000E+00
       236         1         1        11
   4.2148074517414130E-01  -3.5192548258587038E-03   0.0000000000000000E+00
       237         1         1        11
   4.2866378131087129E-01   3.6637813108712676E-03   0.0000000000000000E+00
       238         1         1        11
   4.3573278452186942E-01   1.0732784521869411E-02   0.0000000000000000E+00
       239         1         1        11
   4.4291582065859936E-01   1.7915820658599375E-02   0.0000000000000000E+00
       240         1         1        11
   4.5007985130770739E-01   2.5079851307707388E-02   0.0000000000000000E+00
       241         1         1        11
   4.5726288744443738E-01   3.2262887444437359E-02   0.0000000000000000E+00
       242         1         1        11
   4.6433189065543545E-01   3.9331890655435416E-02   0.0000000000000000E+00
       243         1         1        11
   4.7151492679216539E-01   4.6514926792165366E-02   0.0000000000000000E+00
       244         1         1        11
   4.7867895744127331E-01   5.3678957441273330E-02   0.0000000000000000E+00
       245         1         1        11
   4.8575921469351857E-01   6.0759214693518575E-02   0.0000000000000000E+00
       246         1         1        11
   4.9293099678900165E-01   6.7930996789001635E-02   0.0000000000000000E+00
       247         1         1        11
   5.0999999999999990E-01   7.4999999999999997E-02   0.0000000000000000E+00
       248         1         1        11
   5.1999999999999980E-01   7.4999999999999997E-02   0.0000000000000000E+00
       249         1         1        11
   5.2999999999999958E-01   7.4999999999999997E-02   0.0000000000000000E+00
       250         1         1        11
   5.3999999999999948E-01   7.4999999999999997E-02   0.0000000000000000E+00
       251         1         1        11
   5.4999999999999938E-01   7.4999999999999997E-02   0.0000000000000000E+00
       252         1         1        11
   5.5999999999999939E-01   7.4999999999999997E-02   0.0000000000000000E+00
       253         1         1        11
   5.6999999999999917E-01   7.4999999999999997E-02   0.0000000000000000E+00
       254         1         1        11
   5.7999999999999907E-01   7.4999999999999997E-02   0.0000000000000000E+00
       255         1         1        11
   5.8999999999999952E-01   7.4999999999999997E-02   0.0000000000000000E+00
       256         1         1        11
   5.9999999999999998E-01   6.4999999999999961E-02   0.0000000000000000E+00
       257         1         1        11
   5.9999999999999998E-01   5.4999999999999910E-02   0.0000000000000000E+00
       258         1         1        11
   5.9999999999999998E-01   4.4999999999999936E-02   0.0000000000000000E+00
       259         1         1        11
   5.9999999999999998E-01   3.4999999999999976E-02   0.0000000000000000E+00
       260         1         1        11
   5.9999999999999998E-01   2.5000000000000258E-02   0.0000000000000000E+00
       261         1         1        11
   5.9999999999999998E-01   1.5000000000000541E-02   0.0000000000000000E+00
       262         1         1        11
   5.9999999999999998E-01   5.0000000000008371E-03   0.0000000000000000E+00
       263         1         1        11
   5.9999999999999998E-01  -4.9999999999988387E-03   0.0000000000000000E+00
       264         1         1        11
   5.9999999999999998E-01  -1.4999999999999417E-02   0.0000000000000000E+00
       265         1         1        11
   5.9000000000000008E-01  -2.5000000000000001E-02   0.0000000000000000E+00
       266         1         1        11
   5.8000000000000029E-01  -2.5000000000000001E-02   0.0000000000000000E+00
       267         1         1        11
   5.7000000000000040E-01  -2.5000000000000001E-02   0.0000000000000000E+00
       268         1         1        11
   5.6000000000000050E-01  -2.5000000000000001E-02   0.0000000000000000E+00
       269         1         1        11
   5.5000000000000049E-01  -2.5000000000000001E-02   0.0000000000000000E+00
       270         1         1        11
   5.4000000000000070E-01  -2.5000000000000001E-02   0.0000000000000000E+00
       271         1         1        11
   5.3000000000000080E-01  -2.5000000000000001E-02   0.0000000000000000E+00
       272         1         1        11
   5.2000000000000091E-01  -2.5000000000000001E-02   0.0000000000000000E+00
       273         1         1        11
   5.1000000000000045E-01  -2.5000000000000001E-02   0.0000000000000000E+00
       274         1         1        11
   4.9302182182265614E-01  -3.1978178177343893E-02   0.0000000000000000E+00
       275         1         1        11
   4.8604364364531222E-01  -3.8956356354687777E-02   0.0000000000000000E+00
       276         1         1        11
   4.7906546546796835E-01  -4.5934534532031682E-02   0.0000000000000000E+00
       277         1         1        11
   4.7166916656294117E-01  -5.3330833437058855E-02   0.0000000000000000E+00
       278         1         1        11
   4.6469098838559730E-01  -6.0309011614402726E-02   0.0000000000000000E+00
       279         1         1        11
   4.5771281020825344E-01  -6.7287189791746554E-02   0.0000000000000000E+00
       280         1         1        11
   4.5000000000000057E-01  -7.4999999999999456E-02   0.0000000000000000E+00
       281         1         1        11
   4.4260370109497349E-01  -8.2396298905026533E-02   0.0000000000000000E+00
       282         1         1        11
   4.3562552291762946E-01  -8.9374477082370535E-02   0.0000000000000000E+00
       283         1         1        11
   4.2864734474028543E-01  -9.6352655259714620E-02   0.0000000000000000E+00
       284         1         1        11
   4.2093453453203228E-01  -1.0406546546796774E-01   0.0000000000000000E+00
       285         1         1        11
   4.1395635635468819E-01  -1.1104364364531186E-01   0.0000000000000000E+00
       286         1         1        11
   4.0697817817734405E-01  -1.1802182182265594E-01   0.0000000000000000E+00
       287         1         1        11
   3.9299832647947747E-01  -1.1799832647947746E-01   0.0000000000000000E+00
       288         1         1        11
   3.8599665295895491E-01  -1.1099665295895490E-01   0.0000000000000000E+00
       289         1         1        11
   3.7899497943843241E-01  -1.0399497943843240E-01   0.0000000000000000E+00
       290         1         1        11
   3.7165120714071448E-01  -9.6651207140714457E-02   0.0000000000000000E+00
       291         1         1        11
   3.6430743484299660E-01  -8.9307434842996580E-02   0.0000000000000000E+00
       292         1         1        11
   3.5730576132247410E-01  -8.2305761322474108E-02   0.0000000000000000E+00
       293         1         1        11
   3.4998099451237824E-01  -7.4980994512378232E-02   0.0000000000000000E+00
       294         1         1        11
   3.4265622770228232E-01  -6.7656227702282329E-02   0.0000000000000000E+00
       295         1         1        11
   3.3565455418175971E-01  -6.0654554181759746E-02   0.0000000000000000E+00
       296         1         1        11
   3.2865288066123721E-01  -5.3652880661237190E-02   0.0000000000000000E+00
       297         1         1        11
   3.2132811385114124E-01  -4.6328113851141245E-02   0.0000000000000000E+00
       298         1         1        11
   3.1432644033061868E-01  -3.9326440330618689E-02   0.0000000000000000E+00
       299         1         1        11
   3.0711939198816474E-01  -3.2119391988164728E-02   0.0000000000000000E+00
       300         1         1        11
   2.9299696894464733E-01  -1.7996968944647338E-02   0.0000000000000000E+00
       301         1         1        11
   2.8567084459972125E-01  -1.0670844599721245E-02   0.0000000000000000E+00
       302         1         1        11
   2.7834472025479517E-01  -3.3447202547951631E-03   0.0000000000000000E+00
       303         1         1        11
   2.7134168919944252E-01   3.6583108005574967E-03   0.0000000000000000E+00
       304         1         1        11
   2.6433865814408986E-01   1.0661341855910139E-02   0.0000000000000000E+00
       305         1         1        11
   2.5699352831154182E-01   1.8006471688458175E-02   0.0000000000000000E+00
       306         1         1        11
   2.4999049725618913E-01   2.5009502743810877E-02   0.0000000000000000E+00
       307         1         1        11
   2.4266437291126303E-01   3.2335627088736982E-02   0.0000000000000000E+00
       308         1         1        11
   2.3566134185591045E-01   3.9338658144089565E-02   0.0000000000000000E+00
       309         1         1        11
   2.2865831080055776E-01   4.6341689199442253E-02   0.0000000000000000E+00
       310         1         1        11
   2.2155092544946847E-01   5.3449074550531557E-02   0.0000000000000000E+00
       311         1         1        11
   2.1432915540027897E-01   6.0670844599721017E-02   0.0000000000000000E+00
       312         1         1        11
   2.0700303105535284E-01   6.7996968944647185E-02   0.0000000000000000E+00
       313         1         1        11
   1.9294809769076232E-01   6.7948097690762321E-02   0.0000000000000000E+00
       314         1         1        11
   1.8589619538152466E-01   6.0896195381524645E-02   0.0000000000000000E+00
       315         1         1        11
   1.7884429307228700E-01   5.3844293072286997E-02   0.0000000000000000E+00
       316         1         1        11
   1.7179239076304936E-01   4.6792390763049335E-02   0.0000000000000000E+00
       317         1         1        11
   1.6474048845381167E-01   3.9740488453811666E-02   0.0000000000000000E+00
       318         1         1        11
   1.5768858614457398E-01   3.2688586144573976E-02   0.0000000000000000E+00
       319         1         1        11
   1.5063668383533629E-01   2.5636683835336266E-02   0.0000000000000000E+00
       320         1         1        11
   1.4358478152609858E-01   1.8584781526098555E-02   0.0000000000000000E+00
       321         1         1        11
   1.3588669263771419E-01   1.0886692637714177E-02   0.0000000000000000E+00
       322         1         1        11
   1.2883479032847642E-01   3.8347903284764034E-03   0.0000000000000000E+00
       323         1         1        11
   1.2178288801923862E-01  -3.2171119807613974E-03   0.0000000000000000E+00
       324         1         1        11
   1.1410380461847575E-01  -1.0896195381524268E-02   0.0000000000000000E+00
       325         1         1        11
   1.0705190230923789E-01  -1.7948097690762124E-02   0.0000000000000000E+00
       326         1         1        11
   9.0057492941549341E-02  -2.2514373235387335E-02   0.0000000000000000E+00
       327         1         1        11
   8.0114985883098733E-02  -2.0028746470774683E-02   0.0000000000000000E+00
       328         1         1        11
   6.9597549409154136E-02  -1.7399387352288534E-02   0.0000000000000000E+00
       329         1         1        11
   5.9655042350703548E-02  -1.4913760587675887E-02   0.0000000000000000E+00
       330         1         1        11
   4.9712535292252807E-02  -1.2428133823063202E-02   0.0000000000000000E+00
       331         1         1        11
   3.9770028233802060E-02  -9.9425070584505150E-03   0.0000000000000000E+00
       332         1         1        11
   2.9827521175351340E-02  -7.4568802938378351E-03   0.0000000000000000E+00
       333         1         1        11
   1.9885014116900621E-02  -4.9712535292251551E-03   0.0000000000000000E+00
       334         1         1        11
   9.9425070584502895E-03  -2.4856267646125724E-03   0.0000000000000000E+00
       335         1         1        11
   7.9337448854975845E-03   6.0542035178058444E-03   1.0000000000000000E-04
       336         1         1        11
   7.6923034927541267E-03   1.6246638523356206E-02   1.0000000000000000E-04
       337         1         1        11
   7.6132230649386123E-03   2.6103791697868223E-02   1.0000000000000000E-04
       338         1         1        11
   6.5405533161436713E-03   3.4954228069961950E-02   1.0000000000000000E-04
       339         1         1        11
   8.7515843137939697E-03   4.4028235077642072E-02   1.0000000000000000E-04
       340         1         1        11
   1.8996725879058152E-02   4.5773937994213115E-02   1.0000000000000000E-04
       341         1         1        11
   2.8788939240076583E-02   4.8635297144442667E-02   1.0000000000000000E-04
       342         1         1        11
   3.8555997658546282E-02   5.1052812411729896E-02   1.0000000000000000E-04
       343         1         1        11
   4.7989316863876474E-02   5.3407489732956649E-02   1.0000000000000000E-04
       344         1         1        11
   5.8681923824839138E-02   5.5406575082763768E-02   1.0000000000000000E-04
       345         1         1        11
   6.9054802911686808E-02   5.7822539493387365E-02   1.0000000000000000E-04
       346         1         1        11
   7.8896392036096358E-02   6.0411356341805486E-02   1.0000000000000000E-04
       347         1         1        11
   8.9617486301747429E-02   6.3042276146863502E-02   1.0000000000000000E-04
       348         1         1        11
   9.9553389035639372E-02   6.6279339116468952E-02   1.0000000000000000E-04
       349         1         1        11
   1.0905363164291007E-01   7.1497638794659965E-02   1.0000000000000000E-04
       350         1         1        11
   1.1711244976579585E-01   7.8232275535762591E-02   1.0000000000000000E-04
       351         1         1        11
   1.2461266677732097E-01   8.5471779171384377E-02   1.0000000000000000E-04
       352         1         1        11
   1.3212795303307798E-01   9.2919868138328532E-02   1.0000000000000000E-04
       353         1         1        11
   1.3929843948163481E-01   1.0003564734178816E-01   1.0000000000000000E-04
       354         1         1        11
   1.4640649739090533E-01   1.0764834726135897E-01   1.0000000000000000E-04
       355         1         1        11
   1.5356524767853919E-01   1.1479756572043344E-01   1.0000000000000000E-04
       356         1         1        11
   1.6075698004848651E-01   1.2215860813890850E-01   1.0000000000000000E-04
       357         1         1        11
   1.6764471302977893E-01   1.2956177328130430E-01   1.0000000000000000E-04
       358         1         1        11
   1.7466848871917587E-01   1.3713147308590090E-01   1.0000000000000000E-04
       359         1         1        11
   1.8191818273671578E-01   1.4459037898155291E-01   1.0000000000000000E-04
       360         1         1        11
   1.8855935579418587E-01   1.5181986423278582E-01   1.0000000000000000E-04
       361         1         1        11
   1.9471336028515038E-01   1.5926929193536835E-01   1.0000000000000000E-04
       362         1         1        11
   1.9992361141936918E-01   1.6601603096196410E-01   1.0000000000000000E-04
       363         1         1        11
   2.0555214245393424E-01   1.5891506232436586E-01   1.0000000000000000E-04
       364         1         1        11
   2.1167453833965091E-01   1.5146359119273967E-01   1.0000000000000000E-04
       365         1         1        11
   2.1855566449488262E-01   1.4369595871704835E-01   1.0000000000000000E-04
       366         1         1        11
   2.2542934592274586E-01   1.3597977213496565E-01   1.0000000000000000E-04
       367         1         1        11
   2.3273856778911434E-01   1.2852884507540735E-01   1.0000000000000000E-04
       368         1         1        11
   2.3997236563001623E-01   1.2096995494546572E-01   1.0000000000000000E-04
       369         1         1        11
   2.4737389260917106E-01   1.1366251737535189E-01   1.0000000000000000E-04
       370         1         1        11
   2.5459391189125358E-01   1.0626988873118484E-01   1.0000000000000000E-04
       371         1         1        11
   2.6177545195168034E-01   9.9037673608928095E-02   1.0000000000000000E-04
       372         1         1        11
   2.6883428801741949E-01   9.1733531071410912E-02   1.0000000000000000E-04
       373         1         1        11
   2.7582701359465783E-01   8.4452199169103667E-02   1.0000000000000000E-04
       374         1         1        11
   2.8348707804319717E-01   7.7030702226487849E-02   1.0000000000000000E-04
       375         1         1        11
   2.9061143954653340E-01   7.0352566834424174E-02   1.0000000000000000E-04
       376         1         1        11
   2.9793663560608802E-01   6.3529118149189670E-02   1.0000000000000000E-04
       377         1         1        11
   3.0502826634946623E-01   5.6608318280149311E-02   1.0000000000000000E-04
       378         1         1        11
   3.1227171588039238E-01   4.9473223246585617E-02   1.0000000000000000E-04
       379         1         1        11
   3.1943622027260271E-01   4.2290794755876070E-02   1.0000000000000000E-04
       380         1         1        11
   3.2669359151718624E-01   3.5235826825459296E-02   1.0000000000000000E-04
       381         1         1        11
   3.3353271999915257E-01   2.7644695484684959E-02   1.0000000000000000E-04
       382         1         1        11
   3.4069822530316407E-01   2.0604297510180326E-02   1.0000000000000000E-04
       383         1         1        11
   3.4753772328894261E-01   1.3053728024098691E-02   1.0000000000000000E-04
       384         1         1        11
   3.5449124842027518E-01   5.7237505476055543E-03   1.0000000000000000E-04
       385         1         1        11
   3.6202188932179163E-01  -1.8805395898751909E-03   1.0000000000000000E-04
       386         1         1        11
   3.6941056141508932E-01  -8.9410599919575277E-03   1.0000000000000000E-04
       387         1         1        11
   3.7690618484294508E-01  -1.6371446013965670E-02   1.0000000000000000E-04
       388         1         1        11
   3.8445861846931445E-01  -2.3781058557065689E-02   1.0000000000000000E-04
       389         1         1        11
   3.9258230795994725E-01  -3.0975463866238440E-02   1.0000000000000000E-04
       390         1         1        11
   4.0950258401336093E-01  -2.7627602766001329E-02   1.0000000000000000E-04
       391         1         1        11
   4.1720334066885573E-01  -2.0653285073578703E-02   1.0000000000000000E-04
       392         1         1        11
   4.2453703969642426E-01  -1.3919339376599501E-02   1.0000000000000000E-04
       393         1         1        11
   4.3206316737024503E-01  -6.8721467825748721E-03   1.0000000000000000E-04
       394         1         1        11
   4.3891507817977260E-01   2.5161737118699692E-04   1.0000000000000000E-04
       395         1         1        11
   4.4616677062693905E-01   7.6517763690650033E-03   1.0000000000000000E-04
       396         1         1        11
   4.5359747079889817E-01   1.5041975442835134E-02   1.0000000000000000E-04
       397         1         1        11
   4.6085783240247047E-01   2.2168266025838039E-02   1.0000000000000000E-04
       398         1         1        11
   4.6740703581046172E-01   2.9280627957127020E-02   1.0000000000000000E-04
       399         1         1        11
   4.7457474826313045E-01   3.6906439007475672E-02   1.0000000000000000E-04
       400         1         1        11
   4.8198110244336173E-01   4.3627695788708357E-02   1.0000000000000000E-04
       401         1         1        11
   4.8944934274087826E-01   5.1012815168888372E-02   1.0000000000000000E-04
       402         1         1        11
   4.9675341603712864E-01   5.8893272109702771E-02   1.0000000000000000E-04
       403         1         1        11
   5.0384282400033709E-01   6.6899096908065489E-02   1.0000000000000000E-04
       404         1         1        11
   5.1433698767491887E-01   6.6884513993146336E-02   1.0000000000000000E-04
       405         1         1        11
   5.2437020923811495E-01   6.7074621449385294E-02   1.0000000000000000E-04
       406         1         1        11
   5.3470957655721063E-01   6.7023094428198454E-02   1.0000000000000000E-04
       407         1         1        11
   5.4452300380241758E-01   6.5994099306687717E-02   1.0000000000000000E-04
       408         1         1        11
   5.5457588585168838E-01   6.5756628635426473E-02   1.0000000000000000E-04
       409         1         1        11
   5.6479905481280035E-01   6.5825534707887490E-02   1.0000000000000000E-04
       410         1         1        11
   5.7505408871605734E-01   6.6105240331673448E-02   1.0000000000000000E-04
       411         1         1        11
   5.8477633076444446E-01   6.6871125931969769E-02   1.0000000000000000E-04
       412         1         1        11
   5.9332879220377044E-01   6.8562752844963451E-02   1.0000000000000000E-04
       413         1         1        11
   5.9186465176181990E-01   5.9752708635188126E-02   1.0000000000000000E-04
       414         1         1        11
   5.9225175398825081E-01   4.9986815980597434E-02   1.0000000000000000E-04
       415         1         1        11
   5.9227209658680380E-01   3.9458497584198990E-02   1.0000000000000000E-04
       416         1         1        11
   5.9149691979742403E-01   2.9216757522329648E-02   1.0000000000000000E-04
       417         1         1        11
   5.9128354853682585E-01   1.8569479018705762E-02   1.0000000000000000E-04
       418         1         1        11
   5.9179991370359408E-01   8.5201813653300491E-03   1.0000000000000000E-04
       419         1         1        11
   5.9254430294971194E-01  -1.8339030446296763E-03   1.0000000000000000E-04
       420         1         1        11
   5.9217369151090016E-01  -1.2457953414893797E-02   1.0000000000000000E-04
       421         1         1        11
   5.8443940824736307E-01  -1.7873002623794456E-02   1.0000000000000000E-04
       422         1         1        11
   5.7553177641595998E-01  -1.6331714865477239E-02   1.0000000000000000E-04
       423         1         1        11
   5.6592812523346403E-01  -1.5471819443388459E-02   1.0000000000000000E-04
       424         1         1        11
   5.5567270809389480E-01  -1.5634538154189932E-02   1.0000000000000000E-04
       425         1         1        11
   5.4516104395470855E-01  -1.5794761913023644E-02   1.0000000000000000E-04
       426         1         1        11
   5.3430606313255191E-01  -1.5606902509054849E-02   1.0000000000000000E-04
       427         1         1        11
   5.2397914957751845E-01  -1.5216629270100906E-02   1.0000000000000000E-04
       428         1         1        11
   5.1376839675632202E-01  -1.5099777940358956E-02   1.0000000000000000E-04
       429         1         1        11
   5.0364376380614762E-01  -1.5280434366896179E-02   1.0000000000000000E-04
       430         1         1        11
   4.9009904377632368E-01  -2.3003388934467069E-02   1.0000000000000000E-04
       431         1         1        11
   4.8338820350846906E-01  -3.0102580611222712E-02   1.0000000000000000E-04
       432         1         1        11
   4.7635557983579968E-01  -3.6500319904640255E-02   1.0000000000000000E-04
       433         1         1        11
   4.6910938923201861E-01  -4.3432612256089242E-02   1.0000000000000000E-04
       434         1         1        11
   4.6173231914432533E-01  -5.0241360795804255E-02   1.0000000000000000E-04
       435         1         1        11
   4.5434604516143129E-01  -5.7623445495126532E-02   1.0000000000000000E-04
       436         1         1        11
   4.4737853356944668E-01  -6.5065783042593223E-02   1.0000000000000000E-04
       437         1         1        11
   4.4004582516920387E-01  -7.2554530509757076E-02   1.0000000000000000E-04
       438         1         1        11
   4.3276218917196646E-01  -7.9499916865878414E-02   1.0000000000000000E-04
       439         1         1        11
   4.2546381181780224E-01  -8.7136270862672477E-02   1.0000000000000000E-04
       440         1         1        11
   4.1924312410657427E-01  -9.4292809207774719E-02   1.0000000000000000E-04
       441         1         1        11
   4.1270590586607081E-01  -1.0160266206249434E-01   1.0000000000000000E-04
       442         1         1        11
   4.0468885871383503E-01  -1.0851956829841368E-01   1.0000000000000000E-04
       443         1         1        11
   3.9986752705825346E-01  -1.1598202724441732E-01   1.0000000000000000E-04
       444         1         1        11
   3.9389480890834344E-01  -1.0924985201117952E-01   1.0000000000000000E-04
       445         1         1        11
   3.8728627498408885E-01  -1.0262190243860368E-01   1.0000000000000000E-04
       446         1         1        11
   3.8058381043492617E-01  -9.4426603677651114E-02   1.0000000000000000E-04
       447         1         1        11
   3.7446111757979167E-01  -8.6147000420928141E-02   1.0000000000000000E-04
       448         1         1        11
   3.6728028838678178E-01  -7.8869372827048409E-02   1.0000000000000000E-04
       449         1         1        11
   3.5953072122306140E-01  -7.0964344953841269E-02   1.0000000000000000E-04
       450         1         1        11
   3.5247482759914461E-01  -6.3979892591544241E-02   1.0000000000000000E-04
       451         1         1        11
   3.4493890213638301E-01  -5.6308424863361919E-02   1.0000000000000000E-04
       452         1         1        11
   3.3789245063884810E-01  -4.9336046515351839E-02   1.0000000000000000E-04
       453         1         1        11
   3.3019371410460252E-01  -4.1929574574055342E-02   1.0000000000000000E-04
       454         1         1        11
   3.2329850501358154E-01  -3.5072745061421134E-02   1.0000000000000000E-04
       455         1         1        11
   3.1648163479697033E-01  -2.7973316404692358E-02   1.0000000000000000E-04
       456         1         1        11
   3.0894617986542966E-01  -2.0801436445856438E-02   1.0000000000000000E-04
       457         1         1        11
   3.0208767974138750E-01  -1.3923836918301635E-02   1.0000000000000000E-04
       458         1         1        11
   2.9483082618650930E-01  -6.4195455588106388E-03   1.0000000000000000E-04
       459         1         1        11
   2.8745329522910457E-01   8.5507473049565089E-04   1.0000000000000000E-04
       460         1         1        11
   2.8019781091397528E-01   7.6333063853260170E-03   1.0000000000000000E-04
       461         1         1        11
   2.7343944915055757E-01   1.4770367331248912E-02   1.0000000000000000E-04
       462         1         1        11
   2.6604478801165177E-01   2.2514521182044358E-02   1.0000000000000000E-04
       463         1         1        11
   2.5922621845781812E-01   2.9397330600743815E-02   1.0000000000000000E-04
       464         1         1        11
   2.5169660534403554E-01   3.6733935951555462E-02   1.0000000000000000E-04
       465         1         1        11
   2.4449516018014444E-01   4.3450316045520944E-02   1.0000000000000000E-04
       466         1         1        11
   2.3742968105901319E-01   5.0192197177909903E-02   1.0000000000000000E-04
       467         1         1        11
   2.3053916020551596E-01   5.7600445914721632E-02   1.0000000000000000E-04
       468         1         1        11
   2.2318070234907514E-01   6.5033328857228234E-02   1.0000000000000000E-04
       469         1         1        11
   2.1546236628900567E-01   7.2310418973521945E-02   1.0000000000000000E-04
       470         1         1        11
   2.0780411379325356E-01   7.9706739891358389E-02   1.0000000000000000E-04
       471         1         1        11
   1.9013104075466217E-01   7.8983761504248490E-02   1.0000000000000000E-04
       472         1         1        11
   1.8281498360619355E-01   7.1227135922538432E-02   1.0000000000000000E-04
       473         1         1        11
   1.7592135850384635E-01   6.4013820681163597E-02   1.0000000000000000E-04
       474         1         1        11
   1.6871911872400761E-01   5.6725781815214385E-02   1.0000000000000000E-04
       475         1         1        11
   1.6168955643902785E-01   4.9680926156008921E-02   1.0000000000000000E-04
       476         1         1        11
   1.5469152444945639E-01   4.2292332336874759E-02   1.0000000000000000E-04
       477         1         1        11
   1.4765873138634997E-01   3.5328959741295067E-02   1.0000000000000000E-04
       478         1         1        11
   1.4097663618693934E-01   2.7679493524024691E-02   1.0000000000000000E-04
       479         1         1        11
   1.3381884406634251E-01   2.0409895305033014E-02   1.0000000000000000E-04
       480         1         1        11
   1.2581296452811394E-01   1.3637319022256964E-02   1.0000000000000000E-04
       481         1         1        11
   1.1890193818125416E-01   6.8726315883165766E-03   1.0000000000000000E-04
       482         1         1        11
   1.1203034059093039E-01  -8.1125144518616812E-04   1.0000000000000000E-04
       483         1         1        11
   1.0473032232476218E-01  -8.5133547320676954E-03   1.0000000000000000E-04
       484         1         1        11
   9.7246190431554580E-02  -1.5832279046772823E-02   1.0000000000000000E-04
       485         1         1        11
   8.6869452145456882E-02  -1.3421800348803910E-02   1.0000000000000000E-04
       486         1         1        11
   7.5942765801903234E-02  -1.0532251203280097E-02   1.0000000000000000E-04
       487         1         1        11
   6.6309843629412946E-02  -7.9495252486864558E-03   1.0000000000000000E-04
       488         1         1        11
   5.6480885305861706E-02  -5.4157376398906269E-03   1.0000000000000000E-04
       489         1         1        11
   4.6802203719159885E-02  -3.1786560480383183E-03   1.0000000000000000E-04
       490         1         1        11
   3.6526734758498880E-02  -6.8428649727276733E-04   1.0000000000000000E-04
       491         1         1        11
   2.7780681640685534E-02   8.5424537448719820E-04   1.0000000000000000E-04
       492         1         1        11
   1.7816918452152053E-02   3.1786539950269047E-03   1.0000000000000000E-04
       493         1         1        11
   4.0207960890539174E-01  -3.5938992855344992E-02   1.0000000000000000E-04
       494         1         1        11
   4.9483539183533637E-01  -1.5892228819127583E-02   1.0000000000000000E-04
       495         1         1        11
   1.9844082933535206E-01   8.6644434897261841E-02   1.0000000000000000E-04
       496         1         1        11
   1.6598115946457104E-02   1.3203676216204959E-02   1.0000000000000000E-04
       497         1         1        11
   1.6493757470789350E-02   2.3059422099673252E-02   1.0000000000000000E-04
       498         1         1        11
   1.6207152942857350E-02   3.4850898283000364E-02   1.0000000000000000E-04
       499         1         1        11
   1.2025919142643501E-01   6.5697183144478075E-02   1.0000000000000000E-04
       500         1         1        11
   2.7215132081325977E-02   3.8487451461409722E-02   1.0000000000000000E-04
       501         1         1        11
   3.6549136657871961E-02   4.0769165853698094E-02   1.0000000000000000E-04
       502         1         1        11
   4.6300831051578228E-02   4.2852634474271671E-02   1.0000000000000000E-04
       503         1         1        11
   5.6604712096821941E-02   4.4176674192481766E-02   1.0000000000000000E-04
       504         1         1        11
   6.7505559387993574E-02   4.6505990593882759E-02   1.0000000000000000E-04
       505         1         1        11
   7.8707318291448780E-02   4.8562790729922957E-02   1.0000000000000000E-04
       506         1         1        11
   8.9354727240468113E-02   5.1123226822454147E-02   1.0000000000000000E-04
       507         1         1        11
   1.0003683620047904E-01   5.4925477761544703E-02   1.0000000000000000E-04
       508         1         1        11
   1.2842069501619810E-01   7.3086438665745074E-02   1.0000000000000000E-04
       509         1         1        11
   1.3669884995381007E-01   8.0688340051625687E-02   1.0000000000000000E-04
       510         1         1        11
   1.4401595652966739E-01   8.7962164799739034E-02   1.0000000000000000E-04
       511         1         1        11
   1.5173308596351109E-01   9.5404086825895698E-02   1.0000000000000000E-04
       512         1         1        11
   1.5869977612930403E-01   1.0275478829724324E-01   1.0000000000000000E-04
       513         1         1        11
   1.6649891838030592E-01   1.1018553648882728E-01   1.0000000000000000E-04
       514         1         1        11
   1.7369922906122456E-01   1.1755978325599496E-01   1.0000000000000000E-04
       515         1         1        11
   1.7963430535107161E-01   1.2588241174298720E-01   1.0000000000000000E-04
       516         1         1        11
   1.8673429672455338E-01   1.3411985016117237E-01   1.0000000000000000E-04
       517         1         1        11
   1.9351761375639168E-01   1.4182876462782937E-01   1.0000000000000000E-04
       518         1         1        11
   2.0044226139310298E-01   1.5011811771040859E-01   1.0000000000000000E-04
       519         1         1        11
   4.2120058786082276E-01  -3.2177055390034640E-02   1.0000000000000000E-04
       520         1         1        11
   2.1297707592869708E-01   1.3181671923346860E-01   1.0000000000000000E-04
       521         1         1        11
   2.1952212850978778E-01   1.2323119344515293E-01   1.0000000000000000E-04
       522         1         1        11
   2.2759557400785521E-01   1.1491464177839925E-01   1.0000000000000000E-04
       523         1         1        11
   2.3542624255662301E-01   1.0750265993428372E-01   1.0000000000000000E-04
       524         1         1        11
   2.4337921239275506E-01   9.9731354580972667E-02   1.0000000000000000E-04
       525         1         1        11
   2.5061961972983393E-01   9.2872282977970594E-02   1.0000000000000000E-04
       526         1         1        11
   2.5802362613008839E-01   8.5712644245162103E-02   1.0000000000000000E-04
       527         1         1        11
   2.6537957037548443E-01   7.8603438834560807E-02   1.0000000000000000E-04
       528         1         1        11
   2.7257129980469363E-01   7.1317119875508261E-02   1.0000000000000000E-04
       529         1         1        11
   2.7991920794846320E-01   6.4292814224690187E-02   1.0000000000000000E-04
       530         1         1        11
   2.8715526617856968E-01   5.7350540409504214E-02   1.0000000000000000E-04
       531         1         1        11
   2.9435292090511173E-01   5.0353041116810313E-02   1.0000000000000000E-04
       532         1         1        11
   3.0140530332267162E-01   4.3180717846833798E-02   1.0000000000000000E-04
       533         1         1        11
   3.0847475578964512E-01   3.6054076095515357E-02   1.0000000000000000E-04
       534         1         1        11
   3.1546488837191156E-01   2.8744689598949325E-02   1.0000000000000000E-04
       535         1         1        11
   3.2272190410528007E-01   2.1024270970772804E-02   1.0000000000000000E-04
       536         1         1        11
   3.2942771478487948E-01   1.4124793873337911E-02   1.0000000000000000E-04
       537         1         1        11
   3.3687133512384426E-01   6.6950709124755370E-03   1.0000000000000000E-04
       538         1         1        11
   3.4417901434465692E-01  -2.8516845621272963E-04   1.0000000000000000E-04
       539         1         1        11
   3.5128993667051311E-01  -7.5763558807365634E-03   1.0000000000000000E-04
       540         1         1        11
   3.5885675568216030E-01  -1.4892396411025886E-02   1.0000000000000000E-04
       541         1         1        11
   3.6635953797648951E-01  -2.2596457216913109E-02   1.0000000000000000E-04
       542         1         1        11
   3.7436360394414936E-01  -3.0647242955786722E-02   1.0000000000000000E-04
       543         1         1        11
   3.8289063380944227E-01  -4.0502783514092977E-02   1.0000000000000000E-04
       544         1         1        11
   5.8361801499670218E-01  -8.7456255558618322E-03   1.0000000000000000E-04
       545         1         1        11
   4.2906775098456734E-01  -2.6057726823228062E-02   1.0000000000000000E-04
       546         1         1        11
   4.3682043514415630E-01  -1.8987335759583713E-02   1.0000000000000000E-04
       547         1         1        11
   4.4412771277652696E-01  -1.1621470567549749E-02   1.0000000000000000E-04
       548         1         1        11
   4.5037617001742847E-01  -3.8773583928233442E-03   1.0000000000000000E-04
       549         1         1        11
   4.5763633369652029E-01   4.3463118774116558E-03   1.0000000000000000E-04
       550         1         1        11
   4.6590401572791662E-01   1.0780223955293529E-02   1.0000000000000000E-04
       551         1         1        11
   4.7331277260419402E-01   1.7672819171113168E-02   1.0000000000000000E-04
       552         1         1        11
   4.7836651361767024E-01   2.6017155652584958E-02   1.0000000000000000E-04
       553         1         1        11
   4.8645529120603503E-01   3.1738945703609689E-02   1.0000000000000000E-04
       554         1         1        11
   4.9463544056460695E-01   3.8896344550453328E-02   1.0000000000000000E-04
       555         1         1        11
   5.0236198956737588E-01   4.7186748667776321E-02   1.0000000000000000E-04
       556         1         1        11
   5.0828723315855318E-01   5.7146555427283363E-02   1.0000000000000000E-04
       557         1         1        11
   5.1948437116441726E-01   5.7016955296238125E-02   1.0000000000000000E-04
       558         1         1        11
   5.2872810546993854E-01   5.8931343176697348E-02   1.0000000000000000E-04
       559         1         1        11
   5.3826407307439905E-01   5.5734792266397978E-02   1.0000000000000000E-04
       560         1         1        11
   5.4828476448595920E-01   5.4292225298773179E-02   1.0000000000000000E-04
       561         1         1        11
   5.5909952375264893E-01   5.4114023932784222E-02   1.0000000000000000E-04
       562         1         1        11
   5.7013692415168549E-01   5.4770142469593247E-02   1.0000000000000000E-04
       563         1         1        11
   5.8183804275403739E-01   5.5688821882471859E-02   1.0000000000000000E-04
       564         1         1        11
   4.8040106841187341E-01  -2.0607707550102560E-02   1.0000000000000000E-04
       565         1         1        11
   5.8473732771843745E-01   4.4367376772076042E-02   1.0000000000000000E-04
       566         1         1        11
   5.8268640658687820E-01   3.4299045796867579E-02   1.0000000000000000E-04
       567         1         1        11
   5.8105171406323775E-01   2.2873291662777677E-02   1.0000000000000000E-04
       568         1         1        11
   5.8115583869936849E-01   1.0967422146060168E-02   1.0000000000000000E-04
       569         1         1        11
   5.8440857532117640E-01   1.6227886697849844E-03   1.0000000000000000E-04
       570         1         1        11
   5.7371132156712468E-01  -2.7539213637127295E-03   1.0000000000000000E-04
       571         1         1        11
   5.6229884970890154E-01  -3.3607538447272926E-03   1.0000000000000000E-04
       572         1         1        11
   5.5095296046656639E-01  -4.6205684679811350E-03   1.0000000000000000E-04
       573         1         1        11
   5.3927437718378046E-01  -4.3223305040515254E-03   1.0000000000000000E-04
       574         1         1        11
   5.2810701140926486E-01  -3.1431373519112647E-03   1.0000000000000000E-04
       575         1         1        11
   5.1677825987615922E-01  -2.6222418231467148E-03   1.0000000000000000E-04
       576         1         1        11
   5.0496005732847338E-01  -2.4156723493651555E-03   1.0000000000000000E-04
       577         1         1        11
   4.7249912321004633E-01  -2.5460345350201859E-02   1.0000000000000000E-04
       578         1         1        11
   4.6474212510764379E-01  -3.1326211134583254E-02   1.0000000000000000E-04
       579         1         1        11
   4.5674845666701858E-01  -3.8477113126421270E-02   1.0000000000000000E-04
       580         1         1        11
   4.4970749800359311E-01  -4.5773899313510197E-02   1.0000000000000000E-04
       581         1         1        11
   4.4361502399829772E-01  -5.4249424246574057E-02   1.0000000000000000E-04
       582         1         1        11
   4.3678762042917990E-01  -6.2125635514755237E-02   1.0000000000000000E-04
       583         1         1        11
   4.2851504436931143E-01  -6.9029742740408226E-02   1.0000000000000000E-04
       584         1         1        11
   4.2113359600124523E-01  -7.5828942661636811E-02   1.0000000000000000E-04
       585         1         1        11
   4.1446044736439874E-01  -8.3812487159799054E-02   1.0000000000000000E-04
       586         1         1        11
   4.0890800088711893E-01  -9.1176784180927797E-02   1.0000000000000000E-04
       587         1         1        11
   4.0398653460646539E-01  -9.8141473051638631E-02   1.0000000000000000E-04
       588         1         1        11
   3.9549613531944822E-01  -1.0072386557826567E-01   1.0000000000000000E-04
       589         1         1        11
   1.7818650275773962E-01   8.4328700566653925E-02   1.0000000000000000E-04
       590         1         1        11
   3.8719870058885586E-01  -8.3192661254306674E-02   1.0000000000000000E-04
       591         1         1        11
   3.7939303531716506E-01  -7.3729061596651518E-02   1.0000000000000000E-04
       592         1         1        11
   3.7142697782543233E-01  -6.6348873764999219E-02   1.0000000000000000E-04
       593         1         1        11
   3.6301341655356734E-01  -5.8835288844573813E-02   1.0000000000000000E-04
       594         1         1        11
   3.5572542531636592E-01  -5.1250762350220802E-02   1.0000000000000000E-04
       595         1         1        11
   3.4823914805627376E-01  -4.3797638827456825E-02   1.0000000000000000E-04
       596         1         1        11
   3.4099897152385322E-01  -3.6571877056032168E-02   1.0000000000000000E-04
       597         1         1        11
   3.3338273185797490E-01  -2.9415808909404647E-02   1.0000000000000000E-04
       598         1         1        11
   3.2644097433451985E-01  -2.2543710360691967E-02   1.0000000000000000E-04
       599         1         1        11
   3.1921942117831204E-01  -1.4834048312900760E-02   1.0000000000000000E-04
       600         1         1        11
   3.1248595232229487E-01  -8.0571294335932651E-03   1.0000000000000000E-04
       601         1         1        11
   3.0531295830193023E-01  -3.6440662698713697E-04   1.0000000000000000E-04
       602         1         1        11
   2.9832610950763289E-01   6.7383505001940951E-03   1.0000000000000000E-04
       603         1         1        11
   2.9091182310358926E-01   1.4217190545755582E-02   1.0000000000000000E-04
       604         1         1        11
   2.8421821390154095E-01   2.1456917655463224E-02   1.0000000000000000E-04
       605         1         1        11
   2.7686373728497343E-01   2.8135021465338219E-02   1.0000000000000000E-04
       606         1         1        11
   2.6951002401725621E-01   3.5398360170720483E-02   1.0000000000000000E-04
       607         1         1        11
   2.6227735830305315E-01   4.2210283635231161E-02   1.0000000000000000E-04
       608         1         1        11
   2.5477721016850502E-01   4.9328552553773303E-02   1.0000000000000000E-04
       609         1         1        11
   2.4784256005616467E-01   5.6332482902924252E-02   1.0000000000000000E-04
       610         1         1        11
   2.4025752620352825E-01   6.3585486456866555E-02   1.0000000000000000E-04
       611         1         1        11
   2.3335359419450089E-01   7.0684958685625007E-02   1.0000000000000000E-04
       612         1         1        11
   2.2581563515099637E-01   7.8520990194375404E-02   1.0000000000000000E-04
       613         1         1        11
   2.1805215633273553E-01   8.6073004763656813E-02   1.0000000000000000E-04
       614         1         1        11
   1.1096363758960071E-01   5.9317064607586775E-02   1.0000000000000000E-04
       615         1         1        11
   1.7103951774619713E-01   7.6365454579281025E-02   1.0000000000000000E-04
       616         1         1        11
   1.6341654023693686E-01   6.9255191698648119E-02   1.0000000000000000E-04
       617         1         1        11
   1.5649180580259545E-01   6.1763122087208952E-02   1.0000000000000000E-04
       618         1         1        11
   1.4872460883826996E-01   5.4575218058121773E-02   1.0000000000000000E-04
       619         1         1        11
   1.4087191548485523E-01   4.7049011393985249E-02   1.0000000000000000E-04
       620         1         1        11
   1.3515941009886409E-01   3.8912943059526937E-02   1.0000000000000000E-04
       621         1         1        11
   1.3121425217210639E-01   2.9734969611589866E-02   1.0000000000000000E-04
       622         1         1        11
   1.2254679896596246E-01   2.4761156813756267E-02   1.0000000000000000E-04
       623         1         1        11
   1.1468519897539106E-01   1.8656080323141228E-02   1.0000000000000000E-04
       624         1         1        11
   1.0876902557779447E-01   1.0856608175053366E-02   1.0000000000000000E-04
       625         1         1        11
   1.0171530433722814E-01   2.0341409071621096E-03   1.0000000000000000E-04
       626         1         1        11
   9.4189213531243404E-02  -6.1271722298052757E-03   1.0000000000000000E-04
       627         1         1        11
   8.3010279487535310E-02  -2.2180590997275089E-03   1.0000000000000000E-04
       628         1         1        11
   7.2773295859892839E-02   1.6613603147337327E-04   1.0000000000000000E-04
       629         1         1        11
   6.2913829650188657E-02   3.0685642530444354E-03   1.0000000000000000E-04
       630         1         1        11
   5.3261489456560951E-02   6.4297229951687275E-03   1.0000000000000000E-04
       631         1         1        11
   4.3488132665093437E-02   6.8214629722623092E-03   1.0000000000000000E-04
       632         1         1        11
   3.5387528086403386E-02   1.1273440998147264E-02   1.0000000000000000E-04
       633         1         1        11
   3.9471365853254237E-01  -4.5134254781951974E-02   1.0000000000000000E-04
       634         1         1        11
   4.1242728614795848E-01  -3.8064458008740698E-02   1.0000000000000000E-04
       635         1         1        11
   2.0670704626183919E-01   1.4143872136605004E-01   1.0000000000000000E-04
       636         1         1        11
   4.8398887634335369E-01  -1.0377700268882666E-02   1.0000000000000000E-04
       637         1         1        11
   4.9368284770390430E-01  -4.6678436180659193E-03   1.0000000000000000E-04
       638         1         1        11
   2.0884439267485846E-01   9.4004753739895461E-02   1.0000000000000000E-04
       639         1         1        11
   1.8638421809276565E-01   9.2213343387347171E-02   1.0000000000000000E-04
       640         1         1        11
   3.8922519543020018E-01  -9.4124797809179969E-02   1.0000000000000000E-04
       641         1         1        11
   2.5124574361109819E-02   9.3118815655710944E-03   1.0000000000000000E-04
       642         1         1        11
   2.6303022063949855E-02   1.8976960295153496E-02   1.0000000000000000E-04
       643         1         1        11
   2.4467857149678363E-02   2.9157109856901581E-02   1.0000000000000000E-04
       644         1         1        11
   1.1117824018604852E-01   4.7161824902017910E-02   1.0000000000000000E-04
       645         1         1        11
   5.1565438461910018E-01   4.5022378232306759E-02   1.0000000000000000E-04
       646         1         1        11
   4.3862370032549058E-02   3.2763912942405507E-02   1.0000000000000000E-04
       647         1         1        11
   5.3876721090825030E-02   3.1631798501421886E-02   1.0000000000000000E-04
       648         1         1        11
   6.5154403107312159E-02   3.2683542769857125E-02   1.0000000000000000E-04
       649         1         1        11
   7.7093079023829170E-02   3.4915277525593515E-02   1.0000000000000000E-04
       650         1         1        11
   8.8971720369124957E-02   3.7207069585731466E-02   1.0000000000000000E-04
       651         1         1        11
   1.0025943877631133E-01   4.1864490846395444E-02   1.0000000000000000E-04
       652         1         1        11
   1.3344842527621489E-01   5.9781232737911458E-02   1.0000000000000000E-04
       653         1         1        11
   2.0332534996805451E-01   1.1790876669793772E-01   1.0000000000000000E-04
       654         1         1        11
   1.4211916252797008E-01   6.7314648756690645E-02   1.0000000000000000E-04
       655         1         1        11
   1.5029164001976070E-01   7.4673162788424230E-02   1.0000000000000000E-04
       656         1         1        11
   1.5790186071766713E-01   8.1665873529389102E-02   1.0000000000000000E-04
       657         1         1        11
   1.6538361287583031E-01   8.9437647572728235E-02   1.0000000000000000E-04
       658         1         1        11
   1.7269116175224267E-01   9.6728402665386071E-02   1.0000000000000000E-04
       659         1         1        11
   1.8055761849081756E-01   1.0544588131437013E-01   1.0000000000000000E-04
       660         1         1        11
   1.8750683476918784E-01   1.1393300438185323E-01   1.0000000000000000E-04
       661         1         1        11
   1.9147627657563226E-01   1.2401937296159045E-01   1.0000000000000000E-04
       662         1         1        11
   3.8547171646183775E-01  -5.8051779845161286E-02   1.0000000000000000E-04
       663         1         1        11
   2.1287087336626703E-01   1.0841773507128366E-01   1.0000000000000000E-04
       664         1         1        11
   2.2193407895522527E-01   1.0069153528932397E-01   1.0000000000000000E-04
       665         1         1        11
   2.3016694830830145E-01   9.2943807424097732E-02   1.0000000000000000E-04
       666         1         1        11
   2.3825984400577024E-01   8.5830752429344445E-02   1.0000000000000000E-04
       667         1         1        11
   2.4534735549835754E-01   7.8065946969544206E-02   1.0000000000000000E-04
       668         1         1        11
   2.5279127538296853E-01   7.1024560179243718E-02   1.0000000000000000E-04
       669         1         1        11
   2.5991015810723211E-01   6.3634314899396333E-02   1.0000000000000000E-04
       670         1         1        11
   2.6732231511753807E-01   5.6640998260638772E-02   1.0000000000000000E-04
       671         1         1        11
   2.7439783668268380E-01   4.9170334362581121E-02   1.0000000000000000E-04
       672         1         1        11
   2.8155852650405089E-01   4.2535201998054134E-02   1.0000000000000000E-04
       673         1         1        11
   2.8871988139315047E-01   3.5148265993328646E-02   1.0000000000000000E-04
       674         1         1        11
   2.9564543328882248E-01   2.8245953192404361E-02   1.0000000000000000E-04
       675         1         1        11
   3.0312888409161315E-01   2.1374843096434757E-02   1.0000000000000000E-04
       676         1         1        11
   3.1017026587072749E-01   1.3887688143348738E-02   1.0000000000000000E-04
       677         1         1        11
   3.1757376984009389E-01   6.9911245382799046E-03   1.0000000000000000E-04
       678         1         1        11
   3.2435896607199871E-01  -6.9409937243951683E-04   1.0000000000000000E-04
       679         1         1        11
   3.3159675563059932E-01  -7.8393035184538100E-03   1.0000000000000000E-04
       680         1         1        11
   3.3868175032627501E-01  -1.5174095914690589E-02   1.0000000000000000E-04
       681         1         1        11
   3.4611581876742875E-01  -2.2136293279706853E-02   1.0000000000000000E-04
       682         1         1        11
   3.5342596166149226E-01  -2.9719917738270690E-02   1.0000000000000000E-04
       683         1         1        11
   3.6106971809952171E-01  -3.6974657117127288E-02   1.0000000000000000E-04
       684         1         1        11
   3.6846041659296402E-01  -4.5219154798409475E-02   1.0000000000000000E-04
       685         1         1        11
   3.5302665609038553E-02   2.7448166595617295E-02   1.0000000000000000E-04
       686         1         1        11
   4.3462732579136626E-01  -3.9979094019824413E-02   1.0000000000000000E-04
       687         1         1        11
   4.4315198327913941E-01  -3.2742417587594830E-02   1.0000000000000000E-04
       688         1         1        11
   4.5100614104078551E-01  -2.5050017743097893E-02   1.0000000000000000E-04
       689         1         1        11
   4.5980374252645423E-01  -1.8097436954991355E-02   1.0000000000000000E-04
       690         1         1        11
   4.6214295328239480E-01  -6.9697060092081299E-03   1.0000000000000000E-04
       691         1         1        11
   4.7167945017127244E-01  -1.7400266023015754E-03   1.0000000000000000E-04
       692         1         1        11
   4.8097518387092514E-01   4.2374008254014821E-03   1.0000000000000000E-04
       693         1         1        11
   4.9021544214193769E-01   1.3481704287062369E-02   1.0000000000000000E-04
       694         1         1        11
   4.9760138090751310E-01   2.6121470874687577E-02   1.0000000000000000E-04
       695         1         1        11
   5.1036043089761007E-01   3.1743810792101840E-02   1.0000000000000000E-04
       696         1         1        11
   1.9956198585888668E-01   1.3121494443801213E-01   1.0000000000000000E-04
       697         1         1        11
   5.3982111815288791E-01   4.2227287531547565E-02   1.0000000000000000E-04
       698         1         1        11
   5.5214997351339201E-01   4.1055197510107395E-02   1.0000000000000000E-04
       699         1         1        11
   5.6404350467346132E-01   4.2014665235210510E-02   1.0000000000000000E-04
       700         1         1        11
   5.7525025521049700E-01   4.3462276265345448E-02   1.0000000000000000E-04
       701         1         1        11
   5.7175663770390350E-01   2.9796345866551863E-02   1.0000000000000000E-04
       702         1         1        11
   5.6967016123388836E-01   1.3895103597867798E-02   1.0000000000000000E-04
       703         1         1        11
   3.9289575380890063E-01  -7.0216751996623028E-02   1.0000000000000000E-04
       704         1         1        11
   1.2418128002599349E-01   5.1469652763586032E-02   1.0000000000000000E-04
       705         1         1        11
   5.5692830729658738E-01   1.0647904219391038E-02   1.0000000000000000E-04
       706         1         1        11
   5.4515608687662620E-01   7.4129788092506983E-03   1.0000000000000000E-04
       707         1         1        11
   5.3340980128627313E-01   1.1506501313662036E-02   1.0000000000000000E-04
       708         1         1        11
   5.2058962856783819E-01   1.2982807130516217E-02   1.0000000000000000E-04
       709         1         1        11
   5.0726912909536959E-01   1.1710722492060736E-02   1.0000000000000000E-04
       710         1         1        11
   4.1472953600989465E-01  -6.3370591862564260E-02   1.0000000000000000E-04
       711         1         1        11
   4.0712520662202922E-01  -7.1502631556873641E-02   1.0000000000000000E-04
       712         1         1        11
   4.0109871246974482E-01  -8.1142527815883228E-02   1.0000000000000000E-04
       713         1         1        11
   3.7462795825754441E-01  -5.3453983059255777E-02   1.0000000000000000E-04
       714         1         1        11
   1.1138084299040479E-01   3.2211060862773533E-02   1.0000000000000000E-04
       715         1         1        11
   1.0127087971549359E-01   2.5900850649109703E-02   1.0000000000000000E-04
       716         1         1        11
   9.7348142726958742E-02   1.4384108216881682E-02   1.0000000000000000E-04
       717         1         1        11
   8.9748941188152881E-02   6.8742907453489266E-03   1.0000000000000000E-04
       718         1         1        11
   7.9930567371168465E-02   9.9397189882746550E-03   1.0000000000000000E-04
       719         1         1        11
   6.9475496117676505E-02   1.0487234308070264E-02   1.0000000000000000E-04
       720         1         1        11
   6.0187483538486769E-02   1.7964364902584670E-02   1.0000000000000000E-04
       721         1         1        11
   4.6703516111645027E-02   1.8857747076667562E-02   1.0000000000000000E-04
       722         1         1        11
   5.2818019638537717E-01   4.7460955810999725E-02   1.0000000000000000E-04
       723         1         1        11
   4.0916784501510539E-01  -4.8897816329408303E-02   1.0000000000000000E-04
       724         1         1        11
   1.9676413430404663E-01   1.0241750259984880E-01   1.0000000000000000E-04
       725         1         1        11
   4.7189363024131864E-01  -1.4419852140774358E-02   1.0000000000000000E-04
       726         1         1        11
   4.0034541776355509E-01  -5.8745760270691408E-02   1.0000000000000000E-04
       727         1         1        11
   4.3241240236047718E-01  -5.1334924496632003E-02   1.0000000000000000E-04
       728         1         1        11
   4.2316290739145146E-01  -5.6769349327544266E-02   1.0000000000000000E-04
       729         1         1        11
   3.9765902608066295E-01  -9.0213092092943190E-02   1.0000000000000000E-04
       730         1         1        11
   1.2192085979857475E-01   3.8429426729439609E-02   1.0000000000000000E-04
       731         1         1        11
   4.2196384573191714E-01  -4.4552487693106602E-02   1.0000000000000000E-04
       732         1         1        11
   5.5938036288656701E-01   2.7094022214320949E-02   1.0000000000000000E-04
       733         1         1        11
   8.6708032865231710E-02   2.2202083552930154E-02   1.0000000000000000E-04
       734         1         1        11
   7.3391565018910088E-02   2.2199160666434636E-02   1.0000000000000000E-04
       735         1         1        11
   5.2746784673835556E-01   3.1771367565730763E-02   1.0000000000000000E-04
       736         1         1        11
   5.4421924839624669E-01   2.6199649918318184E-02   1.0000000000000000E-04
       737         1         1        11
   7.2878840333520656E-03   1.5650393856315122E-02   0.0000000000000000E+00
       738         1         1        11
   7.4332148462668557E-03   3.4112583607293107E-02   0.0000000000000000E+00
       739         1         1        11
   8.0598485073553050E-03   4.4420798716751038E-02   0.0000000000000000E+00
       740         1         1        11
   2.8320967620380000E-02   4.8117103606263187E-02   0.0000000000000000E+00
       741         1         1        11
   4.7008491031609367E-02   5.2522430925477467E-02   0.0000000000000000E+00
       742         1         1        11
   6.8251595695840078E-02   5.8071496106632550E-02   0.0000000000000000E+00
       743         1         1        11
   8.9355130136885036E-02   6.2295312939097944E-02   0.0000000000000000E+00
       744         1         1        11
   1.0902851532123264E-01   7.0674967760135557E-02   0.0000000000000000E+00
       745         1         1        11
   1.2481179330307335E-01   8.5186680212567298E-02   0.0000000000000000E+00
       746         1         1        11
   1.3924925008807371E-01   9.9969880714155746E-02   0.0000000000000000E+00
       747         1         1        11
   1.5330972695069514E-01   1.1483349739250677E-01   0.0000000000000000E+00
       748         1         1        11
   1.6744188224146317E-01   1.2957002402128509E-01   0.0000000000000000E+00
       749         1         1        11
   1.8157767316930146E-01   1.4421363397712486E-01   0.0000000000000000E+00
       750         1         1        11
   1.9447534485623513E-01   1.5888708284399189E-01   0.0000000000000000E+00
       751         1         1        11
   2.0159644274112831E-01   1.6387043574581758E-01   0.0000000000000000E+00
       752         1         1        11
   2.1334242615088103E-01   1.5144991764547511E-01   0.0000000000000000E+00
       753         1         1        11
   2.2552758344968701E-01   1.3608692764570732E-01   0.0000000000000000E+00
       754         1         1        11
   2.4039888888386274E-01   1.2189540946806042E-01   0.0000000000000000E+00
       755         1         1        11
   2.5427036478221232E-01   1.0741345111548213E-01   0.0000000000000000E+00
       756         1         1        11
   2.6789350693058966E-01   9.1920884223557459E-02   0.0000000000000000E+00
       757         1         1        11
   2.8277577704664303E-01   7.8390615250429591E-02   0.0000000000000000E+00
       758         1         1        11
   2.9779171478720329E-01   6.5205526410908987E-02   0.0000000000000000E+00
       759         1         1        11
   3.1145001416719070E-01   5.0726873826203847E-02   0.0000000000000000E+00
       760         1         1        11
   3.2570280824502074E-01   3.7082256576217894E-02   0.0000000000000000E+00
       761         1         1        11
   3.3875470991645784E-01   2.1952009834849139E-02   0.0000000000000000E+00
       762         1         1        11
   3.5316229058566445E-01   6.9926050938033911E-03   0.0000000000000000E+00
       763         1         1        11
   3.6812937032193171E-01  -7.4964291319745517E-03   0.0000000000000000E+00
       764         1         1        11
   3.8319883857733017E-01  -2.2462107823054672E-02   0.0000000000000000E+00
       765         1         1        11
   4.0915071627419625E-01  -2.9423606615596880E-02   0.0000000000000000E+00
       766         1         1        11
   4.2399876794385050E-01  -1.4029887734736523E-02   0.0000000000000000E+00
       767         1         1        11
   4.3917579305162813E-01  -1.5127961507906823E-04   0.0000000000000000E+00
       768         1         1        11
   4.5326002309348518E-01   1.4891691501308934E-02   0.0000000000000000E+00
       769         1         1        11
   4.6645277154317616E-01   2.9530183028612267E-02   0.0000000000000000E+00
       770         1         1        11
   4.8138800907702889E-01   4.3516929886850547E-02   0.0000000000000000E+00
       771         1         1        11
   4.9630329150180758E-01   5.9176874929206091E-02   0.0000000000000000E+00
       772         1         1        11
   5.0362347801262441E-01   6.7071298730681878E-02   0.0000000000000000E+00
       773         1         1        11
   5.1423495252637375E-01   6.6780677047665271E-02   0.0000000000000000E+00
       774         1         1        11
   5.3494965452758314E-01   6.6313094683778523E-02   0.0000000000000000E+00
       775         1         1        11
   5.5548002410433195E-01   6.6429077012259030E-02   0.0000000000000000E+00
       776         1         1        11
   5.7539228664142228E-01   6.6942993564762063E-02   0.0000000000000000E+00
       777         1         1        11
   5.9188253957424308E-01   6.2068004550642333E-02   0.0000000000000000E+00
       778         1         1        11
   5.9091221763491830E-01   4.0824622051707511E-02   0.0000000000000000E+00
       779         1         1        11
   5.9022463558451055E-01   1.9879096450771065E-02   0.0000000000000000E+00
       780         1         1        11
   5.9134982821862392E-01  -6.8955451578255403E-04   0.0000000000000000E+00
       781         1         1        11
   5.8670453735049855E-01  -1.7355968096190288E-02   0.0000000000000000E+00
       782         1         1        11
   5.6612730373926146E-01  -1.7093532396457650E-02   0.0000000000000000E+00
       783         1         1        11
   5.4583312737738598E-01  -1.5960781284604247E-02   0.0000000000000000E+00
       784         1         1        11
   5.2471566972915207E-01  -1.5757045923292589E-02   0.0000000000000000E+00
       785         1         1        11
   5.0536438035930009E-01  -1.7830602458687030E-02   0.0000000000000000E+00
       786         1         1        11
   4.9067344306510136E-01  -2.1614540100098358E-02   0.0000000000000000E+00
       787         1         1        11
   4.7590144751871499E-01  -3.5984048070953262E-02   0.0000000000000000E+00
       788         1         1        11
   4.6095647040151033E-01  -5.0608932067172097E-02   0.0000000000000000E+00
       789         1         1        11
   4.4447898775647210E-01  -6.3013656352440620E-02   0.0000000000000000E+00
       790         1         1        11
   4.3390256001303534E-01  -8.1434653652730338E-02   0.0000000000000000E+00
       791         1         1        11
   4.1935611291546304E-01  -9.4248862108278347E-02   0.0000000000000000E+00
       792         1         1        11
   4.0565251601801194E-01  -1.0875956045131448E-01   0.0000000000000000E+00
       793         1         1        11
   3.9867786050767356E-01  -1.1404455657702493E-01   0.0000000000000000E+00
       794         1         1        11
   3.8743901434348998E-01  -1.0148858785980518E-01   0.0000000000000000E+00
       795         1         1        11
   3.7569825764339204E-01  -8.6080481002299439E-02   0.0000000000000000E+00
       796         1         1        11
   3.6108977368647288E-01  -7.1240352198913254E-02   0.0000000000000000E+00
       797         1         1        11
   3.4583924944798072E-01  -5.7410678852235900E-02   0.0000000000000000E+00
       798         1         1        11
   3.3126290659537178E-01  -4.3624189103226935E-02   0.0000000000000000E+00
       799         1         1        11
   3.1717446122487675E-01  -2.9343407018341757E-02   0.0000000000000000E+00
       800         1         1        11
   3.0228496482582640E-01  -1.5909034055567147E-02   0.0000000000000000E+00
       801         1         1        11
   2.8953500415394451E-01  -2.6957737186582634E-04   0.0000000000000000E+00
       802         1         1        11
   2.7504098830563251E-01   1.4371550498851082E-02   0.0000000000000000E+00
       803         1         1        11
   2.6033393803305932E-01   2.9050000694611569E-02   0.0000000000000000E+00
       804         1         1        11
   2.4501814300545699E-01   4.2884601056699723E-02   0.0000000000000000E+00
       805         1         1        11
   2.3048510287982973E-01   5.6924254889497330E-02   0.0000000000000000E+00
       806         1         1        11
   2.1592066587860453E-01   7.2923481582208460E-02   0.0000000000000000E+00
       807         1         1        11
   1.9003672956746145E-01   7.9406030437330827E-02   0.0000000000000000E+00
       808         1         1        11
   1.7589981164340399E-01   6.4092749500177071E-02   0.0000000000000000E+00
       809         1         1        11
   1.6146387815174687E-01   4.9497156194521746E-02   0.0000000000000000E+00
       810         1         1        11
   1.4676656261617502E-01   3.4591248603296841E-02   0.0000000000000000E+00
       811         1         1        11
   1.3329929566044457E-01   2.1633041743027635E-02   0.0000000000000000E+00
       812         1         1        11
   1.2016464528051629E-01   5.8923263291002365E-03   0.0000000000000000E+00
       813         1         1        11
   1.0480823635071426E-01  -8.8503974406253065E-03   0.0000000000000000E+00
       814         1         1        11
   9.7665137014909670E-02  -1.6651989395519869E-02   0.0000000000000000E+00
       815         1         1        11
   7.7434952393371975E-02  -1.0575183021407249E-02   0.0000000000000000E+00
       816         1         1        11
   5.7557170874671493E-02  -4.9772797433800427E-03   0.0000000000000000E+00
       817         1         1        11
   3.6634982632134716E-02  -2.8373274962717118E-04   0.0000000000000000E+00
       818         1         1        11
   1.7826201496532690E-02   3.0471922410751778E-03   0.0000000000000000E+00
       819         1         1        11
   7.3297929799073236E-03   5.4630698427575036E-03   0.0000000000000000E+00
       820         1         1        11
   7.8049663690094029E-03   2.4751182085884255E-02   0.0000000000000000E+00
       821         1         1        11
   5.7452094937569809E-02   5.5269337750033280E-02   0.0000000000000000E+00
       822         1         1        11
   1.8512769805452634E-02   4.6715940547414098E-02   0.0000000000000000E+00
       823         1         1        11
   3.7778189362135006E-02   5.0101603190866324E-02   0.0000000000000000E+00
       824         1         1        11
   7.8368373614854908E-02   6.0439144606062353E-02   0.0000000000000000E+00
       825         1         1        11
   9.9574544673722010E-02   6.5517097869854712E-02   0.0000000000000000E+00
       826         1         1        11
   1.1713412769187226E-01   7.7564897144007730E-02   0.0000000000000000E+00
       827         1         1        11
   1.3214525188316589E-01   9.2776595699383582E-02   0.0000000000000000E+00
       828         1         1        11
   1.4634542419496066E-01   1.0761930397201380E-01   0.0000000000000000E+00
       829         1         1        11
   1.6045842175015373E-01   1.2230497230935596E-01   0.0000000000000000E+00
       830         1         1        11
   1.7452774797761339E-01   1.3701419807746404E-01   0.0000000000000000E+00
       831         1         1        11
   1.8764049127832153E-01   1.5160033276107990E-01   0.0000000000000000E+00
       832         1         1        11
   2.4696677549428050E-01   1.1425206952249638E-01   0.0000000000000000E+00
       833         1         1        11
   2.0528521948488324E-01   1.5486743487330468E-01   0.0000000000000000E+00
       834         1         1        11
   2.1870850469361960E-01   1.4361620720171822E-01   0.0000000000000000E+00
       835         1         1        11
   2.3293096646572037E-01   1.2920464072627391E-01   0.0000000000000000E+00
       836         1         1        11
   2.6107636555155550E-01   1.0006154162061323E-01   0.0000000000000000E+00
       837         1         1        11
   2.7516226750602846E-01   8.5019555481780515E-02   0.0000000000000000E+00
       838         1         1        11
   2.9040335876301576E-01   7.2317523024078637E-02   0.0000000000000000E+00
       839         1         1        11
   3.0438176972704761E-01   5.7794205104967813E-02   0.0000000000000000E+00
       840         1         1        11
   3.1849809390105188E-01   4.3557173656420471E-02   0.0000000000000000E+00
       841         1         1        11
   3.3277383233986829E-01   2.9414152980321809E-02   0.0000000000000000E+00
       842         1         1        11
   3.4601697450148050E-01   1.4134910316136312E-02   0.0000000000000000E+00
       843         1         1        11
   3.6089882912175214E-01  -5.7957429127529492E-04   0.0000000000000000E+00
       844         1         1        11
   3.7573119502418190E-01  -1.4750871561899481E-02   0.0000000000000000E+00
       845         1         1        11
   3.9991136240740816E-01  -3.7008323783729549E-02   0.0000000000000000E+00
       846         1         1        11
   3.9100464544197433E-01  -3.0121880223081526E-02   0.0000000000000000E+00
       847         1         1        11
   4.1643041550765048E-01  -2.1551586966002786E-02   0.0000000000000000E+00
       848         1         1        11
   4.3198133640067571E-01  -7.1879527579922046E-03   0.0000000000000000E+00
       849         1         1        11
   4.4597054752862708E-01   7.3766595847155961E-03   0.0000000000000000E+00
       850         1         1        11
   4.6030520282848808E-01   2.1955520101022575E-02   0.0000000000000000E+00
       851         1         1        11
   4.7387331417111267E-01   3.6932097506180310E-02   0.0000000000000000E+00
       852         1         1        11
   4.8873957912159027E-01   5.1102534064661448E-02   0.0000000000000000E+00
       853         1         1        11
   5.4521758943286058E-01   6.6216222601155061E-02   0.0000000000000000E+00
       854         1         1        11
   5.2467173040552795E-01   6.6313552464074679E-02   0.0000000000000000E+00
       855         1         1        11
   5.6558139335656388E-01   6.6617033245851220E-02   0.0000000000000000E+00
       856         1         1        11
   5.8409404905148232E-01   6.7882144360761204E-02   0.0000000000000000E+00
       857         1         1        11
   5.9156169372555445E-01   5.1601366627032248E-02   0.0000000000000000E+00
       858         1         1        11
   5.9045380652373858E-01   3.0148793099364857E-02   0.0000000000000000E+00
       859         1         1        11
   5.9046277521124513E-01   9.4437436060700528E-03   0.0000000000000000E+00
       860         1         1        11
   5.9238141752623663E-01  -9.5010361105356440E-03   0.0000000000000000E+00
       861         1         1        11
   5.7621590460443917E-01  -1.6977961424923572E-02   0.0000000000000000E+00
       862         1         1        11
   5.5588087794192265E-01  -1.6604920825448868E-02   0.0000000000000000E+00
       863         1         1        11
   5.3513344713196598E-01  -1.5648803476987116E-02   0.0000000000000000E+00
       864         1         1        11
   5.1465446691869909E-01  -1.6409269969725301E-02   0.0000000000000000E+00
       865         1         1        11
   4.8329281816851943E-01  -2.9155519859164199E-02   0.0000000000000000E+00
       866         1         1        11
   4.6836841738559365E-01  -4.3355442648659676E-02   0.0000000000000000E+00
       867         1         1        11
   4.5445530506922510E-01  -5.8589452251269436E-02   0.0000000000000000E+00
       868         1         1        11
   4.3836374617396806E-01  -7.3051966234943297E-02   0.0000000000000000E+00
       869         1         1        11
   4.2650002644758789E-01  -8.7225197922988454E-02   0.0000000000000000E+00
       870         1         1        11
   4.1270619901001965E-01  -1.0155853141405520E-01   0.0000000000000000E+00
       871         1         1        11
   3.5389932408151820E-01  -6.4613033531822989E-02   0.0000000000000000E+00
       872         1         1        11
   3.9572701983530501E-01  -1.0475190742472852E-01   0.0000000000000000E+00
       873         1         1        11
   3.8253630910931080E-01  -9.3856907487268035E-02   0.0000000000000000E+00
       874         1         1        11
   3.6829137700253489E-01  -7.8954150002652518E-02   0.0000000000000000E+00
       875         1         1        11
   3.3863934666472700E-01  -5.0666260902755111E-02   0.0000000000000000E+00
       876         1         1        11
   3.2414480122227984E-01  -3.6265341393576969E-02   0.0000000000000000E+00
       877         1         1        11
   3.0945285434926850E-01  -2.2741387928528183E-02   0.0000000000000000E+00
       878         1         1        11
   2.9618602221486340E-01  -8.0765540212277935E-03   0.0000000000000000E+00
       879         1         1        11
   2.8204336913978295E-01   7.4062876736191302E-03   0.0000000000000000E+00
       880         1         1        11
   2.6744748818657121E-01   2.2000882249131364E-02   0.0000000000000000E+00
       881         1         1        11
   2.5238852875709172E-01   3.6416714515103810E-02   0.0000000000000000E+00
       882         1         1        11
   2.3749952121060142E-01   4.9584427347560737E-02   0.0000000000000000E+00
       883         1         1        11
   2.2364269264324643E-01   6.5030763431337665E-02   0.0000000000000000E+00
       884         1         1        11
   1.9811626592365539E-01   8.7737081308858045E-02   0.0000000000000000E+00
       885         1         1        11
   2.0791083346851430E-01   8.0649307431685066E-02   0.0000000000000000E+00
       886         1         1        11
   1.8277785245605274E-01   7.1419452938643865E-02   0.0000000000000000E+00
       887         1         1        11
   1.6862059252179601E-01   5.6681074647431648E-02   0.0000000000000000E+00
       888         1         1        11
   1.5417524547093506E-01   4.1903621576724899E-02   0.0000000000000000E+00
       889         1         1        11
   1.4129477458566339E-01   2.6930328066792530E-02   0.0000000000000000E+00
       890         1         1        11
   1.2571381866350095E-01   1.3697996300431907E-02   0.0000000000000000E+00
       891         1         1        11
   1.1091021141829366E-01   9.4064841775597097E-04   0.0000000000000000E+00
       892         1         1        11
   4.7320146385629980E-02  -2.3506005042233380E-03   0.0000000000000000E+00
       893         1         1        11
   8.7655045587165303E-02  -1.4286752965286722E-02   0.0000000000000000E+00
       894         1         1        11
   6.7440975017972860E-02  -7.4792193518261642E-03   0.0000000000000000E+00
       895         1         1        11
   2.7380573049922308E-02   1.6105177087653577E-03   0.0000000000000000E+00
       896         1         1        11
   4.9683103431706133E-01  -1.3423948306030064E-02   0.0000000000000000E+00
       897         1         1        11
   5.6225541481023300E-01  -8.7833714764826744E-03   0.0000000000000000E+00
       898         1         1        11
   5.4813189972514664E-02   4.3186723641802989E-02   0.0000000000000000E+00
       899         1         1        11
   1.5459997507906775E-02   3.8359329035048975E-02   0.0000000000000000E+00
       900         1         1        11
   8.8259865949909200E-02   5.0256312298416553E-02   0.0000000000000000E+00
       901         1         1        11
   7.6944519249739218E-02   4.9438498861612147E-02   0.0000000000000000E+00
       902         1         1        11
   1.5875962272880351E-01   1.0267929085790350E-01   0.0000000000000000E+00
       903         1         1        11
   6.5273821813809640E-02   4.7048015792831376E-02   0.0000000000000000E+00
       904         1         1        11
   1.1105286746917670E-01   5.6956210251480704E-02   0.0000000000000000E+00
       905         1         1        11
   1.2853334825002852E-01   7.2410059753701392E-02   0.0000000000000000E+00
       906         1         1        11
   1.2034234469989730E-01   6.4547530353466637E-02   0.0000000000000000E+00
       907         1         1        11
   2.1314138101495986E-01   1.3177473706803247E-01   0.0000000000000000E+00
       908         1         1        11
   1.5161527628036123E-01   9.5415437035415981E-02   0.0000000000000000E+00
       909         1         1        11
   1.7216664076420524E-01   1.1813359495259874E-01   0.0000000000000000E+00
       910         1         1        11
   1.8681391494381233E-01   1.3299569655980628E-01   0.0000000000000000E+00
       911         1         1        11
   1.9750822457345579E-01   1.4940624489206980E-01   0.0000000000000000E+00
       912         1         1        11
   2.7109432787462490E-01   7.2344885604864795E-02   0.0000000000000000E+00
       913         1         1        11
   2.3500183213590248E-01   1.0924003085475072E-01   0.0000000000000000E+00
       914         1         1        11
   2.5093857535848735E-01   9.6502341559800947E-02   0.0000000000000000E+00
       915         1         1        11
   2.2975081483959187E-01   1.1785941304604126E-01   0.0000000000000000E+00
       916         1         1        11
   2.0626223579989536E-01   1.4271517321170890E-01   0.0000000000000000E+00
       917         1         1        11
   2.4274202464607922E-01   1.0145425626793952E-01   0.0000000000000000E+00
       918         1         1        11
   4.8555732351968539E-01   3.1229878143466453E-02   0.0000000000000000E+00
       919         1         1        11
   2.8772579066369680E-01   6.1702702533851531E-02   0.0000000000000000E+00
       920         1         1        11
   2.9875292404519660E-01   4.5747181940372701E-02   0.0000000000000000E+00
       921         1         1        11
   3.1391820772262946E-01   3.1825845761152625E-02   0.0000000000000000E+00
       922         1         1        11
   3.2667921435699143E-01   1.8096652085753142E-02   0.0000000000000000E+00
       923         1         1        11
   3.4140474925136843E-01   2.7762795055407789E-03   0.0000000000000000E+00
       924         1         1        11
   3.5618571492801909E-01  -1.2333655363849023E-02   0.0000000000000000E+00
       925         1         1        11
   3.7129413258639843E-01  -2.8201848911091645E-02   0.0000000000000000E+00
       926         1         1        11
   3.8813046019283981E-01  -4.4296342122476531E-02   0.0000000000000000E+00
       927         1         1        11
   4.2688479002918572E-01  -2.5365347096209401E-02   0.0000000000000000E+00
       928         1         1        11
   4.2150222378826441E-01  -3.4612685910966196E-02   0.0000000000000000E+00
       929         1         1        11
   4.4406242777042143E-01  -1.2292541581761237E-02   0.0000000000000000E+00
       930         1         1        11
   4.7171417770220991E-01   1.8023849870796721E-02   0.0000000000000000E+00
       931         1         1        11
   5.0029540384369009E-01   4.8387340921714574E-02   0.0000000000000000E+00
       932         1         1        11
   4.7657573065731740E-01   2.6379888933671929E-02   0.0000000000000000E+00
       933         1         1        11
   4.6522114657884289E-01   9.6314287174313843E-03   0.0000000000000000E+00
       934         1         1        11
   4.9299711746862818E-01   3.8606411081465432E-02   0.0000000000000000E+00
       935         1         1        11
   5.2961897633011479E-01   5.5599458842300775E-02   0.0000000000000000E+00
       936         1         1        11
   5.1883657166971620E-01   5.6458863993450722E-02   0.0000000000000000E+00
       937         1         1        11
   5.0722052509825422E-01   5.7683461866447489E-02   0.0000000000000000E+00
       938         1         1        11
   5.7260578723012301E-01   5.7145401382047573E-02   0.0000000000000000E+00
       939         1         1        11
   5.5095371931564829E-01   5.5965375914671309E-02   0.0000000000000000E+00
       940         1         1        11
   5.7965132641536554E-01   2.3285624922212075E-03   0.0000000000000000E+00
       941         1         1        11
   5.7931246046617002E-01   3.6607198337831298E-02   0.0000000000000000E+00
       942         1         1        11
   5.8090049942016508E-01   4.7768193232557161E-02   0.0000000000000000E+00
       943         1         1        11
   5.7220653416168388E-01  -7.6733996281441140E-03   0.0000000000000000E+00
       944         1         1        11
   5.8287857196882120E-01  -8.5000478232440772E-03   0.0000000000000000E+00
       945         1         1        11
   1.7587495010101539E-02   2.9401516039692269E-02   0.0000000000000000E+00
       946         1         1        11
   1.7163840372313333E-02   1.9969272739536664E-02   0.0000000000000000E+00
       947         1         1        11
   3.4577835053580253E-02   3.8025671580320428E-02   0.0000000000000000E+00
       948         1         1        11
   3.8914515620797813E-01  -8.2241377187767944E-02   0.0000000000000000E+00
       949         1         1        11
   5.4174803448137032E-01  -3.8387793349781256E-03   0.0000000000000000E+00
       950         1         1        11
   5.1755978414902137E-01  -4.9618024202551757E-03   0.0000000000000000E+00
       951         1         1        11
   4.7122981088320470E-01  -2.3843965709805678E-02   0.0000000000000000E+00
       952         1         1        11
   4.8007830785919664E-01  -1.8003357090912438E-02   0.0000000000000000E+00
       953         1         1        11
   4.5426938253179550E-01  -3.9798089381910776E-02   0.0000000000000000E+00
       954         1         1        11
   4.4645602592904421E-01  -4.9957217650235586E-02   0.0000000000000000E+00
       955         1         1        11
   4.2841748690538661E-01  -6.3522956088274449E-02   0.0000000000000000E+00
       956         1         1        11
   4.2607014201923665E-01  -7.5471323606555424E-02   0.0000000000000000E+00
       957         1         1        11
   4.1615177916035118E-01  -8.2702876457649704E-02   0.0000000000000000E+00
       958         1         1        11
   4.0338804772172032E-01  -9.9443771481590934E-02   0.0000000000000000E+00
       959         1         1        11
   3.2898684472224471E-01  -2.4274745003971487E-02   0.0000000000000000E+00
       960         1         1        11
   3.6994422646191705E-01  -5.5454348230423195E-02   0.0000000000000000E+00
       961         1         1        11
   3.5038664032848787E-01  -4.6185613517551960E-02   0.0000000000000000E+00
       962         1         1        11
   3.7290235103688979E-01  -6.7537071724763267E-02   0.0000000000000000E+00
       963         1         1        11
   3.9503265029211393E-01  -9.2580487260412195E-02   0.0000000000000000E+00
       964         1         1        11
   3.5742625410411027E-01  -5.3804827677891437E-02   0.0000000000000000E+00
       965         1         1        11
   2.3952301261269682E-01   6.0729152948948067E-02   0.0000000000000000E+00
       966         1         1        11
   3.1138296650009684E-01  -1.3998199977698678E-02   0.0000000000000000E+00
       967         1         1        11
   3.0219140044077664E-01   3.8668942890464492E-03   0.0000000000000000E+00
       968         1         1        11
   2.8699294804859021E-01   1.9075062991958054E-02   0.0000000000000000E+00
       969         1         1        11
   2.5589466735980482E-01   4.8901267926566565E-02   0.0000000000000000E+00
       970         1         1        11
   2.2713259912289560E-01   7.9339072119381307E-02   0.0000000000000000E+00
       971         1         1        11
   2.4815772224062724E-01   5.5629880492689202E-02   0.0000000000000000E+00
       972         1         1        11
   2.6433852548632192E-01   4.1934797354306198E-02   0.0000000000000000E+00
       973         1         1        11
   2.3484617896018850E-01   7.0044559474968654E-02   0.0000000000000000E+00
       974         1         1        11
   8.6588099752252790E-02  -3.0174659443973594E-03   0.0000000000000000E+00
       975         1         1        11
   2.0797672659937011E-01   9.7166619675009336E-02   0.0000000000000000E+00
       976         1         1        11
   1.7094288335008476E-01   7.6596782855750806E-02   0.0000000000000000E+00
       977         1         1        11
   1.7794353425783710E-01   8.4781612107877616E-02   0.0000000000000000E+00
       978         1         1        11
   1.5628089173819718E-01   6.1401003547493713E-02   0.0000000000000000E+00
       979         1         1        11
   1.3946363628670516E-01   4.5032787351025602E-02   0.0000000000000000E+00
       980         1         1        11
   1.3147089036142567E-01   3.4718406139594392E-02   0.0000000000000000E+00
       981         1         1        11
   1.2089345457577785E-01   2.5595935621768855E-02   0.0000000000000000E+00
       982         1         1        11
   1.1401185282207005E-01   1.4504099168936677E-02   0.0000000000000000E+00
       983         1         1        11
   9.9011843420929224E-02   1.1590812801426792E-03   0.0000000000000000E+00
       984         1         1        11
   6.6094021066734288E-02   4.4134459358245483E-03   0.0000000000000000E+00
       985         1         1        11
   9.5216516127157924E-02  -8.4562478674881682E-03   0.0000000000000000E+00
       986         1         1        11
   3.4248605481383809E-02   1.1439500367729805E-02   0.0000000000000000E+00
       987         1         1        11
   2.4994091852249711E-02   3.7388723506008838E-02   0.0000000000000000E+00
       988         1         1        11
   4.4478424739211320E-02   8.9572009725596216E-03   0.0000000000000000E+00
       989         1         1        11
   5.8268418840894354E-01   5.8944358277466261E-02   0.0000000000000000E+00
       990         1         1        11
   1.4399799436624250E-01   8.7841225749721502E-02   0.0000000000000000E+00
       991         1         1        11
   5.6161632682999318E-01   5.5819828718908941E-02   0.0000000000000000E+00
       992         1         1        11
   4.4710405620161320E-02   3.9927735776461859E-02   0.0000000000000000E+00
       993         1         1        11
   2.6305769920289818E-01   7.9365302434508747E-02   0.0000000000000000E+00
       994         1         1        11
   4.1197086646101266E-01  -4.2939783537127643E-02   0.0000000000000000E+00
       995         1         1        11
   5.7803674454675369E-01   1.3318340707434050E-02   0.0000000000000000E+00
       996         1         1        11
   3.3596661017272178E-01  -3.1380582610444921E-02   0.0000000000000000E+00
       997         1         1        11
   1.8566514537003426E-01   9.3060056555485424E-02   0.0000000000000000E+00
       998         1         1        11
   9.9921751414589366E-02   5.2567042659112426E-02   0.0000000000000000E+00
       999         1         1        11
   3.9963696032350832E-01  -5.1178422079901087E-02   0.0000000000000000E+00
      1000         1         1        11
   1.6553847078164693E-01   1.1026370778988022E-01   0.0000000000000000E+00
      1001         1         1        11
   2.2051602558888275E-01   1.2319248165189567E-01   0.0000000000000000E+00
      1002         1         1        11
   3.7903263312982438E-01  -3.6974166519471663E-02   0.0000000000000000E+00
      1003         1         1        11
   1.3673318110767294E-01   8.0312063927304514E-02   0.0000000000000000E+00
      1004         1         1        11
   3.6371656071711578E-01  -2.0071098024531598E-02   0.0000000000000000E+00
      1005         1         1        11
   1.4781609301146081E-02   1.1352312866323943E-02   0.0000000000000000E+00
      1006         1         1        11
   1.7913070123484118E-01   1.2596352021881119E-01   0.0000000000000000E+00
      1007         1         1        11
   1.9274666448790476E-01   1.4109345983405661E-01   0.0000000000000000E+00
      1008         1         1        11
   2.7934890561700204E-01   6.6239337182429942E-02   0.0000000000000000E+00
      1009         1         1        11
   3.3348634921298881E-01   1.0294954630447823E-02   0.0000000000000000E+00
      1010         1         1        11
   2.5582602806870780E-01   8.7241234841586579E-02   0.0000000000000000E+00
      1011         1         1        11
   2.9251077976559525E-01   5.3183086743088991E-02   0.0000000000000000E+00
      1012         1         1        11
   3.0643923879005297E-01   3.8068947572312786E-02   0.0000000000000000E+00
      1013         1         1        11
   3.2217156226021709E-01   2.6710308303296768E-02   0.0000000000000000E+00
      1014         1         1        11
   3.4864480321070423E-01  -4.9052140087001046E-03   0.0000000000000000E+00
      1015         1         1        11
   4.5183411086406411E-01  -4.6389531802699356E-03   0.0000000000000000E+00
      1016         1         1        11
   4.3595405897123346E-01  -1.9790808089341302E-02   0.0000000000000000E+00
      1017         1         1        11
   5.4029778827649189E-01   5.5710669064053080E-02   0.0000000000000000E+00
      1018         1         1        11
   5.5324461699833272E-01  -5.6142462061975103E-03   0.0000000000000000E+00
      1019         1         1        11
   5.7824242488163324E-01   2.5052893099239141E-02   0.0000000000000000E+00
      1020         1         1        11
   5.2976963619178497E-01  -3.9788723552818678E-03   0.0000000000000000E+00
      1021         1         1        11
   5.0592242607022864E-01  -7.1531031560779050E-03   0.0000000000000000E+00
      1022         1         1        11
   4.6323175789057086E-01  -3.1201973733800608E-02   0.0000000000000000E+00
      1023         1         1        11
   4.0846465693196971E-01  -9.1043661821250607E-02   0.0000000000000000E+00
      1024         1         1        11
   3.8158007261026911E-01  -7.3636700480969236E-02   0.0000000000000000E+00
      1025         1         1        11
   3.4357747202870553E-01  -3.8835174118561855E-02   0.0000000000000000E+00
      1026         1         1        11
   1.9450781352550642E-01   1.0450778871112644E-01   0.0000000000000000E+00
      1027         1         1        11
   3.2098855916142705E-01  -1.6817375575621626E-02   0.0000000000000000E+00
      1028         1         1        11
   3.0690381204416300E-01  -5.6179425029452314E-03   0.0000000000000000E+00
      1029         1         1        11
   2.9532065841150867E-01   1.1621066130550188E-02   0.0000000000000000E+00
      1030         1         1        11
   2.1832025091014151E-01   8.8193929051671741E-02   0.0000000000000000E+00
      1031         1         1        11
   1.6338796619256035E-01   6.9230587050630010E-02   0.0000000000000000E+00
      1032         1         1        11
   1.4814693230345988E-01   5.3688677395112933E-02   0.0000000000000000E+00
      1033         1         1        11
   1.0201387685740620E-01   1.3171166775418162E-02   0.0000000000000000E+00
      1034         1         1        11
   7.6570548552823026E-02   1.3457662048323056E-03   0.0000000000000000E+00
      1035         1         1        11
   5.5226305277554844E-02   6.4127582054159388E-03   0.0000000000000000E+00
      1036         1         1        11
   2.4105379710332164E-02   1.1814939941356328E-02   0.0000000000000000E+00
      1037         1         1        11
   4.8568506776143194E-01  -8.2740138619692045E-03   0.0000000000000000E+00
      1038         1         1        11
   4.5669434913541301E-01   4.2665508108933915E-03   0.0000000000000000E+00
      1039         1         1        11
   2.7952271252315808E-01   2.6611550033382156E-02   0.0000000000000000E+00
      1040         1         1        11
   4.2968996283852484E-01  -4.9612715556451956E-02   0.0000000000000000E+00
      1041         1         1        11
   2.7180425110606377E-01   3.4604402964719568E-02   0.0000000000000000E+00
      1042         1         1        11
   5.6464464381814561E-01   1.8718227125437716E-02   0.0000000000000000E+00
      1043         1         1        11
   1.7180006422215505E-01   9.7334099647704703E-02   0.0000000000000000E+00
      1044         1         1        11
   2.7780582389147157E-01   5.0277470735853598E-02   0.0000000000000000E+00
      1045         1         1        11
   1.1317404378942453E-01   4.1082494910992390E-02   0.0000000000000000E+00
      1046         1         1        11
   1.4210009375062005E-01   6.6707574899738595E-02   0.0000000000000000E+00
      1047         1         1        11
   1.6509517411513569E-01   8.9994346826815272E-02   0.0000000000000000E+00
      1048         1         1        11
   5.5171709855518403E-01   8.9442100882856472E-03   0.0000000000000000E+00
      1049         1         1        11
   3.0159240800312831E-01   2.4760061263872774E-02   0.0000000000000000E+00
      1050         1         1        11
   3.6499271657683169E-01  -4.2822338250956812E-02   0.0000000000000000E+00
      1051         1         1        11
   4.1364836926242532E-01  -5.6769433676553238E-02   0.0000000000000000E+00
      1052         1         1        11
   4.4885511492450259E-01  -2.6418639577281019E-02   0.0000000000000000E+00
      1053         1         1        11
   3.2819225655887324E-01  -2.0935852061405927E-03   0.0000000000000000E+00
      1054         1         1        11
   5.5732301112201499E-01   4.3718379449226900E-02   0.0000000000000000E+00
      1055         1         1        11
   5.2257884954456302E-01   9.0523586170949445E-03   0.0000000000000000E+00
      1056         1         1        11
   4.9711521216688809E-01   2.1454400373571957E-02   0.0000000000000000E+00
      1057         1         1        11
   5.1208425548875436E-01   4.6679670442789513E-02   0.0000000000000000E+00
      1058         1         1        11
   4.1100934729794036E-02   2.5148968735767427E-02   0.0000000000000000E+00
      1059         1         1        11
   5.0499676854596620E-01   3.4861829453111337E-02   0.0000000000000000E+00
      1060         1         1        11
   5.6573566295174893E-01   3.2308836600929543E-02   0.0000000000000000E+00
      1061         1         1        11
   5.4634576991928829E-01   4.5308717998794899E-02   0.0000000000000000E+00
      1062         1         1        11
   2.2067390792721739E-01   1.0639037077347846E-01   0.0000000000000000E+00
      1063         1         1        11
   5.3578560369528572E-01   4.2536318977504449E-02   0.0000000000000000E+00
      1064         1         1        11
   9.8091990215593783E-02   3.8507160709900172E-02   0.0000000000000000E+00
      1065         1         1        11
   3.4984236444426597E-01  -2.5747378346741765E-02   0.0000000000000000E+00
      1066         1         1        11
   5.6938883240089366E-01   4.5467700209013591E-02   0.0000000000000000E+00
      1067         1         1        11
   3.1740766122415459E-01   5.7214223423766482E-03   0.0000000000000000E+00
      1068         1         1        11
   5.3727265809438629E-01   1.0844652359392314E-02   0.0000000000000000E+00
      1069         1         1        11
   4.9434326808902324E-01   2.7185057099142693E-03   0.0000000000000000E+00
      1070         1         1        11
   4.1417663538010008E-01  -7.0023827776461892E-02   0.0000000000000000E+00
      1071         1         1        11
   3.9797901007708419E-01  -6.6940832572561809E-02   0.0000000000000000E+00
      1072         1         1        11
   4.3750311829855515E-01  -3.5760285379002402E-02   0.0000000000000000E+00
      1073         1         1        11
   4.0291677844927309E-01  -8.0413323006749665E-02   0.0000000000000000E+00
      1074         1         1        11
   5.0825454693002348E-01   6.4784290879638697E-03   0.0000000000000000E+00
      1075         1         1        11
   3.1698002459610602E-01  -6.1357612605849841E-03   0.0000000000000000E+00
      1076         1         1        11
   3.1094959129814354E-01   1.6732408455755399E-02   0.0000000000000000E+00
      1077         1         1        11
   8.5098159144752467E-02   3.7420806753165933E-02   0.0000000000000000E+00
      1078         1         1        11
   6.3900287061365912E-02   1.8228618190264695E-02   0.0000000000000000E+00
      1079         1         1        11
   1.0666409205682192E-01   2.6208114600958472E-02   0.0000000000000000E+00
      1080         1         1        11
   1.9249355192899631E-01   1.2107818822914559E-01   0.0000000000000000E+00
      1081         1         1        11
   2.0776749185817578E-01   1.1573373380386685E-01   0.0000000000000000E+00
      1082         1         1        11
   3.8517455256731686E-01  -5.9486654145565018E-02   0.0000000000000000E+00
      1083         1         1        11
   5.6579855749183561E-01   3.6214068343679365E-03   0.0000000000000000E+00
      1084         1         1        11
   1.5789489897262363E-01   8.1790440035696951E-02   0.0000000000000000E+00
      1085         1         1        11
   4.6867799283161549E-01  -6.7727602018593618E-03   0.0000000000000000E+00
      1086         1         1        11
   1.8339989894338568E-01   1.1486293590564989E-01   0.0000000000000000E+00
      1087         1         1        11
   2.9280918109360859E-01   3.2208253648109746E-02   0.0000000000000000E+00
      1088         1         1        11
   1.9995795107263384E-01   1.3068982991077008E-01   0.0000000000000000E+00
      1089         1         1        11
   1.5035380736076437E-01   7.4514289840251921E-02   0.0000000000000000E+00
      1090         1         1        11
   2.8533695046233903E-01   4.0884638240676355E-02   0.0000000000000000E+00
      1091         1         1        11
   6.3885007332514759E-02   3.2838759427833285E-02   0.0000000000000000E+00
      1092         1         1        11
   2.6797665131438153E-01   5.7053194104925598E-02   0.0000000000000000E+00
      1093         1         1        11
   2.8326119920190462E-02   2.4913896536463559E-02   0.0000000000000000E+00
      1094         1         1        11
   3.4186124655591610E-01  -1.8447050649840365E-02   0.0000000000000000E+00
      1095         1         1        11
   3.5733683396706012E-01  -3.3915336215179059E-02   0.0000000000000000E+00
      1096         1         1        11
   5.2424392564781308E-01   4.4485583319067511E-02   0.0000000000000000E+00
      1097         1         1        11
   2.3035559257270793E-01   9.4505720182442174E-02   0.0000000000000000E+00
      1098         1         1        11
   4.5876037870376712E-01  -1.7573520943273784E-02   0.0000000000000000E+00
      1099         1         1        11
   1.7874256989838577E-01   1.0593444539720019E-01   0.0000000000000000E+00
      1100         1         1        11
   7.3591327020830544E-02   3.8271149149376127E-02   0.0000000000000000E+00
      1101         1         1        11
   5.1646034367025473E-02   1.7706288058060876E-02   0.0000000000000000E+00
      1102         1         1        11
   2.4829342046825092E-01   7.2243359240900973E-02   0.0000000000000000E+00
      1103         1         1        11
   8.7999804447397134E-02   9.0559859751955900E-03   0.0000000000000000E+00
      1104         1         1        11
   1.3345398443366180E-01   5.8666162355525117E-02   0.0000000000000000E+00
      1105         1         1        11
   2.4136403950224131E-01   8.5388523142664430E-02   0.0000000000000000E+00
      1106         1         1        11
   1.2382345224982216E-01   4.9831014447438697E-02   0.0000000000000000E+00
      1107         1         1        11
   7.6278374801658611E-02   1.3455463775146316E-02   0.0000000000000000E+00
      1108         1         1        11
   5.2696837114603379E-02   3.0051387356749684E-02   0.0000000000000000E+00
      1109         1         1        11
   2.5860018128517998E-01   6.4317426901901648E-02   0.0000000000000000E+00
      1110         1         1        11
   4.7867340347010817E-01   4.5951377722534444E-03   0.0000000000000000E+00
      1111         1         1        11
   3.3482779542815733E-01  -1.0845117182776042E-02   0.0000000000000000E+00
      1112         1         1        11
   4.8495654655286580E-01   1.6621381670197055E-02   0.0000000000000000E+00
      1113         1         1        11
   5.4835541222346307E-01   2.9177333857831254E-02   0.0000000000000000E+00
      1114         1         1        11
   9.0626207046975271E-02   2.3580384212588287E-02   0.0000000000000000E+00
      1115         1         1        11
   7.5994425675326160E-02   2.6235417074363110E-02   0.0000000000000000E+00
      1116         1         1        11
   5.1709703812516683E-01   3.4718287025987372E-02   0.0000000000000000E+00
      1117         1         1        11
   5.1355273003439628E-01   2.0933995549055555E-02   0.0000000000000000E+00
      1118         1         1        11
   5.3031768924421530E-01   2.7901016577887391E-02   0.0000000000000000E+00
      1119         1         1        11
   7.1112899756407486E-02  -1.7778224939101871E-02   4.9999999812510825E-05
      1120         1         1        11
   7.8599635527564091E-02  -1.9649908881891023E-02   5.0000000139119485E-05
      1121         1         1        11
   7.4856267646126268E-02  -1.8714066911531567E-02   5.0000000481888281E-05
      1122         1         1        11
   1.4247672149871096E-01   1.7476721498710955E-02   4.9999999895495164E-05
      1123         1         1        11
   1.2067692926254352E-01  -4.3230707374564969E-03   5.0000000161734167E-05
      1124         1         1        11
   1.3699475272080888E-01   1.1994752720808868E-02   4.9999999925112661E-05
      1125         1         1        11
   1.1520976333404941E-01  -9.7902366659506079E-03   5.0000000161723447E-05
      1126         1         1        11
   1.1794334622667350E-01  -7.0566537733265100E-03   5.0000000557474635E-05
      1127         1         1        11
   1.3973573721940161E-01   1.4735737219401600E-02   4.9999999636924913E-05
      1128         1         1        11
   2.6327014408814653E-01   1.1729855911853458E-02   4.9999999816740358E-05
      1129         1         1        11
   2.5806204236748553E-01   1.6937957632514475E-02   4.9999999825741412E-05
      1130         1         1        11
   2.4892414403283278E-01   2.6075855967167216E-02   5.0000000095985674E-05
      1131         1         1        11
   2.4373072594828549E-01   3.1269274051714521E-02   5.0000000289073062E-05
      1132         1         1        11
   2.6066609322755302E-01   1.4333906772446989E-02   4.9999999377759733E-05
      1133         1         1        11
   2.4632743466684709E-01   2.8672565333152926E-02   5.0000000381940060E-05
      1134         1         1        11
   3.2758668200537705E-01  -5.2586682005377042E-02   5.0000000314119426E-05
      1135         1         1        11
   3.2239431250667133E-01  -4.7394312506671324E-02   5.0000000111828125E-05
      1136         1         1        11
   3.2499049725495033E-01  -4.9990497254950361E-02   5.0000000459708554E-05
      1137         1         1        11
   4.7799114955955840E-01  -4.7008850440441577E-02   5.0000000031812744E-05
      1138         1         1        11
   4.5660312468107689E-01  -6.8396875318923106E-02   5.0000000087465499E-05
      1139         1         1        11
   4.2753765921389297E-01  -9.7462340786107049E-02   4.9999999719442389E-05
      1140         1         1        11
   4.7274348237552560E-01  -5.2256517624474426E-02   5.0000000092083488E-05
      1141         1         1        11
   4.2204422005939546E-01  -1.0295577994060456E-01   4.9999999889627517E-05
      1142         1         1        11
   4.5110968554555064E-01  -7.3890314454449352E-02   5.0000000010080379E-05
      1143         1         1        11
   4.7536731580379610E-01  -4.9632684196203890E-02   5.0000000316953585E-05
      1144         1         1        11
   4.5385640510367442E-01  -7.1143594896325574E-02   5.0000000037305400E-05
      1145         1         1        11
   4.2479093963937675E-01  -1.0020906036062327E-01   4.9999999622135488E-05
      1146         1         1        11
   4.8680789844538730E-01   6.1807898445387290E-02   5.0000000279270004E-05
      1147         1         1        11
   4.9188231303437896E-01   6.6882313034378943E-02   5.0000000091494367E-05
      1148         1         1        11
   4.8934510574380197E-01   6.4345105743802006E-02   5.0000000312835250E-05
      1149         1         1        11
   1.0106681644406496E-01   7.6066816444064947E-02   4.9999999790240323E-05
      1150         1         1        11
   1.1540195359321517E-01   9.0401953593215165E-02   4.9999999764733972E-05
      1151         1         1        11
   1.0626338047292548E-01   8.1263380472925473E-02   4.9999999790244470E-05
      1152         1         1        11
   1.2058383908672232E-01   9.5583839086722314E-02   4.9999999764733965E-05
      1153         1         1        11
   1.1799289633984154E-01   9.2992896339841535E-02   4.9999999192248601E-05
      1154         1         1        11
   1.0366509840344139E-01   7.8665098403441380E-02   4.9999999279345957E-05
      1155         1         1        11
   1.5216566230971412E-01   1.0911737303361536E-01   5.0210134259208001E-05
      1156         1         1        11
   1.5168828023768954E-01   8.0365105164227027E-02   4.9798980119948682E-05
      1157         1         1        11
   2.1418339077826733E-02  -2.9092979123098242E-04   5.0025259109795756E-05
      1158         1         1        11
   4.6002194920425898E-01  -5.6185267540983484E-02   5.0011746859736971E-05
      1159         1         1        11
   1.5166471446398302E-01   3.1003203901266142E-02   5.0351745749491300E-05
    -1
    -1
  2412
         1        11         2         1         7         2
         0         1         1
        29        27
         2        11         2         1         7         2
         0         1         1
        30        29
         3        11         2         1         7         2
         0         1         1
        31        30
         4        11         2         1         7         2
         0         1         1
        32        31
         5        11         2         1         7         2
         0         1         1
        25        32
         6        11         2         1         7         2
         0         1         1
        33        25
         7        11         2         1         7         2
         0         1         1
        34        33
         8        11         2         1         7         2
         0         1         1
        35        34
         9        11         2         1         7         2
         0         1         1
        36        35
        10        11         2         1         7         2
         0         1         1
        37        36
        11        11         2         1         7         2
         0         1         1
        38        37
        12        11         2         1         7         2
         0         1         1
        39        38
        13        11         2         1         7         2
         0         1         1
        40        39
        14        11         2         1         7         2
         0         1         1
        41        40
        15        11         2         1         7         2
         0         1         1
        23        41
        16        11         2         1         7         2
         0         1         1
        42        23
        17        11         2         1         7         2
         0         1         1
        43        42
        18        11         2         1         7         2
         0         1         1
        44        43
        19        11         2         1         7         2
         0         1         1
        45        44
        20        11         2         1         7         2
         0         1         1
        46        45
        21        11         2         1         7         2
         0         1         1
        47        46
        22        11         2         1         7         2
         0         1         1
        48        47
        23        11         2         1         7         2
         0         1         1
        49        48
        24        11         2         1         7         2
         0         1         1
        50        49
        25        11         2         1         7         2
         0         1         1
        51        50
        26        11         2         1         7         2
         0         1         1
        52        51
        27        11         2         1         7         2
         0         1         1
        53        52
        28        11         2         1         7         2
         0         1         1
        54        53
        29        11         2         1         7         2
         0         1         1
        21        54
        30        11         2         1         7         2
         0         1         1
        55        21
        31        11         2         1         7         2
         0         1         1
        56        55
        32        11         2         1         7         2
         0         1         1
        57        56
        33        11         2         1         7         2
         0         1         1
        58        57
        34        11         2         1         7         2
         0         1         1
        59        58
        35        11         2         1         7         2
         0         1         1
        60        59
        36        11         2         1         7         2
         0         1         1
        61        60
        37        11         2         1         7         2
         0         1         1
        62        61
        38        11         2         1         7         2
         0         1         1
        63        62
        39        11         2         1         7         2
         0         1         1
        64        63
        40        11         2         1         7         2
         0         1         1
        65        64
        41        11         2         1         7         2
         0         1         1
        66        65
        42        11         2         1         7         2
         0         1         1
        67        66
        43        11         2         1         7         2
         0         1         1
        19        67
        44        11         2         1         7         2
         0         1         1
        68        19
        45        11         2         1         7         2
         0         1         1
        69        68
        46        11         2         1         7         2
         0         1         1
        70        69
        47        11         2         1         7         2
         0         1         1
        71        70
        48        11         2         1         7         2
         0         1         1
        72        71
        49        11         2         1         7         2
         0         1         1
        73        72
        50        11         2         1         7         2
         0         1         1
        74        73
        51        11         2         1         7         2
         0         1         1
        75        74
        52        11         2         1         7         2
         0         1         1
        76        75
        53        11         2         1         7         2
         0         1         1
        77        76
        54        11         2         1         7         2
         0         1         1
        78        77
        55        11         2         1         7         2
         0         1         1
        79        78
        56        11         2         1         7         2
         0         1         1
        80        79
        57        11         2         1         7         2
         0         1         1
        17        80
        58        11         2         1         7         2
         0         1         1
        81        17
        59        11         2         1         7         2
         0         1         1
        82        81
        60        11         2         1         7         2
         0         1         1
        83        82
        61        11         2         1         7         2
         0         1         1
        84        83
        62        11         2         1         7         2
         0         1         1
        85        84
        63        11         2         1         7         2
         0         1         1
        86        85
        64        11         2         1         7         2
         0         1         1
        87        86
        65        11         2         1         7         2
         0         1         1
        88        87
        66        11         2         1         7         2
         0         1         1
        89        88
        67        11         2         1         7         2
         0         1         1
        90        89
        68        11         2         1         7         2
         0         1         1
        91        90
        69        11         2         1         7         2
         0         1         1
        92        91
        70        11         2         1         7         2
         0         1         1
        93        92
        71        11         2         1         7         2
         0         1         1
        15        93
        72        11         2         1         7         2
         0         1         1
        94        15
        73        11         2         1         7         2
         0         1         1
        95        94
        74        11         2         1         7         2
         0         1         1
        96        95
        75        11         2         1         7         2
         0         1         1
        97        96
        76        11         2         1         7         2
         0         1         1
        98        97
        77        11         2         1         7         2
         0         1         1
        99        98
        78        11         2         1         7         2
         0         1         1
       100        99
        79        11         2         1         7         2
         0         1         1
       101       100
        80        11         2         1         7         2
         0         1         1
       102       101
        81        11         2         1         7         2
         0         1         1
        13       102
        82        11         2         1         7         2
         0         1         1
       103        13
        83        11         2         1         7         2
         0         1         1
       104       103
        84        11         2         1         7         2
         0         1         1
       105       104
        85        11         2         1         7         2
         0         1         1
       106       105
        86        11         2         1         7         2
         0         1         1
       107       106
        87        11         2         1         7         2
         0         1         1
       108       107
        88        11         2         1         7         2
         0         1         1
       109       108
        89        11         2         1         7         2
         0         1         1
       110       109
        90        11         2         1         7         2
         0         1         1
       111       110
        91        11         2         1         7         2
         0         1         1
        11       111
        92        11         2         1         7         2
         0         1         1
       112        11
        93        11         2         1         7         2
         0         1         1
       113       112
        94        11         2         1         7         2
         0         1         1
       114       113
        95        11         2         1         7         2
         0         1         1
       115       114
        96        11         2         1         7         2
         0         1         1
       116       115
        97        11         2         1         7         2
         0         1         1
       117       116
        98        11         2         1         7         2
         0         1         1
       118       117
        99        11         2         1         7         2
         0         1         1
       119       118
       100        11         2         1         7         2
         0         1         1
       120       119
       101        11         2         1         7         2
         0         1         1
         9       120
       102        11         2         1         7         2
         0         1         1
       121         9
       103        11         2         1         7         2
         0         1         1
       122       121
       104        11         2         1         7         2
         0         1         1
       123       122
       105        11         2         1         7         2
         0         1         1
       124       123
       106        11         2         1         7         2
         0         1         1
       125       124
       107        11         2         1         7         2
         0         1         1
       126       125
       108        11         2         1         7         2
         0         1         1
       127       126
       109        11         2         1         7         2
         0         1         1
       128       127
       110        11         2         1         7         2
         0         1         1
       129       128
       111        11         2         1         7         2
         0         1         1
       130       129
       112        11         2         1         7         2
         0         1         1
       131       130
       113        11         2         1         7         2
         0         1         1
       132       131
       114        11         2         1         7         2
         0         1         1
       133       132
       115        11         2         1         7         2
         0         1         1
         7       133
       116        11         2         1         7         2
         0         1         1
       134         7
       117        11         2         1         7         2
         0         1         1
       135       134
       118        11         2         1         7         2
         0         1         1
       136       135
       119        11         2         1         7         2
         0         1         1
       137       136
       120        11         2         1         7         2
         0         1         1
       138       137
       121        11         2         1         7         2
         0         1         1
       139       138
       122        11         2         1         7         2
         0         1         1
       140       139
       123        11         2         1         7         2
         0         1         1
       141       140
       124        11         2         1         7         2
         0         1         1
       142       141
       125        11         2         1         7         2
         0         1         1
       143       142
       126        11         2         1         7         2
         0         1         1
       144       143
       127        11         2         1         7         2
         0         1         1
       145       144
       128        11         2         1         7         2
         0         1         1
       146       145
       129        11         2         1         7         2
         0         1         1
         5       146
       130        11         2         1         7         2
         0         1         1
       147         5
       131        11         2         1         7         2
         0         1         1
       148       147
       132        11         2         1         7         2
         0         1         1
       149       148
       133        11         2         1         7         2
         0         1         1
       150       149
       134        11         2         1         7         2
         0         1         1
       151       150
       135        11         2         1         7         2
         0         1         1
       152       151
       136        11         2         1         7         2
         0         1         1
       153       152
       137        11         2         1         7         2
         0         1         1
       154       153
       138        11         2         1         7         2
         0         1         1
       155       154
       139        11         2         1         7         2
         0         1         1
       156       155
       140        11         2         1         7         2
         0         1         1
       157       156
       141        11         2         1         7         2
         0         1         1
       158       157
       142        11         2         1         7         2
         0         1         1
       159       158
       143        11         2         1         7         2
         0         1         1
         3       159
       144        11         2         1         7         2
         0         1         1
       160         3
       145        11         2         1         7         2
         0         1         1
       161       160
       146        11         2         1         7         2
         0         1         1
       162       161
       147        11         2         1         7         2
         0         1         1
       163       162
       148        11         2         1         7         2
         0         1         1
       164       163
       149        11         2         1         7         2
         0         1         1
       165       164
       150        11         2         1         7         2
         0         1         1
       166       165
       151        11         2         1         7         2
         0         1         1
       167       166
       152        11         2         1         7         2
         0         1         1
       168       167
       153        11         2         1         7         2
         0         1         1
       169       168
       154        11         2         1         7         2
         0         1         1
       170       169
       155        11         2         1         7         2
         0         1         1
       171       170
       156        11         2         1         7         2
         0         1         1
       172       171
       157        11         2         1         7         2
         0         1         1
         1       172
       158        11         2         1         7         2
         0         1         1
       173         1
       159        11         2         1         7         2
         0         1         1
       174       173
       160        11         2         1         7         2
         0         1         1
       175       174
       161        11         2         1         7         2
         0         1         1
       176       175
       162        11         2         1         7         2
         0         1         1
       177       176
       163        11         2         1         7         2
         0         1         1
       178       177
       164        11         2         1         7         2
         0         1         1
       179       178
       165        11         2         1         7         2
         0         1         1
       180       179
       166        11         2         1         7         2
         0         1         1
       181       180
       167        11         2         1         7         2
         0         1         1
        27       181
       168        11         2         1         7         2
         0         1         1
        28       182
       169        11         2         1         7         2
         0         1         1
       182       183
       170        11         2         1         7         2
         0         1         1
       183       184
       171        11         2         1         7         2
         0         1         1
       184       185
       172        11         2         1         7         2
         0         1         1
       185        26
       173        11         2         1         7         2
         0         1         1
        26       186
       174        11         2         1         7         2
         0         1         1
       186       187
       175        11         2         1         7         2
         0         1         1
       187       188
       176        11         2         1         7         2
         0         1         1
       188       189
       177        11         2         1         7         2
         0         1         1
       189       190
       178        11         2         1         7         2
         0         1         1
       190       191
       179        11         2         1         7         2
         0         1         1
       191       192
       180        11         2         1         7         2
         0         1         1
       192       193
       181        11         2         1         7         2
         0         1         1
       193       194
       182        11         2         1         7         2
         0         1         1
       194        24
       183        11         2         1         7         2
         0         1         1
        24       195
       184        11         2         1         7         2
         0         1         1
       195       196
       185        11         2         1         7         2
         0         1         1
       196       197
       186        11         2         1         7         2
         0         1         1
       197       198
       187        11         2         1         7         2
         0         1         1
       198       199
       188        11         2         1         7         2
         0         1         1
       199       200
       189        11         2         1         7         2
         0         1         1
       200       201
       190        11         2         1         7         2
         0         1         1
       201       202
       191        11         2         1         7         2
         0         1         1
       202       203
       192        11         2         1         7         2
         0         1         1
       203       204
       193        11         2         1         7         2
         0         1         1
       204       205
       194        11         2         1         7         2
         0         1         1
       205       206
       195        11         2         1         7         2
         0         1         1
       206       207
       196        11         2         1         7         2
         0         1         1
       207        22
       197        11         2         1         7         2
         0         1         1
        22       208
       198        11         2         1         7         2
         0         1         1
       208       209
       199        11         2         1         7         2
         0         1         1
       209       210
       200        11         2         1         7         2
         0         1         1
       210       211
       201        11         2         1         7         2
         0         1         1
       211       212
       202        11         2         1         7         2
         0         1         1
       212       213
       203        11         2         1         7         2
         0         1         1
       213       214
       204        11         2         1         7         2
         0         1         1
       214       215
       205        11         2         1         7         2
         0         1         1
       215       216
       206        11         2         1         7         2
         0         1         1
       216       217
       207        11         2         1         7         2
         0         1         1
       217       218
       208        11         2         1         7         2
         0         1         1
       218       219
       209        11         2         1         7         2
         0         1         1
       219       220
       210        11         2         1         7         2
         0         1         1
       220        20
       211        11         2         1         7         2
         0         1         1
        20       221
       212        11         2         1         7         2
         0         1         1
       221       222
       213        11         2         1         7         2
         0         1         1
       222       223
       214        11         2         1         7         2
         0         1         1
       223       224
       215        11         2         1         7         2
         0         1         1
       224       225
       216        11         2         1         7         2
         0         1         1
       225       226
       217        11         2         1         7         2
         0         1         1
       226       227
       218        11         2         1         7         2
         0         1         1
       227       228
       219        11         2         1         7         2
         0         1         1
       228       229
       220        11         2         1         7         2
         0         1         1
       229       230
       221        11         2         1         7         2
         0         1         1
       230       231
       222        11         2         1         7         2
         0         1         1
       231       232
       223        11         2         1         7         2
         0         1         1
       232       233
       224        11         2         1         7         2
         0         1         1
       233        18
       225        11         2         1         7         2
         0         1         1
        18       234
       226        11         2         1         7         2
         0         1         1
       234       235
       227        11         2         1         7         2
         0         1         1
       235       236
       228        11         2         1         7         2
         0         1         1
       236       237
       229        11         2         1         7         2
         0         1         1
       237       238
       230        11         2         1         7         2
         0         1         1
       238       239
       231        11         2         1         7         2
         0         1         1
       239       240
       232        11         2         1         7         2
         0         1         1
       240       241
       233        11         2         1         7         2
         0         1         1
       241       242
       234        11         2         1         7         2
         0         1         1
       242       243
       235        11         2         1         7         2
         0         1         1
       243       244
       236        11         2         1         7         2
         0         1         1
       244       245
       237        11         2         1         7         2
         0         1         1
       245       246
       238        11         2         1         7         2
         0         1         1
       246        16
       239        11         2         1         7         2
         0         1         1
        16       247
       240        11         2         1         7         2
         0         1         1
       247       248
       241        11         2         1         7         2
         0         1         1
       248       249
       242        11         2         1         7         2
         0         1         1
       249       250
       243        11         2         1         7         2
         0         1         1
       250       251
       244        11         2         1         7         2
         0         1         1
       251       252
       245        11         2         1         7         2
         0         1         1
       252       253
       246        11         2         1         7         2
         0         1         1
       253       254
       247        11         2         1         7         2
         0         1         1
       254       255
       248        11         2         1         7         2
         0         1         1
       255        14
       249        11         2         1         7         2
         0         1         1
        14       256
       250        11         2         1         7         2
         0         1         1
       256       257
       251        11         2         1         7         2
         0         1         1
       257       258
       252        11         2         1         7         2
         0         1         1
       258       259
       253        11         2         1         7         2
         0         1         1
       259       260
       254        11         2         1         7         2
         0         1         1
       260       261
       255        11         2         1         7         2
         0         1         1
       261       262
       256        11         2         1         7         2
         0         1         1
       262       263
       257        11         2         1         7         2
         0         1         1
       263       264
       258        11         2         1         7         2
         0         1         1
       264        12
       259        11         2         1         7         2
         0         1         1
        12       265
       260        11         2         1         7         2
         0         1         1
       265       266
       261        11         2         1         7         2
         0         1         1
       266       267
       262        11         2         1         7         2
         0         1         1
       267       268
       263        11         2         1         7         2
         0         1         1
       268       269
       264        11         2         1         7         2
         0         1         1
       269       270
       265        11         2         1         7         2
         0         1         1
       270       271
       266        11         2         1         7         2
         0         1         1
       271       272
       267        11         2         1         7         2
         0         1         1
       272       273
       268        11         2         1         7         2
         0         1         1
       273        10
       269        11         2         1         7         2
         0         1         1
        10       274
       270        11         2         1         7         2
         0         1         1
       274       275
       271        11         2         1         7         2
         0         1         1
       275       276
       272        11         2         1         7         2
         0         1         1
       276       277
       273        11         2         1         7         2
         0         1         1
       277       278
       274        11         2         1         7         2
         0         1         1
       278       279
       275        11         2         1         7         2
         0         1         1
       279       280
       276        11         2         1         7         2
         0         1         1
       280       281
       277        11         2         1         7         2
         0         1         1
       281       282
       278        11         2         1         7         2
         0         1         1
       282       283
       279        11         2         1         7         2
         0         1         1
       283       284
       280        11         2         1         7         2
         0         1         1
       284       285
       281        11         2         1         7         2
         0         1         1
       285       286
       282        11         2         1         7         2
         0         1         1
       286         8
       283        11         2         1         7         2
         0         1         1
         8       287
       284        11         2         1         7         2
         0         1         1
       287       288
       285        11         2         1         7         2
         0         1         1
       288       289
       286        11         2         1         7         2
         0         1         1
       289       290
       287        11         2         1         7         2
         0         1         1
       290       291
       288        11         2         1         7         2
         0         1         1
       291       292
       289        11         2         1         7         2
         0         1         1
       292       293
       290        11         2         1         7         2
         0         1         1
       293       294
       291        11         2         1         7         2
         0         1         1
       294       295
       292        11         2         1         7         2
         0         1         1
       295       296
       293        11         2         1         7         2
         0         1         1
       296       297
       294        11         2         1         7         2
         0         1         1
       297       298
       295        11         2         1         7         2
         0         1         1
       298       299
       296        11         2         1         7         2
         0         1         1
       299         6
       297        11         2         1         7         2
         0         1         1
         6       300
       298        11         2         1         7         2
         0         1         1
       300       301
       299        11         2         1         7         2
         0         1         1
       301       302
       300        11         2         1         7         2
         0         1         1
       302       303
       301        11         2         1         7         2
         0         1         1
       303       304
       302        11         2         1         7         2
         0         1         1
       304       305
       303        11         2         1         7         2
         0         1         1
       305       306
       304        11         2         1         7         2
         0         1         1
       306       307
       305        11         2         1         7         2
         0         1         1
       307       308
       306        11         2         1         7         2
         0         1         1
       308       309
       307        11         2         1         7         2
         0         1         1
       309       310
       308        11         2         1         7         2
         0         1         1
       310       311
       309        11         2         1         7         2
         0         1         1
       311       312
       310        11         2         1         7         2
         0         1         1
       312         4
       311        11         2         1         7         2
         0         1         1
         4       313
       312        11         2         1         7         2
         0         1         1
       313       314
       313        11         2         1         7         2
         0         1         1
       314       315
       314        11         2         1         7         2
         0         1         1
       315       316
       315        11         2         1         7         2
         0         1         1
       316       317
       316        11         2         1         7         2
         0         1         1
       317       318
       317        11         2         1         7         2
         0         1         1
       318       319
       318        11         2         1         7         2
         0         1         1
       319       320
       319        11         2         1         7         2
         0         1         1
       320       321
       320        11         2         1         7         2
         0         1         1
       321       322
       321        11         2         1         7         2
         0         1         1
       322       323
       322        11         2         1         7         2
         0         1         1
       323       324
       323        11         2         1         7         2
         0         1         1
       324       325
       324        11         2         1         7         2
         0         1         1
       325         2
       325        11         2         1         7         2
         0         1         1
         2       326
       326        11         2         1         7         2
         0         1         1
       326       327
       327        11         2         1         7         2
         0         1         1
       327       328
       328        11         2         1         7         2
         0         1         1
       328       329
       329        11         2         1         7         2
         0         1         1
       329       330
       330        11         2         1         7         2
         0         1         1
       330       331
       331        11         2         1         7         2
         0         1         1
       331       332
       332        11         2         1         7         2
         0         1         1
       332       333
       333        11         2         1         7         2
         0         1         1
       333       334
       334        11         2         1         7         2
         0         1         1
       334        28
       335        11         2         1         7         2
         0         1         1
         2         1
       336        11         2         1         7         2
         0         1         1
        27        28
       337        11         2         1         7         2
         0         1         1
         4         3
       338        11         2         1         7         2
         0         1         1
         6         5
       339        11         2         1         7         2
         0         1         1
         8         7
       340        11         2         1         7         2
         0         1         1
        10         9
       341        11         2         1         7         2
         0         1         1
        12        11
       342        11         2         1         7         2
         0         1         1
        14        13
       343        11         2         1         7         2
         0         1         1
        16        15
       344        11         2         1         7         2
         0         1         1
        18        17
       345        11         2         1         7         2
         0         1         1
        20        19
       346        11         2         1         7         2
         0         1         1
        22        21
       347        11         2         1         7         2
         0         1         1
        24        23
       348        11         2         1         7         2
         0         1         1
        26        25
       349        41         2         1         7         3
        29        27       335
       350        41         2         1         7         3
        27       181       335
       351        41         2         1         7         3
        30        29       336
       352        41         2         1         7         3
        29       335       336
       353        41         2         1         7         3
        31        30       337
       354        41         2         1         7         3
        30       336       337
       355        41         2         1         7         3
        32        31       338
       356        41         2         1         7         3
        31       337       338
       357        41         2         1         7         3
        25        32       339
       358        41         2         1         7         3
        33        25       339
       359        41         2         1         7         3
        32       338       339
       360        41         2         1         7         3
        34        33       340
       361        41         2         1         7         3
        33       339       340
       362        41         2         1         7         3
        35        34       341
       363        41         2         1         7         3
        34       340       341
       364        41         2         1         7         3
        36        35       342
       365        41         2         1         7         3
        35       341       342
       366        41         2         1         7         3
        37        36       343
       367        41         2         1         7         3
        36       342       343
       368        41         2         1         7         3
        38        37       344
       369        41         2         1         7         3
        37       343       344
       370        41         2         1         7         3
        39        38       345
       371        41         2         1         7         3
        38       344       345
       372        41         2         1         7         3
        40        39       346
       373        41         2         1         7         3
        39       345       346
       374        41         2         1         7         3
        41        40       347
       375        41         2         1         7         3
        40       346       347
       376        41         2         1         7         3
        23        41       348
       377        41         2         1         7         3
        41       347       348
       378        41         2         1         7         3
        42        23       349
       379        41         2         1         7         3
        43        42       350
       380        41         2         1         7         3
        42       349       350
       381        41         2         1         7         3
        44        43       351
       382        41         2         1         7         3
        43       350       351
       383        41         2         1         7         3
        45        44       352
       384        41         2         1         7         3
        44       351       352
       385        41         2         1         7         3
        46        45       353
       386        41         2         1         7         3
        45       352       353
       387        41         2         1         7         3
        47        46       354
       388        41         2         1         7         3
        46       353       354
       389        41         2         1         7         3
        48        47       355
       390        41         2         1         7         3
        47       354       355
       391        41         2         1         7         3
        49        48       356
       392        41         2         1         7         3
        48       355       356
       393        41         2         1         7         3
        50        49       357
       394        41         2         1         7         3
        49       356       357
       395        41         2         1         7         3
        51        50       358
       396        41         2         1         7         3
        50       357       358
       397        41         2         1         7         3
        52        51       359
       398        41         2         1         7         3
        51       358       359
       399        41         2         1         7         3
        53        52       360
       400        41         2         1         7         3
        52       359       360
       401        41         2         1         7         3
        54        53       361
       402        41         2         1         7         3
        53       360       361
       403        41         2         1         7         3
        21        54       362
       404        41         2         1         7         3
        55        21       362
       405        41         2         1         7         3
        54       361       362
       406        41         2         1         7         3
        56        55       363
       407        41         2         1         7         3
        55       362       363
       408        41         2         1         7         3
        57        56       364
       409        41         2         1         7         3
        56       363       364
       410        41         2         1         7         3
        58        57       365
       411        41         2         1         7         3
        57       364       365
       412        41         2         1         7         3
        59        58       366
       413        41         2         1         7         3
        58       365       366
       414        41         2         1         7         3
        60        59       367
       415        41         2         1         7         3
        59       366       367
       416        41         2         1         7         3
        61        60       368
       417        41         2         1         7         3
        60       367       368
       418        41         2         1         7         3
        62        61       369
       419        41         2         1         7         3
        61       368       369
       420        41         2         1         7         3
        63        62       370
       421        41         2         1         7         3
        62       369       370
       422        41         2         1         7         3
        64        63       371
       423        41         2         1         7         3
        63       370       371
       424        41         2         1         7         3
        65        64       372
       425        41         2         1         7         3
        64       371       372
       426        41         2         1         7         3
        66        65       373
       427        41         2         1         7         3
        65       372       373
       428        41         2         1         7         3
        67        66       374
       429        41         2         1         7         3
        66       373       374
       430        41         2         1         7         3
        19        67       375
       431        41         2         1         7         3
        67       374       375
       432        41         2         1         7         3
        68        19       376
       433        41         2         1         7         3
        19       375       376
       434        41         2         1         7         3
        69        68       377
       435        41         2         1         7         3
        68       376       377
       436        41         2         1         7         3
        70        69       378
       437        41         2         1         7         3
        69       377       378
       438        41         2         1         7         3
        71        70       379
       439        41         2         1         7         3
        70       378       379
       440        41         2         1         7         3
        72        71       380
       441        41         2         1         7         3
        71       379       380
       442        41         2         1         7         3
        73        72       381
       443        41         2         1         7         3
        72       380       381
       444        41         2         1         7         3
        74        73       382
       445        41         2         1         7         3
        73       381       382
       446        41         2         1         7         3
        75        74       383
       447        41         2         1         7         3
        74       382       383
       448        41         2         1         7         3
        76        75       384
       449        41         2         1         7         3
        75       383       384
       450        41         2         1         7         3
        77        76       385
       451        41         2         1         7         3
        76       384       385
       452        41         2         1         7         3
        78        77       386
       453        41         2         1         7         3
        77       385       386
       454        41         2         1         7         3
        79        78       387
       455        41         2         1         7         3
        78       386       387
       456        41         2         1         7         3
        80        79       388
       457        41         2         1         7         3
        79       387       388
       458        41         2         1         7         3
        17        80       389
       459        41         2         1         7         3
        80       388       389
       460        41         2         1         7         3
        81        17       390
       461        41         2         1         7         3
        82        81       391
       462        41         2         1         7         3
        81       390       391
       463        41         2         1         7         3
        83        82       392
       464        41         2         1         7         3
        82       391       392
       465        41         2         1         7         3
        84        83       393
       466        41         2         1         7         3
        83       392       393
       467        41         2         1         7         3
        85        84       394
       468        41         2         1         7         3
        84       393       394
       469        41         2         1         7         3
        86        85       395
       470        41         2         1         7         3
        85       394       395
       471        41         2         1         7         3
        87        86       396
       472        41         2         1         7         3
        86       395       396
       473        41         2         1         7         3
        88        87       397
       474        41         2         1         7         3
        87       396       397
       475        41         2         1         7         3
        89        88       398
       476        41         2         1         7         3
        88       397       398
       477        41         2         1         7         3
        90        89       399
       478        41         2         1         7         3
        89       398       399
       479        41         2         1         7         3
        91        90       400
       480        41         2         1         7         3
        90       399       400
       481        41         2         1         7         3
        92        91       401
       482        41         2         1         7         3
        91       400       401
       483        41         2         1         7         3
        93        92       402
       484        41         2         1         7         3
        92       401       402
       485        41         2         1         7         3
        15        93       403
       486        41         2         1         7         3
        93       402       403
       487        41         2         1         7         3
        94        15       403
       488        41         2         1         7         3
        95        94       404
       489        41         2         1         7         3
        96        95       405
       490        41         2         1         7         3
        95       404       405
       491        41         2         1         7         3
        97        96       406
       492        41         2         1         7         3
        96       405       406
       493        41         2         1         7         3
        98        97       407
       494        41         2         1         7         3
        97       406       407
       495        41         2         1         7         3
        99        98       408
       496        41         2         1         7         3
        98       407       408
       497        41         2         1         7         3
       100        99       409
       498        41         2         1         7         3
        99       408       409
       499        41         2         1         7         3
       101       100       410
       500        41         2         1         7         3
       100       409       410
       501        41         2         1         7         3
       102       101       411
       502        41         2         1         7         3
       101       410       411
       503        41         2         1         7         3
        13       102       412
       504        41         2         1         7         3
       103        13       412
       505        41         2         1         7         3
       102       411       412
       506        41         2         1         7         3
       104       103       413
       507        41         2         1         7         3
       103       412       413
       508        41         2         1         7         3
       105       104       414
       509        41         2         1         7         3
       104       413       414
       510        41         2         1         7         3
       106       105       415
       511        41         2         1         7         3
       105       414       415
       512        41         2         1         7         3
       107       106       416
       513        41         2         1         7         3
       106       415       416
       514        41         2         1         7         3
       108       107       417
       515        41         2         1         7         3
       107       416       417
       516        41         2         1         7         3
       109       108       418
       517        41         2         1         7         3
       108       417       418
       518        41         2         1         7         3
       110       109       419
       519        41         2         1         7         3
       109       418       419
       520        41         2         1         7         3
       111       110       420
       521        41         2         1         7         3
       110       419       420
       522        41         2         1         7         3
        11       111       112
       523        41         2         1         7         3
       113       112       421
       524        41         2         1         7         3
       114       113       422
       525        41         2         1         7         3
       113       421       422
       526        41         2         1         7         3
       115       114       423
       527        41         2         1         7         3
       114       422       423
       528        41         2         1         7         3
       116       115       424
       529        41         2         1         7         3
       115       423       424
       530        41         2         1         7         3
       117       116       425
       531        41         2         1         7         3
       116       424       425
       532        41         2         1         7         3
       118       117       426
       533        41         2         1         7         3
       117       425       426
       534        41         2         1         7         3
       119       118       427
       535        41         2         1         7         3
       118       426       427
       536        41         2         1         7         3
       120       119       428
       537        41         2         1         7         3
       119       427       428
       538        41         2         1         7         3
         9       120       429
       539        41         2         1         7         3
       120       428       429
       540        41         2         1         7         3
       121         9       430
       541        41         2         1         7         3
       122       121       431
       542        41         2         1         7         3
       121       430       431
       543        41         2         1         7         3
       123       122       432
       544        41         2         1         7         3
       122       431       432
       545        41         2         1         7         3
       124       123       433
       546        41         2         1         7         3
       123       432       433
       547        41         2         1         7         3
       125       124       434
       548        41         2         1         7         3
       124       433       434
       549        41         2         1         7         3
       126       125       435
       550        41         2         1         7         3
       125       434       435
       551        41         2         1         7         3
       127       126       436
       552        41         2         1         7         3
       126       435       436
       553        41         2         1         7         3
       128       127       437
       554        41         2         1         7         3
       127       436       437
       555        41         2         1         7         3
       129       128       438
       556        41         2         1         7         3
       128       437       438
       557        41         2         1         7         3
       130       129       439
       558        41         2         1         7         3
       129       438       439
       559        41         2         1         7         3
       131       130       440
       560        41         2         1         7         3
       130       439       440
       561        41         2         1         7         3
       132       131       441
       562        41         2         1         7         3
       131       440       441
       563        41         2         1         7         3
       133       132       442
       564        41         2         1         7         3
       132       441       442
       565        41         2         1         7         3
         7       133       443
       566        41         2         1         7         3
       134         7       443
       567        41         2         1         7         3
       133       442       443
       568        41         2         1         7         3
       135       134       444
       569        41         2         1         7         3
       134       443       444
       570        41         2         1         7         3
       136       135       445
       571        41         2         1         7         3
       135       444       445
       572        41         2         1         7         3
       137       136       446
       573        41         2         1         7         3
       136       445       446
       574        41         2         1         7         3
       138       137       447
       575        41         2         1         7         3
       137       446       447
       576        41         2         1         7         3
       139       138       448
       577        41         2         1         7         3
       138       447       448
       578        41         2         1         7         3
       140       139       449
       579        41         2         1         7         3
       139       448       449
       580        41         2         1         7         3
       141       140       450
       581        41         2         1         7         3
       140       449       450
       582        41         2         1         7         3
       142       141       451
       583        41         2         1         7         3
       141       450       451
       584        41         2         1         7         3
       143       142       452
       585        41         2         1         7         3
       142       451       452
       586        41         2         1         7         3
       144       143       453
       587        41         2         1         7         3
       143       452       453
       588        41         2         1         7         3
       145       144       454
       589        41         2         1         7         3
       144       453       454
       590        41         2         1         7         3
       146       145       455
       591        41         2         1         7         3
       145       454       455
       592        41         2         1         7         3
         5       146       456
       593        41         2         1         7         3
       146       455       456
       594        41         2         1         7         3
       147         5       457
       595        41         2         1         7         3
         5       456       457
       596        41         2         1         7         3
       148       147       458
       597        41         2         1         7         3
       147       457       458
       598        41         2         1         7         3
       149       148       459
       599        41         2         1         7         3
       148       458       459
       600        41         2         1         7         3
       150       149       460
       601        41         2         1         7         3
       149       459       460
       602        41         2         1         7         3
       151       150       461
       603        41         2         1         7         3
       150       460       461
       604        41         2         1         7         3
       152       151       462
       605        41         2         1         7         3
       151       461       462
       606        41         2         1         7         3
       153       152       463
       607        41         2         1         7         3
       152       462       463
       608        41         2         1         7         3
       154       153       464
       609        41         2         1         7         3
       153       463       464
       610        41         2         1         7         3
       155       154       465
       611        41         2         1         7         3
       154       464       465
       612        41         2         1         7         3
       156       155       466
       613        41         2         1         7         3
       155       465       466
       614        41         2         1         7         3
       157       156       467
       615        41         2         1         7         3
       156       466       467
       616        41         2         1         7         3
       158       157       468
       617        41         2         1         7         3
       157       467       468
       618        41         2         1         7         3
       159       158       469
       619        41         2         1         7         3
       158       468       469
       620        41         2         1         7         3
         3       159       470
       621        41         2         1         7         3
       159       469       470
       622        41         2         1         7         3
       160         3       471
       623        41         2         1         7         3
       161       160       472
       624        41         2         1         7         3
       160       471       472
       625        41         2         1         7         3
       162       161       473
       626        41         2         1         7         3
       161       472       473
       627        41         2         1         7         3
       163       162       474
       628        41         2         1         7         3
       162       473       474
       629        41         2         1         7         3
       164       163       475
       630        41         2         1         7         3
       163       474       475
       631        41         2         1         7         3
       165       164       476
       632        41         2         1         7         3
       164       475       476
       633        41         2         1         7         3
       166       165       477
       634        41         2         1         7         3
       165       476       477
       635        41         2         1         7         3
       167       166       478
       636        41         2         1         7         3
       166       477       478
       637        41         2         1         7         3
       168       167       479
       638        41         2         1         7         3
       167       478       479
       639        41         2         1         7         3
       169       168       480
       640        41         2         1         7         3
       168       479       480
       641        41         2         1         7         3
       170       169       481
       642        41         2         1         7         3
       169       480       481
       643        41         2         1         7         3
       171       170       482
       644        41         2         1         7         3
       170       481       482
       645        41         2         1         7         3
       172       171       483
       646        41         2         1         7         3
       171       482       483
       647        41         2         1         7         3
         1       172       484
       648        41         2         1         7         3
       172       483       484
       649        41         2         1         7         3
       173         1       484
       650        41         2         1         7         3
       174       173       485
       651        41         2         1         7         3
       173       484       485
       652        41         2         1         7         3
       175       174       486
       653        41         2         1         7         3
       174       485       486
       654        41         2         1         7         3
       176       175       487
       655        41         2         1         7         3
       175       486       487
       656        41         2         1         7         3
       177       176       488
       657        41         2         1         7         3
       176       487       488
       658        41         2         1         7         3
       178       177       489
       659        41         2         1         7         3
       177       488       489
       660        41         2         1         7         3
       179       178       490
       661        41         2         1         7         3
       178       489       490
       662        41         2         1         7         3
       180       179       491
       663        41         2         1         7         3
       179       490       491
       664        41         2         1         7         3
       181       180       492
       665        41         2         1         7         3
       335       181       492
       666        41         2         1         7         3
       180       491       492
       667        41         2         1         7         3
       349        23       348
       668        41         2         1         7         3
        94       403       404
       669        41         2         1         7         3
       390        17       493
       670        41         2         1         7         3
        17       389       493
       671        41         2         1         7         3
       112       111       420
       672        41         2         1         7         3
       421       112       420
       673        41         2         1         7         3
       430         9       494
       674        41         2         1         7         3
         9       429       494
       675        41         2         1         7         3
       471         3       495
       676        41         2         1         7         3
         3       470       495
       677        41         2         1         7         3
       336       335       496
       678        41         2         1         7         3
       335       492       496
       679        41         2         1         7         3
       337       336       497
       680        41         2         1         7         3
       336       496       497
       681        41         2         1         7         3
       338       337       498
       682        41         2         1         7         3
       337       497       498
       683        41         2         1         7         3
       350       349       499
       684        41         2         1         7         3
       341       340       500
       685        41         2         1         7         3
       342       341       501
       686        41         2         1         7         3
       341       500       501
       687        41         2         1         7         3
       343       342       502
       688        41         2         1         7         3
       342       501       502
       689        41         2         1         7         3
       344       343       503
       690        41         2         1         7         3
       343       502       503
       691        41         2         1         7         3
       345       344       504
       692        41         2         1         7         3
       344       503       504
       693        41         2         1         7         3
       346       345       505
       694        41         2         1         7         3
       345       504       505
       695        41         2         1         7         3
       347       346       506
       696        41         2         1         7         3
       346       505       506
       697        41         2         1         7         3
       348       347       507
       698        41         2         1         7         3
       347       506       507
       699        41         2         1         7         3
       351       350       508
       700        41         2         1         7         3
       350       499       508
       701        41         2         1         7         3
       352       351       509
       702        41         2         1         7         3
       351       508       509
       703        41         2         1         7         3
       353       352       510
       704        41         2         1         7         3
       352       509       510
       705        41         2         1         7         3
       354       353       511
       706        41         2         1         7         3
       353       510       511
       707        41         2         1         7         3
       355       354       512
       708        41         2         1         7         3
       354       511       512
       709        41         2         1         7         3
       356       355       513
       710        41         2         1         7         3
       355       512       513
       711        41         2         1         7         3
       357       356       514
       712        41         2         1         7         3
       356       513       514
       713        41         2         1         7         3
       358       357       515
       714        41         2         1         7         3
       357       514       515
       715        41         2         1         7         3
       359       358       516
       716        41         2         1         7         3
       358       515       516
       717        41         2         1         7         3
       360       359       517
       718        41         2         1         7         3
       359       516       517
       719        41         2         1         7         3
       361       360       518
       720        41         2         1         7         3
       360       517       518
       721        41         2         1         7         3
       391       390       519
       722        41         2         1         7         3
       363       362       361
       723        41         2         1         7         3
       366       365       520
       724        41         2         1         7         3
       367       366       521
       725        41         2         1         7         3
       366       520       521
       726        41         2         1         7         3
       368       367       522
       727        41         2         1         7         3
       367       521       522
       728        41         2         1         7         3
       369       368       523
       729        41         2         1         7         3
       368       522       523
       730        41         2         1         7         3
       370       369       524
       731        41         2         1         7         3
       369       523       524
       732        41         2         1         7         3
       371       370       525
       733        41         2         1         7         3
       370       524       525
       734        41         2         1         7         3
       372       371       526
       735        41         2         1         7         3
       371       525       526
       736        41         2         1         7         3
       373       372       527
       737        41         2         1         7         3
       372       526       527
       738        41         2         1         7         3
       374       373       528
       739        41         2         1         7         3
       373       527       528
       740        41         2         1         7         3
       375       374       529
       741        41         2         1         7         3
       374       528       529
       742        41         2         1         7         3
       376       375       530
       743        41         2         1         7         3
       375       529       530
       744        41         2         1         7         3
       377       376       531
       745        41         2         1         7         3
       376       530       531
       746        41         2         1         7         3
       378       377       532
       747        41         2         1         7         3
       377       531       532
       748        41         2         1         7         3
       379       378       533
       749        41         2         1         7         3
       378       532       533
       750        41         2         1         7         3
       380       379       534
       751        41         2         1         7         3
       379       533       534
       752        41         2         1         7         3
       381       380       535
       753        41         2         1         7         3
       380       534       535
       754        41         2         1         7         3
       382       381       536
       755        41         2         1         7         3
       381       535       536
       756        41         2         1         7         3
       383       382       537
       757        41         2         1         7         3
       382       536       537
       758        41         2         1         7         3
       384       383       538
       759        41         2         1         7         3
       383       537       538
       760        41         2         1         7         3
       385       384       539
       761        41         2         1         7         3
       384       538       539
       762        41         2         1         7         3
       386       385       540
       763        41         2         1         7         3
       385       539       540
       764        41         2         1         7         3
       387       386       541
       765        41         2         1         7         3
       386       540       541
       766        41         2         1         7         3
       388       387       542
       767        41         2         1         7         3
       387       541       542
       768        41         2         1         7         3
       389       388       543
       769        41         2         1         7         3
       388       542       543
       770        41         2         1         7         3
       421       420       544
       771        41         2         1         7         3
       420       419       544
       772        41         2         1         7         3
       392       391       545
       773        41         2         1         7         3
       391       519       545
       774        41         2         1         7         3
       393       392       546
       775        41         2         1         7         3
       392       545       546
       776        41         2         1         7         3
       394       393       547
       777        41         2         1         7         3
       393       546       547
       778        41         2         1         7         3
       395       394       548
       779        41         2         1         7         3
       394       547       548
       780        41         2         1         7         3
       396       395       549
       781        41         2         1         7         3
       395       548       549
       782        41         2         1         7         3
       397       396       550
       783        41         2         1         7         3
       396       549       550
       784        41         2         1         7         3
       398       397       551
       785        41         2         1         7         3
       397       550       551
       786        41         2         1         7         3
       399       398       552
       787        41         2         1         7         3
       398       551       552
       788        41         2         1         7         3
       400       399       553
       789        41         2         1         7         3
       399       552       553
       790        41         2         1         7         3
       401       400       554
       791        41         2         1         7         3
       400       553       554
       792        41         2         1         7         3
       402       401       555
       793        41         2         1         7         3
       401       554       555
       794        41         2         1         7         3
       403       402       556
       795        41         2         1         7         3
       402       555       556
       796        41         2         1         7         3
       405       404       557
       797        41         2         1         7         3
       406       405       558
       798        41         2         1         7         3
       405       557       558
       799        41         2         1         7         3
       407       406       559
       800        41         2         1         7         3
       406       558       559
       801        41         2         1         7         3
       408       407       560
       802        41         2         1         7         3
       407       559       560
       803        41         2         1         7         3
       409       408       561
       804        41         2         1         7         3
       408       560       561
       805        41         2         1         7         3
       410       409       562
       806        41         2         1         7         3
       409       561       562
       807        41         2         1         7         3
       411       410       563
       808        41         2         1         7         3
       410       562       563
       809        41         2         1         7         3
       412       411       413
       810        41         2         1         7         3
       431       430       564
       811        41         2         1         7         3
       415       414       565
       812        41         2         1         7         3
       416       415       566
       813        41         2         1         7         3
       415       565       566
       814        41         2         1         7         3
       417       416       567
       815        41         2         1         7         3
       416       566       567
       816        41         2         1         7         3
       418       417       568
       817        41         2         1         7         3
       417       567       568
       818        41         2         1         7         3
       419       418       569
       819        41         2         1         7         3
       544       419       569
       820        41         2         1         7         3
       418       568       569
       821        41         2         1         7         3
       422       421       544
       822        41         2         1         7         3
       423       422       570
       823        41         2         1         7         3
       424       423       571
       824        41         2         1         7         3
       423       570       571
       825        41         2         1         7         3
       425       424       572
       826        41         2         1         7         3
       424       571       572
       827        41         2         1         7         3
       426       425       573
       828        41         2         1         7         3
       425       572       573
       829        41         2         1         7         3
       427       426       574
       830        41         2         1         7         3
       426       573       574
       831        41         2         1         7         3
       428       427       575
       832        41         2         1         7         3
       427       574       575
       833        41         2         1         7         3
       429       428       576
       834        41         2         1         7         3
       428       575       576
       835        41         2         1         7         3
       432       431       577
       836        41         2         1         7         3
       431       564       577
       837        41         2         1         7         3
       433       432       578
       838        41         2         1         7         3
       432       577       578
       839        41         2         1         7         3
       434       433       579
       840        41         2         1         7         3
       433       578       579
       841        41         2         1         7         3
       435       434       580
       842        41         2         1         7         3
       434       579       580
       843        41         2         1         7         3
       436       435       581
       844        41         2         1         7         3
       435       580       581
       845        41         2         1         7         3
       437       436       582
       846        41         2         1         7         3
       436       581       582
       847        41         2         1         7         3
       438       437       583
       848        41         2         1         7         3
       437       582       583
       849        41         2         1         7         3
       439       438       584
       850        41         2         1         7         3
       438       583       584
       851        41         2         1         7         3
       440       439       585
       852        41         2         1         7         3
       439       584       585
       853        41         2         1         7         3
       441       440       586
       854        41         2         1         7         3
       440       585       586
       855        41         2         1         7         3
       442       441       587
       856        41         2         1         7         3
       441       586       587
       857        41         2         1         7         3
       588       444       442
       858        41         2         1         7         3
       443       442       444
       859        41         2         1         7         3
       442       587       588
       860        41         2         1         7         3
       472       471       589
       861        41         2         1         7         3
       445       444       588
       862        41         2         1         7         3
        27        29       182
       863        41         2         1         7         3
       447       446       590
       864        41         2         1         7         3
       448       447       591
       865        41         2         1         7         3
       447       590       591
       866        41         2         1         7         3
       449       448       592
       867        41         2         1         7         3
       448       591       592
       868        41         2         1         7         3
       450       449       593
       869        41         2         1         7         3
       449       592       593
       870        41         2         1         7         3
       451       450       594
       871        41         2         1         7         3
       450       593       594
       872        41         2         1         7         3
       452       451       595
       873        41         2         1         7         3
       451       594       595
       874        41         2         1         7         3
       453       452       596
       875        41         2         1         7         3
       452       595       596
       876        41         2         1         7         3
       454       453       597
       877        41         2         1         7         3
       453       596       597
       878        41         2         1         7         3
       455       454       598
       879        41         2         1         7         3
       454       597       598
       880        41         2         1         7         3
       456       455       599
       881        41         2         1         7         3
       455       598       599
       882        41         2         1         7         3
       457       456       600
       883        41         2         1         7         3
       456       599       600
       884        41         2         1         7         3
       458       457       601
       885        41         2         1         7         3
       457       600       601
       886        41         2         1         7         3
       459       458       602
       887        41         2         1         7         3
       458       601       602
       888        41         2         1         7         3
       460       459       603
       889        41         2         1         7         3
       459       602       603
       890        41         2         1         7         3
       461       460       604
       891        41         2         1         7         3
       460       603       604
       892        41         2         1         7         3
       462       461       605
       893        41         2         1         7         3
       461       604       605
       894        41         2         1         7         3
       463       462       606
       895        41         2         1         7         3
       462       605       606
       896        41         2         1         7         3
       464       463       607
       897        41         2         1         7         3
       463       606       607
       898        41         2         1         7         3
       465       464       608
       899        41         2         1         7         3
       464       607       608
       900        41         2         1         7         3
       466       465       609
       901        41         2         1         7         3
       465       608       609
       902        41         2         1         7         3
       467       466       610
       903        41         2         1         7         3
       466       609       610
       904        41         2         1         7         3
       468       467       611
       905        41         2         1         7         3
       467       610       611
       906        41         2         1         7         3
       469       468       612
       907        41         2         1         7         3
       468       611       612
       908        41         2         1         7         3
       470       469       613
       909        41         2         1         7         3
       469       612       613
       910        41         2         1         7         3
       349       348       614
       911        41         2         1         7         3
       473       472       615
       912        41         2         1         7         3
       472       589       615
       913        41         2         1         7         3
       474       473       616
       914        41         2         1         7         3
       473       615       616
       915        41         2         1         7         3
       475       474       617
       916        41         2         1         7         3
       474       616       617
       917        41         2         1         7         3
       476       475       618
       918        41         2         1         7         3
       475       617       618
       919        41         2         1         7         3
       477       476       619
       920        41         2         1         7         3
       476       618       619
       921        41         2         1         7         3
       478       477       620
       922        41         2         1         7         3
       477       619       620
       923        41         2         1         7         3
       479       478       621
       924        41         2         1         7         3
       478       620       621
       925        41         2         1         7         3
       480       479       622
       926        41         2         1         7         3
       479       621       622
       927        41         2         1         7         3
       481       480       623
       928        41         2         1         7         3
       480       622       623
       929        41         2         1         7         3
       482       481       624
       930        41         2         1         7         3
       481       623       624
       931        41         2         1         7         3
       483       482       625
       932        41         2         1         7         3
       482       624       625
       933        41         2         1         7         3
       484       483       626
       934        41         2         1         7         3
       485       484       626
       935        41         2         1         7         3
       483       625       626
       936        41         2         1         7         3
       486       485       627
       937        41         2         1         7         3
       485       626       627
       938        41         2         1         7         3
       487       486       628
       939        41         2         1         7         3
       486       627       628
       940        41         2         1         7         3
       488       487       629
       941        41         2         1         7         3
       487       628       629
       942        41         2         1         7         3
       489       488       630
       943        41         2         1         7         3
       488       629       630
       944        41         2         1         7         3
       490       489       631
       945        41         2         1         7         3
       489       630       631
       946        41         2         1         7         3
       491       490       632
       947        41         2         1         7         3
       490       631       632
       948        41         2         1         7         3
       404       403       556
       949        41         2         1         7         3
       363       361       518
       950        41         2         1         7         3
       413       411       563
       951        41         2         1         7         3
       499       349       614
       952        41         2         1         7         3
       413       563       414
       953        41         2         1         7         3
       340       339       498
       954        41         2         1         7         3
       348       507       614
       955        41         2         1         7         3
       493       389       633
       956        41         2         1         7         3
       519       390       634
       957        41         2         1         7         3
       390       493       634
       958        41         2         1         7         3
       520       365       635
       959        41         2         1         7         3
       365       364       635
       960        41         2         1         7         3
       364       363       518
       961        41         2         1         7         3
       364       518       635
       962        41         2         1         7         3
       389       543       633
       963        41         2         1         7         3
       557       404       556
       964        41         2         1         7         3
       500       340       498
       965        41         2         1         7         3
       565       414       563
       966        41         2         1         7         3
       564       430       636
       967        41         2         1         7         3
       430       494       636
       968        41         2         1         7         3
       422       544       570
       969        41         2         1         7         3
       494       429       637
       970        41         2         1         7         3
       429       576       637
       971        41         2         1         7         3
       495       470       638
       972        41         2         1         7         3
       589       471       639
       973        41         2         1         7         3
       471       495       639
       974        41         2         1         7         3
       446       445       640
       975        41         2         1         7         3
       590       446       640
       976        41         2         1         7         3
       445       588       640
       977        41         2         1         7         3
       470       613       638
       978        41         2         1         7         3
       492       491       641
       979        41         2         1         7         3
       496       492       641
       980        41         2         1         7         3
       491       632       641
       981        41         2         1         7         3
       497       496       642
       982        41         2         1         7         3
       496       641       642
       983        41         2         1         7         3
       498       497       643
       984        41         2         1         7         3
       500       498       643
       985        41         2         1         7         3
       497       642       643
       986        41         2         1         7         3
       339       338       498
       987        41         2         1         7         3
       614       507       644
       988        41         2         1         7         3
       557       556       645
       989        41         2         1         7         3
       502       501       646
       990        41         2         1         7         3
       503       502       647
       991        41         2         1         7         3
       502       646       647
       992        41         2         1         7         3
       504       503       648
       993        41         2         1         7         3
       503       647       648
       994        41         2         1         7         3
       505       504       649
       995        41         2         1         7         3
       504       648       649
       996        41         2         1         7         3
       506       505       650
       997        41         2         1         7         3
       505       649       650
       998        41         2         1         7         3
       507       506       651
       999        41         2         1         7         3
       506       650       651
      1000        41         2         1         7         3
       508       499       652
      1001        41         2         1         7         3
       521       520       653
      1002        41         2         1         7         3
       509       508       654
      1003        41         2         1         7         3
       508       652       654
      1004        41         2         1         7         3
       510       509       655
      1005        41         2         1         7         3
       509       654       655
      1006        41         2         1         7         3
       511       510       656
      1007        41         2         1         7         3
       510       655       656
      1008        41         2         1         7         3
       512       511       657
      1009        41         2         1         7         3
       511       656       657
      1010        41         2         1         7         3
       513       512       658
      1011        41         2         1         7         3
       512       657       658
      1012        41         2         1         7         3
       514       513       659
      1013        41         2         1         7         3
       513       658       659
      1014        41         2         1         7         3
       515       514       660
      1015        41         2         1         7         3
       514       659       660
      1016        41         2         1         7         3
       516       515       661
      1017        41         2         1         7         3
       515       660       661
      1018        41         2         1         7         3
       518       517       635
      1019        41         2         1         7         3
       633       543       662
      1020        41         2         1         7         3
       522       521       663
      1021        41         2         1         7         3
       521       653       663
      1022        41         2         1         7         3
       523       522       664
      1023        41         2         1         7         3
       522       663       664
      1024        41         2         1         7         3
       524       523       665
      1025        41         2         1         7         3
       523       664       665
      1026        41         2         1         7         3
       525       524       666
      1027        41         2         1         7         3
       524       665       666
      1028        41         2         1         7         3
       526       525       667
      1029        41         2         1         7         3
       525       666       667
      1030        41         2         1         7         3
       527       526       668
      1031        41         2         1         7         3
       526       667       668
      1032        41         2         1         7         3
       528       527       669
      1033        41         2         1         7         3
       527       668       669
      1034        41         2         1         7         3
       529       528       670
      1035        41         2         1         7         3
       528       669       670
      1036        41         2         1         7         3
       530       529       671
      1037        41         2         1         7         3
       529       670       671
      1038        41         2         1         7         3
       531       530       672
      1039        41         2         1         7         3
       530       671       672
      1040        41         2         1         7         3
       532       531       673
      1041        41         2         1         7         3
       531       672       673
      1042        41         2         1         7         3
       533       532       674
      1043        41         2         1         7         3
       532       673       674
      1044        41         2         1         7         3
       534       533       675
      1045        41         2         1         7         3
       533       674       675
      1046        41         2         1         7         3
       535       534       676
      1047        41         2         1         7         3
       534       675       676
      1048        41         2         1         7         3
       536       535       677
      1049        41         2         1         7         3
       535       676       677
      1050        41         2         1         7         3
       537       536       678
      1051        41         2         1         7         3
       536       677       678
      1052        41         2         1         7         3
       538       537       679
      1053        41         2         1         7         3
       537       678       679
      1054        41         2         1         7         3
       539       538       680
      1055        41         2         1         7         3
       538       679       680
      1056        41         2         1         7         3
       540       539       681
      1057        41         2         1         7         3
       539       680       681
      1058        41         2         1         7         3
       541       540       682
      1059        41         2         1         7         3
       540       681       682
      1060        41         2         1         7         3
       542       541       683
      1061        41         2         1         7         3
       541       682       683
      1062        41         2         1         7         3
       543       542       684
      1063        41         2         1         7         3
       542       683       684
      1064        41         2         1         7         3
       501       500       685
      1065        41         2         1         7         3
       646       501       685
      1066        41         2         1         7         3
       500       643       685
      1067        41         2         1         7         3
       545       519       686
      1068        41         2         1         7         3
       546       545       687
      1069        41         2         1         7         3
       545       686       687
      1070        41         2         1         7         3
       547       546       688
      1071        41         2         1         7         3
       546       687       688
      1072        41         2         1         7         3
       548       547       689
      1073        41         2         1         7         3
       547       688       689
      1074        41         2         1         7         3
       549       548       690
      1075        41         2         1         7         3
       548       689       690
      1076        41         2         1         7         3
       550       549       691
      1077        41         2         1         7         3
       549       690       691
      1078        41         2         1         7         3
       551       550       692
      1079        41         2         1         7         3
       550       691       692
      1080        41         2         1         7         3
       552       551       693
      1081        41         2         1         7         3
       551       692       693
      1082        41         2         1         7         3
       553       552       693
      1083        41         2         1         7         3
        31        32       185
      1084        41         2         1         7         3
       554       553       694
      1085        41         2         1         7         3
       553       693       694
      1086        41         2         1         7         3
       555       554       695
      1087        41         2         1         7         3
       554       694       695
      1088        41         2         1         7         3
       556       555       645
      1089        41         2         1         7         3
       520       635       696
      1090        41         2         1         7         3
       653       520       696
      1091        41         2         1         7         3
       635       517       696
      1092        41         2         1         7         3
       560       559       697
      1093        41         2         1         7         3
       561       560       698
      1094        41         2         1         7         3
       560       697       698
      1095        41         2         1         7         3
       562       561       699
      1096        41         2         1         7         3
       561       698       699
      1097        41         2         1         7         3
       563       562       700
      1098        41         2         1         7         3
       565       563       700
      1099        41         2         1         7         3
       562       699       700
      1100        41         2         1         7         3
       567       566       701
      1101        41         2         1         7         3
       568       567       702
      1102        41         2         1         7         3
       567       701       702
      1103        41         2         1         7         3
       591       590       703
      1104        41         2         1         7         3
       499       614       704
      1105        41         2         1         7         3
       652       499       704
      1106        41         2         1         7         3
       614       644       704
      1107        41         2         1         7         3
       572       571       705
      1108        41         2         1         7         3
       573       572       706
      1109        41         2         1         7         3
       572       705       706
      1110        41         2         1         7         3
       574       573       707
      1111        41         2         1         7         3
       573       706       707
      1112        41         2         1         7         3
       575       574       708
      1113        41         2         1         7         3
       574       707       708
      1114        41         2         1         7         3
       576       575       709
      1115        41         2         1         7         3
       575       708       709
      1116        41         2         1         7         3
       578       577       689
      1117        41         2         1         7         3
       581       580       686
      1118        41         2         1         7         3
       584       583       710
      1119        41         2         1         7         3
       585       584       711
      1120        41         2         1         7         3
       584       710       711
      1121        41         2         1         7         3
       586       585       712
      1122        41         2         1         7         3
       585       711       712
      1123        41         2         1         7         3
       638       613       664
      1124        41         2         1         7         3
       593       592       713
      1125        41         2         1         7         3
       594       593       684
      1126        41         2         1         7         3
       595       594       683
      1127        41         2         1         7         3
       596       595       682
      1128        41         2         1         7         3
       597       596       681
      1129        41         2         1         7         3
       598       597       680
      1130        41         2         1         7         3
       599       598       679
      1131        41         2         1         7         3
       600       599       678
      1132        41         2         1         7         3
       601       600       677
      1133        41         2         1         7         3
       602       601       676
      1134        41         2         1         7         3
       603       602       675
      1135        41         2         1         7         3
       604       603       674
      1136        41         2         1         7         3
       605       604       673
      1137        41         2         1         7         3
       606       605       672
      1138        41         2         1         7         3
       607       606       671
      1139        41         2         1         7         3
       608       607       670
      1140        41         2         1         7         3
       609       608       669
      1141        41         2         1         7         3
       610       609       668
      1142        41         2         1         7         3
       611       610       667
      1143        41         2         1         7         3
       612       611       666
      1144        41         2         1         7         3
       613       612       665
      1145        41         2         1         7         3
       616       615       656
      1146        41         2         1         7         3
       617       616       655
      1147        41         2         1         7         3
       618       617       654
      1148        41         2         1         7         3
       619       618       652
      1149        41         2         1         7         3
       623       622       714
      1150        41         2         1         7         3
       624       623       715
      1151        41         2         1         7         3
       623       714       715
      1152        41         2         1         7         3
       625       624       716
      1153        41         2         1         7         3
       624       715       716
      1154        41         2         1         7         3
       626       625       717
      1155        41         2         1         7         3
       627       626       717
      1156        41         2         1         7         3
       625       716       717
      1157        41         2         1         7         3
       615       589       657
      1158        41         2         1         7         3
       628       627       718
      1159        41         2         1         7         3
       627       717       718
      1160        41         2         1         7         3
       629       628       719
      1161        41         2         1         7         3
       628       718       719
      1162        41         2         1         7         3
       630       629       720
      1163        41         2         1         7         3
       629       719       720
      1164        41         2         1         7         3
       631       630       721
      1165        41         2         1         7         3
       630       720       721
      1166        41         2         1         7         3
       570       544       569
      1167        41         2         1         7         3
       558       557       722
      1168        41         2         1         7         3
       557       645       722
      1169        41         2         1         7         3
       634       493       723
      1170        41         2         1         7         3
       493       633       723
      1171        41         2         1         7         3
       516       661       696
      1172        41         2         1         7         3
       507       651       644
      1173        41         2         1         7         3
       705       571       702
      1174        41         2         1         7         3
       591       703       662
      1175        41         2         1         7         3
       517       516       696
      1176        41         2         1         7         3
       495       638       724
      1177        41         2         1         7         3
       682       595       683
      1178        41         2         1         7         3
       684       593       713
      1179        41         2         1         7         3
       571       570       702
      1180        41         2         1         7         3
       645       555       695
      1181        41         2         1         7         3
       495       724       639
      1182        41         2         1         7         3
       680       597       681
      1183        41         2         1         7         3
       559       558       722
      1184        41         2         1         7         3
        31       184        30
      1185        41         2         1         7         3
       703       590       712
      1186        41         2         1         7         3
       577       564       725
      1187        41         2         1         7         3
       633       662       726
      1188        41         2         1         7         3
       723       633       726
      1189        41         2         1         7         3
       662       703       726
      1190        41         2         1         7         3
       579       578       688
      1191        41         2         1         7         3
       580       579       687
      1192        41         2         1         7         3
       582       581       727
      1193        41         2         1         7         3
       583       582       728
      1194        41         2         1         7         3
       710       583       728
      1195        41         2         1         7         3
       582       727       728
      1196        41         2         1         7         3
       587       586       729
      1197        41         2         1         7         3
        29        30       183
      1198        41         2         1         7         3
       592       591       662
      1199        41         2         1         7         3
       598       680       679
      1200        41         2         1         7         3
       600       678       677
      1201        41         2         1         7         3
       602       676       675
      1202        41         2         1         7         3
       604       674       673
      1203        41         2         1         7         3
       606       672       671
      1204        41         2         1         7         3
       609       669       668
      1205        41         2         1         7         3
       611       667       666
      1206        41         2         1         7         3
       613       665       664
      1207        41         2         1         7         3
       616       656       655
      1208        41         2         1         7         3
       638       663       724
      1209        41         2         1         7         3
       617       655       654
      1210        41         2         1         7         3
       618       654       652
      1211        41         2         1         7         3
       619       652       704
      1212        41         2         1         7         3
       615       657       656
      1213        41         2         1         7         3
       620       619       704
      1214        41         2         1         7         3
       704       730       620
      1215        41         2         1         7         3
       622       621       730
      1216        41         2         1         7         3
       657       589       658
      1217        41         2         1         7         3
       632       631       721
      1218        41         2         1         7         3
       566       565       700
      1219        41         2         1         7         3
       678       599       679
      1220        41         2         1         7         3
       669       608       670
      1221        41         2         1         7         3
       667       610       668
      1222        41         2         1         7         3
       665       612       666
      1223        41         2         1         7         3
       622       730       714
      1224        41         2         1         7         3
       559       722       697
      1225        41         2         1         7         3
       727       581       686
      1226        41         2         1         7         3
       588       729       640
      1227        41         2         1         7         3
       566       700       701
      1228        41         2         1         7         3
       727       686       731
      1229        41         2         1         7         3
       728       727       731
      1230        41         2         1         7         3
       686       519       731
      1231        41         2         1         7         3
       696       661       653
      1232        41         2         1         7         3
       709       693       576
      1233        41         2         1         7         3
       684       713       543
      1234        41         2         1         7         3
       519       634       731
      1235        41         2         1         7         3
       632       721       685
      1236        41         2         1         7         3
       660       659       724
      1237        41         2         1         7         3
       731       634       723
      1238        41         2         1         7         3
       681       596       682
      1239        41         2         1         7         3
       683       594       684
      1240        41         2         1         7         3
       692       691       636
      1241        41         2         1         7         3
       725       564       636
      1242        41         2         1         7         3
       711       710       726
      1243        41         2         1         7         3
       636       494       637
      1244        41         2         1         7         3
       568       702       570
      1245        41         2         1         7         3
       731       723       728
      1246        41         2         1         7         3
       568       570       569
      1247        41         2         1         7         3
       590       640       729
      1248        41         2         1         7         3
       705       702       732
      1249        41         2         1         7         3
       702       701       732
      1250        41         2         1         7         3
       578       689       688
      1251        41         2         1         7         3
       589       639       658
      1252        41         2         1         7         3
       687       579       688
      1253        41         2         1         7         3
       580       687       686
      1254        41         2         1         7         3
       586       712       729
      1255        41         2         1         7         3
       638       664       663
      1256        41         2         1         7         3
       712       711       703
      1257        41         2         1         7         3
       601       677       676
      1258        41         2         1         7         3
       603       675       674
      1259        41         2         1         7         3
       605       673       672
      1260        41         2         1         7         3
       607       671       670
      1261        41         2         1         7         3
       718       717       733
      1262        41         2         1         7         3
       717       716       733
      1263        41         2         1         7         3
       719       718       734
      1264        41         2         1         7         3
       718       733       734
      1265        41         2         1         7         3
       724       659       639
      1266        41         2         1         7         3
       643       642       685
      1267        41         2         1         7         3
       644       651       714
      1268        41         2         1         7         3
       645       695       735
      1269        41         2         1         7         3
       648       647       720
      1270        41         2         1         7         3
       649       648       734
      1271        41         2         1         7         3
       650       649       733
      1272        41         2         1         7         3
       651       650       715
      1273        41         2         1         7         3
       658       639       659
      1274        41         2         1         7         3
       653       724       663
      1275        41         2         1         7         3
       646       685       721
      1276        41         2         1         7         3
       714       730       644
      1277        41         2         1         7         3
       720       647       721
      1278        41         2         1         7         3
       714       651       715
      1279        41         2         1         7         3
       648       720       734
      1280        41         2         1         7         3
       644       730       704
      1281        41         2         1         7         3
       646       721       647
      1282        41         2         1         7         3
       715       650       733
      1283        41         2         1         7         3
       692       636       637
      1284        41         2         1         7         3
       726       710       723
      1285        41         2         1         7         3
       698       697       736
      1286        41         2         1         7         3
       621       620       730
      1287        41         2         1         7         3
       707       736       735
      1288        41         2         1         7         3
       723       710       728
      1289        41         2         1         7         3
       700       699       701
      1290        41         2         1         7         3
       712       590       729
      1291        41         2         1         7         3
       577       725       689
      1292        41         2         1         7         3
       706       705       736
      1293        41         2         1         7         3
       685       642       632
      1294        41         2         1         7         3
       708       707       735
      1295        41         2         1         7         3
       735       695       708
      1296        41         2         1         7         3
       588       587       729
      1297        41         2         1         7         3
       632       642       641
      1298        41         2         1         7         3
       701       699       732
      1299        41         2         1         7         3
       720       719       734
      1300        41         2         1         7         3
       722       645       735
      1301        41         2         1         7         3
       649       734       733
      1302        41         2         1         7         3
       692       637       693
      1303        41         2         1         7         3
       660       724       653
      1304        41         2         1         7         3
       690       689       725
      1305        41         2         1         7         3
       690       725       691
      1306        41         2         1         7         3
       694       693       709
      1307        41         2         1         7         3
       695       694       709
      1308        41         2         1         7         3
       713       592       662
      1309        41         2         1         7         3
        26       185        32
      1310        41         2         1         7         3
       699       698       732
      1311        41         2         1         7         3
       707       706       736
      1312        41         2         1         7         3
       709       708       695
      1313        41         2         1         7         3
       726       703       711
      1314        41         2         1         7         3
       697       735       736
      1315        41         2         1         7         3
       185       184        31
      1316        41         2         1         7         3
       662       543       713
      1317        41         2         1         7         3
       661       660       653
      1318        41         2         1         7         3
       716       715       733
      1319        41         2         1         7         3
       636       691       725
      1320        41         2         1         7         3
       698       736       732
      1321        41         2         1         7         3
       697       722       735
      1322        41         2         1         7         3
       576       693       637
      1323        41         2         1         7         3
       736       705       732
      1324        41         2         1         7         3
       182       183       737
      1325        41         2         1         7         3
       184       185       738
      1326        41         2         1         7         3
       185        26       739
      1327        41         2         1         7         3
       738       185       739
      1328        41         2         1         7         3
        26       186       739
      1329        41         2         1         7         3
       187       188       740
      1330        41         2         1         7         3
       189       190       741
      1331        41         2         1         7         3
       191       192       742
      1332        41         2         1         7         3
       193       194       743
      1333        41         2         1         7         3
        24       195       744
      1334        41         2         1         7         3
       196       197       745
      1335        41         2         1         7         3
       198       199       746
      1336        41         2         1         7         3
       200       201       747
      1337        41         2         1         7         3
       202       203       748
      1338        41         2         1         7         3
       204       205       749
      1339        41         2         1         7         3
       206       207       750
      1340        41         2         1         7         3
       207        22       751
      1341        41         2         1         7         3
       750       207       751
      1342        41         2         1         7         3
        22       208       751
      1343        41         2         1         7         3
       208       209       751
      1344        41         2         1         7         3
       209       210       752
      1345        41         2         1         7         3
       211       212       753
      1346        41         2         1         7         3
       213       214       754
      1347        41         2         1         7         3
       215       216       755
      1348        41         2         1         7         3
       217       218       756
      1349        41         2         1         7         3
       219       220       757
      1350        41         2         1         7         3
        20       221       758
      1351        41         2         1         7         3
       222       223       759
      1352        41         2         1         7         3
       224       225       760
      1353        41         2         1         7         3
       226       227       761
      1354        41         2         1         7         3
       228       229       762
      1355        41         2         1         7         3
       230       231       763
      1356        41         2         1         7         3
       232       233       764
      1357        41         2         1         7         3
        18       234       765
      1358        41         2         1         7         3
       235       236       766
      1359        41         2         1         7         3
       237       238       767
      1360        41         2         1         7         3
       239       240       768
      1361        41         2         1         7         3
       241       242       769
      1362        41         2         1         7         3
       243       244       770
      1363        41         2         1         7         3
       245       246       771
      1364        41         2         1         7         3
       246        16       772
      1365        41         2         1         7         3
       771       246       772
      1366        41         2         1         7         3
        16       247       772
      1367        41         2         1         7         3
       247       248       773
      1368        41         2         1         7         3
       249       250       774
      1369        41         2         1         7         3
       251       252       775
      1370        41         2         1         7         3
       253       254       776
      1371        41         2         1         7         3
       255        14       256
      1372        41         2         1         7         3
       256       257       777
      1373        41         2         1         7         3
       258       259       778
      1374        41         2         1         7         3
       260       261       779
      1375        41         2         1         7         3
       262       263       780
      1376        41         2         1         7         3
       264        12       265
      1377        41         2         1         7         3
       265       266       781
      1378        41         2         1         7         3
       267       268       782
      1379        41         2         1         7         3
       269       270       783
      1380        41         2         1         7         3
       271       272       784
      1381        41         2         1         7         3
       273        10       785
      1382        41         2         1         7         3
        10       274       786
      1383        41         2         1         7         3
       275       276       787
      1384        41         2         1         7         3
       277       278       788
      1385        41         2         1         7         3
       279       280       789
      1386        41         2         1         7         3
       281       282       790
      1387        41         2         1         7         3
       283       284       791
      1388        41         2         1         7         3
       285       286       792
      1389        41         2         1         7         3
       286         8       793
      1390        41         2         1         7         3
       792       286       793
      1391        41         2         1         7         3
         8       287       793
      1392        41         2         1         7         3
       287       288       793
      1393        41         2         1         7         3
       288       289       794
      1394        41         2         1         7         3
       290       291       795
      1395        41         2         1         7         3
       292       293       796
      1396        41         2         1         7         3
       294       295       797
      1397        41         2         1         7         3
       296       297       798
      1398        41         2         1         7         3
       298       299       799
      1399        41         2         1         7         3
         6       300       800
      1400        41         2         1         7         3
       301       302       801
      1401        41         2         1         7         3
       303       304       802
      1402        41         2         1         7         3
       305       306       803
      1403        41         2         1         7         3
       307       308       804
      1404        41         2         1         7         3
       309       310       805
      1405        41         2         1         7         3
       311       312       806
      1406        41         2         1         7         3
         4       313       807
      1407        41         2         1         7         3
       314       315       808
      1408        41         2         1         7         3
       316       317       809
      1409        41         2         1         7         3
       318       319       810
      1410        41         2         1         7         3
       320       321       811
      1411        41         2         1         7         3
       322       323       812
      1412        41         2         1         7         3
       324       325       813
      1413        41         2         1         7         3
       325         2       814
      1414        41         2         1         7         3
       813       325       814
      1415        41         2         1         7         3
         2       326       814
      1416        41         2         1         7         3
       327       328       815
      1417        41         2         1         7         3
       329       330       816
      1418        41         2         1         7         3
       331       332       817
      1419        41         2         1         7         3
       333       334       818
      1420        41         2         1         7         3
       334        28       819
      1421        41         2         1         7         3
       818       334       819
      1422        41         2         1         7         3
        28       182       819
      1423        41         2         1         7         3
       255       256       777
      1424        41         2         1         7         3
       264       265       781
      1425        41         2         1         7         3
       183       184       820
      1426        41         2         1         7         3
       741       190       821
      1427        41         2         1         7         3
       190       191       821
      1428        41         2         1         7         3
       186       187       822
      1429        41         2         1         7         3
       188       189       823
      1430        41         2         1         7         3
       191       742       821
      1431        41         2         1         7         3
       186       822       739
      1432        41         2         1         7         3
       192       193       824
      1433        41         2         1         7         3
        24       744       825
      1434        41         2         1         7         3
       194        24       825
      1435        41         2         1         7         3
       195       196       826
      1436        41         2         1         7         3
       197       198       827
      1437        41         2         1         7         3
       199       200       828
      1438        41         2         1         7         3
       201       202       829
      1439        41         2         1         7         3
       203       204       830
      1440        41         2         1         7         3
       205       206       831
      1441        41         2         1         7         3
       754       214       832
      1442        41         2         1         7         3
       214       215       832
      1443        41         2         1         7         3
       751       209       833
      1444        41         2         1         7         3
       750       751       833
      1445        41         2         1         7         3
       209       752       833
      1446        41         2         1         7         3
       210       211       834
      1447        41         2         1         7         3
       212       213       835
      1448        41         2         1         7         3
       215       755       832
      1449        41         2         1         7         3
       216       217       836
      1450        41         2         1         7         3
       218       219       837
      1451        41         2         1         7         3
       220        20       838
      1452        41         2         1         7         3
       221       222       839
      1453        41         2         1         7         3
       223       224       840
      1454        41         2         1         7         3
       225       226       841
      1455        41         2         1         7         3
       227       228       842
      1456        41         2         1         7         3
       229       230       843
      1457        41         2         1         7         3
       231       232       844
      1458        41         2         1         7         3
        18       765       845
      1459        41         2         1         7         3
       233        18       846
      1460        41         2         1         7         3
       234       235       847
      1461        41         2         1         7         3
       236       237       848
      1462        41         2         1         7         3
       238       239       849
      1463        41         2         1         7         3
       767       238       849
      1464        41         2         1         7         3
       239       768       849
      1465        41         2         1         7         3
       240       241       850
      1466        41         2         1         7         3
       242       243       851
      1467        41         2         1         7         3
       244       245       852
      1468        41         2         1         7         3
       774       250       853
      1469        41         2         1         7         3
       250       251       853
      1470        41         2         1         7         3
       247       773       772
      1471        41         2         1         7         3
       248       249       854
      1472        41         2         1         7         3
       251       775       853
      1473        41         2         1         7         3
       252       253       855
      1474        41         2         1         7         3
       254       255       856
      1475        41         2         1         7         3
       777       257       857
      1476        41         2         1         7         3
       257       258       857
      1477        41         2         1         7         3
       258       778       857
      1478        41         2         1         7         3
       259       260       858
      1479        41         2         1         7         3
       261       262       859
      1480        41         2         1         7         3
       820       184       738
      1481        41         2         1         7         3
       263       264       860
      1482        41         2         1         7         3
       183       820       737
      1483        41         2         1         7         3
       266       267       861
      1484        41         2         1         7         3
       268       269       862
      1485        41         2         1         7         3
       270       271       863
      1486        41         2         1         7         3
       272       273       864
      1487        41         2         1         7         3
       274       275       865
      1488        41         2         1         7         3
       276       277       866
      1489        41         2         1         7         3
       278       279       867
      1490        41         2         1         7         3
       280       281       868
      1491        41         2         1         7         3
       282       283       869
      1492        41         2         1         7         3
       284       285       870
      1493        41         2         1         7         3
       796       293       871
      1494        41         2         1         7         3
       293       294       871
      1495        41         2         1         7         3
       793       288       872
      1496        41         2         1         7         3
       792       793       872
      1497        41         2         1         7         3
       288       794       872
      1498        41         2         1         7         3
       289       290       873
      1499        41         2         1         7         3
       291       292       874
      1500        41         2         1         7         3
       294       797       871
      1501        41         2         1         7         3
       295       296       875
      1502        41         2         1         7         3
       297       298       876
      1503        41         2         1         7         3
       299         6       877
      1504        41         2         1         7         3
       300       301       878
      1505        41         2         1         7         3
       302       303       879
      1506        41         2         1         7         3
       304       305       880
      1507        41         2         1         7         3
       802       304       880
      1508        41         2         1         7         3
       305       803       880
      1509        41         2         1         7         3
       306       307       881
      1510        41         2         1         7         3
       308       309       882
      1511        41         2         1         7         3
       310       311       883
      1512        41         2         1         7         3
         4       807       884
      1513        41         2         1         7         3
       312         4       885
      1514        41         2         1         7         3
       313       314       886
      1515        41         2         1         7         3
       315       316       887
      1516        41         2         1         7         3
       317       318       888
      1517        41         2         1         7         3
       319       320       889
      1518        41         2         1         7         3
       321       322       890
      1519        41         2         1         7         3
       323       324       891
      1520        41         2         1         7         3
       816       330       892
      1521        41         2         1         7         3
       330       331       892
      1522        41         2         1         7         3
       326       327       893
      1523        41         2         1         7         3
       328       329       894
      1524        41         2         1         7         3
       331       817       892
      1525        41         2         1         7         3
       326       893       814
      1526        41         2         1         7         3
       332       333       895
      1527        41         2         1         7         3
       827       198       746
      1528        41         2         1         7         3
       182       737       819
      1529        41         2         1         7         3
       266       861       781
      1530        41         2         1         7         3
       740       188       823
      1531        41         2         1         7         3
       192       824       742
      1532        41         2         1         7         3
       743       194       825
      1533        41         2         1         7         3
       744       195       826
      1534        41         2         1         7         3
       745       197       827
      1535        41         2         1         7         3
       746       199       828
      1536        41         2         1         7         3
       747       201       829
      1537        41         2         1         7         3
       748       203       830
      1538        41         2         1         7         3
       749       205       831
      1539        41         2         1         7         3
       753       212       835
      1540        41         2         1         7         3
       210       834       752
      1541        41         2         1         7         3
       755       216       836
      1542        41         2         1         7         3
       756       218       837
      1543        41         2         1         7         3
       757       220       838
      1544        41         2         1         7         3
       758       221       839
      1545        41         2         1         7         3
       759       223       840
      1546        41         2         1         7         3
       760       225       841
      1547        41         2         1         7         3
       761       227       842
      1548        41         2         1         7         3
       762       229       843
      1549        41         2         1         7         3
       763       231       844
      1550        41         2         1         7         3
       764       233       846
      1551        41         2         1         7         3
       765       234       847
      1552        41         2         1         7         3
       766       236       848
      1553        41         2         1         7         3
       850       241       769
      1554        41         2         1         7         3
       768       240       850
      1555        41         2         1         7         3
       769       242       851
      1556        41         2         1         7         3
       770       244       852
      1557        41         2         1         7         3
       773       248       854
      1558        41         2         1         7         3
       775       252       855
      1559        41         2         1         7         3
       776       254       856
      1560        41         2         1         7         3
       778       259       858
      1561        41         2         1         7         3
       779       261       859
      1562        41         2         1         7         3
       780       263       860
      1563        41         2         1         7         3
       782       268       862
      1564        41         2         1         7         3
       783       270       863
      1565        41         2         1         7         3
       784       272       864
      1566        41         2         1         7         3
       785        10       896
      1567        41         2         1         7         3
        10       786       896
      1568        41         2         1         7         3
       786       274       865
      1569        41         2         1         7         3
       787       276       866
      1570        41         2         1         7         3
       788       278       867
      1571        41         2         1         7         3
       789       280       868
      1572        41         2         1         7         3
       790       282       869
      1573        41         2         1         7         3
       791       284       870
      1574        41         2         1         7         3
       795       291       874
      1575        41         2         1         7         3
       289       873       794
      1576        41         2         1         7         3
       797       295       875
      1577        41         2         1         7         3
       798       297       876
      1578        41         2         1         7         3
       799       299       877
      1579        41         2         1         7         3
       800       300       878
      1580        41         2         1         7         3
       801       302       879
      1581        41         2         1         7         3
       881       307       804
      1582        41         2         1         7         3
       803       306       881
      1583        41         2         1         7         3
       804       308       882
      1584        41         2         1         7         3
       805       310       883
      1585        41         2         1         7         3
       806       312       885
      1586        41         2         1         7         3
       807       313       886
      1587        41         2         1         7         3
       808       315       887
      1588        41         2         1         7         3
       809       317       888
      1589        41         2         1         7         3
       810       319       889
      1590        41         2         1         7         3
       811       321       890
      1591        41         2         1         7         3
       812       323       891
      1592        41         2         1         7         3
       815       328       894
      1593        41         2         1         7         3
       332       895       817
      1594        41         2         1         7         3
       823       189       741
      1595        41         2         1         7         3
       828       200       747
      1596        41         2         1         7         3
       829       202       748
      1597        41         2         1         7         3
       830       204       749
      1598        41         2         1         7         3
       831       206       750
      1599        41         2         1         7         3
       837       219       757
      1600        41         2         1         7         3
       838        20       758
      1601        41         2         1         7         3
       839       222       759
      1602        41         2         1         7         3
       840       224       760
      1603        41         2         1         7         3
       841       226       761
      1604        41         2         1         7         3
       842       228       762
      1605        41         2         1         7         3
       843       230       763
      1606        41         2         1         7         3
       844       232       764
      1607        41         2         1         7         3
       846        18       845
      1608        41         2         1         7         3
       847       235       766
      1609        41         2         1         7         3
       848       237       767
      1610        41         2         1         7         3
       852       245       771
      1611        41         2         1         7         3
       862       269       783
      1612        41         2         1         7         3
       863       271       784
      1613        41         2         1         7         3
       864       273       785
      1614        41         2         1         7         3
       865       275       787
      1615        41         2         1         7         3
       866       277       788
      1616        41         2         1         7         3
       867       279       789
      1617        41         2         1         7         3
       868       281       790
      1618        41         2         1         7         3
       869       283       791
      1619        41         2         1         7         3
       870       285       792
      1620        41         2         1         7         3
       876       298       799
      1621        41         2         1         7         3
       877         6       800
      1622        41         2         1         7         3
       878       301       801
      1623        41         2         1         7         3
       879       303       802
      1624        41         2         1         7         3
       883       311       806
      1625        41         2         1         7         3
       885         4       884
      1626        41         2         1         7         3
       886       314       808
      1627        41         2         1         7         3
       887       316       809
      1628        41         2         1         7         3
       888       318       810
      1629        41         2         1         7         3
       889       320       811
      1630        41         2         1         7         3
       890       322       812
      1631        41         2         1         7         3
       891       324       813
      1632        41         2         1         7         3
       894       329       816
      1633        41         2         1         7         3
       822       187       740
      1634        41         2         1         7         3
       824       193       743
      1635        41         2         1         7         3
       826       196       745
      1636        41         2         1         7         3
       834       211       753
      1637        41         2         1         7         3
       835       213       754
      1638        41         2         1         7         3
       836       217       756
      1639        41         2         1         7         3
       851       243       770
      1640        41         2         1         7         3
       854       249       774
      1641        41         2         1         7         3
       855       253       776
      1642        41         2         1         7         3
       859       262       780
      1643        41         2         1         7         3
       858       260       779
      1644        41         2         1         7         3
       861       267       782
      1645        41         2         1         7         3
       873       290       795
      1646        41         2         1         7         3
       874       292       796
      1647        41         2         1         7         3
       875       296       798
      1648        41         2         1         7         3
       882       309       805
      1649        41         2         1         7         3
       893       327       815
      1650        41         2         1         7         3
       895       333       818
      1651        41         2         1         7         3
       255       777       856
      1652        41         2         1         7         3
       782       862       897
      1653        41         2         1         7         3
       741       821       898
      1654        41         2         1         7         3
       738       739       899
      1655        41         2         1         7         3
       739       822       899
      1656        41         2         1         7         3
       824       743       900
      1657        41         2         1         7         3
       742       824       901
      1658        41         2         1         7         3
       824       900       901
      1659        41         2         1         7         3
       828       747       902
      1660        41         2         1         7         3
       821       742       903
      1661        41         2         1         7         3
       742       901       903
      1662        41         2         1         7         3
       825       744       904
      1663        41         2         1         7         3
       826       745       905
      1664        41         2         1         7         3
       744       826       906
      1665        41         2         1         7         3
       904       744       906
      1666        41         2         1         7         3
       826       905       906
      1667        41         2         1         7         3
       834       753       907
      1668        41         2         1         7         3
       746       828       908
      1669        41         2         1         7         3
       828       902       908
      1670        41         2         1         7         3
       829       748       909
      1671        41         2         1         7         3
       830       749       910
      1672        41         2         1         7         3
       831       750       911
      1673        41         2         1         7         3
       750       833       911
      1674        41         2         1         7         3
       837       757       912
      1675        41         2         1         7         3
       754       832       913
      1676        41         2         1         7         3
       755       836       914
      1677        41         2         1         7         3
       835       754       915
      1678        41         2         1         7         3
       754       913       915
      1679        41         2         1         7         3
       752       834       916
      1680        41         2         1         7         3
       834       907       916
      1681        41         2         1         7         3
       832       755       917
      1682        41         2         1         7         3
       913       832       917
      1683        41         2         1         7         3
       755       914       917
      1684        41         2         1         7         3
       851       770       918
      1685        41         2         1         7         3
       838       758       919
      1686        41         2         1         7         3
       839       759       920
      1687        41         2         1         7         3
       840       760       921
      1688        41         2         1         7         3
       841       761       922
      1689        41         2         1         7         3
       842       762       923
      1690        41         2         1         7         3
       843       763       924
      1691        41         2         1         7         3
       844       764       925
      1692        41         2         1         7         3
       846       845       926
      1693        41         2         1         7         3
       847       766       927
      1694        41         2         1         7         3
       765       847       928
      1695        41         2         1         7         3
       847       927       928
      1696        41         2         1         7         3
       848       767       929
      1697        41         2         1         7         3
       850       769       930
      1698        41         2         1         7         3
       852       771       931
      1699        41         2         1         7         3
       769       851       932
      1700        41         2         1         7         3
       930       769       932
      1701        41         2         1         7         3
       851       918       932
      1702        41         2         1         7         3
       768       850       933
      1703        41         2         1         7         3
       850       930       933
      1704        41         2         1         7         3
       770       852       934
      1705        41         2         1         7         3
       852       931       934
      1706        41         2         1         7         3
       854       774       935
      1707        41         2         1         7         3
       773       854       936
      1708        41         2         1         7         3
       854       935       936
      1709        41         2         1         7         3
       771       772       937
      1710        41         2         1         7         3
       931       771       937
      1711        41         2         1         7         3
       772       773       937
      1712        41         2         1         7         3
       855       776       938
      1713        41         2         1         7         3
       853       775       939
      1714        41         2         1         7         3
       859       780       940
      1715        41         2         1         7         3
       778       858       941
      1716        41         2         1         7         3
       264       781       860
      1717        41         2         1         7         3
       857       778       942
      1718        41         2         1         7         3
       778       941       942
      1719        41         2         1         7         3
       861       782       943
      1720        41         2         1         7         3
       782       897       943
      1721        41         2         1         7         3
       780       860       944
      1722        41         2         1         7         3
       940       780       944
      1723        41         2         1         7         3
       860       781       944
      1724        41         2         1         7         3
       820       738       945
      1725        41         2         1         7         3
       738       899       945
      1726        41         2         1         7         3
       737       820       946
      1727        41         2         1         7         3
       820       945       946
      1728        41         2         1         7         3
       740       823       947
      1729        41         2         1         7         3
       873       795       948
      1730        41         2         1         7         3
       783       863       949
      1731        41         2         1         7         3
       784       864       950
      1732        41         2         1         7         3
       865       787       951
      1733        41         2         1         7         3
       786       865       952
      1734        41         2         1         7         3
       865       951       952
      1735        41         2         1         7         3
       866       788       953
      1736        41         2         1         7         3
       788       867       954
      1737        41         2         1         7         3
       953       788       954
      1738        41         2         1         7         3
       867       789       954
      1739        41         2         1         7         3
       789       868       955
      1740        41         2         1         7         3
       868       790       956
      1741        41         2         1         7         3
       955       868       956
      1742        41         2         1         7         3
       790       869       956
      1743        41         2         1         7         3
       869       791       957
      1744        41         2         1         7         3
       870       792       958
      1745        41         2         1         7         3
       792       872       958
      1746        41         2         1         7         3
       876       799       959
      1747        41         2         1         7         3
       796       871       960
      1748        41         2         1         7         3
       797       875       961
      1749        41         2         1         7         3
       874       796       962
      1750        41         2         1         7         3
       796       960       962
      1751        41         2         1         7         3
       794       873       963
      1752        41         2         1         7         3
       873       948       963
      1753        41         2         1         7         3
       871       797       964
      1754        41         2         1         7         3
       960       871       964
      1755        41         2         1         7         3
       797       961       964
      1756        41         2         1         7         3
       882       805       965
      1757        41         2         1         7         3
       877       800       966
      1758        41         2         1         7         3
       878       801       967
      1759        41         2         1         7         3
       879       802       968
      1760        41         2         1         7         3
       881       804       969
      1761        41         2         1         7         3
       883       806       970
      1762        41         2         1         7         3
       804       882       971
      1763        41         2         1         7         3
       969       804       971
      1764        41         2         1         7         3
       882       965       971
      1765        41         2         1         7         3
       803       881       972
      1766        41         2         1         7         3
       881       969       972
      1767        41         2         1         7         3
       805       883       973
      1768        41         2         1         7         3
       965       805       973
      1769        41         2         1         7         3
       883       970       973
      1770        41         2         1         7         3
       893       815       974
      1771        41         2         1         7         3
       885       884       975
      1772        41         2         1         7         3
       886       808       976
      1773        41         2         1         7         3
       807       886       977
      1774        41         2         1         7         3
       886       976       977
      1775        41         2         1         7         3
       887       809       978
      1776        41         2         1         7         3
       888       810       979
      1777        41         2         1         7         3
       810       889       980
      1778        41         2         1         7         3
       979       810       980
      1779        41         2         1         7         3
       889       811       980
      1780        41         2         1         7         3
       811       890       981
      1781        41         2         1         7         3
       890       812       982
      1782        41         2         1         7         3
       981       890       982
      1783        41         2         1         7         3
       812       891       982
      1784        41         2         1         7         3
       891       813       983
      1785        41         2         1         7         3
       894       816       984
      1786        41         2         1         7         3
       813       814       985
      1787        41         2         1         7         3
       983       813       985
      1788        41         2         1         7         3
       814       893       985
      1789        41         2         1         7         3
       817       895       986
      1790        41         2         1         7         3
       822       740       987
      1791        41         2         1         7         3
       899       822       987
      1792        41         2         1         7         3
       740       947       987
      1793        41         2         1         7         3
       892       817       988
      1794        41         2         1         7         3
       817       986       988
      1795        41         2         1         7         3
       856       777       989
      1796        41         2         1         7         3
       776       856       989
      1797        41         2         1         7         3
       777       857       989
      1798        41         2         1         7         3
       827       746       990
      1799        41         2         1         7         3
       746       908       990
      1800        41         2         1         7         3
       775       855       991
      1801        41         2         1         7         3
       855       938       991
      1802        41         2         1         7         3
       823       741       992
      1803        41         2         1         7         3
       741       898       992
      1804        41         2         1         7         3
       781       861       944
      1805        41         2         1         7         3
       756       837       993
      1806        41         2         1         7         3
       837       912       993
      1807        41         2         1         7         3
       845       765       994
      1808        41         2         1         7         3
       765       928       994
      1809        41         2         1         7         3
       779       859       995
      1810        41         2         1         7         3
       859       940       995
      1811        41         2         1         7         3
       798       876       996
      1812        41         2         1         7         3
       876       959       996
      1813        41         2         1         7         3
       884       807       997
      1814        41         2         1         7         3
       807       977       997
      1815        41         2         1         7         3
       944       861       943
      1816        41         2         1         7         3
       900       743       998
      1817        41         2         1         7         3
       743       825       998
      1818        41         2         1         7         3
       926       845       999
      1819        41         2         1         7         3
       825       904       998
      1820        41         2         1         7         3
       902       747      1000
      1821        41         2         1         7         3
       747       829      1000
      1822        41         2         1         7         3
       821       903       898
      1823        41         2         1         7         3
       907       753      1001
      1824        41         2         1         7         3
       753       835      1001
      1825        41         2         1         7         3
       925       764      1002
      1826        41         2         1         7         3
       764       846      1002
      1827        41         2         1         7         3
       745       827      1003
      1828        41         2         1         7         3
       827       990      1003
      1829        41         2         1         7         3
       924       763      1004
      1830        41         2         1         7         3
       763       844      1004
      1831        41         2         1         7         3
       775       991       939
      1832        41         2         1         7         3
       819       737      1005
      1833        41         2         1         7         3
       818       819      1005
      1834        41         2         1         7         3
       737       946      1005
      1835        41         2         1         7         3
       748       830      1006
      1836        41         2         1         7         3
       749       831      1007
      1837        41         2         1         7         3
       912       757      1008
      1838        41         2         1         7         3
       757       838      1008
      1839        41         2         1         7         3
       833       752       916
      1840        41         2         1         7         3
       922       761      1009
      1841        41         2         1         7         3
       761       842      1009
      1842        41         2         1         7         3
       835       915      1001
      1843        41         2         1         7         3
       836       756      1010
      1844        41         2         1         7         3
       914       836      1010
      1845        41         2         1         7         3
       756       993      1010
      1846        41         2         1         7         3
       919       758      1011
      1847        41         2         1         7         3
       758       839      1011
      1848        41         2         1         7         3
       845       994       999
      1849        41         2         1         7         3
       838       919      1008
      1850        41         2         1         7         3
       839       920      1011
      1851        41         2         1         7         3
       759       840      1012
      1852        41         2         1         7         3
       760       841      1013
      1853        41         2         1         7         3
       921       760      1013
      1854        41         2         1         7         3
       841       922      1013
      1855        41         2         1         7         3
       842       923      1009
      1856        41         2         1         7         3
       762       843      1014
      1857        41         2         1         7         3
       923       762      1014
      1858        41         2         1         7         3
       843       924      1014
      1859        41         2         1         7         3
       844       925      1004
      1860        41         2         1         7         3
       846       926      1002
      1861        41         2         1         7         3
       745      1003       905
      1862        41         2         1         7         3
       929       767      1015
      1863        41         2         1         7         3
       767       849      1015
      1864        41         2         1         7         3
       766       848      1016
      1865        41         2         1         7         3
       770       934       918
      1866        41         2         1         7         3
       766      1016       927
      1867        41         2         1         7         3
       920       759      1012
      1868        41         2         1         7         3
       935       774      1017
      1869        41         2         1         7         3
       774       853      1017
      1870        41         2         1         7         3
       773       936       937
      1871        41         2         1         7         3
       862       783      1018
      1872        41         2         1         7         3
       853       939      1017
      1873        41         2         1         7         3
       823       992       947
      1874        41         2         1         7         3
       829       909      1000
      1875        41         2         1         7         3
       858       779      1019
      1876        41         2         1         7         3
       857       942       989
      1877        41         2         1         7         3
       910       749      1007
      1878        41         2         1         7         3
       783       949      1018
      1879        41         2         1         7         3
       863       784      1020
      1880        41         2         1         7         3
       864       785      1021
      1881        41         2         1         7         3
       785       896      1021
      1882        41         2         1         7         3
       787       866      1022
      1883        41         2         1         7         3
       956       869       957
      1884        41         2         1         7         3
       791       870      1023
      1885        41         2         1         7         3
       795       874      1024
      1886        41         2         1         7         3
       874       962      1024
      1887        41         2         1         7         3
       875       798      1025
      1888        41         2         1         7         3
       961       875      1025
      1889        41         2         1         7         3
       798       996      1025
      1890        41         2         1         7         3
       884       997      1026
      1891        41         2         1         7         3
       799       877      1027
      1892        41         2         1         7         3
       959       799      1027
      1893        41         2         1         7         3
       877       966      1027
      1894        41         2         1         7         3
       800       878      1028
      1895        41         2         1         7         3
       801       879      1029
      1896        41         2         1         7         3
       893       974       985
      1897        41         2         1         7         3
       975       884      1026
      1898        41         2         1         7         3
       806       885      1030
      1899        41         2         1         7         3
       970       806      1030
      1900        41         2         1         7         3
       885       975      1030
      1901        41         2         1         7         3
       808       887      1031
      1902        41         2         1         7         3
       809       888      1032
      1903        41         2         1         7         3
       982       891      1033
      1904        41         2         1         7         3
       891       983      1033
      1905        41         2         1         7         3
       811       981       980
      1906        41         2         1         7         3
       815       894      1034
      1907        41         2         1         7         3
       974       815      1034
      1908        41         2         1         7         3
       894       984      1034
      1909        41         2         1         7         3
       816       892      1035
      1910        41         2         1         7         3
       895       818      1036
      1911        41         2         1         7         3
      1006       830       910
      1912        41         2         1         7         3
       896       786      1037
      1913        41         2         1         7         3
       786       952      1037
      1914        41         2         1         7         3
       849       768      1038
      1915        41         2         1         7         3
      1015       849      1038
      1916        41         2         1         7         3
       768       933      1038
      1917        41         2         1         7         3
       986       895      1036
      1918        41         2         1         7         3
      1031       887       978
      1919        41         2         1         7         3
       968       802      1039
      1920        41         2         1         7         3
       802       880      1039
      1921        41         2         1         7         3
       967       801      1029
      1922        41         2         1         7         3
      1035       892       988
      1923        41         2         1         7         3
       954       789      1040
      1924        41         2         1         7         3
       789       955      1040
      1925        41         2         1         7         3
       951       787      1022
      1926        41         2         1         7         3
       880       803      1041
      1927        41         2         1         7         3
      1039       880      1041
      1928        41         2         1         7         3
       803       972      1041
      1929        41         2         1         7         3
       950       864      1021
      1930        41         2         1         7         3
       949       863      1020
      1931        41         2         1         7         3
       941       858      1019
      1932        41         2         1         7         3
       938       776       989
      1933        41         2         1         7         3
       748      1006       909
      1934        41         2         1         7         3
      1007       831       911
      1935        41         2         1         7         3
      1012       840       921
      1936        41         2         1         7         3
      1016       848       929
      1937        41         2         1         7         3
       862      1018       897
      1938        41         2         1         7         3
      1019       779       995
      1939        41         2         1         7         3
      1020       784       950
      1940        41         2         1         7         3
      1022       866       953
      1941        41         2         1         7         3
      1023       870       958
      1942        41         2         1         7         3
       791      1023       957
      1943        41         2         1         7         3
       795      1024       948
      1944        41         2         1         7         3
      1028       878       967
      1945        41         2         1         7         3
       800      1028       966
      1946        41         2         1         7         3
      1029       879       968
      1947        41         2         1         7         3
       808      1031       976
      1948        41         2         1         7         3
      1032       888       979
      1949        41         2         1         7         3
       809      1032       978
      1950        41         2         1         7         3
       816      1035       984
      1951        41         2         1         7         3
      1019       995      1042
      1952        41         2         1         7         3
       902      1000      1043
      1953        41         2         1         7         3
      1008       919      1044
      1954        41         2         1         7         3
       998       904      1045
      1955        41         2         1         7         3
       938       989       942
      1956        41         2         1         7         3
       905      1003      1046
      1957        41         2         1         7         3
       908       902      1047
      1958        41         2         1         7         3
       902      1043      1047
      1959        41         2         1         7         3
      1018       949      1048
      1960        41         2         1         7         3
      1012       921      1049
      1961        41         2         1         7         3
       925      1002      1050
      1962        41         2         1         7         3
       833       916       911
      1963        41         2         1         7         3
       999       994      1051
      1964        41         2         1         7         3
      1016       929      1052
      1965        41         2         1         7         3
      1009       923      1053
      1966        41         2         1         7         3
       939       991      1054
      1967        41         2         1         7         3
      1020       950      1055
      1968        41         2         1         7         3
       918       934      1056
      1969        41         2         1         7         3
       931       937      1057
      1970        41         2         1         7         3
       937       936      1057
      1971        41         2         1         7         3
       947       992      1058
      1972        41         2         1         7         3
       934       931      1059
      1973        41         2         1         7         3
      1056       934      1059
      1974        41         2         1         7         3
       931      1057      1059
      1975        41         2         1         7         3
       941      1019      1060
      1976        41         2         1         7         3
      1019      1042      1060
      1977        41         2         1         7         3
      1017       939      1061
      1978        41         2         1         7         3
       939      1054      1061
      1979        41         2         1         7         3
       940       944       943
      1980        41         2         1         7         3
       915       913      1062
      1981        41         2         1         7         3
       935      1017      1063
      1982        41         2         1         7         3
      1017      1061      1063
      1983        41         2         1         7         3
       900       998      1064
      1984        41         2         1         7         3
       924      1004      1065
      1985        41         2         1         7         3
       942       941      1066
      1986        41         2         1         7         3
       938       942      1066
      1987        41         2         1         7         3
       941      1060      1066
      1988        41         2         1         7         3
      1028       967      1067
      1989        41         2         1         7         3
      1022       953      1052
      1990        41         2         1         7         3
       949      1020      1068
      1991        41         2         1         7         3
      1048       949      1068
      1992        41         2         1         7         3
      1020      1055      1068
      1993        41         2         1         7         3
      1023       958       963
      1994        41         2         1         7         3
      1021       896      1069
      1995        41         2         1         7         3
       956       957      1070
      1996        41         2         1         7         3
       948      1024      1071
      1997        41         2         1         7         3
       953       954      1072
      1998        41         2         1         7         3
      1052       953      1072
      1999        41         2         1         7         3
       954      1040      1072
      2000        41         2         1         7         3
       955       956      1070
      2001        41         2         1         7         3
       958       872       963
      2002        41         2         1         7         3
       957      1023      1073
      2003        41         2         1         7         3
      1070       957      1073
      2004        41         2         1         7         3
      1023       963      1073
      2005        41         2         1         7         3
       962      1082      1024
      2006        41         2         1         7         3
       794       963       872
      2007        41         2         1         7         3
       950      1021      1074
      2008        41         2         1         7         3
      1055       950      1074
      2009        41         2         1         7         3
      1021      1069      1074
      2010        41         2         1         7         3
       963       948      1073
      2011        41         2         1         7         3
      1029       968      1049
      2012        41         2         1         7         3
       966      1028      1075
      2013        41         2         1         7         3
      1027       966      1075
      2014        41         2         1         7         3
      1028      1067      1075
      2015        41         2         1         7         3
       967      1029      1076
      2016        41         2         1         7         3
      1067       967      1076
      2017        41         2         1         7         3
      1029      1049      1076
      2018        41         2         1         7         3
       901       900      1077
      2019        41         2         1         7         3
       900      1064      1077
      2020        41         2         1         7         3
       984      1035      1078
      2021        41         2         1         7         3
       978      1032      1046
      2022        41         2         1         7         3
       981       982      1079
      2023        41         2         1         7         3
       982      1033      1079
      2024        41         2         1         7         3
       980       981      1045
      2025        41         2         1         7         3
       988       986      1058
      2026        41         2         1         7         3
      1006       910      1080
      2027        41         2         1         7         3
       907      1001      1081
      2028        41         2         1         7         3
       991       938      1066
      2029        41         2         1         7         3
       926       999      1082
      2030        41         2         1         7         3
       995       940      1083
      2031        41         2         1         7         3
      1042       995      1083
      2032        41         2         1         7         3
       940       943      1083
      2033        41         2         1         7         3
      1026      1081       975
      2034        41         2         1         7         3
       990       908      1084
      2035        41         2         1         7         3
       908      1047      1084
      2036        41         2         1         7         3
       977       976      1047
      2037        41         2         1         7         3
       962       960      1082
      2038        41         2         1         7         3
       997       977      1043
      2039        41         2         1         7         3
       952       951      1085
      2040        41         2         1         7         3
       909      1006      1086
      2041        41         2         1         7         3
      1006      1080      1086
      2042        41         2         1         7         3
       920      1012      1087
      2043        41         2         1         7         3
      1012      1049      1087
      2044        41         2         1         7         3
       911       916      1007
      2045        41         2         1         7         3
      1007       916      1088
      2046        41         2         1         7         3
       910      1007      1088
      2047        41         2         1         7         3
       916       907      1088
      2048        41         2         1         7         3
      1018      1048      1083
      2049        41         2         1         7         3
       998      1045      1064
      2050        41         2         1         7         3
      1046      1003      1089
      2051        41         2         1         7         3
       978      1046      1089
      2052        41         2         1         7         3
      1003       990      1089
      2053        41         2         1         7         3
       977      1047      1043
      2054        41         2         1         7         3
      1002       926       960
      2055        41         2         1         7         3
      1011       920      1090
      2056        41         2         1         7         3
      1005       946      1036
      2057        41         2         1         7         3
       910      1088      1080
      2058        41         2         1         7         3
       898       903      1091
      2059        41         2         1         7         3
       896      1037      1069
      2060        41         2         1         7         3
       912      1008      1092
      2061        41         2         1         7         3
      1008      1044      1092
      2062        41         2         1         7         3
      1088       907      1081
      2063        41         2         1         7         3
       922      1009      1067
      2064        41         2         1         7         3
       986      1036      1093
      2065        41         2         1         7         3
      1013       922      1076
      2066        41         2         1         7         3
       921      1013      1076
      2067        41         2         1         7         3
       975      1062      1030
      2068        41         2         1         7         3
      1014       924      1094
      2069        41         2         1         7         3
       924      1065      1094
      2070        41         2         1         7         3
      1004       925      1095
      2071        41         2         1         7         3
      1065      1004      1095
      2072        41         2         1         7         3
       925      1050      1095
      2073        41         2         1         7         3
      1071      1024      1082
      2074        41         2         1         7         3
       936       935      1096
      2075        41         2         1         7         3
      1057       936      1096
      2076        41         2         1         7         3
       935      1063      1096
      2077        41         2         1         7         3
       818      1005      1036
      2078        41         2         1         7         3
      1062       913      1097
      2079        41         2         1         7         3
      1030      1062      1097
      2080        41         2         1         7         3
       913       917      1097
      2081        41         2         1         7         3
       970      1030      1097
      2082        41         2         1         7         3
       978      1089      1031
      2083        41         2         1         7         3
       927      1016      1072
      2084        41         2         1         7         3
       943       897      1083
      2085        41         2         1         7         3
       919      1011      1044
      2086        41         2         1         7         3
      1022      1052      1098
      2087        41         2         1         7         3
       951      1022      1098
      2088        41         2         1         7         3
      1052       929      1098
      2089        41         2         1         7         3
       946       945      1093
      2090        41         2         1         7         3
       961      1025      1095
      2091        41         2         1         7         3
      1000       909      1099
      2092        41         2         1         7         3
       960       964      1050
      2093        41         2         1         7         3
      1073       948      1071
      2094        41         2         1         7         3
      1054       991      1066
      2095        41         2         1         7         3
       899       987       945
      2096        41         2         1         7         3
      1085       951      1098
      2097        41         2         1         7         3
      1089       990      1084
      2098        41         2         1         7         3
      1090       920      1087
      2099        41         2         1         7         3
      1036       946      1093
      2100        41         2         1         7         3
      1011      1090      1044
      2101        41         2         1         7         3
       986      1093      1058
      2102        41         2         1         7         3
       921      1076      1049
      2103        41         2         1         7         3
      1099       909      1086
      2104        41         2         1         7         3
      1098       929      1015
      2105        41         2         1         7         3
       961      1095      1050
      2106        41         2         1         7         3
      1000      1099      1043
      2107        41         2         1         7         3
      1002       960      1050
      2108        41         2         1         7         3
       961      1050       964
      2109        41         2         1         7         3
      1025       996      1065
      2110        41         2         1         7         3
      1049       968      1087
      2111        41         2         1         7         3
       903       901      1100
      2112        41         2         1         7         3
      1035       988      1101
      2113        41         2         1         7         3
      1078      1035      1101
      2114        41         2         1         7         3
       988      1058      1101
      2115        41         2         1         7         3
       976      1031      1084
      2116        41         2         1         7         3
       985       974       983
      2117        41         2         1         7         3
       965       973      1102
      2118        41         2         1         7         3
      1033       983      1103
      2119        41         2         1         7         3
       983       974      1103
      2120        41         2         1         7         3
      1046      1032      1104
      2121        41         2         1         7         3
       905      1046      1104
      2122        41         2         1         7         3
      1032       979      1104
      2123        41         2         1         7         3
      1084      1031      1089
      2124        41         2         1         7         3
       973       970      1105
      2125        41         2         1         7         3
      1102       973      1105
      2126        41         2         1         7         3
       970      1097      1105
      2127        41         2         1         7         3
       968      1039      1087
      2128        41         2         1         7         3
      1076       922      1067
      2129        41         2         1         7         3
       981      1079      1045
      2130        41         2         1         7         3
       980      1045      1106
      2131        41         2         1         7         3
       979       980      1106
      2132        41         2         1         7         3
      1045       904      1106
      2133        41         2         1         7         3
      1034       984      1107
      2134        41         2         1         7         3
       984      1078      1107
      2135        41         2         1         7         3
      1062       975      1081
      2136        41         2         1         7         3
      1082       999      1071
      2137        41         2         1         7         3
       992       898      1108
      2138        41         2         1         7         3
       993       912      1109
      2139        41         2         1         7         3
       912      1092      1109
      2140        41         2         1         7         3
       994       928      1040
      2141        41         2         1         7         3
       974      1034      1103
      2142        41         2         1         7         3
      1047       976      1084
      2143        41         2         1         7         3
       996       959      1094
      2144        41         2         1         7         3
       971       965      1102
      2145        41         2         1         7         3
       972       969      1092
      2146        41         2         1         7         3
       997      1043      1099
      2147        41         2         1         7         3
      1026       997      1099
      2148        41         2         1         7         3
      1041       972      1044
      2149        41         2         1         7         3
       933       930      1110
      2150        41         2         1         7         3
       928       927      1072
      2151        41         2         1         7         3
      1065       996      1094
      2152        41         2         1         7         3
      1100       901      1077
      2153        41         2         1         7         3
       905      1104       906
      2154        41         2         1         7         3
      1094       959      1111
      2155        41         2         1         7         3
      1014      1094      1111
      2156        41         2         1         7         3
       959      1027      1111
      2157        41         2         1         7         3
      1071       999      1051
      2158        41         2         1         7         3
       993      1109      1102
      2159        41         2         1         7         3
      1040       928      1072
      2160        41         2         1         7         3
      1044       972      1092
      2161        41         2         1         7         3
       933      1110      1085
      2162        41         2         1         7         3
      1105      1010      1102
      2163        41         2         1         7         3
      1064      1045      1079
      2164        41         2         1         7         3
      1088      1081      1080
      2165        41         2         1         7         3
      1081      1001      1062
      2166        41         2         1         7         3
       914      1010      1105
      2167        41         2         1         7         3
      1087      1039      1090
      2168        41         2         1         7         3
       904       906      1106
      2169        41         2         1         7         3
      1097       917      1105
      2170        41         2         1         7         3
      1090      1039      1041
      2171        41         2         1         7         3
      1091       903      1100
      2172        41         2         1         7         3
      1069      1037      1110
      2173        41         2         1         7         3
      1044      1090      1041
      2174        41         2         1         7         3
      1067      1009      1053
      2175        41         2         1         7         3
       923      1014      1111
      2176        41         2         1         7         3
      1051       994      1040
      2177        41         2         1         7         3
      1016      1052      1072
      2178        41         2         1         7         3
       923      1111      1053
      2179        41         2         1         7         3
      1026      1099      1086
      2180        41         2         1         7         3
      1001       915      1062
      2181        41         2         1         7         3
       918      1056      1112
      2182        41         2         1         7         3
      1066      1060      1054
      2183        41         2         1         7         3
       930       932      1112
      2184        41         2         1         7         3
       947      1058      1093
      2185        41         2         1         7         3
      1065      1095      1025
      2186        41         2         1         7         3
      1054      1060      1113
      2187        41         2         1         7         3
       947      1093       987
      2188        41         2         1         7         3
       930      1112      1110
      2189        41         2         1         7         3
       906      1104      1106
      2190        41         2         1         7         3
      1026      1086      1080
      2191        41         2         1         7         3
       898      1091      1108
      2192        41         2         1         7         3
       960       926      1082
      2193        41         2         1         7         3
      1079      1033      1114
      2194        41         2         1         7         3
      1064      1079      1114
      2195        41         2         1         7         3
      1033      1103      1114
      2196        41         2         1         7         3
      1104       979      1106
      2197        41         2         1         7         3
       969       971      1109
      2198        41         2         1         7         3
      1081      1026      1080
      2199        41         2         1         7         3
      1109       971      1102
      2200        41         2         1         7         3
      1110      1112      1069
      2201        41         2         1         7         3
      1083      1048      1042
      2202        41         2         1         7         3
      1037       952      1085
      2203        41         2         1         7         3
      1103      1034      1107
      2204        41         2         1         7         3
      1092       969      1109
      2205        41         2         1         7         3
      1067      1053      1075
      2206        41         2         1         7         3
      1098      1015      1085
      2207        41         2         1         7         3
      1042      1048      1113
      2208        41         2         1         7         3
      1069      1112      1056
      2209        41         2         1         7         3
      1069      1056      1074
      2210        41         2         1         7         3
      1077      1064      1114
      2211        41         2         1         7         3
      1070      1073      1071
      2212        41         2         1         7         3
       918      1112       932
      2213        41         2         1         7         3
      1110      1037      1085
      2214        41         2         1         7         3
       933      1085      1038
      2215        41         2         1         7         3
       992      1108      1058
      2216        41         2         1         7         3
       993      1102      1010
      2217        41         2         1         7         3
       917       914      1105
      2218        41         2         1         7         3
      1100      1077      1115
      2219        41         2         1         7         3
      1091      1100      1115
      2220        41         2         1         7         3
      1077      1114      1115
      2221        41         2         1         7         3
       897      1018      1083
      2222        41         2         1         7         3
      1061      1054      1113
      2223        41         2         1         7         3
      1059      1057      1116
      2224        41         2         1         7         3
      1057      1096      1116
      2225        41         2         1         7         3
      1053      1111      1027
      2226        41         2         1         7         3
       955      1070      1051
      2227        41         2         1         7         3
      1114      1103      1107
      2228        41         2         1         7         3
      1108      1091      1078
      2229        41         2         1         7         3
      1060      1042      1113
      2230        41         2         1         7         3
      1048      1068      1113
      2231        41         2         1         7         3
      1085      1015      1038
      2232        41         2         1         7         3
      1091      1115      1078
      2233        41         2         1         7         3
       955      1051      1040
      2234        41         2         1         7         3
      1074      1056      1117
      2235        41         2         1         7         3
      1055      1074      1117
      2236        41         2         1         7         3
      1056      1059      1117
      2237        41         2         1         7         3
      1093       945       987
      2238        41         2         1         7         3
      1053      1027      1075
      2239        41         2         1         7         3
      1068      1055      1118
      2240        41         2         1         7         3
      1113      1068      1118
      2241        41         2         1         7         3
      1055      1117      1118
      2242        41         2         1         7         3
      1096      1063      1118
      2243        41         2         1         7         3
      1063      1061      1113
      2244        41         2         1         7         3
      1118      1063      1113
      2245        41         2         1         7         3
      1107      1078      1115
      2246        41         2         1         7         3
      1058      1108      1101
      2247        41         2         1         7         3
      1070      1071      1051
      2248        41         2         1         7         3
      1118      1117      1116
      2249        41         2         1         7         3
      1108      1078      1101
      2250        41         2         1         7         3
      1096      1118      1116
      2251        41         2         1         7         3
      1114      1107      1115
      2252        41         2         1         7         3
      1117      1059      1116
      2253        41         2         1         7         3
         2         1       326
      2254        41         2         1         7         3
        27        28       181
      2255        41         2         1         7         3
       183        30       184
      2256        41         2         1         7         3
       327       326       173
      2257        41         2         1         7         3
       329       328       175
      2258        41         2         1         7         3
       330       329       176
      2259        41         2         1         7         3
       331       330       177
      2260        41         2         1         7         3
       332       331       178
      2261        41         2         1         7         3
       333       332       179
      2262        41         2         1         7         3
       334       333       180
      2263        41         2         1         7         3
        28       334       181
      2264        41         2         1         7         3
       173       174       327
      2265        41         2         1         7         3
       175       176       329
      2266        41         2         1         7         3
       176       177       330
      2267        41         2         1         7         3
       177       178       331
      2268        41         2         1         7         3
       178       179       332
      2269        41         2         1         7         3
       179       180       333
      2270        41         2         1         7         3
       180       181       334
      2271        41         2         1         7         3
       175       328      1119
      2272        41         2         1         7         3
       327       174      1120
      2273        41         2         1         7         3
       327      1120      1121
      2274        41         2         1         7         3
       175      1119      1121
      2275        41         2         1         7         3
      1120       174      1121
      2276        41         2         1         7         3
      1119       328      1121
      2277        41         2         1         7         3
         1       173       326
      2278        41         2         1         7         3
       183       182        29
      2279        41         2         1         7         3
       328       327      1121
      2280        41         2         1         7         3
       174       175      1121
      2281        41         2         1         7         3
        25        26        32
      2282        41         2         1         7         3
        28        27       182
      2283        41         2         1         7         3
         4         3       313
      2284        41         2         1         7         3
         1         2       172
      2285        41         2         1         7         3
        33       186        25
      2286        41         2         1         7         3
       314       313       160
      2287        41         2         1         7         3
       315       314       161
      2288        41         2         1         7         3
       316       315       162
      2289        41         2         1         7         3
       317       316       163
      2290        41         2         1         7         3
       318       317       164
      2291        41         2         1         7         3
       319       318       165
      2292        41         2         1         7         3
       320       319       166
      2293        41         2         1         7         3
       322       321       168
      2294        41         2         1         7         3
       323       322       169
      2295        41         2         1         7         3
       325       324       171
      2296        41         2         1         7         3
         2       325       172
      2297        41         2         1         7         3
       160       161       314
      2298        41         2         1         7         3
       161       162       315
      2299        41         2         1         7         3
       162       163       316
      2300        41         2         1         7         3
       163       164       317
      2301        41         2         1         7         3
       164       165       318
      2302        41         2         1         7         3
       165       166       319
      2303        41         2         1         7         3
       166       167       320
      2304        41         2         1         7         3
       168       169       322
      2305        41         2         1         7         3
       169       170       323
      2306        41         2         1         7         3
       171       172       325
      2307        41         2         1         7         3
       320       167      1122
      2308        41         2         1         7         3
       323       170      1123
      2309        41         2         1         7         3
       168       321      1124
      2310        41         2         1         7         3
       171       324      1125
      2311        41         2         1         7         3
       323      1123      1126
      2312        41         2         1         7         3
       171      1125      1126
      2313        41         2         1         7         3
       168      1124      1127
      2314        41         2         1         7         3
       320      1122      1127
      2315        41         2         1         7         3
      1124       321      1127
      2316        41         2         1         7         3
      1125       324      1126
      2317        41         2         1         7         3
      1123       170      1126
      2318        41         2         1         7         3
      1122       167      1127
      2319        41         2         1         7         3
         3       160       313
      2320        41         2         1         7         3
        40        41       194
      2321        41         2         1         7         3
       321       320      1127
      2322        41         2         1         7         3
       324       323      1126
      2323        41         2         1         7         3
       167       168      1127
      2324        41         2         1         7         3
       170       171      1126
      2325        41         2         1         7         3
        39        40       193
      2326        41         2         1         7         3
        38        39       192
      2327        41         2         1         7         3
        37        38       191
      2328        41         2         1         7         3
         3         4       159
      2329        41         2         1         7         3
         6         5       300
      2330        41         2         1         7         3
       303       302       149
      2331        41         2         1         7         3
       304       303       150
      2332        41         2         1         7         3
       306       305       153
      2333        41         2         1         7         3
       308       307       154
      2334        41         2         1         7         3
       309       308       155
      2335        41         2         1         7         3
         4       312       159
      2336        41         2         1         7         3
       149       150       303
      2337        41         2         1         7         3
       150       151       304
      2338        41         2         1         7         3
       152       153       305
      2339        41         2         1         7         3
       154       155       308
      2340        41         2         1         7         3
       155       156       309
      2341        41         2         1         7         3
       300       147       148
      2342        41         2         1         7         3
       304       151      1128
      2343        41         2         1         7         3
       152       305      1129
      2344        41         2         1         7         3
       306       153      1130
      2345        41         2         1         7         3
        36        37       190
      2346        41         2         1         7         3
       149       302       148
      2347        41         2         1         7         3
       154       307      1131
      2348        41         2         1         7         3
       159       312       158
      2349        41         2         1         7         3
       300       148       301
      2350        41         2         1         7         3
       302       301       148
      2351        41         2         1         7         3
       309       156       310
      2352        41         2         1         7         3
       311       310       157
      2353        41         2         1         7         3
       312       311       158
      2354        41         2         1         7         3
       158       311       157
      2355        41         2         1         7         3
       304      1128      1132
      2356        41         2         1         7         3
       152      1129      1132
      2357        41         2         1         7         3
       306      1130      1133
      2358        41         2         1         7         3
       154      1131      1133
      2359        41         2         1         7         3
      1129       305      1132
      2360        41         2         1         7         3
      1131       307      1133
      2361        41         2         1         7         3
      1130       153      1133
      2362        41         2         1         7         3
      1128       151      1132
      2363        41         2         1         7         3
       305       304      1132
      2364        41         2         1         7         3
       307       306      1133
      2365        41         2         1         7         3
        35        36       189
      2366        41         2         1         7         3
       151       152      1132
      2367        41         2         1         7         3
       153       154      1133
      2368        41         2         1         7         3
        34        35       188
      2369        41         2         1         7         3
        33        34       187
      2370        41         2         1         7         3
        24       194        41
      2371        41         2         1         7         3
       194       193        40
      2372        41         2         1         7         3
       193       192        39
      2373        41         2         1         7         3
       192       191        38
      2374        41         2         1         7         3
       191       190        37
      2375        41         2         1         7         3
       147       300         5
      2376        41         2         1         7         3
       190       189        36
      2377        41         2         1         7         3
       157       310       156
      2378        41         2         1         7         3
       189       188        35
      2379        41         2         1         7         3
       188       187        34
      2380        41         2         1         7         3
       187       186        33
      2381        41         2         1         7         3
         8         7       287
      2382        41         2         1         7         3
         5         6       146
      2383        41         2         1         7         3
        26        25       186
      2384        41         2         1         7         3
       288       287       134
      2385        41         2         1         7         3
       289       288       135
      2386        41         2         1         7         3
       292       291       138
      2387        41         2         1         7         3
       295       294       141
      2388        41         2         1         7         3
       296       295       143
      2389        41         2         1         7         3
       298       297       144
      2390        41         2         1         7         3
       134       135       288
      2391        41         2         1         7         3
       135       136       289
      2392        41         2         1         7         3
       138       139       292
      2393        41         2         1         7         3
       141       142       295
      2394        41         2         1         7         3
       142       143       295
      2395        41         2         1         7         3
       144       145       298
      2396        41         2         1         7         3
        23        24        41
      2397        41         2         1         7         3
       289       136       290
      2398        41         2         1         7         3
       298       145       299
      2399        41         2         1         7         3
       296       143      1134
      2400        41         2         1         7         3
       138       291       137
      2401        41         2         1         7         3
       141       294       140
      2402        41         2         1         7         3
       144       297      1135
      2403        41         2         1         7         3
        50       203        49
      2404        41         2         1         7         3
       291       290       137
      2405        41         2         1         7         3
       292       139       293
      2406        41         2         1         7         3
       294       293       140
      2407        41         2         1         7         3
        46        47       200
      2408        41         2         1         7         3
         6       299       146
      2409        41         2         1         7         3
       296      1134      1136
      2410        41         2         1         7         3
       144      1135      1136
      2411        41         2         1         7         3
      1134       143      1136
      2412        41         2         1         7         3
      1135       297      1136
      2413        41         2         1         7         3
       297       296      1136
      2414        41         2         1         7         3
         7       134       287
      2415        41         2         1         7         3
       143       144      1136
      2416        41         2         1         7         3
       145       146       299
      2417        41         2         1         7         3
        43        44      1153
      2418        41         2         1         7         3
       136       137       290
      2419        41         2         1         7         3
        23        42      1154
      2420        41         2         1         7         3
       197       196      1153
      2421        41         2         1         7         3
       195        24      1154
      2422        41         2         1         7         3
      1151       195      1154
      2423        41         2         1         7         3
      1149        23      1154
      2424        41         2         1         7         3
      1152       197      1153
      2425        41         2         1         7         3
       140       293       139
      2426        41         2         1         7         3
        24      1149      1154
      2427        41         2         1         7         3
        42      1151      1154
      2428        41         2         1         7         3
      1150        43      1153
      2429        41         2         1         7         3
        10         9       274
      2430        41         2         1         7         3
         7         8       133
      2431        41         2         1         7         3
        44      1152      1153
      2432        41         2         1         7         3
       275       274       121
      2433        41         2         1         7         3
       276       275       122
      2434        41         2         1         7         3
       278       277       124
      2435        41         2         1         7         3
       279       278       125
      2436        41         2         1         7         3
       282       281       128
      2437        41         2         1         7         3
       283       282       129
      2438        41         2         1         7         3
       285       284       131
      2439        41         2         1         7         3
       286       285       132
      2440        41         2         1         7         3
         8       286       133
      2441        41         2         1         7         3
       121       122       275
      2442        41         2         1         7         3
       122       123       276
      2443        41         2         1         7         3
       124       125       278
      2444        41         2         1         7         3
       125       126       279
      2445        41         2         1         7         3
       128       129       282
      2446        41         2         1         7         3
       129       130       283
      2447        41         2         1         7         3
       131       132       285
      2448        41         2         1         7         3
       132       133       286
      2449        41         2         1         7         3
       276       123      1137
      2450        41         2         1         7         3
       279       126      1138
      2451        41         2         1         7         3
       283       130      1139
      2452        41         2         1         7         3
       124       277      1140
      2453        41         2         1         7         3
       128       281       127
      2454        41         2         1         7         3
       131       284      1141
      2455        41         2         1         7         3
       281       280       127
      2456        41         2         1         7         3
       127       280      1142
      2457        41         2         1         7         3
       124      1140      1143
      2458        41         2         1         7         3
       276      1137      1143
      2459        41         2         1         7         3
      1140       277      1143
      2460        41         2         1         7         3
      1137       123      1143
      2461        41         2         1         7         3
       279      1138      1144
      2462        41         2         1         7         3
       127      1142      1144
      2463        41         2         1         7         3
       283      1139      1145
      2464        41         2         1         7         3
       131      1141      1145
      2465        41         2         1         7         3
      1141       284      1145
      2466        41         2         1         7         3
      1139       130      1145
      2467        41         2         1         7         3
      1138       126      1144
      2468        41         2         1         7         3
      1142       280      1144
      2469        41         2         1         7         3
         9       121       274
      2470        41         2         1         7         3
       196      1150      1153
      2471        41         2         1         7         3
       277       276      1143
      2472        41         2         1         7         3
       280       279      1144
      2473        41         2         1         7         3
       284       283      1145
      2474        41         2         1         7         3
       123       124      1143
      2475        41         2         1         7         3
       126       127      1144
      2476        41         2         1         7         3
        51       204        50
      2477        41         2         1         7         3
       130       131      1145
      2478        41         2         1         7         3
       205       204        51
      2479        41         2         1         7         3
       204       203        50
      2480        41         2         1         7         3
       202        49       203
      2481        41         2         1         7         3
        12        11       265
      2482        41         2         1         7         3
         9        10       120
      2483        41         2         1         7         3
       201       200        47
      2484        41         2         1         7         3
       266       265       112
      2485        41         2         1         7         3
       267       266       113
      2486        41         2         1         7         3
       268       267       114
      2487        41         2         1         7         3
       269       268       115
      2488        41         2         1         7         3
       270       269       116
      2489        41         2         1         7         3
       271       270       117
      2490        41         2         1         7         3
       272       271       118
      2491        41         2         1         7         3
       273       272       119
      2492        41         2         1         7         3
        10       273       120
      2493        41         2         1         7         3
       112       113       266
      2494        41         2         1         7         3
       113       114       267
      2495        41         2         1         7         3
       114       115       268
      2496        41         2         1         7         3
       115       116       269
      2497        41         2         1         7         3
       116       117       270
      2498        41         2         1         7         3
       117       118       271
      2499        41         2         1         7         3
       118       119       272
      2500        41         2         1         7         3
       119       120       273
      2501        41         2         1         7         3
        11       112       265
      2502        41         2         1         7         3
        52       205        51
      2503        41         2         1         7         3
        48       201        47
      2504        41         2         1         7         3
        44       197      1152
      2505        41         2         1         7         3
        14        13       256
      2506        41         2         1         7         3
        11        12       111
      2507        41         2         1         7         3
        42       195      1151
      2508        41         2         1         7         3
       257       256       103
      2509        41         2         1         7         3
       258       257       104
      2510        41         2         1         7         3
       259       258       105
      2511        41         2         1         7         3
       260       259       106
      2512        41         2         1         7         3
       261       260       107
      2513        41         2         1         7         3
       262       261       108
      2514        41         2         1         7         3
       263       262       109
      2515        41         2         1         7         3
       264       263       110
      2516        41         2         1         7         3
        12       264       111
      2517        41         2         1         7         3
       103       104       257
      2518        41         2         1         7         3
       104       105       258
      2519        41         2         1         7         3
       105       106       259
      2520        41         2         1         7         3
       106       107       260
      2521        41         2         1         7         3
       107       108       261
      2522        41         2         1         7         3
       108       109       262
      2523        41         2         1         7         3
       109       110       263
      2524        41         2         1         7         3
       110       111       264
      2525        41         2         1         7         3
        13       103       256
      2526        41         2         1         7         3
       196        43      1150
      2527        41         2         1         7         3
       199        46       200
      2528        41         2         1         7         3
        53        54       207
      2529        41         2         1         7         3
        16        15       247
      2530        41         2         1         7         3
        13        14       102
      2531        41         2         1         7         3
        52        53       206
      2532        41         2         1         7         3
       248       247        94
      2533        41         2         1         7         3
       249       248        95
      2534        41         2         1         7         3
       250       249        96
      2535        41         2         1         7         3
       251       250        97
      2536        41         2         1         7         3
       252       251        98
      2537        41         2         1         7         3
       253       252        99
      2538        41         2         1         7         3
       254       253       100
      2539        41         2         1         7         3
       255       254       101
      2540        41         2         1         7         3
        14       255       102
      2541        41         2         1         7         3
        94        95       248
      2542        41         2         1         7         3
        95        96       249
      2543        41         2         1         7         3
        96        97       250
      2544        41         2         1         7         3
        97        98       251
      2545        41         2         1         7         3
        98        99       252
      2546        41         2         1         7         3
        99       100       253
      2547        41         2         1         7         3
       100       101       254
      2548        41         2         1         7         3
       101       102       255
      2549        41         2         1         7         3
        15        94       247
      2550        41         2         1         7         3
        48        49       202
      2551        41         2         1         7         3
        45        46       199
      2552        41         2         1         7         3
        44        45       198
      2553        41         2         1         7         3
        42        43       196
      2554        41         2         1         7         3
        15        16        93
      2555        41         2         1         7         3
        18        17       234
      2556        41         2         1         7         3
       238       237        84
      2557        41         2         1         7         3
       242       241        88
      2558        41         2         1         7         3
       245       244        91
      2559        41         2         1         7         3
        16       246        93
      2560        41         2         1         7         3
        84        85       238
      2561        41         2         1         7         3
        88        89       242
      2562        41         2         1         7         3
        91        92       245
      2563        41         2         1         7         3
       234        81       235
      2564        41         2         1         7         3
       242        89       243
      2565        41         2         1         7         3
       245        92      1146
      2566        41         2         1         7         3
       238        85       239
      2567        41         2         1         7         3
        84       237        83
      2568        41         2         1         7         3
        88       241        87
      2569        41         2         1         7         3
        91       244        90
      2570        41         2         1         7         3
        93       246      1147
      2571        41         2         1         7         3
        22       207        54
      2572        41         2         1         7         3
       236       235        82
      2573        41         2         1         7         3
       237       236        83
      2574        41         2         1         7         3
       207       206        53
      2575        41         2         1         7         3
       240       239        86
      2576        41         2         1         7         3
       241       240        87
      2577        41         2         1         7         3
       206       205        52
      2578        41         2         1         7         3
       244       243        90
      2579        41         2         1         7         3
        82        83       236
      2580        41         2         1         7         3
        86        87       240
      2581        41         2         1         7         3
       245      1146      1148
      2582        41         2         1         7         3
        93      1147      1148
      2583        41         2         1         7         3
      1146        92      1148
      2584        41         2         1         7         3
      1147       246      1148
      2585        41         2         1         7         3
       246       245      1148
      2586        41         2         1         7         3
       202       201        48
      2587        41         2         1         7         3
        81        82       235
      2588        41         2         1         7         3
       199       198        45
      2589        41         2         1         7         3
        85        86       239
      2590        41         2         1         7         3
       198       197        44
      2591        41         2         1         7         3
        89        90       243
      2592        41         2         1         7         3
       196       195        42
      2593        41         2         1         7         3
        92        93      1148
      2594        41         2         1         7         3
        21        22        54
      2595        41         2         1         7         3
        24        23      1149
      2596        41         2         1         7         3
        67       220        66
      2597        41         2         1         7         3
        65        66       219
      2598        41         2         1         7         3
        81       234        17
      2599        41         2         1         7         3
        64        65       218
      2600        41         2         1         7         3
        63        64       217
      2601        41         2         1         7         3
        62        63       216
      2602        41         2         1         7         3
        61        62       215
      2603        41         2         1         7         3
        60        61       214
      2604        41         2         1         7         3
        17        18        80
      2605        41         2         1         7         3
        20        19       221
      2606        41         2         1         7         3
       222       221        68
      2607        41         2         1         7         3
       223       222        69
      2608        41         2         1         7         3
       224       223        70
      2609        41         2         1         7         3
       225       224        71
      2610        41         2         1         7         3
       226       225        72
      2611        41         2         1         7         3
       227       226        73
      2612        41         2         1         7         3
       228       227        74
      2613        41         2         1         7         3
       229       228        75
      2614        41         2         1         7         3
       230       229        76
      2615        41         2         1         7         3
       231       230        77
      2616        41         2         1         7         3
       232       231        78
      2617        41         2         1         7         3
       233       232        79
      2618        41         2         1         7         3
        18       233        80
      2619        41         2         1         7         3
        68        69       222
      2620        41         2         1         7         3
        69        70       223
      2621        41         2         1         7         3
        70        71       224
      2622        41         2         1         7         3
        71        72       225
      2623        41         2         1         7         3
        72        73       226
      2624        41         2         1         7         3
        73        74       227
      2625        41         2         1         7         3
        74        75       228
      2626        41         2         1         7         3
        75        76       229
      2627        41         2         1         7         3
        76        77       230
      2628        41         2         1         7         3
        77        78       231
      2629        41         2         1         7         3
        78        79       232
      2630        41         2         1         7         3
        79        80       233
      2631        41         2         1         7         3
        59        60       213
      2632        41         2         1         7         3
        58        59       212
      2633        41         2         1         7         3
        57        58       211
      2634        41         2         1         7         3
        68       221        19
      2635        41         2         1         7         3
        22        21        55
      2636        41         2         1         7         3
        19        20        67
      2637        41         2         1         7         3
        22        55       208
      2638        41         2         1         7         3
       209       208        55
      2639        41         2         1         7         3
       210       209        56
      2640        41         2         1         7         3
       211       210        57
      2641        41         2         1         7         3
       212       211        58
      2642        41         2         1         7         3
       213       212        59
      2643        41         2         1         7         3
       214       213        60
      2644        41         2         1         7         3
       215       214        61
      2645        41         2         1         7         3
       216       215        62
      2646        41         2         1         7         3
       217       216        63
      2647        41         2         1         7         3
       218       217        64
      2648        41         2         1         7         3
       219       218        65
      2649        41         2         1         7         3
       219        66       220
      2650        41         2         1         7         3
        20       220        67
      2651        41         2         1         7         3
        55        56       209
      2652        41         2         1         7         3
        56        57       210
      2653       111         2         1         7         4
       806       311       468       469
      2654       111         2         1         7         4
       576       575       428      1021
      2655       111         2         1         7         4
       248        95       405       249
      2656       111         2         1         7         4
       752       916       834       365
      2657       111         2         1         7         4
       566       941       700       565
      2658       111         2         1         7         4
       405        95        96       249
      2659       111         2         1         7         4
       455       799       299       877
      2660       111         2         1         7         4
       449       292       448       139
      2661       111         2         1         7         4
       855       775        99       252
      2662       111         2         1         7         4
       999       845       926       633
      2663       111         2         1         7         4
      1075      1028       966       600
      2664       111         2         1         7         4
       184        31        30       337
      2665       111         2         1         7         4
       540       924       385       763
      2666       111         2         1         7         4
       946      1093       643       642
      2667       111         2         1         7         4
       292       448       291       874
      2668       111         2         1         7         4
       754       915       913       368
      2669       111         2         1         7         4
       782       114       861       422
      2670       111         2         1         7         4
       923       538      1014       762
      2671       111         2         1         7         4
      1077       733       649      1115
      2672       111         2         1         7         4
         4         3       159       470
      2673       111         2         1         7         4
       906       704      1106      1104
      2674       111         2         1         7         4
       423       114       115       782
      2675       111         2         1         7         4
       351       350        43       196
      2676       111         2         1         7         4
       237        84        83       393
      2677       111         2         1         7         4
       539       843       385       924
      2678       111         2         1         7         4
       153       305       463       152
      2679       111         2         1         7         4
       768       849       395       239
      2680       111         2         1         7         4
       387       844       232       764
      2681       111         2         1         7         4
       160       472       314       161
      2682       111         2         1         7         4
      1029       602       459       801
      2683       111         2         1         7         4
       463       305       153       306
      2684       111         2         1         7         4
       857       778       258       414
      2685       111         2         1         7         4
       197       827       352       351
      2686       111         2         1         7         4
       102       412        14        13
      2687       111         2         1         7         4
       871       450       140       449
      2688       111         2         1         7         4
       290       446       873       795
      2689       111         2         1         7         4
        25        33       339       739
      2690       111         2         1         7         4
       508       350       351       745
      2691       111         2         1         7         4
       471       472       589       886
      2692       111         2         1         7         4
       848       766      1016       392
      2693       111         2         1         7         4
       287       793       444       443
      2694       111         2         1         7         4
       963       587      1023       729
      2695       111         2         1         7         4
       455       877       299       146
      2696       111         2         1         7         4
       154      1131       307       464
      2697       111         2         1         7         4
        32       739        26        25
      2698       111         2         1         7         4
       854       557       935       558
      2699       111         2         1         7         4
       877       966       599      1027
      2700       111         2         1         7         4
       856       102       412       255
      2701       111         2         1         7         4
       916       635       907       365
      2702       111         2         1         7         4
       353       511       510       908
      2703       111         2         1         7         4
       369       755       917       832
      2704       111         2         1         7         4
       689       725       577       951
      2705       111         2         1         7         4
       127       437       281       128
      2706       111         2         1         7         4
       598       959      1111       680
      2707       111         2         1         7         4
       527       668       526       993
      2708       111         2         1         7         4
       585       439       791       957
      2709       111         2         1         7         4
        74       383       228        75
      2710       111         2         1         7         4
       437       128       790       281
      2711       111         2         1         7         4
       528       757       374      1008
      2712       111         2         1         7         4
       443         7       287         8
      2713       111         2         1         7         4
      1088       653       661      1080
      2714       111         2         1         7         4
       997      1099      1043       658
      2715       111         2         1         7         4
       451       295       141       142
      2716       111         2         1         7         4
       967       602       801       458
      2717       111         2         1         7         4
        36       343       741       190
      2718       111         2         1         7         4
       718       719       734      1107
      2719       111         2         1         7         4
      1111       959      1094       680
      2720       111         2         1         7         4
       690      1015       548      1038
      2721       111         2         1         7         4
       199       828       353       746
      2722       111         2         1         7         4
       639       807       471       589
      2723       111         2         1         7         4
       568       859       418       569
      2724       111         2         1         7         4
        31       338       185        32
      2725       111         2         1         7         4
       270       783       425       116
      2726       111         2         1         7         4
       156       882       805       466
      2727       111         2         1         7         4
       906       904      1106       704
      2728       111         2         1         7         4
       800         5       877       456
      2729       111         2         1         7         4
       997      1026       724       884
      2730       111         2         1         7         4
       295       797       141       294
      2731       111         2         1         7         4
      1122       479       811      1127
      2732       111         2         1         7         4
       610       668       971      1102
      2733       111         2         1         7         4
       540       539       385       924
      2734       111         2         1         7         4
       991       855       775       409
      2735       111         2         1         7         4
       846       233       764       388
      2736       111         2         1         7         4
        80       233       846       388
      2737       111         2         1         7         4
       806       470       312       469
      2738       111         2         1         7         4
       540       681       539       924
      2739       111         2         1         7         4
       698       697      1061      1113
      2740       111         2         1         7         4
       924       681       539      1094
      2741       111         2         1         7         4
       636       692       637      1037
      2742       111         2         1         7         4
       990       509       655       510
      2743       111         2         1         7         4
       294       141       140       450
      2744       111         2         1         7         4
       770       399       553       400
      2745       111         2         1         7         4
       876       996       959       597
      2746       111         2         1         7         4
       650       733      1077      1114
      2747       111         2         1         7         4
       918       399       851       932
      2748       111         2         1         7         4
       869       130       791       283
      2749       111         2         1         7         4
      1006       515       661       910
      2750       111         2         1         7         4
       830        50       748       357
      2751       111         2         1         7         4
       492      1036       496       641
      2752       111         2         1         7         4
      1005       946       336       496
      2753       111         2         1         7         4
      1007       911       831       517
      2754       111         2         1         7         4
       993       912       837       527
      2755       111         2         1         7         4
       283       130       129       869
      2756       111         2         1         7         4
      1116       645      1057      1059
      2757       111         2         1         7         4
       809       887       978       475
      2758       111         2         1         7         4
       473       161       162       315
      2759       111         2         1         7         4
       738       184       820       337
      2760       111         2         1         7         4
       749      1007       831       359
      2761       111         2         1         7         4
       192       742        38       191
      2762       111         2         1         7         4
       130       869       791       439
      2763       111         2         1         7         4
       358       830       204       749
      2764       111         2         1         7         4
       666       611       612       970
      2765       111         2         1         7         4
       904       906       744       614
      2766       111         2         1         7         4
      1002       764       925       542
      2767       111         2         1         7         4
       342       823       741       502
      2768       111         2         1         7         4
      1078      1107      1115       734
      2769       111         2         1         7         4
       542       683       541       925
      2770       111         2         1         7         4
       666       973       611       970
      2771       111         2         1         7         4
       736      1118      1068       707
      2772       111         2         1         7         4
       914      1010       836       371
      2773       111         2         1         7         4
       160         3       313       471
      2774       111         2         1         7         4
       184       820        30       183
      2775       111         2         1         7         4
       875       452      1025       798
      2776       111         2         1         7         4
       122       432       276       123
      2777       111         2         1         7         4
         4         3       495       471
      2778       111         2         1         7         4
       613       806       469       470
      2779       111         2         1         7         4
       748       829        49       202
      2780       111         2         1         7         4
       573       426       574      1020
      2781       111         2         1         7         4
       613       612       469       806
      2782       111         2         1         7         4
       715      1064       651       714
      2783       111         2         1         7         4
       644      1106       730      1045
      2784       111         2         1         7         4
       492       818       180       181
      2785       111         2         1         7         4
       965       467       611       805
      2786       111         2         1         7         4
       187       740       188       341
      2787       111         2         1         7         4
       890       480       623       982
      2788       111         2         1         7         4
       331       489       892       817
      2789       111         2         1         7         4
       846       388       764      1002
      2790       111         2         1         7         4
       806       312       311       469
      2791       111         2         1         7         4
       818      1157       180       333
      2792       111         2         1         7         4
      1036       492       496      1005
      2793       111         2         1         7         4
       470       495         4         3
      2794       111         2         1         7         4
       272       784       118       271
      2795       111         2         1         7         4
       499       652       906       905
      2796       111         2         1         7         4
      1077       650      1064       900
      2797       111         2         1         7         4
        63       836       755       216
      2798       111         2         1         7         4
       417       261       859       779
      2799       111         2         1         7         4
       704       614       499       906
      2800       111         2         1         7         4
       819       737        29       335
      2801       111         2         1         7         4
        91        90       770       400
      2802       111         2         1         7         4
       181       819        28        27
      2803       111         2         1         7         4
         4       470       159       312
      2804       111         2         1         7         4
       910      1006      1080       661
      2805       111         2         1         7         4
       846       926       543      1002
      2806       111         2         1         7         4
       316       163       162       474
      2807       111         2         1         7         4
       225       760        71       224
      2808       111         2         1         7         4
       890       982       623       981
      2809       111         2         1         7         4
       509       655       654      1003
      2810       111         2         1         7         4
       665       666       612       970
      2811       111         2         1         7         4
       144      1135       297       453
      2812       111         2         1         7         4
       127      1142       280       436
      2813       111         2         1         7         4
       225       760       380        71
      2814       111         2         1         7         4
       633       926       543       389
      2815       111         2         1         7         4
        69       378       377       759
      2816       111         2         1         7         4
       336      1005       335       737
      2817       111         2         1         7         4
       848       767       237       393
      2818       111         2         1         7         4
       997       658      1043       977
      2819       111         2         1         7         4
       352       746       353       510
      2820       111         2         1         7         4
       893       484       814       985
      2821       111         2         1         7         4
      1022       866       578       579
      2822       111         2         1         7         4
       774       854       406       249
      2823       111         2         1         7         4
       777       257       103       413
      2824       111         2         1         7         4
       338       738       337       184
      2825       111         2         1         7         4
      1032       809       978       618
      2826       111         2         1         7         4
       428       950       575       427
      2827       111         2         1         7         4
       482      1126       323      1123
      2828       111         2         1         7         4
       405       406       558       854
      2829       111         2         1         7         4
      1017       774       406       853
      2830       111         2         1         7         4
       397       850       241       769
      2831       111         2         1         7         4
       908       510      1084       511
      2832       111         2         1         7         4
       353       828       199        46
      2833       111         2         1         7         4
        45       198       746       352
      2834       111         2         1         7         4
       949       425       863       783
      2835       111         2         1         7         4
       842       923       762       383
      2836       111         2         1         7         4
       363       364       752        56
      2837       111         2         1         7         4
       428       785       429      1021
      2838       111         2         1         7         4
       707      1020       573       574
      2839       111         2         1         7         4
       120       785       428       864
      2840       111         2         1         7         4
       192        39        38       742
      2841       111         2         1         7         4
       268       782       114       267
      2842       111         2         1         7         4
        53       750       207       361
      2843       111         2         1         7         4
       267       114       113       861
      2844       111         2         1         7         4
       548       547       394       767
      2845       111         2         1         7         4
       772       937       402       771
      2846       111         2         1         7         4
       867       436       581       789
      2847       111         2         1         7         4
      1038       548       395       849
      2848       111         2         1         7         4
       886       472       314       313
      2849       111         2         1         7         4
      1021       428       864       950
      2850       111         2         1         7         4
       104       857       413       257
      2851       111         2         1         7         4
       609       608       465       971
      2852       111         2         1         7         4
       276       432       433       123
      2853       111         2         1         7         4
       728       710       723      1051
      2854       111         2         1         7         4
       341       740       822       187
      2855       111         2         1         7         4
       158       469       468       311
      2856       111         2         1         7         4
        87       240       241       850
      2857       111         2         1         7         4
       791       440       585       586
      2858       111         2         1         7         4
       791       586      1023       870
      2859       111         2         1         7         4
       474       315       473       162
      2860       111         2         1         7         4
       586       440       441       870
      2861       111         2         1         7         4
       736       697       698      1113
      2862       111         2         1         7         4
       916       365       907       834
      2863       111         2         1         7         4
       947       992       823       501
      2864       111         2         1         7         4
       655       509       990      1003
      2865       111         2         1         7         4
       981      1079       982       623
      2866       111         2         1         7         4
       427       950      1020       784
      2867       111         2         1         7         4
      1033       625       716       983
      2868       111         2         1         7         4
       100       776       254       101
      2869       111         2         1         7         4
       458       967      1028       878
      2870       111         2         1         7         4
       742       344       821       903
      2871       111         2         1         7         4
       741       821       343       898
      2872       111         2         1         7         4
       947       501       823       740
      2873       111         2         1         7         4
       813       814       484       985
      2874       111         2         1         7         4
       784       950       864       427
      2875       111         2         1         7         4
       296       798      1136      1134
      2876       111         2         1         7         4
      1068       706       573       949
      2877       111         2         1         7         4
       361       750       360        53
      2878       111         2         1         7         4
       523      1097       917       524
      2879       111         2         1         7         4
       387       764       232        79
      2880       111         2         1         7         4
       343       821       503       898
      2881       111         2         1         7         4
       771       931       937       402
      2882       111         2         1         7         4
       115       268       269       862
      2883       111         2         1         7         4
       119       864       428       427
      2884       111         2         1         7         4
       857       413       777       989
      2885       111         2         1         7         4
        91       852       770       244
      2886       111         2         1         7         4
      1019       941      1060       701
      2887       111         2         1         7         4
       160       313       314       472
      2888       111         2         1         7         4
       813       985       484       483
      2889       111         2         1         7         4
       347       346       193       743
      2890       111         2         1         7         4
       836       755       914       370
      2891       111         2         1         7         4
       346       824       193       743
      2892       111         2         1         7         4
      1088       520       907       635
      2893       111         2         1         7         4
       998       506       743       900
      2894       111         2         1         7         4
      1088       696       520       635
      2895       111         2         1         7         4
       521      1001       367       522
      2896       111         2         1         7         4
       388       764       387        79
      2897       111         2         1         7         4
       463       803       462       305
      2898       111         2         1         7         4
       290       289       873       446
      2899       111         2         1         7         4
       765       847       234       390
      2900       111         2         1         7         4
       844       925       764       387
      2901       111         2         1         7         4
      1009       678       677      1067
      2902       111         2         1         7         4
        19       758       376       375
      2903       111         2         1         7         4
       846       926       845       389
      2904       111         2         1         7         4
       634       493       390       765
      2905       111         2         1         7         4
      1013       841       760       380
      2906       111         2         1         7         4
       404       403       247       773
      2907       111         2         1         7         4
      1007       359       749       516
      2908       111         2         1         7         4
      1038       933       396       549
      2909       111         2         1         7         4
       375      1008       374       838
      2910       111         2         1         7         4
        91       244       770        90
      2911       111         2         1         7         4
       839       758        68       221
      2912       111         2         1         7         4
       115       862       782       268
      2913       111         2         1         7         4
       523      1097      1062       913
      2914       111         2         1         7         4
       509      1003       654       508
      2915       111         2         1         7         4
       776       856       254       101
      2916       111         2         1         7         4
       287         7       443       134
      2917       111         2         1         7         4
      1031       616       474       808
      2918       111         2         1         7         4
       683      1050       684       594
      2919       111         2         1         7         4
       449       796       448       292
      2920       111         2         1         7         4
       374       757       220       838
      2921       111         2         1         7         4
      1156      1089       655       990
      2922       111         2         1         7         4
       745       508       905      1003
      2923       111         2         1         7         4
        26       739       186        25
      2924       111         2         1         7         4
      1018      1048       572       571
      2925       111         2         1         7         4
       919       375       838      1008
      2926       111         2         1         7         4
        27       819       182        29
      2927       111         2         1         7         4
       427       574      1020       950
      2928       111         2         1         7         4
       220       757        66       219
      2929       111         2         1         7         4
       743       900       506       346
      2930       111         2         1         7         4
       260       779       417       416
      2931       111         2         1         7         4
       175       486      1121      1119
      2932       111         2         1         7         4
       427       426      1020       574
      2933       111         2         1         7         4
        33       739       822       339
      2934       111         2         1         7         4
       904       614       744       825
      2935       111         2         1         7         4
       474       616       473       808
      2936       111         2         1         7         4
      1002       542      1050       684
      2937       111         2         1         7         4
       269       783       116       862
      2938       111         2         1         7         4
       819       818       181       334
      2939       111         2         1         7         4
       474       315       316       887
      2940       111         2         1         7         4
      1001       366       907       521
      2941       111         2         1         7         4
        51       359       205        52
      2942       111         2         1         7         4
       967       676      1029       602
      2943       111         2         1         7         4
       237       393        83       236
      2944       111         2         1         7         4
       110       263       264       860
      2945       111         2         1         7         4
       986      1036       895       641
      2946       111         2         1         7         4
       737       819        29       182
      2947       111         2         1         7         4
        75       762       383       228
      2948       111         2         1         7         4
       772       771       402        93
      2949       111         2         1         7         4
       819      1005       335       818
      2950       111         2         1         7         4
       523       913      1062       522
      2951       111         2         1         7         4
      1036       946      1005       496
      2952       111         2         1         7         4
        74       227       842       382
      2953       111         2         1         7         4
       761       841        73       226
      2954       111         2         1         7         4
       416       858       566       415
      2955       111         2         1         7         4
       243        90       770       244
      2956       111         2         1         7         4
       100       253       254       776
      2957       111         2         1         7         4
      1026      1080      1086       660
      2958       111         2         1         7         4
       242       769        88       241
      2959       111         2         1         7         4
       358        51       204        50
      2960       111         2         1         7         4
       905       508       654      1003
      2961       111         2         1         7         4
      1009       536       677       678
      2962       111         2         1         7         4
       661       910       516       696
      2963       111         2         1         7         4
       900       346       901       505
      2964       111         2         1         7         4
       522       664       663      1062
      2965       111         2         1         7         4
       971       608       969       669
      2966       111         2         1         7         4
      1077       900       901       505
      2967       111         2         1         7         4
       427       784      1020       426
      2968       111         2         1         7         4
        53       831       750       360
      2969       111         2         1         7         4
       776       938       989       410
      2970       111         2         1         7         4
       298       876       454       144
      2971       111         2         1         7         4
       697      1118       735      1063
      2972       111         2         1         7         4
       219       757        66       373
      2973       111         2         1         7         4
       416       779       858       260
      2974       111         2         1         7         4
      1113      1060      1054       698
      2975       111         2         1         7         4
       840       759      1012       378
      2976       111         2         1         7         4
       787       865       577       431
      2977       111         2         1         7         4
       406       854       405       249
      2978       111         2         1         7         4
       509       508       745      1003
      2979       111         2         1         7         4
       965       610      1102       973
      2980       111         2         1         7         4
      1046      1032       978       618
      2981       111         2         1         7         4
       362       751       363       361
      2982       111         2         1         7         4
       440       131       870      1141
      2983       111         2         1         7         4
      1113       732      1060       698
      2984       111         2         1         7         4
       383       842       382        74
      2985       111         2         1         7         4
       182        29       737       183
      2986       111         2         1         7         4
       333       180       179       491
      2987       111         2         1         7         4
       405       557       773       854
      2988       111         2         1         7         4
       180       333      1157       491
      2989       111         2         1         7         4
       834       366       753        58
      2990       111         2         1         7         4
       793       443       792       442
      2991       111         2         1         7         4
        58       366       365       834
      2992       111         2         1         7         4
       901       824       742       345
      2993       111         2         1         7         4
      1094      1014      1111       680
      2994       111         2         1         7         4
       400       401       554       934
      2995       111         2         1         7         4
       858       259       778       415
      2996       111         2         1         7         4
      1019       567       779       858
      2997       111         2         1         7         4
       824       192       742        39
      2998       111         2         1         7         4
       784       864       119       427
      2999       111         2         1         7         4
       824        39       742       345
      3000       111         2         1         7         4
       280       437       127       436
      3001       111         2         1         7         4
       356       829        48        49
      3002       111         2         1         7         4
      1086      1006       909       514
      3003       111         2         1         7         4
       392       766       236       848
      3004       111         2         1         7         4
       869       282       790       129
      3005       111         2         1         7         4
       777       412       103       256
      3006       111         2         1         7         4
        59       753       366        58
      3007       111         2         1         7         4
       431       865       274       275
      3008       111         2         1         7         4
      1090       673      1087       920
      3009       111         2         1         7         4
       501       740       341       823
      3010       111         2         1         7         4
      1011       531       920       839
      3011       111         2         1         7         4
       405       854       773       248
      3012       111         2         1         7         4
       308       804       154       307
      3013       111         2         1         7         4
       791       130      1139       283
      3014       111         2         1         7         4
       665       970       612       613
      3015       111         2         1         7         4
       364       916       752       365
      3016       111         2         1         7         4
        45       353       746       199
      3017       111         2         1         7         4
       224       840        70       223
      3018       111         2         1         7         4
       857       104       258       257
      3019       111         2         1         7         4
       298       144       454       145
      3020       111         2         1         7         4
      1001       366       753       907
      3021       111         2         1         7         4
       835      1001       366       753
      3022       111         2         1         7         4
       105       415       259       106
      3023       111         2         1         7         4
       848       547       393       546
      3024       111         2         1         7         4
       565       778       415       566
      3025       111         2         1         7         4
       947       500       501       740
      3026       111         2         1         7         4
       911      1007       635       517
      3027       111         2         1         7         4
       921      1012      1049       533
      3028       111         2         1         7         4
       271       117       426       118
      3029       111         2         1         7         4
      1010       668       526       667
      3030       111         2         1         7         4
       546       547       688       929
      3031       111         2         1         7         4
       416       259       415       106
      3032       111         2         1         7         4
      1019       701      1060      1042
      3033       111         2         1         7         4
      1062       975       664       663
      3034       111         2         1         7         4
       451       961       594       797
      3035       111         2         1         7         4
       644       704      1106       904
      3036       111         2         1         7         4
       377       759       378       532
      3037       111         2         1         7         4
       115       862       423       782
      3038       111         2         1         7         4
      1046      1089       617       978
      3039       111         2         1         7         4
       374       838       220        67
      3040       111         2         1         7         4
       857       257       777       413
      3041       111         2         1         7         4
      1153       351       197      1152
      3042       111         2         1         7         4
       620       980       621       730
      3043       111         2         1         7         4
      1082      1071       726       703
      3044       111         2         1         7         4
       341       740       188       823
      3045       111         2         1         7         4
       474       475       316       163
      3046       111         2         1         7         4
       571       943      1083       570
      3047       111         2         1         7         4
       835        59       366       367
      3048       111         2         1         7         4
       907       366       753       834
      3049       111         2         1         7         4
       440      1141       870       791
      3050       111         2         1         7         4
       501       992       823       502
      3051       111         2         1         7         4
      1033       624       982       623
      3052       111         2         1         7         4
       259       416       858       260
      3053       111         2         1         7         4
       468       157       805       467
      3054       111         2         1         7         4
       375       919       529      1008
      3055       111         2         1         7         4
       943       570       940      1083
      3056       111         2         1         7         4
       751       833       209       363
      3057       111         2         1         7         4
       526       667       525      1010
      3058       111         2         1         7         4
       836        63       755       370
      3059       111         2         1         7         4
       636       786       564       952
      3060       111         2         1         7         4
      1094       680       539      1014
      3061       111         2         1         7         4
       526      1010       525       371
      3062       111         2         1         7         4
       202        49        48       829
      3063       111         2         1         7         4
       659       658      1099       997
      3064       111         2         1         7         4
       924       843      1014       539
      3065       111         2         1         7         4
      1067       601       676       967
      3066       111         2         1         7         4
       270       863       425       783
      3067       111         2         1         7         4
       400       934       554       553
      3068       111         2         1         7         4
       416       106       107       260
      3069       111         2         1         7         4
      1066       942       562       700
      3070       111         2         1         7         4
       791       586       585      1023
      3071       111         2         1         7         4
       306       153       881      1130
      3072       111         2         1         7         4
       306       881      1133      1130
      3073       111         2         1         7         4
        32       185        26       739
      3074       111         2         1         7         4
       872       958       587       792
      3075       111         2         1         7         4
       108       418       262       109
      3076       111         2         1         7         4
       587       872       963       958
      3077       111         2         1         7         4
       593       871       796       449
      3078       111         2         1         7         4
       509       351       352       827
      3079       111         2         1         7         4
        90       770       851       243
      3080       111         2         1         7         4
       450       593       449       871
      3081       111         2         1         7         4
       913       917       369       523
      3082       111         2         1         7         4
      1117      1116      1059       695
      3083       111         2         1         7         4
       941       566       858       778
      3084       111         2         1         7         4
       472       471       313       886
      3085       111         2         1         7         4
       270       116       425       117
      3086       111         2         1         7         4
       393       546       392       848
      3087       111         2         1         7         4
       686       545       687      1072
      3088       111         2         1         7         4
      1066      1060       941       700
      3089       111         2         1         7         4
       108       261       262       418
      3090       111         2         1         7         4
       578       579       688      1022
      3091       111         2         1         7         4
       664      1030       613       638
      3092       111         2         1         7         4
       327       815      1121      1120
      3093       111         2         1         7         4
       261       417       418       108
      3094       111         2         1         7         4
      1116       645      1059       695
      3095       111         2         1         7         4
       914       755       917       370
      3096       111         2         1         7         4
         4       807       313       471
      3097       111         2         1         7         4
       402       403       556       937
      3098       111         2         1         7         4
      1031       617       474       616
      3099       111         2         1         7         4
       654       617       618      1046
      3100       111         2         1         7         4
       102       255        14       412
      3101       111         2         1         7         4
       812       482       624       891
      3102       111         2         1         7         4
      1113       698      1054      1061
      3103       111         2         1         7         4
       170      1123      1126       482
      3104       111         2         1         7         4
       778       857       942       565
      3105       111         2         1         7         4
       796       871       293       449
      3106       111         2         1         7         4
       548       767       394       849
      3107       111         2         1         7         4
      1026       660      1086       659
      3108       111         2         1         7         4
       357       748        49        50
      3109       111         2         1         7         4
       501       646       947       992
      3110       111         2         1         7         4
       155       882       309       156
      3111       111         2         1         7         4
       776       855       938       410
      3112       111         2         1         7         4
      1093       946      1036       642
      3113       111         2         1         7         4
       272       119       118       784
      3114       111         2         1         7         4
        53       361       207        54
      3115       111         2         1         7         4
      1026       659      1099       997
      3116       111         2         1         7         4
       226       841        72       225
      3117       111         2         1         7         4
       532      1087       674       673
      3118       111         2         1         7         4
       298       145       454       799
      3119       111         2         1         7         4
       412       856       411       102
      3120       111         2         1         7         4
       146       299         6       877
      3121       111         2         1         7         4
       672      1011      1090      1044
      3122       111         2         1         7         4
        46       200       354       828
      3123       111         2         1         7         4
       226        73        72       841
      3124       111         2         1         7         4
       820       184        30       337
      3125       111         2         1         7         4
        74       227       382        73
      3126       111         2         1         7         4
       557       854       405       558
      3127       111         2         1         7         4
       760      1013       534       921
      3128       111         2         1         7         4
       859       568       940       569
      3129       111         2         1         7         4
       595       452       596      1025
      3130       111         2         1         7         4
       858      1019       567       566
      3131       111         2         1         7         4
       557       936       773       854
      3132       111         2         1         7         4
      1025      1095      1065       682
      3133       111         2         1         7         4
       538       762       384      1014
      3134       111         2         1         7         4
       118       784       427       426
      3135       111         2         1         7         4
        36       343       190        37
      3136       111         2         1         7         4
       198       352       827       746
      3137       111         2         1         7         4
       120       785       429       428
      3138       111         2         1         7         4
       758       839        68       376
      3139       111         2         1         7         4
       841       922       761       381
      3140       111         2         1         7         4
       598       959       454       799
      3141       111         2         1         7         4
       856       101       102       255
      3142       111         2         1         7         4
       611       883       468       612
      3143       111         2         1         7         4
       771       245       852        92
      3144       111         2         1         7         4
       864       784       119       272
      3145       111         2         1         7         4
       635       916       833       364
      3146       111         2         1         7         4
       462       305      1132      1129
      3147       111         2         1         7         4
       561      1054       560       939
      3148       111         2         1         7         4
       369       832       215       755
      3149       111         2         1         7         4
        74       227       228       842
      3150       111         2         1         7         4
       650       900       506       651
      3151       111         2         1         7         4
       998       507       825       743
      3152       111         2         1         7         4
      1079      1064       715       714
      3153       111         2         1         7         4
       560      1054      1061       939
      3154       111         2         1         7         4
       650      1064       900       651
      3155       111         2         1         7         4
        36       190       741       189
      3156       111         2         1         7         4
       748       909       357       356
      3157       111         2         1         7         4
       291       447       795       874
      3158       111         2         1         7         4
       643       685       642      1093
      3159       111         2         1         7         4
        50       203       204       830
      3160       111         2         1         7         4
       431       275       274       121
      3161       111         2         1         7         4
       358       749       359       516
      3162       111         2         1         7         4
      1088       696       661       653
      3163       111         2         1         7         4
       826       744       499       349
      3164       111         2         1         7         4
      1115      1077      1100       649
      3165       111         2         1         7         4
       528       912       373       757
      3166       111         2         1         7         4
       815       627       485       974
      3167       111         2         1         7         4
       611       667       610       973
      3168       111         2         1         7         4
       610      1102       971       965
      3169       111         2         1         7         4
       254       101       856       255
      3170       111         2         1         7         4
      1084      1047       908       511
      3171       111         2         1         7         4
      1048       705      1042       732
      3172       111         2         1         7         4
       514      1006       357       515
      3173       111         2         1         7         4
       990       509       510       827
      3174       111         2         1         7         4
      1048      1083      1042       705
      3175       111         2         1         7         4
       156       805       309       310
      3176       111         2         1         7         4
       245       852        91       244
      3177       111         2         1         7         4
       696       520       653      1088
      3178       111         2         1         7         4
       364       365       635       916
      3179       111         2         1         7         4
        88        89       398       769
      3180       111         2         1         7         4
      1003       905      1046       654
      3181       111         2         1         7         4
       682      1095       595      1025
      3182       111         2         1         7         4
       516       910      1007       696
      3183       111         2         1         7         4
      1065      1025       682       596
      3184       111         2         1         7         4
       990      1089       655      1003
      3185       111         2         1         7         4
       117       271       426       863
      3186       111         2         1         7         4
       714       623      1079       981
      3187       111         2         1         7         4
       808      1031       616       615
      3188       111         2         1         7         4
       144       297       298       876
      3189       111         2         1         7         4
       419       780       263       860
      3190       111         2         1         7         4
       118       119       427       784
      3191       111         2         1         7         4
      1001      1062       663      1081
      3192       111         2         1         7         4
       598      1027       679      1111
      3193       111         2         1         7         4
      1155       902       355       512
      3194       111         2         1         7         4
       800      1028       878       457
      3195       111         2         1         7         4
       737       183        30       820
      3196       111         2         1         7         4
       357       830       358      1006
      3197       111         2         1         7         4
       825       507       904       614
      3198       111         2         1         7         4
       808      1031       615       976
      3199       111         2         1         7         4
       682      1025       595       596
      3200       111         2         1         7         4
       745       350       196       826
      3201       111         2         1         7         4
       947       685       500       643
      3202       111         2         1         7         4
       397       769       241        88
      3203       111         2         1         7         4
       715       650       651      1064
      3204       111         2         1         7         4
       642       986      1058       632
      3205       111         2         1         7         4
       950       575      1055      1074
      3206       111         2         1         7         4
       902       355       512      1000
      3207       111         2         1         7         4
       404       773       247       248
      3208       111         2         1         7         4
       377       839        68       222
      3209       111         2         1         7         4
      1155       354       355       747
      3210       111         2         1         7         4
       965       973       611       610
      3211       111         2         1         7         4
       878       147       800       457
      3212       111         2         1         7         4
       615       656      1031       616
      3213       111         2         1         7         4
       919       758       838       375
      3214       111         2         1         7         4
       930      1110       551       550
      3215       111         2         1         7         4
       670       669       969       608
      3216       111         2         1         7         4
       155       882       466       465
      3217       111         2         1         7         4
       527      1109       669       668
      3218       111         2         1         7         4
       610       971       466       965
      3219       111         2         1         7         4
        36       189       741       342
      3220       111         2         1         7         4
      1012      1049       533       674
      3221       111         2         1         7         4
       907       916      1088       635
      3222       111         2         1         7         4
       971       610       466       609
      3223       111         2         1         7         4
       747       355       902      1000
      3224       111         2         1         7         4
        19       838       758       375
      3225       111         2         1         7         4
       506       900       505       346
      3226       111         2         1         7         4
       998       900      1064       651
      3227       111         2         1         7         4
       475       809       476       618
      3228       111         2         1         7         4
       769       851        89       398
      3229       111         2         1         7         4
       998       507       743       506
      3230       111         2         1         7         4
      1031       808       474       887
      3231       111         2         1         7         4
       187       822        33       186
      3232       111         2         1         7         4
       223       759        69       222
      3233       111         2         1         7         4
       573      1020       863       426
      3234       111         2         1         7         4
       863      1020       784       426
      3235       111         2         1         7         4
       146       877         6         5
      3236       111         2         1         7         4
       932       398       769       930
      3237       111         2         1         7         4
      1001       521       663       522
      3238       111         2         1         7         4
       652       905       508       654
      3239       111         2         1         7         4
       347       743       193       194
      3240       111         2         1         7         4
       642       632      1058       685
      3241       111         2         1         7         4
      1020      1055       950       574
      3242       111         2         1         7         4
       227       761        73       226
      3243       111         2         1         7         4
       895       492      1036       818
      3244       111         2         1         7         4
       903       503       344       821
      3245       111         2         1         7         4
       303       460       879       802
      3246       111         2         1         7         4
       886       976       808       615
      3247       111         2         1         7         4
       351       827       509       745
      3248       111         2         1         7         4
      1047       512       658      1043
      3249       111         2         1         7         4
       471       472       313       160
      3250       111         2         1         7         4
      1047      1043       658       977
      3251       111         2         1         7         4
       881       463       306       803
      3252       111         2         1         7         4
       616      1089       655       656
      3253       111         2         1         7         4
       737        29        30       183
      3254       111         2         1         7         4
       803       463       306       305
      3255       111         2         1         7         4
       617       654       655      1089
      3256       111         2         1         7         4
       356       829       748       909
      3257       111         2         1         7         4
       245        92        91       852
      3258       111         2         1         7         4
       613      1030       665       970
      3259       111         2         1         7         4
      1084      1047       657       976
      3260       111         2         1         7         4
       589       977       639       807
      3261       111         2         1         7         4
       617      1089       655       616
      3262       111         2         1         7         4
       895       333       332       491
      3263       111         2         1         7         4
      1081      1001       907       521
      3264       111         2         1         7         4
       353       746       908       510
      3265       111         2         1         7         4
       191       821       344        37
      3266       111         2         1         7         4
      1005       492       818      1036
      3267       111         2         1         7         4
      1001      1081       663       521
      3268       111         2         1         7         4
       954       581       686      1040
      3269       111         2         1         7         4
       798       296       875       143
      3270       111         2         1         7         4
       918       694       693      1056
      3271       111         2         1         7         4
        25       739       339        32
      3272       111         2         1         7         4
       792       958       587       870
      3273       111         2         1         7         4
       835       753       366        59
      3274       111         2         1         7         4
       835       367       366      1001
      3275       111         2         1         7         4
      1155       747       355       902
      3276       111         2         1         7         4
       410       938       409       855
      3277       111         2         1         7         4
      1012       378       759       532
      3278       111         2         1         7         4
       614       906       704       904
      3279       111         2         1         7         4
      1061       939      1017       560
      3280       111         2         1         7         4
       676       675       534      1076
      3281       111         2         1         7         4
       604       461       605      1039
      3282       111         2         1         7         4
       500       987       822       740
      3283       111         2         1         7         4
       356       748        49       357
      3284       111         2         1         7         4
       500       740       822       341
      3285       111         2         1         7         4
       995       568       859       779
      3286       111         2         1         7         4
       987       947       740       500
      3287       111         2         1         7         4
       473       161       314       472
      3288       111         2         1         7         4
       604      1039       605       673
      3289       111         2         1         7         4
       978       618       809       475
      3290       111         2         1         7         4
       935       557       936       722
      3291       111         2         1         7         4
       589       471       886       807
      3292       111         2         1         7         4
       875       295       797       451
      3293       111         2         1         7         4
       825       998       904       507
      3294       111         2         1         7         4
       747       201        48       829
      3295       111         2         1         7         4
       511      1047       657      1084
      3296       111         2         1         7         4
       617       475       618       978
      3297       111         2         1         7         4
       153       306       881       463
      3298       111         2         1         7         4
      1084       976       657       656
      3299       111         2         1         7         4
       852       934       401       400
      3300       111         2         1         7         4
       334       181       180       818
      3301       111         2         1         7         4
       605      1039      1090       673
      3302       111         2         1         7         4
       947       643       500       987
      3303       111         2         1         7         4
       190       343       741       821
      3304       111         2         1         7         4
       313         3         4       471
      3305       111         2         1         7         4
       657      1047       977       976
      3306       111         2         1         7         4
       101       776       410       100
      3307       111         2         1         7         4
       379       840       224       760
      3308       111         2         1         7         4
       544       780       419       860
      3309       111         2         1         7         4
       428      1021       575       950
      3310       111         2         1         7         4
       617      1089       616      1031
      3311       111         2         1         7         4
       407       939      1017       853
      3312       111         2         1         7         4
       103       256       412        13
      3313       111         2         1         7         4
       101       856       410       776
      3314       111         2         1         7         4
       617       978      1089      1031
      3315       111         2         1         7         4
       644      1045       730       714
      3316       111         2         1         7         4
        24       348       825       744
      3317       111         2         1         7         4
      1089       656       616      1031
      3318       111         2         1         7         4
       329       176       175       487
      3319       111         2         1         7         4
       417       261       418       859
      3320       111         2         1         7         4
       170       323       482       812
      3321       111         2         1         7         4
      1088       910       661       696
      3322       111         2         1         7         4
       875       451       797       961
      3323       111         2         1         7         4
       105       258       259       415
      3324       111         2         1         7         4
       420       544       419       860
      3325       111         2         1         7         4
       791      1023       585       957
      3326       111         2         1         7         4
       749       205       204        51
      3327       111         2         1         7         4
        93       771      1148      1147
      3328       111         2         1         7         4
       395       768      1038       849
      3329       111         2         1         7         4
       882       965       805       466
      3330       111         2         1         7         4
       792       870       587       441
      3331       111         2         1         7         4
       334       818       180       333
      3332       111         2         1         7         4
      1035       630       892       488
      3333       111         2         1         7         4
       699      1060      1066       700
      3334       111         2         1         7         4
       394       767       547       393
      3335       111         2         1         7         4
       489       892       630       488
      3336       111         2         1         7         4
       770        90       851       399
      3337       111         2         1         7         4
       488       487       329       816
      3338       111         2         1         7         4
       897       862       424      1018
      3339       111         2         1         7         4
      1018       862       424       783
      3340       111         2         1         7         4
       882       971       965       466
      3341       111         2         1         7         4
      1081       653      1080      1026
      3342       111         2         1         7         4
       934       553       694       554
      3343       111         2         1         7         4
      1084       656      1156      1089
      3344       111         2         1         7         4
       768       850       396       933
      3345       111         2         1         7         4
       638       613       885      1030
      3346       111         2         1         7         4
       653      1026       660      1080
      3347       111         2         1         7         4
       806       883       468       311
      3348       111         2         1         7         4
      1150       351        43       196
      3349       111         2         1         7         4
       281       128       790       282
      3350       111         2         1         7         4
      1000       355       356       829
      3351       111         2         1         7         4
       372       756       526       371
      3352       111         2         1         7         4
       704       619       979      1104
      3353       111         2         1         7         4
       625       624       482       891
      3354       111         2         1         7         4
      1006      1086       515       514
      3355       111         2         1         7         4
      1090      1039      1087       673
      3356       111         2         1         7         4
       291       447       137       290
      3357       111         2         1         7         4
      1001       522       663      1062
      3358       111         2         1         7         4
      1027       877       799       455
      3359       111         2         1         7         4
       991       409       938       855
      3360       111         2         1         7         4
       362       361        54       207
      3361       111         2         1         7         4
       727      1040       731       686
      3362       111         2         1         7         4
      1066       700       941       942
      3363       111         2         1         7         4
       989       563       942       857
      3364       111         2         1         7         4
       423       422       782       943
      3365       111         2         1         7         4
       422       861       782       943
      3366       111         2         1         7         4
       154       307       804       464
      3367       111         2         1         7         4
       202       829        48       201
      3368       111         2         1         7         4
       764       542      1002       388
      3369       111         2         1         7         4
       493       633       389       845
      3370       111         2         1         7         4
       965       610       611       467
      3371       111         2         1         7         4
       394        84       237       393
      3372       111         2         1         7         4
       566       701       941      1019
      3373       111         2         1         7         4
       353       828       908       746
      3374       111         2         1         7         4
       890       480       812       322
      3375       111         2         1         7         4
       569       944       570       940
      3376       111         2         1         7         4
       355       354        47       747
      3377       111         2         1         7         4
      1077      1114      1064       650
      3378       111         2         1         7         4
       933      1038       396       768
      3379       111         2         1         7         4
       341       187       822        34
      3380       111         2         1         7         4
       206        53        52       831
      3381       111         2         1         7         4
       798       143      1134       296
      3382       111         2         1         7         4
       479       480       622       890
      3383       111         2         1         7         4
       751        22       207       362
      3384       111         2         1         7         4
       358        51       359       749
      3385       111         2         1         7         4
       446       290       137       447
      3386       111         2         1         7         4
       896      1037       494       637
      3387       111         2         1         7         4
       197       198       352       827
      3388       111         2         1         7         4
       956       583      1070       584
      3389       111         2         1         7         4
       747       829        48       355
      3390       111         2         1         7         4
       747        47        48       201
      3391       111         2         1         7         4
       906       652       704      1104
      3392       111         2         1         7         4
       450       141       797       294
      3393       111         2         1         7         4
       806       612       468       883
      3394       111         2         1         7         4
       963       958      1023       587
      3395       111         2         1         7         4
       831       359        52       205
      3396       111         2         1         7         4
       760       921       534       379
      3397       111         2         1         7         4
        67       220        20       838
      3398       111         2         1         7         4
        43      1150      1153       351
      3399       111         2         1         7         4
       358      1006       830       910
      3400       111         2         1         7         4
       798       143       875       452
      3401       111         2         1         7         4
        88       769       398       397
      3402       111         2         1         7         4
       910       749       358       516
      3403       111         2         1         7         4
        50       830       748       203
      3404       111         2         1         7         4
        45       352       746       353
      3405       111         2         1         7         4
       337       820       336        30
      3406       111         2         1         7         4
       635       364       833       518
      3407       111         2         1         7         4
       870       587       441       586
      3408       111         2         1         7         4
      1023       587       870       586
      3409       111         2         1         7         4
       537       678      1053       679
      3410       111         2         1         7         4
       312       806       885       470
      3411       111         2         1         7         4
       511      1084       657       656
      3412       111         2         1         7         4
       835       915       754       367
      3413       111         2         1         7         4
       716      1114      1103       733
      3414       111         2         1         7         4
      1114      1077      1115       733
      3415       111         2         1         7         4
      1093       642      1036       986
      3416       111         2         1         7         4
       358       515      1006       910
      3417       111         2         1         7         4
       943       944       940       570
      3418       111         2         1         7         4
       895       641      1036       492
      3419       111         2         1         7         4
       970       611       883       973
      3420       111         2         1         7         4
       345       901       903       742
      3421       111         2         1         7         4
       516       515       358       910
      3422       111         2         1         7         4
       618      1032       619      1104
      3423       111         2         1         7         4
       619       618       476      1032
      3424       111         2         1         7         4
      1110       691       550       933
      3425       111         2         1         7         4
       870       586       440       791
      3426       111         2         1         7         4
      1026       653       663      1081
      3427       111         2         1         7         4
       899       822       500       987
      3428       111         2         1         7         4
       992       898       741       502
      3429       111         2         1         7         4
       886       976       589       977
      3430       111         2         1         7         4
       312       470       885         4
      3431       111         2         1         7         4
       945       498       899       738
      3432       111         2         1         7         4
       643       987       945       498
      3433       111         2         1         7         4
       950       574      1055       575
      3434       111         2         1         7         4
       340       899       339       822
      3435       111         2         1         7         4
       521       366       367      1001
      3436       111         2         1         7         4
      1081      1088      1080       653
      3437       111         2         1         7         4
       809       476      1032       888
      3438       111         2         1         7         4
       270       117       425       863
      3439       111         2         1         7         4
       157       468       311       158
      3440       111         2         1         7         4
       704       620       730      1106
      3441       111         2         1         7         4
       709      1056      1117      1074
      3442       111         2         1         7         4
       374       375       529      1008
      3443       111         2         1         7         4
       375       758       376       919
      3444       111         2         1         7         4
       807       884       997       639
      3445       111         2         1         7         4
       527       528       669       912
      3446       111         2         1         7         4
       148       878       147       300
      3447       111         2         1         7         4
       353       354       828        46
      3448       111         2         1         7         4
       566       701       700       941
      3449       111         2         1         7         4
      1153      1150       196       351
      3450       111         2         1         7         4
       674       604       673      1087
      3451       111         2         1         7         4
       460       303       461       802
      3452       111         2         1         7         4
       747       355      1000       829
      3453       111         2         1         7         4
       937       931       555       402
      3454       111         2         1         7         4
       170      1123       482       323
      3455       111         2         1         7         4
       754       214        61       832
      3456       111         2         1         7         4
       831       360       517       911
      3457       111         2         1         7         4
       923      1111      1014       538
      3458       111         2         1         7         4
       886       472       589       615
      3459       111         2         1         7         4
       158       311       312       469
      3460       111         2         1         7         4
       800         6       877         5
      3461       111         2         1         7         4
       950       575      1074      1021
      3462       111         2         1         7         4
       976       656      1084      1031
      3463       111         2         1         7         4
       261       108       107       417
      3464       111         2         1         7         4
       455       146       299       145
      3465       111         2         1         7         4
       225        71       380        72
      3466       111         2         1         7         4
       903       821       898       503
      3467       111         2         1         7         4
      1027       455       799       598
      3468       111         2         1         7         4
       661      1080       660      1086
      3469       111         2         1         7         4
       989       938       942       563
      3470       111         2         1         7         4
       538       923      1111       679
      3471       111         2         1         7         4
      1007       916       635      1088
      3472       111         2         1         7         4
       361       751       207       362
      3473       111         2         1         7         4
       844       763      1004       386
      3474       111         2         1         7         4
       523       522      1062       664
      3475       111         2         1         7         4
       762      1014       843       384
      3476       111         2         1         7         4
       588       872       445       794
      3477       111         2         1         7         4
       880       461       802      1039
      3478       111         2         1         7         4
       275       431       787       432
      3479       111         2         1         7         4
       907       521       653      1081
      3480       111         2         1         7         4
       661       653       660      1080
      3481       111         2         1         7         4
       275       865       787       431
      3482       111         2         1         7         4
       138       448       292       139
      3483       111         2         1         7         4
       786       430       865       274
      3484       111         2         1         7         4
       683      1095       682       541
      3485       111         2         1         7         4
       907      1081       653      1088
      3486       111         2         1         7         4
       358       749       204        51
      3487       111         2         1         7         4
      1008       757       912       528
      3488       111         2         1         7         4
       918      1056       693      1112
      3489       111         2         1         7         4
       388       764        79       233
      3490       111         2         1         7         4
        36       189       342        35
      3491       111         2         1         7         4
       279      1138       436      1144
      3492       111         2         1         7         4
       682       683       595      1095
      3493       111         2         1         7         4
      1006      1080       661      1086
      3494       111         2         1         7         4
       379       921       533       840
      3495       111         2         1         7         4
        37       343       190       821
      3496       111         2         1         7         4
       906       905       826       499
      3497       111         2         1         7         4
       737       336        30        29
      3498       111         2         1         7         4
       754       915       368       367
      3499       111         2         1         7         4
      1012       759       920       532
      3500       111         2         1         7         4
       908       354       512       828
      3501       111         2         1         7         4
       682       541      1095      1004
      3502       111         2         1         7         4
       848       767       393       547
      3503       111         2         1         7         4
       464       154       465       804
      3504       111         2         1         7         4
       158       469       312       159
      3505       111         2         1         7         4
       728       955       583       710
      3506       111         2         1         7         4
        99       252       253       855
      3507       111         2         1         7         4
       934       918       694       553
      3508       111         2         1         7         4
       763       386       844       231
      3509       111         2         1         7         4
       418       569       859       780
      3510       111         2         1         7         4
       345        39       346       824
      3511       111         2         1         7         4
       542       925       387       764
      3512       111         2         1         7         4
       386       231        78       844
      3513       111         2         1         7         4
      1060      1066      1054       699
      3514       111         2         1         7         4
       266       781       861       421
      3515       111         2         1         7         4
        82       766       391       235
      3516       111         2         1         7         4
       528      1008       529      1092
      3517       111         2         1         7         4
       750        53       207       206
      3518       111         2         1         7         4
       512       354       908       511
      3519       111         2         1         7         4
       722       935       558       559
      3520       111         2         1         7         4
       236       392        82       766
      3521       111         2         1         7         4
       477       810       478       620
      3522       111         2         1         7         4
       996       453       597       876
      3523       111         2         1         7         4
       994       731       928       634
      3524       111         2         1         7         4
       737      1005       335       819
      3525       111         2         1         7         4
       709      1074      1069      1056
      3526       111         2         1         7         4
       911       750       831       360
      3527       111         2         1         7         4
       358        50       204       830
      3528       111         2         1         7         4
        94       404       248        95
      3529       111         2         1         7         4
       415       778       414       258
      3530       111         2         1         7         4
       720      1108       647      1091
      3531       111         2         1         7         4
       826       508       499       905
      3532       111         2         1         7         4
       460       802       604       968
      3533       111         2         1         7         4
      1078       719       720       984
      3534       111         2         1         7         4
       629       720       719       984
      3535       111         2         1         7         4
       945       987       899       498
      3536       111         2         1         7         4
       104       857       258       414
      3537       111         2         1         7         4
       373       527       372       837
      3538       111         2         1         7         4
       908       746       990       510
      3539       111         2         1         7         4
       114       782       861       267
      3540       111         2         1         7         4
      1084       656       511       510
      3541       111         2         1         7         4
       971       669       969      1109
      3542       111         2         1         7         4
       691       933      1038       549
      3543       111         2         1         7         4
       359        51       205       749
      3544       111         2         1         7         4
       912      1109       527       993
      3545       111         2         1         7         4
       417       418       568       859
      3546       111         2         1         7         4
       188       189       342       823
      3547       111         2         1         7         4
       572       425       949       783
      3548       111         2         1         7         4
       994       634       765       493
      3549       111         2         1         7         4
       147       800         5       300
      3550       111         2         1         7         4
       542       925       541       387
      3551       111         2         1         7         4
      1083       571       705      1048
      3552       111         2         1         7         4
       867       789       581       954
      3553       111         2         1         7         4
       771        92       852       401
      3554       111         2         1         7         4
       749       359       831       205
      3555       111         2         1         7         4
       629       719       628       984
      3556       111         2         1         7         4
       236       766        82       235
      3557       111         2         1         7         4
       419       780       262       263
      3558       111         2         1         7         4
       264       420       110       860
      3559       111         2         1         7         4
       995       940       859       568
      3560       111         2         1         7         4
       399       398        89       851
      3561       111         2         1         7         4
       416       858       415       259
      3562       111         2         1         7         4
       622       623       714       981
      3563       111         2         1         7         4
       386       540       385       763
      3564       111         2         1         7         4
       428       427       864       950
      3565       111         2         1         7         4
       878       300       800       147
      3566       111         2         1         7         4
       412       256        14        13
      3567       111         2         1         7         4
       994       928       765       634
      3568       111         2         1         7         4
       777       413       103       412
      3569       111         2         1         7         4
      1016      1052       929       546
      3570       111         2         1         7         4
       509       827       352       510
      3571       111         2         1         7         4
       573       706       572       949
      3572       111         2         1         7         4
         5       800         6       300
      3573       111         2         1         7         4
       257       104       103       413
      3574       111         2         1         7         4
       770       934       553       918
      3575       111         2         1         7         4
       283       869       129       282
      3576       111         2         1         7         4
       532       920      1087       673
      3577       111         2         1         7         4
         5       147       457       800
      3578       111         2         1         7         4
      1118       736      1113       697
      3579       111         2         1         7         4
       397        88       241        87
      3580       111         2         1         7         4
       450       964       593       871
      3581       111         2         1         7         4
        91       400       770       852
      3582       111         2         1         7         4
      1021      1074      1069       576
      3583       111         2         1         7         4
       692       691      1110      1037
      3584       111         2         1         7         4
      1051       710       955       728
      3585       111         2         1         7         4
       636       691       692      1037
      3586       111         2         1         7         4
       911       916       635      1007
      3587       111         2         1         7         4
       877       966       800       456
      3588       111         2         1         7         4
      1021       576      1069       637
      3589       111         2         1         7         4
      1012       532       920      1087
      3590       111         2         1         7         4
      1083       995      1042       702
      3591       111         2         1         7         4
       594       961       595       683
      3592       111         2         1         7         4
       707      1068       706       573
      3593       111         2         1         7         4
       683      1050       925       542
      3594       111         2         1         7         4
       109       419       263       110
      3595       111         2         1         7         4
      1091      1115       734      1078
      3596       111         2         1         7         4
       805       468       611       883
      3597       111         2         1         7         4
      1084       656      1089      1031
      3598       111         2         1         7         4
       941       565       566       778
      3599       111         2         1         7         4
       203       748        49       202
      3600       111         2         1         7         4
       225        72       380       841
      3601       111         2         1         7         4
       589       976       886       615
      3602       111         2         1         7         4
       573       707      1068      1020
      3603       111         2         1         7         4
       956      1070       957       584
      3604       111         2         1         7         4
        90       770       400       399
      3605       111         2         1         7         4
        47       200       201       747
      3606       111         2         1         7         4
       363       209       752       833
      3607       111         2         1         7         4
       578      1022       688       689
      3608       111         2         1         7         4
       949      1068      1020       573
      3609       111         2         1         7         4
       747       355        48        47
      3610       111         2         1         7         4
       876       597       959       454
      3611       111         2         1         7         4
       144       453       297       876
      3612       111         2         1         7         4
       818       819       181       335
      3613       111         2         1         7         4
       346        39       193       824
      3614       111         2         1         7         4
       858       778       566       415
      3615       111         2         1         7         4
       268       115       114       782
      3616       111         2         1         7         4
       247       772       773       403
      3617       111         2         1         7         4
       820       497       336       946
      3618       111         2         1         7         4
      1086       514       909      1099
      3619       111         2         1         7         4
      1047       977       658       657
      3620       111         2         1         7         4
       394       849       395       548
      3621       111         2         1         7         4
        67       838        20        19
      3622       111         2         1         7         4
       203        50        49       748
      3623       111         2         1         7         4
       770       934       852       400
      3624       111         2         1         7         4
       683       542       684      1050
      3625       111         2         1         7         4
       751       361       207       750
      3626       111         2         1         7         4
       650      1064       715      1114
      3627       111         2         1         7         4
       405       248       773       404
      3628       111         2         1         7         4
       188       823       342       341
      3629       111         2         1         7         4
       920       759       839       377
      3630       111         2         1         7         4
       958       870      1023       587
      3631       111         2         1         7         4
       449       293       292       139
      3632       111         2         1         7         4
       588       872       444       445
      3633       111         2         1         7         4
       476       888       477       619
      3634       111         2         1         7         4
       924       763       843       385
      3635       111         2         1         7         4
       185       739        32       338
      3636       111         2         1         7         4
      1156       510       655       656
      3637       111         2         1         7         4
       957       585      1073      1023
      3638       111         2         1         7         4
       991      1066       561      1054
      3639       111         2         1         7         4
       603       879       460       968
      3640       111         2         1         7         4
       374      1008       529       528
      3641       111         2         1         7         4
       550       933       549       396
      3642       111         2         1         7         4
       275       122       121       431
      3643       111         2         1         7         4
       691       549      1038       690
      3644       111         2         1         7         4
      1002       542       925      1050
      3645       111         2         1         7         4
       671       529      1044      1092
      3646       111         2         1         7         4
       405       404       773       557
      3647       111         2         1         7         4
       777       856       989       411
      3648       111         2         1         7         4
       837       756       527       372
      3649       111         2         1         7         4
      1004       925       844       541
      3650       111         2         1         7         4
       991       409       562       938
      3651       111         2         1         7         4
       781       264       860       420
      3652       111         2         1         7         4
       863       271       270       117
      3653       111         2         1         7         4
       424       783       572      1018
      3654       111         2         1         7         4
      1021       896       785       429
      3655       111         2         1         7         4
       771       245        92      1146
      3656       111         2         1         7         4
       760       840       921       379
      3657       111         2         1         7         4
       413       777       411       412
      3658       111         2         1         7         4
       661       515      1006      1086
      3659       111         2         1         7         4
       527       756       837       993
      3660       111         2         1         7         4
       756       526       527       372
      3661       111         2         1         7         4
       809       475       316       887
      3662       111         2         1         7         4
       508       652       499       905
      3663       111         2         1         7         4
       283       791      1145      1139
      3664       111         2         1         7         4
       561      1066       699      1054
      3665       111         2         1         7         4
       623       480       481       982
      3666       111         2         1         7         4
       361       833       751       363
      3667       111         2         1         7         4
       413       989       411       777
      3668       111         2         1         7         4
       157       310       311       468
      3669       111         2         1         7         4
       822       899       339       739
      3670       111         2         1         7         4
       127       280       281       437
      3671       111         2         1         7         4
       828       354       747       200
      3672       111         2         1         7         4
       197        44       352       198
      3673       111         2         1         7         4
       675      1029       602       603
      3674       111         2         1         7         4
      1073      1071       703       711
      3675       111         2         1         7         4
       833       361       751       750
      3676       111         2         1         7         4
       232        79       764       233
      3677       111         2         1         7         4
       421       266       113       861
      3678       111         2         1         7         4
       475       474       316       887
      3679       111         2         1         7         4
       668       610       667      1102
      3680       111         2         1         7         4
       970       666      1097       665
      3681       111         2         1         7         4
       429        10       896       785
      3682       111         2         1         7         4
       833       916       752       364
      3683       111         2         1         7         4
       715      1079       623      1033
      3684       111         2         1         7         4
       908       828       512       902
      3685       111         2         1         7         4
       433      1137       276       123
      3686       111         2         1         7         4
       965       805       611       973
      3687       111         2         1         7         4
       331       332       490       817
      3688       111         2         1         7         4
       650      1077       505       900
      3689       111         2         1         7         4
        69       223       378       759
      3690       111         2         1         7         4
       820       945       738       337
      3691       111         2         1         7         4
       900       824       901       346
      3692       111         2         1         7         4
      1031       887       474       617
      3693       111         2         1         7         4
       368       913       522       915
      3694       111         2         1         7         4
       473       315       474       808
      3695       111         2         1         7         4
       998       506       900       651
      3696       111         2         1         7         4
        34       187       188       341
      3697       111         2         1         7         4
       559      1017      1061      1063
      3698       111         2         1         7         4
       351       745       509       508
      3699       111         2         1         7         4
       467       965       466       805
      3700       111         2         1         7         4
       377       920       531       839
      3701       111         2         1         7         4
       495       807         4       471
      3702       111         2         1         7         4
       642       685      1058      1093
      3703       111         2         1         7         4
       841       761        73       381
      3704       111         2         1         7         4
       466       971       465       882
      3705       111         2         1         7         4
       512      1047       908       902
      3706       111         2         1         7         4
      1118      1063      1096       735
      3707       111         2         1         7         4
      1003       654      1046      1089
      3708       111         2         1         7         4
       522      1001       367       915
      3709       111         2         1         7         4
      1035       488       892       816
      3710       111         2         1         7         4
       913       523      1097       917
      3711       111         2         1         7         4
        34       341       188        35
      3712       111         2         1         7         4
       715       716       733      1114
      3713       111         2         1         7         4
      1115       734      1107       733
      3714       111         2         1         7         4
       807       639       997       977
      3715       111         2         1         7         4
       462      1129       152       305
      3716       111         2         1         7         4
        44      1152       197       351
      3717       111         2         1         7         4
      1095      1004      1065       682
      3718       111         2         1         7         4
       540       763       386      1004
      3719       111         2         1         7         4
       242       851        89       769
      3720       111         2         1         7         4
       155       156       466       882
      3721       111         2         1         7         4
      1016       546       929       848
      3722       111         2         1         7         4
       416       567       566       858
      3723       111         2         1         7         4
       331       817       490       489
      3724       111         2         1         7         4
      1057      1116      1096       645
      3725       111         2         1         7         4
       481       812       170       482
      3726       111         2         1         7         4
       363       833       752       364
      3727       111         2         1         7         4
       521       366       907       520
      3728       111         2         1         7         4
       625       891       813       983
      3729       111         2         1         7         4
       392       848       236       393
      3730       111         2         1         7         4
       634       994       723       493
      3731       111         2         1         7         4
       635       518       833       911
      3732       111         2         1         7         4
       119       120       428       864
      3733       111         2         1         7         4
       956       790       868       438
      3734       111         2         1         7         4
       683       541       925      1095
      3735       111         2         1         7         4
      1156       990       655       510
      3736       111         2         1         7         4
       857       414       565       778
      3737       111         2         1         7         4
       356       829        49       748
      3738       111         2         1         7         4
      1046       618      1104      1032
      3739       111         2         1         7         4
      1075       600       966       599
      3740       111         2         1         7         4
       429       896       637      1021
      3741       111         2         1         7         4
        70       840       378       223
      3742       111         2         1         7         4
        69        70       378       223
      3743       111         2         1         7         4
       634       731       723       994
      3744       111         2         1         7         4
       379       760       224        71
      3745       111         2         1         7         4
       199        46        45       353
      3746       111         2         1         7         4
       585      1023       712      1073
      3747       111         2         1         7         4
       795       590      1024       591
      3748       111         2         1         7         4
        32       739       339       338
      3749       111         2         1         7         4
      1145       791       130      1139
      3750       111         2         1         7         4
      1060       701       732      1042
      3751       111         2         1         7         4
         4       495       884       807
      3752       111         2         1         7         4
       771      1147        93       246
      3753       111         2         1         7         4
       840       223       759       378
      3754       111         2         1         7         4
       722       557       558       935
      3755       111         2         1         7         4
      1083       702      1042       705
      3756       111         2         1         7         4
       490       332       179       491
      3757       111         2         1         7         4
       776       855       100       253
      3758       111         2         1         7         4
       585      1073      1070       957
      3759       111         2         1         7         4
       544       944       780       860
      3760       111         2         1         7         4
       890       981       623       622
      3761       111         2         1         7         4
       956       584       957       439
      3762       111         2         1         7         4
       738       739       185       338
      3763       111         2         1         7         4
      1091       903       504      1100
      3764       111         2         1         7         4
       946      1005       336       737
      3765       111         2         1         7         4
       492      1157       180       818
      3766       111         2         1         7         4
       918       770       851       399
      3767       111         2         1         7         4
       932       851       769       398
      3768       111         2         1         7         4
       771       246        93       772
      3769       111         2         1         7         4
      1026      1081       663       975
      3770       111         2         1         7         4
       782       423       897       862
      3771       111         2         1         7         4
       415       565       414       778
      3772       111         2         1         7         4
       897       423       424       862
      3773       111         2         1         7         4
       570       569       544       944
      3774       111         2         1         7         4
       705       572       706      1048
      3775       111         2         1         7         4
       934       554       931       401
      3776       111         2         1         7         4
       383        74       228       842
      3777       111         2         1         7         4
      1053       678      1067      1075
      3778       111         2         1         7         4
       907      1088       653       520
      3779       111         2         1         7         4
      1053      1009      1067       678
      3780       111         2         1         7         4
       572      1048       705       571
      3781       111         2         1         7         4
       707       736       706      1068
      3782       111         2         1         7         4
       260       416       417       107
      3783       111         2         1         7         4
      1103       717       983       716
      3784       111         2         1         7         4
       512      1047       657       511
      3785       111         2         1         7         4
       585      1073       712       711
      3786       111         2         1         7         4
      1015       690       689      1098
      3787       111         2         1         7         4
       847       927       766       391
      3788       111         2         1         7         4
       291       138       137       447
      3789       111         2         1         7         4
      1043      1047       512       902
      3790       111         2         1         7         4
       671      1044       530       672
      3791       111         2         1         7         4
       625       813       985       983
      3792       111         2         1         7         4
       623       715       714      1079
      3793       111         2         1         7         4
      1099       513      1000      1043
      3794       111         2         1         7         4
       499       826       350       508
      3795       111         2         1         7         4
       308       155       465       882
      3796       111         2         1         7         4
       585       957      1070       584
      3797       111         2         1         7         4
       921       840      1012       533
      3798       111         2         1         7         4
       493       845       994       723
      3799       111         2         1         7         4
       448       291       447       138
      3800       111         2         1         7         4
       970       806       883       612
      3801       111         2         1         7         4
       396       768       240       850
      3802       111         2         1         7         4
      1007       696       635       517
      3803       111         2         1         7         4
       623       481       624       982
      3804       111         2         1         7         4
       765       634       928       519
      3805       111         2         1         7         4
       928       519       545       927
      3806       111         2         1         7         4
       957       791       869       439
      3807       111         2         1         7         4
       957       439       869       956
      3808       111         2         1         7         4
       635       911       833       916
      3809       111         2         1         7         4
       759       920       532       377
      3810       111         2         1         7         4
       874       447       795       591
      3811       111         2         1         7         4
       610       965       466       467
      3812       111         2         1         7         4
       328      1119      1121       486
      3813       111         2         1         7         4
       446       289       873       794
      3814       111         2         1         7         4
       439       585       791       440
      3815       111         2         1         7         4
       728       731       727      1040
      3816       111         2         1         7         4
       544       420       781       860
      3817       111         2         1         7         4
       970       613       806       612
      3818       111         2         1         7         4
       609       971       465       466
      3819       111         2         1         7         4
       828       200       199        46
      3820       111         2         1         7         4
       668       669       971      1109
      3821       111         2         1         7         4
       353       354       908       828
      3822       111         2         1         7         4
       781       944       544       860
      3823       111         2         1         7         4
       717       718       733      1103
      3824       111         2         1         7         4
      1010       756       836       371
      3825       111         2         1         7         4
       908       354       353       511
      3826       111         2         1         7         4
       728       582       583       955
      3827       111         2         1         7         4
       812       891       624       982
      3828       111         2         1         7         4
       812       982       624       481
      3829       111         2         1         7         4
       668       609       971       669
      3830       111         2         1         7         4
      1011      1044       672       530
      3831       111         2         1         7         4
       796       592       960       593
      3832       111         2         1         7         4
       374        67       220        66
      3833       111         2         1         7         4
       446       795       290       447
      3834       111         2         1         7         4
        15        94       403       247
      3835       111         2         1         7         4
       899       739       338       339
      3836       111         2         1         7         4
       960      1082       592       962
      3837       111         2         1         7         4
      1047       512       908       511
      3838       111         2         1         7         4
      1104       618      1046       652
      3839       111         2         1         7         4
       357       909       748      1006
      3840       111         2         1         7         4
       652      1104       619       704
      3841       111         2         1         7         4
      1065       924      1094       681
      3842       111         2         1         7         4
       786       564       865       430
      3843       111         2         1         7         4
       337       497       336       820
      3844       111         2         1         7         4
       884       975       638       885
      3845       111         2         1         7         4
        58       834       365        57
      3846       111         2         1         7         4
       514       909      1099       513
      3847       111         2         1         7         4
       592       448       449       796
      3848       111         2         1         7         4
       796       962       960       592
      3849       111         2         1         7         4
       652       618       619      1104
      3850       111         2         1         7         4
       914       370       917       524
      3851       111         2         1         7         4
       817       332       490       491
      3852       111         2         1         7         4
       464       804       465       608
      3853       111         2         1         7         4
       765       519       847       390
      3854       111         2         1         7         4
       210        57        56       752
      3855       111         2         1         7         4
       684       713       593       960
      3856       111         2         1         7         4
       704       906       499       652
      3857       111         2         1         7         4
        92       401        91       852
      3858       111         2         1         7         4
       664       665       613      1030
      3859       111         2         1         7         4
        57       752       834       365
      3860       111         2         1         7         4
       187        34        33       822
      3861       111         2         1         7         4
       871       449       140       293
      3862       111         2         1         7         4
       597       996       596       453
      3863       111         2         1         7         4
       664      1097       665      1030
      3864       111         2         1         7         4
       745       351       196       350
      3865       111         2         1         7         4
       924      1004       763       540
      3866       111         2         1         7         4
       689       951       577       578
      3867       111         2         1         7         4
       218       756       837       372
      3868       111         2         1         7         4
       546       929       688      1052
      3869       111         2         1         7         4
       683      1050       594       961
      3870       111         2         1         7         4
      1062       913       915       522
      3871       111         2         1         7         4
       458       801       459       602
      3872       111         2         1         7         4
       384       762       229       843
      3873       111         2         1         7         4
       489       631       892       817
      3874       111         2         1         7         4
       954       435       788       580
      3875       111         2         1         7         4
      1029       801       459       879
      3876       111         2         1         7         4
       713       592       593       960
      3877       111         2         1         7         4
       806       469       468       612
      3878       111         2         1         7         4
       967       602      1029       801
      3879       111         2         1         7         4
       259       106       416       260
      3880       111         2         1         7         4
      1048       705       732       736
      3881       111         2         1         7         4
       617       618      1046       978
      3882       111         2         1         7         4
       878       967       801       458
      3883       111         2         1         7         4
      1143       433       123      1137
      3884       111         2         1         7         4
      1033       983       891       625
      3885       111         2         1         7         4
      1010       668       993       526
      3886       111         2         1         7         4
      1104       652       905       906
      3887       111         2         1         7         4
      1024       591       874       795
      3888       111         2         1         7         4
       812       481       624       482
      3889       111         2         1         7         4
      1048       736       732      1113
      3890       111         2         1         7         4
      1055      1020       707       574
      3891       111         2         1         7         4
       291       290       795       447
      3892       111         2         1         7         4
       431       121       274       430
      3893       111         2         1         7         4
      1016       546       848       392
      3894       111         2         1         7         4
       704       979      1106      1104
      3895       111         2         1         7         4
       949       573      1020       863
      3896       111         2         1         7         4
       605       461       880      1039
      3897       111         2         1         7         4
      1050       683      1095       961
      3898       111         2         1         7         4
       591       447       448       874
      3899       111         2         1         7         4
       544       569       780       944
      3900       111         2         1         7         4
       914       525      1010       371
      3901       111         2         1         7         4
       538       923       383       762
      3902       111         2         1         7         4
       329       487       175       328
      3903       111         2         1         7         4
       629       984       628       894
      3904       111         2         1         7         4
       143       296       875       295
      3905       111         2         1         7         4
       875       142       143       295
      3906       111         2         1         7         4
       816       487       894       629
      3907       111         2         1         7         4
       350       508       826       745
      3908       111         2         1         7         4
       396       850       550       933
      3909       111         2         1         7         4
       837       757       219       373
      3910       111         2         1         7         4
       784       426       118       271
      3911       111         2         1         7         4
       780       569       940       944
      3912       111         2         1         7         4
       867       954       581       435
      3913       111         2         1         7         4
       406       854       774       558
      3914       111         2         1         7         4
       392       236        82        83
      3915       111         2         1         7         4
       610       609       971       668
      3916       111         2         1         7         4
       863       426       784       271
      3917       111         2         1         7         4
       736      1113       698       732
      3918       111         2         1         7         4
        19        20       221       758
      3919       111         2         1         7         4
      1072       686       545       928
      3920       111         2         1         7         4
      1099       909      1000       513
      3921       111         2         1         7         4
      1028      1067       600      1075
      3922       111         2         1         7         4
       418       262       859       261
      3923       111         2         1         7         4
       688      1098       929       547
      3924       111         2         1         7         4
       777       256       103       257
      3925       111         2         1         7         4
       460       461       604       802
      3926       111         2         1         7         4
       369       755       215        62
      3927       111         2         1         7         4
       847       391       766       235
      3928       111         2         1         7         4
       692      1069       637      1037
      3929       111         2         1         7         4
       417       779       859       568
      3930       111         2         1         7         4
       939       407      1017       560
      3931       111         2         1         7         4
      1017       853       406       407
      3932       111         2         1         7         4
       451       797       141       295
      3933       111         2         1         7         4
       405        95       248       404
      3934       111         2         1         7         4
       752        57       834       210
      3935       111         2         1         7         4
       705      1048       706       736
      3936       111         2         1         7         4
       474       887       808       315
      3937       111         2         1         7         4
       547       929      1015      1098
      3938       111         2         1         7         4
       468       310       805       157
      3939       111         2         1         7         4
       907       635       520       365
      3940       111         2         1         7         4
      1015      1098       689       547
      3941       111         2         1         7         4
       463       305       462       152
      3942       111         2         1         7         4
       476       888       619      1032
      3943       111         2         1         7         4
       424      1018       571       897
      3944       111         2         1         7         4
       155       308       309       882
      3945       111         2         1         7         4
       992       502       741       823
      3946       111         2         1         7         4
      1009       922       677       536
      3947       111         2         1         7         4
       540       681       924      1065
      3948       111         2         1         7         4
      1004       540       924      1065
      3949       111         2         1         7         4
      1009      1067       677       922
      3950       111         2         1         7         4
       991       939       408       775
      3951       111         2         1         7         4
       761       227        73       382
      3952       111         2         1         7         4
       408       939       991       561
      3953       111         2         1         7         4
       424      1018       572       571
      3954       111         2         1         7         4
       461      1039       604       802
      3955       111         2         1         7         4
       924       539      1014      1094
      3956       111         2         1         7         4
       942       941       778       565
      3957       111         2         1         7         4
       665       524       666      1097
      3958       111         2         1         7         4
      1026      1086      1099       659
      3959       111         2         1         7         4
      1140       866       434       433
      3960       111         2         1         7         4
      1062       522       915      1001
      3961       111         2         1         7         4
       699      1060       698      1054
      3962       111         2         1         7         4
       892      1035       988       630
      3963       111         2         1         7         4
       787       433       578       866
      3964       111         2         1         7         4
      1007      1088       635       696
      3965       111         2         1         7         4
       346        40       193        39
      3966       111         2         1         7         4
      1008       528       912      1092
      3967       111         2         1         7         4
      1013       535       922       381
      3968       111         2         1         7         4
       427       950       575       574
      3969       111         2         1         7         4
      1000       829       356       909
      3970       111         2         1         7         4
       387        79       232        78
      3971       111         2         1         7         4
      1004      1095       925       541
      3972       111         2         1         7         4
      1112       692      1069       693
      3973       111         2         1         7         4
       168       811      1127      1124
      3974       111         2         1         7         4
       910       661      1080      1088
      3975       111         2         1         7         4
      1025       595       961      1095
      3976       111         2         1         7         4
       413       989       857       563
      3977       111         2         1         7         4
       206       831        52       205
      3978       111         2         1         7         4
       154       464      1133      1131
      3979       111         2         1         7         4
       215       832        61       214
      3980       111         2         1         7         4
       683       961       595      1095
      3981       111         2         1         7         4
       854       249       248       405
      3982       111         2         1         7         4
       397       398       930       769
      3983       111         2         1         7         4
       654      1046       618       652
      3984       111         2         1         7         4
       366       365       907       520
      3985       111         2         1         7         4
       738       338       185       184
      3986       111         2         1         7         4
       232       844        78       231
      3987       111         2         1         7         4
       335       492       181       818
      3988       111         2         1         7         4
       834       365       907       366
      3989       111         2         1         7         4
       189       823       741       342
      3990       111         2         1         7         4
        19        68       376       758
      3991       111         2         1         7         4
        16       772       247        15
      3992       111         2         1         7         4
        44       352       198        45
      3993       111         2         1         7         4
       191        37       344        38
      3994       111         2         1         7         4
       927       545      1072      1016
      3995       111         2         1         7         4
       335       492       818      1005
      3996       111         2         1         7         4
       812       890       982       480
      3997       111         2         1         7         4
       638       885       470       495
      3998       111         2         1         7         4
       188       341       342        35
      3999       111         2         1         7         4
       405        96       406       249
      4000       111         2         1         7         4
      1104      1046       905       652
      4001       111         2         1         7         4
       311       883       468       310
      4002       111         2         1         7         4
        36       342       741       343
      4003       111         2         1         7         4
       956       438       868       583
      4004       111         2         1         7         4
        55       363       209        56
      4005       111         2         1         7         4
       969       972       670       607
      4006       111         2         1         7         4
       489       631       630       892
      4007       111         2         1         7         4
       796       449       293       292
      4008       111         2         1         7         4
       314       161       473       315
      4009       111         2         1         7         4
       834        57        58       211
      4010       111         2         1         7         4
       625       983       985       626
      4011       111         2         1         7         4
      1074       576      1021       575
      4012       111         2         1         7         4
       625       626       985       483
      4013       111         2         1         7         4
       388       233        79        80
      4014       111         2         1         7         4
       333       491       179       332
      4015       111         2         1         7         4
       519       390       391       847
      4016       111         2         1         7         4
       210        57       834       211
      4017       111         2         1         7         4
      1033       625       891       624
      4018       111         2         1         7         4
       210       752        56       209
      4019       111         2         1         7         4
       749       910      1007       516
      4020       111         2         1         7         4
       758       376      1011       839
      4021       111         2         1         7         4
       941       700       565       942
      4022       111         2         1         7         4
       314       315       473       808
      4023       111         2         1         7         4
       260       107       417       261
      4024       111         2         1         7         4
       404        94       247       403
      4025       111         2         1         7         4
       622       981       714       730
      4026       111         2         1         7         4
       633       999       845       723
      4027       111         2         1         7         4
       982       623      1079      1033
      4028       111         2         1         7         4
       745       826       905       508
      4029       111         2         1         7         4
       725       690       691      1085
      4030       111         2         1         7         4
       308       882       465       804
      4031       111         2         1         7         4
       812       480       982       481
      4032       111         2         1         7         4
       634       765       390       519
      4033       111         2         1         7         4
       197       351       352        44
      4034       111         2         1         7         4
       437       281       790       868
      4035       111         2         1         7         4
       882       156       805       309
      4036       111         2         1         7         4
      1021       785       864       428
      4037       111         2         1         7         4
       419       263       262       109
      4038       111         2         1         7         4
       970       665      1097      1030
      4039       111         2         1         7         4
       911       750       361       833
      4040       111         2         1         7         4
       419       109       262       418
      4041       111         2         1         7         4
       591       874       448       962
      4042       111         2         1         7         4
       267       861       113       266
      4043       111         2         1         7         4
       892       630       988       631
      4044       111         2         1         7         4
       191        38       344       742
      4045       111         2         1         7         4
       874       448       962       796
      4046       111         2         1         7         4
       242        89        88       769
      4047       111         2         1         7         4
       495       471       639       807
      4048       111         2         1         7         4
       399       851        89        90
      4049       111         2         1         7         4
       796       448       962       592
      4050       111         2         1         7         4
       479       890       622       811
      4051       111         2         1         7         4
       336       737       335        29
      4052       111         2         1         7         4
       243        90        89       851
      4053       111         2         1         7         4
       243       851        89       242
      4054       111         2         1         7         4
       379        71       224        70
      4055       111         2         1         7         4
       101       856       411       410
      4056       111         2         1         7         4
       592       796       449       593
      4057       111         2         1         7         4
       770       400       553       934
      4058       111         2         1         7         4
       859       262       418       780
      4059       111         2         1         7         4
      1089       654       655      1003
      4060       111         2         1         7         4
       720       629      1035       984
      4061       111         2         1         7         4
       816       629       984      1035
      4062       111         2         1         7         4
       875       295       451       142
      4063       111         2         1         7         4
       855       409        99       775
      4064       111         2         1         7         4
       403       404       556       773
      4065       111         2         1         7         4
       876       959       799       454
      4066       111         2         1         7         4
       452      1025       798       596
      4067       111         2         1         7         4
       790       128       129       282
      4068       111         2         1         7         4
       874       796       292       448
      4069       111         2         1         7         4
       138       291       292       448
      4070       111         2         1         7         4
       868       281       280       437
      4071       111         2         1         7         4
       929       547       848       546
      4072       111         2         1         7         4
       717      1103       733       716
      4073       111         2         1         7         4
       656       615      1031       976
      4074       111         2         1         7         4
       881       607       972       969
      4075       111         2         1         7         4
       308       804       465       154
      4076       111         2         1         7         4
       995       779       567       568
      4077       111         2         1         7         4
        15       247       403       772
      4078       111         2         1         7         4
       816       329       894       487
      4079       111         2         1         7         4
       308       154       465       155
      4080       111         2         1         7         4
       886       977       589       807
      4081       111         2         1         7         4
       512      1000      1043       902
      4082       111         2         1         7         4
       487       328       486       175
      4083       111         2         1         7         4
       377       222        68        69
      4084       111         2         1         7         4
       104       414       258       105
      4085       111         2         1         7         4
       762       228       842       383
      4086       111         2         1         7         4
       487       894       486       328
      4087       111         2         1         7         4
       687      1072       545      1016
      4088       111         2         1         7         4
       276       432       787       433
      4089       111         2         1         7         4
       974       485       985       626
      4090       111         2         1         7         4
      1106       979       704       620
      4091       111         2         1         7         4
       974       815       893       485
      4092       111         2         1         7         4
       974       626       985       983
      4093       111         2         1         7         4
       946       642       643       497
      4094       111         2         1         7         4
      1091      1078       734       720
      4095       111         2         1         7         4
       396       850       240        87
      4096       111         2         1         7         4
       839       222       221        68
      4097       111         2         1         7         4
       927       928      1072       545
      4098       111         2         1         7         4
       999       662       633       926
      4099       111         2         1         7         4
       448       874       447       291
      4100       111         2         1         7         4
       871       293       140       294
      4101       111         2         1         7         4
       780       859       940       569
      4102       111         2         1         7         4
       667      1102       610       973
      4103       111         2         1         7         4
       175      1119       328       486
      4104       111         2         1         7         4
        27        28       182       819
      4105       111         2         1         7         4
       633       845       493       723
      4106       111         2         1         7         4
       877      1027       599       455
      4107       111         2         1         7         4
       816       894       984       629
      4108       111         2         1         7         4
       675       676       602      1029
      4109       111         2         1         7         4
       259       415       258       778
      4110       111         2         1         7         4
       332       817       895       491
      4111       111         2         1         7         4
       495       470         4       885
      4112       111         2         1         7         4
       495       807       639       884
      4113       111         2         1         7         4
       415       258       414       105
      4114       111         2         1         7         4
       771       401       931       402
      4115       111         2         1         7         4
       412       777       411       856
      4116       111         2         1         7         4
       452       875       142       143
      4117       111         2         1         7         4
       420       860       419       110
      4118       111         2         1         7         4
      1144      1142       127       436
      4119       111         2         1         7         4
       526       756       527       993
      4120       111         2         1         7         4
       547       548      1015       767
      4121       111         2         1         7         4
       312       470       159       469
      4122       111         2         1         7         4
       191       821        37       190
      4123       111         2         1         7         4
       978       887       617       475
      4124       111         2         1         7         4
       549       550       691       933
      4125       111         2         1         7         4
       368       915       522       367
      4126       111         2         1         7         4
       891       982      1033       624
      4127       111         2         1         7         4
       392       393       236        83
      4128       111         2         1         7         4
        54       207        22       362
      4129       111         2         1         7         4
       373       912       837       757
      4130       111         2         1         7         4
       181       334        28       819
      4131       111         2         1         7         4
       140       293       449       139
      4132       111         2         1         7         4
       237       767       394       393
      4133       111         2         1         7         4
      1069       692      1110      1037
      4134       111         2         1         7         4
       806       613       885       470
      4135       111         2         1         7         4
       636       952       564       725
      4136       111         2         1         7         4
       527       373       528       912
      4137       111         2         1         7         4
       336       737       820       946
      4138       111         2         1         7         4
       527       993      1109       668
      4139       111         2         1         7         4
       562       942      1066       938
      4140       111         2         1         7         4
       929       767       848       547
      4141       111         2         1         7         4
       425       117       426       863
      4142       111         2         1         7         4
       952       725       951       564
      4143       111         2         1         7         4
       687      1052      1016       546
      4144       111         2         1         7         4
       345       824       346       901
      4145       111         2         1         7         4
       157       805       156       310
      4146       111         2         1         7         4
         4       885       884       495
      4147       111         2         1         7         4
       881       803       972       607
      4148       111         2         1         7         4
       661       515       516       910
      4149       111         2         1         7         4
        62       216        63       755
      4150       111         2         1         7         4
      1148       245       771      1146
      4151       111         2         1         7         4
       557       404       773       556
      4152       111         2         1         7         4
       122       431       275       432
      4153       111         2         1         7         4
       403       773       556       937
      4154       111         2         1         7         4
      1039       673       604      1087
      4155       111         2         1         7         4
       638       613       470       885
      4156       111         2         1         7         4
       313       807       886       471
      4157       111         2         1         7         4
       573       949       572       425
      4158       111         2         1         7         4
       805       467       611       468
      4159       111         2         1         7         4
       858       416       567       779
      4160       111         2         1         7         4
       672      1090       673       605
      4161       111         2         1         7         4
       215       216        62       755
      4162       111         2         1         7         4
       875       595      1025       452
      4163       111         2         1         7         4
      1046       652       654       905
      4164       111         2         1         7         4
       719      1107      1078       734
      4165       111         2         1         7         4
       420       264       110       111
      4166       111         2         1         7         4
      1019       995       779       567
      4167       111         2         1         7         4
       110       860       419       263
      4168       111         2         1         7         4
      1105       667      1010       525
      4169       111         2         1         7         4
        16       772        93       246
      4170       111         2         1         7         4
       943       897       782       423
      4171       111         2         1         7         4
       116       269       270       783
      4172       111         2         1         7         4
       989       410       856       776
      4173       111         2         1         7         4
      1046       654       617      1089
      4174       111         2         1         7         4
      1156       656       655      1089
      4175       111         2         1         7         4
       937       773       772       403
      4176       111         2         1         7         4
       510       908      1084       990
      4177       111         2         1         7         4
       636      1037       637       494
      4178       111         2         1         7         4
      1010      1102       668       667
      4179       111         2         1         7         4
       186       739        33        25
      4180       111         2         1         7         4
       514       909       357      1006
      4181       111         2         1         7         4
       357      1006       748       830
      4182       111         2         1         7         4
        45       199       746       198
      4183       111         2         1         7         4
       404       248       247        94
      4184       111         2         1         7         4
       544       781       861       944
      4185       111         2         1         7         4
       739        33       822       186
      4186       111         2         1         7         4
       577       951       725       564
      4187       111         2         1         7         4
        16        15        93       772
      4188       111         2         1         7         4
        19       758       221        68
      4189       111         2         1         7         4
      1024       962       874       591
      4190       111         2         1         7         4
       844       541       925       387
      4191       111         2         1         7         4
       737       820        30       336
      4192       111         2         1         7         4
       881       463       803       607
      4193       111         2         1         7         4
       544       421       861       781
      4194       111         2         1         7         4
      1013       922       841       381
      4195       111         2         1         7         4
       444       442       793       872
      4196       111         2         1         7         4
       468       883       805       310
      4197       111         2         1         7         4
       945       337       820       497
      4198       111         2         1         7         4
       373       527       837       912
      4199       111         2         1         7         4
        31       184       185       338
      4200       111         2         1         7         4
       423       897       571       943
      4201       111         2         1         7         4
       941      1019       858       566
      4202       111         2         1         7         4
       397       850       930       550
      4203       111         2         1         7         4
       802       879       968       460
      4204       111         2         1         7         4
       666       667       611       973
      4205       111         2         1         7         4
       532      1012       674      1087
      4206       111         2         1         7         4
       974       485       893       985
      4207       111         2         1         7         4
       808       615       473       472
      4208       111         2         1         7         4
       397       769       930       850
      4209       111         2         1         7         4
       835       367      1001       915
      4210       111         2         1         7         4
       314       808       473       472
      4211       111         2         1         7         4
       363        56       752       209
      4212       111         2         1         7         4
       886       808       314       472
      4213       111         2         1         7         4
       616       615       473       808
      4214       111         2         1         7         4
       805       883       611       973
      4215       111         2         1         7         4
       886       615       808       472
      4216       111         2         1         7         4
       788       953       579       866
      4217       111         2         1         7         4
       573       425       863       949
      4218       111         2         1         7         4
       152       462      1132      1129
      4219       111         2         1         7         4
      1118       735      1096      1116
      4220       111         2         1         7         4
      1000       512      1043       513
      4221       111         2         1         7         4
       643      1093       947       685
      4222       111         2         1         7         4
       352       746       510       827
      4223       111         2         1         7         4
       854       936       935       557
      4224       111         2         1         7         4
       377       222       759       839
      4225       111         2         1         7         4
       851       932       399       398
      4226       111         2         1         7         4
       510       746       990       827
      4227       111         2         1         7         4
       399       932       918       552
      4228       111         2         1         7         4
       425       863       426       573
      4229       111         2         1         7         4
       101       102       411       856
      4230       111         2         1         7         4
       770       918       553       399
      4231       111         2         1         7         4
       515      1006       357       358
      4232       111         2         1         7         4
       526       756      1010       371
      4233       111         2         1         7         4
       429       494       637       896
      4234       111         2         1         7         4
      1010       526       993       756
      4235       111         2         1         7         4
       900       743       824       346
      4236       111         2         1         7         4
       506       650       505       900
      4237       111         2         1         7         4
       646       992       647      1108
      4238       111         2         1         7         4
      1032       476       809       618
      4239       111         2         1         7         4
       747       354        47       200
      4240       111         2         1         7         4
       946       497       643       945
      4241       111         2         1         7         4
       488       176       329       487
      4242       111         2         1         7         4
       356       355        48       829
      4243       111         2         1         7         4
       357        50       358       830
      4244       111         2         1         7         4
      1034      1107       719       718
      4245       111         2         1         7         4
       911       833       361       518
      4246       111         2         1         7         4
      1030       885       806       613
      4247       111         2         1         7         4
       499       744       906       614
      4248       111         2         1         7         4
       669       608       609       971
      4249       111         2         1         7         4
      1007       910      1088       696
      4250       111         2         1         7         4
       388       542       387       764
      4251       111         2         1         7         4
       831        53       750       206
      4252       111         2         1         7         4
       951      1022       578       689
      4253       111         2         1         7         4
       749       910       358       830
      4254       111         2         1         7         4
      1069      1112      1110       692
      4255       111         2         1         7         4
       978      1031       617       887
      4256       111         2         1         7         4
       200        46       354        47
      4257       111         2         1         7         4
       753       211       834        58
      4258       111         2         1         7         4
       369        62       215        61
      4259       111         2         1         7         4
       410       989       856       411
      4260       111         2         1         7         4
       906       499       826       744
      4261       111         2         1         7         4
       975      1062      1081       663
      4262       111         2         1         7         4
       528       669       912      1092
      4263       111         2         1         7         4
      1011      1090       920       531
      4264       111         2         1         7         4
       758       919      1011       376
      4265       111         2         1         7         4
       838        19       758        20
      4266       111         2         1         7         4
       718      1107       734       733
      4267       111         2         1         7         4
       979       810       477       620
      4268       111         2         1         7         4
        69       222       759       377
      4269       111         2         1         7         4
       338       184       337        31
      4270       111         2         1         7         4
       329       328       894       487
      4271       111         2         1         7         4
       872       793       792       442
      4272       111         2         1         7         4
       100       776       410       855
      4273       111         2         1         7         4
       649       648      1100      1115
      4274       111         2         1         7         4
       913       832       369       917
      4275       111         2         1         7         4
       899       738       338       739
      4276       111         2         1         7         4
      1155       512       355       354
      4277       111         2         1         7         4
       765       493       845       994
      4278       111         2         1         7         4
       193       824        39       192
      4279       111         2         1         7         4
       970       612       883       611
      4280       111         2         1         7         4
        91       852       401       400
      4281       111         2         1         7         4
       237       236       848       393
      4282       111         2         1         7         4
       941       700      1060       701
      4283       111         2         1         7         4
       939       775       853       408
      4284       111         2         1         7         4
        99       855       253       100
      4285       111         2         1         7         4
       855       100        99       409
      4286       111         2         1         7         4
       424       897       571       423
      4287       111         2         1         7         4
       115       862       269       116
      4288       111         2         1         7         4
       527      1109       912       669
      4289       111         2         1         7         4
       519       847       391       927
      4290       111         2         1         7         4
      1030       613       806       970
      4291       111         2         1         7         4
       633       926       389       845
      4292       111         2         1         7         4
       484       893       485       985
      4293       111         2         1         7         4
       423       422       114       782
      4294       111         2         1         7         4
       485       893       327       815
      4295       111         2         1         7         4
       316       474       162       315
      4296       111         2         1         7         4
       122       275       276       432
      4297       111         2         1         7         4
      1050       684       594       964
      4298       111         2         1         7         4
       684       960       593       964
      4299       111         2         1         7         4
       617       887       474       475
      4300       111         2         1         7         4
       145       799       298       299
      4301       111         2         1         7         4
       991       939      1054       561
      4302       111         2         1         7         4
      1116       735      1117      1118
      4303       111         2         1         7         4
       326       173         1       814
      4304       111         2         1         7         4
       326         1         2       814
      4305       111         2         1         7         4
       484         1       173       814
      4306       111         2         1         7         4
       484       172         1       814
      4307       111         2         1         7         4
         2         1       172       814
      4308       111         2         1         7         4
       814         2       325       172
      4309       111         2         1         7         4
       456       146         5       877
      4310       111         2         1         7         4
       456         5       457       800
      4311       111         2         1         7         4
         8         7       133       443
      4312       111         2         1         7         4
       443         8       287       793
      4313       111         2         1         7         4
       133       286         8       443
      4314       111         2         1         7         4
       793         8       286       443
      4315       111         2         1         7         4
         9       494       429        10
      4316       111         2         1         7         4
       430       494        10       786
      4317       111         2         1         7         4
       430       786        10       274
      4318       111         2         1         7         4
       120         9       429        10
      4319       111         2         1         7         4
       430         9       121       274
      4320       111         2         1         7         4
        10       429       896       494
      4321       111         2         1         7         4
       786        10       896       494
      4322       111         2         1         7         4
       785        10       273       120
      4323       111         2         1         7         4
       112       111        11       265
      4324       111         2         1         7         4
       265        11        12       111
      4325       111         2         1         7         4
       264       265       111       420
      4326       111         2         1         7         4
       256       412        14       255
      4327       111         2         1         7         4
       403        15       772        93
      4328       111         2         1         7         4
        17       389        80        18
      4329       111         2         1         7         4
       390        17        81       234
      4330       111         2         1         7         4
       390       493        18       765
      4331       111         2         1         7         4
       390       765        18       234
      4332       111         2         1         7         4
       493       389        18       845
      4333       111         2         1         7         4
       846        18       233        80
      4334       111         2         1         7         4
       493       845        18       765
      4335       111         2         1         7         4
       845        18       846       389
      4336       111         2         1         7         4
       375        19       838        67
      4337       111         2         1         7         4
        54        21       362        22
      4338       111         2         1         7         4
       362        21        55        22
      4339       111         2         1         7         4
       751       209        55       363
      4340       111         2         1         7         4
      1117      1056       694      1059
      4341       111         2         1         7         4
        24      1149        23       744
      4342       111         2         1         7         4
      1117      1059       694       695
      4343       111         2         1         7         4
        24        23        41       348
      4344       111         2         1         7         4
       579       953       687      1052
      4345       111         2         1         7         4
      1117       695       694       709
      4346       111         2         1         7         4
       194        24       348       825
      4347       111         2         1         7         4
       195      1154        24       744
      4348       111         2         1         7         4
       744        24       348        23
      4349       111         2         1         7         4
      1149        24      1154       744
      4350       111         2         1         7         4
       194       825       348       347
      4351       111         2         1         7         4
       819        27       181       335
      4352       111         2         1         7         4
        29        27       819       335
      4353       111         2         1         7         4
        34        33       822       340
      4354       111         2         1         7         4
       339        33       340       822
      4355       111         2         1         7         4
       340        34       341       822
      4356       111         2         1         7         4
       188        35       342       189
      4357       111         2         1         7         4
       191       742       344       821
      4358       111         2         1         7         4
       343        37       344       821
      4359       111         2         1         7         4
       345        38        39       742
      4360       111         2         1         7         4
       344       742        38       345
      4361       111         2         1         7         4
       347       194       193        40
      4362       111         2         1         7         4
        41       347        40       194
      4363       111         2         1         7         4
       347        40       193       346
      4364       111         2         1         7         4
       194       347       348        41
      4365       111         2         1         7         4
        43        42       196       350
      4366       111         2         1         7         4
      1154      1151        42       744
      4367       111         2         1         7         4
       349        42       350       826
      4368       111         2         1         7         4
       196        42       195       826
      4369       111         2         1         7         4
       195        42      1151       744
      4370       111         2         1         7         4
       351      1153        43        44
      4371       111         2         1         7         4
      1152        44      1153       351
      4372       111         2         1         7         4
       359        52       360       831
      4373       111         2         1         7         4
       360        52        53       831
      4374       111         2         1         7         4
        55       208       751        22
      4375       111         2         1         7         4
       209       751        55       208
      4376       111         2         1         7         4
       364        56        57       752
      4377       111         2         1         7         4
       364        57       365       752
      4378       111         2         1         7         4
        59        58       212       753
      4379       111         2         1         7         4
       211        58       753       212
      4380       111         2         1         7         4
        60        59       835       367
      4381       111         2         1         7         4
       213        59       212       835
      4382       111         2         1         7         4
       753        59       835       212
      4383       111         2         1         7         4
        60       367       835       754
      4384       111         2         1         7         4
       368        60        61       754
      4385       111         2         1         7         4
       214        60       213       754
      4386       111         2         1         7         4
       367        60       368       754
      4387       111         2         1         7         4
        61        60       214       754
      4388       111         2         1         7         4
       369        61       215       832
      4389       111         2         1         7         4
       369       368        61       832
      4390       111         2         1         7         4
       832        61       754       368
      4391       111         2         1         7         4
       369       755        62       370
      4392       111         2         1         7         4
        63        62       755       370
      4393       111         2         1         7         4
       217       371        63       836
      4394       111         2         1         7         4
       370        63       371       836
      4395       111         2         1         7         4
       371       217        63        64
      4396       111         2         1         7         4
       217        63       216       836
      4397       111         2         1         7         4
       372       371       217       756
      4398       111         2         1         7         4
        65        64       218       372
      4399       111         2         1         7         4
       372       756       217       218
      4400       111         2         1         7         4
       219        65       218       837
      4401       111         2         1         7         4
       372        65       373       837
      4402       111         2         1         7         4
        66        65       219       373
      4403       111         2         1         7         4
       374        66       220       757
      4404       111         2         1         7         4
       373       757        66       374
      4405       111         2         1         7         4
       374        67       375       838
      4406       111         2         1         7         4
       377        68       839       376
      4407       111         2         1         7         4
       379        70       224       840
      4408       111         2         1         7         4
       378        70       379       840
      4409       111         2         1         7         4
       379        71       380       760
      4410       111         2         1         7         4
       225       841       380       760
      4411       111         2         1         7         4
       380        72       381       841
      4412       111         2         1         7         4
        73        72       841       381
      4413       111         2         1         7         4
       381       761        73       382
      4414       111         2         1         7         4
       228        75       762       229
      4415       111         2         1         7         4
       384       843       229        76
      4416       111         2         1         7         4
       383       762        75       384
      4417       111         2         1         7         4
       384        76       229        75
      4418       111         2         1         7         4
       384       843        76       385
      4419       111         2         1         7         4
       384        75       229       762
      4420       111         2         1         7         4
       230        76       229       843
      4421       111         2         1         7         4
       230       385        76       843
      4422       111         2         1         7         4
       385       230        76        77
      4423       111         2         1         7         4
       386        77        78       231
      4424       111         2         1         7         4
       231        77       230       763
      4425       111         2         1         7         4
       385        77       386       763
      4426       111         2         1         7         4
       387        78       232       844
      4427       111         2         1         7         4
       386       844        78       387
      4428       111         2         1         7         4
       388        80       389       846
      4429       111         2         1         7         4
       235        81       234       847
      4430       111         2         1         7         4
       390        81       391       847
      4431       111         2         1         7         4
        82        81       235       391
      4432       111         2         1         7         4
       391       766        82       392
      4433       111         2         1         7         4
      1084       990      1156       510
      4434       111         2         1         7         4
        84       394       237       238
      4435       111         2         1         7         4
       394        84        85       238
      4436       111         2         1         7         4
       395        85        86       239
      4437       111         2         1         7         4
       239        85       238       849
      4438       111         2         1         7         4
       394        85       395       849
      4439       111         2         1         7         4
       396        87       240        86
      4440       111         2         1         7         4
       396        86       240       768
      4441       111         2         1         7         4
       240        86       239       768
      4442       111         2         1         7         4
       395        86       396       768
      4443       111         2         1         7         4
       397        87       241       850
      4444       111         2         1         7         4
       396        87       397       850
      4445       111         2         1         7         4
       402        92        93       771
      4446       111         2         1         7         4
      1148        92      1146       771
      4447       111         2         1         7         4
        93        92      1148       771
      4448       111         2         1         7         4
       771        92       401       402
      4449       111         2         1         7         4
       772        93       402       403
      4450       111         2         1         7         4
       772       403       402       937
      4451       111         2         1         7         4
        97       406        96       250
      4452       111         2         1         7         4
       250        96       249       406
      4453       111         2         1         7         4
       251        97       250       853
      4454       111         2         1         7         4
       251        98        97       853
      4455       111         2         1         7         4
       407        97        98       853
      4456       111         2         1         7         4
       252        98       251       775
      4457       111         2         1         7         4
       407        98       408       853
      4458       111         2         1         7         4
        99        98       252       775
      4459       111         2         1         7         4
       408        98        99       775
      4460       111         2         1         7         4
       408        99       409       775
      4461       111         2         1         7         4
       409       100       410       855
      4462       111         2         1         7         4
       413       104       414       857
      4463       111         2         1         7         4
       260       261       417       779
      4464       111         2         1         7         4
       419       418       262       780
      4465       111         2         1         7         4
       112       420       111       265
      4466       111         2         1         7         4
       421       420       265       781
      4467       111         2         1         7         4
       113       112       266       421
      4468       111         2         1         7         4
       421       781       265       266
      4469       111         2         1         7         4
       113       861       114       422
      4470       111         2         1         7         4
       421       861       113       422
      4471       111         2         1         7         4
       423       115       424       862
      4472       111         2         1         7         4
       862       116       115       424
      4473       111         2         1         7         4
       425       116       783       424
      4474       111         2         1         7         4
       783       116       862       424
      4475       111         2         1         7         4
       273       119       272       864
      4476       111         2         1         7         4
       864       119       120       273
      4477       111         2         1         7         4
       785       120       429        10
      4478       111         2         1         7         4
       864       120       785       273
      4479       111         2         1         7         4
       431       430       274       865
      4480       111         2         1         7         4
       433       123       124      1143
      4481       111         2         1         7         4
       278       788       434       277
      4482       111         2         1         7         4
       278       277       434       124
      4483       111         2         1         7         4
      1140       277       124       434
      4484       111         2         1         7         4
      1140       124      1143       433
      4485       111         2         1         7         4
       435       125       126       867
      4486       111         2         1         7         4
       279       125       278       867
      4487       111         2         1         7         4
       434       788      1158       435
      4488       111         2         1         7         4
       126       125       279       867
      4489       111         2         1         7         4
       436       126       127      1144
      4490       111         2         1         7         4
      1144       126      1138       436
      4491       111         2         1         7         4
      1138       126       279       436
      4492       111         2         1         7         4
       435       126       436       867
      4493       111         2         1         7         4
       438       128       129       790
      4494       111         2         1         7         4
       437       790       128       438
      4495       111         2         1         7         4
       439       438       129       869
      4496       111         2         1         7         4
       130       129       869       439
      4497       111         2         1         7         4
       790       869       129       438
      4498       111         2         1         7         4
       439       130       440       791
      4499       111         2         1         7         4
       131       440       130      1145
      4500       111         2         1         7         4
      1145       130       791       440
      4501       111         2         1         7         4
       441       131       285       870
      4502       111         2         1         7         4
      1141       131      1145       440
      4503       111         2         1         7         4
       284       131      1141       870
      4504       111         2         1         7         4
       285       131       284       870
      4505       111         2         1         7         4
       131       440       870       441
      4506       111         2         1         7         4
       441       870       285       792
      4507       111         2         1         7         4
       286       132       285       792
      4508       111         2         1         7         4
       441       132       442       792
      4509       111         2         1         7         4
       286       133       132       792
      4510       111         2         1         7         4
       442       132       133       792
      4511       111         2         1         7         4
       442       133       443       792
      4512       111         2         1         7         4
       287       443       444       134
      4513       111         2         1         7         4
       287       134       444       288
      4514       111         2         1         7         4
       135       444       134       288
      4515       111         2         1         7         4
       135       445       444       288
      4516       111         2         1         7         4
       135       289       136       445
      4517       111         2         1         7         4
       289       135       288       445
      4518       111         2         1         7         4
       445       136       446       289
      4519       111         2         1         7         4
       137       136       290       446
      4520       111         2         1         7         4
       290       136       289       446
      4521       111         2         1         7         4
       450       141       451       797
      4522       111         2         1         7         4
       451       142       452       875
      4523       111         2         1         7         4
       143       453       452       798
      4524       111         2         1         7         4
       798      1134       143      1136
      4525       111         2         1         7         4
       144       453       143      1136
      4526       111         2         1         7         4
       298       799       454       876
      4527       111         2         1         7         4
       453       144       454       876
      4528       111         2         1         7         4
      1135       144      1136       453
      4529       111         2         1         7         4
       455       145       299       799
      4530       111         2         1         7         4
       454       145       455       799
      4531       111         2         1         7         4
       455       877       146       456
      4532       111         2         1         7         4
       458       147       148       878
      4533       111         2         1         7         4
       457       147       458       878
      4534       111         2         1         7         4
       300       148       878       301
      4535       111         2         1         7         4
       458       148       459       801
      4536       111         2         1         7         4
       302       459       148       801
      4537       111         2         1         7         4
       459       302       148       149
      4538       111         2         1         7         4
       302       148       301       801
      4539       111         2         1         7         4
       150       149       303       460
      4540       111         2         1         7         4
       302       303       460       879
      4541       111         2         1         7         4
       302       879       460       459
      4542       111         2         1         7         4
       151       461       150       304
      4543       111         2         1         7         4
       304       150       303       461
      4544       111         2         1         7         4
       460       150       461       303
      4545       111         2         1         7         4
       462       151       152      1132
      4546       111         2         1         7         4
       151       880       304      1128
      4547       111         2         1         7         4
       461       151       462       880
      4548       111         2         1         7         4
       151      1128      1132       880
      4549       111         2         1         7         4
       154       153      1133       464
      4550       111         2         1         7         4
       463       153       464       881
      4551       111         2         1         7         4
      1133       153      1130       881
      4552       111         2         1         7         4
       805       156       466       467
      4553       111         2         1         7         4
       157       156       805       467
      4554       111         2         1         7         4
       316       317       163       475
      4555       111         2         1         7         4
       164       163       317       475
      4556       111         2         1         7         4
       318       476       317       888
      4557       111         2         1         7         4
       165       476       164       318
      4558       111         2         1         7         4
       319       166      1159       810
      4559       111         2         1         7         4
       319       810      1159       318
      4560       111         2         1         7         4
       165       477       476       318
      4561       111         2         1         7         4
       477       166       478       810
      4562       111         2         1         7         4
       320       167       166       889
      4563       111         2         1         7         4
       320       166       319       889
      4564       111         2         1         7         4
       167       478       166       889
      4565       111         2         1         7         4
       479       167       168      1127
      4566       111         2         1         7         4
      1127       167      1122       479
      4567       111         2         1         7         4
       479       889       167      1122
      4568       111         2         1         7         4
       320      1122       167       889
      4569       111         2         1         7         4
       169       168       322       480
      4570       111         2         1         7         4
       479       168       480       890
      4571       111         2         1         7         4
       321       168      1124       811
      4572       111         2         1         7         4
       322       168       321       890
      4573       111         2         1         7         4
       323       169       322       812
      4574       111         2         1         7         4
       481       169       170       812
      4575       111         2         1         7         4
       480       169       481       812
      4576       111         2         1         7         4
       170       169       323       812
      4577       111         2         1         7         4
       482      1126       170       171
      4578       111         2         1         7         4
       483       482       171       813
      4579       111         2         1         7         4
       482       171       324      1125
      4580       111         2         1         7         4
       325       171       324       813
      4581       111         2         1         7         4
       172       171       813       483
      4582       111         2         1         7         4
      1126      1125       171       482
      4583       111         2         1         7         4
       174       173       327       485
      4584       111         2         1         7         4
       327       173       326       893
      4585       111         2         1         7         4
       484       173       485       893
      4586       111         2         1         7         4
      1121       174      1120       486
      4587       111         2         1         7         4
       327      1120       174       485
      4588       111         2         1         7         4
       175       174      1121       486
      4589       111         2         1         7         4
       953       580       687      1072
      4590       111         2         1         7         4
       177       488       176       330
      4591       111         2         1         7         4
       330       176       329       488
      4592       111         2         1         7         4
       330       331       489       892
      4593       111         2         1         7         4
       489       177       178       331
      4594       111         2         1         7         4
       330       892       489       488
      4595       111         2         1         7         4
       332       178       331       490
      4596       111         2         1         7         4
       490       178       179       332
      4597       111         2         1         7         4
       489       178       490       331
      4598       111         2         1         7         4
       491      1157       180       492
      4599       111         2         1         7         4
       825       194       743       347
      4600       111         2         1         7         4
       826       195       744        42
      4601       111         2         1         7         4
      1154       195      1151       744
      4602       111         2         1         7         4
       350       196       826        42
      4603       111         2         1         7         4
       745       196       351       197
      4604       111         2         1         7         4
      1153       196       197       351
      4605       111         2         1         7         4
       827       197       745       351
      4606       111         2         1         7         4
      1159       165       477       166
      4607       111         2         1         7         4
        60       754       835       213
      4608       111         2         1         7         4
       756       217       836       371
      4609       111         2         1         7         4
       372       218       217        64
      4610       111         2         1         7         4
       837       218       372        65
      4611       111         2         1         7         4
       373       219       837        65
      4612       111         2         1         7         4
       761       227       382       842
      4613       111         2         1         7         4
       763       230       843       385
      4614       111         2         1         7         4
       386       231       763        77
      4615       111         2         1         7         4
       847       234       390        81
      4616       111         2         1         7         4
       390       234        18        17
      4617       111         2         1         7         4
       391       235       847        81
      4618       111         2         1         7         4
       238       237       767       394
      4619       111         2         1         7         4
       849       238       767       394
      4620       111         2         1         7         4
       768       239       395        86
      4621       111         2         1         7         4
       395       239       849        85
      4622       111         2         1         7         4
       246       245       771      1148
      4623       111         2         1         7         4
      1148       246      1147       771
      4624       111         2         1         7         4
       774       249       406       250
      4625       111         2         1         7         4
       774       853       250       406
      4626       111         2         1         7         4
       775       251       853        98
      4627       111         2         1         7         4
       256       255       777       412
      4628       111         2         1         7         4
       856       255       412       777
      4629       111         2         1         7         4
       264       781       265       420
      4630       111         2         1         7         4
       421       266       265       112
      4631       111         2         1         7         4
       430       274        10         9
      4632       111         2         1         7         4
       787       275       432       276
      4633       111         2         1         7         4
       433       276      1137      1143
      4634       111         2         1         7         4
       866       276       787       433
      4635       111         2         1         7         4
       276       866       277      1143
      4636       111         2         1         7         4
      1143       277      1140       866
      4637       111         2         1         7         4
       434       435      1158       125
      4638       111         2         1         7         4
       280       279       789       436
      4639       111         2         1         7         4
       789       279       867       436
      4640       111         2         1         7         4
      1144       279       280       436
      4641       111         2         1         7         4
       280       437       789       868
      4642       111         2         1         7         4
      1144       280      1142       436
      4643       111         2         1         7         4
       437       280       789       436
      4644       111         2         1         7         4
      1145       283       284       791
      4645       111         2         1         7         4
       870       284       791      1141
      4646       111         2         1         7         4
      1145       284      1141       791
      4647       111         2         1         7         4
       441       792       285       132
      4648       111         2         1         7         4
       793       286       792       443
      4649       111         2         1         7         4
       289       288       794       445
      4650       111         2         1         7         4
       794       288       872       445
      4651       111         2         1         7         4
       872       288       793       444
      4652       111         2         1         7         4
       446       289       794       445
      4653       111         2         1         7         4
       871       294       140       450
      4654       111         2         1         7         4
       797       450       294       871
      4655       111         2         1         7         4
       297       296       798      1136
      4656       111         2         1         7         4
       876       297       798       453
      4657       111         2         1         7         4
       297      1136       453      1135
      4658       111         2         1         7         4
      1136       297       453       798
      4659       111         2         1         7         4
       801       148       878       458
      4660       111         2         1         7         4
       879       302       801       459
      4661       111         2         1         7         4
       802       304       303       461
      4662       111         2         1         7         4
       302       459       460       149
      4663       111         2         1         7         4
       880       304       802       461
      4664       111         2         1         7         4
      1128       304      1132       880
      4665       111         2         1         7         4
      1132       304       305       880
      4666       111         2         1         7         4
       803       305       880       462
      4667       111         2         1         7         4
       462      1132       305       880
      4668       111         2         1         7         4
       307       306       881      1133
      4669       111         2         1         7         4
       804       464       307       881
      4670       111         2         1         7         4
      1133       307      1131       464
      4671       111         2         1         7         4
       809       317       316       475
      4672       111         2         1         7         4
       810       318       888       477
      4673       111         2         1         7         4
       889       319       810       166
      4674       111         2         1         7         4
       321      1127       320       811
      4675       111         2         1         7         4
      1122      1127       811       320
      4676       111         2         1         7         4
       890       321       811       168
      4677       111         2         1         7         4
      1127       321      1124       811
      4678       111         2         1         7         4
       480       322       890       168
      4679       111         2         1         7         4
       812       322       480       169
      4680       111         2         1         7         4
       891       323       812       482
      4681       111         2         1         7         4
       323       482       324      1126
      4682       111         2         1         7         4
       482       323       324       891
      4683       111         2         1         7         4
       324       813       482       891
      4684       111         2         1         7         4
      1159       318       477       165
      4685       111         2         1         7         4
       893       326       814       173
      4686       111         2         1         7         4
      1121       815       327       328
      4687       111         2         1         7         4
       815       327       485      1120
      4688       111         2         1         7         4
       485       327       893       173
      4689       111         2         1         7         4
       328       486      1121       815
      4690       111         2         1         7         4
       894       328       815       486
      4691       111         2         1         7         4
       330       329       816       488
      4692       111         2         1         7         4
       892       330       816       488
      4693       111         2         1         7         4
       330       488       489       177
      4694       111         2         1         7         4
       492       335       496      1005
      4695       111         2         1         7         4
       496       335       336      1005
      4696       111         2         1         7         4
       496       336       497       946
      4697       111         2         1         7         4
       337       738       338       498
      4698       111         2         1         7         4
       497       337       498       945
      4699       111         2         1         7         4
       738       337       945       498
      4700       111         2         1         7         4
       339       338       899       498
      4701       111         2         1         7         4
       899       338       738       498
      4702       111         2         1         7         4
       498       339       340       899
      4703       111         2         1         7         4
       500       341       822       340
      4704       111         2         1         7         4
       899       987       500       498
      4705       111         2         1         7         4
       899       498       500       340
      4706       111         2         1         7         4
       899       340       500       822
      4707       111         2         1         7         4
       501       341       740       500
      4708       111         2         1         7         4
       501       341       342       823
      4709       111         2         1         7         4
       502       342       823       501
      4710       111         2         1         7         4
       502       741       342       343
      4711       111         2         1         7         4
       502       343       503       898
      4712       111         2         1         7         4
       821       343       503       344
      4713       111         2         1         7         4
       898       343       741       502
      4714       111         2         1         7         4
       503       903       344       504
      4715       111         2         1         7         4
       345       742       903       344
      4716       111         2         1         7         4
       345       344       903       504
      4717       111         2         1         7         4
       505       345       346       901
      4718       111         2         1         7         4
       504       345       505       901
      4719       111         2         1         7         4
       347       346       743       506
      4720       111         2         1         7         4
       507       347       348       825
      4721       111         2         1         7         4
       506       347       507       743
      4722       111         2         1         7         4
       614       348       349       744
      4723       111         2         1         7         4
       348       825       744       614
      4724       111         2         1         7         4
       507       348       614       825
      4725       111         2         1         7         4
       499       349       350       826
      4726       111         2         1         7         4
       614       349       499       744
      4727       111         2         1         7         4
       744       349       826        42
      4728       111         2         1         7         4
      1000       355       512       513
      4729       111         2         1         7         4
       356       355      1000       513
      4730       111         2         1         7         4
       357       356       909       514
      4731       111         2         1         7         4
       909       356      1000       513
      4732       111         2         1         7         4
       513       356       514       909
      4733       111         2         1         7         4
       516      1007       359       517
      4734       111         2         1         7         4
       831       359      1007       517
      4735       111         2         1         7         4
       517       359       360       831
      4736       111         2         1         7         4
       517       911       360       518
      4737       111         2         1         7         4
       911       750       360       361
      4738       111         2         1         7         4
       518       360       361       911
      4739       111         2         1         7         4
       518       361       363       833
      4740       111         2         1         7         4
        55        22       751       362
      4741       111         2         1         7         4
       518       363       364       833
      4742       111         2         1         7         4
       522       368       523       913
      4743       111         2         1         7         4
       523       368       369       913
      4744       111         2         1         7         4
       754       368       913       832
      4745       111         2         1         7         4
       917       369       523       524
      4746       111         2         1         7         4
       917       755       369       370
      4747       111         2         1         7         4
       913       369       832       368
      4748       111         2         1         7         4
       524       369       370       917
      4749       111         2         1         7         4
       914       836       370       371
      4750       111         2         1         7         4
       524       914       370       525
      4751       111         2         1         7         4
       525       370       371       914
      4752       111         2         1         7         4
       757       373       528       374
      4753       111         2         1         7         4
      1008       374       838       757
      4754       111         2         1         7         4
       375       530       529       919
      4755       111         2         1         7         4
       530       375       376       919
      4756       111         2         1         7         4
      1011       376       919       530
      4757       111         2         1         7         4
       839       376      1011       531
      4758       111         2         1         7         4
       530       376       531      1011
      4759       111         2         1         7         4
       531       376       377       839
      4760       111         2         1         7         4
       531       920       377       532
      4761       111         2         1         7         4
       840       378      1012       533
      4762       111         2         1         7         4
       532       378       533      1012
      4763       111         2         1         7         4
       533       378       379       840
      4764       111         2         1         7         4
       760       379       534       380
      4765       111         2         1         7         4
       760       380       534      1013
      4766       111         2         1         7         4
       533       379       534       921
      4767       111         2         1         7         4
       534       380       535      1013
      4768       111         2         1         7         4
       535       380       381      1013
      4769       111         2         1         7         4
       841       380      1013       381
      4770       111         2         1         7         4
       535       381       536       922
      4771       111         2         1         7         4
       382       536       381       761
      4772       111         2         1         7         4
       922       761       381       536
      4773       111         2         1         7         4
       382       842       383       537
      4774       111         2         1         7         4
       536       382       537      1009
      4775       111         2         1         7         4
       537       383       538       923
      4776       111         2         1         7         4
       762       383       538       384
      4777       111         2         1         7         4
       842       923       383       537
      4778       111         2         1         7         4
       538      1014       384       539
      4779       111         2         1         7         4
       843       384      1014       539
      4780       111         2         1         7         4
       539       384       385       843
      4781       111         2         1         7         4
       540      1004       386       541
      4782       111         2         1         7         4
       541       386       387       844
      4783       111         2         1         7         4
       844       386      1004       541
      4784       111         2         1         7         4
       846      1002       543       388
      4785       111         2         1         7         4
       388       543       542      1002
      4786       111         2         1         7         4
       846       388       543       389
      4787       111         2         1         7         4
       846       389       543       926
      4788       111         2         1         7         4
       519       391       545       927
      4789       111         2         1         7         4
       391       927       766       392
      4790       111         2         1         7         4
       545       391       392       927
      4791       111         2         1         7         4
       546       392      1016       545
      4792       111         2         1         7         4
      1016       392       766       927
      4793       111         2         1         7         4
       548       395       549      1038
      4794       111         2         1         7         4
       549       395       396      1038
      4795       111         2         1         7         4
       768       395      1038       396
      4796       111         2         1         7         4
       550       396       397       850
      4797       111         2         1         7         4
       398       397       930       551
      4798       111         2         1         7         4
       930       397       550       551
      4799       111         2         1         7         4
       552       398       399       932
      4800       111         2         1         7         4
       932       930       551       398
      4801       111         2         1         7         4
       932       398       551       552
      4802       111         2         1         7         4
       553       399       918       552
      4803       111         2         1         7         4
       554       931       401       555
      4804       111         2         1         7         4
       771       401       852       931
      4805       111         2         1         7         4
       555       401       402       931
      4806       111         2         1         7         4
       852       401       934       931
      4807       111         2         1         7         4
       937       402       555       556
      4808       111         2         1         7         4
       557       556       773       936
      4809       111         2         1         7         4
       558       406      1017       774
      4810       111         2         1         7         4
      1017       407       406       559
      4811       111         2         1         7         4
       939       853       407       408
      4812       111         2         1         7         4
       559      1017       407       560
      4813       111         2         1         7         4
       558       559      1017       406
      4814       111         2         1         7         4
       560       939       407       408
      4815       111         2         1         7         4
       560       408       561       939
      4816       111         2         1         7         4
       561       991       408       409
      4817       111         2         1         7         4
       853       408       775        98
      4818       111         2         1         7         4
       775       408       991       409
      4819       111         2         1         7         4
       562       409       991       561
      4820       111         2         1         7         4
       562       938       409       410
      4821       111         2         1         7         4
       411       410       989       563
      4822       111         2         1         7         4
       562       410       563       938
      4823       111         2         1         7         4
       989       410       938       563
      4824       111         2         1         7         4
       563       411       413       989
      4825       111         2         1         7         4
       563       413       414       857
      4826       111         2         1         7         4
       563       414       565       857
      4827       111         2         1         7         4
       567       779       416       417
      4828       111         2         1         7         4
       567       417       568       779
      4829       111         2         1         7         4
       569       780       418       419
      4830       111         2         1         7         4
       544       419       780       569
      4831       111         2         1         7         4
       544       420       421       781
      4832       111         2         1         7         4
       544       861       421       422
      4833       111         2         1         7         4
       861       943       422       544
      4834       111         2         1         7         4
       544       422       570       943
      4835       111         2         1         7         4
       570       422       423       943
      4836       111         2         1         7         4
       570       423       571       943
      4837       111         2         1         7         4
       783       424       572       425
      4838       111         2         1         7         4
       429       428      1021       576
      4839       111         2         1         7         4
       576       429       637      1021
      4840       111         2         1         7         4
      1084       510      1156       656
      4841       111         2         1         7         4
       564       430       431       865
      4842       111         2         1         7         4
       494       430       636       786
      4843       111         2         1         7         4
       636       430       564       786
      4844       111         2         1         7         4
       564       431       577       865
      4845       111         2         1         7         4
       577       787       431       432
      4846       111         2         1         7         4
       577       432       578       787
      4847       111         2         1         7         4
       433       432       787       578
      4848       111         2         1         7         4
       579       433       434       866
      4849       111         2         1         7         4
       866       433       578       579
      4850       111         2         1         7         4
       866       433      1140      1143
      4851       111         2         1         7         4
      1140       433       434       124
      4852       111         2         1         7         4
      1140       434       866       277
      4853       111         2         1         7         4
       866       434       788       277
      4854       111         2         1         7         4
       580       434       435       788
      4855       111         2         1         7         4
       788       866       579       434
      4856       111         2         1         7         4
       788       434       579       580
      4857       111         2         1         7         4
       580       954       435       581
      4858       111         2         1         7         4
       788       435       954       867
      4859       111         2         1         7         4
       867       435       581       436
      4860       111         2         1         7         4
       436       437       582       789
      4861       111         2         1         7         4
       581       789       436       582
      4862       111         2         1         7         4
       790       437       868       438
      4863       111         2         1         7         4
       583       437       438       868
      4864       111         2         1         7         4
       582       955       868       583
      4865       111         2         1         7         4
       956       790       438       869
      4866       111         2         1         7         4
       584       438       439       956
      4867       111         2         1         7         4
       956       438       583       584
      4868       111         2         1         7         4
       584       957       439       585
      4869       111         2         1         7         4
      1084      1089      1156       990
      4870       111         2         1         7         4
       956       439       869       438
      4871       111         2         1         7         4
       791       440      1141      1145
      4872       111         2         1         7         4
       441       132       285       131
      4873       111         2         1         7         4
       828       512      1155       354
      4874       111         2         1         7         4
       587       441       442       792
      4875       111         2         1         7         4
       443       442       793       444
      4876       111         2         1         7         4
       872       792       587       442
      4877       111         2         1         7         4
       872       442       587       588
      4878       111         2         1         7         4
       828       747      1155       902
      4879       111         2         1         7         4
       588       442       444       872
      4880       111         2         1         7         4
       872       444       445       288
      4881       111         2         1         7         4
       588       794       445       640
      4882       111         2         1         7         4
       640       445       446       794
      4883       111         2         1         7         4
       447       446       795       590
      4884       111         2         1         7         4
       446       873       795       590
      4885       111         2         1         7         4
       590       640       446       873
      4886       111         2         1         7         4
       794       873       446       640
      4887       111         2         1         7         4
       591       447       795       590
      4888       111         2         1         7         4
       592       448       962       591
      4889       111         2         1         7         4
       871       450       964       797
      4890       111         2         1         7         4
       593       450       594       964
      4891       111         2         1         7         4
       594       450       451       797
      4892       111         2         1         7         4
       961       875       451       595
      4893       111         2         1         7         4
       595       451       452       875
      4894       111         2         1         7         4
       961       451       594       595
      4895       111         2         1         7         4
       596       452       453       798
      4896       111         2         1         7         4
       597       453       454       876
      4897       111         2         1         7         4
       996       453       876       798
      4898       111         2         1         7         4
       596       453       996       798
      4899       111         2         1         7         4
       598       454       959       597
      4900       111         2         1         7         4
       799       454       598       455
      4901       111         2         1         7         4
       598       455       599      1027
      4902       111         2         1         7         4
       877       455       599       456
      4903       111         2         1         7         4
       877       456       599       966
      4904       111         2         1         7         4
       599       456       600       966
      4905       111         2         1         7         4
       456       966       800       457
      4906       111         2         1         7         4
       600       456       457       966
      4907       111         2         1         7         4
       458       878      1028       457
      4908       111         2         1         7         4
      1028       457       800       966
      4909       111         2         1         7         4
       600       457       601      1028
      4910       111         2         1         7         4
       458       457      1028       601
      4911       111         2         1         7         4
       601       967       458       602
      4912       111         2         1         7         4
       603       459       460       879
      4913       111         2         1         7         4
      1029       879       459       603
      4914       111         2         1         7         4
       604       460       968       603
      4915       111         2         1         7         4
       605       461       462       880
      4916       111         2         1         7         4
       463       606       462       803
      4917       111         2         1         7         4
       462       880      1041       605
      4918       111         2         1         7         4
       607       463       464       881
      4919       111         2         1         7         4
       606       463       607       803
      4920       111         2         1         7         4
       828       354      1155       747
      4921       111         2         1         7         4
       607       464       608       969
      4922       111         2         1         7         4
       608       465       971       804
      4923       111         2         1         7         4
       971       465       882       804
      4924       111         2         1         7         4
       475       476       809       317
      4925       111         2         1         7         4
       888       476       477       318
      4926       111         2         1         7         4
       809       476       888       317
      4927       111         2         1         7         4
       979       477       810       888
      4928       111         2         1         7         4
       888       477       619       979
      4929       111         2         1         7         4
       620       477       979       619
      4930       111         2         1         7         4
       621       811       889       479
      4931       111         2         1         7         4
       810       478       620       980
      4932       111         2         1         7         4
       620       478       621       980
      4933       111         2         1         7         4
       479       811       622       621
      4934       111         2         1         7         4
       811       168      1127       479
      4935       111         2         1         7         4
       811       479       890       168
      4936       111         2         1         7         4
       625       483       813       482
      4937       111         2         1         7         4
       828       902      1155       512
      4938       111         2         1         7         4
       625       483       985       813
      4939       111         2         1         7         4
       626       483       484       985
      4940       111         2         1         7         4
       625       482       813       891
      4941       111         2         1         7         4
       626       484       485       985
      4942       111         2         1         7         4
       814       484       893       173
      4943       111         2         1         7         4
       485       627       815       486
      4944       111         2         1         7         4
       627       485       974       626
      4945       111         2         1         7         4
       709      1117       695       708
      4946       111         2         1         7         4
       628       486       487       894
      4947       111         2         1         7         4
       486       628       627       815
      4948       111         2         1         7         4
       628       487       629       894
      4949       111         2         1         7         4
       629       816       487       488
      4950       111         2         1         7         4
       630       488      1035       629
      4951       111         2         1         7         4
      1035       488       816       629
      4952       111         2         1         7         4
       490       489       817       631
      4953       111         2         1         7         4
       490       817       491       632
      4954       111         2         1         7         4
       631       490       632       817
      4955       111         2         1         7         4
       632       491       641       986
      4956       111         2         1         7         4
       817       895       491       986
      4957       111         2         1         7         4
       641       491       492       895
      4958       111         2         1         7         4
       390        17        18       493
      4959       111         2         1         7         4
       896       494      1037       786
      4960       111         2         1         7         4
      1037       494       636       786
      4961       111         2         1         7         4
       724       495       639       884
      4962       111         2         1         7         4
       884       885       638       495
      4963       111         2         1         7         4
       884       495       638       724
      4964       111         2         1         7         4
      1036       946       496       642
      4965       111         2         1         7         4
       642       496       497       946
      4966       111         2         1         7         4
       641       496       642      1036
      4967       111         2         1         7         4
       946       945       643      1093
      4968       111         2         1         7         4
       945       497       820       946
      4969       111         2         1         7         4
       643       497       498       945
      4970       111         2         1         7         4
       987       498       643       500
      4971       111         2         1         7         4
       500       947       501       685
      4972       111         2         1         7         4
       646       501       502       992
      4973       111         2         1         7         4
       947       646       501       685
      4974       111         2         1         7         4
       898       647       502       992
      4975       111         2         1         7         4
       647       898       502       503
      4976       111         2         1         7         4
       646       502       647       992
      4977       111         2         1         7         4
       503       903      1091       898
      4978       111         2         1         7         4
      1091      1100       504       648
      4979       111         2         1         7         4
       503       898      1091       647
      4980       111         2         1         7         4
      1100       504       648       649
      4981       111         2         1         7         4
      1091       648       504       503
      4982       111         2         1         7         4
       345       504       903       901
      4983       111         2         1         7         4
       948       590       963       712
      4984       111         2         1         7         4
       505       901      1100       504
      4985       111         2         1         7         4
       649       505       650      1077
      4986       111         2         1         7         4
       505       504      1100       649
      4987       111         2         1         7         4
       507       506       998       651
      4988       111         2         1         7         4
       644       507       614       904
      4989       111         2         1         7         4
       507       998       904       644
      4990       111         2         1         7         4
       651       507       644       998
      4991       111         2         1         7         4
       743       507       825       347
      4992       111         2         1         7         4
       827       509       745      1003
      4993       111         2         1         7         4
       990       509       827      1003
      4994       111         2         1         7         4
      1047       657       658       512
      4995       111         2         1         7         4
       658       512       513      1043
      4996       111         2         1         7         4
      1099       513      1043       658
      4997       111         2         1         7         4
       658       513       659      1099
      4998       111         2         1         7         4
       514       513      1099       659
      4999       111         2         1         7         4
       660       514       515      1086
      5000       111         2         1         7         4
      1086       514      1099       659
      5001       111         2         1         7         4
       659       514       660      1086
      5002       111         2         1         7         4
       661       515      1086       660
      5003       111         2         1         7         4
      1007       516       696       517
      5004       111         2         1         7         4
       635       517       518       911
      5005       111         2         1         7         4
       928       519       634       731
      5006       111         2         1         7         4
       686       519       545       928
      5007       111         2         1         7         4
       928       519       927       847
      5008       111         2         1         7         4
       731       519       686       928
      5009       111         2         1         7         4
       765       519       928       847
      5010       111         2         1         7         4
       907       520       653       521
      5011       111         2         1         7         4
       653       521       663      1081
      5012       111         2         1         7         4
       524       523      1097       665
      5013       111         2         1         7         4
      1097       523       664       665
      5014       111         2         1         7         4
       525      1105       524       914
      5015       111         2         1         7         4
       917       524      1097      1105
      5016       111         2         1         7         4
       914       524       917      1105
      5017       111         2         1         7         4
       524       666      1097      1105
      5018       111         2         1         7         4
       666       525       667      1105
      5019       111         2         1         7         4
      1010       525       914      1105
      5020       111         2         1         7         4
       529       670       528      1092
      5021       111         2         1         7         4
       669       528       670      1092
      5022       111         2         1         7         4
      1008       529      1092      1044
      5023       111         2         1         7         4
       670       529       671      1092
      5024       111         2         1         7         4
       529       671      1044       530
      5025       111         2         1         7         4
       919       529      1008      1044
      5026       111         2         1         7         4
      1044       530      1011       919
      5027       111         2         1         7         4
       672       530       531      1011
      5028       111         2         1         7         4
       673       531       532       920
      5029       111         2         1         7         4
       672       531       673      1090
      5030       111         2         1         7         4
       920       531      1090       673
      5031       111         2         1         7         4
      1090       531      1011       672
      5032       111         2         1         7         4
       674       532       533      1012
      5033       111         2         1         7         4
       674      1049       533       675
      5034       111         2         1         7         4
       534       921      1049       533
      5035       111         2         1         7         4
       534       533      1049       675
      5036       111         2         1         7         4
      1076      1013       535       922
      5037       111         2         1         7         4
      1076       922       677      1067
      5038       111         2         1         7         4
      1013       534       921      1076
      5039       111         2         1         7         4
       534       675      1049      1076
      5040       111         2         1         7         4
      1076      1067       677       676
      5041       111         2         1         7         4
       677       535       536       922
      5042       111         2         1         7         4
      1013      1076       535       534
      5043       111         2         1         7         4
       678      1009       536       537
      5044       111         2         1         7         4
      1009       922       536       761
      5045       111         2         1         7         4
       537       679      1053       923
      5046       111         2         1         7         4
       537       923      1053      1009
      5047       111         2         1         7         4
       679       537       538       923
      5048       111         2         1         7         4
      1040       582       789       581
      5049       111         2         1         7         4
      1009       537       923       842
      5050       111         2         1         7         4
      1014       538      1111       680
      5051       111         2         1         7         4
       680       538       539      1014
      5052       111         2         1         7         4
       679       538       680      1111
      5053       111         2         1         7         4
       680       539       681      1094
      5054       111         2         1         7         4
       681      1065       540       682
      5055       111         2         1         7         4
      1004       540      1065       682
      5056       111         2         1         7         4
       682       540       541      1004
      5057       111         2         1         7         4
       684       542       543      1002
      5058       111         2         1         7         4
       662       713       543       926
      5059       111         2         1         7         4
      1051       994       731      1040
      5060       111         2         1         7         4
       713       684      1002       960
      5061       111         2         1         7         4
       662       543       633       926
      5062       111         2         1         7         4
       544       944       861       943
      5063       111         2         1         7         4
       944       544       570       943
      5064       111         2         1         7         4
       687       545       546      1016
      5065       111         2         1         7         4
       927       545      1016       392
      5066       111         2         1         7         4
       687      1052       546       688
      5067       111         2         1         7         4
      1015       547       689       548
      5068       111         2         1         7         4
       688      1098       547       689
      5069       111         2         1         7         4
       547       767      1015       929
      5070       111         2         1         7         4
      1015       548       689       690
      5071       111         2         1         7         4
      1038       548       849      1015
      5072       111         2         1         7         4
      1038       548       690       549
      5073       111         2         1         7         4
       849       548       767      1015
      5074       111         2         1         7         4
       850       550       933       930
      5075       111         2         1         7         4
      1110       550       691       692
      5076       111         2         1         7         4
       933       550      1110       930
      5077       111         2         1         7         4
       551       550      1110       692
      5078       111         2         1         7         4
       692       551       693      1112
      5079       111         2         1         7         4
       551       552       693      1112
      5080       111         2         1         7         4
       930       551      1110      1112
      5081       111         2         1         7         4
       693       552       553       918
      5082       111         2         1         7         4
       918       552       932      1112
      5083       111         2         1         7         4
       693       553       694       918
      5084       111         2         1         7         4
       931       554       934      1059
      5085       111         2         1         7         4
       554       555       695      1059
      5086       111         2         1         7         4
       694       554       695      1059
      5087       111         2         1         7         4
       934       554       694      1059
      5088       111         2         1         7         4
       695       555       645      1059
      5089       111         2         1         7         4
       645       555       556      1057
      5090       111         2         1         7         4
       557       645       556       936
      5091       111         2         1         7         4
       773       556       937       936
      5092       111         2         1         7         4
       937       556       555      1057
      5093       111         2         1         7         4
       557       936       722       645
      5094       111         2         1         7         4
       774       558       854       935
      5095       111         2         1         7         4
       558       774      1017       935
      5096       111         2         1         7         4
       559      1063       697       722
      5097       111         2         1         7         4
       559      1063      1061       697
      5098       111         2         1         7         4
      1063       559      1017       935
      5099       111         2         1         7         4
       935       559       722      1063
      5100       111         2         1         7         4
       558       935      1017       559
      5101       111         2         1         7         4
       561       560      1054       698
      5102       111         2         1         7         4
      1054       560      1061       698
      5103       111         2         1         7         4
       697       560       698      1061
      5104       111         2         1         7         4
       559       697      1061       560
      5105       111         2         1         7         4
       699       561       562      1066
      5106       111         2         1         7         4
       698       561       699      1054
      5107       111         2         1         7         4
      1066       991       561       562
      5108       111         2         1         7         4
       700       942       562       563
      5109       111         2         1         7         4
       700       562      1066       699
      5110       111         2         1         7         4
      1066       562       938       991
      5111       111         2         1         7         4
       938       562       942       563
      5112       111         2         1         7         4
       857       563       942       565
      5113       111         2         1         7         4
       700       563       565       942
      5114       111         2         1         7         4
       786       564       952       865
      5115       111         2         1         7         4
       952       564       951       865
      5116       111         2         1         7         4
       951       564       577       865
      5117       111         2         1         7         4
       701       566       567      1019
      5118       111         2         1         7         4
       567       702       701      1019
      5119       111         2         1         7         4
       567      1019       995       702
      5120       111         2         1         7         4
       568       567       995       702
      5121       111         2         1         7         4
       570       702       568       940
      5122       111         2         1         7         4
       569       568       940       570
      5123       111         2         1         7         4
       995       940       568       702
      5124       111         2         1         7         4
       702       570       571      1083
      5125       111         2         1         7         4
       940      1083       570       702
      5126       111         2         1         7         4
       702       571       705      1083
      5127       111         2         1         7         4
      1083       571      1048      1018
      5128       111         2         1         7         4
      1018       571       897      1083
      5129       111         2         1         7         4
       943       571      1083       897
      5130       111         2         1         7         4
       783       572      1018       949
      5131       111         2         1         7         4
      1048       572       706       949
      5132       111         2         1         7         4
      1018       572      1048       949
      5133       111         2         1         7         4
       574      1055       575       708
      5134       111         2         1         7         4
       707      1055       574       708
      5135       111         2         1         7         4
       708       575       709      1074
      5136       111         2         1         7         4
      1074       575      1055       708
      5137       111         2         1         7         4
       576       575      1074       709
      5138       111         2         1         7         4
       693       576       637      1069
      5139       111         2         1         7         4
       709      1056      1069       693
      5140       111         2         1         7         4
       709       693      1069       576
      5141       111         2         1         7         4
       951       577       578       787
      5142       111         2         1         7         4
       787       577       865       951
      5143       111         2         1         7         4
      1022       578       866       787
      5144       111         2         1         7         4
       951       578      1022       787
      5145       111         2         1         7         4
       711      1071      1051      1070
      5146       111         2         1         7         4
      1022       579       688      1052
      5147       111         2         1         7         4
       580       687       579       953
      5148       111         2         1         7         4
       688       579       687      1052
      5149       111         2         1         7         4
       866       579      1022       953
      5150       111         2         1         7         4
       581       686       580       954
      5151       111         2         1         7         4
       687       580       686      1072
      5152       111         2         1         7         4
       954       580       788       953
      5153       111         2         1         7         4
       686       581       727      1040
      5154       111         2         1         7         4
       728       582       955      1040
      5155       111         2         1         7         4
       727       582       728      1040
      5156       111         2         1         7         4
      1070       583       956       955
      5157       111         2         1         7         4
       956       583       868       955
      5158       111         2         1         7         4
       583      1070       584       710
      5159       111         2         1         7         4
       955       583       710      1070
      5160       111         2         1         7         4
       710       584       711      1070
      5161       111         2         1         7         4
       585       584      1070       711
      5162       111         2         1         7         4
       585       711      1070      1073
      5163       111         2         1         7         4
       712       585       586      1023
      5164       111         2         1         7         4
       712       586       729      1023
      5165       111         2         1         7         4
       729       586       587      1023
      5166       111         2         1         7         4
       729       963       587       588
      5167       111         2         1         7         4
       794       588       872       963
      5168       111         2         1         7         4
       872       587       963       588
      5169       111         2         1         7         4
       588       640       729       963
      5170       111         2         1         7         4
       589       977       976       657
      5171       111         2         1         7         4
       615       589       976       657
      5172       111         2         1         7         4
       639       589       658       977
      5173       111         2         1         7         4
       658       589       657       977
      5174       111         2         1         7         4
      1073       711       703       712
      5175       111         2         1         7         4
       591       703       590      1024
      5176       111         2         1         7         4
      1024       590       795       948
      5177       111         2         1         7         4
       640       590       729       963
      5178       111         2         1         7         4
       591       962      1082      1024
      5179       111         2         1         7         4
       592       962      1082       591
      5180       111         2         1         7         4
       591      1024      1082       703
      5181       111         2         1         7         4
       592       591      1082       662
      5182       111         2         1         7         4
       593       871       964       960
      5183       111         2         1         7         4
       964       593       684       594
      5184       111         2         1         7         4
       796       593       960       871
      5185       111         2         1         7         4
       964       594      1050       961
      5186       111         2         1         7         4
       961       594       797       964
      5187       111         2         1         7         4
      1025       595       875       961
      5188       111         2         1         7         4
       682       596       681      1065
      5189       111         2         1         7         4
       597       681       596       996
      5190       111         2         1         7         4
       798       596      1025       996
      5191       111         2         1         7         4
      1025       596      1065       996
      5192       111         2         1         7         4
       680       597       598       959
      5193       111         2         1         7         4
       681       597       680      1094
      5194       111         2         1         7         4
       996       959       597      1094
      5195       111         2         1         7         4
       679       598       599      1027
      5196       111         2         1         7         4
      1111       598       680       679
      5197       111         2         1         7         4
       799       598       959      1027
      5198       111         2         1         7         4
      1111       598      1027       959
      5199       111         2         1         7         4
       679      1053      1075       678
      5200       111         2         1         7         4
      1075       599       966      1027
      5201       111         2         1         7         4
       678       599       600      1075
      5202       111         2         1         7         4
       677       600       601      1067
      5203       111         2         1         7         4
       966       600      1028       457
      5204       111         2         1         7         4
      1067      1028       600       601
      5205       111         2         1         7         4
       678       600       677      1067
      5206       111         2         1         7         4
       458       601      1028       967
      5207       111         2         1         7         4
       711       726      1051      1071
      5208       111         2         1         7         4
       967       601       676       602
      5209       111         2         1         7         4
       677       601       676      1067
      5210       111         2         1         7         4
      1067       601       967      1028
      5211       111         2         1         7         4
      1029       603       675      1049
      5212       111         2         1         7         4
       604       674       603       968
      5213       111         2         1         7         4
      1029       603       459       602
      5214       111         2         1         7         4
       675       603       674      1049
      5215       111         2         1         7         4
       968       603       879      1029
      5216       111         2         1         7         4
      1087       604      1039       968
      5217       111         2         1         7         4
      1087       674       604       968
      5218       111         2         1         7         4
      1039       604       802       968
      5219       111         2         1         7         4
      1039       605      1090      1041
      5220       111         2         1         7         4
       880       605      1039      1041
      5221       111         2         1         7         4
       672      1090      1041      1044
      5222       111         2         1         7         4
      1041      1044       671       672
      5223       111         2         1         7         4
      1041       672       671       606
      5224       111         2         1         7         4
       607       671       606       972
      5225       111         2         1         7         4
       671       607       670       972
      5226       111         2         1         7         4
       670       607       608       969
      5227       111         2         1         7         4
       803       972       607       606
      5228       111         2         1         7         4
       969       881       607       464
      5229       111         2         1         7         4
       969       608       971       804
      5230       111         2         1         7         4
       644       614       704       904
      5231       111         2         1         7         4
       656       615       976       657
      5232       111         2         1         7         4
       704       619       620       979
      5233       111         2         1         7         4
      1104       619       979      1032
      5234       111         2         1         7         4
       888       619      1032       979
      5235       111         2         1         7         4
      1106       620       730       980
      5236       111         2         1         7         4
       810       620       979       980
      5237       111         2         1         7         4
       979       620      1106       980
      5238       111         2         1         7         4
       980       621       730       981
      5239       111         2         1         7         4
       730       621       622       981
      5240       111         2         1         7         4
       890       622       623       480
      5241       111         2         1         7         4
       890       622       811       981
      5242       111         2         1         7         4
       624       715       623      1033
      5243       111         2         1         7         4
       715       624       716      1033
      5244       111         2         1         7         4
       716       624       625      1033
      5245       111         2         1         7         4
       716       625       717       983
      5246       111         2         1         7         4
       717       625       626       983
      5247       111         2         1         7         4
       983       974       626       717
      5248       111         2         1         7         4
       717       626       627       974
      5249       111         2         1         7         4
       718       627       628      1034
      5250       111         2         1         7         4
       815       627       974      1034
      5251       111         2         1         7         4
       717       627       718      1103
      5252       111         2         1         7         4
       719       628       984      1034
      5253       111         2         1         7         4
       718       628       719      1034
      5254       111         2         1         7         4
       984       628       894      1034
      5255       111         2         1         7         4
       720      1035       629       630
      5256       111         2         1         7         4
       630       988       631       721
      5257       111         2         1         7         4
       630       988      1101      1035
      5258       111         2         1         7         4
       630      1035      1101       720
      5259       111         2         1         7         4
       892       631       988       817
      5260       111         2         1         7         4
       631       632       721       988
      5261       111         2         1         7         4
       642       632       641       986
      5262       111         2         1         7         4
      1058       632       986       988
      5263       111         2         1         7         4
       632      1058       685       721
      5264       111         2         1         7         4
       723       726       633       999
      5265       111         2         1         7         4
       662       633       726       999
      5266       111         2         1         7         4
      1037       952       725      1085
      5267       111         2         1         7         4
       952       636       786      1037
      5268       111         2         1         7         4
      1037      1085       725       691
      5269       111         2         1         7         4
      1037       691       725       636
      5270       111         2         1         7         4
       692       637      1069       693
      5271       111         2         1         7         4
      1021       637      1069       896
      5272       111         2         1         7         4
      1069       637      1037       896
      5273       111         2         1         7         4
      1030       638       664       975
      5274       111         2         1         7         4
       664       638       663       975
      5275       111         2         1         7         4
       708      1117       735      1118
      5276       111         2         1         7         4
       663       638       724       975
      5277       111         2         1         7         4
       885       638      1030       975
      5278       111         2         1         7         4
       639       997       977       658
      5279       111         2         1         7         4
       659       639       658       997
      5280       111         2         1         7         4
       997       884       724       639
      5281       111         2         1         7         4
       997       639       724       659
      5282       111         2         1         7         4
       986       641       895       491
      5283       111         2         1         7         4
      1036       641       986       642
      5284       111         2         1         7         4
       987       643       945      1093
      5285       111         2         1         7         4
      1093       643       947       987
      5286       111         2         1         7         4
      1045       714       651      1064
      5287       111         2         1         7         4
      1106       644       730       704
      5288       111         2         1         7         4
      1045      1064       651       998
      5289       111         2         1         7         4
      1106       644       904      1045
      5290       111         2         1         7         4
       695       645       735      1116
      5291       111         2         1         7         4
       645       722       735      1096
      5292       111         2         1         7         4
      1057      1059       645       555
      5293       111         2         1         7         4
      1096       645      1116       735
      5294       111         2         1         7         4
      1096      1057       645       936
      5295       111         2         1         7         4
      1108       646       992      1058
      5296       111         2         1         7         4
       646      1108       647       721
      5297       111         2         1         7         4
       992       646       947      1058
      5298       111         2         1         7         4
       685       646       721      1058
      5299       111         2         1         7         4
       721       647       720      1108
      5300       111         2         1         7         4
      1108       647      1091       898
      5301       111         2         1         7         4
       720      1091       647       648
      5302       111         2         1         7         4
       992       647      1108       898
      5303       111         2         1         7         4
      1091       720       734       648
      5304       111         2         1         7         4
       734       648       649      1115
      5305       111         2         1         7         4
      1091       648      1115      1100
      5306       111         2         1         7         4
      1091       648       734      1115
      5307       111         2         1         7         4
       734       649       733      1115
      5308       111         2         1         7         4
       733       649       650      1077
      5309       111         2         1         7         4
       505       649      1100      1077
      5310       111         2         1         7         4
      1114       650       733       715
      5311       111         2         1         7         4
      1045       998       651       644
      5312       111         2         1         7         4
      1026       975       663       724
      5313       111         2         1         7         4
       660       653       724      1026
      5314       111         2         1         7         4
       724       659       660      1026
      5315       111         2         1         7         4
       997       659       724      1026
      5316       111         2         1         7         4
      1082       703       726       662
      5317       111         2         1         7         4
      1082       662       726       999
      5318       111         2         1         7         4
       999       662       926      1082
      5319       111         2         1         7         4
       591       703      1082       662
      5320       111         2         1         7         4
       523       664      1062      1097
      5321       111         2         1         7         4
      1062       664       975      1030
      5322       111         2         1         7         4
      1030       664      1097      1062
      5323       111         2         1         7         4
       970       666       973      1105
      5324       111         2         1         7         4
       973       666       667      1105
      5325       111         2         1         7         4
      1097       666       970      1105
      5326       111         2         1         7         4
      1010       667      1105      1102
      5327       111         2         1         7         4
       973       667      1102      1105
      5328       111         2         1         7         4
      1109       668       993      1102
      5329       111         2         1         7         4
      1102       668       971      1109
      5330       111         2         1         7         4
      1010       668      1102       993
      5331       111         2         1         7         4
       969       669       670      1092
      5332       111         2         1         7         4
      1109       669       969      1092
      5333       111         2         1         7         4
      1092       669       912      1109
      5334       111         2         1         7         4
       969       670       972      1092
      5335       111         2         1         7         4
      1044       671      1092       972
      5336       111         2         1         7         4
      1049       674      1012      1087
      5337       111         2         1         7         4
      1029       675       676      1076
      5338       111         2         1         7         4
       967       676      1067      1076
      5339       111         2         1         7         4
      1029       676       967      1076
      5340       111         2         1         7         4
      1076       676       677       535
      5341       111         2         1         7         4
       679       678      1075       599
      5342       111         2         1         7         4
      1075       678      1067       600
      5343       111         2         1         7         4
      1027       679      1111      1053
      5344       111         2         1         7         4
      1111       679       923      1053
      5345       111         2         1         7         4
      1094       680       959       597
      5346       111         2         1         7         4
      1065       681      1094       996
      5347       111         2         1         7         4
       925       683      1095      1050
      5348       111         2         1         7         4
      1050       684       964       960
      5349       111         2         1         7         4
      1002       684      1050       960
      5350       111         2         1         7         4
       642      1093      1058       986
      5351       111         2         1         7         4
       947       685      1093      1058
      5352       111         2         1         7         4
      1072       686       928      1040
      5353       111         2         1         7         4
      1040       731       686       928
      5354       111         2         1         7         4
      1052       687      1016      1072
      5355       111         2         1         7         4
       929       688      1052      1098
      5356       111         2         1         7         4
      1022       688       689      1098
      5357       111         2         1         7         4
      1022       689       951      1098
      5358       111         2         1         7         4
       725      1085      1098       690
      5359       111         2         1         7         4
       725       690      1098       689
      5360       111         2         1         7         4
      1015       690      1098      1085
      5361       111         2         1         7         4
      1038       690      1015      1085
      5362       111         2         1         7         4
       691       690      1038      1085
      5363       111         2         1         7         4
       933       691      1038      1085
      5364       111         2         1         7         4
      1110       691       933      1085
      5365       111         2         1         7         4
      1037       691      1110      1085
      5366       111         2         1         7         4
      1110       692      1112       551
      5367       111         2         1         7         4
       709       693       694      1056
      5368       111         2         1         7         4
      1112       693       918       552
      5369       111         2         1         7         4
      1112       693      1069      1056
      5370       111         2         1         7         4
       709       576      1069      1074
      5371       111         2         1         7         4
      1055       708       707      1118
      5372       111         2         1         7         4
       918       694      1056       934
      5373       111         2         1         7         4
       695       735       708      1117
      5374       111         2         1         7         4
      1113       697      1061      1063
      5375       111         2         1         7         4
      1063       697      1118      1113
      5376       111         2         1         7         4
      1063       735       697       722
      5377       111         2         1         7         4
       736       697      1118       735
      5378       111         2         1         7         4
       559       560      1061      1017
      5379       111         2         1         7         4
       732       698       699      1060
      5380       111         2         1         7         4
       732       699       701      1060
      5381       111         2         1         7         4
       701       699       700      1060
      5382       111         2         1         7         4
       732       701       702      1042
      5383       111         2         1         7         4
      1042      1019       701       702
      5384       111         2         1         7         4
       995       702      1083       940
      5385       111         2         1         7         4
       705       702      1042       732
      5386       111         2         1         7         4
      1042       702       995      1019
      5387       111         2         1         7         4
      1071       703      1082      1024
      5388       111         2         1         7         4
      1073       712       703       948
      5389       111         2         1         7         4
       711       703       726      1071
      5390       111         2         1         7         4
      1048       706       736      1068
      5391       111         2         1         7         4
      1068       706       949      1048
      5392       111         2         1         7         4
       707       708       735      1118
      5393       111         2         1         7         4
       736       707       735      1118
      5394       111         2         1         7         4
      1068       707      1118      1055
      5395       111         2         1         7         4
      1055       707      1020      1068
      5396       111         2         1         7         4
       709      1074      1117       708
      5397       111         2         1         7         4
      1051       726       723       999
      5398       111         2         1         7         4
       955       710      1051      1070
      5399       111         2         1         7         4
       726      1051       723       710
      5400       111         2         1         7         4
       711      1070      1051       710
      5401       111         2         1         7         4
      1071       711      1073      1070
      5402       111         2         1         7         4
      1023       712      1073       963
      5403       111         2         1         7         4
      1073       948       703      1071
      5404       111         2         1         7         4
      1082       960       592       713
      5405       111         2         1         7         4
      1064       714      1079      1045
      5406       111         2         1         7         4
      1045       730       714       981
      5407       111         2         1         7         4
      1033       715      1079      1114
      5408       111         2         1         7         4
      1079       715      1064      1114
      5409       111         2         1         7         4
      1114       715       716      1033
      5410       111         2         1         7         4
      1103       716       983      1033
      5411       111         2         1         7         4
      1114       716      1103      1033
      5412       111         2         1         7         4
       983       717      1103       974
      5413       111         2         1         7         4
       733       718      1107      1103
      5414       111         2         1         7         4
      1107       718      1034      1103
      5415       111         2         1         7         4
      1107       719      1078       984
      5416       111         2         1         7         4
       720       719      1078       734
      5417       111         2         1         7         4
      1034       719      1107       984
      5418       111         2         1         7         4
       984       720      1078      1035
      5419       111         2         1         7         4
      1091       720      1108      1078
      5420       111         2         1         7         4
       935       722       936      1096
      5421       111         2         1         7         4
      1051      1040       731       728
      5422       111         2         1         7         4
       994       723       845       999
      5423       111         2         1         7         4
      1051       728       731       723
      5424       111         2         1         7         4
      1026       724       663       653
      5425       111         2         1         7         4
       721      1108       720      1101
      5426       111         2         1         7         4
      1051       728       955      1040
      5427       111         2         1         7         4
       963       729      1023       712
      5428       111         2         1         7         4
      1106       730      1045       980
      5429       111         2         1         7         4
       928       731       994      1040
      5430       111         2         1         7         4
      1060       732      1113      1042
      5431       111         2         1         7         4
      1113       732      1048      1042
      5432       111         2         1         7         4
      1103       733      1114      1107
      5433       111         2         1         7         4
      1115       733      1107      1114
      5434       111         2         1         7         4
      1096       735      1063       722
      5435       111         2         1         7         4
       735      1116      1117       695
      5436       111         2         1         7         4
      1048       736      1113      1068
      5437       111         2         1         7         4
      1113       736      1118      1068
      5438       111         2         1         7         4
       842       761      1009       382
      5439       111         2         1         7         4
       955       789      1040       582
      5440       111         2         1         7         4
       582       583       868       437
      5441       111         2         1         7         4
      1040       789       954       581
      5442       111         2         1         7         4
       873       794       963       640
      5443       111         2         1         7         4
       948       795       873       590
      5444       111         2         1         7         4
       803      1041       972       606
      5445       111         2         1         7         4
       462       605      1041       606
      5446       111         2         1         7         4
       969       804       881       464
      5447       111         2         1         7         4
       889       810       980       478
      5448       111         2         1         7         4
       621       479       889       478
      5449       111         2         1         7         4
       981       811       980       621
      5450       111         2         1         7         4
      1120       815      1121       486
      5451       111         2         1         7         4
       894       815      1034       628
      5452       111         2         1         7         4
       986       817       988       632
      5453       111         2         1         7         4
       948       873       963       590
      5454       111         2         1         7         4
      1026       884       975       724
      5455       111         2         1         7         4
       503       647      1091       648
      5456       111         2         1         7         4
      1100       901       903       504
      5457       111         2         1         7         4
      1045       904       998       644
      5458       111         2         1         7         4
       534      1076      1049       921
      5459       111         2         1         7         4
      1076       535       677       922
      5460       111         2         1         7         4
      1058      1108       646       721
      5461       111         2         1         7         4
       713       960      1002       926
      5462       111         2         1         7         4
      1082       926       960       713
      5463       111         2         1         7         4
       932       552       551      1112
      5464       111         2         1         7         4
      1057       931      1059       555
      5465       111         2         1         7         4
      1059       934      1056       694
      5466       111         2         1         7         4
      1063       935      1096       722
      5467       111         2         1         7         4
      1057       936       937       556
      5468       111         2         1         7         4
      1073       948       963       712
      5469       111         2         1         7         4
      1024       948      1071       703
      5470       111         2         1         7         4
      1085       951       952       725
      5471       111         2         1         7         4
       725       689      1098       951
      5472       111         2         1         7         4
      1037       636       725       952
      5473       111         2         1         7         4
       954       953      1072       580
      5474       111         2         1         7         4
      1052       953      1022       579
      5475       111         2         1         7         4
      1072       953      1052       687
      5476       111         2         1         7         4
      1040       954      1072       686
      5477       111         2         1         7         4
       592       662      1082       713
      5478       111         2         1         7         4
      1087       968      1049       674
      5479       111         2         1         7         4
      1049       968      1029       603
      5480       111         2         1         7         4
      1041       606       671       972
      5481       111         2         1         7         4
      1034       974      1103       627
      5482       111         2         1         7         4
       981       980      1045       730
      5483       111         2         1         7         4
      1079       981      1045       714
      5484       111         2         1         7         4
       630       720      1101       721
      5485       111         2         1         7         4
      1058       988      1101       721
      5486       111         2         1         7         4
      1051       723       731       994
      5487       111         2         1         7         4
      1051       994       999       723
      5488       111         2         1         7         4
      1045       644       651       714
      5489       111         2         1         7         4
      1052      1022      1098       688
      5490       111         2         1         7         4
       679       599      1075      1027
      5491       111         2         1         7         4
      1049      1029      1076       675
      5492       111         2         1         7         4
      1078      1101      1035       720
      5493       111         2         1         7         4
       672       606      1041       605
      5494       111         2         1         7         4
       711       710      1051       726
      5495       111         2         1         7         4
      1117      1055      1118       708
      5496       111         2         1         7         4
      1074      1055      1117       708
      5497       111         2         1         7         4
      1108      1058      1101       721
      5498       111         2         1         7         4
      1101      1078      1108       720
      5499       111         2         1         7         4
      1082       999       726      1071
      5500       111         2         1         7         4
       813       483       484       172
      5501       111         2         1         7         4
       813       172       484       814
      5502       111         2         1         7         4
       443       133       286       792
      5503       111         2         1         7         4
       430         9        10       494
      5504       111         2         1         7         4
       265       264       111        12
      5505       111         2         1         7         4
       721       988       632      1058
      5506       111         2         1         7         4
       493        17        18       389
      5507       111         2         1         7         4
        80        18       389       846
      5508       111         2         1         7         4
        55       362       751       363
      5509       111         2         1         7         4
       630       721      1101       988
      5510       111         2         1         7         4
       194        41       348        24
      5511       111         2         1         7         4
      1117       709       694      1056
      5512       111         2         1         7         4
      1149       744      1154        23
      5513       111         2         1         7         4
       744        42      1154        23
      5514       111         2         1         7         4
        60       213       835        59
      5515       111         2         1         7         4
       627      1034       718      1103
      5516       111         2         1         7         4
       372        64       217       371
      5517       111         2         1         7         4
       717       974       627      1103
      5518       111         2         1         7         4
       230       763        77       385
      5519       111         2         1         7         4
       394       238        85       849
      5520       111         2         1         7         4
       250        97       406       853
      5521       111         2         1         7         4
        97       853       407       406
      5522       111         2         1         7         4
       421       112       265       420
      5523       111         2         1         7         4
       278       124       434       125
      5524       111         2         1         7         4
       434       125      1158       278
      5525       111         2         1         7         4
       434       278      1158       788
      5526       111         2         1         7         4
       126       867       279       436
      5527       111         2         1         7         4
       287       288       444       793
      5528       111         2         1         7         4
       453       798       143      1136
      5529       111         2         1         7         4
      1041       972       671      1044
      5530       111         2         1         7         4
       148       801       878       301
      5531       111         2         1         7         4
       672       605      1041      1090
      5532       111         2         1         7         4
       603       968       674      1049
      5533       111         2         1         7         4
       302       149       460       303
      5534       111         2         1         7         4
       151      1132       462       880
      5535       111         2         1         7         4
       880       151       304       461
      5536       111         2         1         7         4
      1133       464       153       881
      5537       111         2         1         7         4
       476       318       317       164
      5538       111         2         1         7         4
       679      1027      1075      1053
      5539       111         2         1         7         4
       319       318      1159       165
      5540       111         2         1         7         4
       319       165      1159       166
      5541       111         2         1         7         4
       478       810       166       889
      5542       111         2         1         7         4
       889       479       167       478
      5543       111         2         1         7         4
       996       597       681      1094
      5544       111         2         1         7         4
      1122       320       811       889
      5545       111         2         1         7         4
       681      1065       596       996
      5546       111         2         1         7         4
       171       482       324       813
      5547       111         2         1         7         4
       172       814       813       325
      5548       111         2         1         7         4
      1159       810       477       318
      5549       111         2         1         7         4
       324      1126       482      1125
      5550       111         2         1         7         4
       174       485      1120       486
      5551       111         2         1         7         4
      1159       166       477       810
      5552       111         2         1         7         4
       330       177       489       331
      5553       111         2         1         7         4
      1143       433       276       866
      5554       111         2         1         7         4
       590       729       963       712
      5555       111         2         1         7         4
       590      1024       703       948
      5556       111         2         1         7         4
       462       606      1041       803
      5557       111         2         1         7         4
       307      1133       881       464
      5558       111         2         1         7         4
      1122       889       811       479
      5559       111         2         1         7         4
       621       478       889       980
      5560       111         2         1         7         4
       815      1120       485       486
      5561       111         2         1         7         4
       948       712       703       590
      5562       111         2         1         7         4
       894       486       815       628
      5563       111         2         1         7         4
       349       744       348        23
      5564       111         2         1         7         4
       349        42       744        23
      5565       111         2         1         7         4
       530       529       919      1044
      5566       111         2         1         7         4
       761       382       536      1009
      5567       111         2         1         7         4
       537       382       842      1009
      5568       111         2         1         7         4
       932      1112       551       930
      5569       111         2         1         7         4
       555       554       931      1059
      5570       111         2         1         7         4
       937      1057       555       931
      5571       111         2         1         7         4
       788       580       579       953
      5572       111         2         1         7         4
       582       437       868       789
      5573       111         2         1         7         4
       582       789       868       955
      5574       111         2         1         7         4
       640       588       794       963
      5575       111         2         1         7         4
       873       590       640       963
      5576       111         2         1         7         4
       964       797       450       594
      5577       111         2         1         7         4
       462       803      1041       880
      5578       111         2         1         7         4
       608       969       464       804
      5579       111         2         1         7         4
       317       475       476       164
      5580       111         2         1         7         4
       621       980       889       811
      5581       111         2         1         7         4
       622       621       811       981
      5582       111         2         1         7         4
       172       325       813       171
      5583       111         2         1         7         4
       627       815       628      1034
      5584       111         2         1         7         4
       726      1051      1071       999
      5585       111         2         1         7         4
       491       632       817       986
      5586       111         2         1         7         4
       631       817       632       988
      5587       111         2         1         7         4
       884       724       638       975
      5588       111         2         1         7         4
       685       947       646      1058
      5589       111         2         1         7         4
       581       727      1040       582
      5590       111         2         1         7         4
      1091       503       504       903
      5591       111         2         1         7         4
       505      1077      1100       901
      5592       111         2         1         7         4
      1105       525       524       666
      5593       111         2         1         7         4
       580       954       686      1072
      5594       111         2         1         7         4
       670      1092       671       972
      5595       111         2         1         7         4
      1076       676       535       534
      5596       111         2         1         7         4
       537      1009      1053       678
      5597       111         2         1         7         4
       713       926      1002       543
      5598       111         2         1         7         4
       713       926       662      1082
      5599       111         2         1         7         4
       713       543      1002       684
      5600       111         2         1         7         4
       725       951      1098      1085
      5601       111         2         1         7         4
       645      1057       556       936
      5602       111         2         1         7         4
       722       645       936      1096
      5603       111         2         1         7         4
       818       895      1157       333
      5604       111         2         1         7         4
      1157       333       895       491
      5605       111         2         1         7         4
       492       895      1157       818
      5606       111         2         1         7         4
       491       895      1157       492
      5607       111         2         1         7         4
      1158       788       867       435
      5608       111         2         1         7         4
      1158       435       867       125
      5609       111         2         1         7         4
      1158       125       867       278
      5610       111         2         1         7         4
      1158       278       867       788
    -1
    -1
  2467
         1         0         0         0         0         0         0       376
Wall
         8      2328         0         0         8      2329         0         0
         8      2330         0         0         8      2331         0         0
         8      2332         0         0         8      2333         0         0
         8      2334         0         0         8      2335         0         0
         8      2336         0         0         8      2337         0         0
         8      2338         0         0         8      2339         0         0
         8      2340         0         0         8      2341         0         0
         8      2342         0         0         8      2343         0         0
         8      2344         0         0         8      2346         0         0
         8      2347         0         0         8      2348         0         0
         8      2349         0         0         8      2350         0         0
         8      2351         0         0         8      2352         0         0
         8      2353         0         0         8      2354         0         0
         8      2355         0         0         8      2356         0         0
         8      2357         0         0         8      2358         0         0
         8      2359         0         0         8      2360         0         0
         8      2361         0         0         8      2362         0         0
         8      2363         0         0         8      2364         0         0
         8      2366         0         0         8      2367         0         0
         8      2375         0         0         8      2377         0         0
         8      2253         0         0         8      2254         0         0
         8      2256         0         0         8      2257         0         0
         8      2258         0         0         8      2259         0         0
         8      2260         0         0         8      2261         0         0
         8      2262         0         0         8      2263         0         0
         8      2264         0         0         8      2265         0         0
         8      2266         0         0         8      2267         0         0
         8      2268         0         0         8      2269         0         0
         8      2270         0         0         8      2271         0         0
         8      2272         0         0         8      2273         0         0
         8      2274         0         0         8      2275         0         0
         8      2276         0         0         8      2277         0         0
         8      2279         0         0         8      2280         0         0
         8      2429         0         0         8      2430         0         0
         8      2432         0         0         8      2433         0         0
         8      2434         0         0         8      2435         0         0
         8      2436         0         0         8      2437         0         0
         8      2438         0         0         8      2439         0         0
         8      2440         0         0         8      2441         0         0
         8      2442         0         0         8      2443         0         0
         8      2444         0         0         8      2445         0         0
         8      2446         0         0         8      2447         0         0
         8      2448         0         0         8      2449         0         0
         8      2450         0         0         8      2451         0         0
         8      2452         0         0         8      2453         0         0
         8      2454         0         0         8      2455         0         0
         8      2456         0         0         8      2457         0         0
         8      2458         0         0         8      2459         0         0
         8      2460         0         0         8      2461         0         0
         8      2462         0         0         8      2463         0         0
         8      2464         0         0         8      2465         0         0
         8      2466         0         0         8      2467         0         0
         8      2468         0         0         8      2469         0         0
         8      2471         0         0         8      2472         0         0
         8      2473         0         0         8      2474         0         0
         8      2475         0         0         8      2477         0         0
         8      2283         0         0         8      2284         0         0
         8      2286         0         0         8      2287         0         0
         8      2288         0         0         8      2289         0         0
         8      2290         0         0         8      2291         0         0
         8      2292         0         0         8      2293         0         0
         8      2294         0         0         8      2295         0         0
         8      2296         0         0         8      2297         0         0
         8      2298         0         0         8      2299         0         0
         8      2300         0         0         8      2301         0         0
         8      2302         0         0         8      2303         0         0
         8      2304         0         0         8      2305         0         0
         8      2306         0         0         8      2307         0         0
         8      2308         0         0         8      2309         0         0
         8      2310         0         0         8      2311         0         0
         8      2312         0         0         8      2313         0         0
         8      2314         0         0         8      2315         0         0
         8      2316         0         0         8      2317         0         0
         8      2318         0         0         8      2319         0         0
         8      2321         0         0         8      2322         0         0
         8      2323         0         0         8      2324         0         0
         8      2596         0         0         8      2597         0         0
         8      2599         0         0         8      2600         0         0
         8      2601         0         0         8      2602         0         0
         8      2603         0         0         8      2631         0         0
         8      2632         0         0         8      2633         0         0
         8      2635         0         0         8      2636         0         0
         8      2637         0         0         8      2638         0         0
         8      2639         0         0         8      2640         0         0
         8      2641         0         0         8      2642         0         0
         8      2643         0         0         8      2644         0         0
         8      2645         0         0         8      2646         0         0
         8      2647         0         0         8      2648         0         0
         8      2649         0         0         8      2650         0         0
         8      2651         0         0         8      2652         0         0
         8      2481         0         0         8      2482         0         0
         8      2484         0         0         8      2485         0         0
         8      2486         0         0         8      2487         0         0
         8      2488         0         0         8      2489         0         0
         8      2490         0         0         8      2491         0         0
         8      2492         0         0         8      2493         0         0
         8      2494         0         0         8      2495         0         0
         8      2496         0         0         8      2497         0         0
         8      2498         0         0         8      2499         0         0
         8      2500         0         0         8      2501         0         0
         8      2285         0         0         8      2320         0         0
         8      2325         0         0         8      2326         0         0
         8      2327         0         0         8      2345         0         0
         8      2365         0         0         8      2368         0         0
         8      2369         0         0         8      2370         0         0
         8      2371         0         0         8      2372         0         0
         8      2373         0         0         8      2374         0         0
         8      2376         0         0         8      2378         0         0
         8      2379         0         0         8      2380         0         0
         8      2383         0         0         8      2396         0         0
         8      2403         0         0         8      2407         0         0
         8      2417         0         0         8      2419         0         0
         8      2420         0         0         8      2421         0         0
         8      2422         0         0         8      2423         0         0
         8      2424         0         0         8      2426         0         0
         8      2427         0         0         8      2428         0         0
         8      2431         0         0         8      2470         0         0
         8      2476         0         0         8      2478         0         0
         8      2479         0         0         8      2480         0         0
         8      2483         0         0         8      2502         0         0
         8      2503         0         0         8      2504         0         0
         8      2507         0         0         8      2526         0         0
         8      2527         0         0         8      2528         0         0
         8      2531         0         0         8      2550         0         0
         8      2551         0         0         8      2552         0         0
         8      2553         0         0         8      2571         0         0
         8      2574         0         0         8      2577         0         0
         8      2586         0         0         8      2588         0         0
         8      2590         0         0         8      2592         0         0
         8      2594         0         0         8      2595         0         0
         8      2604         0         0         8      2605         0         0
         8      2606         0         0         8      2607         0         0
         8      2608         0         0         8      2609         0         0
         8      2610         0         0         8      2611         0         0
         8      2612         0         0         8      2613         0         0
         8      2614         0         0         8      2615         0         0
         8      2616         0         0         8      2617         0         0
         8      2618         0         0         8      2619         0         0
         8      2620         0         0         8      2621         0         0
         8      2622         0         0         8      2623         0         0
         8      2624         0         0         8      2625         0         0
         8      2626         0         0         8      2627         0         0
         8      2628         0         0         8      2629         0         0
         8      2630         0         0         8      2634         0         0
         8      2554         0         0         8      2555         0         0
         8      2556         0         0         8      2557         0         0
         8      2558         0         0         8      2559         0         0
         8      2560         0         0         8      2561         0         0
         8      2562         0         0         8      2563         0         0
         8      2564         0         0         8      2565         0         0
         8      2566         0         0         8      2567         0         0
         8      2568         0         0         8      2569         0         0
         8      2570         0         0         8      2572         0         0
         8      2573         0         0         8      2575         0         0
         8      2576         0         0         8      2578         0         0
         8      2579         0         0         8      2580         0         0
         8      2581         0         0         8      2582         0         0
         8      2583         0         0         8      2584         0         0
         8      2585         0         0         8      2587         0         0
         8      2589         0         0         8      2591         0         0
         8      2593         0         0         8      2598         0         0
         8      2381         0         0         8      2382         0         0
         8      2384         0         0         8      2385         0         0
         8      2386         0         0         8      2387         0         0
         8      2388         0         0         8      2389         0         0
         8      2390         0         0         8      2391         0         0
         8      2392         0         0         8      2393         0         0
         8      2394         0         0         8      2395         0         0
         8      2397         0         0         8      2398         0         0
         8      2399         0         0         8      2400         0         0
         8      2401         0         0         8      2402         0         0
         8      2404         0         0         8      2405         0         0
         8      2406         0         0         8      2408         0         0
         8      2409         0         0         8      2410         0         0
         8      2411         0         0         8      2412         0         0
         8      2413         0         0         8      2414         0         0
         8      2415         0         0         8      2416         0         0
         8      2418         0         0         8      2425         0         0
         8      2529         0         0         8      2530         0         0
         8      2532         0         0         8      2533         0         0
         8      2534         0         0         8      2535         0         0
         8      2536         0         0         8      2537         0         0
         8      2538         0         0         8      2539         0         0
         8      2540         0         0         8      2541         0         0
         8      2542         0         0         8      2543         0         0
         8      2544         0         0         8      2545         0         0
         8      2546         0         0         8      2547         0         0
         8      2548         0         0         8      2549         0         0
         2         0         0         0         0         0         0        10
Inlet
         8       862         0         0         8      1083         0         0
         8      1184         0         0         8      1197         0         0
         8      1309         0         0         8      1315         0         0
         8      2255         0         0         8      2278         0         0
         8      2281         0         0         8      2282         0         0
         3         0         0         0         0         0         0        20
Outlet
         8      2505         0         0         8      2506         0         0
         8      2508         0         0         8      2509         0         0
         8      2510         0         0         8      2511         0         0
         8      2512         0         0         8      2513         0         0
         8      2514         0         0         8      2515         0         0
         8      2516         0         0         8      2517         0         0
         8      2518         0         0         8      2519         0         0
         8      2520         0         0         8      2521         0         0
         8      2522         0         0         8      2523         0         0
         8      2524         0         0         8      2525         0         0
         4         0         0         0         0         0         0      1898
Empty
         8      1324         0         0         8      1325         0         0
         8      1326         0         0         8      1327         0         0
         8      1328         0         0         8      1329         0         0
         8      1330         0         0         8      1331         0         0
         8      1332         0         0         8      1333         0         0
         8      1334         0         0         8      1335         0         0
         8      1336         0         0         8      1337         0         0
         8      1338         0         0         8      1339         0         0
         8      1340         0         0         8      1341         0         0
         8      1342         0         0         8      1343         0         0
         8      1344         0         0         8      1345         0         0
         8      1346         0         0         8      1347         0         0
         8      1348         0         0         8      1349         0         0
         8      1350         0         0         8      1351         0         0
         8      1352         0         0         8      1353         0         0
         8      1354         0         0         8      1355         0         0
         8      1356         0         0         8      1357         0         0
         8      1358         0         0         8      1359         0         0
         8      1360         0         0         8      1361         0         0
         8      1362         0         0         8      1363         0         0
         8      1364         0         0         8      1365         0         0
         8      1366         0         0         8      1367         0         0
         8      1368         0         0         8      1369         0         0
         8      1370         0         0         8      1371         0         0
         8      1372         0         0         8      1373         0         0
         8      1374         0         0         8      1375         0         0
         8      1376         0         0         8      1377         0         0
         8      1378         0         0         8      1379         0         0
         8      1380         0         0         8      1381         0         0
         8      1382         0         0         8      1383         0         0
         8      1384         0         0         8      1385         0         0
         8      1386         0         0         8      1387         0         0
         8      1388         0         0         8      1389         0         0
         8      1390         0         0         8      1391         0         0
         8      1392         0         0         8      1393         0         0
         8      1394         0         0         8      1395         0         0
         8      1396         0         0         8      1397         0         0
         8      1398         0         0         8      1399         0         0
         8      1400         0         0         8      1401         0         0
         8      1402         0         0         8      1403         0         0
         8      1404         0         0         8      1405         0         0
         8      1406         0         0         8      1407         0         0
         8      1408         0         0         8      1409         0         0
         8      1410         0         0         8      1411         0         0
         8      1412         0         0         8      1413         0         0
         8      1414         0         0         8      1415         0         0
         8      1416         0         0         8      1417         0         0
         8      1418         0         0         8      1419         0         0
         8      1420         0         0         8      1421         0         0
         8      1422         0         0         8      1423         0         0
         8      1424         0         0         8      1425         0         0
         8      1426         0         0         8      1427         0         0
         8      1428         0         0         8      1429         0         0
         8      1430         0         0         8      1431         0         0
         8      1432         0         0         8      1433         0         0
         8      1434         0         0         8      1435         0         0
         8      1436         0         0         8      1437         0         0
         8      1438         0         0         8      1439         0         0
         8      1440         0         0         8      1441         0         0
         8      1442         0         0         8      1443         0         0
         8      1444         0         0         8      1445         0         0
         8      1446         0         0         8      1447         0         0
         8      1448         0         0         8      1449         0         0
         8      1450         0         0         8      1451         0         0
         8      1452         0         0         8      1453         0         0
         8      1454         0         0         8      1455         0         0
         8      1456         0         0         8      1457         0         0
         8      1458         0         0         8      1459         0         0
         8      1460         0         0         8      1461         0         0
         8      1462         0         0         8      1463         0         0
         8      1464         0         0         8      1465         0         0
         8      1466         0         0         8      1467         0         0
         8      1468         0         0         8      1469         0         0
         8      1470         0         0         8      1471         0         0
         8      1472         0         0         8      1473         0         0
         8      1474         0         0         8      1475         0         0
         8      1476         0         0         8      1477         0         0
         8      1478         0         0         8      1479         0         0
         8      1480         0         0         8      1481         0         0
         8      1482         0         0         8      1483         0         0
         8      1484         0         0         8      1485         0         0
         8      1486         0         0         8      1487         0         0
         8      1488         0         0         8      1489         0         0
         8      1490         0         0         8      1491         0         0
         8      1492         0         0         8      1493         0         0
         8      1494         0         0         8      1495         0         0
         8      1496         0         0         8      1497         0         0
         8      1498         0         0         8      1499         0         0
         8      1500         0         0         8      1501         0         0
         8      1502         0         0         8      1503         0         0
         8      1504         0         0         8      1505         0         0
         8      1506         0         0         8      1507         0         0
         8      1508         0         0         8      1509         0         0
         8      1510         0         0         8      1511         0         0
         8      1512         0         0         8      1513         0         0
         8      1514         0         0         8      1515         0         0
         8      1516         0         0         8      1517         0         0
         8      1518         0         0         8      1519         0         0
         8      1520         0         0         8      1521         0         0
         8      1522         0         0         8      1523         0         0
         8      1524         0         0         8      1525         0         0
         8      1526         0         0         8      1527         0         0
         8      1528         0         0         8      1529         0         0
         8      1530         0         0         8      1531         0         0
         8      1532         0         0         8      1533         0         0
         8      1534         0         0         8      1535         0         0
         8      1536         0         0         8      1537         0         0
         8      1538         0         0         8      1539         0         0
         8      1540         0         0         8      1541         0         0
         8      1542         0         0         8      1543         0         0
         8      1544         0         0         8      1545         0         0
         8      1546         0         0         8      1547         0         0
         8      1548         0         0         8      1549         0         0
         8      1550         0         0         8      1551         0         0
         8      1552         0         0         8      1553         0         0
         8      1554         0         0         8      1555         0         0
         8      1556         0         0         8      1557         0         0
         8      1558         0         0         8      1559         0         0
         8      1560         0         0         8      1561         0         0
         8      1562         0         0         8      1563         0         0
         8      1564         0         0         8      1565         0         0
         8      1566         0         0         8      1567         0         0
         8      1568         0         0         8      1569         0         0
         8      1570         0         0         8      1571         0         0
         8      1572         0         0         8      1573         0         0
         8      1574         0         0         8      1575         0         0
         8      1576         0         0         8      1577         0         0
         8      1578         0         0         8      1579         0         0
         8      1580         0         0         8      1581         0         0
         8      1582         0         0         8      1583         0         0
         8      1584         0         0         8      1585         0         0
         8      1586         0         0         8      1587         0         0
         8      1588         0         0         8      1589         0         0
         8      1590         0         0         8      1591         0         0
         8      1592         0         0         8      1593         0         0
         8      1594         0         0         8      1595         0         0
         8      1596         0         0         8      1597         0         0
         8      1598         0         0         8      1599         0         0
         8      1600         0         0         8      1601         0         0
         8      1602         0         0         8      1603         0         0
         8      1604         0         0         8      1605         0         0
         8      1606         0         0         8      1607         0         0
         8      1608         0         0         8      1609         0         0
         8      1610         0         0         8      1611         0         0
         8      1612         0         0         8      1613         0         0
         8      1614         0         0         8      1615         0         0
         8      1616         0         0         8      1617         0         0
         8      1618         0         0         8      1619         0         0
         8      1620         0         0         8      1621         0         0
         8      1622         0         0         8      1623         0         0
         8      1624         0         0         8      1625         0         0
         8      1626         0         0         8      1627         0         0
         8      1628         0         0         8      1629         0         0
         8      1630         0         0         8      1631         0         0
         8      1632         0         0         8      1633         0         0
         8      1634         0         0         8      1635         0         0
         8      1636         0         0         8      1637         0         0
         8      1638         0         0         8      1639         0         0
         8      1640         0         0         8      1641         0         0
         8      1642         0         0         8      1643         0         0
         8      1644         0         0         8      1645         0         0
         8      1646         0         0         8      1647         0         0
         8      1648         0         0         8      1649         0         0
         8      1650         0         0         8      1651         0         0
         8      1652         0         0         8      1653         0         0
         8      1654         0         0         8      1655         0         0
         8      1656         0         0         8      1657         0         0
         8      1658         0         0         8      1659         0         0
         8      1660         0         0         8      1661         0         0
         8      1662         0         0         8      1663         0         0
         8      1664         0         0         8      1665         0         0
         8      1666         0         0         8      1667         0         0
         8      1668         0         0         8      1669         0         0
         8      1670         0         0         8      1671         0         0
         8      1672         0         0         8      1673         0         0
         8      1674         0         0         8      1675         0         0
         8      1676         0         0         8      1677         0         0
         8      1678         0         0         8      1679         0         0
         8      1680         0         0         8      1681         0         0
         8      1682         0         0         8      1683         0         0
         8      1684         0         0         8      1685         0         0
         8      1686         0         0         8      1687         0         0
         8      1688         0         0         8      1689         0         0
         8      1690         0         0         8      1691         0         0
         8      1692         0         0         8      1693         0         0
         8      1694         0         0         8      1695         0         0
         8      1696         0         0         8      1697         0         0
         8      1698         0         0         8      1699         0         0
         8      1700         0         0         8      1701         0         0
         8      1702         0         0         8      1703         0         0
         8      1704         0         0         8      1705         0         0
         8      1706         0         0         8      1707         0         0
         8      1708         0         0         8      1709         0         0
         8      1710         0         0         8      1711         0         0
         8      1712         0         0         8      1713         0         0
         8      1714         0         0         8      1715         0         0
         8      1716         0         0         8      1717         0         0
         8      1718         0         0         8      1719         0         0
         8      1720         0         0         8      1721         0         0
         8      1722         0         0         8      1723         0         0
         8      1724         0         0         8      1725         0         0
         8      1726         0         0         8      1727         0         0
         8      1728         0         0         8      1729         0         0
         8      1730         0         0         8      1731         0         0
         8      1732         0         0         8      1733         0         0
         8      1734         0         0         8      1735         0         0
         8      1736         0         0         8      1737         0         0
         8      1738         0         0         8      1739         0         0
         8      1740         0         0         8      1741         0         0
         8      1742         0         0         8      1743         0         0
         8      1744         0         0         8      1745         0         0
         8      1746         0         0         8      1747         0         0
         8      1748         0         0         8      1749         0         0
         8      1750         0         0         8      1751         0         0
         8      1752         0         0         8      1753         0         0
         8      1754         0         0         8      1755         0         0
         8      1756         0         0         8      1757         0         0
         8      1758         0         0         8      1759         0         0
         8      1760         0         0         8      1761         0         0
         8      1762         0         0         8      1763         0         0
         8      1764         0         0         8      1765         0         0
         8      1766         0         0         8      1767         0         0
         8      1768         0         0         8      1769         0         0
         8      1770         0         0         8      1771         0         0
         8      1772         0         0         8      1773         0         0
         8      1774         0         0         8      1775         0         0
         8      1776         0         0         8      1777         0         0
         8      1778         0         0         8      1779         0         0
         8      1780         0         0         8      1781         0         0
         8      1782         0         0         8      1783         0         0
         8      1784         0         0         8      1785         0         0
         8      1786         0         0         8      1787         0         0
         8      1788         0         0         8      1789         0         0
         8      1790         0         0         8      1791         0         0
         8      1792         0         0         8      1793         0         0
         8      1794         0         0         8      1795         0         0
         8      1796         0         0         8      1797         0         0
         8      1798         0         0         8      1799         0         0
         8      1800         0         0         8      1801         0         0
         8      1802         0         0         8      1803         0         0
         8      1804         0         0         8      1805         0         0
         8      1806         0         0         8      1807         0         0
         8      1808         0         0         8      1809         0         0
         8      1810         0         0         8      1811         0         0
         8      1812         0         0         8      1813         0         0
         8      1814         0         0         8      1815         0         0
         8      1816         0         0         8      1817         0         0
         8      1818         0         0         8      1819         0         0
         8      1820         0         0         8      1821         0         0
         8      1822         0         0         8      1823         0         0
         8      1824         0         0         8      1825         0         0
         8      1826         0         0         8      1827         0         0
         8      1828         0         0         8      1829         0         0
         8      1830         0         0         8      1831         0         0
         8      1832         0         0         8      1833         0         0
         8      1834         0         0         8      1835         0         0
         8      1836         0         0         8      1837         0         0
         8      1838         0         0         8      1839         0         0
         8      1840         0         0         8      1841         0         0
         8      1842         0         0         8      1843         0         0
         8      1844         0         0         8      1845         0         0
         8      1846         0         0         8      1847         0         0
         8      1848         0         0         8      1849         0         0
         8      1850         0         0         8      1851         0         0
         8      1852         0         0         8      1853         0         0
         8      1854         0         0         8      1855         0         0
         8      1856         0         0         8      1857         0         0
         8      1858         0         0         8      1859         0         0
         8      1860         0         0         8      1861         0         0
         8      1862         0         0         8      1863         0         0
         8      1864         0         0         8      1865         0         0
         8      1866         0         0         8      1867         0         0
         8      1868         0         0         8      1869         0         0
         8      1870         0         0         8      1871         0         0
         8      1872         0         0         8      1873         0         0
         8      1874         0         0         8      1875         0         0
         8      1876         0         0         8      1877         0         0
         8      1878         0         0         8      1879         0         0
         8      1880         0         0         8      1881         0         0
         8      1882         0         0         8      1883         0         0
         8      1884         0         0         8      1885         0         0
         8      1886         0         0         8      1887         0         0
         8      1888         0         0         8      1889         0         0
         8      1890         0         0         8      1891         0         0
         8      1892         0         0         8      1893         0         0
         8      1894         0         0         8      1895         0         0
         8      1896         0         0         8      1897         0         0
         8      1898         0         0         8      1899         0         0
         8      1900         0         0         8      1901         0         0
         8      1902         0         0         8      1903         0         0
         8      1904         0         0         8      1905         0         0
         8      1906         0         0         8      1907         0         0
         8      1908         0         0         8      1909         0         0
         8      1910         0         0         8      1911         0         0
         8      1912         0         0         8      1913         0         0
         8      1914         0         0         8      1915         0         0
         8      1916         0         0         8      1917         0         0
         8      1918         0         0         8      1919         0         0
         8      1920         0         0         8      1921         0         0
         8      1922         0         0         8      1923         0         0
         8      1924         0         0         8      1925         0         0
         8      1926         0         0         8      1927         0         0
         8      1928         0         0         8      1929         0         0
         8      1930         0         0         8      1931         0         0
         8      1932         0         0         8      1933         0         0
         8      1934         0         0         8      1935         0         0
         8      1936         0         0         8      1937         0         0
         8      1938         0         0         8      1939         0         0
         8      1940         0         0         8      1941         0         0
         8      1942         0         0         8      1943         0         0
         8      1944         0         0         8      1945         0         0
         8      1946         0         0         8      1947         0         0
         8      1948         0         0         8      1949         0         0
         8      1950         0         0         8      1951         0         0
         8      1952         0         0         8      1953         0         0
         8      1954         0         0         8      1955         0         0
         8      1956         0         0         8      1957         0         0
         8      1958         0         0         8      1959         0         0
         8      1960         0         0         8      1961         0         0
         8      1962         0         0         8      1963         0         0
         8      1964         0         0         8      1965         0         0
         8      1966         0         0         8      1967         0         0
         8      1968         0         0         8      1969         0         0
         8      1970         0         0         8      1971         0         0
         8      1972         0         0         8      1973         0         0
         8      1974         0         0         8      1975         0         0
         8      1976         0         0         8      1977         0         0
         8      1978         0         0         8      1979         0         0
         8      1980         0         0         8      1981         0         0
         8      1982         0         0         8      1983         0         0
         8      1984         0         0         8      1985         0         0
         8      1986         0         0         8      1987         0         0
         8      1988         0         0         8      1989         0         0
         8      1990         0         0         8      1991         0         0
         8      1992         0         0         8      1993         0         0
         8      1994         0         0         8      1995         0         0
         8      1996         0         0         8      1997         0         0
         8      1998         0         0         8      1999         0         0
         8      2000         0         0         8      2001         0         0
         8      2002         0         0         8      2003         0         0
         8      2004         0         0         8      2005         0         0
         8      2006         0         0         8      2007         0         0
         8      2008         0         0         8      2009         0         0
         8      2010         0         0         8      2011         0         0
         8      2012         0         0         8      2013         0         0
         8      2014         0         0         8      2015         0         0
         8      2016         0         0         8      2017         0         0
         8      2018         0         0         8      2019         0         0
         8      2020         0         0         8      2021         0         0
         8      2022         0         0         8      2023         0         0
         8      2024         0         0         8      2025         0         0
         8      2026         0         0         8      2027         0         0
         8      2028         0         0         8      2029         0         0
         8      2030         0         0         8      2031         0         0
         8      2032         0         0         8      2033         0         0
         8      2034         0         0         8      2035         0         0
         8      2036         0         0         8      2037         0         0
         8      2038         0         0         8      2039         0         0
         8      2040         0         0         8      2041         0         0
         8      2042         0         0         8      2043         0         0
         8      2044         0         0         8      2045         0         0
         8      2046         0         0         8      2047         0         0
         8      2048         0         0         8      2049         0         0
         8      2050         0         0         8      2051         0         0
         8      2052         0         0         8      2053         0         0
         8      2054         0         0         8      2055         0         0
         8      2056         0         0         8      2057         0         0
         8      2058         0         0         8      2059         0         0
         8      2060         0         0         8      2061         0         0
         8      2062         0         0         8      2063         0         0
         8      2064         0         0         8      2065         0         0
         8      2066         0         0         8      2067         0         0
         8      2068         0         0         8      2069         0         0
         8      2070         0         0         8      2071         0         0
         8      2072         0         0         8      2073         0         0
         8      2074         0         0         8      2075         0         0
         8      2076         0         0         8      2077         0         0
         8      2078         0         0         8      2079         0         0
         8      2080         0         0         8      2081         0         0
         8      2082         0         0         8      2083         0         0
         8      2084         0         0         8      2085         0         0
         8      2086         0         0         8      2087         0         0
         8      2088         0         0         8      2089         0         0
         8      2090         0         0         8      2091         0         0
         8      2092         0         0         8      2093         0         0
         8      2094         0         0         8      2095         0         0
         8      2096         0         0         8      2097         0         0
         8      2098         0         0         8      2099         0         0
         8      2100         0         0         8      2101         0         0
         8      2102         0         0         8      2103         0         0
         8      2104         0         0         8      2105         0         0
         8      2106         0         0         8      2107         0         0
         8      2108         0         0         8      2109         0         0
         8      2110         0         0         8      2111         0         0
         8      2112         0         0         8      2113         0         0
         8      2114         0         0         8      2115         0         0
         8      2116         0         0         8      2117         0         0
         8      2118         0         0         8      2119         0         0
         8      2120         0         0         8      2121         0         0
         8      2122         0         0         8      2123         0         0
         8      2124         0         0         8      2125         0         0
         8      2126         0         0         8      2127         0         0
         8      2128         0         0         8      2129         0         0
         8      2130         0         0         8      2131         0         0
         8      2132         0         0         8      2133         0         0
         8      2134         0         0         8      2135         0         0
         8      2136         0         0         8      2137         0         0
         8      2138         0         0         8      2139         0         0
         8      2140         0         0         8      2141         0         0
         8      2142         0         0         8      2143         0         0
         8      2144         0         0         8      2145         0         0
         8      2146         0         0         8      2147         0         0
         8      2148         0         0         8      2149         0         0
         8      2150         0         0         8      2151         0         0
         8      2152         0         0         8      2153         0         0
         8      2154         0         0         8      2155         0         0
         8      2156         0         0         8      2157         0         0
         8      2158         0         0         8      2159         0         0
         8      2160         0         0         8      2161         0         0
         8      2162         0         0         8      2163         0         0
         8      2164         0         0         8      2165         0         0
         8      2166         0         0         8      2167         0         0
         8      2168         0         0         8      2169         0         0
         8      2170         0         0         8      2171         0         0
         8      2172         0         0         8      2173         0         0
         8      2174         0         0         8      2175         0         0
         8      2176         0         0         8      2177         0         0
         8      2178         0         0         8      2179         0         0
         8      2180         0         0         8      2181         0         0
         8      2182         0         0         8      2183         0         0
         8      2184         0         0         8      2185         0         0
         8      2186         0         0         8      2187         0         0
         8      2188         0         0         8      2189         0         0
         8      2190         0         0         8      2191         0         0
         8      2192         0         0         8      2193         0         0
         8      2194         0         0         8      2195         0         0
         8      2196         0         0         8      2197         0         0
         8      2198         0         0         8      2199         0         0
         8      2200         0         0         8      2201         0         0
         8      2202         0         0         8      2203         0         0
         8      2204         0         0         8      2205         0         0
         8      2206         0         0         8      2207         0         0
         8      2208         0         0         8      2209         0         0
         8      2210         0         0         8      2211         0         0
         8      2212         0         0         8      2213         0         0
         8      2214         0         0         8      2215         0         0
         8      2216         0         0         8      2217         0         0
         8      2218         0         0         8      2219         0         0
         8      2220         0         0         8      2221         0         0
         8      2222         0         0         8      2223         0         0
         8      2224         0         0         8      2225         0         0
         8      2226         0         0         8      2227         0         0
         8      2228         0         0         8      2229         0         0
         8      2230         0         0         8      2231         0         0
         8      2232         0         0         8      2233         0         0
         8      2234         0         0         8      2235         0         0
         8      2236         0         0         8      2237         0         0
         8      2238         0         0         8      2239         0         0
         8      2240         0         0         8      2241         0         0
         8      2242         0         0         8      2243         0         0
         8      2244         0         0         8      2245         0         0
         8      2246         0         0         8      2247         0         0
         8      2248         0         0         8      2249         0         0
         8      2250         0         0         8      2251         0         0
         8      2252         0         0         8       349         0         0
         8       350         0         0         8       351         0         0
         8       352         0         0         8       353         0         0
         8       354         0         0         8       355         0         0
         8       356         0         0         8       357         0         0
         8       358         0         0         8       359         0         0
         8       360         0         0         8       361         0         0
         8       362         0         0         8       363         0         0
         8       364         0         0         8       365         0         0
         8       366         0         0         8       367         0         0
         8       368         0         0         8       369         0         0
         8       370         0         0         8       371         0         0
         8       372         0         0         8       373         0         0
         8       374         0         0         8       375         0         0
         8       376         0         0         8       377         0         0
         8       378         0         0         8       379         0         0
         8       380         0         0         8       381         0         0
         8       382         0         0         8       383         0         0
         8       384         0         0         8       385         0         0
         8       386         0         0         8       387         0         0
         8       388         0         0         8       389         0         0
         8       390         0         0         8       391         0         0
         8       392         0         0         8       393         0         0
         8       394         0         0         8       395         0         0
         8       396         0         0         8       397         0         0
         8       398         0         0         8       399         0         0
         8       400         0         0         8       401         0         0
         8       402         0         0         8       403         0         0
         8       404         0         0         8       405         0         0
         8       406         0         0         8       407         0         0
         8       408         0         0         8       409         0         0
         8       410         0         0         8       411         0         0
         8       412         0         0         8       413         0         0
         8       414         0         0         8       415         0         0
         8       416         0         0         8       417         0         0
         8       418         0         0         8       419         0         0
         8       420         0         0         8       421         0         0
         8       422         0         0         8       423         0         0
         8       424         0         0         8       425         0         0
         8       426         0         0         8       427         0         0
         8       428         0         0         8       429         0         0
         8       430         0         0         8       431         0         0
         8       432         0         0         8       433         0         0
         8       434         0         0         8       435         0         0
         8       436         0         0         8       437         0         0
         8       438         0         0         8       439         0         0
         8       440         0         0         8       441         0         0
         8       442         0         0         8       443         0         0
         8       444         0         0         8       445         0         0
         8       446         0         0         8       447         0         0
         8       448         0         0         8       449         0         0
         8       450         0         0         8       451         0         0
         8       452         0         0         8       453         0         0
         8       454         0         0         8       455         0         0
         8       456         0         0         8       457         0         0
         8       458         0         0         8       459         0         0
         8       460         0         0         8       461         0         0
         8       462         0         0         8       463         0         0
         8       464         0         0         8       465         0         0
         8       466         0         0         8       467         0         0
         8       468         0         0         8       469         0         0
         8       470         0         0         8       471         0         0
         8       472         0         0         8       473         0         0
         8       474         0         0         8       475         0         0
         8       476         0         0         8       477         0         0
         8       478         0         0         8       479         0         0
         8       480         0         0         8       481         0         0
         8       482         0         0         8       483         0         0
         8       484         0         0         8       485         0         0
         8       486         0         0         8       487         0         0
         8       488         0         0         8       489         0         0
         8       490         0         0         8       491         0         0
         8       492         0         0         8       493         0         0
         8       494         0         0         8       495         0         0
         8       496         0         0         8       497         0         0
         8       498         0         0         8       499         0         0
         8       500         0         0         8       501         0         0
         8       502         0         0         8       503         0         0
         8       504         0         0         8       505         0         0
         8       506         0         0         8       507         0         0
         8       508         0         0         8       509         0         0
         8       510         0         0         8       511         0         0
         8       512         0         0         8       513         0         0
         8       514         0         0         8       515         0         0
         8       516         0         0         8       517         0         0
         8       518         0         0         8       519         0         0
         8       520         0         0         8       521         0         0
         8       522         0         0         8       523         0         0
         8       524         0         0         8       525         0         0
         8       526         0         0         8       527         0         0
         8       528         0         0         8       529         0         0
         8       530         0         0         8       531         0         0
         8       532         0         0         8       533         0         0
         8       534         0         0         8       535         0         0
         8       536         0         0         8       537         0         0
         8       538         0         0         8       539         0         0
         8       540         0         0         8       541         0         0
         8       542         0         0         8       543         0         0
         8       544         0         0         8       545         0         0
         8       546         0         0         8       547         0         0
         8       548         0         0         8       549         0         0
         8       550         0         0         8       551         0         0
         8       552         0         0         8       553         0         0
         8       554         0         0         8       555         0         0
         8       556         0         0         8       557         0         0
         8       558         0         0         8       559         0         0
         8       560         0         0         8       561         0         0
         8       562         0         0         8       563         0         0
         8       564         0         0         8       565         0         0
         8       566         0         0         8       567         0         0
         8       568         0         0         8       569         0         0
         8       570         0         0         8       571         0         0
         8       572         0         0         8       573         0         0
         8       574         0         0         8       575         0         0
         8       576         0         0         8       577         0         0
         8       578         0         0         8       579         0         0
         8       580         0         0         8       581         0         0
         8       582         0         0         8       583         0         0
         8       584         0         0         8       585         0         0
         8       586         0         0         8       587         0         0
         8       588         0         0         8       589         0         0
         8       590         0         0         8       591         0         0
         8       592         0         0         8       593         0         0
         8       594         0         0         8       595         0         0
         8       596         0         0         8       597         0         0
         8       598         0         0         8       599         0         0
         8       600         0         0         8       601         0         0
         8       602         0         0         8       603         0         0
         8       604         0         0         8       605         0         0
         8       606         0         0         8       607         0         0
         8       608         0         0         8       609         0         0
         8       610         0         0         8       611         0         0
         8       612         0         0         8       613         0         0
         8       614         0         0         8       615         0         0
         8       616         0         0         8       617         0         0
         8       618         0         0         8       619         0         0
         8       620         0         0         8       621         0         0
         8       622         0         0         8       623         0         0
         8       624         0         0         8       625         0         0
         8       626         0         0         8       627         0         0
         8       628         0         0         8       629         0         0
         8       630         0         0         8       631         0         0
         8       632         0         0         8       633         0         0
         8       634         0         0         8       635         0         0
         8       636         0         0         8       637         0         0
         8       638         0         0         8       639         0         0
         8       640         0         0         8       641         0         0
         8       642         0         0         8       643         0         0
         8       644         0         0         8       645         0         0
         8       646         0         0         8       647         0         0
         8       648         0         0         8       649         0         0
         8       650         0         0         8       651         0         0
         8       652         0         0         8       653         0         0
         8       654         0         0         8       655         0         0
         8       656         0         0         8       657         0         0
         8       658         0         0         8       659         0         0
         8       660         0         0         8       661         0         0
         8       662         0         0         8       663         0         0
         8       664         0         0         8       665         0         0
         8       666         0         0         8       667         0         0
         8       668         0         0         8       669         0         0
         8       670         0         0         8       671         0         0
         8       672         0         0         8       673         0         0
         8       674         0         0         8       675         0         0
         8       676         0         0         8       677         0         0
         8       678         0         0         8       679         0         0
         8       680         0         0         8       681         0         0
         8       682         0         0         8       683         0         0
         8       684         0         0         8       685         0         0
         8       686         0         0         8       687         0         0
         8       688         0         0         8       689         0         0
         8       690         0         0         8       691         0         0
         8       692         0         0         8       693         0         0
         8       694         0         0         8       695         0         0
         8       696         0         0         8       697         0         0
         8       698         0         0         8       699         0         0
         8       700         0         0         8       701         0         0
         8       702         0         0         8       703         0         0
         8       704         0         0         8       705         0         0
         8       706         0         0         8       707         0         0
         8       708         0         0         8       709         0         0
         8       710         0         0         8       711         0         0
         8       712         0         0         8       713         0         0
         8       714         0         0         8       715         0         0
         8       716         0         0         8       717         0         0
         8       718         0         0         8       719         0         0
         8       720         0         0         8       721         0         0
         8       722         0         0         8       723         0         0
         8       724         0         0         8       725         0         0
         8       726         0         0         8       727         0         0
         8       728         0         0         8       729         0         0
         8       730         0         0         8       731         0         0
         8       732         0         0         8       733         0         0
         8       734         0         0         8       735         0         0
         8       736         0         0         8       737         0         0
         8       738         0         0         8       739         0         0
         8       740         0         0         8       741         0         0
         8       742         0         0         8       743         0         0
         8       744         0         0         8       745         0         0
         8       746         0         0         8       747         0         0
         8       748         0         0         8       749         0         0
         8       750         0         0         8       751         0         0
         8       752         0         0         8       753         0         0
         8       754         0         0         8       755         0         0
         8       756         0         0         8       757         0         0
         8       758         0         0         8       759         0         0
         8       760         0         0         8       761         0         0
         8       762         0         0         8       763         0         0
         8       764         0         0         8       765         0         0
         8       766         0         0         8       767         0         0
         8       768         0         0         8       769         0         0
         8       770         0         0         8       771         0         0
         8       772         0         0         8       773         0         0
         8       774         0         0         8       775         0         0
         8       776         0         0         8       777         0         0
         8       778         0         0         8       779         0         0
         8       780         0         0         8       781         0         0
         8       782         0         0         8       783         0         0
         8       784         0         0         8       785         0         0
         8       786         0         0         8       787         0         0
         8       788         0         0         8       789         0         0
         8       790         0         0         8       791         0         0
         8       792         0         0         8       793         0         0
         8       794         0         0         8       795         0         0
         8       796         0         0         8       797         0         0
         8       798         0         0         8       799         0         0
         8       800         0         0         8       801         0         0
         8       802         0         0         8       803         0         0
         8       804         0         0         8       805         0         0
         8       806         0         0         8       807         0         0
         8       808         0         0         8       809         0         0
         8       810         0         0         8       811         0         0
         8       812         0         0         8       813         0         0
         8       814         0         0         8       815         0         0
         8       816         0         0         8       817         0         0
         8       818         0         0         8       819         0         0
         8       820         0         0         8       821         0         0
         8       822         0         0         8       823         0         0
         8       824         0         0         8       825         0         0
         8       826         0         0         8       827         0         0
         8       828         0         0         8       829         0         0
         8       830         0         0         8       831         0         0
         8       832         0         0         8       833         0         0
         8       834         0         0         8       835         0         0
         8       836         0         0         8       837         0         0
         8       838         0         0         8       839         0         0
         8       840         0         0         8       841         0         0
         8       842         0         0         8       843         0         0
         8       844         0         0         8       845         0         0
         8       846         0         0         8       847         0         0
         8       848         0         0         8       849         0         0
         8       850         0         0         8       851         0         0
         8       852         0         0         8       853         0         0
         8       854         0         0         8       855         0         0
         8       856         0         0         8       857         0         0
         8       858         0         0         8       859         0         0
         8       860         0         0         8       861         0         0
         8       863         0         0         8       864         0         0
         8       865         0         0         8       866         0         0
         8       867         0         0         8       868         0         0
         8       869         0         0         8       870         0         0
         8       871         0         0         8       872         0         0
         8       873         0         0         8       874         0         0
         8       875         0         0         8       876         0         0
         8       877         0         0         8       878         0         0
         8       879         0         0         8       880         0         0
         8       881         0         0         8       882         0         0
         8       883         0         0         8       884         0         0
         8       885         0         0         8       886         0         0
         8       887         0         0         8       888         0         0
         8       889         0         0         8       890         0         0
         8       891         0         0         8       892         0         0
         8       893         0         0         8       894         0         0
         8       895         0         0         8       896         0         0
         8       897         0         0         8       898         0         0
         8       899         0         0         8       900         0         0
         8       901         0         0         8       902         0         0
         8       903         0         0         8       904         0         0
         8       905         0         0         8       906         0         0
         8       907         0         0         8       908         0         0
         8       909         0         0         8       910         0         0
         8       911         0         0         8       912         0         0
         8       913         0         0         8       914         0         0
         8       915         0         0         8       916         0         0
         8       917         0         0         8       918         0         0
         8       919         0         0         8       920         0         0
         8       921         0         0         8       922         0         0
         8       923         0         0         8       924         0         0
         8       925         0         0         8       926         0         0
         8       927         0         0         8       928         0         0
         8       929         0         0         8       930         0         0
         8       931         0         0         8       932         0         0
         8       933         0         0         8       934         0         0
         8       935         0         0         8       936         0         0
         8       937         0         0         8       938         0         0
         8       939         0         0         8       940         0         0
         8       941         0         0         8       942         0         0
         8       943         0         0         8       944         0         0
         8       945         0         0         8       946         0         0
         8       947         0         0         8       948         0         0
         8       949         0         0         8       950         0         0
         8       951         0         0         8       952         0         0
         8       953         0         0         8       954         0         0
         8       955         0         0         8       956         0         0
         8       957         0         0         8       958         0         0
         8       959         0         0         8       960         0         0
         8       961         0         0         8       962         0         0
         8       963         0         0         8       964         0         0
         8       965         0         0         8       966         0         0
         8       967         0         0         8       968         0         0
         8       969         0         0         8       970         0         0
         8       971         0         0         8       972         0         0
         8       973         0         0         8       974         0         0
         8       975         0         0         8       976         0         0
         8       977         0         0         8       978         0         0
         8       979         0         0         8       980         0         0
         8       981         0         0         8       982         0         0
         8       983         0         0         8       984         0         0
         8       985         0         0         8       986         0         0
         8       987         0         0         8       988         0         0
         8       989         0         0         8       990         0         0
         8       991         0         0         8       992         0         0
         8       993         0         0         8       994         0         0
         8       995         0         0         8       996         0         0
         8       997         0         0         8       998         0         0
         8       999         0         0         8      1000         0         0
         8      1001         0         0         8      1002         0         0
         8      1003         0         0         8      1004         0         0
         8      1005         0         0         8      1006         0         0
         8      1007         0         0         8      1008         0         0
         8      1009         0         0         8      1010         0         0
         8      1011         0         0         8      1012         0         0
         8      1013         0         0         8      1014         0         0
         8      1015         0         0         8      1016         0         0
         8      1017         0         0         8      1018         0         0
         8      1019         0         0         8      1020         0         0
         8      1021         0         0         8      1022         0         0
         8      1023         0         0         8      1024         0         0
         8      1025         0         0         8      1026         0         0
         8      1027         0         0         8      1028         0         0
         8      1029         0         0         8      1030         0         0
         8      1031         0         0         8      1032         0         0
         8      1033         0         0         8      1034         0         0
         8      1035         0         0         8      1036         0         0
         8      1037         0         0         8      1038         0         0
         8      1039         0         0         8      1040         0         0
         8      1041         0         0         8      1042         0         0
         8      1043         0         0         8      1044         0         0
         8      1045         0         0         8      1046         0         0
         8      1047         0         0         8      1048         0         0
         8      1049         0         0         8      1050         0         0
         8      1051         0         0         8      1052         0         0
         8      1053         0         0         8      1054         0         0
         8      1055         0         0         8      1056         0         0
         8      1057         0         0         8      1058         0         0
         8      1059         0         0         8      1060         0         0
         8      1061         0         0         8      1062         0         0
         8      1063         0         0         8      1064         0         0
         8      1065         0         0         8      1066         0         0
         8      1067         0         0         8      1068         0         0
         8      1069         0         0         8      1070         0         0
         8      1071         0         0         8      1072         0         0
         8      1073         0         0         8      1074         0         0
         8      1075         0         0         8      1076         0         0
         8      1077         0         0         8      1078         0         0
         8      1079         0         0         8      1080         0         0
         8      1081         0         0         8      1082         0         0
         8      1084         0         0         8      1085         0         0
         8      1086         0         0         8      1087         0         0
         8      1088         0         0         8      1089         0         0
         8      1090         0         0         8      1091         0         0
         8      1092         0         0         8      1093         0         0
         8      1094         0         0         8      1095         0         0
         8      1096         0         0         8      1097         0         0
         8      1098         0         0         8      1099         0         0
         8      1100         0         0         8      1101         0         0
         8      1102         0         0         8      1103         0         0
         8      1104         0         0         8      1105         0         0
         8      1106         0         0         8      1107         0         0
         8      1108         0         0         8      1109         0         0
         8      1110         0         0         8      1111         0         0
         8      1112         0         0         8      1113         0         0
         8      1114         0         0         8      1115         0         0
         8      1116         0         0         8      1117         0         0
         8      1118         0         0         8      1119         0         0
         8      1120         0         0         8      1121         0         0
         8      1122         0         0         8      1123         0         0
         8      1124         0         0         8      1125         0         0
         8      1126         0         0         8      1127         0         0
         8      1128         0         0         8      1129         0         0
         8      1130         0         0         8      1131         0         0
         8      1132         0         0         8      1133         0         0
         8      1134         0         0         8      1135         0         0
         8      1136         0         0         8      1137         0         0
         8      1138         0         0         8      1139         0         0
         8      1140         0         0         8      1141         0         0
         8      1142         0         0         8      1143         0         0
         8      1144         0         0         8      1145         0         0
         8      1146         0         0         8      1147         0         0
         8      1148         0         0         8      1149         0         0
         8      1150         0         0         8      1151         0         0
         8      1152         0         0         8      1153         0         0
         8      1154         0         0         8      1155         0         0
         8      1156         0         0         8      1157         0         0
         8      1158         0         0         8      1159         0         0
         8      1160         0         0         8      1161         0         0
         8      1162         0         0         8      1163         0         0
         8      1164         0         0         8      1165         0         0
         8      1166         0         0         8      1167         0         0
         8      1168         0         0         8      1169         0         0
         8      1170         0         0         8      1171         0         0
         8      1172         0         0         8      1173         0         0
         8      1174         0         0         8      1175         0         0
         8      1176         0         0         8      1177         0         0
         8      1178         0         0         8      1179         0         0
         8      1180         0         0         8      1181         0         0
         8      1182         0         0         8      1183         0         0
         8      1185         0         0         8      1186         0         0
         8      1187         0         0         8      1188         0         0
         8      1189         0         0         8      1190         0         0
         8      1191         0         0         8      1192         0         0
         8      1193         0         0         8      1194         0         0
         8      1195         0         0         8      1196         0         0
         8      1198         0         0         8      1199         0         0
         8      1200         0         0         8      1201         0         0
         8      1202         0         0         8      1203         0         0
         8      1204         0         0         8      1205         0         0
         8      1206         0         0         8      1207         0         0
         8      1208         0         0         8      1209         0         0
         8      1210         0         0         8      1211         0         0
         8      1212         0         0         8      1213         0         0
         8      1214         0         0         8      1215         0         0
         8      1216         0         0         8      1217         0         0
         8      1218         0         0         8      1219         0         0
         8      1220         0         0         8      1221         0         0
         8      1222         0         0         8      1223         0         0
         8      1224         0         0         8      1225         0         0
         8      1226         0         0         8      1227         0         0
         8      1228         0         0         8      1229         0         0
         8      1230         0         0         8      1231         0         0
         8      1232         0         0         8      1233         0         0
         8      1234         0         0         8      1235         0         0
         8      1236         0         0         8      1237         0         0
         8      1238         0         0         8      1239         0         0
         8      1240         0         0         8      1241         0         0
         8      1242         0         0         8      1243         0         0
         8      1244         0         0         8      1245         0         0
         8      1246         0         0         8      1247         0         0
         8      1248         0         0         8      1249         0         0
         8      1250         0         0         8      1251         0         0
         8      1252         0         0         8      1253         0         0
         8      1254         0         0         8      1255         0         0
         8      1256         0         0         8      1257         0         0
         8      1258         0         0         8      1259         0         0
         8      1260         0         0         8      1261         0         0
         8      1262         0         0         8      1263         0         0
         8      1264         0         0         8      1265         0         0
         8      1266         0         0         8      1267         0         0
         8      1268         0         0         8      1269         0         0
         8      1270         0         0         8      1271         0         0
         8      1272         0         0         8      1273         0         0
         8      1274         0         0         8      1275         0         0
         8      1276         0         0         8      1277         0         0
         8      1278         0         0         8      1279         0         0
         8      1280         0         0         8      1281         0         0
         8      1282         0         0         8      1283         0         0
         8      1284         0         0         8      1285         0         0
         8      1286         0         0         8      1287         0         0
         8      1288         0         0         8      1289         0         0
         8      1290         0         0         8      1291         0         0
         8      1292         0         0         8      1293         0         0
         8      1294         0         0         8      1295         0         0
         8      1296         0         0         8      1297         0         0
         8      1298         0         0         8      1299         0         0
         8      1300         0         0         8      1301         0         0
         8      1302         0         0         8      1303         0         0
         8      1304         0         0         8      1305         0         0
         8      1306         0         0         8      1307         0         0
         8      1308         0         0         8      1310         0         0
         8      1311         0         0         8      1312         0         0
         8      1313         0         0         8      1314         0         0
         8      1316         0         0         8      1317         0         0
         8      1318         0         0         8      1319         0         0
         8      1320         0         0         8      1321         0         0
         8      1322         0         0         8      1323         0         0
    -1
