/*--------------------------------*- C++ -*----------------------------------*\
| =========                 |                                                 |
| \\      /  F ield         | OpenFOAM: The Open Source CFD Toolbox           |
|  \\    /   O peration     | Version:  2312                                  |
|   \\  /    A nd           | Website:  www.openfoam.com                      |
|    \\/     M anipulation  |                                                 |
\*---------------------------------------------------------------------------*/
FoamFile
{
    version     2.0;
    format      ascii;
    arch        "LSB;label=32;scalar=64";
    class       volScalarField;
    location    "0.40005";
    object      p;
}
// * * * * * * * * * * * * * * * * * * * * * * * * * * * * * * * * * * * * * //

dimensions      [0 2 -2 0 0 0 0];

internalField   nonuniform List<scalar> 
64961
(
12.1798
11.1567
11.6886
11.8585
12.001
11.3223
11.5697
11.3367
10.7733
10.5934
10.6175
9.81682
11.0059
10.769
10.8315
10.7833
10.5688
9.96272
8.83765
7.45466
7.06679
6.38734
10.1531
10.2108
10.1127
9.862
9.30343
8.17754
5.98726
4.0353
3.46746
2.86297
2.51774
2.44805
-0.571977
9.85726
9.76549
9.59292
9.20729
8.5789
8.0216
-0.81852
-0.548794
-0.144933
-0.0612639
-0.177371
-0.347141
-2.00228
-2.70766
-1.30197
-1.08714
-1.20717
-1.23757
-1.09178
-0.560681
9.40269
9.36677
9.27134
9.38879
-1.01817
-1.01445
-0.789411
-0.663137
-0.569225
-0.355412
-0.133359
-0.0219728
-0.226382
-0.654355
-1.01103
-1.02605
-0.615321
8.97628
9.12564
9.45802
-0.455677
-0.160265
0.235918
0.632112
1.01075
1.21565
1.11185
0.745785
0.297716
-0.0399034
-0.201557
12.2022
11.7342
11.932
12.0916
12.2041
11.1322
11.3232
11.3957
11.4096
11.3222
11.1148
11.2869
10.4834
10.591
10.6278
10.5008
10.1619
9.61313
9.04091
8.54734
7.9575
7.05646
10.1198
10.1808
10.1066
9.80593
9.12995
7.72345
4.7814
3.59852
3.39771
3.40166
3.29474
2.71869
2.65964
9.88433
9.80318
9.58238
9.142
8.38169
6.72519
0.030918
0.0175331
-0.0393831
0.0584006
0.100646
-0.325115
-1.79477
-1.35198
-0.00486629
-0.487725
-0.655557
-0.917806
-0.885711
-0.410233
9.44776
9.38773
9.24661
8.95419
-0.570814
-0.52812
-0.621536
-0.760462
-0.469988
-0.111097
0.104358
0.126702
-0.219884
-0.67709
-1.21006
-1.38725
-0.811985
8.93927
9.02563
8.99649
-0.415969
-0.229896
0.0895786
0.877764
1.30606
1.40428
1.16304
0.627993
0.0100662
-0.392475
-0.345263
12.1812
12.1914
12.1771
12.2142
6.43474
7.06004
7.7173
5.62582
6.5639
-1.00948
-2.48452
-1.17722
-1.7831
-0.552408
-0.00177516
-0.139305
-0.406668
-0.020923
-0.657037
-0.0185493
-0.413634
-0.286767
-0.783191
-0.349201
-0.0137077
-0.293952
-0.000333244
-0.821964
-0.280382
-0.58005
-0.35413
0.000533759
-0.355024
-0.284963
12.1908
12.1815
12.2131
12.1773
11.9204
11.7709
12.1926
12.0105
12.105
12.1913
11.7945
11.9578
12.1754
12.2642
12.1797
11.9867
12.0796
12.3578
12.1096
11.2183
11.3411
11.2148
11.378
11.3687
11.4922
11.8923
11.4247
11.5327
11.1491
11.6513
11.4979
11.3073
12.3146
11.6673
11.6086
12.0005
11.483
11.0017
11.0242
11.5858
11.157
11.0285
10.7312
10.9397
10.8914
10.5614
10.8132
11.0062
10.6561
10.7405
11.3086
10.8714
10.9324
8.84762
8.12489
9.83039
7.78393
7.43186
8.24021
7.69802
10.1714
10.2493
10.2141
10.2157
10.3585
10.246
10.5664
10.2257
10.2285
11.0121
10.7832
10.2385
10.2058
6.55775
4.39571
3.90324
6.40525
-1.41171
3.12711
3.27951
3.71062
2.52827
3.34919
2.83249
2.11159
3.64545
10.0522
9.94952
10.1394
9.90732
5.62987
6.57005
8.19702
6.48009
7.07011
3.67079
-0.190717
6.03271
4.22685
-0.879544
0.0352198
-1.40565
-0.585723
0.00225757
-1.25381
-1.17705
-1.78217
-0.995348
-2.45069
-1.18029
-1.14184
-2.39836
-1.36474
-0.755267
-0.418142
-1.28709
-1.11063
-0.466597
-0.629706
-1.08794
-1.14472
-0.69462
-0.882118
-1.16449
-1.23994
-0.892285
-0.874195
-1.23608
-1.10984
-0.793322
-0.352584
-1.06324
-0.64714
-0.136141
-0.408826
-0.551677
-0.00147634
7.73138
8.96683
8.58191
7.96581
9.10121
8.02897
-0.0404228
-0.781623
-0.0542798
-0.489871
-0.800415
-0.5294
-1.20023
-0.2879
-0.774571
-0.353841
-0.560576
-0.0208616
-0.659307
-0.018864
9.13152
8.96572
9.27752
9.16371
8.82569
8.74803
9.35845
9.47848
-0.528327
-1.00784
-1.12772
-0.573463
-0.582046
-1.0025
-0.802482
-0.560769
-0.283885
-0.559436
-0.361704
-0.618227
-0.0139461
-0.297211
3.3727e-05
9.18778
9.1303
9.33451
9.46319
-0.491119
-0.416517
-0.294066
-0.442525
-0.191787
-0.28795
-0.20478
0.000867001
11.7685
11.9196
12.1914
11.7919
11.9566
12.1931
12.01
12.1044
11.3442
11.2187
11.4898
11.0265
11.0239
12.2041
12.315
11.6668
11.6098
11.0246
10.7237
11.5871
11.1595
10.8087
10.5588
11.3052
10.8679
10.9291
11.0065
10.6546
10.7397
7.68307
8.24078
10.24
10.172
10.3499
10.2401
10.2145
10.2134
10.7812
10.2337
10.2007
10.4832
10.5648
10.2242
10.2256
-1.39039
3.20606
3.31444
7.05464
6.56113
4.3977
3.9092
3.38524
2.84521
3.71613
2.52932
3.65642
2.1113
10.1287
9.9042
10.0515
9.94751
4.16634
-0.892704
4.77234
3.65439
-0.218125
-0.00452398
-1.26746
2.66108
0.0373066
-1.40642
7.95587
9.11595
8.37927
7.72768
8.96605
6.71764
-0.799478
-0.0642642
-0.535834
-1.21211
0.00964544
-0.0726247
-0.502631
9.18287
8.81763
9.24696
9.13254
8.96568
9.49344
8.95538
8.74747
-1.13902
-0.582449
-0.539577
-0.814867
-0.577476
-0.531964
-0.584326
-0.595727
9.32945
9.02626
9.18881
8.99649
-0.449285
-0.50358
-0.189083
-0.430943
-0.312386
12.112
12.3581
12.0074
12.06
12.0829
12.0385
11.9859
12.081
12.2031
12.1751
12.2643
11.3743
11.5101
11.2149
11.3776
11.6486
11.517
11.3384
11.7337
11.8918
11.425
11.5324
11.8286
11.2961
10.9202
11.931
12.0202
11.5682
11.6128
11.9852
10.8842
10.9919
12.091
12.1638
11.6615
11.6656
12.0429
11.7584
11.7455
12.0245
12.0753
12.067
12.0123
11.783
11.8174
11.6633
11.5828
10.8873
10.9421
11.1306
11.2067
11.0923
10.8996
11.5623
10.9367
10.9516
11.131
11.286
10.7533
10.756
11.3859
10.9533
10.8454
11.3221
11.3796
10.7391
10.6138
10.8526
10.8078
10.3605
11.3965
11.3787
10.5514
10.3104
10.5632
10.2609
9.35152
11.415
11.3435
10.2096
9.91813
10.6372
9.18264
8.04841
11.3197
11.1803
9.80582
9.49158
10.2867
7.94218
7.74932
11.1137
10.7406
9.39326
9.01726
7.72989
7.40768
11.2893
8.84815
8.12495
10.5302
10.4838
10.3749
10.38
10.5274
10.443
10.3077
10.8318
10.1854
10.0163
10.589
10.6271
10.2116
10.0774
10.7971
9.97502
9.56739
10.6243
10.5462
10.003
9.63353
10.6137
9.48171
8.63438
10.4973
10.2639
9.44087
8.65853
10.0697
8.45233
6.93442
10.1634
9.75161
8.29918
7.0411
9.01474
6.62636
5.184
9.61376
9.17393
6.45776
5.39446
7.59437
5.06493
4.40713
9.0408
8.66759
5.19365
4.88934
7.08745
4.29927
3.53483
8.5437
8.12118
4.85248
4.74054
6.52721
3.43891
3.16029
7.95533
7.28128
4.70866
4.51102
6.03307
5.44606
5.44203
5.92861
6.88505
6.47113
6.14311
5.81721
7.1062
4.6918
4.83633
10.2103
9.89637
9.82878
10.1176
10.1726
9.94701
9.9135
10.1326
9.8153
9.67841
10.179
10.1332
9.89557
9.74765
9.90897
9.6463
9.30927
10.102
9.90538
9.6841
9.36747
9.39865
9.23769
8.61191
9.80228
9.337
9.22279
8.60228
8.37232
8.4966
7.35774
9.12592
8.08087
8.32706
7.05175
6.10973
7.57787
7.33104
7.83593
6.22576
7.22165
6.8196
5.11601
1.93325
5.46839
1.55091
1.75033
2.49831
4.19602
3.52877
-0.843966
-0.408579
3.58338
3.40321
-0.278742
-0.613689
2.94868
-0.337545
0.0719355
3.3778
3.37458
-0.533505
-0.00185283
2.49367
0.105247
0.157433
3.38572
3.35806
0.0151245
0.463535
2.49238
0.12518
0.042846
3.29218
2.91092
0.5392
0.651082
1.23136
0.0767976
0.0416233
2.71916
1.78903
0.614581
0.272279
-8.58327
1.86561
1.26093
0.920588
2.60059
1.43108
0.764384
-2.43073
-1.38792
-1.18253
-1.147
-1.30756
-1.12856
-0.759171
-0.421355
-1.10478
-1.15806
-0.470858
-0.633109
-1.17717
-1.2478
-0.698338
-0.885756
-1.2429
-1.11282
-0.896089
-0.877505
-1.06553
-0.647818
-0.796681
-0.355433
9.86425
9.46253
9.88579
9.57206
9.78035
9.4621
9.41984
9.8823
9.831
9.57023
9.51263
9.62566
9.40787
9.29156
9.80709
9.64378
9.48065
9.34062
9.27342
9.26347
8.99203
9.58761
9.2726
9.28262
9.06018
8.70543
8.92936
8.60447
9.1404
8.60822
8.96447
8.61616
8.30759
8.36199
8.17488
8.17983
8.4324
8.22945
8.42663
8.47741
7.00665
6.41951
-0.704879
-0.834737
-0.85395
-1.0722
-0.765913
-0.871313
-1.01483
-0.193294
-1.06795
-1.019
-0.00819334
-0.260828
-0.543915
-0.482411
-0.0475222
-0.972141
-0.754946
-0.0544205
-0.00996282
-0.495751
-0.310518
-0.179701
-0.735094
-0.65407
0.0456894
0.147395
-0.53923
-0.57765
-0.289187
-0.650653
-0.62333
0.0886801
-0.146069
-0.654614
-0.480412
-1.70872
-0.608939
-0.460699
-0.329109
-1.11118
-0.440492
-0.240442
-2.66215
-0.457724
-0.359804
-1.79688
-1.6408
-0.209493
0.031505
-1.37696
-0.325116
-0.206984
-1.35363
-0.637675
0.0652561
-0.00918977
-1.07549
-0.197423
-0.338975
-0.00595522
-0.328747
-0.105455
-0.182465
-1.18659
-0.374733
-0.738342
-0.491113
-0.582514
-0.248148
-0.601463
-1.23323
-0.798835
-1.11255
-0.662094
-0.871393
-0.746338
-1.02233
-1.14073
-1.14924
-1.14103
-0.925021
-0.942115
-1.13412
-1.31884
-0.645839
-1.11604
-0.721228
-0.891179
-0.564574
-1.30837
-1.04216
-0.361678
-0.317419
-0.68449
-0.556714
-0.429834
-0.253684
-0.652275
9.40131
8.98333
9.44979
9.02779
9.37688
9.00481
9.06045
9.44607
9.40864
9.05149
9.08453
9.28557
9.05973
8.87229
9.3853
9.28449
9.08705
9.09681
9.26261
9.0925
8.93194
9.1195
9.24129
9.19517
9.14824
9.16146
8.57055
7.41741
8.98113
8.97925
9.12162
9.28895
-1.07508
-1.06461
-1.06501
-0.9483
-1.0444
-0.895391
-0.92989
-0.966663
-0.863541
-0.895063
-0.674635
-0.519598
-0.275417
-0.62254
-0.788509
-0.580088
-0.518049
-0.583162
-0.229959
0.0765829
-0.760106
-0.585692
-0.58656
-0.378826
-0.375695
0.125902
0.455799
-0.474464
-0.157455
0.0489187
0.505028
-0.169287
0.504477
0.838862
-0.121119
0.0812367
0.652404
1.01039
-0.0263598
0.88214
1.06228
0.104406
0.150417
1.04619
1.13277
-0.186659
1.06737
0.968503
0.12127
-0.080116
1.07364
0.880114
-0.596995
0.932655
0.600468
-0.232205
-0.516388
0.744027
0.319281
-0.974425
0.540955
0.144332
-0.696402
-1.08792
0.146243
-0.341126
-1.0449
0.0898235
-0.187984
-1.23036
-1.40635
-0.477395
-0.801836
-0.673003
-0.215635
-0.276653
-1.4038
-1.13982
-0.815152
-0.784608
-0.408077
-0.347586
-0.528548
-0.809742
-0.319753
-0.405767
-0.750592
8.94431
8.90363
9.14021
8.94205
9.0134
9.2257
9.01565
9.09279
9.72047
9.19662
9.18638
-0.46036
-0.677165
-0.614408
0.184997
-0.244465
0.167162
0.580669
0.0726444
0.754142
0.967313
0.872157
1.24292
1.20669
1.29269
1.43022
1.14347
1.39888
1.26186
0.803043
1.15377
0.77327
0.354007
0.615164
0.138901
-0.00517907
-0.00411152
-0.356553
-0.170365
-0.40493
-0.467638
-0.179724
-0.251798
-0.133691
12.1479
12.0957
12.17
12.0843
12.2416
12.2314
12.2095
12.1956
12.2538
12.2289
12.1978
11.6964
11.746
11.5893
11.7001
11.6937
11.6981
11.5984
12.0209
11.5673
11.6147
11.6921
11.8341
11.266
10.8969
12.164
11.6594
11.6645
11.8638
11.987
10.875
10.9711
12.0611
11.8892
11.9905
11.945
10.9559
10.825
10.9831
10.7933
11.2874
10.7553
10.7541
11.3233
11.5413
10.9409
10.9605
11.3807
10.7385
10.6138
11.5489
11.3456
10.9521
10.8494
11.3813
10.5518
10.3085
11.2972
10.8111
10.8111
10.3538
11.3456
10.2064
9.91563
10.7365
10.5831
10.2515
9.34973
11.1822
9.80713
9.49451
10.6133
10.6595
9.1834
8.01991
10.7421
9.39213
9.0171
10.6428
10.2964
7.92672
7.78627
10.3271
10.7087
10.1193
11.3817
10.2081
10.763
10.198
10.394
10.3887
10.3233
10.4861
10.3938
10.3938
10.3319
10.6281
10.2133
10.08
10.7737
10.8297
10.1933
10.0234
10.5481
10.0091
9.62961
10.8338
10.8075
9.98379
9.58623
10.2616
9.44778
8.66178
10.7916
10.6177
9.49651
8.64237
9.75402
8.30279
7.04551
10.5725
10.0707
8.46691
6.97831
9.1738
6.46355
5.39783
9.96092
9.02028
6.67142
5.2274
8.66754
5.19467
4.88968
8.84381
7.56542
5.10859
4.45934
8.11838
4.8486
4.72892
7.41918
7.03363
4.35573
3.49895
7.28071
4.69276
4.50722
7.0356
6.55139
3.38204
3.09792
4.67446
4.7993
4.66857
4.74076
10.1747
9.94699
9.91574
10.1628
10.2194
9.90043
9.82421
10.1382
9.89209
9.75193
10.2202
10.1373
9.81383
9.6682
9.91002
9.68268
9.3651
10.1211
9.91888
9.63876
9.2933
9.34233
9.22212
8.60434
9.87144
9.42534
9.2207
8.60053
8.08509
8.32949
7.05648
9.32718
8.38846
8.48293
7.36412
3.42405
-0.258452
-0.598213
4.09721
3.60173
-0.831585
-0.396423
3.40202
-0.520562
0.0264943
3.53991
2.9407
-0.328996
0.0999066
3.36763
0.0158978
0.466797
2.83757
2.49805
0.137687
0.197236
2.91196
0.559638
0.648217
2.51657
2.50457
0.169669
0.0610707
1.78769
0.610277
0.272036
2.44977
1.21861
0.0823223
0.0489819
1.12387
1.56416
0.914711
2.656
1.1234
1.43544
0.91932
9.88889
9.56838
9.8678
9.46006
9.8336
9.57204
9.51296
9.86294
9.78562
9.46071
9.45056
9.64945
9.48008
9.34045
9.76543
9.61735
9.43332
9.29396
9.27475
9.28143
9.05918
9.59242
9.26425
9.27196
8.96704
8.61041
8.96364
8.61686
9.19562
8.7076
8.90308
8.59768
6.3078
6.87024
6.29822
-0.490041
-0.0439428
-0.269695
-0.346099
-0.366445
-0.429745
-0.50804
-0.264564
-0.5309
-0.469402
-0.533285
-0.158972
-1.05629
-1.00362
-0.0150844
-0.486624
-0.300938
-0.116203
-0.00940772
-0.955973
-0.727765
0.148288
-0.52632
-0.536718
-0.0199023
-0.157545
-0.710689
-0.63705
-0.138225
-0.673647
-0.474152
-0.151883
-0.281366
-0.632224
-0.605317
-1.10855
-0.436874
-0.236182
-0.339246
-1.6961
-0.59195
-0.45629
-1.63878
-0.203731
0.0405795
-1.98746
-2.63301
-0.453788
-0.356207
-0.637616
0.0665283
-0.00578233
-2.67834
-1.35418
-0.32148
-0.202632
-0.325032
-0.101348
-0.185152
-1.28144
-1.06043
-0.193091
-0.334893
-0.579454
-0.240153
-0.603906
-1.07291
-1.17271
-0.370612
-0.734511
-0.868051
-0.734002
-1.02523
-1.1937
-1.22611
-0.795234
-1.11107
-0.940534
-1.1178
-1.32369
-1.23209
-1.13833
-1.14827
-1.1426
-0.563971
-1.29449
-1.05096
-1.09002
-0.646075
-1.1181
-0.723834
9.44362
9.02855
9.4012
8.99592
9.41045
9.05521
9.08456
9.40138
9.40918
9.02254
9.06145
9.28544
9.08683
9.0965
9.40473
9.28927
9.06348
8.87829
8.91201
9.12461
9.27031
8.93982
8.98317
9.09883
9.259
-0.579261
-0.804098
-0.764392
-0.800409
-0.569045
-0.506731
-0.77206
-0.657166
-0.501941
-0.258751
-0.577425
-0.559725
-0.370487
-0.644987
-0.563791
-0.212665
0.0846325
-0.151416
0.0643277
0.519049
-0.550147
-0.372653
0.132935
0.458299
0.0966896
0.666565
1.0293
-0.353146
-0.167934
0.506757
0.837479
0.156205
1.05692
1.14519
-0.131785
-0.0239351
0.880302
1.05966
-0.0841088
1.08243
0.884659
-0.0194692
-0.184384
1.06471
0.965969
-0.525516
0.755899
0.318744
-0.224043
-0.595037
0.930023
0.597404
-1.09647
0.162501
-0.344455
-0.652574
-0.974755
0.537705
0.14018
-1.41549
-0.458959
-0.807278
-1.01183
-1.04834
0.0855424
-0.192894
-1.14836
-0.798271
-0.793286
-1.02963
-0.676356
-0.220512
-0.280425
8.90092
8.93302
9.01217
8.97282
9.1465
8.99285
9.00952
9.02244
-0.410976
-0.753048
-0.722539
0.193923
-0.163193
0.187343
0.76716
0.238408
0.582712
1.24651
0.633635
0.964435
1.43603
1.00862
1.2037
1.26732
1.2126
1.14056
0.777665
1.1089
0.799724
0.142385
0.742334
0.349739
-0.355029
0.293327
-0.00999308
-0.468463
-0.0446442
-0.174061
12.1042
12.1933
12.1113
12.2117
4.83749
7.28718
4.45756
6.00606
5.75114
6.78618
4.2587
5.40817
7.39611
6.45047
6.72461
6.2735
6.89469
5.37445
5.76716
3.34989
7.52355
6.10318
3.44182
5.7567
5.58351
3.34264
5.69447
3.56468
5.78791
5.8691
0.58451
-3.53722
-1.73909
-0.760446
-2.59103
-5.76956
-2.41884
-3.96712
-1.26498
-0.694548
-1.8724
-0.589984
-2.12871
-1.94204
-3.12011
-3.42469
-0.276296
-0.486763
-0.243092
-0.177438
-0.214612
-0.0679585
-0.289582
0.0318778
-0.112611
-0.331927
0.339833
0.119719
-0.345694
-0.234844
-0.0268045
-0.172741
-0.337124
-0.280759
-0.156595
-0.360159
-0.676924
-0.382699
-0.804913
-0.412617
-0.765962
-0.445415
-0.395621
-0.0229025
-0.367556
-0.189196
-0.339086
-0.166217
-0.43925
-0.179056
-0.240432
-0.209217
-0.376906
-0.230664
-0.35455
-0.196122
-0.182483
-0.351486
-0.260445
-0.274373
-0.310338
-0.194066
-0.277152
-0.491156
-0.355479
-0.00282669
-0.210806
-0.380167
-0.47904
-0.227746
-0.33055
-0.46022
-0.229449
-0.44923
-0.29143
-0.61253
-0.250796
-0.418684
0.00191266
-0.355819
-0.148084
-0.373041
-0.162087
-0.339121
-0.226803
-0.39056
-0.312082
-0.379387
-0.229732
-0.512444
-0.29382
-0.201945
-0.444628
-0.36983
-0.200716
-0.493548
-0.147847
-0.276586
-0.326655
-0.0757529
-0.228046
-0.33829
-0.108927
-0.0763162
12.1933
12.1048
12.2111
12.1115
11.9056
11.8714
12.0199
11.8888
11.9223
12.005
11.8513
11.6357
11.8739
11.8511
11.9719
11.6593
11.9764
11.829
12.1484
12.1869
12.1887
12.1928
12.1576
12.1701
12.1785
12.0839
12.0732
12.0318
12.0122
12.0826
12.0695
12.0332
12.0838
12.0092
12.0399
12.0615
12.0949
12.1103
12.0935
12.1323
12.094
12.1166
12.0846
12.0496
11.9573
11.9282
11.8719
12.0306
11.9836
12.0048
12.0746
12.0557
12.0863
11.9033
12.0901
12.0276
12.0391
12.2635
12.302
12.2271
12.3164
12.1456
12.1093
12.1987
12.1535
12.1175
12.1214
12.1939
12.0677
12.1994
12.102
12.2071
12.1296
12.0895
12.113
12.0303
12.1115
12.109
12.1622
12.1433
12.136
12.1935
12.0566
12.1143
12.1412
12.1857
12.3697
12.308
12.372
12.3835
12.3612
12.2528
12.3176
12.1952
12.2315
12.0981
12.1495
12.0666
12.0872
12.0094
11.1721
11.2924
11.4382
11.6798
11.5117
11.6121
11.3109
11.2327
11.1504
11.3703
11.2144
11.4191
11.4865
11.3447
11.3677
11.4675
11.481
11.3313
11.4452
11.3553
11.6277
11.3648
11.3499
11.2382
11.4289
11.2075
11.3539
11.4268
11.3018
11.3182
11.4572
11.3565
11.3085
11.3482
11.4699
11.6567
11.497
11.3392
11.6738
11.3275
11.3308
11.5165
11.7977
11.5835
11.3711
11.6881
11.5864
11.3429
11.4139
11.3169
11.3234
11.4455
11.4115
11.3327
11.259
11.4202
11.3411
11.2014
11.4257
11.4448
11.3427
11.248
12.158
12.4388
12.2046
12.3696
12.1097
12.4995
12.2739
12.0206
12.0778
12.0416
11.741
12.0663
12.0123
11.7331
11.9649
12.0084
12.0332
11.7543
12.1063
12.0459
11.7825
11.7901
11.5779
11.5329
11.0492
11.8233
11.5816
11.5342
11.7443
11.5237
11.5093
11.0548
11.728
11.5463
11.5129
12.0469
11.5422
11.234
11.946
11.6608
11.6611
11.7778
11.5802
11.8142
11.479
11.4752
11.4636
10.9046
11.631
11.3279
11.3693
11.6859
10.9326
10.989
11.4188
11.6552
10.9985
10.7123
10.576
10.5576
10.6658
10.5894
10.5664
10.6502
10.5638
10.707
10.6308
10.5888
10.7551
10.8084
10.7662
10.6214
10.8713
11.0468
10.9841
10.9826
10.875
11.0231
10.9798
10.7834
10.7868
10.6792
10.6562
10.7877
10.7698
10.6793
11.0923
11.1294
10.9027
11.2039
10.9189
11.0987
11.1333
11.1808
11.1402
11.0367
11.1749
10.8441
10.6946
11.093
10.896
10.8741
10.7076
11.0911
10.9322
10.7468
11.186
10.8999
10.9382
10.7264
11.1302
9.38679
9.38865
9.43701
9.42585
10.0991
11.0448
6.92887
9.73746
10.4519
9.98682
9.50772
9.24593
10.1377
9.21594
9.65641
9.11497
8.64746
8.85787
7.70616
9.30995
8.52278
8.60769
8.81082
7.95092
8.02275
7.71816
8.62646
8.33534
8.38692
9.20353
7.43757
8.31477
9.25156
7.43141
7.07918
7.04697
8.08816
9.00349
7.15762
9.07519
7.3654
7.70372
6.99271
10.17
10.1679
10.3343
10.4255
10.3397
10.4184
10.2067
10.1562
10.212
10.2087
10.1677
10.2986
10.2785
10.2043
10.22
10.3033
10.2799
10.2052
10.3391
10.5219
10.436
10.6466
10.2267
10.1908
10.2686
10.1252
9.69429
10.3098
10.1791
10.4027
10.3078
10.2633
10.1786
10.5584
10.393
10.5351
10.5349
10.4916
10.4498
10.3161
10.3859
10.4036
10.5868
10.6453
10.5249
10.5155
10.4163
10.5454
10.3224
10.1902
10.4281
10.2402
10.319
10.1927
10.4284
10.3346
10.168
10.452
10.2342
10.3155
10.18
10.4484
5.72256
7.54306
5.89099
6.44849
5.71571
7.52429
5.91498
5.94461
6.87578
6.0329
5.4619
6.4747
6.15198
5.44818
5.50431
6.3671
4.76443
5.41899
7.44023
5.67571
5.78093
4.86993
4.04237
4.66632
3.25399
5.03941
3.98762
4.4945
4.58724
3.67462
3.87446
3.26813
4.41106
3.81309
4.30824
4.59661
3.47837
2.56696
4.62311
3.47544
4.67207
5.80162
4.81012
7.09697
3.85254
3.4853
3.53281
3.00825
3.97148
3.05435
2.99741
4.47683
2.62759
3.47211
3.2324
4.7856
2.13909
2.20468
10.0593
10.0651
10.0594
10.0607
9.99348
10.0219
9.88064
10.0625
9.97741
5.58603
3.35537
5.70283
5.87605
3.57454
5.79504
6.11609
7.85416
7.61433
7.35374
7.23595
6.81489
6.24173
4.84702
6.01784
7.32481
4.46209
6.79377
4.2761
5.76353
5.42172
6.73189
7.42373
6.46857
6.90361
5.39093
6.29013
5.77772
3.37082
7.53474
3.46155
5.76996
6.12499
-2.37871
-0.483347
-0.474755
-1.71142
2.91453
-0.50132
0.476353
0.436478
-0.410323
-0.496902
0.244153
-0.286085
-0.383478
2.5318
5.47408
5.17047
1.93971
4.21813
1.75199
1.55853
1.40209
3.54363
4.82323
0.821223
4.03869
1.43257
1.01451
-3.4842
-0.124625
-0.933364
2.95856
-1.10218
-0.530758
0.00622737
-0.980154
-0.25759
-1.17656
-0.645169
-0.869438
-0.276349
-0.00777345
-0.446628
-0.151627
-0.265831
0.918456
2.58514
-8.58293
1.85855
1.42061
0.762428
1.25817
0.0869329
3.59532
-0.298877
1.75292
-0.15237
-0.131417
0.181168
-0.225799
0.161725
-0.475785
-0.54934
-0.741769
-1.77169
-1.87537
-0.266652
-1.42101
-0.816096
-1.0064
-0.691699
-1.87135
-1.25389
-0.576307
-2.11436
-3.12059
-1.92609
-3.40954
-1.7262
0.58836
-3.50696
-0.757121
-2.57338
-2.39501
-5.73349
-3.94282
-0.384785
-1.34507
-0.620566
-0.104218
-1.27784
-0.337923
-1.6045
-1.78293
-1.00729
-1.43549
-1.69087
-0.636951
-0.781164
-0.917141
-1.01481
-0.513241
-0.59787
-0.698727
-1.26592
-1.22312
-1.56638
-1.04997
-1.17089
-1.19795
-0.488693
-0.637769
-0.644813
-0.572473
-0.7741
-0.731929
-0.99872
-1.09447
-0.936411
-1.0101
-1.10173
-0.993072
-0.770893
-0.839075
-0.898994
-0.813359
-0.985167
-0.936237
-1.06729
-1.21123
-1.1197
-1.19204
-1.22414
-1.1459
-0.927891
-0.98971
-1.00346
-0.896975
-0.927289
-0.969251
-1.18037
-1.21184
-1.18368
-1.08042
-1.19051
-1.13827
-0.689702
-0.849115
-0.743215
-0.549319
-0.453324
-0.620296
-1.00707
-0.918761
-0.888015
-0.612231
-0.848841
-0.786894
0.0345523
-0.284468
-0.10773
0.342864
-0.335648
0.124791
-0.483201
-0.274409
-0.239538
-0.216812
-0.176036
-0.0644482
8.44127
7.71915
7.81282
7.68907
8.40236
7.6884
7.79014
8.30802
8.72935
8.97014
8.26556
8.69877
8.093
8.04659
8.17974
8.43259
8.31559
8.34764
8.22624
8.42522
8.17216
8.49959
7.82331
8.47048
5.58528
7.83732
7.92601
7.71163
8.48113
8.99485
8.89354
8.74383
8.59216
8.26922
8.69808
7.02248
8.47413
6.43264
-0.125202
-0.257911
-0.365484
-0.935156
-0.843055
-0.931942
-0.576051
-0.374656
-0.602613
-0.343174
-0.723554
-0.358091
-0.684884
-1.03237
-0.735533
-0.690776
-0.816933
-0.834097
-0.979815
-0.835446
-0.958119
-0.949629
-0.602076
-0.858751
-0.819773
-0.933894
-0.882182
-1.01548
-0.880628
-0.985386
-1.01776
-0.946476
-0.944145
-0.89012
-0.174947
-0.207847
-0.378843
-0.242422
-0.192492
-0.229751
-0.359562
-0.178561
-0.262234
-0.267948
-0.361708
-0.272865
-0.314113
-0.186141
-0.362295
-0.553901
-0.316456
-0.685428
-0.251435
-0.651111
-0.430895
-0.345376
-0.174101
-0.234009
-0.0272454
-0.279833
-0.158453
-0.337389
-0.360205
-0.806457
-0.678835
-0.384868
-0.76439
-0.446645
-0.41434
-0.395774
-0.190116
-0.0233308
-0.368324
-0.168249
-0.44052
-0.339652
9.22412
9.03645
9.33361
9.24408
9.04836
9.33119
9.12386
9.23759
9.24069
9.11775
9.19145
9.14973
8.94339
9.10641
9.13881
9.19193
8.89845
9.1382
8.97131
8.90414
9.06189
8.98864
9.3113
8.89169
9.19612
9.01276
9.19375
9.22891
9.20125
9.33669
9.19497
9.34088
9.36293
8.78188
8.78756
8.80487
8.96114
8.96368
8.97197
8.96969
9.15109
8.57809
9.11421
9.27715
7.41887
8.92797
9.24223
8.9747
9.29396
9.09729
-0.964041
-0.526778
-0.741681
-0.885442
-0.697581
-0.899242
-0.981111
-0.655059
-0.888042
-1.03244
-1.06
-1.02663
-0.998032
-0.861316
-1.09243
-1.04668
-0.97729
-1.01376
-0.82286
-0.932483
-0.915503
-0.974097
-0.646844
-0.5931
-0.599746
-0.927825
-0.897929
-1.01551
-0.616626
-0.62449
-0.914484
-0.630803
-1.00432
-0.894375
-0.865306
-0.951172
-0.936654
-1.01914
-0.879394
-0.893635
-0.863458
-0.996859
-0.895477
-0.92399
-0.754346
-0.824753
-0.696763
-0.857121
-0.975999
-0.913407
-0.890837
-0.906316
-0.856333
-0.887726
-0.781728
-0.669148
-0.777332
-0.6259
-0.999157
-0.800603
-0.811528
-0.227217
-0.301679
-0.390223
-0.394794
-0.289222
-0.222275
-0.523066
-0.195276
-0.377986
-0.192775
-0.450145
-0.262456
-0.500063
-0.148516
-0.411325
-0.81069
-0.349798
-0.531473
-0.407808
-0.75275
-0.321452
-0.492376
-0.213188
-0.356226
-0.00278956
-0.479117
-0.22829
-0.380583
-0.333252
-0.451103
-0.463471
-0.231548
-0.613744
-0.25371
-0.29329
-0.418925
-0.148114
0.00207034
-0.357046
-0.163373
-0.339882
-0.373857
8.97079
9.17787
8.96955
9.01454
9.23059
9.09348
9.17137
9.47529
8.98222
9.19254
9.72549
9.18231
-0.605505
-0.774431
-0.873026
-0.648413
-0.478556
-0.720012
-0.693745
-0.448875
-0.526839
-0.151099
-0.286534
-0.59233
-0.103269
-0.338936
-0.0753855
-0.252608
-0.181975
-0.1351
-0.0737184
-0.328067
-0.227708
11.6347
11.8711
11.9693
11.6576
11.8462
11.9743
11.827
11.9048
11.8701
12.0193
11.8882
11.9224
12.0045
11.8506
12.0926
12.1318
12.11
12.0836
12.0931
12.0939
12.1151
11.9256
11.8702
12.0021
12.0486
11.9531
12.0291
11.9787
12.0847
11.902
12.0371
12.0738
12.051
12.0881
12.0263
12.0953
12.1697
12.1484
12.0839
12.1926
12.1874
12.1891
12.1699
12.1573
12.1487
12.1809
12.0727
12.0311
12.0821
12.0838
12.0113
12.0691
12.0336
11.2939
11.1771
12.0359
11.7604
11.7937
11.963
12.0085
12.1045
12.048
11.534
11.066
11.5371
11.8005
11.5871
11.8157
11.5775
11.512
11.0711
11.5183
11.7602
11.5256
11.7156
11.5619
12.4392
12.2056
12.1107
12.1632
12.3736
12.5023
12.2792
11.4679
10.8963
11.3713
11.48
11.4855
11.638
11.3168
10.9803
11.6581
11.6877
10.9303
11.4193
11.8906
11.9916
12.0671
11.9507
11.5431
11.9479
12.0535
11.2384
11.668
10.7023
10.625
10.7524
10.8038
10.583
10.7623
10.6145
10.5767
10.5634
10.6659
10.5897
10.5729
10.6571
10.5708
11.1306
11.1803
11.1771
10.9168
11.1001
11.139
11.0397
11.0936
10.8919
11.0922
10.8423
10.6843
10.871
10.7066
11.1843
10.8922
11.1311
10.9255
10.7504
10.9375
10.7253
10.8255
10.9843
10.964
10.8012
11.0467
10.9837
10.8735
10.8784
10.9877
11.0302
10.9845
10.7872
10.6777
10.7864
10.79
10.6617
10.7767
10.6855
8.99079
7.15724
8.07926
9.08362
7.37705
7.7092
7.00813
9.20594
7.44033
8.31502
9.25193
7.42867
7.08129
7.04339
10.1616
10.1738
10.5141
10.6379
10.3313
10.4253
10.2593
9.68264
10.2207
10.1828
10.1187
10.3961
10.2994
10.552
10.3041
10.1688
10.2632
10.1681
10.4265
10.3399
10.3394
10.4244
10.1534
10.2088
10.2119
10.2167
10.1725
10.2762
10.2029
10.3034
10.3033
10.2246
10.2843
10.2085
10.641
10.522
10.5377
10.3939
10.5818
10.5129
10.4147
10.422
10.2369
10.4203
10.3254
10.1903
10.3168
10.1752
10.4429
10.227
10.439
10.3448
10.1588
10.3007
10.1633
10.3884
10.3205
10.3919
10.3982
10.4938
10.399
10.3381
4.76465
5.43515
5.78407
5.5259
6.38443
7.46281
5.68248
4.69705
3.28439
4.51296
4.85575
4.02725
5.05287
3.97104
3.8927
3.30952
4.32498
4.63214
3.70566
4.39808
3.84064
7.54725
5.89475
5.71876
5.71642
6.44444
7.52502
5.90762
3.55474
3.03011
3.02038
3.86889
3.51234
3.99071
3.05833
3.49036
4.80158
4.49521
2.63856
3.25152
4.80099
4.67125
4.67048
4.74107
3.48524
4.62585
4.59243
2.56058
3.46909
2.2147
2.132
9.98367
10.0546
10.0148
10.0545
9.86406
9.9792
10.0576
10.0674
10.0616
4.76656
0.790343
1.00229
1.44958
3.51151
4.01522
1.33056
-0.148426
-0.952452
-0.558947
2.93779
-3.53531
-1.1372
-0.287923
-1.19928
-0.308208
-0.012313
-1.02747
-0.697546
-0.902529
-0.504356
-0.494185
2.90069
-1.73583
-2.40631
-0.522837
0.413152
-0.428752
0.224096
0.451063
-0.521365
-0.311278
-0.404694
3.59938
1.755
-0.298109
0.0925368
0.179823
-0.233864
-0.552959
-0.171445
-0.142909
0.182841
-0.483668
-1.88367
-0.274379
-1.78429
-1.00992
-1.4252
-0.742421
-0.825314
1.56559
0.916909
1.1267
1.11475
2.65026
1.42731
0.911206
-0.449301
-0.278922
-0.155256
-0.0171461
8.45382
5.55523
7.82133
7.70706
8.49249
7.82968
7.92008
8.90687
8.59947
8.47952
8.99851
8.75027
8.70605
8.26593
7.68077
7.71534
7.8091
8.39842
8.42952
7.68003
7.78188
8.72935
8.26313
8.30049
8.9638
8.69133
8.04379
8.08662
6.85956
6.3
6.28881
-0.861808
-0.977042
-0.968922
-0.147918
-0.283166
-0.388502
-0.616129
-0.87299
-0.900683
-0.984559
-0.96794
-0.861654
-0.979183
-0.900281
-1.05113
-0.962557
-0.909094
-1.02193
-1.05556
-0.986267
-0.0673178
-0.287941
-0.383466
-0.51578
-0.37118
-0.4568
-0.535626
-0.39123
-0.606169
-0.358641
-0.374254
-0.634477
-0.757157
-0.717541
9.20963
8.89324
8.89108
9.11371
9.147
9.13854
8.97206
9.27856
8.88458
9.18018
9.05923
8.98694
9.19303
9.01568
9.19805
9.33232
9.35408
9.22819
9.20108
9.34415
9.03623
9.33362
9.24478
9.22322
9.0452
9.32888
9.25297
8.93428
8.98282
9.29377
9.10331
9.12537
9.27164
8.98374
8.91018
8.93654
9.09418
9.26053
8.78195
8.78287
8.80162
8.96025
8.95813
-1.10382
-1.07098
-0.832499
-1.03106
-0.903329
-1.00087
-1.05758
-0.960711
-0.952549
-0.593362
-0.841238
-0.804392
-0.534523
-0.753743
-0.708525
-1.00375
-0.925459
-0.945106
-1.02411
-0.666914
-0.928949
-0.932718
-0.787321
-0.887419
-1.00537
-0.919904
-0.859469
-0.778562
-0.941165
-0.944762
-0.922037
-0.994021
-0.93723
-0.88973
-0.815565
-0.65558
-0.845348
-0.857776
-0.707989
-1.02638
-0.836048
-0.658431
-0.606622
-0.61226
-1.01781
-0.971813
-0.933938
-0.63019
-0.636168
-0.64218
-1.06116
-0.952208
-1.04802
-0.930147
9.47085
9.17144
8.98262
8.9715
9.1771
8.96923
8.99306
9.00838
9.02148
-0.490612
-0.678608
-0.746801
-0.618951
-0.80175
-0.904475
-0.29274
-0.180976
-0.582279
-0.428261
-0.779838
-0.740315
12.2318
12.1001
12.1944
12.0659
12.1477
12.0893
12.0087
12.3709
12.3087
12.3755
12.3645
12.3869
12.2535
12.3204
12.1988
12.1536
12.1081
12.1943
12.116
12.1202
12.1434
11.4965
11.3515
11.3397
11.6562
11.6729
11.4665
11.3329
11.7424
11.4013
11.8386
11.9024
11.7358
11.4802
11.6533
11.9124
12.017
11.961
11.6331
11.6931
12.0461
11.9149
11.9445
12.0205
11.9485
11.9443
11.9771
11.9755
11.9269
11.999
11.7805
11.4632
11.2726
11.1661
11.0493
11.0736
11.3546
11.2394
11.5321
11.1318
11.4917
11.2826
11.5205
11.2848
11.1357
11.0331
11.1503
11.4385
11.2619
11.2479
11.2295
11.0695
10.8002
10.5749
10.7863
11.1367
10.4541
11.1072
10.8682
10.6536
11.1283
11.135
10.6125
9.84728
9.67108
10.6227
10.4862
11.0214
10.8784
10.4621
9.68336
9.69709
10.5559
6.89283
9.69876
9.4868
11.0469
10.0838
10.451
9.99367
10.5278
10.0367
10.5349
10.5306
10.6504
10.5439
10.4864
10.8085
10.5008
10.6
10.6194
10.4148
10.4067
10.5099
10.6099
10.3298
10.8253
10.4566
10.3965
10.5876
10.3674
10.0139
10.7378
10.2354
10.4584
10.0925
10.3905
10.1206
9.36623
10.4102
9.73996
10.0967
9.46653
9.96901
9.55735
8.45574
9.61144
8.87013
9.49263
8.47196
9.30569
8.68335
7.57686
8.29892
7.76032
8.73873
7.30594
8.5614
7.77448
6.92754
7.19904
6.44936
8.08161
5.94932
7.96078
7.06896
6.94796
6.50388
5.48744
7.60344
5.45073
7.55757
6.61249
6.63549
6.30192
6.51231
6.9528
6.75174
6.81317
6.82416
7.92945
5.40761
10.2554
10.1184
10.0869
10.1305
10.0086
10.0297
10.0686
10.1845
10.1029
10.1162
9.97953
10.0245
9.99011
9.99971
10.034
9.81526
10.0454
9.88913
9.79338
9.99008
9.88043
9.37707
9.7008
9.54151
9.75319
9.34242
9.63226
9.52171
8.40698
8.97314
8.8222
9.11125
8.38925
8.84766
8.72147
7.3513
7.99141
7.8238
7.86457
7.65572
7.59329
7.61071
4.10366
5.7156
5.03757
5.33851
5.02381
4.74575
4.40548
0.933838
3.37659
1.13374
1.20888
3.75182
1.20159
3.2228
1.55591
3.27111
1.50395
3.08444
1.57109
3.06709
1.47647
1.80766
2.65601
1.52618
2.96989
1.41463
2.93529
1.7697
2.56317
2.89984
2.85853
1.89395
1.22108
1.27483
1.86295
1.94665
2.51836
2.28838
1.6535
1.4514
1.50011
1.78789
1.56765
0.619152
2.28707
2.00623
1.75792
2.79691
1.72009
9.80415
9.69225
9.82388
9.68535
9.66208
9.77642
9.70885
9.59775
9.7222
9.60483
9.73665
9.56427
9.70529
9.62914
9.36222
9.48382
9.45188
9.54878
9.35322
9.47066
9.44135
8.92703
9.00882
9.06963
9.14352
8.84662
8.99459
9.04611
8.42845
8.52556
8.41255
8.58492
8.47384
8.50812
8.28537
7.53975
7.60643
7.36318
7.38641
8.18928
7.22758
7.48277
-1.04674
-0.753173
-0.806645
-0.87361
-0.901927
-0.841984
-1.01987
-0.863326
-0.813434
-1.09415
-0.928063
-0.416259
-0.796542
-0.763636
-0.502925
-0.0556737
-0.638898
-0.280382
-0.541263
-0.1774
-0.594637
-0.330851
-0.119191
-0.469305
-0.0686176
-0.474803
-0.0707448
-0.346428
-0.372038
-0.190923
-0.530524
-0.107279
-0.561747
-0.167989
-0.363719
-0.705617
-0.512066
-0.710882
-0.550323
-0.558529
-0.604863
-0.502692
-2.38527
-2.31461
-2.10608
-0.768709
-0.782121
-1.01418
-0.87077
-1.65067
-1.95482
-0.23159
-1.21587
-1.16302
-1.60908
-0.371354
-1.16359
-1.00118
-0.937122
-1.11611
-0.897277
-0.832403
-0.679816
-1.1278
-0.802639
-0.918833
-0.880141
-0.996845
-0.957241
-0.763344
-1.23403
-1.17671
-1.19632
-1.13387
-1.2752
-1.16598
-1.07089
-1.24035
-1.3684
-1.33339
-1.22621
-1.29901
-1.20145
-1.38025
-0.933283
-1.02895
-1.16272
-1.06168
-1.01776
-0.924078
-1.16951
-0.60116
-0.485546
-0.626035
-0.609911
-0.557264
-0.656533
-0.562412
9.26764
9.4038
9.2238
9.38486
9.25195
9.38511
9.25918
9.23374
9.33582
9.25337
9.33712
9.2069
9.31966
9.27265
9.22343
9.26621
9.16618
9.26849
9.25671
9.24529
9.14649
9.02024
9.07546
8.84271
9.17678
9.03583
8.77502
9.05017
-1.299
-1.09191
-1.27509
-1.28051
-0.886894
-1.235
-1.0163
-1.0001
-1.33519
-1.36378
-0.996908
-1.24913
-0.761238
-0.839144
-0.981758
-0.839568
-0.728164
-0.689191
-0.820648
-0.497601
-0.627824
-0.559151
-0.653416
-0.480317
-0.58108
-0.583077
-0.165865
-0.48718
-0.331768
-0.413
-0.215914
-0.356918
-0.25832
0.174874
-0.280198
-0.00818136
-0.280934
0.13711
-0.223567
0.081848
0.368994
-0.0689261
0.355696
-0.134687
0.441028
-0.0954647
0.341371
0.219174
-0.0666041
0.47875
-0.103423
0.43447
-0.134699
0.289047
-0.189932
-0.37732
0.256917
-0.384271
0.102295
-0.506804
-0.0698332
-0.734672
-0.806097
-0.193171
-0.884078
-0.365221
-0.99894
-0.601383
-1.1248
-1.06383
-0.614208
-1.29732
-0.711359
-1.3363
-1.06739
-1.04765
-0.908084
-0.760997
-1.32126
-0.713542
-1.18808
-1.1394
-0.596945
-0.523783
-0.606254
-0.673935
-0.51763
-0.671239
-0.585997
9.02754
8.92367
8.94807
9.02784
9.17504
8.94227
9.12038
9.12479
9.01547
8.89447
9.16892
9.23861
8.83521
9.1183
9.31005
9.16607
9.10051
-0.623292
-0.438084
-0.448682
-0.694769
-0.609541
-0.346179
-0.553207
-0.274335
-0.00658111
-0.0139005
0.374423
0.313632
0.450575
0.776993
0.791878
0.902503
1.11863
1.13948
1.19216
1.21462
1.24896
1.23673
0.999691
1.07491
0.986297
0.57884
0.643994
0.51768
0.153444
0.146758
0.0425716
-0.112111
-0.187831
-0.214692
-0.0269504
-0.184749
-0.140446
-0.119984
-0.132727
-0.0549745
-0.0830166
11.7362
11.7284
11.7191
11.7079
11.7881
11.7022
11.6742
12.1858
12.2217
12.107
12.2262
12.1373
12.257
12.1449
12.1776
12.1689
11.217
11.0141
11.1177
11.2048
11.0068
11.0473
11.0548
10.4511
10.3998
10.4338
10.4619
10.3806
10.4034
10.4885
6.15352
6.70212
6.35833
7.06562
6.15349
6.7182
6.34756
5.8079
5.67977
10.1634
10.0719
10.1229
10.1621
10.0774
10.0781
10.0759
2.18547
4.09029
2.56832
5.03689
1.92398
4.06276
1.73873
8.08094
8.16662
8.35979
8.35252
8.09244
8.14512
8.363
7.45631
6.7545
6.9885
6.82952
6.82361
7.07098
7.37798
-1.49393
-1.76218
-1.48016
-0.691677
-0.644059
-0.606551
-0.702918
-1.2933
-1.43812
-1.44177
-0.0431038
-0.0474884
0.0976734
-0.186191
0.208559
-0.290046
0.0306449
-1.13373
-0.663788
-1.01397
-0.741983
-0.476951
-0.63373
-0.630185
-0.330797
-0.053759
-0.243589
-0.238966
-0.729032
-0.797134
-0.858939
-0.892924
-0.63967
-0.753608
-0.803239
-0.950577
-1.02641
-1.05069
-1.14607
-0.993289
-1.04419
-1.10575
-0.814201
-0.949056
-0.878987
-1.01659
-1.01594
-0.962032
-1.05905
-0.548229
-0.209418
-0.557601
-0.451423
-0.511836
-0.279752
-0.554902
-0.54811
-0.568429
-0.487625
-0.48107
-0.642206
-0.924514
-0.510005
-0.615057
-0.893048
-0.592609
-0.961115
-0.944463
9.08413
9.03006
9.08992
9.3015
9.03087
8.88254
8.98776
9.0263
8.86665
9.31005
12.1805
12.1734
12.1228
12.1195
12.118
12.2013
12.2056
12.2031
12.2175
12.2138
12.1791
12.1833
12.1276
12.1219
12.1177
12.2233
12.2036
12.1994
12.2083
12.2117
5.36615
6.70263
5.74617
5.77767
6.08399
5.03759
6.03014
6.88382
7.31699
6.98395
7.18147
7.1099
6.96136
7.4644
4.41088
7.76942
4.51817
5.68499
6.55202
4.66201
6.51743
4.05752
4.92748
5.1628
6.52555
6.8739
5.30846
6.784
5.32387
5.28297
2.558
3.42481
-2.67377
-2.34541
-1.57329
-1.46946
-1.5955
-4.28592
-2.39334
-3.43095
-3.05944
-4.77514
-2.52915
-2.64154
-2.65696
-7.53406
-2.8753
-1.76561
-1.31155
-2.07062
-1.291
-2.02503
-2.95267
-0.441042
-0.521648
-0.452031
-0.596749
-0.54214
-0.532835
-0.348057
0.039731
0.00446136
-0.0098181
-0.0690281
0.0702822
-0.0390889
-0.0532598
-0.0483372
-0.14171
-0.114987
-0.146852
-0.115445
-0.14986
-0.0493561
0.481758
-0.418056
-0.372091
0.475005
0.471743
0.480186
-0.378181
-0.0881513
-0.0518422
-0.0283404
-0.0888616
-0.0977127
-0.0998579
-0.0641673
-0.61294
-0.655722
-0.562829
-0.736647
-0.565616
-0.72396
-0.647893
-0.0930671
-0.0179541
-0.273419
-0.184086
-0.231996
-0.172675
-0.114829
-0.547759
-0.456103
-0.210186
-0.56162
-0.2827
-0.559843
-0.510375
-0.107192
-0.296019
-0.0139076
-0.172218
-0.334623
-0.178602
-0.095095
-0.239788
-0.343757
-0.2641
-0.232879
-0.305749
-0.294055
-0.187684
-0.0613525
0.00299769
-0.500616
0.0664101
-0.481676
0.0415553
-0.0586009
-0.0295932
-0.507564
-0.000441819
0.123045
-0.515807
0.148326
-0.0357473
12.2048
12.2021
12.2006
12.2167
12.2134
12.1237
12.1805
12.1735
12.1204
12.1189
12.2028
12.1985
12.2225
12.207
12.2105
12.1284
12.179
12.1833
12.1186
12.1227
11.7397
11.7648
11.8029
11.7442
11.7485
11.7669
11.7369
12.0998
12.1193
12.1641
12.1791
12.1627
12.0993
12.1096
11.813
11.8087
11.8238
11.8282
11.8313
11.8548
11.7919
11.9259
11.9666
11.9818
11.9486
11.9676
11.9692
11.9243
12.267
12.2935
12.2605
12.2773
12.2698
12.3115
12.2699
12.1256
12.1173
12.1913
12.1889
12.1967
12.1284
12.119
11.9522
12.0066
12.0122
11.9994
11.9996
11.9607
12.0198
12.0473
12.0427
12.1379
12.091
12.0612
12.0448
12.1285
12.0764
12.042
12.155
12.1126
12.1623
12.0548
12.0298
11.1808
11.1583
11.1862
11.161
11.1238
11.2628
11.3121
11.3784
11.2506
11.2347
11.6811
11.6388
11.2179
11.176
11.3294
11.179
11.2395
11.2913
11.1565
11.4402
11.4981
11.2423
11.2344
11.385
11.3787
11.2439
11.3576
11.2298
11.3324
11.33
11.4091
11.4905
11.3142
11.4096
11.3463
11.7543
11.8222
11.7783
11.8987
11.7347
11.8331
11.7988
11.5207
11.5226
11.545
11.4313
11.4372
11.5374
11.5053
11.6869
11.6903
11.6369
11.6111
11.7132
11.5931
11.6639
11.3911
11.3742
11.407
11.4817
11.3842
11.3891
11.3802
11.4938
11.5071
11.2089
11.3565
11.4763
11.5186
11.2547
12.1104
12.3689
12.1933
12.3148
12.1932
12.3692
12.1106
11.9428
11.9484
12.0209
11.9425
11.9695
11.9719
11.9332
11.8419
11.8818
12.1289
11.9432
11.9365
11.9394
11.7985
11.4332
11.483
11.173
11.0215
11.4766
11.442
11.1797
11.2688
11.2034
11.1006
11.0433
11.3203
11.1598
11.1819
11.8166
11.7918
11.4518
11.659
11.7446
11.8633
11.533
11.3419
11.4997
11.0084
11.0874
10.8817
11.4411
11.4266
11.9956
11.7762
11.1171
11.2013
11.1017
10.9737
11.1009
11.0471
11.1988
10.8001
10.6341
11.2171
10.9992
10.719
10.809
10.8854
11.41
11.0425
10.857
10.9628
11.3301
10.5456
8.56391
11.1828
10.7976
10.4379
10.7967
10.7546
10.864
10.8128
10.7349
10.8392
10.7461
11.2294
11.2422
11.2616
11.2455
11.2336
11.2173
11.2565
10.8849
10.7835
10.8898
10.7814
10.759
10.9387
10.87
10.9616
10.7843
11.045
10.918
10.9493
10.7939
11.0192
9.05049
8.83586
8.50086
8.16678
8.99466
8.81665
8.53544
10.0394
10.3811
10.052
10.2867
10.1614
10.3963
10.1245
8.4405
8.4354
8.06324
7.79482
8.62983
8.26285
8.01339
7.97851
7.59268
7.24266
7.87973
7.79522
7.50984
7.79535
7.66934
7.46824
7.26505
7.57295
6.17813
7.68335
7.31235
10.1562
10.1878
10.1554
10.149
10.1711
10.1461
10.8156
10.2196
10.413
10.3868
10.1536
10.1233
10.2381
10.1939
10.2141
10.1138
10.1613
10.7383
10.5653
10.2308
10.2074
9.62455
10.3399
10.2216
10.462
10.2071
10.2881
10.1984
10.3196
10.2947
10.2089
10.3498
10.2818
10.4131
10.4971
10.4289
10.5631
10.4112
10.4956
10.4289
10.5326
10.5359
10.0439
10.5415
10.657
10.5482
10.4907
10.5843
10.7044
10.7332
10.72
10.5884
10.5654
10.6924
10.2944
10.2174
10.3027
10.25
10.1876
10.3149
10.2994
10.2803
10.1308
10.2932
10.2203
10.2585
10.1532
10.3031
5.86165
7.00884
5.89686
6.43816
5.79186
6.89169
5.9925
6.62385
6.94082
6.31079
6.54132
6.73703
6.82737
6.80846
5.82459
6.17774
6.95369
6.70472
6.05494
6.28539
5.82368
4.21206
3.7082
3.58887
3.16856
4.22625
3.70539
3.59952
3.78933
3.42079
3.18283
3.26386
3.54257
3.38261
3.69617
3.92894
4.20229
3.2512
3.70091
4.02393
4.19858
3.2443
2.76639
3.46721
2.34026
2.45445
2.20959
3.39536
2.88939
7.92511
5.39018
3.49509
3.36424
3.01487
3.32369
3.27553
3.60927
2.85373
2.76058
2.50248
3.73794
3.78331
2.59437
2.9275
1.78077
2.859
2.18951
2.0334
2.12502
2.76435
2.5724
-6.9846
5.39455
2.80091
1.95752
10.1646
10.2212
10.1394
9.84724
9.98041
9.94685
4.52216
6.55852
4.6683
5.68724
4.93416
6.52178
4.06682
5.17018
6.88096
5.3166
6.53291
5.29143
6.78929
5.33325
2.56714
3.43666
7.35884
7.88073
8.01698
7.8449
7.66767
7.60001
7.63746
5.37882
5.81308
6.74562
5.79
6.11401
5.05741
6.07173
6.90335
7.19343
7.33072
6.99579
7.12158
6.97491
7.48388
4.43547
7.77715
0.896682
0.227342
4.13706
5.38
5.764
5.08037
5.07067
4.79367
4.42895
2.39023
3.38587
4.38303
3.2014
3.56782
2.21992
3.28332
-1.81752
-1.20513
-0.86006
-1.0576
-0.7707
-0.985236
-0.940177
-1.10063
-0.861538
-0.594598
-1.37883
-0.572429
-1.45204
-0.621047
-1.32854
-0.585138
1.55714
1.99639
0.607567
2.27819
1.7455
2.78949
1.71293
-0.0305473
0.160444
-0.0644933
-0.0133806
0.192536
0.00613664
-0.195982
-1.18377
-1.13307
-2.10535
-0.0834842
-0.827325
-1.63085
-1.59276
-2.87234
-1.31136
-2.07164
-1.76094
-2.02243
-2.95516
-1.2875
-2.65575
-1.45719
-2.33046
-1.55488
-1.57965
-2.37904
-4.26345
-3.39303
-2.49803
-3.02501
-4.72421
-2.62641
-2.60689
-7.48007
-0.502707
-0.930291
-0.959839
-1.19076
-0.503835
-0.984696
-0.887021
-0.644195
-0.73579
-0.532575
-1.18369
-0.615264
-0.59308
-0.754501
-1.96453
-1.90232
-3.5316
-1.93854
-1.89003
-1.86143
-2.07763
-1.54189
-1.3058
-1.40925
-1.43101
-1.27066
-1.52507
-1.51864
-0.627406
-0.499897
-1.30296
-0.789868
-0.61388
-1.33093
-0.517784
-0.470167
-0.476211
-0.44462
-0.431039
-0.462791
-0.458123
-0.482842
-1.36105
-1.20951
-1.30548
-1.28768
-1.25368
-1.40734
-1.25858
-1.06066
-1.12501
-1.08585
-1.11551
-1.13802
-1.05864
-1.08279
-0.505134
-0.498327
-0.434482
-0.478556
-0.499516
-0.446373
-0.504991
-0.629385
-0.641115
-0.631741
-0.634962
-0.626732
-0.638006
-0.643062
-1.05926
-1.09613
-1.08253
-1.08941
-1.10993
-1.04433
-1.08925
-1.12723
-1.19939
-1.15842
-1.12897
-1.18178
-1.14368
-1.14573
-0.70502
-0.685648
-0.701496
-0.699125
-0.704221
-0.704901
-0.687191
-0.850463
-0.869086
-0.860203
-0.878758
-0.852619
-0.858163
-0.866377
-1.17954
-1.21486
-1.17523
-1.18044
-1.22891
-1.1644
-1.18609
-1.24049
-1.27841
-1.22285
-1.23821
-1.27462
-1.24336
-1.22102
-0.895532
-0.886368
-0.915132
-0.88809
-0.899014
-0.909705
-0.883387
-0.860347
-0.850704
-0.860934
-0.865672
-0.86475
-0.853041
-0.846191
-1.23656
-1.26975
-1.22265
-1.23264
-1.26668
-1.24031
-1.22189
-1.13676
-1.12889
-1.09978
-1.13859
-1.15419
-1.10953
-1.13045
-0.767219
-0.798718
-0.798902
-0.785308
-0.771458
-0.790609
-0.7944
-0.355451
-0.288866
-0.362591
-0.351331
-0.356815
-0.360675
-0.287252
-1.0299
-1.07956
-1.05292
-1.02443
-1.04523
-1.06453
-1.01283
-0.707977
-0.688295
-0.598395
-0.712619
-0.745078
-0.674791
-0.684126
-0.044916
-0.111878
-0.143599
-0.138499
-0.146441
-0.046303
-0.112179
0.484011
-0.37396
0.47789
-0.419941
0.481785
-0.379711
0.475487
-0.438241
-0.595009
-0.520552
-0.450167
-0.345935
-0.540166
-0.530365
0.0410067
-0.0694703
0.00449186
-0.00905319
0.0713942
-0.0537976
-0.0375879
8.43406
8.59641
8.66357
8.97382
8.60769
8.66604
8.42197
8.45275
8.58861
8.53947
8.39675
8.49393
8.53464
8.28095
7.84289
7.6537
8.16152
7.14526
7.81071
7.79051
7.70012
8.76788
8.84489
8.84787
6.88992
8.75858
8.82343
8.94721
7.55331
7.39866
7.61636
7.3752
8.18999
7.2412
7.49225
-0.085333
-0.0705264
-0.327889
0.131062
-0.197545
0.0119956
-0.171596
-0.974958
-0.935326
-0.820671
-0.829379
-0.921715
-0.984925
-0.786932
-0.679442
0.00307764
-0.432188
-0.469858
-0.384084
-0.370654
-0.684014
-0.444148
-0.486468
-0.526833
-0.402765
-0.38901
-0.452145
-0.515053
-1.02243
-0.851457
-0.738217
-0.789812
-0.877651
-0.824617
-0.995026
-1.1138
-1.0905
-0.579933
-0.670748
-1.08618
-1.11423
-0.722274
-1.13721
-1.19499
-0.984657
-0.862197
-1.16724
-1.17652
-0.986361
-0.600457
-0.609187
-0.484811
-0.626285
-0.656108
-0.557023
-0.561216
-0.087157
-0.0891776
-0.0511671
-0.0282342
-0.100353
-0.097875
-0.0635701
-0.615645
-0.738111
-0.65836
-0.565155
-0.726041
-0.568432
-0.649863
-0.0928853
-0.184277
-0.0182515
-0.271958
-0.172975
-0.230584
-0.114404
9.10353
9.14202
8.94898
9.12171
9.09779
9.12998
8.93979
9.04119
9.1884
8.97771
8.96013
9.05055
9.18416
8.93672
8.93663
8.93983
9.20657
9.28849
9.25485
9.19401
9.25686
9.23399
9.16366
9.08028
9.15505
9.21194
8.86102
9.1807
9.06999
8.90015
9.20186
9.10006
9.19972
8.90501
9.14846
9.13638
9.38764
9.00423
9.68209
8.86896
8.71423
8.76008
8.72117
8.86967
9.02593
9.17313
9.06333
8.8442
9.04876
8.77362
9.05757
8.98596
8.77455
9.11219
8.97242
7.22704
-1.27888
-1.2557
-1.07691
-1.26058
-0.876973
-1.26758
-1.33838
-1.03591
-1.0248
-1.33433
-1.25416
-1.05949
-0.669256
-0.691344
-1.2118
-1.31909
-1.00553
-0.981593
-1.33872
-0.978973
-1.23146
-0.9759
-1.07455
-0.835509
-0.786272
-1.12996
-0.952676
-0.812145
-0.987895
-0.684849
-0.80556
-0.751097
-0.604377
-0.606995
-0.841722
-0.791918
-0.673031
-0.600277
-0.677506
-0.526663
-0.608901
-0.6745
-0.520191
-0.589767
-0.107345
-0.173508
-0.294498
-0.0140991
-0.333271
-0.0953671
-0.179693
-0.244275
-0.237139
-0.347094
-0.267187
-0.298792
-0.308916
-0.191745
-0.0626662
0.0649894
0.00341701
-0.500913
-0.481697
-0.0599599
0.0399035
9.02776
9.12969
9.1796
8.9342
9.12953
9.0132
8.89153
9.10568
9.18185
9.37452
8.45462
9.17814
9.12558
8.84208
9.17137
9.11959
9.2451
8.84048
9.31478
9.16756
9.1033
-0.463531
-0.509301
-0.508948
-0.481596
-0.523441
-0.523617
-0.460094
-0.653877
-0.684716
-0.493658
-0.37072
-0.700189
-0.629772
-0.540983
-0.336338
-0.67732
-0.642637
-0.621719
-0.720632
-0.421662
-0.444111
-0.589339
-0.337949
-0.53568
-0.243188
-0.401688
-0.235108
-0.0541731
-0.429514
-0.168408
-0.102057
-0.030387
-0.124034
-0.187809
-0.143492
-0.0585974
-0.13565
-0.0868028
-0.0309234
0.121984
-0.508178
-0.000171125
-0.0371082
0.147435
-0.516578
11.7383
11.7997
11.7417
11.7643
11.7362
11.7452
11.7644
12.0989
12.1638
12.179
12.1183
12.1085
12.1625
12.098
11.8084
11.8204
11.8259
11.8085
11.8292
11.8511
11.7894
11.9163
11.9759
11.9478
11.9664
11.9123
11.9695
11.9638
11.3117
11.3848
11.2716
11.2595
11.2412
11.1811
11.1584
11.1856
11.1604
11.1227
11.8463
12.1311
11.9463
11.883
11.8019
11.9409
11.9398
11.3889
11.1702
11.0421
11.5267
11.476
11.4531
11.1721
11.2866
11.0974
11.0488
11.2172
11.3448
11.1597
11.1959
12.2219
12.1071
12.1372
12.187
12.2282
12.2595
12.1477
12.1109
12.3694
12.194
12.315
12.1111
12.1938
12.3693
11.13
11.1008
10.9706
11.2287
11.1074
11.0457
11.2104
10.8049
11.216
10.992
10.6377
10.8923
10.722
10.805
12.178
12.1694
11.7928
11.452
11.7459
11.822
11.6661
11.8694
11.5389
11.3409
11.5022
11.011
11.0861
11.441
10.8791
11.4289
10.794
10.862
10.8085
10.7545
10.7319
10.8375
10.7447
11.2318
11.2598
11.2427
11.2479
11.2362
11.2164
11.2613
10.8834
10.8879
10.775
10.7845
10.7644
10.9383
10.8666
10.9464
11.0469
10.91
10.796
10.9387
10.8084
11.0195
7.67876
7.25347
7.56392
7.48232
7.6933
7.32177
6.16398
10.8085
10.1398
10.2113
10.156
10.188
10.1527
10.146
10.168
10.731
10.5586
10.2242
9.60993
10.3313
10.2007
10.2155
10.4555
10.1996
10.2828
10.3141
10.287
10.192
10.1931
10.3439
10.2783
10.4132
10.3838
10.1508
10.1229
10.2395
10.1907
10.2108
10.1615
10.111
10.5809
10.73
10.7135
10.7036
10.5808
10.5551
10.6889
10.3047
10.2971
10.2488
10.2115
10.1758
10.3103
10.2989
10.275
10.2857
10.2114
10.1433
10.2531
10.1711
10.2955
10.4481
10.3998
10.4348
10.4593
10.4895
10.3785
10.4011
10.4948
10.4264
10.4092
10.4198
10.5682
10.5015
10.4351
5.8377
6.95524
6.71762
6.19501
5.83651
6.06538
6.29976
4.08737
3.60641
3.22113
3.85046
4.19621
3.76688
3.59316
3.81695
3.20114
3.30926
3.46733
3.62116
3.40985
3.71178
6.70229
6.36077
6.15556
6.1472
7.05533
6.71098
6.34272
5.85931
7.01169
5.89879
6.43815
5.99448
6.89068
5.79083
3.512
3.03868
3.359
3.43696
3.29917
2.87592
3.6243
2.774
3.75356
3.79641
2.51581
2.60912
1.80005
2.94284
5.81085
5.67958
4.2057
3.25604
4.02543
3.92604
3.69625
4.19341
3.23953
2.77117
3.47059
2.34038
2.4582
2.21364
2.89116
3.40146
-6.9621
5.40403
2.58315
1.97106
2.81666
2.8624
2.19144
2.03551
2.7706
2.12962
10.2131
10.1564
10.1353
9.97552
9.82703
9.92992
2.3608
4.32675
3.14429
3.32116
3.50838
2.16659
3.23313
-1.84008
-1.22937
-0.882039
-0.785284
-1.0032
-1.07907
-0.966424
-0.876647
-1.12338
5.02966
4.09235
2.55444
1.72803
1.91677
2.1711
4.0651
0.877779
0.207277
-0.00937772
-0.0804406
-0.0230329
0.166125
0.172518
-0.000809869
-0.202042
-1.18962
-2.11753
-0.0925569
-1.1424
-0.83398
-1.64
-1.60236
-1.4611
-1.38193
-0.571958
-1.34051
-0.621356
-0.60285
-0.591171
7.83364
8.14941
7.13593
7.63977
7.79554
7.77826
7.69465
8.76701
8.85802
6.87879
8.8433
8.75688
8.82181
8.95835
8.1636
8.35878
8.09083
8.07464
8.34454
8.13716
8.35711
8.43366
8.59507
8.66276
8.97401
8.60794
8.42045
8.66627
7.45431
6.82846
6.74765
6.98223
7.37228
6.82119
7.06935
-0.998433
-0.839112
-0.84825
-0.959666
-1.00819
-0.805091
-0.944815
-0.102902
-0.0928573
-0.348945
0.115429
-0.1935
-0.00500051
-0.213005
-1.14166
-0.588332
-0.686596
-1.12227
-1.12093
-1.13333
-0.735744
-1.15662
-0.999439
-0.875181
-1.21293
-1.18577
-1.0024
-1.19502
-0.01727
-0.449335
-0.401854
-0.708777
-0.50697
-0.399806
-0.714584
-0.457949
-0.500677
-0.539292
-0.415779
-0.404262
-0.528107
-0.464819
9.06677
9.23793
8.85758
9.15353
9.1604
9.05784
8.90192
9.20563
9.19472
8.8967
9.09927
9.15651
9.13577
9.38066
9.00571
9.67985
9.14328
8.94962
9.09897
9.10287
9.11828
9.1282
8.93728
9.18837
8.97766
9.05036
9.03915
8.95915
9.18341
8.93552
8.93611
8.93921
8.98699
9.12096
8.77353
8.97265
7.22728
8.87022
8.71379
8.76023
8.72184
8.86975
-1.28717
-1.04841
-1.04675
-1.35864
-1.3533
-1.2816
-1.07905
-0.558857
-0.581357
-0.500786
-0.495383
-0.652966
-1.02758
-0.844401
-0.808615
-1.07932
-1.12848
-0.996253
-0.831147
-1.03785
-0.707407
-0.865153
-0.634999
-0.633955
-0.750164
-0.903736
-0.706497
-0.850141
-0.517475
-0.622996
-0.605908
-0.965493
-0.952348
-1.01756
-0.991953
-0.684456
-0.703108
9.10338
9.37105
8.44956
9.17986
9.17562
9.12312
8.83812
9.08477
9.03096
9.08934
9.30284
9.03076
8.88209
8.98904
9.3105
9.02668
8.86722
-0.674942
-0.515254
-0.374468
-0.738816
-0.631279
-0.583743
-0.709402
-0.478996
-0.521088
-0.521879
-0.494651
-0.474618
-0.538553
-0.536631
-0.246761
-0.234927
-0.0559387
-0.362039
-0.386618
-0.178301
-0.102591
-0.350429
-0.696751
-0.671297
12.0736
12.1554
12.1143
12.0445
12.0527
12.0305
12.1625
12.1247
12.0521
11.9777
11.9946
11.9325
11.8947
11.9617
12.0051
12.0719
12.0307
12.0095
12.1206
12.0156
11.9877
12.0796
12.1229
12.083
12.1011
12.0694
12.0515
12.0888
12.0708
12.0619
12.0617
12.0452
12.0654
12.0639
12.0561
12.1998
12.2078
12.0995
12.0649
12.1123
12.0302
12.1615
12.09
12.1115
12.1273
12.1055
12.1937
12.0575
12.1856
12.1341
12.1123
12.1419
12.1402
12.1951
12.2325
12.2095
12.2306
12.2547
12.1983
12.2443
12.3032
12.2274
12.3192
12.2641
12.2942
12.2604
12.2703
12.2794
12.3141
12.2694
12.2715
11.3682
11.376
11.4472
11.6266
11.4371
11.3668
11.24
11.3524
11.2106
11.336
11.4675
11.3597
11.4291
11.3076
11.3625
11.3134
11.6792
11.5115
11.4406
11.6135
11.2318
11.37
11.1555
11.3138
11.2179
11.4859
11.3446
11.4673
11.4216
11.3704
11.4827
11.3346
11.5822
11.3697
11.3471
11.7983
11.6832
11.5134
11.5765
11.3403
11.4715
11.2851
11.4196
11.3259
11.4168
11.3397
11.2278
11.4516
11.2721
11.4247
11.345
11.453
11.3503
11.7455
11.5888
11.6935
11.6996
11.6979
11.6975
11.5996
11.8214
11.7775
11.7339
11.8984
11.8333
11.7545
11.8006
11.7765
11.9811
11.9423
11.8016
11.6023
11.5188
11.8723
11.2277
11.5043
11.1442
11.3664
11.2586
11.4669
11.3562
11.5569
11.3687
11.0868
11.3693
11.2861
11.6423
11.3554
11.9343
11.7506
12.0703
12.0092
11.9945
11.7176
12.0634
11.7604
11.3999
10.8643
11.3855
11.4657
11.6667
11.4274
11.5197
11.5482
11.8202
11.7926
10.8961
11.4905
11.4915
11.9556
12.0311
11.9823
11.9336
11.9576
11.9108
11.9516
11.7554
11.8071
11.7519
11.8805
11.7971
11.7901
11.8104
11.798
11.8095
11.7688
11.7825
11.8212
11.7645
11.8476
11.7241
11.7692
11.6758
11.6268
11.9498
11.6725
11.5832
11.6576
11.7169
11.4811
10.8341
11.5219
12.0846
11.892
11.6217
11.7999
11.8242
11.847
12.1008
12.1416
11.8651
11.7534
11.7959
12.0737
11.9399
11.9374
10.7118
11.002
11.2365
11.1822
11.0877
11.131
11.0598
11.1795
11.101
11.1367
11.2096
11.1593
11.1335
11.1306
11.1888
11.0947
10.8713
11.0181
10.9964
10.943
10.9333
10.8857
10.9162
11.0575
10.9859
10.8477
10.8397
10.9753
10.9346
10.9504
11.4929
11.1053
11.4733
11.2685
11.3805
11.2581
11.1136
11.2014
10.7511
10.9568
10.9651
10.9503
11.2694
10.7517
10.9732
11.3686
10.9575
10.7425
11.3016
10.9645
10.749
11.5118
11.1262
11.4805
11.2726
11.5251
11.2803
11.1021
10.9427
11.3894
10.9322
10.7179
11.4101
10.9533
10.665
10.9184
11.3808
10.9145
10.5536
11.4114
10.8857
10.6163
10.9847
11.0801
10.8944
11.1686
11.1657
11.2086
10.9278
10.775
11.3435
10.6704
10.4768
11.188
10.836
10.3867
10.7022
10.8272
10.6017
10.1715
11.1081
10.6173
10.2846
11.0714
10.7369
10.5495
9.95772
10.3305
11.0824
10.6728
10.4201
10.7076
9.92622
10.045
10.3418
10.525
9.91273
10.3111
9.76123
9.7907
9.62614
10.199
10.1958
9.77244
10.6685
11.0805
11.122
10.5939
9.67188
9.66132
10.5791
9.99404
9.60374
8.66378
9.47317
9.26379
10.0922
9.33709
9.92322
9.13054
8.48163
9.09648
9.20071
9.85861
9.19879
10.4145
9.54724
10.5769
10.7932
10.3783
9.64941
10.2384
9.71118
9.13115
7.78283
9.00547
9.12299
9.81189
8.9345
8.9506
9.67293
7.76136
8.79458
9.09811
9.48285
8.83451
10.8946
10.3809
10.8273
10.9646
10.5518
10.4566
10.4875
10.1288
9.6402
9.22021
9.25188
8.82905
7.65767
8.5883
9.14772
8.63552
9.26178
8.50221
8.01087
7.66638
8.36302
7.96944
8.63453
8.79284
8.29755
10.7104
10.1187
10.2067
11.389
10.3325
10.7674
10.202
9.39109
9.44058
9.4268
9.38857
8.83787
8.50054
8.99313
8.16517
8.81511
9.04904
8.5361
10.5646
10.7876
10.6295
10.6006
10.6448
10.6134
10.5719
10.4731
10.3794
10.4686
10.4164
10.4621
10.4532
10.4172
10.5036
10.5548
10.5192
10.4158
10.5239
10.5118
10.4428
10.4521
10.4415
10.4452
10.4721
10.4065
10.435
10.5012
10.8299
10.6146
10.6032
10.4086
10.4724
10.5031
10.3938
10.4419
10.1422
10.3184
10.2899
10.1313
10.4206
10.1102
10.2653
10.3597
10.1048
10.0154
10.4074
10.2291
10.071
10.2836
10.8246
10.2776
10.4999
10.3706
10.5596
10.2108
10.1193
10.3368
9.83514
9.93946
10.2571
10.1854
9.84967
10.0402
10.0993
9.77273
9.58897
10.2217
9.93805
9.73236
9.88395
10.7107
9.82618
10.2095
10.0306
10.3078
9.73626
9.66768
10.0442
9.18538
9.41696
9.86417
9.81517
9.20418
8.66375
9.49335
9.5342
9.05913
9.78565
9.28927
8.95344
9.14826
10.3305
9.00663
9.66415
9.35697
9.82579
8.93213
7.88348
8.29118
7.91503
8.79348
9.42826
9.09501
9.06892
7.64125
7.03149
7.43581
8.52061
8.54839
8.96218
8.19023
8.21435
9.47082
7.91116
8.93166
8.32632
9.11926
7.99249
5.9014
6.40895
6.08247
7.48652
8.38501
7.91305
7.87265
5.65669
5.35269
5.64278
7.19363
7.27445
7.7446
6.90883
7.38972
8.10861
6.63134
8.2307
7.13798
8.3835
7.22712
5.07943
6.44355
7.11111
4.77306
6.64615
6.63994
4.93728
6.24481
6.02834
4.68771
4.67477
6.48831
6.08234
4.79444
6.8041
7.1498
5.53841
7.75171
5.80083
7.85105
6.70849
5.78538
5.86489
3.97929
4.58038
5.41467
5.93022
4.48669
5.65109
4.93374
3.85872
4.30992
5.25606
5.52742
4.38635
6.8904
5.50617
7.04939
6.27597
6.4455
5.45201
7.28947
5.31828
4.85888
3.21254
4.22409
4.76802
5.41255
4.16166
4.73076
4.07785
5.11223
5.22947
3.15904
4.75331
4.11568
6.49697
6.00958
6.62927
6.54686
6.29915
6.69001
6.32424
6.01259
5.65805
5.4433
5.89037
6.13564
5.48111
5.73173
5.92706
5.207
5.49012
5.54069
5.35656
5.78921
5.66307
5.17074
4.27454
4.97944
4.82123
5.87742
4.99462
4.70745
5.05897
5.69355
4.23854
-3.39605
4.72294
5.04258
4.44266
4.59964
4.0977
5.17938
5.75471
5.59129
5.51965
4.3943
5.00321
5.22519
5.05232
4.64107
5.72498
10.2232
10.1492
10.1333
10.0097
10.0342
10.041
9.99856
10.0574
9.86044
9.99211
9.95398
9.86665
10.0356
9.87624
9.96847
9.99313
9.85732
9.84466
10.0262
9.95014
9.85682
10.1617
10.0701
10.1256
10.1651
10.0801
10.0825
10.074
10.1721
10.0668
10.0946
9.9577
9.91635
9.97406
9.92457
9.90758
9.98092
9.77463
9.82634
9.93804
9.93077
9.79374
9.87479
9.85282
9.75201
9.70284
9.91824
9.82793
9.75575
9.74024
10.0121
9.60398
9.85002
9.74909
9.92704
9.63775
9.69844
9.8236
9.53061
9.64121
9.71993
9.77213
9.56037
9.60814
9.51848
9.47791
9.35218
9.67276
9.49723
9.46732
9.20379
9.63045
8.94203
9.31128
9.25761
9.48821
8.97774
9.20811
9.45251
9.00604
9.21666
9.2429
9.36743
9.05932
8.63482
9.03442
8.85711
8.91608
9.16669
8.81574
8.85834
7.56128
8.1728
7.5477
8.0198
8.83421
8.20994
8.57665
8.05302
8.38006
8.05088
8.21391
8.74226
8.33625
8.56167
7.6453
7.86351
7.20505
7.26199
7.70569
7.87246
8.17801
6.99973
7.76932
7.14435
7.11119
7.35883
7.30008
6.69706
7.15697
7.68003
7.01355
7.1158
7.38534
7.41523
6.84281
6.74047
6.01082
6.96065
6.62303
7.19317
6.49212
6.40755
3.57103
5.3208
4.08927
4.31946
4.60257
4.19808
3.29755
3.33766
4.23683
2.04344
1.39919
3.92757
3.75701
1.64358
2.51658
3.41396
0.877059
0.565819
3.17375
2.1677
0.680824
1.27476
3.69615
1.46115
3.11406
1.2934
3.16998
1.36
-0.177126
-0.62592
-1.20865
-0.404069
-1.19363
-0.418822
0.226068
-0.552308
-0.778398
-0.989719
-0.283653
0.64874
0.340314
-0.15682
1.63132
3.19031
1.55057
3.01325
1.56996
3.04102
1.71703
-0.585731
0.249376
0.739692
-0.146486
0.942553
0.0464416
-0.350218
0.438652
1.06176
-0.0858043
-0.0130806
0.981355
0.598491
-0.194076
2.8708
1.84156
2.58056
1.25523
1.37182
2.914
1.87482
0.821737
1.05868
0.173989
0.0734712
1.01459
0.731709
0.211242
0.876224
0.885398
0.175082
0.341045
0.970309
0.939884
0.278252
2.58516
2.68302
2.7805
1.89186
1.41623
1.32426
1.86445
1.00542
0.840563
0.0705898
0.344593
0.816825
0.975372
0.377021
0.982186
0.884549
0.0528521
0.364844
0.826016
1.00664
0.385
1.76802
1.43258
1.62727
2.05845
1.28086
1.48499
1.42401
0.852964
0.911218
0.111693
0.359951
0.836113
0.953088
0.323962
0.448369
0.0834429
0.48948
0.715758
0.122915
0.784647
0.234197
2.2102
1.44291
1.78659
2.20858
1.4375
1.63189
1.65277
1.42511
2.7243
2.63242
1.70191
1.78894
1.83321
1.50715
1.15014
0.530383
0.980942
1.22839
1.32203
0.129737
1.00877
1.00502
-1.79629
1.47655
0.690988
0.0996224
0.984932
0.840535
0.942197
1.22698
0.945992
2.1344
1.82329
0.51776
1.25534
-1.80799
-1.62602
-1.03098
-1.71517
-1.45168
-0.658287
-1.36072
-0.386938
-0.636141
-0.108798
-1.28779
-0.352921
-1.24278
-1.2844
-1.58373
-1.1909
-1.06985
-1.21829
-0.7827
-0.931609
-1.03617
-0.516542
-0.613217
-0.716509
-1.11059
-1.01636
-0.951855
-1.11711
-1.02429
-1.0083
-0.492222
-0.651819
-0.657388
-0.576205
-0.785128
-0.74429
-1.22204
-1.08082
-1.13188
-1.23485
-1.20263
-1.15777
-0.774507
-0.849983
-0.908568
-0.817198
-0.993219
-0.945722
-1.21706
-1.19044
-1.19232
-1.19496
-1.08671
-1.14611
-0.931402
-0.997897
-1.01017
-0.900624
-0.932995
-0.97621
-0.919797
-1.01273
-0.891987
-0.84938
-0.615121
-0.790851
-0.692732
-0.854971
-0.747906
-0.458284
-0.552513
-0.625187
9.81539
9.68895
9.69604
9.64353
9.49789
9.61875
9.66764
9.81312
9.61861
9.75553
9.64849
9.77829
9.65211
9.60251
9.63889
9.45666
9.49861
9.61392
9.60065
9.48598
9.58729
9.57043
9.4471
9.45199
9.6003
9.56549
9.47067
9.5576
9.70059
9.48288
9.6116
9.54657
9.66466
9.50344
9.51475
9.5544
9.36922
9.43361
9.51837
9.53881
9.4066
9.32685
9.47818
9.44007
9.35501
9.50027
9.43123
9.37436
9.27267
9.4326
9.14001
9.26799
9.30316
9.37772
9.17014
9.17298
9.28296
9.21631
9.31258
9.41259
9.33726
9.37748
9.13405
9.06193
9.1624
9.23642
9.18685
9.30148
9.15791
8.44283
8.64696
8.59799
8.74853
8.92731
8.78608
8.84377
8.75098
8.99191
8.93305
8.93794
9.13558
9.02507
9.05522
8.7452
8.6592
8.6791
8.64506
8.75521
8.88158
8.99942
8.59438
8.71567
8.5816
8.57039
8.69929
8.83205
8.8527
8.29827
8.44926
8.00531
8.24463
8.36473
8.10564
8.19631
8.59073
8.66208
8.31422
8.54953
8.61254
8.83853
8.49961
8.39299
8.60451
8.159
8.34976
8.43897
8.34522
8.40786
7.47396
7.71106
6.77041
4.33693
7.01929
8.89749
7.70812
7.62779
7.08474
6.96934
7.10564
7.11868
7.3304
7.50662
7.254
6.7736
6.4428
6.62402
6.99037
7.61597
7.62638
-1.05597
-0.738579
-0.798105
-0.920245
-0.89211
-0.810063
-1.07536
-0.991349
-0.850041
-0.866801
-1.01999
-0.838911
-0.987591
-1.01358
-0.988774
-0.843918
-0.876645
-1.04486
-0.850362
-1.00989
-1.03035
-0.845079
-0.830702
-1.01334
-1.03829
-0.839541
-0.804497
-1.09783
-0.894181
-0.361786
-0.674983
-0.437531
-0.770872
-0.589274
-0.738218
-0.93608
-1.09948
-1.06358
-0.934935
-1.00785
-1.01053
-0.930798
-1.07835
-1.02959
-0.964058
-0.982825
-0.813974
-0.920547
-0.858279
-0.37762
-0.515413
-0.796441
-0.775468
-0.837617
-0.733769
-0.393498
-0.399579
-0.0463903
-0.46976
-0.0783446
-0.517458
-0.136787
-0.363877
-0.870296
-0.801209
-0.893975
-0.66695
-0.78478
-0.660722
-0.829013
-0.840225
-0.74643
-0.802163
-0.623979
-0.571287
-0.63332
-0.586621
-0.338869
-0.141469
-0.514411
-0.0836231
-0.488477
-0.0772804
-0.347947
-0.738517
-0.532702
-0.565559
-0.686177
-0.553096
-0.54127
-0.690692
-0.528945
-0.580922
-0.679347
-0.637995
-0.566682
-0.532639
-0.657346
-0.315424
-0.428771
-0.183809
-0.56153
-0.567371
-0.204985
-0.440676
-0.542699
-0.595192
-0.642011
-0.602385
-0.627915
-0.551315
-0.563978
-0.550332
-0.632667
-0.641442
-0.499404
-0.639646
-0.55566
-0.55392
-0.849752
-1.43904
-1.13685
-0.645957
-0.654608
-0.631133
-0.7519
-0.627265
-0.626486
-0.544291
-0.481118
-0.645614
-0.602733
-0.430583
-0.740659
-0.746364
-0.517942
-0.369137
-0.665429
-0.782518
-0.418837
-4.44265
-1.95747
-4.19524
-0.697843
-1.21173
-1.17074
-0.411681
-0.950441
-0.842235
-0.429069
-0.380019
-1.00895
-0.987265
-0.307064
-1.22485
-1.11502
-0.420188
-0.189328
-1.0952
-0.969035
-0.300648
-1.76996
-1.49573
-1.48873
-0.69736
-0.646614
-0.708012
-0.608813
-1.65427
-2.88774
-2.89125
-0.693128
-0.208202
-0.344955
-0.577628
-1.63004
-0.231381
-0.973736
-1.57866
-1.09989
-1.84228
-0.377791
-0.86631
-1.08543
-0.261948
-0.173363
-0.981877
-0.990045
-0.127061
-0.861778
-0.81382
-0.231523
-0.196192
-0.923716
-0.775435
-0.148394
-1.10677
-1.14214
-0.905224
-0.682805
-0.887681
-0.677031
-1.0433
-0.618329
-0.775079
-0.233885
-0.29331
-0.740744
-0.690571
-0.404919
-0.590065
-0.770263
-0.246773
-0.557376
-0.733994
-0.608749
-0.493881
-1.14373
-0.829972
-1.1456
-1.08103
-1.03996
-1.05468
-0.939578
-0.8817
-0.792533
-0.519065
-0.596323
-0.887102
-0.753778
-0.684975
-0.98812
-1.04877
-0.573392
-0.905745
-0.931642
-1.05934
-0.781767
-1.23668
-1.27162
-1.32332
-1.21343
-1.30956
-1.20277
-1.34015
-1.1867
-1.10079
-0.948766
-1.04127
-1.19609
-1.11869
-1.1641
-1.27371
-1.28712
-1.00349
-1.36635
-1.23852
-1.32783
-1.2786
-1.22349
-1.33515
-1.20029
-1.11354
-1.28741
-1.18603
-1.24952
-1.3892
-1.31064
-1.18503
-1.43506
-1.29011
-1.39335
-1.4604
-1.42467
-1.19519
-1.19287
-1.41467
-1.28338
-1.3495
-1.46687
-0.857553
-0.763322
-0.629435
-0.72962
-0.933726
-0.956503
-0.851508
-1.14055
-1.16139
-0.978893
-1.34933
-1.00888
-1.32241
-1.21043
-0.750308
-0.870666
-0.804252
-1.08599
-0.927076
-0.950818
-1.1159
-0.489383
-0.41939
-0.386127
-0.398263
-0.459769
-0.447509
-0.43808
-0.615612
-0.651817
-0.611734
-0.702512
-0.582845
-0.659366
-0.629739
-0.482909
-0.459544
-0.407317
-0.519986
-0.496834
-0.448155
-0.520123
9.21519
9.38133
9.24039
9.15434
8.99525
9.12383
9.28192
9.39831
9.26352
9.35633
9.26579
9.3794
9.27746
9.1523
9.16559
9.04999
9.02204
9.19874
9.14587
9.05532
9.07517
9.16764
9.23839
9.06851
9.21633
9.16728
9.06746
9.10905
9.2647
9.18641
9.21194
9.32782
9.19541
9.29608
9.01298
9.08616
9.07292
9.18929
9.24813
9.23476
9.17615
9.25066
8.96719
9.10687
9.14898
9.08006
9.17386
9.23375
9.19283
9.24735
9.09693
9.21375
9.2286
9.10514
9.1672
9.24937
9.25504
9.05096
9.19916
9.25267
9.22287
9.18017
9.22925
9.27594
9.00041
9.12884
9.24692
9.23131
9.15912
9.01699
9.23937
8.49852
9.02545
9.058
8.82646
9.01929
9.05652
9.24747
8.85402
9.08596
9.34649
9.112
9.0545
9.06784
9.22696
9.29659
9.08535
9.13451
9.10935
9.10656
9.00476
8.86949
8.94459
9.28002
8.7823
9.17606
9.12356
-1.30358
-1.07657
-1.09901
-1.33975
-1.30063
-1.34604
-1.31455
-0.996628
-1.30429
-1.0165
-0.987994
-0.967734
-0.959916
-1.06774
-0.96568
-1.0862
-0.965182
-0.952162
-1.07326
-1.0506
-0.968913
-0.980897
-1.03456
-1.18007
-0.984273
-0.933422
-1.30013
-1.27579
-0.970861
-1.14124
-1.30113
-1.04342
-0.981856
-1.19574
-0.979926
-1.27737
-1.18316
-1.25145
-0.950998
-0.935217
-1.13745
-1.07757
-1.28598
-1.14088
-0.761802
-0.714962
-0.587546
-0.710401
-0.663755
-0.773673
-0.666488
-0.783543
-0.450316
-0.954361
-0.798479
-0.819388
-0.923455
-0.681657
-0.397107
-0.624177
-0.637787
-0.762213
-0.563782
-0.65753
-0.645076
-0.434401
-0.61991
-0.36502
-0.457374
-0.454545
-0.523655
-0.33211
-0.383958
-0.445578
-0.527405
-0.106193
-0.428148
-0.580732
-0.258074
-0.335161
-0.279515
-0.0567807
0.016065
-0.39553
-0.201029
-0.100097
-0.0834681
-0.458433
-0.0528461
-0.292636
-0.181749
-0.338338
0.0160042
0.0158902
-0.237683
0.263502
0.148879
-0.109559
-0.105587
0.235171
0.100976
0.06863
0.308267
0.45975
-0.068768
0.204725
0.351061
0.236326
-0.255499
0.316009
-0.150657
0.183843
-0.218369
0.304037
0.378942
0.114517
0.650732
0.559688
0.269611
0.285722
0.659317
0.448983
0.459176
0.700141
0.818743
0.319834
0.513552
0.739029
0.364388
-0.0435624
0.481729
-0.0870941
0.461381
-0.0924325
0.340141
0.59451
0.500119
0.987192
0.876961
0.591143
0.558781
0.924687
0.608336
0.638311
1.01298
0.958017
0.612223
0.606365
0.949274
0.133855
-0.0842749
0.302331
-0.271134
0.409378
-0.192232
0.0374231
0.540099
0.636353
1.05594
0.942653
0.598011
0.582539
0.908261
0.475539
0.472733
1.04005
0.778181
0.573854
0.392883
0.851504
-0.321757
-0.431431
-0.131539
-0.759378
0.0446375
-0.635801
-0.458659
0.173185
0.428429
0.809064
0.685865
0.279832
0.289588
0.580286
0.0437056
0.0526006
0.758073
0.333213
0.223407
-0.0884316
0.460261
-0.865305
-0.857747
-0.569518
-1.20822
-0.422491
-1.11721
-0.972583
-0.357978
-0.00794783
0.36944
0.198365
-0.17676
-0.226466
0.0653437
-0.489348
-0.380253
0.308786
-0.188311
-0.233494
-0.601711
-0.0672317
-1.16691
-1.07458
-0.762589
-1.33851
-0.735404
-1.37685
-1.15618
-0.780557
-0.425732
-0.0479696
-0.300502
-0.528874
-0.707146
-0.391007
-0.844179
-0.599498
-0.0910338
-0.513101
-0.55692
-0.859579
-0.468021
-0.563523
-0.883639
-0.801629
-0.992623
-0.862432
-0.688939
-1.13336
-0.817079
-0.604768
-0.263169
-0.548535
-0.580883
-0.874061
-0.535745
-0.480073
-0.451183
-0.643271
-0.790921
-0.276366
-0.566792
-0.536589
-0.499095
-0.475316
-0.347457
-0.422273
-0.476928
-0.496081
-0.430787
-0.509293
-0.549865
-0.455337
-0.557622
-0.468806
-0.58673
-0.488347
-0.433616
-0.336874
-0.319344
-0.440009
-0.44415
-0.356289
-0.410967
8.87437
9.00694
9.05729
8.98529
9.02898
9.22853
8.80655
9.16457
9.15635
8.82799
9.04923
9.13404
9.35554
8.99885
7.34063
9.24044
9.22296
8.96588
9.21102
8.90082
9.05018
8.81441
9.32739
8.86139
8.99582
9.13195
8.93537
9.00133
-0.433457
-0.348626
-0.221243
-0.565954
-0.634291
-0.303846
-0.50133
0.0469123
0.194925
0.0721177
0.425597
0.700164
0.580981
0.82568
1.0727
0.991353
1.14693
1.24818
1.22686
1.20285
1.1484
1.20123
0.95218
0.767755
0.881805
0.518973
0.265538
0.388818
0.106547
-0.12365
-0.0523344
-0.220741
-0.135901
-0.25089
-0.0326287
-0.245324
-0.146669
-0.0272467
-0.203418
-0.0815397
0.0151552
12.1168
12.1631
12.121
12.11
12.1303
12.1165
12.1109
12.1693
12.172
12.1136
12.1294
12.0883
12.1199
12.121
12.1207
12.1617
12.1416
12.1232
12.1366
12.1186
12.1252
12.1599
12.1496
12.1129
12.1106
12.0935
12.1271
12.0997
12.241
12.2191
12.2362
12.237
12.224
12.2295
12.254
12.194
12.247
12.2024
12.2148
12.1954
12.2101
12.2315
11.7935
11.7445
11.6856
11.647
11.7319
11.7178
11.7171
11.8413
11.7471
11.4089
11.8954
11.6742
11.7374
11.4821
11.9811
11.7814
11.9487
11.794
11.5992
11.8718
11.52
11.3526
11.2141
11.4735
11.5194
11.0993
11.3441
11.262
11.58
11.3756
11.3753
11.0433
11.6238
11.3611
11.2978
12.0208
11.9166
12.0465
11.9639
11.6322
11.9199
11.6871
12.0709
11.9371
11.7368
12.0667
12.0107
11.9978
11.7067
11.7583
11.3937
11.4076
10.8662
11.6791
11.4405
11.4718
11.5602
11.5228
11.8205
11.8031
10.8899
11.4941
11.4921
12.1943
12.0078
11.9691
11.8997
12.2645
12.1881
12.1513
12.0252
11.8454
12.1293
12.0058
12.206
12.2308
12.1678
12.1542
11.9606
11.8927
11.8635
12.1815
12.2324
12.105
11.8635
12.2302
12.1466
12.0422
12.2953
10.8141
10.9932
10.8676
10.8366
10.8851
10.8814
10.7969
10.9745
10.9426
10.8191
10.8734
10.7943
10.8451
10.8354
10.7996
10.9495
10.886
10.8762
10.8684
10.8444
10.8166
10.9347
10.9764
10.8433
10.8463
10.8311
10.8828
10.8339
11.1657
11.4575
11.2712
11.2384
11.0522
11.0727
11.3523
11.2716
11.4851
11.2526
11.1006
11.4728
11.1097
11.3751
10.754
11.2047
10.9627
10.9601
10.9549
10.7506
11.2753
10.9809
10.7211
11.3653
10.9613
10.982
10.7356
11.2994
11.2849
11.5009
11.2843
11.1214
11.497
11.1194
11.5153
11.2675
11.48
11.2794
11.1192
11.4569
11.0954
11.5205
10.955
10.6991
11.3854
10.9295
10.9717
10.6693
11.4126
10.9192
10.5505
11.3646
10.9138
10.8845
10.6158
11.4114
11.2559
11.0229
11.1081
11.4097
11.2298
11.0653
11.2122
10.9771
11.1641
11.037
10.8586
11.198
10.9189
11.1295
10.7684
10.4722
11.3262
10.6671
10.8328
10.3836
11.1609
10.6959
10.1685
10.7965
10.5967
10.6072
10.2805
11.0791
10.7926
11.1316
10.5779
10.7535
11.1004
10.8618
10.4306
11.087
10.7293
10.5561
9.98021
11.086
10.6657
10.3159
10.4105
10.0415
10.6813
9.915
10.5128
9.90987
10.3209
10.2997
9.62397
9.78048
9.78084
10.1917
9.76731
10.1867
11.1061
10.6741
11.1169
10.5834
9.87492
10.6164
9.69537
11.0879
10.6886
11.087
10.5618
9.71965
10.5544
9.68687
9.98054
9.47646
9.63632
8.67428
10.075
9.32373
9.27539
9.87772
9.04999
9.11676
8.49223
9.8332
9.19354
9.19944
10.8954
10.3816
10.8244
10.9598
10.4487
10.5454
10.4879
11.0061
10.4979
10.9037
10.4693
9.74409
10.537
9.75294
10.5901
10.4291
9.59767
10.7786
10.2659
10.3899
9.71212
9.71266
8.97715
9.12773
7.78715
9.7886
8.90433
9.11486
8.76346
8.97565
9.50701
9.63394
7.7883
8.84809
9.10315
10.139
10.9063
10.2831
10.6252
10.2427
10.8206
10.2031
10.2399
10.3373
10.7556
11.006
10.9576
10.311
10.2681
10.478
10.4973
10.3911
10.4192
10.3969
10.4275
10.4621
10.6012
10.8096
10.5039
10.6147
10.4316
10.4222
10.5209
10.616
10.8347
10.622
10.4185
10.4822
10.3997
10.5193
10.1327
10.4497
10.3295
10.3232
10.1406
10.1154
10.4306
10.2937
10.0329
10.3743
10.115
10.2565
10.0834
10.4221
10.608
10.3395
10.8281
10.4676
10.5886
10.3885
10.4096
10.2746
10.5139
10.8287
10.287
10.5756
10.2099
10.3833
10.1372
9.96028
10.3526
9.84955
10.193
9.86113
10.2692
10.0566
9.59716
10.1117
9.78959
9.94828
9.74445
10.2343
10.0104
10.4601
10.7345
10.2435
10.3895
10.119
10.1021
9.88099
10.2109
10.7088
9.83697
10.3079
9.73355
10.0398
9.67418
9.42535
10.0564
9.19832
9.8244
9.20888
9.87499
8.67424
9.49756
9.5471
9.06897
9.29244
8.95998
9.79739
9.3714
10.0991
10.4148
9.75102
9.96754
9.5579
9.48237
9.15437
9.66143
10.3335
9.02116
9.82495
8.93967
9.37307
8.29856
7.91634
7.92959
8.80042
9.44276
9.07261
9.11529
7.05711
7.6759
7.45409
8.53017
8.57564
8.20306
8.98398
8.46501
9.49098
9.60829
8.88202
9.30535
8.68893
8.47576
8.2216
8.93431
9.46887
7.91491
9.1183
8.00245
8.3311
6.42633
5.951
6.11104
7.50425
8.41123
7.88753
7.93909
5.38485
5.70428
5.65613
7.21367
7.29883
6.93131
7.77037
7.58705
8.73973
8.30584
7.76346
8.56382
7.78626
7.30742
7.39739
8.21996
8.11153
6.60456
8.38164
7.2245
7.13254
5.1005
6.4696
7.13476
4.83655
6.6694
4.95467
6.67104
6.26995
4.69361
6.02304
4.74195
6.10603
4.81794
6.50383
6.91738
8.07287
7.11399
6.41636
7.91642
7.053
5.88559
7.75234
6.76795
7.08035
5.44862
7.84106
6.68097
5.72
5.78655
4.59866
5.84879
4.00928
5.93752
4.49294
5.35368
5.66572
4.29908
4.83824
3.87143
5.53669
4.39944
5.17702
7.63875
6.94524
7.51301
6.52395
5.4141
6.59299
5.42599
7.07008
6.90008
5.51717
7.33921
6.29532
6.43504
5.44781
5.35097
4.21818
4.77898
3.10702
5.43263
4.14748
4.70166
4.07807
4.68987
5.16923
5.25334
3.08535
4.12676
4.70658
5.28628
4.6405
4.56349
4.53276
5.2498
5.74623
5.43972
4.98441
4.61658
5.27944
4.87506
5.8452
5.78265
5.77656
5.23593
4.5641
4.59583
4.47854
5.36351
5.8126
4.97364
4.68552
5.34015
5.35658
4.9382
5.84096
10.0866
10.2642
10.1264
10.1342
10.0125
10.0218
10.0753
10.1329
10.2336
10.127
10.0182
10.0381
10.0129
10.0513
9.86781
10.0653
9.9788
9.97117
9.87414
9.86298
10.041
9.9646
9.84852
9.99367
9.86939
9.94768
9.8508
10.0356
10.1082
10.1851
10.1222
9.96242
10.0328
10.0024
9.98733
10.0887
10.1782
10.1171
9.95296
9.9167
9.92583
9.97383
9.91949
9.81615
9.98508
9.76022
9.93131
9.77633
9.93581
9.8715
9.69464
9.85885
9.73871
9.8271
9.74491
9.91575
10.0541
9.8231
10.0504
9.8854
9.99687
9.88644
9.79078
9.74967
9.86401
10.0214
9.61003
9.93664
9.65139
9.74914
9.70178
9.63089
9.82756
9.52243
9.77416
9.55045
9.71741
9.61042
9.33609
9.52208
9.47004
9.50572
9.45316
9.67376
9.3947
9.77168
9.71747
9.55001
9.6518
9.53907
9.35072
9.22384
9.33344
9.6506
8.97917
9.5146
9.00841
9.26543
9.22993
9.19835
9.45955
8.99077
9.38342
9.04002
9.25484
8.6402
9.05419
8.88963
8.89831
8.82784
8.86365
9.16889
8.43368
9.13363
8.99661
8.85441
8.87058
8.75415
8.43195
8.18129
7.5853
7.57942
8.03806
8.85464
8.59624
8.2463
8.39771
8.05486
8.04766
8.24062
8.77123
8.58093
8.38376
7.22059
7.67305
7.87463
7.26437
7.70119
7.88807
8.21695
3.39975
0.950233
1.13195
1.22738
3.84453
3.25684
1.22139
1.28818
3.14566
3.77756
1.49207
3.20572
1.37123
1.30745
-1.1767
-0.14297
-0.615534
-0.397456
-1.17251
-0.378493
0.282492
-0.757607
-0.540869
-0.964669
-0.266659
0.693174
-0.146238
0.390564
1.57838
3.1285
3.32162
1.5416
3.09803
1.49935
1.61287
1.67282
3.04501
3.22804
1.57632
3.08354
1.75052
1.61143
-0.555949
0.259791
0.782717
-0.108256
0.0743565
-0.344387
0.98175
0.44724
-0.0236781
1.08637
-0.0505933
0.624682
-0.190421
1.02239
1.83747
3.02063
2.56471
1.54006
2.99734
1.79629
1.42522
2.94534
1.88099
2.52212
1.29916
2.97279
1.89081
1.38387
0.84455
0.112452
1.09197
0.206639
0.73584
0.230774
1.04953
0.909242
0.358984
0.931838
0.210043
0.94682
0.304695
1.01766
2.89746
2.61464
2.86488
1.90376
1.28502
1.9065
1.30478
2.70173
2.60859
2.7476
1.89919
1.42149
1.85019
1.33347
0.983002
0.371388
0.906477
0.113773
0.96564
0.392578
0.862437
0.972484
0.366756
0.903617
0.0916586
1.01121
0.402692
0.866486
2.20868
1.44021
1.79301
2.21254
1.44604
1.64155
1.64955
2.50631
1.93121
2.28761
1.64893
1.45277
1.79525
1.4939
1.62324
1.75425
1.42503
2.05183
1.28165
1.48348
1.41447
0.856943
0.370674
0.925619
0.108004
0.959662
0.302745
0.845005
0.0950601
0.449558
0.483477
0.720348
0.114581
0.241305
0.787608
1.07173
2.23573
0.819918
1.49462
2.17366
0.77361
1.13478
1.08738
0.870518
1.43505
2.24679
2.14961
0.778769
1.20011
9.82101
9.69276
9.68093
9.49258
9.64446
9.6236
9.82089
9.68457
9.8337
9.6889
9.80551
9.68583
9.67163
9.67721
9.75324
9.82673
9.62979
9.78867
9.6538
9.65881
9.59514
9.49179
9.63651
9.45611
9.60883
9.48699
9.62664
9.58718
9.45811
9.5814
9.45538
9.56487
9.4715
9.61654
9.57872
9.74269
9.71106
9.61179
9.70633
9.62248
9.55676
9.53581
9.6088
9.68657
9.45256
9.66313
9.48517
9.53055
9.50455
9.43403
9.56772
9.38526
9.53516
9.39816
9.51418
9.32419
9.46551
9.41258
9.36316
9.40684
9.35922
9.48918
9.35207
9.55014
9.48036
9.42638
9.47401
9.42534
9.32103
9.26207
9.27093
9.43058
9.14664
9.38535
9.16676
9.28015
9.26759
9.15617
9.20615
9.28629
9.39043
9.35367
9.29616
9.0604
9.12177
9.14147
9.2171
9.18199
9.14413
9.26305
8.59399
8.715
8.58627
8.57595
8.70447
8.8378
8.85198
8.91952
9.15164
8.98818
9.0688
8.99055
9.04127
8.83604
8.63865
8.4322
8.6004
8.75265
8.91155
8.83597
8.77454
8.98666
8.74139
8.92437
8.93354
9.13907
9.046
9.0164
8.67501
8.73599
8.65086
8.63763
8.75061
8.87408
8.98899
6.97987
6.17798
6.32453
6.27701
6.90824
7.37347
7.42917
7.34506
6.69922
6.84298
7.05972
6.7014
6.95482
7.46499
6.80843
6.13214
6.308
6.14739
6.90744
7.45795
7.36719
-0.199942
-0.310178
-0.277221
-0.188152
-0.220262
-0.180041
-0.316964
-0.673321
-0.484508
-0.610574
-0.51544
-0.634609
-0.615571
-0.53851
-0.363565
-0.502481
-0.760842
-0.73913
-0.801005
-0.700196
-0.375994
-0.773954
-0.849645
-1.05283
-0.90108
-0.370417
-0.737055
-0.79067
-0.857837
-0.409258
-0.315067
-0.663129
-0.561038
-0.729802
-0.76351
-1.02916
-0.923802
-1.08646
-0.901088
-0.994438
-0.953724
-0.918304
-0.998605
-1.06592
-0.900806
-0.987093
-0.795887
-0.793302
-0.909278
-0.515208
-0.288667
-0.0248077
-0.62458
-0.172255
-0.580981
-0.514916
-0.422769
-0.100392
-0.0140195
-0.428009
-0.126306
-0.347871
-0.485201
-0.776132
-0.84816
-0.851274
-0.637904
-0.765058
-0.836248
-0.628436
-0.697066
-0.815968
-0.796246
-0.604535
-0.535339
-0.532031
-0.600082
-0.292556
-0.0587411
-0.0747493
-0.421645
-0.0621132
-0.311587
-0.418529
-0.309
-0.0567649
-0.101092
-0.484679
-0.0629556
-0.32832
-0.432991
-0.719274
-0.498158
-0.524476
-0.665263
-0.495653
-0.670938
-0.508172
-0.517606
-0.602119
-0.548619
-0.65866
-0.50132
-0.645487
-0.518347
-0.380716
-0.0716813
-0.141376
-0.495052
-0.111205
-0.349953
-0.532703
-0.314278
-0.428441
-0.155429
-0.547628
-0.184252
-0.436113
-0.54495
-0.517235
-0.576764
-0.565464
-0.620131
-0.528724
-0.549246
-0.599474
-0.529892
-0.484975
-0.617644
-0.620101
-0.539895
-0.536257
-0.615295
-0.501138
-0.698405
-0.702522
-0.542772
-0.54647
-0.495998
-0.596098
-1.4279
-0.842123
-1.12734
-0.637418
-0.646358
-0.742206
-0.622808
-0.615884
-0.466468
-0.613766
-0.534244
-0.589182
-0.418236
-0.637189
-0.729845
-0.359171
-0.739602
-0.509509
-0.772558
-0.407512
-0.657893
-2.88623
-1.6427
-2.87908
-0.686469
-0.205865
-0.575739
-0.336895
-2.30005
-2.36383
-2.09052
-0.755931
-0.773449
-0.859883
-1.00386
-1.93779
-4.41133
-4.17209
-0.68342
-1.19849
-0.396489
-1.15956
-0.940054
-0.370054
-0.835309
-0.426149
-0.977024
-0.297243
-1.00085
-1.21359
-0.178954
-1.10451
-0.417201
-0.957309
-0.290698
-1.08663
-1.4681
-0.837907
-1.63561
-0.0277149
-0.24982
0.115382
-0.372782
-1.93534
-1.62617
-1.59194
-0.214757
-1.20213
-0.355529
-1.14778
-1.56075
-1.6055
-1.82589
-0.214482
-0.959191
-0.360275
-1.08472
-0.854004
-0.163455
-1.07435
-0.257742
-0.978171
-0.116586
-0.969676
-0.849071
-0.185755
-0.802012
-0.227203
-0.761867
-0.138309
-0.911493
-0.213738
-0.446142
-0.288394
-0.589516
-0.112682
-0.300464
-0.343338
-1.0924
-1.14455
-0.806908
-0.987028
-0.922987
-0.665392
-0.883974
-0.668954
-1.08864
-0.65276
-1.13087
-0.892614
-1.01696
-0.8745
-0.603011
-0.283225
-0.763568
-0.229784
-0.675545
-0.394606
-0.730171
-0.57345
-0.545217
-0.76064
-0.242688
-0.595363
-0.483448
-0.723677
-0.548015
-0.732472
-0.694388
-0.527036
-0.539549
-0.378648
-0.664183
-0.862988
-1.11274
-0.942931
-0.78513
-0.906488
-0.743373
-0.985037
-1.06451
-1.12835
-1.03713
-0.810263
-1.13502
-0.925142
-1.02831
-0.869312
-0.584052
-0.783022
-0.514921
-0.74056
-0.67393
-0.877666
-0.973129
-0.896378
-1.04012
-0.569256
-1.04513
-0.769776
-0.922257
-0.802561
-0.984178
-0.929627
-0.985072
-0.930373
-0.843914
-1.05717
-1.1173
-1.22322
-1.15193
-1.1652
-1.18619
-1.05898
-1.26656
-1.20212
-1.22712
-1.18876
-1.26043
-1.31677
-1.32962
-1.30142
-1.17351
-1.03153
-1.09239
-0.945893
-1.1012
-1.15629
-1.18892
-1.25962
-1.3595
-1.28246
-1.00095
-1.31758
-1.26948
-1.23186
-0.956031
-1.02054
-1.04221
-1.13816
-1.06324
-1.0624
-1.13585
-1.21523
-1.23631
-1.1935
-1.35936
-1.32752
-1.36877
-1.29507
-1.10904
-1.22034
-1.1784
-1.32493
-1.19847
-1.2436
-1.28355
-1.38292
-1.42668
-1.30681
-1.1854
-1.38263
-1.45553
-1.28858
-1.41769
-1.41271
-1.19495
-1.19367
-1.34811
-1.46158
-1.28242
-0.699042
-0.764255
-0.629562
-0.743843
-0.805703
-0.858046
-0.838279
-1.05683
-0.932901
-0.92152
-1.02689
-1.16154
-1.16344
-1.01788
-0.62729
-0.857544
-0.764358
-0.847868
-0.729996
-0.93095
-0.956952
-1.14106
-1.34689
-1.16152
-0.981375
-1.31753
-1.2121
-1.01035
-0.873399
-0.752493
-0.804437
-1.083
-0.929648
-1.11701
-0.952437
9.38194
9.21303
9.23861
9.0026
9.1523
9.12214
9.26404
9.38593
9.40571
9.22134
9.38533
9.25307
9.25368
9.26793
9.37442
9.40314
9.24573
9.38001
9.25264
9.26014
9.14755
9.03803
9.16311
9.04747
9.13312
9.06379
9.20055
9.07418
9.16336
9.22471
9.05881
9.18224
9.0632
9.22178
9.2346
9.36653
9.36348
9.24888
9.34937
9.24773
9.22416
9.26937
9.13533
9.2003
9.21899
9.34545
9.32156
9.2199
9.0831
9.02295
9.07924
9.1814
9.23343
9.18098
9.23891
9.10764
9.29201
8.97235
9.14929
9.08412
9.16979
9.2434
8.99691
8.9502
8.81244
9.26461
8.823
9.25442
8.99518
8.98647
8.97711
8.82103
9.26678
8.82138
9.26481
8.98633
-0.902272
-0.870226
-0.48079
-0.56754
-0.679276
-0.42718
-0.492362
-0.570873
-0.551405
-0.923458
-0.846574
-0.777745
-0.818423
-0.883014
-0.653938
-0.575889
-0.844102
-0.886052
-0.797436
-0.81784
-0.837869
-0.906029
-0.81986
-0.813086
-0.727613
-0.962977
-0.807263
-0.71185
-0.806522
-0.661327
-0.748986
-0.692233
-0.695712
-0.566152
-0.745254
-0.659838
-0.638039
-0.930012
-0.749231
-0.434608
-0.773478
-0.850739
-0.906728
-0.657424
-0.599927
-0.379737
-0.571782
-0.750141
-0.550388
-0.637
-0.636361
-0.506717
-0.628899
-0.608898
-0.538581
-0.576019
-0.597535
-0.465977
-0.404426
-0.448672
-0.601615
-0.34202
-0.520757
-0.306672
-0.438173
-0.358045
-0.379921
-0.514537
-0.091811
-0.53449
-0.263828
-0.421115
-0.297101
0.0300425
-0.263245
-0.0431427
-0.196643
-0.108639
-0.379765
-0.151607
-0.404896
-0.478942
-0.310376
-0.347682
-0.236348
-0.206551
-0.070703
-0.285345
-0.451314
-0.0491124
-0.329418
0.0269171
-0.173731
0.0269312
0.155811
-0.223663
0.267875
-0.0907089
0.24494
-0.10403
0.111363
0.463985
0.0714301
0.312132
0.207546
0.355482
-0.0630641
0.185052
-0.273552
-0.279081
-0.00599885
-0.217333
0.0933359
0.136797
0.246598
-0.144022
-0.254461
0.314984
-0.212258
0.314466
0.183025
0.381993
0.575686
0.115898
0.65197
0.291793
0.673407
0.268843
0.450223
0.83252
0.456869
0.698799
0.516731
0.757429
0.318118
0.377481
-0.128666
-0.0668541
0.354579
-0.0884982
0.349303
0.44013
0.371137
-0.0796778
-0.0413052
0.481093
-0.08577
0.347476
0.460554
0.598416
0.885495
0.497688
0.984718
0.560682
0.932657
0.589005
0.611216
0.963649
0.63661
1.01036
0.610712
0.955801
0.610161
0.225377
-0.0957549
-0.0642671
0.478165
-0.126982
0.295332
0.433879
0.139876
-0.263672
-0.0819401
0.301755
-0.183868
0.0431697
0.408844
0.544
0.94711
0.63469
1.05339
0.585819
0.912508
0.596493
0.479853
0.781423
0.47128
1.03745
0.396794
0.855846
0.572374
-0.185352
-0.375959
-0.375023
0.256378
-0.499873
-0.063532
0.101565
-0.316102
-0.752612
-0.429182
-0.132643
-0.62702
-0.455256
0.0438849
0.175972
0.688873
0.42696
0.806358
0.293415
0.582522
0.278209
0.0483729
0.334312
0.0505698
0.755232
-0.0860215
0.463496
0.221733
-0.732996
-0.875075
-0.805005
-0.194364
-0.993334
-0.596272
-0.366982
-0.861588
-1.20493
-0.857032
-0.572277
-1.10981
-0.972424
-0.424455
-0.357304
0.199794
-0.0101022
0.365858
-0.223066
0.0651368
-0.179388
-0.485925
-0.189858
-0.383829
0.305026
-0.602315
-0.0659253
-0.236349
-1.12676
-1.29237
-1.06589
-0.617143
-1.33588
-1.06461
-0.715082
-1.16637
-1.34115
-1.07704
-0.767065
-1.37454
-1.16025
-0.739333
-0.783344
-0.301255
-0.429496
-0.0526567
-0.706043
-0.394002
-0.533331
-0.843612
-0.517174
-0.604537
-0.095778
-0.863935
-0.46926
-0.561508
-1.05324
-1.32108
-0.911743
-0.765502
-1.19235
-1.14034
-0.718031
-0.887662
-0.567119
-0.80728
-0.994915
-0.866011
-1.13407
-0.693226
-0.822116
-0.551149
-0.609825
-0.267812
-0.875356
-0.54038
-0.585847
-0.455355
-0.483955
-0.647994
-0.791921
-0.280795
-0.538978
-0.571546
8.85685
8.8969
9.05528
8.94382
9.01168
9.06412
8.9911
8.99409
8.98086
8.99079
8.9723
9.00979
9.30408
9.00231
9.04303
8.84272
9.03866
8.882
9.31101
8.98315
9.0105
8.97594
8.98797
8.93819
-0.272087
-0.00598307
0.00525024
0.21004
0.0479456
0.0929419
0.330199
0.377139
0.462592
0.707464
0.428099
0.595709
0.799468
0.777419
0.898913
1.0699
0.82531
0.985175
1.14024
1.11587
1.19509
1.25079
1.14401
1.22835
1.25118
1.21166
1.23913
1.15051
1.19987
1.20365
1.07714
0.996669
0.987931
0.768798
0.949071
0.883908
0.645514
0.575093
0.517932
0.264862
0.515076
0.389825
0.146797
0.148798
0.0409548
-0.126052
0.101835
-0.0529705
-0.189085
-0.116651
-0.217326
-0.223198
-0.140241
-0.252132
12.1737
12.1109
12.1051
12.1726
12.173
12.1697
12.2044
12.201
12.1824
12.1768
12.1801
12.1112
12.1051
12.1795
12.1718
12.185
12.2044
12.1999
12.1724
12.1815
5.90757
7.09504
6.77877
6.76816
6.48788
6.19826
6.59454
5.00085
5.44214
4.54297
3.31521
4.6042
5.76404
3.64944
5.74002
5.23963
6.5518
5.65784
5.96787
6.69218
4.82046
6.67105
6.9615
7.09364
7.1431
6.97215
6.8667
6.77824
6.50835
6.28914
7.16468
6.2572
6.75108
7.12592
6.07775
6.12688
6.04137
7.06582
6.25237
6.47915
6.52613
5.83264
0.946705
8.02156
4.5185
3.57499
4.45238
4.26901
3.63975
4.92126
2.36702
6.56012
6.21469
6.66194
5.61493
6.11074
4.42429
2.87342
4.86967
5.46322
5.55274
5.80551
5.51415
5.08994
4.73572
-0.153766
4.11512
4.30371
2.7924
5.18685
-0.919196
2.83275
4.36024
4.68263
6.32355
4.63909
5.44836
3.65042
5.88407
2.08281
2.47343
1.59668
4.48595
3.10124
2.72791
2.11578
1.48323
4.42432
3.54852
4.90842
5.74464
4.76594
4.71953
3.73633
5.07818
-0.501154
4.06755
4.5243
3.38021
0.100597
2.57832
2.5884
3.85785
4.67884
4.42455
5.57449
3.83167
4.59005
4.43058
-2.78328
-2.67327
-1.96537
-0.606642
-12.1836
-0.902183
-1.17102
0.208907
-1.50822
-5.50515
-1.86407
-0.175112
-2.07452
-2.05998
-3.52692
-4.74403
-2.86677
2.51517
-3.10062
-1.64199
-0.914802
-1.78694
-1.66079
-2.91771
-1.94383
-6.66083
-3.91191
-1.87917
-2.52357
-1.46833
-5.23519
-5.57448
-5.97234
-4.60264
-15.1285
-2.22077
-1.38824
-2.28646
-15.3015
-2.41871
-2.22438
-1.95826
-2.7144
-2.25821
-1.9366
-2.68065
-4.57885
-11.894
-1.18831
-3.00227
-1.02374
-16.402
-4.06579
-2.95073
-2.4574
-2.96315
-1.90218
-0.699624
-1.4309
-1.44291
-2.98719
-1.89372
-4.10783
-2.26862
-1.85288
-2.64873
-2.26825
-2.61588
-4.1296
-3.02545
-1.44239
-1.66321
-0.792265
-2.80763
-1.57811
-1.95277
-4.28823
-2.79468
-2.23794
-2.0032
-2.3929
-4.39529
-2.78373
-2.90682
-2.93997
-2.97072
-1.94923
-1.49969
-2.28287
-1.42716
-2.18334
-2.9741
-3.11389
-2.07708
-3.08703
-8.83723
-2.03736
-8.77017
-3.17461
-3.22784
-9.24915
-2.31259
-3.23621
-2.20621
-3.46728
-9.00255
-0.371003
-0.378491
-0.219844
-0.335433
-0.411168
-0.360808
-0.238177
-0.32221
-0.426138
-0.457495
-0.467347
-0.444135
-0.367651
-0.3494
-0.225765
-0.127483
-0.141421
-0.303193
-0.244201
-0.0845221
-0.203392
-0.0765252
-0.105945
-0.11217
-0.214157
-0.0447275
-0.142037
-0.176031
0.201314
-0.200087
-0.215035
0.139969
0.218231
0.0969906
-0.192401
-0.0221853
0.0146493
-0.069392
-0.165079
0.0130224
-0.0586953
-0.139196
-0.203949
-0.310673
-0.272571
-0.281378
-0.265062
-0.159339
-0.303655
0.176449
0.109417
0.0256755
0.174167
0.173726
0.102523
0.178341
0.0015083
-0.00387377
-0.0921876
-0.137849
-0.0450816
0.00684847
-0.0859635
0.371096
-0.360015
-0.308514
0.270254
0.308607
0.338113
-0.316908
0.214199
0.0314082
0.331137
0.453335
0.452486
0.0225631
0.216969
0.084775
0.202527
-0.0630491
0.147321
0.032947
0.275537
-0.0997341
-0.269517
-0.155606
-0.288616
-0.253839
-0.204785
-0.30143
-0.225445
-0.0832068
-0.030977
-0.153963
-0.11397
-0.111248
-0.100111
-0.0997218
-0.274548
-0.322732
-0.308965
-0.231862
-0.221254
-0.291734
-0.289249
-0.642055
-0.684136
-0.597165
-0.703457
-0.598601
-0.746967
-0.621646
-0.538555
-0.505381
-0.388506
-0.481307
-0.502027
-0.554795
-0.449599
-0.553993
-0.453812
-0.51251
-0.413065
-0.522493
-0.516423
-0.471424
-0.111178
-0.0224013
-0.173179
-0.133915
-0.212951
-0.157717
-0.0855023
-0.304721
-0.179121
-0.353861
-0.342956
-0.186008
-0.328303
-0.328753
-0.316683
-0.311138
-0.217046
-0.357658
-0.209896
-0.291597
-0.342108
-0.276548
-0.151876
-0.36877
-0.302227
-0.147643
-0.300865
-0.274024
-0.0937292
-0.00233689
-0.400171
-0.106543
-0.368786
-0.114145
-0.0957105
-0.216669
-0.245843
-0.363846
-0.139915
-0.132421
-0.262708
-0.201222
-0.345218
-0.426082
-0.397744
-0.454897
-0.373979
-0.404746
-0.387431
-0.213206
-0.30814
-0.249362
-0.105204
-0.336427
-0.167046
-0.145453
-0.295117
-0.257957
-0.398245
-0.286635
-0.386972
-0.334401
-0.22373
-0.0811345
0.000577736
-0.430998
-0.0391529
-0.463034
-0.0215068
-0.0805655
-0.0513012
-0.117635
-0.362507
-0.0937182
-0.121907
-0.123969
-0.0230302
-0.113951
-0.199901
-0.130836
-0.379223
-0.135551
-0.137343
-0.174433
0.0671158
-0.097173
-0.308586
-0.0393687
-0.084901
-0.00705907
0.0373066
12.168
12.2043
12.2013
12.1816
12.1757
12.1746
12.1116
12.106
12.1731
12.1737
12.1839
12.2041
12.1993
12.1709
12.1801
12.1806
12.1117
12.1057
12.1723
12.18
11.8401
11.8771
11.8754
11.8073
11.8538
11.8504
11.9167
11.7991
11.8472
11.8847
11.9938
11.9646
11.9827
12.0529
12.0261
12.0091
12.019
12.031
12.0038
11.9013
11.9886
11.8846
11.859
11.8676
11.949
11.9227
11.9615
11.9836
12.0106
12.0229
12.0222
12.0317
12.0331
11.9833
12.0622
11.9307
11.8636
11.8939
11.9525
11.8904
11.9025
12.0059
11.648
11.6154
11.3836
11.6583
11.5913
11.8305
11.7815
11.7249
11.707
11.6241
11.882
11.9411
11.8068
11.8672
11.8634
11.6614
11.8371
11.8358
11.836
11.7158
11.7238
11.6611
11.7732
11.7243
11.6874
11.6849
11.9254
11.9806
11.9972
11.9697
11.9645
11.9633
11.9683
11.8033
11.8352
11.9752
11.7061
11.8969
11.7561
11.8263
11.765
11.8459
12.1812
12.1812
12.1654
12.1895
12.1675
12.1857
12.1746
12.1465
12.1579
12.1678
12.1762
12.1475
12.1624
12.1697
12.0845
12.0701
12.053
12.1029
12.063
12.0904
12.0726
12.1254
12.0538
11.9804
11.9351
11.9967
11.8982
11.9644
12.0806
12.1241
12.0637
12.0662
12.0472
12.0567
12.0659
12.0075
12.0116
12.0733
12.0324
12.1215
12.018
11.9897
12.0846
12.1868
12.08
12.1267
12.1465
12.1038
12.0704
12.0655
12.163
12.0906
12.1132
12.1483
12.0782
12.0804
12.1488
12.0796
12.0992
12.1427
12.1567
12.0789
12.1364
12.0525
12.0358
12.1199
12.1014
12.1274
12.038
12.0523
11.8957
11.9194
11.8949
11.959
11.9387
11.8694
11.9084
11.842
11.8567
11.8835
11.9023
11.87
11.8803
11.8513
11.9314
11.9425
11.9979
11.9753
11.9689
11.9291
11.9506
12.0255
12.061
12.019
12.0777
12.0495
12.0041
12.0356
11.8868
11.9159
11.9237
11.9247
11.9295
11.9418
11.8829
11.9958
11.9667
12.0449
12.014
12.0248
11.9842
11.9811
12.2622
12.1996
12.2863
12.289
12.2433
12.2524
12.2878
12.2464
12.267
12.3226
12.2738
12.3249
12.3024
12.2966
12.2984
12.2613
12.2727
12.2775
12.286
12.2936
12.2977
12.2563
12.2147
12.2714
12.2985
12.2736
12.2512
12.3134
12.1287
12.184
12.125
12.2022
12.1996
12.1227
12.1325
12.1066
12.1766
12.1056
12.1585
12.1897
12.0917
12.1181
12.195
12.1001
12.1085
12.1874
12.0889
12.1781
12.2
12.1138
12.1271
12.2073
12.1859
12.1971
12.1292
12.1191
12.2132
12.1088
12.109
12.2194
12.1225
12.2198
12.2145
12.1983
12.1285
12.1225
12.122
12.2121
12.1256
12.1859
12.0905
12.2082
12.2343
12.097
12.2401
12.1158
12.228
12.1318
12.1277
12.2085
12.2032
12.13
12.1292
12.2116
12.0612
12.0843
12.0386
12.1263
12.0618
12.0487
12.0976
11.9905
12.0239
12.021
12.058
12.0376
11.9853
12.0499
12.0894
12.0743
12.1455
12.1341
12.0727
12.0851
12.1167
12.1026
12.1812
12.1021
12.2137
12.1165
12.0945
12.1816
12.0212
12.056
12.054
12.0892
12.0397
12.0216
12.0985
12.0926
12.0985
12.1896
12.1463
12.099
12.106
12.1628
12.2677
12.3307
12.3431
12.2512
12.3452
12.3871
12.3584
12.2811
12.3223
12.3553
12.2021
12.3855
12.3245
12.2248
12.3969
12.3361
12.3141
12.2905
12.3041
12.3581
12.3445
12.2972
12.326
12.2296
12.3591
12.3157
12.4282
12.2996
12.2755
12.1826
12.3751
12.3858
12.3181
12.3871
12.2665
12.3991
12.3296
12.4306
12.2433
12.3647
12.3677
12.3041
12.2564
12.0565
12.0786
12.1811
12.1185
12.1015
12.1707
12.0929
12.0963
12.0409
12.1201
12.0068
12.2125
12.1424
12.0637
12.0199
12.2445
12.1287
12.056
12.2812
12.2338
12.1041
12.2561
12.2671
12.138
11.9627
12.2366
12.0636
12.2974
12.2117
12.0733
12.1779
12.1129
11.9784
11.8935
12.026
11.9674
12.0851
12.0263
12.1981
12.2888
12.2389
11.2274
11.1532
11.104
11.1827
11.1611
11.2211
11.2558
11.2111
11.1113
11.1256
11.5422
11.5107
11.5104
11.583
11.4928
11.525
11.6028
11.5688
11.6287
11.5481
11.5759
11.5264
11.6139
11.6835
11.5163
11.4707
11.5783
11.5435
11.5393
11.5436
11.4933
11.6963
11.5473
11.5969
11.5684
11.4976
11.3677
11.3624
11.3421
11.361
11.3955
11.4537
11.2897
11.2911
11.329
11.2337
11.2156
11.1329
11.2797
11.3455
11.1663
11.1964
11.3217
11.3429
11.393
11.4458
11.3653
11.3635
11.396
11.3278
11.2609
11.1881
11.5257
11.2601
11.5025
11.2858
11.6153
11.3025
11.4515
11.335
11.459
11.3351
11.3605
11.4236
11.4747
11.2271
11.4706
11.5667
11.3177
11.463
11.2525
11.2245
11.4455
11.3879
11.3541
11.1578
11.4222
11.2664
11.3772
11.4051
11.2327
11.3651
11.244
11.2951
11.165
11.1617
11.2205
11.4071
11.2844
11.1481
11.2946
11.2549
11.3793
11.2298
11.4015
11.2419
11.3791
11.2409
11.3621
11.2476
11.2179
11.3337
11.2822
11.3039
11.294
11.3674
11.3586
11.3007
11.2798
11.3509
11.383
11.4047
11.3444
11.3893
11.3857
11.3942
11.2986
11.4699
11.2697
11.3928
11.2672
11.3974
11.2734
11.3373
11.3532
11.2916
11.3814
11.3903
11.3558
11.3107
11.4268
11.428
11.6543
11.694
11.7458
11.473
11.3443
11.545
11.5063
11.5748
11.51
11.4992
11.5587
11.5658
11.5064
11.2824
11.4762
11.3331
11.3539
11.4845
11.4973
11.5182
11.5415
11.3725
11.3187
11.3419
11.5357
11.5313
11.6459
11.585
11.6051
11.5407
11.5483
11.634
11.6092
11.6069
11.4487
11.6483
11.3618
11.6136
11.421
11.6379
11.5703
11.5834
11.3801
11.3393
11.4097
11.5567
11.595
11.4426
11.3804
11.4333
11.2977
11.3696
11.3958
11.4583
11.4294
11.4743
11.4452
11.3455
11.4377
11.377
11.4267
11.469
11.4926
11.297
11.3294
11.3488
11.4682
11.4891
11.5802
11.2222
11.5551
11.2187
11.5833
11.2574
11.5537
11.4582
11.387
11.4876
11.323
11.4857
11.2821
11.4686
11.5348
11.5098
11.2212
11.3083
11.2805
11.5261
11.5252
12.0999
12.3174
12.4316
12.2663
12.1985
12.3684
12.1731
11.9472
12.0295
11.9367
11.9779
11.9517
11.9535
11.9086
11.7696
11.8047
11.8579
11.7391
11.801
11.7903
11.8089
11.7983
11.782
11.8069
11.7544
11.8187
11.7717
11.8192
12.0747
12.2033
12.0842
11.9238
12.2847
11.8471
12.0823
11.8644
12.0075
11.9646
11.9789
11.9873
11.8918
11.8974
11.7546
11.7467
11.6596
11.7722
11.8373
11.7124
11.7747
11.7572
11.7916
11.8364
11.7252
11.8074
11.7948
11.7277
11.6535
11.4505
11.6368
11.5331
11.6991
11.4482
11.6052
11.4254
11.0418
11.3827
11.1838
11.4418
11.1905
11.3551
11.669
11.5454
11.5369
11.4468
11.4664
11.5897
11.609
11.5521
11.473
11.4788
11.4988
11.4195
11.5318
11.4748
11.2419
11.0621
11.3875
11.1838
11.3112
11.1645
11.3731
11.519
11.5677
11.5164
11.4492
11.4452
11.5093
11.6098
11.6059
11.9829
11.9187
11.5624
11.8766
11.5063
11.6619
11.4906
11.5506
11.4365
11.1901
11.6175
11.0205
10.9706
11.5007
11.5622
11.5379
11.9057
11.8395
11.5026
11.8018
11.4521
11.5755
11.5716
11.6133
12.0842
11.6198
11.8911
11.8231
11.7997
11.8465
12.0996
11.7208
11.765
11.6193
11.6715
11.9465
11.6683
11.5765
12.1403
11.7504
11.7951
11.8625
11.935
12.0727
11.9377
11.6534
11.4741
11.7139
10.8278
11.5162
11.3658
11.3869
11.4787
11.4848
11.4405
11.4555
11.4241
11.1278
11.0549
10.9756
10.9546
11.1035
11.0554
11.0316
11.3188
11.2948
11.3164
11.4511
11.4094
11.4534
11.2442
11.4149
11.5251
11.2472
11.8728
11.3208
11.7297
11.4297
11.3073
11.0332
11.2852
10.7293
10.8938
11.0753
11.4448
11.0335
11.5451
11.0067
10.9327
10.9226
10.9893
10.8181
10.6663
11.0013
11.4484
11.2297
11.1099
11.3729
9.8552
11.273
11.3685
11.2923
11.1806
10.9527
11.5004
11.115
11.0844
11.4552
10.753
11.0923
10.7735
11.3074
10.9212
10.5474
10.5421
10.5497
10.5195
10.5275
10.5507
10.5765
10.5292
10.5476
10.546
10.659
10.6388
10.6558
10.7603
10.734
10.6452
10.7109
10.7207
10.6895
10.562
10.6744
10.512
10.559
10.4962
10.6407
10.5782
10.6312
10.6604
10.6939
10.7273
10.6692
10.7206
10.7531
10.6623
10.7619
10.5723
10.5016
10.5896
10.6568
10.5075
10.5684
10.6731
10.8497
10.6656
11.0656
10.6961
10.7071
10.6195
10.5817
10.5903
10.5407
10.5382
10.6764
10.7218
10.8802
10.9871
10.9439
11.1207
10.908
10.8966
10.8992
10.8094
10.8123
10.6978
10.3573
10.9333
10.7319
10.74
10.7295
10.8306
10.8248
10.7203
10.7825
10.7307
10.7626
10.609
10.5759
10.7324
10.5733
10.6507
10.543
10.6721
10.879
10.9838
11.047
10.9998
11.0081
11.0215
10.9716
10.9773
11.0883
11.0973
10.9642
11.0607
10.9674
11.0165
10.9997
11.032
10.8715
10.9975
10.945
11.0166
10.9178
10.9323
10.8868
11.2326
11.1807
11.0865
11.0589
11.1292
11.177
11.0991
11.0582
10.9858
10.8489
10.9764
10.8422
10.9536
10.9343
11.1351
11.1309
11.2063
11.1574
11.1289
11.187
11.0928
11.2153
11.3166
11.2216
11.2244
11.2049
11.2235
11.2474
11.2006
11.2716
11.1204
11.2086
11.2131
11.1946
11.1427
11.0885
11.1138
11.0961
11.0367
11.0372
11.161
11.0629
11.1985
11.1298
11.1252
11.1751
11.2648
11.1604
11.1286
10.957
11.0003
11.0251
10.9675
11.0203
10.9421
10.995
10.9088
10.9209
10.7733
10.9816
10.783
10.9886
10.9189
10.9551
11.0638
11.0942
11.0794
11.0181
11.0466
10.9794
10.9797
11.1031
11.1099
11.1654
10.9768
11.0965
11.1054
10.9418
10.9301
10.7927
10.9911
10.7747
11.0103
10.9438
10.9714
11.0817
11.1784
11.005
11.1177
11.0908
10.9601
10.1932
9.37284
10.0204
9.62923
9.99822
9.61404
10.2261
10.2312
10.1196
9.80756
9.29508
9.27185
9.9315
9.17088
10.0363
9.24413
10.0024
9.59424
10.1308
9.85939
9.48226
10.2694
10.2599
9.96917
9.3038
9.42481
9.29069
9.97046
9.92203
10.6308
10.1338
10.2748
10.0237
10.2322
9.8359
9.70871
9.59879
9.77553
9.44617
9.86019
9.40978
9.59038
10.0861
10.085
10.7239
10.5682
10.0516
10.7884
10.0107
9.63466
9.34473
8.7637
9.60546
9.44038
9.62536
9.49198
10.0179
9.70112
9.45079
9.17715
9.989
9.7757
9.37973
10.7092
9.67212
9.32411
8.7548
9.52157
5.03095
8.96215
9.99158
10.0876
9.77803
9.14238
9.21107
9.68975
8.9597
9.42727
9.176
9.11962
9.18031
9.88481
9.30294
9.05505
8.98539
8.75559
9.27722
8.7812
9.17261
8.74483
9.09595
8.40147
7.73792
8.0518
7.80509
8.2496
7.96277
8.24865
8.9333
8.91607
8.66766
8.85084
8.67529
9.05213
8.80227
8.36372
8.79131
8.33975
7.54418
8.57289
8.67381
8.20895
8.03216
7.64605
8.00797
7.71943
7.823
7.58309
8.17935
8.50656
8.82502
8.40668
8.48662
8.69344
8.68711
8.69138
8.24258
8.23194
8.20976
8.33257
8.88456
9.08833
8.76906
8.19988
8.31469
7.74836
7.2661
8.16089
7.31267
7.05636
8.05156
7.92091
8.10098
8.23596
8.316
8.86014
9.22885
8.31
8.89468
8.30826
8.31365
7.87682
8.20029
7.42284
7.1818
7.17096
8.18153
7.86219
7.15988
7.82299
6.94453
7.68254
7.03622
7.77633
7.04253
7.16251
7.80847
7.16337
8.03876
8.08524
7.98902
8.20374
8.47038
2.92302
8.65828
8.05172
8.36326
7.26131
7.83719
6.96284
8.01289
6.81535
7.41832
7.09355
7.90534
8.67869
8.20949
8.96882
8.06378
8.17171
8.66032
7.57679
8.03974
7.17536
7.12366
7.65813
7.93273
6.88477
7.70158
9.46639
8.72618
6.9105
0.750885
7.30783
6.56835
7.62277
7.07434
6.61194
7.57694
6.92781
10.1618
10.177
10.1906
10.1529
10.1835
10.1431
10.1721
10.1291
10.3176
10.3345
10.3356
10.3364
10.3354
10.2703
10.3374
10.3716
10.3951
10.3247
10.345
10.2836
10.4049
10.4042
10.3078
10.3166
10.3439
10.3219
10.3189
10.2749
10.3596
10.4132
10.3349
10.3248
10.3655
10.2799
10.2332
10.2018
10.311
10.2697
10.3101
10.2662
10.2423
10.2129
10.2332
10.146
10.2074
10.1248
10.2392
10.2234
10.1141
10.1652
10.2207
10.1928
10.3
10.2828
10.2819
10.2511
10.2447
10.2221
10.2374
10.2993
10.3586
10.3127
10.3556
10.3315
10.4311
10.4072
10.4035
10.6646
10.4242
10.5341
9.82761
10.3965
10.4542
10.2823
10.366
10.3634
10.3948
10.3055
10.3313
10.3367
10.4012
10.4512
10.4154
10.9514
10.3461
10.2303
10.3204
10.2741
10.1933
10.2607
10.2457
10.232
10.1412
10.1595
10.1227
10.2281
10.1939
10.1048
10.1614
10.3613
10.5694
10.2502
10.294
10.207
10.2367
10.2135
10.1996
10.2487
10.2158
10.2285
10.2379
10.2943
10.889
10.4374
10.3217
10.3056
10.2925
10.3088
10.404
10.3674
10.3365
10.3616
10.3539
10.317
10.2699
10.1434
10.2237
10.3084
10.1919
10.3247
10.2741
10.3124
10.334
10.2755
10.4222
10.3814
10.3339
10.3173
10.4539
10.4462
10.4513
10.4788
10.5069
10.4105
10.4368
10.5692
10.7918
10.6039
10.6357
10.6512
10.617
10.5755
10.477
10.3863
10.4217
10.4772
10.4679
10.4582
10.4231
10.5077
10.4201
10.5587
10.5264
10.5294
10.5135
10.447
10.598
10.6904
10.6441
10.6284
10.6824
10.6682
10.5762
10.5636
10.6044
10.4353
10.5013
10.564
10.5813
10.4594
10.5414
10.4412
10.602
10.5037
10.5843
10.5378
10.4387
10.2958
10.2505
10.3873
10.4613
10.4071
10.3046
10.3863
10.2986
10.2233
10.1752
10.3249
10.2077
10.3209
10.2819
10.3095
10.4018
10.4405
10.3585
10.3629
10.4111
10.2899
10.2948
10.3613
10.4111
10.4642
10.2837
10.3704
10.4237
10.2792
10.2266
10.1759
10.3141
10.1472
10.3085
10.2959
10.2849
10.4327
10.4525
10.3803
10.3539
10.4094
10.2963
5.94209
6.50476
7.00097
5.8608
5.8621
6.98308
5.94924
6.48968
6.0154
6.53538
6.6297
6.30446
6.67839
6.31036
6.00581
5.67294
5.9068
5.45044
6.13688
5.4842
5.73012
5.91677
5.52306
5.20477
5.49321
5.35743
5.78285
5.68238
5.65216
6.23333
6.8773
5.80042
6.6398
5.92629
5.40379
5.98813
5.54139
6.49925
6.48479
6.82919
6.1455
6.15438
5.41505
3.33187
5.04435
5.55977
4.78807
5.17946
5.40979
5.5387
5.4999
5.09255
5.18218
4.77166
5.72059
5.30936
4.78625
4.31193
5.24725
4.62216
4.86057
4.30717
5.13961
4.15685
3.20346
3.66384
3.56852
3.69145
3.59778
4.06724
4.72526
4.94953
4.57479
4.30433
4.35912
5.06977
4.6463
4.40117
4.73522
4.51086
3.99986
4.34889
4.61746
4.32771
3.83142
3.33151
3.63842
3.52741
3.58031
3.4768
4.02992
4.43376
4.88191
4.16279
4.31746
4.38238
4.70982
4.58324
3.30741
4.5538
3.90437
3.5283
3.94692
3.48401
3.33708
3.17767
3.27757
2.78134
2.47172
3.46619
2.36649
2.22631
2.80902
3.39872
3.27664
4.5252
4.05329
3.54464
3.95052
3.43883
3.36015
3.22489
3.28194
5.03528
4.58
4.43578
5.15744
4.09385
5.73585
5.59138
5.15346
4.25556
4.80225
4.96169
5.8661
4.98057
4.68948
5.51233
4.98278
5.20135
4.39083
5.70494
5.05021
4.635
5.03906
4.2179
5.67663
-3.43437
4.70682
4.03483
4.06131
4.36683
3.54863
4.17663
4.24563
4.49355
3.44174
3.7395
3.08867
2.35689
3.26398
3.27774
2.71146
3.88614
3.87796
1.95739
4.7839
4.19563
3.72147
4.33111
2.89686
3.85799
3.55241
4.17639
3.34095
3.67052
3.22774
2.53743
2.24784
3.32456
2.48359
2.02367
2.69731
3.09691
3.0734
6.2472
3.16573
3.31373
2.96184
2.36425
2.85054
3.16168
0.648466
3.11467
3.30289
3.64623
4.01095
-5.30275
3.87599
3.90004
3.57739
4.6603
2.04713
2.73395
2.25354
2.15093
2.7382
1.69625
2.66784
2.30467
2.50572
2.03268
10.181
10.0278
10.1091
9.99552
10.0376
9.93172
1.60497
4.49543
2.741
3.11248
1.49405
2.12542
4.43266
3.55609
4.91804
4.77533
5.7481
3.74604
4.7247
5.08367
2.09409
2.48718
-0.483155
4.07877
3.38934
4.53598
2.58786
0.120424
2.60177
3.86828
4.68836
5.58016
4.43403
4.59723
3.84417
4.43714
7.00714
7.79888
7.12676
7.1761
7.37106
7.3295
6.70586
7.16882
7.70655
7.09852
7.03582
7.39634
7.44327
6.84958
6.74956
6.03165
6.9943
6.64631
7.22374
6.51599
6.41855
5.9156
7.1413
6.78267
6.81276
6.51338
6.19628
6.63707
5.04498
5.48764
3.34242
4.54933
3.67248
4.65236
5.80521
5.78567
5.25688
6.58586
5.66759
5.99597
4.84335
6.73662
6.68069
6.97591
7.15131
7.11787
6.982
6.89039
6.79195
6.52586
6.30673
6.2731
7.17848
6.09615
6.76734
7.14137
6.14057
6.06216
7.09671
6.26799
6.5063
5.85182
6.53915
4.43677
2.8984
0.965748
8.03867
3.60295
4.53813
4.29692
3.66461
4.47267
4.93899
2.40675
6.23328
6.57562
5.63349
6.13171
6.67437
-0.130279
4.13754
2.81653
4.31446
-0.885082
5.19644
2.85212
4.3718
4.70097
4.65779
6.32954
3.67237
5.45684
5.89097
4.89205
5.48752
5.57337
5.82105
5.117
4.75402
5.5352
4.16691
-5.87438
1.96122
-1.93922
1.38818
-5.01967
3.38495
-0.35234
-0.610166
-0.0941854
-0.485001
-0.760558
0.111488
-0.351095
-1.15062
-1.65155
1.55797
3.10906
-0.24441
-10.6376
1.79632
-8.98929
2.38475
-0.284668
-0.78572
-0.651424
-0.311878
-0.527486
-0.701209
0.00460046
3.60027
5.37383
4.37724
4.15343
4.6524
4.2481
3.33648
3.39688
4.28406
1.42059
2.05298
3.9713
3.80851
1.67328
2.57609
0.622936
3.45497
0.882657
3.21688
2.23461
0.703505
2.66456
4.59707
4.03605
3.6959
3.79774
2.93516
3.53552
1.30118
1.97635
-0.127148
0.786347
1.13839
-0.201275
2.16087
1.56083
0.222069
2.62166
0.786746
1.72519
0.0589005
2.26876
-1.86761
-2.17902
1.46244
-5.01678
2.93434
0.160505
-10.0415
1.94363
-0.025532
-0.87561
-2.01487
-1.08862
-1.05645
-1.26145
-1.18364
-1.32708
1.70717
3.07326
-12.4128
3.87373
-12.3556
1.54724
4.01215
-0.495219
-1.51418
-0.826333
-0.959257
-0.514418
-1.30364
-0.788865
-2.45271
-0.300687
-0.599877
-1.36891
-0.0373664
-0.865883
-3.45876
-1.39806
-0.560803
-0.783575
-0.110888
-1.33804
-0.65392
-1.29326
-1.06061
-0.873953
-1.13283
-0.83132
-0.946823
-1.10233
-0.88789
-1.33383
-0.548114
-0.680265
-2.81246
-0.693683
-1.5508
-1.00533
0.913892
-0.26864
0.302223
0.123512
0.170362
-0.0704517
1.06349
0.774327
0.718654
0.209539
-0.601234
-0.458581
-0.626148
0.256898
0.957924
-0.217509
0.287574
-0.0119396
0.219296
-0.0379414
0.989846
0.858717
0.727521
0.118254
-0.466194
-0.495625
-0.6634
0.219671
1.41679
2.71277
1.69163
2.62588
1.78282
1.82384
1.50157
1.14888
0.524886
1.20877
0.975996
1.32009
0.12575
0.993444
0.943603
0.94023
2.12326
1.22183
1.24855
1.81762
0.520128
1.00285
0.683863
-1.79845
1.47216
0.0955007
0.982541
0.829729
0.736644
0.189861
0.175708
-0.300783
0.913264
0.101252
-0.125828
4.5178
0.818166
0.50627
-0.518208
1.52682
-10.2071
0.206767
0.911813
0.747413
0.036974
-0.395045
-0.465584
0.145818
-0.796847
0.683067
0.348912
-0.582157
0.694465
1.68593
0.537202
0.214282
0.390925
0.556868
0.67768
-0.0940873
0.542444
0.584637
0.49531
-0.158217
-0.169102
-0.27604
-0.72229
-0.0778335
-0.413101
-0.328941
0.270876
0.179853
-0.337957
0.921101
0.486471
0.330333
0.161015
-0.700955
0.583233
-0.917886
-3.06517
0.0971574
-0.446721
-1.13233
-0.826843
-0.431027
-0.430166
-1.08114
-0.639501
-1.34764
-0.576844
-0.3834
-0.0640074
-1.07652
-0.082455
0.408259
-0.256889
-0.146842
-2.94054
-2.44089
-2.96252
-1.8982
-1.42793
-0.700998
-1.44369
-2.98396
-1.8943
-4.1065
-2.26642
-2.64813
-1.85145
-2.2687
-4.12757
-2.61369
-2.90639
-2.93636
-3.01633
-1.42748
-0.784359
-1.65046
-1.56871
-1.94604
-2.7935
-4.27664
-2.77848
-1.9929
-2.22464
-2.38612
-2.77018
-4.37842
-3.11036
-2.07733
-8.83838
-3.08503
-2.03472
-3.17563
-8.76521
-2.95271
-1.93617
-1.48288
-2.26748
-2.17034
-2.95554
-1.41204
-3.21095
-9.22804
-3.2245
-2.29692
-2.19361
-8.9826
-3.44965
-2.76439
-2.66219
-1.95053
-0.596423
-0.895304
-12.1416
-1.49778
-1.16314
0.217966
-5.47288
-1.84341
-2.04949
-0.159007
-2.03989
-4.71133
-3.50358
-3.08056
-1.63652
-1.77949
-0.903621
-1.92712
-2.90641
-1.64803
-6.62676
-3.8901
-2.51023
-1.85633
-1.44685
-5.5526
-5.20388
-2.85141
2.5183
-2.39308
-2.19688
-1.93418
-2.69117
-1.91056
-2.65511
-2.22963
-5.92361
-4.56336
-2.19117
-15.0481
-1.35915
-15.2303
-2.2614
-4.54371
-11.8448
-2.97891
-1.16465
-1.00026
-4.03501
-16.3356
-0.667298
-0.455171
-0.741766
-0.39723
-0.577864
-0.427505
-0.778595
-0.668364
-1.36666
-1.10879
-1.14638
-1.17313
-1.0159
-0.750702
-0.892198
-0.97482
-0.599902
-0.679442
-0.596311
-0.967937
-0.787661
-0.855819
-0.68518
-0.677961
-0.162357
-0.830539
-0.737281
-0.725007
-0.851014
-1.37426
-0.939789
-0.721105
-0.820668
-0.820917
-0.954555
-1.05118
-0.897702
-0.392319
-0.88209
-0.948724
-0.930956
-1.04725
-1.50491
-1.61501
-1.49052
-1.48574
-1.61089
-1.72937
-1.20237
-1.62098
-1.99466
-1.56196
-1.76463
-1.6534
-1.71359
-2.12858
-1.1633
-1.27863
-1.00897
-1.20761
-1.14585
-1.0839
-1.19136
-1.29221
-1.04117
-1.29743
-1.02863
-0.665841
-1.22109
-1.29296
-1.64163
-1.55383
-1.3646
-1.75225
-1.34931
-1.59963
-1.61634
-1.42813
-1.22267
-1.00534
-0.763913
-0.983349
-1.31343
-1.29605
-0.449872
-0.702239
-0.50739
-0.801207
-0.438179
-0.726591
-0.517959
-0.829751
-1.02015
-0.70156
-1.43233
-1.53174
-0.731521
-0.806051
-0.645902
-0.683527
-1.09119
-0.885248
-0.968978
-0.712482
-0.615787
-0.4807
-0.489338
-0.442494
-0.530956
-0.472301
-0.504917
-0.451653
-0.634554
-0.601721
-0.637518
-0.617181
-0.635133
-0.621897
-0.644524
-0.653761
-0.601115
-0.7511
-0.680125
-0.711359
-0.626217
-0.635584
-1.15957
-0.899008
-1.14273
-1.61098
-1.2922
-1.10302
-1.21209
-1.23927
-1.22785
-1.25414
-1.17331
-1.2122
-1.20357
-1.19342
-0.996078
-1.11574
-1.30427
-1.37965
-1.06281
-1.05351
-1.06214
-0.925846
-1.04683
-0.963116
-1.06537
-1.03506
-0.945955
-0.953555
-1.10576
-1.16099
-1.20017
-1.12194
-1.20992
-1.12181
-1.11083
-0.993246
-0.981122
-1.34307
-1.07996
-1.26738
-1.02565
-0.938265
-0.53404
-0.514642
-0.532416
-0.497975
-0.52907
-0.525177
-0.536831
-0.65984
-0.638134
-0.659918
-0.607178
-0.599945
-0.662951
-0.660754
-0.685927
-0.688813
-0.631572
-0.682104
-0.673054
-0.684656
-0.688304
-0.587154
-0.556789
-0.574251
-0.580287
-0.583674
-0.563589
-0.578498
-0.769596
-0.761213
-0.783673
-0.784229
-0.770933
-0.775082
-0.77874
-0.728547
-0.729685
-0.719207
-0.707914
-0.693448
-0.724853
-0.733928
-0.956189
-0.998143
-0.952526
-0.944884
-0.96793
-0.947889
-0.954674
-1.06556
-1.08787
-1.13404
-1.10597
-1.11218
-1.08054
-1.09427
-0.973552
-0.971216
-0.982504
-0.959916
-0.993529
-0.973516
-0.975109
-1.03609
-1.02392
-1.0357
-1.02528
-1.03445
-1.03221
-1.04044
-1.10863
-1.11334
-1.14621
-1.11805
-1.16624
-1.09321
-1.12961
-1.00647
-1.00193
-0.962441
-1.00591
-0.982512
-1.00046
-1.00538
-0.747075
-0.756644
-0.76748
-0.772134
-0.74669
-0.759139
-0.767077
-0.83404
-0.827933
-0.824913
-0.840914
-0.831287
-0.820132
-0.837958
-0.872385
-0.891039
-0.893704
-0.890926
-0.88336
-0.888896
-0.875712
-0.823241
-0.832401
-0.804865
-0.813589
-0.824961
-0.831334
-0.803979
-0.96149
-0.991719
-0.971112
-0.970343
-0.97355
-0.959407
-0.974789
-0.938039
-0.923282
-0.93354
-0.949013
-0.949199
-0.922233
-0.937448
-1.07807
-1.07197
-1.06816
-1.06726
-1.07561
-1.07027
-1.07604
-1.19848
-1.19844
-1.25462
-1.20611
-1.24216
-1.21172
-1.19892
-1.10227
-1.11344
-1.10941
-1.1233
-1.10962
-1.10322
-1.11232
-1.14465
-1.18655
-1.15836
-1.17082
-1.16246
-1.15075
-1.15313
-1.23417
-1.23301
-1.26398
-1.21359
-1.27341
-1.22571
-1.21778
-1.13815
-1.13249
-1.16361
-1.14182
-1.16288
-1.14172
-1.1286
-0.899833
-0.906162
-0.909526
-0.920912
-0.903626
-0.900133
-0.905317
-0.997749
-0.999574
-0.983077
-1.0042
-1.01789
-0.988405
-0.990731
-0.998601
-0.990992
-1.02517
-0.990771
-1.00806
-1.00139
-0.989757
-0.890471
-0.915302
-0.897656
-0.889678
-0.894875
-0.907136
-0.893416
-0.948921
-0.966531
-0.918272
-0.92311
-0.956902
-0.934493
-0.933784
-0.980631
-0.974275
-0.994577
-0.976932
-1.00719
-0.986182
-0.967489
-1.15373
-1.16741
-1.15681
-1.20071
-1.19064
-1.1493
-1.16019
-1.22368
-1.22109
-1.23937
-1.20452
-1.24932
-1.21305
-1.21343
-1.13636
-1.1425
-1.16963
-1.16855
-1.15192
-1.14529
-1.13458
-1.04989
-1.05018
-1.04512
-1.0835
-1.05236
-1.06369
-1.03133
-1.17117
-1.17247
-1.20993
-1.18407
-1.19241
-1.19035
-1.16431
-1.09496
-1.11604
-1.14554
-1.11446
-1.12329
-1.1056
-1.10508
-0.692506
-0.69128
-0.653571
-0.682541
-0.696422
-0.684083
-0.64977
-0.856168
-0.890881
-0.865785
-0.846218
-0.893044
-0.882112
-0.839146
-0.785251
-0.73048
-0.795546
-0.748611
-0.796108
-0.746908
-0.768881
-0.489499
-0.537119
-0.549946
-0.543904
-0.492165
-0.532343
-0.547036
-0.478174
-0.492426
-0.400335
-0.466988
-0.505611
-0.472531
-0.416703
-0.599379
-0.637411
-0.668449
-0.606125
-0.65454
-0.650654
-0.584581
-0.946373
-0.968115
-0.991749
-0.999331
-0.959115
-0.974552
-0.964916
-0.973585
-0.965568
-0.9429
-0.909832
-0.984651
-0.932131
-0.955187
-0.872621
-0.858746
-0.907293
-0.84237
-0.860368
-0.893983
-0.834462
-0.595378
-0.549361
-0.565977
-0.641886
-0.587034
-0.627665
-0.487773
-0.814229
-0.796585
-0.87256
-0.840713
-0.824097
-0.860735
-0.790425
-0.694014
-0.777765
-0.768167
-0.73549
-0.715129
-0.732283
-0.752491
0.180003
0.112481
0.177037
0.0289018
0.105998
0.181375
0.177321
-0.197431
-0.304569
-0.267338
-0.276255
-0.297338
-0.258975
-0.153445
0.00833839
0.00152494
-0.131848
-0.087121
-0.0794403
0.0134798
-0.0393716
0.217129
0.0331886
0.456377
0.334921
0.218937
0.456414
0.0250443
0.374863
-0.364548
-0.311525
0.275722
0.311309
-0.32002
0.344842
0.089446
0.207869
0.154069
-0.0601681
0.282386
0.0362308
-0.0961204
-0.318451
-0.423082
-0.45376
-0.463975
-0.440947
-0.345277
-0.364391
-0.369401
-0.377415
-0.33298
-0.21765
-0.359832
-0.235454
-0.409529
-0.222268
-0.123398
-0.29955
-0.137406
-0.199228
-0.0805252
-0.240988
0.203765
-0.202421
-0.217114
0.143605
0.220814
-0.19448
0.100109
-0.074647
-0.104474
-0.212437
-0.110291
-0.0425937
-0.14
-0.174614
-0.0196891
0.0183075
-0.163209
-0.066637
-0.0563593
0.0167238
-0.137612
7.66349
7.37566
8.17796
7.84383
7.42769
8.2136
7.61814
7.62326
8.22049
7.77311
7.44784
7.38111
8.16217
7.69037
8.29429
8.26958
8.24978
8.6953
8.20641
8.66483
8.29202
8.43677
8.42041
8.42742
8.95351
8.62093
8.59853
8.60881
8.63002
8.43136
8.31918
8.29154
8.19844
8.68059
8.23194
8.69859
8.29954
8.4317
8.45434
8.05527
8.17553
8.31351
8.11826
8.31476
8.07683
8.10921
8.34894
8.14217
8.3669
8.30799
8.46134
8.27084
7.99697
8.37059
8.10297
8.20629
8.60846
8.64491
8.56422
8.30559
8.63277
8.82658
8.51234
8.40094
8.35862
8.60176
8.15547
8.43489
8.35745
8.41658
7.97925
8.0076
8.17528
7.917
7.9362
8.08945
7.72159
8.00776
8.3248
8.16765
8.62176
8.20254
7.93887
8.20973
7.81097
8.2866
7.62417
7.87962
7.86306
8.20568
7.5469
8.09959
8.31194
8.45363
7.96043
8.23738
8.14756
8.54509
8.33336
8.45225
8.74176
8.35778
8.35959
8.27603
8.66962
8.42276
8.89496
8.75968
8.68509
8.65307
8.57763
8.58818
8.66564
8.48606
8.69348
8.78569
8.67725
8.63003
8.09358
8.56654
9.35167
8.49466
8.60511
8.5302
8.47202
8.87273
8.91226
8.50568
8.59818
8.3419
8.33816
8.40493
8.10697
8.20738
8.32538
8.44569
9.16677
6.36546
8.24715
8.5715
7.62819
7.08507
6.98136
7.11695
7.51456
7.12077
7.32817
7.49015
7.71725
6.79081
4.38004
7.03121
8.88596
7.72332
7.25396
6.45606
6.77676
7.00041
6.62671
7.62444
7.62422
-0.125791
-0.18519
-0.0662222
-0.0883163
-0.231804
-0.277259
-0.1654
-0.52333
-0.489943
-0.330592
-0.491114
-0.665739
-0.469697
-0.392079
-0.595206
-0.511676
-0.400733
-0.547196
-0.450264
-0.501873
-0.631332
-0.741126
-0.661189
-0.875668
-1.05485
-0.707032
-0.927151
-0.799685
-0.998288
-0.852467
-1.00078
-1.0242
-0.907814
-0.81561
-0.967455
-0.771206
-0.992846
-0.757437
-0.829695
-1.01883
-1.03581
-0.794525
-0.701776
-0.57653
-0.634086
-0.682434
-0.761779
-0.271821
-0.340437
-0.431267
-0.247608
-0.32865
-0.803221
-0.686153
-0.555789
-0.616325
-0.70999
-0.71407
-0.67243
-0.396547
-0.492334
-0.783049
-0.781663
-0.707487
-0.768037
-0.743673
-0.724892
-0.817221
-0.392178
-0.271518
-0.373501
-0.386015
-0.217229
-0.30691
-0.512278
-0.766008
-0.709539
-1.02969
-0.723004
-0.895761
-0.782075
-0.86632
-0.793039
-1.05159
-0.96831
-0.829845
-0.995796
-0.847079
-0.819578
-0.964609
-0.990121
-0.816111
-0.977007
-1.00287
-0.801288
-1.06166
-0.810546
-0.774042
-0.964802
-1.02215
-0.82543
-0.856496
-0.831215
-0.987191
-1.00669
-1.08637
-0.576444
-0.949541
-0.757058
-0.979806
-1.06365
-0.731621
-1.03386
-0.788052
-1.12657
-0.870846
-1.10093
-1.08388
-0.858306
-1.03566
-1.0317
-0.847342
-0.86295
-0.985307
-1.06998
-0.825863
-1.00125
-1.03885
-0.827149
-0.816585
-0.830348
-1.02764
-0.856228
-0.824569
-1.01478
-1.06584
-0.858764
-1.02756
-0.991492
-0.83783
-1.05635
-0.803413
-0.838178
-0.905498
-0.895866
-1.03624
-1.03519
-0.897118
-1.02463
-0.911418
-1.10688
-1.00107
-1.11947
-0.933185
-1.15066
-1.07311
-0.956266
-1.12858
-0.935805
-0.884877
-1.03649
-1.09535
-1.03628
-0.901042
-1.0006
-1.06634
-1.06783
-0.95309
-0.489056
-0.419207
-0.396944
-0.385584
-0.459818
-0.446843
-0.437483
-0.616214
-0.65283
-0.702425
-0.612849
-0.659751
-0.584051
-0.63025
-0.483223
-0.460067
-0.408115
-0.520712
-0.497255
-0.448796
-0.520179
-0.269185
-0.154966
-0.253045
-0.288591
-0.204364
-0.224673
-0.300802
-0.0818684
-0.0311622
-0.113428
-0.153002
-0.0994215
-0.110337
-0.0991457
-0.274833
-0.322607
-0.308974
-0.232987
-0.221864
-0.291765
-0.289291
-0.643255
-0.68604
-0.704414
-0.599263
-0.747287
-0.60061
-0.623416
-0.540212
-0.507136
-0.483012
-0.390917
-0.50418
-0.451724
-0.556313
-0.554334
-0.45523
-0.513844
-0.414795
-0.523809
-0.517204
-0.472371
-0.110759
-0.0227407
-0.133551
-0.171927
-0.157616
-0.211668
-0.0855926
-0.305898
-0.180867
-0.343482
-0.354624
-0.187823
-0.328792
-0.329787
-0.317009
-0.311638
-0.218748
-0.358183
-0.211547
-0.29215
-0.342078
8.92414
9.32908
8.99445
9.03734
8.99465
9.32618
8.93166
8.92139
9.04742
9.10003
9.32595
9.09319
9.03579
8.92687
8.95301
8.95417
8.92809
9.0095
9.04049
9.32551
9.00013
8.89467
9.31817
8.92987
9.1025
9.32641
8.97312
9.11202
8.90921
9.01878
9.19436
9.24018
9.21821
9.10525
9.25323
9.1227
9.16315
9.2361
9.2767
9.16635
9.06994
9.25272
9.23027
9.14764
9.23595
9.1217
9.27471
9.01586
9.2507
9.22847
9.14449
9.115
9.20456
9.2165
9.04567
9.1882
9.1325
8.98709
9.12063
9.31214
9.09942
8.83682
9.08305
9.14988
9.14329
9.2472
9.10793
9.23282
8.90077
9.20968
9.1163
9.44173
9.12328
8.9555
9.21105
9.27683
9.11448
9.2205
8.92308
9.18164
8.55069
9.1318
9.44732
9.14165
9.12963
9.33319
9.13478
9.16254
9.48713
8.85528
9.27067
9.12006
8.9105
8.95323
9.09138
9.10222
9.33141
9.14082
9.40641
9.11192
9.16498
8.89444
9.23622
7.47774
9.18127
9.23835
9.17031
9.14864
9.34008
8.88411
9.17475
9.3372
9.06212
8.93435
8.98403
9.26002
8.87512
9.22832
9.03546
9.23036
9.04377
9.10341
8.91098
9.14626
9.19361
9.30567
8.92161
9.18105
9.13598
8.59164
8.84557
8.83733
9.16747
8.83494
8.7819
8.79226
8.84316
8.78287
9.16449
8.83918
8.75872
8.72844
8.71967
8.80784
8.82745
8.83088
9.15016
8.75054
8.78702
8.85306
8.83744
8.77617
9.16289
9.04345
8.9804
8.95951
8.98397
9.03518
9.01336
8.96694
8.97203
8.99249
9.01412
9.00437
8.93756
9.27165
8.86843
9.11456
8.78126
9.17638
9.02043
9.22353
9.02775
8.4953
9.05909
8.82365
9.02171
9.05847
9.24189
9.08811
8.8544
9.34051
9.11431
9.05611
9.06888
9.08265
9.22264
9.29771
9.12954
9.10957
9.10737
8.97606
8.85305
8.77281
8.77288
8.86834
8.70047
8.86634
9.0093
9.01992
8.94126
8.75708
8.94908
8.94467
9.22258
9.10873
8.79236
9.00063
8.79222
8.87152
9.18003
8.75404
9.56586
8.90192
7.50486
9.19044
9.63232
9.13467
8.97678
9.15284
9.02332
8.92893
8.91821
8.99059
-0.789266
-0.956669
-0.907924
-0.888864
-0.880487
-0.879208
-0.85218
-0.516204
-0.640148
-0.650298
-0.618866
-0.603228
-0.552063
-0.585542
-0.758651
-0.696882
-0.599833
-0.638305
-0.698737
-0.942238
-0.854324
-1.03251
-0.92626
-1.01536
-0.979271
-0.956049
-0.9411
-0.930588
-1.03143
-0.933056
-1.0539
-1.28147
-1.06432
-1.31834
-1.07848
-1.28226
-1.33023
-1.28921
-0.937576
-1.04016
-1.01863
-0.916905
-0.940242
-1.00546
-0.948714
-0.979181
-1.27628
-0.943798
-0.977615
-0.966086
-0.978949
-0.945353
-0.95861
-0.956913
-1.27414
-1.10101
-1.31953
-1.1301
-1.3306
-1.2703
-1.12009
-1.25644
-1.01553
-1.18077
-0.997274
-1.2006
-1.25098
-1.00489
-1.25439
-1.23776
-1.04698
-1.27707
-1.2473
-1.21711
-1.02502
-0.688733
-1.13404
-0.859353
-1.16959
-1.10665
-0.932596
-0.981741
-0.924001
-0.955309
-0.975878
-0.680461
-0.628772
-0.642599
-0.603537
-0.537252
-0.585862
-0.743663
-0.649237
-0.701735
-0.583873
-0.573057
-0.687466
-0.579976
-0.648729
-0.87731
-0.970305
-0.945072
-0.861953
-0.87591
-0.919003
-0.826555
-0.897025
-0.983165
-0.841208
-0.892868
-0.841837
-1.0127
-0.953068
-0.752135
-0.938611
-1.14337
-0.977078
-1.27071
-0.916122
-1.26722
-0.956173
-1.11242
-1.25763
-1.02321
-1.16728
-0.955159
-0.957641
-1.24169
-1.14177
-1.21296
-1.08611
-0.926858
-0.904606
-1.0572
-1.22742
-1.09822
-1.03932
-0.858169
-1.20526
-0.868758
-1.17689
-1.0532
-0.840347
-1.09412
-0.847936
-0.900812
-0.793538
-1.09003
-0.885872
-0.854596
-1.16693
-0.99766
-0.923067
-0.842873
-1.15847
-0.995592
-0.900619
-0.912883
-0.814857
-1.04326
-1.13402
-1.11881
-0.875903
-1.06257
-1.12005
-0.843734
-0.935933
-0.529499
-0.873395
-0.730124
-0.908486
-0.917637
-0.744399
-0.916172
-0.858632
-0.92573
-0.936583
-0.931388
-0.929863
-0.882968
-0.873421
-0.770734
-0.890151
-0.868586
-0.804908
-0.868416
-0.927351
-0.981258
-1.04405
-0.893273
-0.846586
-1.08078
-0.984168
-0.894279
-0.858075
-0.686745
-1.00226
-0.774977
-0.833045
-0.990964
-0.681087
-0.89198
-0.688174
-0.838405
-0.67771
-0.887021
-0.787974
-0.687555
-0.88323
-1.04235
-0.914993
-0.773582
-1.01974
-0.909273
-0.726065
-0.501838
-0.477345
-0.42504
-0.349314
-0.478707
-0.498923
-0.433723
-0.513717
-0.552998
-0.561861
-0.458028
-0.591102
-0.471714
-0.492684
-0.43749
-0.340369
-0.321332
-0.441986
-0.446192
-0.359911
-0.414711
-0.278539
-0.153437
-0.30378
-0.369261
-0.14884
-0.276197
-0.302465
-0.0945405
-0.00242708
-0.108265
-0.399196
-0.367627
-0.0964299
-0.115985
-0.219329
-0.248137
-0.364374
-0.14055
-0.133279
-0.26518
-0.203712
-0.349688
-0.42924
-0.459729
-0.400752
-0.409343
-0.376765
-0.39206
-0.217289
-0.310486
-0.108446
-0.251501
-0.33878
-0.149046
-0.170752
-0.299105
-0.261735
-0.400364
-0.288464
-0.389001
-0.338599
-0.227229
-0.0821979
0.000804828
-0.0410379
-0.430155
-0.462379
-0.0815852
-0.0232302
-0.0538487
-0.118461
-0.0962036
-0.363676
-0.12279
-0.126705
-0.0253279
-0.116436
-0.20254
-0.13155
-0.379992
-0.136191
-0.140034
-0.176899
9.02872
9.23222
9.16697
8.80898
9.16177
8.82888
9.04894
9.07311
9.17712
9.22757
8.80483
9.13585
9.07529
8.75541
9.22673
8.97154
9.20757
8.898
9.32522
9.05448
8.8192
9.13381
9.36155
8.99927
7.34956
9.24232
8.86505
9.12829
9.00016
8.99812
8.94043
-0.594766
-0.54753
-0.602111
-0.552003
-0.593508
-0.70336
-0.668476
-0.80732
-0.811794
-0.703767
-0.703162
-0.766976
-0.83745
-0.808403
-0.816393
-0.732363
-0.913093
-0.674324
-0.639541
-0.66736
-0.690825
-0.711096
-0.687231
-0.659423
-0.717341
-0.514367
-0.787109
-0.72232
-0.373604
-0.774277
-0.721444
-0.777422
-0.727416
-0.784718
-0.48177
-0.337466
-0.570385
-0.224603
-0.647308
-0.309562
-0.475552
-0.326241
-0.287937
-0.515946
-0.153551
-0.504637
-0.394813
-0.152454
-0.0356792
-0.247826
-0.0302371
-0.148886
-0.205806
-0.0849381
0.0124407
0.0652777
-0.0981352
-0.0417851
-0.310016
0.0352773
-0.00923096
-0.0858775
11.6469
11.3825
11.6164
11.5932
11.6584
11.7199
11.8281
11.7794
11.6195
11.7022
11.8045
11.8646
11.6571
11.8601
11.8346
11.8329
11.8336
11.7142
11.7217
11.7705
11.6609
11.6847
11.7218
11.6868
11.763
11.8436
11.8777
11.9387
11.9221
11.9667
11.9781
11.9964
11.9603
11.9627
11.9654
11.7991
11.7011
11.832
11.9722
11.8204
11.7515
11.8943
11.8395
11.8765
11.8749
11.807
11.8536
11.9158
11.8499
11.7983
11.8468
11.8843
11.9826
12.0523
12.0256
12.0088
12.0032
12.0187
12.0308
11.9012
11.9876
11.8839
11.8588
11.9485
11.9221
11.8673
11.9612
11.9829
11.9932
11.9635
12.0101
12.0221
12.0221
12.031
11.9824
12.0329
12.0621
11.9301
11.8935
11.863
11.9511
12.0047
11.9017
11.89
12.0833
12.1868
12.126
12.0786
12.0689
12.146
12.1026
12.0638
12.1626
12.1126
12.0893
12.0778
12.1478
12.078
12.0499
12.1191
12.1005
12.0346
12.0358
12.1265
12.0508
12.1482
12.1419
12.0983
12.0786
12.1353
12.156
12.0777
11.8929
11.9172
11.9561
11.8921
11.9042
11.9363
11.8674
11.8377
11.8549
11.898
11.8816
11.8703
11.8765
11.845
11.9301
11.9956
11.9733
11.9375
11.9255
11.9671
11.9487
12.0265
12.0601
12.0761
12.0128
12.0347
12.0484
12.0009
11.8792
11.9148
11.9203
11.9247
11.9289
11.9369
11.8768
11.9953
12.0427
12.0126
11.9629
12.0233
11.9789
11.9808
12.1694
12.1729
12.1135
12.1291
12.0882
12.1207
12.1199
12.16
12.1518
12.1206
12.1415
12.1229
12.1622
12.1248
12.1367
12.1186
12.1172
12.1213
12.1656
12.1097
12.1106
12.1309
12.1173
12.1135
12.094
12.1107
12.0999
12.1283
12.1827
12.1816
12.1897
12.1656
12.1859
12.1751
12.1678
12.15
12.1756
12.1683
12.1568
12.1627
12.1695
12.148
11.2244
11.2574
11.2123
11.1146
11.1274
11.2295
11.1578
11.1093
11.1853
11.1633
11.8679
12.0102
11.984
11.9637
11.9034
11.9912
11.8924
11.7566
11.7511
11.7803
11.667
11.7757
11.8411
11.7213
11.7556
11.8396
11.7345
11.8067
11.7948
11.811
11.7358
12.0755
12.2042
12.0841
11.9247
12.0835
11.8469
12.2857
11.6598
11.4773
11.5316
11.6365
11.7355
11.5645
11.471
11.4238
11.0642
11.1734
11.3922
11.485
11.1841
11.3255
11.6999
11.5378
11.4664
11.5353
11.6048
11.4915
11.6144
11.5616
11.4811
11.5048
11.4809
11.4346
11.5378
11.4877
11.2579
11.0704
11.1773
11.4242
11.315
11.1559
11.3657
11.5478
11.5216
11.4677
11.5791
11.4597
11.5086
11.6403
12.1041
12.3214
12.4354
12.2708
12.1775
12.2028
12.3722
11.3737
11.393
11.4874
11.485
11.4293
11.4438
11.4677
11.1373
11.0483
10.9525
10.9801
11.1128
11.053
11.0419
11.3267
11.3201
11.4519
11.3005
11.4593
11.4111
11.2507
11.0407
11.5455
11.015
10.9252
10.9864
10.9288
10.8222
10.6633
11.01
11.1153
9.85078
11.2725
11.3792
11.3685
11.2989
11.1872
11.4118
11.8716
11.5262
11.2479
11.7279
11.4273
11.3215
11.2998
11.024
11.2846
10.7245
11.438
10.8813
11.0747
11.4444
11.2296
12.1888
12.152
12.0263
11.847
12.2068
12.1297
12.0068
12.1547
11.8941
11.9616
12.1823
11.8647
12.1996
12.014
11.9749
12.2697
11.9059
12.2356
12.1725
12.2379
11.8697
12.1105
12.2348
12.3013
12.1512
12.0479
11.4905
11.5522
11.5379
11.8411
11.5041
11.9069
11.5771
11.8027
11.4521
11.6121
11.9899
11.925
11.5676
11.6671
11.8834
11.5127
11.4428
11.1962
11.6241
11.0236
11.5695
10.9759
11.5061
11.5785
11.6192
10.8447
11.0623
10.6629
10.7023
10.6929
10.5875
10.6127
10.5746
10.5337
10.5365
10.8798
10.9857
11.1203
10.9435
10.9061
10.8955
10.8993
10.8075
10.8083
10.3515
10.6946
10.9313
10.7291
10.7382
10.8771
10.9817
10.6717
10.7158
10.7265
10.7177
10.8253
10.8217
10.7263
10.7782
10.7604
10.6064
10.5686
10.5705
10.7246
10.5391
10.6456
10.667
10.5476
10.5421
10.5475
10.5251
10.5168
10.5788
10.5571
10.5355
10.5488
10.55
10.654
10.7613
10.734
10.6436
10.6905
10.7091
10.7183
10.5598
10.6754
10.5117
10.5563
10.5786
10.4938
10.6381
10.6287
10.6607
10.6616
10.646
10.6959
10.6728
10.7355
10.7285
10.6696
10.757
10.7634
10.5747
10.5923
10.5078
10.6642
10.5737
10.5112
10.6757
11.2161
11.3152
11.229
11.2231
11.2489
11.2084
11.2256
11.2029
11.2724
11.2099
11.1215
11.2156
11.1979
11.1459
11.2002
11.1265
11.1769
11.1323
11.1618
11.2712
11.1309
11.0885
11.0357
11.1135
11.0964
11.0636
11.0378
11.1605
10.9594
10.9994
10.9673
11.0257
10.9947
11.0199
10.9425
10.9039
10.9161
10.981
10.7892
10.7787
10.9884
10.9145
10.9561
11.0949
11.0808
11.0636
11.0459
11.0174
10.9851
10.9842
11.1032
11.1657
11.1079
10.9819
11.0968
11.104
10.9338
10.9257
10.9894
10.8052
10.7884
11.0115
10.9311
10.9763
11.1802
11.004
11.08
11.12
11.0898
10.9632
10.9751
10.9412
10.818
10.8744
10.7926
10.8359
10.8441
10.7985
10.8868
10.8766
10.948
10.8168
10.8676
10.8427
10.8183
10.9958
10.8736
10.8444
10.8035
10.8883
10.8845
10.942
10.9792
10.8469
10.8342
10.8534
10.8408
10.8861
11.0454
10.9998
11.0088
11.0204
11.0889
10.9764
10.9705
11.0989
11.064
10.9705
10.9729
11.003
11.0388
11.0185
7.99473
8.19385
2.89593
8.47745
8.05699
8.37291
8.65651
7.26797
7.83302
8.00541
6.9717
7.10146
6.81193
7.42909
7.71103
9.45922
8.02681
8.09817
7.89278
8.95529
8.68753
8.22204
8.05146
8.64617
8.18147
7.56363
7.11155
8.05055
7.19531
6.86734
7.9229
7.67657
8.72412
0.746549
6.91912
7.32152
6.58241
6.60128
7.63836
7.08891
7.56649
6.91952
8.2053
8.33462
8.88697
9.08454
8.19417
8.31672
8.76561
7.74471
7.26935
8.16303
7.30984
7.92389
8.049
7.05159
8.09632
8.23859
8.2375
8.22957
8.31163
9.22764
8.86038
8.30639
8.30247
8.30955
8.89356
7.87191
7.41643
8.19838
7.18313
7.86146
8.17739
7.16188
7.16271
7.8257
6.94073
7.67983
7.03403
7.03496
7.77494
7.15957
7.80307
7.1566
10.1417
10.1653
10.127
10.1627
10.1808
10.195
10.1545
10.1852
10.3978
10.659
10.5262
10.4184
10.4497
9.8184
10.3901
10.3947
10.4074
10.4434
10.9436
10.3406
10.2959
10.3087
10.3516
10.3285
10.3479
10.4226
10.4025
10.2787
10.3888
10.3574
10.3566
10.3342
10.3266
10.2987
10.3532
10.5603
10.2426
10.2852
10.2282
10.201
10.2082
10.1893
10.2419
10.2319
10.8807
10.429
10.2876
10.298
10.3128
10.2859
10.2286
10.191
10.3128
10.2686
10.2415
10.2318
10.2539
10.14
10.1566
10.1166
10.2196
10.1917
10.1027
10.1553
10.2129
10.221
10.3013
10.3964
10.3293
10.363
10.3524
10.3481
10.3116
10.2649
10.1324
10.3002
10.219
10.1868
10.3179
10.267
10.3066
10.2672
10.4136
10.3282
10.3732
10.328
10.3107
10.2674
10.3375
10.3719
10.3918
10.2832
10.3421
10.322
10.3047
10.3445
10.3135
10.3188
10.3193
10.3198
10.3368
10.3398
10.3406
10.3378
10.4109
10.4065
10.2776
10.4156
10.3653
10.3386
10.2848
10.3679
10.326
10.2097
10.2336
10.218
10.3
10.2839
10.1903
10.2458
10.2791
10.2477
10.2344
10.2046
10.3179
10.2747
10.247
10.3136
10.2671
10.1465
10.2094
10.1285
10.2443
10.2255
10.1162
10.1676
10.224
10.2422
10.5959
10.6871
10.6211
10.6406
10.5711
10.6768
10.666
10.5663
10.6
10.4954
10.4277
10.5754
10.5769
10.4569
10.5406
10.5986
10.4971
10.4262
10.5363
10.5805
10.4359
10.2838
10.2389
10.4556
10.3827
10.3844
10.3997
10.298
10.3006
10.2229
10.3186
10.1764
10.2017
10.3138
10.2716
10.3157
10.4326
10.3506
10.4049
10.4068
10.355
10.3064
10.3136
10.354
10.4532
10.4114
10.2936
10.3603
10.4178
10.2664
10.221
10.3063
10.1873
10.1632
10.3041
10.2914
10.3019
10.4439
10.3706
10.4405
10.3476
10.4126
10.3054
10.4793
10.5011
10.3975
10.4251
10.4687
10.4004
10.429
6.00169
5.54991
6.48867
6.51116
6.16607
6.83578
6.1561
5.42794
3.34706
5.57365
5.06439
5.42397
4.80149
5.19953
5.54956
5.10067
5.1955
5.52021
5.7341
4.78185
5.33219
5.64807
6.23193
6.89353
5.81709
5.40213
6.638
5.94302
4.81602
4.33787
4.65336
5.24391
4.89608
5.16683
4.34569
4.11518
3.26715
3.56453
3.70693
3.81475
3.60372
3.98481
4.81309
4.60779
4.34952
4.90124
5.03931
4.4166
4.67345
4.4231
4.75716
4.01961
4.52136
4.38331
4.62711
4.35826
3.85944
3.35963
3.53687
3.74303
3.61028
3.48605
4.00821
4.49001
4.1775
4.36034
4.87982
4.41451
4.71037
4.63662
5.93324
6.4974
6.99726
5.85624
6.9759
5.94461
5.85488
4.05672
4.08861
3.56955
4.38127
4.261
4.51377
4.20882
3.45627
3.76471
2.37785
3.10981
3.29038
2.73189
3.29436
3.90783
1.98134
4.80084
3.89408
4.2123
4.35193
3.74081
3.09226
6.25757
3.18177
3.32966
2.38401
2.98082
2.86743
0.67063
3.17718
3.66142
-5.26484
3.89401
4.02897
4.6755
3.91905
3.59533
2.8994
4.18631
3.87529
3.56655
3.67985
3.23005
3.35457
2.54645
2.25171
3.34238
2.49253
2.02315
2.71314
3.11131
3.1192
3.31642
5.74924
5.4426
4.98625
4.61938
5.84805
5.28113
4.87788
5.24061
4.59788
4.56893
5.36712
4.48265
5.27957
4.63453
4.56306
5.24508
4.53
5.77757
5.76733
5.80573
4.67919
4.97037
5.33775
5.83641
5.34986
4.93219
3.18245
3.27929
3.2799
4.0561
3.54578
4.53087
3.36119
3.95598
3.44289
3.30405
4.54947
3.89714
3.52688
3.33299
3.94022
3.48215
2.77808
2.46814
3.46049
2.35978
2.22351
2.80251
3.39584
3.21952
3.27517
1.6978
2.68585
2.31604
2.03774
2.51926
2.04288
2.72579
2.24483
2.73369
2.14598
10.1717
10.0295
10.1005
9.98928
10.0262
9.9434
2.61465
4.54003
3.63657
3.98333
3.73545
2.91045
3.48559
1.23737
1.90848
0.766405
-0.253817
1.04402
2.10731
-0.168503
1.46997
2.55799
0.764905
0.195199
1.69434
2.21161
-0.0157435
1.43765
-5.03954
0.133102
2.90815
1.91548
-0.0479892
-10.0546
-0.901255
-2.03954
-1.08322
-1.11214
-1.20895
-1.35009
-1.2867
-1.90047
-2.2153
-2.47276
-0.628589
-1.39594
-0.330491
-0.0691862
-3.47664
-0.887957
1.68543
3.8611
-12.4808
3.0585
4.00421
-12.4207
1.5233
-0.524837
-0.988503
-0.860048
-1.54904
-0.81927
-1.33183
-0.546574
-1.41583
-0.569795
-0.140546
-0.834501
-1.34486
-1.30605
-0.677346
-1.08618
-0.887149
-0.852806
-1.1565
-0.91321
-0.972248
-1.12271
-1.34826
-0.710802
-2.84018
-0.584128
-1.01307
-0.741177
-1.57131
-1.17366
-1.6733
4.15032
-5.90086
-1.95928
1.94287
-5.04776
3.3685
1.36722
-0.369799
-0.633116
-0.109956
-0.500681
-0.370467
0.0964904
-0.779709
1.53682
-10.6866
-0.26004
3.10287
-9.03287
2.36861
1.78315
-0.306796
-0.331481
-0.674359
-0.808868
-0.0165032
-0.726947
-0.547886
4.52534
0.825787
0.508913
1.52791
-0.518193
-10.2275
0.205306
0.685076
-0.579541
0.693947
0.352781
0.537884
1.69038
0.215665
0.0335864
-0.473081
-0.394464
-0.806563
0.151093
0.735303
-0.308563
0.178375
0.196324
0.0969576
-0.132246
0.919857
0.919317
0.747182
0.433516
0.556973
-0.10068
0.671252
0.591375
0.487695
0.584203
-0.148935
-0.176648
-0.724894
-0.278898
-0.0798883
-0.412594
-0.326365
0.280465
-0.34144
0.920977
0.177016
0.330696
0.490439
0.166934
-0.705579
0.57664
-3.07378
-0.925671
0.0912254
-1.13963
-0.450586
-0.829726
-0.439989
-1.08582
-0.433165
-0.644564
-1.35534
-0.576728
-0.384585
-1.08109
-0.0849919
-0.0653908
0.404602
-0.260077
-0.144258
1.0733
2.23671
0.818937
1.49972
1.13331
2.17773
0.776218
1.08217
1.43147
0.862292
2.23941
1.19125
2.14625
0.774428
0.773842
0.722412
0.213131
-0.456082
-0.604385
0.255286
-0.623925
0.110926
-0.502656
-0.477287
0.206175
-0.66824
0.961069
0.285496
-0.0144918
-0.213007
0.988727
0.223976
-0.0352294
0.907129
0.112556
-0.270794
0.291936
1.05196
0.167146
-0.0753798
0.848916
0.72256
7.96889
7.99776
7.9196
8.15658
7.92816
8.07947
7.71916
7.9987
8.3256
8.6264
8.15611
7.93103
8.20876
8.19378
8.09103
8.45326
7.95574
8.30484
8.22915
8.54736
8.14165
7.81232
7.88306
7.61695
8.28101
7.54841
8.20847
7.85408
8.6605
8.49276
8.79519
8.68647
8.6717
8.62261
8.09547
8.56214
9.37016
8.52752
8.88235
8.92209
8.46631
8.50151
8.34495
8.59308
8.34
8.36394
8.44941
8.74265
8.28353
8.67665
8.35935
8.4274
8.90102
8.76114
8.6893
8.65735
8.59507
8.5795
8.50104
8.60721
9.18232
6.34651
8.44156
8.23761
8.56463
8.11223
8.33592
8.40543
8.21364
8.33393
7.66193
7.37143
8.17442
7.84277
7.61371
8.2127
7.42677
7.61832
7.44145
7.76768
8.21232
7.68234
8.15715
7.37693
8.4371
8.4188
8.32004
8.19579
8.67892
8.29096
8.29757
8.23236
8.69854
8.29153
8.26537
8.24206
8.68761
8.2852
8.2044
8.6601
8.42376
8.94998
8.61526
8.5921
8.6058
8.42553
8.62601
8.42802
8.44778
8.10654
8.34689
8.07653
8.14173
8.36725
8.05196
8.16798
8.30567
8.11369
8.31024
7.33914
6.69576
6.83411
7.04988
7.45678
6.69592
6.94997
6.97724
6.17105
6.32147
6.90143
6.27508
7.36838
7.42743
6.80213
6.30037
6.12595
6.89799
6.14276
7.44925
7.36187
-1.02233
-0.872141
-1.02528
-0.925382
-1.04776
-0.834948
-0.991037
-0.771437
-0.693497
-0.913412
-1.09271
-0.829837
-0.738235
-0.964029
-0.80056
-0.787967
-1.02849
-0.858404
-1.05624
-1.07309
-0.823307
-0.142941
-0.20676
-0.0836165
-0.254009
-0.104954
-0.297498
-0.181592
-0.549619
-0.516397
-0.354933
-0.517284
-0.495124
-0.417527
-0.692944
-0.621762
-0.535489
-0.424875
-0.573181
-0.476083
-0.529706
-0.660561
-1.1081
-0.590551
-0.772652
-0.980161
-1.00821
-1.08997
-0.746318
-1.06246
-0.808131
-0.887997
-1.14868
-1.12633
-0.879806
-1.10851
-1.05894
-0.865281
-0.880353
-1.05561
-1.01074
-0.843392
-1.09203
-0.874864
-0.841513
-1.04972
-1.038
-1.0881
-0.858078
-1.038
-1.07585
-0.847995
-0.86294
-1.12718
-1.01574
-0.950801
-1.14072
-1.17049
-0.972448
-1.09489
-1.14895
-0.951344
-1.11602
-0.91913
-1.0199
-1.05894
-0.970697
-1.08791
-1.08983
-0.888986
-0.87097
-1.06338
-1.02804
-0.833996
-0.872008
-1.09133
-0.935301
-0.928135
-1.07609
-1.07086
-0.931354
-1.05871
-0.942938
-0.915717
-1.07281
-0.216305
-0.328344
-0.295035
-0.204038
-0.336999
-0.235393
-0.194931
-0.704683
-0.639384
-0.511338
-0.54218
-0.568185
-0.662714
-0.644585
-0.357331
-0.446485
-0.286488
-0.262579
-0.341814
-0.733939
-0.606935
-0.663064
-0.71353
-0.793701
-0.41057
-0.505873
-0.405145
-0.39096
-0.400949
-0.286646
-0.526297
-0.232896
-0.320767
-0.836707
-0.718123
-0.58766
-0.646518
-0.702391
-0.745923
-0.746215
-0.815368
-0.816173
-0.743903
-0.801355
-0.778683
-0.75741
-0.850883
-0.798754
-0.743068
9.11591
9.23202
9.03712
9.18789
9.17726
9.12727
8.99187
9.11038
9.31815
8.82971
9.09791
9.15008
9.14484
9.08092
9.25309
9.22856
8.89028
9.10706
9.21021
9.44763
9.11827
9.13349
8.93092
9.25278
9.24647
9.12641
9.23773
8.9036
9.18371
8.54233
9.44145
9.13031
9.12867
9.32589
9.14214
9.13984
9.46764
8.84417
9.16781
9.27599
8.897
9.1232
9.10037
9.32772
9.404
9.14033
8.88844
9.1098
9.16509
9.23562
7.46052
9.23087
9.18034
9.33505
9.17044
9.15124
9.14712
9.30031
8.91256
9.19584
8.58219
9.18263
9.13717
8.94874
9.09581
8.87769
9.05761
9.18187
9.34234
8.97651
8.94075
9.25522
8.87067
9.22537
9.23237
9.03885
9.09867
9.0474
8.90656
8.92326
9.32921
8.99373
9.03759
8.93108
8.99411
9.32614
8.92107
9.04721
9.09988
9.32596
8.92649
9.09347
9.03539
8.9514
8.95062
8.92603
9.03923
9.00429
9.32305
8.89121
8.99712
9.31718
8.92869
9.3258
9.0994
8.97079
8.90578
9.11129
9.01776
9.00841
9.02933
8.76297
8.94026
8.94864
8.94397
9.2305
9.57277
8.90233
8.98547
8.85557
8.77923
8.77933
8.87387
8.70464
8.87445
9.11397
8.79642
8.80048
9.00733
8.87696
8.75602
9.18693
7.48854
9.63225
9.19019
8.97829
9.13868
8.92454
9.15944
9.0296
8.98765
8.91359
8.98723
8.82086
9.26723
8.97821
8.98668
8.8216
9.2655
8.99552
8.94957
8.80926
9.26241
8.9932
8.82125
9.2538
9.16812
8.8347
8.78202
8.7935
8.84346
9.1646
8.78467
8.82774
8.83205
8.84423
8.83643
8.83735
8.75574
8.72521
8.71805
8.80345
9.14803
8.78638
8.74759
8.84909
8.83527
9.15804
8.77551
9.04311
8.98002
8.95809
9.03436
8.98356
8.96328
9.00974
8.96903
9.01208
8.99034
-1.30093
-1.11524
-1.14554
-1.33884
-1.35191
-1.29566
-1.14184
-1.28664
-1.03902
-1.02333
-1.22255
-1.28104
-1.02297
-1.23542
-1.28445
-1.06751
-1.3081
-1.26782
-1.27711
-1.04648
-1.25147
-0.981865
-1.00744
-1.0119
-1.00359
-0.990169
-0.991703
-0.989853
-0.698579
-0.879858
-1.17519
-1.20776
-1.15182
-0.961807
-0.965341
-1.01876
-0.987397
-1.01049
-0.492644
-0.579696
-0.690625
-0.442189
-0.506306
-0.562601
-0.583026
-0.664606
-0.58856
-0.942758
-0.907211
-0.960952
-0.882717
-0.814824
-0.855628
-0.918718
-0.883026
-0.83557
-0.922891
-0.857336
-0.875422
-0.858993
-0.943783
-0.530049
-0.661439
-0.630781
-0.652072
-0.597345
-0.616675
-0.5652
-0.825834
-0.996565
-0.947715
-0.931026
-0.894808
-0.918291
-0.919136
-0.772025
-0.708683
-0.613335
-0.651233
-0.713059
-0.892729
-0.984852
-1.07322
-0.966176
-1.05546
-1.08278
-0.870282
-0.88554
-1.2113
-1.19507
-1.10026
-0.859799
-1.14257
-0.872801
-0.824718
-0.959409
-1.12469
-0.877748
-0.941885
-1.20634
-0.942862
-0.874141
-1.04402
-1.20733
-0.92223
-1.05697
-1.08926
-1.18159
-0.904044
-1.16426
-1.17154
-0.876226
-1.11176
-0.985194
-0.535235
-0.760701
-0.918607
-0.962373
-0.775085
-0.960132
-1.04683
-0.921813
-0.88237
-1.11684
-1.12047
-0.929878
-1.03485
-0.958747
-0.851635
-0.957735
-0.970267
-0.895151
-0.958312
-0.926565
-0.968013
-0.969414
-0.919264
-0.907941
-0.809764
-0.922063
-0.96442
-0.921341
-0.841152
-0.912786
-0.716953
-0.812931
-1.06539
-0.881346
-0.711515
-1.05335
-0.920245
-0.718093
-0.707263
-0.876389
-0.718619
-0.956512
-0.834207
-0.955884
-0.956498
-0.808542
-1.10612
-0.758984
-1.08451
-0.962313
-0.69379
-0.642008
-0.654176
-0.616703
-0.755826
-0.600255
-0.548659
-0.66362
-0.715645
-0.595005
-0.587933
-0.659792
-0.594911
-0.702673
-0.914207
-1.01092
-0.984344
-0.916441
-0.907378
-0.961017
-0.937516
-1.02246
-0.868746
-0.876951
-0.878017
-0.935192
-1.04768
-0.977269
-0.790699
-0.988845
9.07145
9.17196
8.80192
9.22327
9.13146
9.07479
8.75214
8.99545
8.98098
8.99164
9.01003
8.97349
9.30434
9.00346
9.04144
8.84131
9.30971
9.03848
8.88119
8.98335
9.01127
8.97491
8.93712
8.98902
-0.734662
-0.537259
-0.818585
-0.367623
-0.770485
-0.705254
-0.686566
-0.684456
-0.721939
-0.696659
-0.745107
-0.710435
-0.806686
-0.816542
-0.751271
-0.768299
-0.81195
-0.610392
-0.558796
-0.617826
-0.609158
-0.565557
-0.734178
-0.702434
-0.837579
-0.8336
-0.733495
-0.794885
-0.734191
-0.86715
-0.839788
-0.847742
-0.765677
-0.937841
-0.333042
-0.28881
-0.15303
-0.508796
-0.484421
-0.374171
-0.149266
12.078
12.1821
12.1021
12.1171
12.0929
12.095
12.1715
12.0403
12.1226
12.2131
12.0076
12.0221
12.1436
12.062
12.073
12.1789
12.2679
12.2378
11.9612
12.1369
12.2138
12.2979
12.0617
12.257
12.0544
12.245
12.2813
12.0535
12.127
12.2342
12.2563
12.1023
12.1149
11.8966
11.9798
11.9684
12.0253
12.1997
12.0259
12.0836
12.2403
12.2897
12.3434
12.252
12.3461
12.388
12.281
12.3233
12.3589
12.3555
12.2028
12.3862
12.3246
12.337
12.2244
12.3971
12.3143
12.2916
12.3188
12.3029
12.2774
12.4319
12.1849
12.3889
12.3788
12.2703
12.3333
12.3069
12.3481
12.2994
12.3614
12.2316
12.362
12.3292
12.3189
12.3879
12.2665
12.3297
12.3992
12.2463
12.3684
12.4343
12.3078
12.3713
12.1915
12.1892
12.1165
12.1971
12.1276
12.1183
12.125
11.5446
11.4341
11.5286
11.4392
11.5428
11.5266
11.5115
11.6948
11.6408
11.7112
11.7266
11.7716
11.6622
11.757
11.8702
11.8513
11.9173
11.8433
11.8551
11.8323
11.9357
11.3731
11.2859
11.2496
11.223
11.2368
11.3468
11.2573
11.5616
11.3387
11.6165
11.3585
11.6249
11.3659
11.3269
11.3995
11.2786
11.4167
11.4668
11.3564
11.4654
11.4052
11.3178
10.6925
10.8149
11.3974
10.727
11.4005
11.324
10.6141
11.2538
11.1707
11.1594
10.3684
10.3857
11.2247
10.59
10.8841
10.7726
10.7725
10.4686
10.4217
10.8776
10.0418
10.2692
10.388
10.3832
10.0406
10.1276
10.1609
10.7748
10.68
10.7239
10.7328
10.6106
10.6124
10.6816
10.7469
10.5716
10.8311
10.705
10.7
10.7327
10.5968
10.356
10.7735
10.6047
10.6099
10.5829
10.5701
10.4057
9.89629
10.5222
10.3133
10.26
10.2605
10.1955
9.97262
9.14758
9.85746
9.66076
9.64016
9.55594
9.55311
9.2497
8.35636
8.6657
8.60797
8.91394
8.4512
8.85377
8.43446
7.88498
7.34968
7.208
8.46204
7.06046
8.41727
7.925
7.04467
7.3653
6.62684
7.84975
6.62087
7.74988
7.43485
10.2223
10.1866
10.1667
10.1714
10.1296
10.1269
10.2194
10.1986
10.1875
10.1698
10.0757
10.1364
10.1263
10.1019
10.0935
9.96329
10.094
10.0321
10.0123
10.061
9.99816
9.64465
9.81635
9.75016
9.81295
9.70098
9.75621
9.70457
8.92246
9.20412
9.12502
9.17875
9.012
9.06887
9.03795
3.10076
3.18247
2.04216
1.94166
3.92782
3.07432
3.05784
2.00981
3.40981
2.91631
2.81668
2.87658
2.82774
1.96959
2.36827
2.79761
2.4396
2.95997
2.39076
3.00918
2.30041
2.52124
3.09089
3.01766
2.67102
2.12258
2.1414
2.66385
2.34897
2.81589
2.69195
2.50986
2.39365
2.31352
2.63601
9.85564
9.73181
9.84475
9.79538
9.78195
9.83269
9.74339
9.67456
9.75363
9.70958
9.74237
9.69849
9.71804
9.69873
9.46093
9.565
9.54293
9.53506
9.51409
9.50137
9.49423
9.08544
9.14831
9.1413
9.17574
9.07513
9.12474
9.13635
-0.659682
-1.18581
-1.20751
-1.16106
-0.494133
-0.617033
-1.09447
-0.837376
-0.108189
-0.331964
-0.725358
-0.295858
-0.610313
-0.939304
-0.412413
-0.0833108
-0.221083
-0.213507
-0.224045
-0.175865
-0.470693
-0.182015
-0.184399
-0.329303
-0.0167909
-0.32621
0.00181509
-0.225216
-0.448914
-0.17893
-0.314178
-0.277976
-0.358589
-0.410263
-0.169914
-2.08804
-1.81363
-1.98032
-0.992603
-0.77241
-0.512522
-1.12115
-1.58828
-1.24586
-2.03668
-1.5738
-1.55845
-1.52891
-1.18256
-0.986785
-1.26353
-1.19368
-1.34013
-1.18017
-1.35988
-0.924623
-1.13265
-1.09972
-1.07429
-1.00326
-1.08779
-1.02414
-1.10259
-1.31339
-1.21784
-1.2224
-1.20016
-1.23621
-1.21227
-1.30188
-1.33863
-1.24565
-1.28095
-1.28924
-1.27207
-1.28714
-1.34701
-1.1132
-1.04901
-1.12158
-1.10512
-1.08516
-1.07555
-1.14467
9.32115
9.40363
9.34742
9.37345
9.35623
9.36916
9.32176
9.34693
9.35697
9.31861
9.38115
9.30501
9.37995
9.34602
-0.780629
-1.04382
-0.965114
-0.913069
-0.765907
-0.758343
-0.986661
-0.664923
-0.649672
-0.632642
-0.775838
-0.615075
-0.743027
-0.697617
-0.413251
-0.545044
-0.49451
-0.510189
-0.471147
-0.48236
-0.435387
-0.111849
-0.327667
-0.24425
-0.250851
-0.205825
-0.221377
-0.148028
0.0915136
-0.114721
0.0446728
-0.0863291
0.0687635
-0.0820335
0.0792143
0.117384
-0.0364621
0.155732
-0.0853476
0.142045
-0.102975
0.131629
-0.112897
-0.275251
-0.06389
-0.29484
-0.114318
-0.337636
-0.0641462
-0.607011
-0.705549
-0.515705
-0.731588
-0.571783
-0.773886
-0.545764
-1.04936
-1.0317
-0.91018
-1.12228
-0.938216
-1.11721
-1.03297
-1.07454
-0.993129
-0.973653
-1.14576
-0.948076
-1.0832
-1.12202
8.91543
8.98694
8.90772
8.9407
8.91771
8.97507
8.90444
0.00603483
-0.263552
-0.107588
-0.0594818
-0.0920984
0.044261
-0.25274
0.432086
0.280914
0.370189
0.172083
0.413697
0.197344
0.404222
0.799825
0.680567
0.765299
0.611137
0.810877
0.62036
0.789798
1.1415
1.04952
1.13358
0.980573
1.17264
0.997242
1.12574
1.29356
1.22057
1.3503
1.15837
1.35892
1.15083
1.29914
1.17629
1.07974
1.27487
1.04119
1.24633
1.00424
1.20759
0.797183
0.692657
0.926948
0.655353
0.874392
0.600694
0.84945
0.324863
0.249093
0.468356
0.184837
0.416139
0.142871
0.371092
0.000477777
-0.0654911
0.0878914
-0.11843
0.0549508
-0.124044
0.0152991
12.0071
11.9984
12.0074
12.0153
11.951
11.9461
11.9986
12.1373
12.0928
12.0431
12.1281
12.0408
12.044
12.0636
11.4431
11.5047
11.3972
11.3838
11.2437
11.3659
11.2377
11.2503
11.2526
11.429
11.5044
11.4261
11.3388
11.3377
11.3562
11.3202
11.6807
11.6387
11.1759
11.3298
11.1781
11.2399
11.1559
11.2176
11.2905
11.6341
11.6083
11.6905
11.5889
11.6646
11.6866
11.7165
11.4279
11.5036
11.4146
11.4032
11.379
11.3918
11.3883
11.2501
11.3848
11.2894
11.5083
11.5234
11.5145
11.5271
11.7278
11.7185
11.7076
11.7874
11.7018
11.7358
11.6739
11.817
11.8069
11.8221
11.9037
11.8138
11.8927
11.7989
11.2151
11.5354
11.2456
11.5415
11.5426
11.1721
11.5252
11.5793
10.976
10.9692
11.5863
10.9803
11.5785
11.5734
11.9653
11.9444
11.909
11.9478
11.9839
11.9378
11.9269
11.5608
10.9853
10.8579
11.5985
11.5955
10.9965
11.5745
11.1478
11.4996
11.4446
11.5172
10.9637
11.1346
11.5491
8.54187
11.1791
10.5486
10.8045
10.443
11.4126
11.0452
10.8551
11.3293
10.9613
11.5493
11.282
11.5884
11.333
11.3009
11.5625
11.3175
11.0407
10.8
10.9587
10.9499
10.9417
10.7833
11.0509
10.9329
11.1097
10.956
10.7272
11.1052
10.9121
10.7544
11.216
11.0133
11.1225
11.0135
11.0502
11.2082
11.054
11.4371
11.4133
11.4664
11.4535
11.4058
11.5136
11.4636
10.882
11.1182
10.9505
10.7105
10.6795
11.1213
10.9025
10.783
11.0474
10.8707
10.5
11.0675
10.7455
10.5447
11.3534
10.9325
10.8997
11.3997
11.3333
10.9855
11.4096
10.6681
11.021
10.775
10.4577
10.4035
10.9907
10.7082
10.4138
10.5645
10.4466
10.0366
10.654
10.354
10.1083
11.2422
11.2835
10.5473
10.354
11.2383
10.3708
11.3114
10.2148
10.4569
10.1603
9.96249
9.88638
10.3494
10.2819
9.86992
9.47963
9.50275
9.44437
9.64061
9.82459
9.50277
10.6588
10.8948
11.0029
10.9913
10.4582
10.8953
10.4748
9.73875
9.30232
9.01663
9.3784
9.33156
9.1306
9.77056
9.48154
8.3052
8.16802
9.03343
8.38299
9.42948
9.08235
10.2626
10.3467
10.3751
10.4796
10.4078
10.2648
10.2319
9.28359
8.24299
7.86872
8.95888
8.89851
8.21158
9.34284
8.10423
8.8481
7.74945
8.45161
8.1402
8.71423
8.54499
8.0592
7.74971
8.00805
8.42227
8.39519
8.28719
8.69449
7.22379
7.84323
7.60275
7.49103
7.80413
7.99469
7.80339
10.8297
10.7459
10.7569
10.6178
10.7087
10.5992
10.7093
10.2734
10.1474
10.2553
10.2298
10.1708
10.1147
10.2616
10.1265
10.1246
10.0465
9.95484
10.1515
10.0814
9.9998
10.4664
10.8108
10.6292
10.6355
10.4299
10.646
10.6657
9.99699
10.0893
9.93549
9.91931
9.86463
10.0571
10.0481
9.69981
9.74807
9.63933
9.43944
9.80888
9.61437
9.52727
10.1059
10.6487
10.3698
10.3146
10.0377
10.4133
10.3692
9.42505
9.67214
9.39373
9.33899
9.23826
9.59606
9.5217
8.3815
8.79645
8.94303
8.7826
9.06883
8.65393
8.54378
9.4523
10.1613
9.76992
9.73387
9.35349
9.8642
9.81713
8.27967
8.17215
7.98051
8.30813
8.7892
8.64488
8.47534
7.15935
6.37305
6.6387
7.18468
7.5397
7.72534
6.95428
8.62367
9.17151
8.76925
9.00142
8.53094
8.91117
9.07755
6.39209
6.03814
5.77215
6.45264
7.3015
7.09474
6.68138
5.31247
4.33884
4.51671
5.38826
5.92094
6.07926
5.23055
8.0179
7.74673
7.38444
8.53986
7.98439
7.56021
8.57124
4.19626
4.96796
5.76149
4.96711
4.07187
5.62042
5.09234
4.56239
4.89228
4.50106
3.73384
5.00147
4.52141
3.7621
7.55994
7.09892
6.63904
7.94591
7.5038
6.65364
8.02125
4.4593
4.76995
4.19939
3.71279
3.70233
4.65869
4.47943
4.36977
3.95647
3.63608
3.68768
4.0528
4.37131
3.68252
6.6398
6.57315
7.03598
6.76198
6.94708
6.549
7.20071
4.37507
3.85605
3.36168
3.67855
3.70918
3.77658
4.35353
3.59653
3.79863
4.23019
4.29276
3.14245
3.60642
3.80008
10.2095
10.1816
10.2238
10.108
10.1236
10.0937
10.1514
9.96625
9.84229
9.94436
9.90922
9.88721
9.82943
9.95383
9.87415
9.88659
9.83822
9.78664
9.89689
9.84646
9.81058
10.1468
10.0996
10.1283
10.036
10.0543
10.0042
10.0698
9.82015
9.87291
9.8043
9.78278
9.76189
9.8609
9.84521
9.71581
9.73268
9.70384
9.63309
9.7581
9.68485
9.66354
9.80624
9.94478
9.80177
9.8619
9.75743
9.84275
9.91008
9.61767
9.70157
9.61572
9.60165
9.56536
9.67055
9.65379
9.39585
9.37802
9.36697
9.29934
9.43334
9.34907
9.34611
9.25937
9.48005
9.23035
9.29638
9.16178
9.32288
9.38971
9.22705
9.30985
9.16937
9.23055
9.1743
9.244
9.28091
8.64134
8.80948
8.71995
8.72652
8.82279
8.69976
8.7506
8.05701
8.10557
7.87286
8.06756
8.53284
8.24634
8.28085
8.34908
8.53134
8.41217
8.46638
8.61615
8.50329
8.58889
7.92114
7.46927
7.42463
7.49996
7.59343
7.64112
7.78858
1.89965
3.58144
2.95495
2.80989
1.91571
2.98371
2.81498
-0.743004
-0.744885
-1.07692
-1.06887
-0.864734
-0.928977
-0.552816
-0.433074
-1.1267
-1.21261
-1.08999
-0.181023
-0.259771
-1.00501
2.24093
3.03244
2.52833
2.9661
2.30314
2.58783
2.93721
-1.18301
-0.883391
-0.0940306
-0.266473
-1.08612
0.00105621
-0.997106
-0.467015
0.345567
0.0236816
-0.654719
0.303479
-0.348713
-0.76515
3.05394
2.5663
2.50685
2.0969
2.60264
2.10495
3.08301
-0.16537
0.371181
0.135628
-0.582931
-0.477189
0.396351
-0.268819
0.179243
0.360501
0.164248
-0.064934
0.375328
0.24103
-0.133932
2.5477
2.84191
2.95552
2.72345
2.3227
2.6228
2.32842
0.324564
0.315515
0.103202
-0.0364076
0.00919674
0.300961
0.271426
0.489647
0.246744
0.0329343
0.252821
0.235395
0.495204
0.218826
1.2335
2.48084
2.07741
1.91641
2.18228
2.05331
1.99051
0.489536
0.278769
0.0878821
0.286789
0.302688
0.274237
0.543351
0.0361373
0.187506
0.212275
0.354943
0.0848691
0.135869
0.314256
-3.5712
-1.92992
-1.88847
-1.99495
-1.96529
-1.9186
-2.10772
-1.56459
-1.43377
-1.45415
-1.33432
-1.54404
-1.54748
-1.29474
-1.19568
-0.928775
-0.963609
-0.889103
-0.504729
-0.50525
-0.989875
-0.739023
-0.537692
-0.618927
-0.647911
-1.18862
-0.75808
-0.597518
-1.38588
-1.32831
-1.30782
-1.2359
-1.27477
-1.27924
-1.43171
-1.07888
-1.10242
-1.13412
-1.14515
-1.10011
-1.07596
-1.15853
-0.503274
-1.30651
-0.617287
-0.631112
-0.793562
-0.52129
-1.33443
-0.479996
-0.448596
-0.466808
-0.474201
-0.43444
-0.486563
-0.462374
-1.07543
-1.09772
-1.10561
-1.11386
-1.12657
-1.10406
-1.06117
-1.14176
-1.17172
-1.14298
-1.21354
-1.15966
-1.15777
-1.19636
-0.502238
-0.438331
-0.50312
-0.508729
-0.482872
-0.508797
-0.450593
-0.644907
-0.635303
-0.630505
-0.633512
-0.639113
-0.647214
-0.642316
-1.19278
-1.18804
-1.19252
-1.22855
-1.24204
-1.19809
-1.1781
-1.25031
-1.23052
-1.24668
-1.28847
-1.22956
-1.25249
-1.28507
-0.68963
-0.705537
-0.708204
-0.709331
-0.703496
-0.691527
-0.709564
-0.872851
-0.863882
-0.85635
-0.854335
-0.882461
-0.870259
-0.861995
-1.2445
-1.22923
-1.23894
-1.2791
-1.27566
-1.22805
-1.24879
-1.1417
-1.10254
-1.14188
-1.13395
-1.13358
-1.11403
-1.15961
-0.890202
-0.919367
-0.902812
-0.899342
-0.891837
-0.887295
-0.913768
-0.853783
-0.864312
-0.867817
-0.863067
-0.868234
-0.848938
-0.855619
-1.03331
-1.05495
-1.02638
-1.08375
-1.04919
-1.01444
-1.06835
-0.599244
-0.690383
-0.676847
-0.709805
-0.712793
-0.684504
-0.746926
-0.801831
-0.802684
-0.774638
-0.770076
-0.788005
-0.797217
-0.793743
-0.354048
-0.291653
-0.365728
-0.290166
-0.359508
-0.358164
-0.363526
9.85545
9.79825
9.72673
9.52433
9.43389
9.49349
9.73141
9.79062
9.72363
9.75447
9.70931
9.7327
9.77826
9.49611
9.52136
9.46325
9.44325
9.44267
9.51857
9.49855
9.47269
9.47205
9.42842
9.44121
9.48041
9.47182
9.44227
9.55829
9.65069
9.57566
9.57025
9.52888
9.60028
9.59998
9.44578
9.4593
9.39665
9.42761
9.4176
9.44934
9.45601
9.30662
9.34434
9.35754
9.311
9.37263
9.32796
9.32245
9.24141
9.32677
9.21238
9.2402
9.20009
9.26851
9.28349
9.24038
9.27313
9.25512
9.27621
9.33479
9.31909
9.29422
9.05655
9.05191
9.07572
9.12597
9.16846
9.22306
9.10681
8.55438
8.66923
8.60893
8.71107
8.77102
8.6255
8.76953
8.82852
9.01979
8.97936
9.05664
9.16466
9.15961
9.06598
9.10757
8.35116
8.7901
8.77707
8.86249
8.85296
9.01374
-1.05762
-0.250172
-0.368283
-0.77756
-0.94868
-0.416573
-0.909481
-1.02095
-1.08998
-1.23144
-1.26063
-1.20296
-1.24215
-1.04469
-1.03292
-1.33252
-1.29885
-1.31353
-0.99423
-1.01507
-1.33906
-0.563017
-0.0425085
-0.20857
-0.257391
-0.502518
-0.211971
-0.317137
-0.92928
-1.26123
-1.26057
-1.26831
-0.945409
-0.935879
-1.29144
-0.7822
-0.984752
-1.05111
-1.02507
-0.720764
-0.747321
-0.954206
-0.278357
-0.181091
-0.312647
-0.0200804
-0.242005
-0.304846
-0.0445845
-0.968015
-0.875401
-0.705558
-0.714718
-0.900088
-0.685273
-0.938292
-0.762361
-0.648563
-0.662333
-0.726383
-0.65061
-0.729341
-0.76663
-0.172065
-0.0911516
-0.230172
-0.338463
-0.170648
-0.307487
-0.0636055
-0.694711
-0.651536
-0.644106
-0.717208
-0.682698
-0.65003
-0.72087
-0.581026
-0.651579
-0.634947
-0.568271
-0.660446
-0.560986
-0.586227
-1.38846
-1.38005
-1.12683
-0.859734
-0.727482
-0.91443
-0.6958
-0.523177
-0.639223
-0.589714
-0.541255
-0.517507
-0.624389
-0.540381
-0.479591
-0.556577
-0.478984
-0.360949
-0.557378
-0.454686
-0.398082
-3.24515
-2.02538
-2.42662
-1.19594
-1.66146
-1.29424
-1.86584
-0.417564
-0.578221
-0.44454
-0.335746
-0.302717
-0.583512
-0.440349
-0.325109
-0.599105
-0.374324
-0.181026
-0.604812
-0.327863
-0.19317
-0.964851
-1.44514
-1.25199
-1.41395
-1.00559
-1.29273
-1.36407
-0.309764
-0.566579
-0.310481
-0.165018
-0.158393
-0.553843
-0.301105
-0.336252
-0.41462
-0.204536
-0.159543
-0.417613
-0.361477
-0.149851
-1.45113
-1.29938
-0.0533797
-0.0494637
-1.44957
-0.194971
0.0959284
-1.4719
-0.0385556
-0.853825
-0.252641
-1.64974
-0.382055
0.113354
-1.08363
-1.06796
-1.06961
-0.992632
-1.10474
-1.0673
-0.984811
-0.399267
-0.397861
-0.209723
-0.167445
-0.179374
-0.404706
-0.375299
-0.51444
-0.498594
-0.300702
-0.311063
-0.466702
-0.536592
-0.280446
0.204564
-1.14259
-0.315774
-0.669318
0.00953691
-0.751974
-1.01325
-0.218086
-0.616313
-0.457788
-0.111472
-0.298301
-0.363768
-0.299704
-1.26044
-1.17294
-1.20103
-1.16674
-1.28573
-1.18746
-1.14857
-0.602109
-0.529458
-0.421013
-0.354183
-0.392841
-0.568612
-0.577167
-0.854628
-0.851076
-0.685785
-0.743058
-0.806936
-0.869685
-0.699915
-0.479078
-0.341584
-0.646968
-0.0572212
-0.642319
-0.258436
-0.246313
-0.552935
-0.541518
-0.743493
-0.541927
-0.708527
-0.672716
-0.385713
-1.36094
-1.23455
-1.28566
-1.28835
-1.36096
-1.28699
-1.28605
-0.966629
-0.908005
-0.84788
-0.838795
-0.874213
-0.94769
-0.96233
-1.24097
-1.1748
-1.08687
-1.20051
-1.15831
-1.20338
-1.20689
-0.732656
-0.900271
-0.809894
-0.647775
-0.867296
-0.817418
-0.755946
-0.809908
-0.997726
-0.990704
-0.932539
-0.940286
-1.06205
-0.852936
-1.21451
-1.17192
-1.16605
-1.1568
-1.19587
-1.19015
-1.18175
-1.2477
-1.20893
-1.16252
-1.28789
-1.26394
-1.21342
-1.30071
-1.31435
-1.15866
-1.16884
-1.26146
-1.19543
-1.21728
-1.33486
-0.953143
-1.14947
-1.03537
-1.00212
-1.0557
-1.11615
-1.04598
-0.962629
-1.14671
-1.02423
-1.06402
-1.05023
-1.13807
-1.07058
-0.711812
-0.71473
-0.756551
-0.80655
-0.707863
-0.774435
-0.760352
-1.14475
-1.13059
-1.07193
-1.27716
-1.18921
-1.0848
-1.24802
-0.722689
-0.804458
-0.767947
-0.889532
-0.799249
-0.800846
-0.909323
-0.814839
-1.01773
-0.956297
-1.02284
-0.88223
-1.06569
-0.961703
-0.63221
-0.703516
-0.762914
-0.80638
-0.863669
-0.75066
-0.844186
9.34138
9.36815
9.31193
9.04546
8.96911
9.02047
9.34023
9.38468
9.33056
9.39016
9.35155
9.34016
9.38141
9.05762
9.0704
9.01885
8.99413
9.01594
9.0862
9.0365
9.08988
9.1442
9.15543
9.07321
9.15301
9.14053
9.09261
9.1961
9.29577
9.27926
9.28947
9.29564
9.21762
9.3044
9.03981
9.106
9.10833
9.16575
9.1734
9.17846
9.15625
9.49733
8.87426
9.12102
9.27089
9.09018
9.20452
9.26456
-0.758603
-0.686978
-0.649114
-0.796011
-0.716666
-0.664323
-0.834115
-0.748884
-0.47039
-0.753715
-0.730297
-0.839108
-0.852171
-0.601801
-0.307256
-0.382007
-0.415414
-0.643263
-0.40218
-0.431265
-0.598575
-0.503586
-0.597111
-0.51467
-0.557842
-0.479172
-0.537119
-0.579477
-0.288729
-0.45135
-0.353993
-0.191166
-0.248528
-0.317928
-0.502057
-0.175813
-0.0573734
0.0327363
0.0514763
-0.101917
-0.159785
0.033525
-0.227982
-0.405062
-0.276443
-0.283638
-0.188362
-0.315736
-0.316711
-0.0520279
-0.00777812
0.170378
0.141308
0.160888
0.0377533
-0.0690364
0.266607
0.322064
0.405481
0.458706
0.273099
0.279678
0.452154
0.0358183
-0.191777
0.00722416
-0.105853
0.0531829
-0.0230555
-0.114752
0.395236
0.371317
0.551681
0.535815
0.546902
0.419856
0.368845
0.658478
0.71822
0.792947
0.803261
0.673625
0.680629
0.779722
0.140146
-0.0222457
0.155591
-0.0804554
0.132232
0.158958
-0.0669914
0.753001
0.760865
0.921171
0.856661
0.879351
0.798413
0.734592
0.868306
0.927505
1.05029
1.01944
0.918808
0.865781
1.01713
0.0140709
-0.145624
-0.0206303
-0.253765
-0.0249921
0.0216017
-0.217168
0.864049
0.92995
1.06904
1.02994
1.02407
0.928413
0.874641
0.776409
0.807505
0.995921
0.92472
0.838657
0.741204
0.954266
-0.408007
-0.542939
-0.455148
-0.660424
-0.471671
-0.396763
-0.612418
0.661563
0.768505
0.896601
0.890816
0.853364
0.729056
0.704399
0.394456
0.421317
0.653195
0.546771
0.4752
0.33714
0.601359
-0.934871
-0.943064
-0.869947
-1.05807
-0.966886
-0.831652
-1.04818
0.213602
0.361652
0.485915
0.481326
0.424751
0.306574
0.271274
-0.0951681
-0.0229316
0.195725
0.0568717
0.0252858
-0.140063
0.106458
-1.1504
-1.06461
-0.987818
-1.13596
-1.11784
-0.999328
-1.18494
-0.235747
-0.0738404
0.0429622
-0.00818321
-0.0503848
-0.116753
-0.200097
-0.405309
-0.313042
-0.161052
-0.270887
-0.293002
-0.407278
-0.258743
-0.659003
-0.741873
-0.747619
-0.827798
-0.745478
-0.728346
-0.83225
-0.419698
-0.333031
-0.234075
-0.30127
-0.302059
-0.344039
-0.429609
-0.336136
-0.250523
-0.316861
-0.36098
-0.287179
-0.35528
-0.284868
8.86936
8.9121
8.87276
8.96377
9.08566
9.01227
9.0126
9.09573
8.95775
9.09112
0.276215
0.140391
0.323287
0.0635983
0.302867
0.281743
0.0215787
0.693514
0.530894
0.714367
0.519605
0.703504
0.666694
0.511442
1.04833
0.921452
1.08936
0.918955
1.06555
1.04471
0.899445
1.28356
1.1915
1.33785
1.13987
1.28331
1.3194
1.13856
1.25696
1.16692
1.30306
1.06929
1.23278
1.32282
1.09902
0.958854
0.853245
0.983443
0.716672
0.909679
1.03209
0.769529
0.488793
0.406184
0.527978
0.247534
0.437887
0.582399
0.295973
0.0812934
0.0271736
0.12961
-0.0845136
0.0571048
0.16831
-0.0687662
-0.100297
-0.121781
-0.049938
-0.0661657
-0.169266
-0.0900613
-0.147689
11.712
11.6984
11.644
11.7333
11.7568
11.7755
11.663
11.8158
11.8225
11.8292
11.9012
11.8135
11.8916
11.7991
11.5293
11.1734
11.5145
11.5019
11.2107
11.5152
11.1241
11.5748
11.5839
10.9801
10.9344
11.5741
11.5797
10.978
11.8593
11.8755
11.8414
11.9164
11.8431
11.8546
11.9335
11.9179
11.9664
11.9408
11.9325
11.9471
11.9762
11.9324
11.5606
11.587
10.9884
10.8571
11.5698
11.5735
11.0004
11.4849
11.1526
11.4878
11.5168
10.9461
11.5156
11.1355
11.2424
11.3736
11.2874
11.2494
11.2179
11.2353
11.3509
11.3167
11.5344
11.3103
11.2876
11.5837
11.2942
11.5641
10.7901
11.0421
10.9682
10.9555
10.9436
10.7799
11.054
10.941
10.7333
11.1052
10.9619
10.923
10.7525
11.1008
11.3475
11.5352
11.3517
11.3298
11.6101
11.6089
11.3268
11.4313
11.4006
11.4482
11.4044
11.4329
11.3929
11.4846
10.8878
10.7249
11.108
10.9446
10.9115
10.6955
11.1115
10.7725
10.4934
11.0484
10.8735
10.7383
10.5369
11.0707
11.4494
11.3813
11.2371
11.381
11.3176
11.441
11.3921
11.3294
11.4153
10.8875
10.8629
11.4097
11.322
10.9424
10.6588
10.4491
11.0189
10.7774
10.6993
10.3977
10.9846
10.4001
10.0274
10.5513
10.4399
10.3418
10.096
10.6408
11.3107
11.4127
10.6728
10.7758
10.6938
11.4105
11.313
11.2791
11.2496
10.5642
10.3719
11.3091
11.2137
10.3843
10.2089
9.95014
10.4434
10.1518
10.2687
9.87956
10.3367
9.84888
9.42195
9.48385
9.49698
9.79984
9.48377
9.63809
11.2529
10.6348
11.2111
11.1442
10.3746
10.3893
11.1838
10.8889
10.6823
10.9771
10.9876
10.4844
10.8821
10.4928
9.68855
9.35032
9.31216
9.02413
9.73223
9.29712
9.14947
9.42587
8.997
8.26882
8.15062
9.33599
9.04686
8.36049
10.8494
10.6068
10.7311
10.7624
10.5074
10.4593
10.8984
10.3671
10.2749
10.366
10.4701
10.2605
10.4115
10.2578
9.15744
8.94462
8.21607
7.84858
9.28524
8.86982
8.16747
8.44192
8.0906
8.62903
8.80257
7.79273
8.59256
8.12774
10.7311
10.778
10.6882
10.7338
10.6024
10.593
10.6899
10.7631
10.8323
10.7762
10.5908
10.7174
10.5779
10.7237
10.1367
10.2827
10.2557
10.2266
10.1755
10.1131
10.2706
10.1178
9.94176
10.1394
10.0516
10.0736
9.99046
10.1657
10.7664
10.5586
10.8296
10.718
10.7075
10.7487
10.5751
10.4653
10.6324
10.8165
10.6366
10.663
10.4254
10.6515
9.99086
9.907
10.1055
9.94604
10.0414
9.85141
10.0712
9.68565
9.43364
9.75606
9.65644
9.60469
9.51936
9.81703
10.3571
10.6144
10.7779
10.614
10.5922
10.5817
10.4023
10.1055
10.3089
10.6508
10.3755
10.3627
10.0391
10.4174
9.4252
9.33653
9.67808
9.41016
9.51753
9.23692
9.60412
8.3943
8.81421
8.95377
8.78861
8.66882
8.55934
9.07575
9.89384
10.2485
10.5278
10.3201
10.2693
10.1879
9.96859
9.44847
9.73246
10.1621
9.77346
9.81194
9.35084
9.86936
8.18346
8.30192
7.98735
8.31808
8.80623
8.487
8.66708
6.38974
7.2003
6.65257
7.20347
7.58088
6.97669
7.76395
9.14695
9.63853
9.85585
9.66112
9.55459
9.55455
9.24811
8.61827
8.99432
9.17328
8.7658
9.07198
8.52413
8.90731
6.06058
6.44131
5.79807
6.48594
7.34558
6.71298
7.13944
4.37981
5.35588
4.55662
5.43686
5.9652
5.27756
6.1227
8.34422
8.9006
8.67344
8.60396
8.44769
8.8329
8.42408
7.98428
8.47318
7.73353
7.35622
8.51317
7.94625
7.53722
4.23376
5.01167
5.80598
5.01568
5.13737
4.11051
5.66918
4.59665
3.77273
4.93174
4.55597
4.5357
3.80548
5.05192
7.85282
8.40219
7.29441
7.1695
7.01099
8.33069
7.88715
7.81611
7.6102
7.04928
6.62542
7.9673
7.49347
6.64524
4.45061
3.75359
4.80169
4.2533
4.48553
3.74002
4.67643
4.36012
3.69556
3.89485
3.61266
4.36143
3.68354
4.00247
7.81014
7.01464
7.65167
7.35241
6.63394
6.62573
7.47912
7.02054
6.66603
6.59728
7.21033
6.76939
6.95508
6.57459
4.35679
3.68418
3.78143
3.27518
4.34032
3.71183
3.68358
3.71955
3.57343
4.23981
4.30413
3.08385
3.73321
3.56825
10.1749
10.2314
10.1959
10.1795
10.1337
10.1284
10.2273
10.1878
10.2202
10.2221
10.0917
10.1296
10.0766
10.1612
9.84886
9.97205
9.96226
9.94667
9.89121
9.81636
9.95773
9.9216
9.7976
9.88792
9.84292
9.89112
9.81436
9.90519
10.1994
10.2052
10.178
10.0734
10.1453
10.1308
10.0853
10.1149
10.1553
10.1424
10.0396
10.054
10.0123
10.0718
9.85977
9.79501
9.87576
9.7981
9.89174
9.77969
9.85862
9.73872
9.641
9.72782
9.69374
9.70713
9.67536
9.75136
10.1101
9.97342
10.0997
10.0352
10.0135
10.0817
10.0011
9.80078
9.85218
9.95741
9.81419
9.90419
9.74263
9.8524
9.63856
9.60575
9.69619
9.604
9.67306
9.56728
9.66845
9.42204
9.32345
9.36585
9.35531
9.37904
9.36482
9.42328
9.62656
9.80656
9.82778
9.76251
9.71208
9.74522
9.6877
9.23675
9.27595
9.50383
9.26768
9.36479
9.14138
9.35711
9.25321
9.25707
9.29813
9.14969
9.31039
9.20151
9.23292
8.6688
8.805
8.73886
8.70538
8.71427
8.76337
8.82661
8.90886
9.16541
9.2317
9.15639
9.04755
9.06044
9.02103
8.12178
8.07678
7.87958
8.07187
8.54905
8.29817
8.26558
8.53142
8.34772
8.43654
8.47836
8.63205
8.5804
8.5324
7.43398
7.94949
7.47372
7.52783
7.59496
7.66512
7.80885
3.2427
3.15075
2.07038
1.98671
3.99868
3.13189
3.12139
1.96183
2.85926
3.66223
3.02313
2.87513
1.98316
3.05736
-1.04968
-0.728332
-0.733769
-0.84034
-1.04181
-0.898964
-0.540054
-1.07998
-0.420208
-1.17154
-1.04974
-0.164897
-0.96806
-0.242556
2.07478
2.86168
3.47683
2.9897
2.94894
2.87563
2.02771
2.27573
2.9846
3.02182
2.52731
2.94084
2.31114
2.6068
-1.12529
-0.85008
-0.0760926
-0.25901
-0.950111
-1.05427
0.0106761
-0.421649
-0.62734
0.377967
0.0553009
-0.301551
-0.748874
0.341486
2.38856
2.98738
2.75099
2.44474
2.36843
3.02486
2.34057
3.11522
2.54411
2.49044
2.08109
3.10855
2.56596
2.07769
-0.125877
-0.566283
0.408034
0.166398
-0.2288
-0.456677
0.428891
0.2092
-0.0430158
0.398893
0.200038
0.260921
-0.114964
0.417683
3.10744
2.54824
3.11623
2.60604
2.1032
2.13798
2.58339
2.89067
2.5564
2.94589
2.66071
2.30817
2.6049
2.3012
0.348595
-0.0144651
0.364297
0.149461
0.286214
0.031091
0.353837
0.504334
0.249914
0.273052
0.0585667
0.511228
0.221908
0.265818
2.77733
2.3377
2.66506
2.49129
2.37964
2.30259
2.61412
2.06802
1.21999
2.47112
2.17142
1.90287
2.03671
1.9799
0.527191
0.274049
0.301222
0.0880038
0.564319
0.278531
0.298924
0.178199
0.0621275
0.265917
0.377938
0.0806576
0.247158
0.160738
9.84217
9.79718
9.75796
9.43068
9.52304
9.49504
9.84697
9.75025
9.8533
9.79006
9.78531
9.83113
9.77168
9.72664
9.77204
9.80161
9.73081
9.79675
9.70547
9.74064
9.49572
9.44125
9.52035
9.46184
9.49908
9.43968
9.5184
9.45319
9.40282
9.49044
9.45293
9.44888
9.41006
9.49757
9.67853
9.76561
9.75202
9.71347
9.69787
9.74085
9.69764
9.56861
9.58451
9.63987
9.56008
9.61684
9.53584
9.5847
9.43861
9.38999
9.47638
9.42204
9.43948
9.3958
9.46576
9.30912
9.35985
9.34257
9.32573
9.35205
9.33293
9.3759
9.45985
9.54644
9.56248
9.5314
9.50229
9.50448
9.4973
9.24508
9.25913
9.3223
9.20401
9.29701
9.20788
9.264
9.29437
9.23313
9.26271
9.30216
9.32331
9.33291
9.28952
9.08695
9.03075
9.12478
9.16559
9.13284
9.14333
9.18196
9.10302
9.20303
9.12842
9.1316
9.05874
9.16106
9.14956
8.69392
8.53888
8.65386
8.73801
8.76065
8.77679
8.60539
9.04593
8.81296
8.99749
9.08026
9.13703
9.10026
9.14202
8.79031
9.09615
8.34373
8.7782
8.86464
8.85496
9.00246
-1.16392
-0.636357
-1.17256
-1.13555
-0.45583
-0.594506
-1.09119
-1.05778
-0.725071
-0.208759
-0.36155
-0.851182
-0.946765
-0.412495
-1.21456
-1.00967
-1.07942
-1.18514
-1.2432
-1.225
-1.03238
-1.31
-1.01707
-1.28696
-1.31272
-0.974307
-1.33041
-0.997524
-0.825044
-0.700133
-0.0792191
-0.31891
-0.277918
-0.585453
-0.933051
-0.544103
-0.240814
-0.0066663
-0.168985
-0.303517
-0.476173
-0.176502
-1.24706
-0.916519
-1.22283
-1.24544
-0.924626
-1.28859
-0.917947
-0.941359
-0.753286
-0.993123
-1.06381
-0.706442
-0.974234
-0.734398
-0.386441
-0.200284
-0.039188
-0.18106
-0.175812
-0.162692
-0.448811
-0.270721
-0.0110008
-0.149446
-0.274127
-0.0347732
-0.232745
-0.271666
-0.925742
-0.885296
-0.686687
-0.690937
-0.965805
-0.876175
-0.664243
-0.72088
-0.677831
-0.628007
-0.644488
-0.685381
-0.712691
-0.631785
-0.179665
-0.00751399
-0.143506
-0.281794
-0.277574
0.000406979
-0.218546
-0.177763
-0.0662739
-0.22447
-0.327781
-0.0656613
-0.162729
-0.294776
-0.65945
-0.674238
-0.632994
-0.622971
-0.680638
-0.643791
-0.628301
-0.570037
-0.553799
-0.634947
-0.614646
-0.55459
-0.566941
-0.641866
-0.179679
-0.441224
-0.317257
-0.273468
-0.348947
-0.401107
-0.162056
-1.37198
-1.37773
-1.12159
-0.853645
-0.716012
-0.906782
-0.685206
-0.521302
-0.528686
-0.624565
-0.574662
-0.535469
-0.509851
-0.612282
-0.48092
-0.360627
-0.552189
-0.473686
-0.457169
-0.396141
-0.552078
-1.80308
-2.07201
-1.96651
-0.981547
-0.759164
-0.49828
-1.11169
-2.00007
-3.2149
-2.40138
-1.17876
-1.63828
-1.27605
-1.84096
-0.419729
-0.334947
-0.573786
-0.441195
-0.441903
-0.302922
-0.579444
-0.324238
-0.180273
-0.593689
-0.370961
-0.326683
-0.192425
-0.599864
-1.56527
-2.00747
-1.50584
-1.22752
-1.55148
-1.53718
-1.16518
-1.39532
-1.42122
-1.34636
-0.946522
-1.23227
-0.986178
-1.27258
-0.307412
-0.163892
-0.560887
-0.306583
-0.29915
-0.157006
-0.547924
-0.331406
-0.156505
-0.408318
-0.200144
-0.356377
-0.147131
-0.411205
-1.32371
-1.2427
-1.33647
-0.967994
-1.17494
-1.16188
-0.905272
-0.975833
-1.05217
-0.966943
-1.06577
-1.0533
-1.08651
-1.05053
-0.393662
-0.164275
-0.39158
-0.20545
-0.36979
-0.175966
-0.398592
-0.508329
-0.307138
-0.493102
-0.296622
-0.530795
-0.276582
-0.461122
-0.986237
-1.08466
-1.00904
-1.11608
-1.05857
-1.07274
-1.08387
-1.15274
-1.15839
-1.13429
-1.2458
-1.18731
-1.27133
-1.17321
-0.596386
-0.350013
-0.523943
-0.416872
-0.571026
-0.388736
-0.563118
-0.849031
-0.739016
-0.845988
-0.681874
-0.864311
-0.695792
-0.801687
-1.1862
-1.20543
-1.19858
-1.29958
-1.2095
-1.22398
-1.28771
-1.27916
-1.22547
-1.27592
-1.35
-1.27845
-1.35044
-1.27875
-0.961504
-0.834513
-0.903158
-0.844426
-0.956597
-0.870323
-0.943045
-1.23714
-1.19842
-1.17267
-1.08504
-1.20016
-1.20441
-1.15574
-1.2809
-1.23968
-1.27947
-1.32945
-1.27483
-1.26676
-1.33721
-1.15254
-1.16931
-1.17705
-1.20923
-1.16367
-1.19073
-1.18751
-1.24543
-1.28594
-1.20742
-1.16193
-1.29751
-1.26275
-1.21234
-1.31457
-1.26293
-1.16062
-1.1703
-1.21823
-1.33605
-1.19707
-1.10142
-1.04766
-1.07241
-1.10951
-1.11991
-1.08367
-1.14098
-0.71368
-0.708029
-0.711657
-0.759422
-0.75552
-0.805729
-0.774737
-1.14665
-1.27854
-1.13236
-1.07412
-1.24893
-1.19117
-1.0867
-0.807209
-0.725533
-0.770882
-0.892014
-0.801814
-0.911915
-0.803628
9.36921
9.33868
9.31095
8.95064
9.05335
8.99465
9.32176
9.37401
9.40131
9.34519
9.35239
9.36933
9.32157
9.33022
9.35066
9.40348
9.34951
9.35671
9.32521
9.34989
9.0529
8.96376
9.06659
9.03495
9.01407
8.99016
9.08131
9.08238
9.15221
9.1553
9.07247
9.1454
9.08552
9.15495
9.29751
9.32787
9.39641
9.35157
9.34959
9.32772
9.30619
9.29445
9.22109
9.24408
9.26139
9.31358
9.32195
9.24584
9.10131
9.04623
9.09646
9.16152
9.17685
9.1682
9.17699
9.12282
9.49765
8.8781
9.26731
9.0951
9.20528
9.26044
-1.01524
-0.75712
-0.90541
-0.86447
-0.747897
-0.734119
-0.966445
-0.709771
-0.752158
-0.669896
-0.628057
-0.784349
-0.670073
-0.64256
-0.698329
-0.716476
-0.455765
-0.804247
-0.72146
-0.812177
-0.574941
-0.317942
-0.289657
-0.38059
-0.663526
-0.398226
-0.616868
-0.422925
-0.625017
-0.738837
-0.630752
-0.61188
-0.59463
-0.709174
-0.656702
-0.482392
-0.55255
-0.580005
-0.497513
-0.565126
-0.464588
-0.520837
-0.251354
-0.517738
-0.351336
-0.17416
-0.575887
-0.187439
-0.315453
-0.175528
0.0739735
-0.0535575
0.0419513
-0.150264
0.062518
-0.0960215
-0.410744
-0.507539
-0.532125
-0.477678
-0.452451
-0.479358
-0.42994
-0.226809
-0.287769
-0.400966
-0.273244
-0.318994
-0.18962
-0.31106
-0.0444493
0.156828
-0.00380769
0.176268
-0.061484
0.17381
0.0416918
0.268494
0.463228
0.324767
0.408313
0.280609
0.455053
0.275857
-0.114002
-0.254301
-0.326022
-0.241874
-0.204266
-0.225948
-0.148688
0.0339176
-0.108746
-0.19055
0.0077324
-0.117611
0.050896
-0.0225643
0.3952
0.538512
0.373408
0.554277
0.368952
0.552908
0.42241
0.648577
0.809955
0.715798
0.793434
0.67086
0.789457
0.671066
0.0895793
-0.0885008
-0.112997
0.0453171
0.0694607
-0.0840053
0.0773962
0.139377
-0.0798097
-0.0198191
0.156866
-0.066614
0.131514
0.160241
0.744427
0.861231
0.758139
0.918983
0.726292
0.878927
0.795696
0.861612
1.01441
0.924926
1.04761
0.85894
1.01261
0.916072
0.116973
-0.0843533
-0.0340234
0.157081
0.143294
-0.101785
0.131146
0.0141214
-0.251991
-0.14333
-0.0193798
-0.215482
-0.0248234
0.0228799
0.857715
1.02519
0.927314
1.06647
0.868354
1.01904
0.925907
0.771208
0.920051
0.805131
0.993328
0.736081
0.94966
0.836191
-0.112556
-0.292905
-0.272919
-0.0625677
-0.113019
-0.335804
-0.0637596
-0.407752
-0.658883
-0.540898
-0.454188
-0.610872
-0.471387
-0.395693
0.656678
0.886353
0.766018
0.894008
0.69949
0.848811
0.72663
0.389527
0.542031
0.418404
0.65016
0.332261
0.596622
0.472314
-0.60692
-0.729864
-0.703958
-0.514837
-0.571113
-0.772512
-0.545327
-0.936224
-1.05848
-0.943083
-0.870919
-1.04833
-0.968407
-0.83235
0.208565
0.476615
0.358533
0.482616
0.266387
0.419848
0.303403
-0.1011
0.0512327
-0.0271427
0.19165
-0.145979
0.10084
0.0212838
-1.05154
-1.12277
-1.03287
-0.911461
-0.939806
-1.1183
-1.03452
-1.15448
-1.13948
-1.0678
-0.991218
-1.18824
-1.12193
-1.00257
-0.241923
-0.013775
-0.0781665
0.0384967
-0.206001
-0.056279
-0.121229
-0.412038
-0.277149
-0.318135
-0.165919
-0.413904
-0.265055
-0.298064
-1.079
-1.14934
-0.996871
-0.977154
-0.951683
-1.0872
-1.12608
-0.745945
-0.662115
-0.751566
-0.832026
-0.748908
-0.836402
-0.731489
-0.426179
-0.307234
-0.338114
-0.238896
-0.436023
-0.308141
-0.349073
-0.255349
-0.340032
-0.322174
-0.366671
-0.291156
-0.290062
-0.359405
8.912
8.8599
8.87993
8.92979
8.93011
8.99814
8.89447
8.91007
8.95394
8.91395
9.09798
8.95483
8.99917
8.9976
9.10291
9.09889
8.95433
-0.337817
0.0101087
-0.0858277
-0.0281086
-0.0948027
0.0493125
-0.293765
0.28416
0.0672122
0.142458
0.32607
0.0187427
0.311011
0.284793
0.436205
0.175124
0.283537
0.37262
0.415814
0.203169
0.408081
0.693463
0.524265
0.532952
0.714807
0.514358
0.704854
0.667121
0.802479
0.613398
0.682431
0.765395
0.810963
0.622569
0.790023
1.04387
0.914303
0.920093
1.0866
0.898738
1.05821
1.04263
1.13573
0.975909
1.0473
1.13042
1.16923
0.991431
1.12013
1.27877
1.1338
1.18846
1.33469
1.1328
1.27893
1.31615
1.28895
1.15259
1.21758
1.3471
1.35582
1.14478
1.29472
1.25257
1.06379
1.16397
1.30005
1.09364
1.22817
1.31977
1.17174
1.03603
1.0768
1.27183
1.24331
0.998958
1.20325
0.954373
0.711559
0.849978
0.980109
0.764484
0.905071
1.02879
0.792493
0.650311
0.689146
0.923491
0.870882
0.595494
0.844937
0.483718
0.24187
0.402019
0.523806
0.290377
0.432682
0.578345
0.31957
0.179216
0.244607
0.464112
0.4118
0.137065
0.366006
0.0758368
-0.0904859
0.0223919
0.125003
-0.074757
0.0516619
0.163743
-0.00478313
-0.124179
-0.0702225
0.0833705
0.0504667
-0.129838
0.0101377
-0.126247
-0.103794
-0.0540236
-0.0704868
-0.173152
-0.152475
-0.0937136
12.1842
12.2026
12.1239
12.2002
12.1219
12.1282
12.1319
12.1766
12.1586
12.1055
12.1896
12.0901
12.1046
12.118
12.2071
12.1866
12.1972
12.1125
12.127
12.1275
12.1191
12.187
12.1071
12.1777
12.1947
12.098
12.1999
12.0868
11.5071
11.5093
11.5786
11.4992
11.5623
11.5471
11.5689
11.2892
11.3455
11.3597
11.5157
11.4791
11.4917
11.5008
11.3758
11.3286
11.3455
11.5261
11.5461
11.5426
11.5328
11.4229
11.6537
11.4683
11.422
11.6918
11.3409
11.7438
11.7341
11.754
11.7537
11.8185
11.7201
11.6971
11.8174
11.466
11.6535
11.4162
11.6839
11.4925
11.6502
11.704
11.6898
11.5457
11.455
11.7534
11.5228
11.6827
11.7401
11.8977
11.9618
11.8901
11.8576
11.8834
11.8792
11.9359
11.7323
11.6752
11.6522
11.8495
11.6885
11.7608
11.8364
11.7755
11.7243
11.8418
11.6806
11.7147
11.7373
11.8743
11.4108
11.2321
11.4451
11.2735
11.3773
11.2613
11.2516
11.2848
11.1426
11.2184
11.2266
11.2787
11.337
11.1342
11.2427
11.4116
11.3098
11.1417
11.3608
11.2401
11.1557
11.5546
11.369
11.5994
11.4057
11.6236
11.4051
11.3734
11.3024
11.5549
11.5056
11.201
11.576
11.2955
11.1999
11.3228
11.5974
11.2102
11.519
11.5937
11.3161
11.2136
11.3938
11.2164
11.2222
11.4514
11.292
11.4555
11.3876
11.3124
11.4325
11.3841
11.1896
11.3746
11.3267
11.1747
11.2906
11.1317
11.235
11.3185
11.3069
11.2736
11.1546
11.3168
10.6245
10.5478
11.3863
10.6351
11.3987
11.3164
11.1103
10.7715
10.6843
10.9755
10.6679
11.1292
10.9522
11.0777
10.8972
10.4449
10.5664
10.5565
11.0611
10.9183
10.6428
11.0872
11.1882
11.1629
10.4323
10.4147
11.0787
10.885
9.96809
9.76314
10.7911
9.93555
10.9531
10.7509
10.8628
9.9339
10.6426
9.71164
9.93283
10.7739
10.7111
10.5169
10.6369
10.7702
10.752
10.3972
10.4068
10.5985
10.4094
9.97997
9.69106
10.3956
9.95903
10.5253
10.3058
10.3943
9.8993
10.1693
9.68534
9.93527
10.2053
10.278
10.6235
10.2685
10.0105
9.92334
10.1401
10.2377
9.83767
9.58176
9.41271
9.39047
9.71662
9.76898
9.87367
9.58711
8.74317
9.57945
9.4246
9.64165
9.34445
9.63126
9.49581
10.0784
10.5554
10.7234
10.087
10.7765
10.0002
10.0563
10.7977
10.7473
10.7557
10.6096
10.6942
10.7116
10.6163
10.6078
10.4563
10.5808
10.559
10.5174
10.6255
10.4424
10.5814
10.6198
10.5123
10.4375
10.6155
10.5655
10.4529
10.564
10.8309
10.6825
10.7099
10.6936
10.7302
10.5344
10.4985
10.587
10.4404
10.3757
10.5763
10.5263
10.3396
10.4841
10.2774
10.545
10.4195
10.5623
10.4488
10.3211
10.3192
10.7555
10.5302
10.4978
10.5558
10.5406
10.2646
10.2137
10.4246
10.1949
10.0586
10.3919
10.2688
9.99187
10.162
9.85736
10.3129
10.1426
10.3502
10.0972
9.93651
9.81917
10.4674
10.1295
10.0557
10.1919
10.1265
9.73249
9.6306
10.0308
9.65735
9.41792
9.96347
9.72212
9.30593
9.53111
9.06793
9.80321
9.55962
9.88189
9.42943
9.19297
9.04036
9.73325
9.31787
9.36371
9.43503
9.45392
8.93712
8.71413
9.26497
8.74382
8.37858
9.14527
8.83404
8.23595
8.58414
7.95143
8.87892
8.60198
9.00819
8.46531
8.09199
8.27426
8.47805
8.10847
8.72809
8.27811
8.78001
8.20765
7.7999
8.11924
7.61789
7.3128
7.95609
7.89218
7.20878
7.70059
7.01929
7.60732
7.46016
7.77749
7.62387
7.10827
7.8124
7.25764
6.82655
8.27787
6.92661
8.32778
7.76147
7.27752
6.72232
6.28501
6.67072
6.5614
7.30288
6.63027
7.22055
6.55291
6.27912
6.10342
6.40065
7.18906
6.57559
6.99912
7.30195
6.60222
7.58426
6.61709
7.63936
7.22034
6.81684
5.96079
5.46434
6.31306
5.94587
6.86449
6.28312
6.7304
5.91104
6.18803
5.44679
5.92663
6.66409
6.22797
10.24
10.1793
10.19
10.1176
10.1963
10.053
10.0938
10.1824
10.0393
10.1165
10.1055
10.0719
10.1448
10.0257
10.1242
10.1265
10.0619
10.0047
10.1232
10.1245
10.0458
10.1933
10.1502
10.1748
10.0865
10.1106
10.1187
10.0586
10.0496
10.0906
10.0136
9.99768
10.08
10.0772
9.96762
10.0525
10.0562
9.94279
10.0021
10.0683
10.0245
9.97238
9.94743
10.0681
9.95631
10.0099
9.98309
10.0464
9.91105
9.90112
9.96021
9.86375
9.85555
9.93681
9.93667
9.82211
9.87522
9.7581
9.87333
9.82683
9.90428
9.83576
9.79476
9.57811
9.75738
9.57183
9.63345
9.63686
9.69619
9.51287
9.5456
9.64251
9.48202
9.52281
9.58892
9.60561
9.46211
9.4679
9.30457
9.45588
9.41097
9.523
9.39582
9.3818
8.77438
9.08724
8.75146
8.80074
8.88122
8.92906
8.63798
8.78256
8.97647
8.69063
8.79693
8.85819
8.89878
8.66963
8.62133
8.36608
8.58976
8.54031
8.7226
8.48267
8.51104
1.88693
-0.286873
0.945647
0.841868
0.985754
1.85876
-0.307468
1.91829
3.83851
3.03211
2.90165
3.05985
2.99287
1.85887
0.839994
1.10233
-0.228098
1.88157
1.8735
0.779964
-0.241295
2.06805
3.33652
2.78253
2.8717
2.82897
2.84427
2.11988
1.08845
2.03964
1.53481
0.265342
2.05366
1.02631
0.361917
1.17777
0.59018
2.05041
1.55407
2.05277
1.25611
0.481533
2.3853
2.71691
2.25849
3.05716
2.31423
3.0117
2.44241
1.6863
1.90195
1.50032
1.06699
1.86486
1.62102
1.13781
1.73579
1.25932
1.77007
1.45642
1.81146
1.80212
1.19115
2.56007
2.98397
3.0833
2.73892
2.21424
2.19115
2.68183
1.99627
1.55922
1.2194
1.52787
1.5621
1.98808
1.57895
2.06341
1.60742
1.66497
1.25404
1.59948
2.01357
1.63576
2.13919
2.51649
2.66728
2.47638
2.39854
2.33084
2.35426
1.89401
1.66399
1.45574
1.81358
1.61117
2.00909
1.71535
1.91438
1.49423
1.62043
1.46377
1.56188
1.7784
1.74974
9.75335
9.83518
9.76246
9.80241
9.7736
9.82902
9.74464
9.73697
9.74882
9.67331
9.66161
9.73657
9.75957
9.65351
9.74511
9.6554
9.71729
9.66947
9.72915
9.73108
9.65994
9.65821
9.73612
9.66782
9.67741
9.68169
9.70261
9.634
9.62886
9.65817
9.59466
9.60795
9.64739
9.65215
9.5854
9.6056
9.5407
9.61751
9.57803
9.63081
9.58086
9.56202
9.41587
9.52267
9.43342
9.42412
9.47396
9.45639
9.37933
9.4001
9.49785
9.42516
9.39841
9.47058
9.43023
9.36813
9.35827
9.29076
9.40291
9.38573
9.43499
9.32446
9.32347
9.00877
9.07705
8.91955
8.99489
8.99444
9.0542
8.94972
9.06396
9.14939
9.0034
9.06778
9.09859
9.10526
9.02511
8.99938
8.91407
8.98435
8.92815
9.0372
8.95415
8.95717
-0.807038
-1.16518
-1.17526
-1.20468
-0.859286
-0.802613
-1.19039
-1.21513
-0.466711
-0.558043
-1.02636
-0.608195
-1.12057
-1.13347
-1.25029
-0.825373
-1.2011
-0.761538
-0.760973
-1.20306
-1.21935
-0.815207
-0.0808452
-0.240127
-0.484987
-0.267596
-0.575907
-0.729305
-0.920991
-0.531607
-0.600771
-1.11656
-0.48614
-1.03725
-1.04463
-0.903421
-0.960268
-0.413998
-0.572353
-0.450552
-0.80479
-1.03263
-0.404166
-0.107658
-0.256309
-0.115288
-0.25035
-0.163608
-0.357232
-0.498103
-0.357603
-0.464163
-0.734592
-0.356052
-0.552025
-0.676739
-0.485059
-0.616834
-0.381496
-0.469583
-0.370709
-0.448138
-0.661391
-0.162135
-0.187032
-0.312177
-0.0271751
-0.319
-0.00360175
-0.142113
-0.339755
-0.449391
-0.535289
-0.524711
-0.458225
-0.370474
-0.495439
-0.329458
-0.441051
-0.484238
-0.553207
-0.472231
-0.314217
-0.482196
-0.556677
-0.521512
-0.380859
-0.342464
-0.523912
-0.457192
-0.438596
-0.410979
-0.52041
-0.57453
-0.429631
-0.561882
-0.346968
-0.449867
-0.459012
-0.655004
-0.510606
-0.592957
-0.607345
-0.50768
-0.486765
-2.67778
-2.63818
-2.64275
-1.22831
-1.1885
-1.07756
-1.1365
-1.18687
-0.883823
-0.827146
-0.783619
-0.891977
-1.16568
-0.77051
-1.33326
-1.22742
-0.780075
-0.984722
-1.21695
-1.30879
-0.814838
-1.13882
-1.97255
-1.44984
-1.36565
-1.44733
-1.32481
-1.14966
-1.02973
-1.47996
-1.23644
-0.689027
-1.46949
-1.0481
-0.719189
-0.916675
-1.41033
-0.701443
-1.19195
-1.45178
-0.947205
-0.667907
-0.920835
-1.19457
-1.12656
-1.16064
-1.13618
-1.2038
-1.00564
-1.024
-1.10676
-0.922896
-0.711605
-1.07656
-0.969588
-0.740381
-0.976624
-1.01388
-0.767557
-0.90032
-1.03374
-1.0133
-0.739234
-1.14046
-1.11422
-1.1265
-1.07001
-1.1067
-1.04254
-1.18712
-0.997433
-0.990921
-0.938824
-0.885736
-1.01079
-0.958094
-0.908498
-0.983197
-1.05926
-0.999388
-0.970112
-1.03494
-1.02098
-0.97865
-1.32877
-1.23082
-1.26667
-1.2478
-1.25627
-1.23921
-1.34059
-1.21224
-1.21305
-1.21723
-1.31679
-1.22964
-1.19775
-1.28505
-1.26342
-1.26565
-1.346
-1.262
-1.2589
-1.27245
-1.38465
-1.31311
-1.24361
-1.25174
-1.26528
-1.25963
-1.27375
-1.29687
-1.33654
-1.29507
-1.32079
-1.44309
-1.29017
-1.34571
-1.37752
-1.33575
-1.27574
-1.34662
-1.31942
-1.28708
-1.32047
-1.41525
-1.0505
-0.985699
-0.980104
-0.974936
-1.0265
-1.01122
-1.01256
-1.12322
-1.13421
-1.1197
-1.22802
-1.09471
-1.15642
-1.15232
-1.06486
-0.991165
-1.05422
-1.06879
-1.03798
-1.02571
-1.12599
9.3229
9.4044
9.36378
9.37284
9.35852
9.37315
9.32486
9.26553
9.28299
9.23384
9.21823
9.29279
9.25831
9.22872
9.26345
9.23457
9.31381
9.24288
9.29982
9.26577
9.23116
9.34122
9.35214
9.27721
9.35441
9.29835
9.36213
9.3274
9.30556
9.29508
9.23307
9.22849
9.28669
9.28861
9.23411
9.31041
9.23382
9.27009
9.22282
9.28484
9.29081
9.24412
-0.81222
-0.899169
-1.07002
-1.03959
-0.740049
-0.795281
-0.876794
-0.893854
-0.748128
-0.716436
-0.912499
-0.738157
-0.96596
-0.838894
-0.994826
-0.715445
-0.800489
-0.740889
-0.767436
-0.954551
-0.839196
-0.634828
-0.640909
-0.584097
-0.681986
-0.600785
-0.710744
-0.607965
-0.740169
-0.624764
-0.53284
-0.611453
-0.601146
-0.772301
-0.580483
-0.684022
-0.494202
-0.554826
-0.506725
-0.578371
-0.656104
-0.522316
-0.370905
-0.521718
-0.414965
-0.416179
-0.450598
-0.444233
-0.339381
-0.401271
-0.43052
-0.292283
-0.274076
-0.39589
-0.417676
-0.257738
-0.337707
-0.18013
-0.324259
-0.25649
-0.362133
-0.306302
-0.200699
-0.0760789
-0.307331
-0.135449
-0.169349
-0.173133
-0.191949
-0.0456049
-0.0296546
-0.126328
0.0414601
0.0614459
-0.0803316
-0.0610062
0.0963534
0.0156049
0.17303
0.00660628
0.0880002
-0.0384409
0.042497
0.141771
0.113121
-0.0821836
0.116998
-0.0690095
0.100392
-0.0668742
0.118938
0.198325
0.210362
0.387543
0.344415
0.238386
0.187042
0.362129
0.223426
0.403519
0.288282
0.418677
0.26919
0.228436
0.392068
0.109002
-0.0433802
0.108644
-0.137302
0.1318
-0.114705
0.0878972
0.220727
0.321383
0.468807
0.438029
0.309014
0.236904
0.425726
0.208755
0.397475
0.273047
0.454938
0.295633
0.185425
0.418025
-0.162946
-0.323853
-0.221659
-0.436465
-0.166032
-0.388876
-0.219317
-0.0302487
0.093659
0.208579
0.242467
0.043932
0.0183249
0.193478
-0.0819322
0.087702
-0.0628076
0.155982
-0.00830213
-0.13667
0.144552
-0.684225
-0.760693
-0.681502
-0.881817
-0.630238
-0.847288
-0.739583
-0.501951
-0.352621
-0.250928
-0.231376
-0.407931
-0.446164
-0.296404
-0.570862
-0.429334
-0.515878
-0.310899
-0.464718
-0.621559
-0.367186
-1.1036
-1.05584
-0.982189
-1.15122
-0.966676
-1.17134
-1.10392
-0.894738
-0.744083
-0.650047
-0.727513
-0.774592
-0.878366
-0.75958
-0.940007
-0.828482
-0.824882
-0.685182
-0.804899
-0.942543
-0.810067
-1.05751
-0.956266
-0.878351
-0.996339
-0.918888
-1.07311
-0.995122
-0.923939
-0.842188
-0.750707
-0.890838
-0.824387
-0.964085
-0.863467
-0.912967
-0.81273
-0.773108
-0.736482
-0.803259
-0.859664
-0.853893
8.94961
9.01814
8.94673
9.01829
8.94533
9.00932
8.95678
0.0313419
-0.0481876
0.134384
-0.175659
0.0955101
-0.188982
0.0830169
0.516321
0.329476
0.508766
0.327243
0.464357
0.303835
0.525394
0.881966
0.729527
0.906495
0.725559
0.859914
0.709505
0.889761
1.19399
1.086
1.24316
1.06322
1.2092
1.05083
1.20796
1.30157
1.2189
1.35971
1.14292
1.36069
1.15761
1.29104
1.14051
1.03936
1.17226
0.921925
1.20892
0.965627
1.10218
0.732284
0.633268
0.759966
0.480992
0.814789
0.535837
0.678383
0.261981
0.197239
0.311295
0.0507492
0.359822
0.0851564
0.221919
-0.0317666
-0.0935528
-0.00737851
-0.143458
0.0188964
-0.148157
-0.036816
12.1987
12.1277
12.2126
12.1212
12.1861
12.1213
12.1249
12.2086
12.2036
12.2114
12.1304
12.1275
12.129
12.1287
12.0881
12.208
12.2399
12.2341
12.0945
12.2279
12.1134
12.2123
12.2194
12.1066
12.1064
12.2195
12.2139
12.1202
12.0842
12.1254
12.0355
12.098
12.0631
12.0639
12.0448
12.0239
12.0552
12.0469
11.985
12.0211
12.0388
11.9795
12.1452
12.1346
12.1173
12.0896
12.0713
12.07
12.0861
12.182
12.2139
12.1008
12.1826
12.0942
12.1029
12.1147
12.0566
12.0877
12.0971
12.0161
12.0561
12.0173
12.04
12.1893
12.1471
12.1635
12.0928
12.0964
12.0968
12.1065
12.2201
12.2385
12.2371
12.2248
12.2303
12.2412
12.2556
12.2157
12.2047
12.197
12.1963
12.2491
12.2332
12.2133
12.2473
12.2676
12.2746
12.3253
12.3034
12.3237
12.2966
12.2583
12.2174
12.2737
12.2783
12.2868
12.2991
12.261
12.295
12.2979
12.276
12.2742
12.301
12.3157
12.2535
12.2649
12.2879
12.202
12.2911
12.2906
12.2459
12.2544
11.3443
11.3483
11.369
11.4563
11.4617
11.4815
11.4271
11.3656
11.178
11.4501
11.3913
11.426
11.6148
11.303
11.1999
11.2699
11.5263
11.297
11.5038
11.2373
11.3277
11.5669
11.4718
11.2324
11.2634
11.4647
11.3898
11.2621
11.4081
11.3909
11.3742
11.2381
11.2495
11.2497
11.2558
11.3061
11.3776
11.3681
11.2875
11.3086
11.3062
11.2851
11.1641
11.2228
11.1518
11.1698
11.4095
11.2875
11.2969
11.2225
11.336
11.2725
11.2401
11.3794
11.4071
11.2506
11.3007
11.3675
11.3983
11.3579
11.402
11.3544
11.411
11.3902
11.3986
11.4832
11.4067
11.4125
11.3068
11.2767
11.2804
11.2757
11.3074
11.3916
11.4019
11.3414
11.3569
11.3607
11.3143
11.6026
11.5684
11.5478
11.5247
11.6283
11.5261
11.5757
11.5779
11.5433
11.5161
11.4705
11.5389
11.6145
11.6838
11.5431
11.5117
11.5121
11.4946
11.5836
11.5444
11.6966
11.5483
11.4952
11.499
11.5692
11.5975
11.3291
11.2906
11.3927
11.4457
11.3654
11.3213
11.3424
11.363
11.3955
11.2176
11.1371
11.169
11.2362
11.2854
11.2005
11.3473
11.3295
11.2652
11.369
11.364
11.3454
11.3648
11.2937
11.3972
11.4546
11.5832
11.5382
11.6071
11.546
11.6362
11.6482
11.6091
11.4431
11.3599
11.4141
11.6072
11.6559
11.6195
11.6321
11.3794
11.3435
11.4095
11.5754
11.5822
11.5609
11.605
11.396
11.3191
11.3876
11.4482
11.4391
11.467
11.3993
11.4971
11.3764
11.403
11.439
11.4537
11.4422
11.4432
11.3173
11.3502
11.3675
11.4713
11.5046
11.4742
11.4961
11.2455
11.241
11.2764
11.5751
11.5824
11.5574
11.5918
11.4161
11.3538
11.318
11.4831
11.4933
11.481
11.4969
11.2503
11.3284
11.3027
11.5428
11.5157
11.55
11.5244
11.7446
11.6854
11.7319
11.7932
11.6467
11.7168
11.7176
11.7856
11.7899
11.7811
11.8595
11.7501
11.8651
11.7678
11.7427
11.6474
11.5793
11.8271
11.7254
11.6298
11.8249
11.7054
11.5792
11.7943
11.5453
11.7199
11.5987
11.7942
11.222
11.6337
11.2269
11.5926
11.599
11.1949
11.6174
11.5328
11.1972
11.0748
11.5496
11.5449
11.1267
11.5491
11.6558
11.2428
11.6093
11.1691
11.6143
11.1791
11.6773
11.7107
11.2436
11.3412
11.6727
11.2169
11.6604
11.7201
11.5715
11.028
11.0314
11.5505
10.9998
11.5601
11.5591
11.6953
11.6398
11.3099
11.1792
11.1922
11.6388
11.6909
11.9507
11.9479
11.9191
11.9025
11.9801
11.9189
11.8835
11.7789
11.832
11.7474
11.7958
11.7436
11.78
11.8891
11.7427
11.7486
11.7251
11.8873
11.7867
11.7542
11.8411
11.727
11.2781
11.4205
11.6786
11.6521
11.3062
11.7389
11.5617
10.8551
11.0489
11.5711
11.5982
11.025
11.5211
11.7502
11.6368
11.4503
11.3739
11.6811
11.3474
11.7251
11.457
11.59
11.6923
11.7548
11.5186
11.4507
11.6589
11.492
10.9217
11.0839
11.5721
11.1046
11.5473
11.5343
11.7138
11.4986
11.6743
11.4075
11.4239
11.6158
11.76
10.7431
11.0919
11.2988
10.7723
10.9108
10.9581
11.5071
11.4627
11.1197
11.0912
11.5283
11.2756
11.4813
11.2933
11.2678
11.5223
11.3013
11.286
11.5336
11.447
11.1869
11.2874
11.5077
11.1771
11.255
11.4421
11.1663
11.4162
11.2716
11.4848
11.1645
11.1405
11.1225
10.9872
10.9841
11.2218
11.1197
11.1348
10.9619
10.9497
11.0697
10.7736
10.7873
11.0641
10.9486
10.9962
11.2611
11.1277
11.1776
11.1351
11.1641
10.9875
10.9894
11.2485
11.3486
11.1385
11.2374
11.1479
10.9797
10.9359
10.9547
11.0855
10.7697
11.091
10.9536
10.758
10.9862
11.1459
11.3216
11.2024
11.2163
11.1341
10.995
11.473
11.3979
11.5771
11.4423
11.4014
11.5438
11.4362
11.3388
11.4839
11.5149
11.2001
11.3338
11.5295
11.2085
11.3284
11.5995
11.2189
11.5245
11.3381
11.5669
11.2102
10.9722
11.2632
11.3994
11.1516
11.1465
11.2714
10.9768
10.8737
10.9419
11.1142
10.6313
10.6641
11.1188
10.8512
10.9744
11.1393
11.4086
11.2755
11.1487
11.2752
10.9638
10.913
11.2394
11.3981
11.0896
11.2475
11.1051
10.8886
10.8116
10.8974
11.1023
10.6108
11.0903
10.8365
10.5728
10.9352
11.1328
11.4041
11.2682
11.2615
11.1184
10.9564
11.3643
11.0114
11.1459
11.4352
11.3758
11.068
11.4289
11.1955
10.8761
10.9879
11.0177
11.1666
10.9734
11.0428
11.2262
11.1019
11.1524
11.083
11.2465
11.0682
11.0761
10.8339
11.2114
11.3053
11.0703
11.0498
11.1726
10.8635
10.6244
10.7272
10.8843
10.2959
10.3537
10.937
10.5795
10.8024
10.9933
11.2488
11.0685
11.0208
11.1223
10.7669
10.6359
10.7503
10.925
10.8299
10.8393
10.8652
10.5912
10.4759
10.5315
10.8135
10.2378
10.7428
10.5274
10.1749
10.686
10.953
11.0262
10.9996
10.9288
10.9184
10.7268
11.3011
10.5387
10.4684
11.3751
11.3157
10.4064
11.333
11.019
10.0287
10.0801
10.8168
10.9801
10.1132
10.8334
11.0323
10.8706
10.332
10.2116
11.037
10.2179
10.8485
10.4769
10.6384
10.599
10.7634
10.7257
10.5334
10.5281
10.1371
10.0424
10.0966
9.72854
9.80466
10.2234
10.0731
10.419
10.6299
10.4687
10.286
10.6682
10.4085
10.3724
10.2317
9.70788
9.90868
10.4906
9.8569
10.509
10.2045
9.93889
9.65647
9.94979
9.64792
9.80477
9.99589
9.57842
10.2787
10.579
10.0603
10.1467
10.0097
10.5503
10.3179
10.6628
11.1047
10.9921
10.9928
10.458
11.0889
10.464
10.6381
9.97808
9.66246
10.4269
10.564
9.97458
10.5006
10.6671
9.95204
10.609
9.65506
10.7603
9.96134
10.5361
10.1393
9.54752
9.46438
10.461
10.4362
9.38633
10.1655
9.68894
8.83811
8.78154
9.23027
9.27026
8.95014
9.6568
10.1028
10.3311
9.35514
9.10456
10.3899
9.23569
10.0577
9.88643
8.80267
9.13471
10.0747
8.83957
10.1376
9.82247
9.55711
8.32092
8.62448
9.18097
8.49685
9.60277
9.14336
9.94698
10.2724
9.15776
8.99307
8.90722
10.2037
10.0084
10.3958
10.6295
10.523
10.4779
10.3394
10.5999
10.4415
9.60733
10.0261
9.62273
9.80581
9.89698
9.7111
9.91667
10.0538
9.8601
9.62395
10.1445
10.19
9.75424
9.98059
9.68929
8.78053
9.1352
10.0056
9.92895
8.77563
9.75936
9.19366
7.81209
8.18107
8.75662
8.82138
8.19005
9.12472
9.63021
9.75918
9.13218
8.77621
9.8556
8.77443
9.54758
8.72107
9.34698
9.01849
9.30695
8.78168
9.43147
9.22545
8.93985
7.75547
8.17079
8.6815
8.15744
9.02836
8.61132
9.39267
9.0597
9.67043
8.779
8.76484
9.59448
9.49043
10.7018
9.67577
9.51518
8.75957
4.99149
9.33062
8.96417
9.10558
9.1659
9.8731
9.43205
9.17574
9.30438
9.05622
9.19328
9.75782
9.1483
8.94269
9.69243
9.9985
9.15439
9.45185
9.70706
9.75729
9.36067
9.98695
9.99515
10.0759
8.69588
8.75326
8.69249
8.93349
9.27071
9.11191
9.13986
7.68134
7.77856
7.92605
8.39629
8.04929
8.24112
8.241
8.6375
8.81226
8.61414
8.94724
8.92893
9.06088
8.80013
8.77892
7.52181
8.34376
8.55357
8.21414
8.36659
8.67952
7.59144
7.68673
7.55428
8.04016
7.95629
8.19152
7.85325
8.38989
8.45152
8.67044
8.51575
8.83164
8.69316
8.68821
10.9084
10.2853
10.2451
10.1355
10.6226
10.8183
10.2002
10.2429
10.7614
11.0106
10.3382
10.268
10.9633
10.3141
10.2334
10.1156
9.29722
9.26706
9.93403
9.80368
9.16528
10.0056
9.59672
10.1327
10.033
9.23784
9.85554
9.47776
9.42417
9.97172
9.30226
9.97445
9.28801
10.1962
9.37005
9.63003
10.0243
10.2292
10.0005
9.61344
10.2715
10.2636
10.8223
10.7499
10.7524
10.6133
10.7102
10.6258
10.7098
10.5551
10.5975
10.4839
10.3867
10.5345
10.6045
10.4158
10.5558
10.6166
10.442
10.4955
10.571
10.6117
10.4193
10.3473
10.4171
10.304
10.2812
10.4377
10.3984
10.3399
10.226
10.1507
10.2271
10.0749
10.1102
10.2439
10.1978
10.284
10.4283
10.3818
10.3147
10.4029
10.3269
10.2562
10.2058
10.2379
10.3767
10.3154
10.2591
10.3465
10.1659
10.149
10.0803
10.2027
10.0634
10.1809
10.1854
10.0227
10.2171
10.3803
10.3946
10.2972
10.2816
10.3561
10.2507
10.4837
10.8184
10.6739
10.6993
10.5187
10.6621
10.6744
10.3536
10.4579
10.3103
10.1031
10.3058
10.4831
10.1609
10.3831
10.2486
10.5274
10.3442
10.4248
10.508
10.1974
10.0983
10.2093
10.3147
10.2954
10.2555
10.1809
10.1463
9.95646
9.88418
9.97415
9.75142
9.81547
10.0148
9.89879
10.0658
10.1792
10.2863
10.1078
10.2272
10.1443
10.008
9.83798
9.92145
10.1427
9.96064
9.97003
10.0297
9.76454
9.77455
9.71225
9.92065
9.68568
9.87248
9.84448
9.60945
9.89526
10.139
10.187
10.0641
10.0232
10.081
9.9634
10.1595
10.6848
10.4937
10.462
10.2202
10.4591
10.4143
9.88936
10.1015
9.89735
9.51603
9.80808
10.1579
9.61524
9.96291
9.7865
10.2643
9.97139
10.035
10.2176
9.69873
9.6139
9.85784
9.99178
9.89678
9.81797
9.79612
9.69591
9.31439
9.28873
9.41353
9.00124
9.11897
9.50297
9.20532
9.52931
9.65382
9.92611
9.64483
9.74171
9.71876
9.43285
9.09209
9.24097
9.62137
9.2454
9.34915
9.35837
8.96324
8.94983
8.93482
9.30401
8.85592
9.19881
9.07413
8.71777
9.21584
9.56328
9.71318
9.55116
9.46054
9.46425
9.32719
9.55103
10.2548
10.0471
9.9789
9.6434
9.96284
9.90304
9.08016
9.39158
9.12728
8.52413
8.9634
9.49933
8.66545
9.20364
8.94258
9.70953
9.2529
9.31645
9.61518
8.80536
8.06785
7.49968
7.7294
8.09836
8.3123
8.47141
7.90231
8.66782
9.11114
9.32753
9.12133
8.9928
8.98706
8.81803
8.49874
8.70332
8.70406
9.20752
8.84966
8.84054
8.32581
7.44132
7.20861
6.95561
7.4451
8.11632
7.94286
7.66739
7.73638
8.06309
8.69185
8.03973
8.22282
8.20688
7.53607
7.94247
8.54346
8.54573
8.83598
8.39263
8.38205
8.13752
8.72815
9.33193
9.18547
9.26173
8.82888
9.05751
9.17535
8.10575
8.2871
8.04725
7.42921
8.00218
8.43675
7.55002
8.22568
7.81213
8.73136
8.19327
8.3385
8.59348
7.67921
6.09927
5.21305
5.46379
6.19715
6.66705
6.85955
5.98193
7.12498
7.86726
8.23491
7.85857
7.69164
7.69928
7.32505
6.92199
7.34994
7.35605
8.06581
7.51487
7.51037
6.73078
5.48742
4.94863
4.72201
5.56828
6.44762
6.26638
5.75897
6.21198
6.73505
7.42579
6.77279
6.86831
6.90214
6.05967
6.37103
7.17479
7.19335
7.59078
7.02645
7.04725
6.54724
8.08208
7.93038
7.92326
8.66433
8.1339
7.7477
8.62923
7.40797
6.89981
6.79763
6.73782
7.36609
7.06913
6.78888
7.48007
6.93386
7.4245
6.97434
7.53986
7.25167
6.86334
5.80484
6.59266
6.95967
6.64557
6.53539
6.46547
5.92721
4.86906
4.87086
5.35212
3.90091
3.99371
5.48174
4.76547
5.70273
6.33483
6.79843
6.19846
6.42853
6.32991
5.6049
5.382
5.64625
6.17747
6.04896
5.78426
6.0973
5.33463
4.61825
4.59084
5.23314
3.85772
5.11487
4.69473
3.79365
5.44962
6.24589
6.337
6.06253
5.92674
6.17181
5.52477
7.63553
7.12384
6.7422
8.18031
7.68544
6.69282
8.12182
6.99619
5.99259
5.59746
6.37206
6.95303
6.02634
6.40538
7.07782
6.49597
6.16625
5.69316
7.11262
6.09011
6.46751
5.24376
5.4911
5.71823
5.98511
5.95469
5.3489
5.27568
4.42762
4.08251
4.41706
3.69199
3.68951
4.52969
4.42093
5.19232
5.88172
5.55574
5.05021
5.89854
5.18909
5.17622
5.07488
4.52489
5.01529
5.75127
4.62588
5.76071
5.07646
4.40195
3.75477
4.28642
3.6789
4.17928
4.39185
3.69049
5.13002
5.82907
5.13348
4.89786
4.77067
5.82403
5.12903
6.80029
7.05077
6.62978
7.36696
7.16178
6.56451
7.25024
5.74663
5.93793
6.18369
6.42253
5.45947
5.80221
6.02584
6.45688
5.88988
5.46543
6.13595
6.56922
5.85042
6.06983
5.05216
4.42252
4.81818
5.69377
5.6852
4.36012
5.04903
4.35867
3.2734
3.65607
3.75212
3.70998
3.69693
4.37617
5.02097
5.59681
4.78047
4.28493
5.61954
4.3065
5.02067
4.30323
5.3257
4.90262
4.94232
4.74373
4.28482
5.4083
4.33726
3.14115
3.62126
3.75892
3.60995
4.342
3.78655
4.96788
4.75393
5.52172
4.26795
4.27197
5.47497
4.98537
10.2007
10.2013
10.1866
10.1067
10.1506
10.1247
10.1404
10.103
10.1017
10.0414
9.98788
10.0714
10.1093
10.0149
10.0859
10.1267
10.0318
10.0537
10.1198
10.1228
9.9975
9.99667
10.062
9.95107
9.92427
10.0552
10.0185
9.96788
9.92393
9.8785
9.93117
9.82126
9.84433
9.9434
9.89454
9.93983
10.049
10.0023
9.96819
10.0308
9.98105
9.90838
9.90725
9.93248
10.0032
9.96279
9.94163
9.99007
9.88225
9.87248
9.84904
9.92038
9.83127
9.90932
9.90153
9.80621
9.89767
10.012
10.0162
9.95999
9.95232
9.98064
9.92614
10.1618
10.155
10.1281
10.0356
10.0978
10.066
10.0859
9.98527
9.98614
9.93667
9.87232
9.95184
10.0049
9.90442
9.9932
10.0404
9.94295
9.95801
10.0234
10.025
9.91205
9.86127
9.92021
9.96851
9.96327
9.93478
9.91062
9.88843
9.81029
9.78764
9.82938
9.7286
9.75282
9.8452
9.78164
9.85861
9.90169
9.95203
9.87965
9.9307
9.89548
9.8312
9.78044
9.79145
9.87598
9.81313
9.81576
9.84573
9.74918
9.73903
9.73074
9.80601
9.7109
9.78475
9.7657
9.68627
9.79685
9.8936
9.89974
9.85982
9.84028
9.8623
9.82479
9.84392
9.98373
9.92044
9.98645
9.8862
9.88662
9.94548
9.71506
9.69994
9.6543
9.5854
9.66531
9.74559
9.63331
9.76245
9.72195
9.83245
9.70755
9.80389
9.79462
9.68205
9.68788
9.76181
9.79485
9.78807
9.75334
9.73086
9.72394
9.57895
9.57142
9.58946
9.4909
9.52474
9.62854
9.54388
9.6539
9.68369
9.75612
9.6513
9.71904
9.68983
9.61878
9.47804
9.43955
9.57209
9.49979
9.49618
9.54438
9.43223
9.45501
9.42887
9.5395
9.44204
9.49225
9.49463
9.40423
9.5356
9.6392
9.6284
9.60198
9.55489
9.60073
9.57454
9.35847
9.56232
9.4931
9.55996
9.43675
9.41469
9.48453
9.12969
9.08665
9.0537
8.92464
9.03464
9.18601
9.02192
9.23685
9.204
9.36989
9.15898
9.30805
9.28434
9.1256
9.308
9.36936
9.38943
9.43199
9.37696
9.30064
9.3635
9.15197
9.08768
9.08614
9.02504
9.09405
9.16546
9.09084
9.22726
9.22149
9.31575
9.14015
9.2947
9.22026
9.1541
8.85585
8.74543
8.97146
8.82118
8.86221
8.91559
8.74222
8.90616
8.82588
9.00409
8.93818
8.91404
9.00613
8.84585
8.96138
9.11605
9.07319
9.05619
8.96038
9.02703
9.06077
7.89865
7.50042
7.68873
7.88246
7.81116
8.08307
7.70586
8.29336
8.69893
8.59419
8.63257
8.45603
8.43775
8.48279
8.12331
8.02721
8.15499
8.43005
8.28865
8.27515
7.97282
8.23839
8.13417
8.27382
8.33336
8.23039
8.39625
8.19928
8.48735
8.62359
8.61624
8.69585
8.56973
8.48716
8.62069
8.33927
8.17472
8.27824
8.47707
8.41912
8.33144
8.18279
7.31786
7.46078
7.34491
7.54667
7.79054
7.54817
7.67828
7.6324
7.98113
7.81011
7.87524
8.12852
8.01025
8.02916
7.81159
8.03834
7.96116
8.08892
7.81918
7.91521
7.99803
1.86003
3.62799
3.028
2.87621
1.88367
2.99623
2.82256
0.874873
2.00458
1.42403
0.13799
0.918477
1.97708
0.0704854
0.802549
-0.110621
1.91833
1.35637
0.810726
1.93552
-0.062431
-0.611216
-0.758336
-1.3107
-1.37816
-0.0135065
-0.881375
-0.328113
-0.679651
-1.09566
-1.11003
-0.925991
-0.464066
-0.542964
-1.01027
-1.38272
0.0562667
-0.106556
-0.877171
-0.833964
-0.260362
-1.31856
-0.486357
-1.15928
-1.13385
-1.05813
-0.386819
-0.360725
-1.12333
-1.03142
0.24987
0.556508
-0.556801
0.165129
-0.672027
-0.932671
-1.13339
-0.0444415
-0.827421
0.449226
0.0679564
-0.765891
-1.19724
2.21309
3.11911
2.71689
2.88887
2.1555
2.66168
2.9245
1.49655
1.95635
1.55393
0.995213
1.58021
1.98006
0.891563
1.4263
0.695316
2.03043
1.57219
1.34276
2.01571
0.802864
-0.734177
0.331104
0.820492
-0.447333
-0.322955
0.411225
-0.84771
-0.842766
-0.21375
0.143005
-0.97527
-1.09383
0.0778102
-0.718692
-0.63232
-0.0646825
0.885981
0.559516
-0.188596
0.48506
-0.485176
-0.154582
0.713766
1.04306
0.401615
0.684706
0.295392
-0.0374615
-0.530701
-0.0269447
0.201549
-0.938765
0.256983
-0.664052
-0.818105
-0.256027
0.0643187
1.02517
0.610783
0.651055
0.191156
-0.378269
2.53055
2.53355
2.18761
3.06591
2.46652
2.13491
3.10142
1.93659
1.5794
1.29036
1.47793
1.96889
1.62186
1.40818
1.89923
1.3119
1.71321
1.33325
1.84081
1.66813
1.37458
0.15842
0.725144
1.05945
0.496175
0.594591
0.735173
0.0556467
-0.0912672
0.154891
0.414223
-0.323486
-0.41152
0.4029
0.00275115
0.236793
0.74408
1.03934
0.726065
0.673217
0.72606
0.332865
0.492116
0.626417
0.910555
0.972902
0.641066
0.915942
0.572745
0.145543
0.178161
0.40822
-0.267116
0.408122
0.0647541
-0.18872
0.45007
0.788873
0.951423
0.695306
0.68334
0.871024
0.374321
2.56427
3.04212
2.92649
2.67373
2.26881
2.75488
2.2826
2.06034
1.66759
1.40118
1.75292
1.96611
1.68547
1.81443
1.99615
1.64929
1.73932
1.35117
2.07051
1.65326
1.7455
0.674633
0.591302
0.822791
1.01609
1.06941
0.572352
0.616702
0.361725
0.0839079
0.266141
0.0972006
0.0494455
0.27911
0.406149
0.714366
1.13386
0.821375
0.547311
1.10281
0.549813
0.777383
0.93962
0.637743
0.880064
1.14156
0.617447
1.1987
0.955241
0.471859
0.0413469
0.249333
0.122781
0.233904
0.441681
0.180863
0.872155
1.1518
0.841222
0.557794
0.577334
1.1436
0.831858
1.61073
2.42394
2.33312
2.23274
2.37072
2.27862
2.80113
0.715067
1.27127
1.40671
1.52185
1.47837
0.909886
1.41644
1.62792
1.37972
1.42164
1.61806
1.72542
1.13721
1.4679
0.962387
0.678486
0.895059
1.20927
1.11818
0.684441
1.02157
0.519623
0.114059
0.26452
0.341469
0.348452
0.290784
0.435443
1.02267
1.05155
0.889734
0.697874
1.16702
0.713236
0.932688
0.577004
0.742101
0.67325
0.823569
0.606059
0.699791
0.884628
0.354674
0.0982035
0.254277
0.377378
0.193817
0.465612
0.296175
0.844095
0.690321
1.0612
0.707334
0.668505
0.939644
0.959813
-1.6473
-2.02078
-1.78896
-1.58926
-1.67982
-2.15795
-1.73551
-1.64023
-1.51495
-1.75478
-1.53273
-1.50754
-1.63529
-1.22405
-1.18748
-1.23204
-1.03041
-1.2967
-1.16796
-1.21159
-1.10213
-1.6632
-1.57784
-1.77764
-1.38907
-1.64164
-1.62186
-1.37502
-1.31646
-1.06152
-1.31633
-1.04724
-1.24088
-1.31358
-0.692508
-1.44629
-0.788107
-1.24296
-1.01977
-1.31652
-1.33102
-1.00966
-1.37949
-1.12718
-1.03333
-0.682539
-1.16224
-0.767158
-1.18604
-0.455328
-0.746951
-0.584238
-0.672756
-0.401266
-0.784133
-0.430457
-0.901457
-0.696362
-0.611492
-0.986456
-0.801275
-0.979815
-0.612089
-0.690166
-0.683034
-0.834516
-0.860057
-0.166828
-0.729941
-0.742359
-0.864132
-1.38289
-0.954465
-0.734053
-0.836532
-0.968344
-0.830043
-1.06367
-0.401286
-0.912581
-0.891987
-1.06033
-0.941883
-0.957296
-1.26345
-1.24745
-1.19267
-1.2732
-1.234
-1.21352
-1.22578
-1.18132
-0.922361
-1.16339
-1.62699
-1.31064
-1.12655
-1.23199
-1.01865
-1.39837
-1.13556
-1.32352
-1.08494
-1.08357
-1.07419
-1.12516
-1.18056
-1.14094
-1.2203
-1.12921
-1.14255
-1.23056
-0.944837
-1.06843
-0.981089
-1.08418
-0.963935
-0.972268
-1.05588
-1.01369
-1.10159
-1.00101
-1.36555
-0.959394
-1.04532
-1.29083
-0.705644
-0.51099
-0.441918
-0.453843
-0.802845
-0.521681
-0.730197
-0.844555
-1.03241
-0.718511
-1.4432
-0.746939
-0.822051
-1.54144
-0.660884
-1.11239
-0.69954
-0.901166
-0.631812
-0.727874
-0.983452
-0.492217
-0.446495
-0.4762
-0.484543
-0.534432
-0.455722
-0.507986
-0.647846
-0.616616
-0.651061
-0.632664
-0.635503
-0.657787
-0.650215
-0.667828
-0.768548
-0.615627
-0.69802
-0.650013
-0.640194
-0.72906
-1.08164
-1.1033
-1.12069
-1.14955
-1.12805
-1.10889
-1.09625
-0.973602
-1.01812
-0.969808
-0.961902
-0.987432
-0.965628
-0.971592
-0.990179
-0.977514
-0.987249
-0.99871
-1.0119
-0.991382
-0.989814
-1.12355
-1.12777
-1.13269
-1.16154
-1.14384
-1.10859
-1.1812
-1.05124
-1.03876
-1.05049
-1.03962
-1.04722
-1.05524
-1.04967
-1.02219
-1.02277
-1.01771
-0.977741
-1.02142
-1.01598
-0.999067
-0.518683
-0.536095
-0.532748
-0.537794
-0.50202
-0.54073
-0.529809
-0.672763
-0.651725
-0.673034
-0.621445
-0.675875
-0.673874
-0.613733
-0.698371
-0.643717
-0.701293
-0.695136
-0.700965
-0.696994
-0.685628
-0.5605
-0.578233
-0.587592
-0.591357
-0.58472
-0.582684
-0.568123
-0.780928
-0.77161
-0.794858
-0.795738
-0.786513
-0.789712
-0.781821
-0.740358
-0.730984
-0.742024
-0.72012
-0.745931
-0.736932
-0.704996
-1.2112
-1.20995
-1.21664
-1.26667
-1.25474
-1.2104
-1.22382
-1.09187
-1.08581
-1.08246
-1.08039
-1.08891
-1.08451
-1.08992
-1.11531
-1.13532
-1.12616
-1.12206
-1.1222
-1.12478
-1.11644
-1.2448
-1.24294
-1.22367
-1.2755
-1.22708
-1.23703
-1.28447
-1.15512
-1.19649
-1.16891
-1.18184
-1.16171
-1.16315
-1.17283
-1.14946
-1.15333
-1.14462
-1.17514
-1.14038
-1.15342
-1.17392
-0.760295
-0.771368
-0.750517
-0.751179
-0.776222
-0.771292
-0.763315
-0.844325
-0.838227
-0.835825
-0.851779
-0.830767
-0.848544
-0.84152
-0.88199
-0.90263
-0.900634
-0.900984
-0.885593
-0.898107
-0.892794
-0.836686
-0.808908
-0.828984
-0.827452
-0.817775
-0.808269
-0.835891
-0.969527
-0.999105
-0.97916
-0.97902
-0.967725
-0.982567
-0.981604
-0.94663
-0.942403
-0.932548
-0.958408
-0.946345
-0.931186
-0.957975
-1.231
-1.22668
-1.20948
-1.24708
-1.25762
-1.21863
-1.21998
-1.16255
-1.17675
-1.1667
-1.21061
-1.19982
-1.15856
-1.16965
-1.14421
-1.17652
-1.15068
-1.17856
-1.16014
-1.14205
-1.15386
-1.17688
-1.17654
-1.18829
-1.21659
-1.16818
-1.19654
-1.19878
-1.05529
-1.05583
-1.05089
-1.09014
-1.06982
-1.03641
-1.05834
-1.10132
-1.12164
-1.12349
-1.15332
-1.11178
-1.11268
-1.13041
-0.90974
-0.912955
-0.90705
-0.903161
-0.92399
-0.908604
-0.903384
-1.00503
-1.00712
-0.990942
-1.01214
-0.99601
-0.998259
-1.02516
-1.0054
-1.03125
-0.997733
-0.998175
-0.996777
-1.00791
-1.01484
-0.919398
-0.901176
-0.898379
-0.893582
-0.892689
-0.896595
-0.910454
-0.95459
-0.971636
-0.923867
-0.929367
-0.940317
-0.939305
-0.962798
-0.986806
-1.00108
-0.980892
-0.983675
-0.973832
-0.992712
-1.01358
-0.976393
-0.96688
-0.910447
-0.945902
-0.987784
-0.956149
-0.934638
-0.950588
-0.973176
-0.996933
-1.0048
-0.963858
-0.979037
-0.969805
-0.876241
-0.845865
-0.862771
-0.91207
-0.864498
-0.837886
-0.898281
-0.816261
-0.797021
-0.841012
-0.874906
-0.790602
-0.862826
-0.826395
-0.551888
-0.56951
-0.491117
-0.598468
-0.64542
-0.631154
-0.589976
-0.697275
-0.738905
-0.771705
-0.781631
-0.755719
-0.735988
-0.718122
-0.694379
-0.656424
-0.699239
-0.695032
-0.685034
-0.652428
-0.686599
-0.861585
-0.896253
-0.871365
-0.851936
-0.887651
-0.844655
-0.898291
-0.790407
-0.800368
-0.735622
-0.753775
-0.774006
-0.752168
-0.801139
-0.497979
-0.405479
-0.422425
-0.483762
-0.471902
-0.477447
-0.511027
-0.540725
-0.552905
-0.495198
-0.492431
-0.546654
-0.549851
-0.535539
-0.605073
-0.611352
-0.673757
-0.642631
-0.589822
-0.656161
-0.660173
9.75087
9.63855
9.74954
9.58189
9.62194
9.54611
9.73423
9.80318
9.75265
9.80528
9.7526
9.74432
9.78285
9.69413
9.67287
9.62671
9.62334
9.67094
9.68192
9.64178
9.70672
9.66041
9.70392
9.63972
9.72702
9.69496
9.64871
9.54918
9.57667
9.62947
9.63019
9.6172
9.5746
9.55797
9.49684
9.45722
9.51173
9.44661
9.44788
9.51199
9.49158
9.55461
9.60756
9.61821
9.56001
9.61997
9.56559
9.54727
9.53382
9.51843
9.57825
9.56909
9.52394
9.5856
9.52438
9.48614
9.44097
9.49516
9.44179
9.49302
9.4857
9.44862
9.54333
9.60479
9.59207
9.54782
9.54155
9.59588
9.55068
9.58406
9.67818
9.6482
9.65317
9.61139
9.62702
9.62661
9.49494
9.52901
9.50416
9.43559
9.46711
9.55161
9.4621
9.52491
9.51615
9.59721
9.52924
9.55169
9.57758
9.49149
9.48932
9.50629
9.54506
9.54785
9.5307
9.49574
9.50505
9.42457
9.38722
9.42397
9.38427
9.39763
9.43896
9.4105
9.46772
9.48693
9.53258
9.46651
9.50668
9.48202
9.44948
9.37817
9.3854
9.45902
9.38719
9.40574
9.40979
9.35684
9.37195
9.33381
9.40988
9.36354
9.39276
9.38765
9.34847
9.40638
9.46115
9.48268
9.44891
9.43003
9.43983
9.42622
9.29542
9.38573
9.38043
9.37502
9.33245
9.33138
9.33787
9.19662
9.20983
9.19504
9.12308
9.16147
9.25802
9.15887
9.24689
9.23944
9.3547
9.25632
9.27768
9.31341
9.20813
9.20495
9.19774
9.21756
9.23935
9.27658
9.2935
9.22158
9.29931
9.35573
9.39173
9.35122
9.32677
9.33137
9.32145
9.25895
9.26501
9.25856
9.36032
9.2853
9.29508
9.23477
9.0881
9.15212
9.13362
9.16749
9.25059
9.2295
9.18258
9.10424
9.08176
9.22245
9.11057
9.12996
9.13452
9.0691
9.15967
9.22144
9.21076
9.27132
9.18684
9.18053
9.18743
8.77558
8.63322
8.69305
8.75578
8.58
8.81163
8.70906
8.7933
8.85172
8.82576
8.91773
8.86525
8.74162
8.85003
8.83098
8.6834
8.82403
8.93758
8.88089
8.84618
8.76956
8.76915
8.93847
8.94415
9.03296
9.28385
9.0784
9.06291
8.98147
9.00316
9.11678
9.07033
9.03814
8.96439
9.02628
8.92838
8.79735
8.95731
9.03162
8.99323
8.86829
8.90577
8.46345
8.71089
8.71237
8.76233
9.09891
8.5755
8.86926
8.70318
8.88808
8.88231
8.91375
8.94348
9.11411
8.89789
8.80138
8.91615
8.67323
8.91069
8.616
8.8777
8.83541
-1.05787
-0.301239
-0.516262
-1.037
-1.15669
-0.462438
-0.915875
-1.15343
-0.573957
-0.719038
-1.11774
-1.04342
-0.627551
-1.19289
-1.14673
-1.23982
-0.701507
-0.751831
-1.23125
-0.669244
-1.17943
-0.992325
-1.15276
-1.18384
-1.22356
-0.994432
-1.19583
-0.994735
-1.14182
-1.31191
-1.27758
-1.25804
-1.05181
-1.08787
-1.30997
-1.23609
-0.916537
-0.986312
-1.26551
-1.2291
-0.982634
-1.27449
-1.04598
-1.30924
-1.34192
-1.3496
-1.12449
-1.01822
-1.29369
-1.26348
-0.872333
-0.878223
-1.20521
-0.906198
-1.26003
-1.24552
-1.2658
-0.979426
-1.28083
-0.884435
-0.947734
-1.26689
-1.26786
-0.607789
-0.0357784
-0.226561
-0.435738
-0.680287
-0.21217
-0.364129
-0.637455
-0.353031
-0.483348
-0.758479
-0.578118
-0.362946
-0.82374
-0.678871
-0.925765
-0.391426
-0.494393
-0.751758
-0.370161
-0.855918
-0.897991
-1.17638
-1.21058
-1.22034
-0.842115
-0.869229
-1.17151
-1.18383
-0.848212
-0.740142
-1.18501
-1.11376
-0.812608
-1.22625
-1.15961
-0.741162
-0.993313
-0.69742
-1.07229
-0.77601
-1.09674
-0.807159
-1.13561
-1.08224
-1.06064
-0.806642
-0.773125
-1.12466
-0.977184
-0.644705
-0.589687
-0.792641
-0.665223
-0.858121
-0.907345
-0.999002
-0.712447
-0.957206
-0.606464
-0.683817
-0.890631
-1.06749
-0.298686
-0.157228
-0.276015
-0.102734
-0.342033
-0.283942
-0.0623303
-0.404416
-0.436032
-0.510723
-0.530724
-0.381997
-0.428262
-0.567026
-0.410237
-0.610239
-0.396864
-0.492958
-0.441899
-0.407439
-0.567407
-0.827028
-0.635791
-0.555292
-0.772565
-0.712891
-0.621253
-0.895169
-0.869917
-0.702741
-0.663971
-0.826829
-0.8915
-0.678081
-0.815155
-0.822379
-0.661469
-0.558285
-0.608243
-0.711227
-0.620575
-0.763397
-0.726244
-0.617733
-0.577766
-0.594689
-0.615375
-0.627022
-0.689975
-0.766095
-0.666644
-0.660374
-0.822626
-0.650298
-0.809241
-0.77075
-0.726648
-0.666856
-0.56501
-0.612237
-0.607483
-0.626348
-0.766857
-0.11384
-0.21278
-0.298483
-0.0135442
-0.113131
-0.308494
-0.0858895
-0.29983
-0.508189
-0.553957
-0.418244
-0.344339
-0.485115
-0.414035
-0.316808
-0.429557
-0.489796
-0.566966
-0.315518
-0.493395
-0.414908
-0.652268
-0.627641
-0.599575
-0.595892
-0.563808
-0.63006
-0.687758
-0.677114
-0.643781
-0.660124
-0.650918
-0.666648
-0.656353
-0.659618
-0.643049
-0.521839
-0.616546
-0.649489
-0.554246
-0.64224
-0.61065
-0.558422
-0.647389
-0.631415
-0.496255
-0.652799
-0.49874
-0.542602
-0.602957
-0.638432
-0.668252
-0.634066
-0.667692
-0.630268
-0.616691
-0.569731
-0.512752
-0.640493
-0.662189
-0.659749
-0.499081
-0.593908
-1.06563
-0.69457
-0.879619
-0.675009
-0.540274
-0.574454
-0.68609
-0.845884
-0.82102
-0.679433
-0.701548
-0.947957
-0.852909
-0.662029
-0.709969
-0.723246
-0.559282
-0.641486
-0.611909
-0.773604
-0.597444
-0.524847
-0.63711
-0.631631
-0.501324
-0.509771
-0.629161
-0.534131
-0.507413
-0.571607
-0.590933
-0.469727
-0.493397
-0.612194
-0.495378
-0.524735
-0.545816
-0.641308
-0.61285
-0.530099
-0.625528
-0.519807
-0.537949
-0.621923
-0.713025
-0.683075
-0.608622
-0.649984
-0.535447
-0.48062
-0.49031
-0.578279
-0.446175
-0.554322
-0.487718
-0.425557
-0.525941
-0.580059
-0.677812
-0.612316
-0.600455
-0.606743
-0.526993
-2.63296
-3.77835
-2.87742
-1.1517
-1.88691
-1.34133
-1.78553
-1.24674
-1.56944
-1.21012
-0.743943
-1.19039
-1.50217
-0.719276
-1.33167
-1.55496
-0.806824
-1.17492
-1.44658
-1.4506
-0.759081
-0.511075
-0.673303
-0.884078
-0.732763
-0.731294
-0.698835
-0.532976
-0.401654
-0.442192
-0.612359
-0.248957
-0.276911
-0.607936
-0.381331
-0.503087
-0.754123
-0.980003
-0.778891
-0.764597
-0.755081
-0.476107
-0.403889
-0.830354
-1.10712
-0.708975
-0.829363
-0.712911
-0.419272
-0.353265
-0.403868
-0.625496
-0.228747
-0.622949
-0.363142
-0.209938
-0.443082
-0.773756
-1.10179
-0.824198
-0.834016
-0.753402
-0.462806
-1.04828
-1.51737
-1.41227
-1.31359
-1.03831
-1.36562
-1.39151
-0.927602
-1.16373
-1.00243
-0.718519
-0.999715
-1.21199
-0.686643
-0.954936
-1.34948
-0.667307
-1.05865
-0.885583
-1.28517
-0.701858
-0.398666
-0.802875
-1.06856
-0.654174
-0.654552
-0.79231
-0.377928
-0.293176
-0.27465
-0.498334
-0.147348
-0.146664
-0.514395
-0.310457
-0.366685
-0.629524
-1.01575
-0.726498
-0.6106
-0.74763
-0.392944
-0.398748
-0.605865
-0.838106
-0.672703
-0.619603
-0.635301
-0.425497
-0.329909
-0.225558
-0.459695
-0.142705
-0.446928
-0.30653
-0.148447
-0.403192
-0.608872
-0.889372
-0.680234
-0.660009
-0.64221
-0.376053
-1.06459
-1.08488
-1.09103
-1.04522
-0.990025
-1.08339
-1.01124
-0.961245
-0.981224
-0.893495
-0.843154
-0.993525
-0.971305
-0.826583
-0.999883
-0.985316
-0.773875
-0.892493
-0.967105
-0.978442
-0.800126
-0.454234
-0.578654
-0.761855
-0.670511
-0.703447
-0.578747
-0.432746
-0.41835
-0.212282
-0.416591
-0.208328
-0.192743
-0.400298
-0.44005
-0.46927
-0.726776
-0.740277
-0.57787
-0.69924
-0.567404
-0.487119
-0.56863
-0.640067
-0.751157
-0.779665
-0.61443
-0.759074
-0.58088
-0.484015
-0.276377
-0.424068
-0.227981
-0.447843
-0.463341
-0.250575
-0.527236
-0.726113
-0.743876
-0.580707
-0.599143
-0.75075
-0.512318
-1.24097
-1.15331
-1.14964
-1.09608
-1.20553
-1.16537
-1.11491
-1.11365
-1.17591
-1.11936
-1.20581
-1.14079
-1.15375
-1.21654
-1.06999
-1.09153
-1.09374
-1.06896
-1.03576
-1.11626
-1.10535
-0.652832
-0.669708
-0.819581
-0.803091
-0.824885
-0.703482
-0.641122
-0.657067
-0.467829
-0.655362
-0.495272
-0.45151
-0.61108
-0.681696
-0.734842
-0.885455
-0.855014
-0.785659
-0.866555
-0.746496
-0.745741
-0.980506
-0.975793
-1.01587
-1.03483
-0.936463
-1.03064
-0.977692
-0.772633
-0.626732
-0.706105
-0.56862
-0.751682
-0.750681
-0.61413
-0.856617
-0.94327
-0.965737
-0.838068
-0.878972
-0.957451
-0.84896
-1.36057
-1.23349
-1.27985
-1.26903
-1.35263
-1.28361
-1.27461
-1.33766
-1.28867
-1.3313
-1.39728
-1.33205
-1.29087
-1.45712
-1.31201
-1.28131
-1.43339
-1.31228
-1.31626
-1.27973
-1.38561
-1.0958
-1.0353
-1.12821
-1.11951
-1.11108
-1.06876
-1.11547
-1.06666
-0.90649
-1.03605
-0.999764
-0.975118
-1.00277
-1.05868
-1.2387
-1.1835
-1.17604
-1.153
-1.20399
-1.12575
-1.20143
-1.41704
-1.27129
-1.28425
-1.29319
-1.26495
-1.33828
-1.34457
-1.13909
-1.0393
-1.08783
-1.10087
-1.11416
-1.16179
-1.11086
-1.28633
-1.28005
-1.25001
-1.20537
-1.2228
-1.24581
-1.34233
-1.24863
-1.20581
-1.23447
-1.24216
-1.26163
-1.22033
-1.22274
-1.23493
-1.17771
-1.23511
-1.24112
-1.20015
-1.20875
-1.31184
-1.27523
-1.26023
-1.37165
-1.26042
-1.30162
-1.23901
-1.30287
-1.37378
-1.30178
-1.30247
-1.37933
-1.32308
-1.29589
-1.46129
-1.33585
-1.18553
-1.22467
-1.29659
-1.33804
-1.23336
-1.26677
-1.47518
-1.32727
-1.30938
-1.29123
-1.39778
-1.30999
-1.37682
-1.3935
-1.20425
-1.23449
-1.22959
-1.24354
-1.31982
-1.27263
-1.25692
-1.17853
-1.22934
-1.35391
-1.20744
-1.34069
-1.29567
-1.34109
-1.37247
-1.2546
-1.29149
-1.2615
-1.28723
-1.45302
-0.892826
-0.797894
-0.91004
-0.896453
-0.938248
-0.854695
-0.853639
-0.73315
-0.789412
-0.770119
-0.815248
-0.826845
-0.790557
-0.865431
-0.907157
-0.923243
-0.89964
-1.00749
-0.951291
-0.869505
-0.93221
-1.18639
-1.17473
-1.11342
-1.24309
-1.15185
-1.12482
-1.30948
-1.15661
-1.03248
-0.985098
-1.07903
-1.17944
-1.04265
-1.03844
-1.20075
-1.04389
-1.06467
-1.02082
-1.13822
-1.08006
-1.0779
-0.753657
-0.779389
-0.804183
-0.920416
-0.819307
-0.829366
-0.870043
-0.910732
-0.86199
-0.932425
-1.05354
-0.864912
-1.03661
-0.951823
-0.950143
-0.88869
-1.01624
-0.965361
-0.897842
-0.922622
-1.06836
9.27802
9.20724
9.25154
9.10144
9.13478
9.08477
9.33974
9.39484
9.35502
9.37645
9.32356
9.35062
9.38623
9.2648
9.3027
9.27384
9.22751
9.28455
9.30976
9.22023
9.26414
9.22709
9.31955
9.27129
9.25443
9.31886
9.22747
9.12152
9.11532
9.17706
9.14921
9.17071
9.12217
9.10053
9.07238
9.04657
9.10922
9.04267
9.03441
9.10634
9.09996
9.13746
9.18919
9.18909
9.13954
9.17748
9.13377
9.15438
9.17749
9.15799
9.23563
9.19439
9.16431
9.18934
9.17518
9.1212
9.06474
9.13054
9.06811
9.13254
9.12129
9.06798
9.16678
9.18602
9.21984
9.15673
9.15454
9.19257
9.16646
9.23439
9.21084
9.27005
9.27413
9.14831
9.2469
9.22246
9.30451
9.31043
9.26583
9.33649
9.32126
9.24059
9.32683
9.27703
9.16589
9.23787
9.2676
9.29401
9.25248
9.22342
9.03545
9.10838
9.11326
9.1631
9.21176
9.22986
9.17031
9.17853
9.15589
9.25066
9.19568
9.20043
9.15809
9.17635
9.15509
9.12675
9.23057
9.23755
9.20976
9.14789
9.15084
9.003
9.23452
9.1422
9.14168
9.22041
9.04893
9.24702
8.90811
9.10661
9.09351
9.1953
9.25415
9.29524
9.17808
9.14394
9.25487
9.1011
9.24599
9.08965
9.23293
9.15536
-0.774211
-0.698348
-0.699781
-0.898615
-0.826057
-0.680455
-0.850651
-0.851084
-0.649566
-0.610094
-0.641178
-0.807518
-0.669614
-0.686507
-0.880834
-0.764338
-0.717444
-0.638488
-0.921235
-0.693957
-0.714281
-0.694926
-0.97872
-0.828802
-0.788279
-0.748976
-0.991675
-0.657811
-0.468656
-0.629359
-0.629227
-0.790248
-0.568998
-0.594999
-0.790182
-0.739992
-0.740072
-0.588679
-0.916818
-0.919813
-0.614023
-0.711213
-0.351006
-0.508186
-0.506989
-0.702978
-0.517961
-0.508171
-0.73208
-0.545621
-0.456805
-0.591885
-0.774342
-0.48606
-0.819191
-0.522177
-0.601689
-0.554312
-0.881061
-0.629542
-0.526798
-0.86917
-0.64712
-0.544689
-0.608278
-0.570409
-0.640806
-0.570777
-0.552713
-0.62149
-0.500591
-0.458267
-0.399507
-0.325088
-0.479553
-0.484373
-0.349524
-0.56693
-0.434488
-0.5326
-0.42497
-0.593105
-0.508419
-0.408051
-0.425908
-0.420332
-0.495114
-0.717118
-0.664961
-0.389395
-0.458505
-0.367711
-0.145535
-0.237301
-0.135663
-0.176121
-0.275136
-0.349086
-0.346247
-0.542729
-0.460468
-0.320746
-0.577991
-0.35537
-0.308519
-0.168271
-0.158938
-0.322915
-0.33879
-0.201357
-0.353354
-0.152646
-0.250426
-0.0182974
-0.19014
-0.0687693
-0.151899
-0.278413
-0.0329535
-0.227119
-0.456248
-0.361002
-0.282729
-0.247425
-0.423497
-0.243714
-0.267918
-0.429553
-0.385789
-0.384182
-0.304364
-0.34848
-0.356426
-0.146507
-0.166915
-0.100584
0.00952122
-0.110661
-0.213231
-0.0265495
-0.205167
-0.116374
-0.293336
-0.137985
-0.243818
-0.250388
-0.083709
-0.0664269
-0.114121
-0.195271
-0.263624
-0.243964
-0.0709361
-0.0837982
0.0444001
0.217986
0.130866
0.272081
0.252168
0.0857797
0.0625011
0.00888029
-0.142885
-0.153229
0.0163078
-0.163377
-0.0273212
0.030455
0.203664
0.197852
0.0198574
0.0811554
0.148952
0.0514562
0.225657
0.176356
0.355738
0.178675
0.359375
0.224255
0.160216
0.375567
0.129308
-0.0588297
-0.0246003
0.0590024
0.103275
-0.0287575
0.105869
0.00842623
-0.227972
-0.100394
-0.146816
-0.0155685
-0.0639767
-0.133776
0.138485
0.171685
0.276164
0.307646
0.154929
0.136057
0.284476
0.103569
0.216306
0.0494318
0.23019
0.0819563
0.0918719
0.244161
0.320885
0.243703
0.167394
0.149622
0.183759
0.29309
0.291732
0.47577
0.600785
0.52173
0.63518
0.618189
0.472361
0.500204
0.38183
0.27399
0.217439
0.394223
0.24354
0.343531
0.40567
0.54022
0.584711
0.416645
0.426358
0.540888
0.404826
0.565373
0.595262
0.745876
0.574947
0.697999
0.624318
0.57274
0.718168
0.489304
0.329983
0.36883
0.444382
0.493312
0.355455
0.462398
0.132857
-0.0380849
0.139644
-0.0608549
0.133605
0.146884
-0.0688038
0.249184
0.324106
0.481634
0.435976
0.239686
0.326703
0.440326
0.242618
0.424768
0.30882
0.473065
0.244734
0.317594
0.428697
0.63257
0.626086
0.534468
0.469986
0.485924
0.662386
0.611039
0.797342
0.95656
0.861666
0.945697
0.926569
0.832756
0.810126
0.670387
0.530062
0.566441
0.722286
0.520622
0.695215
0.686163
0.737669
0.778195
0.635634
0.562853
0.772473
0.569464
0.737057
0.847922
1.03462
0.885951
0.982353
0.905256
0.842706
0.994497
0.72162
0.554486
0.626289
0.744611
0.761387
0.556154
0.713556
0.0413579
-0.116627
0.0872502
-0.157488
0.0707933
0.0541859
-0.187055
0.100806
0.1387
0.342759
0.281832
0.0608622
0.180646
0.321661
0.132507
0.37971
0.248565
0.37844
0.163844
0.215799
0.349879
0.73304
0.777842
0.628935
0.56566
0.551016
0.773548
0.742134
0.861448
1.06381
0.908792
1.01014
1.02351
0.920278
0.842917
0.727271
0.520403
0.616007
0.74783
0.543109
0.762526
0.709773
0.638878
0.633282
0.510668
0.399946
0.66797
0.440076
0.603274
0.801934
1.02212
0.889755
0.998348
0.868034
0.828726
0.977079
0.666627
0.501355
0.545381
0.725718
0.700558
0.47012
0.693011
-0.340402
-0.486177
-0.278735
-0.496738
-0.279282
-0.336878
-0.546035
-0.318852
-0.293201
-0.0730558
-0.162352
-0.377705
-0.235934
-0.0967268
-0.254261
0.0297791
-0.11974
-0.0124316
-0.19651
-0.176708
-0.0327756
0.520342
0.590971
0.382637
0.358751
0.310617
0.548086
0.564341
0.614785
0.852312
0.636155
0.764685
0.809394
0.682152
0.56534
0.471856
0.205484
0.331139
0.448968
0.26007
0.498152
0.420247
0.243364
0.224555
0.109115
-0.0367289
0.280614
0.0244671
0.182393
0.455885
0.709237
0.583238
0.711712
0.532416
0.510152
0.661289
0.306221
0.146936
0.168559
0.393388
0.339866
0.0881369
0.363323
-0.861804
-0.8975
-0.736507
-0.955332
-0.817024
-0.782761
-0.978442
-0.792348
-0.703868
-0.525327
-0.666781
-0.822698
-0.664391
-0.621432
-0.730343
-0.500024
-0.569703
-0.473393
-0.688916
-0.616528
-0.555117
0.0531168
0.163301
-0.0641157
-0.104169
-0.163833
0.106539
0.114613
0.145708
0.424929
0.192137
0.299265
0.356143
0.246524
0.0895465
-0.0168316
-0.28825
-0.123386
-0.00996469
-0.231902
0.0453813
-0.0775814
-0.27056
-0.225293
-0.335942
-0.50639
-0.177408
-0.466062
-0.319183
-0.0301809
0.254463
0.133213
0.229245
0.0809794
0.0216508
0.174895
-0.203676
-0.355005
-0.283836
-0.0691036
-0.121844
-0.40411
-0.148021
-1.12747
-1.06879
-0.997343
-1.19331
-1.14411
-0.999407
-1.15803
-0.984724
-0.850147
-0.76079
-0.882249
-0.958269
-0.855431
-0.894524
-0.964349
-0.867552
-0.843002
-0.749662
-0.976814
-0.850629
-0.870206
-0.419636
-0.275106
-0.462922
-0.562724
-0.59105
-0.316698
-0.381633
-0.288444
-0.00668756
-0.197827
-0.14272
-0.109278
-0.161474
-0.31389
-0.473682
-0.654152
-0.500258
-0.39306
-0.638211
-0.359172
-0.500477
-0.590368
-0.489776
-0.592042
-0.7067
-0.475469
-0.717876
-0.591047
-0.371662
-0.12556
-0.235196
-0.19398
-0.263904
-0.357829
-0.217276
-0.558429
-0.691293
-0.575579
-0.426954
-0.451887
-0.693272
-0.544961
-0.591033
-0.620926
-0.647367
-0.721784
-0.617202
-0.650242
-0.685347
-0.882621
-0.802707
-0.834196
-0.968159
-0.958366
-0.780624
-0.879151
-0.766508
-0.652583
-0.785264
-0.740862
-0.83176
-0.694599
-0.731227
-0.596938
-0.502697
-0.601089
-0.718741
-0.694092
-0.506326
-0.610091
-0.430112
-0.253437
-0.356843
-0.309257
-0.320174
-0.355228
-0.408553
-0.600556
-0.654708
-0.595493
-0.501526
-0.691685
-0.508419
-0.574445
-0.435209
-0.498679
-0.44599
-0.496245
-0.520173
-0.465894
-0.558056
-0.373936
-0.277039
-0.361687
-0.314444
-0.354174
-0.406751
-0.291875
-0.523619
-0.541229
-0.638141
-0.495705
-0.478058
-0.589099
-0.562578
8.98925
9.07108
8.95973
9.05549
8.98818
8.9582
9.05379
0.18828
0.087178
0.189405
-0.0977912
0.167694
0.230204
-0.0577317
0.61047
0.477349
0.56463
0.417405
0.601443
0.613107
0.421744
0.982545
0.873654
0.952924
0.807521
0.968037
0.998148
0.828194
1.25558
1.17247
1.27226
1.10435
1.24839
1.2993
1.11002
1.27094
1.18883
1.35144
1.13779
1.28796
1.34115
1.11567
1.01239
0.906444
1.12709
0.874013
1.05674
1.08369
0.824982
0.557148
0.464989
0.698785
0.414424
0.610522
0.643489
0.361667
0.131682
0.0679997
0.25912
-0.000393756
0.164343
0.215416
-0.025758
-0.0536601
-0.146954
-0.0394697
-0.157589
-0.0588355
-0.0589818
-0.142624
11.7384
11.7622
11.7569
11.816
11.7193
11.6976
11.8206
11.4762
11.6916
11.6577
11.6647
11.4224
11.5014
11.7021
11.6995
11.554
11.461
11.7611
11.5342
11.7031
11.7451
11.7909
11.7943
11.7893
11.8598
11.7503
11.8597
11.7675
11.7516
11.6537
11.8171
11.5787
11.8246
11.7321
11.6383
11.7152
11.5883
11.7949
11.5408
11.7257
11.7943
11.606
11.2025
11.5924
11.6323
11.6317
11.2185
11.58
11.1767
11.5441
11.1607
11.5224
11.0359
11.5418
11.5271
11.0844
11.6704
11.2458
11.6168
11.1663
11.6123
11.6589
11.1729
11.7168
11.2453
11.6718
11.3533
11.685
11.7182
11.2246
11.5744
10.9823
11.5458
11.0053
11.5744
11.5623
10.9827
11.6914
11.6545
11.3182
11.1819
11.6577
11.688
11.1956
11.9019
11.8673
11.8866
11.958
11.8885
11.8817
11.9349
11.7422
11.6817
11.847
11.6495
11.6946
11.769
11.8316
11.7831
11.7299
11.8387
11.6756
11.7195
11.7515
11.8654
11.9538
11.9091
11.8936
11.947
11.9153
11.974
11.916
11.7814
11.831
11.7676
11.8014
11.7269
11.8645
11.7805
11.7624
11.7514
11.7141
11.8688
11.7932
11.8409
11.7587
11.7214
11.2748
11.6859
11.4283
11.7319
11.6615
11.3009
11.5645
10.8568
11.5532
11.0514
11.5464
11.5735
11.0278
11.7347
11.6582
11.456
11.3581
11.6874
11.7172
11.3354
11.4337
11.6323
11.6858
11.7187
11.5191
11.6644
11.4247
11.5244
10.9137
11.545
11.0824
11.543
11.5187
11.1067
11.7052
11.5025
11.6729
11.3861
11.6539
11.7276
11.4028
11.408
11.2623
11.2531
11.2285
11.448
11.3813
11.2516
11.2829
11.1371
11.2145
11.2232
11.2786
11.3363
11.1423
11.2339
11.4091
11.3064
11.1472
11.3577
11.2346
11.1559
11.5148
11.2859
11.2858
11.2701
11.4841
11.2626
11.5251
11.2765
11.5264
11.1821
11.4482
11.1835
11.2683
11.503
11.2466
11.4375
11.1678
11.4164
11.2551
11.1686
11.4797
11.1405
11.1229
10.9811
10.9812
11.2269
11.1243
11.1356
10.9622
10.9533
10.7668
11.0788
10.9476
10.78
11.0678
10.9911
11.2639
11.1356
11.179
11.1271
10.9882
11.1631
10.9986
11.2442
11.1319
11.3458
11.1377
10.9875
11.2264
10.9441
10.9629
10.7627
11.0917
10.9524
10.751
11.099
10.9991
11.144
11.3198
11.1978
11.1334
11.0049
11.2098
11.5292
11.3909
11.3941
11.3647
11.5745
11.6032
11.3654
11.2869
11.5516
11.1996
11.5056
11.5662
11.2963
11.1967
11.3151
11.582
11.2065
11.5183
11.5842
11.3044
11.2096
11.4362
11.4298
11.4185
11.3884
11.5533
11.395
11.517
11.3286
11.449
11.1917
11.4963
11.2028
11.3203
11.4977
11.3177
11.5762
11.2159
11.5131
11.3301
11.2034
11.5346
10.9725
11.2584
11.1404
11.3959
10.9876
11.1294
11.2655
10.8713
10.9343
10.6361
11.1107
10.8457
10.6715
11.1128
10.9671
11.1254
11.4098
11.2758
11.1339
10.9502
11.2735
10.9101
11.2328
11.0799
11.3859
11.0967
10.8811
11.2492
10.7975
10.8992
10.6092
11.1017
10.8268
10.5702
11.0903
10.9258
11.1279
11.398
11.2729
11.1125
10.9432
11.2666
11.375
11.1776
11.4253
11.1817
11.2521
11.439
11.3668
11.2962
11.3983
11.1804
11.3515
11.3378
11.3136
11.1626
11.2748
11.1157
11.1956
11.2841
11.2699
11.2549
11.1408
11.3404
10.9641
11.4143
11.1044
11.415
11.3521
11.0251
11.1735
10.839
10.9923
10.9517
11.0206
11.1546
10.9325
11.2074
11.0836
11.1135
11.0467
11.2282
11.0565
11.0281
10.825
11.2008
11.0604
11.2846
10.8556
11.0386
11.1587
10.6125
10.7254
10.2868
10.8741
10.5687
10.3429
10.9282
10.7917
10.9794
11.2253
11.0511
11.0081
10.7554
11.1067
10.6183
10.727
10.8094
10.8945
10.8482
10.5714
10.8173
10.4636
10.5257
10.2258
10.8019
10.5139
10.1633
10.7301
10.6703
10.9372
10.9952
10.9802
10.9011
10.7123
10.9075
11.3057
10.6157
11.3891
10.5258
10.6049
11.3967
11.3016
11.1056
10.7367
10.9565
10.6521
10.6375
11.1237
10.9327
11.0763
10.877
10.4264
10.5393
10.532
11.0618
10.9022
11.2768
10.5518
11.3656
10.4601
11.3383
11.2952
10.4116
11.0029
10.0548
10.7849
10.09
10.8005
10.9814
10.1254
11.0326
10.8461
10.3209
10.207
11.0361
10.8242
10.2214
10.4642
10.6174
10.7501
10.5723
10.5108
10.7137
10.5118
10.1288
10.0308
9.71929
10.082
10.0624
9.79671
10.2075
10.4031
10.6184
10.4449
10.2655
10.6583
10.3543
10.3858
10.2049
9.71547
10.4623
9.91478
10.4864
10.1727
9.85491
9.92388
9.64853
9.63619
9.93879
9.98288
9.56451
9.79773
10.2575
10.5675
10.0564
10.1317
10.5348
10.2988
10.0007
10.6601
11.1184
11.1776
11.1222
10.4297
10.4108
11.071
10.8988
10.0009
10.7547
9.79381
9.97034
10.9364
10.7286
10.8391
9.96063
10.6471
9.7317
9.95902
10.7819
10.6944
10.6848
11.0893
11.0042
10.985
10.4561
11.0591
10.4687
10.6017
9.98714
10.4226
9.71255
10.5343
10.4756
9.99441
10.6404
9.97533
10.614
9.68934
10.7297
10.5383
9.97878
10.0859
9.56295
10.4129
9.50183
10.1231
10.3886
9.41865
9.62327
8.84578
9.17831
8.80672
9.58745
9.22707
8.97367
10.0494
10.2941
9.37284
9.11924
10.3409
10.0218
9.25948
9.89823
8.82841
9.97221
9.13118
10.0966
9.81161
8.86223
9.48707
8.31726
9.11984
8.63736
9.53798
9.08782
8.48481
9.93347
10.2333
9.1469
9.00199
10.1401
9.98351
8.91257
10.5335
10.6169
10.7493
10.7601
10.4281
10.4459
10.6097
10.3312
9.99467
10.429
9.74586
9.96852
10.4785
10.2968
10.3463
9.91294
10.1525
9.74975
9.95344
10.1822
10.3074
10.4051
10.6141
10.5099
10.4771
10.3728
10.5922
10.4651
9.62931
9.78819
9.88232
10.0111
9.67529
9.96596
9.73303
10.037
9.88837
9.67676
10.1632
10.1755
9.97924
9.7725
9.67327
8.82369
9.95752
9.12181
9.78761
9.81227
8.81374
9.12597
7.81335
8.75038
8.13654
8.98336
8.84197
8.15591
9.6702
9.64824
9.1312
8.82642
9.80893
9.53784
8.83003
8.77663
9.28726
9.20567
9.37711
9.03162
9.45592
8.84814
8.81164
7.77915
8.72696
8.14477
8.96938
8.60169
8.12704
9.38526
9.06201
9.6429
8.84323
9.48181
9.53592
8.82213
10.802
10.7548
10.7608
10.5986
10.702
10.7235
10.5919
10.6148
10.4561
10.5753
10.5645
10.5236
10.6314
10.4311
10.5829
10.6234
10.5243
10.4076
10.6238
10.5731
10.4321
10.8213
10.7722
10.7647
10.5882
10.7239
10.6006
10.7188
10.5633
10.6018
10.3683
10.5006
10.3858
10.5441
10.6139
10.567
10.6253
10.4099
10.5071
10.58
10.3914
10.615
10.3545
10.4254
10.2976
10.2776
10.4423
10.4023
10.3415
10.2233
10.158
10.0676
10.2322
10.1955
10.1047
10.252
10.2811
10.4393
10.3809
10.3217
10.401
10.2499
10.3302
10.1916
10.252
10.3045
10.3936
10.3391
10.1556
10.2738
10.1445
10.0866
10.0528
10.2101
10.1833
10.0147
10.1886
10.209
10.3772
10.4058
10.3097
10.3506
10.2409
10.2916
10.5477
10.8327
10.7195
10.6897
10.7034
10.742
10.5295
10.5026
10.5981
10.3652
10.4462
10.584
10.5318
10.3319
10.4826
10.2657
10.5583
10.4305
10.574
10.4468
10.3075
10.4826
10.8254
10.7038
10.6779
10.6754
10.5196
10.6656
10.3561
10.4648
10.1003
10.3214
10.1579
10.3064
10.4898
10.386
10.2389
10.539
10.3562
10.4274
10.1901
10.5169
10.0899
10.2243
10.2898
10.3242
10.1353
10.2513
10.1953
9.94835
9.89584
9.73895
9.98513
9.88693
9.80415
10.0274
10.0607
10.1687
10.2949
10.1215
10.2203
10.0033
10.1572
9.83932
9.93276
9.9575
10.155
10.0219
9.76649
9.98463
9.75677
9.73089
9.67409
9.9308
9.82968
9.59863
9.88086
9.89508
10.129
10.1998
10.0793
10.0719
9.95942
10.0383
10.3259
10.7533
10.5051
10.5333
10.5619
10.5508
10.2741
10.2134
10.4323
10.0564
10.2027
10.402
10.2669
9.99159
10.1628
9.86303
10.3214
10.1509
10.3603
10.1027
9.93425
10.1636
10.6856
10.4635
10.4948
10.4136
10.2252
10.4606
9.88915
10.109
9.52314
9.90643
9.61933
9.81151
10.1626
9.96907
9.79001
10.271
9.98063
10.0399
9.70773
10.2224
9.61403
9.86697
9.89596
10.0039
9.69601
9.82378
9.80353
9.3208
9.30257
9.00553
9.42014
9.21441
9.12037
9.50983
9.52906
9.66405
9.93762
9.64828
9.74674
9.43416
9.7243
9.09537
9.2514
9.25369
9.63327
9.3651
8.96504
9.35665
8.96505
8.94123
8.86661
9.30871
9.09096
8.72979
9.20237
9.21824
9.57145
9.72339
9.55509
9.47425
9.33094
9.46433
9.81342
10.4721
10.0492
10.139
10.2009
10.1164
9.72775
9.62995
10.0386
9.42066
9.66981
9.97325
9.72107
9.31092
9.52744
9.06932
9.816
9.57344
9.89283
9.42678
9.19241
9.54599
10.2567
9.97228
10.0552
9.8978
9.63791
9.96907
9.08563
9.40518
8.52452
9.14308
8.66403
8.97154
9.51381
9.20545
8.93752
9.72381
9.27096
9.31386
8.80402
9.62986
8.09509
7.50544
7.73454
8.10642
8.34334
7.9128
8.49758
8.66874
9.1258
9.12634
9.34344
8.81905
8.99911
9.00551
8.4988
8.72828
8.70815
9.22469
8.85189
8.32683
8.86187
7.48374
7.21027
6.96434
7.45976
8.14874
7.67362
7.98256
7.74262
8.09583
8.05174
8.71736
8.21559
7.54376
8.25338
7.94644
8.57039
8.54522
8.86289
8.38882
8.13527
8.4263
9.03949
9.72891
9.3635
9.31346
9.43125
9.45465
8.93439
8.73018
9.27771
8.38114
8.7539
9.15678
8.84686
8.241
8.60122
7.95648
8.88866
8.60783
9.01768
8.4819
8.09813
8.72563
9.33201
9.26021
9.18162
9.17347
8.82607
9.05446
8.11626
8.29557
7.43538
8.05104
7.55623
8.01053
8.4454
8.23934
7.81859
8.74146
8.19699
8.35399
7.68647
8.6029
6.148
5.24655
5.49438
6.23718
6.71143
6.02437
6.90415
7.14095
7.90066
7.87589
8.26118
7.33851
7.71123
7.73267
6.94414
7.38121
7.38115
8.0918
7.54002
6.75352
7.54243
5.53293
4.98354
4.76115
5.6151
6.49172
5.80498
6.30996
6.24154
6.76698
6.79176
7.45034
6.9242
6.08698
6.89918
6.39782
7.20587
7.2186
7.61599
7.07082
6.57431
7.05745
8.25348
8.48459
8.68933
8.10022
8.27084
8.74607
8.18337
7.80199
8.12667
7.31643
7.62147
7.96522
7.8951
7.21181
7.698
7.01857
7.61534
7.46091
7.7853
7.6175
7.10624
8.04988
7.93027
8.61465
7.91049
8.56897
8.10316
7.73101
7.38507
6.88041
6.72185
6.77803
6.77512
7.33124
7.05907
7.46366
6.92725
7.42718
6.96529
7.52737
6.85542
7.2506
5.82852
6.62547
6.66144
6.98438
5.95431
6.54841
6.50154
4.903
4.91917
3.94184
5.41053
4.80801
4.01998
5.53017
5.71895
6.34449
6.82071
6.23857
6.43503
5.62296
6.36493
5.38445
5.64451
6.03758
6.18267
6.09698
5.32617
5.79452
4.65571
4.65557
3.88619
5.28503
4.72739
3.83613
5.17343
5.45375
6.24774
6.35171
6.09133
6.1757
5.53307
5.95114
7.80635
7.18818
8.1558
6.76945
6.874
8.25706
7.7564
7.22354
6.69789
6.65238
6.23971
6.52801
7.26075
6.60734
7.17164
6.52578
6.20184
6.05739
6.35733
7.12899
6.54713
7.63856
7.04801
8.11273
6.70665
7.98026
7.71921
6.66027
6.96775
5.90548
6.34519
5.51622
6.403
6.86425
5.94558
6.9985
6.4871
6.07626
5.59853
7.0693
6.45119
5.98979
5.23454
5.48456
5.96596
5.68764
5.26941
5.92804
5.33368
4.41962
4.13246
3.7127
4.40321
4.40923
3.72487
4.53484
5.18749
5.84781
5.51197
5.01295
5.87026
5.16709
5.16602
5.09474
4.45751
5.7197
4.919
5.75589
5.09768
4.56025
4.39888
3.73603
3.69628
4.26292
4.39323
3.6883
4.13899
5.12592
5.81227
5.03133
4.84598
5.80257
5.1268
4.70213
6.99076
7.4913
7.62986
7.31591
6.6123
6.63315
7.20304
6.74263
5.90011
6.30699
5.39401
5.88775
6.8447
6.24733
6.69749
5.89085
6.16823
5.40379
5.88857
6.63902
6.21841
6.82534
7.42152
7.27024
7.0106
6.64322
7.1368
6.57615
5.75169
5.91989
6.18207
6.41146
5.47833
6.06549
5.81418
6.43764
5.88916
5.46386
6.15515
6.56774
6.06047
5.85256
5.06774
4.34786
5.68195
4.74494
5.06766
5.65022
4.28021
4.33842
3.1704
3.72682
3.55869
4.31621
3.71266
3.60486
5.05348
5.51988
4.72414
4.22995
5.60505
5.03459
4.23864
4.28962
5.25237
4.88162
4.9805
4.70994
5.38981
4.28299
4.27707
3.0662
3.73557
3.55712
4.3415
3.72541
3.54351
4.96055
4.69631
5.48723
4.24979
5.36434
5.05534
4.24943
10.2495
10.1871
10.1983
10.1176
10.2034
10.0645
10.1003
10.1922
10.0414
10.1272
10.1163
10.0792
10.1543
10.0099
10.1381
10.1345
10.0722
9.98893
10.1343
10.1287
10.0226
10.2106
10.2106
10.1921
10.0849
10.159
10.1117
10.1482
10.1228
10.1067
9.96565
10.0518
9.98423
10.1022
10.1189
10.1178
10.1369
10.003
10.0597
10.1374
9.97795
10.1294
10.004
10.0698
9.93831
9.91295
10.0619
10.044
9.97302
9.95392
9.88838
9.80519
9.9349
9.93858
9.826
9.95229
9.91852
10.0584
10.0393
9.97324
10.0563
9.89504
9.99102
9.88849
9.93239
10.0065
10.0114
10.0258
9.87039
9.95046
9.91674
9.85268
9.81388
9.92929
9.94076
9.80032
9.91142
9.88148
10.0412
10.0193
9.97095
10.0268
9.90138
9.95586
10.1969
10.1647
10.1897
10.0861
10.1068
10.1221
10.0656
10.0744
10.0992
9.97267
10.0159
10.0851
10.099
9.95529
10.068
10.0618
9.94898
10.0036
10.0733
10.0348
9.96879
10.1668
10.1633
10.1419
10.0442
10.094
10.0728
10.084
10.0001
9.98443
9.87403
9.94026
9.90271
9.96806
10.005
10.0077
10.0448
9.94524
9.96061
10.0327
9.91244
10.0261
9.85832
9.92405
10.0027
9.96614
9.87561
9.97479
9.90648
9.84624
9.77671
9.75061
9.82447
9.81155
9.77626
9.84179
9.86627
9.94527
9.95322
9.87111
9.97368
9.84636
9.89013
9.79706
9.78496
9.828
9.8761
9.86924
9.76319
9.80688
9.76373
9.71986
9.73268
9.80118
9.79428
9.70124
9.77934
9.81515
9.93054
9.89857
9.84971
9.8949
9.8421
9.83076
9.95927
10.0734
10.0244
9.95593
9.98387
10.0644
9.9214
9.91413
9.96313
9.86002
9.86153
9.93884
9.94846
9.82491
9.89014
9.76558
9.87381
9.82545
9.90595
9.85279
9.80347
9.84438
9.99645
9.99288
9.92278
9.94303
9.89264
9.89037
9.71843
9.7089
9.57158
9.65872
9.63341
9.66114
9.75328
9.76947
9.72971
9.83523
9.70544
9.81642
9.68051
9.79843
9.69592
9.75648
9.79981
9.79725
9.73338
9.76293
9.73004
9.5947
9.56386
9.50132
9.58441
9.5626
9.53276
9.6249
9.66034
9.6948
9.75695
9.64812
9.73377
9.62925
9.6866
9.49335
9.43317
9.50317
9.57381
9.55678
9.4416
9.48945
9.47913
9.41841
9.45589
9.53294
9.51502
9.42078
9.48397
9.54715
9.65632
9.62959
9.59618
9.60866
9.58769
9.54849
9.56506
9.77115
9.61504
9.59159
9.65126
9.68407
9.49627
9.5347
9.6577
9.50844
9.49174
9.60473
9.60193
9.4417
9.45944
9.28858
9.472
9.42201
9.53878
9.38527
9.36376
9.3363
9.58654
9.53768
9.51871
9.45813
9.41763
9.44767
9.10024
9.12559
8.89705
9.07953
8.99554
9.00368
9.21748
9.20996
9.19564
9.39087
9.18236
9.29447
9.10944
9.31323
9.30736
9.36607
9.43483
9.39898
9.37229
9.36984
9.30067
9.1665
9.0737
9.05058
9.08556
9.09687
9.12488
9.16197
9.22181
9.21041
9.3282
9.14749
9.28543
9.14678
9.2266
8.8428
8.75702
8.81047
8.98572
8.90845
8.74468
8.86141
8.91952
8.80926
8.96064
9.00075
8.99873
8.88269
8.92122
8.9625
9.11207
9.08653
9.05678
9.02639
9.04782
8.96871
8.76294
9.11242
8.80251
8.78181
8.9134
8.92585
8.63048
8.76004
9.01142
8.76063
8.73259
8.90155
8.87324
8.644
8.60377
8.33689
8.63218
8.58085
8.7647
8.46982
8.47824
7.92751
7.49883
7.69737
7.88757
7.83689
7.69521
8.11215
8.29412
8.71659
8.64083
8.62049
8.49443
8.45279
8.4602
8.12088
8.06024
8.13275
8.46826
8.28138
7.95991
8.31021
8.23486
8.13807
8.25832
8.32661
8.26602
8.21402
8.4232
8.48748
8.6285
8.67297
8.65827
8.60329
8.55929
8.50329
8.31995
8.19582
8.26356
8.5179
8.39845
8.17316
8.34361
7.33929
7.46258
7.34579
7.53799
7.81877
7.68017
7.56598
7.64013
7.97833
7.81979
7.88139
8.15934
8.02748
8.03852
7.77807
8.07061
7.9846
8.07592
7.91396
7.99038
7.84312
1.96415
-0.298718
1.01088
0.946098
1.00843
1.95846
-0.251817
1.94366
3.91024
2.96834
3.11129
3.11516
3.04187
1.91466
0.91848
1.11317
-0.17101
2.00404
1.97198
0.885099
-0.226776
1.92613
3.72338
2.92444
3.09557
2.88741
1.91747
3.08261
0.968542
2.09977
0.197658
1.44733
0.118472
1.01277
2.08706
0.910807
-0.0845484
2.03113
1.38425
0.896139
0.000491936
2.0624
-0.600096
-0.758826
-1.2709
-1.3338
0.0325148
-0.83164
-0.316766
-0.667762
-1.06652
-1.07982
-0.897152
-0.451194
-0.983129
-0.529503
-1.35479
0.11081
-0.105633
-0.81012
-0.793389
-1.28564
-0.254054
-0.476674
-1.12748
-1.10171
-1.02251
-0.372201
-1.08917
-0.344721
-0.990625
0.265855
-0.493922
0.603183
-0.610882
-0.887275
0.178669
-1.09473
-0.0377619
-0.765337
0.497626
-0.707284
-1.16276
0.0779521
2.11739
3.39675
2.91611
2.83561
2.89051
2.8866
2.17023
1.16218
2.1204
0.323846
1.57652
2.12892
1.0905
0.42364
1.25197
0.647273
2.11233
1.59731
2.12213
1.33167
0.541048
2.26446
3.13265
2.92834
2.76135
2.95003
2.20671
2.69967
1.57167
1.97916
1.03899
1.58986
0.947237
1.63022
2.02385
1.49348
0.755222
2.08639
1.60906
1.41798
0.856338
2.06007
-0.684693
0.348678
-0.384902
0.861414
-0.79873
-0.260489
0.428207
-0.81111
-0.180688
-0.948768
0.166986
-0.689077
-1.0623
0.0899141
-0.579616
-0.000471715
0.92681
0.570154
-0.121165
-0.456384
0.503422
-0.106966
0.736111
0.461198
1.07585
0.357182
0.00722394
0.709528
-0.489179
0.00549185
-0.925866
0.238353
-0.619965
-0.797673
0.297095
-0.219848
0.12907
1.0563
0.6243
0.241134
-0.347856
0.670286
2.40485
2.64737
3.07367
2.20152
2.28321
3.03554
2.4542
1.73899
1.91994
1.10294
1.50452
1.87388
1.67379
1.17259
1.78259
1.29929
1.76056
1.46587
1.81458
1.83213
1.23262
2.52124
2.49072
3.08612
2.13481
3.09731
2.48922
2.09292
1.96011
1.61992
1.49302
1.3168
1.45283
1.99855
1.6272
1.91675
1.36001
1.7043
1.34532
1.87175
1.41092
1.65798
0.19663
0.751429
0.563277
1.08642
0.0958993
0.647724
0.758973
-0.061197
0.189043
-0.301545
0.449914
0.0274411
-0.395514
0.44282
0.275228
0.78903
1.07231
0.751979
0.721794
0.364689
0.756934
0.537704
0.664302
1.00076
0.946027
0.940297
0.588726
0.687364
0.159649
0.21313
-0.243773
0.442171
0.0862638
-0.164324
0.435893
0.498063
0.845421
0.983183
0.733154
0.899286
0.427583
0.719301
2.58202
3.08889
3.10229
2.6332
2.20472
2.17814
2.63271
2.06125
1.6198
1.52874
1.28524
1.62617
2.03241
1.59323
2.0739
1.66486
1.6891
1.28335
1.63796
2.10187
1.63915
2.59481
3.05185
3.00512
2.64349
2.23961
2.65304
2.26537
2.04948
1.67243
1.74904
1.41216
1.82545
1.95857
1.69225
2.05721
1.68203
1.73533
1.36504
2.09572
1.75171
1.68235
0.693081
0.641877
1.03693
0.897599
0.634612
1.08949
0.62903
0.380827
0.129346
0.114321
0.311179
0.42648
0.0683832
0.326901
0.731718
1.17369
0.871012
0.591104
1.12676
0.793597
0.604571
0.942555
0.652013
1.1513
0.903883
1.21402
0.951256
0.637686
0.486547
0.0759243
0.134818
0.290656
0.458854
0.188392
0.271004
0.879029
1.18474
0.872875
0.592732
1.16675
0.842971
0.605071
2.12292
2.5008
2.6473
2.45686
2.3872
2.31951
2.33559
1.8859
1.66616
1.80407
1.45455
1.61141
1.99884
1.70224
1.90644
1.49121
1.60233
1.45881
1.5596
1.77438
1.73073
1.59666
2.4095
2.32107
2.21579
2.35925
2.25991
2.79027
0.71037
1.25681
1.40861
1.51992
1.46823
1.3896
0.904334
1.62888
1.37485
1.41334
1.59179
1.72097
1.44981
1.1329
0.946918
0.685392
1.21759
0.907616
1.01037
1.1291
0.687354
0.559994
0.106776
0.274368
0.291215
0.508996
0.284715
0.311105
0.989235
1.07266
0.898151
0.691616
1.17643
0.90435
0.707783
0.56942
0.783979
0.639907
0.733097
0.604383
0.898779
0.676993
0.462807
0.112387
0.268869
0.264624
0.489777
0.258402
0.230467
0.816656
0.69734
1.07225
0.686036
0.983662
0.883917
0.652179
9.75937
9.64989
9.72169
9.58158
9.62633
9.54931
9.7538
9.84727
9.81819
9.77204
9.78149
9.84098
9.73671
9.71949
9.75012
9.65907
9.68653
9.74007
9.73143
9.64067
9.72406
9.63491
9.72256
9.67993
9.7311
9.70461
9.64668
9.72417
9.8128
9.82507
9.76517
9.79995
9.73723
9.7559
9.67771
9.68115
9.61215
9.64004
9.62318
9.66336
9.69378
9.68334
9.63777
9.7165
9.6544
9.70036
9.62328
9.70795
9.55316
9.57705
9.63092
9.63257
9.55927
9.61731
9.5736
9.4958
9.45916
9.43674
9.51354
9.48936
9.44469
9.51286
9.55594
9.59175
9.62631
9.56613
9.6115
9.54457
9.56778
9.51392
9.53751
9.5534
9.59426
9.5654
9.51115
9.54545
9.46919
9.45702
9.43416
9.50693
9.47895
9.4217
9.50781
9.52497
9.58434
9.60881
9.56081
9.57108
9.53803
9.56035
9.67003
9.72871
9.70473
9.65675
9.67399
9.72734
9.64921
9.63115
9.66444
9.60254
9.59869
9.65314
9.64998
9.58777
9.61187
9.56075
9.6104
9.57658
9.62515
9.59828
9.56934
9.60246
9.66741
9.6824
9.62806
9.6513
9.62652
9.61036
9.52076
9.51012
9.4625
9.47973
9.49023
9.49257
9.53504
9.55318
9.53876
9.58462
9.5071
9.57037
9.52063
9.56222
9.49424
9.52005
9.54291
9.55439
9.50088
9.52922
9.50891
9.42225
9.40229
9.38451
9.43422
9.41841
9.38445
9.44797
9.47689
9.50467
9.53338
9.47198
9.51333
9.46662
9.48986
9.41384
9.35887
9.42738
9.4397
9.44767
9.39783
9.39035
9.38366
9.34165
9.36597
9.41757
9.3968
9.35429
9.39735
9.43414
9.48511
9.46573
9.44679
9.4754
9.44571
9.41839
9.41467
9.52299
9.42566
9.42939
9.4691
9.46014
9.37378
9.4178
9.48413
9.4235
9.39174
9.45351
9.45244
9.39072
9.37266
9.31151
9.39053
9.35992
9.42344
9.33312
9.34846
9.29091
9.38115
9.38303
9.37945
9.34928
9.32757
9.32534
9.19159
9.2084
9.11618
9.19736
9.16287
9.15566
9.26335
9.23967
9.26235
9.35496
9.2429
9.28301
9.22085
9.3155
9.20406
9.21236
9.24708
9.2842
9.23635
9.25032
9.2691
9.33963
9.33527
9.38891
9.35676
9.37179
9.36203
9.29599
9.3115
9.22314
9.29161
9.33074
9.32229
9.27475
9.26633
9.06237
9.18943
9.1583
9.204
9.21235
9.22663
9.18348
9.14769
9.05455
9.12536
9.20091
9.16267
9.10112
9.09405
9.20436
9.18208
9.2466
9.23552
9.21427
9.23741
9.14181
9.03795
9.06024
9.01987
8.9047
8.98033
9.09458
8.97158
9.078
9.14906
9.05991
8.99946
9.09185
9.11521
9.02962
9.0249
8.92644
8.9651
8.92388
9.02522
8.98502
8.96776
8.75787
8.64847
8.72837
8.78912
8.56434
8.72546
8.79195
8.82268
8.8379
8.94239
8.81433
8.87113
8.89762
8.72516
8.86006
8.66809
8.85139
8.92071
8.92143
8.78622
8.82499
8.75454
8.9456
8.95573
9.04004
9.26773
9.05931
9.07008
8.99184
8.99604
9.06778
9.11248
9.04843
9.03129
8.96534
8.93452
8.79331
8.96193
9.02623
8.99558
8.90924
8.87092
8.45901
8.72256
8.71757
8.76934
9.08068
8.87343
8.56989
8.69601
8.89205
8.88523
8.91468
8.93615
8.90428
9.10161
8.8095
8.90389
8.67052
8.9215
8.88089
8.84227
8.61108
-0.786889
-1.13799
-1.14043
-1.18435
-0.845814
-0.776867
-1.17076
-1.19711
-0.413248
-0.991556
-0.550404
-0.591844
-1.10227
-1.12157
-1.22343
-0.815568
-1.18292
-0.741202
-0.734275
-1.17012
-1.19531
-1.05633
-0.260412
-0.987741
-0.508722
-0.870043
-1.15403
-0.461802
-1.12151
-0.55502
-1.10629
-0.708987
-1.18125
-1.01622
-0.608836
-1.11105
-1.2222
-0.685658
-0.742833
-1.18652
-1.16448
-0.654026
-0.981165
-1.1304
-1.16483
-1.20431
-0.982294
-1.17476
-0.98394
-1.13108
-1.29512
-1.26181
-1.24393
-1.04245
-1.29611
-1.08071
-1.21959
-0.90448
-0.978324
-1.24504
-1.20661
-1.25816
-0.975631
-1.03153
-1.28958
-1.32303
-1.33404
-1.11133
-1.28157
-1.00422
-1.25632
-0.858475
-1.19114
-0.862151
-1.24162
-1.24093
-0.893882
-1.25397
-0.971825
-1.25816
-0.871728
-1.2495
-1.25494
-0.9394
-0.801697
-0.0499141
-0.463896
-0.213677
-0.244813
-0.555161
-0.710574
-0.901485
-0.511135
-1.1092
-0.582891
-0.46389
-1.01645
-1.03123
-0.888825
-0.937278
-0.387138
-0.550802
-0.426373
-0.787852
-1.02283
-0.583509
-0.0026026
-0.419425
-0.19652
-0.34638
-0.662971
-0.178811
-0.62378
-0.313128
-0.72777
-0.441026
-0.794094
-0.548359
-0.329352
-0.66225
-0.905707
-0.362869
-0.456972
-0.744413
-0.814358
-0.338467
-0.880031
-1.10959
-1.17474
-1.217
-0.831736
-1.1703
-0.857703
-1.17451
-0.833468
-1.17459
-0.718673
-1.23618
-1.10785
-0.793846
-1.14412
-0.720403
-0.964316
-0.669668
-1.06411
-1.06292
-0.752182
-0.779827
-1.08127
-1.00726
-1.07065
-0.796181
-1.15033
-0.761623
-0.957101
-0.612698
-0.777322
-0.553577
-0.858681
-0.874604
-0.63434
-0.955761
-0.688906
-0.952152
-0.573382
-0.862033
-1.05127
-0.658369
-0.386327
-0.0632868
-0.101224
-0.203078
-0.197382
-0.150556
-0.34235
-0.485116
-0.314344
-0.719206
-0.412422
-0.305865
-0.53538
-0.66226
-0.474165
-0.603607
-0.317457
-0.418413
-0.316001
-0.426319
-0.651958
-0.289264
-0.119094
-0.0898181
-0.235516
-0.0521393
-0.336772
-0.241767
-0.398499
-0.400023
-0.52684
-0.464786
-0.541862
-0.368464
-0.389543
-0.404101
-0.588376
-0.345812
-0.440568
-0.433299
-0.54757
-0.355425
-0.817735
-0.598496
-0.777323
-0.511366
-0.878949
-0.718509
-0.582302
-0.856272
-0.679743
-0.799247
-0.641106
-0.800594
-0.852153
-0.654083
-0.800449
-0.662672
-0.512193
-0.571618
-0.707442
-0.751728
-0.579077
-0.685252
-0.584497
-0.57656
-0.534601
-0.597355
-0.648894
-0.585132
-0.736417
-0.650107
-0.777342
-0.638088
-0.775329
-0.730059
-0.63047
-0.695818
-0.649891
-0.522861
-0.576386
-0.614983
-0.735413
-0.575013
-0.167024
-0.138095
0.00930849
-0.292475
-0.29289
0.00023306
-0.133348
-0.340927
-0.421306
-0.515389
-0.499559
-0.420813
-0.368312
-0.48054
-0.329923
-0.429785
-0.450508
-0.52063
-0.439036
-0.294727
-0.471259
-0.100143
-0.192747
-0.00312579
-0.294831
-0.0558364
-0.112364
-0.295183
-0.291974
-0.494948
-0.411161
-0.537847
-0.403093
-0.342648
-0.469036
-0.306449
-0.418895
-0.462688
-0.547518
-0.298028
-0.405312
-0.4719
-0.624612
-0.602829
-0.579983
-0.569209
-0.655985
-0.546751
-0.602735
-0.649263
-0.622316
-0.619951
-0.637615
-0.634752
-0.633948
-0.634123
-0.618838
-0.508843
-0.587307
-0.622794
-0.540278
-0.590121
-0.615733
-0.544757
-0.630803
-0.492199
-0.613573
-0.490823
-0.532517
-0.633622
-0.5895
-0.617285
-0.607546
-0.645955
-0.611896
-0.593891
-0.646421
-0.554678
-0.500983
-0.619063
-0.637918
-0.490315
-0.576184
-0.637924
-0.550028
-0.522065
-0.382798
-0.338588
-0.515303
-0.44868
-0.43525
-0.411588
-0.509282
-0.422268
-0.563952
-0.55227
-0.344838
-0.445156
-0.458942
-0.646826
-0.507174
-0.583322
-0.598656
-0.508236
-0.481969
-1.05661
-0.693634
-0.876401
-0.670245
-0.531441
-0.570594
-0.676528
-0.843046
-0.812179
-0.697216
-0.671189
-0.657799
-0.944201
-0.844197
-0.70876
-0.715139
-0.555343
-0.633479
-0.611176
-0.593952
-0.765633
-0.518825
-0.622714
-0.497689
-0.620785
-0.524942
-0.508828
-0.616841
-0.505638
-0.558698
-0.465939
-0.582679
-0.496057
-0.486456
-0.602089
-0.518896
-0.546291
-0.631879
-0.60363
-0.528985
-0.516227
-0.614757
-0.535048
-0.615795
-0.682728
-0.706143
-0.649411
-0.533433
-0.601969
-0.482649
-0.483765
-0.442103
-0.571225
-0.48811
-0.42399
-0.548517
-0.523519
-0.579849
-0.67073
-0.604115
-0.607262
-0.523231
-0.593419
-2.65827
-2.61722
-2.62509
-1.21557
-1.16961
-1.0605
-1.12193
-1.18007
-0.874194
-0.778329
-0.817874
-0.88169
-1.16014
-0.764872
-1.32479
-1.21477
-0.772899
-0.974888
-1.20515
-1.29875
-0.808443
-2.60556
-3.75193
-2.85081
-1.13463
-1.86482
-1.32504
-1.7629
-1.23373
-1.55314
-0.734234
-1.19748
-0.710239
-1.17652
-1.4863
-1.31912
-1.54059
-0.79895
-1.16302
-1.4351
-0.750496
-1.43569
-0.508959
-0.667027
-0.731277
-0.876777
-0.530369
-0.729619
-0.692451
-0.402903
-0.439032
-0.249237
-0.608077
-0.382728
-0.276612
-0.603808
-0.500383
-0.750858
-0.972352
-0.772279
-0.761889
-0.473379
-0.748618
-0.399904
-0.822346
-0.702579
-1.0973
-0.707157
-0.414921
-0.821717
-0.353513
-0.400699
-0.228371
-0.621182
-0.363521
-0.209786
-0.618411
-0.439612
-0.769502
-1.09243
-0.817282
-0.748583
-0.459528
-0.826711
-1.94529
-1.34572
-1.30381
-1.12131
-1.42942
-1.42665
-1.13138
-1.01549
-1.46286
-0.679131
-1.22201
-1.45173
-1.03436
-0.708618
-0.902769
-1.39168
-0.690264
-1.1772
-1.43356
-0.933113
-0.65722
-1.49274
-1.29496
-1.37287
-1.0298
-1.39171
-1.02071
-1.34502
-0.913661
-1.1457
-0.705982
-0.987566
-0.674456
-0.985052
-1.19336
-0.940855
-1.33037
-0.655939
-1.04358
-0.871828
-0.690069
-1.26605
-0.39351
-0.794369
-0.647216
-1.05707
-0.373216
-0.647
-0.783566
-0.290135
-0.270561
-0.145368
-0.492104
-0.306983
-0.144974
-0.508307
-0.361206
-0.621169
-1.0039
-0.71728
-0.602671
-0.387038
-0.738594
-0.391771
-0.59699
-0.662865
-0.825995
-0.625756
-0.418257
-0.610532
-0.325534
-0.2212
-0.140498
-0.453349
-0.302532
-0.145889
-0.440552
-0.396572
-0.600154
-0.877145
-0.671036
-0.63311
-0.369835
-0.650849
-1.17477
-1.13783
-1.17993
-0.903478
-1.10872
-1.11826
-0.988959
-1.00803
-1.08947
-0.698579
-0.909125
-1.05977
-0.954945
-0.727478
-0.960691
-0.998214
-0.754709
-0.886808
-1.01759
-0.997533
-0.726103
-1.0677
-1.02452
-0.992718
-1.04823
-1.07329
-0.975085
-1.06598
-0.945913
-0.967746
-0.829674
-0.880553
-0.812599
-0.978714
-0.957434
-0.984829
-0.970305
-0.760602
-0.87952
-0.95195
-0.786939
-0.964043
-0.446484
-0.569847
-0.660096
-0.750673
-0.424986
-0.692887
-0.570132
-0.412462
-0.20806
-0.204716
-0.410722
-0.434204
-0.189286
-0.39424
-0.461205
-0.716043
-0.72941
-0.569488
-0.688322
-0.479086
-0.558902
-0.559867
-0.632072
-0.769442
-0.74143
-0.748258
-0.572449
-0.606376
-0.478133
-0.272345
-0.224247
-0.418301
-0.457222
-0.24679
-0.442216
-0.518976
-0.715177
-0.733859
-0.57241
-0.740188
-0.503892
-0.591
-1.09886
-1.05499
-1.02684
-1.1247
-1.11169
-1.09196
-1.17196
-0.983119
-0.977883
-0.871771
-0.926596
-0.997706
-0.943407
-0.895577
-0.968779
-1.04618
-0.987264
-0.958102
-1.02186
-1.00689
-0.965495
-1.13835
-1.08105
-1.1006
-1.22595
-1.13475
-1.19041
-1.15082
-1.10109
-1.16364
-1.19442
-1.10841
-1.20528
-1.12826
-1.14117
-1.05656
-1.07851
-1.08129
-1.05753
-1.02189
-1.09388
-1.10328
-0.644237
-0.661727
-0.792576
-0.810114
-0.631936
-0.815088
-0.695552
-0.651134
-0.4637
-0.491077
-0.649872
-0.676135
-0.447276
-0.605581
-0.725715
-0.87581
-0.845575
-0.777804
-0.856332
-0.737172
-0.738575
-0.972149
-0.968419
-1.02525
-1.00699
-1.02073
-0.969691
-0.928987
-0.767183
-0.622683
-0.564169
-0.700642
-0.744726
-0.609911
-0.746276
-0.84829
-0.933093
-0.956512
-0.830259
-0.947936
-0.839897
-0.871224
-1.21899
-1.23516
-1.2259
-1.31555
-1.25597
-1.24486
-1.32779
-1.19997
-1.20126
-1.3038
-1.20755
-1.2185
-1.18467
-1.27356
-1.25101
-1.25594
-1.33494
-1.25285
-1.24845
-1.26115
-1.3721
-1.22526
-1.25715
-1.26351
-1.34886
-1.2698
-1.3405
-1.27441
-1.3282
-1.28203
-1.38815
-1.32417
-1.44678
-1.32361
-1.28331
-1.30182
-1.27223
-1.42162
-1.30475
-1.30505
-1.3754
-1.27145
-1.08798
-1.02817
-1.10908
-1.12011
-1.10664
-1.10166
-1.06196
-1.06145
-0.903359
-0.996183
-1.03202
-1.05392
-0.971324
-0.998521
-1.23053
-1.17476
-1.16853
-1.14693
-1.19416
-1.19399
-1.11939
-1.4104
-1.26723
-1.28686
-1.27902
-1.33066
-1.33894
-1.26046
-1.13499
-1.03701
-1.09731
-1.08423
-1.15688
-1.10793
-1.11096
-1.27968
-1.27101
-1.24399
-1.1998
-1.23808
-1.33452
-1.21764
-1.2398
-1.25843
-1.26698
-1.30477
-1.24615
-1.25367
-1.28952
-1.32964
-1.28959
-1.43407
-1.31542
-1.28528
-1.33784
-1.36989
-1.32945
-1.27232
-1.34038
-1.31524
-1.28319
-1.31521
-1.4077
-1.20253
-1.23617
-1.21736
-1.24207
-1.23035
-1.25574
-1.21669
-1.23168
-1.17614
-1.23758
-1.23279
-1.30712
-1.19701
-1.20673
-1.27101
-1.25726
-1.36546
-1.25732
-1.29654
-1.29786
-1.23628
-1.36923
-1.29831
-1.37288
-1.2992
-1.45518
-1.31823
-1.29288
-1.33396
-1.18553
-1.2963
-1.2247
-1.26544
-1.33743
-1.23302
-1.47072
-1.32342
-1.30684
-1.28929
-1.39318
-1.37319
-1.3077
-1.39076
-1.2038
-1.22859
-1.23364
-1.31738
-1.27114
-1.24297
-1.25669
-1.17963
-1.35378
-1.22992
-1.33942
-1.29629
-1.20834
-1.33832
-1.36852
-1.25341
-1.29001
-1.28477
-1.4491
-1.26061
-0.98495
-0.97286
-1.0087
-1.04806
-0.97936
-1.02563
-1.00992
-1.12062
-1.13319
-1.22491
-1.11893
-1.09424
-1.15354
-1.1503
-1.06354
-0.991711
-1.05261
-1.06839
-1.03797
-1.02458
-1.12305
-0.798216
-0.894885
-0.85227
-0.891113
-0.910141
-0.936691
-0.854547
-0.734495
-0.789705
-0.77055
-0.815458
-0.827721
-0.864856
-0.791673
-0.906989
-0.923989
-0.900401
-1.00593
-0.950827
-0.931852
-0.870556
-1.18587
-1.17482
-1.24126
-1.114
-1.30705
-1.15192
-1.12529
-1.15887
-1.03474
-1.08155
-0.98775
-1.04134
-1.18161
-1.04504
-1.19975
-1.04491
-1.06568
-1.02203
-1.13856
-1.07863
-1.08091
-0.755619
-0.781223
-0.805486
-0.920984
-0.821416
-0.871146
-0.831066
-0.91428
-0.864662
-1.05566
-0.935149
-1.03931
-0.954402
-0.867781
-0.950784
-0.890802
-1.01632
-0.966689
-0.924023
-1.06797
-0.899416
9.27282
9.20349
9.24866
9.09714
9.13202
9.07775
9.3276
9.40294
9.37218
9.35345
9.35258
9.37494
9.3329
9.26469
9.27941
9.21503
9.23275
9.29004
9.25683
9.22788
9.26407
9.23488
9.30494
9.24192
9.29803
9.26933
9.23022
9.33871
9.40575
9.37126
9.35184
9.37012
9.33619
9.35181
9.28142
9.30516
9.25605
9.25138
9.24785
9.28529
9.30487
9.28605
9.22867
9.30354
9.25305
9.26875
9.24318
9.30448
9.12543
9.10951
9.14487
9.17593
9.09705
9.16852
9.12147
9.07523
9.04723
9.03164
9.10927
9.11042
9.00994
9.09636
9.13624
9.18766
9.18838
9.14002
9.17526
9.15107
9.13221
9.16676
9.16145
9.20978
9.23209
9.19441
9.16265
9.1705
9.12762
9.06248
9.05987
9.13046
9.13514
9.06209
9.13453
9.1574
9.18354
9.22382
9.15696
9.18953
9.16129
9.15667
9.27724
9.37735
9.32591
9.3252
9.33862
9.3173
9.27462
9.2691
9.31024
9.25516
9.23861
9.30793
9.27042
9.24854
9.25221
9.23689
9.31449
9.23224
9.30849
9.25101
9.24211
9.26143
9.1802
9.25482
9.2477
9.16911
9.17617
9.27667
9.27089
9.32641
9.32136
9.29654
9.32777
9.26242
9.26954
9.23781
9.20316
9.21342
9.3126
9.23656
9.18766
9.29323
9.04784
9.09624
9.1078
9.1803
9.19243
9.17559
9.22008
9.16957
9.16622
9.2179
9.22906
9.17539
9.2126
9.15055
9.17888
9.12577
9.21786
9.23321
9.21823
9.17461
9.1424
9.02798
9.20252
9.14621
9.14314
9.25845
9.19448
9.06448
8.90861
9.1038
9.09564
9.21069
9.23302
9.19453
9.28166
9.16977
9.29267
9.09996
9.21179
9.20697
9.17408
9.0992
-0.786996
-0.835834
-1.02294
-0.992211
-0.707475
-0.767652
-0.816121
-0.823522
-0.7287
-0.87244
-0.69172
-0.712489
-0.92511
-0.772122
-0.937715
-0.685577
-0.747432
-0.716651
-0.740376
-0.909085
-0.783555
-0.720501
-0.681453
-0.837995
-0.676219
-0.794251
-0.765205
-0.658242
-0.817115
-0.631884
-0.592641
-0.587524
-0.642413
-0.774707
-0.650551
-0.841476
-0.715999
-0.69476
-0.614345
-0.878075
-0.665154
-0.673396
-0.665238
-0.925869
-0.779317
-0.747313
-0.717099
-0.942243
-0.63037
-0.453439
-0.605756
-0.615432
-0.770772
-0.550706
-0.769969
-0.572594
-0.701735
-0.712169
-0.5644
-0.879748
-0.879149
-0.67064
-0.588963
-0.333982
-0.495505
-0.459759
-0.699501
-0.501921
-0.728336
-0.496413
-0.505021
-0.437304
-0.755806
-0.576083
-0.804564
-0.445093
-0.464852
-0.553288
-0.531651
-0.852858
-0.611188
-0.842376
-0.611884
-0.504868
-0.600696
-0.622175
-0.656352
-0.565102
-0.580851
-0.683312
-0.574603
-0.712054
-0.608148
-0.570375
-0.514072
-0.585475
-0.746225
-0.536203
-0.661336
-0.454933
-0.539873
-0.487486
-0.563151
-0.629846
-0.487574
-0.517797
-0.589852
-0.620358
-0.551679
-0.603224
-0.5415
-0.535935
-0.492333
-0.438594
-0.328594
-0.374419
-0.347102
-0.471485
-0.467881
-0.546573
-0.409505
-0.519123
-0.40635
-0.572094
-0.395101
-0.494103
-0.355703
-0.398716
-0.712229
-0.486442
-0.403586
-0.643005
-0.371413
-0.462634
-0.127818
-0.0750194
-0.233101
-0.403505
-0.126898
-0.269014
-0.324059
-0.526002
-0.44838
-0.301379
-0.567319
-0.28801
-0.331205
-0.159381
-0.144861
-0.350384
-0.301739
-0.372021
-0.14114
-0.181215
-0.274104
-0.00730109
-0.0204736
-0.183977
-0.340245
0.0118601
-0.145275
-0.227079
-0.469703
-0.342538
-0.259183
-0.446479
-0.246179
-0.22287
-0.365826
-0.511113
-0.416427
-0.405353
-0.433059
-0.439638
-0.33779
-0.39222
-0.411066
-0.272559
-0.275969
-0.379322
-0.411684
-0.25171
-0.329957
-0.170925
-0.315705
-0.243199
-0.350214
-0.303122
-0.191726
-0.269077
-0.424205
-0.384548
-0.376593
-0.35931
-0.299247
-0.343267
-0.148944
-0.16378
0.00853013
-0.0950453
-0.0249692
-0.115508
-0.208096
-0.209086
-0.109797
-0.281297
-0.129787
-0.240427
-0.0812027
-0.243036
-0.049223
-0.102861
-0.267324
-0.185526
-0.064705
-0.246861
-0.0627859
0.0504207
0.222988
0.279964
0.134946
0.069271
0.261248
0.0899586
0.0222206
-0.140698
-0.145866
0.0225569
-0.161943
0.0402573
-0.0203283
0.206499
0.201032
0.0768399
0.0237028
0.04952
0.223753
0.152993
0.180729
0.359186
0.364542
0.18251
0.164766
0.380259
0.227729
0.133609
-0.0583217
-0.01911
0.0652558
-0.0311433
0.112566
0.108951
-0.0777951
-0.306004
-0.173901
-0.134789
-0.172076
-0.19588
-0.0482328
-0.0355742
-0.124505
0.0600605
0.0426365
-0.0795445
-0.0651871
0.0930008
0.010183
0.16922
0.00617076
0.0881148
-0.0383737
0.0362568
0.138579
0.00581592
-0.226869
-0.150392
-0.0998795
-0.137613
-0.0175423
-0.0635384
0.133041
0.170686
0.303966
0.275085
0.281403
0.148995
0.135052
0.0972017
0.212747
0.0486673
0.22929
0.0762505
0.240384
0.0909393
0.314103
0.245245
0.144856
0.168067
0.287127
0.175948
0.29474
0.474644
0.601682
0.643924
0.523822
0.499008
0.626793
0.47139
0.374914
0.267307
0.216982
0.393968
0.235897
0.402024
0.342141
0.538448
0.582996
0.418334
0.414368
0.397594
0.562978
0.539313
0.5891
0.74673
0.708373
0.572624
0.566984
0.730088
0.622896
0.486931
0.322794
0.366905
0.442889
0.347949
0.45688
0.492117
0.111698
-0.0802174
-0.0700076
0.117954
0.101291
-0.0681319
0.117443
0.192894
0.209426
0.341002
0.386523
0.237527
0.181643
0.35842
0.218825
0.399897
0.287692
0.417704
0.268536
0.223782
0.388766
0.131762
-0.0357822
-0.061278
0.140769
-0.0689264
0.13246
0.148025
0.24598
0.323998
0.432765
0.481009
0.437293
0.236524
0.326584
0.238694
0.421397
0.308448
0.472291
0.240664
0.425249
0.317262
0.629021
0.624122
0.462533
0.532133
0.608702
0.478199
0.660383
0.789736
0.954147
0.942112
0.858916
0.802062
0.924784
0.829919
0.666895
0.523016
0.564144
0.720246
0.513749
0.68178
0.693128
0.733311
0.776284
0.557143
0.633856
0.563801
0.73236
0.770485
0.84049
1.03203
0.978545
0.883134
0.835485
0.989705
0.902569
0.716893
0.54802
0.624369
0.742518
0.549769
0.70923
0.759388
0.108729
-0.0409809
-0.135794
0.109866
0.133098
-0.113339
0.0877071
0.21813
0.321347
0.435053
0.46819
0.308955
0.23419
0.42272
0.206524
0.394674
0.273035
0.454385
0.29565
0.183303
0.415223
0.0413792
-0.114339
-0.155781
0.0885357
-0.185332
0.0708166
0.0554227
0.0991544
0.138728
0.279409
0.342223
0.319153
0.0593127
0.180712
0.130744
0.377178
0.248621
0.377866
0.162063
0.347315
0.215811
0.728494
0.775908
0.560476
0.62732
0.737699
0.545901
0.771691
0.855615
1.06117
1.00521
0.906366
0.837051
1.01881
0.917723
0.72299
0.515797
0.61445
0.746023
0.538434
0.705429
0.760653
0.634796
0.631496
0.396089
0.509217
0.436116
0.599259
0.666151
0.796477
1.0196
0.99377
0.887269
0.823329
0.972292
0.86566
0.66248
0.497199
0.543922
0.723898
0.465966
0.688949
0.698793
-0.162563
-0.321534
-0.434693
-0.220405
-0.164724
-0.387076
-0.218888
-0.0316259
0.0937422
0.24028
0.207975
0.0439553
0.0170293
0.191195
-0.0833606
0.0854235
-0.0628831
0.155341
-0.00829064
-0.138049
0.142237
-0.339964
-0.48398
-0.494729
-0.277466
-0.544302
-0.278579
-0.335695
-0.320615
-0.293673
-0.164899
-0.0740201
-0.0993522
-0.379411
-0.236255
-0.255694
0.0277408
-0.119834
-0.0132944
-0.197664
-0.0350987
-0.176901
0.516449
0.589107
0.355121
0.381142
0.560473
0.306973
0.546232
0.609983
0.84959
0.76013
0.633617
0.560586
0.804868
0.67958
0.46791
0.201907
0.329587
0.446989
0.256426
0.416374
0.496193
0.239155
0.222186
-0.040514
0.107212
0.0206171
0.17826
0.278319
0.451074
0.706396
0.707293
0.580551
0.505503
0.656699
0.529735
0.302314
0.143683
0.166787
0.391309
0.0845584
0.359711
0.337744
-0.684405
-0.759376
-0.880902
-0.681274
-0.629796
-0.846207
-0.739925
-0.503875
-0.353191
-0.2337
-0.252305
-0.408682
-0.447686
-0.299127
-0.573116
-0.432388
-0.51709
-0.312459
-0.465687
-0.623894
-0.370189
-0.86263
-0.897074
-0.954401
-0.736533
-0.97805
-0.817271
-0.78309
-0.795729
-0.706206
-0.670869
-0.527852
-0.62553
-0.826036
-0.666466
-0.733091
-0.5029
-0.571117
-0.475606
-0.691104
-0.558606
-0.618257
0.0487911
0.16077
-0.107932
-0.0664221
0.110519
-0.167875
0.10391
0.14046
0.42142
0.294126
0.188647
0.0842474
0.351066
0.243116
-0.0215045
-0.292619
-0.12585
-0.0129019
-0.236267
-0.0822519
0.0425445
-0.276007
-0.229055
-0.511511
-0.339301
-0.471223
-0.324606
-0.180978
-0.0358404
0.250619
0.224155
0.129524
0.0162714
0.169536
0.0772133
-0.208618
-0.359092
-0.286912
-0.0721905
-0.408779
-0.152401
-0.125139
-1.10628
-1.05754
-1.15315
-0.984543
-0.968702
-1.17296
-1.10685
-0.898562
-0.746688
-0.731408
-0.653231
-0.777507
-0.881594
-0.764089
-0.944318
-0.833559
-0.82847
-0.688661
-0.808197
-0.947
-0.815069
-1.13103
-1.07155
-1.19534
-1.00001
-1.16073
-1.14703
-1.00235
-0.990332
-0.854647
-0.888109
-0.76513
-0.900588
-0.963751
-0.859773
-0.969255
-0.872357
-0.846848
-0.753782
-0.981123
-0.875662
-0.85469
-0.425341
-0.279003
-0.567834
-0.466908
-0.386931
-0.596556
-0.320765
-0.294779
-0.0112537
-0.148848
-0.202592
-0.320283
-0.115288
-0.166118
-0.479802
-0.660117
-0.504498
-0.397516
-0.64414
-0.506534
-0.363472
-0.59703
-0.494653
-0.713136
-0.596968
-0.724471
-0.597498
-0.480296
-0.378258
-0.130386
-0.199967
-0.240066
-0.364181
-0.22348
-0.268852
-0.564628
-0.696892
-0.580329
-0.431513
-0.699424
-0.550587
-0.456544
-1.06217
-0.96011
-1.00065
-0.882014
-0.922508
-1.07747
-0.999617
-0.929583
-0.846776
-0.896336
-0.755233
-0.829052
-0.969333
-0.869372
-0.918922
-0.818551
-0.77777
-0.741007
-0.807989
-0.865398
-0.860008
-0.594711
-0.62583
-0.652345
-0.727387
-0.62098
-0.690913
-0.654192
-0.886772
-0.806293
-0.972281
-0.837768
-0.88352
-0.962468
-0.783935
-0.771947
-0.656678
-0.790529
-0.745261
-0.837039
-0.736689
-0.698871
-0.603273
-0.507572
-0.724954
-0.606161
-0.616229
-0.700508
-0.511186
-0.436556
-0.258183
-0.315051
-0.361728
-0.414794
-0.326168
-0.360191
-0.607028
-0.661046
-0.600545
-0.506267
-0.698288
-0.580629
-0.513235
-0.439033
-0.504066
-0.451199
-0.501907
-0.524402
-0.563931
-0.469961
-0.379802
-0.281304
-0.319887
-0.366332
-0.412675
-0.297246
-0.358667
-0.529296
-0.545855
-0.643861
-0.500195
-0.594996
-0.568067
-0.482406
8.95115
9.03133
8.99868
8.95304
8.93045
8.97501
8.97235
8.97717
9.08163
9.02679
8.96261
9.06398
8.96564
8.95827
0.0552402
-0.0488134
-0.181193
0.138988
0.100306
-0.237244
0.104617
0.202422
0.0890672
-0.116384
0.193374
-0.0609013
0.180306
0.233803
0.517858
0.33211
0.333063
0.510243
0.466027
0.308146
0.527913
0.611865
0.479792
0.421242
0.565723
0.426711
0.601817
0.613962
0.884484
0.730487
0.723652
0.90596
0.859252
0.709535
0.888495
0.97633
0.872411
0.807112
0.951891
0.826371
0.964281
0.996423
1.1892
1.08338
1.05714
1.23988
1.20593
1.04546
1.20255
1.2505
1.16957
1.0986
1.26903
1.10371
1.24357
1.2961
1.2972
1.21589
1.13699
1.35664
1.35756
1.15195
1.28633
1.26628
1.18591
1.13229
1.34836
1.10993
1.28361
1.33812
1.13612
1.03635
0.916776
1.16917
1.20583
0.960557
1.09765
1.00786
0.903304
0.869082
1.12392
0.819891
1.05242
1.0805
0.727534
0.629599
0.475643
0.756233
0.811138
0.530602
0.673525
0.552122
0.461
0.409142
0.694966
0.356159
0.605747
0.639562
0.25666
0.192674
0.0448336
0.306799
0.355406
0.0792911
0.21648
0.126207
0.0632412
-0.00620907
0.254631
-0.0317394
0.15906
0.210861
-0.0368639
-0.0981729
-0.148963
-0.0116599
0.0145218
-0.153778
-0.0418229
-0.0582194
-0.15111
-0.162731
-0.0435563
-0.147667
-0.0634736
-0.0629019
12.2197
12.2133
12.1985
12.2087
12.2065
12.2202
12.2114
11.9607
11.8347
11.9441
11.9714
11.8569
11.8884
11.8612
12.0958
12.1006
12.1136
12.0405
12.0051
12.0111
12.0221
11.3453
11.3144
11.3405
11.148
11.1422
11.1558
11.1303
11.411
11.155
11.3918
11.1631
11.1482
11.4137
11.1654
11.0665
11.3773
11.1131
11.431
11.0544
11.4171
11.1139
11.2836
11.3678
11.3314
10.9114
10.9382
10.8818
10.9579
10.9953
11.1711
11.0527
10.6465
10.6916
10.5953
10.7343
10.4005
10.631
10.3014
11.1501
10.4798
10.1312
10.5658
10.6056
10.451
10.5853
10.5947
10.4457
10.444
10.4529
10.6027
10.3513
10.6127
10.4203
10.3775
10.5855
10.4029
10.0061
10.4343
10.1743
10.4605
10.0661
10.3868
10.1204
9.34226
10.0351
9.61676
10.0972
9.43438
9.97165
9.5322
8.46635
9.45872
8.79204
9.53686
8.5707
9.38172
8.67191
7.74677
8.91248
8.00192
8.96071
7.84534
8.83213
7.90588
7.30996
8.41413
7.4932
8.48022
7.38116
8.34503
7.40978
7.76409
7.93609
7.74712
6.8561
7.04331
6.89706
6.99511
10.173
10.1722
10.1619
10.0472
10.0729
10.0555
10.0676
10.0833
9.85549
10.054
9.9461
9.87576
10.026
9.92898
9.36946
9.68049
9.57262
9.76242
9.41313
9.62833
9.53516
8.33391
8.84616
8.73646
9.05352
8.41393
8.76975
8.66831
5.94055
7.03304
6.84808
7.64061
6.19495
6.97215
6.62761
1.37532
3.35457
1.11843
1.16216
3.52354
1.40625
3.22802
1.52348
3.36051
1.55349
3.15157
1.68155
3.15458
1.42119
2.02054
3.40951
2.01095
3.28049
2.12687
3.3001
1.90523
3.20416
3.22832
3.15209
2.20628
2.27299
2.26639
2.19743
2.43575
2.70396
2.42793
1.83013
2.02279
1.84166
1.99835
1.19589
1.54303
1.37185
2.5417
1.24654
1.48416
1.25327
9.8704
9.75692
9.87485
9.78072
9.76771
9.85898
9.77071
9.62987
9.76314
9.68762
9.78401
9.64224
9.74279
9.67481
9.35459
9.48707
9.45505
9.55691
9.36797
9.46245
9.4423
8.8759
8.98598
9.03047
9.11678
8.88575
8.95958
9.02027
-0.416392
-0.600958
-0.697526
-0.602115
-0.254498
-0.430894
-0.745199
-0.535954
0.0254163
-0.370117
-0.43739
-0.510125
-0.404271
-0.582348
-0.41847
0.104119
-0.211046
-0.116324
-0.210454
-0.0548027
-0.454741
-0.286194
0.0691372
-0.211927
0.0371869
-0.212597
0.0209068
-0.314351
-0.522393
-0.317593
-0.501386
-0.420848
-0.325084
-0.392573
-0.348257
9.30512
9.44276
9.32847
9.42968
9.31531
9.42595
9.31556
9.24933
9.3585
9.27697
9.37282
9.25304
9.34632
9.27323
9.10759
9.1949
9.15573
9.23677
9.1075
9.18425
9.15675
-0.67581
-1.18581
-1.08439
-1.28696
-0.548007
-0.744805
-1.04913
-0.866479
-0.774301
-1.05703
-0.980729
-0.686962
-0.838598
-1.07617
-0.17346
-0.350135
-0.37658
-0.452991
-0.188714
-0.328167
-0.36414
0.288391
-0.0210241
0.197935
-0.101566
0.328427
-0.0303406
0.192894
0.456151
0.146351
0.509957
0.0756165
0.53442
0.0998435
0.44813
0.275096
0.096431
0.422423
0.0784409
0.347025
0.0401255
0.353834
-0.141436
-0.304286
0.0358417
-0.262919
-0.0914514
-0.377651
-0.0159301
-0.737287
-0.821682
-0.565405
-0.736277
-0.703644
-0.876573
-0.598682
-1.2123
-1.30914
-1.12014
-1.26212
-1.22252
-1.34709
-1.12469
-1.28375
-1.38069
-1.3554
-1.36808
-1.34792
-1.35223
-1.28853
-0.807447
-0.769965
-0.864744
-0.736869
-0.816767
-0.749965
-0.780107
8.96831
8.94437
8.97613
-0.401141
-0.130939
-0.461582
0.484187
0.220587
0.406377
1.04381
0.852154
0.98185
1.39402
1.24548
1.29567
1.4005
1.3268
1.29698
1.05538
1.08064
0.973113
0.462172
0.573321
0.425033
-0.143099
0.00202167
-0.122139
-0.468289
-0.354013
-0.40696
-0.380357
-0.292231
-0.367968
5.93656
7.6353
7.02809
6.84419
6.96937
6.62985
6.18936
0.051556
-0.292775
0.0950614
-0.286109
-0.313036
0.106806
0.0298323
-0.59803
-0.72063
-0.678906
-0.756371
-0.618239
-0.747839
-0.604781
-0.791775
-0.741968
-0.765776
-0.881271
-0.745259
-0.791868
-0.805184
-0.682783
-0.505536
-0.769367
-0.577229
-0.67835
-0.557679
-0.708321
-0.290786
-0.377965
-0.362403
12.1904
12.1887
12.1822
12.1985
12.1929
12.1938
12.1817
12.1247
12.1404
12.0911
12.1103
12.1334
12.1392
12.0922
12.2114
12.1993
12.19
12.1785
12.2149
12.193
12.1991
11.6157
11.5729
11.4676
11.4232
11.6076
11.5668
11.4705
11.661
11.6812
11.5035
11.5511
11.6477
11.705
11.5172
11.9294
11.8848
11.6574
11.7181
11.8839
11.9245
11.7084
11.9045
11.8407
11.64
11.6698
11.8552
11.8937
11.6935
11.0708
11.1153
11.2005
10.9966
11.1603
11.0935
11.1092
10.8642
10.9011
10.7098
10.732
10.8688
10.8936
10.7062
9.30199
9.44353
8.67725
8.86758
9.26191
9.47613
8.70242
10.3462
10.3347
10.2372
10.2278
10.3498
10.3325
10.2352
10.348
10.3658
10.2355
10.2184
10.3569
10.3537
10.2308
5.09516
5.31935
4.27153
4.34457
5.11553
5.28554
4.23158
4.80292
4.59452
4.08458
3.88031
4.8201
4.58558
4.05755
10.1465
10.1471
10.1698
10.0486
10.1437
10.1361
10.1695
10.0311
9.94866
10.029
1.23693
3.9497
1.55568
3.44441
1.68224
3.89251
1.36889
-0.035251
0.281269
-0.271063
0.0257745
-0.0729186
0.304117
-0.288375
0.0538863
0.0950651
-0.288016
-0.293744
-0.31472
0.030162
0.107752
-0.599075
-0.673625
-0.763675
-0.713736
-0.60767
-0.612673
-0.753355
-1.0083
-0.562052
-0.618106
-0.953303
-0.623136
-1.00165
-1.14669
-0.697184
-0.750828
-0.586829
-0.500303
-0.718009
-0.672681
-0.5735
12.1897
12.1985
12.1894
12.1829
12.1942
12.1939
12.1822
12.1403
12.0908
12.1334
12.1252
12.1112
12.1396
12.0916
11.8849
11.659
11.8852
11.9341
11.7221
11.9255
11.7135
11.8413
11.6418
11.8564
11.9093
11.6765
11.8983
11.7023
11.0696
11.1155
11.2009
10.9958
11.1583
11.1095
11.0929
10.8998
10.7079
10.8672
10.8693
10.7382
10.8992
10.7132
10.3333
10.2349
10.3477
10.3509
10.2331
10.3366
10.2402
10.3629
10.2346
10.3552
10.3547
10.2231
10.3591
10.237
5.3205
4.27624
5.11505
5.0824
4.3399
5.27387
4.22229
4.59649
4.08938
4.82242
4.79513
3.87808
4.58066
4.05333
10.1431
10.1471
10.1713
10.0456
10.1395
10.1705
10.1336
10.0289
9.94863
10.0315
3.93228
1.5361
1.66766
1.23027
3.42467
3.86886
1.34612
1.19779
1.54291
1.36981
2.54838
1.24861
1.2524
1.48641
0.28152
-0.269977
-0.0744775
-0.0454706
0.0234811
0.296823
-0.292903
9.19549
9.15631
9.10817
9.10728
9.23604
9.18284
9.15745
-0.565557
-0.632934
-0.628691
-1.0577
-1.01284
-1.05134
-1.18879
12.209
12.2142
12.1993
12.2075
12.2209
12.2106
12.2225
12.1994
12.1897
12.2147
12.1787
12.1943
12.2128
12.2005
11.5725
11.4675
11.607
11.6167
11.4273
11.568
11.4728
11.681
11.5042
11.6477
11.6623
11.5503
11.7065
11.521
11.96
11.8338
11.9432
11.9711
11.8909
11.8584
11.8607
12.0124
12.0339
12.0208
11.9413
11.9285
11.9657
11.9224
11.7185
11.7822
11.5962
11.5818
11.7495
11.6172
11.7394
11.8175
11.6706
11.7844
11.6213
11.8396
11.6583
11.7809
12.0954
12.1008
12.0418
12.0047
12.1135
12.0217
12.0104
12.1491
12.0783
12.1921
12.1182
12.0887
12.1668
12.0627
11.8841
11.702
11.8434
11.6516
11.8772
11.7126
11.8373
11.874
11.7233
11.9167
11.9092
11.6734
11.7281
11.8708
11.2548
11.0882
11.2784
11.1168
11.2476
11.1101
11.0936
10.9249
10.7494
10.9188
10.9422
10.7664
10.7539
10.9525
10.9574
10.7419
10.9776
10.766
10.9588
10.7554
10.9682
11.3435
11.1545
11.3165
11.1437
11.3421
11.1411
11.1565
11.3685
11.1709
11.3938
11.165
11.3712
11.1674
11.1673
10.953
10.7239
10.9797
10.7083
10.9645
10.6814
10.9707
10.9386
10.5803
10.9357
10.6709
10.9198
10.6399
10.9579
11.1517
11.4163
11.3917
11.1642
11.413
11.1612
11.1474
11.1521
11.4161
11.4105
11.1024
11.4373
11.1223
11.1475
10.8452
10.5094
10.9079
10.4846
10.8898
10.4353
10.8624
10.802
10.2638
10.7686
10.4037
10.749
10.3563
10.822
11.0765
11.437
11.3761
11.1095
11.4169
11.1082
11.0578
11.3923
11.0489
11.3736
10.978
11.4143
11.0064
11.0299
10.6355
10.1667
10.7212
10.1304
10.6989
10.0695
10.6509
10.5656
9.87372
10.5133
10.0173
10.5008
9.96874
10.5855
11.2831
11.3713
11.3376
10.9202
10.9381
10.9691
10.8851
11.2423
11.2373
11.3004
10.8732
10.7611
10.8089
10.8281
10.347
9.76219
10.4297
9.7018
10.4263
9.66521
10.3499
10.2673
9.46658
10.1668
9.59719
10.1846
9.5628
10.2613
10.993
11.1773
11.0562
10.6527
10.6921
10.7444
10.5946
9.97408
9.37552
10.0656
9.27621
10.0859
9.27123
9.94747
9.65864
9.84092
9.02478
9.14854
9.69424
9.15024
9.80851
10.6329
10.3043
11.1471
10.4819
10.3979
10.5639
10.1273
9.44135
8.67597
9.26126
9.30243
8.86848
9.47715
8.70099
10.5019
10.3975
10.593
10.546
10.512
10.5328
10.5477
10.6039
10.4482
10.5918
10.6019
10.4522
10.4516
10.4513
10.6219
10.6159
10.6164
10.4466
10.4403
10.4298
10.4523
10.3608
10.2046
10.3529
10.3361
10.1783
10.1643
10.3482
10.3069
10.0539
10.2906
10.1383
10.2668
10.12
10.3268
10.6097
10.3546
10.6122
10.415
10.5895
10.3957
10.3796
10.2975
10.5153
10.5851
10.2556
10.565
10.218
10.3237
10.1378
9.96745
10.2384
9.90267
10.2088
9.86047
10.1756
10.0366
9.57375
9.97139
9.77459
9.92013
9.72587
10.0832
10.0045
10.4637
10.4324
10.1703
10.3933
10.1224
10.0636
9.8699
10.2052
10.353
9.78648
10.3035
9.71271
9.93861
9.61633
9.36797
9.85108
9.22481
9.78368
9.13597
9.68666
8.54629
9.41099
9.27532
8.96693
9.18562
8.85528
9.50248
9.33803
10.0976
10.031
9.61434
9.96939
9.52893
9.4317
9.11779
9.6845
9.89883
9.01036
9.83316
8.90726
9.22485
8.14391
7.91718
7.75354
8.65279
9.0455
8.9482
8.74641
6.83927
7.44172
7.23952
8.36221
8.11936
8.02755
8.46261
8.46325
9.53375
9.45836
8.79117
9.37963
8.66863
8.57034
8.25125
9.09371
9.30403
8.19083
9.23073
8.07193
8.36925
6.22492
6.03082
5.89357
7.36445
7.79141
7.70395
7.47153
5.6724
5.23644
5.47207
7.10438
7.0028
6.86524
7.23273
7.75202
8.96165
8.91238
8.00253
8.82998
7.905
7.85113
7.62327
8.58919
8.78603
7.60201
8.70201
7.50607
7.7218
4.97701
6.53097
6.84052
5.05034
6.66874
4.87704
6.66981
6.36791
4.73017
6.4032
4.96008
6.24805
4.78578
6.54918
7.29711
8.46756
8.41152
7.48979
8.34902
7.39297
7.38982
7.20601
8.08403
8.27051
7.17464
8.22889
7.10608
7.28413
6.0615
4.69769
6.3485
4.82012
6.18093
4.66448
6.21591
5.99324
4.61868
6.02367
4.79783
5.90174
4.65793
6.12499
7.76536
6.85789
7.92916
7.04359
7.74844
6.99357
6.89979
7.56334
6.55169
7.27444
6.52411
6.7163
7.55507
6.75269
5.72094
4.60222
5.92485
4.66209
5.82671
4.56871
5.79994
5.50623
4.43159
5.44612
5.59982
4.59915
4.51449
5.6716
10.1731
10.173
10.1761
10.0876
10.0772
10.0799
10.0831
10.0302
9.94766
10.0294
10.0306
9.94353
9.94227
10.0332
10.0224
9.90529
10.0163
9.93472
10.0074
9.92632
10.0291
10.1702
10.1758
10.1639
10.0481
10.0731
10.0714
10.0544
10.1615
10.1175
10.1518
10.0242
9.98923
9.97669
10.0334
9.95173
9.88183
10.0014
9.85335
9.98641
9.83768
9.96851
9.92035
9.72693
9.87866
9.82589
9.85491
9.80546
9.93994
10.0837
9.85402
10.0495
9.9457
10.0265
9.92995
9.87464
9.7737
9.87282
9.99005
9.69067
9.96119
9.66281
9.79874
9.71391
9.6616
9.83265
9.59595
9.80547
9.57122
9.74188
9.6218
9.34046
9.54026
9.50005
9.50485
9.47267
9.65461
9.36959
9.76376
9.6763
9.56808
9.62869
9.53118
9.41102
9.1766
9.2769
9.52776
9.00066
9.47244
8.94609
9.22484
9.19521
9.19289
9.40369
9.04692
9.36368
9.01811
9.23577
8.57455
9.00231
8.80275
8.84748
8.7582
8.81659
9.04507
8.33278
9.05534
8.84132
8.73249
8.76549
8.66833
8.41056
7.99557
7.53571
7.42466
7.9173
8.52577
8.4449
8.01372
7.9784
8.29898
7.94918
8.12868
8.54327
8.49224
8.17834
7.02146
7.2002
7.59294
7.14609
7.56442
7.77543
7.83359
1.36323
3.33139
1.10149
1.15662
3.49495
3.18753
1.39984
1.21725
3.1216
3.45508
1.44776
3.15732
1.27612
1.41689
0.408072
-0.347175
-0.680191
-0.0630477
-0.761892
-0.123008
0.371993
-0.542687
-0.737773
-0.809161
-0.049743
0.354875
-0.0781017
0.436493
1.53206
3.11462
3.33577
1.54362
3.12399
1.39664
1.68697
1.64693
3.2172
3.35326
1.92579
3.17308
1.77481
1.80511
-0.583231
0.0964594
0.386813
-0.216542
-0.0407152
-0.400899
0.32232
0.298662
-0.262487
0.635697
-0.11349
0.490055
-0.374235
0.425751
2.01325
3.25293
3.39538
2.02112
3.28039
1.90359
2.12328
3.26462
2.10331
3.38496
2.2555
3.2916
2.17047
2.19671
0.826722
-0.116112
0.816629
0.174774
0.676815
0.0636605
0.984792
0.963203
0.319326
1.20979
0.336498
1.09757
0.182564
1.08525
3.19928
3.21239
3.14334
2.19704
2.2768
2.19741
2.27326
3.07527
2.87667
3.03182
2.1594
2.13867
2.09191
2.22065
1.23462
0.400021
1.27598
0.62738
1.17334
0.506948
1.31921
1.24251
0.573154
1.27677
0.631918
1.21865
0.537895
1.31287
2.43728
2.70001
2.42594
1.82165
2.02599
1.98881
1.84416
1.03443
0.555839
1.18767
0.547968
1.14952
0.505633
1.05401
0.627722
0.252608
0.636141
0.858484
0.430396
0.399932
0.864915
1.10044
2.08841
1.4606
1.53683
1.07075
1.31589
1.3877
9.8801
9.78719
9.77983
9.56103
9.69207
9.68009
9.87409
9.75492
9.87155
9.78093
9.86254
9.77272
9.76694
9.73291
9.81522
9.85701
9.72301
9.8421
9.70913
9.74815
9.66006
9.55749
9.68516
9.55211
9.67505
9.53863
9.67056
9.63958
9.5012
9.62332
9.53626
9.61077
9.52435
9.65276
9.62212
9.78593
9.76067
9.68905
9.73851
9.67164
9.63861
9.57632
9.61766
9.71525
9.52305
9.69074
9.50368
9.59509
9.53547
9.46802
9.59408
9.43966
9.57731
9.42751
9.55258
9.32884
9.48719
9.44622
9.39563
9.42707
9.38503
9.50509
9.34848
9.55777
9.48724
9.45534
9.45901
9.4365
9.36893
9.25124
9.24164
9.39215
9.15813
9.36202
9.13927
9.27224
9.2137
9.27284
9.20356
9.28668
9.38498
9.36283
9.30939
9.14081
9.05236
9.13093
9.20408
9.13936
9.11547
9.22767
8.87206
9.10978
8.98445
9.0305
8.95489
9.01316
8.88651
8.53871
8.57846
8.52772
8.71515
8.81536
8.78278
8.72702
8.8983
8.95586
8.89801
8.89886
9.03644
9.01309
8.92354
8.53894
9.03777
8.62101
8.54966
9.04453
8.70279
8.68986
-0.879913
-0.798723
-1.15868
-1.01982
-0.857849
-0.856907
-1.0555
-0.431403
-0.649131
-0.7263
-0.63063
-0.284707
-0.764678
-0.447555
-0.713151
-0.489609
-0.509246
-0.239464
-0.59065
-0.89095
-0.26144
-0.54138
-0.607072
-0.484372
-0.473499
-0.466119
-0.355003
-0.517792
-0.489897
-0.861896
-0.82988
-0.801063
-0.349639
-0.624733
-0.426292
-0.563595
-0.456813
0.00417957
-0.395314
-0.419564
-0.600974
-0.500332
-0.58056
-0.20406
-0.0938671
-0.111479
-0.323673
-0.555443
-0.0740413
-0.467633
-0.875186
-0.755824
-0.841268
-0.327906
-0.701168
-0.140407
-0.472503
-0.968678
-0.880094
-0.649818
-0.549547
-0.682126
-0.357679
-0.436288
-0.164684
0.115249
-0.237282
-0.0598507
-0.514663
-0.193505
-0.425842
0.0232056
0.0842132
-0.200504
-0.0538358
-0.369437
-0.238228
-0.888095
-0.701587
-0.198627
-0.694164
-0.744908
-1.00122
-0.265135
-0.707637
-0.907405
-0.454365
-0.491213
-0.667281
-0.922467
-0.428768
-0.291404
0.00694757
0.0549277
-0.192078
0.00532931
-0.312298
-0.207634
-0.153523
-0.289366
-0.0348025
-0.262238
-0.064209
-0.300501
-0.235795
-0.552338
-0.80775
-0.485261
-0.591665
-0.624552
-0.708157
-0.47266
-0.51955
-0.498586
-0.47005
-0.573933
-0.483683
-0.623793
-0.474753
-0.526665
-0.326008
-0.508698
-0.422968
-0.32249
-0.349407
-0.392393
-1.08386
-0.859283
-0.837794
-0.516941
-0.586217
-0.629027
-0.484811
-0.479755
-0.451115
-0.47773
-0.355052
-0.483428
-0.358963
-0.499491
-0.545277
-0.247554
-0.581623
-0.308265
-0.560928
-0.319306
-0.556416
-0.636582
-0.224268
-0.709493
-0.108956
-0.690155
-0.14425
-0.643838
-0.810676
-0.0383087
-0.614357
-0.0837883
-0.634839
-0.120348
-0.817633
-0.531743
-0.00658867
-0.57054
0.0930507
-0.606896
0.00809716
-0.465648
-0.511719
-0.10205
-0.24979
0.0672047
-0.360782
-0.0185421
-0.427461
-0.147882
-0.193533
-0.147168
-0.188975
-0.261113
-0.291649
-0.00234361
-0.196863
-0.299092
-0.267504
-0.158684
-0.365045
-0.277486
-0.121029
-0.645029
-0.354888
-0.495166
-0.337104
-0.553596
-0.435506
-0.421504
-0.59437
-0.708402
-0.400619
-0.480105
-0.631418
-0.579283
-0.411332
-0.828325
-0.855131
-0.542909
-0.810796
-0.701463
-0.960654
-0.715322
-0.997471
-1.15289
-0.977788
-0.928625
-1.10176
-1.06161
-0.858369
-1.2669
-1.24241
-1.08679
-1.21661
-1.20854
-1.31708
-1.14835
-1.29108
-1.37434
-1.20367
-1.2983
-1.28013
-1.34044
-1.19765
-1.15393
-1.30319
-1.17432
-1.26323
-1.21245
-1.29828
-1.12189
-1.05792
-0.897597
-0.901507
-0.97646
-1.13178
-1.09149
-0.985167
9.43475
9.30758
9.29699
9.02754
9.1807
9.17466
9.30473
9.43238
9.44047
9.3168
9.4269
9.30643
9.31451
9.30338
9.39697
9.43056
9.29551
9.42122
9.28829
9.30846
9.20239
9.05946
9.19232
9.0695
9.18776
9.07512
9.19978
9.08952
9.20745
9.20373
9.08203
9.20009
9.08549
9.20404
9.24895
9.37927
9.35629
9.27683
9.35005
9.27413
9.25379
9.19134
9.27441
9.19077
9.22111
9.32445
9.31793
9.22295
9.08424
9.0946
9.09198
9.19008
9.19767
9.19724
9.19281
9.16043
9.07033
9.10647
9.1544
9.07665
9.17341
9.17713
8.89874
9.11407
8.96089
9.2099
9.02181
8.91287
9.02323
-0.679041
-1.23766
-1.12583
-1.34452
-0.562043
-1.09101
-0.764563
-1.23086
-1.0477
-0.853638
-0.808861
-1.17524
-1.22441
-0.729762
-0.65232
-0.570924
-0.920695
-1.21327
-0.999243
-1.10941
-0.693609
-0.568384
-0.942973
-0.978922
-1.25351
-0.8174
-1.16741
-0.687003
-0.880817
-0.984617
-0.779722
-1.05653
-0.83462
-1.07634
-0.699426
-0.728377
-0.561367
-0.692485
-0.532939
-0.712062
-0.51495
-0.754973
-0.935851
-0.862025
-0.595789
-0.368887
-1.02261
-0.553894
-0.842356
-0.6099
-0.193476
-0.478768
-0.422018
-0.425086
-0.503064
-0.58961
-0.172245
-0.451462
-0.357685
-0.386387
-0.325672
-0.364352
-0.198331
-0.0446371
-0.143641
-0.277301
0.0778099
-0.248973
0.0892603
-0.0603448
-0.0260202
-0.0244138
-0.278054
0.0848402
-0.221838
0.192114
-0.0798331
0.134052
0.500307
0.259911
0.345272
0.25638
0.349414
0.0902461
0.290835
-0.102445
-0.0188912
0.186267
-0.0204789
0.187641
0.324401
0.369399
0.0493917
0.000452872
0.462373
0.00157855
0.398209
0.396053
0.482693
0.637692
0.371024
0.800693
0.371472
0.754122
0.505651
0.588666
0.937166
0.686228
0.886545
0.62451
0.863218
0.598434
0.451801
0.0807457
0.13757
0.517385
0.0968935
0.464141
0.519753
0.451296
0.0984421
0.139963
0.478783
0.0989994
0.404477
0.514085
0.704797
1.00202
0.719678
1.1144
0.695053
1.03365
0.767995
0.717948
1.04271
0.757349
1.10086
0.69258
1.05066
0.765009
0.276311
0.0740798
0.0954384
0.419618
0.0392568
0.355252
0.344146
0.191021
-0.134643
0.00322226
0.167748
-0.0391565
0.105786
0.250358
0.602382
1.01361
0.713153
1.04443
0.66273
0.96518
0.660469
0.516272
0.806802
0.478209
0.951927
0.428846
0.892016
0.562229
-0.132323
-0.274312
-0.299745
0.0201261
-0.375083
-0.0282892
-0.0845507
-0.302314
-0.593283
-0.432959
-0.381337
-0.495775
-0.420166
-0.265808
0.173625
0.690756
0.326549
0.625675
0.289306
0.574522
0.210112
0.0107391
0.289185
-0.0812403
0.468838
-0.100101
0.427576
0.0382072
-0.720356
-0.752326
-0.816701
-0.593712
-0.86861
-0.619727
-0.690865
-0.897437
-1.14072
-0.984566
-0.970467
-1.03713
-0.982536
-0.878968
-0.422738
0.122828
-0.290996
-0.0144893
-0.299886
-0.0188043
-0.42838
-0.607783
-0.312398
-0.727718
-0.17616
-0.695858
-0.181085
-0.61775
-1.19029
-1.2755
-1.30364
-1.15451
-1.3372
-1.14876
-1.20715
-1.28235
-1.40502
-1.37935
-1.33695
-1.39385
-1.2881
-1.32345
-0.940005
-0.453745
-0.912502
-0.610946
-0.876093
-0.554301
-0.998073
-1.04499
-0.711216
-1.13389
-0.697426
-1.0448
-0.649329
-1.10747
-1.25999
-1.37618
-1.37237
-1.38543
-1.34194
-1.30821
-1.33099
-1.08988
-1.13371
-1.06717
-1.13189
-1.21545
-1.1656
-1.22413
-1.05406
-0.741003
-1.18482
-0.85423
-1.09125
-0.757369
-1.15992
-0.69243
-0.987564
-0.894186
-0.971773
-0.774936
-0.694701
-1.07264
8.91752
8.95297
8.96993
8.97453
9.01908
8.99793
9.00754
-0.42365
-0.156009
-0.466866
-0.0289321
-0.141454
-0.079634
0.239118
0.473034
0.412157
0.730044
0.532155
0.578731
0.86817
1.02195
0.985626
1.18609
1.12875
1.09692
1.252
1.38348
1.29416
1.34155
1.38941
1.32788
1.33082
1.3941
1.30058
1.17735
1.3176
1.2462
1.08222
1.05066
0.979102
0.724184
0.912476
0.851311
0.573942
0.458131
0.43391
0.145056
0.304488
0.279551
0.00323715
-0.145829
-0.110914
-0.296399
-0.239785
-0.216918
-0.352158
-0.468622
-0.39588
-0.403606
-0.431633
-0.379261
12.1767
12.1786
12.2161
12.2039
12.189
12.1743
12.21
11.75
11.8029
11.8844
11.7206
11.7941
11.7826
11.8263
11.7981
11.8294
11.7432
11.7791
11.813
11.9021
11.7405
12.0133
12.0341
12.0207
11.9442
11.9299
11.9217
11.9645
11.7197
11.5915
11.7494
11.7771
11.5809
11.7393
11.6178
11.8172
11.7852
11.6173
11.6705
11.7837
11.8359
11.6556
12.1495
12.0783
12.1911
12.1659
12.1173
12.0871
12.0625
11.8851
11.844
11.6494
11.7005
11.8361
11.8761
11.7035
11.8738
11.7196
11.9163
11.9068
11.6722
11.8709
11.7205
11.2555
11.2758
11.2426
11.0836
11.1171
11.0941
11.1062
10.9269
10.7462
10.9132
10.9372
10.7662
10.9535
10.7473
10.9518
10.9793
10.767
10.729
10.9698
10.9589
10.7491
11.3692
11.3886
11.3696
11.1646
11.163
11.1647
11.1632
10.9546
10.9807
10.7058
10.7107
10.9741
10.9571
10.6808
10.9379
10.9365
10.6693
10.5833
10.9582
10.9169
10.6374
11.1422
11.41
11.1052
11.4171
11.1395
11.4298
11.1207
10.8471
10.9046
10.4869
10.5167
10.8668
10.8842
10.4451
10.8045
10.7759
10.3927
10.268
10.8239
10.7528
10.3509
11.3871
11.0379
11.3752
10.9748
11.0305
11.4091
10.9928
10.6285
10.7119
10.1321
10.1688
10.6471
10.6842
10.0718
10.5587
10.511
10.0188
9.86392
10.5884
10.4872
9.96487
11.2443
11.2323
11.2926
10.8569
10.7619
10.8264
10.8079
10.3451
10.4323
9.6984
9.75856
10.351
10.416
9.65282
10.2604
10.1708
9.59621
9.46424
10.263
10.1738
9.56567
9.96714
10.0662
9.27693
9.36984
9.94969
10.0859
9.25999
9.66032
9.01802
9.69424
9.8338
9.14657
9.80928
9.15259
10.5049
11.3106
10.6769
10.2717
10.2347
10.6519
10.5306
10.4868
10.5115
10.5727
10.3813
10.4933
10.5329
10.5219
10.517
10.5518
10.379
10.5002
10.5151
10.5582
10.5011
10.6251
10.6079
10.6109
10.4409
10.4417
10.456
10.4234
10.3635
10.1992
10.3478
10.332
10.1801
10.3516
10.1618
10.3039
10.2918
10.1399
10.0521
10.3314
10.2623
10.1169
10.2922
10.5897
10.2557
10.5063
10.3293
10.561
10.2107
10.1296
10.2427
9.90263
9.97321
10.1725
10.2083
9.85946
10.045
9.97029
9.78033
9.56638
10.0946
9.91433
9.72859
9.87307
10.3565
9.78983
10.2025
9.94246
10.3042
9.71544
9.62048
9.85719
9.22582
9.37416
9.69037
9.7888
9.13473
8.55475
9.41835
9.27948
8.97075
9.50802
9.19169
8.86065
9.12111
9.90092
9.01195
9.6892
9.2257
9.83715
8.91155
7.92116
8.14821
7.76012
8.65869
9.05031
8.75111
8.95402
7.44627
6.84679
7.24583
8.36842
8.12308
8.4672
8.03218
8.25426
9.30374
8.18905
9.09349
8.36976
9.23286
8.07226
6.03505
6.2322
5.90025
7.36842
7.79474
7.47267
7.70968
5.67922
5.24052
5.47914
7.11207
7.00369
7.23459
6.8684
7.61742
8.79034
7.59511
8.5888
7.71297
8.70875
7.50733
4.98503
6.53337
6.84121
5.05395
6.6721
6.67736
4.88226
6.37843
6.40008
4.96009
4.73071
6.5519
6.24974
4.78689
8.08189
7.22038
8.27336
7.1685
7.28489
8.21849
7.09005
6.08178
6.34794
4.81151
4.69636
6.22006
6.19245
4.66677
6.01435
6.03572
4.77928
4.61846
6.12988
5.92175
4.65784
7.56356
6.55118
7.27581
7.56061
6.53365
6.71993
6.75063
5.73007
5.92816
4.6598
4.59647
5.80466
5.83143
4.57256
5.5114
4.44512
5.46914
5.60387
4.59303
5.66559
4.5196
10.1746
10.1687
10.1731
10.084
10.0792
10.084
10.0774
10.0312
9.94505
10.0262
10.029
9.94497
10.0364
9.93985
10.0232
10.0206
9.9339
9.90892
10.0308
10.0072
9.92813
10.164
10.117
10.1483
10.0208
9.99161
10.0314
9.977
9.95745
10.0036
9.85555
9.88298
9.97453
9.98819
9.84361
9.91994
9.88734
9.81523
9.73475
9.94206
9.86142
9.80061
9.7725
9.99698
9.68801
9.86997
9.79841
9.96082
9.65789
9.71826
9.83977
9.58922
9.66467
9.74736
9.81049
9.56934
9.6249
9.54697
9.49824
9.3423
9.65786
9.50942
9.47624
9.18009
9.53729
9.00357
9.27495
9.22869
9.47757
8.9456
9.20166
9.4092
9.04629
9.19753
9.24212
9.37071
9.02221
8.58
9.00842
8.80995
8.84804
9.05315
8.7628
8.82287
7.54212
7.99599
7.43222
7.92161
8.53041
8.01877
8.45101
7.98141
8.303
7.95388
8.13399
8.54946
8.18447
8.49747
7.20735
7.59646
7.02845
7.15176
7.56752
7.77803
7.83974
1.22926
3.47453
1.45128
3.15407
1.4244
3.19717
1.27392
0.436098
-0.315429
-0.644092
-0.0435791
-0.73238
-0.101126
0.394672
-0.513475
-0.728436
-0.782092
-0.0317985
0.375335
0.465024
-0.0685505
1.65224
3.37357
1.92976
3.25382
1.79737
3.20574
1.78071
-0.555151
0.106784
0.420878
-0.209478
0.359981
-0.0103671
-0.387117
0.305688
0.651932
-0.106007
-0.242777
0.43898
0.520428
-0.363318
3.28565
2.09732
3.39012
2.25226
2.18876
3.29881
2.16645
0.859756
0.81917
0.211835
-0.0721892
1.00798
0.675626
0.120001
0.954913
1.23976
0.307989
0.339508
1.05912
1.12986
0.188514
3.07661
2.88222
3.03536
2.17097
2.134
2.21628
2.09967
1.24442
1.26285
0.621217
0.451559
1.31787
1.17581
0.524441
1.25644
1.27605
0.641821
0.58552
1.31189
1.23294
0.567018
1.04312
1.18804
0.545445
0.570249
1.05386
1.1639
0.512775
0.628161
0.258378
0.644807
0.867889
0.429181
0.864885
0.409727
1.20452
2.50341
1.48803
1.43976
1.24554
1.46326
1.2977
9.87958
9.78759
9.7807
9.69334
9.55883
9.67414
9.73863
9.85783
9.72598
9.81611
9.74809
9.84179
9.71419
9.65232
9.68748
9.55173
9.55791
9.67302
9.6686
9.54154
9.63669
9.62685
9.53716
9.50099
9.65518
9.60816
9.52569
9.57886
9.71327
9.52749
9.62504
9.59273
9.68992
9.51313
9.53633
9.59383
9.44021
9.46758
9.55563
9.57321
9.42941
9.3336
9.48611
9.44628
9.39377
9.5051
9.43158
9.38661
9.25755
9.39223
9.15804
9.24761
9.27146
9.3666
9.1454
9.21231
9.27457
9.20682
9.2906
9.38169
9.30699
9.36747
9.13921
9.05837
9.13613
9.20982
9.1381
9.22535
9.1219
8.53936
8.58688
8.53399
8.72068
8.81706
8.72678
8.79097
8.89749
8.96213
8.90239
8.90506
9.03545
8.92302
9.01989
8.54025
9.03804
8.62089
8.54997
9.04258
8.70254
8.69151
-0.686715
-0.686788
-0.556345
-0.552083
-0.760376
-0.649976
-0.585502
-0.276543
-0.222523
-0.396741
-0.309328
-0.226677
-0.237516
-0.361061
-0.668328
-0.479617
-0.214726
-0.469179
-0.253842
-0.55675
-0.850704
-0.528516
-0.595549
-0.470405
-0.455382
-0.459345
-0.340064
-0.502795
-0.478064
-0.819235
-0.797559
-0.763809
-0.336242
-0.417465
-0.602676
-0.530167
-0.0744293
-0.119075
-0.203546
-0.074597
-0.287738
-0.50448
-0.459606
-0.850912
-0.715821
-0.810659
-0.335317
-0.128361
-0.662313
-0.470077
-0.926761
-0.829202
-0.617921
-0.539218
-0.348992
-0.639945
-0.394534
0.106079
-0.203554
0.0420766
-0.224023
-0.0120916
-0.350007
-0.835345
-0.68869
-0.199926
-0.68923
-0.270667
-0.724603
-0.948314
-0.689859
-0.445561
-0.488068
-0.854146
-0.426756
-0.625011
-0.884116
-0.141359
-0.289908
-0.0276264
-0.266422
-0.246386
-0.0520039
-0.298902
-0.520042
-0.502794
-0.578
-0.821716
-0.436509
-0.625362
-0.698909
-0.516535
-0.457564
-0.571109
-0.496422
-0.477868
-0.472881
-0.620009
-0.855807
-1.07726
-0.830701
-0.513032
-0.583159
-0.483027
-0.623948
-0.47602
-0.47416
-0.349874
-0.450554
-0.492603
-0.480562
-0.359094
-0.542338
-0.576356
-0.303082
-0.248464
-0.55075
-0.558692
-0.319405
-0.634682
-0.704417
-0.107719
-0.22301
-0.64054
-0.687266
-0.146355
-0.80669
-0.609455
-0.0777877
-0.0332055
-0.813458
-0.629444
-0.11818
-0.524782
-0.567825
0.0986625
-0.00679088
-0.461771
-0.601454
0.0125394
-0.503092
-0.248058
0.0693587
-0.0972505
-0.424844
-0.350608
-0.0154798
-0.134284
-0.144835
-0.188531
-0.186207
-0.0020017
-0.248559
-0.286097
-0.184834
-0.266184
-0.153354
-0.293977
-0.116468
-0.356926
-0.264377
-0.631357
-0.490133
-0.338064
-0.340303
-0.423231
-0.544657
-0.431159
-0.575484
-0.399046
-0.468304
-0.708029
-0.405141
-0.617325
-0.56513
-0.823758
-0.532041
-0.812653
-0.841861
-0.712374
-0.685269
-0.958139
-0.984555
-0.976092
-0.912751
-1.15395
-0.845179
-1.09899
-1.0452
-1.26631
-1.07338
-1.21923
-1.22867
-1.14832
-1.19803
-1.31917
-1.27969
-1.20533
-1.28193
-1.37842
-1.18454
-1.28126
-1.32841
-1.15599
-1.16392
-1.27022
-1.29592
-1.1247
-1.20241
-1.30449
-0.901398
-1.06362
-0.903495
-0.966833
-1.11845
-0.97635
-1.0846
9.30625
9.42371
9.29737
9.17904
9.03231
9.17096
9.30302
9.4322
9.29523
9.39503
9.31079
9.41622
9.28926
9.19512
9.1889
9.07103
9.05627
9.19818
9.18077
9.07293
9.09177
9.19716
9.20372
9.08222
9.20401
9.19787
9.08539
9.19104
9.27298
9.18902
9.22183
9.32643
9.22313
9.31473
9.08387
9.09324
9.09159
9.18938
9.19845
9.19299
9.19207
9.16096
9.06983
9.10652
9.15567
9.07559
9.17344
9.17776
8.86952
9.04675
8.92069
9.26406
9.04522
8.91793
8.86861
8.87218
8.88407
9.25294
9.06239
9.04952
8.91343
8.86917
-1.22983
-0.839598
-0.779075
-1.04999
-0.730363
-1.13741
-1.20819
-0.64212
-0.558625
-0.896728
-1.16277
-0.95793
-1.09859
-0.678866
-0.553432
-0.896505
-0.98717
-1.22127
-0.803355
-0.674733
-1.1902
-0.722457
-0.69303
-0.523565
-0.56123
-0.744076
-0.708114
-0.509591
-0.930373
-0.871996
-0.582138
-0.365751
-0.814266
-0.990973
-0.545612
-0.606135
-0.456688
-0.396493
-0.196997
-0.598635
-0.433486
-0.505029
-0.045248
-0.270123
0.0863906
-0.147075
-0.0505953
-0.251042
0.0887959
-0.0320413
-0.274459
0.0971925
-0.023224
-0.0665389
-0.230521
0.188475
0.126826
0.276456
0.355102
0.506131
0.0981441
0.259183
0.346999
0.356344
0.0120489
0.494629
0.0561011
0.39006
0.00413407
0.414803
0.480237
0.370038
0.818107
0.646792
0.526158
0.359473
0.758738
0.570265
0.710622
0.885132
0.930828
0.59637
0.634415
0.851663
0.441881
0.142681
0.494181
0.101366
0.51161
0.0987841
0.41117
0.709292
0.719407
1.13139
0.98316
0.787263
0.684982
1.02802
0.706159
0.769745
1.11289
1.04064
0.765822
0.694531
1.04792
0.197764
0.0145571
0.164101
-0.138183
0.261511
-0.0283089
0.0994638
0.599082
0.717089
1.05398
1.00852
0.666859
0.658589
0.962862
0.521894
0.478636
0.962598
0.802542
0.577352
0.422074
0.894366
-0.283145
-0.413307
-0.400701
-0.601749
-0.238974
-0.476494
-0.442099
0.160706
0.340296
0.631601
0.69263
0.204502
0.293705
0.57061
0.032127
-0.0916957
0.480864
0.279802
0.0695119
-0.116775
0.430558
-0.871299
-0.960522
-0.998254
-1.15388
-0.841429
-1.01896
-1.01517
-0.445805
-0.267551
-0.00995261
0.127729
-0.442551
-0.289304
-0.0261309
-0.578767
-0.745658
-0.162835
-0.326608
-0.575691
-0.721405
-0.180003
-1.25733
-1.35759
-1.36612
-1.41765
-1.2853
-1.37968
-1.3245
-0.969347
-0.883718
-0.607424
-0.449118
-1.01709
-0.863304
-0.564914
-1.01632
-1.15563
-0.684972
-0.728195
-1.06463
-1.07377
-0.650815
-1.15858
-1.09942
-1.09882
-1.11323
-1.19992
-1.19572
-1.15548
-1.0838
-1.15767
-0.853384
-0.738256
-1.18091
-1.07902
-0.769553
-1.00602
-0.709845
-0.91762
-0.949143
-0.76371
-1.03761
-0.697142
8.91377
9.01756
8.99656
9.00199
-0.127009
-0.0167586
-0.106959
0.557442
0.733808
0.57001
1.14668
1.16603
1.08885
1.39266
1.33973
1.32392
1.32481
1.17278
1.24443
0.923789
0.717237
0.851943
0.318922
0.135264
0.280413
-0.225477
-0.307585
-0.216933
-0.41252
-0.420268
-0.379683
6.09655
5.2713
6.03551
6.6325
6.96506
5.76496
5.60741
-0.109166
-0.167939
0.0799505
-0.159888
-0.137557
0.0415518
-0.0179431
0.023229
-0.120387
-0.0959244
-0.171848
-0.148382
-0.182297
0.056303
-0.000395305
-0.105649
-0.178629
-0.136808
-0.139213
0.149276
-0.264087
-0.21025
0.100326
-0.137324
-0.131333
-0.0919505
0.0252731
-0.139226
0.0716302
-0.269943
-0.0142356
-0.295583
-0.27339
0.126618
-0.133102
-0.235034
-0.15026
0.21296
-0.24168
-0.167757
-0.0502915
0.0404759
-0.116388
0.151116
-0.192633
-0.208732
-0.176819
-0.243182
0.237589
-0.10561
-0.170168
-0.119823
0.115692
-0.157919
0.207441
-0.230847
-0.261336
0.246453
-0.170858
-0.189956
-0.18934
-0.107511
0.134598
-0.173765
-0.132538
0.164032
-0.101162
-0.131893
-0.0895293
0.10494
12.1598
12.1724
12.1801
12.1827
12.155
12.1684
12.1791
12.0928
12.0543
12.0386
12.067
12.0268
12.0385
12.118
12.1284
12.0148
12.0797
12.0397
12.0342
12.0598
12.0913
12.1604
12.1668
12.1008
12.0826
12.1551
12.0818
12.1669
12.0369
11.988
12.0056
12.0201
11.9958
12.0587
11.9919
12.1842
12.1652
12.1145
12.0843
12.0886
12.1807
12.1789
12.2154
12.1279
12.1002
12.2251
12.0206
12.2805
12.2248
11.5735
11.4682
11.3303
11.3865
11.3677
11.4645
11.4832
11.5036
11.4426
11.3851
11.4584
11.5559
11.3658
11.4133
11.3546
11.3698
11.4096
11.3033
11.529
11.1462
11.3316
11.4957
11.8853
11.7384
11.4996
11.7489
11.5835
11.5625
12.2037
12.2261
12.0575
12.4393
12.0514
12.2332
12.1992
12.2016
12.1158
12.4213
12.2835
12.0321
12.2265
12.2622
12.1174
11.7902
11.9778
12.361
12.1425
11.9492
12.0666
11.4528
11.8303
11.422
11.6481
11.2128
12.0811
11.562
11.1178
10.9931
11.0865
11.1556
11.2117
11.1231
11.0605
10.8232
10.7874
10.6633
10.7671
10.6554
10.7505
10.8637
10.8634
10.6614
10.7971
10.7552
10.657
10.7927
10.8325
11.1361
10.974
11.1949
11.2996
11.1979
11.1476
11.187
10.8737
10.7704
10.8668
10.8359
10.8126
10.9487
10.6973
10.3098
11.1273
10.395
10.0839
10.1364
10.2896
10.4806
8.1304
9.56079
8.47409
8.58558
8.32591
9.39107
8.33751
10.3231
10.3022
10.2031
10.3125
10.1801
10.3117
10.336
10.3104
10.2883
10.1923
10.322
10.1864
10.2918
10.3452
10.2847
10.2182
10.3203
10.2784
10.3357
10.1861
10.2831
10.5048
10.5988
10.5518
10.4011
10.5535
10.5157
10.5342
6.11816
6.52586
6.15199
7.3515
5.93384
6.42133
6.232
6.19794
6.06865
7.47139
6.44722
6.02287
6.47737
6.19801
5.91443
6.10796
6.33126
7.06368
6.20226
6.16432
5.72951
3.323
5.00417
3.72835
3.70385
3.7772
4.52608
3.43563
10.1609
10.0398
10.1461
10.1665
10.1497
10.1445
10.1656
10.0338
10.152
10.1039
6.10235
5.29168
6.64681
6.04141
5.62906
5.7728
6.96631
0.0871681
-0.37063
-0.384795
-0.413257
-0.465987
-0.258129
-0.0729278
-0.55902
-0.570066
-0.588692
-0.528826
-0.876881
-0.514044
-0.679486
-1.21402
-0.995842
-1.03761
-0.76832
-1.30372
-0.92335
-0.832744
1.09884
2.08053
1.45189
1.52459
1.06867
1.37859
1.31285
-1.39868
-0.0430924
-1.57616
-1.40185
-1.09559
-0.432196
-1.67671
7.69177
8.38116
7.89462
7.81454
7.81814
7.79737
7.74442
7.72783
8.43746
7.8217
7.80614
7.86828
7.83388
7.68985
7.86417
8.08712
7.94685
8.3411
7.92808
7.95136
7.95039
-0.851047
-1.12116
-0.985271
-0.765075
-1.02215
-0.827751
-0.827052
0.0753632
-0.272666
-0.0144906
-0.299903
-0.278354
0.128564
-0.132236
-0.107667
-0.169647
0.0804787
-0.161891
-0.139509
0.0425136
-0.0156677
0.0239496
-0.119792
-0.173603
-0.0973659
-0.149998
0.0566756
-0.181228
-8.77177e-05
-0.105378
-0.180658
-0.139093
-0.139485
0.149126
-0.263806
-0.209767
0.100738
-0.133494
-0.138353
-0.0933632
-0.138651
0.0260425
9.10184
9.09301
9.30699
8.95946
9.30127
8.96316
9.11895
8.8984
8.95401
9.19826
9.11762
9.01496
9.02375
8.91332
-0.596364
-0.573701
-0.65572
-0.62098
-0.437126
-0.616937
-0.643752
-0.883195
-0.898152
-0.992062
-0.804315
-0.756216
-0.877393
-0.923149
-0.948958
-0.956448
-0.920152
-0.96392
-0.945142
-0.94743
-0.907381
-0.498142
-0.680498
-0.618883
-0.625542
-0.622632
-0.620714
-0.552451
-0.728365
-0.92455
-0.828372
-0.989649
-0.814401
-0.832072
-0.970868
-0.808063
-0.734974
-0.996605
-0.800498
-0.762347
-0.824587
-0.923006
-0.236045
-0.150177
0.213166
-0.243064
-0.0498599
0.0388979
-0.167263
-0.117366
0.15179
-0.211088
-0.19302
0.239046
-0.24494
-0.177142
-0.107189
-0.171223
-0.120986
0.114719
0.20997
-0.233605
-0.158748
-0.263349
0.248711
-0.190947
-0.171486
0.135362
-0.108887
-0.189925
-0.176616
-0.133273
0.16536
-0.100017
-0.0914271
0.106501
-0.132734
12.1596
12.1663
12.0998
12.0807
12.1664
12.1542
12.0807
12.0344
12.0177
11.9863
12.0042
11.989
11.9933
12.0587
12.1594
12.1724
12.1799
12.1828
12.1589
12.1691
12.1774
12.0927
12.0537
12.0382
12.0667
12.1173
12.0382
12.0267
12.1288
12.0798
12.0143
12.039
12.0596
12.091
12.0341
12.1193
12.3617
11.7901
11.9777
12.0688
11.9503
12.1436
12.2042
12.2267
12.0581
12.4393
12.1998
12.0518
12.2335
12.2053
12.4247
12.1194
12.287
12.2663
12.0362
12.23
11.4457
11.6469
11.83
11.4221
12.0794
11.5601
11.2079
11.1362
10.9764
11.1956
11.2991
11.1986
11.1488
11.1872
10.8705
10.8337
10.7649
10.864
10.6946
10.8098
10.9445
11.1196
10.9965
11.0922
11.1617
11.2129
11.1261
11.0667
10.8209
10.7882
10.6633
10.766
10.865
10.7488
10.6529
10.866
10.8007
10.6669
10.7634
10.7949
10.8423
10.6598
10.2852
10.2756
10.2121
10.3147
10.1845
10.2815
10.3302
10.3068
10.1922
10.323
10.2863
10.3467
10.1834
10.2889
10.325
10.3045
10.2072
10.318
10.3421
10.1827
10.3134
10.4844
10.5116
10.5741
10.3782
10.5228
10.4914
10.5296
10.519
10.382
10.5598
10.506
10.5081
10.5182
10.5604
5.91167
7.05687
6.13561
6.34729
5.72543
6.20031
6.18226
6.11661
6.52815
6.15371
7.35015
6.23392
6.41983
5.92923
6.19002
7.46413
6.06661
6.44325
6.47082
6.19388
6.01023
3.31734
3.71025
5.0252
3.74107
4.53603
3.43724
3.78745
10.0331
10.1466
10.1053
10.1618
10.0412
10.1496
10.172
10.1506
10.1459
10.1705
-1.23725
-0.79809
-1.02983
-1.07072
-0.955051
-1.33547
-0.857655
0.0712597
-0.394886
-0.399813
-0.427555
-0.090927
-0.474566
-0.275372
-0.588481
-0.610636
-0.58486
-0.551279
-0.543198
-0.892481
-0.701602
-1.41573
-1.41462
-1.58158
-0.04148
-1.69111
-0.441973
-1.09939
1.19926
2.50316
1.48078
1.43073
1.24116
1.28894
1.45926
7.86709
8.34678
8.07711
7.94149
7.95628
7.95278
7.92169
7.727
7.81775
7.80293
8.43678
7.68621
7.86873
7.83295
7.68783
8.37572
7.88632
7.80787
7.73761
7.81623
7.79277
-0.292503
-0.419247
-0.326895
-0.235575
-0.379656
-0.244255
-0.253359
-0.715684
-0.716939
-0.586002
-0.58132
-0.613854
-0.79392
-0.680445
9.09471
8.95485
9.09619
9.31034
9.11293
8.95831
9.30507
8.86923
9.04763
8.92068
9.26652
8.86846
9.04615
8.91778
8.86952
9.25536
8.88039
9.06029
8.86593
9.04802
8.91134
-0.97687
-1.00349
-0.990192
-0.967999
-0.952558
-0.980671
-0.973316
-0.609729
-0.58768
-0.667141
-0.633129
-0.655173
-0.629695
-0.451174
-0.923178
-1.03314
-0.93797
-0.84905
-0.966465
-0.916398
-0.793392
-0.862717
-0.843569
-0.769312
-1.02775
-0.873561
-0.801662
-0.952303
-0.510541
-0.695163
-0.630218
-0.638842
-0.564327
-0.636973
-0.63396
-0.769741
-0.864782
-0.96387
-1.01796
-0.87317
-0.849755
-1.00603
12.1648
12.1137
12.0828
12.1804
12.1783
12.1841
12.0871
11.4951
11.736
11.578
11.491
11.8831
11.5575
11.7463
11.1136
10.2998
10.395
10.0912
10.4712
10.1273
10.2905
6.55604
5.41538
5.22543
5.26786
6.6602
5.60935
5.54558
5.33192
6.68005
5.22479
5.61007
5.25981
6.45528
5.42539
12.2911
12.3388
12.309
12.3627
12.3116
12.242
12.2053
12.3607
12.275
12.3185
12.3095
12.2598
12.273
12.1834
11.7656
12.2629
11.7471
12.1807
11.6957
11.5186
11.4572
11.7202
12.1668
11.6703
12.1036
11.637
11.4083
11.4935
8.59932
9.7028
8.73897
9.5176
8.48859
8.23636
8.45548
9.74395
8.82834
8.5978
9.69259
8.37471
8.59852
8.35283
3.94622
5.06754
3.69404
4.98162
3.66235
3.69073
3.58638
3.93413
5.10793
3.71618
4.94229
3.62188
3.54254
3.72614
6.56432
5.23495
5.4198
6.66299
5.27507
5.6119
5.55459
5.34617
5.23172
6.68922
6.4595
5.26973
5.62142
5.42976
-1.68149
-0.0127554
-1.38959
-0.0675979
-1.6838
-1.28226
-1.23031
0.102208
-1.46144
-1.51196
-0.189371
-0.99881
-1.73977
-1.37214
9.2918
8.93801
8.96944
9.27807
8.93273
9.13581
9.14664
8.93272
8.97289
9.28259
9.27876
8.9422
9.15752
9.1485
12.1686
11.6713
11.7209
12.1044
11.6368
11.408
11.4944
11.7715
12.2679
11.7516
11.5227
12.1864
11.7011
11.4632
5.1102
3.71712
3.93752
4.94721
3.62513
3.54701
3.72635
3.94282
5.06053
3.69081
3.69119
4.97405
3.65857
3.58542
-1.68566
-1.38882
-0.0167523
-1.68351
-0.0639592
-1.27895
-1.23589
-1.52507
-1.46819
0.0877187
-1.74719
-1.01236
-0.195059
-1.37554
9.29148
8.9381
8.96979
8.93359
9.27751
9.13636
9.1465
8.97287
8.93116
9.27919
9.15477
8.94292
9.27747
9.14829
12.2251
12.0981
12.2249
12.2159
12.125
12.2804
12.0174
12.1802
12.2169
12.2027
12.19
12.1734
12.1813
12.2123
12.2919
12.3399
12.3093
12.3118
12.2414
12.2058
12.3634
12.2776
12.3209
12.2754
12.1849
12.3628
12.2615
12.3126
11.3619
11.3111
11.3726
11.4126
11.1559
11.3381
11.5311
11.385
11.4582
11.5555
11.5029
11.4422
11.3656
11.4129
11.5743
11.4695
11.3328
11.3899
11.4865
11.3693
11.4656
11.8024
11.8834
11.7206
11.7934
11.7822
11.7496
11.8258
11.7433
11.7782
11.8126
11.7978
11.8291
11.74
11.9014
8.57423
8.48456
8.324
8.11686
9.57812
9.37326
8.3498
11.3178
10.5085
10.6798
10.2708
10.5313
10.6566
10.2369
8.60134
9.70695
8.73526
8.48451
8.22906
8.45784
9.51463
8.8263
8.59613
8.59501
8.34407
9.75179
8.37487
9.69409
8.64176
8.71421
9.06979
8.6047
8.9098
8.71297
8.87867
8.60573
8.54669
9.03078
8.54124
9.0189
8.6934
8.71386
-0.966554
-1.05871
-1.10539
-0.929642
-0.955679
-0.926986
-1.10314
-0.842419
-0.795287
-0.816464
-0.82955
-0.902674
-0.790093
-0.73195
8.60865
8.5526
9.03697
8.54505
9.0205
8.69651
8.72127
8.63665
8.7113
9.06489
8.59968
8.90334
8.70857
8.87772
-0.806256
-0.760783
-0.784642
-0.867503
-0.796196
-0.75195
-0.694363
-0.935711
-1.02948
-1.06159
-0.929261
-0.892378
-0.889765
-1.0604
11.7295
11.9201
11.9209
11.9227
12.114
11.4803
11.4887
11.4853
11.407
11.3969
11.4007
11.1328
11.0973
11.1087
10.9544
10.931
10.9404
10.8408
10.8301
10.7381
10.7806
10.7868
10.7843
10.6963
10.7054
10.7019
10.4176
10.4319
10.426
9.8142
9.82686
9.81955
8.89365
8.88665
8.88553
7.99281
7.94604
7.95634
7.57006
7.53558
7.5439
6.78403
10.1696
10.1805
10.1736
10.0964
10.0983
10.0978
9.84218
9.84366
9.84349
9.27369
9.27557
9.27437
8.12649
8.12847
8.12433
5.84598
5.84484
5.84315
3.72511
3.74351
3.71964
3.26271
3.27067
3.25327
3.0794
3.05964
3.05149
3.02607
2.98685
2.98862
2.9769
2.91968
9.84256
9.84405
9.84351
9.76557
9.76556
9.76575
9.58371
9.58429
9.58451
9.20043
9.20063
9.20063
8.67103
8.63589
8.65769
-0.85993
-0.883832
-0.866598
-0.559434
-0.53116
-0.551809
-0.157877
-0.153972
-0.165682
0.0131962
0.00111822
-0.00199529
-0.0719747
-0.0936368
-0.0913508
-2.09386
-2.11178
-1.17065
-1.18563
-1.18039
-1.01735
-1.02014
-1.01493
-1.20467
-1.20582
-1.20634
-1.27029
-1.26889
-1.27135
-1.10717
-1.10416
-1.10632
-0.679212
-0.659893
9.40234
9.40228
9.40212
9.38446
9.3825
9.38324
9.27965
9.2794
9.27977
9.48373
-1.17133
-0.975282
-0.956806
-0.962259
-0.75048
-0.737735
-0.739948
-0.507106
-0.501921
-0.499125
-0.292251
-0.286735
-0.278972
-0.128558
-0.122312
-0.120047
-0.0265339
-0.0228781
-0.02143
-0.0929967
-0.105418
-0.0982734
-0.537369
-0.546681
-0.54173
-0.956741
-0.9592
-0.957691
-1.01428
-1.01224
-1.01393
-0.624571
-0.621551
-0.623287
8.98862
8.98704
8.98752
9.13591
9.12647
9.13237
-0.189766
-0.204878
-0.193067
0.194808
0.201644
0.200931
0.632627
0.635124
0.635476
1.04723
1.04599
1.04764
1.25789
1.25601
1.25764
1.15273
1.15024
1.15291
0.777858
0.775802
0.777922
0.303649
0.304308
0.304948
-0.0450238
-0.0428115
-0.0427937
-0.177667
-0.178658
-0.178425
11.7213
11.7266
11.724
10.451
10.4621
10.4574
-0.563164
-0.566458
-0.565017
-0.66242
-0.6602
-0.662431
-0.272056
-0.272051
-0.272207
11.9234
12.008
12.0101
12.0113
12.0394
12.0416
12.0426
12.2668
11.4667
11.4691
11.7259
11.4797
11.4812
11.4312
11.4158
11.4213
11.2515
11.2391
11.2454
11.1469
11.1457
11.1475
11.1497
10.8728
10.8909
10.8936
10.8923
8.19339
8.16573
8.1709
8.48798
10.1716
10.1828
10.6814
10.2073
10.2113
10.188
10.1906
10.1897
3.65741
3.61543
3.61995
3.52738
3.50173
3.51324
3.48462
9.89008
9.89116
9.8908
6.33431
6.33983
6.33476
3.93482
3.95256
3.92925
0.285831
0.260916
0.261417
-0.587565
-2.2208
-1.21833
-1.23178
-1.22607
-1.18015
-1.18945
-1.18535
-1.10363
-1.10087
-1.09862
-1.0865
-1.08499
-1.08298
-1.1902
-1.18785
-1.18953
-1.20857
-1.20637
-1.20822
-1.27216
-1.27022
-1.27198
-1.26528
-1.26384
-1.26556
-1.12601
-1.12455
-1.12632
-1.08274
-1.08079
-1.08256
-0.753293
-0.725481
-0.638844
-0.553559
-0.540365
-0.545242
-0.916362
-0.864982
-0.899984
-0.66402
-0.661885
-0.664133
9.14272
-1.41948
-0.963091
-0.948046
-0.952618
-0.275566
-0.275516
-0.275707
-0.287462
-0.276969
-0.280146
12.3309
12.3287
12.3321
6.60133
6.58986
6.58655
8.74415
8.77287
8.76744
-0.565786
-0.552638
-0.557436
8.79534
8.77571
8.78293
12.0357
11.8454
11.8493
11.8485
11.8647
11.7185
10.871
10.2695
10.5123
5.75704
5.73479
5.73905
5.62616
4.85262
7.49223
7.50812
7.49764
7.51715
7.50452
6.52261
4.93274
4.91546
4.92325
0.378368
2.79233
1.45297
8.33126
8.41678
6.54712
-0.895172
-1.02208
-0.468661
-0.684603
-0.686105
-0.687773
-0.422215
-0.425043
-0.42569
9.20572
9.23344
9.21672
9.17037
9.16136
8.97349
8.97758
-1.05724
-1.11693
-1.10025
-1.10608
-1.09765
-0.304458
-0.306763
-0.307842
-0.531911
-0.530381
-0.531387
-0.244329
-0.24768
-0.246767
9.17767
9.22108
-0.703888
-0.0676597
-0.0734232
-0.070856
12.0867
12.0893
12.0885
12.0787
12.0794
12.2344
12.2351
12.2363
12.2362
12.2333
11.6786
11.6874
11.8933
11.894
11.8958
11.4229
11.4041
11.4108
11.2719
11.2373
11.2486
12.0344
11.2582
11.2241
11.2353
11.244
11.2288
11.2356
12.1064
12.0911
12.0144
12.0126
12.0147
10.8009
10.808
10.8056
10.7692
10.7794
11.4545
11.4642
10.8932
10.8972
10.8956
10.8568
10.8677
10.8634
11.4008
11.3927
11.3956
10.845
10.8562
10.8518
10.682
10.6983
10.6918
11.1525
11.1182
11.1294
10.6392
10.6564
10.6499
10.2073
10.22
10.2133
10.959
10.9323
10.9422
10.1178
10.129
10.1227
9.41155
9.40356
9.4039
10.8297
10.8266
10.8265
9.29809
9.28535
9.28734
8.5699
8.5198
8.53145
8.50084
8.44965
8.46172
8.18875
8.16241
8.16973
10.7398
10.7268
10.7284
10.8277
10.7967
10.4463
10.4624
10.7803
10.7862
10.7837
10.1758
10.1783
10.1774
9.99711
9.99933
9.99875
10.7171
10.7263
10.7228
9.95579
9.95808
9.95749
9.53356
9.53745
9.53591
10.4682
10.482
10.476
9.4424
9.44622
9.44476
8.5684
8.57276
8.56928
9.9122
9.92598
9.91845
8.39431
8.39846
8.39458
6.83264
6.84046
6.82856
9.0219
9.0195
9.01689
6.50624
6.51567
6.50339
4.87836
4.90078
4.88071
8.06123
8.01581
8.02548
4.7416
4.76431
4.74455
4.2003
4.21294
4.19753
7.56378
7.52489
7.53498
4.13922
4.14809
4.13388
3.738
3.71473
3.70851
6.75734
3.68993
3.66214
3.65713
3.64109
3.5987
3.6017
4.84118
4.77754
4.79183
4.75154
4.76039
10.178
10.1837
9.88878
9.88959
9.88933
9.82129
9.82196
9.82179
10.1222
10.1242
10.1236
9.80738
9.80833
9.80812
9.66047
9.66097
9.66139
9.8982
9.89967
9.89947
9.63052
9.63081
9.63132
9.30435
9.3025
9.30334
9.38266
9.38533
9.38378
9.23623
9.23404
9.23492
8.65052
8.64475
8.64635
8.33682
8.33938
8.33563
8.53304
8.52817
8.53107
3.3322
3.34518
3.32659
-0.778683
-0.756647
-0.779593
3.09701
3.07977
3.06976
-0.765039
-0.73827
-0.76154
-0.330715
-0.302068
-0.326277
3.01122
2.97195
2.9722
-0.262616
-0.236419
-0.259371
0.0985885
0.102204
0.0894218
2.89081
2.8642
2.85956
0.123122
0.123594
0.111886
0.292216
0.276997
0.273397
0.323726
0.307483
0.305141
0.280601
0.265962
0.26647
1.57691
1.58303
1.57792
1.52084
1.49167
9.84637
9.84924
9.84833
9.45329
9.45388
9.45349
9.78214
9.78246
9.78236
9.45512
9.45558
9.45526
9.4377
9.43811
9.43834
9.61204
9.61257
9.61296
9.42807
9.42761
9.42823
9.29859
9.29727
9.29804
9.27716
9.27506
9.27584
9.27318
9.27228
9.27287
8.96472
8.9784
8.68036
8.70716
8.68975
9.08007
9.05991
6.2958
6.28403
6.30558
6.38018
6.3645
-0.289404
-0.279088
-0.283046
-0.501432
-0.506484
-0.591691
-0.560994
-0.581813
-1.20697
-1.18354
-0.157124
-0.149684
-0.16214
-1.02979
-1.04218
-0.926387
-0.908667
-0.914774
0.0135875
0.00205034
-0.00237883
-0.903593
-0.886353
-0.892477
-0.717178
-0.707014
-0.710248
-0.028382
-0.0462109
-0.0438747
-0.693845
-0.684525
-0.687209
-0.528081
-0.525162
-0.523816
-1.41259
-0.503596
-0.501036
-0.499038
-0.370973
-0.365522
-0.360025
-2.88826
-0.369611
-0.364941
-0.358091
-0.316221
-0.314838
-0.31191
-1.19778
-1.21615
-1.2097
-0.307505
-0.304252
-0.302438
-0.254038
-0.244859
-0.245318
-0.99798
-0.998637
-0.994187
-0.235087
-0.227072
-0.227144
-0.222761
-0.233597
-0.225912
-1.16903
-1.16979
-1.17013
-0.244933
-0.256825
-0.248896
-0.603931
-0.615083
-0.609232
-1.2617
-1.25985
-1.26244
-0.672204
-0.682362
-0.676477
-1.04925
-1.05245
-1.05058
-1.14864
-1.14602
-1.14797
-1.09022
-1.09235
-1.09091
-1.13579
-1.13365
-1.13541
-0.714481
-0.70771
-1.1197
-1.11792
-1.1192
-0.729222
-0.726447
-0.728547
9.39756
9.39776
9.39749
8.99322
8.99356
8.99363
9.39562
9.39685
9.39677
9.02253
9.02206
9.02217
9.08551
9.08361
9.08335
9.30436
9.30221
9.30297
9.07953
9.07776
9.07924
8.93319
8.93147
8.9814
8.9908
8.98701
-0.799823
-0.802996
-0.755402
-0.742272
-0.745064
-0.340805
-0.330603
-0.331644
-0.525891
-0.519536
-0.517625
-0.297036
-0.286026
-0.287156
0.0386636
0.0477014
0.0479895
-0.312276
-0.305974
-0.298831
0.0953124
0.103455
0.104006
0.463219
0.466274
0.467128
-0.150473
-0.144685
-0.14163
0.517297
0.51965
0.520578
0.877471
0.876264
0.878111
-0.0381372
-0.0331463
-0.0324311
0.92525
0.923522
0.925514
1.11324
1.11049
1.11253
-0.0624369
-0.0741135
-0.0669654
1.11602
1.11324
1.11561
1.0216
1.01781
1.02112
-0.470783
-0.481163
-0.475756
0.987304
0.983481
0.986743
0.644227
0.640855
0.643372
-0.917102
-0.920424
-0.918541
0.583674
0.580311
0.582709
0.156894
0.156713
0.157655
-1.0289
-1.02712
-1.02899
0.099164
0.0989942
0.099731
-0.192175
-0.190449
-0.190676
-0.675521
-0.673309
-0.674715
-0.219726
-0.217616
-0.21799
-0.252801
-0.25177
-0.252661
8.94531
8.94473
8.94524
9.07701
9.11005
9.0893
9.04208
9.02242
9.03009
9.05135
9.04157
0.137395
0.145042
0.143951
0.575591
0.578911
0.579053
0.993254
0.992777
0.994155
1.24562
1.24371
1.24524
1.17766
1.17538
1.17795
0.831011
0.82908
0.831237
0.355527
0.356652
0.357356
-0.0162545
-0.0143126
-0.0141584
-0.146324
-0.145928
-0.146298
5.8316
5.44396
5.46742
5.50434
5.63793
5.688
-0.342471
-0.348712
-0.350574
-0.658924
-0.660961
-0.663476
-0.339052
-0.34172
-0.343514
-0.380811
-0.384593
-0.385855
-0.342921
-0.348441
-0.351382
-0.328676
-0.334854
-0.337141
-0.33615
-0.3398
-0.342145
-0.342145
-0.34444
-0.343974
-0.45731
-0.456329
-0.456506
-0.120855
-0.128012
-0.124408
-0.204965
-0.210791
-0.209545
-0.275244
-0.283781
-0.2796
-0.321008
-0.325871
-0.324411
-0.239488
-0.248637
-0.243929
12.2353
11.9155
11.918
12.1209
12.1252
11.9503
11.9516
12.3241
12.3219
12.1157
12.1155
12.1322
12.1398
12.0818
12.0864
12.1047
12.1142
11.4207
11.4287
11.4915
11.4974
11.4951
11.4288
11.4325
11.5041
11.5352
11.5261
11.5281
11.473
11.4644
11.4611
11.462
11.4214
11.4092
11.4354
11.415
11.4214
11.467
11.4609
11.4631
11.4064
11.3942
11.8319
11.8354
11.8346
11.8517
12.068
11.6443
11.6425
11.6443
11.2276
11.2219
11.2257
11.5687
11.5926
11.2363
11.2301
11.2331
11.6434
11.6472
11.7162
11.4031
10.8744
11.1024
10.7972
10.8137
11.118
11.1284
10.8649
10.8665
9.46267
9.44097
9.4462
10.4655
10.5013
9.34035
9.32529
9.30699
7.95724
7.94105
7.9168
7.90275
10.3138
10.3217
10.3199
10.3257
10.3235
10.3173
10.2802
10.2788
10.4383
10.4561
10.4474
10.4717
10.2242
10.2253
10.2249
10.3537
10.3672
10.4126
10.4163
10.4147
10.2162
10.2181
10.2175
10.4182
10.417
5.78137
5.75764
5.76247
5.63059
6.40789
6.7667
5.12178
5.09218
5.09682
3.64786
3.62044
3.62344
4.59995
4.67688
3.69808
3.66277
3.6636
5.08537
5.04116
4.83372
4.16424
9.86987
9.98405
9.99625
5.45232
5.47584
5.51276
5.64703
5.69668
7.20728
7.22096
7.21166
5.90507
7.68878
7.62282
6.2501
5.84517
4.61514
4.59236
4.60741
0.811485
0.763323
0.978916
-1.24687
-0.125094
-0.131824
-0.499032
-0.405646
-0.431522
-0.409744
-0.220078
-0.231225
2.77456
-0.144666
1.02991
0.963873
0.0176485
-0.0118116
0.00455701
-0.0538396
-1.55728
-1.57273
-1.56246
-1.41357
-1.4378
-1.42815
-1.18888
-1.18838
-1.18796
-1.14769
-1.14672
-1.14608
-1.12191
-1.11987
-1.11973
-1.13684
-1.13464
-1.13509
-1.25377
-1.25125
-1.25328
-1.26549
-1.26301
-1.26487
-1.22933
-1.22844
-1.23034
-1.20691
-1.20599
-1.20784
-0.946792
-0.944351
-0.945374
-0.881935
-0.879761
-0.880883
7.80057
7.80174
8.5989
7.91075
8.86903
6.56038
-0.908912
-0.771191
-0.763839
-0.758186
-0.974905
-1.04013
-0.468829
-0.685295
-0.686775
-0.688354
-0.423309
-0.426154
-0.426848
-0.342998
-0.34924
-0.351132
-0.659928
-0.66205
-0.664552
-0.340807
-0.343528
-0.345343
-0.38285
-0.386529
-0.387709
-0.34308
-0.348733
-0.351693
-0.32945
-0.335598
-0.337906
9.0958
9.12543
9.11838
9.08511
9.13478
9.23854
9.22101
9.23146
8.91106
9.28644
9.2788
9.27308
9.19427
8.82165
8.80889
8.96855
8.9669
-0.96295
-0.961938
-0.989038
-1.03412
-0.997828
-0.902569
-0.879037
-0.939639
-0.913743
-0.92032
-0.900908
-1.00484
-0.306934
-0.309196
-0.310329
-0.535172
-0.533606
-0.534653
-0.2464
-0.249652
-0.248766
-0.337068
-0.340759
-0.343152
-0.343031
-0.34517
-0.344737
-0.461045
-0.460009
-0.460229
-0.123082
-0.130196
-0.12662
-0.207442
-0.213135
-0.211931
-0.276804
-0.285313
-0.281156
-0.322341
-0.327173
-0.325689
9.59375
9.21778
-0.741703
-0.425386
-0.241065
-0.250199
-0.245501
12.0781
12.0788
12.4008
12.3916
12.0154
12.0136
12.0158
12.1121
12.0968
10.7763
10.7867
6.54218
6.49911
4.79435
4.75415
4.763
4.83488
4.77183
-0.165121
-0.203169
-0.189604
-0.564267
-0.565274
1.57813
1.58438
1.57923
7.9048
7.78648
7.79605
7.79539
7.79168
7.79299
8.75981
8.79881
6.28799
6.27623
6.29775
6.36959
6.35424
-0.352796
-0.367956
-1.07717
-0.307558
-0.297343
-0.30115
-0.804285
-0.797302
9.19744
9.09599
9.12559
9.11854
9.08317
9.13301
8.97334
8.98158
8.99109
8.9873
8.93031
8.92914
8.81719
8.80433
-0.836074
-0.839686
-0.654171
-0.647568
-0.653535
-1.00779
-0.995109
9.04218
9.02255
9.03021
9.04828
9.03937
-0.770344
11.8012
11.8008
11.5532
11.55
11.5475
11.6331
11.6234
11.6279
11.9506
11.96
11.9561
11.755
11.7505
11.7542
11.7951
11.7926
11.7957
12.0519
12.1743
11.366
11.2256
11.253
11.2694
11.2605
11.4779
11.4822
11.4803
11.3496
11.363
11.3582
11.3693
11.3833
11.3788
11.316
11.2965
11.3034
11.3112
11.321
11.3185
11.184
11.1885
11.1875
11.0215
10.9823
10.9948
10.884
10.8728
10.877
10.6826
10.6576
10.6663
10.9233
10.9096
10.9162
10.3464
10.2991
10.3133
10.2016
10.1546
10.1689
10.5997
10.0707
10.0454
10.0535
9.89309
9.9243
9.89755
10.501
10.761
10.7658
10.4788
10.4704
10.4778
10.4855
10.4887
10.4872
10.7686
10.7747
10.7725
10.4262
10.4293
10.4287
10.3527
10.3573
10.3549
10.6215
10.6331
10.6283
10.1622
10.1688
10.1668
10.0013
10.0096
10.0062
10.2371
10.2537
10.2466
9.60802
9.61833
9.61223
9.29757
9.31288
9.30548
9.50015
9.50918
9.50257
8.65289
8.67078
8.66013
8.24424
8.26137
8.25014
8.52718
8.50431
8.50855
7.57787
7.58938
7.57888
7.21142
7.21428
7.20666
7.79592
7.74582
7.75789
6.63435
6.614
6.61416
6.3442
6.30848
6.3127
7.3402
7.31627
7.317
6.04948
6.00409
6.01222
5.97478
5.93586
5.94307
6.71474
7.78584
10.1769
10.0444
10.0128
10.0235
10.0183
10.1507
10.1555
10.1542
10.0152
10.0166
10.0162
9.97768
9.97942
9.97892
10.0285
10.0301
10.0298
9.87334
9.87502
9.87473
9.77624
9.77775
9.77751
9.68095
9.68199
9.68193
9.52706
9.52807
9.5282
9.32018
9.32129
9.32156
8.93248
8.93489
8.93355
8.82058
8.81889
8.81931
8.40479
8.4014
8.40152
7.94897
7.95019
7.94582
7.85409
7.84927
7.84643
7.62378
7.62256
7.6201
5.57793
5.57109
5.57272
5.19533
5.1606
4.92323
4.87805
0.63398
0.746556
0.65974
3.44213
3.45989
3.43751
0.76908
0.788124
0.749554
3.20352
3.20135
3.18732
1.06992
1.09151
1.0574
1.25412
1.26793
1.24023
3.02121
2.99151
2.98724
1.4384
1.43803
1.41949
1.48753
1.47741
1.46324
3.03533
2.99889
3.00317
1.55488
1.53012
1.52379
1.65292
1.62473
1.62274
2.20673
1.79585
1.77176
1.77244
1.59517
1.70298
1.61451
9.82226
9.82247
9.8224
9.68084
9.68123
9.68095
9.66055
9.6607
9.66061
9.71515
9.7155
9.71582
9.6054
9.6054
9.60574
9.56108
9.56102
9.56163
9.47212
9.47257
9.47274
9.44031
9.44059
9.4412
9.33456
9.33505
9.33555
9.0031
9.00278
9.00288
9.07424
9.07248
9.07317
8.90834
8.88185
8.89888
8.54454
8.54352
8.41002
8.42313
8.52309
8.49075
-0.964056
-0.843233
-0.813485
-0.833139
-1.06205
-1.03647
-0.368896
-0.348692
-0.366404
-0.968694
-0.943217
-0.954313
-0.859699
-0.836324
-0.848428
-0.0883369
-0.0919424
-0.100777
-0.670982
-0.657939
-0.667977
-0.578587
-0.572304
-0.57998
0.0474361
0.0326617
0.0322527
-0.482686
-0.483883
-0.4884
-0.426937
-0.432557
-0.434766
-0.370087
-0.421985
-0.401955
-0.36187
-0.371487
-0.369754
-0.40775
-0.416711
-0.414291
-0.765205
-0.678246
-0.729026
-0.543891
-0.535756
-0.592138
-1.47766
-1.46249
-1.49018
-0.808671
-0.844299
-0.867648
-0.860031
-0.907659
-0.905676
-1.11935
-1.12408
-1.12264
-0.857952
-0.869327
-0.8683
-0.869894
-0.870146
-0.868565
-1.08351
-1.087
-1.08426
-0.842745
-0.848202
-0.841703
-0.900392
-0.908174
-0.90257
-1.24419
-1.24447
-1.24631
-1.11419
-1.1198
-1.11636
-1.21974
-1.22302
-1.22216
-1.25226
-1.25083
-1.25312
-1.31498
-1.31431
-1.31596
-1.30425
-1.30392
-1.30574
-0.964213
-0.959463
-0.961302
-1.18799
-1.1863
-1.18903
-1.03908
-1.03719
-1.04031
-0.590846
-0.711624
-0.704333
-0.650331
-0.644006
9.41007
9.40922
9.40931
9.23412
9.23297
9.23322
9.25293
9.25293
9.253
9.35159
9.34995
9.35084
9.25291
9.25139
9.25226
9.21902
9.21653
9.2179
9.26014
9.26107
9.26142
9.20135
9.1977
9.1988
9.16981
9.16803
9.17002
9.1605
-1.19059
-1.1723
-1.21145
-1.09698
-0.889856
-0.873835
-0.874942
-0.901286
-0.883055
-0.887823
-0.819991
-0.802376
-0.802213
-0.655375
-0.646097
-0.646434
-0.663535
-0.64672
-0.645395
-0.547445
-0.533414
-0.530482
-0.411463
-0.406879
-0.401939
-0.337111
-0.327223
-0.321669
-0.2008
-0.192445
-0.186681
-0.217325
-0.213107
-0.206437
0.0453689
0.0494324
0.0551359
0.193644
0.196221
0.201101
-0.0901923
-0.0829215
-0.0822956
0.417433
0.417039
0.420594
0.509794
0.507011
0.510049
-0.0182257
-0.0221131
-0.0170664
0.551851
0.546462
0.550872
0.528896
0.520776
0.52632
-0.234212
-0.246922
-0.239914
0.382051
0.371468
0.377356
0.224038
0.214169
0.219533
-0.720871
-0.726291
-0.722918
-0.0935811
-0.101569
-0.0973041
-0.292081
-0.29664
-0.293571
-1.02158
-1.02243
-1.02228
-0.573924
-0.575953
-0.574565
-0.682998
-0.683182
-0.682761
-0.912874
-0.911282
-0.912611
-0.749234
-0.74696
-0.748889
-0.709034
-0.705313
-0.707757
-0.504374
-0.504109
-0.505062
-0.617976
-0.614287
-0.616775
-0.494233
-0.49348
-0.494481
9.046
9.04381
9.0444
9.15083
9.15338
8.93324
8.95402
9.071
9.05774
-0.0737281
-0.0649228
-0.0668802
0.355758
0.360673
0.360623
0.790854
0.7919
0.79265
1.16633
1.16391
1.16582
1.2502
1.24819
1.25062
1.03853
1.03615
1.03865
0.602566
0.601125
0.602413
0.151898
0.152634
0.153139
-0.112334
-0.110027
-0.110346
-0.124632
-0.126117
-0.125965
-0.114604
-0.115687
-0.115018
-0.0714792
-0.07289
-0.0722931
11.7636
11.7571
11.7598
11.6926
11.6992
11.696
11.7336
11.7286
11.7303
12.2086
12.2055
12.2077
10.4571
10.4472
10.4498
10.4284
10.4398
10.4348
10.4328
10.4242
10.4263
7.23794
7.26697
7.2685
7.13774
7.17452
7.17624
-0.555139
-0.549342
-0.550573
-0.487245
-0.489357
-0.487481
-0.640055
-0.636793
-0.637487
9.0239
9.0284
12.2057
12.2063
12.1995
12.2029
12.2171
12.2103
12.2121
12.2096
12.2041
12.2094
12.2056
2.57039
2.21653
-5.05844
-3.23472
-4.26072
-4.19518
-4.35181
-2.26701
-2.1582
-2.23603
-2.19397
-2.09139
-2.15974
-4.42891
-4.37204
-4.52422
-0.440862
-0.582035
-0.545809
0.00810609
0.00756602
0.00881996
-0.0612273
-0.066155
-0.0645746
-0.0621563
-0.0666666
-0.0652027
0.00796672
0.006762
0.0081333
0.673942
0.708472
0.711426
-0.40926
-0.401919
-0.400436
0.671468
0.70547
0.7083
-0.417508
-0.410086
-0.408875
-0.142242
-0.655357
-0.654826
-0.657171
-0.541579
-0.541963
-0.543705
-0.545292
-0.546047
-0.54829
-0.274143
-0.276804
-0.285616
-0.25605
-0.255861
-0.26511
-0.27057
-0.274862
-0.283144
-0.280851
-0.286937
-0.29446
-0.327735
-0.326979
-0.327369
-0.205826
-0.206667
-0.206718
-0.252846
-0.254561
-0.253655
-0.328198
-0.337716
-0.338269
-0.316849
-0.327176
-0.328063
-0.331276
-0.339378
-0.339119
-0.335806
-0.342588
-0.342187
12.2049
12.2055
12.1986
12.202
12.2087
12.2032
12.2085
12.2046
11.9267
12.0117
12.0197
12.0182
11.9894
11.998
11.9947
12.0059
12.0088
12.0374
12.0481
12.0443
12.0373
12.0469
12.0431
12.0485
12.0531
12.2381
11.1702
11.1743
11.1728
11.1343
11.1415
11.139
11.1063
11.112
11.1099
11.6599
11.6665
11.6636
11.2277
11.2189
11.2218
11.1973
11.1912
11.1933
11.4459
11.4707
11.4864
11.6969
11.7343
11.459
11.4558
11.4668
11.4687
11.4676
11.436
11.4325
11.4036
11.382
11.3896
11.4521
11.4397
11.4442
11.4208
11.4017
11.4086
12.0448
12.1694
11.3585
11.3513
11.356
11.2472
11.237
11.2425
11.3516
11.3455
11.3494
11.2846
11.285
11.1915
11.1882
11.19
11.1994
11.2295
11.5037
11.5015
11.5029
11.4465
11.4441
11.4456
11.187
11.1282
11.2436
11.4085
11.406
11.4067
11.0882
11.0775
11.0812
11.3347
11.331
11.3322
10.6569
10.9719
10.9918
10.9791
10.8742
10.8725
10.8742
10.9785
10.9815
8.41641
8.39572
8.39714
8.012
8.06283
8.01875
8.41559
8.38645
8.78134
10.1541
10.1544
10.1537
10.171
10.1929
10.1804
10.1844
10.1772
10.1663
10.1697
10.2929
10.223
10.2715
10.6404
10.4509
10.236
10.2482
10.1829
10.1969
10.1903
10.3044
10.3
10.2625
10.2666
10.2653
10.2021
10.2046
10.2037
10.2696
10.2744
10.273
6.73752
7.77788
4.11653
4.07584
4.08179
3.67679
3.63702
3.64115
4.11507
4.07462
4.07944
3.97903
3.93151
3.56455
3.54182
3.54505
3.45884
3.54039
3.19981
3.23239
3.22588
3.13126
3.16253
3.15646
3.25346
3.45823
3.18294
2.8533
2.86099
2.85663
2.31367
2.2709
2.28208
9.94437
9.95043
9.94695
2.57959
2.22621
6.59798
6.60682
6.60036
5.82311
5.80714
6.09773
6.0849
7.30163
1.23619
1.35356
4.10618
4.12243
4.09979
2.88206
2.89822
2.86946
3.05043
3.06827
3.03319
-0.443722
0.295338
0.253727
0.261342
0.0310689
0.140387
0.0563991
0.278917
0.223052
0.671487
-4.2593
-4.19382
-4.3502
-2.26901
-2.16044
-2.23817
-4.43459
-4.37833
-4.53026
-2.19047
-2.08712
-2.15609
-5.01476
-3.19673
-0.78714
-0.759806
-0.774146
-1.60921
-1.54334
-1.59066
-0.796666
-0.769974
-0.790528
-1.57149
-1.49641
-1.53976
-0.699972
-0.68674
-0.695602
-0.836277
-0.807644
-0.822002
-0.660091
-0.6485
-0.656829
-0.865048
-0.834708
-0.849591
-1.97454
-1.99063
-3.18467
-1.83604
-2.07006
-2.0198
-1.3849
-1.41626
-1.40713
-1.39753
-1.39887
-1.39782
-1.22876
-1.24733
-1.23995
-1.39132
-1.41737
-1.40961
-1.48898
-1.4938
-1.49206
-0.780617
-0.742373
-0.758147
-0.629129
-0.601881
-0.616181
-0.756367
-0.720535
-0.735677
-0.6575
-0.628108
-0.642993
-0.482693
-0.480876
-0.479255
-0.484864
-0.484714
-0.483102
-0.472605
-0.471275
-0.469631
-0.49373
-0.493205
-0.49159
-1.30526
-1.31515
-1.31124
-1.30828
-1.30704
-1.30592
-1.21315
-1.21733
-1.21616
-1.3054
-1.32471
-1.31833
-1.26944
-1.26636
-1.26636
-1.11251
-1.10227
-1.10368
-1.08855
-1.08687
-1.08686
-1.10518
-1.10269
-1.10081
-1.11319
-1.1032
-1.10527
-1.08754
-1.08523
-1.08534
-0.511242
-0.510469
-0.510187
-0.500777
-0.499588
-0.499048
-0.502677
-0.501977
-0.501802
-0.509663
-0.508514
-0.507758
-0.64581
-0.643043
-0.644801
-0.655561
-0.65322
-0.654863
-0.641232
-0.638592
-0.64019
-0.659251
-0.65678
-0.658551
-1.10561
-1.09634
-1.10014
-1.08082
-1.0806
-1.08028
-1.09878
-1.09686
-1.09546
-1.09472
-1.08504
-1.08836
-1.08734
-1.08776
-1.0877
-1.16086
-1.15445
-1.15781
-1.15548
-1.15758
-1.158
-1.1731
-1.17073
-1.17213
-1.17599
-1.16992
-1.17325
-1.14186
-1.14429
-1.14448
-0.721964
-0.719577
-0.721642
-0.700906
-0.698274
-0.700149
-0.71952
-0.717274
-0.719199
-0.70427
-0.701465
-0.703485
-0.860774
-0.859419
-0.862217
-0.878084
-0.876646
-0.879539
-0.862569
-0.861274
-0.863926
-0.875478
-0.874144
-0.877094
-1.20677
-1.20199
-1.20504
-1.17295
-1.17482
-1.17543
-1.22465
-1.22234
-1.22428
-1.19312
-1.18783
-1.19097
-1.18486
-1.18647
-1.18712
-1.25147
-1.24939
-1.25222
-1.22592
-1.22575
-1.22729
-1.27407
-1.27176
-1.27359
-1.25193
-1.25027
-1.25288
-1.22483
-1.22465
-1.226
-0.898815
-0.89869
-0.901304
-0.892079
-0.891307
-0.893992
-0.902785
-0.902406
-0.905018
-0.88886
-0.88826
-0.890978
-0.846293
-0.849715
-0.850925
-0.835024
-0.837922
-0.839034
-0.852041
-0.855037
-0.856366
-0.829193
-0.832517
-0.833509
-1.23967
-1.23908
-1.24113
-1.22409
-1.22431
-1.22577
-1.25718
-1.25626
-1.25793
-1.2457
-1.2447
-1.24699
-1.2216
-1.22207
-1.22336
-1.13012
-1.13111
-1.13207
-1.09497
-1.09542
-1.09585
-1.1544
-1.15336
-1.15523
-1.10092
-1.10211
-1.10291
-1.12598
-1.12667
-1.12719
-0.744485
-0.748554
-0.748881
-0.780164
-0.784122
-0.784802
-0.750155
-0.753789
-0.754285
-0.774456
-0.778856
-0.779387
-0.315915
-0.322329
-0.320877
-0.242608
-0.24812
-0.246639
-0.317874
-0.324032
-0.322662
-0.240679
-0.246115
-0.244693
-1.01776
-1.01978
-1.0202
-1.04852
-1.0486
-1.04903
-1.04536
-1.04299
-1.04466
-1.05463
-1.05622
-1.05682
-1.00888
-1.0086
-1.00901
-0.731234
-0.70184
-0.722379
-0.64442
-0.608814
-0.773965
-0.757028
-0.767865
-0.669125
-0.670878
-0.70103
-0.680037
-0.692917
0.0116973
0.0111291
0.0123952
-0.0580554
-0.0629836
-0.0614002
0.0111236
0.00990426
0.0112881
-0.0587597
-0.0633058
-0.0618322
0.676677
0.711473
0.714437
-0.411415
-0.403949
-0.402508
0.673287
0.70746
0.710291
-0.419386
-0.411854
-0.410636
-0.437917
-0.53915
-0.829938
-0.384855
-0.579952
-0.543557
8.66049
8.66777
8.66494
-0.0804127
-0.080463
-0.0759135
-0.170128
-0.170008
-0.166433
-0.537233
-0.529929
-0.531907
-0.461969
-0.45025
-0.453497
-0.453495
-0.449597
-0.450035
-0.839265
-0.824946
-0.842841
-0.846092
-0.971279
-0.942584
-0.590144
-0.711608
-0.704368
-0.649717
-0.643465
-0.14166
-0.657233
-0.65678
-0.659146
-0.543615
-0.544035
-0.545804
-0.547334
-0.548159
-0.550422
-0.274165
-0.276709
-0.285579
-0.256036
-0.255721
-0.265029
9.00812
8.9866
8.99318
9.21728
9.20733
8.88633
8.94204
9.29697
8.8514
8.86376
8.86047
8.85089
8.86335
8.85977
-1.25419
-0.657552
-0.665158
-0.664277
-0.987125
-0.973282
-0.977197
-0.932351
-0.918726
-0.921103
-0.945882
-0.932811
-0.936536
-0.811252
-0.507167
-0.506939
-0.507906
-0.62098
-0.617253
-0.619722
-0.496821
-0.495984
-0.49703
-0.270854
-0.274995
-0.283372
-0.281172
-0.287149
-0.294763
-0.331481
-0.330674
-0.3311
-0.209175
-0.21003
-0.210056
-0.256396
-0.258137
-0.257198
-0.328513
-0.338049
-0.33864
-0.316924
-0.327317
-0.328225
-0.5081
-0.501436
-0.490778
-0.484698
-0.329321
-0.318604
-0.130544
-0.131387
-0.25177
-0.240432
-0.33165
-0.339817
-0.339571
-0.336304
-0.343139
-0.342745
11.1703
11.1744
11.1729
11.1345
11.1417
11.1391
12.3376
12.3467
12.3463
12.3299
12.3278
12.331
12.34
12.3486
12.3484
11.5062
11.5039
11.5053
11.4464
11.4439
11.4456
10.1538
10.1542
10.1534
10.1709
10.1929
10.1803
10.1843
10.1743
10.1634
10.1668
3.20285
3.23545
3.22907
3.13717
3.16841
3.16249
2.85698
2.86453
2.86031
2.31626
2.27337
2.28461
2.77236
2.77888
2.77528
2.25887
2.21524
2.22609
1.21677
1.33352
8.65938
8.66679
8.66392
8.75793
8.78522
8.78007
8.66552
8.67261
8.66986
7.23597
7.26504
7.26654
7.132
7.16881
7.17048
-0.0976062
-0.0977873
-0.0934115
-0.191852
-0.191924
-0.188447
-0.549323
-0.542218
-0.544066
-0.474465
-0.463209
-0.466172
-0.465528
-0.461913
-0.462245
9.00784
8.98622
8.99284
8.85206
8.86459
8.86124
8.80634
8.78698
8.79397
-0.565873
-0.560121
-0.561371
-0.500098
-0.502362
-0.500356
-0.672773
-0.680341
-0.679464
9.02473
9.06498
9.02847
-0.525165
-0.518095
-0.505209
-0.499067
12.2377
12.2349
11.4308
12.1925
11.8307
11.8508
11.8296
11.8322
11.8615
11.8701
11.931
11.8534
11.86
11.8801
10.9181
11.0283
10.7418
10.7287
10.7303
10.833
10.8017
9.46523
9.44348
9.44873
9.5472
9.50154
10.5161
10.4531
7.4626
5.76097
5.83485
5.70601
5.6842
6.19276
6.1565
5.58161
5.67229
5.65304
5.57286
5.20144
7.71197
7.71389
7.70927
7.21426
7.2113
7.49126
7.39119
7.45239
7.66953
7.68988
7.67459
7.10788
7.10206
7.62509
7.54351
7.59168
7.26438
7.16681
7.16968
7.08229
7.27757
7.26842
5.14331
5.13511
5.14135
4.17865
4.10609
4.37414
4.31843
4.34674
4.06096
3.40027
2.97071
1.99907
2.04395
8.5317
8.50372
8.07492
8.197
8.65826
8.93277
8.48419
7.38402
7.68159
-0.598068
-1.05415
-0.547148
-0.510241
-0.60446
-0.585149
-0.687683
-0.686011
-0.68771
-0.605333
-0.606077
-0.606967
-0.624817
-0.608532
-0.62029
-0.453084
-0.450182
-0.519482
-0.523486
-0.522936
-0.551583
-0.54809
9.2695
9.2646
9.26672
9.16456
9.15742
9.16428
9.14725
9.15782
9.20869
9.23664
9.21935
9.05303
9.06787
9.26529
9.24934
9.259
9.27175
9.26267
9.17127
9.15408
9.24322
9.24376
9.14599
-1.0133
-1.12588
-1.10998
-0.996354
-1.00913
-1.17148
-1.14843
-1.22347
-1.11201
-1.38132
-0.474809
-0.473449
-0.475195
-0.29738
-0.29894
-0.299573
-0.480293
-0.477186
-0.479003
-0.554598
-0.552566
-0.554733
-0.418331
-0.419596
-0.420319
-0.43788
-0.437571
-0.438913
-0.254688
-0.257364
-0.256995
-0.432536
-0.432003
-0.433233
-0.442463
-0.441112
-0.441898
9.19851
9.19136
8.769
8.85159
-0.638468
-0.199338
-0.203147
-0.201307
-0.0318075
-0.0359836
-0.0343312
-0.15433
-0.15847
-0.156392
12.127
12.1234
12.125
12.1237
12.1199
12.1613
12.1634
12.1628
12.0802
12.0827
12.0818
12.0877
12.0881
12.0882
12.2336
12.2287
12.232
12.2456
12.2418
12.245
12.2461
12.2434
12.2116
12.2062
12.2101
12.2372
12.2319
12.2113
12.2067
11.7274
11.7347
11.7312
11.7117
11.7058
11.7642
11.7591
11.7609
11.8278
11.8337
11.832
11.7224
11.7177
11.7214
11.6659
11.6583
11.6628
11.4521
11.4317
11.4381
11.3577
11.3297
11.339
11.4842
11.4672
11.4742
11.552
11.5429
11.548
11.3404
11.3092
11.3193
11.5099
11.4953
11.5017
11.9902
11.9934
11.8013
11.8152
11.8074
11.8115
11.8094
11.8123
11.5767
11.5688
11.5738
11.2311
11.2009
11.2117
11.6106
11.6056
11.6098
11.636
11.6331
11.6351
11.2331
11.2072
11.2169
11.6285
11.6241
11.6279
12.2006
12.196
12.202
12.0448
12.0359
12.0422
11.9854
11.9833
11.9852
10.8748
10.8662
10.8671
10.8281
10.8246
10.9511
10.9582
10.9557
10.7762
10.782
10.78
10.8268
10.8343
10.8297
10.8
10.811
10.8061
11.4191
11.3315
11.345
11.3402
11.2809
11.2895
11.2859
11.1454
11.1518
10.8879
10.8954
10.8924
11.1993
11.2065
11.203
11.2351
11.249
11.244
10.8828
10.8917
10.8881
11.2078
11.2171
11.2132
11.4585
11.459
11.4585
11.3236
11.3337
11.3311
11.3657
11.3791
11.3751
11.2463
11.2609
11.2558
10.7944
10.8082
10.8026
11.2587
11.2744
11.2693
11.2139
11.2275
11.2236
10.7702
10.7848
10.7789
11.2572
11.2728
11.268
11.2613
11.2363
11.2448
10.9261
10.9177
10.9209
11.1036
11.1045
11.1046
11.1866
11.1988
11.1953
10.4906
10.508
10.5009
11.06
11.0678
11.0653
10.793
10.7917
10.7921
10.4264
10.4427
10.4356
10.9995
11.0055
11.0035
10.9986
10.9617
10.9736
10.4073
10.3657
10.3785
10.5992
10.5693
10.5794
10.7122
10.7079
10.7093
9.83499
9.84041
9.83611
10.4721
10.456
10.4615
10.138
10.1022
10.1135
9.72873
9.73145
9.72812
10.3868
10.3657
10.3729
10.9291
10.9181
10.9234
10.118
10.0924
10.1011
10.1803
10.1397
10.1527
10.0536
10.0132
10.0255
8.97013
8.93956
8.94704
9.8275
9.77842
9.79242
9.63492
9.59581
9.60809
8.85959
8.82317
8.83201
9.77305
9.72302
9.73721
10.6828
9.79344
9.95419
9.94059
9.94564
9.61126
9.57693
9.58796
8.3432
8.29655
8.30874
9.47639
9.45474
9.45959
9.07035
9.1226
8.31955
8.27768
8.28876
9.44112
9.42163
9.42744
10.8958
10.898
10.8971
10.6513
10.6407
10.6413
10.8059
10.8092
10.8077
10.795
10.7774
10.7841
11.0279
11.0179
10.9654
10.9605
10.965
10.4619
10.475
10.4682
10.4306
10.4245
10.4495
10.4423
10.4432
10.7564
10.7762
10.7644
10.447
10.4507
10.4497
10.4828
10.4873
10.4852
10.4016
10.4084
10.4061
10.1175
10.1198
10.1192
10.3937
10.3984
10.3965
10.3398
10.3431
10.3421
10.0926
10.0946
10.0942
10.3858
10.39
10.3883
10.7601
10.7675
10.7647
10.2095
10.2164
10.2143
10.3212
10.3278
10.3247
10.3195
10.3223
10.3217
9.81077
9.81373
9.81243
10.2274
10.2313
10.2299
10.0442
10.0505
10.0479
9.74891
9.75196
9.75053
10.1867
10.1912
10.189
10.5872
10.599
10.5939
9.70572
9.71608
9.71033
9.93641
9.94536
9.94152
9.98529
9.99159
9.98941
9.12849
9.13396
9.131
9.78683
9.79465
9.79171
9.4306
9.44007
9.43484
8.99976
9.00501
9.0021
9.70704
9.71505
9.71165
10.1612
10.1776
10.1701
8.8034
8.8215
8.81098
9.1832
9.20046
9.1921
7.82992
7.83498
7.82836
9.31943
9.32875
9.32301
8.95805
8.97031
8.9628
7.57468
7.5809
7.573
8.35604
8.37355
8.36307
8.81062
8.82521
8.81752
9.37759
9.38409
9.37841
7.71387
7.72771
7.7164
8.10651
8.12371
8.1119
5.71726
5.73203
5.71532
8.18531
8.20282
8.19158
7.69694
7.71506
7.70255
5.42611
5.4431
5.4255
7.07722
7.09268
7.07973
7.52761
7.54473
7.5322
8.4
8.37152
8.37729
6.72897
6.7131
6.71123
7.08464
7.08368
7.07708
6.93152
6.94526
6.9327
4.46499
4.48742
4.46847
6.54297
6.54959
6.53921
6.07976
6.07042
6.06521
4.38978
4.41056
4.39228
6.4171
6.42022
6.41107
7.70325
7.65068
7.66336
6.04356
5.99394
6.00129
6.2169
6.1726
6.17779
5.9691
5.95457
5.95085
3.96064
3.95576
3.94506
5.67613
5.64449
5.64542
5.39254
5.34547
5.3504
3.89739
3.88743
3.87792
5.58617
5.54837
5.55064
7.36643
7.3286
5.72442
5.7969
5.73338
5.93939
5.90266
5.90909
5.35502
5.30731
5.31284
3.60204
3.56222
3.5609
5.28913
5.24226
5.24976
5.15884
5.12825
5.12892
3.60258
3.5615
3.56111
5.2769
5.23243
5.23963
5.3088
5.30095
5.30492
4.77763
4.72821
4.74228
4.69559
4.65342
4.66224
10.2056
10.0295
10.0306
10.0303
10.0678
10.047
10.0612
10.0647
10.0571
9.86339
9.86486
9.86436
10.0187
10.0212
10.0199
9.98401
9.98533
9.98504
9.85759
9.85897
9.85852
9.99888
10.0043
10.003
10.1529
10.1564
10.1555
9.90819
9.9088
9.90889
9.96688
9.96807
9.96783
9.97712
9.97812
9.9779
9.7557
9.75626
9.75638
9.93416
9.93458
9.93459
9.84825
9.84918
9.8493
9.73367
9.73426
9.73445
9.91548
9.9157
9.91587
10.0056
10.0073
10.007
9.59667
9.5975
9.59772
9.74148
9.74198
9.74215
9.81981
9.82033
9.82059
9.51982
9.51932
9.51996
9.71618
9.71612
9.71645
9.51897
9.51901
9.51942
9.47169
9.47082
9.47151
9.67102
9.67112
9.67143
9.61942
9.62147
9.62079
8.95948
8.9593
8.95958
9.24881
9.24926
9.24968
9.45703
9.45701
9.45748
9.01208
9.00904
9.01022
9.25076
9.25035
9.25096
8.8848
8.88362
8.88402
8.9263
8.92253
8.92393
9.16609
9.16553
9.16614
7.76956
7.69263
7.73973
8.79939
8.80286
8.80074
8.25684
8.25349
8.25341
8.08234
8.09244
8.76778
8.76656
8.76683
8.38621
8.38441
8.3842
7.75566
7.74849
8.18202
8.13885
8.25168
8.24633
8.24728
3.44306
3.46175
3.44018
1.04298
1.06656
1.03136
0.849636
0.871279
0.833306
0.0405088
-0.0233014
-0.861796
-0.838004
0.0342094
0.0429614
0.00816946
-0.709472
-0.722647
0.287016
0.308947
0.269827
0.0867192
0.100098
0.0614953
3.19247
3.18834
3.17505
1.43942
1.44152
1.42186
1.33858
1.35006
1.325
0.37051
0.392503
0.355049
-0.605653
-0.573075
-0.598791
0.624631
0.642256
0.611344
0.881038
0.888777
0.866499
-0.544291
-0.511138
-0.537185
0.700428
0.715245
0.686775
2.98313
2.94653
2.94346
1.5422
1.52253
1.51401
1.49948
1.48625
1.47355
0.924335
0.929552
0.90902
-0.0714035
-0.0548602
-0.0732247
1.01439
1.0116
0.99562
1.08719
1.0736
1.06307
-0.0221289
-0.00911123
-0.0259621
1.03275
1.027
1.0124
3.05901
3.02403
3.02674
1.77346
1.7468
1.74797
1.69204
1.66641
1.66481
1.10329
1.08763
1.07851
0.196339
0.189582
0.180901
1.171
1.14922
1.14484
1.25985
1.23379
1.2341
0.216896
0.20787
0.200216
1.1983
1.17467
1.17157
2.08296
1.5383
1.68876
1.66136
1.66817
1.27695
1.25069
1.25235
0.374706
0.356946
0.357404
1.1816
1.16516
1.15935
0.536582
0.609723
0.376718
0.358222
0.359935
1.12752
1.10432
1.10733
1.9591
1.99423
1.98861
1.50917
1.51638
1.51087
1.89974
1.93465
1.92862
1.45427
1.45798
1.45833
2.04999
2.07599
1.91794
1.94082
1.94017
9.68549
9.68621
9.68583
9.63674
9.63732
9.63697
9.81746
9.81837
9.81808
9.6231
9.62357
9.62351
9.65514
9.65553
9.65531
9.63317
9.63341
9.63321
9.45583
9.45583
9.45574
9.61736
9.61816
9.61782
9.58013
9.58006
9.5802
9.45232
9.45257
9.45245
9.60946
9.61002
9.60975
9.68765
9.6877
9.688
9.45479
9.45442
9.45516
9.53558
9.53484
9.53546
9.56587
9.56569
9.56599
9.39081
9.38914
9.39
9.52036
9.51932
9.51992
9.42416
9.42308
9.42384
9.37235
9.37054
9.37139
9.49978
9.49849
9.49916
9.43251
9.43157
9.43228
9.13304
9.13238
9.1336
9.27172
9.27208
9.27288
9.18221
9.1788
9.17975
9.39814
9.39726
9.39803
9.30285
9.30212
9.30288
9.13653
9.1351
9.13688
9.15523
9.15752
9.15764
9.26641
9.26599
9.26673
8.50783
8.93936
8.93643
8.93699
8.85342
8.84734
9.14221
9.13871
9.14062
9.01263
9.01364
8.80846
9.02073
9.00523
6.95433
6.95662
6.96357
6.37901
6.34937
6.37671
7.15953
7.18218
7.18181
7.28945
7.32393
6.80215
6.80388
6.80857
6.20622
6.175
6.19854
7.52219
7.50041
-0.347263
-0.331596
-0.337629
-0.199112
-0.193241
-0.194569
-0.242353
-0.230028
-0.233278
-0.532258
-0.525696
-0.619159
-0.617808
-0.616551
-0.670053
-0.662501
-0.663757
-0.770103
-0.737327
-0.757984
-0.980106
-0.955665
-0.965566
-1.05036
-1.01153
-1.03206
-1.00068
-1.12006
-1.09603
-1.05719
-1.03782
-1.04409
-1.08155
-1.06572
-0.29045
-0.273259
-0.289361
-0.681938
-0.663213
-0.674265
-0.803161
-0.779569
-0.791643
-1.02429
-1.00885
-1.01469
-1.02293
-1.00332
-1.01066
-0.92935
-0.905607
-0.915374
-1.00871
-0.992783
-0.997962
-0.793403
-0.77337
-0.783127
-0.901083
-0.877211
-0.887421
-0.0407391
-0.04586
-0.0536536
-0.472817
-0.472041
-0.477401
-0.528661
-0.521984
-0.529178
-0.761515
-0.74333
-0.752602
-0.822976
-0.808789
-0.813924
-0.65834
-0.647427
-0.65441
-0.574685
-0.571542
-0.576103
-0.798676
-0.785539
-0.790281
-0.635779
-0.627225
-0.633547
0.0652232
0.0512152
0.0515337
-0.36141
-0.370245
-0.369147
-0.395094
-0.401175
-0.402469
-0.56195
-0.560264
-0.564229
-0.620436
-0.614161
-0.615158
-0.514204
-0.516615
-0.518531
-0.457348
-0.463492
-0.462298
-0.59834
-0.59321
-0.59365
-0.499797
-0.503781
-0.504905
-0.434203
-0.479797
-0.608735
-0.513381
-0.578268
-0.461524
-0.465245
-0.463609
-0.447504
-0.453815
-0.452026
-0.428245
-0.426088
-0.422084
-0.456697
-0.463228
-0.460079
-0.538095
-0.540459
-0.53894
-0.408681
-0.406165
-0.401448
-0.482486
-0.488316
-0.484563
-0.812695
-0.810215
-0.863008
-0.666325
-0.668974
-0.724635
-0.663584
-0.668048
-0.657604
-0.336706
-0.335757
-0.328632
-0.606063
-0.636377
-0.641689
-0.734101
-0.775481
-0.78279
-0.329051
-0.329425
-0.323188
-0.664636
-0.702199
-0.709536
-1.38057
-1.40457
-1.40385
-0.853288
-0.868846
-0.867868
-0.839479
-0.877496
-0.874683
-0.728837
-0.770839
-0.775087
-0.302495
-0.293353
-0.294073
-0.767607
-0.796722
-0.796177
-0.772501
-0.778528
-0.779513
-0.287611
-0.277097
-0.278256
-0.764239
-0.786717
-0.786318
-1.05562
-1.05803
-1.0561
-0.827554
-0.83224
-0.826004
-0.842577
-0.843011
-0.840373
-0.76795
-0.768165
-0.769396
-0.211897
-0.212027
-0.207811
-0.749405
-0.743983
-0.74306
-0.704463
-0.70897
-0.703277
-0.202165
-0.205361
-0.200022
-0.730469
-0.726845
-0.724363
-1.09777
-1.10009
-1.09867
-1.04934
-1.05605
-1.05154
-0.929274
-0.937115
-0.93174
-0.706545
-0.712645
-0.7065
-0.370898
-0.383944
-0.376346
-0.770026
-0.779065
-0.772837
-0.930908
-0.939778
-0.934836
-0.426652
-0.439404
-0.432404
-0.809032
-0.818607
-0.812636
-1.24618
-1.24571
-1.24793
-1.2933
-1.29328
-1.29458
-1.24965
-1.25195
-1.25173
-0.983905
-0.9927
-0.987827
-0.855385
-0.861767
-0.858506
-1.10795
-1.11374
-1.11058
-1.22404
-1.22725
-1.22635
-0.918521
-0.924214
-0.921142
-1.1536
-1.15872
-1.15612
-1.22847
-1.22694
-1.22907
-1.2207
-1.21904
-1.22163
-1.29372
-1.29258
-1.29451
-1.24967
-1.25239
-1.25212
-1.14491
-1.14586
-1.14647
-1.26104
-1.26205
-1.26259
-1.20212
-1.20084
-1.20227
-1.15879
-1.1587
-1.16002
-1.26108
-1.26276
-1.26292
-0.897155
-0.892358
-0.894013
-0.764699
-0.765744
-0.768318
-0.976443
-0.974223
-0.977398
-1.17334
-1.1716
-1.17342
-0.996953
-0.993989
-0.996553
-1.02901
-1.02756
-1.02992
-0.738326
-0.739696
-0.74225
-0.950134
-0.945892
-0.949027
-0.969204
-0.968201
-0.970783
9.22023
9.21929
9.21942
9.16594
9.16431
9.16464
9.40607
9.40573
9.40578
9.24951
9.24878
9.24924
9.25955
9.25916
9.25918
9.18016
9.17822
9.17864
9.06981
9.06678
9.06738
9.20805
9.20745
9.20767
9.2285
9.22804
9.22823
9.07559
9.07349
9.07399
9.22007
9.22007
9.22006
9.18226
9.16821
9.17628
9.35754
9.35511
9.35609
9.21402
9.21314
9.21371
9.00768
9.02713
9.23059
9.23028
9.23063
9.2207
9.22327
9.22262
9.25267
9.25677
9.13561
9.12131
9.24888
9.24551
9.24665
8.9512
8.96118
8.95782
9.04275
9.08693
9.04643
9.0701
9.06504
8.97725
8.98649
8.98283
9.04258
9.06972
9.06409
9.04397
9.07033
9.06493
-0.905624
-0.905709
-0.551976
-0.538557
-0.543221
-0.617698
-0.605514
-0.610483
-0.913129
-0.912071
-0.912776
-0.843163
-0.846388
-0.844741
-0.642513
-0.648582
-0.646143
-0.841398
-0.825895
-0.830109
-0.672475
-0.655619
-0.654593
-0.760617
-0.743225
-0.742919
-0.858113
-0.838893
-0.576484
-0.560554
-0.768237
-0.752653
-0.750939
-0.43226
-0.43536
-0.652741
-0.635967
-0.634145
-0.734989
-0.720235
-0.718379
-0.609087
-0.601007
-0.600699
-0.366641
-0.35558
-0.350372
-0.489788
-0.476297
-0.47292
-0.615602
-0.598854
-0.596815
-0.161142
-0.150224
-0.150898
-0.496764
-0.481499
-0.478382
-0.302522
-0.290274
-0.285781
-0.109221
-0.0985283
-0.098973
-0.448626
-0.433915
-0.430397
-0.380626
-0.375723
-0.370241
-0.00414346
0.0010167
0.00665852
-0.148198
-0.140777
-0.135023
-0.251309
-0.240024
-0.235352
0.252074
0.257881
0.258732
-0.103748
-0.0950996
-0.0905038
0.103889
0.108638
0.112873
0.306801
0.311546
0.312496
-0.0521658
-0.0446053
-0.0400693
-0.199381
-0.195134
-0.189328
0.370632
0.371355
0.375019
0.23754
0.239833
0.244349
0.156358
0.160152
0.164311
0.673574
0.674338
0.675535
0.3146
0.316512
0.320163
0.513301
0.512781
0.515988
0.725883
0.726067
0.727456
0.366827
0.368125
0.371673
-0.0704855
-0.063118
-0.0628416
0.548366
0.544054
0.547676
0.527801
0.524644
0.527495
0.558753
0.557349
0.560498
1.04049
1.03747
1.03969
0.660225
0.656531
0.659454
0.706046
0.701341
0.704868
1.0682
1.06494
1.06718
0.683227
0.679014
0.681881
-0.0165682
-0.0227764
-0.017016
0.422573
0.412186
0.418157
0.509539
0.500685
0.506428
0.705012
0.699806
0.703898
1.102
1.09893
1.10201
0.679248
0.672429
0.677341
0.573546
0.56511
0.570326
1.08817
1.0849
1.08807
0.661477
0.654003
0.659116
-0.290071
-0.302402
-0.295439
-0.0291632
-0.0374735
-0.0328635
0.161195
0.151725
0.156883
0.530739
0.522253
0.527336
0.86062
0.856852
0.859818
0.377136
0.369269
0.373767
0.133411
0.12691
0.130666
0.80889
0.80516
0.808028
0.318117
0.310484
0.314823
-0.780834
-0.785587
-0.782951
-0.528166
-0.530657
-0.528994
-0.36079
-0.36439
-0.361703
0.0683689
0.0622293
0.0657468
0.401592
0.399166
0.400786
-0.123922
-0.127273
-0.124898
-0.355162
-0.35639
-0.355252
0.336323
0.334895
0.336683
-0.188645
-0.191009
-0.18898
-1.03875
-1.03925
-1.0399
-0.751562
-0.749981
-0.751558
-0.714541
-0.714006
-0.714015
-0.405051
-0.405864
-0.404876
-0.0467675
-0.0463344
-0.0458252
-0.519387
-0.519033
-0.518847
-0.598001
-0.595993
-0.597188
-0.0910414
-0.0903703
-0.0900215
-0.54956
-0.548512
-0.548598
-0.556381
-0.555323
-0.555978
-0.874663
-0.872817
-0.874502
-0.695175
-0.69155
-0.693583
-0.605391
-0.603084
-0.604767
-0.263145
-0.261369
-0.262369
-0.583801
-0.580687
-0.582813
-0.469432
-0.468773
-0.468837
-0.276006
-0.274356
-0.275411
-0.572949
-0.569569
-0.571682
9.06529
9.06555
9.06538
8.97284
8.99064
8.9857
9.03871
9.01941
9.02675
8.98552
9.00446
8.99882
9.04262
9.03332
9.05486
9.03608
9.04257
-0.0185983
-0.00957649
-0.0115753
0.41418
0.418605
0.418662
0.841942
0.84264
0.84351
1.19074
1.1884
1.19022
1.23387
1.23198
1.23441
0.985959
0.983747
0.986116
0.53408
0.533474
0.534764
0.0990857
0.100099
0.100425
-0.138888
-0.136994
-0.137379
12.1065
12.2001
12.1056
12.2046
12.1793
12.1828
4.80502
2.93701
5.93869
5.60836
5.83638
5.1482
5.29495
4.72235
4.65249
5.70155
5.43028
5.63367
4.78523
4.65635
-4.1341
-2.73484
-2.62739
-3.02343
-2.91534
-4.39244
-3.45833
-3.53898
-3.50732
-1.61282
-1.52192
-1.49653
-1.62057
-1.53098
-1.50596
-1.32975
-1.41387
-1.1351
-1.31007
-1.39539
-1.12283
-3.44746
-3.52725
-3.49918
-4.29762
-4.23722
-4.38523
-2.40316
-2.26217
-2.31023
-2.21655
-2.2742
-4.49575
-4.40507
-3.89976
-3.90268
-4.10784
-11.34
-12.7586
-13.9464
-11.2176
-12.6073
-13.7783
-3.99595
-3.99662
-4.2146
-0.40405
-0.224437
-0.281718
-0.284998
-0.44534
-0.448665
-0.453282
-0.447308
-0.451231
-0.356953
-0.328576
-0.342498
-0.210988
0.349052
-0.164727
-0.163873
-0.163809
-0.238955
-0.240372
-0.243558
-0.230104
-0.232122
-0.231895
-0.169929
-0.1256
-0.145837
0.25442
0.256641
0.259611
0.272317
0.278094
0.282339
0.271053
0.277611
0.281782
0.257501
0.258971
0.262016
0.532447
0.55835
0.558371
-0.333819
-0.328317
0.402465
0.423032
-0.359299
-0.353374
-0.352621
0.414529
0.434007
0.442105
0.62184
0.635499
0.640685
0.620331
0.63483
0.64002
0.417489
0.436182
0.444117
-0.388904
-0.273349
-0.201987
-0.199505
-0.206923
-0.160367
-0.162115
-0.355989
-0.356682
-0.19568
-0.199018
-0.200402
-0.238846
-0.238772
-0.673698
-0.674389
-0.677212
-0.564982
-0.568602
-0.571324
-0.565407
-0.568263
-0.570554
-0.496755
-0.496909
-0.499489
-0.343392
-0.347624
-0.349347
-0.489161
-0.490646
-0.49324
-0.490765
-0.495608
-0.497671
-0.362207
-0.36754
-0.369322
-0.492897
-0.497013
-0.499234
-0.217586
-0.216444
-0.225492
-0.247679
-0.248052
-0.257406
-0.0895257
-0.0983258
-0.0999594
-0.327773
-0.33497
-0.337516
-0.105469
-0.113509
-0.114887
-0.157006
-0.162223
-0.164505
-0.330651
-0.338757
-0.341517
-0.127834
-0.136141
-0.138617
-0.070297
-0.0773769
-0.078247
-0.34378
-0.346187
-0.347969
-0.0582684
-0.0640416
-0.0646196
-0.28503
-0.294639
-0.298772
-0.272283
-0.282556
-0.287471
-0.33771
-0.338224
-0.339008
-0.0202593
-0.0267048
-0.0252693
-0.0258714
-0.0326525
-0.0317968
-0.416755
-0.415544
-0.415867
-0.356984
-0.358795
-0.35804
-0.326825
-0.328728
-0.327574
-0.267553
-0.270446
-0.268833
-0.146834
-0.153678
-0.150341
-0.302747
-0.304913
-0.303616
-0.383368
-0.384187
-0.384124
-0.189995
-0.196669
-0.193916
-0.362525
-0.364103
-0.363155
-0.293764
-0.303973
-0.30602
-0.306677
-0.317998
-0.319172
0.0398767
0.0286085
0.0335217
-0.289271
-0.297262
-0.293632
0.0273489
0.017171
0.0205392
-0.00210614
-0.00981759
-0.00635274
-0.316101
-0.322051
-0.32012
0.00701365
-0.00227521
0.00101847
0.0624299
0.0506231
0.056432
-0.216837
-0.226402
-0.221616
0.0779758
0.0658632
0.0719254
12.2004
12.1073
12.204
12.1816
12.1061
11.8737
11.8748
11.8739
11.8511
11.8521
11.851
11.9753
11.9802
11.9782
12.0044
12.0098
12.0072
11.9094
11.9042
11.9059
11.8885
11.8845
11.8857
11.9449
11.9502
11.948
12.0649
12.2686
11.9143
11.9282
11.9405
12.0832
12.0999
12.1042
12.1093
12.0937
12.0963
11.9629
11.9678
11.9673
11.9567
11.9603
11.9558
11.9657
12.1197
12.094
12.0728
12.2574
12.2582
12.2608
12.2919
12.2915
12.319
12.3228
12.3235
12.3228
12.3272
12.328
12.2669
12.264
12.2731
12.272
12.2749
12.1245
12.1008
12.1253
12.1301
12.1513
12.1287
12.1371
12.0701
12.0788
12.076
12.0789
12.0906
12.0637
12.0769
12.2427
12.2405
12.1796
12.1405
12.125
12.1866
12.3048
12.2986
12.2897
12.2959
12.3718
12.3703
12.373
12.3724
12.3787
12.3796
12.3868
12.3923
12.3936
12.3363
12.3336
12.3356
12.3276
12.3304
12.3313
12.3825
12.3875
12.3886
12.395
12.3997
12.4011
12.056
11.1293
11.1408
11.0792
11.0903
11.2409
11.1829
11.5325
11.5374
11.535
11.4807
11.4866
11.4573
11.4616
11.46
11.3073
11.3228
11.3674
11.3797
11.3738
11.274
11.2795
11.2775
11.153
11.1521
11.2166
11.2102
11.2109
11.2966
11.308
11.3032
11.4912
11.2208
11.5281
11.457
11.5255
11.7137
11.5351
11.5402
11.5198
11.5057
11.5446
11.542
11.5554
11.4985
11.4875
11.494
11.4985
11.473
11.4564
11.4713
11.4727
11.4713
11.4259
11.4196
11.4206
11.4446
11.4352
11.3988
11.4407
11.4272
11.4625
11.4516
11.4499
11.4272
11.435
11.4254
11.4118
11.4133
11.4572
11.4366
11.4434
11.4536
11.4445
11.4477
11.4341
11.4216
11.4261
11.4194
11.4038
11.4091
11.425
11.4015
11.4479
11.4348
11.4386
11.438
11.4281
11.4277
12.1845
11.8318
11.8514
11.8203
11.8227
11.8681
11.8759
11.9364
11.838
11.8447
11.8806
12.0157
11.5863
11.5831
11.586
11.6263
11.6304
11.6285
11.5848
11.5813
11.5835
11.247
11.2381
11.2429
11.3249
11.3209
11.3233
11.3448
11.3393
11.3418
11.6462
11.6448
11.5625
11.5625
11.5628
11.5522
11.5689
11.5581
11.8449
11.6716
11.5561
11.1633
11.1854
11.1705
11.3098
11.3104
11.3094
11.3046
11.3009
11.5875
11.5519
11.5521
11.5404
11.5451
11.543
11.5326
11.5359
11.6502
11.6395
11.5839
11.5742
11.5813
11.6375
11.6201
11.6281
11.9017
11.7703
11.5465
11.3183
11.5233
11.511
11.1939
11.1649
11.1474
11.129
11.1375
11.4687
11.4586
11.4654
11.1309
10.8617
10.525
10.5315
10.5291
10.531
10.5344
10.5326
10.5137
10.5184
10.5161
10.6351
10.644
10.6401
10.7002
10.7121
10.7072
10.5822
10.5694
10.5727
10.5571
10.5467
10.5494
10.6168
10.6214
10.6199
10.5568
10.9197
11.0291
11.1777
10.84
10.9421
10.8737
11.0591
11.0736
11.074
11.1308
11.0148
11.0295
10.8332
10.8538
10.8422
10.9076
10.9216
10.944
10.9501
11.0713
10.8862
11.0472
10.1996
10.1912
10.1973
10.2449
10.234
10.3008
10.2833
10.287
9.81951
9.81189
9.81214
10.2453
10.0217
8.98794
8.975
8.93347
8.9328
8.92253
8.04188
8.02082
8.02685
8.36192
8.3373
8.06153
8.12215
9.00773
9.67019
8.88235
7.84976
7.89886
7.9435
9.43309
8.36473
8.32715
8.33775
8.08013
8.08939
8.08602
7.97267
7.98081
7.97769
8.21738
8.1861
8.19131
7.26208
7.22979
7.23672
7.82981
7.82423
7.8222
7.31275
7.25476
10.164
10.1691
10.1512
10.1522
10.1503
10.1698
10.3108
10.3137
10.311
10.3882
10.395
10.2972
10.3005
10.2988
10.3012
10.306
10.3041
10.2054
10.2076
10.2071
10.179
10.1684
10.1819
10.1711
10.174
10.2077
10.2133
10.2113
10.1441
10.3864
10.0349
10.5221
10.6832
10.5539
10.556
10.4767
10.4785
10.5056
10.5194
10.5147
10.4226
10.4355
10.5589
10.146
10.3753
10.3311
10.2313
10.2153
10.2269
10.2774
10.2906
10.2824
10.2784
10.284
10.4149
10.3264
10.3297
10.2868
10.2983
10.3378
10.3401
10.3392
10.4049
10.4205
10.411
10.3503
10.3515
10.3509
10.2097
10.2119
10.2112
10.2832
10.286
10.2849
10.2637
10.2704
10.2685
10.4083
10.4135
10.2973
10.3137
10.3061
10.3428
10.3309
10.3404
7.44723
5.76611
5.84065
5.71966
5.69686
6.19086
6.15382
5.57471
5.68694
5.66532
5.57381
6.37405
4.75044
4.71932
4.72344
5.05848
5.03115
5.02795
4.77877
4.74109
4.74324
3.66658
3.63317
3.63624
4.00056
3.97209
3.976
4.04689
4.01835
4.01689
5.10718
5.05612
4.63895
4.61434
4.61779
4.57338
4.6547
4.58198
5.72461
4.36373
4.51436
3.4803
3.5739
3.49403
3.95386
3.92625
3.9224
4.00093
3.94855
4.39938
4.59812
4.57162
4.56824
4.54299
4.00346
3.96438
3.99156
3.98372
3.98434
3.33976
3.29459
3.30261
3.2726
3.29635
3.16988
3.19047
3.19111
3.39529
3.33993
3.35486
5.26043
4.71118
3.89292
3.23796
2.78779
2.77016
2.40489
2.34663
2.68184
2.4597
10.1077
9.95526
9.96112
10.0503
9.93456
5.94361
5.61358
5.84136
2.94743
5.70878
5.4378
5.64095
4.79176
4.66308
7.00953
7.02009
7.01187
6.80143
6.79111
6.66603
6.66008
5.43229
5.78433
6.69518
6.73567
7.19305
7.28413
6.90463
7.3453
-1.13951
4.36641
4.38079
4.36199
3.56461
3.54672
3.15222
3.30256
3.21572
1.94274
1.88377
1.89867
1.14997
1.04518
1.9636
2.06887
1.98346
2.62241
2.68444
0.692457
0.726328
2.44395
2.38413
-0.889562
-0.476272
0.0738779
-0.961889
-0.787907
0.581259
0.618465
0.622548
0.742182
0.802314
0.144085
0.165863
0.169828
-0.415626
-0.441823
-0.42075
-0.435727
-0.472795
-0.448838
1.98046
0.761356
0.803637
0.773637
0.247572
0.8221
0.772128
0.11503
0.0710426
0.0903324
0.128455
0.0523913
-0.305234
-0.242225
0.0914538
1.78768
0.609413
-0.3167
-0.68568
-0.864163
0.787287
-3.44689
-3.52765
-3.49596
-1.60999
-1.51913
-1.49365
-1.32844
-1.41251
-1.1336
-1.30843
-1.39379
-1.12126
-3.44674
-3.52654
-3.49847
-3.89687
-3.89973
-4.10484
-11.3431
-12.7627
-13.9508
-3.99815
-3.99891
-4.21712
-11.2119
-12.6008
-13.7711
-4.27872
-4.21786
-4.36593
-2.38634
-2.24514
-4.47745
-4.38645
-2.29467
-2.20057
-2.25827
-4.10097
-2.70798
-2.60117
-4.3622
-2.99173
-2.88424
-0.67145
-0.691719
-0.684129
-0.657774
-0.690191
-0.679077
-0.614506
-0.634009
-0.632147
-0.701521
-0.730606
-0.717456
-0.94575
-0.921129
-0.93183
-1.69007
-1.58821
-1.62307
-1.69135
-1.61297
-1.6484
-0.990393
-0.966641
-0.989924
-0.836564
-0.833699
-0.835679
-0.617811
-0.63989
-0.629643
-0.805976
-0.805196
-0.805632
-0.67038
-0.689969
-0.680099
-0.911546
-0.896927
-0.90691
-1.0205
-0.996346
-1.0096
-0.846121
-0.839845
-0.84656
-1.06788
-1.03648
-1.05263
-1.69801
-1.66934
-1.80891
-1.7543
-1.77135
-2.08076
-2.04742
-1.36654
-1.35874
-1.37424
-1.63199
-1.6368
-1.75369
-1.76929
-1.75401
-1.76475
-1.75073
-1.62331
-1.64888
-1.63886
-1.99346
-2.04693
-1.07686
-1.12693
-1.10659
-1.33297
-1.32003
-1.33017
-1.19432
-1.1993
-1.20085
-1.19731
-1.21759
-1.2097
-1.4832
-1.51602
-1.50689
-1.30719
-1.33119
-1.32214
-1.71897
-1.72183
-1.72126
-1.47421
-1.50147
-1.49501
-1.58272
-1.58719
-1.58654
-0.550834
-0.531713
-0.538908
-0.588832
-0.573808
-0.57867
-0.531091
-0.513644
-0.520511
-0.605261
-0.588972
-0.593955
-0.991221
-0.951052
-0.968019
-0.814972
-0.790546
-0.803857
-0.875288
-0.84423
-0.8604
-0.938694
-0.904697
-0.919053
-0.509202
-0.505185
-0.504261
-0.474134
-0.468422
-0.46855
-0.497496
-0.494073
-0.493148
-0.487608
-0.481071
-0.481267
-0.653982
-0.650663
-0.649182
-0.654001
-0.651988
-0.650398
-0.640757
-0.637003
-0.635418
-0.66033
-0.658882
-0.65724
-1.20341
-1.19142
-1.19777
-1.22031
-1.2018
-1.21464
-1.07995
-1.08659
-1.08536
-1.32603
-1.29788
-1.31305
-1.22977
-1.23038
-1.22921
-1.17785
-1.17999
-1.17955
-1.18315
-1.18002
-1.18013
-1.22649
-1.22058
-1.22125
-1.20282
-1.20047
-1.20058
-0.986326
-0.975265
-0.978441
-1.01859
-1.00932
-1.01131
-1.00698
-0.995988
-0.998955
-1.01228
-1.00211
-1.00478
-1.15817
-1.14727
-1.14921
-1.14555
-1.14262
-1.14134
-1.13084
-1.12798
-1.12773
-1.16324
-1.15402
-1.15538
-1.11955
-1.11659
-1.11664
-0.546943
-0.544009
-0.544898
-0.54429
-0.541934
-0.542754
-0.539283
-0.536636
-0.53736
-0.550767
-0.548337
-0.549273
-0.666542
-0.666103
-0.665382
-0.667798
-0.666412
-0.665147
-0.669523
-0.66841
-0.667232
-0.669412
-0.668595
-0.667887
-0.60009
-0.59825
-0.599484
-0.589706
-0.586185
-0.58758
-0.595812
-0.593741
-0.594922
-0.594869
-0.591605
-0.593037
-0.782073
-0.780248
-0.781728
-0.800008
-0.797608
-0.799586
-0.791215
-0.788431
-0.790314
-0.791584
-0.790029
-0.791591
-0.982819
-0.979126
-0.980311
-0.983938
-0.978744
-0.979468
-0.981936
-0.975343
-0.977309
-0.97829
-0.976049
-0.976051
-1.10566
-1.09763
-1.10132
-1.10323
-1.10159
-1.10074
-1.1018
-1.1038
-1.1038
-1.11961
-1.11201
-1.11565
-1.09114
-1.09254
-1.09251
-1.04305
-1.04255
-1.04403
-1.04155
-1.0418
-1.04339
-1.03768
-1.03751
-1.03895
-1.04747
-1.0474
-1.04896
-1.14521
-1.13821
-1.14168
-1.15595
-1.15339
-1.15441
-1.1132
-1.11565
-1.11566
-1.13
-1.12295
-1.12641
-1.12548
-1.1279
-1.12803
-0.763353
-0.76104
-0.763227
-0.781864
-0.780208
-0.782302
-0.761497
-0.759322
-0.761373
-0.782663
-0.780925
-0.783138
-0.849536
-0.847644
-0.849736
-0.843076
-0.840149
-0.842508
-0.835181
-0.832961
-0.83493
-0.856214
-0.853724
-0.85617
-0.835835
-0.834766
-0.837185
-0.8173
-0.815998
-0.818122
-0.836882
-0.835916
-0.838172
-0.817365
-0.816009
-0.81825
-0.973827
-0.972079
-0.975267
-0.981192
-0.980026
-0.983288
-0.97131
-0.969672
-0.973005
-0.985841
-0.984307
-0.987544
-1.08679
-1.0865
-1.08861
-1.07588
-1.07548
-1.07747
-1.07815
-1.07772
-1.07964
-1.08456
-1.08434
-1.08647
-1.22217
-1.21821
-1.22104
-1.24165
-1.23923
-1.24128
-1.20743
-1.2082
-1.20912
-1.2329
-1.22962
-1.23247
-1.19891
-1.20013
-1.20087
-1.15366
-1.15255
-1.15585
-1.16755
-1.16627
-1.16976
-1.16023
-1.15902
-1.16244
-1.16182
-1.16056
-1.16389
-1.24885
-1.24615
-1.24924
-1.27167
-1.26917
-1.27101
-1.21631
-1.21664
-1.21772
-1.24281
-1.24
-1.243
-1.22132
-1.22142
-1.22257
-0.899158
-0.900044
-0.902381
-0.907339
-0.90813
-0.910379
-0.903734
-0.904296
-0.906669
-0.902174
-0.903347
-0.905537
-1.00428
-1.00373
-1.00677
-0.98937
-0.989075
-0.992125
-0.996469
-0.995585
-0.99865
-0.994848
-0.995082
-0.998
-0.880346
-0.882685
-0.884323
-0.891732
-0.893488
-0.895414
-0.886027
-0.887943
-0.889689
-0.88626
-0.888436
-0.890266
-0.943045
-0.94483
-0.946929
-0.900982
-0.90501
-0.906176
-0.920542
-0.924487
-0.925913
-0.925796
-0.927332
-0.929304
-1.15888
-1.15812
-1.16118
-1.16413
-1.16335
-1.16669
-1.15535
-1.15479
-1.15788
-1.16692
-1.16593
-1.16925
-1.22433
-1.22425
-1.22603
-1.24292
-1.2421
-1.24393
-1.20153
-1.20231
-1.20328
-1.2114
-1.2116
-1.21317
-1.21168
-1.21239
-1.21349
-1.04267
-1.04485
-1.04651
-1.0434
-1.04355
-1.04596
-1.06391
-1.06428
-1.0668
-1.0209
-1.02314
-1.02459
-1.16569
-1.16638
-1.16754
-1.18645
-1.18554
-1.18738
-1.18035
-1.18122
-1.18201
-1.18655
-1.18711
-1.18844
-1.16013
-1.16091
-1.16155
-0.667302
-0.672253
-0.672088
-0.627871
-0.631505
-0.631439
-0.672594
-0.677096
-0.677119
-0.622756
-0.626807
-0.626548
-0.844617
-0.846463
-0.848003
-0.845613
-0.850778
-0.851479
-0.872664
-0.874973
-0.876633
-0.815403
-0.820438
-0.820877
-0.455596
-0.460297
-0.459466
-0.521437
-0.526351
-0.525892
-0.459025
-0.46348
-0.462791
-0.517527
-0.522789
-0.522145
-0.45503
-0.457621
-0.457811
-0.367093
-0.369766
-0.370812
-0.440258
-0.445413
-0.445439
-0.388302
-0.390271
-0.390281
-0.929428
-0.932746
-0.933644
-0.98749
-0.988477
-0.990592
-0.960938
-0.964385
-0.965444
-0.957435
-0.958264
-0.960169
-0.961027
-0.963674
-0.963964
-0.990696
-0.988076
-0.989472
-0.907092
-0.906899
-0.907371
-0.918425
-0.921436
-0.921969
-0.951855
-0.951472
-0.951874
-0.58394
-0.585421
-0.59111
-0.549042
-0.551902
-0.554123
-0.615158
-0.618772
-0.620041
-0.505497
-0.468383
-0.491436
-0.802338
-0.803499
-0.807919
-0.83897
-0.838421
-0.840147
-0.838859
-0.838811
-0.83966
-0.850648
-0.85302
-0.854775
-0.789122
-0.78958
-0.791542
0.258313
0.260523
0.263501
0.275444
0.281226
0.285488
0.260772
0.262237
0.265306
0.27509
0.281656
0.285836
-0.157925
-0.157123
-0.157045
-0.233411
-0.234848
-0.238035
-0.22359
-0.225678
-0.225436
-0.164211
-0.119695
-0.140018
0.418423
0.437941
0.446055
0.625306
0.638997
0.64421
0.420035
0.43871
0.446685
0.624916
0.639503
0.644691
0.537443
0.563638
0.563724
-0.336657
-0.331127
0.405763
0.426416
-0.363246
-0.3571
-0.356424
-0.277439
-0.280795
-0.441399
-0.444799
-0.449398
-0.44407
-0.448035
-0.352791
-0.324312
-0.338263
-0.402397
-0.221219
-0.213013
0.352498
7.95926
7.99136
7.9878
8.00588
8.03533
8.03201
8.03109
8.06827
7.75659
7.76649
7.76518
7.96536
7.99283
7.98864
8.46088
8.50798
8.43744
8.46873
8.46273
8.50549
8.48329
8.49058
8.49698
8.47499
8.48162
8.21142
8.19865
8.30355
8.3144
8.15211
8.13351
8.14161
8.05271
8.16157
8.6012
8.68006
8.38389
8.39166
7.39231
-0.110611
-0.108387
-0.103214
-0.274678
-0.274088
-0.273733
-0.506649
-0.511843
-0.505344
-0.358038
-0.366589
-0.482099
-0.491416
-0.484953
-0.900879
-0.55993
-0.568021
-0.629267
-0.633703
-0.745965
-0.751631
-0.747643
-0.645547
-0.642515
-0.73552
-0.734057
-0.733005
-0.394772
-0.396208
-0.394639
-0.828607
-0.821294
-0.823318
-0.757797
-0.763199
-0.815645
-0.815219
-0.814035
-0.761765
-0.766363
-0.763171
-1.0173
-0.863807
-0.834778
-0.830066
-0.824279
-0.925318
-1.05147
-0.823416
-0.991703
-1.0256
-1.00033
-1.03373
-0.548324
-0.509872
-0.605279
-0.585785
-0.688308
-0.686689
-0.688442
-0.606363
-0.607033
-0.607879
-0.626184
-0.6096
-0.621513
-0.454442
-0.451453
-0.520186
-0.524231
-0.523731
-0.552533
-0.549
-0.390055
-0.272685
-0.201459
-0.198987
-0.2064
-0.15958
-0.161317
-0.356634
-0.357262
-0.197176
-0.200438
-0.201836
-0.24063
-0.240392
-0.674084
-0.674971
-0.677785
-0.566434
-0.570175
-0.572936
-0.566197
-0.569178
-0.571457
-0.497957
-0.498169
-0.500774
-0.344945
-0.349269
-0.35099
-0.490094
-0.491736
-0.494331
-0.491818
-0.496758
-0.498789
-0.363611
-0.368998
-0.370794
-0.493627
-0.497812
-0.500022
-0.217133
-0.215881
-0.224956
-0.247329
-0.247634
-0.257045
-0.0905645
-0.0994152
-0.101069
-0.328453
-0.335701
-0.338258
-0.107161
-0.115152
-0.116556
-0.158915
-0.16405
-0.16635
-0.331198
-0.33933
-0.3421
-0.12947
-0.137695
-0.140197
9.09056
9.11966
9.11274
9.02116
8.99911
9.00556
9.0993
9.12674
9.12015
9.20279
9.20324
9.0329
9.04803
9.15147
9.13331
9.21533
9.19894
9.52972
8.97437
9.23764
8.9077
9.58169
8.90748
8.88495
8.92288
8.95566
8.9483
8.91686
8.95057
8.94281
8.82128
8.83538
8.83167
8.80678
8.81419
9.02172
9.03853
9.03318
9.02721
9.00781
9.01519
9.02922
9.01013
9.01725
8.97501
8.98171
9.13754
8.85668
9.01253
-0.968481
-0.952701
-0.951965
-0.93793
-0.944838
-0.68934
-0.677602
-0.683168
-0.622486
-0.610464
-0.615298
-0.752073
-0.74796
-0.75147
-0.689488
-0.695295
-0.694297
-1.04673
-1.00297
-0.940158
-0.987004
-0.899708
-0.897254
-0.901057
-1.02534
-1.01043
-1.01378
-1.03007
-1.00911
-0.980364
-0.964271
-0.968801
-0.889315
-0.93277
-0.895837
-0.84283
-0.852638
-0.988934
-0.974052
-0.977085
-1.07498
-1.05734
-1.01406
-0.991849
-1.0151
-0.99911
-0.906629
-0.762156
-0.91336
-0.843818
-1.18601
-0.476472
-0.475194
-0.476955
-0.299264
-0.300835
-0.301441
-0.482332
-0.479252
-0.481079
-0.558068
-0.556005
-0.558201
-0.421381
-0.422577
-0.423392
-0.441312
-0.440913
-0.442252
-0.257426
-0.260029
-0.259684
-0.434805
-0.434219
-0.435483
-0.444901
-0.443405
-0.444223
-0.0718983
-0.0789842
-0.0798979
-0.344305
-0.34681
-0.348681
-0.0596778
-0.0654255
-0.0660561
-0.284795
-0.29441
-0.298616
-0.272747
-0.282892
-0.287921
-0.338434
-0.33895
-0.339794
-0.0214923
-0.0278736
-0.0265039
-0.0272228
-0.0339845
-0.033206
-0.420417
-0.419224
-0.419529
-0.360411
-0.362183
-0.361463
-0.330135
-0.332
-0.330869
-0.270148
-0.273007
-0.271421
-0.149194
-0.156015
-0.152701
-0.305481
-0.307587
-0.306333
-0.386018
-0.386745
-0.386796
-0.1922
-0.198817
-0.196154
-0.365077
-0.366601
-0.365698
-0.293809
-0.303941
-0.306036
-0.306788
-0.318001
-0.319233
0.0388051
0.0276148
0.0324358
-0.290808
-0.298763
-0.29517
0.0262408
0.0160863
0.0194353
-0.00330976
-0.0109479
-0.00757465
-0.317492
-0.323375
-0.32149
0.00584417
-0.00335375
-5.50633e-05
9.2951
-0.593404
-0.589832
-0.594503
-0.731677
-0.719702
-0.819934
-0.411416
-0.400392
-0.431724
-0.259085
0.0614317
0.0496469
0.0554322
-0.218329
-0.227892
-0.223101
0.0770177
0.0649075
0.0709697
11.873
11.8742
11.8732
12.004
12.0095
12.0068
11.9089
11.9037
11.9054
11.8883
11.8843
11.8855
11.9447
11.95
11.9478
11.9748
11.9797
11.9777
12.11
12.1107
12.1104
12.0799
12.0825
12.0815
12.1515
12.1534
12.1099
12.1096
12.11
11.2422
11.184
11.134
11.1454
11.0847
11.0957
12.0872
12.3394
12.3332
12.3394
12.4239
12.4279
12.3471
12.351
12.3539
11.3179
11.9861
11.9841
11.986
12.2059
12.2013
12.2073
12.0508
12.042
12.0483
12.2779
12.2742
12.2855
12.2683
11.543
11.5326
11.536
11.657
11.6464
11.5916
11.5819
11.589
11.6443
11.627
11.635
10.6046
10.5499
10.5309
10.5343
10.5325
10.5126
10.5215
10.7001
10.7119
10.707
10.6739
10.6864
10.6811
10.5823
10.5693
10.5727
10.5554
10.5449
10.5476
10.6145
10.619
10.6175
10.6383
10.6469
10.6432
10.9515
10.9586
10.9561
10.8029
10.8085
10.8062
10.7744
10.7802
10.7782
10.8787
10.87
10.871
10.8344
10.8309
10.8033
10.8142
10.8093
7.6674
7.24336
8.92664
8.91112
8.91052
8.79837
8.78666
8.78492
8.08263
8.09181
8.08848
7.96999
7.97812
7.97506
8.21394
8.18242
8.18769
8.36169
8.32373
8.33438
7.26495
7.23269
7.23965
7.83245
7.82689
7.82488
10.163
10.1687
10.1734
10.1377
10.2941
10.2974
10.2956
10.2983
10.303
10.3011
10.3142
10.3166
10.3141
10.2023
10.2045
10.204
10.2825
10.2962
10.2833
10.2939
10.2883
10.1837
10.1729
10.1845
10.1735
10.1766
10.2101
10.2154
10.2137
3.25628
4.69925
4.65743
4.66622
5.30136
5.29379
5.29764
4.77002
4.72101
4.73493
5.30591
5.28115
5.96505
5.89446
3.34492
3.29963
3.30775
3.26616
3.2901
3.16572
3.18637
3.18699
3.3896
3.3344
3.34926
2.70018
2.47161
2.77987
2.76232
2.39709
2.33864
-1.16276
-0.729361
-0.707962
-0.74294
-0.0370337
-0.109765
-0.0692863
-0.875099
-0.884069
-0.364308
-0.377457
-0.642965
-0.65142
-0.649512
0.767902
1.08952
1.51384
1.52124
1.5157
1.44939
1.45354
1.45379
0.910403
0.867893
0.880196
0.574029
0.611371
0.615291
0.730617
0.790696
8.15547
8.60176
8.38131
8.39207
7.95553
7.98772
7.98411
7.82931
7.83672
7.83623
8.00476
8.03432
8.03093
7.75077
7.76081
7.75945
8.02216
8.05951
7.95954
7.98723
7.9829
8.50598
8.48374
8.49101
8.45209
8.49931
8.43193
8.46336
8.45724
8.74767
8.77259
8.76732
8.6117
8.6094
8.62391
8.63281
8.6298
8.49303
8.47117
8.47768
8.32115
8.33274
8.33097
8.20275
8.1903
8.29469
8.30596
7.15331
7.17616
7.17572
7.28081
7.31548
6.9518
6.95398
6.96096
6.37537
6.3459
6.37322
6.79571
6.79745
6.80217
6.19924
6.16821
6.19175
6.90102
6.90875
-0.937802
-1.05297
-0.127676
-0.125683
-0.120687
-0.532474
-0.537957
-0.531347
-0.38227
-0.391357
-0.588972
-0.599894
-0.591175
-1.02849
-1.06259
-1.03773
-1.06935
-0.364804
-0.349226
-0.355015
-0.214462
-0.208846
-0.210106
-0.256814
-0.244606
-0.247838
-0.558747
-0.552438
-0.698854
-0.691541
-0.692651
-0.351417
-0.353074
-0.351912
-0.440891
-0.440476
-0.439476
-0.589224
-0.597729
-0.657988
-0.66261
-0.408469
-0.410036
-0.408367
-0.675442
-0.672506
-0.766679
-0.765489
-0.764305
-0.862736
-0.855801
-0.857549
-0.790353
-0.796238
-0.84882
-0.848705
-0.847335
-0.794116
-0.798842
-0.795576
9.03527
9.04481
9.05648
9.05193
9.09139
9.12035
9.11345
9.03456
9.0461
9.04175
9.01993
8.99784
9.00427
9.09941
9.1268
9.12016
9.017
9.02965
9.02545
9.1953
9.01885
9.04234
9.06957
9.06396
8.97747
8.98704
8.98329
9.04356
9.07009
9.0647
8.94967
8.95999
8.95652
9.04001
9.08412
9.04465
9.06841
9.06335
8.92302
8.95586
8.9485
8.91661
8.95038
8.94262
8.8186
8.83305
8.82915
8.79895
8.77982
8.78604
9.02729
9.00778
9.0152
9.02972
9.01039
9.01758
9.03723
9.02747
8.97257
8.97905
-1.03995
-1.02293
-0.564607
-0.551044
-0.55568
-0.62871
-0.616486
-0.621459
-0.950118
-0.949126
-0.949875
-0.912331
-0.915495
-0.701511
-0.689645
-0.695218
-0.656419
-0.650353
-0.652258
-0.635977
-0.623888
-0.628643
-1.01117
-0.995577
-0.99184
-0.977876
-0.984837
-0.701641
-0.707337
-0.706336
-0.646843
-0.652188
-0.650582
-0.99513
-0.992557
-0.643779
-0.635899
-0.641688
-0.703681
-0.697444
-0.702646
-0.937294
-0.934586
-0.938568
-0.93225
-0.919575
-0.929956
-0.986989
-0.98026
-0.987553
8.97396
8.99186
8.98686
9.03907
9.01989
9.02719
9.04221
9.03257
8.9623
8.9804
8.97578
9.05465
9.03619
9.04256
-0.609297
-0.605693
-0.610421
-0.760415
-0.748346
-0.845546
-0.851557
-0.851034
-0.856343
12.1504
12.1044
12.3556
12.3546
12.3572
12.3724
12.371
12.3736
12.3733
12.3796
12.3805
12.3871
12.3926
12.394
12.3365
12.3338
12.3359
12.4362
12.438
12.3742
12.3756
12.3798
12.3014
12.2925
12.2987
12.3284
12.3312
12.3321
12.3833
12.3883
12.3895
12.3952
12.3999
12.4013
12.3919
12.3847
12.4374
12.4375
12.3745
12.3734
12.3778
11.7461
11.7494
11.7146
11.7155
11.7351
11.7339
11.9245
11.9254
11.9267
11.9202
11.9196
11.922
11.9259
11.9258
11.9278
11.2755
11.4799
11.4865
11.484
11.4676
11.4802
11.4755
11.4766
11.489
11.4845
11.3783
11.3649
11.37
11.4052
11.4038
11.405
11.3733
11.3691
11.3712
11.0919
11.0539
11.066
11.0897
11.0602
11.0702
11.0443
11.0109
11.0219
10.9404
10.9212
10.9294
10.8116
10.7748
10.7874
10.7934
10.7627
10.7735
10.6585
10.6945
10.63
10.6547
10.635
10.6345
10.6243
10.628
10.6918
10.7062
10.5877
10.6026
10.6533
10.6546
10.7787
10.7847
10.7823
10.6673
10.6716
10.6695
10.6548
10.6601
10.6576
10.6745
10.6845
10.6806
10.5185
10.5271
10.5238
10.4884
10.4978
10.4941
10.3635
10.3791
10.3728
10.1606
10.1742
10.1678
10.0963
10.1117
10.105
9.71513
9.72665
9.71953
9.47905
9.49433
9.48555
9.37711
9.39143
9.38272
8.77273
8.76101
8.7615
8.55798
8.55895
8.55401
8.43995
8.43724
8.43357
7.91813
7.86967
7.88051
7.6268
7.58837
7.59561
7.53536
7.49308
7.50136
7.48173
7.4542
7.45796
7.15434
7.1161
7.12486
7.10236
7.0676
7.07521
10.1797
10.1694
10.1722
10.171
10.1214
10.1222
10.122
10.1116
10.1128
10.1126
10.0776
10.0793
10.0789
10.0142
10.0163
10.0158
9.9921
9.99426
9.99377
9.79535
9.79671
9.7966
9.72834
9.73001
9.72987
9.67612
9.6777
9.67757
9.17186
9.17372
9.17264
9.10034
9.10128
9.10033
8.9871
8.98785
8.98674
2.73836
2.75781
2.72872
3.60902
3.62782
3.6042
2.67631
2.69762
2.66891
3.24411
3.24882
3.2326
2.60005
2.61429
2.5922
2.60539
2.61652
2.59545
3.06156
3.0387
3.03197
2.5528
2.53944
2.5272
2.54622
2.52978
2.51884
3.03091
2.99179
2.99433
2.56699
2.5326
2.53153
2.58986
2.55568
2.55558
2.41928
2.50259
2.51936
2.62132
2.53544
2.61225
2.58787
2.5916
9.83576
9.83666
9.83632
9.7875
9.78833
9.78793
9.77852
9.77901
9.77876
9.75082
9.75092
9.75118
9.70876
9.70887
9.70911
9.69462
9.69479
9.69515
9.55154
9.55229
9.55245
9.53125
9.53174
9.53211
9.4982
9.49895
9.49925
9.1391
9.13944
9.13937
9.13333
9.13305
9.13331
9.06867
9.0683
9.0685
-0.981759
-0.953751
-0.908492
-0.880643
-0.896953
-0.993883
-0.940958
-0.972157
-0.491676
-0.465714
-0.485623
-0.743688
-0.713618
-0.731377
-0.687576
-0.659215
-0.67692
-0.130965
-0.129946
-0.140678
-0.36257
-0.354967
-0.366424
-0.329283
-0.324131
-0.334663
0.0268655
0.0137991
0.0116287
-0.178354
-0.186624
-0.191104
-0.155275
-0.164507
-0.167742
-0.172553
-0.186391
-0.189843
-0.128826
-0.143596
-0.14231
-0.190627
-0.201523
-0.201723
-1.5682
-0.0374546
-1.76236
-1.69002
-0.974157
-0.988945
-1.2217
-1.31438
-1.16674
-1.17738
-1.17504
-1.02013
-1.04444
-1.03882
-1.04954
-1.06703
-1.06271
-1.0364
-1.04
-1.03513
-1.00147
-1.0046
-0.998643
-1.01718
-1.02074
-1.01508
-1.219
-1.22003
-1.22107
-1.22072
-1.22055
-1.2211
-1.2401
-1.23956
-1.24068
-1.26903
-1.26808
-1.2703
-1.29218
-1.29249
-1.29488
-1.28927
-1.28893
-1.29144
-1.06729
-1.06377
-1.06595
-1.14917
-1.14571
-1.14856
-1.11319
-1.1094
-1.11198
9.40601
9.40572
9.40566
9.34606
9.34606
9.34592
9.35324
9.35325
9.35312
9.37327
9.37159
9.37235
9.3354
9.33286
9.33389
9.32201
9.31966
9.32066
-0.945416
-0.928203
-0.931666
-0.951391
-0.932663
-0.937975
-0.924301
-0.905999
-0.909744
-0.717327
-0.705839
-0.707409
-0.728033
-0.713236
-0.714709
-0.692959
-0.679368
-0.6802
-0.474589
-0.46972
-0.466279
-0.462407
-0.454709
-0.451037
-0.428847
-0.421681
-0.417226
-0.262891
-0.257734
-0.250131
-0.181854
-0.176476
-0.169022
-0.143733
-0.138618
-0.131439
-0.119324
-0.1126
-0.11099
0.072043
0.0762215
0.0793487
0.0917735
0.0957948
0.0984087
-0.0259842
-0.0245382
-0.0217689
0.190148
0.189221
0.192387
0.188683
0.185794
0.190038
-0.134679
-0.14753
-0.140424
0.0770021
0.0642314
0.0712095
0.0304606
0.0176196
0.0244063
-0.596952
-0.605378
-0.600241
-0.395349
-0.405384
-0.400614
-0.459513
-0.468606
-0.463835
-0.981005
-0.98265
-0.981554
-0.858124
-0.860831
-0.859258
-0.890466
-0.892301
-0.891185
-0.987239
-0.985783
-0.986867
-0.962187
-0.959439
-0.961664
-0.941684
-0.938651
-0.940812
9.00378
9.00213
9.00272
8.91835
8.91722
8.91774
8.93134
8.93034
8.93092
-0.104105
-0.0916391
-0.175717
-0.165643
-0.168052
-0.0489022
-0.0392367
-0.0435558
0.246357
0.252639
0.252163
0.330676
0.336159
0.334744
0.379963
0.385091
0.383959
0.684301
0.686398
0.686824
0.761358
0.763789
0.763842
0.811226
0.81331
0.813469
1.09082
1.0891
1.09089
1.16415
1.16332
1.16466
1.20723
1.20602
1.20747
1.25915
1.2573
1.25924
1.38607
1.38464
1.38579
1.39083
1.38966
1.39087
1.11992
1.11749
1.12011
1.30629
1.30447
1.30671
1.27768
1.27591
1.27816
0.722092
0.72012
0.721793
0.953759
0.952155
0.954157
0.899179
0.897529
0.899205
0.253066
0.253114
0.253764
0.472603
0.473929
0.474553
0.418582
0.419456
0.419971
-0.0697764
-0.0673558
-0.0674944
0.0836461
0.0852727
0.0856932
0.0513051
0.0531984
0.0535129
11.2276
11.2188
11.2217
11.1967
11.1907
11.1927
11.4111
11.4086
11.4093
11.0908
11.0801
11.0838
11.3341
11.3303
11.3315
-2.09962
-2.00545
-2.02147
-2.04901
-1.40928
-1.4404
-1.43145
-1.5133
-1.51836
-1.5167
-1.4156
-1.44133
-1.43381
-1.60852
-1.54245
-1.59001
-1.57569
-1.49956
-1.54262
-0.797418
-0.770756
-0.791012
-0.791162
-0.763143
-0.777011
-0.840145
-0.811424
-0.825802
-0.664377
-0.652687
-0.661047
-0.70411
-0.690837
-0.699701
-0.869083
-0.838702
-0.853574
-1.32756
-1.33794
-1.33392
-1.3294
-1.34876
-1.34248
-1.13129
-1.12091
-1.12236
-1.13115
-1.12104
-1.12314
-0.632963
-0.605637
-0.619967
-0.759988
-0.724129
-0.7393
-0.784378
-0.746127
-0.76191
-0.661321
-0.631896
-0.646788
-0.488697
-0.488529
-0.486939
-0.476632
-0.475282
-0.473666
-0.486922
-0.485063
-0.483484
-0.49768
-0.497113
-0.495545
-1.12216
-1.11282
-1.11663
-1.10255
-1.1028
-1.10277
-1.11177
-1.10206
-1.10539
-1.17526
-1.16887
-1.17223
-1.16873
-1.17086
-1.17126
-1.1899
-1.18385
-1.18718
-0.50481
-0.503559
-0.503066
-0.506456
-0.505695
-0.505566
-0.515242
-0.51443
-0.514201
-0.513886
-0.512684
-0.511969
-0.659241
-0.656926
-0.658552
-0.644958
-0.642324
-0.643914
-0.650136
-0.647308
-0.6491
-0.663538
-0.66104
-0.662835
-1.21956
-1.21483
-1.21787
-1.19689
-1.19847
-1.19912
-1.20651
-1.20127
-1.2044
-1.26138
-1.25927
-1.2621
-1.2336
-1.2334
-1.23495
-1.23329
-1.23307
-1.23445
-1.26129
-1.25957
-1.26219
-0.70473
-0.702124
-0.703976
-0.723362
-0.721141
-0.723046
-0.726309
-0.723911
-0.725993
-0.708639
-0.705818
-0.707855
-0.881848
-0.880437
-0.883332
-0.866329
-0.86505
-0.867708
-0.864739
-0.863369
-0.866186
-0.879369
-0.878047
-0.881003
-1.24791
-1.24723
-1.2493
-1.22797
-1.22838
-1.2297
-1.25445
-1.25339
-1.25569
-1.13514
-1.1361
-1.13704
-1.12912
-1.12976
-1.13029
-1.1055
-1.10665
-1.10743
-0.895803
-0.895053
-0.897737
-0.906525
-0.906145
-0.908764
-0.902492
-0.902373
-0.904996
-0.892616
-0.892035
-0.89476
-0.83826
-0.841138
-0.842267
-0.855268
-0.858239
-0.859583
-0.849028
-0.852452
-0.853665
-0.831937
-0.835269
-0.83626
-1.02132
-1.02329
-1.02369
-1.05853
-1.06008
-1.06066
-0.671355
-0.673066
-0.733298
-0.703971
-0.724406
-0.783316
-0.787255
-0.787939
-0.753355
-0.756941
-0.757438
-0.747208
-0.751275
-0.751602
-0.777134
-0.781542
-0.78207
-0.245617
-0.25111
-0.249638
-0.243776
-0.249175
-0.247777
-0.32084
-0.326945
-0.32559
-0.318813
-0.325173
-0.323749
11.8837
11.8835
11.8852
11.8867
11.886
11.8883
11.8762
11.8751
11.8776
11.4019
11.3775
11.386
11.3979
11.3762
11.3838
11.3818
11.3556
11.3644
11.3192
11.2911
11.3009
11.2948
11.2605
11.2717
11.327
11.2976
11.3075
12.0172
12.0271
12.0007
12.0096
11.9989
12.0027
11.3212
11.2943
11.3041
11.2431
11.2096
11.2207
11.3173
11.293
11.3024
11.3529
11.3437
11.3489
11.2435
11.2252
11.2327
11.355
11.3442
11.35
11.448
11.4574
11.4436
11.4566
11.4511
11.4324
11.4445
11.4395
10.9945
10.9987
10.9964
10.8936
10.8989
10.8969
10.9951
11.0013
10.9988
11.0044
11.0154
11.0111
10.8663
10.8767
10.8726
11.0085
11.0187
11.0147
11.4284
11.4234
11.4251
11.4074
11.4074
11.4079
11.4353
11.4376
11.4373
10.999
11.0107
11.0062
10.8316
10.8433
10.8388
10.9915
11.0043
10.9995
10.8893
10.9057
10.8998
10.7142
10.73
10.7237
10.916
10.9319
10.926
11.1899
11.1583
11.1687
11.1122
11.0849
11.0943
11.1543
11.1306
11.1389
10.8553
10.872
10.8662
10.5964
10.6141
10.6073
10.8201
10.8363
10.8305
10.4457
10.4544
10.4499
10.2844
10.2985
10.2915
10.5225
10.5327
10.5278
10.9701
10.9383
10.9496
10.8177
10.7795
10.792
10.8409
10.8012
10.8137
10.3564
10.3635
10.3595
10.0304
10.0401
10.0341
10.2695
10.2745
10.2713
9.65352
9.63618
9.6407
9.51625
9.51229
9.51129
9.75721
9.74478
9.74767
10.8768
10.8693
10.8729
10.725
10.7145
10.7185
10.738
10.727
10.7322
9.54366
9.52017
9.52672
9.1917
9.17366
9.17727
9.43836
9.40926
9.41752
8.87444
8.82164
8.83515
8.65823
8.61124
8.62228
8.94909
8.89711
8.91029
10.9012
8.82579
8.77238
8.78656
8.43552
8.38339
8.39617
8.76324
8.71315
8.72695
8.47137
8.44772
8.45404
8.24899
8.21579
8.22444
8.53925
8.51273
8.51752
10.7772
10.7836
10.781
10.6757
10.6802
10.6785
10.6836
10.6875
10.6859
10.2581
10.2612
10.2601
10.1582
10.1607
10.1598
10.2482
10.2508
10.2498
10.1128
10.1152
10.1144
10.0319
10.0336
10.0332
10.1428
10.1449
10.1444
10.7332
10.7419
10.7385
10.5458
10.555
10.5515
10.5696
10.5781
10.5749
10.0777
10.0802
10.0792
9.9135
9.91603
9.91522
10.0406
10.0432
10.042
9.7034
9.70751
9.70601
9.61003
9.61359
9.61208
9.77161
9.77509
9.77393
10.5103
10.5236
10.5179
10.2247
10.2379
10.2317
10.2771
10.2897
10.2839
9.62275
9.62725
9.62527
9.35064
9.35457
9.35311
9.54059
9.54593
9.54325
8.86204
8.86846
8.8645
8.71966
8.72455
8.72122
8.99218
8.99832
8.99533
9.99895
10.0136
10.006
9.58563
9.60174
9.59286
9.68035
9.69697
9.68813
8.22103
8.2253
8.22071
8.70781
8.71444
8.70983
8.55903
8.56607
8.56077
7.06847
7.07536
7.06495
7.36812
7.38275
7.37151
7.57778
7.58945
7.57899
9.13942
9.14048
9.13669
8.67959
8.68394
8.67788
8.79543
8.80242
8.7955
6.26049
6.2727
6.25937
7.10947
7.12659
7.11473
6.89681
6.91368
6.90041
5.02202
5.0413
5.02199
5.67776
5.69642
5.67958
5.83602
5.85472
5.83814
8.16752
8.12708
8.13558
7.71259
7.67749
7.68337
7.82476
7.7955
7.79993
5.52508
5.54304
5.52632
4.6388
4.66209
4.6424
5.3962
5.41339
5.39686
4.80717
4.81118
4.79934
4.25974
4.27564
4.25913
4.88788
4.89507
4.88213
7.61844
7.57426
7.58532
7.17521
7.13146
7.14164
7.21597
7.16822
7.17915
4.72401
4.7239
4.71313
4.08223
4.08699
4.07395
4.64942
4.64518
4.63561
4.24985
4.21735
4.21557
3.78524
3.76584
3.75835
4.29975
4.2711
4.26846
7.31978
7.28727
6.79212
6.77485
6.84765
6.82686
4.20261
4.1665
4.1656
3.65215
3.61962
3.61587
4.16586
4.12644
4.12644
4.12485
4.08216
4.08772
3.62438
3.58273
3.58432
4.13621
4.09099
4.09625
10.22
10.2134
10.1416
10.1232
10.136
10.0983
10.1108
10.1047
9.9452
9.94781
9.94649
9.88003
9.88111
9.88074
9.9197
9.92518
9.92392
9.88382
9.88444
9.88433
9.83576
9.83668
9.8364
9.89808
9.89886
9.89866
10.1363
10.1386
10.1379
10.0409
10.0429
10.0423
10.0594
10.0613
10.0607
9.87181
9.87237
9.8723
9.7925
9.79326
9.79311
9.85589
9.85636
9.85634
9.72485
9.72503
9.72542
9.68724
9.68771
9.68807
9.75103
9.75108
9.75147
9.93727
9.93875
9.93854
9.78717
9.7892
9.78892
9.82965
9.83168
9.83141
9.69321
9.69343
9.69383
9.59798
9.59805
9.59861
9.6619
9.6622
9.66258
9.37623
9.3749
9.37555
9.36377
9.36225
9.36303
9.43283
9.43167
9.43229
9.46661
9.46904
9.46767
9.22472
9.22689
9.22605
9.31725
9.31934
9.31887
9.31124
9.30972
9.3104
9.16614
9.16396
9.16486
9.24538
9.24388
9.2446
8.75394
8.75154
8.75208
8.74262
8.73771
8.73947
8.84408
8.84126
8.84231
8.06302
8.06156
8.05872
8.4941
8.49733
8.49388
8.24169
8.24228
8.2393
8.46326
8.41979
8.44733
8.64702
8.64475
8.64545
8.56423
8.55927
8.56098
8.10191
7.57379
7.89136
3.3629
3.37832
3.35866
2.63755
2.65772
2.63499
2.63575
2.65871
2.63481
-0.780314
-0.729259
-0.585324
-0.843641
-0.776731
-0.825229
-0.574152
-0.551157
-0.580886
-0.629034
-0.606936
-0.634062
3.12521
3.11215
3.10087
2.57265
2.56286
2.54922
2.59078
2.5851
2.57027
-0.520829
-0.49561
-0.526266
-0.715977
-0.686709
-0.71075
-0.454535
-0.427872
-0.458973
0.00115353
0.0234913
-0.00160694
-0.405074
-0.374101
-0.39934
-0.0742212
-0.0493058
-0.0761033
2.99584
2.95672
2.95575
2.52349
2.48936
2.48663
2.50426
2.47121
2.46723
0.0683577
0.0881171
0.064793
-0.193579
-0.17045
-0.191938
0.134544
0.150885
0.129411
0.379845
0.377847
0.365418
0.061097
0.0675907
0.0535729
0.35005
0.351084
0.337431
2.9389
2.91392
2.91623
2.69218
2.6583
2.65786
2.64236
2.61864
2.6195
0.399497
0.394458
0.383175
0.151027
0.148762
0.138061
0.425681
0.418281
0.408213
0.549844
0.530937
0.528649
0.267193
0.253917
0.249126
0.53055
0.512923
0.509464
3.07772
0.580689
0.561207
0.560301
0.343134
0.326168
0.325038
0.588373
0.567922
0.568211
0.357062
0.337218
0.340959
0.333425
0.318341
0.318334
0.453029
0.43798
0.4335
9.79151
9.79216
9.79175
9.51526
9.51604
9.51562
9.79513
9.79575
9.79556
9.72073
9.72183
9.72152
9.73227
9.73333
9.73302
9.51487
9.5154
9.51507
9.45665
9.45704
9.45677
9.51458
9.51492
9.51468
9.48729
9.48722
9.48745
9.44227
9.44309
9.44298
9.49342
9.49374
9.49369
9.63876
9.63899
9.63939
9.55334
9.55375
9.55426
9.58117
9.58135
9.58185
9.47658
9.47604
9.47653
9.42016
9.41916
9.4199
9.46791
9.46705
9.4676
9.35733
9.35546
9.3563
9.32643
9.3254
9.3261
9.38379
9.38224
9.383
9.33199
9.33031
9.33106
9.21073
9.20869
9.20974
9.26729
9.26575
9.26677
9.23884
9.2374
9.2384
9.33526
9.33365
9.33438
9.30473
9.30293
9.30378
9.10145
9.09461
9.18502
9.16483
9.17722
9.1367
9.16398
9.14706
8.63722
8.63014
8.80272
8.79742
8.79923
8.71337
8.67769
8.69973
8.86273
9.13296
9.134
9.15265
9.14091
-0.656186
-0.624297
-0.645311
-0.772096
-0.741686
-0.758825
-0.826268
-0.795491
-0.812307
-1.11205
-1.12959
-1.11359
-1.17796
-1.15798
-0.196956
-0.186582
-0.200197
-0.364862
-0.353431
-0.365656
-0.410289
-0.395955
-0.409228
-1.10734
-1.08527
-1.13113
-1.10895
-1.11851
-1.02811
-1.06982
-1.03544
-0.950838
-0.932926
-0.939199
-0.924592
-0.905623
-0.913396
-0.955367
-0.935912
-0.943819
-0.0059212
-0.0157446
-0.0214407
-0.173831
-0.180205
-0.185463
-0.195772
-0.200796
-0.207071
-0.897598
-0.879447
-0.887077
-0.87591
-0.85958
-0.865434
-0.86328
-0.846584
-0.853683
-0.696078
-0.688356
-0.691931
-0.745375
-0.73422
-0.737992
-0.721522
-0.712851
-0.716962
0.0226112
0.00642699
0.00721707
-0.111678
-0.124658
-0.123658
-0.0865159
-0.0989255
-0.0983881
-0.676734
-0.670006
-0.673114
-0.667029
-0.658622
-0.660692
-0.653195
-0.647423
-0.649971
-0.531498
-0.531651
-0.530475
-0.552323
-0.548928
-0.548175
-0.552728
-0.552372
-0.551858
-0.66402
-0.741338
-0.844257
-0.901627
-0.817069
-0.792822
-0.510049
-0.510386
-0.508434
-0.477311
-0.474998
-0.47239
-0.489174
-0.489826
-0.487315
-0.439866
-0.437406
-0.431976
-0.381842
-0.377919
-0.372235
-0.443668
-0.443322
-0.437152
-3.83913
-1.27285
-1.15463
-0.89651
-0.459401
-0.45843
-0.451339
-0.354486
-0.350975
-0.343217
-0.443985
-0.445515
-0.437606
-0.472833
-0.48439
-0.481528
-0.314631
-0.314297
-0.310292
-0.462398
-0.474383
-0.470841
-1.23376
-1.25788
-1.25007
-1.01525
-1.04671
-1.03908
-1.00148
-1.04252
-1.03291
-0.468322
-0.477888
-0.475941
-0.311568
-0.306442
-0.305552
-0.479695
-0.486787
-0.485704
-0.48403
-0.472292
-0.474391
-0.262028
-0.251829
-0.252711
-0.487265
-0.475925
-0.478381
-1.00018
-1.00055
-0.996886
-0.986812
-0.989018
-0.983638
-0.985163
-0.987534
-0.982846
-0.462724
-0.451688
-0.453111
-0.228922
-0.222725
-0.221875
-0.452431
-0.442957
-0.443607
-0.40532
-0.414193
-0.406383
-0.207442
-0.21618
-0.209155
-0.399006
-0.405134
-0.398185
-1.14814
-1.14897
-1.14907
-1.18032
-1.18021
-1.18019
-1.15356
-1.1544
-1.15367
-0.41859
-0.42884
-0.420862
-0.279696
-0.29244
-0.284442
-0.443965
-0.45514
-0.447391
-0.727706
-0.737468
-0.732134
-0.545344
-0.557232
-0.551255
-0.677619
-0.687775
-0.682363
-1.2592
-1.25751
-1.26013
-1.28458
-1.28521
-1.28742
-1.28695
-1.28699
-1.28912
-0.789646
-0.798981
-0.793861
-0.730255
-0.739326
-0.733893
-0.838597
-0.847138
-0.842554
-1.10858
-1.1119
-1.1102
-1.01661
-1.02074
-1.01833
-1.08479
-1.08871
-1.08659
-1.17858
-1.17639
-1.1783
-1.18566
-1.18261
-1.1857
-1.21056
-1.2079
-1.21119
-1.14429
-1.14714
-1.14598
-1.11032
-1.11197
-1.11102
-1.15686
-1.15937
-1.1587
-1.15293
-1.15291
-1.15351
-1.15385
-1.15163
-1.15375
-1.17833
-1.17774
-1.1787
-0.782145
-0.765088
-0.773369
-0.784316
-0.77068
-0.777987
-0.828369
-0.823461
-0.825715
-1.13141
-1.13088
-1.13196
-1.08344
-1.08148
-1.08298
-1.09146
-1.09052
-1.09215
-0.724291
-0.723804
-0.725689
-0.820253
-0.816364
-0.818606
-0.816632
-0.81422
-0.816293
9.33537
9.33562
9.33539
9.06066
9.05952
9.05978
9.39971
9.40028
9.4002
9.33989
9.34072
9.34086
9.34763
9.34766
9.34778
9.08501
9.0827
9.08322
9.04055
9.03942
9.03965
9.10195
9.09934
9.0999
9.15757
9.15787
9.15762
9.0917
9.08797
9.08876
9.16095
9.15986
9.15986
9.23941
9.23563
9.23695
9.32295
9.32118
9.32192
9.25598
9.25346
9.25484
9.0936
9.08294
9.08774
9.16088
9.1632
9.16231
9.19272
9.18883
9.18963
9.60172
8.85179
9.21744
-0.785764
-0.771644
-0.775021
-0.731977
-0.71695
-0.718835
-0.762569
-0.746587
-0.748982
-0.956324
-0.68217
-0.704404
-0.381444
-0.368135
-0.370824
-0.473475
-0.460829
-0.460242
-0.513408
-0.499308
-0.499077
-0.553982
-0.547294
-0.545907
-0.48201
-0.473054
-0.470456
-0.512735
-0.503592
-0.501506
-0.432379
-0.418857
-0.418591
-0.253
-0.241481
-0.242616
-0.396013
-0.382126
-0.381853
-0.0999029
-0.0889286
-0.0872447
-0.0100429
-0.000444344
-0.000349312
-0.15085
-0.139073
-0.137586
-0.33665
-0.330754
-0.323957
-0.215697
-0.209904
-0.202531
-0.251303
-0.245749
-0.238369
-0.041839
-0.0317524
-0.0299104
0.145794
0.153204
0.153897
0.0105932
0.0198541
0.0217378
0.336375
0.340075
0.341667
0.411707
0.415195
0.416105
0.283869
0.288193
0.289889
-0.162145
-0.156866
-0.152961
0.0401773
0.0446294
0.0482906
0.0160528
0.0204832
0.0248004
0.391646
0.394424
0.396056
0.56905
0.570836
0.571816
0.444787
0.446856
0.448506
0.760714
0.759511
0.761688
0.828747
0.828018
0.829711
0.711292
0.710674
0.712734
-0.044083
-0.0379621
-0.0376208
0.183651
0.184294
0.18636
0.181152
0.182452
0.184176
0.808931
0.80702
0.809331
0.968046
0.96583
0.967932
0.851148
0.84864
0.85103
0.984479
0.980992
0.983593
1.10434
1.10119
1.10332
0.978647
0.975021
0.977427
-0.0387719
-0.0491534
-0.0422419
0.113169
0.10086
0.107885
0.143515
0.131961
0.138934
0.985422
0.981804
0.984826
1.11536
1.11246
1.11522
0.98264
0.97886
0.982259
0.873895
0.868853
0.872722
1.04797
1.04425
1.04755
0.904072
0.89907
0.902977
-0.410428
-0.421689
-0.415577
-0.328015
-0.338527
-0.33288
-0.263567
-0.274767
-0.268491
0.836124
0.831023
0.834799
0.950175
0.946352
0.949517
0.795277
0.790224
0.793862
0.473483
0.469415
0.472165
0.700172
0.696639
0.699256
0.531295
0.526947
0.529834
-0.880116
-0.88407
-0.88175
-0.814203
-0.817585
-0.81562
-0.769858
-0.773823
-0.771497
0.411887
0.407936
0.410527
0.525411
0.522221
0.524217
0.352686
0.348969
0.351183
-0.0117242
-0.0117968
-0.0109982
0.212965
0.212706
0.213805
0.0421539
0.0419585
0.0429786
-1.04127
-1.04021
-1.04185
-0.972832
-0.970843
-0.972837
-0.978892
-0.977631
-0.979308
-0.0661342
-0.0661354
-0.0653325
0.047975
0.0480054
0.048831
-0.112924
-0.112608
-0.111955
-0.319582
-0.317261
-0.317849
-0.164326
-0.163025
-0.162998
-0.298891
-0.296985
-0.297336
-0.660376
-0.657632
-0.660329
-0.762944
-0.759297
-0.761923
-0.744059
-0.741476
-0.743531
-0.340192
-0.337687
-0.338451
-0.23734
-0.235236
-0.235782
-0.35046
-0.348105
-0.349179
-0.316915
-0.315306
-0.316539
-0.280771
-0.279419
-0.280312
-0.353709
-0.35175
-0.352977
8.88122
8.87949
8.88032
9.05427
9.04039
9.11981
9.1156
9.11622
9.00634
8.99758
9.00068
0.0865765
0.0947448
0.0933352
0.275969
0.282148
0.280309
0.227931
0.234404
0.232385
0.523683
0.527286
0.527414
0.704234
0.707222
0.707048
0.653505
0.656795
0.656518
0.944736
0.944637
0.945871
1.11092
1.11071
1.11182
1.06396
1.06402
1.06502
1.2332
1.23101
1.23265
1.37054
1.36907
1.37024
1.35538
1.35359
1.35491
1.20033
1.19813
1.20068
1.32715
1.32557
1.32769
1.3461
1.34469
1.34675
0.883997
0.881936
0.884171
1.00579
1.0043
1.00628
1.05676
1.05517
1.05721
0.411797
0.412662
0.413654
0.52858
0.529863
0.530578
0.58782
0.588415
0.589682
0.0173733
0.0190252
0.0192518
0.119621
0.121125
0.121554
0.159183
0.160453
0.160882
-0.0757598
-0.0754527
-0.0753037
-0.163264
-0.162492
-0.162802
-0.0828037
-0.0819899
-0.0817972
11.7605
11.7708
11.7772
11.7842
11.7801
11.7694
11.7721
11.7718
11.5962
11.5876
11.584
11.5718
11.5761
11.5959
11.5973
11.5962
11.6515
11.6458
11.6484
11.6149
11.6044
11.6088
11.6401
11.6339
11.6367
11.9556
11.9573
11.9584
11.9602
11.9607
11.9621
11.9542
11.9552
11.957
11.7684
11.7664
11.7692
11.7632
11.7596
11.7631
11.7732
11.7718
11.7744
11.8038
11.8031
11.8054
11.7921
11.7891
11.7925
11.802
11.801
11.8036
11.379
11.3127
11.212
11.212
11.2217
11.2978
11.3243
11.3332
11.2617
11.2647
11.2922
11.2986
11.4863
11.4919
11.4897
11.4825
11.4918
11.4885
11.4871
11.4981
11.4942
11.4175
11.4298
11.4258
11.3587
11.3724
11.3676
11.4277
11.4408
11.4366
11.4452
11.4572
11.4538
11.3683
11.3821
11.3775
11.442
11.4547
11.4508
11.3493
11.3329
11.3389
11.3007
11.2904
11.2946
11.3394
11.3322
11.3354
11.3635
11.3684
11.3677
11.2752
11.2837
11.2815
11.3268
11.3296
11.3296
11.2398
11.2375
11.2392
11.232
11.2386
11.2369
11.2848
11.2852
11.286
11.0583
11.0189
11.0315
10.9552
10.9151
10.9278
11.0011
10.9638
10.9758
10.9615
10.9405
10.9482
10.8194
10.8042
10.8097
10.9009
10.8757
10.8846
10.7761
10.7419
10.7531
10.7502
10.7298
10.7371
10.8389
10.8091
10.8192
10.9453
10.9287
10.9361
10.7797
10.7582
10.7666
10.7964
10.7703
10.7799
10.4976
10.4511
10.4653
10.2866
10.2385
10.2527
10.4563
10.4115
10.4255
10.4037
10.3678
10.3801
10.2448
10.1968
10.211
10.4348
10.393
10.4068
10.8064
10.7998
10.5524
10.5497
10.5867
10.5802
10.2884
10.2709
10.2754
10.0278
10.008
10.0148
10.2416
10.2262
10.231
10.1876
10.1709
10.0226
10.0031
10.0083
10.1972
10.185
10.1865
10.7467
10.7308
10.7356
10.6599
10.6546
10.66
10.6134
10.6334
10.623
10.564
10.5687
10.4943
10.4959
10.495
10.5547
10.5723
10.5617
10.5641
10.5716
10.5687
10.4854
10.4881
10.4869
10.5712
10.5754
10.5736
10.7758
10.7818
10.7796
10.627
10.633
10.6309
10.6426
10.6482
10.646
10.5526
10.5562
10.5549
10.4056
10.4091
10.408
10.5383
10.5423
10.5404
10.4992
10.5041
10.502
10.3808
10.3848
10.3829
10.5202
10.5248
10.5227
10.6487
10.6595
10.6552
10.4179
10.4286
10.4242
10.4542
10.4643
10.4602
10.3513
10.3584
10.3558
10.1142
10.1216
10.119
10.3127
10.3203
10.3174
10.2208
10.2292
10.2257
10.058
10.066
10.0629
10.2666
10.2746
10.2714
10.3001
10.3165
10.3097
9.94412
9.96164
9.9538
10.0197
10.0363
10.0291
9.89547
9.90671
9.90069
9.51628
9.52732
9.52057
9.81799
9.83061
9.82419
9.63244
9.6485
9.64097
9.40795
9.42092
9.4139
9.72517
9.73992
9.73313
9.60629
9.61669
9.6097
9.15495
9.16778
9.15905
9.26188
9.27504
9.26652
9.07587
9.09167
9.08224
8.52055
8.53836
8.52748
8.9564
8.97167
8.96208
8.69617
8.71004
8.70035
8.37941
8.39677
8.38577
8.82493
8.83936
8.82971
8.64594
8.62872
8.63113
8.19827
8.1866
8.18595
8.31566
8.30871
8.30651
8.03174
8.0367
8.02922
7.45573
7.46494
7.45518
7.90323
7.90493
7.89856
7.64362
7.63773
7.63406
7.3296
7.33585
7.32707
7.76901
7.76705
7.76196
7.84827
7.79858
7.80997
7.37805
7.33122
7.34081
7.44711
7.40203
7.41095
7.06053
7.02932
7.03358
6.53507
6.50941
6.51108
6.96613
6.92988
6.93547
6.79471
6.7508
6.75828
6.43051
6.3996
6.40255
6.87021
6.82958
6.83624
7.41452
7.38891
7.39512
7.04929
7.01817
7.02255
7.04755
7.01884
7.02566
6.53788
6.49315
6.50264
6.02085
5.97694
5.98529
6.49664
6.45516
6.46417
6.42302
6.38674
6.39421
5.99041
5.94891
5.95713
6.44765
6.4099
6.41857
10.1224
9.94046
10.1098
10.0011
10.0118
10.114
10.1287
10.1211
10.0302
10.0346
10.0538
10.0653
10.1469
10.1537
10.1519
10.0944
10.0967
10.096
10.1053
10.107
10.1066
10.0654
10.0692
10.0682
10.0029
10.0046
10.0042
10.0558
10.0589
10.0581
10.0388
10.0409
10.0403
9.99143
9.99305
9.99263
10.0489
10.0513
10.0506
10.0532
10.0548
10.0545
9.93613
9.93812
9.93771
9.96455
9.96649
9.9661
9.94751
9.94896
9.94872
9.84571
9.84741
9.84709
9.9219
9.92348
9.9232
9.85821
9.85971
9.85947
9.81104
9.81257
9.81234
9.89013
9.89163
9.89138
9.73867
9.73979
9.73976
9.54995
9.55091
9.55096
9.61406
9.61533
9.61532
9.62824
9.62938
9.6294
9.46542
9.46645
9.46661
9.57164
9.57283
9.57289
9.43802
9.4387
9.43895
9.39385
9.39494
9.39514
9.50527
9.50635
9.50648
9.05396
9.05576
9.05471
8.72289
8.72399
8.7224
8.85743
8.85809
8.85685
8.96878
8.96797
8.96798
8.69337
8.69124
8.69163
8.85047
8.84986
8.84933
8.58245
8.58147
8.57995
8.55007
8.54747
8.5477
8.71706
8.71636
8.71527
1.71249
1.71736
1.68872
0.73771
0.748902
0.706969
1.62745
1.63675
1.60498
3.51791
3.53645
3.5134
2.60841
2.63175
2.60426
2.63692
2.65989
2.63171
0.734359
0.749867
0.71125
1.56588
1.58037
1.54745
1.59226
1.60443
1.57186
3.22025
3.22136
3.20626
2.6092
2.6139
2.59506
2.60663
2.61454
2.59449
1.71643
1.73143
1.70334
1.13577
1.15501
1.12303
1.76249
1.77598
1.74927
1.84156
1.84938
1.82613
1.19608
1.21256
1.18275
1.8027
1.81347
1.78848
3.03495
3.00877
3.0033
2.52268
2.50008
2.49232
2.52696
2.50704
2.49745
1.93383
1.92603
1.91049
1.462
1.45856
1.44156
1.94378
1.93294
1.91875
1.9468
1.92956
1.91817
1.47314
1.46632
1.45077
1.94169
1.92751
1.9147
3.0534
3.01516
3.01889
2.6512
2.61722
2.62002
2.63745
2.6027
2.6043
1.97519
1.94446
1.94075
1.57982
1.55265
1.54768
1.9918
1.9598
1.95722
2.0477
2.01479
2.01508
1.62236
1.59428
1.59089
2.03131
1.99903
1.998
2.95565
2.90367
2.5812
2.54665
2.58282
2.55486
2.04215
2.02306
2.01706
1.76831
1.74616
1.74703
1.98717
1.96202
1.96445
2.00193
1.94483
1.82833
1.79523
1.79506
1.95412
1.92408
1.92089
9.83126
9.83168
9.83151
9.76501
9.76484
9.76489
9.7738
9.77384
9.77378
9.74425
9.74452
9.7443
9.67368
9.67375
9.67361
9.73569
9.73575
9.73564
9.72103
9.72061
9.72072
9.66706
9.6674
9.66724
9.72961
9.72949
9.72948
9.73268
9.73281
9.73316
9.66027
9.6606
9.66103
9.67715
9.67728
9.67775
9.66038
9.66027
9.66062
9.59244
9.59241
9.59293
9.64669
9.64661
9.64709
9.61376
9.61381
9.61432
9.57674
9.57655
9.57717
9.62965
9.62958
9.63012
9.51103
9.51158
9.51178
9.41735
9.41781
9.41814
9.45709
9.45777
9.45809
9.49233
9.49235
9.49284
9.41052
9.41085
9.41145
9.4627
9.46288
9.46331
9.3903
9.39059
9.39092
9.37082
9.37119
9.37177
9.4245
9.42486
9.42523
9.06923
9.06936
9.06935
8.92355
8.92197
8.9226
8.99341
8.99257
8.99301
9.14648
9.14596
9.14602
9.01872
9.01659
9.01685
9.09275
9.09288
9.09246
8.99183
8.98935
8.99028
8.94185
8.94067
8.94219
9.02889
9.02943
9.02916
-1.04929
-1.0206
-1.08998
-1.06314
-1.01265
-0.9961
-0.881745
-0.852961
-0.871332
-0.952991
-0.925471
-0.940121
-0.963838
-0.938941
-0.953095
-0.962207
-0.967989
-0.97449
-1.00382
-0.978291
-1.06843
-1.02816
-1.0521
-0.432066
-0.408706
-0.427648
-0.578737
-0.555448
-0.572022
-0.636649
-0.610431
-0.627772
-0.893127
-0.865791
-0.880038
-0.931803
-0.906802
-0.918092
-0.844537
-0.81781
-0.832304
-0.746782
-0.723166
-0.737487
-0.899445
-0.874944
-0.886809
-0.800567
-0.774855
-0.789519
-0.111513
-0.113
-0.122839
-0.281573
-0.281126
-0.289973
-0.30864
-0.306131
-0.315846
-0.531962
-0.521808
-0.532315
-0.634108
-0.623466
-0.632659
-0.497105
-0.489415
-0.499032
-0.448197
-0.444902
-0.45294
-0.607924
-0.599534
-0.607956
-0.473858
-0.468481
-0.477302
0.0447301
0.0305806
0.0292793
-0.115016
-0.126306
-0.127698
-0.130976
-0.141533
-0.143869
-0.361886
-0.366441
-0.370819
-0.462138
-0.464568
-0.468345
-0.345486
-0.351331
-0.35474
-0.318085
-0.32633
-0.327837
-0.44576
-0.449773
-0.45284
-0.330093
-0.337037
-0.339438
-0.290246
-0.30765
-0.302569
-0.294714
-0.31291
-0.311312
-0.270027
-0.279144
-0.278484
-0.308718
-0.321421
-0.31927
-0.370032
-0.379711
-0.377677
-0.34513
-0.357028
-0.355238
-0.427542
-0.441859
-0.44004
-0.390838
-0.400758
-0.397978
-0.390359
-0.40333
-0.400314
-0.330853
-0.100259
-1.21573
-1.0506
-0.514853
-0.469763
-0.512777
-0.578366
-0.404299
-0.456117
-0.407561
-0.542493
-0.520277
-0.5718
-0.638344
-0.554175
-1.6084
-1.64821
-1.19237
-1.20397
-1.22813
-1.18341
-1.10612
-1.18858
-0.955789
-0.883249
-1.00085
-0.846708
-0.897965
-0.907735
-1.01042
-1.00571
-1.0636
-0.994351
-1.05158
-1.05293
-0.835765
-0.888815
-0.890066
-0.994164
-1.03439
-1.05509
-1.12772
-1.13498
-1.13339
-1.04786
-1.05599
-1.05304
-1.03509
-1.04771
-1.04422
-0.990299
-1.00678
-1.00492
-0.872824
-0.878728
-0.877848
-0.992099
-1.00334
-1.00214
-0.973595
-0.976488
-0.975457
-0.869175
-0.870814
-0.86967
-0.974072
-0.980838
-0.979741
-1.0572
-1.0608
-1.05683
-1.06577
-1.0698
-1.06594
-1.03636
-1.0406
-1.03568
-0.922964
-0.927694
-0.922025
-0.853632
-0.860036
-0.853805
-0.933465
-0.938671
-0.932957
-0.968248
-0.974398
-0.968407
-0.876233
-0.88355
-0.877647
-0.947502
-0.953538
-0.94764
-1.23592
-1.2366
-1.2381
-1.27322
-1.27224
-1.27429
-1.26086
-1.26028
-1.26203
-1.13427
-1.13968
-1.13658
-1.14799
-1.15237
-1.14989
-1.16085
-1.16558
-1.16345
-1.21505
-1.21799
-1.21732
-1.19578
-1.19974
-1.19817
-1.19595
-1.19976
-1.19839
-1.26184
-1.26078
-1.263
-1.2725
-1.27193
-1.27455
-1.28162
-1.28105
-1.28361
-1.28501
-1.28672
-1.28763
-1.3119
-1.31129
-1.31282
-1.28507
-1.28648
-1.28737
-1.27361
-1.27476
-1.27652
-1.31541
-1.31544
-1.31698
-1.28425
-1.28551
-1.28682
-1.0111
-1.00717
-1.00918
-1.01372
-1.00939
-1.01182
-1.05847
-1.05464
-1.0571
-1.15213
-1.15059
-1.15373
-1.14314
-1.14182
-1.14462
-1.11329
-1.1109
-1.11417
-1.01323
-1.01106
-1.01445
-1.09326
-1.09167
-1.09469
-1.06274
-1.05984
-1.06311
9.40752
9.40706
9.40706
9.36068
9.36044
9.36034
9.35582
9.35585
9.35575
9.28987
9.28917
9.28929
9.24246
9.24148
9.24172
9.29789
9.29738
9.29749
9.30952
9.30988
9.30979
9.25019
9.2494
9.24963
9.30365
9.3034
9.3035
9.36516
9.36368
9.36444
9.29377
9.29151
9.29264
9.31159
9.30955
9.31047
9.31162
9.30904
9.31004
9.24581
9.24291
9.24414
9.30513
9.30252
9.30347
9.28754
9.28521
9.2862
9.23535
9.23321
9.23413
9.29945
9.29735
9.29811
-0.962689
-0.9465
-0.947465
-0.866049
-0.85126
-0.851514
-0.930994
-0.915397
-0.916699
-0.929774
-0.911077
-0.91621
-0.877571
-0.858835
-0.862256
-0.904216
-0.885545
-0.889082
-0.850721
-0.834229
-0.833566
-0.887412
-0.868643
-0.870641
-0.910964
-0.89392
-0.895428
-0.686783
-0.676463
-0.677428
-0.624737
-0.61347
-0.613001
-0.658823
-0.646514
-0.646698
-0.729847
-0.7129
-0.713654
-0.626794
-0.610773
-0.60901
-0.692249
-0.676288
-0.676497
-0.61349
-0.599813
-0.598687
-0.586786
-0.571826
-0.569482
-0.652524
-0.637775
-0.637321
-0.444006
-0.439401
-0.435246
-0.359412
-0.353757
-0.347413
-0.396575
-0.390369
-0.384881
-0.42281
-0.413849
-0.408746
-0.293112
-0.283504
-0.277861
-0.382912
-0.374304
-0.368706
-0.297312
-0.289672
-0.283347
-0.247647
-0.238732
-0.232983
-0.341391
-0.333442
-0.327316
-0.241425
-0.23685
-0.229605
-0.0751603
-0.0708254
-0.064467
-0.109897
-0.105257
-0.0984138
-0.0739605
-0.0685527
-0.0619674
0.0958219
0.0993943
0.104829
-0.0273201
-0.0223033
-0.0160097
0.0601962
0.0642501
0.0698357
0.14494
0.147915
0.153097
0.0164798
0.0209351
0.0268969
-0.0987993
-0.0916554
-0.0906545
0.134065
0.137339
0.13924
0.118095
0.121834
0.124018
0.254653
0.256622
0.260026
0.451757
0.450551
0.453902
0.28294
0.284267
0.287328
0.334321
0.334191
0.336764
0.485277
0.483233
0.486417
0.313684
0.314278
0.317058
-0.0173778
-0.0185951
-0.014537
0.186013
0.179144
0.184832
0.191939
0.187092
0.192097
0.378168
0.374298
0.378385
0.547312
0.541131
0.545943
0.374762
0.369662
0.374306
0.361608
0.353657
0.359299
0.541143
0.533969
0.539189
0.371886
0.365354
0.370525
-0.181895
-0.194747
-0.187678
-0.0767654
-0.0890255
-0.0826304
-0.0207917
-0.0333408
-0.0267862
0.226106
0.214398
0.220694
0.333573
0.323202
0.328872
0.177639
0.166145
0.172196
0.068555
0.0575205
0.0633333
0.280345
0.270164
0.275685
0.124857
0.113552
0.119505
-0.662601
-0.669672
-0.664862
-0.591953
-0.597902
-0.593927
-0.527708
-0.535501
-0.530496
-0.247782
-0.256306
-0.251971
-0.157478
-0.16506
-0.161199
-0.310516
-0.318376
-0.314388
-0.441686
-0.446173
-0.442923
-0.225532
-0.232095
-0.228616
-0.377965
-0.384357
-0.380619
-1.00947
-1.01049
-1.00972
-0.943369
-0.943717
-0.943372
-0.9235
-0.924301
-0.923495
-0.703151
-0.705124
-0.703794
-0.614193
-0.615785
-0.614747
-0.73805
-0.73951
-0.738515
-0.794715
-0.794581
-0.794303
-0.653616
-0.65467
-0.653981
-0.772202
-0.772793
-0.772179
-0.959182
-0.957693
-0.958744
-0.882209
-0.880215
-0.88139
-0.920716
-0.918068
-0.919671
-0.830807
-0.828293
-0.830326
-0.741024
-0.7382
-0.740347
-0.815746
-0.812814
-0.815026
-0.771284
-0.768539
-0.770173
-0.731926
-0.728623
-0.730918
-0.800858
-0.797386
-0.799702
9.02893
9.02767
9.02812
8.9762
8.97201
8.97302
8.95503
8.95396
8.95451
-0.116521
-0.107975
-0.109806
0.05979
0.0664826
0.0642812
0.0138109
0.0212178
0.0177573
0.304729
0.310149
0.309965
0.487644
0.491818
0.491213
0.437819
0.442394
0.441573
0.740171
0.741571
0.742202
0.915252
0.916479
0.916937
0.865838
0.867351
0.867709
1.13172
1.12953
1.13142
1.28371
1.28183
1.2834
1.24822
1.24655
1.2481
1.2559
1.25383
1.25616
1.38645
1.38507
1.38694
1.38997
1.3887
1.39026
1.07997
1.07751
1.08009
1.20341
1.20161
1.2038
1.24131
1.23949
1.24173
0.660791
0.65907
0.660445
0.780147
0.77899
0.780077
0.838411
0.836985
0.838252
0.199706
0.199843
0.200573
0.3115
0.311543
0.312273
0.362159
0.362458
0.363
-0.0971021
-0.0946317
-0.0948198
-0.00663166
-0.00456062
-0.00437918
0.0168955
0.0189797
0.0192091
12.0985
12.2136
12.2081
12.2121
12.3233
12.3276
12.3284
11.2227
11.5085
11.5123
11.5104
11.4571
11.4615
11.4598
11.5334
11.5383
11.5359
11.4854
11.4947
11.491
11.1569
11.156
11.2192
11.2127
11.2135
11.1305
10.861
11.5303
11.5179
11.4763
11.4662
11.4731
11.1997
11.1705
11.1545
11.1362
11.1447
10.0208
10.8013
10.7836
10.7903
10.3029
10.2855
10.2891
9.34993
9.32622
9.33156
10.2037
10.1952
10.2014
10.2493
10.2382
-1.6592
-1.66386
-1.64878
-1.67345
-1.6638
-1.83335
-1.77838
-1.79577
-2.10934
-2.07576
-1.72531
-1.69704
-1.3887
-1.3809
-1.39658
-1.50768
-1.53999
-1.53108
-1.49901
-1.52585
-1.51958
-1.10095
-1.15091
-1.13069
-1.35125
-1.33857
-1.34863
-1.21374
-1.21884
-1.22036
-1.21815
-1.23849
-1.23064
-1.70768
-1.6057
-1.64083
-1.70677
-1.62864
-1.66448
-0.960031
-0.935008
-0.946003
-1.0064
-0.982553
-1.00614
-0.662369
-0.69476
-0.683443
-0.619092
-0.638502
-0.636098
-0.676243
-0.696826
-0.689085
-0.706425
-0.735527
-0.722273
-0.622762
-0.644718
-0.634463
-0.810203
-0.809306
-0.809795
-0.840873
-0.837896
-0.839948
-0.67505
-0.694612
-0.684744
-0.923598
-0.909241
-0.919101
-1.03443
-1.01052
-1.02372
-0.861048
-0.854977
-0.861598
-1.08083
-1.04966
-1.06575
-1.25164
-1.25263
-1.25135
-1.20289
-1.1997
-1.19986
-1.22321
-1.22077
-1.22092
-1.24697
-1.24134
-1.24188
-1.22425
-1.21248
-1.21876
-1.24011
-1.2218
-1.23459
-1.10299
-1.10974
-1.10851
-1.34493
-1.31701
-1.33213
-1.17763
-1.16664
-1.16858
-1.18343
-1.17429
-1.17559
-1.00634
-0.99511
-0.998363
-1.03699
-1.02759
-1.02963
-1.0256
-1.01448
-1.0175
-1.03214
-1.02172
-1.02451
-0.592343
-0.577386
-0.582256
-0.534699
-0.51732
-0.524181
-0.554576
-0.535517
-0.542692
-0.608884
-0.59268
-0.597607
-1.00588
-0.965781
-0.982778
-0.831183
-0.806895
-0.820192
-0.889792
-0.858878
-0.875057
-0.954315
-0.920458
-0.93482
-0.478089
-0.472375
-0.472533
-0.501299
-0.497892
-0.496986
-0.513151
-0.509124
-0.508226
-0.491712
-0.485165
-0.485377
-0.667834
-0.664419
-0.662985
-0.668179
-0.666029
-0.664477
-0.655077
-0.651184
-0.649656
-0.674048
-0.672522
-0.670905
-1.12192
-1.11383
-1.11754
-1.13527
-1.12765
-1.13131
-1.00102
-0.9972
-0.998474
-1.00132
-0.996068
-0.996804
-1.00068
-0.993911
-0.995949
-0.995347
-0.993033
-0.993025
-1.16004
-1.15305
-1.15653
-1.12785
-1.13026
-1.1303
-1.14531
-1.13826
-1.14174
-1.05809
-1.05763
-1.05912
-1.05591
-1.05627
-1.05784
-1.05233
-1.05228
-1.0537
-1.06202
-1.06202
-1.06356
-0.548061
-0.545688
-0.546519
-0.543159
-0.540457
-0.541216
-0.551184
-0.548167
-0.54912
-0.554981
-0.552472
-0.55346
-0.679624
-0.679207
-0.678451
-0.681284
-0.67982
-0.678573
-0.68267
-0.681574
-0.680364
-0.682813
-0.681984
-0.681256
-0.593407
-0.589973
-0.591338
-0.599429
-0.59745
-0.598587
-0.60425
-0.602424
-0.603692
-0.598997
-0.59574
-0.597208
-0.793108
-0.79131
-0.792767
-0.8111
-0.808737
-0.810711
-0.802615
-0.799843
-0.801719
-0.802322
-0.800808
-0.802354
-1.23436
-1.2305
-1.2333
-1.2446
-1.2414
-1.24423
-1.10017
-1.09998
-1.10208
-1.08969
-1.0894
-1.09136
-1.09201
-1.09168
-1.09357
-1.09795
-1.09783
-1.09994
-1.25937
-1.25664
-1.25974
-1.22645
-1.22676
-1.22784
-1.23067
-1.23075
-1.23193
-1.25388
-1.25108
-1.25409
-1.16393
-1.16287
-1.16615
-1.17801
-1.17673
-1.18024
-1.17108
-1.16989
-1.17332
-1.17168
-1.17046
-1.17376
-0.785686
-0.784064
-0.786132
-0.765277
-0.763125
-0.765155
-0.76757
-0.76525
-0.767455
-0.786912
-0.785179
-0.7874
-0.859573
-0.857726
-0.859816
-0.853846
-0.850955
-0.853313
-0.845528
-0.843365
-0.845322
-0.866712
-0.864236
-0.866685
-0.821175
-0.819913
-0.822014
-0.840814
-0.839863
-0.842114
-0.840033
-0.838945
-0.84138
-0.821592
-0.820248
-0.822495
-0.981812
-0.980055
-0.983246
-0.989358
-0.988184
-0.991457
-0.97973
-0.978048
-0.9814
-0.993554
-0.992058
-0.995278
-1.23189
-1.23174
-1.23353
-1.2185
-1.21863
-1.22021
-1.16761
-1.16684
-1.16989
-1.17397
-1.17318
-1.17653
-1.16448
-1.16393
-1.16701
-1.17636
-1.17535
-1.17868
-1.17148
-1.17213
-1.17329
-1.19286
-1.19338
-1.19469
-1.04833
-1.05044
-1.05211
-1.04936
-1.04947
-1.05188
-1.07017
-1.07054
-1.07305
-1.02624
-1.02841
-1.02987
-0.91086
-0.911653
-0.913914
-0.907252
-0.907814
-0.910196
-0.902506
-0.903398
-0.905746
-0.905445
-0.906638
-0.908832
-1.01143
-1.0109
-1.01394
-0.997308
-0.996993
-1.00005
-1.0039
-1.00305
-1.00612
-1.00245
-1.00264
-1.00559
-0.895204
-0.896956
-0.898892
-0.889511
-0.891397
-0.893158
-0.883353
-0.88569
-0.88733
-0.889331
-0.891528
-0.893361
-0.948713
-0.95051
-0.952614
-0.906789
-0.910779
-0.911985
-0.926618
-0.930502
-0.931954
-0.931363
-0.932903
-0.934887
-0.963959
-0.966536
-0.966829
-0.907797
-0.907545
-0.907992
-0.952874
-0.952424
-0.952813
-0.921129
-0.924074
-0.924567
-0.933865
-0.937093
-0.937998
-0.992831
-0.993772
-0.995881
-0.965659
-0.969028
-0.970097
-0.962484
-0.963259
-0.965169
-0.804516
-0.80567
-0.810037
-0.85285
-0.855211
-0.856919
-0.552744
-0.555564
-0.557793
-0.509038
-0.472025
-0.495019
-0.58715
-0.58862
-0.59428
-0.618844
-0.622403
-0.623676
-0.630817
-0.634436
-0.634363
-0.675482
-0.679966
-0.679992
-0.66976
-0.67474
-0.674578
-0.625348
-0.629432
-0.629169
-0.849979
-0.851821
-0.853363
-0.851323
-0.856443
-0.857194
-0.878122
-0.880432
-0.882106
-0.821038
-0.826011
-0.826502
-0.37246
-0.375133
-0.376179
-0.394309
-0.396236
-0.396271
-0.460749
-0.463328
-0.463534
-0.445213
-0.450409
-0.450438
-0.524484
-0.529352
-0.528886
-0.462176
-0.466553
-0.465871
-0.458547
-0.463186
-0.462377
-0.520301
-0.525546
-0.524902
11.851
11.8504
11.852
11.8267
11.8249
11.8267
11.8391
11.8381
11.8402
11.7444
11.7422
11.745
11.7118
11.7061
11.7102
11.736
11.7333
11.7364
11.691
11.6869
11.6899
11.6786
11.6718
11.6761
11.7022
11.6992
11.7023
11.4596
11.4345
11.4429
11.4556
11.4361
11.443
11.4515
11.4259
11.4344
11.384
11.3589
11.3675
11.3547
11.3245
11.3344
11.3759
11.3471
11.3566
11.4785
11.4597
11.4669
11.4559
11.4307
11.4394
11.46
11.4341
11.4428
11.4951
11.478
11.4852
11.5438
11.5333
11.5387
11.4879
11.4682
11.4761
11.3137
11.2806
11.2915
11.3466
11.3156
11.3258
11.3296
11.2993
11.3094
11.5178
11.5052
11.5111
11.4688
11.4445
11.4532
11.4705
11.4478
11.4565
11.9719
11.9883
11.9671
11.9785
11.9732
11.9786
11.9852
11.9832
11.8535
11.8551
11.8297
11.8285
11.8303
11.8441
11.8512
11.8485
11.8323
11.8317
11.8334
11.8085
11.8079
11.8101
11.8332
11.8337
11.835
11.5164
11.5012
11.5079
11.5831
11.5764
11.5809
11.5247
11.5118
11.518
11.2377
11.2057
11.2165
11.3292
11.3114
11.319
11.3267
11.3058
11.3143
11.606
11.6002
11.6047
11.5523
11.5427
11.5481
11.5461
11.5349
11.5409
11.5816
11.5764
11.5801
11.6439
11.6408
11.6438
11.5862
11.5801
11.5843
11.2338
11.2119
11.2204
11.3412
11.3261
11.333
11.3441
11.3315
11.3377
11.6291
11.6258
11.6291
11.5698
11.5614
11.5664
11.5719
11.5649
11.5694
11.425
11.4317
11.3921
11.3997
11.4177
11.4288
11.3938
11.4056
11.4016
11.3168
11.3295
11.3248
11.3804
11.3906
11.3872
11.3581
11.365
11.301
11.3118
11.3076
11.3603
11.3762
11.3686
11.055
11.0741
11.0625
11.185
11.1875
11.0798
11.0824
11.0816
10.8934
10.8997
10.8973
11.0059
11.014
11.0108
11.0027
11.0096
11.0069
11.179
11.1976
11.1864
11.1075
11.1141
11.1113
11.1045
11.1088
11.1069
11.1217
11.1353
11.1301
11.2265
11.2392
11.2344
11.1208
11.1328
11.1281
10.8745
10.8844
10.8804
11.0091
11.0183
11.0147
11.0097
11.0195
11.0156
11.2164
11.2273
11.2231
11.1166
11.125
11.1215
11.1181
11.1282
11.1242
11.4377
11.4358
11.4362
11.4654
11.4719
11.4698
11.447
11.4516
11.4504
11.3693
11.3751
11.3741
11.3481
11.3595
11.3563
11.4005
11.4078
11.4063
11.4361
11.446
11.4435
11.3581
11.3706
11.367
11.4178
11.4264
11.4245
11.1246
11.1392
11.1338
11.2523
11.2673
11.2622
11.1239
11.1391
11.1336
10.8131
10.8259
10.8209
10.9713
10.9861
10.9805
10.9824
10.9964
10.9911
11.2593
11.2747
11.2695
11.1183
11.1351
11.1291
11.1231
11.1391
11.1332
11.061
11.0788
11.0732
11.2333
11.2481
11.2439
11.0825
11.1001
11.0942
10.7457
10.761
10.7549
10.9565
10.9718
10.966
10.9388
10.9545
10.9487
11.2465
11.2617
11.2572
11.1109
11.1281
11.1221
11.0999
11.1173
11.1113
11.225
11.1967
11.2061
11.2375
11.2215
11.2276
11.1964
11.1765
11.1837
11.0008
10.9823
10.9892
10.9861
10.981
10.9831
11.0555
11.041
11.0466
11.1642
11.1571
11.1601
11.0475
11.0457
11.0467
11.1118
11.1013
11.1055
11.0332
11.0499
11.0446
11.1531
11.1638
11.1607
10.9995
11.0148
11.0098
10.5447
10.5623
10.5554
10.7234
10.7374
10.7321
10.7727
10.7878
10.7824
11.1089
11.1181
11.1154
10.9101
10.9222
10.9177
10.9565
10.9704
10.9656
10.6533
10.6585
10.6559
10.864
10.8654
10.8649
10.724
10.7313
10.7281
10.3612
10.3764
10.3692
10.6618
10.6745
10.6692
10.5987
10.6102
10.6049
10.937
10.9409
10.9395
10.8537
10.8643
10.8601
10.7949
10.8041
10.8002
10.9798
10.9449
10.9565
10.9027
10.8618
10.8747
10.867
10.8264
10.8391
10.5448
10.5014
10.5148
10.4697
10.4315
10.4436
10.5947
10.5518
10.5651
10.7068
10.6689
10.6809
10.5354
10.5014
10.5125
10.6502
10.6093
10.6221
10.5712
10.5739
10.5722
10.636
10.6284
10.6309
10.4924
10.4925
10.4917
9.93251
9.94054
9.93526
10.0735
10.0727
10.0715
10.1694
10.1715
10.1693
10.552
10.5403
10.5443
10.32
10.3133
10.3148
10.404
10.4007
10.4012
9.96487
9.93858
9.94672
10.2187
10.1878
10.198
10.0513
10.0307
10.037
9.62719
9.62684
9.62458
9.96761
9.96347
9.96345
9.86697
9.85899
9.8603
10.3048
10.2789
10.2877
10.2287
10.218
10.221
10.1429
10.1277
10.1322
10.8926
10.8835
10.8867
10.7717
10.7542
10.7616
10.7484
10.7333
10.7398
10.3157
10.2973
10.3042
10.1435
10.1135
10.1236
10.3475
10.3272
10.3353
10.3929
10.3643
10.3746
10.1521
10.1168
10.1283
10.3634
10.3392
10.3483
9.87258
9.84062
9.85039
9.97448
9.92999
9.94317
9.78563
9.74833
9.75939
9.07918
9.05453
9.06026
9.22672
9.18618
9.1971
9.32985
9.29476
9.3045
9.89751
9.84981
9.86361
9.61223
9.56581
9.57868
9.69609
9.65386
9.66584
9.37482
9.32717
9.34074
9.68155
9.63672
9.65048
9.42653
9.37549
9.38976
8.75516
8.71312
8.72312
9.12621
9.08052
9.09252
9.03035
8.9807
8.99352
9.71755
9.6684
9.68284
9.53922
9.48981
9.50316
9.47055
9.42021
9.43382
10.5539
11.0714
9.91574
9.85023
9.84357
9.85899
9.96042
10.0056
9.87285
9.86455
10.1344
10.1235
9.3486
9.30563
9.31813
9.56285
9.53379
9.54357
9.30669
9.26915
9.28035
8.39422
8.34346
8.35624
8.67295
8.63222
8.64372
8.72962
8.68388
8.69658
9.54847
9.52196
9.53013
9.24407
9.21515
9.2237
9.29441
9.26125
9.27103
9.05482
9.0366
9.04233
9.38323
9.36008
9.0516
9.09276
9.05766
8.28106
8.24347
8.25328
8.64181
8.60656
8.61701
8.5977
8.56508
8.57385
9.36786
9.35191
9.3534
9.21314
9.19024
9.19754
9.18888
9.16598
9.17127
10.776
10.7799
10.7778
10.6848
10.6878
10.6863
10.6784
10.6821
10.6804
10.5645
10.5685
10.5675
10.462
10.4662
10.4648
10.5721
10.5766
10.5753
10.5756
10.5823
10.5793
10.471
10.4754
10.4735
10.5714
10.577
10.5748
10.3369
10.3391
10.3382
10.403
10.4086
10.4065
10.3253
10.3277
10.3266
10.1391
10.1413
10.1407
10.2168
10.2183
10.2179
10.2347
10.2366
10.2359
10.4
10.4052
10.4032
10.2975
10.3008
10.2995
10.3128
10.3156
10.3144
10.2149
10.2187
10.2172
10.3579
10.3616
10.3602
10.2391
10.2428
10.2415
10.0656
10.0673
10.0669
10.1954
10.1968
10.1965
10.1709
10.1726
10.1722
10.3718
10.3756
10.3741
10.2807
10.2841
10.2829
10.2608
10.2643
10.2631
10.748
10.7562
10.753
10.6124
10.619
10.6167
10.5922
10.5997
10.597
10.3908
10.3979
10.3954
10.2488
10.2557
10.2533
10.4231
10.4294
10.4274
10.4784
10.4844
10.4824
10.2872
10.2942
10.2912
10.4535
10.4594
10.4576
10.1866
10.1904
10.1889
10.2944
10.2968
10.2964
10.156
10.1597
10.1584
9.86264
9.8653
9.8643
9.95029
9.95322
9.95193
9.99614
9.99881
9.99754
10.2626
10.2654
10.2647
10.0799
10.0835
10.0824
10.1194
10.1229
10.1219
9.86618
9.87212
9.86934
10.0949
10.1007
10.098
9.9252
9.93055
9.92839
9.68598
9.68924
9.68768
9.89474
9.8979
9.89684
9.8386
9.84204
9.84096
10.1448
10.1499
10.1473
10.0328
10.0367
10.0354
9.98306
9.9879
9.98631
10.5523
10.5651
10.5596
10.3759
10.3869
10.382
10.3305
10.3422
10.3367
9.97587
9.9868
9.9811
9.78622
9.79618
9.79104
10.0422
10.0524
10.047
10.1675
10.1766
10.1725
9.86759
9.87713
9.87271
10.1099
10.1195
10.1148
9.79631
9.80276
9.7998
9.92647
9.93292
9.931
9.72509
9.732
9.72898
9.24074
9.24522
9.24311
9.34712
9.35301
9.35
9.44365
9.44945
9.44647
9.8569
9.8639
9.86161
9.56032
9.56728
9.56505
9.64321
9.65
9.64751
9.13962
9.14832
9.14355
9.52764
9.53684
9.53223
9.25474
9.2633
9.2589
8.86995
8.87498
8.87203
9.23497
9.2408
9.23795
9.12222
9.12835
9.1254
9.62432
9.63273
9.6288
9.46452
9.47186
9.46921
9.36762
9.37605
9.37233
10.0868
10.1023
10.0946
9.86131
9.87931
9.87098
9.77647
9.7938
9.78511
9.20978
9.22615
9.21675
8.93066
8.94896
8.93904
9.32043
9.33708
9.32788
9.53456
9.55217
9.54381
9.06397
9.08235
9.07319
9.43418
9.45158
9.44273
8.02071
8.02438
8.01908
8.21496
8.22359
8.21587
8.38176
8.38961
8.38337
9.00842
9.01703
9.01187
9.21058
9.22024
9.21373
8.87835
8.88732
8.88138
8.58476
8.59419
8.58618
9.08506
9.09518
9.08788
8.73018
8.73921
8.73221
7.3715
7.37802
7.36904
8.00596
8.01482
8.00598
7.82067
7.83036
7.82039
7.87358
7.89071
7.88043
8.50802
8.52536
8.51598
8.04959
8.06577
8.05661
8.4102
8.42136
8.41306
8.66935
8.6857
8.67723
8.24543
8.25885
8.25006
9.26392
9.26799
9.26316
9.03131
9.04238
9.0342
8.91872
8.92806
8.92036
8.17698
8.18467
8.17626
7.84022
7.85534
7.84373
8.30625
8.31611
8.30709
8.57259
8.58607
8.57623
7.97911
7.9961
7.98422
8.44369
8.45537
8.44589
5.94364
5.95679
5.9418
6.44351
6.46114
6.44611
6.6459
6.66282
6.64848
7.67031
7.68733
7.6759
8.02691
8.04495
8.03314
7.49024
7.5076
7.49519
7.11516
7.1339
7.12029
7.85374
7.87176
7.85962
7.28955
7.30753
7.29453
5.21735
5.23764
5.21829
6.21432
6.23219
6.21676
6.02621
6.04465
6.02856
6.47087
6.49129
6.47618
7.21914
7.23571
7.22266
6.61215
6.63319
6.61803
6.93017
6.94937
6.93539
7.37769
7.39527
7.38214
6.76764
6.78646
6.7722
8.28394
8.24957
8.25679
8.06528
8.04761
8.04877
7.94629
7.92299
7.92593
7.15217
7.12532
7.12781
6.84291
6.83243
6.82888
7.26766
7.24654
7.24736
7.51501
7.50447
7.50214
6.96682
6.96148
6.95633
7.39356
7.37793
7.37718
6.33482
6.35434
6.33928
6.79978
6.81163
6.79955
6.2145
6.23312
6.21823
4.54236
4.56537
4.54597
5.16771
5.18203
5.16649
5.27291
5.28872
5.27266
6.6648
6.67411
6.66285
5.98499
6.00005
5.98618
6.09361
6.11058
6.09611
5.56573
5.56567
5.55641
6.18673
6.18191
6.17532
5.66372
5.66804
5.65743
4.32551
4.34426
4.32679
5.0655
5.07768
5.06292
4.9766
4.98651
4.97255
6.30418
6.30363
6.29568
5.87248
5.88449
5.87146
5.7703
5.77888
5.76698
7.6501
7.60123
7.61307
7.29802
7.24593
7.25673
7.24508
7.19426
7.20534
6.52504
6.47332
6.48401
6.09063
6.04178
6.0484
6.57105
6.51759
6.52785
6.66886
6.61836
6.62672
6.14363
6.09613
6.10219
6.60392
6.5523
6.56129
5.46423
5.45928
5.45147
5.86934
5.84941
5.84728
5.37193
5.36202
5.3557
4.01907
4.01897
4.00704
4.50101
4.48687
4.4801
4.57047
4.56135
4.55318
5.76653
5.74077
5.74019
5.1888
5.16776
5.16449
5.27506
5.2596
5.25482
4.89383
4.85398
4.85574
5.44515
5.39982
5.40406
4.95034
4.91364
4.91434
3.84074
3.82586
3.8174
4.42792
4.40871
4.40351
4.36488
4.34057
4.33669
5.50933
5.46685
5.47033
5.09981
5.07282
5.07097
5.02365
4.99133
4.99087
6.94204
7.00814
6.88499
6.94509
6.89101
6.90574
6.88213
6.88733
6.22871
6.18766
5.9297
5.89564
5.89895
6.21247
6.18757
6.18652
6.33407
6.30431
6.30686
5.89769
5.86803
5.8738
6.26969
6.2426
6.24826
4.84438
4.80201
4.80451
5.32598
5.27763
5.28417
4.81242
4.76865
4.77173
3.62134
3.58474
3.58239
4.11946
4.07583
4.07749
4.13879
4.09638
4.0972
5.31112
5.26236
5.27002
4.78885
4.74406
4.74868
4.79532
4.7511
4.75479
4.77403
4.73822
4.74246
5.24397
5.204
5.21023
4.80483
4.76436
4.76989
3.60344
3.56178
3.56248
4.12482
4.08046
4.08333
4.12049
4.07505
4.07938
5.24033
5.19961
5.20667
4.79798
4.75374
4.75954
4.78656
4.74427
4.75058
10.142
10.1539
10.0867
10.0976
10.114
10.1186
10.0709
10.0765
10.0752
10.0412
10.0419
10.0418
10.0978
10.1
10.0988
10.0957
10.1018
10.045
10.0458
10.0456
10.0952
10.1039
10.0985
9.9478
9.95693
9.9529
10.016
10.0229
9.98938
9.96747
9.98248
9.8753
9.87673
9.87618
9.91913
9.92101
9.92048
9.92973
9.93277
9.93195
10.0244
10.0315
10.0272
9.96287
9.96354
9.96339
9.97323
9.97411
9.97386
9.92384
9.9252
9.92482
9.99476
9.99679
9.99628
9.93848
9.94004
9.93955
9.84516
9.84618
9.84585
9.91705
9.91833
9.91795
9.90501
9.90592
9.9057
9.9998
10.0027
10.002
9.95929
9.96046
9.96011
9.94522
9.94667
9.94618
10.1452
10.148
10.1472
10.0883
10.0897
10.0894
10.0743
10.076
10.0755
9.98153
9.98196
9.98202
9.92937
9.93035
9.93029
10.0023
10.0027
10.0027
10.0364
10.0376
10.0373
9.94963
9.95097
9.9507
10.0206
10.0215
10.0213
9.91417
9.91549
9.91514
9.96274
9.96343
9.96333
9.8991
9.90017
9.8999
9.77378
9.77429
9.77434
9.82065
9.82093
9.82113
9.83858
9.83896
9.83908
9.95036
9.95091
9.95086
9.86728
9.86791
9.86786
9.88471
9.88552
9.88539
9.77724
9.77807
9.77823
9.87151
9.8722
9.87234
9.8025
9.80301
9.80323
9.71244
9.71304
9.71331
9.79909
9.79922
9.79951
9.7776
9.77766
9.77801
9.89565
9.89608
9.89623
9.84759
9.84797
9.84811
9.8269
9.82737
9.82754
9.97429
9.97615
9.97583
9.90746
9.90901
9.90882
9.87115
9.87305
9.87277
9.69408
9.69535
9.69536
9.64764
9.64844
9.64862
9.74175
9.74278
9.74281
9.82784
9.82862
9.82865
9.6978
9.69839
9.69857
9.78801
9.78896
9.78898
9.74677
9.74766
9.74787
9.79046
9.79077
9.79106
9.71749
9.71825
9.7185
9.55984
9.55961
9.56023
9.58441
9.58405
9.58454
9.62356
9.6234
9.62388
9.754
9.754
9.75434
9.64163
9.64171
9.64211
9.67948
9.67978
9.68016
9.43249
9.43212
9.4327
9.5725
9.57249
9.57287
9.48959
9.48924
9.48978
9.42216
9.42101
9.42173
9.53701
9.53632
9.53687
9.48946
9.48855
9.48913
9.62627
9.62628
9.62663
9.59406
9.5939
9.59437
9.5463
9.54609
9.54656
9.55008
9.55238
9.55136
9.48453
9.48653
9.48624
9.40821
9.41033
9.40992
9.09958
9.1004
9.10017
9.06191
9.06196
9.06235
9.19523
9.19609
9.19599
9.37118
9.3721
9.37217
9.16337
9.16367
9.16407
9.29085
9.29175
9.29174
9.3666
9.36613
9.36678
9.39454
9.39453
9.39504
9.29938
9.29898
9.29967
9.08957
9.08724
9.08822
9.09981
9.09785
9.09873
9.1728
9.17125
9.17202
9.32319
9.32304
9.32362
9.14689
9.14601
9.14688
9.22395
9.22343
9.22421
8.76328
8.7608
8.76182
8.98282
8.98179
8.98235
8.86617
8.86409
8.86516
8.83839
8.83437
8.83596
9.01718
9.01504
9.01593
8.93584
8.93352
8.93443
9.08193
9.0812
9.08178
9.05815
9.05701
9.05794
8.96921
8.96777
8.96875
7.95728
7.95227
7.95039
7.88856
7.88475
7.88499
8.10916
8.10776
8.10506
8.65978
8.66319
8.66053
8.57794
8.58024
8.57773
8.42189
8.42351
8.42074
8.09944
8.09371
8.09343
8.44579
8.44591
8.44366
8.29268
8.29245
8.28939
8.34652
8.33941
8.39262
8.34678
8.37502
8.3957
8.42334
8.4057
8.64127
8.63827
8.63941
8.65338
8.65202
8.65218
8.52156
8.51775
8.51899
8.23873
8.23437
8.23669
8.51949
8.51803
8.51764
8.38655
8.38114
8.38228
7.73005
7.67013
7.9985
7.93757
7.97411
7.62299
7.62841
7.78478
8.20746
8.20369
8.18601
8.14381
8.04733
8.07311
8.05567
8.12754
8.07121
8.10662
7.97604
7.96788
3.40066
3.41809
3.3974
2.63848
2.66416
2.63806
2.63613
2.66097
2.63594
1.73449
1.75286
1.72422
0.97711
1.00108
0.96453
1.69668
1.716
1.6864
1.64658
1.6653
1.63381
0.910213
0.933534
0.895967
1.66604
1.68556
1.65489
-0.641899
-0.643235
-0.112381
-0.0414288
-0.117988
-0.297103
-0.349931
-0.738521
-0.639351
-0.648512
-0.710921
-0.696003
0.0627781
0.00341551
0.00987433
-0.486685
-0.405329
-0.477041
-0.456849
-0.476357
-0.808651
-0.791356
-0.733909
-0.672717
-0.72777
-0.591187
-0.62477
-0.617896
-0.19892
-0.173083
-0.210671
0.209417
0.230324
0.190346
-0.272938
-0.247515
-0.285084
-0.378036
-0.362279
-0.399892
0.144596
0.162357
0.122503
-0.338192
-0.315874
-0.353095
3.16377
3.1553
3.14296
2.62491
2.62765
2.61028
2.61422
2.61293
2.5969
1.9493
1.94477
1.92808
1.4109
1.41595
1.39466
1.94103
1.94004
1.92198
1.91048
1.91626
1.89515
1.3812
1.38944
1.36633
1.93061
1.9331
1.91356
-0.122013
-0.0961625
-0.132937
0.457861
0.479006
0.443545
-0.0385583
-0.0129046
-0.0486931
-0.667286
-0.635956
-0.661269
-0.306078
-0.278353
-0.308627
-0.383083
-0.355809
-0.386638
0.542881
0.562406
0.529228
0.130106
0.153565
0.120889
0.0446427
0.0695509
0.0351132
0.427953
0.443245
0.418771
0.829327
0.83939
0.815247
0.359853
0.377746
0.351174
-0.473023
-0.440703
-0.466532
-0.230114
-0.202159
-0.231669
-0.149044
-0.122275
-0.15057
0.771281
0.783547
0.75734
0.210613
0.232296
0.201571
0.288754
0.308647
0.279965
2.98204
2.94353
2.94161
2.49028
2.46162
2.45514
2.49172
2.46044
2.45531
1.97337
1.9462
1.94077
1.52374
1.50573
1.49575
1.95749
1.93175
1.92509
1.94316
1.92128
1.91118
1.5106
1.49462
1.48328
1.94687
1.9222
1.91356
0.485678
0.49852
0.47603
0.961107
0.963815
0.944879
0.537349
0.547643
0.52696
-0.132977
-0.112816
-0.132787
0.24233
0.252701
0.234743
0.190874
0.204211
0.18451
0.989887
0.989948
0.972515
0.620145
0.6246
0.607197
0.580534
0.587883
0.5689
0.729032
0.72159
0.709655
1.06565
1.05422
1.04229
0.703262
0.698612
0.685379
0.0261571
0.035847
0.0204672
0.282956
0.290094
0.273688
0.321602
0.325719
0.310758
1.05126
1.04255
1.02929
0.650321
0.651752
0.635806
0.681142
0.679628
0.665081
2.98591
2.96412
2.95956
2.66314
2.63138
2.63294
2.65375
2.62667
2.62727
2.07981
2.04722
2.04896
1.75778
1.73095
1.73256
2.08238
2.05285
2.05537
2.08481
2.05476
2.055
1.71979
1.69438
1.69385
2.08346
2.05364
2.05456
0.750207
0.740288
0.729638
1.12741
1.10988
1.10238
0.776385
0.764266
0.754945
0.171983
0.167365
0.157627
0.465454
0.453444
0.445838
0.443349
0.433496
0.424606
1.14782
1.12841
1.12271
0.828506
0.811951
0.80591
0.799626
0.784848
0.776876
0.953731
0.932536
0.93137
1.25126
1.22577
1.22553
0.929521
0.908764
0.906751
0.240933
0.229546
0.22309
0.485434
0.471254
0.464947
0.505382
0.489732
0.485119
1.21732
1.19306
1.19125
0.860497
0.841692
0.836943
0.889093
0.868905
0.865376
2.47885
3.73881
1.0726
1.66409
1.62303
1.1941
1.42989
1.51161
1.64669
1.61921
1.9537
1.89651
0.991401
0.969298
0.969522
1.25388
1.22735
1.22998
0.995317
0.972767
0.974104
0.367188
0.349852
0.349496
0.585156
0.564015
0.565584
0.604802
0.583048
0.584242
1.26255
1.23262
1.23452
0.98723
0.968047
0.968176
1.01969
0.995889
0.996872
0.858784
0.82399
0.835327
1.1079
1.04944
0.758211
0.867874
0.779786
0.373428
0.354653
0.355947
0.560124
0.537736
0.540639
0.535615
0.51022
0.512402
1.07805
1.0428
1.0437
0.962929
0.944069
0.944823
0.987906
0.958122
0.958248
9.74814
9.74904
9.74858
9.56935
9.57057
9.57004
9.80636
9.80701
9.8068
9.75343
9.7549
9.75446
9.74426
9.74556
9.74514
9.67669
9.67717
9.6771
9.63414
9.63469
9.63448
9.68876
9.68936
9.68915
9.71091
9.7116
9.71135
9.64689
9.64756
9.64725
9.70116
9.70193
9.70164
9.56878
9.56957
9.56919
9.62868
9.62903
9.62882
9.56698
9.56759
9.56727
9.45682
9.4569
9.45674
9.50999
9.51033
9.51015
9.5115
9.51167
9.51152
9.62204
9.62253
9.62232
9.5592
9.55995
9.55967
9.56289
9.5634
9.56316
9.53007
9.53019
9.53037
9.59073
9.59088
9.59082
9.53753
9.53811
9.53798
9.44965
9.45029
9.45009
9.50435
9.5047
9.50457
9.50123
9.50186
9.50164
9.60233
9.60281
9.60255
9.552
9.55295
9.55263
9.5483
9.5493
9.54892
9.66561
9.66582
9.66616
9.63039
9.63011
9.63059
9.60788
9.60798
9.60844
9.51113
9.51107
9.51167
9.48493
9.48426
9.48498
9.53905
9.53873
9.5393
9.58809
9.58762
9.58811
9.51171
9.51102
9.51169
9.56555
9.56514
9.56568
9.5162
9.51598
9.51639
9.55395
9.55352
9.55392
9.50508
9.5047
9.50517
9.40585
9.40445
9.40526
9.43899
9.43802
9.43857
9.45347
9.45248
9.45304
9.53679
9.53609
9.53657
9.47163
9.47082
9.47145
9.48827
9.48772
9.48824
9.37076
9.36925
9.37017
9.45293
9.45157
9.45232
9.40252
9.40077
9.4017
9.34804
9.34686
9.34754
9.42233
9.42133
9.42187
9.40205
9.40102
9.40163
9.47716
9.47585
9.47658
9.45149
9.45024
9.45099
9.42721
9.4257
9.42656
9.38613
9.38484
9.38557
9.36942
9.36914
9.37
9.32253
9.32151
9.32249
9.21003
9.20856
9.20949
9.18025
9.18091
9.18167
9.25694
9.25635
9.25715
9.34105
9.34173
9.34232
9.22908
9.22957
9.23038
9.30236
9.30248
9.3032
9.21545
9.21271
9.21386
9.25226
9.25088
9.25129
9.28333
9.28126
9.28216
9.34284
9.34157
9.34245
9.36608
9.36519
9.36602
9.30661
9.30521
9.30622
9.23611
9.23451
9.23551
9.33639
9.33562
9.33644
9.27488
9.27335
9.2744
9.12221
9.10206
9.11476
9.22041
9.21978
9.22021
9.21467
9.20988
9.21176
9.06284
9.06272
9.06447
9.19437
9.19547
9.19553
9.11979
9.11662
9.11773
9.1958
9.19399
9.19524
9.23448
9.23411
9.23484
9.15862
9.15599
9.15733
8.82408
8.80205
8.78274
8.75546
8.81677
8.8147
8.86496
8.86219
8.86295
8.85573
8.85104
8.85217
8.7698
8.76537
8.76788
8.67114
8.6836
8.889
8.91588
8.89851
8.9136
8.88416
8.90193
8.79895
9.35901
9.05181
9.04279
9.02145
9.03582
9.05337
9.08106
9.06429
9.01683
9.01281
8.97493
8.95311
9.08235
9.05932
9.07399
8.85425
8.8691
9.17636
9.0138
8.89698
8.7254
8.66962
-0.71155
-0.679226
-0.700134
-0.909786
-0.87929
-0.89461
-0.866992
-0.836475
-0.852834
-0.907932
-0.880989
-0.894307
-1.01496
-0.992771
-1.00211
-0.947626
-0.922166
-0.934558
-1.0076
-0.984149
-0.994137
-1.01626
-0.995941
-1.00509
-0.973219
-0.949323
-0.960374
-1.20908
-1.1795
-1.04441
-1.05965
-1.11203
-1.22184
-1.3584
-1.14265
-1.08219
-1.05461
-1.06742
-1.01171
-1.04836
-1.0173
-1.10636
-1.08423
-1.16789
-1.14403
-1.10867
-1.07927
-1.09446
-1.01474
-1.02679
-0.23691
-0.223236
-0.238021
-0.505542
-0.48489
-0.500236
-0.452645
-0.435015
-0.449333
-0.542997
-0.527794
-0.539276
-0.723614
-0.702859
-0.71445
-0.587984
-0.570712
-0.583013
-0.678367
-0.656383
-0.670013
-0.759591
-0.737333
-0.749227
-0.627859
-0.608228
-0.621222
-1.06232
-1.04169
-1.04956
-1.03014
-1.0137
-1.01966
-1.06923
-1.05194
-1.05713
-1.05093
-1.03377
-1.0408
-0.992662
-0.971568
-0.979869
-1.0384
-1.02001
-1.0267
-0.975282
-0.953638
-0.962027
-0.964658
-0.941448
-0.950791
-1.00715
-0.986045
-0.993512
-0.97405
-0.956724
-0.962227
-1.00617
-0.988256
-0.995225
-0.979236
-0.960159
-0.967745
-0.855801
-0.83578
-0.844609
-0.832669
-0.810768
-0.820953
-0.890233
-0.868959
-0.87802
-0.94951
-0.927752
-0.936349
-0.864003
-0.841041
-0.851297
-0.917037
-0.895409
-0.90427
-0.0209036
-0.0282875
-0.0350298
-0.234628
-0.235233
-0.243324
-0.209934
-0.212636
-0.219795
-0.351464
-0.353994
-0.359258
-0.490468
-0.487932
-0.493898
-0.369317
-0.370449
-0.376492
-0.402113
-0.398754
-0.406268
-0.504573
-0.499905
-0.506452
-0.379698
-0.378484
-0.385213
-0.827573
-0.808833
-0.817424
-0.72243
-0.706555
-0.715101
-0.791936
-0.775141
-0.783157
-0.852074
-0.836773
-0.842311
-0.802247
-0.788818
-0.794796
-0.835263
-0.820147
-0.826752
-0.692648
-0.679307
-0.687089
-0.730753
-0.718243
-0.724917
-0.764116
-0.749435
-0.756837
-0.635287
-0.629851
-0.633963
-0.593913
-0.588996
-0.594165
-0.659166
-0.652402
-0.65712
-0.770067
-0.757981
-0.762251
-0.775738
-0.764014
-0.769388
-0.745024
-0.734907
-0.739609
-0.610477
-0.603911
-0.609634
-0.705908
-0.695624
-0.701607
-0.677648
-0.669255
-0.674542
0.0499514
0.0344926
0.0348636
-0.096523
-0.106881
-0.107997
-0.0901121
-0.101401
-0.101909
-0.295522
-0.306523
-0.305069
-0.364935
-0.373074
-0.372778
-0.280928
-0.29129
-0.290535
-0.29157
-0.300122
-0.301242
-0.380857
-0.3884
-0.388889
-0.287421
-0.297063
-0.297312
-0.620892
-0.616797
-0.620463
-0.543386
-0.542793
-0.546158
-0.599386
-0.596305
-0.599463
-0.644548
-0.637201
-0.638735
-0.613324
-0.61002
-0.611434
-0.634576
-0.63003
-0.632029
-0.530688
-0.531601
-0.534318
-0.564687
-0.564305
-0.56623
-0.584385
-0.582656
-0.585253
-0.491198
-0.49407
-0.493124
-0.467481
-0.473109
-0.472575
-0.509727
-0.512237
-0.512122
-0.57531
-0.571118
-0.570957
-0.594635
-0.592614
-0.593443
-0.574042
-0.573009
-0.573142
-0.483892
-0.488728
-0.488838
-0.548659
-0.549681
-0.550957
-0.529159
-0.531089
-0.531624
-1.02348
-0.961197
-0.60525
-0.492211
-0.566588
-0.539297
-0.589565
-0.546504
-0.59389
-0.590779
-0.522702
-0.535202
-0.528893
-0.654029
-0.70849
-0.664667
-0.515394
-0.519929
-0.522184
-0.495413
-0.49517
-0.492366
-0.603033
-0.603858
-0.598249
-0.474506
-0.477875
-0.476331
-0.444847
-0.451268
-0.449065
-0.459743
-0.463439
-0.461336
-0.453499
-0.451434
-0.448045
-0.455706
-0.456407
-0.452514
-0.473526
-0.474448
-0.471222
-0.451903
-0.458594
-0.455651
-0.442731
-0.446432
-0.442976
-0.452483
-0.456398
-0.453524
-0.465395
-0.464706
-0.460995
-0.534744
-0.544645
-0.537895
-0.459533
-0.463157
-0.456929
-0.389677
-0.386346
-0.381103
-0.449601
-0.449603
-0.444945
-0.441295
-0.440066
-0.43469
-0.503477
-0.508014
-0.503031
-0.447773
-0.450908
-0.446699
-0.44943
-0.451137
-0.446278
-0.959126
-1.27117
-0.946261
-1.04608
-0.7341
-0.750333
-0.796634
-0.707881
-0.705739
-0.713414
-0.691073
-0.729948
-0.736872
-0.787831
-0.839738
-0.829471
-0.502311
-0.505938
-0.498007
-0.564301
-0.583128
-0.572955
-0.478802
-0.487996
-0.478558
-0.34993
-0.347615
-0.339937
-0.448437
-0.455962
-0.449764
-0.456302
-0.460917
-0.453649
-0.63875
-0.66098
-0.659389
-0.498925
-0.517571
-0.514295
-0.506961
-0.518958
-0.513012
-0.578444
-0.605115
-0.605132
-0.697655
-0.740384
-0.745924
-0.553542
-0.581065
-0.580639
-0.324027
-0.324434
-0.319206
-0.45963
-0.469592
-0.464516
-0.463388
-0.475255
-0.470692
-0.691182
-0.731865
-0.737769
-0.525613
-0.549006
-0.547959
-0.543533
-0.57
-0.56901
-1.29502
-1.32176
-1.31606
-1.08522
-1.12101
-1.12319
-1.04277
-1.08906
-1.0809
-0.992479
-1.01583
-1.01254
-0.842877
-0.864648
-0.863041
-0.98585
-1.0188
-1.01357
-0.974299
-1.0303
-1.0236
-0.851993
-0.881248
-0.878936
-0.986465
-1.03126
-1.02383
-0.581475
-0.607609
-0.606786
-0.752405
-0.792219
-0.793886
-0.603215
-0.626518
-0.625541
-0.301341
-0.293903
-0.293951
-0.487095
-0.487227
-0.487958
-0.475067
-0.478784
-0.478699
-0.750357
-0.785546
-0.785683
-0.615033
-0.629721
-0.629484
-0.600194
-0.619454
-0.61869
-0.628112
-0.623582
-0.625249
-0.767367
-0.777824
-0.778612
-0.613759
-0.614571
-0.616065
-0.282244
-0.271659
-0.272753
-0.48602
-0.481373
-0.482947
-0.497741
-0.48894
-0.491073
-0.775219
-0.791143
-0.791388
-0.608165
-0.618165
-0.618586
-0.619392
-0.624876
-0.625904
-1.03166
-1.03244
-1.02971
-1.005
-1.01042
-1.00733
-1.00233
-1.00547
-1.00209
-0.913128
-0.91686
-0.911456
-0.828427
-0.831708
-0.826489
-0.913846
-0.916187
-0.911894
-0.935021
-0.936584
-0.934975
-0.83857
-0.840277
-0.836093
-0.92895
-0.929931
-0.927324
-0.622365
-0.613767
-0.615589
-0.776274
-0.771653
-0.772616
-0.617608
-0.609096
-0.610049
-0.215729
-0.212323
-0.209822
-0.424751
-0.420274
-0.418064
-0.431927
-0.424166
-0.423914
-0.757627
-0.752043
-0.752149
-0.588916
-0.582947
-0.581709
-0.598149
-0.590311
-0.590432
-0.553534
-0.561065
-0.553933
-0.707101
-0.709342
-0.704244
-0.553687
-0.558367
-0.551615
-0.2043
-0.210516
-0.204202
-0.409837
-0.409229
-0.404981
-0.404072
-0.407131
-0.401335
-0.721056
-0.720521
-0.716302
-0.572798
-0.570207
-0.566569
-0.563353
-0.564766
-0.559154
-1.12144
-1.1229
-1.12235
-1.08675
-1.08991
-1.08717
-1.12044
-1.1221
-1.12054
-1.08079
-1.08738
-1.08324
-1.01243
-1.01967
-1.01457
-1.04848
-1.05507
-1.05062
-0.983317
-0.989652
-0.984124
-0.962237
-0.969645
-0.964276
-1.0106
-1.01679
-1.01201
-0.562198
-0.571503
-0.564363
-0.71915
-0.726437
-0.719876
-0.58062
-0.591147
-0.583855
-0.322427
-0.335471
-0.327608
-0.520222
-0.532008
-0.525435
-0.479841
-0.49141
-0.484227
-0.743042
-0.751448
-0.74499
-0.649384
-0.660924
-0.653944
-0.614307
-0.625538
-0.618331
-0.851089
-0.860661
-0.855581
-0.891887
-0.901527
-0.896129
-0.803769
-0.814092
-0.808511
-0.48144
-0.49391
-0.487619
-0.570758
-0.582047
-0.576245
-0.618409
-0.629184
-0.623725
-0.843166
-0.852722
-0.847029
-0.70003
-0.711293
-0.704769
-0.743161
-0.753986
-0.747805
-1.25154
-1.2504
-1.25293
-1.27742
-1.27682
-1.27862
-1.28223
-1.28219
-1.28391
-1.26814
-1.26956
-1.27067
-1.28964
-1.29024
-1.29108
-1.26219
-1.26334
-1.26438
-1.23262
-1.23486
-1.23485
-1.26368
-1.26502
-1.26533
-1.24394
-1.24553
-1.24606
-0.915215
-0.924423
-0.919747
-1.02206
-1.02979
-1.02507
-0.962376
-0.970434
-0.966109
-0.798664
-0.806548
-0.802222
-0.947145
-0.953078
-0.949848
-0.900655
-0.907994
-0.904345
-1.07615
-1.08268
-1.07903
-1.06866
-1.07359
-1.07025
-1.0287
-1.0347
-1.03099
-1.21516
-1.21764
-1.21689
-1.21176
-1.2155
-1.21406
-1.19856
-1.20136
-1.20004
-0.963489
-0.968597
-0.965776
-1.00316
-1.00836
-1.0054
-1.03785
-1.04239
-1.03984
-1.17574
-1.18033
-1.17828
-1.12546
-1.12942
-1.12669
-1.15395
-1.15737
-1.15527
-1.20958
-1.20779
-1.20974
-1.25206
-1.25105
-1.25392
-1.23618
-1.23429
-1.2375
-1.18674
-1.1866
-1.18923
-1.25278
-1.25102
-1.25349
-1.21464
-1.21491
-1.21736
-1.255
-1.25639
-1.25839
-1.27326
-1.27186
-1.27397
-1.23734
-1.23843
-1.24065
-1.24733
-1.24924
-1.2493
-1.25238
-1.25442
-1.25481
-1.25248
-1.25389
-1.25453
-1.13781
-1.13921
-1.13905
-1.18043
-1.18177
-1.18249
-1.17977
-1.18186
-1.18203
-1.26706
-1.26797
-1.26876
-1.26662
-1.26574
-1.26749
-1.27211
-1.27229
-1.27358
-1.2147
-1.21345
-1.21524
-1.23042
-1.23016
-1.23171
-1.24644
-1.24552
-1.24683
-1.15386
-1.15281
-1.15457
-1.19104
-1.19127
-1.19246
-1.18055
-1.17992
-1.18134
-1.24263
-1.24398
-1.24493
-1.27405
-1.27261
-1.27432
-1.257
-1.25596
-1.25723
-0.840932
-0.837008
-0.838455
-0.946584
-0.942548
-0.944729
-0.897661
-0.893191
-0.895494
-0.760012
-0.757471
-0.759998
-0.838026
-0.83756
-0.840467
-0.822328
-0.820035
-0.822279
-0.94933
-0.947418
-0.950344
-0.912024
-0.91072
-0.913665
-0.894341
-0.891711
-0.893835
-1.19057
-1.18764
-1.19043
-1.13122
-1.12918
-1.1313
-1.14791
-1.14403
-1.14678
-1.04905
-1.04663
-1.0486
-1.00324
-0.999866
-1.00218
-1.05654
-1.05385
-1.05643
-1.08619
-1.08412
-1.08643
-1.04688
-1.04332
-1.04588
-1.10541
-1.10166
-1.1041
-0.752942
-0.752454
-0.755332
-0.82201
-0.821911
-0.824737
-0.842809
-0.841408
-0.844202
-0.880692
-0.876719
-0.879183
-0.951893
-0.948697
-0.950688
-0.88015
-0.877591
-0.879541
-0.897618
-0.897129
-0.899813
-0.988937
-0.985877
-0.988449
-0.913585
-0.911884
-0.914309
9.27782
9.27728
9.2773
9.11083
9.10906
9.10943
9.40516
9.40516
9.40514
9.35528
9.35476
9.35484
9.35252
9.35226
9.35232
9.30697
9.30695
9.30711
9.25853
9.25717
9.25764
9.31255
9.31182
9.31198
9.31224
9.31122
9.31144
9.25753
9.25661
9.25686
9.31264
9.31164
9.31188
9.12783
9.12555
9.12604
9.19181
9.19
9.19041
9.1398
9.13746
9.13795
9.0587
9.05673
9.05711
9.12814
9.12577
9.12626
9.11844
9.11565
9.11625
9.20278
9.20124
9.20162
9.15387
9.15227
9.15264
9.15057
9.14828
9.14877
9.1614
9.16129
9.16139
9.23237
9.23177
9.23183
9.16734
9.16698
9.16704
9.07595
9.07412
9.07475
9.14082
9.13936
9.13964
9.14402
9.14288
9.14315
9.22271
9.22261
9.22261
9.16215
9.16138
9.16154
9.15962
9.1593
9.15942
9.28145
9.27636
9.27807
9.17839
9.17699
9.17878
9.26755
9.26784
9.26805
9.33995
9.33793
9.33865
9.29753
9.2954
9.29661
9.27871
9.27652
9.27754
9.19859
9.19885
9.19866
9.29049
9.29104
9.29131
9.2809
9.28158
9.2815
9.12363
9.113
9.20641
9.1957
9.20256
9.14622
9.17811
9.15867
9.16025
9.1602
9.16051
9.23321
9.23215
9.23251
9.16438
9.16109
9.16208
9.13946
9.13836
9.13978
9.22831
9.22934
9.22904
9.15595
9.15463
9.15448
9.1744
9.16067
9.2538
9.24285
9.25095
9.04561
9.06449
8.93073
9.20938
9.21195
9.25338
9.2463
9.19667
9.2295
9.21055
9.14725
9.13535
9.14172
9.168
9.15903
-0.812857
-0.797977
-0.801807
-0.818063
-0.800902
-0.804
-0.789997
-0.773337
-0.776123
-0.742381
-0.725207
-0.726407
-0.70325
-0.685829
-0.685137
-0.773606
-0.755748
-0.757337
-0.830088
-0.811905
-0.813903
-0.733101
-0.715679
-0.715199
-0.803242
-0.78512
-0.786952
-0.821913
-0.800333
-0.835358
-0.819157
-0.820131
-0.674949
-0.679951
-0.535114
-0.641168
-0.624622
-0.699684
-0.682621
-0.739248
-0.773144
-0.74052
-0.661157
-0.645058
-0.645634
-0.709092
-0.685932
-0.442515
-0.425093
-0.597591
-0.582888
-0.58466
-0.511831
-0.534217
-0.512694
-0.531732
-0.515916
-0.514462
-0.682779
-0.665915
-0.66431
-0.562874
-0.546677
-0.54539
-0.625735
-0.612002
-0.610557
-0.712018
-0.696148
-0.694409
-0.603007
-0.588291
-0.586641
-0.58128
-0.573953
-0.573096
-0.573168
-0.56302
-0.561866
-0.542805
-0.533185
-0.531558
-0.449939
-0.439409
-0.435399
-0.4075
-0.395696
-0.39096
-0.485886
-0.47459
-0.471469
-0.559531
-0.546799
-0.545098
-0.449875
-0.437168
-0.433106
-0.523242
-0.511135
-0.508813
-0.492281
-0.476386
-0.474785
-0.579649
-0.563364
-0.560992
-0.45707
-0.441626
-0.43972
-0.203767
-0.192489
-0.19345
-0.3069
-0.293443
-0.292709
-0.348881
-0.334956
-0.334537
-0.53635
-0.520386
-0.517679
-0.374648
-0.360079
-0.35763
-0.413745
-0.398522
-0.396387
-0.184137
-0.172501
-0.169094
-0.350577
-0.337508
-0.333249
-0.230828
-0.218358
-0.215111
-0.0644585
-0.0543709
-0.0545137
-0.254634
-0.241483
-0.240529
-0.207383
-0.194928
-0.19368
-0.402777
-0.388698
-0.384838
-0.326743
-0.312704
-0.309995
-0.282544
-0.269162
-0.266216
-0.356236
-0.350754
-0.344594
-0.319291
-0.31383
-0.307099
-0.284392
-0.278954
-0.271798
-0.118354
-0.112204
-0.105663
-0.0539037
-0.0480762
-0.0423189
-0.163609
-0.157158
-0.15056
-0.248805
-0.241675
-0.235245
-0.100362
-0.0935563
-0.0878525
-0.205021
-0.198305
-0.191746
-0.131081
-0.12054
-0.116987
-0.203603
-0.193166
-0.188468
-0.083169
-0.0734079
-0.069852
0.201471
0.207979
0.208825
0.12054
0.127776
0.129651
0.068922
0.0769667
0.078933
-0.152641
-0.143246
-0.13853
0.0187383
0.0264627
0.0298661
-0.0308285
-0.0221774
-0.0186266
0.225784
0.229768
0.232653
0.0508523
0.0564932
0.0608346
0.173732
0.178428
0.181472
0.357063
0.361308
0.362192
0.176952
0.183046
0.184902
0.228567
0.233814
0.235544
-0.0014434
0.00528821
0.00966701
0.0710089
0.0775783
0.0808741
0.121583
0.127223
0.130359
-0.183329
-0.178585
-0.173681
-0.0448283
-0.0406201
-0.0349146
-0.0161558
-0.0117633
-0.00674176
0.212857
0.215693
0.219393
0.329237
0.330621
0.334546
0.178507
0.181776
0.185922
0.0986311
0.102456
0.107526
0.282732
0.284695
0.288891
0.137317
0.140983
0.145583
0.27855
0.281431
0.284313
0.209787
0.212952
0.216926
0.331952
0.333965
0.336815
0.621596
0.622814
0.623922
0.551596
0.552682
0.554409
0.499352
0.500658
0.502408
0.262613
0.264972
0.268852
0.436659
0.43748
0.440239
0.384358
0.385594
0.388446
0.639634
0.638133
0.640927
0.467312
0.467511
0.470818
0.591731
0.590885
0.593649
0.776832
0.776635
0.778147
0.605873
0.606227
0.608099
0.657915
0.657929
0.65984
0.416576
0.417465
0.420863
0.489194
0.489378
0.492124
0.540158
0.539957
0.542674
-0.062392
-0.0554793
-0.0552551
0.154665
0.157508
0.159162
0.165768
0.167851
0.169489
0.373456
0.371116
0.374162
0.548894
0.545115
0.548077
0.374456
0.372821
0.375195
0.35259
0.351989
0.354339
0.540352
0.53679
0.539586
0.363748
0.362503
0.364813
0.686194
0.683899
0.686744
0.597117
0.594897
0.597965
0.726819
0.723794
0.726651
1.00745
1.00474
1.00694
0.921247
0.917766
0.920249
0.889766
0.886676
0.889142
0.632977
0.629927
0.632927
0.793456
0.789212
0.792062
0.763854
0.760123
0.762999
0.846689
0.842081
0.845308
0.705472
0.700971
0.703972
0.844026
0.839472
0.842255
1.08933
1.0861
1.08828
0.947333
0.943574
0.946056
0.966207
0.962418
0.964853
0.697015
0.692626
0.695437
0.817658
0.813032
0.81587
0.834027
0.829295
0.83208
-0.0267401
-0.0352311
-0.028801
0.178949
0.170427
0.176596
0.162532
0.152334
0.15898
0.265649
0.254219
0.260584
0.458654
0.448381
0.454422
0.300369
0.289218
0.295642
0.34634
0.33729
0.343238
0.486617
0.476886
0.482833
0.325317
0.315043
0.321309
0.846056
0.84107
0.844888
0.700137
0.694522
0.698909
0.842333
0.837189
0.841265
1.10993
1.10694
1.10993
0.965701
0.96154
0.965228
0.976007
0.972038
0.975619
0.692192
0.685959
0.690643
0.822557
0.816675
0.821133
0.834394
0.828895
0.833192
0.721811
0.71474
0.719406
0.609062
0.600665
0.605963
0.755031
0.747977
0.752712
1.07144
1.06797
1.0712
0.949795
0.945331
0.949134
0.930151
0.925401
0.929275
0.638147
0.630114
0.635353
0.80501
0.798678
0.803277
0.783181
0.776412
0.781107
-0.347924
-0.359829
-0.353065
-0.136956
-0.148806
-0.142533
-0.198341
-0.209961
-0.203603
-0.183371
-0.192364
-0.187402
0.0351126
0.0262807
0.0311551
-0.119601
-0.12923
-0.123939
0.0063061
-0.00416265
0.00139243
0.0999166
0.0907728
0.0957604
-0.0552295
-0.065227
-0.0598747
0.680823
0.673668
0.678227
0.483778
0.475457
0.480337
0.636578
0.629505
0.633897
0.905949
0.902108
0.90519
0.699211
0.694317
0.697672
0.747873
0.742843
0.746355
0.431406
0.423256
0.427935
0.533946
0.52718
0.531199
0.585968
0.578982
0.583205
0.296619
0.290836
0.294219
0.195515
0.188552
0.192549
0.357438
0.351302
0.354857
0.757395
0.753772
0.756514
0.644782
0.63999
0.643201
0.590525
0.585941
0.588994
0.258769
0.2515
0.255654
0.476622
0.470004
0.473866
0.419395
0.413039
0.416747
-0.828776
-0.833249
-0.830692
-0.658679
-0.66324
-0.660456
-0.713539
-0.717839
-0.71541
-0.66133
-0.663796
-0.66213
-0.477759
-0.48048
-0.478737
-0.615888
-0.618735
-0.616929
-0.506837
-0.51036
-0.507725
-0.419646
-0.422636
-0.420524
-0.561072
-0.564228
-0.562179
0.232347
0.226775
0.229961
0.00611637
0.00038864
0.00351322
0.170217
0.165033
0.167867
0.4621
0.459232
0.461
0.227899
0.225309
0.227172
0.289135
0.285839
0.287812
-0.0596989
-0.0646469
-0.0618699
0.0407341
0.0371106
0.0395682
0.104526
0.0998171
0.102433
-0.201042
-0.202208
-0.201061
-0.304583
-0.306016
-0.30469
-0.147165
-0.148505
-0.147078
0.275617
0.274858
0.276488
0.163655
0.161892
0.163723
0.103336
0.102513
0.103913
-0.247048
-0.248721
-0.247085
-0.0255774
-0.0280661
-0.0260317
-0.0865788
-0.08824
-0.0866454
-1.03875
-1.03856
-1.03982
-0.966023
-0.966075
-0.966379
-0.972442
-0.972112
-0.973206
-0.838544
-0.836631
-0.838462
-0.74722
-0.746028
-0.746945
-0.840625
-0.839419
-0.840812
-0.821194
-0.820531
-0.820663
-0.732281
-0.731293
-0.731658
-0.831714
-0.83086
-0.831503
-0.254858
-0.25576
-0.254668
-0.446655
-0.447111
-0.446399
-0.300716
-0.301251
-0.300434
-0.00285536
-0.0026487
-0.00197059
-0.199068
-0.198294
-0.198049
-0.159857
-0.159284
-0.158838
-0.487207
-0.487272
-0.486849
-0.383089
-0.383007
-0.382724
-0.346118
-0.346331
-0.345777
-0.487624
-0.485603
-0.486375
-0.589247
-0.587202
-0.587879
-0.471459
-0.469744
-0.470237
-0.127667
-0.126656
-0.126428
-0.238109
-0.236965
-0.236855
-0.269051
-0.267627
-0.267721
-0.569896
-0.568319
-0.568743
-0.419547
-0.418938
-0.418795
-0.446422
-0.445275
-0.445466
-0.585253
-0.58442
-0.585575
-0.626894
-0.624673
-0.625626
-0.663368
-0.661041
-0.662458
-0.811324
-0.808859
-0.811432
-0.84913
-0.846622
-0.848177
-0.789309
-0.787296
-0.788899
-0.653519
-0.651308
-0.652338
-0.749675
-0.747478
-0.74854
-0.698397
-0.696625
-0.697607
-0.501702
-0.499722
-0.50095
-0.60235
-0.599646
-0.601586
-0.505658
-0.503443
-0.505059
-0.256471
-0.254514
-0.255298
-0.360356
-0.357974
-0.35951
-0.361767
-0.359513
-0.36087
-0.599911
-0.596889
-0.598957
-0.501312
-0.498491
-0.500428
-0.50986
-0.507279
-0.509093
-0.419068
-0.417575
-0.418327
-0.526605
-0.523851
-0.525117
-0.466224
-0.463262
-0.464956
-0.268753
-0.267063
-0.268185
-0.365396
-0.363009
-0.364565
-0.349915
-0.347611
-0.349142
-0.540957
-0.53787
-0.53973
-0.497659
-0.494722
-0.496592
-0.473098
-0.470147
-0.47207
9.07507
9.07609
9.07572
8.97857
8.97791
8.97753
8.98562
8.98305
8.9849
0.0290164
0.0375626
0.0358767
0.124731
0.131555
0.129463
0.171292
0.178031
0.175879
0.466409
0.470544
0.470579
0.545642
0.549574
0.549062
0.596219
0.599945
0.599525
0.891942
0.892346
0.893372
0.964499
0.965315
0.965929
1.01275
1.01326
1.01404
1.21463
1.2124
1.21413
1.30894
1.30712
1.3086
1.33486
1.33307
1.33446
1.22015
1.21817
1.22065
1.37302
1.37182
1.37373
1.36253
1.36128
1.36326
0.937856
0.935755
0.938021
1.15377
1.15211
1.1542
1.10845
1.10687
1.10889
0.474536
0.474699
0.47609
0.712053
0.71128
0.712358
0.651646
0.651662
0.65292
0.0583323
0.0596644
0.0599397
0.253591
0.253984
0.25454
0.206429
0.207433
0.207818
-0.141502
-0.140021
-0.14047
-0.0410914
-0.0392657
-0.0390912
-0.0527155
-0.0512591
-0.0511901
6.598
6.58655
6.58322
5.93837
5.90137
5.90725
8.74519
8.77387
8.76844
8.79558
8.77606
8.78325
11.7326
11.9258
11.9267
11.9285
12.1168
11.4667
11.4746
11.4712
11.3835
11.3717
11.376
11.1162
11.0798
11.0916
10.9582
10.9363
10.945
10.8411
10.8332
10.7428
10.7824
10.7884
10.7859
10.6968
10.7064
10.7027
10.4163
10.4313
10.4251
9.81183
9.82442
9.81712
8.89433
8.88775
8.88657
7.96583
7.91692
7.92733
7.54927
7.51263
7.52134
6.79005
10.1802
10.1909
10.1842
10.1062
10.108
10.1075
9.85132
9.85276
9.85255
9.28251
9.28539
9.28369
8.14018
8.1426
8.13822
5.88701
5.88652
5.88444
3.7772
3.79575
3.77206
3.30327
3.31353
3.29613
3.0603
3.03863
3.02989
3.0299
2.9907
2.99223
2.94796
2.89396
9.84323
9.84533
9.84462
9.76491
9.76497
9.76512
9.58204
9.58278
9.58318
9.21496
9.21236
9.21317
8.68918
8.65276
8.67506
-0.827038
-0.852686
-0.835168
-0.531297
-0.502134
-0.522528
-0.128251
-0.123475
-0.134942
0.0343353
0.0220928
0.0189921
-0.0718382
-0.092791
-0.0908422
-2.08698
-2.09022
-1.15248
-1.16709
-1.16194
-1.00217
-1.00497
-0.999748
-1.19238
-1.19357
-1.19408
-1.26348
-1.26221
-1.26461
-1.10433
-1.1014
-1.1035
-0.679046
-0.659508
9.40099
9.40091
9.40075
9.3907
9.39136
9.39165
9.28364
9.28319
9.28315
9.45084
-1.15718
-0.941099
-0.924795
-0.92983
-0.72646
-0.714311
-0.716496
-0.49772
-0.491858
-0.489332
-0.292077
-0.286503
-0.278849
-0.12939
-0.122973
-0.120783
-0.0257644
-0.0219858
-0.0206299
-0.0927402
-0.104998
-0.0979147
-0.536646
-0.545946
-0.541055
-0.957897
-0.960395
-0.958917
-1.018
-1.01598
-1.01766
-0.627408
-0.624386
-0.626151
8.97804
8.97779
8.97808
9.1401
9.13066
9.13647
-0.189956
-0.20477
-0.193363
0.1964
0.203329
0.202575
0.631881
0.63457
0.634848
1.0421
1.04114
1.04268
1.25221
1.25058
1.2521
1.14785
1.14551
1.14813
0.773069
0.771125
0.77319
0.29843
0.29913
0.299739
-0.050298
-0.048041
-0.0480522
-0.180982
-0.181937
-0.181732
11.9218
12.0066
12.0085
12.0096
12.039
12.0411
12.0421
12.2684
11.4773
11.4801
11.7248
11.4906
11.4931
11.4505
11.4365
11.4415
11.2748
11.2624
11.2689
11.1546
11.153
11.1543
11.1556
10.8707
10.8923
10.8944
10.8933
8.15595
8.12817
8.13326
8.48128
10.164
10.1749
10.68
10.2001
10.2041
10.1824
10.1849
10.184
3.68245
3.6446
3.64891
3.57039
3.54412
3.56416
3.53426
9.8887
9.88944
9.88918
6.29579
6.30041
6.29573
3.88094
3.89856
3.87492
0.288596
0.262881
0.26368
-0.591301
-2.25523
-1.23933
-1.25326
-1.24739
-1.19963
-1.20924
-1.20502
-1.12201
-1.11915
-1.11691
-1.10376
-1.10216
-1.10013
-1.20454
-1.20212
-1.2038
-1.22241
-1.22013
-1.22199
-1.282
-1.27984
-1.28166
-1.27442
-1.27274
-1.27454
-1.13083
-1.1292
-1.13104
-1.08681
-1.08467
-1.08653
-0.755406
-0.727689
-0.640399
-0.94601
-0.892835
-0.928194
9.16002
-1.43571
-0.99325
-0.976592
-0.981352
-0.288354
-0.278134
-0.280952
12.3305
12.3283
12.3316
10.3962
10.4012
10.3998
11.7208
11.7261
11.7235
12.2091
12.206
12.2083
10.4509
10.4619
10.4572
10.3961
10.4012
10.3997
5.94129
5.90431
5.91023
-0.574755
-0.577935
-0.576523
11.887
11.8875
11.8893
11.4386
11.4213
11.4275
11.2877
11.2534
11.2646
12.0303
11.2717
11.2368
11.2482
11.2592
11.2442
11.2511
11.4687
11.4791
10.8941
10.8976
10.8962
10.8556
10.8661
10.8619
11.4275
11.4208
11.4232
10.8431
10.8548
10.8502
10.6836
10.6994
10.6931
11.1695
11.1371
11.1476
10.6413
10.658
10.6516
10.2155
10.2283
10.2217
10.9503
10.9222
10.9328
10.1278
10.139
10.1327
9.41755
9.40913
9.4095
10.828
10.823
10.8233
9.30363
9.2902
9.29228
8.58257
8.53474
8.54621
8.50419
8.45511
8.46691
8.16031
8.13393
8.14109
10.78
10.7861
10.7835
10.1684
10.1708
10.1699
9.99216
9.99403
9.99365
10.7173
10.7255
10.7223
9.9519
9.95352
9.95326
9.52707
9.53022
9.52923
10.4689
10.4823
10.4765
9.43813
9.44121
9.44018
8.56337
8.56764
8.56456
9.91344
9.9272
9.91971
8.38628
8.38999
8.38649
6.80246
6.80946
6.79779
9.02126
9.01854
9.01594
6.47491
6.48372
6.47161
4.84058
4.86167
4.84183
8.08623
8.04255
8.05216
4.70957
4.73166
4.7119
4.17362
4.18465
4.16945
7.60196
7.56561
7.57522
4.11461
4.12156
4.10753
3.76726
3.74525
3.73968
6.73788
3.72396
3.69858
3.69401
3.65761
3.61884
3.62177
10.1685
10.1741
9.88719
9.88772
9.88754
9.82605
9.82643
9.82636
10.1135
10.1158
10.115
9.81219
9.81264
9.81259
9.66663
9.66736
9.66751
9.88877
9.89038
9.89013
9.63211
9.63306
9.63317
9.29458
9.29527
9.29536
9.37226
9.37386
9.37278
9.22551
9.22601
9.22618
8.63825
8.63459
8.63549
8.32539
8.32757
8.3241
8.52288
8.51971
8.52203
3.28592
3.29683
3.27822
-0.809985
-0.786541
-0.809814
3.10925
3.09274
3.08321
-0.799854
-0.770703
-0.794582
-0.353002
-0.325357
-0.349789
2.99951
2.96163
2.96173
-0.28496
-0.260284
-0.283372
0.0698794
0.0726767
0.0595408
2.90811
2.88035
2.87516
0.0926067
0.092112
0.0799902
0.278327
0.262591
0.259029
0.31638
0.300141
0.297916
0.28179
0.26653
0.267428
9.84533
9.84779
9.84702
9.45417
9.45495
9.45452
9.78074
9.78075
9.78083
9.4558
9.45636
9.45602
9.42793
9.42678
9.4274
9.61803
9.61838
9.61866
9.41701
9.41581
9.41653
9.29812
9.29669
9.29792
9.2647
9.26494
9.26496
9.27064
9.2696
9.27068
8.97858
8.99364
8.66229
8.69082
8.67287
9.09793
9.07885
-0.621657
-0.592023
-0.613133
-1.22089
-1.19781
-0.185363
-0.178623
-0.191353
-1.04314
-1.05614
-0.960739
-0.942851
-0.94897
-0.00952279
-0.0210704
-0.0253598
-0.9407
-0.922206
-0.928613
-0.746697
-0.735305
-0.73857
-0.0308346
-0.0494307
-0.0467346
-0.720756
-0.710691
-0.71341
-0.540122
-0.537522
-0.536016
-1.41919
-0.513702
-0.511545
-0.509364
-0.373002
-0.367689
-0.362033
-2.91239
-0.371491
-0.366913
-0.359954
-0.317953
-0.31667
-0.313673
-1.21687
-1.23584
-1.22921
-0.309491
-0.306319
-0.304447
-0.257227
-0.24808
-0.2485
-1.01461
-1.0153
-1.0109
-0.238305
-0.230316
-0.230339
-0.22479
-0.235817
-0.227984
-1.18165
-1.18245
-1.18276
-0.247103
-0.259179
-0.251106
-0.606563
-0.617773
-0.611746
-1.2692
-1.26735
-1.26998
-0.674912
-0.685054
-0.679114
-1.0504
-1.05353
-1.05164
-1.15209
-1.14934
-1.15134
-1.09099
-1.09305
-1.09157
-1.13425
-1.13205
-1.13382
-0.715278
-0.708352
-1.11786
-1.11602
-1.11731
-0.727098
-0.724259
-0.726347
9.39897
9.39911
9.39887
8.99792
8.9963
8.99682
9.39243
9.39055
9.39122
9.02387
9.02176
9.02237
9.08314
9.08135
9.08119
9.29855
9.29683
9.29781
9.07704
9.07516
9.07677
-0.781751
-0.767767
-0.770549
-0.356865
-0.34669
-0.347719
-0.537194
-0.531363
-0.529251
-0.312723
-0.301752
-0.302822
0.0302182
0.0393269
0.0396115
-0.312958
-0.306782
-0.299481
0.0883387
0.0965051
0.0970488
0.463168
0.466011
0.466923
-0.14946
-0.143825
-0.1407
0.518489
0.52056
0.521588
0.883205
0.881582
0.883581
-0.0387655
-0.0338831
-0.0330984
0.93122
0.929087
0.931229
1.11877
1.11577
1.11792
-0.0625726
-0.0744124
-0.0671964
1.12146
1.11843
1.12091
1.02622
1.02227
1.02563
-0.471489
-0.481931
-0.476524
0.991875
0.987888
0.991211
0.648727
0.645235
0.647813
-0.9163
-0.919609
-0.917712
0.58828
0.584801
0.587258
0.162187
0.161898
0.162881
-1.02543
-1.02366
-1.0255
0.104582
0.104285
0.105066
-0.186698
-0.185029
-0.185206
-0.672074
-0.669872
-0.671261
-0.21435
-0.212279
-0.212608
-0.24876
-0.247775
-0.248628
8.95251
8.9518
8.95221
9.07085
9.10402
9.08334
0.135712
0.143314
0.142257
0.575512
0.578661
0.578862
0.99823
0.99753
0.999006
1.2513
1.24915
1.25077
1.18262
1.18017
1.18281
0.835742
0.833693
0.83591
0.36074
0.361801
0.362538
-0.0109437
-0.00906176
-0.00886898
-0.142534
-0.142157
-0.142476
12.0909
12.077
12.1432
12.1131
11.6595
11.6661
11.6632
12.032
11.9023
11.1172
9.10602
9.34517
10.3098
10.2291
5.9203
-0.95468
-0.143259
-1.28194
-0.945806
8.87237
-1.03568
-0.94805
12.1518
12.1535
12.3023
12.3049
12.3057
12.3274
12.3391
12.3375
12.3676
12.3733
11.3345
11.3325
11.4151
11.4074
11.4102
12.3969
12.3877
12.281
12.2638
10.9126
10.9225
9.16496
9.17056
9.16756
9.54383
9.49868
9.25888
9.24809
10.2469
10.24
10.2617
10.2528
10.2552
5.97018
5.89946
-1.21252
-1.14636
-1.13202
-1.03336
-0.917505
7.79038
7.7999
7.79926
7.42458
7.40518
7.41556
-0.144628
-0.182281
-0.168763
-0.168415
-0.155632
-0.157332
-0.542653
-0.543726
-0.329609
-0.344684
8.76703
8.80603
-0.710229
-0.700621
-0.704252
-0.640311
-0.633694
-0.639552
-0.598256
-0.605902
-0.606171
-0.972358
-0.959506
-0.881111
-0.881095
12.2504
7.51507
7.5321
7.52114
7.53852
7.52633
6.54508
4.98197
4.96553
4.97294
0.434405
8.35305
8.42091
-0.873269
9.19007
9.21794
9.20075
9.185
9.17696
8.97972
-1.09762
-1.08038
-1.08669
-1.05084
9.17957
-0.690162
-0.0699542
-0.0758045
-0.073229
12.236
11.9137
11.9161
12.1183
12.1227
11.949
11.9503
12.2517
12.1305
12.1385
12.0822
12.0867
12.1065
12.1159
11.4322
11.5097
11.5366
11.5265
11.5285
11.4755
11.4804
11.4783
11.4789
11.4429
11.4309
11.4514
11.4314
11.4376
11.4815
11.4768
11.4784
11.4216
11.4098
12.0825
11.6427
11.6409
11.6428
11.2454
11.2393
11.2433
11.5684
11.5932
11.2563
11.2498
11.2529
11.6459
11.6505
11.403
11.0993
10.7957
10.8118
11.1182
11.1286
10.8625
10.8635
10.4331
9.3206
9.30019
7.92036
7.90321
7.87105
7.85723
10.2726
10.4315
10.4495
10.4407
10.4638
10.2199
10.2208
10.2204
10.3477
10.3608
10.4056
10.4091
10.4077
10.21
10.2116
10.2112
10.4088
10.4076
6.79074
5.11781
5.09108
5.09546
3.67296
3.64538
3.64826
4.59748
4.67828
3.73465
3.69905
3.69983
5.08445
5.04331
4.209
9.86279
9.97754
9.98951
7.18162
7.19416
7.18535
5.87509
7.66071
7.59416
6.21631
4.56413
4.54028
4.55582
0.760214
0.712753
0.942743
-0.187109
-0.191123
-0.573343
1.02709
0.961352
0.0185635
-0.0117985
0.00540031
-0.0536368
8.56913
-0.782597
-0.9947
9.25118
9.23405
9.24483
8.9077
9.268
9.25981
9.2713
-1.00758
-1.05263
-1.01598
-0.94452
-0.919692
-0.980219
-0.963122
-0.943623
-1.05674
9.59324
-0.433454
12.1798
12.1819
12.1817
12.1685
12.1687
12.1142
12.2355
12.2362
12.2374
-1.21545
-1.14923
-1.13495
-0.407919
-0.433879
-0.412104
-1.04825
-0.932238
-0.233377
-0.244492
12.1794
12.1815
12.1813
12.1689
12.1691
12.039
12.0345
12.0361
12.0257
12.0202
11.9836
12.0371
12.0919
12.0779
12.2514
12.2526
12.2547
12.1451
12.0318
11.016
11.0273
11.0229
10.9805
10.9994
11.6028
11.6075
11.3577
11.6492
11.5955
12.056
12.0523
11.9322
11.9366
11.9365
11.6991
10.7234
10.7132
10.7159
10.6841
10.68
10.7708
11.1184
10.387
10.3426
10.1076
6.54623
6.5029
9.0962
10.2351
10.5201
10.4109
4.47738
4.48693
4.43907
4.46225
4.45571
5.90261
4.44367
1.44214
0.910382
0.867967
0.880261
1.03275
0.969601
1.08191
-0.951781
7.69015
-0.485893
-0.494131
-0.986673
-1.01613
8.89828
8.87631
8.88335
9.02499
-1.02473
-1.00208
-0.9778
11.9819
11.6488
12.0384
12.034
12.0356
12.0862
12.0889
12.088
12.0252
12.0196
11.6783
11.6871
12.1614
12.1635
12.1629
10.9873
11.0062
11.7008
11.9339
11.9382
11.9381
12.0621
12.0585
10.7669
10.7236
10.7134
10.7161
10.8011
10.8083
10.8058
10.6909
10.6868
11.0159
11.0271
11.0227
10.9194
10.9294
6.42534
9.16752
9.17308
9.1701
9.26057
9.24972
10.4027
10.32
10.3259
10.3236
10.2619
10.253
10.2554
10.3188
10.3265
10.2526
10.2455
10.4544
10.4701
10.3939
10.4007
4.46243
4.44186
4.46509
4.45858
4.47198
4.48186
1.51166
1.48303
1.0229
0.959735
7.41949
7.40009
7.41046
7.51186
7.49059
-0.191571
-0.17893
-0.180777
-0.29452
-0.294081
-0.293473
-0.528301
-0.533741
-0.512411
-0.521227
9.03443
8.89875
8.87668
8.88377
8.90621
8.88375
-0.721568
-0.711851
-0.715472
-0.653421
-0.659228
-0.656911
-1.00292
-1.00189
-0.945924
-0.946293
-0.612072
-0.619722
-0.620078
-0.912883
-0.912617
12.3288
12.3405
12.3389
12.3034
12.3061
12.3068
12.3706
12.3765
12.3268
12.3246
11.3599
12.1101
12.1108
12.1105
12.2002
12.1969
12.199
12.1918
12.1919
12.1939
12.3297
12.3277
12.3308
12.2064
12.207
12.2089
10.8043
10.8098
10.8075
5.82441
5.7848
5.7909
5.58279
5.60134
5.59609
5.67946
5.69927
5.69367
8.75793
8.78524
8.78006
8.80553
8.78643
8.79336
8.66568
8.6726
8.66989
11.8063
11.8058
11.5549
11.5532
11.5505
11.6325
11.6238
11.6281
11.9559
11.9652
11.9615
11.7529
11.7489
11.7526
11.7911
11.7888
11.7919
11.3604
11.224
11.254
11.2697
11.2612
11.4568
11.46
11.4585
11.3478
11.3617
11.3569
11.3641
11.3778
11.3735
11.2923
11.2709
11.2784
11.2935
11.3024
11.3001
11.1589
11.1623
11.1616
11.0189
10.9809
10.9931
10.8605
10.8481
10.8526
10.666
10.6406
10.6495
10.9318
10.9193
10.9255
10.3463
10.3021
10.3155
10.2067
10.1617
10.1757
10.5996
10.1044
10.0822
10.09
9.92692
9.96018
9.93364
10.7622
10.7671
10.4859
10.4771
10.4846
10.4891
10.4931
10.4913
10.7687
10.7751
10.7728
10.4312
10.4348
10.434
10.3534
10.3594
10.3564
10.6222
10.6332
10.6286
10.1627
10.17
10.1677
10.0023
10.0113
10.0077
10.2369
10.2538
10.2465
9.61336
9.62414
9.61791
9.30601
9.322
9.31438
9.49655
9.50525
9.49881
8.66226
8.68034
8.66952
8.24977
8.26688
8.2554
8.52496
8.5026
8.50663
7.58098
7.59285
7.58205
7.21099
7.21416
7.20619
7.74476
7.69092
7.7031
6.61157
6.58998
6.58975
6.30339
6.26423
6.26837
7.34045
7.31618
7.31654
6.02167
5.97058
5.97905
5.96545
5.92403
5.93164
10.1867
10.0509
10.0183
10.0291
10.0239
10.1599
10.1639
10.1628
10.0219
10.0234
10.0229
9.98192
9.98301
9.98277
10.0368
10.0382
10.038
9.8806
9.88108
9.88123
9.78289
9.7835
9.7836
9.68865
9.69047
9.69006
9.53688
9.53771
9.53798
9.33355
9.33416
9.33455
8.94032
8.94406
8.94211
8.83768
8.83717
8.83738
8.42491
8.42341
8.42309
7.96608
7.9679
7.9632
7.86953
7.86524
7.86223
7.6425
7.64192
7.6391
5.62224
5.61615
5.61735
5.23832
5.2041
4.97057
4.92602
0.673694
0.783698
0.698979
3.50089
3.52043
3.49802
0.80106
0.820621
0.782875
3.22448
3.22431
3.2101
1.11207
1.1344
1.10111
1.29451
1.309
1.28194
2.98816
2.9542
2.94995
1.4559
1.45483
1.43662
1.49072
1.48044
1.46639
3.05554
3.02214
3.02622
1.56399
1.54343
1.53673
1.6532
1.62831
1.62565
2.18196
1.77681
1.75442
1.75498
1.57871
1.68725
1.59884
9.8241
9.82514
9.82481
9.68239
9.68299
9.68268
9.66555
9.66598
9.66569
9.71147
9.71138
9.71168
9.60767
9.6078
9.608
9.5583
9.55774
9.55826
9.47756
9.47706
9.47773
9.42497
9.42477
9.42553
9.31566
9.3157
9.31651
9.01298
9.01003
9.01089
9.08071
9.07758
9.07916
8.91115
8.8833
8.90099
8.56648
8.5646
8.41854
8.42962
8.53369
8.50022
-0.946356
-0.811309
-0.780238
-0.799693
-1.04789
-1.02299
-0.342803
-0.322041
-0.339443
-0.951446
-0.926023
-0.93686
-0.839736
-0.81535
-0.827311
-0.0562285
-0.05892
-0.0676618
-0.648678
-0.63208
-0.642466
-0.548297
-0.539291
-0.54714
0.0676123
0.0545325
0.0540884
-0.459182
-0.459624
-0.464357
-0.411139
-0.41594
-0.418333
-0.369407
-0.420883
-0.400887
-0.357338
-0.366404
-0.364861
-0.404601
-0.413104
-0.41085
-0.759775
-0.672697
-0.723628
-0.538391
-0.529981
-0.58648
-1.45629
-1.44127
-1.46854
-0.799777
-0.835065
-0.858381
-0.849467
-0.896396
-0.894567
-1.10059
-1.10523
-1.1038
-0.845449
-0.8566
-0.855662
-0.856555
-0.856869
-0.855229
-1.0701
-1.07343
-1.07087
-0.830472
-0.83598
-0.829421
-0.889075
-0.896742
-0.891174
-1.23365
-1.23401
-1.23584
-1.10406
-1.10971
-1.10622
-1.21112
-1.2144
-1.21353
-1.24655
-1.24528
-1.24751
-1.30869
-1.30812
-1.30979
-1.29971
-1.29944
-1.30126
-0.962468
-0.957861
-0.959656
-1.18547
-1.18394
-1.18666
-1.03807
-1.03627
-1.03938
9.4083
9.40786
9.40788
9.23062
9.22954
9.22974
9.25187
9.25191
9.25191
9.36856
9.36685
9.36776
9.24628
9.24581
9.24634
9.21438
9.21523
9.21564
9.25552
9.25578
9.25584
9.21394
9.21108
9.21164
9.17437
9.17334
9.17478
9.1383
-1.17471
-1.15638
-1.18841
-1.07378
-0.849602
-0.83396
-0.835283
-0.866504
-0.85079
-0.855225
-0.784754
-0.767799
-0.767694
-0.636791
-0.627666
-0.627946
-0.638175
-0.621799
-0.620387
-0.529875
-0.515592
-0.512851
-0.407308
-0.402401
-0.397723
-0.323595
-0.313276
-0.307825
-0.19336
-0.184969
-0.179261
-0.218657
-0.214288
-0.207713
0.0444534
0.0487378
0.0543088
0.190051
0.192864
0.197621
-0.090246
-0.0828318
-0.0822643
0.412614
0.412519
0.415961
0.505465
0.502973
0.505906
-0.0180675
-0.0217793
-0.0168201
0.548347
0.543198
0.547502
0.525547
0.517646
0.523104
-0.23361
-0.246162
-0.239277
0.379389
0.368969
0.374802
0.221576
0.211838
0.21715
-0.720737
-0.726057
-0.722637
-0.0962406
-0.104093
-0.0998259
-0.295118
-0.29957
-0.296567
-1.0238
-1.02463
-1.02447
-0.577682
-0.579632
-0.578284
-0.687383
-0.687532
-0.687155
-0.916731
-0.915154
-0.916511
-0.754193
-0.751867
-0.753835
-0.713995
-0.710205
-0.712687
9.05473
9.0538
9.05385
9.1535
9.15628
8.93232
8.95261
9.07226
9.0585
-0.0727774
-0.0640759
-0.0660645
0.357207
0.362234
0.36215
0.78821
0.789524
0.790156
1.16088
1.1587
1.16051
1.24471
1.24292
1.24526
1.03382
1.03157
1.03401
0.597617
0.596276
0.597528
0.146372
0.147222
0.14769
-0.117153
-0.114832
-0.115188
-0.127776
-0.129231
-0.129102
-0.117676
-0.118764
-0.11812
-0.0744023
-0.0757964
-0.0752219
11.9252
12.0067
12.0146
12.013
11.9883
11.9968
11.9934
12.0015
12.004
12.0336
12.0443
12.0404
12.0369
12.0466
12.0428
12.0452
12.0498
12.2418
11.4625
11.4777
11.4943
11.6962
11.7314
11.4744
11.4714
11.4814
11.4839
11.4827
11.4559
11.4528
11.4284
11.4082
11.4154
11.4674
11.4564
11.4603
11.4403
11.4227
11.4291
11.3563
11.3492
11.354
11.2651
11.2548
11.2605
11.3424
11.3363
11.3403
11.2873
11.2878
11.2058
11.2018
11.204
11.2041
11.2345
11.1899
11.1307
11.2495
10.6526
10.9725
10.9924
10.9796
10.8727
10.8704
10.8724
10.9779
10.9809
8.41976
8.39834
8.40009
7.98015
8.02928
7.98594
8.41503
8.38594
8.76293
10.2864
10.2136
10.262
10.6352
10.4411
10.2275
10.2399
10.1742
10.1888
10.1821
10.2957
10.2918
10.2535
10.2577
10.2564
10.1952
10.1975
10.1967
10.26
10.2649
10.2634
4.10701
4.06898
4.07437
3.6943
3.65742
3.66127
4.09677
4.05836
4.06276
3.99642
3.95014
3.61397
3.5912
3.59428
3.48174
3.56532
3.27496
3.50752
3.20714
9.94075
9.94686
9.94326
6.56398
6.5718
6.56575
5.78254
5.76588
6.0621
6.04832
7.26928
4.05366
4.06985
4.04694
2.83648
2.85382
2.82428
3.0031
3.02123
2.9856
-0.479329
0.291275
0.248824
0.256347
0.0320133
0.140959
0.0568891
0.279526
0.222857
0.670024
-1.58271
-1.59796
-1.58777
-1.43765
-1.46203
-1.45229
-1.20925
-1.20872
-1.20833
-1.16824
-1.1672
-1.16662
-1.13721
-1.13516
-1.13495
-1.15198
-1.14976
-1.15016
-1.26574
-1.26317
-1.26521
-1.27706
-1.27448
-1.27642
-1.23671
-1.23557
-1.23754
-1.21356
-1.21249
-1.2144
-0.949464
-0.946872
-0.947915
-0.884054
-0.881717
-0.882862
-0.540144
-0.830595
-0.38692
-0.866875
-0.850417
-0.867503
-0.86978
-0.996672
-0.966823
9.23668
9.22724
8.89116
8.94712
9.29474
-1.27142
-1.01283
-0.998177
-1.00207
-0.973003
-0.957126
-0.960006
-0.984059
-0.969289
-0.973325
-0.858734
-0.332436
-0.321413
-0.13582
-0.136272
-0.258893
-0.246675
12.217
12.2137
12.2141
2.89256
2.84849
4.86691
6.24361
4.92457
4.7481
4.95978
8.187
12.2161
12.2097
12.2116
12.2158
12.2126
12.2131
11.825
11.8293
11.8274
12.3372
12.3463
12.3459
12.3399
12.3485
12.3483
11.1485
11.1538
11.1518
11.6253
11.6298
11.6277
11.5582
11.5532
11.5546
11.5906
11.5835
11.5858
11.0133
11.0015
11.0051
10.5025
10.5079
10.5058
9.9361
9.92955
9.92924
6.9096
6.92261
6.91748
6.47387
6.46556
6.4613
6.78674
6.80102
6.79508
10.1428
10.1445
10.1433
10.1572
10.3765
10.3798
10.3788
10.3336
10.3229
10.3259
10.3545
10.3417
10.3453
2.25303
2.20968
2.22045
2.76568
2.77244
2.76869
2.90435
2.86044
4.87752
6.25302
4.93398
4.75774
4.96929
8.19291
5.15319
5.29994
0.743692
0.56353
-12.3023
-18.7871
-22.4544
9.01194
8.99023
8.99702
9.06772
9.1037
9.09456
9.0448
9.05654
9.05198
9.06813
9.10323
9.09437
9.03442
9.04616
9.04176
-0.700021
-0.694457
-0.697648
-0.680879
-0.688909
-0.687954
-0.692875
-0.684033
-0.689757
-0.708267
-0.700268
-0.706337
-0.688447
-0.682285
-0.687443
-0.657044
-0.647108
-0.652801
11.8245
11.8288
11.8268
11.7632
11.7567
11.7593
11.7334
11.7283
11.73
11.1478
11.1531
11.1511
11.1055
11.111
11.109
12.2006
12.1974
12.1995
12.1922
12.1924
12.1944
12.2071
12.2077
12.2096
10.4574
10.4474
10.4499
10.5249
10.5315
10.5291
10.4253
10.4368
10.4318
10.4306
10.4221
10.4241
6.91232
6.92539
6.9203
6.4737
6.46552
6.46125
6.78516
6.79959
6.79366
7.1455
7.11114
7.11804
10.1397
10.1414
10.1402
10.154
10.3736
10.377
10.3759
10.3313
10.3204
10.3235
10.3545
10.3416
10.3453
5.58459
5.60336
5.59816
5.82448
5.78495
5.79106
5.68206
5.702
5.69644
0.724539
0.543778
-12.3346
-18.8284
-22.501
0.147586
0.169337
0.173332
9.01158
8.9898
8.99662
9.06774
9.1037
9.09458
9.06845
9.10342
9.09459
8.85073
8.86326
8.85966
9.02151
9.03827
9.03294
-0.650491
-0.647356
-0.648038
-0.765456
-0.76135
-0.764814
-0.714407
-0.708829
-0.711944
-0.693301
-0.701245
-0.700344
-0.706332
-0.697397
-0.703131
-0.722259
-0.714196
-0.72031
-0.671629
-0.661678
-0.667325
12.3378
12.3409
12.3416
11.8227
11.8285
11.8268
11.7249
11.7199
11.7237
11.6665
11.6584
11.6629
11.4601
11.4401
11.4462
11.3775
11.3517
11.3604
11.4869
11.4685
11.4757
11.548
11.5384
11.5436
11.3572
11.3285
11.3379
11.507
11.4907
11.4975
11.9868
11.9901
11.8096
11.8239
11.816
11.8202
11.8182
11.8211
11.5712
11.5626
11.5676
11.2382
11.207
11.2181
11.6014
11.5964
11.6005
11.6269
11.6242
11.6261
11.2458
11.2192
11.2293
11.6241
11.6199
11.6236
11.4264
11.3341
11.3474
11.3425
11.2817
11.2906
11.2869
11.1465
11.1523
10.8907
10.8973
10.8947
11.1992
11.206
11.2026
11.2393
11.253
11.2479
10.8865
10.8943
10.8911
11.2086
11.2182
11.2142
11.4786
11.4804
11.4795
11.3378
11.3488
11.3458
11.3698
11.3838
11.3795
11.2511
11.2655
11.2603
10.7951
10.8093
10.8036
11.2661
11.2809
11.276
11.2248
11.2392
11.2351
10.7718
10.7863
10.7805
11.2641
11.2792
11.2744
11.2814
11.2589
11.2667
10.9509
10.9437
10.9465
11.1293
11.1312
11.1311
11.1988
11.2117
11.208
10.4943
10.5117
10.5046
11.0793
11.0878
11.0851
10.8161
10.8157
10.8158
10.4315
10.448
10.4409
11.0205
11.0274
11.0252
11.0016
10.9632
10.9756
10.4074
10.3632
10.3766
10.6131
10.5828
10.593
10.7338
10.7301
10.7314
9.84566
9.85126
9.84689
10.4869
10.4714
10.4766
10.1368
10.099
10.1107
9.73934
9.74208
9.73867
10.3984
10.3772
10.3844
10.9257
10.9133
10.919
10.0967
10.0678
10.0773
10.1732
10.1302
10.1436
10.051
10.0079
10.0207
8.97374
8.94225
8.94993
9.82804
9.77799
9.79213
9.65457
9.61354
9.62602
8.86291
8.82606
8.83501
9.77636
9.72615
9.74034
10.6883
9.75041
9.91133
9.89582
9.90078
9.62198
9.5861
9.59733
8.34293
8.29779
8.30964
9.49427
9.4712
9.4761
9.06551
9.11439
8.29876
8.25827
8.26912
9.44425
9.42408
9.42974
10.7523
10.772
10.7602
10.4431
10.4462
10.4455
10.4766
10.4801
10.4785
10.3924
10.3994
10.3972
10.1102
10.1125
10.1119
10.3882
10.3923
10.3907
10.3344
10.3369
10.3362
10.0842
10.0863
10.0858
10.3782
10.3817
10.3803
10.7607
10.7674
10.7649
10.2088
10.2149
10.2131
10.3203
10.3257
10.3232
10.3127
10.315
10.3146
9.80695
9.80887
9.80799
10.224
10.2271
10.226
10.0442
10.0493
10.0471
9.74456
9.74661
9.74561
10.1842
10.1878
10.186
10.5879
10.5998
10.5947
9.70107
9.71107
9.7055
9.93496
9.94333
9.93968
9.98611
9.99112
9.98938
9.12853
9.13261
9.13018
9.78747
9.79412
9.79166
9.42602
9.43468
9.4298
8.99969
9.00409
9.00158
9.70655
9.71362
9.71057
10.1618
10.178
10.1707
8.79306
8.81079
8.80048
9.17433
9.19091
9.18278
7.81201
7.8162
7.80982
9.31325
9.32185
9.31642
8.94699
8.95847
8.95125
7.55466
7.55978
7.55205
8.33837
8.35523
8.34501
8.79841
8.81221
8.80485
9.38051
9.38704
9.38133
7.70987
7.72333
7.71232
8.10322
8.1201
8.10864
5.68155
5.69561
5.67902
8.1671
8.1842
8.17321
7.67683
7.69488
7.6825
5.39085
5.40723
5.3897
7.05815
7.07356
7.06075
7.50791
7.52502
7.5126
8.40553
8.37668
8.38274
6.74803
6.73296
6.73151
7.08975
7.08863
7.08239
6.91377
6.9274
6.915
4.42961
4.45052
4.43179
6.52802
6.53417
6.52412
6.08422
6.07541
6.07063
4.3594
4.37865
4.36056
6.40718
6.41002
6.40116
7.74176
7.69369
7.70558
6.092
6.04606
6.05392
6.25739
6.21787
6.22303
5.98043
5.96687
5.96357
3.95642
3.9504
3.94008
5.71621
5.68758
5.68875
5.45118
5.40886
5.4138
3.8998
3.88941
3.88044
5.6305
5.597
5.5994
7.35122
7.31495
5.70811
5.78063
5.7175
5.9307
5.89548
5.90164
5.40435
5.36043
5.36603
3.64818
3.61341
3.612
5.32906
5.28521
5.2925
5.16569
5.13815
5.13836
3.63437
3.59751
3.59711
5.29894
5.25773
5.26472
10.1947
10.0245
10.0257
10.0254
10.0599
10.0394
10.0534
10.0579
10.0502
9.86452
9.86496
9.86481
10.0126
10.015
10.0137
9.97681
9.97871
9.97817
9.85747
9.85764
9.8576
9.99082
9.99593
9.99465
10.1432
10.1469
10.1459
9.90059
9.90234
9.90198
9.96196
9.96366
9.96316
9.96759
9.9692
9.96875
9.76368
9.76441
9.76456
9.92719
9.9285
9.92818
9.84144
9.84266
9.84249
9.74308
9.74352
9.74378
9.90952
9.91045
9.91031
9.99708
9.99857
9.99831
9.58809
9.58923
9.58928
9.73344
9.73484
9.73468
9.81138
9.81264
9.81247
9.51533
9.51612
9.51621
9.70614
9.70738
9.70724
9.50762
9.50837
9.50846
9.46403
9.46474
9.46484
9.66039
9.66153
9.66144
9.61186
9.61288
9.6126
8.94056
8.93913
8.93962
9.2385
9.23888
9.23933
9.4444
9.44494
9.44512
9.0026
9.00187
9.00236
9.23204
9.23262
9.23289
8.86136
8.85964
8.86011
8.91743
8.91616
8.91674
9.15063
9.15111
9.15144
7.74915
7.67093
7.71854
8.7917
8.79426
8.79259
8.23851
8.2335
8.23379
8.06632
8.07748
8.74578
8.74408
8.74439
8.35819
8.3551
8.35503
7.72852
7.72107
8.16408
8.12079
8.22578
8.21927
8.22038
3.39016
3.40691
3.38534
1.00201
1.02479
0.988848
0.82051
0.841225
0.802711
-0.0149579
-0.0777741
-0.885017
-0.860243
-0.0231441
-0.0147487
-0.0502886
-0.735683
-0.747599
0.231194
0.253441
0.213505
0.0307308
0.0438487
0.00455001
3.17861
3.17303
3.16002
1.41688
1.4194
1.39922
1.30052
1.31139
1.28573
0.315963
0.338254
0.299992
-0.638242
-0.60492
-0.631371
0.575706
0.593804
0.562101
0.847951
0.856803
0.833851
-0.573829
-0.540873
-0.567384
0.651888
0.667392
0.638097
3.00335
2.97044
2.96748
1.53188
1.50942
1.50103
1.49495
1.48162
1.4688
0.89261
0.898371
0.877386
-0.0942997
-0.078718
-0.0973954
0.996638
0.99277
0.976615
1.06557
1.04923
1.03866
-0.0476299
-0.0353678
-0.052516
1.01241
1.00511
0.990275
3.059
3.0216
3.0248
1.78996
1.76143
1.76285
1.70432
1.67618
1.6752
1.0792
1.05957
1.0505
0.166284
0.158623
0.14972
1.14923
1.12529
1.12102
1.25702
1.22962
1.22992
0.190841
0.180964
0.173149
1.18355
1.15819
1.15512
2.11024
1.55106
1.70576
1.67803
1.68481
1.27767
1.25013
1.25181
0.371107
0.354233
0.354451
1.17955
1.16281
1.15685
0.531055
0.605262
0.384235
0.365755
0.367408
1.1279
1.10466
1.10761
9.68345
9.68398
9.68363
9.63733
9.63773
9.63743
9.81421
9.81416
9.8142
9.62002
9.61998
9.62019
9.65122
9.65104
9.6511
9.63436
9.63457
9.63434
9.45631
9.45615
9.45607
9.61489
9.61474
9.61469
9.57444
9.57405
9.57437
9.45151
9.45086
9.45093
9.60434
9.60398
9.60405
9.69409
9.69429
9.69467
9.47289
9.47306
9.47368
9.54165
9.5416
9.54224
9.5607
9.56018
9.56065
9.37588
9.37484
9.37578
9.51987
9.51941
9.5201
9.43941
9.43906
9.43977
9.36038
9.35922
9.36023
9.50195
9.50142
9.50214
9.42328
9.42356
9.42371
9.13567
9.1346
9.13521
9.28747
9.28753
9.28814
9.1928
9.19015
9.1912
9.41047
9.41031
9.41098
9.3235
9.32411
9.32447
9.14485
9.14415
9.14596
9.16917
9.17009
9.16997
9.28443
9.28507
9.28546
8.50642
8.92817
8.92769
8.92754
8.8503
8.84585
9.14399
9.14077
9.14204
9.01321
9.01481
8.80753
9.0205
9.006
-0.803283
-0.772022
-0.792833
-0.996385
-0.971703
-0.981806
-1.06502
-1.02573
-1.04653
-1.02256
-1.13913
-1.1144
-1.07576
-1.05646
-1.06288
-1.09978
-1.08331
-0.316274
-0.299767
-0.316132
-0.702853
-0.6874
-0.698147
-0.822912
-0.801052
-0.813141
-1.04694
-1.03233
-1.03795
-1.04124
-1.02181
-1.02929
-0.946432
-0.924974
-0.93458
-1.03337
-1.01834
-1.0233
-0.810486
-0.793808
-0.803215
-0.916509
-0.895501
-0.905446
-0.0706014
-0.0764567
-0.084305
-0.497953
-0.497741
-0.502912
-0.559132
-0.554649
-0.561695
-0.780598
-0.765819
-0.774767
-0.861898
-0.845064
-0.850624
-0.686539
-0.677643
-0.684556
-0.601004
-0.598215
-0.602694
-0.837171
-0.82147
-0.826579
-0.667039
-0.659936
-0.666312
0.0590795
0.0428555
0.0436432
-0.367356
-0.376729
-0.375444
-0.406571
-0.413427
-0.414548
-0.585805
-0.584394
-0.588295
-0.641093
-0.634741
-0.63573
-0.532296
-0.535293
-0.537002
-0.46498
-0.471618
-0.470191
-0.616829
-0.611734
-0.612136
-0.514608
-0.519163
-0.520088
-0.434947
-0.481244
-0.612805
-0.51769
-0.582482
-0.465061
-0.469038
-0.467271
-0.453268
-0.460038
-0.458036
-0.433296
-0.431441
-0.427225
-0.459617
-0.466588
-0.463235
-0.541117
-0.543661
-0.542037
-0.413287
-0.410985
-0.406046
-0.485208
-0.491413
-0.487476
-0.82088
-0.818865
-0.871631
-0.672448
-0.675396
-0.731011
-0.66723
-0.671798
-0.66128
-0.337974
-0.337066
-0.329849
-0.610327
-0.640903
-0.646072
-0.740329
-0.782214
-0.789385
-0.330339
-0.330769
-0.324446
-0.669188
-0.70709
-0.714278
-1.40163
-1.42586
-1.42527
-0.865469
-0.881347
-0.880279
-0.850292
-0.888904
-0.885971
-0.735422
-0.777928
-0.782053
-0.305209
-0.296141
-0.296811
-0.77589
-0.80543
-0.804794
-0.782655
-0.788863
-0.789775
-0.29045
-0.280022
-0.281124
-0.773037
-0.795947
-0.795434
-1.07472
-1.07712
-1.07525
-0.839953
-0.844652
-0.838385
-0.855923
-0.85625
-0.853663
-0.778602
-0.778849
-0.780038
-0.214472
-0.214702
-0.210418
-0.760214
-0.754671
-0.753719
-0.713665
-0.718136
-0.712394
-0.204536
-0.207859
-0.202442
-0.740883
-0.737266
-0.734812
-1.11123
-1.11365
-1.11215
-1.05967
-1.06641
-1.0619
-0.94031
-0.948274
-0.94285
-0.715506
-0.721585
-0.715318
-0.373484
-0.386675
-0.379082
-0.778512
-0.787658
-0.781449
-0.938886
-0.947813
-0.942902
-0.429304
-0.442174
-0.435238
-0.817419
-0.827127
-0.821134
-1.2559
-1.25541
-1.25765
-1.30017
-1.30005
-1.30134
-1.2579
-1.26016
-1.25993
-0.991547
-1.00043
-0.995473
-0.857737
-0.864218
-0.860879
-1.11483
-1.12061
-1.11746
-1.22887
-1.23206
-1.23118
-0.920616
-0.926408
-0.923269
-1.16008
-1.16519
-1.1626
-1.23328
-1.23158
-1.23379
-1.22351
-1.2217
-1.2243
-1.29783
-1.29659
-1.29852
-1.2538
-1.25648
-1.25623
-1.14456
-1.14551
-1.14616
-1.26359
-1.26452
-1.26506
-1.20281
-1.20144
-1.20287
-1.15818
-1.15804
-1.15934
-1.26293
-1.26455
-1.26472
-0.898386
-0.893463
-0.895146
-0.764312
-0.765268
-0.767895
-0.977002
-0.974691
-0.977876
-1.17365
-1.17182
-1.17363
-0.994478
-0.991592
-0.994095
-1.02846
-1.02689
-1.02924
-0.737194
-0.738466
-0.741029
-0.947626
-0.943436
-0.946568
-0.968504
-0.967395
-0.96997
9.22318
9.22225
9.22242
9.16894
9.16728
9.16765
9.40764
9.4065
9.40669
9.25642
9.25596
9.2564
9.25901
9.25961
9.25948
9.18369
9.18168
9.18215
9.06115
9.05963
9.05999
9.21005
9.20895
9.2093
9.22851
9.22966
9.22945
9.07374
9.07285
9.07307
9.2207
9.22023
9.2204
9.1703
9.15427
9.16338
9.34146
9.3398
9.3407
9.21667
9.21232
9.21379
8.99903
9.01897
9.22941
9.23089
9.23079
9.22667
9.2274
9.22743
9.24194
9.2428
9.12816
9.11478
9.25187
9.24668
9.24838
-0.875634
-0.85814
-0.862549
-0.699876
-0.682479
-0.68152
-0.79355
-0.775513
-0.775195
-0.898048
-0.878008
-0.598069
-0.581586
-0.798563
-0.782339
-0.780757
-0.449485
-0.452688
-0.669585
-0.652558
-0.650829
-0.761157
-0.745895
-0.744153
-0.625615
-0.617493
-0.617205
-0.380684
-0.370223
-0.364883
-0.505483
-0.49263
-0.488993
-0.629498
-0.612827
-0.610795
-0.176061
-0.164872
-0.165557
-0.503897
-0.489188
-0.485956
-0.31263
-0.300669
-0.296089
-0.122656
-0.111779
-0.11222
-0.45676
-0.442934
-0.439242
-0.384306
-0.379651
-0.373913
-0.00460349
0.000339804
0.00609935
-0.153782
-0.146501
-0.140675
-0.260563
-0.249517
-0.244765
0.248833
0.254523
0.255375
-0.108368
-0.0997436
-0.0951103
0.104337
0.108852
0.113183
0.304484
0.309078
0.310051
-0.0556915
-0.0482529
-0.0436733
-0.198038
-0.19394
-0.188041
0.375467
0.375891
0.37967
0.24174
0.243798
0.248432
0.15789
0.161504
0.165756
0.677053
0.677404
0.678772
0.31902
0.320662
0.324442
0.519901
0.519016
0.522365
0.731429
0.731138
0.732702
0.372091
0.373124
0.376798
-0.0706881
-0.0634575
-0.0631222
0.551867
0.547306
0.55105
0.53185
0.52843
0.531378
0.565365
0.563599
0.56688
1.0464
1.04306
1.04541
0.666016
0.661997
0.66503
0.710812
0.705825
0.709488
1.07405
1.0705
1.07286
0.688701
0.684181
0.687158
-0.0166415
-0.02302
-0.0171833
0.425382
0.414817
0.420851
0.512774
0.503684
0.509514
0.709695
0.704247
0.708443
1.10718
1.10389
1.10705
0.683602
0.676544
0.681553
0.57724
0.568615
0.573896
1.09327
1.08979
1.09305
0.665637
0.657942
0.66313
-0.290805
-0.303252
-0.296191
-0.026598
-0.0350321
-0.0303641
0.163607
0.154004
0.159217
0.534286
0.525634
0.530773
0.865023
0.861117
0.864137
0.380516
0.372509
0.377061
0.136903
0.130277
0.134102
0.813334
0.809473
0.812392
0.321469
0.313704
0.318095
-0.780903
-0.785782
-0.783099
-0.524615
-0.527187
-0.525463
-0.357796
-0.361459
-0.358721
0.0719922
0.0657317
0.0692833
0.406401
0.403872
0.405542
-0.11981
-0.123307
-0.120847
-0.35065
-0.351974
-0.350778
0.34125
0.339728
0.341572
-0.184618
-0.187075
-0.184975
-1.03615
-1.03666
-1.03732
-0.746638
-0.745101
-0.74664
-0.710001
-0.709508
-0.70948
-0.400349
-0.401239
-0.40021
-0.0413274
-0.0409726
-0.0404257
-0.514244
-0.513939
-0.513698
-0.592434
-0.590486
-0.591649
-0.0855735
-0.084974
-0.0845818
-0.544251
-0.543252
-0.543299
-0.552433
-0.551417
-0.552031
-0.870948
-0.869097
-0.870753
-0.690401
-0.686782
-0.68882
-0.599812
-0.597573
-0.599214
-0.258141
-0.256397
-0.257353
-0.578389
-0.575346
-0.577425
-0.465093
-0.464476
-0.464513
-0.271214
-0.269609
-0.270628
-0.567686
-0.564378
-0.566448
9.06016
9.06043
9.06036
-0.0191127
-0.0100899
-0.0120162
0.41325
0.417527
0.417625
0.845757
0.846139
0.847138
1.19639
1.1938
1.19573
1.23924
1.23716
1.23966
0.990683
0.988345
0.990768
0.539142
0.538434
0.539771
0.104471
0.105414
0.105772
-0.134311
-0.132428
-0.132777
12.0636
12.0547
12.2523
12.2535
12.2556
12.2686
12.2658
12.1371
11.5952
11.4913
11.4972
11.4949
11.4149
11.4071
11.4099
11.423
11.431
11.3374
11.3353
11.6033
11.608
11.8554
11.9629
10.9364
10.1109
10.3913
10.3463
8.74051
10.2991
5.70375
6.97899
8.68401
-1.05317
-1.07757
8.9879
12.1331
12.1302
12.1309
12.1619
12.1651
12.1641
12.1356
12.1329
12.1337
12.1158
12.1171
12.1166
12.1094
12.109
12.1095
12.1453
12.1449
12.1455
12.1621
12.1629
12.163
12.1002
12.0986
12.3545
12.3535
12.356
12.3528
12.3637
12.3628
12.2794
12.2781
12.2813
12.3096
12.317
12.3179
12.336
12.3319
12.3364
11.4842
11.4935
11.4898
11.4055
11.3999
11.4012
11.381
11.3752
11.3772
12.2726
12.2689
12.1525
12.154
12.1555
12.2437
12.2386
12.2447
12.2136
12.2026
12.2092
12.3355
12.3293
12.3355
12.3191
12.3136
12.1768
12.1792
12.1805
10.9256
10.931
10.9292
10.8525
10.8439
10.8462
10.8792
10.8681
10.8712
10.8226
10.8269
10.8251
10.8076
10.8197
10.9474
10.9582
10.9534
8.92413
8.90862
8.908
9.35351
9.33008
9.33533
9.04336
9.05043
9.04667
8.80198
8.79009
8.78838
9.51739
9.48719
9.49764
9.21933
9.2162
9.21913
10.3111
10.3193
10.3156
10.2509
10.2442
10.2452
10.2753
10.2892
10.2793
10.2902
10.2845
10.2412
10.2334
10.2353
5.31125
5.28619
5.2497
5.24799
5.24479
5.92932
5.88053
5.89344
5.68202
5.69043
5.69252
5.74104
5.74734
5.36896
5.36836
5.36465
-1.2116
-1.14637
-1.13257
-1.62132
-1.53173
-1.50674
-1.6236
-1.4855
-1.2399
-1.1864
-1.17084
6.84034
6.85555
6.86199
7.48481
7.46432
7.47373
7.83046
7.83788
7.8374
6.9102
6.91806
7.42829
7.40556
7.41378
-0.707257
-0.685465
-0.72079
-0.0197914
-0.0924843
-0.0519033
-0.112705
-0.0974409
-0.0990031
-0.856103
-0.8647
-0.620841
-0.628824
-0.627161
8.75166
8.77656
8.77134
8.80143
8.78246
8.78872
8.6192
8.61639
8.62866
8.63718
8.63434
-0.887881
-0.885023
-0.88638
-0.914064
-0.900209
-0.90636
-0.959099
-0.95293
-0.955919
-0.894364
-0.880209
-0.876721
-0.879551
-0.573337
-0.57663
-0.575089
-0.644215
-0.638233
-0.640141
8.96257
8.98052
8.97593
8.94614
8.95192
-0.628
-0.620214
-0.626
-0.593952
-0.60144
-0.601265
-0.897362
-0.884653
-0.894832
-0.819542
-0.819303
-0.824386
-1.00853
-1.00847
-0.951716
-0.944871
-0.952037
12.3321
7.73097
7.73349
7.72872
7.23925
7.23692
7.51256
7.41416
7.4746
7.69086
7.71192
7.6963
7.13031
7.12497
7.6497
7.56932
7.61687
7.29336
7.19705
7.19484
7.10821
7.30448
7.29595
5.18966
5.1823
5.18818
4.22838
4.15836
4.42171
4.36708
4.40859
4.12681
3.46893
3.03138
8.55477
8.52578
8.08612
8.20509
8.66215
8.93963
8.49812
-0.574992
9.26065
9.25645
9.25805
9.16011
9.15419
9.16888
9.15204
9.16251
9.22015
9.24846
9.23087
9.06166
9.07748
9.26794
9.25258
9.26154
9.26097
9.25311
9.18213
9.16473
9.24424
9.24492
-1.11013
-1.09471
-0.969444
-0.982901
-1.14512
-1.12282
-1.1903
-1.07895
-1.35077
9.19835
9.19174
8.77023
8.85192
-0.634422
-0.201895
-0.205706
-0.203883
-0.0338354
-0.0380404
-0.0363696
-0.156682
-0.160823
-0.158761
12.27
11.9131
11.9231
11.9356
12.0823
12.1004
12.1046
12.1074
12.0945
12.0968
11.9613
11.9662
11.9656
11.9518
11.9554
11.9507
11.9607
12.1161
12.0946
12.0724
12.3347
12.1271
12.132
12.1502
12.131
12.1396
12.0706
12.0794
12.0766
12.0754
12.0874
12.061
12.0744
12.2422
12.243
12.1822
12.1422
12.1228
12.183
12.307
11.5378
11.4632
11.5302
11.7152
11.5375
11.5411
11.5192
11.5043
11.5454
11.5416
11.5587
11.503
11.4914
11.4972
11.5091
11.4932
11.4703
11.485
11.4872
11.4855
11.4482
11.4425
11.4434
11.462
11.4538
11.4179
11.4559
11.4432
11.474
11.4639
11.4623
11.4404
11.448
11.4379
11.4247
11.426
11.466
11.4463
11.453
11.4711
11.4634
11.4661
11.4532
11.4419
11.446
11.4433
11.4289
11.4339
11.443
11.4202
11.4593
11.4471
11.4507
11.452
11.4424
11.4423
12.0264
11.6079
11.6051
11.608
11.6195
11.624
11.6219
11.6003
11.5972
11.5994
11.2708
11.2616
11.2666
11.3191
11.3147
11.3174
11.3425
11.3367
11.3393
11.6468
11.6454
11.5795
11.5798
11.5803
11.5736
11.591
11.5801
11.8592
11.6766
11.5758
11.1772
11.1991
11.1843
11.3094
11.3098
11.3089
11.3045
11.3002
11.5916
11.5713
11.5718
11.559
11.5638
11.7837
11.5478
11.1798
10.8356
10.942
10.8713
11.0624
11.0756
11.0757
11.1319
11.0161
11.0308
10.8326
10.8527
10.8413
10.9054
10.9196
10.943
10.9493
11.0721
10.8838
11.0491
10.2255
8.94392
8.9294
8.92285
8.8887
8.87811
7.99611
7.97459
7.98056
8.3558
8.32971
8.04697
8.10409
9.00642
9.64169
8.82946
7.80457
7.8801
7.93938
9.40958
10.3807
10.0265
10.6799
10.5488
10.551
10.4699
10.4717
10.501
10.5146
10.5098
10.415
10.4278
10.555
10.1357
10.3699
10.3241
10.2228
10.208
10.2191
10.2703
10.2833
10.2751
10.2721
10.2773
10.4074
10.3206
10.3235
10.2784
10.2898
10.3323
10.3344
10.3336
10.3969
10.4119
10.4026
10.3441
10.3448
10.3444
10.2048
10.2069
10.2063
10.2749
10.2777
10.2765
10.2555
10.2624
10.2605
10.4026
10.4072
10.2891
10.3051
10.2976
10.3356
10.324
10.3334
6.40844
4.75388
4.72516
4.72897
5.05561
5.03139
5.02792
4.78678
4.75172
4.75358
3.69953
3.66807
3.67082
3.99108
3.96311
3.96674
4.039
4.01221
4.01033
5.10396
5.05764
4.66016
4.63772
4.64095
4.59389
4.67765
4.60528
5.7665
4.37759
4.55411
3.51483
3.60808
3.52818
3.95397
3.92827
3.92334
4.00698
3.95447
4.40042
4.6259
4.60105
4.59615
4.57175
5.31513
4.75702
10.1013
9.95262
9.95789
6.97773
6.98708
6.97932
6.77314
6.76199
6.63302
6.62656
5.37415
5.73263
6.66186
6.6912
7.17305
7.2558
6.87997
7.30888
4.31293
4.32736
4.30841
3.5131
3.49434
3.10283
3.25388
3.16659
1.86601
1.80718
1.8214
1.10191
0.9966
1.88992
1.9968
1.9101
2.53541
2.5987
0.643209
0.677046
2.3585
2.30034
-0.504617
0.0177554
-1.00177
-0.853811
0.81113
0.780133
0.24032
0.827322
0.776802
0.117632
0.0732694
0.0924307
0.13508
0.0583629
-0.300348
-0.237681
0.0904881
1.79594
0.618036
-0.319616
-0.682275
-0.859917
0.796795
8.02155
-0.890721
-0.860337
-0.852988
-0.844953
-0.948751
-1.07714
-0.845053
9.22373
9.2249
9.03339
9.04823
9.16015
9.14221
9.23337
9.2046
9.54897
8.96506
9.22079
8.90194
9.56931
-1.0496
-1.03452
-1.03771
-1.0621
-1.03962
-1.01504
-0.998802
-1.00268
-0.927195
-0.969614
-0.93258
-0.884291
-0.893324
-1.02669
-1.01094
-1.01379
-1.10944
-1.091
-1.05873
-1.03554
-1.05107
-1.03344
-0.801072
-0.958605
-0.892139
-1.23939
9.29483
-0.415451
-0.404525
-0.428611
-0.262187
12.0901
12.1832
12.1778
12.1779
12.1795
12.1796
12.1854
12.1864
12.1764
12.177
12.1549
12.158
12.1018
12.2346
12.2298
12.2331
12.2468
12.243
12.2463
12.2471
12.2444
12.2387
12.2333
12.2137
12.2089
3.39535
3.09575
8.88684
-1.69667
-3.07535
-2.48778
-17.4278
-5.84335
-1.21019
-1.14493
-1.13112
-0.413252
-0.439423
-0.418328
-1.24884
-1.19522
-1.1797
-0.44349
-0.480421
-0.456509
-1.74797
-1.66455
-1.63743
-3.16177
-3.04607
-1.63891
-1.50069
-1.85482
-1.6853
-1.44533
-1.53595
-1.27993
-3.49279
-3.57299
-3.54505
-3.99235
-4.01199
-4.19784
-12.7041
-14.7021
-4.1885
-4.40247
-11.4834
-12.8491
-13.9796
-0.242911
-0.217307
-0.0867449
0.0214365
-0.255683
-0.207798
0.0597454
0.0204844
0.0567691
0.0604674
0.0617728
0.0531773
0.0605543
-0.0256126
-0.0221924
0.0765396
0.0833682
0.0858927
0.229359
0.246664
0.25316
0.287946
0.29288
0.122255
0.137696
0.400099
0.412433
0.416
12.1775
12.1792
12.1793
12.1826
12.1858
12.1846
12.1847
12.1858
12.1821
12.1766
12.1778
12.1783
12.1541
12.1571
12.0915
12.1778
12.1031
12.0149
12.0192
12.0171
12.0265
12.0225
12.024
12.0428
12.0377
12.0397
11.8442
11.8461
11.8804
11.8819
11.881
11.797
11.8
11.7986
11.7911
11.7935
11.832
11.8362
11.8346
11.951
11.955
12.0049
12.0114
11.883
11.8772
12.02
12.0244
12.0223
11.9145
11.9098
11.9115
11.9651
11.9705
11.9681
11.8223
11.7728
11.6764
11.9319
11.9675
11.8433
12.0557
12.2917
12.2956
12.2968
12.2731
12.2743
12.2757
12.2734
12.2776
12.2796
12.2991
12.3019
12.303
12.2272
12.2239
12.2269
12.3131
12.3129
12.1204
12.3599
12.3508
12.3762
12.3699
12.4323
12.434
12.3704
12.3717
12.3759
12.3153
12.3118
12.3145
12.4336
12.4337
12.3377
12.3408
12.3415
12.3883
12.3811
12.4202
12.4241
12.3234
12.3196
12.324
12.3435
12.3473
12.3502
12.3709
12.3697
12.3741
12.1388
12.0866
12.1514
12.1056
12.0875
11.0516
11.0428
11.0457
10.9898
11.0017
10.9969
11.023
11.016
11.0181
11.1663
11.1745
11.1701
11.1287
11.1405
11.1354
11.0239
11.0391
11.0314
10.9914
10.9901
11.0469
11.0412
11.0415
11.0963
11.5088
11.5126
11.5107
11.5369
11.5397
11.5383
11.6599
11.6676
11.6643
11.5842
11.5783
11.5798
11.5211
11.5168
11.3051
11.3124
11.3096
11.3708
11.3793
11.3759
11.3394
11.349
11.3451
11.2389
11.249
11.3638
11.4826
11.3117
11.9788
11.9771
11.9814
11.9608
11.9424
11.904
11.8926
11.8994
11.8904
11.895
11.8946
11.8613
11.8542
11.8569
11.8193
11.8138
11.8158
11.5959
11.5875
11.5903
11.6922
11.6634
11.854
11.9607
11.5627
11.3134
10.7458
10.6968
10.6883
10.6904
10.6761
10.6884
10.6832
10.6841
10.7025
10.7207
10.7139
10.7144
10.5274
10.5376
10.5067
10.5157
10.5198
10.5295
10.5252
10.5337
10.539
10.5353
10.6188
10.6273
10.5455
10.5384
10.7144
10.7295
10.7218
10.5764
10.5658
10.5676
10.6399
10.6459
10.644
10.6115
10.4594
10.8118
10.6969
10.5879
10.9398
10.204
10.1828
10.1873
10.0157
10.0164
10.0159
10.1111
10.1118
10.1111
9.99158
9.97667
9.98355
10.0132
9.99135
10.3523
10.3256
10.3349
9.72968
8.94421
8.90432
8.38894
8.32921
8.17531
8.16973
8.94447
8.92392
8.92925
8.13453
8.1327
8.13698
8.33699
8.30889
8.31354
7.83328
7.80681
7.69768
7.69094
7.68939
7.14686
7.11265
7.11952
6.55684
6.54006
6.5431
6.96279
6.95765
6.92121
6.92371
6.92464
7.83398
7.81995
7.82574
7.28293
7.24138
7.25372
8.2346
8.73088
8.05597
7.65226
7.22903
6.88236
10.3169
10.3245
10.344
10.3331
10.3356
10.3859
10.393
10.3902
10.3311
10.3217
10.312
10.314
10.3126
10.2191
10.2233
10.2224
10.2712
10.2809
10.2768
10.2509
10.2611
10.2566
10.2234
10.2291
10.3068
10.3513
10.3225
10.2108
4.4126
4.42422
4.42338
4.33846
4.36245
4.35524
3.42835
3.38502
3.39302
4.08748
4.08404
4.07847
3.98268
3.98174
3.97545
3.48274
3.40752
5.17964
5.68437
3.47036
2.28474
2.23299
2.2489
2.74765
2.74922
2.75203
2.03199
3.10847
4.73204
4.66238
8.882
3.4178
4.82278
-1.47607
-0.343991
-0.357509
-0.575304
-0.605386
-21.1266
-1.9857
0.863539
0.819521
0.83182
0.576822
0.627547
0.626823
0.603496
0.655741
0.654653
0.184713
0.207476
0.210807
0.0692499
0.0849633
0.0934404
0.195991
0.218196
0.880383
0.827169
0.844623
0.137082
-3.14479
-3.02882
-1.83776
-1.66837
-1.73799
-1.65473
-1.62761
-1.43273
-1.52339
-1.26754
-3.48991
-3.56994
-3.54203
-3.97532
-3.99483
-4.18047
-12.6811
-14.6784
-11.4608
-12.8246
-13.954
-4.17031
-4.384
-3.06292
-1.69118
-2.47114
-17.3618
-5.80894
-0.874689
-0.898451
-0.889958
-0.877545
-0.910589
-0.89812
-0.899715
-0.925629
-0.91291
-0.812432
-0.829527
-0.830472
-1.03142
-1.02958
-1.03157
-0.804832
-0.834019
-0.82139
-0.877603
-0.896625
-0.887016
-0.990144
-0.995833
-0.995514
-1.29272
-1.27954
-1.27772
-1.17121
-1.20463
-1.19423
-1.08202
-1.09662
-1.09903
-1.19662
-1.20797
-1.2034
-1.18953
-1.24267
-1.22244
-1.09046
-1.12802
-1.11176
-1.25097
-1.26829
-1.26152
-1.09174
-1.14494
-1.12632
-0.765957
-0.742085
-0.751598
-0.777003
-0.757409
-0.762858
-0.816581
-0.794865
-0.801817
-0.712666
-0.693352
-0.70063
-0.69479
-0.68815
-0.687831
-0.644285
-0.635415
-0.635907
-0.676133
-0.66671
-0.667902
-0.674054
-0.667397
-0.66672
-1.06653
-1.05202
-1.05973
-1.24771
-1.21627
-1.22974
-1.173
-1.14725
-1.16096
-1.16485
-1.14067
-1.15109
-1.08656
-1.066
-1.07395
-1.08847
-1.06553
-1.07516
-1.12337
-1.10076
-1.10899
-1.0269
-1.00883
-1.01657
-0.697234
-0.694711
-0.695316
-0.700853
-0.699011
-0.699761
-0.693955
-0.692835
-0.693302
-0.702308
-0.699211
-0.699993
-0.736839
-0.736189
-0.737093
-0.744017
-0.741293
-0.742653
-0.736
-0.734086
-0.735092
-0.745845
-0.744195
-0.745495
-0.989564
-0.986801
-0.98844
-0.97867
-0.978881
-0.979214
-0.988206
-0.986292
-0.986825
-0.986051
-0.985162
-0.986418
-1.01155
-1.01179
-1.01289
-1.00597
-1.00586
-1.00676
-1.0032
-1.00394
-1.00485
-1.01178
-1.01129
-1.01255
-0.888197
-0.886215
-0.888546
-0.908661
-0.906654
-0.909353
-0.90481
-0.903165
-0.905596
-0.893763
-0.891298
-0.893926
-0.952466
-0.950944
-0.953782
-0.938929
-0.937248
-0.940012
-0.936831
-0.935325
-0.937877
-0.952236
-0.950675
-0.953714
-1.11155
-1.11105
-1.11341
-1.12362
-1.12312
-1.12577
-1.11287
-1.11229
-1.11473
-1.12243
-1.12193
-1.1245
-1.14826
-1.14677
-1.15012
-1.14254
-1.14135
-1.14453
-1.152
-1.15044
-1.15391
-1.13816
-1.13715
-1.14017
-1.00198
-1.00213
-1.00499
-0.988233
-0.989735
-0.992187
-1.00303
-1.00331
-1.00608
-0.989658
-0.990796
-0.993414
-0.977528
-0.978533
-0.980938
-0.967546
-0.970092
-0.972178
-0.985087
-0.986096
-0.988611
-0.957618
-0.960473
-0.962349
-1.13897
-1.13909
-1.14182
-1.14648
-1.14602
-1.14902
-1.1504
-1.15008
-1.15312
-1.13534
-1.1354
-1.138
-1.08996
-1.091
-1.09305
-1.1176
-1.11787
-1.12058
-1.10607
-1.10598
-1.10866
-1.1023
-1.10344
-1.10565
-0.771743
-0.774284
-0.775514
-0.700458
-0.705742
-0.705504
-0.73124
-0.732969
-0.734052
-0.741993
-0.748001
-0.74794
-0.579412
-0.581319
-0.581892
-0.606934
-0.613311
-0.612877
-0.633739
-0.636359
-0.637111
-0.551823
-0.556855
-0.556555
-0.855672
-0.860201
-0.860871
-0.847082
-0.84884
-0.850217
-0.886057
-0.887873
-0.889459
-0.814005
-0.81839
-0.819056
-0.674634
-0.677262
-0.679654
-0.764014
-0.766647
-0.76777
-0.715396
-0.717441
-0.718472
-0.732035
-0.737503
-0.738464
0.0640876
0.0677575
0.0690914
0.0588823
0.066257
0.0837989
0.0906026
0.09317
-0.0197118
-0.0163135
0.235447
0.252721
0.259234
0.293828
0.298745
0.408085
0.42046
0.424052
0.126099
0.141514
-0.238837
-0.213186
-0.0821184
-0.251409
-0.203344
0.0272125
0.0637547
0.0233406
8.49095
8.4682
8.47589
8.43432
8.46911
8.46312
8.45614
8.48957
8.48395
8.51938
8.49625
8.15901
8.14061
8.14724
8.29145
8.30397
8.30204
8.32336
8.3349
8.33314
8.34292
8.35422
8.35271
8.1846
8.16604
8.17386
8.65807
6.98867
-0.562799
-0.573324
-0.564739
-0.419258
-0.431657
-0.210068
-0.211482
-0.205282
-0.175044
-0.172814
-0.171974
-0.615553
-0.623132
-0.617709
-0.985048
-0.665812
-0.673878
-0.669015
-0.334865
-0.336389
-0.335439
-0.248572
-0.249674
-0.247929
-0.426014
-0.425404
-0.424675
-0.33263
-0.330206
-0.329575
-0.480583
-0.483736
-0.482078
-0.426829
-0.418296
-0.420953
-0.347116
-0.339977
-0.341142
-0.70001
-0.706143
-1.02417
9.07523
9.1246
9.0156
8.99424
8.99675
8.99512
9.07505
9.10673
9.09858
9.01736
9.03021
9.02597
9.1392
9.17749
9.03151
8.90281
8.88121
8.88777
8.91921
8.94968
8.94244
8.92634
8.97307
8.90041
8.87873
8.88561
9.03986
9.03031
9.01555
9.03184
9.02682
9.03484
9.01609
9.02247
8.99585
9.01232
9.00774
9.03323
9.1883
-0.953622
-0.950556
-0.633809
-0.639181
-0.637635
-1.02685
-1.02704
-0.936673
-0.935909
-0.938105
-1.00668
-1.00121
-1.00671
-1.0261
-0.975375
-0.974388
-1.01745
-0.998858
-0.980623
-0.961919
-0.973012
-0.835475
-0.979193
8.98512
-0.819808
-0.817183
-0.824222
-0.897567
-0.902814
-0.587321
-0.584546
-0.589401
-0.786032
11.8199
11.7706
11.6754
11.9293
11.9653
11.8405
12.0143
12.0186
12.0165
12.0262
12.0223
12.0238
12.0426
12.0376
12.0396
12.0879
12.0884
12.0886
12.0198
12.0243
12.0221
11.7969
11.7998
11.7984
11.8509
11.8519
11.8508
11.8436
11.8455
11.7903
11.7927
11.7115
11.7056
11.8316
11.8359
11.8342
11.7641
11.759
11.7608
11.88
11.8815
11.8806
11.9644
11.9699
11.9675
11.9502
11.9542
12.0042
12.0107
11.882
11.8763
11.9141
11.9094
11.9111
12.1625
12.1657
12.1647
12.133
12.13
12.1308
12.1829
12.1861
12.1849
12.1354
12.1327
12.1335
12.1155
12.1168
12.1163
12.1275
12.124
12.1256
12.1468
12.1466
12.1471
12.1627
12.1634
12.1635
12.1232
12.1194
12.0999
12.0985
11.0962
11.0517
11.0429
11.0458
11.022
11.015
11.0172
11.169
11.1771
11.1727
11.1314
11.143
11.138
11.0273
11.0424
11.0348
10.997
10.9956
11.0499
11.0443
11.0446
11.5639
11.3136
12.153
12.1545
12.156
12.1776
12.18
12.1813
12.218
12.207
12.2136
12.2488
12.2438
12.2499
12.3244
12.3191
11.891
11.8958
11.8954
11.9853
11.9838
11.988
11.9672
11.9487
11.9109
11.8995
11.9063
11.5976
11.5891
11.592
11.8631
11.8559
11.8586
11.8201
11.8147
11.8166
11.6982
11.6694
10.8064
10.6909
10.5823
10.6952
10.6867
10.6887
10.7243
10.7175
10.7181
10.7185
10.7333
10.7258
10.5113
10.516
10.5138
10.4998
10.5051
10.5031
10.5345
10.5442
10.4373
10.4312
10.5228
10.5322
10.5281
10.4531
10.4458
10.4468
10.5374
10.5423
10.5388
10.6399
10.646
10.644
10.6926
10.7107
10.6255
10.6341
10.5518
10.5448
10.5801
10.5694
10.5714
10.9244
10.9298
10.928
10.8514
10.8428
10.8451
10.9885
11.0005
10.9957
10.8794
10.8682
10.8713
10.8228
10.8272
10.8254
10.8307
10.838
10.8335
10.9509
10.9615
10.9568
10.8148
10.8268
8.24702
8.06718
6.89894
9.03929
9.04643
9.04268
9.21884
9.21575
9.21867
9.51872
9.48819
9.49869
8.94526
8.90543
8.33956
8.31147
8.31612
8.38915
8.32891
8.17392
8.16834
8.94362
8.92321
8.92846
8.13069
8.12889
8.13315
7.69509
7.68839
7.68688
7.83189
7.80567
6.54929
6.5328
6.53565
7.31107
7.25294
6.95887
6.95389
7.27752
7.23575
7.24808
6.91366
6.91635
6.91713
7.82899
7.81503
7.82076
10.1538
10.1543
10.1526
10.3438
10.316
10.2035
10.2385
10.2307
10.2326
10.2476
10.258
10.2534
10.3138
10.3219
10.3183
10.2539
10.2472
10.2482
10.3118
10.3138
10.3125
10.3232
10.3302
10.3887
10.3956
10.3929
10.3474
10.3364
10.339
10.4662
10.4789
10.4724
10.3366
10.3272
10.2192
10.2235
10.2226
10.2711
10.2808
10.2767
10.2279
10.2335
3.91069
3.48422
5.25386
5.25222
5.2491
5.37247
5.37189
5.36823
5.92072
5.87192
5.88475
5.67355
5.68232
5.68422
5.73564
5.7421
4.34402
4.36799
4.36087
4.40717
4.41881
4.41789
3.99663
3.95745
3.98513
3.97723
3.97782
3.43068
3.38726
3.39533
4.0907
4.08715
4.08161
3.98889
3.98758
3.98142
3.47604
3.40076
1.96007
1.99531
1.9897
1.90376
1.93877
1.93276
2.74308
2.74469
2.74748
2.28088
2.22893
2.24484
2.04072
2.06713
1.91261
1.93579
1.93509
-2.02237
-0.923638
-1.49862
-21.1984
-0.596026
-0.626018
0.142521
0.0612943
0.07722
0.0855749
0.580236
0.630954
0.630231
0.867223
0.823266
0.835522
0.602744
0.654968
0.653872
0.183392
0.206093
0.209421
0.182475
0.204687
0.874914
0.821859
0.83919
8.66037
8.4896
8.46678
8.47449
8.43232
8.46718
8.46119
8.45544
8.48899
8.48335
8.51304
8.48986
8.14935
8.13078
8.13886
8.18379
8.16534
8.17313
8.34267
8.35416
8.35261
8.15347
8.13536
8.14188
8.28592
8.29884
8.29676
6.8337
6.84887
6.8553
7.48237
7.46208
7.47145
7.42168
7.39931
7.40745
-1.0223
-0.130798
-0.115571
-0.117295
-0.506042
-0.515546
-0.508983
-0.232078
-0.233827
-0.227769
-0.191098
-0.188855
-0.188087
-0.444623
-0.45745
-0.643827
-0.651719
-0.646155
-0.647499
-0.646441
-0.645032
-1.06059
-0.26314
-0.264262
-0.262536
-0.345535
-0.34334
-0.342603
-0.69622
-0.704541
-0.699551
-0.777322
-0.783272
-0.779138
-0.493775
-0.497001
-0.495272
-0.441027
-0.432794
-0.435181
-0.36097
-0.35412
-0.355001
-0.732428
-0.738999
9.14324
9.18267
9.07278
9.12221
9.01174
8.99073
8.99538
8.99326
9.07456
9.10608
9.09795
9.03995
8.86448
8.90187
8.88
8.88695
8.90191
8.88034
8.88681
8.91636
8.94697
8.9396
8.92214
8.96842
8.80122
8.80916
9.01508
9.03126
9.02627
8.99436
9.01072
9.00614
9.03398
9.015
9.02141
-0.879238
-0.882487
-0.880775
-0.973039
-0.586076
-0.58929
-0.587719
-0.952711
-0.938987
-0.945094
-0.926057
-0.922851
-0.924296
-0.998497
-0.992308
-0.995386
-0.933539
-0.919654
-1.06695
-1.06746
-1.04627
-1.04087
-1.04654
-0.977017
-0.976068
-0.978429
-0.872635
-1.01248
-0.939028
-1.01535
-1.01476
-1.0583
-1.04032
-1.04312
-1.0432
-1.02042
-1.00189
-1.01313
8.98567
9.00463
8.999
8.94568
8.95112
-0.812778
-0.610031
-0.617411
-0.617339
-0.602592
-0.59981
-0.604786
-0.849071
-0.846391
-0.853559
-0.922443
-0.927636
12.0847
12.0556
12.3535
12.3644
12.3635
12.3127
12.3202
12.3212
12.2816
12.2804
12.2837
12.3164
12.3129
12.3156
12.3628
12.3536
12.3796
12.3733
12.3394
12.3352
12.3398
12.327
12.3232
12.3276
11.7504
11.7536
11.7149
11.7161
11.7356
11.7345
11.9303
11.9312
11.9326
11.9199
11.9195
11.9219
11.9257
11.9257
11.9278
11.2784
11.4621
11.4679
11.4657
11.4624
11.4748
11.4702
11.4664
11.4782
11.4738
11.3523
11.3374
11.3429
11.384
11.3811
11.3826
11.3485
11.3429
11.3454
11.0802
11.0424
11.0546
11.0686
11.0376
11.048
11.0257
10.9915
11.0026
10.9505
10.9324
10.9401
10.8012
10.767
10.7787
10.7877
10.7586
10.7689
10.6571
10.6952
10.6468
10.6743
10.6544
10.6522
10.6443
10.6477
10.694
10.7086
10.595
10.61
10.6573
10.6592
10.7788
10.7846
10.7823
10.6703
10.6756
10.673
10.6562
10.6621
10.6593
10.6768
10.6868
10.6829
10.5183
10.5279
10.5242
10.4894
10.4995
10.4956
10.3629
10.3791
10.3726
10.1622
10.1764
10.1699
10.0984
10.1145
10.1076
9.71282
9.72425
9.71714
9.47937
9.49459
9.48577
9.37607
9.39033
9.38158
8.77403
8.76281
8.76318
8.5544
8.55543
8.55049
8.43697
8.43426
8.43055
7.87771
7.82651
7.83749
7.60349
7.56289
7.57005
7.50542
7.46022
7.46852
7.46147
7.43209
7.43609
7.16184
7.12146
7.13071
7.10744
7.07091
7.079
10.1858
10.1792
10.1817
10.1805
10.1296
10.1305
10.1302
10.1194
10.1203
10.1201
10.087
10.0883
10.088
10.0199
10.0219
10.0214
9.99724
9.99908
9.99873
9.80337
9.80504
9.80474
9.73707
9.7388
9.73864
9.6849
9.68662
9.68644
9.18186
9.18489
9.18318
9.11426
9.11649
9.11524
9.00211
9.00432
9.00271
2.78022
2.79955
2.771
3.66466
3.68397
3.66045
2.71904
2.74091
2.7127
3.27848
3.28572
3.26955
2.64073
2.65802
2.63639
2.64558
2.65983
2.63915
3.03502
3.00937
3.00226
2.54881
2.53494
2.52249
2.53021
2.51231
2.50122
3.05247
3.01324
3.016
2.55043
2.51657
2.51509
2.58088
2.54799
2.54745
2.39029
2.47456
2.48322
2.58696
2.50092
2.58111
2.55777
2.56164
9.8367
9.83845
9.83787
9.78616
9.78685
9.78654
9.77755
9.77863
9.77823
9.74992
9.75
9.75016
9.70517
9.70594
9.70585
9.69118
9.69153
9.69167
9.55154
9.55201
9.55251
9.52215
9.52279
9.5233
9.48875
9.48966
9.49016
9.15084
9.14814
9.14889
9.14612
9.14333
9.14443
9.07915
9.07614
9.0771
-0.956526
-0.929119
-0.874521
-0.84769
-0.863368
-0.972657
-0.920571
-0.95105
-0.46454
-0.437922
-0.457505
-0.724117
-0.694173
-0.711664
-0.666938
-0.638505
-0.655863
-0.0996845
-0.097602
-0.108187
-0.335426
-0.326445
-0.337887
-0.299436
-0.29254
-0.303112
0.0506404
0.0378624
0.0358597
-0.15712
-0.164282
-0.168684
-0.136911
-0.144322
-0.147693
-0.171762
-0.185036
-0.188703
-0.128619
-0.142644
-0.141599
-0.189455
-0.199747
-0.200149
-1.55839
-0.0319391
-1.73958
-1.66847
-0.958781
-0.974244
-1.20137
-1.29425
-1.14831
-1.15863
-1.15636
-1.00404
-1.0279
-1.02237
-1.03289
-1.05013
-1.04582
-1.0221
-1.02567
-1.02085
-0.985573
-0.988668
-0.982721
-1.00221
-1.00574
-1.00007
-1.20728
-1.20834
-1.20937
-1.20866
-1.20844
-1.20906
-1.22842
-1.22785
-1.22903
-1.2622
-1.2614
-1.26354
-1.28504
-1.28544
-1.28779
-1.28307
-1.28269
-1.28516
-1.0648
-1.06137
-1.0635
-1.14606
-1.14274
-1.14554
-1.11044
-1.10674
-1.10928
9.40438
9.40405
9.404
9.34188
9.34209
9.34191
9.34931
9.34933
9.3492
9.38714
9.3869
9.38744
9.33356
9.33493
9.33505
9.32722
9.32855
9.32873
-0.903545
-0.888842
-0.891574
-0.916009
-0.899802
-0.90464
-0.883138
-0.867379
-0.870517
-0.695028
-0.683958
-0.685463
-0.701764
-0.687554
-0.688915
-0.668707
-0.655542
-0.656276
-0.467777
-0.46235
-0.459207
-0.451323
-0.443015
-0.439663
-0.419145
-0.411318
-0.40721
-0.263603
-0.258349
-0.250843
-0.181848
-0.176363
-0.169012
-0.144743
-0.139489
-0.132403
-0.119911
-0.11303
-0.111483
0.0699309
0.0743118
0.077357
0.0897596
0.0939959
0.0965246
-0.0254609
-0.023844
-0.0211886
0.18916
0.188443
0.191489
0.187532
0.184825
0.188984
-0.134296
-0.146971
-0.139991
0.0761695
0.063567
0.0704827
0.0297604
0.0170593
0.0237933
-0.596297
-0.604663
-0.599653
-0.395864
-0.405783
-0.401048
-0.459965
-0.469022
-0.464378
-0.982564
-0.984245
-0.983177
-0.859982
-0.862673
-0.861138
-0.892629
-0.894477
-0.893402
-0.991064
-0.989647
-0.990722
-0.965961
-0.963187
-0.965455
-0.945654
-0.942632
-0.944793
9.00135
9.00141
9.00163
8.9118
8.9101
8.91079
8.92883
8.92746
8.92822
-0.0976072
-0.0857829
-0.174368
-0.164792
-0.167148
-0.0429707
-0.0334468
-0.0378175
0.24799
0.254373
0.253868
0.332125
0.337697
0.336245
0.381017
0.386254
0.38507
0.68338
0.6857
0.686034
0.759464
0.762043
0.762017
0.809165
0.811404
0.811488
1.08567
1.0842
1.08587
1.15905
1.15839
1.15965
1.20186
1.20082
1.20219
1.2535
1.25189
1.25372
1.38025
1.37907
1.38013
1.38512
1.3842
1.38531
1.11513
1.11284
1.1154
1.30138
1.29971
1.3019
1.27287
1.27124
1.27343
0.717286
0.715423
0.717052
0.949042
0.947538
0.949487
0.894454
0.892902
0.894528
0.247812
0.247908
0.248529
0.467613
0.468978
0.469578
0.413539
0.414443
0.414938
-0.0749432
-0.0724837
-0.0726517
0.0787515
0.0804418
0.0808433
0.0465208
0.0484459
0.0487327
-3.22218
-1.86476
-1.42115
-1.42261
-1.42155
-1.25036
-1.26933
-1.2618
-1.33063
-1.32942
-1.32826
-1.2334
-1.23764
-1.23638
-1.29038
-1.28724
-1.28721
-1.10528
-1.10352
-1.10351
-1.12464
-1.12206
-1.12023
-1.1051
-1.10271
-1.10281
-1.09631
-1.09598
-1.09569
-1.11496
-1.11297
-1.11152
-1.18794
-1.18549
-1.18687
-1.15571
-1.15813
-1.15834
-1.18572
-1.18758
-1.18818
-1.23795
-1.23554
-1.2375
-1.28471
-1.28218
-1.28408
-1.23086
-1.23102
-1.23249
-1.26567
-1.26453
-1.26629
-1.09775
-1.09814
-1.09858
-1.15978
-1.15859
-1.16052
-1.05061
-1.05061
-1.05105
-1.04895
-1.04643
-1.04817
-1.01054
-1.0102
-1.01059
-0.645119
-0.609659
-0.775444
-0.758551
-0.769273
-0.701366
-0.680508
-0.693264
11.878
11.8775
11.8791
11.8864
11.8854
11.8877
11.8761
11.8748
11.8773
11.4204
11.3978
11.4056
11.4177
11.3976
11.4048
11.4048
11.3804
11.3887
11.3229
11.2942
11.3039
11.3119
11.2787
11.2895
11.3325
11.3025
11.3125
12.0137
12.024
12.0042
12.013
12.0039
12.0077
11.3233
11.2959
11.3057
11.2526
11.218
11.2294
11.318
11.2925
11.3022
11.3443
11.3355
11.3408
11.2616
11.2432
11.2508
11.354
11.3434
11.3493
11.4578
11.4675
11.45
11.4629
11.4575
11.4349
11.4469
11.442
10.9955
10.9993
10.9971
10.8961
10.9007
10.899
10.9956
11.0014
10.9991
11.0024
11.0144
11.0097
10.8682
10.8778
10.8739
11.0068
11.0178
11.0135
11.4514
11.4479
11.449
11.4289
11.43
11.4304
11.4529
11.4563
11.4558
10.9992
11.0121
11.0072
10.8292
10.8419
10.837
10.9935
11.0069
11.0019
10.8936
10.9095
10.9037
10.716
10.7314
10.7252
10.9203
10.9355
10.9298
11.2088
11.1796
11.1893
11.1326
11.1072
11.1161
11.177
11.1555
11.1633
10.8594
10.876
10.8702
10.5979
10.6155
10.6088
10.8252
10.8416
10.8358
10.4585
10.4674
10.4629
10.2921
10.3063
10.2994
10.5346
10.5451
10.5401
10.9686
10.9349
10.9469
10.8207
10.7802
10.7933
10.8496
10.8071
10.8205
10.3698
10.377
10.373
10.04
10.0498
10.0438
10.2825
10.2877
10.2843
9.65667
9.63844
9.6431
9.52454
9.52036
9.51931
9.76338
9.75053
9.75343
10.875
10.8656
10.8695
10.7181
10.7054
10.7098
10.7359
10.7231
10.7287
9.5453
9.52049
9.52733
9.19559
9.17637
9.18022
9.43743
9.40663
9.41523
8.89873
8.84759
8.86075
8.66487
8.61953
8.63038
8.96317
8.9124
8.9253
10.8849
8.84283
8.79133
8.805
8.44594
8.39569
8.40832
8.79492
8.74625
8.75963
8.48619
8.4633
8.46934
8.21676
8.18374
8.19213
8.55298
8.52706
8.53162
10.7739
10.7805
10.7778
10.6743
10.678
10.6766
10.6796
10.6824
10.6814
10.2477
10.251
10.2498
10.1515
10.1541
10.1531
10.2381
10.241
10.2399
10.1084
10.1097
10.1093
10.0252
10.0271
10.0267
10.1368
10.1381
10.1378
10.7343
10.7421
10.7391
10.5461
10.5545
10.5513
10.5698
10.5776
10.5747
10.0732
10.0745
10.0739
9.9102
9.91187
9.91142
10.0369
10.0385
10.0377
9.70469
9.70788
9.70697
9.60461
9.60741
9.60638
9.77301
9.77543
9.77479
10.5116
10.5245
10.519
10.223
10.2358
10.2298
10.276
10.2883
10.2827
9.62533
9.62899
9.62759
9.34602
9.34931
9.34812
9.54368
9.54779
9.54574
8.85681
8.86305
8.85924
8.71668
8.72143
8.71835
8.98883
8.99496
8.99218
10.0004
10.0149
10.0074
9.58397
9.59998
9.59118
9.67817
9.69458
9.68585
8.20925
8.21294
8.20854
8.70024
8.70633
8.70195
8.54824
8.55454
8.54952
7.04196
7.04793
7.03775
7.34075
7.35456
7.34359
7.55312
7.56386
7.55367
9.14054
9.14139
9.13758
8.68272
8.68698
8.68092
8.7994
8.80632
8.79939
6.22675
6.23805
6.22482
7.08093
7.09702
7.08532
6.86636
6.88232
6.86918
4.98745
5.00628
4.98699
5.64231
5.66074
5.64396
5.80189
5.82039
5.80381
8.18239
8.14296
8.15155
7.7351
7.70134
7.70747
7.84257
7.81399
7.81879
5.49094
5.50855
5.49191
4.60439
4.62705
4.60744
5.36023
5.37681
5.36043
4.78579
4.78862
4.77708
4.23082
4.24505
4.22873
4.86031
4.86619
4.85351
7.65108
7.60994
7.6203
7.18416
7.14317
7.15287
7.22281
7.1778
7.1882
4.71006
4.70923
4.69892
4.06261
4.06532
4.05245
4.64515
4.64045
4.63143
4.29341
4.26296
4.26163
3.80493
3.78661
3.78006
4.33568
4.30886
4.30662
7.302
7.26987
6.76731
6.75096
6.82262
6.80224
4.24703
4.21371
4.21317
3.69601
3.66729
3.66386
4.21709
4.1813
4.18141
4.12052
4.0802
4.0849
3.64667
3.60807
3.60958
4.13972
4.09811
4.10257
10.2082
10.202
10.1328
10.1152
10.1277
10.0884
10.101
10.0949
9.94158
9.94399
9.94264
9.87966
9.88028
9.88005
9.91762
9.92261
9.92139
9.8798
9.88067
9.88043
9.83759
9.83778
9.83776
9.89097
9.89178
9.89156
10.1264
10.1289
10.1282
10.0356
10.0381
10.0373
10.0532
10.0555
10.0548
9.86702
9.8678
9.86762
9.79802
9.79864
9.79863
9.85332
9.85415
9.85401
9.72339
9.72417
9.7242
9.69425
9.69479
9.69501
9.75089
9.75145
9.75155
9.92734
9.92888
9.92864
9.78014
9.78185
9.78163
9.8233
9.82499
9.82476
9.68987
9.69085
9.69085
9.59884
9.59983
9.59992
9.65726
9.65824
9.65823
9.36538
9.36622
9.36621
9.35339
9.3541
9.35418
9.42149
9.42239
9.42234
9.45798
9.45931
9.45839
9.20878
9.20955
9.20902
9.30446
9.30502
9.30491
9.29987
9.30047
9.30054
9.1575
9.15781
9.15803
9.23487
9.23519
9.23535
8.72919
8.72775
8.72786
8.7347
8.73215
8.73318
8.82615
8.82483
8.82531
8.04978
8.04775
8.04519
8.48469
8.48746
8.48433
8.23082
8.23054
8.22816
8.44801
8.40569
8.4328
8.62488
8.62328
8.62359
8.53522
8.53064
8.53204
8.06626
7.55585
7.86517
3.31245
3.32573
3.30602
2.59634
2.61387
2.59057
2.59455
2.61463
2.59011
-0.812649
-0.753543
-0.615036
-0.872723
-0.804607
-0.853477
-0.612667
-0.588439
-0.618476
-0.66701
-0.643734
-0.671125
3.13126
3.11871
3.10792
2.57458
2.56497
2.55158
2.58098
2.57502
2.56033
-0.562404
-0.535613
-0.566729
-0.750676
-0.71808
-0.74293
-0.496769
-0.46727
-0.49902
-0.0317027
-0.00932562
-0.0347465
-0.430552
-0.400261
-0.425776
-0.112888
-0.0874438
-0.114743
2.99834
2.96104
2.95999
2.53339
2.49931
2.49687
2.5208
2.48853
2.48487
0.0378913
0.056749
0.0332795
-0.215017
-0.193247
-0.214924
0.108872
0.12407
0.102495
0.352956
0.349697
0.336964
0.0338784
0.0396216
0.0252796
0.32293
0.322704
0.3087
2.95732
2.92999
2.9328
2.72594
2.69041
2.69041
2.68291
2.65732
2.65902
0.369342
0.362753
0.351095
0.119043
0.115759
0.10469
0.393277
0.38432
0.37388
0.533062
0.513418
0.511105
0.250205
0.236316
0.231586
0.511642
0.493105
0.48956
3.10348
0.567353
0.547237
0.546314
0.336606
0.320082
0.318996
0.572912
0.551916
0.552126
0.348382
0.327327
0.331049
0.338766
0.323423
0.323634
0.444186
0.428611
0.423764
9.78975
9.79065
9.79015
9.51609
9.51692
9.5165
9.79291
9.79274
9.79286
9.7238
9.72391
9.72402
9.73541
9.73528
9.73544
9.51578
9.5163
9.51598
9.45812
9.45847
9.45821
9.51529
9.51558
9.51536
9.47953
9.47873
9.47914
9.43694
9.43586
9.43631
9.48815
9.48734
9.4876
9.645
9.64522
9.64556
9.56536
9.56571
9.56612
9.59203
9.59228
9.59274
9.46805
9.46718
9.46777
9.40385
9.40289
9.40366
9.45642
9.4557
9.45638
9.36379
9.36272
9.36369
9.31862
9.31736
9.31853
9.38114
9.38004
9.381
9.3191
9.31932
9.31938
9.20135
9.20127
9.20151
9.25862
9.25854
9.25883
9.24456
9.24317
9.24464
9.33974
9.33902
9.33989
9.31908
9.31847
9.31938
9.11783
9.1122
9.20231
9.18338
9.1956
9.15682
9.18498
9.16809
8.62892
8.62433
8.78924
8.78605
8.78724
8.7065
8.67346
8.69458
8.87302
9.14851
9.15051
9.1631
9.15191
-0.688751
-0.658088
-0.679362
-0.789035
-0.758447
-0.775735
-0.842139
-0.811158
-0.827967
-1.12594
-1.14386
-1.12855
-1.19241
-1.17269
-0.22384
-0.214165
-0.228033
-0.392009
-0.381701
-0.394097
-0.435754
-0.422285
-0.435754
-1.12354
-1.10166
-1.14367
-1.12245
-1.13182
-1.04021
-1.08307
-1.04825
-0.981969
-0.964693
-0.97086
-0.944057
-0.92608
-0.933392
-0.971082
-0.952936
-0.960288
-0.0310437
-0.0412654
-0.0468919
-0.198424
-0.20524
-0.210548
-0.220958
-0.226398
-0.232653
-0.92122
-0.90359
-0.910909
-0.914586
-0.896268
-0.902534
-0.891334
-0.874284
-0.881343
-0.724968
-0.716141
-0.719895
-0.778326
-0.765395
-0.769312
-0.753095
-0.742753
-0.747105
0.0226578
0.00539239
0.0070249
-0.11218
-0.126034
-0.124761
-0.085909
-0.0992965
-0.0984091
-0.702233
-0.694799
-0.697969
-0.691901
-0.683076
-0.685168
-0.67665
-0.670576
-0.673126
-0.54151
-0.542002
-0.540652
-0.566887
-0.563713
-0.562847
-0.564949
-0.564885
-0.56422
-0.667034
-0.744962
-0.850913
-0.908754
-0.822861
-0.799018
-0.518115
-0.518848
-0.516719
-0.485331
-0.483462
-0.48064
-0.495235
-0.496291
-0.493594
-0.441553
-0.439211
-0.433626
-0.385433
-0.381469
-0.375661
-0.445984
-0.445788
-0.439465
-3.86392
-1.2884
-1.17013
-0.911952
-0.460877
-0.460103
-0.452856
-0.355834
-0.352391
-0.344518
-0.445358
-0.447017
-0.43897
-0.475697
-0.487461
-0.484495
-0.316101
-0.315879
-0.311792
-0.464888
-0.47707
-0.473412
-1.25248
-1.27753
-1.26951
-1.03131
-1.06338
-1.05562
-1.01773
-1.05947
-1.04974
-0.471585
-0.481364
-0.479309
-0.313764
-0.30874
-0.307787
-0.483452
-0.490735
-0.489556
-0.489643
-0.477908
-0.479958
-0.265144
-0.255004
-0.255836
-0.492939
-0.481586
-0.484007
-1.01809
-1.01852
-1.01493
-1.00347
-1.00572
-1.00033
-1.00259
-1.00491
-1.0003
-0.468426
-0.457359
-0.458749
-0.232131
-0.225993
-0.225057
-0.458033
-0.448525
-0.449135
-0.409356
-0.418357
-0.410458
-0.209517
-0.218451
-0.211276
-0.403131
-0.409416
-0.402333
-1.16117
-1.16209
-1.16215
-1.19289
-1.19285
-1.19275
-1.16636
-1.16731
-1.16651
-0.422581
-0.43296
-0.424966
-0.282017
-0.294933
-0.286822
-0.448093
-0.459351
-0.451632
-0.731883
-0.741753
-0.736279
-0.548079
-0.560018
-0.553956
-0.681794
-0.692033
-0.686452
-1.26735
-1.2657
-1.26831
-1.29307
-1.29353
-1.29578
-1.2962
-1.29613
-1.29827
-0.793688
-0.80309
-0.797948
-0.732868
-0.741963
-0.736597
-0.84259
-0.851171
-0.846606
-1.11072
-1.114
-1.11229
-1.01805
-1.02213
-1.01969
-1.08711
-1.09096
-1.08884
-1.1823
-1.17995
-1.18192
-1.18942
-1.18623
-1.18936
-1.2147
-1.21189
-1.21524
-1.14586
-1.14869
-1.14753
-1.11073
-1.11241
-1.11148
-1.15803
-1.16053
-1.1599
-1.15144
-1.15137
-1.15197
-1.15254
-1.1503
-1.15241
-1.17722
-1.17657
-1.17754
-0.784975
-0.771481
-0.778679
-0.782592
-0.765678
-0.773829
-0.829252
-0.82421
-0.826466
-1.12976
-1.12919
-1.13027
-1.08135
-1.07938
-1.08087
-1.08947
-1.08857
-1.09017
-0.721969
-0.72139
-0.723255
-0.817996
-0.8141
-0.816319
-0.814462
-0.811945
-0.81402
9.34107
9.34094
9.34079
9.05926
9.05783
9.05828
9.39964
9.39794
9.39838
9.34379
9.34157
9.34245
9.35176
9.34971
9.35045
9.08376
9.0822
9.08264
9.0334
9.03195
9.03245
9.09774
9.09626
9.09665
9.15736
9.15757
9.15744
9.09058
9.08709
9.08784
9.1599
9.15864
9.15879
9.22521
9.22128
9.22285
9.31002
9.30851
9.30946
9.23967
9.23681
9.23832
9.09105
9.07993
9.08495
9.16095
9.16279
9.16208
9.19424
9.1905
9.19127
9.60335
8.84828
9.22252
-0.81467
-0.79937
-0.80275
-0.760309
-0.744545
-0.746504
-0.79301
-0.776134
-0.778599
-0.998001
-0.703894
-0.737064
-0.396978
-0.384293
-0.386655
-0.480327
-0.467659
-0.467111
-0.523747
-0.509635
-0.509465
-0.566859
-0.560428
-0.558932
-0.494464
-0.48608
-0.483199
-0.527122
-0.518324
-0.51603
-0.436307
-0.422961
-0.422627
-0.269614
-0.257807
-0.258976
-0.399943
-0.385985
-0.385675
-0.105356
-0.0941609
-0.0924799
-0.0201455
-0.0103952
-0.0103184
-0.157223
-0.145251
-0.143729
-0.339237
-0.333281
-0.326331
-0.216499
-0.210805
-0.203308
-0.2542
-0.248605
-0.241091
-0.046976
-0.0367423
-0.0349062
0.140264
0.147644
0.148338
0.00660798
0.0158439
0.0177416
0.336458
0.339932
0.341591
0.411131
0.414406
0.415367
0.283533
0.287632
0.289373
-0.160922
-0.155807
-0.15182
0.042417
0.0466667
0.0504202
0.0183222
0.0225594
0.0269712
0.393144
0.395638
0.397371
0.570424
0.571896
0.572996
0.446552
0.448301
0.450078
0.768365
0.766624
0.768986
0.834582
0.833251
0.835153
0.719019
0.717845
0.720089
-0.0446179
-0.0386201
-0.038217
0.184532
0.185007
0.187173
0.182187
0.183329
0.185126
0.816504
0.814109
0.816585
0.974024
0.971448
0.973686
0.858329
0.855387
0.857932
0.990079
0.986311
0.989034
1.11
1.1066
1.10883
0.984485
0.980584
0.983102
-0.0387799
-0.0493343
-0.042348
0.114215
0.10173
0.10882
0.144684
0.132928
0.139979
0.990966
0.987076
0.990215
1.1207
1.11754
1.12041
0.988087
0.984061
0.987566
0.878447
0.87322
0.877155
1.05278
1.04889
1.05226
0.908794
0.903604
0.907573
-0.411181
-0.422544
-0.416462
-0.327593
-0.338223
-0.332607
-0.26321
-0.274528
-0.268195
0.840593
0.835327
0.83916
0.95463
0.950657
0.953877
0.799631
0.794417
0.798113
0.477868
0.473679
0.476492
0.704657
0.701002
0.70368
0.53565
0.531183
0.534131
-0.87973
-0.883713
-0.881366
-0.812614
-0.816048
-0.814047
-0.768518
-0.772557
-0.770162
0.4164
0.412337
0.414987
0.530041
0.526743
0.528775
0.357232
0.353401
0.355651
-0.00655098
-0.00669962
-0.00587117
0.218007
0.2177
0.218838
0.0474279
0.0471079
0.0481817
-1.0381
-1.03705
-1.03865
-0.969216
-0.967247
-0.969196
-0.975446
-0.974194
-0.97583
-0.0608149
-0.0609065
-0.0600617
0.053299
0.0532476
0.0541102
-0.107522
-0.107297
-0.106602
-0.313866
-0.311595
-0.312135
-0.15883
-0.157595
-0.157525
-0.293165
-0.291318
-0.291627
-0.656947
-0.654287
-0.65697
-0.759358
-0.755796
-0.758405
-0.740683
-0.738126
-0.740118
-0.334552
-0.3321
-0.332818
-0.23208
-0.230016
-0.230518
-0.344897
-0.342586
-0.343614
-0.312606
-0.311065
-0.312255
-0.276509
-0.275201
-0.276056
-0.3492
-0.347307
-0.348486
8.88275
8.88197
8.88259
9.05185
9.03934
9.11371
9.10959
9.11028
9.00473
8.99546
8.99925
0.0853073
0.0934232
0.0920775
0.273779
0.279904
0.278095
0.225154
0.231712
0.229598
0.523348
0.52681
0.526984
0.705465
0.70834
0.708232
0.654668
0.657826
0.657614
0.949246
0.948874
0.950229
1.11594
1.11554
1.11674
1.06869
1.0685
1.0696
1.23896
1.23652
1.23827
1.37647
1.37473
1.376
1.36138
1.35932
1.36075
1.20543
1.20306
1.20568
1.33213
1.3304
1.33257
1.35123
1.34966
1.35178
0.888722
0.88654
0.888835
1.01048
1.00887
1.01091
1.06145
1.05975
1.06184
0.416984
0.417766
0.418806
0.533615
0.534825
0.535585
0.592815
0.593328
0.594641
0.0227325
0.0243258
0.0245824
0.124593
0.126036
0.12649
0.164218
0.165439
0.165891
-0.0722255
-0.0719317
-0.0717514
-0.159211
-0.158454
-0.158728
-0.0790677
-0.0782619
-0.0780363
11.6251
11.6296
11.6276
11.6923
11.6989
11.6956
11.5902
11.5831
11.5853
11.5579
11.5529
11.5543
11.012
11.0002
11.0039
9.93855
9.93199
9.93169
9.81584
9.80821
9.80848
11.7649
11.775
11.7774
11.7843
11.7802
11.7694
11.7722
11.7719
11.5974
11.5904
11.5845
11.5737
11.5778
11.5981
11.6005
11.5993
11.657
11.6519
11.6545
11.6168
11.6073
11.6115
11.6447
11.6394
11.6421
11.96
11.9617
11.9629
11.9592
11.9597
11.9612
11.9524
11.9535
11.9553
11.7749
11.7731
11.7759
11.7608
11.7575
11.7609
11.7802
11.7789
11.7815
11.811
11.8103
11.8127
11.7872
11.7845
11.7878
11.8075
11.8066
11.8093
11.3778
11.3138
11.2101
11.2136
11.2229
11.2966
11.3218
11.3307
11.2604
11.2633
11.2894
11.2957
11.4693
11.4741
11.4721
11.4672
11.4758
11.4727
11.4761
11.4863
11.4826
11.4103
11.4229
11.4189
11.3553
11.3691
11.3644
11.4187
11.4315
11.4275
11.4326
11.4439
11.4408
11.3652
11.3791
11.3745
11.4327
11.445
11.4413
11.3273
11.3091
11.3155
11.2761
11.2639
11.2687
11.3151
11.3063
11.3098
11.3393
11.3431
11.3427
11.2538
11.2614
11.2594
11.3004
11.3022
11.3024
11.2137
11.2099
11.2119
11.2085
11.2141
11.2127
11.2597
11.2588
11.2599
11.0482
11.0099
11.0221
10.9403
10.9008
10.9133
10.9825
10.945
10.957
10.9414
10.9189
10.927
10.7973
10.7809
10.7869
10.8844
10.8579
10.8671
10.766
10.7316
10.7428
10.7301
10.7091
10.7166
10.8243
10.7938
10.8041
10.9489
10.9337
10.9407
10.7709
10.7505
10.7586
10.7835
10.7587
10.7679
10.5031
10.4596
10.473
10.2915
10.246
10.2597
10.4674
10.4249
10.4384
10.4089
10.3754
10.3869
10.2478
10.2016
10.2156
10.4373
10.3984
10.4113
10.8034
10.7986
10.5746
10.5728
10.6093
10.6048
10.2845
10.2693
10.2736
10.0588
10.0419
10.0485
10.2348
10.2215
10.2262
10.1853
10.1705
10.0617
10.0449
10.0498
10.1965
10.1867
10.1879
10.7366
10.7413
10.6639
10.659
10.6642
10.6204
10.6411
10.6304
10.5682
10.5734
10.4977
10.4997
10.4987
10.5584
10.5766
10.5657
10.568
10.5757
10.5727
10.4908
10.4943
10.4927
10.5766
10.5812
10.5792
10.7761
10.7822
10.78
10.6286
10.635
10.6328
10.6443
10.6507
10.6482
10.5565
10.5607
10.5592
10.4082
10.4122
10.4108
10.5402
10.5451
10.5429
10.5014
10.5074
10.5049
10.3822
10.3875
10.3851
10.5223
10.5281
10.5255
10.6504
10.6606
10.6565
10.4202
10.4308
10.4264
10.4561
10.4663
10.4622
10.3523
10.3602
10.3572
10.1146
10.1227
10.1198
10.3139
10.3224
10.3191
10.2233
10.2322
10.2285
10.0583
10.067
10.0637
10.2683
10.2771
10.2737
10.2994
10.3163
10.3093
9.947
9.96506
9.95703
10.0219
10.0391
10.0317
9.89935
9.91099
9.90478
9.52285
9.53439
9.52751
9.82252
9.83574
9.82915
9.63832
9.65507
9.64729
9.41501
9.42862
9.42143
9.7299
9.74531
9.73829
9.60343
9.61364
9.60668
9.15161
9.16442
9.15571
9.25915
9.27227
9.26373
9.08526
9.10117
9.09166
8.52912
8.54713
8.53601
8.96622
8.98146
8.97183
8.70579
8.71979
8.71002
8.38554
8.40308
8.39177
8.83332
8.84774
8.83807
8.64579
8.62908
8.6313
8.19109
8.17931
8.17854
8.31038
8.30338
8.30109
8.03922
8.04424
8.03667
7.45893
7.46852
7.45847
7.91036
7.9123
7.90575
7.64778
7.64189
7.638
7.33038
7.33688
7.32777
7.77415
7.77234
7.76705
7.80771
7.75478
7.76622
7.34664
7.29593
7.30571
7.4218
7.37291
7.38203
7.03756
7.00489
7.00895
6.50417
6.47678
6.47815
6.93241
6.89422
6.89974
6.74222
6.69459
6.70235
6.39859
6.36528
6.36805
6.83317
6.78976
6.79651
7.41451
7.38736
7.39385
7.06513
7.03261
7.03713
7.06777
7.03757
7.04467
6.50453
6.45556
6.46593
5.99117
5.94203
5.95092
6.46608
6.4207
6.43055
6.41124
6.37268
6.38041
5.9765
5.93069
5.93966
6.4332
6.39242
6.40167
10.1291
9.95037
10.1202
10.006
10.0172
10.1227
10.1372
10.1295
10.0367
10.0418
10.0641
10.0757
10.1578
10.1638
10.1623
10.1005
10.1018
10.1015
10.1131
10.1143
10.114
10.0768
10.0802
10.0793
10.0075
10.0089
10.0086
10.0664
10.0689
10.0683
10.0489
10.0505
10.0501
9.99742
9.99854
9.99828
10.0599
10.0617
10.0613
10.063
10.064
10.0639
9.9413
9.94285
9.94262
9.97056
9.97206
9.97184
9.95677
9.95759
9.95755
9.85265
9.85336
9.85342
9.93064
9.93153
9.93148
9.86652
9.86728
9.86729
9.81861
9.81914
9.81926
9.89943
9.90017
9.90017
9.74641
9.74806
9.74774
9.5598
9.56164
9.56139
9.62323
9.62494
9.62478
9.63934
9.64074
9.64077
9.47594
9.47684
9.47713
9.5837
9.58505
9.58512
9.45117
9.45216
9.45227
9.40554
9.4063
9.40668
9.51823
9.51939
9.51951
9.0618
9.06505
9.06333
8.73431
8.73701
8.73478
8.87001
8.87213
8.87034
8.98625
8.98687
8.9865
8.71489
8.71419
8.71424
8.87135
8.87233
8.87149
8.60196
8.60289
8.60087
8.56941
8.56846
8.56831
8.7363
8.73735
8.73589
1.78308
1.78788
1.76035
0.776732
0.787459
0.746754
1.70298
1.7132
1.68255
3.56981
3.58936
3.56636
2.65188
2.67758
2.65058
2.67308
2.69727
2.66957
0.762904
0.778419
0.740782
1.64173
1.65904
1.62707
1.66096
1.67495
1.64341
3.24867
3.25217
3.23699
2.63978
2.64664
2.62796
2.64304
2.65375
2.63396
1.77839
1.79606
1.76864
1.17906
1.19913
1.16795
1.82
1.83591
1.80991
1.8877
1.89698
1.87421
1.23923
1.25648
1.22741
1.85512
1.8678
1.84341
3.00747
2.97721
2.9715
2.49559
2.46946
2.46117
2.50989
2.48776
2.47793
1.94811
1.93992
1.9245
1.47121
1.46706
1.45026
1.94997
1.93843
1.92433
1.94418
1.92554
1.91405
1.48105
1.47385
1.4584
1.94554
1.93042
1.91758
3.05801
3.02179
3.0254
2.63567
2.60323
2.60538
2.61345
2.581
2.58174
1.99103
1.9631
1.95894
1.59135
1.56906
1.56366
2.01399
1.98568
1.98273
2.06096
2.03219
2.03159
1.61974
1.59582
1.59176
2.03666
2.00845
2.00655
2.92478
2.8736
2.55622
2.5227
2.554
2.52779
2.02325
2.0059
1.99973
1.75056
1.72979
1.73061
1.97071
1.94682
1.94923
1.9881
1.93211
1.80949
1.77743
1.77726
1.9379
1.90882
1.90575
9.83377
9.8351
9.83465
9.762
9.76334
9.76291
9.77115
9.77247
9.77201
9.74432
9.74474
9.74444
9.67759
9.67832
9.67795
9.73713
9.73735
9.73713
9.72077
9.72108
9.72091
9.6717
9.67233
9.67199
9.73
9.73014
9.72998
9.72961
9.72952
9.72978
9.65402
9.65392
9.65429
9.67126
9.67136
9.67164
9.66018
9.66062
9.66069
9.59409
9.59415
9.59444
9.64744
9.64761
9.64782
9.61041
9.61021
9.61059
9.5762
9.5758
9.57624
9.62778
9.62747
9.62783
9.51567
9.51565
9.51626
9.41402
9.41445
9.41514
9.45247
9.45331
9.45389
9.48237
9.48242
9.48304
9.3901
9.38996
9.39077
9.45035
9.45056
9.45118
9.38064
9.38126
9.38182
9.35475
9.35473
9.35557
9.41652
9.41696
9.41756
9.08114
9.07849
9.07927
8.93212
8.92826
8.92956
9.00368
9.00041
9.00158
9.15848
9.15623
9.15716
9.02422
9.02087
9.02189
9.1024
9.10067
9.10099
8.99762
8.99302
8.99463
8.94668
8.94471
8.9467
9.03771
9.03633
9.03669
-1.02527
-0.997118
-1.07425
-1.04735
-0.990052
-0.97312
-0.846638
-0.817124
-0.835008
-0.937778
-0.910023
-0.924816
-0.945135
-0.92009
-0.934267
-0.946832
-0.952741
-0.952111
-0.981316
-0.955785
-1.04509
-1.00488
-1.02839
-0.405087
-0.381097
-0.399717
-0.555786
-0.532041
-0.548311
-0.614561
-0.588042
-0.605059
-0.868569
-0.841396
-0.855281
-0.913101
-0.888018
-0.899015
-0.820204
-0.793485
-0.80759
-0.723524
-0.699436
-0.713476
-0.880198
-0.855237
-0.866852
-0.777011
-0.751067
-0.76539
-0.0803367
-0.0807558
-0.0904754
-0.249757
-0.247711
-0.256588
-0.278447
-0.274055
-0.283842
-0.509645
-0.496806
-0.507488
-0.608646
-0.594582
-0.604051
-0.471038
-0.460473
-0.470233
-0.417104
-0.411176
-0.419363
-0.580199
-0.568819
-0.577417
-0.447001
-0.438869
-0.447878
0.0641234
0.0511837
0.050097
-0.108278
-0.117703
-0.119682
-0.123133
-0.131441
-0.134019
-0.341531
-0.345123
-0.349763
-0.440693
-0.44221
-0.446205
-0.324444
-0.328762
-0.33259
-0.301061
-0.308002
-0.309989
-0.428339
-0.431422
-0.434685
-0.314167
-0.319819
-0.3229
-0.289915
-0.306924
-0.301998
-0.293092
-0.310735
-0.309285
-0.268786
-0.277355
-0.276883
-0.305711
-0.317763
-0.315819
-0.366226
-0.375366
-0.373502
-0.342628
-0.353939
-0.352344
-0.425453
-0.439269
-0.437628
-0.387332
-0.396784
-0.394167
-0.38804
-0.400539
-0.397663
-0.322372
-0.0944876
-1.20732
-1.04237
-0.510093
-0.464715
-0.507965
-0.571357
-0.397521
-0.447783
-0.399128
-0.537256
-0.514662
-0.566387
-0.6305
-0.546406
-1.58501
-1.62482
-1.17397
-1.18552
-1.20943
-1.16495
-1.0875
-1.16983
-0.943709
-0.870791
-0.988394
-0.837039
-0.887769
-0.89756
-0.996975
-0.992068
-1.04976
-0.981152
-1.03771
-1.0391
-0.825884
-0.878275
-0.879639
-0.980855
-1.02074
-1.04131
-1.10934
-1.11642
-1.11488
-1.03042
-1.03846
-1.03551
-1.01824
-1.03061
-1.02715
-0.975676
-0.99183
-0.990021
-0.859907
-0.865725
-0.86488
-0.977326
-0.988336
-0.987129
-0.95834
-0.961212
-0.960194
-0.855923
-0.85757
-0.85645
-0.959144
-0.965794
-0.964671
-1.04348
-1.04699
-1.04313
-1.05221
-1.05613
-1.05235
-1.02214
-1.02633
-1.02145
-0.909531
-0.91423
-0.908469
-0.84187
-0.848192
-0.841868
-0.920283
-0.925398
-0.919677
-0.955752
-0.961734
-0.955797
-0.864704
-0.871911
-0.865912
-0.934519
-0.940419
-0.934563
-1.22456
-1.2253
-1.2268
-1.26269
-1.26175
-1.26378
-1.24979
-1.24924
-1.25102
-1.12407
-1.12943
-1.12629
-1.13843
-1.14278
-1.14027
-1.15127
-1.15598
-1.15386
-1.20613
-1.20904
-1.20842
-1.18662
-1.19056
-1.18896
-1.18642
-1.19018
-1.18886
-1.25606
-1.25517
-1.25731
-1.26668
-1.26619
-1.26878
-1.27558
-1.27498
-1.27758
-1.279
-1.28076
-1.28167
-1.30601
-1.3055
-1.30704
-1.27927
-1.28082
-1.28171
-1.26881
-1.27014
-1.27188
-1.31028
-1.31041
-1.31193
-1.27932
-1.28081
-1.28208
-1.00907
-1.00526
-1.00723
-1.01175
-1.00752
-1.00989
-1.05632
-1.05256
-1.05496
-1.15039
-1.14892
-1.15204
-1.14103
-1.13983
-1.1426
-1.11195
-1.10964
-1.11289
-1.01267
-1.01063
-1.01399
-1.09186
-1.09036
-1.09337
-1.06179
-1.05898
-1.06223
9.40557
9.40526
9.40525
9.35583
9.35535
9.35539
9.35302
9.35275
9.35272
9.28557
9.285
9.28509
9.24011
9.23924
9.23943
9.29438
9.29399
9.29408
9.30797
9.30746
9.30755
9.24722
9.2467
9.24685
9.30102
9.30072
9.3008
9.3782
9.37712
9.37787
9.30809
9.30795
9.30872
9.31803
9.31901
9.31935
9.30467
9.30514
9.3053
9.23857
9.23782
9.23837
9.30017
9.30091
9.30098
9.28696
9.28946
9.28926
9.2301
9.23024
9.23049
9.29442
9.29625
9.29601
-0.92341
-0.909152
-0.909653
-0.826599
-0.812586
-0.812745
-0.893168
-0.879149
-0.880082
-0.892637
-0.876646
-0.881306
-0.840526
-0.82342
-0.826595
-0.864108
-0.847629
-0.850699
-0.813857
-0.797968
-0.797303
-0.854352
-0.836507
-0.838518
-0.874874
-0.858946
-0.860299
-0.666634
-0.656573
-0.657469
-0.60453
-0.593491
-0.592934
-0.63658
-0.624578
-0.624672
-0.708388
-0.69186
-0.692602
-0.603638
-0.587933
-0.586139
-0.672844
-0.657267
-0.657413
-0.59787
-0.584241
-0.583143
-0.565663
-0.550683
-0.548422
-0.635142
-0.62061
-0.620147
-0.438308
-0.43328
-0.429405
-0.353581
-0.347623
-0.341497
-0.38773
-0.380961
-0.375777
-0.412216
-0.402646
-0.397786
-0.281567
-0.271781
-0.266206
-0.373701
-0.36467
-0.359257
-0.291572
-0.283816
-0.277601
-0.237761
-0.228754
-0.223066
-0.333625
-0.325474
-0.319478
-0.242469
-0.23776
-0.230617
-0.07704
-0.0725556
-0.0662956
-0.111361
-0.106572
-0.0998389
-0.0750946
-0.069516
-0.06305
0.0939888
0.0977503
0.103069
-0.0295957
-0.0243969
-0.0182045
0.0566301
0.0608965
0.0663579
0.141984
0.145167
0.150244
0.013586
0.0182289
0.0240772
-0.0991314
-0.0918205
-0.0908879
0.132423
0.135899
0.137725
0.116303
0.120243
0.122355
0.250243
0.252485
0.255786
0.447037
0.446137
0.449375
0.278648
0.28025
0.283218
0.330518
0.330649
0.333134
0.480757
0.479004
0.482086
0.30965
0.310525
0.313209
-0.0170484
-0.0181175
-0.0141359
0.184724
0.178049
0.183655
0.190724
0.186084
0.190995
0.375302
0.371653
0.375644
0.543843
0.537888
0.542607
0.371886
0.367022
0.371564
0.358814
0.351094
0.356641
0.537733
0.530798
0.535918
0.369078
0.362764
0.367848
-0.181357
-0.194051
-0.187106
-0.0772024
-0.0893536
-0.0830159
-0.0213148
-0.0337406
-0.0272393
0.224025
0.212482
0.218719
0.330982
0.320755
0.326373
0.175647
0.164309
0.170299
0.0667209
0.0558206
0.0615761
0.277846
0.26781
0.273273
0.122982
0.111821
0.117716
-0.662215
-0.66921
-0.664386
-0.592761
-0.598625
-0.594627
-0.528328
-0.536079
-0.53119
-0.249757
-0.258147
-0.253807
-0.160196
-0.167667
-0.163833
-0.31256
-0.32031
-0.316365
-0.443988
-0.448397
-0.445214
-0.228348
-0.234783
-0.231365
-0.380076
-0.38641
-0.382805
-1.01135
-1.01239
-1.01165
-0.946055
-0.946398
-0.946092
-0.926009
-0.92681
-0.926039
-0.706463
-0.708376
-0.70708
-0.618156
-0.619678
-0.618677
-0.74159
-0.742997
-0.742043
-0.798848
-0.798681
-0.798435
-0.657739
-0.65874
-0.658092
-0.776079
-0.776655
-0.776086
-0.963048
-0.961556
-0.962633
-0.886176
-0.884186
-0.885378
-0.92464
-0.922017
-0.923611
-0.835742
-0.833189
-0.835269
-0.746037
-0.74316
-0.745354
-0.820766
-0.817787
-0.820043
-0.77632
-0.773568
-0.775196
-0.736895
-0.73353
-0.735871
-0.80596
-0.80244
-0.804782
9.02407
9.02484
9.02479
8.97183
8.969
8.9698
8.94471
8.94394
8.94459
-0.116384
-0.107963
-0.10983
0.0650278
0.0715774
0.0692152
0.0192257
0.0264291
0.0228632
0.306115
0.311667
0.31145
0.487867
0.49215
0.491496
0.438255
0.442938
0.442069
0.737986
0.739641
0.740163
0.912056
0.91346
0.913833
0.862994
0.864663
0.864937
1.12639
1.12444
1.12622
1.27792
1.27626
1.27774
1.24264
1.24118
1.24265
1.25029
1.24845
1.25068
1.38092
1.37975
1.38154
1.38432
1.38328
1.38475
1.07521
1.07289
1.07541
1.19868
1.19701
1.19915
1.23653
1.23484
1.23703
0.655913
0.654291
0.655632
0.775333
0.774263
0.775319
0.833631
0.832296
0.833528
0.194252
0.194498
0.195185
0.306435
0.306533
0.307232
0.357083
0.35742
0.357945
-0.102111
-0.0996009
-0.0998126
-0.011139
-0.00904269
-0.00888332
0.0122604
0.0143731
0.0145755
-1.7836
-1.79868
-1.77829
-1.78872
-1.77465
-2.02149
-2.07528
-1.32916
-1.35351
-1.34434
-1.74423
-1.74699
-1.7465
-1.60744
-1.61197
-1.61141
-1.19786
-1.20004
-1.19958
-1.1659
-1.16285
-1.16164
-1.1501
-1.14716
-1.14697
-1.1382
-1.13517
-1.13525
-1.11877
-1.11707
-1.11617
-1.11672
-1.11862
-1.11867
-1.10602
-1.1073
-1.10731
-1.17092
-1.16831
-1.1693
-1.13965
-1.14206
-1.14223
-1.25421
-1.25175
-1.25378
-1.21808
-1.21882
-1.21976
-1.2104
-1.2116
-1.21235
-1.28281
-1.28014
-1.28203
-1.25081
-1.24974
-1.25165
-1.20665
-1.20737
-1.20835
-1.21713
-1.21777
-1.21891
-1.19258
-1.19152
-1.19343
-1.18466
-1.18543
-1.18626
-1.16403
-1.16474
-1.1654
-0.993663
-0.990906
-0.992323
-0.840963
-0.840252
-0.841964
-0.83922
-0.839102
-0.839951
-0.789385
-0.789769
-0.791709
11.8453
11.8445
11.846
11.827
11.8252
11.827
11.839
11.8379
11.84
11.7376
11.7352
11.738
11.7129
11.7068
11.7109
11.7287
11.7255
11.7287
11.6849
11.6804
11.6834
11.6812
11.6742
11.6784
11.6958
11.6924
11.6955
11.4668
11.4429
11.451
11.4656
11.4455
11.4524
11.4622
11.4371
11.4455
11.4001
11.3771
11.3851
11.3735
11.3447
11.3541
11.3923
11.3656
11.3744
11.4811
11.4617
11.4688
11.4629
11.4371
11.4458
11.4659
11.44
11.4486
11.4978
11.4797
11.4872
11.5379
11.5261
11.5318
11.4909
11.4688
11.4772
11.3327
11.3016
11.3116
11.3591
11.329
11.3388
11.3418
11.3115
11.3214
11.5158
11.502
11.5082
11.4728
11.4478
11.4565
11.4755
11.4519
11.4604
11.9675
11.984
11.9706
11.9819
11.9766
11.9806
11.9871
11.9851
11.8474
11.8492
11.8416
11.8408
11.8424
11.8407
11.8481
11.8452
11.828
11.8273
11.829
11.8146
11.8143
11.8163
11.8262
11.8266
11.8279
11.5208
11.5049
11.5118
11.5763
11.569
11.5736
11.5292
11.5157
11.5219
11.2487
11.2152
11.2264
11.3258
11.3078
11.3155
11.3269
11.3054
11.3141
11.6003
11.5941
11.5986
11.5601
11.5509
11.5562
11.5547
11.5434
11.5493
11.5959
11.5913
11.595
11.6403
11.6374
11.6404
11.6054
11.6
11.6041
11.244
11.2218
11.2305
11.3421
11.3273
11.3342
11.3386
11.3264
11.3327
11.6195
11.6164
11.6197
11.5844
11.5767
11.5816
11.5836
11.5773
11.5817
11.4367
11.4433
11.3941
11.4014
11.4223
11.4324
11.4019
11.4136
11.4095
11.3177
11.3303
11.3255
11.3855
11.3959
11.3924
11.3624
11.3694
11.3031
11.3137
11.3095
11.3659
11.3819
11.3742
11.0572
11.0762
11.0645
11.1846
11.1866
11.081
11.0836
11.0828
10.896
10.9016
10.8995
11.0054
11.0126
11.0098
11.0039
11.0102
11.0078
11.1807
11.1987
11.1876
11.1091
11.1154
11.1128
11.1069
11.111
11.1092
11.1243
11.1381
11.1328
11.2297
11.2423
11.2375
11.1233
11.136
11.131
10.8769
10.8856
10.882
11.0095
11.0181
11.0147
11.0068
11.0166
11.0127
11.2181
11.2291
11.2247
11.1185
11.1272
11.1236
11.1187
11.1295
11.1252
11.4627
11.462
11.4619
11.4802
11.4875
11.4851
11.465
11.4704
11.469
11.3946
11.4013
11.4001
11.3573
11.3697
11.3661
11.4222
11.4303
11.4287
11.451
11.4617
11.459
11.3646
11.378
11.374
11.439
11.4484
11.4463
11.1271
11.1421
11.1365
11.2587
11.2732
11.2681
11.1275
11.1429
11.1373
10.8129
10.8265
10.8212
10.9758
10.9904
10.9849
10.986
11.0001
10.9948
11.2658
11.2805
11.2755
11.1228
11.139
11.1332
11.1267
11.1424
11.1367
11.0662
11.0841
11.0783
11.2418
11.2571
11.2527
11.0859
11.1031
11.0973
10.7473
10.7623
10.7563
10.9611
10.9759
10.9703
10.9439
10.959
10.9533
11.2542
11.2696
11.2649
11.1147
11.131
11.1253
11.1038
11.1204
11.1146
11.2455
11.2199
11.2286
11.2611
11.247
11.2526
11.2191
11.2014
11.2081
11.022
11.0054
11.0117
11.0111
11.0074
11.0091
11.0798
11.0672
11.0721
11.1893
11.1839
11.1865
11.0737
11.0729
11.0737
11.1373
11.1285
11.1322
11.04
11.0572
11.0517
11.168
11.1795
11.1762
11.009
11.025
11.0197
10.5475
10.5651
10.5582
10.7316
10.7461
10.7407
10.7796
10.7951
10.7895
11.1254
11.1353
11.1324
10.9233
10.9361
10.9315
10.968
10.9825
10.9776
10.6728
10.6786
10.6759
10.8868
10.8891
10.8883
10.7422
10.75
10.7466
10.3673
10.3826
10.3755
10.6715
10.6846
10.6792
10.6097
10.6215
10.6162
10.9598
10.9646
10.9629
10.8686
10.8797
10.8754
10.8116
10.8213
10.8173
10.9761
10.9398
10.9519
10.9165
10.8742
10.8875
10.8752
10.8324
10.8458
10.5385
10.4922
10.5064
10.4759
10.4358
10.4484
10.596
10.5507
10.5647
10.7155
10.6769
10.6892
10.5446
10.5095
10.521
10.6525
10.6101
10.6233
10.5909
10.5941
10.5922
10.6563
10.6495
10.6517
10.512
10.5124
10.5115
9.943
9.95128
9.9459
10.0858
10.0853
10.0839
10.1824
10.1849
10.1826
10.5696
10.5586
10.5623
10.3372
10.3308
10.3322
10.4229
10.4201
10.4204
9.96845
9.94073
9.94921
10.2229
10.1907
10.2011
10.0605
10.0389
10.0454
9.63631
9.63589
9.63355
9.97832
9.97425
9.97414
9.87517
9.86708
9.86831
10.3121
10.2856
10.2944
10.2437
10.233
10.2359
10.1544
10.1388
10.1433
10.8875
10.877
10.8805
10.7817
10.763
10.7707
10.7534
10.7372
10.744
10.3268
10.3063
10.3135
10.1215
10.0882
10.0991
10.3513
10.3289
10.3374
10.3931
10.3623
10.3731
10.1416
10.1033
10.1155
10.3676
10.341
10.3507
9.87461
9.84078
9.85088
9.9679
9.92073
9.93445
9.78107
9.74194
9.75317
9.08272
9.05692
9.06295
9.22743
9.18561
9.19669
9.32917
9.29258
9.3025
9.89624
9.84682
9.86091
9.60849
9.56129
9.57424
9.69228
9.64851
9.66069
9.36491
9.31621
9.32978
9.68991
9.64362
9.65752
9.41232
9.36187
9.37563
8.76288
8.72135
8.73135
9.12951
9.08338
9.09542
9.04349
8.9944
9.00703
9.72971
9.68
9.69444
9.53359
9.48428
9.49753
9.46694
9.41711
9.4305
10.5256
11.0538
9.92409
9.80726
9.80025
9.85252
9.95405
9.99618
9.83819
9.82779
10.1381
10.1248
9.32294
9.27846
9.29127
9.5839
9.55344
9.5633
9.286
9.24711
9.25848
8.38824
8.33983
8.35214
8.70783
8.66827
8.67938
8.75148
8.70712
8.71939
9.55879
9.53096
9.5392
9.21314
9.18256
9.19118
9.25774
9.223
9.23318
9.0133
8.99415
8.99972
9.37932
9.35541
9.00742
9.04607
9.01158
8.26609
8.22934
8.23905
8.66196
8.62755
8.63757
8.62787
8.59597
8.60444
9.37771
9.36017
9.36199
9.16691
9.14259
9.1497
9.15335
9.12906
9.13436
10.7749
10.779
10.7768
10.68
10.6821
10.681
10.6764
10.6793
10.6781
10.5621
10.5657
10.5648
10.4563
10.4595
10.4585
10.5666
10.5708
10.5696
10.5692
10.5757
10.5729
10.4675
10.4709
10.4695
10.568
10.5735
10.5714
10.3302
10.3324
10.3316
10.3967
10.4023
10.4003
10.3204
10.323
10.3219
10.1314
10.1337
10.133
10.2079
10.2099
10.2093
10.2241
10.2264
10.2256
10.3926
10.3973
10.3955
10.2937
10.2964
10.2954
10.3077
10.3105
10.3094
10.2117
10.2144
10.2132
10.3514
10.3541
10.3531
10.2353
10.2378
10.2368
10.0578
10.0599
10.0594
10.1866
10.1881
10.1878
10.1646
10.166
10.1658
10.3665
10.3695
10.3684
10.2759
10.2784
10.2776
10.2575
10.2602
10.2593
10.7481
10.7556
10.7527
10.611
10.6175
10.6153
10.592
10.5991
10.5966
10.3889
10.3955
10.3932
10.2479
10.2539
10.2518
10.4208
10.4267
10.4248
10.4755
10.4807
10.4789
10.2866
10.2924
10.2899
10.4504
10.4559
10.4543
10.1831
10.1858
10.1847
10.2884
10.2906
10.2904
10.1528
10.1555
10.1547
9.85936
9.8611
9.86048
9.94796
9.95007
9.94925
9.9928
9.99459
9.99376
10.2578
10.2602
10.2598
10.0782
10.0805
10.08
10.1165
10.119
10.1184
9.86769
9.87226
9.86998
10.0943
10.0989
10.0967
9.92571
9.9296
9.92796
9.6799
9.68228
9.68111
9.89324
9.89561
9.89503
9.83826
9.84083
9.84022
10.1431
10.1472
10.145
10.0316
10.0342
10.0335
9.98284
9.98623
9.98518
10.5532
10.5658
10.5604
10.374
10.3853
10.3803
10.3291
10.3408
10.3354
9.97216
9.98277
9.97722
9.78297
9.79257
9.78762
10.0392
10.0493
10.0441
10.1645
10.1735
10.1695
9.86537
9.87444
9.87017
10.1066
10.1163
10.1116
9.7991
9.80424
9.80191
9.92731
9.9325
9.93099
9.7291
9.73474
9.73237
9.23872
9.24234
9.24063
9.34984
9.35475
9.35223
9.44742
9.45205
9.44962
9.85786
9.86357
9.86178
9.56531
9.57132
9.56961
9.64745
9.65317
9.65128
9.13837
9.14621
9.14183
9.52478
9.53302
9.52875
9.2571
9.26429
9.26049
8.86854
8.87333
8.87059
9.23628
9.24144
9.23902
9.12126
9.12712
9.1246
9.62384
9.63122
9.62766
9.46825
9.47477
9.47252
9.37191
9.37887
9.37577
10.0874
10.1028
10.0952
9.85842
9.87602
9.86786
9.77356
9.79063
9.78208
9.20028
9.21636
9.20708
8.92051
8.93827
8.92857
9.31166
9.32791
9.31886
9.52781
9.54474
9.53662
9.05351
9.07124
9.06232
9.42603
9.44289
9.43424
8.0068
8.00966
8.00459
8.19855
8.20615
8.1987
8.36917
8.37601
8.37001
9.00443
9.01224
9.00747
9.20287
9.21186
9.20561
8.87175
8.87979
8.87422
8.573
8.58141
8.57382
9.07616
9.08567
9.07869
8.72146
8.72953
8.723
7.34656
7.35194
7.34321
7.98762
7.99532
7.98686
7.79738
7.80605
7.79651
7.85536
7.87136
7.86143
8.49238
8.50891
8.49982
8.03297
8.04803
8.03924
8.39689
8.40708
8.39924
8.65433
8.66974
8.66164
8.22874
8.24101
8.23267
9.26577
9.26976
9.26489
9.0354
9.04649
9.03831
8.92247
8.93172
8.92405
8.16828
8.17602
8.16762
7.83672
7.85148
7.84016
8.29792
8.30784
8.29881
8.56393
8.57752
8.56765
7.9752
7.99156
7.97999
8.43481
8.44656
8.43707
5.90965
5.9219
5.90699
6.41046
6.42758
6.41269
6.61419
6.63047
6.6163
7.65165
7.66764
7.65654
8.00765
8.02541
8.01384
7.47067
7.48719
7.47509
7.09528
7.1134
7.09998
7.83428
7.85221
7.84025
7.26992
7.28715
7.27439
5.18165
5.2015
5.18218
6.18071
6.19817
6.18282
5.9914
6.00952
5.99349
6.44988
6.46985
6.45486
7.20009
7.21667
7.20373
6.59196
6.61277
6.59768
6.90991
6.92851
6.9147
7.35817
7.37582
7.36275
6.74747
6.76615
6.75193
8.29486
8.26057
8.26797
8.07635
8.05899
8.06022
7.96164
7.9386
7.94177
7.17042
7.14453
7.14729
6.85671
6.84665
6.84348
7.27787
7.25731
7.25848
7.51545
7.50486
7.50285
6.97531
6.97006
6.96523
7.39811
7.38257
7.38225
6.31498
6.33396
6.31906
6.78187
6.79353
6.78164
6.19374
6.21162
6.19695
4.51205
4.53431
4.51508
5.13112
5.14417
5.12894
5.23944
5.25438
5.23853
6.64969
6.65872
6.64768
5.96609
5.97999
5.96644
6.07543
6.09152
6.07732
5.5664
5.56656
5.55771
6.18436
6.17975
6.17355
5.65879
5.66295
5.65269
4.29165
4.30846
4.2912
5.03333
5.04425
5.02978
4.94372
4.95221
4.93863
6.29634
6.29561
6.28805
5.85925
5.87041
5.85774
5.75919
5.76711
5.75554
7.70042
7.65554
7.66663
7.3166
7.26827
7.27881
7.26894
7.2217
7.23221
6.57704
6.53016
6.54013
6.12962
6.08576
6.09239
6.61601
6.5676
6.57732
6.72006
6.67406
6.68214
6.19293
6.15057
6.15642
6.6686
6.62082
6.62981
5.46915
5.46472
5.45737
5.89084
5.87245
5.87065
5.38359
5.37458
5.3687
4.00448
4.00267
3.99106
4.51512
4.50173
4.49549
4.57359
4.56456
4.55688
5.79501
5.7714
5.77115
5.21336
5.19442
5.19155
5.29081
5.27679
5.27245
4.93936
4.90329
4.90505
5.4973
5.45686
5.4611
4.98944
4.95668
4.95755
3.85554
3.84107
3.83331
4.44776
4.42982
4.42504
4.39571
4.37328
4.36974
5.56541
5.52798
5.53139
5.12878
5.10484
5.10339
5.06272
5.03422
5.03403
6.92328
6.98837
6.86163
6.92156
6.86837
6.88251
6.85981
6.86516
6.22445
6.1835
5.90826
5.87521
5.87836
6.2033
6.1786
6.17751
6.33174
6.30329
6.30576
5.88788
5.85924
5.86471
6.26851
6.24203
6.24774
4.88672
4.84796
4.85055
5.38034
5.33452
5.34138
4.85774
4.81752
4.82069
3.66345
3.63141
3.62905
4.1672
4.12811
4.12959
4.18303
4.14521
4.14596
5.34725
5.30186
5.30941
4.82379
4.78128
4.78589
4.8305
4.78922
4.79303
4.77581
4.74163
4.74536
5.25086
5.21355
5.21938
4.80329
4.76413
4.76929
3.63474
3.59696
3.5975
4.15029
4.11011
4.11251
4.14545
4.10345
4.10737
5.26627
5.22893
5.23564
4.80957
4.76782
4.77306
4.80135
4.76081
4.76666
10.1324
10.1442
10.0779
10.0886
10.1068
10.1112
10.0611
10.067
10.0656
10.0333
10.0338
10.0338
10.0872
10.0895
10.0882
10.0857
10.0916
10.0398
10.0404
10.0403
10.0858
10.0948
10.0892
9.94375
9.95269
9.9486
10.0098
10.0164
9.98685
9.96475
9.97975
9.87431
9.87479
9.87454
9.91602
9.91763
9.9171
9.92494
9.92745
9.9267
10.0157
10.0229
10.0185
9.95965
9.96015
9.96009
9.96828
9.96866
9.96859
9.92422
9.92536
9.92503
9.98551
9.98762
9.98703
9.93486
9.93588
9.9356
9.84787
9.84809
9.84803
9.91008
9.91123
9.91086
9.90085
9.90187
9.90155
9.99327
9.99642
9.99552
9.95398
9.95469
9.95452
9.94411
9.94515
9.94478
10.1366
10.1397
10.1388
10.0821
10.0845
10.0838
10.0688
10.0713
10.0705
9.97238
9.97386
9.97357
9.92306
9.92467
9.92431
9.9923
9.99383
9.99345
10.0259
10.0277
10.0272
9.94419
9.9459
9.94544
10.011
10.0129
10.0123
9.91286
9.91391
9.91362
9.95544
9.95706
9.9566
9.89993
9.90125
9.90088
9.78044
9.78106
9.78118
9.82029
9.82088
9.82096
9.83676
9.83754
9.83751
9.94227
9.94359
9.94323
9.86922
9.87028
9.87008
9.8853
9.88645
9.8862
9.77771
9.77897
9.77883
9.86641
9.86745
9.86732
9.80411
9.80518
9.80508
9.72151
9.722
9.72222
9.79959
9.79998
9.80013
9.77782
9.7783
9.77842
9.89007
9.89108
9.89092
9.84987
9.85081
9.8507
9.82915
9.83018
9.83006
9.96581
9.96743
9.96713
9.90143
9.90326
9.90293
9.86617
9.86798
9.86765
9.68485
9.68605
9.68602
9.63936
9.64059
9.64057
9.73198
9.73321
9.73313
9.81865
9.82005
9.81986
9.69091
9.69228
9.69216
9.77961
9.78097
9.78081
9.74605
9.74738
9.74725
9.78097
9.78229
9.78211
9.71411
9.71542
9.71529
9.55673
9.55755
9.55768
9.57636
9.57729
9.57725
9.61642
9.61735
9.61733
9.74344
9.74467
9.74453
9.63476
9.63603
9.63594
9.67443
9.67567
9.67559
9.42422
9.42515
9.42525
9.56113
9.56205
9.56207
9.48098
9.48208
9.4821
9.4139
9.41465
9.41471
9.52717
9.52809
9.52804
9.47913
9.48007
9.48001
9.6154
9.61648
9.61643
9.58635
9.58756
9.5875
9.5384
9.53961
9.53956
9.54092
9.5421
9.5415
9.47457
9.47526
9.47539
9.39547
9.396
9.39607
9.08106
9.08028
9.08045
9.04899
9.04792
9.04848
9.18121
9.18053
9.18082
9.35924
9.35926
9.35961
9.14887
9.14842
9.14898
9.27613
9.27578
9.27611
9.35754
9.35815
9.35838
9.38067
9.3811
9.38134
9.29008
9.29041
9.29073
9.08045
9.08023
9.08062
9.08569
9.08512
9.0855
9.16151
9.16131
9.16159
9.30815
9.30851
9.30878
9.13297
9.13293
9.1334
9.21341
9.21342
9.21384
8.74631
8.74432
8.7451
8.96677
8.96562
8.96616
8.85364
8.85268
8.85335
8.82862
8.82691
8.82772
9.00412
9.00328
9.00369
8.91742
8.91628
8.91672
9.06256
9.06229
9.06277
9.04642
9.04631
9.04682
8.95281
8.95241
8.953
7.93659
7.93078
7.92922
7.8701
7.86545
7.86584
8.09072
8.08828
8.08602
8.65132
8.65409
8.65171
8.56764
8.56857
8.56669
8.41149
8.41194
8.40985
8.08024
8.0732
8.07317
8.42747
8.42588
8.42413
8.2739
8.27225
8.2697
8.33353
8.32784
8.36186
8.31575
8.34369
8.36948
8.39715
8.37918
8.62721
8.62486
8.62574
8.62611
8.62381
8.62406
8.50202
8.49863
8.49966
8.21775
8.21341
8.21562
8.4941
8.49154
8.49125
8.36935
8.36419
8.36517
7.70508
7.64467
7.97263
7.91073
7.94764
7.60211
7.60742
7.76957
8.17923
8.17492
8.15598
8.11361
8.02209
8.04707
8.02985
8.10678
8.04947
8.08519
7.95375
7.94508
3.34346
3.35856
3.33788
2.60087
2.62394
2.59735
2.59066
2.61241
2.5868
1.66638
1.68202
1.65264
0.941169
0.964138
0.926862
1.62667
1.64276
1.61226
1.57612
1.5918
1.55941
0.872845
0.894872
0.856728
1.58968
1.60568
1.57413
-0.669915
-0.670714
-0.170096
-0.0974377
-0.175816
-0.32701
-0.378979
-0.759753
-0.673003
-0.679737
-0.745999
-0.728812
0.00806541
-0.0513266
-0.0459369
-0.514869
-0.431755
-0.504499
-0.483893
-0.50188
-0.835477
-0.816154
-0.769207
-0.706622
-0.762027
-0.627567
-0.659838
-0.653304
-0.235835
-0.208969
-0.247144
0.153031
0.174178
0.133396
-0.307668
-0.281156
-0.31933
-0.408536
-0.391538
-0.429755
0.087375
0.105152
0.0645153
-0.37093
-0.347447
-0.38526
3.16013
3.15119
3.13926
2.60048
2.60167
2.58421
2.59722
2.59486
2.57882
1.9313
1.92681
1.90995
1.38065
1.38564
1.36373
1.91247
1.91085
1.89252
1.86917
1.87375
1.85221
1.34808
1.35594
1.33223
1.89831
1.89984
1.87995
-0.161032
-0.134068
-0.171473
0.405284
0.42671
0.39048
-0.0782256
-0.0512461
-0.0877322
-0.704523
-0.670947
-0.697202
-0.350577
-0.319642
-0.350858
-0.428349
-0.397365
-0.429059
0.49101
0.5109
0.476954
0.0905121
0.116588
0.0830605
0.00221654
0.0290621
-0.00619134
0.400283
0.416451
0.391364
0.787659
0.799094
0.774097
0.32573
0.345262
0.317848
-0.49982
-0.467944
-0.494144
-0.274794
-0.244826
-0.275151
-0.190202
-0.162327
-0.191311
0.728474
0.741968
0.714884
0.171496
0.195915
0.164318
0.252453
0.274791
0.245202
2.99645
2.96081
2.95882
2.51231
2.48611
2.47973
2.51201
2.48246
2.47754
1.95721
1.92882
1.92382
1.5161
1.49678
1.48672
1.95199
1.92623
1.91986
1.94323
1.92264
1.9127
1.50661
1.4903
1.47887
1.94785
1.92475
1.91676
0.460188
0.473099
0.450234
0.937336
0.940092
0.92089
0.518058
0.527723
0.506855
-0.155971
-0.137139
-0.157368
0.218647
0.227876
0.209733
0.163775
0.175853
0.156039
0.966876
0.966378
0.948783
0.603884
0.607168
0.589589
0.560225
0.566531
0.547403
0.707884
0.698451
0.686272
1.04708
1.03368
1.02165
0.680761
0.67421
0.660644
0.000550395
0.00959202
-0.00609535
0.257491
0.263688
0.247048
0.299017
0.302263
0.287049
1.0354
1.02518
1.01178
0.630146
0.630085
0.613839
0.662798
0.659697
0.644867
2.98392
2.96001
2.95574
2.69786
2.66418
2.66677
2.68158
2.65281
2.65434
2.09494
2.06059
2.06271
1.77431
1.74536
1.7473
2.09931
2.06741
2.07078
2.09036
2.05618
2.05767
1.72953
1.70185
1.7019
2.08529
2.05247
2.05441
0.726098
0.713643
0.70272
1.09984
1.07846
1.07131
0.750506
0.735772
0.726177
0.140876
0.135271
0.125237
0.43547
0.422281
0.414437
0.412998
0.401746
0.392516
1.12748
1.10483
1.09921
0.806942
0.788673
0.782369
0.776053
0.759089
0.750842
0.952181
0.929952
0.928801
1.24603
1.21916
1.21893
0.924321
0.902444
0.900397
0.217924
0.205717
0.199212
0.459255
0.443978
0.437488
0.481743
0.465066
0.460329
1.20518
1.17948
1.17766
0.845286
0.825025
0.820086
0.877638
0.856201
0.852609
2.49986
3.76189
1.07808
1.68051
1.63869
1.20066
1.44099
1.52243
1.6609
1.63278
1.96277
1.90559
0.994956
0.972035
0.972314
1.25357
1.22611
1.22871
1.0003
0.977137
0.978534
0.367948
0.351186
0.35074
0.568224
0.546526
0.547673
0.594302
0.572009
0.573025
1.26406
1.23338
1.23529
0.997076
0.977584
0.977762
1.03058
1.00643
1.00755
0.866861
0.831924
0.843295
1.10843
1.05015
0.774694
0.88438
0.796283
0.370596
0.351159
0.352221
0.554311
0.531759
0.534588
0.521708
0.494753
0.496847
1.0735
1.03846
1.03909
0.980087
0.961391
0.962301
1.00185
0.971781
0.971866
9.74607
9.74653
9.74625
9.56983
9.57097
9.57044
9.80429
9.80422
9.80428
9.75663
9.75634
9.75649
9.74698
9.74681
9.74695
9.676
9.67586
9.67607
9.63046
9.63028
9.63045
9.68755
9.68717
9.68741
9.71064
9.71004
9.71026
9.64284
9.64262
9.64273
9.70056
9.7001
9.70031
9.56846
9.56927
9.56889
9.62955
9.62932
9.62921
9.56693
9.56753
9.5672
9.45669
9.45664
9.45653
9.51022
9.51012
9.51001
9.51093
9.51104
9.51092
9.62119
9.6209
9.62088
9.55829
9.55831
9.55817
9.56203
9.56226
9.56206
9.52103
9.52067
9.52106
9.58392
9.58353
9.58374
9.53087
9.53031
9.53054
9.44664
9.44586
9.44603
9.50216
9.5015
9.50161
9.49749
9.49698
9.4971
9.59674
9.5963
9.59643
9.54898
9.54883
9.54881
9.54317
9.54286
9.5429
9.67255
9.67271
9.67307
9.63967
9.63994
9.64041
9.61902
9.61923
9.61969
9.52421
9.52417
9.52469
9.49721
9.49724
9.49789
9.54861
9.5485
9.54906
9.59362
9.59358
9.59413
9.52282
9.52279
9.52343
9.57439
9.57426
9.57482
9.50868
9.50818
9.50876
9.54818
9.54783
9.54841
9.49642
9.49601
9.49667
9.39211
9.39118
9.392
9.43153
9.43061
9.43146
9.44509
9.44431
9.44507
9.53413
9.53374
9.53439
9.46724
9.46669
9.46751
9.48254
9.48205
9.4828
9.38405
9.38339
9.38437
9.4608
9.46032
9.46106
9.40664
9.40593
9.40691
9.34156
9.34028
9.34132
9.41703
9.416
9.41691
9.40141
9.40025
9.40118
9.4844
9.48385
9.48457
9.4494
9.44872
9.44962
9.43102
9.43026
9.43119
9.37638
9.37662
9.37672
9.36701
9.36722
9.36757
9.31871
9.31874
9.31906
9.20345
9.20311
9.2032
9.18842
9.18782
9.18828
9.25207
9.25177
9.25194
9.34539
9.34538
9.34573
9.24486
9.24434
9.24498
9.30462
9.3044
9.3047
9.22153
9.21828
9.21993
9.2716
9.27205
9.27219
9.29611
9.29503
9.29597
9.35336
9.35289
9.35382
9.38535
9.38539
9.38601
9.32587
9.32542
9.32639
9.2577
9.25754
9.25823
9.35227
9.35241
9.35298
9.29047
9.28987
9.29082
9.13739
9.11848
9.13082
9.23724
9.2384
9.2386
9.23942
9.23565
9.23739
9.07915
9.07931
9.08074
9.21029
9.21093
9.21075
9.13639
9.1345
9.13513
9.2131
9.21289
9.21381
9.25626
9.25613
9.2566
9.18245
9.1808
9.18184
8.81673
8.79718
8.78195
8.75624
8.81295
8.81332
8.85216
8.85172
8.85178
8.84705
8.8444
8.8449
8.76196
8.7595
8.76144
8.66891
8.68313
8.88288
8.91172
8.89376
8.90864
8.88158
8.89855
8.81155
9.3694
9.05636
9.05189
9.03011
9.04444
9.053
9.08162
9.06408
9.01992
9.01555
8.97715
8.95533
9.08236
9.0598
9.07393
8.85424
8.86855
9.18298
9.01711
8.89729
8.72304
8.665
-0.74308
-0.712106
-0.733187
-0.924721
-0.894415
-0.909507
-0.880855
-0.850209
-0.86642
-0.932157
-0.90493
-0.918565
-1.0306
-1.00813
-1.01771
-0.972161
-0.946338
-0.958964
-1.03089
-1.00727
-1.0173
-1.03138
-1.01068
-1.02004
-0.996612
-0.972255
-0.983439
-1.22773
-1.19426
-1.06278
-1.07185
-1.1265
-1.23783
-1.37373
-1.15792
-1.09575
-1.06826
-1.08119
-1.0302
-1.0669
-1.03584
-1.11995
-1.09786
-1.18064
-1.15652
-1.1269
-1.0972
-1.11258
-1.02763
-1.03953
-0.26256
-0.249582
-0.264633
-0.529417
-0.509384
-0.524975
-0.47759
-0.460695
-0.475253
-0.564876
-0.55192
-0.563309
-0.743984
-0.726242
-0.737626
-0.608819
-0.593087
-0.60541
-0.700274
-0.679059
-0.692877
-0.780119
-0.760202
-0.772018
-0.649777
-0.63124
-0.644344
-1.08057
-1.06079
-1.06839
-1.04264
-1.02738
-1.03277
-1.07983
-1.0639
-1.06854
-1.06388
-1.04718
-1.05418
-1.01066
-0.990116
-0.998518
-1.05186
-1.03454
-1.04104
-0.991469
-0.971816
-0.979753
-0.981368
-0.959679
-0.968954
-1.02134
-1.00218
-1.00933
-1.0031
-0.986708
-0.992089
-1.01809
-1.00144
-1.00783
-0.994263
-0.976352
-0.983431
-0.881306
-0.86355
-0.872031
-0.848099
-0.829691
-0.839517
-0.913311
-0.894368
-0.903094
-0.967719
-0.948056
-0.956219
-0.879939
-0.860096
-0.870053
-0.93842
-0.918879
-0.927393
-0.0494679
-0.0575057
-0.0642145
-0.263364
-0.265001
-0.273032
-0.239194
-0.242689
-0.249802
-0.377093
-0.380292
-0.385447
-0.519707
-0.518227
-0.524086
-0.395916
-0.397816
-0.403766
-0.431065
-0.429606
-0.43697
-0.535047
-0.532001
-0.538446
-0.41012
-0.41036
-0.416976
-0.855724
-0.839245
-0.847501
-0.744819
-0.732033
-0.740296
-0.822698
-0.807643
-0.815429
-0.892331
-0.874533
-0.880569
-0.835979
-0.820962
-0.827221
-0.867831
-0.85166
-0.858444
-0.718821
-0.708029
-0.71567
-0.765603
-0.753325
-0.76009
-0.798482
-0.784848
-0.792216
-0.665419
-0.659685
-0.663927
-0.623484
-0.619326
-0.624471
-0.691451
-0.684196
-0.689068
-0.805132
-0.79076
-0.795252
-0.810887
-0.797272
-0.802982
-0.778316
-0.766314
-0.771306
-0.640275
-0.634606
-0.640333
-0.742097
-0.73154
-0.73772
-0.712142
-0.703234
-0.70874
0.0401839
0.0234344
0.0243254
-0.0945437
-0.106225
-0.106743
-0.0927676
-0.105086
-0.105102
-0.299921
-0.311677
-0.309988
-0.372303
-0.38101
-0.380495
-0.28728
-0.298308
-0.297383
-0.30359
-0.313062
-0.31389
-0.391033
-0.399268
-0.399568
-0.297909
-0.308315
-0.308329
-0.646815
-0.642444
-0.646162
-0.56555
-0.56543
-0.568636
-0.62353
-0.620478
-0.62359
-0.667007
-0.659444
-0.660985
-0.632343
-0.629128
-0.630466
-0.655356
-0.650756
-0.652717
-0.550106
-0.55154
-0.554094
-0.583955
-0.5839
-0.585696
-0.60539
-0.603844
-0.606361
-0.500872
-0.504182
-0.503038
-0.477284
-0.483461
-0.482711
-0.521355
-0.524202
-0.523848
-0.591845
-0.587788
-0.587558
-0.61131
-0.609499
-0.61022
-0.588739
-0.587989
-0.587976
-0.496521
-0.501948
-0.501839
-0.56512
-0.566512
-0.567627
-0.543413
-0.545756
-0.546104
-1.02678
-0.965053
-0.608006
-0.495287
-0.569667
-0.543383
-0.59399
-0.550837
-0.598674
-0.595795
-0.526239
-0.539102
-0.532667
-0.658455
-0.71329
-0.669262
-0.518185
-0.52307
-0.525224
-0.498995
-0.499051
-0.496114
-0.606617
-0.607642
-0.601942
-0.482346
-0.48613
-0.484393
-0.449192
-0.456084
-0.453661
-0.465934
-0.47004
-0.467731
-0.460384
-0.458743
-0.455141
-0.459136
-0.460168
-0.456052
-0.47827
-0.479541
-0.4761
-0.455315
-0.462447
-0.459307
-0.446962
-0.451019
-0.447344
-0.457545
-0.461838
-0.45875
-0.468782
-0.468132
-0.464326
-0.537206
-0.54743
-0.540546
-0.462752
-0.466562
-0.460194
-0.393084
-0.389927
-0.384462
-0.453005
-0.45315
-0.448297
-0.443911
-0.442853
-0.437253
-0.506247
-0.511087
-0.505938
-0.451279
-0.454781
-0.450355
-0.453601
-0.45533
-0.450316
-0.972353
-1.28604
-0.959169
-1.05874
-0.741567
-0.758168
-0.804396
-0.717265
-0.71534
-0.722165
-0.700062
-0.73677
-0.743987
-0.794902
-0.849221
-0.839393
-0.5054
-0.509222
-0.501161
-0.567771
-0.586892
-0.576552
-0.481492
-0.491018
-0.481397
-0.351048
-0.348837
-0.341053
-0.449578
-0.457436
-0.451057
-0.457574
-0.462449
-0.455008
-0.642486
-0.665052
-0.663299
-0.502049
-0.521004
-0.517579
-0.51006
-0.52231
-0.516228
-0.582703
-0.609769
-0.609646
-0.703044
-0.746223
-0.751621
-0.557421
-0.585327
-0.584753
-0.32544
-0.325918
-0.320611
-0.461567
-0.47169
-0.466489
-0.465492
-0.477551
-0.472865
-0.696292
-0.737332
-0.743102
-0.528986
-0.552713
-0.55151
-0.54715
-0.573991
-0.572841
-1.31429
-1.34177
-1.33594
-1.10227
-1.13833
-1.14073
-1.05901
-1.10588
-1.09775
-1.00692
-1.03069
-1.02736
-0.854659
-0.876875
-0.875156
-0.999769
-1.03334
-1.02799
-0.987669
-1.04452
-1.03765
-0.863284
-0.893011
-0.890615
-1.00002
-1.04564
-1.038
-0.586198
-0.612678
-0.611754
-0.759579
-0.799917
-0.801456
-0.608475
-0.632162
-0.631049
-0.303792
-0.29644
-0.296438
-0.49196
-0.492158
-0.492835
-0.479204
-0.483099
-0.482933
-0.758015
-0.793689
-0.793715
-0.621365
-0.636372
-0.636026
-0.606002
-0.625613
-0.624734
-0.636529
-0.631948
-0.633585
-0.777122
-0.787858
-0.788558
-0.621812
-0.622672
-0.624115
-0.285232
-0.274714
-0.275758
-0.491366
-0.48673
-0.488257
-0.503169
-0.494393
-0.496478
-0.784497
-0.800792
-0.80093
-0.615094
-0.625339
-0.625668
-0.626791
-0.632445
-0.633404
-1.05051
-1.05139
-1.04873
-1.02257
-1.02805
-1.02497
-1.02017
-1.02323
-1.01992
-0.926864
-0.930688
-0.925358
-0.841146
-0.844424
-0.839033
-0.928183
-0.930562
-0.926277
-0.950227
-0.9517
-0.950053
-0.851721
-0.853347
-0.849053
-0.943762
-0.9447
-0.942128
-0.630841
-0.622194
-0.623976
-0.787144
-0.782499
-0.783365
-0.626096
-0.617506
-0.618433
-0.218636
-0.215352
-0.212739
-0.429916
-0.425495
-0.423183
-0.437505
-0.42974
-0.429415
-0.768468
-0.762818
-0.762843
-0.597255
-0.591261
-0.589892
-0.606616
-0.598679
-0.598774
-0.560241
-0.567895
-0.560859
-0.71668
-0.718816
-0.713741
-0.560738
-0.565492
-0.558803
-0.206507
-0.212854
-0.206464
-0.414561
-0.414041
-0.409677
-0.408449
-0.411644
-0.405693
-0.731001
-0.730435
-0.726211
-0.580707
-0.578173
-0.574365
-0.570597
-0.572135
-0.566434
-1.13465
-1.13622
-1.13558
-1.09997
-1.10328
-1.10043
-1.13346
-1.13529
-1.1337
-1.09176
-1.09843
-1.09422
-1.02286
-1.03017
-1.02505
-1.05982
-1.06653
-1.06203
-0.995799
-1.00239
-0.996799
-0.973098
-0.980581
-0.975131
-1.02252
-1.02892
-1.0241
-0.568824
-0.578265
-0.57115
-0.728011
-0.735337
-0.728738
-0.587422
-0.597991
-0.590626
-0.324934
-0.338118
-0.330151
-0.524416
-0.536264
-0.529736
-0.483991
-0.495661
-0.48855
-0.751784
-0.760271
-0.753802
-0.656175
-0.667762
-0.660763
-0.620987
-0.632301
-0.625025
-0.857684
-0.867328
-0.862274
-0.900086
-0.90977
-0.904432
-0.810487
-0.820901
-0.815358
-0.484215
-0.496773
-0.490527
-0.574989
-0.586309
-0.580541
-0.622715
-0.633532
-0.628051
-0.851389
-0.861048
-0.855358
-0.706812
-0.718095
-0.71156
-0.749896
-0.760735
-0.754542
-1.26055
-1.2594
-1.26195
-1.28775
-1.28713
-1.28891
-1.29202
-1.29189
-1.29359
-1.27492
-1.27634
-1.27742
-1.29705
-1.29759
-1.29842
-1.26943
-1.27059
-1.2716
-1.24103
-1.2433
-1.24324
-1.27138
-1.27267
-1.27297
-1.25184
-1.25344
-1.25394
-0.921532
-0.930904
-0.926183
-1.02949
-1.03724
-1.03253
-0.968873
-0.976927
-0.972535
-0.801127
-0.809106
-0.804792
-0.950722
-0.956696
-0.953413
-0.904451
-0.911825
-0.908155
-1.08357
-1.09005
-1.08644
-1.07465
-1.0795
-1.07614
-1.03501
-1.0409
-1.03716
-1.21945
-1.22192
-1.22121
-1.21706
-1.22077
-1.21936
-1.20329
-1.20608
-1.2048
-0.965303
-0.970437
-0.967598
-1.00634
-1.01153
-1.00856
-1.04079
-1.04527
-1.04271
-1.18164
-1.18624
-1.18423
-1.131
-1.1349
-1.1322
-1.1591
-1.16246
-1.16039
-1.21411
-1.21214
-1.21415
-1.25708
-1.25602
-1.25893
-1.24088
-1.2389
-1.24218
-1.18868
-1.18852
-1.19116
-1.25596
-1.25407
-1.25654
-1.21696
-1.21723
-1.21968
-1.25891
-1.2602
-1.26221
-1.27701
-1.27548
-1.27759
-1.24038
-1.24147
-1.24367
-1.25118
-1.25307
-1.25316
-1.25619
-1.25813
-1.25852
-1.25598
-1.2573
-1.25794
-1.1378
-1.13921
-1.13907
-1.18077
-1.18204
-1.18275
-1.18043
-1.18249
-1.1827
-1.27022
-1.27103
-1.27183
-1.26914
-1.26815
-1.2699
-1.27505
-1.27514
-1.27642
-1.21544
-1.21417
-1.21595
-1.23147
-1.23115
-1.23272
-1.24761
-1.24661
-1.24793
-1.15294
-1.15186
-1.15359
-1.19085
-1.19101
-1.19219
-1.17996
-1.17928
-1.18071
-1.24409
-1.24541
-1.24636
-1.27609
-1.27454
-1.27626
-1.25858
-1.25743
-1.25872
-0.841942
-0.837912
-0.839354
-0.948023
-0.943854
-0.946082
-0.899112
-0.894485
-0.896827
-0.759427
-0.756813
-0.759342
-0.838088
-0.837465
-0.840387
-0.82208
-0.819688
-0.821947
-0.949498
-0.947522
-0.950508
-0.912349
-0.910924
-0.913855
-0.894203
-0.891561
-0.893746
-1.19095
-1.18797
-1.19079
-1.13116
-1.12902
-1.13114
-1.14801
-1.14404
-1.14681
-1.04684
-1.04442
-1.04637
-1.00098
-0.997557
-0.999887
-1.0543
-1.05163
-1.05421
-1.08587
-1.08368
-1.086
-1.04628
-1.04264
-1.0452
-1.10518
-1.10133
-1.10377
-0.752
-0.7514
-0.754265
-0.821538
-0.821282
-0.824122
-0.84198
-0.840489
-0.843267
-0.878301
-0.874293
-0.876775
-0.949569
-0.946329
-0.948306
-0.877734
-0.875128
-0.877065
-0.897176
-0.896507
-0.89919
-0.988323
-0.985145
-0.987726
-0.912765
-0.910933
-0.913365
9.28235
9.2818
9.28183
9.11151
9.11017
9.11049
9.40593
9.4045
9.4048
9.35999
9.35906
9.35916
9.35741
9.35602
9.35638
9.31482
9.31275
9.31355
9.26156
9.26188
9.26189
9.31844
9.31683
9.31734
9.316
9.31598
9.3159
9.25891
9.25984
9.25961
9.31848
9.31799
9.31799
9.13027
9.12833
9.12878
9.19398
9.19208
9.19255
9.14002
9.13781
9.13833
9.05428
9.0531
9.05343
9.12589
9.12383
9.1243
9.11929
9.11738
9.11779
9.20556
9.20378
9.20426
9.15472
9.15298
9.15343
9.15321
9.15083
9.15139
9.16196
9.16159
9.16179
9.22891
9.2296
9.22941
9.16679
9.16593
9.16624
9.07299
9.07185
9.07228
9.14123
9.13979
9.14011
9.14254
9.14138
9.14169
9.2214
9.22145
9.22153
9.16419
9.16311
9.16337
9.16151
9.16065
9.16097
9.26983
9.26405
9.26602
9.1698
9.16751
9.16929
9.25582
9.25506
9.25542
9.32682
9.32511
9.32598
9.28179
9.27924
9.28042
9.2615
9.2591
9.26015
9.19691
9.19338
9.19406
9.28556
9.28268
9.28366
9.27115
9.26953
9.2699
9.11889
9.1076
9.2094
9.19932
9.2066
9.14403
9.1771
9.15757
9.15534
9.15554
9.15588
9.23891
9.23865
9.23883
9.16111
9.15937
9.15998
9.13987
9.13837
9.14001
9.2335
9.23378
9.23377
9.15209
9.15179
9.15153
9.17162
9.15537
9.25187
9.23816
9.24636
9.04353
9.06045
8.9254
9.21425
9.21848
9.26328
9.25589
9.19868
9.22765
9.20959
9.14887
9.13672
9.14308
9.16662
9.15669
-0.84387
-0.827412
-0.83131
-0.852973
-0.834528
-0.837751
-0.822359
-0.804655
-0.807493
-0.766202
-0.748496
-0.749679
-0.732266
-0.71428
-0.713635
-0.799761
-0.781292
-0.782815
-0.861136
-0.842153
-0.844066
-0.76434
-0.7463
-0.745817
-0.831713
-0.812855
-0.814622
-0.860293
-0.838235
-0.87091
-0.8549
-0.855463
-0.70887
-0.713566
-0.555947
-0.664503
-0.647402
-0.725386
-0.708534
-0.771056
-0.804957
-0.772151
-0.689778
-0.673842
-0.674207
-0.740579
-0.71655
-0.460151
-0.442682
-0.615479
-0.601356
-0.602598
-0.525338
-0.547974
-0.526361
-0.554799
-0.538785
-0.537492
-0.702506
-0.685271
-0.683797
-0.587141
-0.570695
-0.569602
-0.653047
-0.638894
-0.637647
-0.735221
-0.718873
-0.717285
-0.629287
-0.61422
-0.612773
-0.596302
-0.589052
-0.588172
-0.591525
-0.581302
-0.580177
-0.558942
-0.549432
-0.547723
-0.461265
-0.451472
-0.447162
-0.422623
-0.411662
-0.406704
-0.497568
-0.486988
-0.483526
-0.573299
-0.560878
-0.558959
-0.464172
-0.452184
-0.447891
-0.535752
-0.524196
-0.521569
-0.513585
-0.497911
-0.496354
-0.590573
-0.574481
-0.572074
-0.476616
-0.461337
-0.459478
-0.219921
-0.208461
-0.209414
-0.311825
-0.298105
-0.297323
-0.353169
-0.339282
-0.338738
-0.54584
-0.53053
-0.527681
-0.392906
-0.378497
-0.376014
-0.433439
-0.418697
-0.416489
-0.198015
-0.186285
-0.182829
-0.361363
-0.348907
-0.344532
-0.24781
-0.235298
-0.232027
-0.0763777
-0.0660799
-0.0662259
-0.260046
-0.246746
-0.245696
-0.213537
-0.200892
-0.199583
-0.411672
-0.398397
-0.394368
-0.345338
-0.331562
-0.328767
-0.300719
-0.287563
-0.2845
-0.359018
-0.353634
-0.347243
-0.324444
-0.319238
-0.312304
-0.287966
-0.282527
-0.275209
-0.118283
-0.112338
-0.105651
-0.0558125
-0.0502379
-0.0443608
-0.165185
-0.158936
-0.152201
-0.253992
-0.247188
-0.240603
-0.104177
-0.0976341
-0.0918032
-0.208386
-0.20181
-0.195114
-0.142814
-0.132123
-0.128567
-0.21118
-0.200812
-0.196054
-0.0924767
-0.082543
-0.079007
0.197163
0.203614
0.204454
0.117662
0.124797
0.126686
0.0656005
0.0735574
0.0755443
-0.158883
-0.149501
-0.14474
0.0132805
0.0209398
0.024355
-0.0379915
-0.0293258
-0.0257637
0.225548
0.229286
0.232253
0.050115
0.0555249
0.0599556
0.172542
0.176999
0.180108
0.355563
0.359613
0.360528
0.174905
0.180825
0.182694
0.227264
0.232277
0.234042
-0.00350954
0.00298486
0.00744989
0.0668606
0.0732793
0.0765994
0.11873
0.124166
0.127351
-0.182017
-0.17743
-0.172434
-0.0427235
-0.0386852
-0.0328824
-0.0139144
-0.00970252
-0.00458758
0.217342
0.219916
0.22372
0.334018
0.335117
0.339163
0.182933
0.185956
0.190202
0.102574
0.106181
0.111369
0.287263
0.288966
0.293282
0.141585
0.145005
0.149725
0.280088
0.282684
0.28568
0.212565
0.215428
0.219564
0.333789
0.335594
0.338552
0.625311
0.626052
0.627326
0.556179
0.556638
0.558599
0.503671
0.504606
0.506487
0.266154
0.268291
0.272276
0.44119
0.441595
0.444505
0.388034
0.389063
0.392037
0.645627
0.643749
0.646682
0.473757
0.473614
0.477058
0.597661
0.596431
0.599348
0.782464
0.781611
0.783333
0.612054
0.612027
0.61406
0.664857
0.664297
0.666406
0.422508
0.423069
0.426605
0.494495
0.494353
0.497238
0.545912
0.545302
0.548176
-0.0627394
-0.0559551
-0.0556723
0.156081
0.158736
0.160459
0.167042
0.168947
0.170654
0.376315
0.373722
0.376898
0.552426
0.548399
0.551482
0.377325
0.375459
0.377945
0.356069
0.355214
0.357656
0.544186
0.54038
0.543276
0.366986
0.365514
0.367912
0.692209
0.689544
0.692526
0.603503
0.600923
0.604114
0.732724
0.729346
0.732333
1.01344
1.0104
1.01273
0.927776
0.923948
0.92656
0.896662
0.893186
0.895797
0.639111
0.635711
0.638833
0.799018
0.794453
0.797423
0.769624
0.765563
0.768558
0.85154
0.846668
0.850008
0.710279
0.705499
0.70863
0.849002
0.844165
0.847069
1.09508
1.09157
1.09387
0.953643
0.949561
0.952169
0.972221
0.968137
0.97069
0.702156
0.697495
0.70041
0.823026
0.818111
0.821058
0.839175
0.834169
0.837064
-0.0267521
-0.0354291
-0.028916
0.180218
0.17149
0.177748
0.163792
0.153396
0.160123
0.267927
0.256313
0.262745
0.461624
0.45115
0.457262
0.302809
0.291461
0.297953
0.349022
0.339756
0.345787
0.489745
0.479805
0.485823
0.327925
0.317422
0.323771
0.850827
0.845597
0.84952
0.704731
0.698869
0.703359
0.847026
0.841645
0.845814
1.11528
1.11205
1.11513
0.970881
0.966488
0.970268
0.98135
0.977152
0.980823
0.696634
0.690175
0.694947
0.827042
0.820932
0.825468
0.839015
0.83327
0.83766
0.725755
0.718507
0.723234
0.612903
0.604312
0.609675
0.759126
0.751877
0.756681
1.07633
1.07267
1.07598
0.954848
0.950174
0.954055
0.935004
0.930038
0.933986
0.642172
0.633922
0.639239
0.809387
0.802828
0.807508
0.787386
0.780413
0.785175
-0.348715
-0.360705
-0.353886
-0.136556
-0.14856
-0.142168
-0.197928
-0.209695
-0.203224
-0.181463
-0.190589
-0.185578
0.0375481
0.0285869
0.033531
-0.117801
-0.127545
-0.122195
0.00804614
-0.00254351
0.00306327
0.102321
0.0930591
0.0980973
-0.0534351
-0.0635689
-0.0581607
0.684683
0.677358
0.681977
0.48724
0.478763
0.483695
0.640332
0.633105
0.637551
0.910409
0.906423
0.909561
0.703492
0.698454
0.701865
0.752215
0.747038
0.750605
0.434818
0.426528
0.431256
0.537648
0.530749
0.534818
0.58969
0.582563
0.586835
0.300459
0.294556
0.298002
0.198912
0.191825
0.195884
0.361195
0.354938
0.358552
0.761795
0.758048
0.760841
0.649092
0.644167
0.64743
0.594789
0.590085
0.59319
0.262116
0.25472
0.258926
0.480345
0.473594
0.47751
0.423093
0.416613
0.420371
-0.828686
-0.833249
-0.830624
-0.657626
-0.662302
-0.65953
-0.7124
-0.716816
-0.714316
-0.65825
-0.660782
-0.659078
-0.47442
-0.477246
-0.475461
-0.613096
-0.616048
-0.614175
-0.504405
-0.507985
-0.505352
-0.416406
-0.419496
-0.417349
-0.558462
-0.561727
-0.559651
0.236289
0.2306
0.233852
0.00982612
0.00398597
0.00713531
0.174247
0.168945
0.171809
0.46684
0.46387
0.465672
0.232636
0.229963
0.23189
0.293792
0.290397
0.292404
-0.0557715
-0.0608518
-0.058037
0.0450202
0.0413024
0.0438488
0.10864
0.103833
0.106485
-0.196349
-0.197617
-0.196428
-0.300226
-0.301759
-0.300399
-0.142526
-0.14397
-0.14251
0.280612
0.279769
0.28145
0.16853
0.166686
0.168585
0.108387
0.107466
0.108916
-0.24286
-0.24462
-0.242932
-0.02102
-0.0236584
-0.0215408
-0.08212
-0.0838615
-0.0822342
-1.03595
-1.03574
-1.03697
-0.963025
-0.963118
-0.96342
-0.969188
-0.968896
-0.969997
-0.833739
-0.831856
-0.833643
-0.742372
-0.74124
-0.742137
-0.835944
-0.834772
-0.836142
-0.816902
-0.816263
-0.816354
-0.727588
-0.726634
-0.726951
-0.827218
-0.826415
-0.827046
-0.249982
-0.25097
-0.249837
-0.441794
-0.442333
-0.44158
-0.295731
-0.296351
-0.295493
0.00250591
0.00263486
0.00334949
-0.19347
-0.19278
-0.192495
-0.154332
-0.153844
-0.153357
-0.482177
-0.482319
-0.481854
-0.377866
-0.377854
-0.377527
-0.340976
-0.341273
-0.340677
-0.482105
-0.480148
-0.480891
-0.583726
-0.581734
-0.582372
-0.465979
-0.464319
-0.464773
-0.122175
-0.121226
-0.12096
-0.232468
-0.231389
-0.231235
-0.263384
-0.262024
-0.262076
-0.564483
-0.562956
-0.56334
-0.414211
-0.413664
-0.41348
-0.441015
-0.439924
-0.440074
-0.581226
-0.580451
-0.581524
-0.622747
-0.620574
-0.621489
-0.659114
-0.656819
-0.6582
-0.807448
-0.805058
-0.807602
-0.845325
-0.842823
-0.84435
-0.785616
-0.783604
-0.785176
-0.648969
-0.646754
-0.647787
-0.74495
-0.742738
-0.743798
-0.693792
-0.692046
-0.692997
-0.496239
-0.494322
-0.495517
-0.5968
-0.594176
-0.596069
-0.500231
-0.498076
-0.49965
-0.251313
-0.24939
-0.250132
-0.355039
-0.352716
-0.35421
-0.356331
-0.354117
-0.355419
-0.594426
-0.591483
-0.593497
-0.496116
-0.49336
-0.495245
-0.504573
-0.502062
-0.50383
-0.414765
-0.413266
-0.414032
-0.521913
-0.519155
-0.520434
-0.461736
-0.458837
-0.460491
-0.264147
-0.262497
-0.26358
-0.360291
-0.357964
-0.359476
-0.344992
-0.342747
-0.344234
-0.535873
-0.532803
-0.534669
-0.49268
-0.4898
-0.491623
-0.468263
-0.465373
-0.467248
9.06509
9.06639
9.06605
8.98341
8.98192
8.98164
8.98362
8.9814
8.98315
0.0277171
0.0362633
0.0346416
0.12056
0.127588
0.12549
0.1673
0.174323
0.172045
0.465662
0.469636
0.469723
0.546052
0.549858
0.549406
0.59676
0.60038
0.600009
0.896303
0.896387
0.897544
0.96848
0.969047
0.969769
1.01734
1.01757
1.01846
1.22027
1.2178
1.21962
1.31488
1.31279
1.31438
1.34089
1.33883
1.34032
1.22537
1.2232
1.22576
1.37843
1.37704
1.37903
1.36777
1.36634
1.36839
0.942532
0.940313
0.942631
1.15848
1.1567
1.15885
1.11312
1.11142
1.11349
0.479652
0.479723
0.481168
0.71696
0.716086
0.717201
0.656619
0.656537
0.657823
0.063735
0.0650014
0.0653082
0.258788
0.259089
0.259684
0.211622
0.212545
0.212951
-0.137127
-0.135666
-0.136078
-0.0368186
-0.0350078
-0.0348014
-0.0486319
-0.0471887
-0.047088
12.122
12.118
12.3155
12.3153
12.2736
12.275
12.2764
12.2743
12.2785
12.2804
12.2921
12.296
12.2973
12.3002
12.303
12.3041
12.3198
12.3237
12.3244
12.2294
12.2261
12.2293
12.2597
12.2605
12.2632
12.2943
12.2939
12.2759
12.2747
12.2777
11.4839
11.4926
11.3138
11.3658
11.3706
11.379
11.3756
11.3807
11.3748
11.3768
11.4069
11.4013
11.4026
11.3108
11.3262
11.3691
11.3814
11.3756
11.5366
11.5394
11.538
11.7275
11.7348
11.7313
11.6602
11.6679
11.6646
11.5849
11.579
11.5805
11.522
11.5179
11.4824
11.4884
11.3051
11.3124
11.3096
11.2735
11.279
11.277
11.3389
11.3486
11.3447
11.243
11.253
11.2987
11.31
11.3052
10.8983
10.9004
10.8995
10.6487
10.6382
10.6388
10.8036
10.8069
10.8055
11.0333
11.0233
10.9719
10.9671
10.9715
9.73178
10.1133
10.1139
10.1133
10.201
10.1794
10.1841
10.0124
10.013
10.0126
9.9948
9.9798
9.98669
10.0176
9.99577
10.3571
10.3302
10.3395
-1.31767
-1.30411
-1.30251
-1.19047
-1.22364
-1.2134
-1.21901
-1.22988
-1.2256
-1.10203
-1.11621
-1.11888
-1.21104
-1.26354
-1.24369
-1.11006
-1.14774
-1.13145
-1.11508
-1.16763
-1.14935
-1.2685
-1.28607
-1.27916
-0.885805
-0.909254
-0.900842
-0.890386
-0.923195
-0.910793
-0.827068
-0.843825
-0.844899
-0.910654
-0.936772
-0.923974
-1.04355
-1.04181
-1.04369
-0.819433
-0.848703
-0.835992
-1.0031
-1.00896
-1.00854
-0.888257
-0.907477
-0.89773
-1.08866
-1.07428
-1.08196
-1.267
-1.23574
-1.24917
-1.18563
-1.16169
-1.17207
-1.19271
-1.1672
-1.18086
-1.1076
-1.08696
-1.09495
-1.10837
-1.08541
-1.09508
-1.04838
-1.03026
-1.03808
-1.1431
-1.12041
-1.1287
-0.781818
-0.757722
-0.767408
-0.793876
-0.773963
-0.779586
-0.729489
-0.710028
-0.717443
-0.83287
-0.810844
-0.817984
-0.70973
-0.702927
-0.70269
-0.659765
-0.650732
-0.651337
-0.689496
-0.682634
-0.682048
-0.691009
-0.681442
-0.682718
-1.00688
-1.004
-1.00575
-0.994723
-0.995022
-0.995304
-1.00295
-1.00197
-1.00329
-1.00464
-1.00276
-1.00322
-1.02733
-1.02758
-1.02869
-1.0215
-1.02148
-1.02236
-1.02806
-1.02754
-1.02884
-1.01844
-1.01926
-1.02016
-0.709671
-0.707152
-0.707747
-0.713381
-0.71155
-0.712298
-0.715148
-0.712068
-0.712824
-0.70605
-0.704978
-0.705432
-0.748305
-0.747702
-0.74859
-0.756165
-0.753492
-0.754839
-0.757712
-0.756075
-0.757363
-0.747665
-0.745835
-0.746805
-1.12423
-1.12382
-1.12618
-1.13601
-1.13555
-1.13821
-1.13457
-1.13414
-1.13671
-1.12568
-1.12519
-1.12763
-1.15922
-1.15778
-1.16111
-1.1544
-1.15322
-1.15642
-1.14959
-1.14861
-1.15164
-1.1634
-1.16189
-1.16535
-0.897717
-0.895751
-0.898089
-0.918444
-0.9164
-0.919118
-0.903758
-0.901268
-0.903915
-0.914057
-0.912416
-0.914857
-0.960917
-0.959375
-0.962233
-0.948261
-0.946555
-0.949342
-0.961133
-0.959525
-0.962593
-0.945698
-0.944197
-0.946752
-1.14687
-1.14697
-1.14969
-1.15471
-1.15422
-1.15722
-1.14289
-1.14291
-1.14552
-1.15905
-1.1587
-1.16176
-1.09643
-1.09742
-1.09947
-1.12509
-1.12534
-1.12807
-1.10908
-1.11018
-1.11239
-1.11313
-1.11304
-1.11572
-1.00876
-1.00892
-1.01177
-0.995185
-0.996652
-0.999138
-0.996895
-0.997978
-1.00062
-1.0095
-1.00979
-1.01255
-0.983507
-0.984526
-0.986925
-0.974284
-0.976784
-0.978898
-0.96409
-0.966886
-0.968785
-0.991409
-0.992421
-0.994923
-0.859581
-0.864023
-0.8647
-0.851318
-0.853038
-0.854414
-0.817652
-0.821981
-0.822645
-0.890573
-0.892334
-0.893933
-0.677917
-0.680551
-0.682929
-0.768057
-0.770626
-0.771753
-0.735416
-0.740838
-0.741784
-0.719291
-0.721257
-0.722283
-0.776981
-0.779524
-0.780753
-0.705808
-0.711038
-0.71084
-0.747363
-0.753323
-0.75332
-0.736584
-0.738313
-0.739414
-0.585167
-0.587027
-0.587622
-0.612191
-0.618527
-0.618135
-0.557001
-0.56202
-0.561746
-0.639249
-0.641844
-0.642611
)
;

boundaryField
{
    Inlet
    {
        type            zeroGradient;
    }
    Outlet
    {
        type            fixedValue;
        value           uniform 0;
    }
    Wall
    {
        type            zeroGradient;
    }
    procBoundary1to0
    {
        type            processor;
        value           nonuniform List<scalar> 
435
(
10.4986
9.93939
10.3745
9.89238
10.49
10.3682
9.89419
9.93761
9.87809
9.45899
9.88464
9.56993
9.39574
8.97001
9.44279
8.9952
8.92164
8.85769
9.88664
9.5697
9.87918
9.45423
9.44798
8.99435
9.39823
8.96651
8.85431
8.90532
10.1728
10.0404
10.0298
9.98086
10.1382
10.1579
10.1177
10.0658
10.1224
10.1562
9.97583
9.87953
9.96621
9.88583
10.0869
9.96479
10.0579
10.1661
10.1501
9.97565
10.1331
10.109
10.0637
10.1215
10.1506
10.079
9.98308
9.87207
9.96502
9.85269
9.97155
10.0493
10.0268
10.0434
10.2852
10.1532
10.1546
10.2716
9.96621
9.88583
9.98999
10.277
10.1476
10.2633
10.1476
9.96502
9.98689
9.85269
9.81476
9.87221
9.74282
9.69977
9.70054
9.76876
9.64312
9.62191
9.65101
9.48962
9.49966
9.43712
9.55086
9.63893
9.22966
9.20308
9.37046
9.30802
9.37195
9.24172
9.19094
9.09559
9.14122
8.95413
8.98557
8.93646
9.06233
9.11362
8.82288
8.85887
8.88674
9.79817
9.86578
9.77537
9.69596
9.69986
9.74382
9.6572
9.62681
9.48399
9.50167
9.43491
9.65011
9.55343
9.63667
9.22792
9.37005
9.31406
9.36956
9.2
9.24226
9.1841
9.09392
8.95301
8.96447
8.93037
9.13692
9.04329
9.10683
8.79947
8.86068
8.88549
10.1728
10.1718
10.163
10.1508
10.1007
10.0707
10.0587
10.1246
10.1093
10.0714
10.063
10.1176
10.1177
10.1683
10.0658
10.1579
9.96479
10.008
10.0579
10.0869
10.008
10.1484
10.1661
10.1764
10.165
10.109
10.1591
10.1501
10.0637
9.97155
10.0028
10.0493
10.0966
10.0704
10.1256
10.0556
10.109
10.0752
10.0648
10.1217
9.87221
9.74282
9.80978
9.49966
9.52437
9.43712
9.30802
9.33564
9.37195
8.98557
9.02375
8.93646
8.85887
8.84897
8.88674
9.86578
9.77537
9.80857
9.50167
9.43491
9.52204
9.31406
9.36956
9.33364
8.96447
8.93037
9.03169
8.86068
8.88549
8.8371
9.76876
9.76462
9.64312
9.55086
9.58355
9.63893
9.24172
9.26847
9.19094
9.06233
9.08443
9.11362
9.74382
9.76597
9.6572
9.55343
9.58241
9.63667
9.24226
9.26221
9.1841
9.04329
9.07959
9.10683
10.0171
10.0195
9.93983
10.0181
10.0196
9.94101
9.88044
9.7809
9.78724
9.68212
9.56271
9.69338
9.28454
9.42864
9.29398
9.14413
8.99583
9.15361
8.87128
9.87552
9.77924
9.78876
9.67876
9.69702
9.55916
9.28
9.29289
9.42516
9.13628
9.14759
8.99396
8.8675
10.1382
10.1562
10.1224
10.1083
10.1562
10.1215
10.1068
10.1331
10.1506
10.1506
9.91378
9.89078
9.90632
9.8415
9.84668
9.8454
9.4507
9.451
9.45068
9.39299
9.39328
9.39295
8.9679
8.96813
8.9683
8.91962
8.91864
8.91922
10.176
10.1741
10.176
10.1179
9.94061
9.94061
9.948
9.94061
10.1761
10.1741
10.1761
10.1177
9.68973
9.69074
9.69026
9.63918
9.64011
9.63966
9.20566
9.20497
9.20502
9.14738
9.14622
9.14645
10.1718
10.179
10.163
10.1705
10.1671
10.163
10.1527
9.94531
9.94531
10.0428
9.94531
9.96615
10.1463
10.1764
10.1833
9.79999
9.80054
9.80022
9.51473
9.5155
9.51508
9.32678
9.32734
9.32699
9.03393
9.03364
9.03378
8.85835
8.85647
8.85732
9.75243
9.75364
9.75309
9.56954
9.57095
9.57037
9.26587
9.26553
9.26548
9.08942
9.08825
9.0885
9.91244
9.88944
9.90497
9.84051
9.84564
9.84435
9.45081
9.45161
9.45116
9.39453
9.39458
9.39434
8.97707
8.97623
8.97658
8.9274
8.92716
8.92751
10.0437
10.0437
9.93774
9.93774
9.94498
10.1614
10.1598
10.1614
10.1025
10.1582
10.1566
10.1582
10.0989
10.165
9.6893
9.69037
9.68984
9.6407
9.6415
9.64107
9.20993
9.20921
9.20932
9.15204
9.15085
9.15111
10.0437
9.93099
9.9415
10.165
10.1724
10.169
9.79936
9.80007
9.79967
9.51547
9.51641
9.51595
9.33332
9.3333
9.33307
9.03812
9.03676
9.03722
8.86251
8.86159
8.86221
9.75316
9.75408
9.75361
9.56996
9.57142
9.57083
9.27103
9.27073
9.27069
9.09268
9.09174
9.092
)
;
    }
    procBoundary1to3
    {
        type            processor;
        value           nonuniform List<scalar> 
1468
(
8.80191
8.94166
-0.379637
-0.343607
-0.408822
-0.297565
0.0232661
0.620886
1.09875
1.57555
1.74695
1.60686
1.14176
0.541484
0.0617104
-0.0902463
-0.0951657
-0.179205
9.02176
8.84567
8.83427
9.03536
-0.0688242
-0.17814
8.94229
9.02278
8.84521
9.03469
8.8348
-0.394556
-0.35209
-0.305631
-0.422827
-0.0823748
8.7609
8.80267
8.88444
8.85153
8.95759
-0.578817
-0.437097
-0.525908
-0.463553
-0.375713
-0.410692
-0.438296
-0.255274
0.00942461
0.29124
0.61018
1.03249
1.09136
1.48115
1.56657
1.73898
1.7392
1.66894
1.59784
1.26537
1.13203
0.673424
0.531768
0.137543
0.0536876
-0.13259
-0.0186584
-0.0624052
8.75993
8.88391
-0.324953
-0.218129
-0.289597
-0.253603
-0.446306
-0.649764
-0.493522
-0.657765
-0.377937
-0.573117
-0.372428
-0.550205
0.315599
1.05144
1.49409
1.74829
1.67762
1.27304
0.68016
0.142836
-0.130391
-0.120854
0.00485954
-0.225218
-0.0120977
8.82228
9.07663
9.05621
8.83321
9.05175
8.82594
8.85327
9.0389
8.84258
9.09005
9.07909
8.83025
8.85022
8.95914
9.03139
8.98382
9.18191
8.79047
8.86196
9.25094
9.01497
9.00994
-0.554378
-0.424201
-0.45735
-0.50201
-0.353955
-0.402592
-0.247611
-0.420111
-0.0178703
-0.248544
0.00182212
-0.0122945
-0.224494
-0.0189638
-0.0630146
-0.120815
9.02734
8.98667
8.78722
9.18446
8.85878
9.2541
9.00417
9.01782
8.82405
9.0756
8.8331
9.0578
9.0516
8.82416
9.03728
8.85274
8.84379
9.08898
8.82979
9.07975
-0.0346389
-0.269656
-0.338944
-0.227908
-0.261753
-0.303276
-0.468346
-0.669265
-0.676555
-0.514915
-0.395349
-0.585337
-0.566001
-0.39656
8.84158
8.79506
9.16314
9.16516
9.08635
9.43531
9.75214
8.95577
-0.382422
-0.260889
-0.216108
-0.481613
0.145549
0.126059
0.719035
0.59808
1.15697
1.04747
1.45735
1.3925
1.56783
1.56776
1.38109
1.45467
0.950626
1.07206
0.456071
0.573098
0.0940805
0.158908
0.0746184
-0.0444516
-0.050019
0.0573305
8.82438
8.82071
8.96204
8.86642
8.8564
-0.00478749
0.00291433
-0.514874
0.195725
9.1642
9.17568
9.07848
9.44388
9.13206
9.35727
9.22399
9.22026
9.7569
8.9571
-0.409741
-0.467432
-0.263765
-0.522288
-0.385056
-0.153765
-0.263349
-0.403582
-0.262695
-0.218127
-0.465467
-0.137327
0.0564794
-0.13351
-0.086903
0.0717666
-0.0472601
0.0543335
-0.0527378
-0.00590777
0.00309823
0.195181
-0.515754
9.12968
9.35347
9.22163
9.21599
8.82117
8.82354
8.9623
8.86573
8.85703
-0.259456
-0.523635
-0.420585
-0.483993
-0.13222
0.0637541
-0.129051
-0.0854436
-0.166478
-0.394819
-0.273723
8.7464
8.90127
8.86838
9.06411
9.34034
9.12042
9.12543
9.04278
8.87408
9.15431
-0.411376
-0.144351
-0.10379
-0.341106
0.298889
0.441112
0.832922
0.925717
1.22891
1.31909
1.50554
1.54682
1.54884
1.51149
1.29029
1.18694
0.824045
0.697857
0.344951
0.249087
0.00133683
0.0239848
0.0540589
-0.0913007
-0.134452
0.0910752
8.74321
8.83796
8.79177
8.89596
8.8588
8.87986
8.88516
0.114296
0.17181
0.291018
0.453728
0.728016
0.605757
0.84754
0.933756
1.16163
1.05897
1.24046
1.32897
1.46191
1.39845
1.51291
1.55079
1.57133
1.5719
1.55199
1.51421
1.38309
1.45711
1.29216
1.18815
0.951089
1.0732
0.824512
0.697495
0.454985
0.572786
0.34403
0.247414
0.0922937
0.157564
-0.000132453
0.0227422
0.123672
-0.269925
-0.0558231
0.0500935
9.06418
9.34544
9.12604
9.12683
9.0869
9.30579
9.11819
9.45695
9.03968
9.15061
8.87752
-0.724105
-0.56368
-0.473603
-0.727675
-0.57113
-0.384832
-0.159605
-0.0935407
-0.378744
-0.272293
-0.0913543
-0.192277
-0.0217361
0.051635
-0.0933704
-0.136684
0.0888808
0.122246
-0.2714
0.0483554
-0.0568971
9.08483
9.30127
9.1161
9.45239
8.87778
8.88438
-0.48787
-0.600729
-0.751697
-0.743222
-0.585779
-0.253103
-0.0878896
-0.236872
-0.00874477
8.89997
8.88325
8.90338
8.89013
0.0925135
-0.0319725
-0.0128326
0.135205
0.47672
0.48808
0.532005
0.466961
0.872456
0.884191
0.931196
0.864606
1.2456
1.25812
1.29975
1.23404
1.42271
1.4949
1.50567
1.42821
1.33187
1.44814
1.42333
1.36476
0.977253
1.12704
1.07637
1.0307
0.516686
0.67346
0.619605
0.565826
0.172835
0.2618
0.222284
0.195001
8.83841
8.83928
9.15842
9.06961
9.04388
9.08582
0.332224
0.437387
0.375759
0.396234
0.754407
0.83374
0.768161
0.786261
1.15075
1.21373
1.16365
1.16919
1.40416
1.47981
1.40032
1.45868
1.40797
1.47189
1.38178
1.48788
1.13453
1.1809
1.08436
1.22701
0.681865
0.733896
0.628826
0.788908
0.268869
0.309712
0.238684
0.35375
0.0080645
0.0744761
0.0686321
0.029932
8.83293
8.84249
8.89992
8.87715
8.90216
8.88843
9.17919
9.0526
9.02006
9.11146
0.0863875
-0.0466442
-0.020488
0.129813
0.328913
0.436186
0.376929
0.394429
0.480741
0.487139
0.531687
0.467764
0.757731
0.834221
0.772804
0.78663
0.876984
0.884584
0.931635
0.867982
1.14755
1.21158
1.16073
1.16778
1.24366
1.25555
1.29689
1.23217
1.40144
1.47695
1.39819
1.45519
1.41879
1.49167
1.50262
1.42424
1.40368
1.46879
1.37725
1.48472
1.3274
1.44499
1.42021
1.36052
1.13032
1.17755
1.08002
1.22367
0.972895
1.12357
1.07288
1.02651
0.677347
0.729868
0.624185
0.784982
0.511978
0.669379
0.615429
0.56131
0.264231
0.305429
0.23397
0.34946
0.168296
0.257619
0.218101
0.190546
0.0048091
0.0710614
0.0650237
0.0265544
8.94739
8.96704
8.94842
8.95488
0.0649829
0.223541
0.197037
0.104187
0.553626
0.62934
0.585957
0.573013
0.96023
1.03141
0.983437
0.96547
1.3054
1.37243
1.33708
1.31506
1.44017
1.51297
1.51093
1.4276
1.30402
1.35703
1.39024
1.26439
0.918311
0.965077
1.01865
0.863072
0.456512
0.509702
0.560933
0.412627
0.136572
0.143442
0.178188
0.123104
9.00157
9.03727
8.99704
9.02268
0.223166
0.303603
0.178917
0.341555
0.662329
0.684947
0.650589
0.732385
1.06952
1.07897
1.05623
1.12299
1.36727
1.40431
1.36433
1.43343
1.4137
1.50858
1.43303
1.50182
1.18107
1.31569
1.22657
1.27533
0.745657
0.904836
0.800688
0.849885
0.31918
0.45411
0.356671
0.405884
0.0902867
0.101784
0.0946378
0.0723309
8.93459
8.96987
8.94313
8.95934
8.99442
9.04713
8.97303
9.04621
0.0522503
0.220834
0.192719
0.0994095
0.221807
0.300278
0.171623
0.339152
0.55616
0.629539
0.585769
0.578053
0.667377
0.685228
0.653934
0.732901
0.963437
1.03128
0.983483
0.968336
1.06785
1.07872
1.05741
1.1224
1.30317
1.36969
1.33413
1.31158
1.36256
1.40166
1.36028
1.43103
1.43608
1.50985
1.50776
1.42316
1.40916
1.5054
1.42879
1.4987
1.29979
1.35387
1.38706
1.26
1.17672
1.31244
1.2224
1.27209
0.914014
0.961407
1.01504
0.858659
0.741104
0.901086
0.796335
0.846043
0.451891
0.505443
0.55672
0.407903
0.314453
0.44984
0.35205
0.401554
0.132252
0.139465
0.174111
0.118833
0.0863823
0.097971
0.0906541
0.0686828
8.85806
8.83859
8.81946
-0.225431
0.0369707
0.133066
0.611071
0.621685
0.516124
1.21452
1.26746
1.09338
1.56111
1.64813
1.49747
1.6419
1.77042
1.64801
1.40413
1.51932
1.49261
0.911258
0.99443
1.04976
0.360178
0.396035
0.492232
-0.0231151
-0.0292774
0.0601207
-0.169657
-0.164427
-0.0699537
-0.165831
-0.0679865
-0.164692
8.77769
8.85921
8.82113
8.83938
8.90116
8.8884
8.86887
-0.242938
0.053133
0.115738
0.0250396
0.28987
0.246591
0.627123
0.485182
0.589729
0.813862
0.954775
0.758699
1.21496
1.08741
1.25879
1.32665
1.42708
1.36385
1.55569
1.4916
1.64395
1.61202
1.64093
1.69253
1.64227
1.64853
1.76114
1.61116
1.56252
1.7105
1.40406
1.49051
1.51037
1.2966
1.1802
1.38939
0.912741
1.04764
0.985807
0.769127
0.630387
0.828912
0.364014
0.49187
0.388156
0.247237
0.141535
0.260947
-0.0178883
0.0617027
-0.035035
-0.112272
-0.0460557
-0.0678252
8.77626
8.90183
8.88772
8.86799
0.046036
0.261854
0.259993
0.820467
0.756465
0.956457
1.31915
1.37381
1.42594
1.60797
1.69878
1.63955
1.61101
1.7185
1.56186
1.29778
1.39811
1.17878
0.769331
0.838032
0.626857
0.245476
0.26946
0.136047
-0.117888
-0.0489869
-0.0615352
-0.0699119
-0.0344024
-0.10064
0.129315
-0.0718358
-0.0323325
0.130836
-0.101188
9.11086
9.11086
9.58454
9.58454
-0.0190878
-0.0199204
-0.0186936
0.00991119
0.00836684
0.00956654
9.06406
8.93344
9.06406
9.05259
9.06983
8.94348
9.06983
9.05793
-0.332512
-0.338067
-0.337719
-0.449987
-0.507117
-0.459181
-0.507117
-0.403765
-0.490217
-0.411001
-0.490217
-0.0949792
-0.0949792
-0.330147
-0.330147
-0.332998
-0.3386
-0.338248
8.93407
9.05351
9.06997
9.07858
8.91163
9.05351
9.06997
8.9431
9.06997
9.05806
-0.466138
-0.524012
-0.475344
-0.524012
-0.415705
-0.504657
-0.422847
-0.504657
9.27415
9.15431
9.15431
0.022803
0.0182713
0.0201353
-0.0837718
-0.0881457
-0.0856475
9.07881
8.95901
9.07881
9.07881
9.06829
9.08833
8.94699
9.15061
9.08833
-0.175161
-0.185069
-0.180339
0.104643
0.0944927
0.0988276
9.15061
-0.582552
-0.729394
-0.580684
-0.729394
-0.812388
-0.727675
-0.713923
-0.812388
-0.727675
-0.338018
-0.176499
-0.186427
-0.181685
0.10379
0.0935842
0.0979671
9.07858
8.95826
9.07858
9.07858
9.06796
9.08743
8.94422
9.08743
-0.751697
-0.751697
-0.605417
-0.758197
-0.603262
-0.758197
-0.838245
-0.734512
-0.838245
8.90166
8.89974
8.90055
8.91685
8.91669
8.91708
-0.0351064
-0.0276052
0.042591
0.042591
0.0499002
0.440281
0.44567
0.443743
0.488457
0.493772
0.491866
0.873164
0.875884
0.875526
0.922981
0.925533
0.925279
1.27947
1.27934
1.28025
1.32338
1.32293
1.32392
1.52081
1.51989
1.52058
1.5285
1.52793
1.52851
1.46641
1.46548
1.46719
1.44198
1.44105
1.4428
1.14207
1.1414
1.143
1.08942
1.08868
1.09011
0.668252
0.670364
0.670668
0.611691
0.613925
0.614216
0.253588
0.254821
0.25511
0.213413
0.215119
0.215313
8.85792
8.8559
8.85695
9.13416
9.12756
9.07185
9.07185
9.07596
0.381885
0.387332
0.385115
0.333669
0.339331
0.336578
0.815141
0.818454
0.817802
0.764634
0.768089
0.767315
1.22705
1.22748
1.22819
1.18007
1.1808
1.18138
1.50165
1.50088
1.50159
1.48332
1.48227
1.48315
1.48306
1.48243
1.48401
1.49838
1.49788
1.49939
1.19173
1.1911
1.19266
1.24009
1.23936
1.24094
0.725822
0.727457
0.728172
0.784944
0.786061
0.787003
0.296414
0.297414
0.297714
0.341128
0.342021
0.342387
0.0310035
0.0314088
0.0320421
0.0361644
0.0371188
0.0377138
8.99601
8.9912
8.99206
8.94238
8.94389
8.94371
0.182318
0.17204
0.178632
0.101496
0.108415
0.105273
0.596583
0.601062
0.599701
0.546885
0.551826
0.550167
1.02865
1.03062
1.03062
0.979054
0.981193
0.981102
1.4032
1.40193
1.40308
1.36632
1.36528
1.36642
1.52942
1.52888
1.53
1.53092
1.53042
1.5312
1.37616
1.37523
1.37697
1.41036
1.4094
1.41118
0.973778
0.973534
0.974258
1.03089
1.03032
1.03126
0.501387
0.502555
0.502776
0.553793
0.555545
0.555731
0.1401
0.142099
0.142224
0.171342
0.173242
0.173395
8.96421
9.00117
8.97848
9.03715
9.02988
9.03531
0.221454
0.228426
0.224631
0.274489
0.280385
0.277182
0.654751
0.658964
0.657773
0.705855
0.709786
0.708784
1.08052
1.08207
1.08222
1.12817
1.12949
1.12981
1.43176
1.43056
1.43163
1.45974
1.45861
1.45958
1.51863
1.51822
1.51955
1.51106
1.51068
1.51209
1.3306
1.32979
1.33145
1.28847
1.28775
1.28934
0.907524
0.907498
0.908261
0.848391
0.848848
0.849579
0.441337
0.442282
0.442667
0.39197
0.392928
0.393305
0.0974624
0.0992864
0.0995594
0.0759427
0.0775065
0.07786
9.12321
9.12321
9.59557
9.59557
-0.0218291
-0.0226754
-0.0214695
0.00733831
0.00580974
0.00699034
-0.0915654
-0.0915654
-0.331989
-0.331989
9.28031
0.0210213
0.0165036
0.0183579
-0.0858515
-0.0902391
-0.0877454
-0.325445
8.89963
8.89717
8.89811
8.91959
8.91877
8.91928
-0.0390482
-0.0317861
0.0399404
0.0399404
0.0469252
0.438726
0.444064
0.44214
0.487216
0.492548
0.490695
0.871989
0.874802
0.874376
0.92187
0.924501
0.924185
1.27571
1.27567
1.27655
1.31938
1.31903
1.31997
1.51535
1.51467
1.51527
1.52309
1.52275
1.52325
1.46159
1.46081
1.46246
1.43724
1.43645
1.43815
1.13753
1.13695
1.1385
1.08491
1.08425
1.08563
0.663575
0.665728
0.666002
0.607025
0.609285
0.609561
0.248991
0.250304
0.250579
0.209001
0.210751
0.210931
8.85706
8.85583
8.85668
9.11574
9.10989
9.06231
9.06231
9.06498
0.383708
0.389217
0.387062
0.336727
0.342165
0.339699
0.816001
0.819239
0.818655
0.765536
0.768923
0.768216
1.23052
1.23084
1.2316
1.18323
1.18381
1.18445
1.50704
1.50599
1.50679
1.48876
1.48749
1.48844
1.48795
1.48716
1.48879
1.50338
1.50272
1.50429
1.19626
1.19553
1.19714
1.24466
1.24383
1.24545
0.730536
0.732104
0.732866
0.789628
0.790662
0.791611
0.301054
0.301993
0.302301
0.345635
0.346515
0.346895
0.0342195
0.034607
0.0352477
0.0395425
0.0404885
0.0410971
8.99791
8.99351
8.99428
8.94185
8.94283
8.94277
0.178167
0.168526
0.17471
0.0972264
0.104161
0.101006
0.595643
0.600218
0.598797
0.545606
0.550665
0.548955
1.02676
1.02885
1.02877
0.977433
0.979669
0.979516
1.39838
1.39733
1.39841
1.36178
1.3609
1.36197
1.52411
1.52378
1.52482
1.5255
1.52522
1.52592
1.37152
1.37071
1.3724
1.40565
1.40482
1.40655
0.969205
0.969034
0.969732
1.02633
1.02584
1.02675
0.496708
0.497886
0.498103
0.549144
0.550898
0.551077
0.13603
0.138057
0.13818
0.16712
0.169052
0.1692
8.96556
9.00132
8.97882
9.03143
9.02318
9.02839
0.225339
0.232262
0.228509
0.277622
0.283308
0.280378
0.655739
0.659849
0.658724
0.706625
0.710472
0.709538
1.08288
1.08428
1.0845
1.1311
1.13221
1.1326
1.43705
1.43556
1.43672
1.46485
1.46346
1.46452
1.52386
1.52326
1.52465
1.51615
1.51559
1.51707
1.33523
1.3343
1.33601
1.29304
1.2922
1.29384
0.912116
0.912016
0.912804
0.853054
0.853423
0.854176
0.44602
0.446944
0.44733
0.396612
0.39754
0.397934
0.101313
0.103113
0.103389
0.0796104
0.0811511
0.0815072
)
;
    }
}


// ************************************************************************* //
