/*--------------------------------*- C++ -*----------------------------------*\
| =========                 |                                                 |
| \\      /  F ield         | OpenFOAM: The Open Source CFD Toolbox           |
|  \\    /   O peration     | Version:  2312                                  |
|   \\  /    A nd           | Website:  www.openfoam.com                      |
|    \\/     M anipulation  |                                                 |
\*---------------------------------------------------------------------------*/
FoamFile
{
    version     2.0;
    format      ascii;
    arch        "LSB;label=32;scalar=64";
    class       volScalarField;
    location    "1.30005";
    object      p;
}
// * * * * * * * * * * * * * * * * * * * * * * * * * * * * * * * * * * * * * //

dimensions      [0 2 -2 0 0 0 0];

internalField   nonuniform List<scalar> 
64961
(
17.5226
17.7273
18.3799
19.0332
19.4368
19.6418
19.8048
19.9586
20.1692
20.3446
20.3151
20.1789
20.0094
9.70825
10.098
10.3114
10.5596
10.8339
11.0948
18.4729
19.0878
18.8531
18.7388
18.8652
19.2179
19.4057
19.3413
19.0604
18.4217
7.74456
8.16553
8.95286
9.5203
10.0497
10.7197
11.3699
11.9462
18.2992
18.7014
18.9696
19.017
18.8094
18.2613
16.719
10.1086
10.0326
10.4756
10.5939
10.9255
11.7734
12.9156
19.0482
19.1745
19.164
18.9624
18.4627
17.4296
16.0469
14.7697
14.4518
14.8093
15.3142
19.3724
19.4796
19.458
19.1098
18.668
18.2613
18.1295
18.426
19.5942
19.7242
19.8109
19.9901
20.177
20.2133
20.3677
16.7059
17.5512
18.5501
19.0584
19.3305
19.5249
19.6389
19.7698
20.0381
20.3852
20.6148
20.5661
20.764
8.81371
9.30262
9.88541
10.3589
10.65
10.8256
19.0484
19.146
18.8408
18.4397
18.5127
19.0499
19.3707
19.3771
19.0103
18.1842
7.75765
7.81192
7.93174
8.72518
9.80616
10.5754
10.9577
10.8164
17.1478
18.4013
18.8219
18.8786
18.5593
17.6515
15.4516
10.3819
9.25551
9.63256
10.4861
11.4997
12.1982
12.1492
18.8564
19.0488
18.9708
18.6339
17.947
17.0213
16.3223
16.2239
16.3997
16.4048
15.0406
19.3093
19.4032
19.4732
19.4726
19.4994
19.6842
20.0351
20.1804
19.843
20.1518
20.4591
21.013
21.1758
20.455
20.6078
17.705
17.9061
17.2668
17.7256
17.7581
16.7054
17.3167
18.8487
17.463
18.4399
18.3245
16.408
16.7206
11.2339
15.6594
11.445
11.7251
12.6371
10.9636
11.2565
12.2331
18.5007
17.1481
18.286
18.9294
19.0093
18.4013
18.7553
18.8571
12.5282
13.8688
12.2058
12.3679
14.6148
13.7605
12.1553
11.8075
19.0329
19.1006
19.168
19.3321
18.8566
19.0282
19.1214
15.1127
18.113
16.4114
16.3824
19.6342
15.0435
19.4622
19.3091
19.4006
19.4772
19.4716
19.4038
19.4641
19.7858
18.2614
20.046
20.037
20.2724
21.307
18.4371
20.1823
19.7198
19.5844
20.0401
19.702
20.2217
19.8445
20.0907
20.3119
20.1838
20.4234
21.0156
21.604
21.0909
21.1801
20.346
20.4573
20.6034
20.4144
20.6073
20.9202
17.2677
17.7269
17.7042
17.9071
21.0549
21.0808
20.4709
20.396
21.0571
20.5824
20.4286
20.2929
20.3898
20.2149
8.9129
9.72782
9.05278
9.49254
9.82606
10.1367
9.59423
9.92211
10.1828
10.3644
17.317
17.5212
17.755
18.3609
17.7239
18.3159
18.9686
18.8566
18.3794
18.9867
19.0854
19.3584
18.774
20.0104
19.2449
18.7915
18.9231
18.8888
8.01463
8.07293
8.84083
7.97485
8.08051
9.64386
8.26125
8.85048
10.7164
11.1042
10.8085
19.0795
19.3633
19.1983
18.4738
19.4639
18.9523
19.0879
19.2576
18.4936
18.8554
18.8712
18.324
16.4077
18.7392
18.8505
17.4704
17.4929
17.6823
16.1021
18.4304
15.2209
18.2491
17.0227
15.663
11.4526
16.726
11.2651
6.85162
8.51381
6.80367
8.67063
7.78742
8.48463
8.49681
7.79101
8.11491
8.83773
9.77109
11.2513
12.2301
11.3611
11.7174
12.6261
11.9382
18.2862
18.3008
18.5018
18.756
18.8572
18.7015
18.9304
19.0092
12.3616
14.6116
11.7507
12.5139
13.861
11.805
12.9018
13.7499
19.1003
19.0318
19.0286
19.1217
19.0469
19.1666
19.3336
16.3764
19.6305
14.7794
15.106
18.1298
15.3093
19.4005
19.3733
19.4633
19.463
19.7847
19.4804
19.4775
19.4715
20.2695
21.3039
18.1455
18.2886
20.0439
19.7137
18.4521
18.4454
20.0391
19.5841
20.0882
20.3102
19.5942
19.6978
20.2198
21.5992
21.0873
19.9852
20.1807
20.4208
20.1741
20.593
20.2115
20.3438
20.9164
20.3656
20.4119
10.8148
10.8303
10.7187
6.75733
8.5474
6.83727
8.48169
10.818
19.2732
18.8426
19.0154
19.0338
19.3926
18.6594
19.2139
18.3142
18.7524
18.7433
18.2159
17.9009
18.3783
17.9901
18.5045
18.4587
19.0287
18.6318
19.0335
19.0927
19.4791
19.1448
19.4211
19.523
19.7249
19.4942
19.6507
19.7404
19.8977
19.6927
19.8149
19.9208
20.0721
19.8567
20.0073
20.0995
20.3032
20.068
20.2976
20.3269
20.4911
20.3919
20.6838
20.5017
20.4699
20.7794
21.0085
20.4707
20.3948
21.0554
21.0813
20.4295
20.292
21.0572
20.5828
20.2146
20.3908
9.72506
8.92145
9.8152
10.13
9.06263
9.50058
10.1716
10.3646
9.60056
9.93221
10.3948
10.5584
10.0884
10.3641
10.5882
10.7799
10.4664
10.6389
10.8133
10.9882
10.6847
10.7724
11.011
10.7883
17.2589
17.535
12.3996
16.3165
16.3898
16.799
13.7435
18.3155
17.55
18.3595
18.992
19.0858
18.5489
18.9685
18.8567
19.3982
18.6599
19.2147
19.0579
19.2733
18.8426
19.0153
19.6284
18.9384
19.3193
19.3313
19.4875
19.0578
19.1523
19.784
19.0777
19.4096
19.5248
19.6165
19.0604
19.0139
19.9317
19.074
19.0183
19.6408
19.7266
18.9897
18.8891
20.1467
18.904
19.059
19.7698
19.9524
18.8669
18.891
20.3358
19.0911
19.3465
20.0383
20.3026
18.9994
19.3043
20.3192
19.3821
19.5331
20.3834
20.5788
19.405
19.6338
20.1708
19.529
19.4773
20.6149
20.6057
19.6782
19.7109
20.1591
19.4618
19.2737
20.5661
20.2484
19.6864
19.4811
19.2377
18.7922
20.7642
19.3582
18.7735
18.8915
18.9217
8.0902
7.99302
9.6442
8.28266
8.85077
8.84791
7.9642
8.0614
10.0758
8.93425
9.42963
8.8174
9.19617
8.15099
8.54064
10.2796
9.49837
9.90848
9.31526
9.76436
8.69884
9.43164
10.5218
9.97954
10.4822
9.89868
10.2485
9.66559
10.2172
10.7937
10.5756
11.0434
10.3633
10.5952
10.3809
10.6849
11.0614
11.0695
10.9332
10.6579
10.7968
10.7523
10.879
11.2432
11.0494
10.9126
10.8449
10.8465
10.8652
10.827
19.3644
19.0795
19.465
19.0484
19.1981
19.2578
19.146
18.9526
18.8689
18.8411
18.4941
18.1769
18.8497
18.1362
18.5811
18.4832
18.4385
18.2347
19.1695
18.0489
18.5857
18.5131
18.9288
17.1106
18.2964
19.3992
18.6678
18.9475
19.0498
19.3189
18.4582
18.8374
19.3615
18.9872
19.0457
19.3706
19.4052
18.9043
18.9736
19.1088
19.0349
18.8637
19.3763
19.1422
18.9544
18.7413
18.5307
18.8204
18.361
19.0098
18.4152
18.6121
17.9754
15.1921
18.2544
17.0185
18.1824
17.4914
17.6803
16.0988
15.7153
17.3414
17.5037
16.2529
8.12862
8.7252
9.68274
7.73439
7.76268
8.47349
8.47124
8.86007
9.78234
10.1603
7.7965
8.05389
8.54299
8.83454
9.45983
10.1835
10.4643
7.90094
8.45169
9.14508
10.0514
9.97292
10.5349
11.1611
8.74162
9.55773
10.3624
11.1085
10.6153
11.2887
11.7981
9.82424
10.4287
11.2892
11.6012
11.3477
11.7336
11.3812
10.5859
10.8941
11.5874
11.4854
10.8356
11.6266
11.1721
10.88
11.1313
11.0389
11.062
12.5313
10.7235
10.7811
18.4082
17.6159
18.4867
18.7948
18.795
18.7133
18.5588
18.8742
18.6686
18.6304
19.0261
19.0474
19.1433
18.8213
18.8934
18.9734
19.028
18.855
19.1562
19.124
18.8785
18.6794
19.025
18.9362
18.3643
19.1072
18.9191
18.5581
17.9515
18.873
18.5432
16.9881
18.8659
18.3861
17.6502
16.2501
18.3953
17.7074
13.3186
18.2838
17.2705
15.4491
12.8279
17.4338
16.366
9.89256
17.0715
15.7761
10.3739
9.41437
16
15.2052
10.4294
15.5831
14.401
9.2403
9.4494
15.0812
14.8813
10.5891
14.2653
13.7962
9.6225
10.2612
14.9228
15.0132
10.8425
13.8018
13.9916
10.4902
11.2643
15.0684
15.1596
11.6426
14.0473
14.0461
11.5124
12.0738
15.1429
14.893
12.375
12.1157
12.6704
11.806
12.6726
11.8529
12.3952
11.6306
12.6873
11.4514
11.693
6.86413
12.0203
12.242
19.0543
19.077
19.1471
18.8868
19.1277
19.0353
19.1348
19.1684
19.3359
19.4362
19.0493
19.0145
19.3048
19.3699
19.0073
19.4591
19.4748
18.9712
18.7466
19.3706
19.3663
18.5614
19.4602
19.1423
18.6361
18.1559
19.3484
19.2599
17.5973
19.0694
18.5362
17.9488
17.2575
19.2241
19.1105
16.2371
18.4539
17.9555
17.0259
16.4577
19.0662
19.0557
14.897
17.8999
17.6109
16.3255
16.2097
19.0789
19.203
14.4377
17.612
17.7129
16.226
16.3584
19.2611
19.3733
14.7741
17.6781
17.4414
16.397
16.4257
19.3122
19.0782
15.4551
14.9941
15.8977
15.0892
15.8179
15.0145
15.7758
15.9141
13.3754
13.4844
19.4035
19.3567
19.5295
19.3478
19.5069
19.3913
19.3125
19.3864
19.3022
19.3003
19.1692
19.502
19.5597
19.4752
19.4796
19.8855
20.0101
18.7269
19.5716
19.6052
19.4742
19.4996
20.0511
20.2281
18.2968
19.6196
19.7214
19.4897
19.6269
20.3
20.6135
18.1111
19.7572
20.0072
19.6902
19.9371
20.7514
21.2009
18.9952
18.1891
19.0276
18.6267
19.1374
18.5799
19.0322
18.3383
18.3267
19.0877
18.2957
17.177
18.4857
18.7184
19.7415
19.6727
19.2995
19.6434
19.7316
19.7143
19.7046
19.7904
20.1106
20.3102
20.1538
20.3743
20.4433
20.5574
19.9499
20.3474
20.4251
20.4599
20.8572
20.6267
20.9712
19.9822
20.0704
20.3068
19.8068
20.3759
19.867
19.9651
20.0711
19.2998
19.4258
20.2647
19.9646
20.0092
20.2043
20.411
20.3817
20.1785
20.4064
20.1542
20.1928
18.2252
18.0247
18.0504
18.1885
17.9912
18.5063
17.9024
18.3853
18.6331
19.0338
18.4657
19.0249
19.1461
19.4209
19.0949
19.4747
19.4936
19.6506
19.5196
19.7238
19.692
19.8144
19.7429
19.888
19.8558
20.0075
19.9081
20.0741
20.0671
20.2978
20.1003
20.3046
20.3933
20.6821
20.331
20.4836
20.7791
21.0098
20.4959
20.4776
21.5471
21.3035
21.4729
21.4336
10.0393
10.0559
10.0953
9.99357
10.0797
10.3623
10.388
10.5449
10.4659
10.6266
10.5772
10.7735
10.6958
10.7715
10.807
10.9854
10.7889
11.006
17.0622
16.9633
14.0067
17.2876
17.0782
16.9017
12.8645
17.9249
17.7989
17.1336
17.625
17.774
17.8872
17.3083
19.4876
19.058
19.1529
19.4323
19.6267
18.9383
19.3186
19.6169
19.0609
19.0141
19.6447
19.7751
19.0768
19.4094
19.7252
18.9896
18.8891
19.7927
19.9348
19.0766
19.0203
19.9521
18.8674
18.8905
19.9592
20.1476
18.9041
19.0598
20.3048
18.9984
19.3028
20.1713
20.3299
19.0909
19.3474
20.5802
19.4039
19.6326
20.3389
20.325
19.3833
19.5377
20.6054
19.676
19.7095
20.3164
20.1719
19.5344
19.4803
20.2472
19.684
19.4804
20.1738
20.1597
19.4626
19.2711
20.1384
20.2447
19.9013
20.9373
20.0806
20.2972
19.9331
7.89743
8.07986
8.26167
7.75488
9.19073
8.12748
8.53233
9.70647
10.0811
8.9313
9.4311
9.76058
8.68393
9.42032
10.1107
10.2903
9.48562
9.89318
10.2435
9.64337
10.2183
10.3149
10.5041
9.96367
10.4748
10.5824
10.3735
10.6824
10.5443
10.7859
10.5673
11.035
10.7907
10.7498
10.8769
10.8251
11.0888
11.0611
10.9265
19.1086
19.1253
19.1102
18.9907
19.0923
19.1207
19.1403
19.1135
18.6065
18.7695
18.7182
18.8273
18.5483
18.7552
18.7216
18.0213
18.2421
18.0812
18.4291
18.0534
18.2346
18.0898
18.9284
17.1106
18.2965
18.8654
19.1702
18.0517
18.5865
19.3203
18.458
18.8388
19.2189
19.4028
18.6684
18.9487
19.4101
18.9034
18.9762
19.4067
19.3638
18.9886
19.0501
19.1421
18.9522
18.743
19.3428
19.1082
19.0389
18.8693
18.4162
18.6124
17.9777
19.0726
18.5407
18.8253
18.3456
15.4716
15.8513
15.3221
16.109
7.47086
7.78245
8.08665
7.381
8.03296
7.50217
7.50582
8.08835
8.55247
8.84519
8.15237
8.86134
9.84118
10.135
8.43694
9.13075
10.0516
8.94731
9.43836
10.1477
10.3845
9.54815
10.3447
11.0952
9.49378
9.94564
10.4575
11.1336
10.4187
11.2778
11.5938
10.0292
10.6048
11.265
11.7835
10.8876
11.5803
11.4829
10.7091
11.3386
11.7183
11.369
10.842
11.2229
11.1752
18.1928
17.3177
18.3024
18.8958
18.974
19.0287
18.9708
19.0293
19.0473
19.1467
18.6814
19.0256
18.9389
19.02
18.8576
19.1532
19.1361
17.9526
18.8694
18.54
18.8139
18.3576
19.1172
18.9119
16.2524
18.4005
17.7091
18.2599
16.9936
18.8638
18.3826
12.8337
17.434
16.3653
16.7252
13.3392
18.2801
17.2626
9.45171
15.9996
15.2072
10.1405
9.99567
17.0643
15.7349
9.46532
15.0841
14.8802
10.074
10.4533
15.5381
14.3141
10.2769
14.9206
15.0064
10.4767
10.5414
14.1688
13.6952
11.2714
15.0643
15.1524
10.5384
10.772
13.7173
13.9965
12.0686
15.1373
14.8901
10.8668
11.6177
14.0409
14.0365
12.9471
12.555
13.6515
12.2221
12.8268
12.674
14.0008
18.7687
19.0001
19.0495
18.8233
18.8628
18.9834
18.9835
19.0138
19.305
19.3699
19.166
19.1791
19.3372
19.4387
18.7451
19.3706
19.3661
19.1652
19.0038
19.4606
19.4716
18.1546
19.3481
19.2585
18.9601
18.558
19.4579
19.1353
17.253
19.2215
19.0981
18.4591
17.5898
19.066
18.5372
16.4516
19.0823
19.0594
17.4219
16.1949
18.4538
17.9598
16.2062
19.0791
19.203
15.9991
14.8158
17.9041
17.6227
16.3595
19.2586
19.3746
14.6874
14.3506
17.6292
17.7315
16.42
19.3142
19.0752
14.3814
14.755
17.7075
17.4601
15.227
15.4346
15.4462
19.5149
19.2146
19.375
19.4771
19.885
20.0086
19.4604
19.1669
19.502
19.5511
19.4781
20.0508
20.2238
19.1119
18.7263
19.5643
19.6069
19.6207
20.3003
20.6096
18.6668
18.2986
19.6235
19.7187
19.934
20.7512
21.1979
18.2621
18.117
19.7532
20.0048
20.6367
20.4705
21.3902
19.7387
20.9379
20.0621
21.2715
19.8004
19.9939
20.0399
19.7154
19.9614
19.854
19.9067
20.369
20.4411
20.5537
19.7215
19.7895
20.1092
20.3071
20.8507
20.6232
20.968
19.8103
19.9464
20.3446
20.4223
21.5483
21.0933
21.2372
20.5624
20.3121
20.4301
20.5909
20.7367
20.5965
20.4254
20.6931
20.4906
20.5074
18.4001
18.7354
18.7275
18.4786
17.9461
18.5714
17.6916
17.2155
18.5649
17.9207
17.5124
18.0517
18.5684
17.6129
17.8714
18.5489
18.1599
17.6839
18.2255
18.0239
18.1886
18.0496
17.9189
17.3921
17.7304
17.261
17.8723
17.4563
17.7881
16.3164
17.3629
16.9723
17.3346
13.9508
17.0948
16.953
17.586
16.9449
16.7809
17.339
14.8623
17.2335
17.0599
17.2879
16.9627
14.006
16.9022
12.8629
17.0775
16.4883
17.3798
17.0306
16.9547
17.1202
17.0914
16.2518
16.8939
16.9038
16.7023
16.9486
17.1389
16.3456
17.8889
18.7291
18.3762
18.4668
17.7343
18.4421
18.0552
17.3845
17.1312
18.28
17.8543
16.8195
17.9612
17.0567
17.3423
17.0726
18.02
18.4285
18.2424
18.0814
18.2348
18.0892
18.0534
17.2298
17.7177
17.7527
17.2172
16.8013
16.6305
16.9421
16.9833
16.7947
14.4709
16.5725
15.2848
15.997
15.7411
15.9364
14.2769
14.9802
14.9113
11.7068
16.9261
14.6846
15.4645
15.8485
16.1033
15.3187
14.1927
15.7613
15.5056
13.7939
15.6624
13.8735
14.0178
14.7803
11.8066
14.4002
14.3318
14.4999
11.0113
11.9766
6.98413
11.1349
10.2674
10.8362
10.6044
11.008
12.1277
11.5183
11.8615
11.3813
10.8272
12.0705
11.9039
11.3776
10.8979
11.053
10.9948
11.1949
11.5382
11.6141
12.5431
11.6465
11.7915
11.2449
11.4207
11.0579
18.46
18.4164
18.6524
18.5067
18.778
18.154
18.4114
18.7279
18.7802
17.3166
18.1929
18.3019
18.2874
18.3128
17.8738
18.1103
17.9111
18.1309
18.2388
18.5731
18.5741
18.8314
18.8288
18.9637
18.8283
18.8921
18.7576
18.8846
18.6395
18.7884
18.8875
18.8424
18.6842
18.8087
18.8372
18.9706
18.9412
18.9113
18.9304
18.8474
18.9654
18.5324
18.5463
18.6544
18.5169
18.5979
18.5651
18.7426
18.8203
18.7909
18.8582
18.7665
18.8086
18.7587
12.3614
12.1849
12.5058
11.9586
12.6125
11.8928
12.0787
12.9085
13.4654
13.6366
13.5358
13.4238
13.2107
13.0272
13.2055
13.3826
14.8166
13.7593
12.3201
13.6104
14.1969
13.3565
15.2815
13.7146
15.4655
14.1879
12.967
11.2522
11.1547
13.713
12.0259
12.9461
12.2236
12.5616
13.6556
12.6733
13.9986
12.8311
12.2185
11.7342
12.2506
13.0449
13.4102
19.0216
19.2483
18.976
18.9961
18.8799
18.7904
19.0983
19.1443
19.2245
19.0549
19.1621
19.037
19.18
19.2671
19.1688
19.2075
19.2419
19.2332
19.1873
19.0878
18.7712
18.8243
19
19.0495
18.9829
18.9839
18.8628
19.0737
19.1716
19.0344
19.0525
19.058
19.0417
19.1372
15.5303
15.3078
10.8113
14.9259
15.077
14.6557
14.7929
15.6339
16.8214
17.2025
16.4624
16.8406
15.2918
16.6244
18.1612
16.2401
16.0501
17.1276
15.8343
17.0155
18.0408
17.8251
19.5408
18.6673
18.3628
17.7365
17.4897
17.3713
15.4268
15.2313
15.4412
19.391
19.4078
19.3539
19.3464
19.3396
19.2501
19.3278
19.3815
19.4855
19.2141
19.5147
19.3749
19.3684
19.3699
19.2629
19.3041
19.2452
19.1783
19.4513
19.6113
19.4525
19.3317
19.5172
19.3775
19.2651
19.3928
19.2935
19.3414
19.313
19.3911
19.5136
19.4203
19.4337
19.4851
19.4492
19.4489
19.4353
19.5694
19.4205
19.4661
19.5925
19.4441
19.5653
19.6187
19.4181
19.4691
19.5098
19.5677
19.6561
19.68
19.799
19.5784
19.6398
19.6592
18.9557
18.2043
19.2124
18.5001
19.1494
18.535
18.8223
19.3662
19.4475
19.9596
19.6455
19.4543
19.4726
19.3732
19.5243
19.4027
20.1732
19.5279
18.7835
19.526
20.9814
21.0637
21.749
20.876
21.4441
21.4541
18.3552
17.1469
17.0158
19.2804
18.5773
20.6366
19.7349
20.4744
21.3992
20.0609
21.2762
20.9457
19.589
19.37
19.4645
20.8431
20.7228
19.5531
19.7225
19.6055
19.8136
19.8115
19.6339
19.7907
19.6792
19.8659
19.7619
19.8107
19.7517
19.8376
19.7885
19.8065
19.7657
19.9731
19.9194
19.8552
19.8584
19.8024
19.7162
19.9953
20.0405
19.855
19.9077
19.9622
20.0738
20.2321
20.0572
20.2022
20.2111
20.0974
20.1946
19.8585
20.1453
20.1537
19.9646
20.4094
19.8572
19.8426
19.8735
20.4068
20.0252
20.403
20.0715
19.834
20.4094
21.2528
21.1146
21.3337
21.5485
20.8735
21.1701
21.55
21.0191
20.8478
21.2369
20.8339
21.3267
21.0586
21.3069
21.097
21.5536
21.2426
20.1443
20.2988
20.399
20.1366
20.3125
20.1272
20.2303
20.3835
20.1989
20.3161
20.5676
20.4338
20.4743
20.3956
20.5008
20.643
20.3631
20.5782
20.5711
20.5891
20.5476
20.4226
20.0161
19.9961
20.3781
20.2236
20.5913
20.434
20.7454
20.6009
20.49
20.5092
20.6967
20.7298
20.5536
20.6309
20.6736
20.594
17.9189
17.731
17.262
17.3912
17.7888
17.8722
17.4553
18.3144
18.7522
18.2164
18.7433
18.4003
18.7385
18.4774
18.7277
17.9474
17.2158
18.5705
17.6909
17.9211
17.5132
18.5641
18.0509
17.873
18.5678
17.6123
18.1601
17.6835
18.548
21.6663
22.0149
21.7793
21.9307
21.2789
20.8347
21.2409
20.8637
21.1973
20.9555
21.4676
20.9585
20.9195
20.7397
20.6742
20.3992
20.9184
20.766
20.6827
20.9173
20.7689
20.7748
20.4023
20.9103
20.7624
20.6948
21.6442
21.0824
20.7001
21.5244
21.0986
20.8894
20.9413
20.6916
20.8795
20.6792
20.7632
20.7816
20.3512
20.8083
20.5758
20.7251
21.0617
20.3087
20.4348
20.8458
21.0208
20.5097
20.122
8.60019
9.14647
9.55703
9.92623
9.76347
9.67543
9.36892
9.26682
8.73613
9.6362
9.09939
9.35794
9.68017
9.31504
9.37476
9.54272
9.61296
9.17655
10.1704
10.5215
10.33
10.4799
9.83511
9.43127
9.9778
9.49384
10.2986
9.9023
9.72801
10.4892
10.0929
9.98775
9.56314
10.3261
10.3195
10.5575
10.276
10.5933
10.4132
10.7225
10.4536
10.6736
10.1871
9.8233
10.5619
10.2762
10.057
9.91567
10.6027
10.262
10.0749
10.6702
10.3062
10.283
9.99256
10.6263
16.4909
17.0313
16.9556
17.3794
16.2524
17.1184
17.0921
16.8956
16.9046
16.7051
16.9496
16.3463
17.1428
17.2604
16.3168
17.5333
12.3991
16.7995
13.7447
16.3892
16.3182
17.335
17.3609
16.9711
17.094
16.9544
13.9506
17.5876
16.9437
16.7829
17.3371
17.2354
14.8617
17.8389
17.007
17.7631
17.2002
17.8811
18.3668
17.8469
18.406
17.7743
17.5424
18.1216
16.52
17.9015
17.1688
17.737
17.9296
18.3648
18.0373
18.417
18.0585
18.2334
17.7184
17.9573
16.335
17.3406
17.9787
18.0119
18.647
18.5221
17.7614
18.7857
18.4232
18.7722
18.4558
18.7937
18.8395
18.8547
18.789
18.8354
18.4429
18.5265
18.6848
18.235
18.7083
18.2489
18.5288
18.5656
18.9778
18.73
19.233
18.8831
18.7614
18.4926
18.8773
18.2693
18.5505
18.7284
18.8744
18.8882
19.084
18.8551
18.5332
19.5329
19.3933
19.397
19.5393
20.0068
20.4518
18.5694
19.905
19.9777
19.7787
19.6782
19.2794
19.6773
19.3326
19.6587
19.3704
19.3237
19.4683
19.1276
19.4775
19.2235
19.3751
19.1543
18.802
19.1063
19.1075
18.9789
19.1185
19.2785
19.4741
18.2346
19.0099
19.6049
18.3947
17.9108
18.0759
19.002
19.6257
18.4995
19.3968
18.3838
18.428
18.0913
7.81399
7.49182
8.0906
7.84217
7.46333
7.68473
7.47797
7.77367
7.1052
7.50672
8.43182
7.88115
7.69302
7.27691
8.08388
8.53346
8.46638
8.51197
8.44274
8.23151
8.15932
7.70268
7.99001
8.06105
7.46273
8.07935
7.65414
7.50459
8.2452
8.92019
8.03943
8.98763
8.43951
8.78066
9.58999
9.15771
8.72532
8.50535
9.03753
7.96227
7.52058
8.593
8.46192
7.75944
7.75119
8.8778
8.0856
8.05705
9.16534
8.55477
8.29983
7.87109
8.99629
11.2088
11.3959
11.126
11.6425
10.8335
10.827
11.2138
11.0343
10.8602
10.8234
10.9124
10.8952
11.2035
10.8592
10.8649
10.7694
10.7219
11.4178
10.8083
10.9634
10.5586
11.2913
11.0502
11.7856
11.0709
11.576
19.0834
19.0427
19.0939
19.6683
19.1567
19.0634
18.8853
19.1216
19.0803
19.2013
19.0586
19.0234
19.2853
19.1203
19.2099
18.9983
19.0882
19.0973
18.8563
18.9192
19.0792
18.8632
19.1704
19.2778
19.161
19.0683
19.0123
19.2879
19.1492
18.932
18.4268
18.6082
18.1794
18.4803
18.4087
18.5989
18.1889
18.7714
18.7312
18.4777
17.9486
18.4086
17.9834
18.7252
18.9591
19.0401
18.7801
18.9
18.8082
19.1826
18.575
18.647
18.8632
18.7545
18.7536
18.3184
18.3979
18.857
19.7502
18.5782
19.0218
18.0633
18.6039
17.231
17.7174
17.2167
17.7538
16.8026
16.9418
16.6322
16.7941
16.9844
18.1789
18.5801
18.8589
18.1414
18.4422
18.2356
18.4873
17.8909
18.4682
18.7191
18.379
18.4379
18.0579
17.7413
17.3873
17.1426
17.8558
18.2835
16.8224
17.0606
17.9651
17.0754
17.3499
17.2751
18.3348
17.1762
17.6097
17.1646
18.5147
17.3043
17.925
18.3094
18.2077
18.3488
17.986
18.176
17.9888
17.4319
17.6735
17.8024
17.4172
18.4214
17.508
18.0886
17.4916
17.8909
18.1927
17.8437
17.8608
17.5096
17.7279
17.0842
16.4463
16.9272
17.6779
16.5159
17.1287
17.5199
14.2012
15.5086
13.7994
15.7671
14.0223
15.6679
13.8829
14.7886
14.4062
11.821
14.5045
14.3409
15.7232
17.3452
16.2584
17.504
14.4811
16.0029
16.5835
15.296
15.9411
14.2883
15.7544
14.9907
11.7282
14.9243
14.6952
16.9346
7.32535
7.87475
7.71297
7.63918
6.91924
5.62757
11.0102
7.07123
4.88192
7.21196
7.52378
8.24965
7.66521
7.26025
7.17038
8.3377
6.74476
7.1226
6.89021
6.54986
6.34357
10.8749
7.2219
4.02106
6.63204
6.69632
7.49419
7.02959
7.59418
6.75827
8.0682
5.9575
7.18093
6.96429
7.64064
7.15726
6.89935
7.39227
7.44074
7.33084
7.19071
7.68401
8.14868
7.18408
7.28712
7.7773
6.91734
7.73595
7.12616
9.34848
6.62761
7.69344
7.72481
7.19167
8.13461
8.37525
9.45888
7.29357
7.91988
7.92437
11.9046
10.8934
11.0499
11.3767
11.5352
10.9931
11.1949
11.6143
11.6403
12.5447
11.2427
11.7906
11.4208
11.0563
10.8281
10.8688
11.6185
11.1613
11.0292
11.0547
11.1215
11.0007
11.1256
11.9686
6.98034
10.827
10.5951
10.258
10.9973
11.5064
12.1175
11.3691
11.8517
10.8173
12.0602
10.7147
12.5214
10.7728
18.2873
17.8737
18.1101
18.3134
18.2385
17.9116
18.1304
18.5731
18.5736
17.6187
18.4093
18.4888
18.4606
18.5069
18.4172
18.653
18.1542
18.4121
18.7773
18.7278
18.7803
18.5323
18.5462
18.6543
18.565
18.5163
18.597
18.7422
18.7911
18.8582
18.8195
18.7587
18.7664
18.8077
18.7947
18.5586
18.7954
18.7135
18.6686
18.6304
18.8744
18.8316
18.8286
18.8293
18.9646
18.7571
18.8846
18.8924
18.6392
18.7883
18.8881
18.6845
18.8087
18.8423
18.8362
18.9114
18.9711
18.9411
18.8476
18.965
18.9305
14.1983
13.3535
15.2772
14.1816
13.7152
15.4684
12.3522
11.7734
12.0973
12.6597
11.8292
12.3833
12.6668
12.3481
11.9408
12.1654
12.4949
11.8729
12.0618
12.6041
12.8849
13.5365
13.475
13.6267
13.207
13.0149
13.4183
13.1919
13.3723
14.8087
12.3036
13.5962
13.753
11.7328
12.2204
12.2509
13.0427
13.4114
11.6147
11.6755
12.6746
11.4396
12.0042
12.2266
6.84624
11.2376
12.9548
11.1399
13.7017
12.0104
18.8798
18.9943
18.7893
19.2441
19.021
18.9758
19.0741
19.172
19.0341
19.0578
19.0523
19.1374
19.0422
19.0535
18.8866
19.073
19.1466
19.0264
19.1353
19.129
19.1017
19.0495
19.1398
19.2268
19.0436
19.1917
19.1629
19.2669
19.1688
19.2089
19.2346
19.2421
19.0871
19.1871
18.1744
16.0457
17.1264
16.2428
18.0424
15.837
17.0234
17.8334
18.6644
19.5551
17.7361
18.3737
17.4945
17.37
15.4392
15.0503
14.9767
15.9062
14.9802
15.7752
15.821
15.5235
14.9063
15.2989
10.7925
14.6566
14.7849
15.0796
15.6224
17.2019
16.8345
16.8399
16.4659
15.2822
16.6251
13.3759
15.911
13.4745
19.3686
19.2627
19.3045
19.371
19.4514
19.2462
19.1788
19.6115
19.4526
19.3582
19.4047
19.5292
19.392
19.3444
19.4086
19.355
19.2496
19.3286
19.3406
19.383
19.4873
19.4451
19.5653
19.6187
19.5097
19.4182
19.4689
19.5668
19.6795
19.7988
19.6553
19.6586
19.5794
19.6392
19.3484
19.3104
19.5076
19.3923
19.3006
19.301
19.3856
19.3309
19.263
19.5185
19.3726
19.2878
19.3428
19.3929
19.3167
19.3927
19.514
19.4352
19.4848
19.4224
19.4543
19.5666
19.4541
19.4363
19.4714
19.5916
19.424
20.978
21.0571
21.7438
21.4485
20.8726
21.4392
18.9761
18.625
18.2168
19.0283
18.5796
19.0249
19.1381
18.9599
18.5076
18.243
19.2166
18.5476
18.8208
19.152
19.3606
19.6421
19.4434
19.9576
19.4686
19.3682
19.4539
19.5223
19.4054
20.1705
18.7813
19.5208
19.5288
19.3635
19.6001
19.4745
20.8364
20.7202
18.3366
18.2916
18.3449
19.0947
18.4882
18.714
17.2057
17.1462
18.3704
17.0184
19.2839
18.5753
19.811
19.812
19.6325
19.7199
19.5531
19.6039
20.0719
20.2317
20.0561
20.209
20.1997
20.1938
20.0959
19.7389
19.6419
19.6708
19.3
19.7123
19.7019
19.7307
19.7873
19.7565
19.6772
19.8638
19.7507
19.8341
19.8095
19.7851
19.805
19.7622
19.9156
19.9723
19.8532
19.8543
21.2471
21.3308
21.5441
21.1072
21.5454
20.8706
21.1644
21.0149
21.2342
20.8469
21.3222
20.8321
21.0541
21.3024
19.9764
19.806
20.0652
20.3025
19.8571
19.9649
20.3721
19.8537
19.9567
20.1409
20.1504
19.8532
19.8369
20.4056
19.8683
20.0202
20.4038
20.0674
20.3994
19.8291
20.406
19.2945
20.0681
19.4195
20.4719
20.4991
20.6408
20.3924
20.5691
20.3583
20.579
20.5846
20.5463
19.9598
20.263
20.0039
20.1399
20.1317
20.2973
20.3967
20.1219
20.2256
20.3104
20.3814
20.195
20.5508
20.7297
20.628
20.6696
20.5935
20.2
20.1748
20.4086
20.3794
20.1487
20.1874
20.4039
20.0111
20.4208
19.9913
20.376
20.2196
11.2288
10.867
10.8884
10.8545
11.4226
10.8131
10.727
11.2959
10.7763
10.9724
10.5651
11.7928
11.58
11.0549
11.0773
11.3983
11.13
11.2097
11.642
7.0667
6.48917
6.68914
6.82889
7.1674
10.8421
6.57852
6.29622
3.94901
6.9802
7.52537
5.89994
6.65079
7.39413
6.68125
8.0698
7.84824
7.68819
7.30104
7.60793
10.987
5.5931
7.04727
6.89121
4.83632
7.49455
8.23694
7.23802
7.18541
7.62892
7.12965
8.31379
11.2226
10.8443
11.1752
18.8643
19.0078
18.823
18.8564
19.0202
18.9855
19.004
18.9728
18.9878
18.9478
18.942
19.0312
18.9595
19.0055
19.0734
18.8584
18.848
19.0326
19.2072
19.1803
19.0665
19.1185
19.3252
19.2623
19.2397
19.2444
19.2084
19.0921
18.8546
18.6574
19.3025
18.874
19.0854
19.0155
19.082
19.0241
18.7636
18.9885
18.9752
19.1427
19.0497
18.9982
18.7327
18.5827
18.6806
18.7332
19.1505
18.8443
19.0651
19.0202
19.6215
19.4068
19.5985
19.515
19.9507
19.839
19.945
19.8817
20.1761
20.0901
20.1689
20.1244
20.3834
20.3113
20.402
20.3301
20.6097
20.5534
20.6537
20.5493
20.8454
20.7948
20.858
20.7876
21.0474
20.8941
20.8662
21.0001
20.8411
20.8663
21.2848
21.2392
20.9415
20.8795
20.8839
20.6841
10.5633
10.6072
10.3216
10.265
10.7486
10.5361
10.7884
10.5022
10.6249
10.8364
10.8598
10.6185
10.7263
10.9126
10.9512
10.6963
10.8088
11.0074
11.0216
10.7959
16.6771
17.6457
16.6969
17.4929
16.1894
17.2795
17.5176
18.1232
16.5208
17.5466
17.7374
17.1656
17.7668
17.902
18.6829
18.2314
18.5289
18.4381
18.5457
18.6712
18.2729
18.8585
19.2181
19.0721
19.0298
19.0821
19.1807
18.8513
19.1624
19.3304
19.5286
19.3892
19.3789
19.4546
19.3087
19.4395
19.7076
19.4085
19.5952
19.4604
19.6346
19.4111
19.5041
19.857
19.5006
19.7218
19.5271
19.746
19.4854
19.5923
20.0334
19.5776
19.8348
19.6207
19.8748
19.563
19.82
20.248
19.7429
20.0466
19.829
20.1085
19.7545
20.0684
20.3604
19.9575
20.2851
19.9955
20.3324
20.0224
20.2238
20.1834
20.0071
20.3967
19.9576
20.4074
20.1501
20.1677
20.0982
19.8783
20.333
19.8432
20.2651
20.1449
18.5655
19.9026
19.6789
20.0095
20.4472
19.9752
19.7688
8.93426
8.99919
8.29206
8.08088
9.96641
9.32076
8.91032
9.06954
9.47744
9.18514
8.78918
10.1784
9.46648
9.74868
9.56015
9.858
9.70657
9.35398
9.88616
10.3879
10.0402
9.95186
10.1732
10.0302
9.78359
10.3514
10.6622
10.4562
10.2705
10.6235
10.3489
10.2378
10.7063
10.9464
10.8632
10.5919
10.9597
10.6852
10.6416
10.8817
11.1268
11.0267
10.8916
10.9104
10.8667
11.0245
19.6683
19.1561
19.2863
19.0236
19.1205
19.2782
19.1697
19.1606
19.0398
18.7779
19.1838
18.725
18.9596
18.899
18.809
18.543
18.8165
18.4984
18.6972
18.6779
18.5383
18.7117
18.347
18.6536
18.3025
18.4451
18.9895
18.5535
18.7525
19.0071
19.3209
18.8882
19.1018
19.02
19.1933
18.8917
19.2192
19.4108
19.165
19.3533
19.2057
19.3674
19.1886
19.1403
19.2473
19.1634
19.3273
19.0985
19.2814
19.1903
18.8973
18.7355
18.9182
18.9955
18.7686
18.8918
18.8814
18.2017
18.3402
17.9842
17.9156
18.3072
17.9798
18.1711
18.2558
17.3579
7.62405
7.09883
7.37143
6.92203
7.35527
7.12056
6.86285
8.47847
8.21313
7.64589
7.31284
8.62969
7.50767
7.45116
8.61581
9.19492
9.15773
8.27584
9.37937
8.48955
8.3691
9.40848
9.71127
9.70677
9.08865
9.91045
9.26221
9.24258
10.2955
10.2687
10.34
9.83808
10.6036
10.0472
10.1115
10.8836
10.9684
11.0675
10.5405
11.2371
10.693
10.778
11.1558
11.4607
11.1934
11.1144
11.1631
11.0944
11.133
11.4974
11.5483
10.8667
11.2501
11.9273
11.262
11.3092
18.059
18.2271
17.8979
18.541
18.1443
18.5518
18.6959
18.715
18.4757
18.738
18.4993
18.5031
18.9986
18.8741
18.9274
18.9557
19.0077
19.0324
18.9234
18.9469
18.9739
19.0567
18.924
19.0264
18.8921
18.989
18.6249
18.6683
18.9201
18.6396
18.8055
18.5006
18.7503
17.8511
17.8318
18.4979
17.8516
18.2084
17.4902
18.0826
15.4657
15.7306
14.8779
16.0256
17.4752
16.869
16.6917
10.2595
9.81579
10.4138
12.601
15.185
14.2453
13.952
10.2249
9.33854
11.6647
13.0744
12.7175
9.47899
11.8155
11.4567
10.5528
12.2871
9.92108
12.0458
9.94344
11.4765
11.7534
10.6395
11.7529
10.3682
11.7422
10.5273
11.5906
12.2601
11.2093
12.0765
11.1661
12.3438
11.3516
12.1431
11.6309
11.86
11.9438
11.724
11.9942
11.6649
11.6607
12.1925
12.3932
12.0434
12.2176
11.873
12.1716
12.208
19.0097
19.0625
19.045
18.9722
19.0702
19.0015
18.937
19.2379
19.0847
19.1991
19.1729
19.1908
19.2654
19.1007
19.1519
19.1184
19.2957
19.0148
19.2884
18.9873
19.1753
18.8823
18.8239
19.243
18.7387
19.1658
18.6005
18.9737
18.2993
18.1454
18.8974
18.0482
18.6571
17.8106
18.4839
17.3722
16.9484
18.0535
16.9528
17.6063
16.6457
17.6235
16.583
15.5108
16.7987
15.8245
16.3795
15.5962
16.7136
16.3529
14.5193
15.9712
15.2659
15.8655
15.2284
16.4
16.1592
14.5256
15.8721
15.2097
15.921
15.1737
16.1624
14.7592
14.8467
15.0711
14.7075
14.9836
14.5997
14.7814
14.7504
14.7814
14.5309
14.3577
15.6073
14.2983
14.5385
19.3635
19.3742
19.341
19.3094
19.3558
19.3925
19.4906
19.4317
19.4138
19.4352
19.4195
19.3912
19.3764
19.2333
19.3631
19.3426
19.3566
19.3338
19.2125
19.4021
18.9437
19.2375
19.0475
19.1728
19.0402
19.3928
19.2721
18.502
19.0521
18.9302
18.9756
18.9111
19.2756
19.1207
18.1521
18.9061
18.748
18.8959
18.7339
19.1448
18.1085
18.1302
18.3623
18.123
18.3644
18.0579
18.1719
18.1905
18.2411
18.5509
18.0812
18.4805
17.9805
18.2622
19.5444
19.618
19.5445
19.5217
19.6223
19.5296
19.5354
19.906
19.7786
19.8425
19.8411
19.7424
19.9636
19.7651
19.8614
19.851
20.0734
19.7419
20.1437
19.7596
19.8364
19.948
20.0067
20.0813
19.9362
20.0981
19.9223
19.9529
20.0211
20.1372
20.2139
19.9168
20.3299
19.8799
19.9778
20.1813
20.1893
20.1229
20.06
20.1486
20.3517
20.3722
20.3977
20.3368
20.4021
20.3489
20.3483
21.7547
21.8352
21.8828
21.6908
18.4993
18.7243
18.2796
18.5907
18.4799
18.7447
18.3101
8.94646
8.62237
8.62009
8.74668
8.31108
8.45451
8.71744
19.1578
19.156
19.0376
19.1612
19.1505
19.0245
19.1195
19.0269
19.1455
19.0254
19.1192
19.0254
17.8194
17.8469
18.0052
18.2727
17.7252
17.9498
18.0792
16.8427
16.8716
7.8766
7.86277
7.67639
7.85085
7.72795
7.97005
7.79885
11.0067
11.0431
11.0655
11.0428
10.8928
11.1431
11.1583
11.5237
10.9464
10.7211
10.8191
10.9756
10.7281
11.5083
17.452
17.629
17.1876
17.6663
17.4171
18.6676
18.5588
18.4875
18.4026
18.6837
18.5533
18.4677
9.72819
9.68338
10.1187
12.334
12.8449
12.1002
13.3817
16.7163
16.3376
17.2341
16.1576
16.9827
16.1204
16.9129
16.5119
15.4045
15.8869
15.1278
16.4209
15.5151
15.9947
19.2481
19.3798
19.2837
19.3489
19.2796
19.5175
19.4273
19.4906
19.3727
19.5852
19.3971
19.4422
20.8611
21.2058
21.1008
20.6578
21.2883
20.804
20.7072
21.8643
21.495
21.5311
21.3945
21.7544
21.6497
21.6946
20.4529
20.5008
20.4773
20.526
20.4472
18.0288
18.1176
17.8253
17.4474
18.1777
18.0077
17.4793
18.2165
18.1912
17.7134
17.9658
18.1441
18.3004
17.8278
17.2198
17.5722
17.2524
17.8608
17.4363
16.7785
17.7075
18.4506
18.741
18.741
18.6693
18.6448
18.5129
18.5776
17.6467
17.893
18.1398
17.6697
17.3916
17.6575
17.4419
17.8719
18.3174
18.2732
17.854
18.2645
17.8292
17.8765
16.7213
16.4378
16.7897
16.1759
16.8266
16.2146
16.6885
15.9055
16.3663
16.3185
16.4315
16.2391
16.0761
16.1277
9.29744
16.799
12.6308
11.9165
12.8226
12.6635
12.552
16.841
16.8693
9.25335
11.0534
12.773
10.7056
9.88049
9.31256
12.5366
11.3241
11.7864
10.2095
11.3617
11.3192
11.4178
11.0091
11.8817
12.0997
6.60681
12.0196
11.7841
11.669
12.3477
11.008
11.0457
11.0484
11.0694
11.1454
11.1604
10.8965
11.2903
12.2583
11.4878
11.6222
11.5234
11.6327
11.2465
18.4068
18.594
18.6382
18.3862
18.5622
18.3647
18.4447
17.4517
17.1873
17.6291
17.6657
17.4174
18.7852
18.9135
18.9333
18.7664
18.9193
18.7742
18.7726
18.7635
18.9245
18.8683
19.0359
18.9778
18.9039
18.9657
18.8954
18.8747
18.6676
18.4023
18.5585
18.4876
18.5528
18.4678
18.6835
18.6892
18.6636
12.1049
12.4508
12.0816
12.117
12.1457
12.1026
12.1351
13.7781
14.1155
13.96
13.9528
14.4173
13.8387
13.9548
13.1282
15.2947
12.8858
12.4276
12.339
12.6585
12.3715
12.6884
12.9069
13.7526
14.5041
14.0733
14.5569
14.0095
14.6796
13.8027
14.0546
13.9776
11.9992
12.7232
11.6706
6.63368
12.1741
12.179
11.8486
11.7283
11.7734
12.1679
18.8681
19.0193
19.0348
18.9745
19.0052
19.0073
18.9318
18.7693
19.1112
18.9153
18.8673
18.9238
18.8637
18.7701
19.1305
19.1583
19.1831
19.1095
19.1689
19.1188
19.1366
19.2468
19.2865
19.2253
19.2785
19.2713
19.2762
19.2788
19.0462
19.0209
19.0046
19.1659
18.988
19.1446
19.0714
19.195
19.1
19.2979
19.2465
19.2763
19.2286
19.2184
14.7765
15.1806
13.9668
14.5131
14.8666
14.5527
14.8606
16.7443
17.3063
14.0813
17.2667
17.3925
16.8127
16.9307
16.7123
16.1598
16.3433
17.2379
16.1196
16.9105
16.9868
18.7539
19.7721
18.4904
19.3687
18.6578
19.4883
18.5914
16.517
15.1302
15.4079
15.8897
16.4249
15.5178
15.9989
19.3814
19.443
19.4155
19.4012
19.4106
19.3926
19.3899
19.2479
19.2836
19.3794
19.3486
19.2791
19.3887
19.4997
19.4007
19.4408
19.4193
19.4704
19.3658
19.3771
19.448
19.4257
19.4922
19.4834
19.4185
19.4949
19.4369
19.4193
19.5167
19.3724
19.4279
19.4908
19.3956
19.4423
19.5853
19.5989
19.646
18.2574
18.2799
18.4998
18.066
18.521
18.0906
18.2232
19.6353
19.8598
20.0553
19.7839
19.901
19.7113
19.7609
19.3632
19.7956
20.2169
19.8516
20.1945
20.669
19.7696
20.2217
20.6875
20.6812
20.85
21.1135
21.3844
20.6772
21.0862
21.1565
21.4998
21.3406
17.7682
18.1164
17.3409
15.7267
17.5578
20.4757
19.8695
19.4571
19.6297
20.3304
19.5059
19.5289
19.5518
19.493
19.6521
19.5205
19.4796
19.7544
19.9987
19.856
19.8831
19.8242
19.8505
19.7795
19.6299
19.6985
19.7307
19.6326
19.7087
19.6278
19.6212
19.973
20.0501
19.7608
20.0678
19.9902
20.0037
19.9912
20.0005
19.9305
20.0325
20.229
19.8739
20.0722
20.1342
20.3299
20.3172
20.4175
20.3759
20.4276
20.3857
20.3253
20.0471
20.1751
20.2778
19.9473
20.2732
19.9638
20.0786
20.3121
20.4371
20.4147
20.3245
20.4263
20.3172
20.3056
20.8667
20.6576
21.2103
21.1028
20.8123
20.7089
21.2917
21.2584
21.1951
20.9725
21.1417
21.1499
21.223
21.1175
21.8683
21.3967
21.4999
21.5357
21.7597
21.6531
21.6976
20.3242
20.3239
20.383
20.3162
20.3782
20.3072
20.3268
20.4567
20.4783
20.5035
20.5277
20.45
20.34
20.4161
20.324
20.4292
20.3445
21.0194
21.0388
20.7609
20.9023
20.9016
18.0254
17.445
18.1162
17.8244
18.0043
17.4769
18.1763
18.2068
17.9603
18.1899
17.7136
18.2963
17.821
18.1425
20.5064
20.6392
20.5069
20.4349
20.5878
20.5481
20.4701
20.4976
20.4623
20.4468
20.3989
20.5589
20.4628
20.4422
21.2073
21.1975
20.8811
21.0343
21.1574
21.1595
20.8642
20.8227
21.064
20.4031
20.6421
20.7487
20.4796
21.1156
20.45
20.4997
20.4813
20.4051
20.4405
20.4581
20.4714
20.2505
20.2074
20.7389
20.3828
20.2309
20.3932
20.4642
20.8041
20.4749
20.4494
20.5289
20.8531
20.1239
19.2038
20.3516
20.246
20.0862
8.96497
8.87186
8.78439
8.86141
8.74378
9.3478
9.97227
9.8117
9.50639
9.30854
9.00464
9.19678
9.08654
8.90165
9.13118
8.92585
9.09436
9.616
9.42304
9.95852
9.86909
9.50296
9.52401
9.9716
9.88751
9.73087
10.3037
10.1141
9.72491
9.92049
10.327
10.2001
10.3086
10.237
10.2666
10.0148
9.79742
10.3381
10.2046
9.7803
9.99243
10.3593
10.1746
9.96081
10.4817
10.353
10.1677
9.96751
10.4715
16.6754
17.49
17.6443
16.6961
17.2787
17.5147
16.1877
17.2164
17.8553
17.5698
17.2505
17.6977
17.4339
16.7772
17.9598
18.0998
18.2688
18.414
17.9061
18.1637
18.3219
18.3754
18.366
17.76
17.9586
17.8672
17.259
18.0994
17.6536
17.5691
18.3808
18.6069
18.1883
18.2518
18.5402
18.4696
18.0382
19.1604
18.5198
18.5439
18.4798
18.5528
18.4729
18.7053
18.8294
18.8168
18.8516
18.7143
18.8127
18.8185
18.5858
18.6485
18.5656
18.3205
18.7004
18.5724
18.5249
18.7852
18.8717
18.8931
18.9916
18.8476
18.8335
18.8196
18.5441
18.2336
18.4499
18.7751
18.77
18.8598
19.0097
18.622
18.7903
18.5296
18.8406
19.2587
19.0529
19.1064
18.8404
19.1991
19.1317
19.1624
19.8688
20.1337
20.0114
20.055
19.9636
20.0379
19.8883
19.2026
19.3058
19.2549
19.2215
19.3037
19.1851
19.214
18.9636
18.7909
18.7853
19.1389
18.9354
18.9157
18.8683
18.837
18.7102
18.8051
18.7635
18.461
18.8023
18.6285
7.45333
7.2677
8.20697
7.99528
7.54747
7.19016
8.11944
8.98255
9.18678
9.56385
9.49714
9.0344
9.10698
9.45436
7.73703
7.30863
8.35436
8.16043
7.42735
7.63363
8.47409
8.24067
8.09879
8.94814
8.7256
8.31135
7.9804
8.87868
10.8911
10.8592
10.8365
10.8869
10.859
10.9438
10.7427
10.8024
10.793
11.0133
10.9237
10.687
10.6619
10.8597
10.8984
11.1288
11.0285
10.9211
10.8456
11.0246
11.2478
11.1606
11.3612
10.926
11.2018
11.6636
11.2316
19.0662
19.0695
19.056
19.0399
18.8749
18.984
19.03
19.1373
19.1166
19.1977
19.0336
19.1355
19.1167
19.1525
19.0586
19.4218
19.1563
19.7863
19.0775
19.1706
19.005
19.452
19.1041
19.1477
18.512
19.0802
19.076
19.2982
18.8731
19.0909
19.2772
19.0548
18.9425
18.9855
18.9898
19.1891
18.9672
18.944
18.9845
18.885
18.9231
19.0155
18.9297
18.9277
19.1308
18.8769
18.6251
18.7371
18.8327
18.7105
18.745
18.6159
18.5488
17.8732
18.2727
17.854
18.3173
17.8765
18.2646
17.8306
16.722
16.7894
16.1755
16.4381
16.8272
16.6883
16.2147
18.547
18.6946
18.8201
18.5
18.6821
18.7148
18.537
18.4505
18.6705
18.7401
18.7431
18.6427
18.515
18.5783
17.6499
17.6713
17.8971
18.144
17.3957
17.4454
17.664
17.1559
17.9646
16.8766
17.5048
17.1317
16.9114
17.9835
18.4101
18.4861
18.3826
18.5474
18.4699
18.6686
18.4228
17.6743
17.8272
18.6043
17.7543
17.8358
18.0813
17.5158
17.8455
18.1143
18.1907
18.122
18.0368
17.9263
18.0482
16.8992
16.753
16.7723
17.2324
17.0445
17.0496
16.6447
9.26672
12.7842
10.7136
11.0644
9.8903
9.32467
12.5498
18.2535
17.3631
15.9148
16.4359
16.375
16.3252
16.0816
16.1379
16.2478
9.33257
11.9437
16.8115
12.652
12.8435
12.6885
12.5809
7.71813
7.87046
12.1969
0.416134
9.89884
5.13919
9.19528
1.18445
11.453
7.36271
6.5085
9.76401
10.5513
-2.09704
7.88152
9.611
-3.02911
6.16076
5.8957
7.52466
7.58655
8.69384
7.63301
6.00201
6.71574
7.55891
7.7868
8.10873
7.32302
8.12958
7.30937
7.49174
6.61604
6.61492
7.24989
7.2791
7.37387
6.75457
6.60561
6.89609
7.21567
7.95551
7.98338
6.94834
7.1396
7.69844
6.53541
7.73376
7.72876
9.05914
7.65067
6.35891
8.17014
7.65017
8.94506
9.20024
9.67426
7.96805
8.70091
9.06595
11.2851
11.486
11.6189
12.2518
11.5178
11.6262
11.2446
11.1451
11.1044
11.4522
11.1837
11.1532
11.0836
11.1236
11.3165
11.3542
11.7784
10.2029
11.3115
11.4102
11.0014
11.8708
12.0091
12.0884
6.59218
11.7732
11.6576
12.3364
11.4904
11.2428
11.5412
10.8599
11.9189
11.3022
11.2549
18.06
17.8999
18.2282
18.1452
18.542
18.4062
18.3856
18.5946
18.6387
18.3643
18.4442
18.5627
18.689
18.6635
18.5513
18.4752
18.6964
18.7154
18.4986
18.7384
18.5026
18.7852
18.7657
18.9144
18.9345
18.7736
18.7727
18.9202
18.7626
18.9241
18.8667
18.9034
19.0357
18.9776
18.8947
18.8732
18.9654
12.8849
12.332
12.654
12.428
12.9013
12.3721
12.688
13.7542
14.0692
14.5533
14.5063
13.7981
14.0131
14.6825
14.0496
13.9731
11.6445
11.7115
11.8386
11.929
11.6546
11.6793
11.9799
12.1062
12.1093
12.4337
12.0691
12.0836
12.138
12.1326
13.7768
13.9474
14.1138
13.9511
13.8467
13.9496
14.412
13.1242
15.2882
12.1715
11.7264
11.842
11.7673
12.1646
12.1875
12.2035
12.3786
12.0311
12.1596
11.8608
12.2049
11.9895
11.6592
12.7115
12.1627
6.61542
18.769
18.9153
18.8673
19.1108
18.8635
18.7701
18.9236
18.8669
18.9733
19.0185
19.0346
18.9301
19.0065
19.0054
19.045
19.0046
19.1668
19.0238
19.0717
18.9868
19.1454
19.1949
19.2982
19.2466
19.0997
19.2765
19.2187
19.2283
19.0103
18.969
19.0607
19.0451
19.0009
19.0705
18.9355
19.128
19.1103
19.1501
19.1849
19.0856
19.1411
19.1672
19.2463
19.2803
19.2872
19.2262
19.2768
19.2798
19.2717
18.7555
18.4885
19.3647
19.7746
18.6631
19.4897
18.5886
14.7651
14.6652
14.8286
15.0545
14.5844
14.7953
14.9745
14.7718
14.5121
15.1751
13.9566
14.5522
14.8554
14.8596
16.7606
17.2894
17.3198
14.1195
16.835
16.9529
17.3998
14.746
14.3573
14.7743
14.5234
15.6032
14.2956
14.5338
19.3651
19.3416
19.3753
19.357
19.3107
19.383
19.403
19.4437
19.4164
19.3932
19.3911
19.4116
19.5983
19.6461
19.3921
19.4156
19.4915
19.4323
19.422
19.4353
19.3927
19.3878
19.4481
19.5014
19.3947
19.4802
19.348
19.4169
19.3788
19.4489
19.4307
19.4163
19.493
19.4841
19.436
19.4194
19.4969
20.2176
20.1938
20.6657
19.8462
20.6853
19.7764
20.2215
20.675
21.1091
21.3797
20.8471
21.1519
20.6748
21.0816
21.4973
21.3354
18.1132
18.138
18.1499
18.3763
18.0572
18.1832
18.3769
18.2525
18.0608
18.3139
18.5126
18.1511
18.2105
18.5326
19.63
19.7796
19.8572
20.0533
19.7043
19.7573
19.8988
19.3596
19.7942
20.4762
19.4528
19.8721
19.6346
20.3234
18.1929
18.1102
18.2655
18.5643
18.0002
18.4952
18.2626
17.7828
17.3628
18.1264
17.5762
15.7722
19.753
19.8554
19.8827
19.9972
19.8492
19.7788
19.8229
19.5059
19.4936
19.5293
19.5518
19.4807
19.5199
19.6521
19.9996
20.0313
20.228
19.929
20.1334
19.8753
20.0702
20.3292
20.4159
20.3741
20.3158
20.4264
20.3241
20.3841
19.5447
19.5228
19.6174
19.5446
19.5313
19.6218
19.5349
19.6314
19.6349
19.695
19.7273
19.6312
19.6202
19.7057
19.9726
20.0665
20.049
19.7603
20.0033
19.9902
19.9891
21.2575
20.9683
21.1384
21.1943
21.1493
21.2219
21.1136
19.9383
19.9316
20.0003
20.0754
19.914
19.9439
20.0919
20.0425
19.9421
20.1717
20.2746
19.958
20.0743
20.27
20.3094
20.3222
20.4347
20.4115
20.3153
20.3028
20.4236
20.0165
19.9118
20.1344
20.2109
20.3264
19.8753
19.9736
20.1796
20.1219
20.1878
20.1474
20.0585
20.3221
20.3149
20.3222
20.3804
20.3063
20.3246
20.3759
21.0198
20.7574
21.0387
20.903
20.8986
20.349
20.3356
20.3697
20.3952
20.3469
20.3993
20.3458
20.3378
20.3218
20.414
20.3427
20.4267
10.9814
11.3436
11.0336
10.8892
11.254
11.3675
10.9319
11.1668
11.209
11.2374
11.67
10.8624
10.8378
10.8907
10.8906
10.8025
10.9479
10.7444
10.7963
10.8604
11.0156
10.9239
10.6896
10.6632
7.32172
6.44574
9.71598
-2.18932
7.82694
10.5133
9.56537
6.10923
-3.12657
5.80185
7.53133
8.59006
7.44587
5.99092
7.53594
6.67505
7.69231
7.85029
12.1849
5.12184
0.388016
9.88568
9.17129
1.15733
11.4411
11.5285
10.8232
10.9484
10.7229
11.5113
10.7325
10.9794
18.9069
18.8197
18.8765
18.8366
18.9186
18.8704
18.8095
18.892
18.902
18.9932
19.101
18.9283
19.0607
18.8599
19.0764
19.1475
19.3578
19.3377
19.1124
19.1058
19.3005
18.9076
18.8117
18.7018
19.1832
19.0433
18.8186
18.8875
19.0013
19.0609
18.9034
19.2188
19.0634
18.9849
18.9913
18.8113
18.9334
18.7973
18.6037
18.9791
18.7979
18.6172
18.809
18.6456
18.9203
18.7215
18.9025
18.8374
18.6107
18.7855
18.7881
18.733
18.901
18.5668
18.1726
18.0902
18.2823
18.4233
18.5816
18.1899
18.1537
18.5546
18.6546
18.4871
18.5836
18.7019
18.3352
19.2765
19.3413
19.1378
19.4004
18.7239
18.9816
18.7151
18.6158
18.9457
18.8435
18.7664
18.782
19.1259
19.2303
19.0403
19.02
19.2474
18.9055
19.7169
19.7966
19.6552
19.8047
19.2912
19.4692
19.2977
19.1668
19.4953
19.3665
19.2858
19.347
19.5616
19.6962
19.475
19.5536
19.6453
19.388
20.0135
20.066
19.9778
20.0708
19.7857
19.7404
19.6178
19.5568
19.8466
19.7188
19.62
19.8453
19.9681
19.6514
19.7261
19.8805
19.9024
19.6741
20.2261
20.284
20.1948
20.2786
20.003
19.9912
19.81
19.7677
20.0668
19.9529
19.8116
20.0493
20.1798
19.8292
19.8897
20.0948
20.0956
19.8496
20.4375
20.5232
20.4289
20.4942
20.1863
20.206
19.9843
19.9291
20.2915
20.1402
19.9701
20.2346
20.4049
20.0024
20.0614
20.3161
20.2843
20.0156
20.6693
20.7711
20.6828
20.7331
20.3917
20.4341
20.1842
20.1111
20.5312
20.3363
20.1659
20.4501
20.6489
20.2133
20.2873
20.5602
20.514
20.225
20.9032
20.8938
20.87
20.9602
20.6397
20.6731
20.4053
20.3503
20.7385
20.573
20.4174
20.6912
20.7793
20.4274
20.5352
20.751
20.7442
20.4809
20.8289
21.1138
20.8608
21.1672
20.8196
20.7793
20.5159
20.5969
20.7543
20.7874
20.6238
20.6718
20.8679
20.5171
20.7105
20.7468
20.8969
20.695
20.9554
20.96
21.1866
21.4664
20.677
20.3966
20.6837
20.9327
20.7439
20.9218
20.7609
20.7755
20.4028
20.6979
20.9097
20.7683
20.9129
20.7574
22.015
21.7791
21.6638
21.9279
20.7827
20.3493
20.725
20.6758
20.7588
20.8038
20.5791
20.4339
21.0212
21.0586
20.3088
20.8445
21.3034
21.4731
21.5449
21.4304
21.0826
21.5251
21.6432
20.6996
21.097
20.1211
20.5109
9.17926
8.61747
10.526
10.4736
10.1798
10.3487
9.96633
10.3009
9.84145
9.45891
9.50583
10.4922
10.0817
10.3239
9.91572
9.73633
9.98659
9.56359
9.93223
9.7685
9.56528
9.68554
9.2721
9.64078
9.37708
8.75388
9.11461
9.6841
9.32074
9.54874
9.37117
9.38592
9.62457
9.19546
10.7332
10.6875
10.4044
10.4527
10.5683
10.2707
10.6124
10.1734
9.8225
10.0371
9.92182
10.6814
10.2966
10.6377
10.2357
10.0843
10.2792
9.98826
10.0584
10.0996
10.0393
9.9974
10.5587
10.8216
10.8114
10.5924
10.7023
10.3754
10.4517
10.1495
10.7221
10.3313
10.1993
10.4148
10.7748
10.4853
10.2843
10.7452
10.4656
10.2537
10.6322
10.8998
10.8727
10.6655
10.5306
10.7931
10.671
10.3522
10.8235
10.4884
10.4213
10.5686
10.8833
10.7012
10.5413
10.8406
10.6131
10.4577
10.7584
11.0003
10.9648
10.7801
10.7067
10.8988
10.8924
10.6167
10.948
10.6505
10.6692
10.7632
10.7557
11.0323
10.9221
10.9706
10.7926
10.7128
10.8411
11.0403
11.0413
10.8055
10.8213
10.8501
11.0404
11.0666
10.8263
11.0258
10.8417
10.8569
11.0842
17.1164
17.0296
16.2868
15.2688
17.307
14.1365
15.3108
16.4664
17.2217
16.9192
17.5331
16.0465
17.4593
16.9052
17.0255
18.082
22.1741
10.5935
17.4037
17.6271
18.4072
16.5365
17.0698
16.8398
9.80498
14.716
16.9394
14.5452
16.9959
16.7768
10.1551
13.2441
17.4227
18.2561
14.9061
18.0401
18.4159
17.7183
17.937
18.3483
18.0658
18.2107
16.3357
17.9803
17.3373
17.9561
18.6481
17.7626
18.0114
18.5235
17.6296
17.8002
17.1328
17.3082
17.7735
17.9253
17.8825
17.0057
17.1947
17.7611
17.8402
18.3662
17.8455
17.8823
18.4108
18.7262
19.2366
18.4922
18.5773
18.9641
18.8912
18.7573
18.2702
18.7292
18.8782
18.5519
19.0869
18.5342
18.8724
18.8877
18.8499
18.4257
18.7739
18.7869
18.457
18.8388
18.7898
18.7919
18.8534
18.8344
19.2688
19.2428
19.0947
19.1227
19.326
19.2495
19.1997
18.6589
19.3026
19.0861
19.0078
18.8548
18.8756
19.0858
18.7644
19.1441
19.0011
18.9825
19.0239
19.0465
18.9883
18.864
19.008
19.0033
18.9835
18.8223
18.8552
19.0201
18.9726
19.0309
18.9596
18.9412
18.9871
19.0047
18.9463
19.3686
19.5585
19.4136
19.5566
19.3413
19.502
19.4006
19.2788
19.1065
19.1803
19.0709
19.3651
19.0916
19.1833
19.079
19.1881
19.322
19.1936
19.2496
19.2751
19.1573
19.1473
19.0778
19.1047
19.0356
19.0538
19.1208
19.1344
19.4532
19.7236
19.5014
19.6971
19.4509
19.6682
19.4726
19.1588
19.2998
19.3089
19.1264
19.3787
19.2909
19.111
19.0338
19.3411
19.4007
19.1016
19.3526
19.3192
19.0966
19.5197
19.8703
19.5553
19.8007
19.532
19.7708
19.5377
19.0919
19.2864
19.3792
19.0489
19.3906
19.2986
19.0664
19.0193
18.9818
19.2613
19.3996
19.3862
19.2438
19.0164
19.6365
20.062
19.7143
19.9818
19.6503
19.9256
19.6928
19.0036
18.9556
18.9398
19.2385
19.4122
19.4411
19.2432
18.9655
18.9799
18.9283
19.2723
19.5219
19.4662
19.3103
19.8906
20.271
19.9425
20.2315
19.8624
20.1745
19.9575
19.0671
19.4533
19.561
19.186
19.6451
19.3887
19.148
19.5397
19.7688
19.2394
19.3353
19.684
19.6151
19.2445
20.1112
20.3542
20.0113
20.3775
20.0025
20.3603
20.1461
19.7456
19.7869
19.4674
19.4174
19.8363
19.6837
19.4846
19.7859
19.8578
19.4866
19.5922
19.8407
19.8216
19.544
20.2223
20.1674
19.8776
20.3745
19.9552
20.3907
20.1724
19.8478
19.8505
19.528
19.6126
19.8064
19.8468
19.6318
19.829
19.7156
19.5194
19.6093
19.7984
19.823
19.6293
20.1367
19.7821
20.058
20.0522
19.8241
20.2191
20.0118
19.7407
19.7086
19.3709
19.6019
19.6158
19.7913
19.5588
19.5202
19.6801
19.3465
19.4371
19.6023
19.6006
19.5117
19.6791
19.6588
19.269
19.3275
19.4649
19.1367
19.3731
19.383
19.3116
19.447
19.2151
19.1047
19.1108
19.2754
19.1402
18.8097
18.9754
19.0944
20.2455
19.9019
20.0821
20.1398
20.9348
20.2965
19.9329
19.3945
19.3978
19.5299
19.5377
19.6253
18.4984
18.9953
19.3951
18.3801
18.4283
18.088
19.4752
18.234
19.0085
19.6043
18.3911
17.9104
18.0729
7.76438
7.08844
8.48817
7.88188
7.50601
7.71418
7.2758
7.79496
7.47523
8.0804
7.82341
7.45367
7.68242
7.46634
9.56488
9.17435
9.05316
8.47332
8.82705
8.76733
8.55067
8.61328
8.47194
8.90239
7.99054
7.54134
7.78274
7.7898
9.18383
8.56219
9.02359
8.1145
8.12013
8.32743
7.89751
8.07799
8.26263
7.90482
7.76137
8.54084
8.46656
8.44404
8.10222
8.53419
8.25258
8.17794
7.98349
8.03916
8.07014
7.70617
7.4483
7.65189
7.50719
9.95945
9.07247
9.69914
9.50665
9.5312
9.36693
9.21007
9.25382
8.68454
9.16862
8.32946
9.43116
8.50423
8.52327
8.87989
9.63345
9.24922
8.94159
9.49309
9.02783
8.7356
10.2081
9.57022
9.99803
9.87252
9.8943
9.78552
9.67605
9.31859
9.6847
9.67318
9.10126
9.80066
9.15243
9.23261
9.46068
9.9679
9.73095
9.55447
9.84099
9.5748
9.38282
9.99968
10.4264
10.3928
10.1919
10.229
10.1091
10.1137
9.84317
10.0182
10.1748
9.6899
10.1732
9.70218
9.87942
9.99296
10.4138
10.2543
10.2389
10.2388
10.1536
10.0712
10.4566
10.6999
10.8212
10.5166
10.6809
10.437
10.555
10.4192
10.4894
10.7995
10.3779
10.6894
10.2948
10.5041
10.7033
10.5267
10.918
10.873
10.7491
10.6236
10.6162
11.0368
10.806
10.8096
10.7637
10.9883
11.0005
10.7498
11.1121
10.7846
10.8079
10.7984
10.9721
11.112
10.7037
11.3219
11.0422
10.9307
10.853
10.866
10.8489
11.1657
10.9287
11.1591
11.0287
10.9767
10.9428
11.0246
10.9537
11.0127
11.2319
11.0352
10.9506
11.0101
11.2229
10.9772
11.0525
11.3768
10.9625
11.0338
11.2856
11.0981
11.015
18.8862
19.0636
19.1218
19.1084
19.1243
19.0833
19.0419
19.0929
18.9983
19.211
19.0884
19.1103
18.9896
19.0917
19.0803
19.2
19.0578
19.0113
19.2886
19.0708
19.1507
18.933
19.1207
19.1385
19.1125
19.0978
18.8567
18.9195
19.0801
18.8637
18.8627
18.7521
18.6465
18.3956
18.3177
18.575
18.7539
19.753
18.8574
19.02
18.6008
18.0621
18.578
18.7694
18.7186
18.549
18.6063
18.8279
18.7534
18.7219
18.4807
18.6086
18.1798
18.1884
18.4079
18.4259
18.5991
18.7317
18.7704
17.9489
17.9823
18.4085
18.4766
18.4162
18.7323
18.8674
18.6407
18.6316
18.4728
18.497
18.3716
18.386
18.8953
18.2592
18.4
18.701
18.3296
18.2145
18.0962
18.6188
17.9907
18.2716
18.2583
17.9649
18.6301
19.0516
18.8195
19.0045
18.649
18.8856
18.7667
18.1537
18.2556
17.6249
17.9961
18.0006
18.1105
18.3988
18.3782
18.4791
18.288
18.3326
18.7114
18.492
18.5326
17.292
17.6717
17.6611
17.7208
17.7071
17.936
17.9184
19.0886
19.3452
19.1398
19.3197
19.0596
19.2596
19.1513
18.8092
18.5969
18.7315
18.7944
18.773
18.916
18.6794
18.8624
18.9033
18.8236
18.8874
19.0559
18.9646
18.9567
19.2262
19.4012
19.1826
19.3602
19.2022
19.3687
19.2122
18.9561
19.047
19.0857
19.0357
19.129
19.0135
19.0009
19.0604
19.1108
19.0471
19.0056
19.1275
19.0549
19.012
19.0774
19.2148
18.9686
19.1276
19.0656
19.2081
18.9873
18.9787
19.09
18.991
18.9853
19.0306
19.0242
18.9461
18.9084
18.8855
18.9594
18.7974
18.9962
18.8154
18.8774
18.8303
18.478
18.5987
18.4792
18.6965
18.6774
18.3728
18.5403
18.8303
18.6742
18.6811
18.6675
18.6971
18.5307
18.3006
18.356
18.6042
18.1148
18.5861
18.1147
18.3644
17.7934
17.4127
17.6677
18.086
17.5006
17.4337
18.4158
18.1771
17.8449
17.7137
17.48
17.8787
17.8552
17.5104
16.9167
17.6767
16.4406
17.5058
16.5089
17.0846
17.1239
17.6049
18.3336
17.174
17.2998
17.1625
17.2705
18.5105
16.8726
16.1637
15.7053
15.888
16.4615
17.1588
17.0153
16.9443
16.802
16.9233
17.9117
16.6281
17.1926
17.2982
16.8639
16.1523
16.804
13.6708
16.3183
17.4271
16.3339
16.4821
16.5788
16.927
16.5705
17.0782
7.68357
8.11336
7.72348
7.29208
7.16841
7.13376
7.24544
7.0818
9.233
7.65391
7.7306
6.56329
6.85359
7.64518
8.32481
9.36811
7.85451
7.11388
8.08865
7.29399
7.95556
7.75838
8.06733
8.00807
7.35842
7.48635
7.4449
7.48294
8.57423
7.886
9.07278
8.01775
8.75102
7.71061
8.0917
8.46877
7.93841
9.99785
8.37755
8.87123
7.63984
8.62154
8.21287
9.28686
10.035
9.14858
8.98775
8.52108
8.90747
8.84338
9.27401
9.6433
8.8915
9.43909
8.71072
9.03562
8.96232
9.36052
10.2699
9.3658
9.56381
8.73501
9.57477
9.17861
9.81071
10.3078
9.97406
9.61335
9.39606
9.78345
9.6478
9.7759
10.2327
9.62559
9.98528
9.45558
9.90065
9.85061
9.87882
10.7701
10.2162
10.0947
9.6052
10.4603
10.9462
10.1102
10.4595
10.876
10.1789
10.3218
10.6906
10.5165
10.362
10.9716
10.4112
10.7261
10.2106
10.6637
11.5323
11.1103
11.2263
10.7427
10.5952
10.8989
10.5681
11.625
11.3804
11.3329
10.9132
11.3068
11.0272
11.0319
11.2278
10.8496
10.9543
10.9336
11.0546
11.2778
10.7913
11.6361
11.4042
11.4548
11.1729
11.4167
11.6966
11.1169
11.7798
11.4797
10.9308
11.0609
11.216
11.2876
11.8545
11.7313
11.2563
11.4494
11.3666
11.5533
11.5349
11.4268
11.1724
11.578
11.0489
11.2915
11.2076
11.1009
11.2222
11.4969
11.7511
11.1448
11.3277
11.3997
12.1226
11.4032
11.4108
11.4504
11.933
11.0086
11.5953
11.4535
11.3775
11.1812
11.7108
10.9999
7.27252
11.4065
12.7568
11.0851
11.5507
11.1647
10.3432
10.8734
10.9615
11.1915
11.1127
10.6609
11.0143
10.8757
11.0633
10.7243
10.9982
10.497
18.2571
18.2273
18.1219
18.3122
18.4237
18.2466
18.1299
18.1031
18.3141
17.7946
17.671
18.0307
18.188
17.8853
18.6008
18.3387
17.9122
18.0963
18.5246
17.8961
17.9987
18.0617
17.918
18.6098
18.7523
18.8122
18.5916
18.7666
18.5866
18.6324
18.5808
18.6871
18.7621
18.5686
18.7883
18.5429
18.6029
18.6021
18.6753
18.8522
18.821
18.7109
18.648
18.6407
18.9741
19.0226
19.0596
18.9384
19.0512
18.9353
18.9927
19.0015
19.1004
19.014
18.8911
19.042
18.9383
19.0488
19.1207
19.057
19.0295
18.9771
19.066
19.0609
18.9585
18.9024
18.9445
18.9559
18.753
19.0136
18.8307
18.8355
19.0627
18.94
19.0706
19.1575
19.0506
18.9721
19.0508
18.9208
18.9885
19.1598
19.0173
19.0412
18.8673
19.0605
18.4856
18.5999
18.578
18.1054
18.7517
18.3297
18.294
18.706
18.9564
19.0526
18.9557
18.8528
18.8069
18.8808
18.5821
18.6479
19.0213
18.6851
18.805
18.4306
18.797
17.6829
16.509
17.5189
17.653
18.0934
17.0544
17.0881
18.0191
18.5744
18.7044
18.5509
18.3168
18.2535
18.3957
17.739
17.8232
18.6314
17.9731
18.212
17.4164
18.1963
14.9057
12.6455
13.3804
15.5402
15.6882
16.5571
14.6219
16.561
17.6631
17.9171
17.7286
17.1201
16.9936
17.4047
16.0113
16.1268
17.7581
16.687
16.8708
15.5325
17.0886
12.3725
13.1781
12.9703
15.0984
13.8096
14.1334
14.8791
9.79211
9.42321
9.46178
12.4174
13.2312
13.8672
11.9248
14.4259
15.7602
16.5239
16.3171
14.9724
14.8397
15.8432
13.9672
14.1175
16.3225
15.1717
14.696
13.6376
15.511
9.68677
9.71485
10.0964
12.3117
12.8398
13.3674
12.094
10.3043
11.5737
12.3755
9.69026
12.6338
9.59884
11.524
13.1798
13.9471
15.0441
14.8762
13.5253
13.3435
14.626
13.0066
13.0421
14.8652
14.2318
13.4027
12.8805
14.3974
11.489
10.5564
11.794
10.2394
11.9718
10.1169
11.4882
12.71
12.9217
13.9526
14.1053
12.6154
12.7882
14.0339
12.6706
12.33
13.8842
14.0095
12.523
12.6807
14.0182
11.927
10.6767
11.9853
10.9514
11.799
10.7466
12.0414
12.8643
12.295
13.8372
14.0814
12.321
12.7861
14.112
14.15
13.0429
12.5807
13.8818
12.3907
13.1005
14.1562
12.6201
11.6854
12.4163
12.2922
11.3295
12.4209
11.5372
14.1808
14.1189
14.0431
13.2551
12.6742
12.9597
13.2115
13.3092
14.1115
13.8884
13.2099
13.9004
13.1908
13.0533
11.8582
11.9816
12.1359
11.8407
12.0978
11.8944
11.8404
12.3864
12.5948
12.7209
12.3741
12.6292
12.4406
12.4046
12.5143
12.5464
12.8949
12.6554
12.7408
12.5088
12.5485
12.4532
12.3504
11.5171
12.285
12.0769
13.0479
11.725
12.2298
12.7499
10.9374
12.1879
11.987
12.1572
12.3389
12.4455
13.135
12.2324
12.7382
13.4076
12.5827
12.5331
12.4614
12.4018
13.1663
13.4965
12.8425
12.5406
12.7689
19.0234
19.1162
19.1221
19.0294
19.0966
19.0198
19.0555
19.0533
19.075
19.1068
19.0631
19.1071
19.0297
19.0041
19.0823
19.0762
19.1341
19.1287
19.118
19.0987
19.1123
19.0333
19.0467
18.9906
19.1237
18.9529
18.8952
19.1664
19.1999
19.1856
19.2837
19.0593
19.279
19.06
19.1906
19.277
19.3651
19.3455
19.2221
19.2782
19.2108
19.3052
19.3878
19.3304
19.3413
19.2233
19.3457
19.3216
19.2308
19.2359
19.1926
19.269
19.182
19.2466
19.1802
19.1905
19.1183
19.0931
19.2649
18.8383
19.2913
18.9237
19.0556
19.4865
19.3244
19.3194
19.2004
19.3617
19.3746
19.2301
19.4968
19.2675
19.3079
19.2053
19.3543
19.3817
19.1294
18.7755
18.7632
18.9716
18.2655
19.1221
18.4505
18.6372
19.245
19.0269
19.3424
19.3591
19.2748
19.1174
19.1684
18.9521
19.0899
19.3102
19.0132
19.2353
18.8405
19.1105
18.1
18.0102
18.1997
17.2613
18.5485
17.5401
17.8706
18.5561
19.0182
18.8506
18.8895
18.7812
18.7108
18.7682
18.3824
18.3405
18.7675
18.5543
18.6767
18.2061
18.6508
17.1375
16.7647
16.9588
16.0786
17.4384
16.3586
16.9035
17.8385
18.2047
18.2311
18.4334
17.7991
18.0075
18.3884
17.6768
17.2448
18.1596
18.3074
17.6542
17.5736
18.3238
16.4899
15.3372
16.0266
15.3065
16.2711
15.4218
16.4551
17.4509
17.119
17.7361
18.2573
16.8126
17.5019
18.1924
18.0707
17.4152
16.5456
17.7006
16.7343
17.3792
18.1021
16.3114
14.4787
15.8584
15.2019
15.8562
15.2218
16.2366
17.6246
18.0254
17.9507
17.2812
16.5063
16.4364
17.3054
17.6429
17.7724
17.906
17.1861
16.4867
16.4417
17.1764
15.937
15.1444
15.8691
15.9802
14.5862
15.926
15.2172
17.7389
17.6638
17.625
16.9906
16.5114
16.5858
17.0376
16.6217
17.6488
16.7999
16.6298
17.3526
16.9106
16.6686
18.9451
18.3734
19.1714
18.0095
18.779
18.2417
18.594
14.8319
14.9717
14.9685
14.6396
15.0317
14.6881
14.8097
15.527
15.8228
15.8895
15.6946
16.0932
15.5454
15.6788
15.4818
15.6206
15.9836
15.7436
15.7607
15.3795
15.6489
14.37
15.0606
13.8551
9.39799
14.3005
16.5569
14.6858
15.5338
14.7977
13.7796
13.7151
14.7887
15.2342
14.453
14.9884
14.5797
13.4454
14.471
13.7533
14.2167
15.4104
19.405
19.2764
19.3699
19.386
19.3899
19.3768
19.4296
19.3607
19.3768
19.1895
19.2564
19.4139
19.3036
19.3594
19.4203
19.3908
19.1862
19.3782
19.368
19.3496
19.2615
19.2074
19.2973
19.3974
19.5069
19.4414
19.4304
19.441
19.4424
19.3856
19.4122
19.4296
19.3761
19.3799
19.4269
19.4079
19.3819
19.4158
19.3843
19.4441
19.3882
19.4496
19.4211
19.3804
19.3449
19.3159
19.2598
19.0922
19.3195
19.1476
19.3864
19.4452
19.5281
19.6378
19.4988
19.6514
19.5295
19.4239
19.5512
19.6921
19.677
19.5733
19.3845
19.4204
19.5795
19.3576
18.8856
19.0768
18.9898
19.1505
19.0099
19.3364
19.6991
19.5585
19.3735
19.5815
19.3312
19.5891
19.6943
19.55
19.271
19.5918
19.6703
19.3187
19.5183
19.6872
19.2094
18.4512
18.8988
18.8449
18.9599
18.8667
19.1654
19.4907
19.2609
19.6432
19.6289
19.2267
19.5192
19.6277
19.6167
19.4495
19.2238
19.6682
19.2271
19.4538
19.6195
18.9906
18.6785
19.0621
19.0832
18.1474
18.9302
18.6819
19.8495
19.6362
19.6437
19.4415
19.2506
19.2829
19.43
19.3863
19.8862
19.6754
19.4494
19.6606
19.4388
19.3233
18.2133
18.1529
18.4165
18.0668
18.4126
18.1142
18.1582
18.7279
18.8576
19.066
18.8146
18.851
18.8051
18.7792
18.7947
18.8341
18.9232
19.076
18.8851
18.7293
18.8697
19.0953
19.3314
18.0546
18.6624
19.0002
19.6501
17.9723
18.1773
18.3672
18.2546
17.8555
18.547
17.9302
18.2319
18.453
18.9848
19.0253
18.8697
18.97
18.5706
18.6174
18.3849
18.4776
18.7425
19.4423
18.8073
18.2917
18.744
19.564
19.6193
19.6538
19.563
19.6206
19.561
19.5627
19.6238
19.6392
19.8342
19.6091
19.6785
19.6074
19.6693
19.6581
19.7138
19.7556
19.7216
19.7403
19.6832
19.6827
19.7992
19.6874
19.743
19.6475
19.7404
19.7665
19.6866
19.8448
19.7578
20.0435
19.7563
19.9883
19.7589
19.8453
19.9774
20.2171
19.959
19.8941
19.9955
19.9099
20.0758
20.2593
20.0442
20.036
19.9127
20.1573
20.1025
19.9191
20.2758
20.3396
20.444
20.1923
20.2775
20.2332
20.3862
20.2741
19.7897
19.9141
19.8795
19.8816
20.1777
19.7608
20.3994
20.0633
20.1075
19.9581
20.1902
20.2582
19.9328
20.3512
20.4229
20.073
20.0388
20.1083
19.9953
20.302
20.7679
21.046
20.867
20.6798
20.5673
20.559
20.8498
20.0069
20.0591
20.1729
19.966
20.1621
19.9705
20.0074
20.1553
20.2418
20.3342
20.1896
20.276
20.1691
20.1741
20.1946
20.2083
20.3156
20.3768
20.2822
20.1499
20.2235
19.8803
20.0874
19.7654
19.8384
19.824
20.251
20.035
20.3625
20.3021
19.5495
19.5925
20.2568
20.3675
19.747
20.3387
20.2597
19.4372
20.235
19.5855
19.5756
20.3701
20.0679
20.2806
20.2531
20.2338
20.2845
20.2147
20.3702
20.1818
20.2155
20.1352
20.1235
20.0087
20.1559
19.9992
20.3428
20.2845
20.1858
20.0443
20.2192
20.0009
20.1697
20.1979
20.0545
20.4115
20.356
20.1214
20.1708
20.3936
20.3509
20.1128
20.3643
20.4053
20.4038
20.3455
20.4058
20.3469
20.3506
20.3413
20.3929
20.3891
20.3337
20.3933
20.3386
20.3503
20.3416
20.3393
20.39
20.3807
20.3984
20.3419
20.3344
18.7373
18.579
18.6777
18.7415
18.7818
18.7974
18.8973
18.7417
18.0914
18.5669
18.1771
18.2837
18.1977
18.4276
18.5853
18.4941
18.1586
18.336
18.5543
18.6622
18.7083
18.5882
19.1488
18.8539
19.0178
19.0732
19.274
19.3467
19.3982
19.1463
18.6156
18.7302
18.7676
18.9918
18.7233
18.8461
18.953
19.0387
18.7906
18.8999
19.1276
19.2339
19.2455
19.0285
19.6221
19.41
19.5108
19.5948
19.7172
19.7942
19.8058
19.6524
19.1606
19.2827
19.2847
19.4681
19.2984
19.3604
19.4888
19.4738
19.3425
19.3814
19.5572
19.6922
19.643
19.5489
19.9513
19.837
19.8824
19.9434
20.0128
20.0649
20.0696
19.9764
19.5527
19.7843
19.737
19.6153
19.7157
19.6183
19.8439
19.8436
19.7234
19.9666
19.65
19.8998
19.6727
19.8783
20.1749
20.0891
20.1237
20.169
20.225
20.2774
20.2771
20.1919
20.0007
19.7666
19.9902
19.8045
19.9515
19.8074
20.0677
20.048
19.8859
20.1715
19.8208
20.0928
19.8465
20.09
20.3829
20.3042
20.3294
20.3962
20.4376
20.5198
20.4947
20.4223
20.1848
19.9258
20.1966
19.9783
20.1384
19.9692
20.2846
20.2333
20.0608
20.4032
19.9998
20.2832
20.0129
20.3097
20.6119
20.5508
20.5525
20.6507
20.6746
20.7679
20.735
20.6788
20.3911
20.1124
20.432
20.1843
20.3368
20.1667
20.5283
20.4511
20.2883
20.6464
20.2136
20.5137
20.2249
20.5552
20.8542
20.7929
20.7887
20.8589
20.8834
20.8873
20.9598
20.876
20.6309
20.3522
20.6726
20.4105
20.574
20.4191
20.7418
20.6915
20.5447
20.7763
20.4343
20.7413
20.4789
20.7583
21.0754
20.898
21.0227
20.8629
20.8329
21.1492
21.1527
20.8538
20.8286
20.5976
20.783
20.5098
20.7951
20.6406
20.753
20.6971
20.6824
20.8593
20.87
20.5077
20.684
20.74
21.6681
21.3639
21.4505
21.2339
21.8641
22.0953
21.7265
21.5307
21.4466
22.0053
21.8566
21.6341
21.9137
21.568
21.3519
21.8188
21.4577
21.8779
21.6094
21.1228
21.812
21.5581
21.399
22.0897
10.7321
10.5058
10.5242
10.7829
10.5478
10.8258
10.5645
10.8027
10.1258
10.6869
10.3589
10.401
10.4335
10.1862
10.7188
10.4424
10.2938
10.7759
10.4636
10.4734
10.2399
10.7391
10.6073
10.8364
10.594
10.8546
10.6325
10.8831
10.6568
10.8628
10.5251
10.3549
10.7913
10.6678
10.5025
10.43
10.8225
10.5609
10.5581
10.8696
10.6969
10.5957
10.4699
10.8349
10.7163
10.897
10.6851
10.9404
10.7659
10.9891
10.8045
10.952
10.6842
10.6314
10.8863
10.9114
10.6399
10.6956
10.9422
10.793
10.7154
11.003
10.9466
10.744
10.748
10.9575
10.8508
11.015
10.8317
11.0389
10.8576
11.0394
10.8139
11.0178
10.8363
10.8122
11.0324
10.7909
11.0822
11.0225
10.8519
10.8446
11.1044
15.8707
17.0375
17.0316
15.545
16.3252
15.3833
16.9678
15.912
14.9951
16.4873
14.0707
15.7548
15.1568
16.5503
16.1939
17.113
16.4419
15.4847
16.0301
16.5867
15.5427
15.5659
16.7991
13.8592
16.385
14.7755
16.3588
16.6197
19.1479
19.0363
19.1207
19.0778
19.0541
19.1049
19.1345
19.1147
19.1293
19.0947
19.1495
19.2377
19.1715
19.211
19.3867
19.1614
19.3029
19.331
19.5254
19.4534
19.3776
19.3685
19.5545
19.5565
19.4129
19.5015
19.3981
19.3412
19.0709
19.2782
19.1828
19.1057
19.0907
19.1806
19.3635
19.1899
19.079
19.1587
19.1896
19.3208
19.2721
19.2491
19.0551
19.0407
19.0294
19.2226
19.2448
19.2514
19.2183
19.4325
19.5963
19.7006
19.4121
19.6305
19.4145
19.451
19.4473
19.6922
19.713
19.4971
19.6671
19.4703
19.436
19.1315
19.1573
19.1091
19.2951
19.3115
19.2968
19.3667
19.096
19.0339
19.0967
19.3391
19.4009
19.3152
19.3445
19.5108
19.7169
19.8527
19.4971
19.7428
19.4816
19.5284
19.5155
19.7979
19.8713
19.5602
19.7686
19.5344
19.5314
19.0504
19.0927
19.0663
19.2887
19.381
19.2964
19.3937
18.9813
19.0157
19.0174
19.2591
19.404
19.2405
19.3801
19.5922
19.8345
20.0337
19.577
19.8729
19.5634
19.621
19.6379
19.9783
20.0623
19.7144
19.9243
19.6936
19.6502
18.9562
19.0097
18.9435
19.2377
19.4124
19.2433
19.4416
18.9822
18.9569
18.9285
19.273
19.5219
19.311
19.4661
19.8211
20.0438
20.2502
19.7432
20.1033
19.7557
19.8292
19.8905
20.2313
20.2747
19.9419
20.1702
19.9585
19.863
19.0681
19.4537
19.5612
19.1862
19.3892
19.1491
19.6453
19.5403
19.3377
19.7691
19.2398
19.6148
19.2461
19.6846
20.0722
20.2846
20.3583
19.9575
20.3258
20.0241
19.9978
20.3764
20.1144
20.3549
20.0154
20.3615
20.147
20.0056
19.7453
19.4177
19.7885
19.4696
19.6835
19.4867
19.8392
19.7863
19.5919
19.8634
19.4894
19.8203
19.5468
19.8443
20.4022
20.2267
20.4078
20.186
20.0104
20.1558
19.9616
20.3781
20.2216
20.3995
20.1916
19.8869
20.1819
19.9532
19.8492
19.6172
19.8572
19.5254
19.8456
19.6376
19.8147
19.8446
19.61
19.7301
19.5154
19.8157
19.6351
19.8021
20.4182
20.1343
20.2701
20.4277
20.1588
20.2101
20.198
20.3486
20.1697
20.2372
20.0732
19.8768
20.1637
19.8648
20.0427
20.1356
19.7822
20.2302
19.9978
20.0568
19.8304
19.7024
19.5861
19.715
19.396
19.7826
19.523
19.6339
19.429
19.5225
19.579
19.6745
19.3756
19.4929
19.6069
19.9999
20.5538
19.8912
20.2749
19.9528
20.5948
19.9326
19.9364
20.0001
20.2202
20.6843
20.5455
19.8863
20.0704
8.06502
8.07476
7.94552
7.84519
8.03865
8.02173
7.98167
8.42557
8.31171
8.11285
8.14238
8.06098
8.1171
8.1201
8.3417
8.24005
8.26432
8.21945
8.36321
8.23091
8.17002
8.05353
8.30986
7.83772
7.80589
7.84324
7.91067
7.8073
9.05204
9.97298
9.3107
9.15219
8.76028
8.88869
9.47948
9.48904
9.96392
9.353
9.07169
9.69738
9.21241
9.52818
8.27562
9.23339
8.50352
8.63245
9.17914
8.48738
9.42081
8.86763
8.86346
9.62146
9.24607
9.01394
8.67654
9.47487
9.59346
10.1909
9.70338
9.50582
9.7461
9.38388
9.8586
9.8589
10.2261
9.79445
9.6289
10.0168
9.74082
9.90674
9.31126
9.04615
9.66851
9.64301
9.17014
9.20636
9.7906
9.44245
9.51871
9.97309
9.70176
9.56685
9.35903
9.84055
9.9583
9.91315
10.3773
10.0605
10.0093
9.82191
10.19
10.0128
10.176
10.4074
10.3924
10.1007
10.1206
10.2396
9.84784
9.68189
10.0245
10.1678
9.72254
9.86702
10.1794
9.98295
10.2348
10.4058
10.2459
10.141
10.0706
10.2358
10.3549
10.2585
10.6557
10.4443
10.3424
10.2463
10.6164
10.4585
10.5105
10.6924
10.8144
10.4281
10.5543
10.6735
10.4078
10.3765
10.4799
10.7911
10.283
10.5009
10.6806
10.6998
10.5158
10.9099
10.8645
10.6125
10.6133
10.7405
10.7107
10.5778
10.9372
10.8564
10.6747
10.6427
10.9533
10.7907
11.028
10.8155
10.7672
10.9884
10.722
10.9927
10.7811
11.1043
10.8046
10.7881
10.9643
10.6921
11.1049
10.9272
11.3171
11.0347
10.8565
10.8494
10.8371
11.1586
19.099
19.1232
19.1219
19.0451
19.1383
19.1045
19.1243
19.0387
19.1354
19.1649
19.0326
19.1595
19.1617
19.1531
19.1267
19.1261
19.1072
19.0123
19.0397
19.1364
19.1322
19.0063
18.9593
18.9758
18.9905
19.1059
19.1048
19.1054
19.1062
19.0206
19.1461
19.115
19.0089
19.1245
19.0195
19.0133
19.006
18.9703
19.0055
18.9713
19.1112
19.1256
19.1142
19.104
18.7436
18.5776
18.7249
18.5534
18.7225
18.5608
18.7434
18.7672
18.7717
18.6508
18.725
18.7489
18.786
18.6587
18.7477
18.5597
18.6964
18.5565
18.7264
18.7236
18.5651
18.765
18.6603
18.7221
18.7771
18.7811
18.6587
18.7604
17.6718
17.6612
17.2934
17.7218
17.7082
17.9369
17.9184
18.6522
18.3494
18.304
18.4467
18.9899
18.7532
18.5548
18.6308
19.0075
19.052
18.8201
18.8838
18.768
18.65
17.6278
18.1571
18.2576
17.9975
18.0025
18.1116
18.4003
18.48
18.3796
18.2892
18.3326
18.7118
18.533
18.4931
19.0075
19.1006
19.3228
18.889
19.1933
18.8922
19.0209
19.0891
19.3194
19.3474
19.1408
19.259
19.1512
19.0606
18.5973
18.8099
18.7318
18.7944
18.7735
18.6789
18.9167
18.9034
18.8631
18.8237
18.8868
19.0569
18.9567
18.9654
19.2175
19.3519
19.407
19.1662
19.3703
19.189
19.2065
19.2293
19.3478
19.3961
19.1825
19.3689
19.2101
19.2033
18.9562
19.0471
19.087
19.0381
19.0127
19.0008
19.1306
19.0589
19.0056
19.1149
19.0498
19.0548
19.0124
19.1304
19.1349
19.3201
19.2661
19.1653
19.2617
19.1862
19.1096
19.1226
19.0662
19.2413
18.9627
19.2143
19.0044
19.0807
18.9751
18.9866
19.095
18.9938
19.0204
18.945
19.0396
18.9177
18.7895
18.8887
18.9625
18.8223
18.8797
19.0071
19.0099
18.8887
18.88
18.7714
18.9278
18.8856
18.7717
18.4887
18.8281
18.4763
18.7179
18.3883
18.5759
18.699
18.5273
18.6807
18.8406
18.6751
18.6999
18.5328
18.664
18.1351
18.3013
18.1326
18.3627
18.609
18.3909
18.5967
16.252
15.3337
15.4637
15.3195
16.3292
16.8195
16.3163
15.9103
15.8984
16.7678
16.3569
15.9426
17.071
16.9757
16.2006
15.2884
15.1765
16.1669
15.2385
16.9059
16.1508
15.9633
16.5262
16.4241
16.0181
17.0227
7.23135
7.25426
7.4955
7.37359
7.33374
7.21649
7.41383
7.32745
8.47485
8.24403
7.50353
7.42383
7.6151
8.66687
8.01545
8.56792
7.68132
7.86484
9.08928
8.10017
8.77706
8.36628
8.50905
7.69611
7.89777
10.025
8.64128
8.89819
8.21514
9.10655
9.28351
10.0541
8.47821
8.91872
8.99893
8.22525
8.58579
9.18967
9.16691
8.44642
8.3573
9.37477
8.81503
8.86449
9.25379
9.58782
8.66828
9.00818
9.4253
8.95054
9.35149
9.35
10.2162
8.72603
9.5347
9.53715
9.1572
9.97088
9.74867
10.2476
9.36621
9.73912
9.58308
9.40683
9.04375
9.66915
9.64758
9.22328
9.21561
9.86128
9.64558
9.60378
9.73468
10.1942
9.41475
9.89931
9.94188
9.82214
10.2432
9.81278
10.7225
9.57979
10.4828
10.0437
10.9391
10.0822
10.4192
10.8345
10.2958
10.6946
10.1328
10.3243
9.80641
10.2564
10.313
9.99443
10.1287
10.6142
10.5041
10.3824
10.3478
10.9566
10.1824
10.6497
10.7173
11.1015
11.5181
11.2175
10.7043
10.5511
10.5428
10.8723
11.36
11.6076
11.3252
10.8959
11.2997
10.9991
11.0002
11.2508
11.4439
11.7311
11.3644
11.5507
11.5312
11.4202
10.8762
10.5214
10.9587
11.052
10.6762
10.7743
11.2239
10.8376
11.2164
10.9474
10.9263
11.045
10.7775
11.2648
11.366
11.6239
11.4569
11.1612
11.4072
11.1075
11.6872
10.9191
11.7692
11.4663
11.0504
11.1998
11.2752
11.8441
10.927
10.8024
10.8717
10.8314
10.9258
10.7992
10.8184
11.4038
10.6079
11.2592
11.0211
10.8282
10.543
11.7825
10.7736
10.7523
11.1102
10.674
11.0975
11.1414
10.6803
18.0484
18.0349
17.5014
17.5374
17.651
18.2453
17.5809
17.4738
17.6836
17.5211
17.2607
17.7674
17.7176
17.5774
17.9757
18.0191
17.5561
17.7737
18.2473
17.6651
17.6193
17.7308
17.5996
18.8733
18.9996
18.928
18.9551
19.0097
18.925
19.0351
18.9733
18.9426
19.0248
19.0677
18.9339
18.9895
19.0537
19.02
19.0021
19.1015
18.8884
19.0407
18.9423
19.0507
19.0574
19.1203
19.0558
18.9674
19.0739
18.9919
19.0635
18.9581
18.9233
18.9764
19.0614
18.8915
18.981
19.0302
18.9063
18.7476
18.9492
18.9477
18.8368
18.8351
19.0096
19.0675
18.961
19.0717
19.1594
18.9748
19.0512
19.0436
18.9215
19.005
18.9833
19.159
18.8775
19.0297
19.0319
18.6276
18.6447
18.6658
18.9139
18.5137
18.7461
18.8018
18.1054
18.4841
18.5946
18.5729
18.3267
18.302
18.7484
18.7128
18.9534
18.9534
19.0551
18.8023
18.8924
18.8546
18.5796
18.6907
18.6446
19.016
18.4363
18.8032
18.8032
17.8481
17.8527
17.4924
17.832
18.4935
18.0857
18.2051
16.5123
17.686
17.055
17.5218
17.6524
17.0919
18.091
18.0244
18.557
18.5716
18.7003
18.2544
18.3942
18.3137
17.7384
17.9732
17.8212
18.6276
17.4171
18.1974
18.2093
13.1823
12.3831
12.9736
15.1066
13.8135
14.882
14.1461
15.733
15.4764
14.8855
16.0313
17.4754
16.6938
16.8709
12.6626
14.9187
13.3835
15.5408
15.6935
14.6323
16.5597
16.5625
17.7267
17.6614
17.9122
16.9936
17.4068
17.1186
16.006
16.6928
16.1239
17.7533
15.5372
17.0864
16.8694
9.81422
10.2885
10.4586
12.6283
15.1935
13.9468
14.2618
9.55052
9.84995
9.41093
12.4181
13.2277
11.9585
13.8834
14.4491
16.3074
15.7598
16.5039
14.8236
15.8622
14.9634
13.9653
15.1643
14.0783
16.2964
13.6514
15.4973
14.6842
9.27098
10.2671
9.5591
11.6546
13.0574
11.8185
12.7159
9.70608
10.3106
9.59569
11.5759
12.3401
11.5052
12.6093
13.167
14.8542
13.8966
14.9871
13.3252
14.5946
13.4805
12.9959
14.2026
12.9653
14.8002
12.8525
14.3872
13.3394
9.83168
11.4201
10.5412
12.2387
9.96207
11.4601
11.9747
11.4498
10.1857
10.5368
11.7443
10.081
11.4396
11.8929
12.6845
14.0896
12.8371
13.8282
12.7471
14.0216
12.5176
12.6906
14.0928
12.272
13.7687
12.7226
14.0613
12.4288
11.6203
10.3481
10.5902
11.727
10.4813
11.5421
11.7451
11.8161
10.9164
10.6236
11.9557
10.687
11.9353
11.7882
12.9065
14.1037
12.2674
13.7965
12.8188
14.1182
12.3323
14.0667
13.0336
12.6055
13.8566
13.0899
14.1314
12.3927
12.2608
11.1171
11.1717
12.0599
11.3522
12.1541
12.2826
11.6781
12.5958
12.3852
12.3277
11.3094
11.5168
12.3904
14.1291
14.1648
14.029
13.2341
12.717
13.1907
12.9535
13.8539
13.3133
14.0987
13.2181
13.943
13.2265
13.0623
12.1388
12.4986
12.5834
13.7044
11.9905
13.1111
12.8106
12.48
12.8504
12.251
13.4234
12.4216
12.3175
13.4661
19.0862
19.0059
18.9139
19.0441
19.085
19.0032
18.9043
19.1459
18.8388
19.0804
18.9078
19.0623
18.952
18.9825
19.1925
19.2697
19.2359
19.1826
19.247
19.1796
19.1899
19.0626
19.2402
19.197
19.2033
19.1912
19.0761
19.2732
19.2193
19.08
19.1947
19.2921
19.073
19.2003
19.2837
19.3469
19.2759
19.3674
19.2153
19.2845
19.2075
19.3051
19.3382
19.3895
19.3464
19.2159
19.3432
19.2096
19.3148
19.1358
19.0473
19.1134
19.2961
18.9872
19.1631
19.292
19.1224
18.8363
19.0836
19.2644
18.9286
19.0523
19.2924
19.327
19.4867
19.3222
19.2007
19.354
19.2292
19.3736
19.2771
19.4969
19.3068
19.2074
19.3536
19.1288
19.38
18.8934
18.7346
18.8213
19.2422
18.6024
18.9811
19.1635
18.7865
18.2679
18.7605
18.969
18.4528
18.6429
19.12
19.2374
19.04
19.3419
19.3551
19.1104
19.1881
19.2736
18.9425
18.9973
19.0886
19.3096
18.834
19.1116
19.2344
18.3007
18.048
18.1415
18.8952
17.8084
18.4876
18.6527
18.1021
17.2544
18.0062
18.1949
17.5349
17.8679
18.5443
18.5411
18.9046
19.017
18.8495
18.696
18.7723
18.779
18.3809
18.537
18.3378
18.768
18.1874
18.6678
18.674
17.3788
16.9404
16.9268
18.0461
16.6358
17.6354
17.5992
17.1358
16.0558
16.7378
16.9521
16.3372
16.9017
17.431
17.8145
18.4658
18.1987
18.2328
18.011
18.3788
17.7951
17.6632
18.3112
17.2438
18.1616
17.5552
18.3445
17.6499
16.5479
15.7995
15.4502
16.7934
15.5663
16.7079
16.3759
16.4729
15.26
15.2698
16.0148
15.3901
16.4016
16.2667
17.4134
18.2782
17.123
17.7454
17.4868
18.2137
16.8223
18.0786
17.3716
16.556
17.7165
17.2911
18.133
16.7454
16.2955
15.2055
14.4277
15.9665
15.2011
16.3859
15.8237
16.3236
15.2271
14.3929
15.8063
15.1822
16.2747
15.824
18.0191
17.6211
17.9462
17.2279
16.5346
17.3179
16.464
17.8077
17.6568
17.8956
17.2226
16.5061
17.1434
16.4852
18.3719
19.172
18.9585
18.0199
18.7896
18.2519
18.5933
16.1199
15.2043
14.4729
15.8459
15.2258
16.2007
15.9116
15.0775
15.9555
15.8325
16.0078
14.5365
15.215
15.934
17.7023
17.7621
17.594
17.0052
16.5507
17.0753
16.6218
16.7976
16.6401
17.6762
16.6026
17.3654
16.9274
16.7114
16.0725
15.0397
15.3218
15.9948
15.1517
16.272
16.3848
15.9197
14.3947
15.6534
16.0851
14.8987
15.2325
16.5675
15.4063
14.7343
15.3085
14.5189
16.0409
16.3885
15.6787
19.2764
19.4094
19.1836
19.3378
19.3147
19.4765
19.31
19.2093
19.2776
19.3216
19.3322
19.2753
19.4052
19.193
19.3899
19.353
19.2383
19.2029
19.5451
19.2363
19.3561
19.3484
19.1369
19.2159
19.3736
19.3604
19.3724
19.356
19.1991
19.3312
19.3943
19.1098
19.3163
19.2658
19.125
19.4178
19.3208
19.6319
19.4547
19.526
19.5066
19.6449
19.5521
19.4304
19.6816
19.5474
19.6728
19.5597
19.3844
19.5607
19.427
19.3695
19.0684
18.9472
19.2454
19.0202
19.3909
19.1727
19.356
18.9496
18.8898
19.073
18.9958
19.3209
19.149
19.6992
19.536
19.3743
19.5759
19.5501
19.6964
19.3222
19.5428
19.6605
19.2681
19.5906
19.5155
19.6901
19.3121
19.2592
18.942
18.5024
19.0527
18.8877
19.2937
18.9792
19.2323
18.827
18.4521
18.9023
18.87
19.151
18.9645
19.4803
19.6552
19.2618
19.6478
19.5188
19.6175
19.2304
19.6033
19.4456
19.2254
19.6718
19.4309
19.626
19.2327
19.12
18.7384
18.149
18.9085
18.7157
19.1579
18.8977
18.6464
18.9939
19.0617
19.0901
18.1397
18.6575
18.9306
19.6425
19.8455
19.6372
19.4269
19.2502
19.4286
19.279
19.6709
19.3822
19.8824
19.4375
19.6609
19.4318
19.318
19.5031
20.1983
20.27
20.9072
19.6784
20.3754
20.1403
20.4131
21.071
20.3693
21.102
20.2251
20.5444
21.2548
20.0839
20.0002
19.9662
20.0294
20.1055
19.9747
19.9516
19.9953
19.822
19.9203
19.8351
19.8981
19.8574
19.9252
20.3383
20.442
20.2724
20.1896
20.2731
20.2301
20.3823
19.766
19.9046
19.8384
19.8386
19.7444
19.755
19.9599
19.8416
19.7353
19.7642
20.0374
19.7502
19.8339
19.9873
19.9548
19.9772
20.215
19.8881
19.9918
19.9017
20.0752
20.0401
20.2574
20.032
19.904
20.1559
19.9094
20.1037
21.0431
20.8658
20.767
20.6775
20.5668
20.5589
20.8486
19.8535
19.7397
19.8488
20.071
19.7407
19.846
20.1397
19.7732
20.2697
19.9045
19.879
19.879
19.7557
20.1749
20.0588
20.3962
20.102
19.9501
20.1915
19.9278
20.2565
20.0681
20.3476
20.4206
20.0317
20.1042
19.9917
20.3014
21.8479
21.3983
21.7009
21.7073
21.5619
21.4013
21.5416
21.091
20.4829
21.214
21.2945
20.8336
20.8665
21.3966
21.0086
20.8398
21.1825
20.7246
21.393
21.1228
20.7481
20.4518
20.3028
20.4891
20.4726
20.4764
20.5968
20.5
20.4658
20.491
20.2563
20.2491
20.3593
20.2924
20.2935
20.5284
20.5755
20.2956
20.3556
20.3063
20.3691
20.2757
20.2951
20.3509
20.3586
20.4437
20.6261
20.5352
20.388
20.392
20.6165
20.781
20.7584
20.6567
20.6269
20.6397
20.7908
20.7124
18.9124
18.8855
18.732
18.8022
18.892
18.9663
18.739
18.8882
18.6575
18.9012
18.7355
18.9011
18.8448
18.7092
18.147
18.2975
18.6184
18.4466
18.3493
18.131
18.4647
18.0309
17.5482
18.1174
17.5923
18.0497
17.4805
18.0793
18.14
18.5021
18.5381
18.2907
18.2516
18.4686
18.1899
18.3356
18.3472
18.5608
18.6675
18.3078
18.4195
18.6029
18.1625
17.7943
18.0831
17.6287
18.1566
18.0934
17.7645
18.2891
18.517
18.5635
18.271
18.3111
18.569
18.2159
17.1319
16.1273
16.429
16.9033
16.9801
16.8306
16.8242
17.1268
17.761
16.48
17.4803
16.832
17.3884
17.6234
16.9907
17.2929
15.4962
17.0054
17.3679
16.5692
16.5063
16.8444
15.6595
16.0633
16.3815
16.4581
16.7792
16.632
17.1017
16.3859
16.735
17.1107
17.0322
15.6983
17.1151
16.5549
15.9343
16.5685
16.6774
16.9944
17.1914
16.9124
15.8691
17.0308
15.5431
17.0356
16.9669
16.3235
15.3817
15.9114
14.9943
14.0699
16.4867
15.156
15.7542
16.5495
15.5646
16.7974
16.3842
13.8577
14.7741
16.6189
16.3574
16.193
17.1122
16.4411
15.4841
16.0293
16.5858
15.542
16.7223
17.0254
16.8823
16.2291
17.135
16.4447
16.7379
16.8981
16.3047
16.5279
16.7452
16.6562
16.795
16.7828
16.8318
16.9913
16.9671
16.3046
16.779
17.0116
16.5748
16.6599
16.9059
16.994
16.5867
16.4279
16.7807
16.853
18.4673
18.8059
18.499
18.6101
18.6202
18.3967
18.6268
18.1516
18.6493
18.0482
18.0805
18.2623
18.2101
17.9126
18.1961
17.7459
18.0615
18.2765
18.1411
18.3539
18.0469
16.99
17.643
17.3477
17.8146
17.7405
17.7414
16.8858
18.1845
18.7062
18.1542
17.9575
19.6967
17.3125
17.8235
17.4864
18.8642
17.8002
17.447
17.9561
18.1326
17.6667
18.0743
17.8212
18.1224
18.0409
17.478
17.2555
15.052
17.4757
14.4036
17.6889
17.1026
17.7085
17.7542
17.7687
17.7245
16.8852
17.6919
16.298
17.8471
17.3451
17.2709
16.8969
16.8861
17.0432
16.8958
17.293
18.1749
17.5735
18.0343
15.1016
17.773
17.6196
15.6681
15.2256
15.4489
16.8461
17.2247
17.7865
17.269
16.8957
17.2185
17.7776
18.0624
17.7375
17.4848
17.5059
18.0442
18.0691
17.5517
17.7457
18.0778
17.5386
16.8298
17.2445
17.1825
17.7465
17.2051
17.7645
16.8118
17.5814
17.1971
15.4974
16.8394
17.5594
17.2555
15.5827
16.7594
16.5334
16.8148
16.4497
16.8419
16.7882
16.3325
15.6206
15.5934
15.6331
15.5279
17.5614
16.817
17.1751
15.5675
17.2037
15.5783
17.5484
16.1482
16.6452
16.4544
16.5695
16.4411
16.3132
16.6845
15.334
16.202
15.3884
15.1421
15.6487
15.7712
14.9471
15.7139
15.3863
15.784
16.1074
16.1305
16.2538
15.1736
13.0585
15.7045
13.7665
13.6198
15.0732
14.3478
12.5175
13.4171
16.2436
13.9022
14.1362
14.7547
14.4389
13.9421
14.4657
13.7183
8.05002
12.4166
11.4728
12.4705
13.4037
7.3967
11.4997
13.7766
15.5253
11.1479
15.4604
15.2152
15.1574
14.6632
13.2484
11.6881
16.2466
15.4568
15.3275
16.3228
15.3138
17.0656
16.9718
16.817
16.3142
15.8956
15.9075
16.3544
16.7654
15.9397
16.901
16.1449
16.5207
15.9584
16.4193
17.017
16.0129
16.1978
15.285
15.1733
16.1642
15.2351
12.4227
13.1362
13.3505
14.5873
12.3789
13.2075
13.2656
7.27846
11.5252
13.0146
12.3028
10.5604
7.83275
10.8653
10.4703
11.6051
10.2887
10.7423
11.7206
14.5011
13.5072
13.2507
13.6378
13.119
12.0126
11.2805
11.4669
11.0155
11.3559
11.3074
11.2738
10.8891
11.4138
11.862
12.1065
11.2794
11.5105
11.6813
11.6048
11.3578
11.4982
11.8735
10.9684
11.4623
12.1096
11.3862
11.3043
11.1835
10.9455
10.6757
10.8944
11.6232
10.94
11.2917
11.448
10.8074
11.3059
11.4267
11.8731
10.4836
11.7383
11.3212
12.0716
11.6065
11.6356
11.6482
10.3825
11.4046
13.3628
11.2646
12.0969
11.151
10.8906
11.6723
11.3935
10.9019
11.5595
11.5734
12.3255
12.3371
11.522
11.1295
11.8016
11.3826
10.8577
11.2241
10.8867
10.6346
11.3002
11.167
11.6738
13.0319
6.75588
11.2107
11.4539
11.0939
10.7953
11.0583
11.636
11.6527
11.0686
10.829
10.9308
11.9284
11.0841
10.9018
11.4057
11.497
10.6774
10.8543
11.5452
12.2106
11.0894
11.4324
10.8041
11.7594
11.0797
12.0354
11.868
11.7755
11.3
11.575
11.4152
11.2614
11.2365
11.0679
11.6142
11.0926
11.2754
11.0727
11.9016
11.0661
11.9178
11.0875
11.501
11.4898
10.8883
10.9915
11.0931
11.087
11.1095
11.2846
11.1377
11.283
18.4993
18.3427
18.3749
18.3948
18.3944
18.3027
18.5091
18.3532
18.4597
18.3854
18.2507
18.4862
18.2951
18.2456
18.5121
18.6653
18.6662
18.4838
18.6479
18.524
18.5529
18.4312
18.3992
18.5207
18.509
18.6036
18.4404
18.39
18.9277
18.7962
18.6377
18.5868
18.6186
18.624
18.6519
18.6975
18.5151
18.4424
18.0482
18.034
17.5201
17.2595
17.7664
17.7164
17.5766
17.5011
17.5377
18.2446
17.6512
17.5805
17.474
17.6833
17.555
17.7731
17.6644
18.2462
17.6184
17.5989
17.7298
17.976
18.0189
18.3459
18.1658
18.1631
18.2863
18.3448
18.1384
18.1707
18.343
18.2731
18.0729
18.1309
18.1229
18.1598
18.2853
18.4698
18.6025
18.4728
18.5055
18.4952
18.452
18.4723
18.6158
18.5001
18.507
18.6986
18.8719
18.8542
18.6894
18.8837
18.6873
18.703
18.7717
18.93
18.9458
18.8009
18.9277
18.7761
18.7875
18.7142
18.7222
18.852
18.905
18.8828
18.6927
18.7459
18.7281
18.7325
18.8138
18.6402
18.8153
18.7007
18.5778
18.7926
19.0275
18.9199
18.7284
18.8662
18.7904
18.7992
18.6717
18.8288
18.6578
18.7236
18.8239
18.8597
18.8245
18.7002
18.7358
18.5062
19.0201
18.5762
18.6216
18.838
18.47
18.7545
18.7425
18.933
18.6753
18.9053
18.7571
18.8363
18.8775
18.8262
19.004
18.9771
18.8182
18.994
18.8536
18.81
18.8537
18.9405
18.9339
18.877
18.9518
18.8439
18.8126
18.7915
18.753
18.8653
18.9041
18.9452
18.7575
18.7673
18.7008
18.6078
18.5401
18.4174
18.5804
18.8103
18.4353
18.8528
18.5207
18.7439
18.7908
18.6642
18.8172
18.8491
18.8054
18.7172
18.5579
18.7799
18.3957
18.576
18.4402
18.501
18.8611
18.7679
18.7562
18.7452
18.6832
18.6691
18.8757
18.8171
12.0277
12.2784
12.2098
12.0178
12.1282
11.9863
11.9904
12.6039
13.1962
12.3994
12.6729
12.8522
12.5832
12.6313
12.6508
12.6003
12.9769
12.5735
13.3561
12.5787
12.6521
13.225
13.3488
13.5266
13.104
13.2813
13.2223
13.1287
13.751
12.9884
14.5877
13.7377
14.3544
14.0163
13.5935
13.2926
13.1541
13.903
13.0652
13.2513
13.2175
13.2476
13.089
14.0985
13.9564
12.9623
12.8647
12.9732
13.3331
13.599
8.22496
14.0283
13.9686
14.3427
13.5649
13.589
13.5561
12.5511
13.3672
13.1174
13.6921
13.1718
12.1178
13.1198
13.2643
13.373
11.9747
13.1493
12.8709
13.1541
12.0535
13.8063
13.4657
12.8471
14.5528
12.9674
13.7847
12.71
13.9019
13.549
14.2476
13.7
14.3249
13.4297
13.0504
13.0867
14.3808
13.643
14.0928
14.7623
15.3596
14.0663
14.1636
14.819
13.9897
13.1501
13.5441
14.5722
13.0005
13.939
12.555
13.9685
13.592
14.3798
14.7792
14.8218
14.2506
13.6452
14.2774
11.4312
12.1852
12.3658
12.4221
11.7357
12.0529
13.0094
12.082
12.1191
11.8766
11.8687
11.1935
11.7859
11.1128
14.2076
12.0407
12.5784
10.9829
12.0369
11.4258
12.0451
12.0449
11.8321
7.39585
14.7259
13.0183
12.5182
12.9498
12.08
12.8532
12.1355
12.95
13.1577
12.1429
12.5837
13.7027
12.5023
12.8098
11.9958
13.114
12.4847
12.8573
12.2539
13.4269
12.4241
12.3231
13.4719
12.604
11.9682
11.8911
11.6179
12.1226
11.4836
12.3685
12.8106
11.9691
11.7387
11.998
12.0141
12.0205
12.7806
12.5577
12.349
12.3642
11.3755
11.7384
13.0867
11.6626
12.2385
12.2832
13.7746
13.1185
13.1743
13.8111
13.2396
13.5314
13.914
12.6739
13.3471
12.8505
18.9384
18.9805
18.9048
19.0922
18.9187
19.1027
19.0313
18.7462
19.0198
19.0006
19.0437
18.7587
18.8438
18.9259
18.7436
18.8276
19.0729
18.8848
19.0154
19.0968
18.912
18.8012
19.1662
18.8215
18.7865
18.9492
18.7027
18.9163
18.8451
18.9442
18.8901
18.9491
18.8425
18.9624
18.9618
18.889
18.8665
18.9101
18.9892
18.7794
18.8631
19.012
19.1036
19.1398
19.1511
19.0635
19.1604
19.0806
19.0782
19.1414
19.2127
19.2004
19.2009
19.1631
19.1781
19.1629
19.1471
19.121
19.1453
19.1759
19.1864
19.1136
19.1476
19.0818
19.1926
19.2143
19.0424
18.9782
19.1439
19.1762
19.1797
19.141
19.1796
18.9965
19.0513
19.4194
19.1401
19.1925
18.9688
19.2428
19.1894
19.2567
19.2252
19.2342
19.2172
19.2437
19.2035
19.2496
19.2679
19.1675
19.1212
19.3446
19.3029
19.2424
19.305
19.1993
19.2204
19.1632
19.2062
19.2096
19.2131
19.2005
19.139
19.1319
19.2929
19.0858
19.006
19.0442
18.9138
19.0849
19.0036
18.9045
19.1453
18.8394
18.9088
19.0806
18.9832
19.0625
18.9521
19.009
18.9929
19.2177
19.1455
19.1261
19.1547
19.1097
19.0705
19.0982
19.0533
19.1507
19.1838
18.9263
19.1742
19.001
19.3727
19.0366
19.2659
19.1573
19.1932
19.1883
19.3432
19.1155
19.2744
19.1543
19.1761
19.2274
19.0762
19.0731
19.1234
19.3093
18.9951
19.291
18.9794
19.0959
14.7868
14.9087
14.9526
14.7077
14.776
14.6113
14.8582
15.0979
15.8282
16.4552
15.1924
15.6013
15.0826
15.5551
15.1664
15.6739
15.9285
15.4962
16.0811
15.332
15.3579
15.5897
15.379
15.876
14.4377
15.3437
16.4393
14.4914
17.2493
16.7397
15.2091
16.3048
16.739
17.4486
15.6958
16.5926
16.7937
16.7626
16.2614
16.1742
16.527
16.1943
16.4702
17.8428
17.3401
18.2994
16.3506
16.7382
17.52
17.8389
16.3722
16.2732
15.9619
16.8782
17.2956
16.4897
16.0537
16.435
17.3892
16.1292
16.4095
15.3158
15.7017
16.5269
17.0188
15.9123
17.2142
12.4253
15.5688
16.0793
16.3941
16.2758
17.2246
17.5246
17.6417
16.4165
16.2523
15.6874
17.5731
16.4116
16.4943
16.434
16.9218
15.7288
17.4834
17.5763
18.6546
17.1006
18.3194
16.5781
18.0286
17.9361
18.931
18.5154
19.1349
17.8076
18.5893
18.6382
18.7631
18.62
17.8917
18.5523
18.4101
17.8863
17.3414
18.6594
17.493
18.783
18.2491
17.637
18.293
16.7204
16.9571
17.6535
17.5248
17.6084
18.3782
17.7422
18.4997
15.921
14.3958
15.6492
16.0798
16.5639
14.8993
15.2348
16.0767
15.0421
15.3251
15.999
15.1529
16.274
16.3901
15.4069
15.3024
14.735
16.0357
14.5186
16.383
15.6787
19.3374
19.2858
19.3963
19.3316
19.2977
19.2247
19.4297
19.3816
19.4277
19.3966
19.3765
19.4007
19.3898
19.3734
19.3958
19.4178
19.3884
19.3858
19.417
19.4052
19.3825
19.3941
19.386
19.4004
19.4125
19.404
19.388
19.3904
19.244
19.4132
19.3842
19.3878
19.3775
19.4305
19.3216
19.4408
19.2866
19.2378
19.2762
19.4087
19.3204
19.3313
19.2744
19.4038
19.1927
19.1834
19.3378
19.477
19.3142
19.3102
19.2089
19.2774
19.2371
19.2023
19.2363
19.5442
19.3553
19.1362
19.3471
19.3896
19.3533
19.516
19.3036
19.2436
19.4447
19.3868
19.4365
19.341
19.4816
19.4244
19.4314
19.3416
19.3933
19.3108
19.5187
19.5154
19.5691
19.529
19.4922
19.4741
19.3935
19.3789
19.5783
19.5027
19.5055
19.3779
19.5042
19.4384
19.4615
19.4297
19.4423
19.398
19.4432
19.4249
19.3893
19.3669
19.4335
19.4256
19.3619
19.43
19.3766
19.4445
19.3835
19.4376
19.431
19.3809
19.3741
19.4324
19.4137
19.3866
19.3761
19.3837
19.3831
19.3903
19.1629
19.4257
19.4071
19.3956
19.3802
19.3972
19.3552
19.5232
19.3781
19.3994
19.4122
19.3967
19.35
19.3976
19.374
19.29
19.5881
19.2832
19.3839
19.3551
19.2407
19.4796
19.4078
19.5997
19.3977
19.527
19.4412
19.457
19.5371
19.3659
19.4274
19.4536
19.4103
19.4159
19.3569
19.4087
19.413
19.4091
19.468
19.4175
19.4763
19.3986
19.4132
19.3743
19.4043
19.4525
19.3901
19.4053
19.4064
19.3736
19.6074
19.4796
19.5208
19.4564
19.5257
19.7514
19.4237
19.6963
19.566
19.6396
19.71
19.5852
19.7859
19.7386
19.6801
19.687
19.5443
19.5481
19.3349
19.5297
19.4346
19.4046
19.7081
19.6338
19.5956
19.5731
19.5622
19.5084
19.7198
19.6465
18.2002
18.2173
18.4746
18.1363
18.4446
18.0668
18.2403
18.7163
18.9992
19.1757
18.8287
18.9191
18.6171
18.8658
18.7298
18.8871
18.9255
19.1905
19.0423
18.7745
18.8577
19.3731
19.6253
19.4387
19.3251
19.6287
19.3921
19.2709
19.6237
20.076
19.8864
19.644
19.924
19.796
19.5498
19.4218
19.2442
19.547
19.6837
19.6896
19.3104
19.3821
19.2364
19.8891
19.4938
19.025
19.581
19.0939
19.3193
19.4409
19.2538
19.8404
19.7277
19.7423
19.5142
19.5367
20.0081
18.9613
19.4288
19.2122
19.5208
19.7248
19.6691
19.1632
19.3847
19.9823
18.43
19.7218
19.1577
19.7402
18.845
20.0221
19.9885
19.0641
20.3074
19.3494
20.0334
19.1739
20.1054
20.5784
21.07
21.4618
21.5126
21.2338
20.684
20.9016
21.6517
21.2659
21.488
21.6377
21.8887
21.1522
21.3352
21.7566
21.3278
20.5094
20.6739
21.2762
20.353
21.1221
19.8992
20.8197
20.6464
20.9734
21.2702
21.0472
21.1217
20.449
20.9424
17.811
19.0233
18.0716
18.1053
18.3132
17.7446
18.8352
17.6488
17.9543
18.7867
18.3553
17.1344
18.2626
17.5226
18.9617
18.1359
19.0589
17.524
18.5127
17.4285
18.5156
18.9541
17.9863
18.3812
19.4234
18.9294
18.8143
19.0892
18.5735
19.5925
18.8407
19.6471
19.9003
19.5006
20.2649
20.908
20.2006
20.1347
19.677
20.3787
20.4109
21.0743
20.3751
21.1102
20.2314
20.5435
21.2585
20.2261
19.6327
19.5441
18.9718
19.4392
18.7327
20.1413
20.6168
19.7726
19.5584
20.1669
19.937
20.3532
20.4797
19.7811
20.1161
19.7065
18.5509
19.0599
20.3425
19.364
20.4207
20.5785
21.4457
21.0225
21.0804
21.6038
21.2392
20.8447
21.1982
20.1212
20.6805
20.3211
19.457
19.4952
19.4237
19.177
19.4666
19.7
19.5545
19.5995
19.6814
19.6151
19.6384
19.5932
19.5902
19.596
19.5431
19.5532
19.6537
19.585
19.6201
19.6726
19.7234
19.6987
19.9422
19.6737
19.7178
19.7694
19.631
19.8041
19.7859
19.9009
19.7758
19.8641
19.819
19.9723
19.9451
19.7458
19.7121
19.7292
19.8149
19.6575
19.8064
19.8806
19.5904
19.6845
19.6721
19.5922
19.6976
19.5941
19.5934
19.786
19.8581
19.8562
19.8223
19.856
19.799
19.8063
19.7441
19.7496
19.7912
19.8083
19.7861
19.7222
19.7632
19.8755
19.7461
19.8056
19.8494
19.8483
19.7824
19.8671
19.5009
19.7358
19.7938
19.9036
19.8975
19.8187
19.8156
19.9499
19.8882
19.8435
19.9297
20.0063
19.9359
19.9185
19.9483
19.9414
19.8958
19.9294
20.0426
20.0087
20.0537
19.8791
19.8971
20.0833
19.8646
20.0006
19.8645
19.8158
19.9131
20.0295
19.9102
19.8487
19.8696
19.9936
19.8543
20.0843
20.0007
20.0302
19.9669
20.1057
19.9758
19.9525
19.9961
19.8231
19.8365
19.9216
19.9261
19.8997
19.8587
20.006
20.0197
20.0953
20.0157
20.0497
20.2195
20.1482
20.1753
20.1373
20.1652
20.0947
20.1712
20.0285
20.0527
20.0784
20.1972
20.0299
20.1394
20.1569
20.29
20.2067
20.2045
20.1962
20.1888
20.3314
20.3267
20.1634
20.2134
20.2286
20.1862
20.3536
20.1528
20.3384
20.1464
20.2356
20.0324
20.1144
20.2302
19.9981
20.2482
19.9773
20.0484
20.1155
20.295
20.4121
20.0907
20.319
20.0765
20.198
20.1224
20.2315
20.3476
20.3542
20.329
20.1619
20.1632
20.3791
19.8838
20.3498
19.727
20.3604
20.4399
19.6288
20.4412
20.3534
19.7341
19.9599
20.409
20.3541
19.9441
20.3222
20.436
20.4089
20.2792
20.4371
20.3186
20.2753
20.2884
20.4147
20.4159
20.3678
19.8836
20.0567
20.4207
20.365
19.9494
20.3007
20.252
20.428
20.4269
20.4326
20.2708
20.2867
20.4193
19.8909
20.4093
19.8317
19.9279
20.3898
20.4383
20.2454
20.3556
20.3454
20.1984
20.2396
21.4591
21.4865
21.6215
21.6173
21.6923
21.6046
21.3137
20.6757
21.2405
21.2051
20.9641
21.0671
20.9939
20.8652
20.7747
20.9686
21.0302
20.7717
21.0622
20.5249
20.8476
20.6319
20.6408
20.8527
20.8746
20.4783
20.9362
20.6933
21.334
21.1819
20.6435
20.9614
21.4376
21.4421
21.0852
21.3744
21.2812
21.4488
21.3128
21.0814
21.1275
20.7394
20.8266
20.8578
21.4274
21.4243
21.4333
21.5422
21.5415
21.0976
20.4873
21.2194
21.2995
21.4029
20.8395
20.8721
21.8513
21.4031
21.7044
21.7123
21.565
21.4052
21.5443
21.0149
21.1872
20.8456
21.3989
20.7299
21.1271
20.7531
20.3196
20.3093
20.1098
20.1994
20.3011
20.3633
20.0795
20.287
20.3164
20.3587
20.2481
20.3476
20.2654
20.2979
20.3187
20.3832
20.3758
20.3535
20.3747
20.3301
20.3164
20.3075
20.3044
20.3528
20.3999
20.3575
20.2835
20.3456
20.3866
20.3775
20.3352
20.3315
20.3367
20.2073
20.3855
20.2187
20.3847
20.3731
20.4562
20.3096
20.2609
20.2544
20.3629
20.2972
20.2972
20.4904
20.4753
20.6019
20.4792
20.5023
20.4676
20.4938
20.3002
20.3587
20.3733
20.3125
20.2809
20.3547
20.2991
20.5346
20.5803
20.2691
20.4875
20.5397
20.3865
20.4711
20.3432
20.422
20.5653
20.6264
20.5461
20.6031
20.6007
20.6616
20.4949
20.6542
20.6634
20.6604
20.7396
20.7302
20.5808
20.5769
20.3865
20.4203
20.4342
20.0936
20.3964
20.3342
20.4181
20.4055
20.3481
20.3953
20.3379
20.3545
20.3906
20.3873
20.0441
20.411
20.1139
20.4007
20.3348
20.3164
20.1361
20.407
20.0322
20.3542
20.3961
20.0942
20.3834
20.3865
20.3396
20.3322
20.3316
20.199
20.399
20.2117
20.3868
20.3659
20.3591
20.6262
20.5352
20.4466
20.6158
20.3895
20.3925
20.7864
20.7571
20.6601
20.6296
20.6446
20.7873
20.7092
20.6088
20.3687
20.5204
20.5013
20.7094
20.422
20.7416
20.9007
20.8098
20.7346
20.8016
20.9337
20.9221
20.8098
20.4774
20.7118
20.692
20.2547
20.4499
20.6425
20.4799
20.6901
20.8211
20.6422
20.7651
20.6054
20.7128
20.6881
20.5568
20.5679
20.4338
20.4266
20.3863
18.8091
18.9336
18.6021
18.7971
18.7957
18.9793
18.6157
18.8063
18.644
18.9214
18.7213
18.903
18.8348
18.609
18.9093
18.8905
18.805
18.7337
18.9652
18.74
18.896
18.8859
18.6563
18.9031
18.7363
18.8415
18.7084
18.904
18.1448
18.2969
18.4435
18.6175
18.1288
18.4615
18.3487
18.0267
17.5474
17.5892
18.1158
18.075
17.4776
18.0482
18.1375
18.498
18.5373
18.2905
18.4649
18.1874
18.2512
18.3309
18.3504
18.6619
18.5599
18.4179
18.5963
18.3094
18.1574
17.7941
17.6246
18.0814
18.0876
17.7604
18.155
18.2863
18.5118
18.5627
18.2711
18.5637
18.2126
18.3118
20.7722
20.8753
20.9555
20.8361
20.8257
20.8794
20.8805
20.8509
20.888
20.9298
20.8712
20.9324
20.8399
20.9248
20.9055
21.0534
20.8475
20.9482
21.0646
20.8785
20.9797
20.8792
20.9372
20.9984
20.8717
21.0105
20.9072
20.8785
20.7407
20.6496
20.6956
20.6652
20.8092
20.6265
20.6608
20.5653
20.4332
20.5183
20.4392
20.6306
20.4638
20.4657
20.7964
20.6315
20.6749
20.6276
20.6461
20.6502
20.7171
20.7287
20.7529
20.6765
20.7263
20.6615
20.6954
20.7038
20.4447
20.3975
20.599
20.4493
20.488
20.442
20.536
20.6963
20.6763
20.7274
20.6448
20.6659
20.641
20.7572
20.8566
21.4504
21.31
21.0188
21.185
20.8357
21.0127
20.9663
20.8875
20.6842
20.5345
21.192
20.5463
20.3143
20.8713
21.035
20.9924
21.6045
21.2767
20.9122
20.9163
21.342
21.002
20.8337
20.9844
21.4906
20.819
21.2353
21.0784
21.0797
21.0013
20.9915
20.8097
20.9022
21.224
20.8182
20.7918
21.7858
20.9724
20.9835
21.163
21.339
21.462
21.281
20.8046
20.7247
20.8438
20.3063
20.7242
20.6319
20.6387
20.7003
20.8215
20.7079
20.6912
20.6763
20.4734
20.5143
20.3889
20.4738
20.4714
20.5056
20.4234
20.6125
20.5526
20.7891
20.6803
20.7018
20.7559
20.546
20.6584
20.7675
20.5582
21.4301
20.5523
21.0332
20.7834
20.6896
20.5176
20.7138
20.0737
20.4022
20.3135
21.0771
20.4285
20.6297
20.4808
20.4048
20.3609
20.5243
20.3165
20.4149
20.4163
20.7477
20.4894
20.4519
20.7569
19.7792
20.6203
20.547
20.5487
20.5246
20.3439
20.8875
20.5996
20.457
20.7555
20.2744
20.3914
20.194
20.7084
20.4339
8.85306
8.713
8.58734
8.8447
8.83652
9.05492
9.17905
9.19626
9.13623
9.02685
9.78379
9.8156
9.54971
9.79572
9.67665
9.89382
9.95379
9.91873
9.72678
10.0102
9.81919
9.74301
9.70353
9.59526
9.76788
9.82833
9.60582
9.95721
9.70389
9.97291
9.79275
9.9163
9.99508
9.81429
9.42193
9.55666
9.24552
9.0739
9.39509
9.48418
9.09703
9.12346
9.31691
9.03118
9.04683
8.89847
8.74366
9.06718
9.06372
8.85586
9.21541
9.50228
9.43234
9.46353
9.39286
9.3093
9.23597
9.34093
9.01182
10.0116
10.1281
9.92964
10.1525
9.92542
10.3118
10.6039
10.3373
10.4967
10.2775
10.4147
10.582
10.086
10.3428
10.2592
10.0284
10.246
10.093
10.0681
10.3544
10.2148
10.436
10.2302
10.6262
9.61397
9.82287
9.76091
9.67259
9.79258
9.68552
9.49279
9.24783
9.24054
9.3722
9.40708
9.21881
9.29856
9.33467
9.80214
10.1687
9.6449
9.92561
9.6035
10.0938
9.55359
9.72417
10.0585
9.45794
9.68047
9.83739
9.97389
10.3337
10.1847
9.97272
9.88962
10.1256
10.0454
10.4127
10.1745
10.4189
10.1177
10.0569
10.3204
9.83947
10.0046
9.63443
10.1894
9.66675
9.78524
10.2597
10.0031
10.0566
10.3819
10.2349
10.086
9.96774
10.2641
10.4497
10.6601
10.3664
10.5901
10.6752
10.3852
10.4059
10.4844
10.4224
10.7977
10.6836
10.7442
10.5223
10.4104
10.5886
10.8394
10.4773
10.7094
10.6032
10.4939
10.8275
10.5598
10.4412
10.8417
10.6842
10.5403
10.4584
10.8127
10.101
10.3359
10.2213
10.6067
10.0924
10.2361
10.419
10.0858
10.2348
9.82738
10.4073
9.85001
10.0635
10.4014
10.1591
10.3057
10.5877
10.4696
10.2909
10.1651
10.4455
10.2401
10.551
10.3981
10.6551
10.234
10.4085
10.5449
10.1174
10.3266
9.89476
10.4415
9.89432
10.1312
10.4512
10.1975
10.3702
10.6474
10.4953
10.3807
10.2011
10.5039
16.7243
16.231
17.0266
16.884
16.4469
16.7395
17.1352
16.8992
16.3055
16.5287
16.7459
16.6572
16.7839
16.7957
16.8336
16.9921
16.3069
16.9695
16.7815
16.5757
17.0129
16.6612
16.4288
16.7815
16.854
16.9098
16.9979
16.5901
17.1174
16.2885
15.2703
17.0314
15.3125
17.3082
14.1382
16.4644
17.2201
17.5293
16.9182
16.0457
17.4557
16.9032
17.0241
18.0813
10.5929
22.1737
17.6263
17.4025
18.4067
16.9969
16.778
13.2455
10.1566
14.9074
17.4238
18.2576
16.5348
17.0692
16.8385
9.80529
14.7152
16.9373
14.5446
17.1338
16.4314
16.9048
16.1292
16.8261
16.9813
16.8326
17.1243
17.7589
17.475
16.479
17.6184
16.8295
17.3872
16.9877
17.2911
17.004
15.496
16.5052
17.3654
16.5679
16.842
15.6591
16.0622
16.3806
16.4557
16.6312
16.7779
17.103
16.3843
17.1124
16.7367
17.034
17.114
15.6977
16.5537
16.997
17.1937
16.9146
15.9334
16.5678
16.6763
17.7332
17.8269
17.5687
17.8865
17.5633
17.896
17.7927
17.2986
17.4455
17.0649
17.2661
17.4967
17.6439
17.7701
17.4641
17.8276
17.6316
17.477
17.8322
17.3419
17.6812
17.08
17.5068
17.4339
18.059
17.8988
18.0689
17.9256
18.0886
17.9541
18.0266
18.0976
18.278
18.1601
18.3504
18.0988
18.1509
18.282
18.4331
18.4306
18.0198
17.8459
18.0419
17.8974
18.0198
18.035
17.8988
18.1316
18.1875
18.4067
18.3298
18.1991
18.0856
18.3146
17.8743
17.8652
18.3178
18.3422
18.1972
17.6441
18.0467
17.7542
17.1676
17.1894
17.468
17.6954
17.553
17.531
17.8606
17.7832
18.187
17.3264
17.5581
17.9715
17.622
18.2869
18.2508
18.3858
17.8859
18.4708
18.1523
18.0354
18.3187
18.3521
18.3465
17.9861
18.2223
18.4073
18.0004
18.218
17.9201
17.6306
18.1132
18.0991
18.0986
17.9922
17.7213
17.7979
17.9014
17.7978
17.8791
17.4857
17.8156
17.7496
17.2735
17.7026
17.6968
18.0376
17.5299
17.8166
17.2238
17.348
17.7286
17.7823
17.9014
17.3937
18.0199
17.7374
17.9322
17.5457
17.9718
18.1746
17.9724
17.8094
18.06
17.979
17.8332
18.5514
18.3601
18.2215
18.7047
18.4313
17.9828
18.231
18.4173
17.4287
18.0404
18.3085
18.4321
18.2952
18.144
18.1073
18.3479
18.0923
17.9554
18.2166
17.7226
18.1278
17.9514
18.3739
18.3949
18.3219
18.5379
18.4083
18.3988
18.5227
18.317
18.5551
18.6163
18.5639
18.6083
18.5817
18.5453
18.5197
18.5692
18.4232
18.5628
18.453
18.3359
18.56
18.3549
18.4047
18.5813
18.6041
18.6292
18.5592
18.7887
18.7359
18.6328
18.7944
18.6237
18.7316
18.7229
18.8678
18.8213
18.8379
18.6964
18.8346
18.8374
18.8095
18.5985
18.7496
18.637
18.8069
18.7603
18.629
18.5863
18.7675
18.6601
18.7312
18.499
18.6665
18.5298
18.3079
18.36
18.7208
18.9234
18.4412
18.4588
18.5769
18.5878
18.5673
18.2406
18.4746
18.6458
18.5013
18.7476
18.825
18.7948
18.6026
18.8163
18.7155
18.761
18.758
19.0248
18.7933
18.729
18.7058
18.8175
18.8015
18.7357
18.6311
18.5784
18.7863
18.6902
18.7025
18.763
18.437
18.6101
18.3906
18.6141
18.493
18.1491
18.3955
18.6005
18.3871
18.4864
18.6941
18.5128
18.8901
18.6133
18.3126
18.3598
18.653
18.3756
18.3176
18.2858
18.4494
18.4242
18.419
18.6515
18.591
18.5136
18.4932
18.6344
18.4255
18.7355
18.5232
18.6071
18.3603
18.6766
18.8153
18.8646
18.8906
18.7388
18.7919
18.8057
18.7395
18.9377
18.8034
18.6872
18.7533
18.6551
18.7955
18.8338
19.462
17.9283
18.6847
18.8453
19.0909
18.785
18.6466
18.8084
18.8956
18.5246
18.6664
18.7756
18.6859
18.8921
18.4491
18.7703
18.6539
19.0048
20.0775
19.3719
19.8071
19.6732
19.6869
19.5553
20.1888
19.8551
19.8953
19.7471
19.3216
19.419
19.7308
19.3501
20.0813
19.4277
19.6932
19.5454
20.0584
19.7245
19.5743
19.9799
19.8635
19.7342
19.448
19.4298
19.3302
19.8123
19.835
20.416
19.886
19.8406
19.9153
20.11
19.7549
19.7413
19.7943
19.7938
19.6552
19.8122
19.7186
19.6864
19.9426
19.7447
20.3148
20.1597
19.8085
20.5962
19.7564
19.7106
19.5778
19.5377
19.7495
19.7607
19.7628
19.6353
20.1794
19.461
19.4711
19.486
19.8904
19.7476
19.5976
20.028
19.6885
19.4853
19.2508
19.4292
17.9053
19.332
19.7004
19.8597
19.7479
19.2554
19.4763
19.5274
19.304
19.7187
19.4537
19.5825
19.503
20.0395
19.4851
19.4226
19.4495
19.489
19.5173
19.4382
19.5193
19.4867
19.4506
19.1853
19.164
19.0825
19.0808
19.1931
19.1633
19.1146
19.4058
19.3922
19.3761
19.5448
19.4213
19.4283
19.3788
19.1237
19.2305
19.0312
19.0392
19.245
19.3159
18.9986
19.0051
19.0193
19.0513
19.0192
18.9632
18.941
19.0602
19.2007
19.3297
19.3095
19.2468
19.3441
19.2833
19.2691
18.7219
18.804
18.7152
18.8251
19.0993
19.4905
18.6946
19.1068
18.846
18.4353
18.1015
18.8391
18.2505
18.4261
18.1112
18.8498
18.672
18.6543
18.7435
19.1559
19.507
18.9557
19.1184
18.8627
18.8208
18.469
18.9905
18.304
18.2533
18.1403
18.9052
18.5478
17.9977
18.43
17.9289
18.4331
18.0156
18.5343
17.9824
18.191
18.4814
18.097
18.8026
18.7207
18.8557
19.034
19.2641
17.1611
18.9661
18.9481
19.0287
18.4975
18.74
18.3957
19.1489
18.5554
18.7436
18.4512
18.6833
19.0178
18.8728
19.6036
18.9297
18.7555
19.1331
18.6158
18.8531
18.2133
18.4455
18.3941
19.0858
18.3268
18.7461
19.2743
18.8197
18.2727
16.3117
18.499
18.1521
18.4362
18.1812
18.0627
18.6014
18.264
7.78992
7.73108
7.9036
7.88483
7.82499
7.40759
7.3493
7.44258
7.30381
7.24035
7.494
7.5104
7.90083
7.95413
7.88357
8.10211
7.88543
7.89534
7.95555
7.85164
7.86382
7.927
7.91588
7.75812
7.99705
8.00625
7.87031
7.83996
7.56144
7.52634
7.69064
7.56222
7.51763
7.54752
7.64153
7.33584
7.52329
7.38487
7.5818
7.41685
7.4877
7.40198
7.8853
7.04788
8.29224
7.14589
6.93163
7.08548
7.1087
7.44765
7.43397
7.37842
7.59318
7.48448
7.61431
8.40007
7.86298
8.73249
7.75758
7.6712
8.2724
7.36248
7.98009
7.0791
7.7917
7.27848
7.17973
8.08806
7.66761
7.62208
7.57095
7.81392
7.57516
7.69738
7.6372
7.51397
7.27476
7.24543
7.47555
7.21389
7.49988
7.57293
7.51381
8.40333
8.44226
8.77202
8.50516
8.45202
8.59832
8.3948
8.68063
8.49088
8.133
8.3664
8.39632
8.40088
8.56851
8.12355
8.28199
8.20611
8.27384
8.24505
8.24438
8.25761
8.20423
9.38971
8.74585
8.37779
8.13696
8.79175
9.17547
8.20897
8.58732
8.4569
8.13596
8.0154
8.02476
8.03358
8.08229
8.45584
8.38764
9.09687
8.91873
9.02033
8.5488
8.28949
8.8833
9.52445
8.97306
9.28747
9.01967
8.81069
9.38737
8.80874
9.47241
8.62726
9.25167
8.88822
8.55625
9.37354
8.51094
8.68955
8.79766
8.65867
8.75323
8.68998
8.59104
8.72129
8.44484
9.19094
9.10252
8.63171
8.509
9.25193
7.82514
8.48619
7.95469
8.66477
7.77549
8.05699
8.52226
7.81817
8.39398
7.62504
8.62516
7.49414
7.92668
8.61282
7.88793
8.23015
8.74817
8.7608
8.14817
7.9186
8.59748
8.20819
8.98765
8.57369
9.10718
8.30218
8.50066
8.91323
8.18471
8.64968
7.75924
8.70425
7.84969
8.03089
8.78748
8.06274
8.34041
9.10433
8.67072
8.38785
8.04045
8.85111
10.6338
10.7379
10.7579
10.6167
10.681
10.8483
10.9206
11.4144
10.9479
10.8558
10.6477
10.559
10.934
10.4663
11.0681
10.5685
10.8476
10.547
11.1975
11.2798
10.9531
10.8063
10.8766
10.7149
10.9013
11.1578
10.9752
11.0197
10.9922
11.0252
10.8961
11.0168
11.2399
10.9465
11.0252
10.9757
11.2425
10.9901
11.0433
11.0249
11.3889
10.9568
11.3055
11.0852
11.0105
10.9831
11.2534
11.0209
10.997
11.0241
10.9304
10.9382
11.192
11.021
11.3922
10.8461
11.6899
11.102
11.0853
11.0899
10.9387
11.1202
11.4464
11.0495
10.8995
11.1579
11.2591
10.2036
11.1716
11.8041
11.6048
11.1631
11.2755
11.1268
11.1582
11.7567
10.7677
10.8759
11.2154
11.132
10.6134
11.3078
7.56786
11.3826
11.4406
11.5806
11.2211
11.0859
10.7458
10.8718
10.5358
11.4134
10.6073
11.1428
10.7735
11.2503
11.1715
11.5145
10.8806
10.2188
11.2087
11.1685
19.1108
19.0751
19.1012
19.072
19.0319
19.0583
19.0878
19.0968
19.1105
19.0604
19.0894
19.0435
19.0443
18.9935
19.2867
18.9955
19.0463
19.1032
19.0277
19.0495
19.0657
19.132
19.0707
19.0757
19.0687
19.129
19.0672
19.2336
19.2341
19.0207
19.2048
19.1302
19.1364
19.1357
19.1255
18.9928
19.0624
19.0453
19.0733
19.1201
19.1313
19.0634
19.0446
19.2502
19.2427
19.1351
19.0163
19.2044
19.1974
19.206
19.0898
18.8791
19.1098
19.3847
19.0709
19.0144
19.1233
19.1455
19.1557
19.0462
19.147
19.0717
19.1785
19.1556
19.0938
19.2458
19.1513
19.2
19.1918
19.0504
19.2375
19.0779
19.2961
19.0648
18.9711
19.1217
19.045
19.4483
19.851
19.1608
19.1274
19.0835
19.1317
19.1192
19.1619
19.0876
19.093
19.2863
19.2965
18.9795
18.87
19.0317
18.8974
19.0374
18.9896
18.8265
18.8168
18.875
18.8624
18.8179
18.8293
18.8814
18.9629
18.8998
19.0316
18.9569
18.9008
19.0342
18.824
18.9045
18.8614
18.8279
18.8307
18.8841
18.8144
19.0546
19.0022
19.0259
19.0655
19.1067
19.1953
19.1431
19.083
19.1799
19.0766
19.1025
19.0189
19.0737
19.0753
19.2611
19.0452
18.9699
19.0603
19.0977
19.0302
19.3944
19.0768
19.1504
19.1693
19.1227
19.1511
18.999
19.4353
18.9472
19.0108
19.1198
18.9318
19.125
19.0515
18.9977
19.1209
19.0675
19.2638
19.0427
18.9335
19.0608
19.0195
19.3989
18.9191
19.1547
18.9346
18.9102
18.932
18.9236
18.7358
18.9617
18.9939
18.8887
18.9987
18.8759
19.0129
18.9814
19.027
18.3858
19.8305
18.988
19.0494
19.3818
18.4713
18.4209
18.6362
18.3562
18.6336
18.3499
18.4717
18.4719
18.4198
18.6089
18.3331
18.4423
18.6381
18.3446
18.7534
18.7516
18.4404
18.3767
18.3639
18.113
17.9695
18.1337
18.4299
18.3371
18.3577
18.1558
17.9787
18.1393
18.9189
18.7672
18.6639
18.8328
18.7944
18.9035
18.7723
18.8347
18.8609
18.8802
19.068
18.8813
18.814
18.8269
18.8633
18.807
18.8058
19.3096
19.1096
18.8401
18.7843
18.9174
18.7526
18.8357
18.8827
18.8112
18.934
18.8631
18.7939
18.7201
19.2316
18.0386
18.7129
18.8288
18.7368
18.6765
18.6848
18.4859
18.6448
18.5253
18.8134
18.5761
18.7149
19.1855
18.7926
18.7466
18.8162
18.7205
19.0073
18.5216
18.8228
18.423
18.3992
18.4234
18.4955
18.6036
18.6274
18.5869
18.7269
18.8598
18.6683
18.5579
18.936
18.9628
18.7853
18.4407
18.6571
18.5841
18.2649
18.3699
18.3626
18.2455
18.2481
18.4002
18.5872
19.0371
18.557
16.847
17.27
17.2257
17.7875
17.2192
17.7786
16.8968
18.0625
17.4845
17.738
17.5064
18.0438
16.8298
17.2449
17.1819
17.7462
17.2054
16.8113
17.7649
18.0696
17.5528
17.7465
17.5395
18.0784
17.5831
16.8404
17.1983
15.4992
17.2567
15.5841
17.5608
15.6207
15.5927
16.761
16.5349
16.8166
16.4513
16.8434
16.7899
16.3339
17.5622
16.8172
17.1745
15.5669
17.5484
17.2042
15.5781
15.6347
15.5298
18.4092
18.7298
18.6588
18.8721
18.6211
18.4724
18.5102
18.3746
18.3892
18.2608
18.897
18.7037
18.4004
18.3326
18.2131
18.0999
18.6223
17.996
18.2736
18.2633
17.9664
18.4733
18.8129
18.5945
18.496
18.6279
18.39
18.6325
18.1515
18.6509
18.0821
18.0526
18.2634
17.9142
18.2123
18.1987
17.7479
18.0635
18.2808
18.1397
18.0497
18.3583
16.9945
17.3499
17.8173
17.6458
16.8891
17.7426
17.7443
18.1882
18.1561
18.7071
17.9607
19.6928
18.1333
17.6691
18.0755
18.1236
17.824
17.3177
17.8272
17.4924
18.8668
17.8029
17.9601
17.4564
18.0416
17.2596
15.0586
17.4803
17.6923
17.4792
14.4141
17.3489
17.2735
16.9012
16.8902
17.0481
16.9003
17.2959
17.1065
17.7138
17.7705
17.7595
17.7267
17.6942
16.8962
16.3079
17.8524
15.2353
15.4559
18.1759
17.5765
18.0385
15.1286
17.6233
15.6786
17.7766
17.2347
17.5738
18.1491
17.0867
17.0019
18.0577
17.3256
18.2201
18.2111
18.2203
18.3437
18.2478
18.3023
18.1165
18.1301
18.2757
18.2839
18.2585
18.2382
18.1304
18.1178
18.004
17.8521
17.8342
18.1653
17.9715
17.8933
18.0094
17.4889
17.7827
18.1256
17.2435
18.296
17.4514
17.1587
17.7832
17.8926
18.2139
18.1673
18.1428
17.8493
17.9755
17.4563
16.9613
17.1381
17.6545
17.4673
17.3182
17.437
17.6145
17.7385
17.7417
17.5837
17.5144
17.776
17.4966
17.955
18.2588
18.0886
18.0432
18.1363
18.1277
17.9272
17.7494
17.9986
17.6219
17.7347
17.8369
17.9038
17.5379
17.8532
17.6469
17.9114
17.8341
18.0196
17.8027
17.669
17.048
17.3322
16.8747
17.0726
17.2547
17.0588
16.8624
17.1496
17.5026
17.4886
17.5263
17.2426
17.3411
17.3904
17.3016
17.4758
17.2836
17.6899
17.5378
17.2778
17.4935
12.4332
14.5946
13.1458
13.3603
13.2158
13.2738
12.391
10.4793
11.6125
7.29954
11.5381
13.0283
12.3196
10.5739
7.85397
10.8832
11.7283
14.5057
13.5125
13.2559
12.019
13.6431
13.1247
10.3016
10.7567
16.8787
15.7129
16.1701
16.4685
15.8948
17.1978
17.3025
17.1653
17.0243
16.8081
16.951
17.9159
16.931
16.6354
17.4329
16.3403
16.5843
16.4869
17.0843
16.9324
16.5764
16.8707
16.1616
16.8103
13.704
16.3265
16.1556
16.6509
16.5793
16.4655
16.6908
16.447
16.3231
15.345
16.2101
15.1518
15.4023
15.6563
15.7833
14.9599
15.7232
15.3992
15.8004
16.1148
16.2616
16.1409
15.1851
13.0719
13.7788
13.6313
15.7134
12.5327
15.0824
14.3572
8.07981
12.4327
11.4987
12.4909
13.4186
7.43067
11.5229
13.4368
16.2482
13.9206
14.1532
14.4515
14.771
13.9576
14.4881
13.7354
13.2615
11.7052
13.7937
15.5381
11.189
15.4717
15.2262
15.1705
14.6771
7.10187
7.20847
7.34895
7.20885
7.25707
7.91762
7.53449
7.83858
8.13243
7.71837
7.96217
7.79222
7.39067
7.22413
7.77232
7.81653
7.64313
7.78817
7.59654
7.27893
7.49546
7.3701
7.28883
7.08555
7.33907
7.41508
7.27466
6.80309
7.17617
6.58569
6.86924
6.72701
7.61771
8.60136
7.84673
9.429
6.95325
-4.94496
11.2593
9.58476
-2.90268
10.4224
7.17658
7.11469
6.74626
7.53181
6.59256
7.78917
7.18595
6.26167
5.53923
7.13819
6.7092
7.04796
6.6829
7.00976
6.7936
7.25276
6.42222
7.08773
6.45672
6.86081
6.48939
6.41987
6.93713
7.28107
6.97828
6.68287
7.39839
6.89866
7.28583
7.16073
6.30095
6.36298
6.85092
6.3901
7.05758
7.20296
6.74168
5.88245
6.54119
7.09604
6.81301
6.22808
9.76881
11.5761
-5.75472
11.0481
11.8046
-5.54482
9.63288
5.26493
5.07254
4.38596
6.33546
7.6161
5.95627
7.83799
6.57908
-1.03288
5.68921
5.06171
6.60138
6.31417
3.05131
5.97166
6.17917
6.06349
5.27049
6.54864
7.38595
6.19871
6.58455
6.2088
6.31776
6.90928
5.85586
7.77342
7.55549
4.15429
7.50451
5.78578
6.71351
6.34312
6.21233
6.7803
6.20356
6.18682
6.55518
6.89983
7.26074
7.2656
6.98711
6.8454
6.77573
7.34667
7.23448
6.66397
7.58289
6.90647
7.53345
7.48593
6.80924
6.71127
6.45628
7.23744
6.47465
7.29009
7.22907
6.43407
6.45087
6.46077
6.57498
7.52623
7.50977
7.40931
6.56906
6.44326
6.75945
7.8428
6.95005
7.59376
7.03466
6.71172
7.80277
6.86934
8.04314
7.13198
7.99458
7.11098
6.92839
7.88785
6.77018
6.61519
7.70308
7.875
6.61451
6.81918
7.78236
6.52482
7.29264
6.23424
7.423
6.54306
6.25509
7.83335
6.76943
9.14258
8.15642
8.63317
7.99225
6.87776
8.38712
6.72316
6.46034
7.57063
8.10964
6.31139
6.84285
7.92001
7.41592
8.72628
7.19178
8.23785
7.73869
6.84119
8.58702
7.47734
9.58089
8.33239
8.77047
8.57281
7.19462
8.92885
7.29708
6.57229
8.09162
8.29047
6.79556
6.93188
8.40503
11.0899
10.7938
11.6331
11.053
10.8253
11.0673
11.6474
10.9269
11.9287
10.8986
11.084
10.6738
11.4936
11.4063
10.8491
11.0849
11.5463
12.2114
10.7981
11.7561
11.4332
11.2553
11.2342
11.0747
12.0313
11.8688
11.7768
11.2946
11.4115
11.575
11.0864
11.2702
11.0711
11.8983
11.0601
11.0854
11.9117
11.0634
11.6157
10.8837
11.5015
11.4905
10.9876
11.0896
11.0822
11.1069
11.2812
11.1322
11.2765
11.1627
11.5697
11.2825
11.0403
11.1986
11.0918
11.2128
11.4872
11.7418
11.3164
11.1343
11.3902
12.1136
11.3922
11.4016
11.4407
11.924
10.9985
11.5861
11.4442
11.3674
11.2721
11.459
11.3476
11.0069
11.2992
11.2652
10.881
11.4053
11.8527
11.2698
12.0968
11.5963
11.5022
11.6728
11.2988
11.1744
10.6674
10.9373
10.9325
11.6159
10.8882
11.349
11.489
11.8646
10.9595
11.4536
11.3772
12.1006
11.283
10.7968
11.2945
11.4398
10.4726
11.4194
11.8635
11.2559
12.0863
11.1406
10.8782
11.6643
10.8905
11.3813
11.7274
11.3094
11.5968
12.0614
11.6243
11.6381
10.3707
11.3939
13.3523
11.3725
10.8465
11.549
11.5635
12.3155
12.3266
11.5121
11.7917
11.1187
10.8761
10.6227
11.2171
11.2916
11.1562
11.6641
13.0214
6.74632
11.2008
11.4428
11.5439
11.1596
10.8649
10.3347
11.1038
11.1857
10.9557
11.1731
11.7027
10.9931
7.27342
11.3995
12.7465
11.0768
10.8682
10.7168
11.0575
10.4876
10.9937
10.6526
11.0075
18.3466
18.2868
18.1659
18.163
18.1392
18.1714
18.3447
18.3433
18.2731
18.0727
18.1307
18.1233
18.2851
18.1599
18.4697
18.4726
18.6026
18.5054
18.4951
18.4516
18.6163
18.4716
18.5005
18.5075
18.2587
18.2271
17.7948
17.6728
18.0331
18.1888
17.8874
18.1209
18.3136
18.2468
18.4239
18.1038
18.1337
18.3139
17.9116
18.0981
17.8981
18.5246
17.9991
17.9197
18.0608
18.6013
18.3386
18.4989
18.3761
18.3953
18.3423
18.5099
18.3933
18.3017
18.3527
18.4607
18.2507
18.3866
18.2949
18.2449
18.487
18.5113
18.6654
18.4828
18.6658
18.5519
18.5232
18.6477
18.4307
18.3989
18.5206
18.5113
18.4395
18.3884
18.6039
18.9267
18.6362
18.796
18.586
18.6178
18.6247
18.6978
18.6504
18.5147
18.4417
18.54
18.4174
18.8102
18.5804
18.8529
18.5207
18.4352
18.7438
18.7907
18.8173
18.664
18.8051
18.7172
18.849
18.7011
18.607
18.5584
18.7791
18.5764
18.3952
18.8617
18.4406
18.5002
18.7682
18.7554
18.6833
18.7444
18.817
18.8759
18.6682
18.6095
18.7526
18.5908
18.8128
18.586
18.7671
18.632
18.58
18.6872
18.5677
18.7622
18.7885
18.5422
18.602
18.6014
18.6746
18.8523
18.8213
18.7116
18.6472
18.6399
18.6985
18.8725
18.6887
18.8547
18.6865
18.7028
18.8843
18.7709
18.931
18.8008
18.9465
18.7754
18.7871
18.9283
18.7135
18.7216
18.8524
18.9056
18.692
18.7454
18.8833
18.6711
18.8294
18.7271
18.7337
18.6393
18.8134
18.5764
18.6996
18.8148
18.7913
19.0267
18.7271
18.9194
18.798
18.7899
18.8659
18.5048
19.0202
18.6219
18.5754
18.4691
18.7546
18.8367
18.7416
18.9335
18.9053
18.6748
18.8776
18.836
18.7569
18.6567
18.7227
18.8237
18.8596
18.6992
18.7348
18.8246
18.8252
19.0043
18.8176
18.9772
18.8535
18.8089
18.994
18.8526
18.9406
18.8758
18.9334
18.8425
18.8118
18.9515
18.7908
18.752
18.8657
18.904
18.7566
18.7663
18.9452
13.6939
14.3215
13.0478
13.4248
13.64
13.0808
14.3756
14.0889
14.7572
14.0629
15.3561
13.9864
14.1603
14.8143
13.545
14.2489
13.146
13.5448
12.9973
14.5753
12.5498
13.9408
13.9673
13.5887
14.3831
14.8192
14.78
13.6426
14.252
14.2737
11.8696
11.9611
11.831
12.1243
11.8816
12.0852
11.8506
12.3842
12.5863
12.4293
12.7155
12.4424
12.6172
12.4317
12.5132
12.5555
12.8844
12.653
12.7304
12.5066
12.5668
12.0355
12.262
11.9993
12.1968
11.9773
11.9964
12.1165
12.5969
13.1848
12.6702
12.3891
12.6306
12.5763
12.8392
12.6461
12.6065
12.9663
12.5645
12.5749
12.654
13.3461
13.2267
13.3455
13.1563
13.5327
13.2264
13.1305
13.2761
13.7512
12.9764
13.7342
14.5812
13.591
14.012
14.3493
13.2933
13.1544
13.9035
13.0572
13.2246
13.2483
13.2444
13.5382
12.5338
13.0848
14.0896
12.9563
13.9471
12.9681
13.3298
12.8539
13.5949
8.20757
13.965
14.0206
13.562
13.5834
14.3339
13.361
11.9566
12.8561
13.1338
12.0377
13.1376
13.7933
13.4484
12.8328
12.951
14.5365
12.6955
13.7688
13.8822
13.3654
13.1165
13.6836
13.1626
13.1164
13.2639
12.1066
12.6047
11.9632
12.8039
11.9668
11.9953
11.7309
12.0078
12.0122
12.7774
11.8878
11.6136
12.1229
11.4775
12.3712
12.2349
12.2765
12.5549
12.35
11.3673
12.3651
11.7328
11.6555
13.089
13.7713
13.1713
13.1147
13.2349
13.8059
13.5336
12.6711
13.918
12.8491
13.3467
12.4405
11.5023
12.2702
12.3334
11.7115
12.0615
13.0338
12.2228
12.7369
12.177
10.9241
12.1462
11.9747
12.3312
12.436
13.1228
12.734
12.2206
13.3958
12.5739
12.5253
12.4514
12.3946
13.1545
13.4872
12.8301
12.53
12.7631
11.4153
12.1696
11.8605
11.8556
11.1807
11.774
11.0955
12.3571
12.4097
12.0418
11.723
12.0705
12.1084
12.9989
12.5644
10.9666
11.412
12.0245
12.0326
11.8156
12.0326
14.1973
12.0314
7.38126
13.0108
14.7166
12.9449
12.512
12.0633
12.1194
12.8368
13.1418
12.9334
18.8447
18.9441
18.8899
18.8424
18.9488
18.9622
18.9613
18.8009
19.1656
18.8205
18.7852
18.9164
18.9491
18.7014
18.8888
18.91
18.8652
18.9889
18.7778
18.8617
19.0114
18.7452
19.0155
19.0002
19.0426
18.8427
18.9252
18.7576
18.9377
18.9799
18.9035
18.9171
19.0917
19.1021
19.0304
18.7433
19.0713
18.8272
18.8831
19.0146
19.0962
18.9111
19.2188
19.0088
18.9926
19.1461
19.1269
19.155
19.11
19.071
19.0984
19.0535
19.1516
19.175
19.1827
18.9263
19.3731
19.0374
19.0009
19.1541
19.1764
19.2664
19.1576
19.1935
19.1881
19.3442
19.1152
19.2744
19.0732
19.1234
19.3095
18.9956
19.0964
19.2906
18.9796
19.2279
19.0758
19.0209
19.1138
19.0304
19.1233
19.0127
19.0968
19.058
19.0528
19.0744
19.0621
19.1077
19.1065
19.0279
19.0043
19.0343
19.0473
19.1238
18.9916
19.1679
18.9525
18.8955
19.0793
19.0775
19.1338
19.1291
19.117
19.0995
19.1111
19.1074
19.1377
19.0422
19.1522
19.0926
19.0753
19.1625
19.1377
19.2152
19.2038
19.2019
19.1882
19.1631
19.1633
19.1518
19.1202
19.1443
19.1776
19.1092
19.1493
19.1879
19.1939
19.2142
19.0818
19.0437
18.9789
19.1441
19.1761
19.1803
19.14
19.1804
18.9969
19.417
19.1405
19.0526
19.2422
19.1911
18.9693
19.1689
19.1226
19.3481
19.3045
19.2458
19.3061
19.2013
19.1905
19.2585
19.2348
19.2248
19.2461
19.2012
19.2185
19.25
19.2686
19.1338
19.2944
19.2215
19.1618
19.2064
19.2109
19.2011
19.1397
19.2143
16.3879
16.2739
17.5233
17.2194
16.4123
16.25
17.636
15.6836
17.5792
16.4978
16.415
15.7277
16.9236
16.435
17.4864
17.1024
17.5851
18.6669
16.5764
18.0339
18.3319
18.7644
18.617
17.942
18.9376
18.5311
19.1483
17.8164
18.6445
18.6028
18.4077
17.882
17.3417
18.6573
17.4877
18.247
18.7799
17.8979
18.5662
16.7193
17.6442
18.3043
16.9585
17.6577
17.5197
17.607
18.3761
17.736
18.4953
14.8331
14.9532
14.6369
14.9564
14.6536
15.0194
14.801
15.545
15.8263
15.7247
15.8982
15.5755
16.0992
15.6998
15.4912
15.6301
15.9837
15.7472
15.7569
15.3897
15.6637
14.7792
14.8993
14.7066
14.9451
14.6105
14.855
14.7665
15.0988
15.8244
15.1971
16.4595
15.5597
15.0819
15.5963
15.5844
15.3713
14.4304
15.8656
14.4856
16.431
15.3359
15.1699
15.6824
15.925
15.496
15.3376
15.3594
16.078
17.2443
15.1935
16.2988
16.7293
15.6878
16.7252
17.4442
17.3333
18.2979
16.3455
16.7357
17.514
16.3665
17.8359
16.6162
16.8111
16.2878
16.772
16.5527
16.2153
16.1954
16.4926
17.85
17.3811
16.1208
16.288
15.9744
16.8826
17.3096
16.0694
16.4534
16.5012
15.306
15.6942
16.3992
16.5161
17.0103
15.9194
17.2175
12.4337
15.5802
16.0967
15.5168
14.7938
13.7733
13.7059
14.441
14.7804
15.221
14.366
15.0548
13.852
9.37341
14.2988
16.5568
14.6865
14.968
13.4383
14.5664
13.7399
14.4601
14.2106
15.4016
19.5167
19.4452
19.3037
19.244
19.4371
19.3417
19.387
19.4814
19.424
19.4318
19.3418
19.3932
19.519
19.3106
19.5156
19.529
19.5687
19.4917
19.4735
19.3937
19.5787
19.379
19.5029
19.5061
19.4062
19.2778
19.1906
19.2579
19.4149
19.3045
19.3603
19.3713
19.3869
19.3781
19.3912
19.361
19.4306
19.3784
19.1872
19.3793
19.3504
19.3679
19.2624
19.2984
19.2087
19.4214
19.3922
19.3391
19.3976
19.3326
19.287
19.4317
19.299
19.2257
19.3832
19.4289
19.3767
19.3977
19.3913
19.3749
19.402
19.3976
19.419
19.3863
19.3896
19.3839
19.4069
19.4182
19.3956
19.3873
19.4014
19.4135
19.3893
19.3914
19.4051
19.2458
19.3858
19.4147
19.3897
19.3785
19.4319
19.442
19.3237
19.288
19.2398
19.5203
19.4565
19.7515
19.5251
19.6956
19.5662
19.4234
19.639
19.7098
19.7858
19.5847
19.6796
19.687
19.7377
19.6077
19.4795
19.5447
19.5476
19.5301
19.3352
19.7083
19.4351
19.4045
19.6337
19.5948
19.5624
19.5729
19.6466
19.7195
19.5079
19.3984
19.5079
19.4342
19.4402
19.4462
19.4409
19.3823
19.4145
19.4309
19.3814
19.3764
19.4279
19.4107
19.3811
19.4211
19.3803
19.4456
19.389
19.4514
19.4247
19.3822
19.3694
19.5046
19.4682
19.4374
19.4477
19.3985
19.4263
19.4584
19.4284
19.3419
19.3878
19.4369
19.3635
19.438
19.4362
19.3784
19.4472
19.3806
19.4401
19.3704
19.4398
19.3567
19.5238
19.3749
19.4336
19.3893
19.4152
19.3845
19.3853
19.3772
19.3927
19.1668
19.4073
19.4276
19.3987
19.3809
19.3963
19.2919
19.5905
19.3854
19.285
19.2429
19.4804
19.3575
19.4083
19.5985
19.5269
19.3984
19.5364
19.4574
19.4419
19.3799
19.4014
19.4142
19.3974
19.4024
19.3725
19.352
19.3667
19.4276
19.4103
19.4592
19.3481
19.4237
19.4179
19.4137
19.41
19.4185
19.4695
19.4026
19.4117
19.4775
19.3694
19.4127
19.4557
19.3918
19.4084
19.3754
19.4056
21.4588
21.5048
20.6783
21.2304
21.259
20.9002
21.6468
21.4853
21.6325
21.1474
21.8854
21.3227
21.3329
21.7531
20.5744
21.0661
20.5048
20.6691
20.349
21.2706
19.8954
21.1172
20.8142
20.6421
20.9696
21.0421
21.2655
20.4451
21.1177
20.9374
18.2162
18.1902
18.0738
18.4224
18.1815
18.4281
18.094
18.7124
18.8492
18.812
19.0676
18.7604
18.8472
18.7899
18.7757
18.823
18.9235
19.0772
18.8871
18.7031
18.8617
18.1637
18.2428
18.1907
18.4874
18.0682
18.2168
18.4503
18.7262
19.0069
18.8241
19.1799
18.8611
18.6181
18.9302
18.7239
18.8779
18.9319
19.1924
18.78
18.8474
19.0461
19.3719
19.6237
19.3106
19.4363
19.3888
19.2632
19.6279
19.6183
20.0739
19.64
19.885
19.5451
19.7919
19.9222
19.4177
19.2362
19.5459
19.6831
19.3016
19.3777
19.6888
20.0058
18.9567
19.2338
19.8878
19.0241
19.4962
19.0938
19.3158
19.5815
19.4375
19.2558
19.7237
19.8393
19.5101
19.5323
19.7419
19.9796
18.4275
19.153
19.7214
18.8406
19.7408
20.0193
19.986
19.0593
19.3445
20.3045
19.169
20.0312
20.1026
19.424
19.2088
19.5218
19.7246
19.1593
19.3806
19.6691
20.2316
19.6341
20.6173
19.7667
20.1602
19.5639
19.9401
20.3548
20.4735
19.5471
18.9768
19.4521
18.7396
20.1495
20.4129
20.5786
19.7838
20.1228
18.556
19.7155
19.0646
19.3659
20.3499
21.4375
21.0725
21.0198
21.2352
21.5994
20.8422
20.1169
21.1926
20.3172
20.6746
19.0951
18.0546
18.66
19.3297
17.9711
19.0008
19.6483
18.1852
18.3886
17.8759
18.2731
17.95
18.5615
18.2404
18.4604
18.995
18.8684
19.0319
18.9777
18.58
18.6201
18.3946
18.4812
18.749
19.4462
18.8175
18.3018
18.746
17.8101
19.0236
18.7868
18.3546
17.1346
18.2619
17.5231
18.0844
18.1213
17.7655
18.3284
17.6689
17.9685
18.846
19.0599
17.5244
17.4317
18.5169
18.5183
17.9888
18.9557
18.9668
18.1472
18.3926
18.9312
19.4249
19.0864
18.8149
18.5714
18.8361
19.593
19.898
19.6468
19.7843
19.9003
19.7744
19.8185
19.8625
19.9717
19.9439
19.6977
19.941
19.6726
19.7165
19.803
19.7685
19.6298
19.7445
19.7282
19.7102
19.8135
19.656
19.8052
19.8794
19.5984
19.6798
19.6136
19.6359
19.5899
19.5941
19.5916
19.4568
19.4953
19.4248
19.4671
19.179
19.6991
19.5551
19.5421
19.6516
19.553
19.5843
19.6183
19.6696
19.7207
20.093
20.0052
20.0173
20.0145
20.0477
20.2191
20.1476
20.1748
20.1368
20.1648
20.0922
20.0509
20.169
20.0273
20.1935
20.028
20.076
20.3311
20.326
20.1359
20.154
20.2878
20.2031
20.2003
20.1934
20.185
20.2283
20.1854
20.3529
20.1519
20.2351
20.3368
20.1456
20.1603
20.2118
19.5633
19.6186
19.5703
19.6526
19.5627
19.6198
19.5652
19.6243
19.6383
19.609
19.8333
19.6777
19.6072
19.6691
19.796
19.6852
19.6447
19.7405
19.6832
19.7377
19.7642
19.6586
19.7136
19.7545
19.7208
19.7394
19.6852
19.682
19.5942
19.6815
19.5955
19.6703
19.6033
19.5938
19.6951
19.7894
19.8583
19.818
19.8548
19.8045
19.8054
19.8566
19.7479
19.749
19.7907
19.8068
19.7239
19.7623
19.7853
19.7428
19.802
19.8726
19.8465
19.845
19.7821
19.8657
19.5004
19.736
19.793
19.9005
19.8147
19.8119
19.8943
19.8397
19.9471
19.8847
20.0054
20.0506
19.8761
19.8929
20.0807
19.861
19.997
19.9286
20.0045
19.9198
19.9354
19.9391
19.8971
19.9472
19.929
20.0412
19.9904
19.8509
19.8634
19.8159
19.9119
20.0283
19.8491
19.8688
19.9089
21.4567
21.4822
21.6126
21.6177
21.6015
21.3098
21.6884
20.6712
21.2347
20.9577
21.2003
20.8597
20.9876
21.0634
20.7713
20.7672
20.9653
21.0269
20.5217
20.8439
21.0587
21.3324
21.1778
20.6298
20.6391
20.8516
20.8737
20.4766
20.6915
20.9348
21.4354
21.4388
21.081
21.3702
21.2791
21.3087
21.4456
20.641
20.9596
20.7345
21.0759
21.1227
20.8208
20.8532
21.4242
21.4195
21.4289
21.5384
21.5385
20.0011
20.0537
19.959
20.1682
19.9636
20.1567
20.0011
20.149
20.236
20.1864
20.3299
20.1669
20.2703
20.1688
20.1905
20.2037
20.3112
20.3729
20.2778
20.1449
20.2192
20.0275
20.1106
19.9918
20.2261
19.9713
20.0434
20.2447
20.1111
20.2918
20.0861
20.4083
20.1937
20.0722
20.3157
20.3758
19.8785
19.7221
20.3458
19.6247
20.4359
20.3569
20.1178
20.2273
20.344
20.3507
20.1576
20.1589
20.3255
20.4371
19.7282
19.955
20.3493
19.9385
20.4044
20.3502
20.4128
20.364
19.8789
20.0519
20.4175
19.9448
20.3614
20.319
20.4333
20.2773
20.4054
20.3166
20.2712
20.434
20.2859
20.4118
20.4157
19.8859
20.2975
20.248
20.4248
20.4237
20.2678
20.2832
20.4296
19.8265
19.9226
20.4056
20.386
20.4344
20.2417
20.3519
20.3414
20.1942
20.2357
20.3574
20.2985
19.5433
19.5873
19.7405
20.2522
20.3639
19.8754
20.0849
19.7607
19.8369
19.8197
20.2476
20.0304
20.3343
19.4314
20.2556
19.5794
20.2312
19.5709
20.3667
20.2597
20.384
20.4851
20.5398
20.3401
20.4235
20.4659
20.5584
20.6276
20.5449
20.6028
20.6011
20.4849
20.6674
20.6513
20.6564
20.6628
20.7394
20.7322
20.5803
20.3845
20.5765
20.4187
20.4327
20.0637
20.2779
20.1315
20.1198
20.0044
20.1528
19.9942
20.2516
20.2323
20.2136
20.2826
20.1809
20.368
20.2138
20.1825
20.0397
19.9956
20.2157
20.1659
20.0498
20.1949
20.3407
20.283
20.3171
20.1057
20.1959
20.3066
20.0761
20.2985
20.361
20.2852
20.3146
20.2473
20.3566
20.2642
20.2963
20.3454
20.3171
20.3812
20.3513
20.3736
20.3143
20.3284
20.3729
20.3059
20.3024
20.351
20.3976
20.2819
20.3437
20.3556
20.3844
20.3333
20.3754
20.3295
20.3346
20.2035
20.2146
20.3834
20.3825
20.3707
20.6083
20.3673
20.9
20.8048
20.799
20.737
20.9333
20.9242
20.8061
20.5187
20.4999
20.7085
20.4204
20.7403
20.6863
20.8201
20.4759
20.7103
20.2526
20.6925
20.4488
20.4777
20.642
20.6392
20.599
20.7653
20.6854
20.7143
20.5565
20.431
20.5673
20.3832
20.4258
20.4095
20.1166
20.1663
20.3534
20.1082
20.3913
20.3483
20.3622
20.4033
20.3434
20.401
20.3461
20.4034
20.3479
20.3394
20.391
20.3314
20.3868
20.3912
20.3369
20.348
20.3399
20.337
20.3878
20.3784
20.3964
20.3399
20.3322
20.0891
20.3941
20.3875
20.384
20.0392
20.408
20.1089
20.3318
20.4158
20.347
20.4031
20.3358
20.3525
20.3927
20.3131
20.1314
20.0273
20.4044
20.3512
20.0893
20.3934
20.3986
20.333
20.3812
20.3376
20.3844
20.3294
20.3302
20.1949
20.2074
20.3968
20.3635
20.3845
11.0023
11.2824
11.007
10.984
11.0202
10.9625
10.9478
11.0844
10.7458
11.2355
11.1926
11.3866
10.8494
11.0318
11.1015
11.6893
11.0929
11.0928
10.9457
11.4507
11.1311
11.0543
11.162
10.9054
11.2655
10.2079
11.8109
11.1775
11.2814
11.611
11.1692
11.1317
11.7617
10.7718
11.1647
11.2229
10.8812
11.1374
11.3135
7.56285
11.4462
11.3883
11.5873
11.2269
11.0926
11.2557
11.5191
10.8846
11.1763
10.2208
11.2131
11.1741
10.6189
10.7201
10.7488
11.4176
10.8765
10.5423
11.1451
10.6127
10.778
10.6364
10.7387
10.6182
10.7596
10.6833
10.8507
10.9216
11.4183
10.6488
10.9504
10.8596
10.5604
10.9331
10.4681
11.067
10.8475
10.5697
10.5489
11.2818
11.1968
10.953
10.8764
10.8082
10.7168
6.35299
7.03758
6.79914
6.37844
6.35638
6.87939
6.41132
6.23165
6.79171
6.29072
7.00746
6.32177
7.08756
7.00251
6.65831
6.96705
6.62836
6.74665
7.19833
7.23041
7.3476
6.9197
6.62836
7.10543
7.23441
6.84201
5.18894
5.00718
4.31501
6.27012
5.90099
7.55226
7.77952
-1.1262
6.52379
9.74251
11.5497
-5.83361
11.0284
11.7927
-5.61949
9.59914
6.53643
2.98133
5.91176
6.25396
6.11628
5.20333
5.99798
5.64471
5.00744
7.16738
6.50343
6.69628
5.83184
6.77372
6.18972
7.04749
6.47224
7.34011
6.5278
6.13878
6.25018
6.85114
6.13447
5.81287
7.6955
4.08966
7.46906
7.40875
6.67378
5.71632
6.28181
6.72982
6.14214
6.14503
6.84718
6.13207
6.48232
7.89556
7.50917
7.81486
8.114
7.69822
7.76669
7.94327
7.75054
7.61989
7.79556
7.57067
7.76802
7.072
7.18176
7.32055
7.22815
7.17598
7.36323
7.19095
7.24908
7.3365
7.4688
7.259
7.05399
7.38768
7.3089
9.40244
6.93203
-4.99385
11.2517
9.57189
-2.94964
10.4029
8.57588
7.82432
6.23297
5.51184
7.15306
6.71895
7.51145
7.09254
7.1633
6.56691
7.76349
7.24528
7.14823
6.77353
6.55338
7.59093
6.83918
6.69181
11.4061
10.612
11.0206
11.2594
11.7821
10.5464
10.8314
10.932
10.8038
10.8757
10.9289
10.8346
10.8011
10.8228
11.1407
10.6837
10.7761
11.1103
10.7549
11.0973
10.6771
18.9446
18.8916
19.0047
19.0779
18.9565
18.8833
19.0626
18.9234
18.8447
18.8052
18.856
18.8764
18.821
18.9107
18.9572
19.0159
18.8488
19.0772
18.8829
19.0824
18.9493
19.0925
19.0008
18.9661
19.0662
19.1073
18.9946
19.0517
19.1034
18.9665
18.9783
19.055
18.9941
19.0634
19.0924
18.8683
18.9162
18.8168
18.9281
19.0326
18.8266
18.8647
18.9338
19.1457
18.9976
19.1623
18.9649
19.0911
18.9632
18.9076
18.9193
18.9394
19.0926
18.9623
18.9444
18.9162
19.0338
19.3153
19.0352
19.2114
19.0711
19.2764
19.0031
19.0509
19.2724
19.0543
19.1512
19.0877
19.2271
19.0385
19.0149
18.9702
19.1343
19.2625
19.2527
18.973
18.9961
18.8781
18.7905
18.8464
18.8907
18.7937
18.8583
18.9357
18.8891
18.7625
18.8229
18.8953
19.0241
18.8118
18.872
18.9269
18.2869
19.0471
19.2741
18.7692
18.9285
19.0286
18.939
18.8888
19.065
19.101
18.8662
18.989
19.0385
18.9234
18.8334
19.1345
18.9486
18.8271
18.907
18.9822
19.0083
19.1936
18.9695
18.9256
19.1726
19.0236
18.9658
19.0559
19.0154
18.9645
19.0914
18.998
19.1215
19.0182
19.0011
19.0895
19.0537
19.0818
19.0478
18.8805
19.017
19.0042
18.9283
18.9441
19.4285
19.2688
19.0058
18.9536
17.8709
17.2612
17.9702
17.656
17.5723
17.7654
18.1087
18.5639
18.3202
18.5679
18.6079
18.6616
18.7117
18.5368
18.9898
19.1061
19.0649
18.8918
18.9111
18.9329
18.8597
19.3667
19.1745
19.4657
19.1887
19.403
19.2223
19.1452
19.4258
19.6701
19.5726
19.4533
19.601
19.499
19.3816
19.5664
19.8251
19.7148
19.643
19.7325
19.675
19.5377
19.7257
19.9802
19.8475
19.8385
19.8638
19.8683
19.7033
19.9831
20.1987
20.0463
20.0816
20.0729
20.1323
19.9366
20.2442
20.3581
20.2347
20.3193
20.2543
20.3527
20.1991
20.2749
20.3236
20.2463
20.4177
20.2195
20.3176
20.375
20.1744
20.1972
20.142
20.2469
20.1113
20.1907
20.2879
20.0104
20.054
20.037
19.8647
20.1326
19.8867
19.9586
9.80236
9.57474
9.15843
9.2925
9.69075
9.36581
9.13787
10.132
9.54363
9.95934
9.76187
9.98737
9.78013
9.53019
9.82874
10.3304
10.2004
10.0093
10.2253
9.99962
9.83633
10.1136
10.5931
10.4997
10.2527
10.544
10.2517
10.1098
10.4909
10.8669
10.8084
10.5691
10.8381
10.5797
10.489
19.1541
19.4231
19.06
19.7882
19.1577
19.2988
18.8728
19.2781
19.0804
19.0767
19.0912
19.0551
19.0153
18.928
19.1303
18.8852
18.9222
18.9299
18.8763
18.7452
18.7252
18.5538
18.5843
18.9191
18.7991
18.7452
19.0464
19.2438
19.1146
19.1325
19.1453
19.1642
19.0181
19.3459
19.4082
19.3233
19.4023
19.3415
19.4165
19.311
19.3077
19.3086
19.2919
19.3736
19.267
19.331
19.3333
19.0153
19.0204
19.0501
19.0543
19.0147
18.9975
19.0719
18.3754
18.5383
18.6693
18.4131
18.4802
18.42
18.4653
7.24039
7.23568
6.56949
7.34139
6.55544
6.56823
6.72721
8.256
8.05293
7.26433
7.36991
8.16498
7.49575
7.1206
8.42595
9.04006
8.94429
8.31441
9.03838
8.47919
8.27779
9.15293
9.58561
9.53193
9.1025
9.59688
9.1758
9.07816
9.72548
10.1176
10.0921
9.72971
10.1648
9.768
9.68622
10.5236
10.7925
10.7763
10.5
10.8363
10.5482
10.504
18.971
18.846
18.8562
18.8363
18.9765
18.9769
18.8328
18.9856
19.0098
19.0334
18.9321
19.0268
18.9357
18.9793
18.7504
18.7727
18.8501
18.6984
18.8144
18.6574
18.7894
18.1379
18.0467
18.3372
18.0717
18.229
17.8961
18.1895
16.3653
16.4
16.066
16.4381
17.0333
16.7307
16.7228
10.6797
10.102
10.3838
12.4321
13.0375
12.8306
12.8104
10.0658
8.81862
10.4146
11.0724
11.0209
8.91162
10.462
10.72
10.511
11.0457
9.77649
11.0456
9.90529
10.6635
10.6997
10.6035
10.917
10.3379
10.9067
10.3791
10.6941
10.9742
11.0115
11.2404
10.7974
11.3151
10.8462
10.9574
19.1961
19.1551
19.1853
19.1719
19.1816
19.2063
19.1398
19.1835
19.1479
19.2103
19.1455
19.1957
19.1242
19.2275
19.0172
18.9253
19.0556
18.8946
19.0258
18.8653
19.0345
18.4765
18.3682
18.6109
18.3247
18.5312
18.2522
18.5336
17.5394
17.2833
17.672
17.3316
17.5286
17.2329
17.6411
16.1997
15.8711
16.2849
16.044
16.1067
15.9035
16.3495
15.0355
14.668
15.0847
14.9184
15.0154
14.7998
15.1588
14.6468
14.4617
14.8607
14.5119
14.8683
14.4461
14.7123
19.3853
19.4603
19.3664
19.3523
19.4256
19.3602
19.4231
19.0946
19.0565
19.1024
19.1814
19.0617
19.1547
19.1295
18.6567
18.6128
18.7588
18.7491
18.7131
18.6845
18.7162
18.1191
18.2118
18.4212
18.2746
18.3768
18.1816
18.2331
19.7476
19.6556
19.6712
19.6686
19.7209
19.7599
19.665
19.8
19.8184
19.8734
19.7873
19.8815
19.7892
19.8017
18.1949
18.0165
18.057
18.3706
18.4615
18.1845
18.2394
18.2739
18.8081
18.4602
18.712
18.3895
18.8627
18.6425
18.574
18.924
18.5313
18.7496
18.7936
18.6293
18.8922
18.9398
18.9974
19.0808
18.9238
19.0057
19.0066
18.9052
19.1666
19.0442
19.1482
18.9533
18.9728
19.2205
19.0309
19.4441
19.222
19.541
19.1863
19.5044
19.2544
19.1528
19.3386
19.5864
19.5514
19.2335
19.2668
19.6165
19.3051
19.5416
19.7977
19.7008
19.4971
19.7715
19.5829
19.4584
19.6619
19.8155
19.7677
19.5251
19.5708
19.8422
19.6165
19.7994
19.9851
19.8776
19.7146
19.9616
19.8306
19.688
19.8906
20.0091
19.9443
19.7355
19.77
20.0353
19.8534
20.0335
20.1768
20.045
19.9319
20.1481
20.0698
19.8985
20.1302
20.2055
20.1262
19.9532
19.9883
20.2351
20.0916
20.2836
20.4149
20.2715
20.1906
20.3833
20.3317
20.1411
20.401
20.438
20.3573
20.2139
20.2651
20.4668
20.3526
20.5182
20.5812
20.4707
20.4559
20.5662
20.5466
20.4172
20.5753
20.5867
20.5136
20.4795
20.5095
20.5919
20.5588
20.5118
20.6327
20.4982
20.5599
20.5528
20.5237
20.6168
20.5105
20.4308
20.4643
20.4904
20.6359
20.5331
20.613
20.4466
20.4004
20.4642
20.4982
20.4525
20.4385
20.5578
21.835
21.8834
21.7511
21.6877
20.4829
20.4031
20.4582
20.4459
20.4961
20.4291
20.4718
20.7388
20.3823
20.3928
20.2481
20.2026
20.4616
20.2259
21.1976
20.8818
21.1577
21.206
21.0321
21.1579
20.8636
21.0648
20.4037
20.7495
20.8234
20.6428
21.1165
20.4809
19.2008
20.3515
20.1206
20.0819
20.2428
20.8053
20.4757
20.4511
20.8546
20.5301
9.93773
9.79552
9.3863
9.54447
9.3502
8.97365
8.88129
8.78485
8.86361
8.7447
9.95794
9.85684
9.9637
9.64705
9.45893
9.53459
9.55917
10.296
10.1025
10.3201
9.91286
9.78079
9.94622
9.74141
9.20338
9.09713
9.1387
9.00585
8.90209
9.09546
8.92546
10.3292
10.1973
10.354
10.0452
9.85244
9.84913
10.0063
10.4844
10.3479
10.4738
10.1814
9.98847
10.1729
9.99917
10.3137
10.2384
10.202
10.2638
10.5113
10.205
10.4054
10.0423
10.0178
10.518
10.237
10.3428
10.6391
10.5357
10.1428
10.6261
10.3194
10.1579
10.365
10.6619
10.6128
10.2123
10.2021
10.6791
10.3834
10.5082
10.825
10.7547
10.3905
10.8007
10.5015
10.3892
10.5532
10.852
10.8442
10.4587
10.4598
10.8765
10.5605
10.7135
10.7496
11.0322
10.9767
11.0108
10.7606
10.712
11.0248
10.7772
10.8096
10.8303
11.0635
11.0963
10.799
11.0054
10.8856
10.983
11.1987
18.1891
18.2521
18.0399
18.3921
18.6152
18.4854
18.5464
19.1611
18.5245
18.0988
18.268
17.9083
17.9629
18.4108
18.1676
18.3233
18.3755
18.3681
18.8899
18.9929
18.8281
18.7846
18.8801
18.8238
18.8607
18.2345
18.7759
18.5467
18.4522
19.0101
18.6233
18.5304
18.7719
18.8618
18.8425
18.7918
18.7237
18.2806
18.4802
18.4994
18.5878
18.7458
18.3113
18.481
18.5535
18.5458
18.4755
18.8298
18.8169
18.7147
18.706
18.8512
18.8186
18.8126
19.3632
19.3415
19.3035
19.0716
19.1482
19.1036
19.1121
18.7024
19.1836
19.0441
18.9097
18.8132
18.8895
18.8202
18.9039
19.2199
18.9856
19.0022
19.0621
19.0649
18.9921
18.82
18.8766
18.9189
18.9065
18.8362
18.8092
18.8702
19.3283
19.6032
19.5645
19.4278
19.3624
19.536
19.3934
19.0058
19.1224
19.4019
19.063
19.136
19.2845
19.0726
19.1176
19.0602
19.2804
19.1418
19.0772
19.1466
19.1093
19.1148
19.1487
19.13
19.2379
19.2119
19.0941
19.1712
19.5047
19.7681
19.6965
19.624
19.5208
19.6832
19.6022
19.3626
19.1642
19.1523
19.0812
19.1148
19.5069
19.0926
19.0771
19.0915
19.2941
19.0614
19.186
19.0991
19.0113
19.0547
19.2205
19.038
19.2437
19.2159
19.029
19.2519
19.6615
19.9115
19.8207
19.817
19.6806
19.8064
19.7902
19.1215
19.0771
19.1624
18.9957
19.0199
19.216
19.0663
18.9829
18.8665
19.015
19.1375
19.1236
18.9997
18.8928
19.8647
20.1166
20.0227
20.0612
19.9116
19.9949
20.0118
18.9606
18.8624
18.8442
18.986
19.1046
19.1153
18.9987
19.0176
18.894
18.8794
19.0492
19.1891
19.1648
19.0587
20.1336
20.3128
20.2277
20.3072
20.1858
20.2004
20.2645
18.9475
19.1262
19.2273
19.1178
18.9624
19.2493
19.1132
19.3542
19.4653
19.3128
19.2602
19.4348
19.4001
19.2119
20.3503
20.3402
20.2492
20.3642
20.3373
20.2638
20.4006
19.486
19.4953
19.4075
19.3068
19.3519
19.5258
19.4322
19.6071
19.6241
19.5186
19.547
19.6082
19.6484
19.5078
20.1909
20.3456
20.1153
20.2127
20.2291
20.1465
20.3084
19.6567
19.6119
19.5319
19.5456
19.5643
19.6157
19.6377
19.6114
19.5316
19.4979
19.5377
19.5577
19.5617
19.5644
20.1197
20.1046
20.0673
20.0763
20.0062
20.0194
20.111
19.498
19.5172
19.4229
19.5475
19.4931
19.4719
19.595
19.2852
19.3788
19.2944
19.3332
19.3182
19.3146
19.3802
20.4188
20.1359
20.2104
20.2706
20.4275
20.1595
20.199
19.2417
19.2298
19.2089
19.182
19.3031
19.2405
19.2969
18.7798
19.147
18.9107
18.9605
18.7908
18.8642
18.942
19.0534
19.1054
19.1983
19.257
18.8395
19.1296
19.1617
18.8008
18.7639
18.4549
18.8351
18.7134
18.629
18.7995
8.23488
8.00834
8.13863
7.48354
7.29723
7.5799
7.21023
9.56609
9.49741
9.45467
9.02851
9.23076
9.07707
9.15097
8.38065
8.18123
8.5038
7.78202
7.35149
7.4621
7.67755
8.96319
8.72862
8.89683
8.2888
8.13425
8.39642
8.03708
10.0351
9.43587
9.89597
9.7145
9.4626
9.86842
9.69352
9.05043
8.60343
9.01487
8.20543
8.29717
9.11623
8.48964
8.99077
9.487
9.38013
8.90707
9.4425
9.03248
8.82632
8.95164
8.62953
8.47931
8.64495
8.77414
8.34165
8.72028
10.2574
9.76956
10.1654
9.94842
9.77154
10.1394
9.94728
9.15956
9.55026
9.55666
8.99532
9.05811
9.60386
9.11392
9.5148
9.92666
9.85427
9.46071
9.86781
9.55756
9.43718
10.0308
10.4911
10.4542
10.1785
10.031
10.4149
10.184
9.68193
9.98219
10.0446
9.55999
9.59942
10.0451
9.64534
10.0981
10.4641
10.4152
10.0651
10.3965
10.1312
10.0311
10.3851
10.7639
10.7683
10.4904
10.4071
10.7382
10.4747
10.3078
10.5532
10.644
10.2119
10.2579
10.6248
10.266
10.7845
10.7575
11.0754
11.0003
11.0211
10.8107
10.7343
11.0115
10.8356
10.7814
10.7867
11.0441
11.0096
10.8496
11.0989
10.8503
10.9097
10.9564
11.1372
11.1902
10.8929
11.8574
10.9577
11.1895
11.1166
11.2965
11.1977
11.5227
18.8753
19.0413
18.9849
19.0661
19.0688
19.0551
19.4537
19.0783
19.0046
19.1714
19.1485
18.5093
19.105
19.1562
19.161
19.1574
19.0368
19.1502
19.1372
19.1165
19.0333
19.0288
19.1962
19.134
19.1162
18.9888
19.1889
18.9834
18.9425
18.9863
18.9442
18.9669
19.1193
19.0266
19.0253
19.0241
19.1445
19.1182
19.0247
18.8322
18.708
18.7358
18.6142
18.5469
18.6251
18.7457
18.9082
19.1386
19.0549
19.0689
18.9324
19.0241
19.0322
18.0075
17.9461
17.9723
17.8749
17.8022
17.848
18.0901
18.5456
18.4276
18.3701
18.3333
18.5934
18.5242
18.394
19.2627
19.383
19.3207
19.3901
19.3087
19.299
19.3534
18.72
18.4909
18.5433
18.5291
18.67
18.7001
18.4625
18.9331
18.8106
18.8208
18.829
18.9657
18.9492
18.8294
19.3524
19.3795
19.3113
19.3874
19.3472
19.3237
19.4038
18.8918
18.904
19.003
18.9957
18.88
19.0145
18.8973
18.9769
19.0455
19.0436
18.9999
19.0482
18.9847
18.9849
19.1591
19.1439
19.0914
19.1073
19.1181
19.1196
19.155
18.9673
19.0318
19.028
18.9857
18.9912
19.0237
18.9662
18.7999
18.847
18.8975
18.8133
18.8796
18.7608
18.8507
18.6325
18.674
18.6499
18.5629
18.5577
18.7218
18.6444
18.6377
18.7976
18.781
18.7495
18.7051
18.7554
18.6899
18.2986
18.21
18.4512
18.2023
18.3956
18.1001
18.3089
18.6031
17.751
17.8242
17.5114
17.8321
17.6702
18.0782
18.184
18.1283
18.049
17.8355
18.1156
17.9348
17.9926
16.7645
17.2292
16.7502
17.043
16.6364
16.89
17.0426
17.8448
18.0038
17.7235
17.8169
18.2679
17.9448
18.0762
17.5027
17.9633
16.8751
16.9092
17.1303
17.1538
17.9814
7.96899
7.97032
7.68239
6.88576
7.23604
6.9819
7.15104
7.65965
8.9414
7.65081
8.10051
6.19348
6.42474
7.69888
9.16437
9.59643
9.03942
7.72746
8.88428
8.00661
8.63973
7.83931
7.65355
7.83149
7.7043
7.78046
7.85898
7.95223
7.76446
8.08276
8.10797
7.54362
7.29903
7.29487
7.46036
8.7659
7.99793
8.85143
8.25369
8.19543
8.75319
8.09806
9.27613
8.45515
9.87003
8.99383
9.22344
9.38192
8.16942
9.20896
9.85041
10.117
9.81087
9.78817
9.36771
9.71276
8.90599
9.40441
9.47581
9.02141
8.9967
9.41259
8.93506
9.5461
9.89396
10.2151
9.82761
9.90083
9.94098
9.42959
9.89694
10.2341
10.4004
10.1399
10.1625
9.9684
10.0903
9.5184
9.90619
10.0093
9.60566
9.56307
9.93445
9.5671
10.1351
10.3036
10.603
10.2302
10.2684
10.3731
10.0733
10.6781
10.7621
10.9786
11.0854
10.8887
10.7685
10.7313
10.2883
10.5436
10.6729
10.3382
10.2945
10.6066
10.3003
11.3589
10.9609
10.9138
10.9905
11.1146
11.1986
11.03
11.7512
11.5802
11.5498
11.6085
11.8261
11.793
11.5852
11.1774
11.0714
11.0057
10.9959
11.2195
11.1423
11.0227
11.732
11.703
11.7187
11.7345
11.944
12.1017
11.7063
12.6028
10.606
11.7944
11.7417
11.9377
11.8596
12.3377
18.9783
19.0258
19.0407
18.9417
18.9845
19.0405
18.9323
18.9865
19.0822
18.9261
18.9644
18.8984
18.9335
19.0721
19.1464
19.0735
19.0811
19.0466
19.1225
19.1216
19.0537
18.8679
18.8842
18.8914
18.7676
18.8487
18.9147
18.7991
19.1223
19.0661
19.134
19.1525
19.0997
19.1282
19.0902
19.0563
19.0833
19.1391
19.125
19.097
19.0511
19.1347
18.395
18.4517
18.4352
18.1518
18.2971
18.5186
18.2576
18.9989
19.0566
19.091
19.1024
19.0918
19.0348
19.014
18.7773
18.8287
18.9537
18.9108
18.8635
18.7517
18.9334
17.2595
16.7374
17.2407
17.2626
16.9788
17.4726
17.0158
18.6152
18.7677
18.8238
18.8325
18.8021
18.715
18.6639
18.1413
18.2081
18.4711
18.3155
18.3089
18.0434
18.3917
13.3421
12.2659
12.6107
14.1284
14.3962
13.7215
14.7106
17.7885
18.0886
18.1803
18.1812
18.0936
17.9713
17.8996
16.9434
16.9467
17.433
17.2306
17.13
16.7996
17.3461
9.81586
8.78235
8.79794
10.6535
11.0865
10.5574
11.2705
16.422
16.719
16.9019
17.0145
16.8982
16.5316
16.5627
15.4056
15.3708
15.9513
15.8076
15.5409
15.2654
15.9434
10.406
10.5552
11.0308
9.67227
10.6304
11.0267
9.5712
14.9369
15.1858
15.4078
15.5892
15.4531
15.021
15.0662
14.1913
14.0527
14.5405
14.4542
14.1942
14.083
14.5834
10.7213
10.5686
10.9329
10.3211
10.7142
10.956
10.2323
13.8418
13.9116
14.151
14.2992
14.1787
13.7902
13.946
13.502
13.3597
13.8118
13.6767
13.3836
13.4313
13.7544
10.8222
10.7805
11.1481
10.6736
10.839
11.0759
10.6357
13.4002
13.3612
13.8055
13.6818
13.6066
13.3684
13.4632
13.6245
13.6557
13.6534
13.9654
13.6153
13.5462
13.7346
11.8355
11.4637
11.394
11.4353
11.5617
11.7718
11.5313
14.0919
13.8249
13.7866
13.6575
13.7357
13.7844
13.6891
14.5582
14.0761
13.9895
13.8937
13.9766
13.8751
14.2111
19.2282
19.1792
19.2085
19.1431
19.1911
19.2181
19.1564
19.3148
19.33
19.3127
19.3204
19.2926
19.316
19.3301
19.4246
19.3649
19.3511
19.3694
19.4265
19.4097
19.3782
19.1051
19.0362
19.0912
18.9642
19.0915
19.1148
18.9856
19.4674
19.3553
19.3604
19.385
19.4477
19.4587
19.3986
19.4911
19.3453
19.3838
19.4212
19.4883
19.5019
19.3812
18.6966
18.6355
18.6981
18.4458
18.6471
18.7665
18.5076
19.3702
19.3617
19.4778
19.4316
19.3382
19.453
19.3943
19.214
19.173
19.1988
19.1794
19.2326
19.191
19.2075
17.897
17.7339
17.8287
17.5173
17.8115
17.9569
17.6153
19.0793
19.099
19.0025
19.0953
19.0577
19.0281
19.1213
18.6863
18.4919
18.6073
18.6444
18.5828
18.6244
18.709
16.6932
16.4099
16.4781
16.2341
16.5545
16.6555
16.3676
18.4519
18.3899
18.3801
18.5387
18.4642
18.2939
18.5227
17.9745
17.77
18.0238
17.8783
17.847
17.8661
17.9839
15.4196
15.0279
15.1817
15.0242
15.2808
15.2944
15.1491
17.6955
17.7031
17.8374
17.8126
17.7051
17.6335
17.8016
17.3754
17.4268
17.3459
17.6408
17.3852
17.3367
17.4815
14.7605
14.4415
14.8478
14.467
14.6882
14.8534
14.5357
17.6053
17.437
17.4062
17.2978
17.3338
17.318
17.357
17.6788
17.4062
17.4101
17.363
17.4161
17.424
17.3018
15.0077
14.5704
14.6303
14.7831
14.6961
15.0152
14.6867
17.7315
17.467
17.4154
17.2197
17.4418
17.4981
17.3229
17.6369
17.2882
17.1016
16.8954
17.4129
17.0472
17.5759
19.2126
19.2201
19.148
19.2396
19.1856
19.1873
19.268
19.5394
19.5111
19.4227
19.422
19.4492
19.4501
19.5357
19.5623
19.4326
19.4296
19.4832
19.5383
19.5404
19.4698
18.8306
18.7763
18.8076
18.8136
18.7873
18.8472
18.8721
19.4469
19.4793
19.5418
19.5736
19.4478
19.5379
19.4867
19.4955
19.5357
19.6045
19.4737
19.5395
19.4832
19.483
18.3492
18.3498
18.448
18.2892
18.2477
18.4972
18.3774
19.4858
19.5437
19.6203
19.4988
19.4824
19.5404
19.5016
19.5882
19.5697
19.6174
19.7094
19.6096
19.5572
19.6
18.3278
18.0524
18.049
18.1474
18.1279
18.3373
18.1526
19.7813
19.6301
19.6168
19.5986
19.6569
19.6655
19.6208
19.8933
19.9715
19.7459
19.6826
19.7654
19.7202
19.8276
19.7659
19.7823
19.8503
19.7573
19.7773
19.8396
19.7483
20.095
20.1707
20.057
20.1163
20.0442
20.0781
20.127
20.2996
20.2585
20.2455
20.2362
20.2778
20.2645
20.2464
20.0282
19.8884
19.9024
19.9063
19.9281
20.0151
19.8925
20.3636
20.2907
20.2952
20.2817
20.3122
20.3294
20.2803
20.4348
20.4372
20.3337
20.3188
20.3452
20.3304
20.4384
18.0498
18.1938
18.0189
18.3628
18.1779
18.4579
18.2393
18.7099
18.2799
18.6407
18.8065
18.4643
18.8587
18.3933
18.7482
18.5808
18.7883
18.9162
18.5356
18.8845
18.6328
18.9207
18.9467
18.9028
18.9837
19.0773
18.9988
19.0091
18.9515
19.1651
18.9719
19.0387
19.1454
19.0241
19.2165
19.1894
19.4399
19.1566
19.2225
19.5355
19.2543
19.4987
19.2362
19.3378
19.5818
19.548
19.305
19.2688
19.6121
19.5396
19.4935
19.796
19.7007
19.5783
19.4586
19.7702
19.6529
19.5259
19.8163
19.7661
19.6147
19.5605
19.8405
19.803
19.7231
19.9754
19.8604
19.8373
19.6929
19.9443
19.8922
19.7396
19.997
19.9344
19.8573
19.7716
20.0252
20.0275
19.9291
20.1785
20.0471
20.0659
19.8939
20.149
20.127
19.9508
20.2056
20.1269
20.0883
19.9863
20.235
20.2817
20.1885
20.4136
20.273
20.3246
20.1404
20.3837
20.3922
20.2144
20.4415
20.3578
20.3486
20.258
20.4677
20.5386
20.4658
20.5795
20.4733
20.5645
20.4335
20.5715
20.5946
20.4895
20.5857
20.5027
20.5824
20.5132
20.5845
20.5824
20.5197
20.5622
20.5999
20.4948
20.6071
20.5448
10.0276
10.4923
10.2192
10.2043
10.3959
10.0151
10.5015
10.317
10.1401
10.6303
10.5183
10.2985
10.1562
10.6098
10.3401
10.2034
10.6563
10.6063
10.3556
10.193
10.6777
10.4963
10.3805
10.8185
10.75
10.4878
10.3793
10.7964
10.5491
10.4515
10.8466
10.8354
10.5502
10.4506
10.8799
10.6763
10.766
11.0169
10.9821
10.7888
10.6691
10.9995
10.7561
11.0127
10.7479
10.8366
11.0484
10.8739
11.0566
10.9215
10.9461
19.1881
19.3641
19.1479
19.1759
19.4614
19.4001
19.221
19.3287
19.4211
19.6029
19.5637
19.3911
19.358
19.5368
19.062
19.4009
19.0054
19.1349
19.0716
19.1213
19.2835
19.1416
19.0603
19.1089
19.1163
19.2798
19.1457
19.0767
19.4133
19.452
19.6679
19.5767
19.5994
19.4842
19.3836
19.507
19.6304
19.7507
19.6894
19.6051
19.5289
19.666
19.0812
19.3614
19.1156
19.1657
19.1498
19.0905
19.5062
19.0594
19.0772
19.0098
19.0891
19.2958
19.0956
19.1846
19.5631
19.6446
19.8161
19.7039
19.7254
19.6727
19.5384
19.6543
19.8138
19.9115
19.8245
19.7827
19.6801
19.8046
18.9998
19.1198
19.0113
19.0672
19.1657
19.0684
19.2124
18.8681
18.9823
18.8914
19.0123
19.1396
18.9998
19.122
19.7247
19.835
19.9813
19.8478
19.865
19.8655
19.7013
19.8646
20.0591
20.1174
20.0234
20.0103
19.9112
19.9956
18.8607
18.9632
18.8478
18.9863
19.1045
18.9968
19.1167
18.8959
19.016
18.8791
19.0486
19.1893
19.059
19.1643
19.9826
20.0808
20.2012
20.0477
20.0737
20.1317
19.9369
20.1444
20.3128
20.3158
20.224
20.2769
20.1897
20.203
18.9485
19.1264
19.2273
19.118
19.1134
18.9635
19.2494
19.3561
19.2615
19.4663
19.3135
19.4017
19.2133
19.4356
20.2399
20.322
20.3519
20.2352
20.2476
20.3533
20.2074
20.3752
20.351
20.3424
20.2534
20.3989
20.3442
20.266
19.4883
19.3084
19.4968
19.4089
19.4345
19.3534
19.5275
19.6122
19.5504
19.6295
19.5227
19.651
19.5107
19.6139
20.4169
20.2791
20.3257
20.3302
20.2478
20.2228
20.3769
20.2212
20.1878
20.302
20.3192
20.1159
20.2565
20.1369
19.6696
19.5503
19.6225
19.5407
19.649
19.5763
19.6239
19.6214
19.5525
19.5323
19.492
19.5913
19.5654
19.5525
20.2338
20.1751
20.2052
20.2479
20.1353
20.1193
20.2778
20.0773
20.1194
20.1078
20.111
20.0156
20.0747
20.0215
19.5347
19.5383
19.5134
19.4446
19.5675
19.511
19.4932
19.2786
19.2905
19.2814
19.3862
19.3131
19.4039
19.3348
9.25037
9.80839
9.57306
9.32489
9.09216
9.11983
9.69418
9.65874
10.0416
9.64103
9.41261
9.89954
9.43474
9.87292
8.19728
9.02999
8.40665
8.50351
9.02237
8.33112
9.10438
8.92211
8.90152
9.47922
9.37271
9.00849
8.81011
9.42588
9.73903
10.1381
9.75217
9.47056
9.96848
9.99288
9.48381
9.91766
10.2738
9.92964
9.68732
10.179
9.69397
10.1565
9.14972
8.98454
9.53095
9.53828
9.07976
9.05301
9.58275
9.50683
9.45138
9.91134
9.82463
9.54574
9.41011
9.85157
9.98534
9.78037
10.3331
10.2108
10.2349
9.98203
9.77844
10.0191
10.1736
10.4687
10.4362
10.1768
10.0142
10.3985
9.66914
9.54978
9.97444
10.0349
9.63014
9.59118
10.043
10.0788
10.0552
10.4561
10.4072
10.1138
10.0215
10.3881
10.0958
10.2438
10.5813
10.4857
10.53
10.2394
10.0931
10.3773
10.4785
10.7567
10.7617
10.4627
10.4005
10.7317
10.2928
10.2013
10.5445
10.6359
10.2501
10.2465
10.6163
10.7736
10.7467
11.0671
10.9918
10.7998
10.7237
11.0128
10.4892
10.5573
10.8576
10.8015
10.8314
10.5676
10.4841
10.8439
11.0194
10.8237
10.7775
11.0609
10.8073
10.9952
10.8407
11.0907
10.8999
10.9466
11.1291
10.8832
11.1824
11.1832
11.8508
10.9508
11.2897
11.11
11.1899
11.5159
18.725
18.7461
18.5548
18.5853
18.9197
18.8001
18.7452
18.9095
19.0695
19.1392
19.0556
19.033
18.9334
19.0248
17.9736
18.0111
17.9497
17.8046
17.8758
17.8498
18.0927
18.4275
18.5464
18.3701
18.3331
18.594
18.3935
18.525
19.0476
19.1336
19.245
19.1155
19.1463
19.1653
19.0193
19.2648
19.3953
19.3854
19.3221
19.356
19.3112
19.3007
18.4909
18.7205
18.5431
18.5285
18.6704
18.4622
18.7005
18.8108
18.9341
18.8211
18.8288
18.9667
18.8291
18.9502
19.3478
19.4035
19.4138
19.3248
19.3405
19.4298
19.3141
19.3502
19.3855
19.3756
19.3152
19.3977
19.3471
19.324
18.8923
18.9039
19.0042
18.9974
18.8972
18.8805
19.016
18.9775
19.0023
19.0499
19.047
18.9869
18.9859
19.0516
19.3126
19.3567
19.3233
19.2973
19.2814
19.3279
19.3286
19.0623
19.1847
19.1653
19.0866
19.1883
19.0665
19.1424
18.9721
18.9865
19.0358
19.033
18.9665
18.9939
19.0291
18.7909
18.8152
18.8488
18.9003
18.7552
18.8467
18.8791
19.0891
19.0092
18.966
18.9693
19.0573
19.0003
19.091
18.569
18.6386
18.6807
18.6686
18.5662
18.6723
18.7304
18.6352
18.7561
18.8027
18.7853
18.691
18.7112
18.759
18.1841
18.2945
18.093
18.2645
18.4459
18.3257
18.4077
7.3399
8.24706
8.0697
7.47071
7.12236
7.27333
8.18445
8.18724
8.7618
8.02524
7.96141
8.86522
8.14885
8.75788
9.03613
9.30609
8.10438
8.39833
9.9195
9.25333
9.41798
9.14126
9.78736
9.8279
10.1083
9.31009
9.68955
9.77315
8.24685
8.39181
9.03744
8.95489
9.04792
8.40206
8.22687
8.8806
8.9778
9.37681
9.4446
8.88112
8.96463
9.38927
9.48891
9.80327
9.85978
10.1721
9.36749
9.87798
9.90035
9.87588
10.0999
10.1702
10.3385
9.93842
10.0778
10.1096
9.11514
9.0565
9.55211
9.49959
9.55796
9.13506
9.04383
9.51382
9.59491
9.86863
9.9803
9.55588
9.55791
9.90311
10.0914
10.1765
10.2382
10.5377
10.045
10.1925
10.3082
10.6701
10.739
10.9452
11.0544
10.7466
10.714
10.8532
9.7182
9.71356
10.1051
10.0639
10.1504
9.7605
9.66866
10.2829
10.3272
10.5318
10.6625
10.2895
10.2853
10.5952
10.9596
11.339
10.9209
10.9675
11.082
11.0046
11.1689
11.6124
11.7316
11.5525
11.5278
11.8165
11.5798
11.7658
10.5107
10.4892
10.7825
10.7652
10.8257
10.5365
10.4928
11.0603
11.1674
10.9939
10.9841
11.2103
11.0122
11.1322
11.6996
11.7216
11.713
11.7116
11.936
11.6769
12.0932
11.7827
12.5918
10.5921
11.7308
11.9265
11.8496
12.3263
18.8455
18.9723
18.8564
18.8367
18.9779
18.9786
18.8324
18.9793
18.9417
19.0285
19.0453
18.932
18.9869
19.044
18.9234
18.9867
19.0817
18.8961
18.9657
18.934
19.0721
19.1018
19.1415
19.0522
19.0245
19.1169
19.0492
19.1147
18.9877
18.9315
19.013
19.0377
19.0315
18.9353
18.9807
18.8687
18.7677
18.886
18.8912
18.7941
18.8506
18.9147
19.0992
19.0659
19.1148
19.1581
19.036
19.1242
19.1231
19.0507
19.1489
19.0827
19.1443
19.0478
19.1492
19.0939
18.7607
18.7061
18.7747
18.8491
18.8141
18.6648
18.7926
18.1511
18.398
18.4466
18.4277
18.2649
18.2949
18.5122
19.005
19.1194
19.0608
19.1029
19.0141
19.1173
19.0428
18.7868
18.9025
18.8235
18.9466
18.7498
18.9257
18.8671
18.0802
18.1359
17.9005
18.0452
18.3324
18.2243
18.1896
16.7425
17.2641
17.0209
17.2416
17.2653
16.9806
17.4743
18.6165
18.831
18.7659
18.8199
18.6654
18.7995
18.7116
18.1422
18.3174
18.2046
18.4673
18.0449
18.3921
18.3053
16.4054
16.3726
16.0713
16.4412
17.037
16.7354
16.7252
12.2824
13.3606
12.6248
14.1386
14.4153
13.7344
14.725
17.789
18.1815
18.0851
18.1759
17.9006
18.0936
17.9677
16.9404
17.2252
16.9386
17.4272
16.7909
17.3447
17.1245
10.1257
10.7119
10.4098
12.452
13.0629
12.8682
12.826
8.86084
9.93302
8.79918
10.6663
11.1666
10.6439
11.3574
16.4017
17.0139
16.7123
16.8889
16.5591
16.8851
16.5175
15.3828
15.7924
15.3214
15.9142
15.235
15.9317
15.4953
8.73903
10.1185
8.90159
10.4911
11.1334
11.1005
10.5134
9.63041
10.4045
9.45048
10.5687
11.0702
10.6519
11.0657
14.9021
15.5725
15.1309
15.3588
15.0361
15.4319
14.9632
14.1389
14.4207
13.9554
14.4638
14.0271
14.5538
14.1041
9.69244
10.7068
10.5122
11.0509
11.0438
9.85511
10.6346
10.6757
10.2475
10.5328
10.8926
10.1703
10.6999
10.9013
13.7989
14.2744
13.8053
14.0399
13.9035
14.1529
13.6749
13.4332
13.5993
13.2653
13.7122
13.3529
13.6953
13.2824
10.6875
10.2743
10.5522
10.8762
10.8799
10.3307
10.6819
10.8135
10.6311
10.7153
11.0789
10.6086
10.7733
11.0279
13.3353
13.639
13.284
13.7259
13.3961
13.5703
13.2984
13.7107
13.5934
13.638
13.956
13.5636
13.7566
13.5799
10.8306
10.7624
10.949
11.1698
11.2423
10.7838
10.8729
11.4496
11.8165
11.4139
11.4707
11.5352
11.5044
11.7551
13.803
14.0886
13.7765
13.6662
13.7325
13.7222
13.7906
13.9776
14.5538
14.0684
13.8957
13.9631
13.8697
14.2153
19.1216
19.1925
19.1641
19.1718
19.1816
19.2068
19.1483
19.2273
19.1643
19.1853
19.2216
19.1728
19.239
19.2222
19.3139
19.3148
19.3319
19.2912
19.323
19.3168
19.3309
19.3697
19.4263
19.3533
19.363
19.4272
19.3788
19.4085
19.213
19.1401
19.1558
19.2072
19.2
19.1411
19.2056
19.1034
18.9619
19.0314
19.0906
18.9798
19.0941
19.1128
19.3578
19.4689
19.3637
19.3865
19.4468
19.3931
19.459
19.3369
19.49
19.3817
19.4254
19.4883
19.3848
19.5029
19.0189
18.8939
18.9231
19.055
19.0243
18.8665
19.0366
18.6984
18.4494
18.6326
18.6951
18.5103
18.6502
18.7631
19.3657
19.3644
19.4786
19.4268
19.3999
19.3243
19.4523
19.2139
19.1701
19.1709
19.1948
19.1884
19.1985
19.2327
18.478
18.3272
18.3645
18.6077
18.5291
18.2544
18.5347
17.8962
17.5112
17.7287
17.8209
17.6127
17.8105
17.9505
19.0831
19.1006
19.0973
18.9987
19.1232
19.065
19.0256
18.6935
18.6524
18.4912
18.6091
18.6327
18.7166
18.5815
17.536
17.3287
17.27
17.6629
17.5178
17.2199
17.6404
16.6895
16.2168
16.3736
16.4483
16.3555
16.5508
16.6274
18.4602
18.5463
18.3869
18.3808
18.5299
18.4767
18.2934
17.9838
17.894
17.7736
18.0272
17.8779
17.9976
17.849
16.2015
16.0252
15.8179
16.2548
16.0768
15.884
16.3472
15.4084
15.0096
14.9523
15.134
15.1285
15.2624
15.2557
17.7108
17.8256
17.7068
17.8419
17.8102
17.7187
17.6418
17.3614
17.4818
17.3867
17.6611
17.3741
17.4893
17.4213
14.9995
14.9197
14.5761
15.039
14.9561
14.7912
15.1481
14.706
14.3963
14.3646
14.7693
14.4947
14.5553
14.7876
17.4269
17.6042
17.2793
17.3318
17.3922
17.483
17.3623
17.3836
17.6976
17.45
17.4408
17.4562
17.3147
17.4782
14.5758
14.4716
14.39
14.8006
14.8018
14.3983
14.6918
14.589
14.9976
14.6589
14.8148
14.6622
14.6329
14.9923
17.491
17.7571
17.4237
17.2928
17.4935
17.3996
17.5417
17.122
17.6501
17.3161
16.9191
17.4353
17.0756
17.5958
19.4728
19.3809
19.3627
19.3142
19.4262
19.3505
19.4283
19.2151
19.2441
19.2189
19.1468
19.2772
19.1813
19.1868
19.4214
19.5413
19.5103
19.4522
19.4213
19.4467
19.5362
19.4284
19.5557
19.4306
19.4879
19.532
19.4802
19.5366
19.1003
19.1992
19.0577
19.1059
19.0652
19.1628
19.1357
18.8386
18.8168
18.779
18.8045
18.8802
18.7807
18.8506
19.4383
19.4784
19.5342
19.5635
19.4876
19.4255
19.5301
19.4924
19.4864
19.5363
19.6053
19.4828
19.487
19.5389
18.6613
18.7517
18.6121
18.758
18.7123
18.6926
18.722
18.3565
18.2952
18.3515
18.452
18.3829
18.2565
18.5006
19.4975
19.5177
19.5474
19.6254
19.5051
19.5116
19.5471
19.5811
19.573
19.6171
19.7085
19.5575
19.5927
19.6116
18.1303
18.2763
18.2125
18.4246
18.3814
18.183
18.2403
18.0507
18.3426
18.1121
18.1465
18.1236
18.1069
18.3436
19.6216
19.7775
19.609
19.5939
19.6548
19.6185
19.6623
19.7419
19.8903
19.9687
19.6767
19.7604
19.7128
19.8238
19.6602
19.7454
19.6655
19.6531
19.719
19.7557
19.6666
19.7704
19.7616
19.7868
19.8448
19.7674
19.7631
19.8391
20.0558
20.094
20.1688
20.0445
20.1144
20.078
20.1259
20.2561
20.2976
20.2434
20.2373
20.2752
20.2447
20.2637
19.8002
19.7872
19.8156
19.8717
19.8792
19.7855
19.8046
19.8867
20.0229
19.888
19.9066
19.9262
19.8891
20.0121
20.2871
20.3601
20.2914
20.2782
20.3103
20.2799
20.3261
20.3311
20.432
20.4347
20.3162
20.3431
20.3295
20.4362
18.8752
18.8431
19.0007
19.0615
18.7334
18.8665
18.9128
19.1026
18.7314
19.0326
18.8485
18.8561
19.1671
18.9604
19.3563
18.9267
18.9156
19.2366
18.9927
19.3432
19.2537
19.3557
19.2557
19.1365
18.9919
19.0661
19.3521
19.2561
19.3756
19.4714
19.4735
19.2757
19.5359
19.3669
19.2837
19.4072
19.3312
19.6588
19.5376
19.5991
19.4268
19.3134
19.673
19.8988
19.8749
19.5316
19.9364
19.6342
19.5681
19.7242
19.657
20.0086
19.9124
19.9743
19.7656
19.6178
20.0293
20.1608
20.1179
19.8671
20.1906
19.9851
19.9092
20.0648
19.983
20.246
20.1416
20.2158
20.1066
19.9445
20.3139
20.3923
20.3432
20.1428
20.425
20.2719
20.1842
20.3372
20.252
20.4846
20.3697
20.4518
20.3781
20.2094
20.5669
20.6374
20.588
20.4101
20.6714
20.5261
20.4531
20.5846
20.5227
20.7339
20.6189
20.701
20.6248
20.4781
20.7775
20.857
20.8194
20.6878
20.8765
20.7457
20.7287
20.7861
20.7836
20.9012
20.8356
20.8881
20.8105
20.7494
20.8246
20.9082
20.8897
20.8966
20.8941
20.8329
20.8969
20.8263
20.8686
20.9002
20.8853
20.8839
20.7987
20.9263
20.8747
20.8345
20.8762
20.7576
20.9507
20.8025
20.8514
20.9298
20.8754
20.9334
20.8393
20.8691
20.8295
20.9262
20.9909
20.902
21.2231
20.995
20.8043
20.8137
20.7869
20.8438
20.3083
20.7989
20.7198
20.7202
21.4895
21.2353
20.814
21.0807
21.0713
21.7835
21.1633
20.9666
20.9756
21.4615
21.2805
21.3321
10.6732
10.5989
10.6884
10.4743
10.3901
10.4108
10.4289
10.8128
10.6942
10.7572
10.5116
10.44
10.5468
10.4357
10.876
10.6613
10.7713
10.4999
10.8678
10.6861
10.4496
10.7149
10.8841
10.7903
10.445
10.8921
10.6758
10.4955
10.6688
10.9245
10.8336
10.5316
10.9204
10.7308
10.4862
10.7227
10.4992
10.938
10.8521
10.9364
10.6751
10.5335
10.7034
10.9655
10.9209
10.5839
10.9707
10.7323
10.5495
10.7434
10.5676
10.9854
10.9399
10.9787
10.7083
10.5954
10.7713
11.0392
11.0121
10.6843
11.0474
10.7755
10.6903
10.8073
10.7163
11.0624
11.0191
11.0597
10.8009
10.7272
17.8689
18.3418
17.6455
17.8753
18.3293
18.2115
18.0632
17.1691
17.4692
17.1909
17.6969
17.556
17.7572
17.5336
18.1881
17.3272
17.5591
17.8641
17.7869
17.9754
17.6245
18.5825
18.655
18.4934
18.6159
18.7809
18.7446
18.6785
18.3059
18.7207
18.9178
18.5372
18.3644
18.4529
18.4649
18.5668
18.2408
18.47
18.5743
18.5928
18.6552
18.5043
18.9163
18.9301
19.0386
18.869
18.8108
18.8242
18.8661
19.1487
19.1708
19.0914
18.9302
18.9956
18.9705
18.9582
18.9202
19.1022
18.9651
18.9134
18.9377
18.9399
18.9098
19.2871
19.1472
19.2643
19.0982
19.3323
19.1166
19.115
19.2126
19.5026
19.4699
19.2925
19.4371
19.2608
19.2406
19.1703
19.2845
19.1675
19.4019
19.3582
19.1988
19.1453
19.4231
19.6698
19.6312
19.5352
19.5931
19.5061
19.4493
19.3522
19.4736
19.4534
19.265
19.5088
19.3139
19.2987
19.3523
19.3033
19.5321
19.4224
19.4947
19.3732
19.2845
19.5854
19.8381
19.7541
19.727
19.7417
19.6933
19.6081
19.4662
19.5913
19.5195
19.3451
19.6071
19.4397
19.3757
19.4749
19.3794
19.6201
19.5027
19.6045
19.4891
19.3633
19.7501
20.009
19.9133
19.9257
19.8931
19.8909
19.7785
19.5873
19.6963
19.5823
19.4421
19.706
19.5737
19.4443
19.614
19.4847
19.749
19.6102
19.7346
19.6343
19.4752
20.003
20.2192
20.1291
20.1932
20.0972
20.1503
20.0495
19.8243
19.8736
19.7673
19.6345
19.8979
19.7873
19.6667
19.8518
19.7381
19.958
19.8036
19.9301
19.8931
19.7014
20.2639
20.3596
20.2651
20.3853
20.2587
20.3664
20.2915
20.0898
20.0718
19.9786
19.9103
20.0947
20.0382
19.9595
20.0901
20.0026
20.1051
19.984
20.0921
20.1234
19.9698
20.2722
20.3907
20.1789
20.2785
20.2188
20.3989
20.2912
20.1246
20.0879
19.9943
20.0922
20.0682
20.1578
20.0854
20.1703
20.0221
20.0638
19.9886
20.0619
20.0758
20.1163
20.1592
20.2174
20.1379
20.149
20.1215
20.2085
20.1533
19.9449
19.9252
19.8485
20.0655
19.8967
20.0539
19.9447
19.9991
19.8775
19.894
19.8471
19.8949
19.9028
20.0051
20.4155
19.8406
19.9147
19.8323
19.8839
20.1082
19.7533
19.793
19.654
19.7178
19.7426
19.7898
19.8122
19.6852
19.5359
19.7485
19.7594
19.7102
19.5791
19.7628
19.6348
19.9429
20.1611
19.742
20.3131
20.5974
19.7563
19.8057
9.38569
8.79778
8.81357
9.15758
8.43206
8.18652
8.2566
9.11119
8.93419
9.06144
8.51232
8.43869
8.59582
8.33937
8.3114
8.27257
8.24234
8.32293
8.27738
8.24303
8.28333
8.63031
8.4861
8.15786
8.05292
8.05014
8.10367
8.06802
9.90108
9.22957
9.72943
9.47209
9.61855
9.44461
9.25246
9.57559
9.07442
9.36089
8.74892
9.5616
9.01203
8.77762
9.17128
9.66068
9.43019
8.88875
9.61869
9.22489
8.87038
10.1574
9.6194
10.0493
9.84056
10.025
9.83779
9.63552
9.50633
9.88107
9.78458
9.23909
9.90992
9.4859
9.27205
9.57986
9.96885
9.38762
9.82549
9.94288
9.60127
9.35719
9.89889
10.367
10.2931
10.0532
10.2649
10.069
9.8886
9.84267
10.1321
10.0806
9.67046
10.166
9.83627
9.67638
9.92054
9.76166
10.2486
10.1315
10.2122
9.92252
9.75885
10.1862
10.6339
10.6223
10.3159
10.5815
10.326
10.1972
10.19
10.4966
10.5057
10.0468
10.5417
10.1847
10.0564
10.2779
10.1852
10.6429
10.5673
10.5935
10.2992
10.1576
10.6062
10.922
10.9117
10.6743
10.8903
10.6657
10.5862
10.6836
10.8718
10.8912
10.5561
10.9093
10.6556
10.5743
10.8081
10.6617
10.9918
10.9338
10.9655
10.7735
10.6692
19.0633
19.0881
19.0906
18.8796
19.3858
19.1108
19.0145
19.072
19.1239
19.1349
19.0162
19.2048
19.1972
19.2056
19.1454
19.1469
19.1558
19.0466
19.0716
19.1556
19.1788
19.0731
19.2615
18.9692
19.019
19.075
19.0456
19.0603
19.0296
19.3956
19.098
19.0771
19.4362
18.9461
18.9991
19.0109
19.0548
19.0019
19.0655
19.0259
19.1062
19.1953
19.1421
19.082
19.1795
19.1022
19.0759
19.1502
19.169
19.1509
19.1224
18.8579
19.0673
18.8118
18.8343
18.8796
18.881
18.8257
18.8053
19.3098
19.1091
18.863
18.805
18.8395
18.7838
19.2315
18.0321
18.7102
18.7933
18.7192
18.8278
18.7361
18.919
18.8323
18.7673
18.6642
18.9036
18.7724
18.7947
18.9179
18.8833
18.753
18.8366
18.9343
18.8636
18.8117
18.5208
18.1559
18.3041
18.3645
18.377
18.5664
18.2253
18.667
18.9623
18.8579
18.8437
18.8218
18.818
18.6975
18.4452
18.4891
18.3841
18.6528
18.6488
18.4977
18.3207
19.1119
19.2869
19.2283
19.2625
19.1934
19.2115
19.1609
18.8844
18.9728
18.9332
18.7641
19.0083
18.853
18.8099
18.9524
18.9268
19.099
18.9868
19.0604
19.0033
18.879
19.336
19.4071
19.3518
19.4287
19.3394
19.4121
19.3664
19.2084
19.2148
19.1857
19.112
19.238
19.1714
19.1479
19.2099
19.1836
19.2537
19.1943
19.2426
19.2378
19.155
19.2895
19.2852
19.2135
19.2675
19.2438
19.3146
19.2563
19.1753
19.1973
19.1458
19.1675
19.1759
19.1953
19.1561
19.1445
19.1078
19.1225
19.1216
19.1502
19.1152
19.1301
18.9572
18.9632
18.9213
18.8915
18.9713
18.927
18.9006
18.8198
18.9315
18.8777
18.8951
18.8888
18.878
18.8469
18.744
18.7591
18.7101
18.8179
18.8257
18.6724
18.7783
18.204
18.343
18.2438
18.2132
18.2165
18.2974
18.1162
18.2655
18.2582
18.1264
18.1207
18.2682
18.2264
18.1277
17.8271
18.1619
17.9636
17.9924
17.8545
17.8844
17.9957
7.56392
7.51008
7.45647
6.62264
6.89179
6.78077
6.68115
7.18463
7.23272
6.38478
7.18809
6.36653
6.39859
6.37103
7.49832
7.45869
7.36963
6.40248
6.5058
6.52849
6.36278
7.21491
6.80246
7.18142
7.20952
6.95023
7.30213
6.73216
8.3703
7.37087
8.38255
7.76153
8.29181
7.6336
7.57245
8.15703
7.40669
8.39048
7.29614
8.28757
7.16466
7.53993
7.50661
8.52938
8.50538
7.82749
8.40887
7.75826
7.59836
8.49966
9.12646
9.20069
8.67373
9.12558
8.55432
8.63575
8.59317
9.04124
9.24394
8.52163
9.13455
8.40072
8.70366
8.65921
8.92733
9.28461
9.3082
9.21056
8.79094
8.78256
9.23823
9.64741
9.7327
9.31963
9.6629
9.2573
9.30407
9.32734
9.62684
9.77057
9.30161
9.69712
9.23975
9.35819
9.39951
9.49706
9.83389
9.83226
9.75621
9.47213
9.43107
9.86018
10.1997
10.323
9.93972
10.2554
9.89413
9.88494
10.0037
10.2314
10.4162
9.93722
10.318
9.94428
9.96738
10.181
10.1326
10.5175
10.5229
10.4308
10.2328
10.122
10.6851
10.8855
10.9806
10.7557
10.9191
10.6803
10.768
10.8812
11.012
11.1146
10.8303
11.0798
10.8893
10.8329
11.0262
11.0557
11.2557
11.1858
11.1829
11.0743
11.0155
18.9809
18.8571
18.8464
18.8305
19.0023
18.9845
18.8487
18.914
19.0055
19.0094
18.8878
19.0082
18.8959
18.8894
18.9005
19.03
18.9042
19.0171
19.0154
18.8792
18.9213
18.9641
18.989
18.9962
18.9053
19.0078
18.9111
18.9677
18.9566
19.0345
19.0472
19.0062
19.0284
18.9505
19.0051
18.9375
18.9915
18.9955
19.0369
19.0093
18.933
18.9962
18.6816
18.717
18.7195
18.5228
18.7641
18.578
18.6349
18.7444
18.869
18.892
18.8777
18.8371
18.7755
18.8579
18.669
18.7518
18.7455
18.8452
18.786
18.6303
18.7901
18.0096
17.9557
17.9744
17.5928
18.1142
17.8086
17.7544
18.0928
18.3968
18.416
18.3802
18.3039
18.2007
18.2916
17.9994
18.0678
18.0461
18.3191
18.1968
17.816
18.1836
15.9203
15.1528
15.5911
16.0429
16.1739
16.4541
15.7639
16.5979
17.1904
17.2868
17.2089
16.9649
16.8764
16.997
16.2739
16.459
16.5029
17.0605
16.6493
15.9826
16.717
9.11348
9.25844
9.26956
11.6524
12.433
11.9478
11.3862
13.4221
14.2163
14.8938
14.821
13.9488
13.6876
14.5863
12.8544
13.3351
13.9821
14.4427
13.3718
12.6449
14.1564
10.1658
10.4373
10.9914
9.15648
11.0156
9.04268
10.4297
11.6381
12.2538
12.9483
12.9042
12.1751
11.6699
12.8132
11.5943
12.0277
12.5686
12.833
12.1086
11.5283
12.6734
10.692
10.5277
11.0188
10.086
11.0289
9.95565
10.7453
11.4366
11.7679
12.2088
12.1376
11.7156
11.4203
12.1023
11.3921
11.9473
11.6106
12.1204
11.6574
11.4071
11.9889
10.7069
10.618
10.9207
10.4409
10.9145
10.4072
10.7063
11.2999
11.3887
11.7246
11.6566
11.3688
11.3024
11.611
11.3166
11.5451
11.376
11.7275
11.3643
11.2956
11.5924
11.1053
11.1147
11.499
11.0524
11.4114
11.0057
11.1348
11.6742
11.7343
12.1563
11.8114
11.8246
11.6469
11.8375
11.8506
12.0191
12.0198
12.2583
11.9368
11.8632
11.9925
19.2127
19.198
19.1902
19.2115
19.2457
19.2253
19.241
19.1965
19.188
19.2125
19.1682
19.2118
19.1647
19.2002
19.2062
19.2598
19.2533
19.2406
19.2383
19.235
19.2225
19.2028
19.1344
19.178
19.0963
19.1901
19.1078
19.1898
19.2504
19.2691
19.2887
19.2926
19.2577
19.2937
19.2448
19.2694
19.2447
19.2455
19.2973
19.2587
19.2313
19.2886
18.9437
18.8714
18.946
18.7453
18.9804
18.7854
18.9181
19.079
19.1603
19.2251
19.1791
19.1392
19.0962
19.1755
19.0169
19.1097
19.0713
19.193
19.1037
18.9965
19.1216
18.3458
18.252
18.331
18.0322
18.4269
18.1129
18.2798
18.617
18.7783
18.8306
18.8112
18.7079
18.6641
18.7733
18.5026
18.6174
18.5303
18.7397
18.6141
18.4457
18.6646
17.3393
17.1019
17.2008
16.8971
17.3556
17.0233
17.2279
17.7746
17.9285
17.9176
18.063
17.7917
17.8776
17.9711
17.609
17.6892
17.4773
17.7558
17.6297
17.4949
17.802
16.0097
15.6838
15.7525
15.5782
15.9212
15.7217
15.8649
16.6025
16.6213
16.6495
16.9268
16.4603
16.7352
16.7956
16.4635
16.5044
16.1446
16.5041
16.2961
16.3372
16.649
14.9643
14.5834
14.9178
14.6189
14.9584
14.7262
14.8679
15.6797
15.6309
15.9233
15.9541
15.5743
15.7879
15.8559
15.6575
15.7521
15.5023
15.8921
15.5325
15.5632
15.8326
14.7003
14.4997
14.9082
14.4681
14.897
14.5274
14.6389
15.4728
15.506
15.883
15.697
15.5244
15.5324
15.6287
15.5388
15.6438
15.5875
15.8963
15.5651
15.484
15.6724
19.4099
19.349
19.4366
19.4188
19.3607
19.3932
19.3439
19.3378
19.3945
19.3055
19.3884
19.3351
19.4175
19.3244
19.4119
19.3499
19.2939
19.3515
19.3753
19.39
19.3259
19.031
18.9964
18.9774
19.054
19.0174
19.0966
18.9923
19.2063
19.2179
19.2158
19.1547
19.1889
19.2329
19.1427
19.1755
19.0933
19.1292
19.1949
19.1585
19.1487
19.1154
18.5911
18.5571
18.6198
18.5507
18.6674
18.6267
18.5181
18.9288
18.9738
19.0258
18.9235
18.9398
18.9777
18.881
18.9047
18.7975
18.8763
19.0039
18.9108
18.8482
18.8525
18.183
18.1919
18.3304
18.1146
18.3667
18.2011
18.0599
18.6899
18.7761
18.8854
18.7038
18.7518
18.7605
18.6078
18.7684
18.6175
18.7463
18.9075
18.7641
18.6782
18.7104
19.8815
19.8534
19.8391
19.8498
19.9145
19.8938
19.8706
19.701
19.7369
19.7876
19.6957
19.777
19.6877
19.7054
19.8822
19.9493
19.9076
19.9323
19.9131
19.8938
19.8905
19.8263
19.8441
19.9183
19.8191
19.9083
19.8293
19.8197
20.0135
20.0255
20.0878
20.0126
20.0353
20.0095
20.0198
20.0492
20.0512
20.0817
20.1193
20.0695
20.0521
20.0461
19.2954
18.8752
18.7528
19.2208
19.3313
18.8464
19.1795
19.2653
19.0809
18.8406
18.738
19.209
18.8378
19.1438
18.3568
18.7126
18.4796
18.5689
18.5725
18.784
18.3879
18.0366
18.534
18.3101
18.4005
18.2775
18.253
18.624
18.6356
18.5734
18.4349
18.9088
18.8348
18.4027
18.7254
18.232
18.7602
18.3139
18.4796
18.3632
18.6845
18.5805
18.9127
18.5598
18.6132
19.1039
18.5033
19.0613
18.966
18.8651
18.4465
18.9586
18.5948
18.4738
19.0227
18.7878
19.3505
19.4067
19.2754
19.2576
19.3483
19.3429
19.2583
19.3437
19.2565
19.2076
19.2066
19.351
19.2748
19.2515
18.6319
18.9398
18.7879
18.8423
18.814
18.7037
18.957
19.0203
18.6286
18.7913
19.124
19.1432
18.7142
18.9928
19.0317
18.8733
19.1531
18.8703
19.1502
18.7936
19.0419
18.8698
18.9808
18.8589
18.8629
18.9368
18.9712
18.8827
19.0693
19.1651
19.1615
19.1675
19.0933
19.1661
19.0748
19.0559
18.9476
19.1577
19.0915
19.0227
19.1561
19.051
19.5488
19.8555
19.755
19.4808
19.5821
19.8135
19.448
19.4992
19.3727
19.7146
19.7052
19.4698
19.7651
19.3996
19.2266
19.0781
19.347
19.0318
19.0088
19.2843
19.0985
19.1084
19.2341
19.367
19.1879
19.1965
19.3061
19.0973
19.1413
19.4348
19.2476
19.4335
19.2287
19.3723
19.161
19.3944
19.1725
19.4048
19.0759
19.4522
19.1439
19.1066
19.2824
19.633
19.6553
19.4028
19.594
19.3696
19.3143
19.2325
19.4932
19.2918
19.6036
19.5418
19.3193
19.2056
19.9008
20.1347
20.0367
19.8289
19.9453
20.1036
19.7863
19.8568
19.7022
20.042
20.0096
19.8128
20.075
19.7442
19.4002
19.6778
19.7755
19.4554
19.4919
19.7101
19.3659
19.387
19.5917
19.6844
19.345
19.3117
19.657
19.4211
19.4498
19.5814
19.8146
19.7794
19.5428
19.7498
19.4857
19.6102
19.896
19.9391
19.7554
19.8688
19.7123
19.652
19.5018
19.6794
19.7187
19.383
19.7479
19.4623
19.4217
19.5697
19.6271
19.9123
19.8134
19.8438
19.6694
19.5289
20.2068
20.3642
20.2535
20.1169
20.2465
20.3328
20.0782
20.1781
20.0109
20.2727
20.2269
20.1368
20.3054
20.0501
19.7306
19.9164
20.0184
19.7945
19.8369
19.943
19.6876
19.6826
19.7733
19.8875
19.6139
19.5813
19.8538
19.716
19.76
19.9078
20.0409
19.9885
19.873
19.9605
19.7925
19.8805
20.0949
20.1511
20.0402
20.0685
20.0031
19.9148
19.7728
19.8564
19.9104
19.6333
19.9386
19.7399
19.663
19.8538
19.9373
20.1252
20.015
20.0439
19.9749
19.819
20.464
20.6085
20.4896
20.3859
20.5067
20.575
20.3438
20.4424
20.2774
20.5129
20.4611
20.4014
20.5456
20.3193
19.9771
20.1202
20.2364
20.0653
20.1058
20.1487
19.9383
19.9123
19.9622
20.0814
19.826
19.7902
20.0555
19.9519
19.9996
20.1712
20.2609
20.2002
20.1292
20.1716
20.0404
20.1285
20.3056
20.3732
20.302
20.2766
20.2602
20.1672
20.0143
20.0236
20.1011
19.8474
20.1276
19.973
19.8817
20.1045
20.1941
20.3474
20.223
20.2518
20.2376
20.0629
20.697
20.8383
20.7423
20.6605
20.7315
20.8137
20.6191
20.68
20.5476
20.7612
20.7155
20.6407
20.7904
20.5921
20.2315
20.3354
20.4671
20.3238
20.3652
20.3682
20.1896
20.1522
20.1556
20.2955
20.0503
20.0109
20.2645
20.1946
20.2544
20.4301
20.4975
20.4318
20.3858
20.3985
20.299
20.3954
20.5537
20.6197
20.5604
20.5223
20.5175
20.4426
20.2626
20.2456
20.3244
20.072
20.3574
20.2158
20.1189
20.3702
20.4504
20.5934
20.4613
20.4952
20.4967
20.3224
20.8256
20.9139
20.8894
20.8727
20.834
20.9142
20.8552
20.8305
20.8069
20.9081
20.8833
20.8118
20.9143
20.8316
20.5159
20.5791
20.6976
20.5798
20.6208
20.6055
20.4708
20.4136
20.3777
20.5135
20.3306
20.287
20.4849
20.4552
20.5384
20.667
20.7149
20.6552
20.6326
20.6272
20.5803
20.6653
20.7199
20.7724
20.7301
20.7066
20.7116
20.6937
20.5046
20.4539
20.5322
20.3509
20.5546
20.4669
20.3942
20.6401
20.677
20.7663
20.6736
20.6946
20.7032
20.6026
20.8428
20.8102
20.8412
20.856
20.7079
20.8549
20.9575
20.7589
20.8655
20.8399
20.9436
20.8105
20.846
20.8819
20.7353
20.7255
20.7758
20.7364
20.7415
20.729
20.7206
20.5929
20.5177
20.5837
20.5524
20.54
20.5921
20.5876
20.7709
20.7285
20.7711
20.721
20.7524
20.7304
20.7617
20.6529
20.8341
20.7086
20.6387
20.6917
20.7585
20.7273
20.5593
20.4954
20.5817
20.5947
20.5526
20.6326
20.5624
20.7466
20.7138
20.7602
20.7209
20.6907
20.6875
20.8237
21.0533
20.9487
21.0642
20.8993
20.8404
20.9732
20.8714
20.9983
20.8723
21.0104
20.8719
20.9287
20.8986
20.868
20.658
20.66
20.623
20.7094
20.7195
20.6267
20.8272
20.4332
20.4372
20.4649
20.573
20.5081
20.6267
20.461
20.6756
20.6256
20.6483
20.7916
20.6363
20.6832
20.7004
20.7521
20.728
20.6619
20.7233
20.6741
20.696
20.6966
20.3959
20.4505
20.4412
20.4412
20.5957
20.538
20.4795
20.7285
20.6452
20.6648
20.6865
20.6838
20.6404
20.7502
20.6391
20.8216
20.7073
20.6259
20.6986
20.6732
20.6864
20.5137
20.4736
20.5066
20.4724
20.3795
20.4626
20.4206
20.7903
20.6799
20.7019
20.6079
20.5496
20.7532
20.5411
20.6299
20.4244
20.4031
20.5246
20.4145
20.4783
20.3532
20.4145
20.3092
19.7787
20.6202
20.5467
20.4482
20.7539
20.5453
20.5206
20.66
21.4315
20.7646
20.5546
21.0347
20.7847
20.5498
20.6931
20.521
20.7136
20.0747
20.3122
21.08
20.4076
20.7499
20.4869
21.7266
21.5307
22.0053
22.095
21.4461
21.8562
21.6338
21.352
21.8191
21.9137
21.568
21.4575
21.6668
21.3625
21.4486
21.8617
21.2326
21.8761
21.1213
21.607
21.8092
22.0872
21.5569
21.3973
20.8882
20.9668
21.2775
20.9125
20.9167
20.9925
21.6049
21.3426
21.0021
20.8561
21.4502
21.3091
21.0174
21.0116
21.1848
20.835
20.6847
20.5352
21.1917
20.5463
20.8707
21.0354
20.3158
20.8336
20.9833
20.2769
20.3904
20.1934
20.4368
20.7116
20.3462
20.8878
20.5997
20.7568
20.4582
9.06803
9.21021
9.22872
9.1452
9.0436
8.87215
8.73253
8.60608
8.86372
8.85847
10.6132
10.4977
10.5947
10.3379
10.3621
10.4384
10.3015
10.4388
10.6104
10.3816
10.2401
10.2541
9.999
9.92156
10.1399
9.9162
10.1565
10.0736
10.0242
10.3491
10.264
10.0571
10.083
10.246
10.151
9.83256
9.91424
10.0893
10.0527
9.67834
9.63476
9.58516
9.75335
10.3008
10.1723
10.1197
9.86444
10.0009
10.0012
9.91501
9.61694
9.66145
9.83928
9.78241
9.68837
9.49417
9.81215
9.24878
9.25157
9.39551
9.43559
9.21999
9.30236
9.35998
9.45991
9.69866
10.4112
10.4209
10.3139
10.0681
10.2005
10.1422
10.0853
9.9972
10.1801
10.2546
9.87015
9.66305
9.81382
9.69775
10.381
10.2249
10.2554
10.0292
10.081
10.1139
9.99072
9.95644
9.92348
10.0132
9.89523
9.73043
9.74539
9.82012
9.77291
9.83128
9.70479
9.59758
9.60849
9.78467
9.82129
9.55952
9.68093
9.80282
9.95886
9.97772
9.71066
9.79584
9.81814
9.99903
9.91609
9.32534
9.12449
9.43812
9.47207
9.40061
9.21637
9.50351
9.31189
9.23693
9.43585
9.56265
9.25821
9.08865
9.11133
9.4058
9.49875
9.0468
9.06704
8.9144
8.7614
9.08016
8.87375
9.08584
9.35608
9.02647
10.8506
10.7254
10.8428
10.6291
10.4561
10.6365
10.4959
10.8551
10.6969
10.8269
10.5856
10.4698
10.57
10.4597
10.3342
10.6155
10.4182
10.1216
10.2451
10.2601
10.1155
10.2228
10.403
10.3933
10.1002
9.90179
9.91331
10.0854
10.5968
10.473
10.4454
10.178
10.3178
10.3124
10.1909
10.5635
10.6719
10.5571
10.2386
10.4229
10.4401
10.1978
10.3193
10.4369
10.4481
10.1292
9.95628
10.1406
9.95212
10.6586
10.4991
10.5089
10.2128
10.3799
10.3797
10.2239
10.7395
10.906
10.826
10.4702
10.6781
10.913
10.5058
10.6845
10.9024
10.4982
10.806
10.7343
10.8951
10.4466
10.5915
10.2048
10.7018
10.4883
10.4543
10.5945
10.2485
10.2778
10.4385
10.5558
10.0516
10.0798
10.5484
10.2373
10.2682
10.724
10.4776
10.6229
10.5224
10.6224
10.2212
10.3325
10.6821
10.7678
10.4953
10.6729
10.5391
10.3043
10.2793
10.5062
10.5865
10.1142
10.6007
10.3103
10.0947
10.263
10.5395
10.7448
10.6492
10.6528
10.484
10.2875
10.7253
10.9569
10.8918
10.5328
10.6906
10.9552
10.5607
10.681
10.5429
10.9486
10.8805
10.7201
10.9482
10.5129
10.337
10.7028
10.7953
10.5488
10.5127
10.7177
10.3582
10.4256
10.6437
10.7281
10.2625
10.2751
10.704
10.4179
10.3918
10.5309
10.81
10.7497
10.5596
10.7341
10.3724
10.4567
10.8343
10.8701
10.5873
10.8074
10.6065
10.442
10.4591
10.7293
10.7492
10.325
10.7808
10.4655
10.3235
10.4128
10.5788
10.8544
10.7711
10.7904
10.556
10.4276
10.7518
11.0326
10.9856
10.6386
10.7397
11.0241
10.6361
10.7141
10.6134
11.0028
10.9767
10.7461
11.0094
10.5963
10.476
10.8488
10.9161
10.6249
10.6026
10.868
10.4867
10.611
10.8794
10.9213
10.5373
10.5275
10.9004
10.6257
10.5361
10.636
10.9314
10.9058
10.6505
10.8888
10.5331
10.6379
11.0072
11.0187
10.719
10.9844
10.7124
10.6437
10.6925
10.9397
10.9507
10.6071
10.9737
10.6848
10.6186
10.587
10.68
10.9971
10.9309
10.9514
10.6748
10.5888
10.8811
11.0431
11.0731
10.8173
10.8284
10.7758
11.0712
11.0307
10.8384
11.0589
10.7503
11.0434
10.8438
10.8425
10.8688
11.1244
11.1224
10.8866
10.7002
11.025
11.0512
10.7568
10.7762
11.036
10.6829
10.7383
11.0275
10.8478
11.062
10.8313
11.0329
10.7617
11.0146
10.8563
10.8847
10.9488
11.1374
11.1446
10.9332
10.8595
11.0992
11.0255
10.9301
10.7994
11.0319
10.91
11.0806
11.0268
10.8728
10.8058
18.25
17.8858
18.036
18.2993
18.3801
18.1615
18.4794
18.3513
17.9848
18.0015
18.3258
18.351
18.4149
18.2261
17.6333
18.1131
17.9938
18.225
17.9236
18.1041
18.1028
17.7043
17.2751
18.0396
17.7524
17.6982
17.3951
18.0213
17.5468
17.7842
17.9033
17.7389
17.9344
17.2211
17.5268
17.8146
17.7261
17.3465
17.7188
17.7951
17.7948
17.9001
17.4828
17.8132
17.8775
18.7058
17.984
17.4292
18.2243
18.4347
18.2338
18.4193
18.2179
17.7235
18.3751
18.0945
17.9574
18.1304
17.9535
17.9703
17.8065
18.1778
17.972
17.9772
17.8312
18.0612
18.5539
18.3567
18.0377
18.2913
18.3116
18.4339
18.1043
18.1451
18.3459
17.0622
17.4448
17.2653
17.2982
17.4952
17.0746
17.3411
17.6762
17.435
17.502
17.4628
17.8263
17.6306
17.6425
17.7685
17.4729
17.8311
17.7323
17.5654
17.8281
17.8873
17.7929
17.5581
17.8964
18.2775
18.1597
18.0986
18.0986
18.3515
18.152
18.2824
18.0414
17.8964
18.0193
18.0202
17.846
18.0368
17.8982
18.0607
17.9006
18.0731
17.927
18.0289
18.0917
17.9552
18.4389
18.4347
18.134
18.4101
18.192
18.3334
18.0887
18.2009
18.317
18.8251
18.5976
18.7601
18.7558
18.8119
18.7164
18.8337
19.0286
18.7291
18.817
18.7748
18.8011
18.8042
18.6969
18.5769
18.7874
18.7648
18.7447
18.6302
18.704
18.7048
18.1498
18.6009
18.6951
18.4955
18.3987
18.4897
18.3894
18.89
18.313
18.5152
18.6158
18.426
18.736
18.361
18.4954
18.6376
18.5255
18.6098
18.4363
18.6139
18.3906
18.618
18.3603
18.3157
18.6574
18.3785
18.4239
18.2857
18.4535
18.4181
18.6547
18.5125
18.5935
18.9384
18.6877
18.6559
18.7409
18.806
18.7564
18.7979
19.46
17.9304
19.0905
18.8355
18.6875
18.8496
18.8938
18.4498
19.005
18.7784
18.689
18.7736
18.6559
18.6759
18.8144
18.8649
18.8906
18.7386
18.8052
18.7914
18.7839
18.6479
18.808
18.5235
18.8975
18.6655
18.3232
18.5376
18.3989
18.3953
18.4109
18.319
18.5236
18.6172
18.5648
18.557
18.6101
18.5845
18.5499
18.5227
18.5734
18.424
18.4533
18.5672
18.3382
18.3566
18.4068
18.5636
18.5837
18.6079
18.5623
18.6321
18.7361
18.6335
18.7954
18.7903
18.6251
18.7312
18.7246
18.8679
18.8213
18.8372
18.6968
18.8386
18.8349
18.8122
18.6007
18.7486
18.8097
18.6393
18.7603
19.3228
19.2154
19.2816
19.0313
19.0355
18.9991
19.0713
19.2763
19.1512
19.2307
19.0498
19.0585
19.0887
19.0228
19.1397
19.2648
19.2587
19.0163
18.9686
18.9725
19.0022
18.7631
18.8981
19.025
18.891
18.8237
18.8742
18.8129
18.2882
19.2752
18.77
18.9283
19.0487
18.9302
19.0309
18.8352
19.1358
18.8277
18.9237
18.9518
18.9064
18.9833
18.878
18.7901
18.8471
18.8911
18.8579
18.7936
18.9356
18.9388
19.0643
19.1011
18.8887
18.8656
19.0373
18.9895
19.1945
18.9266
19.1739
19.0108
18.9705
18.9667
19.025
19.0906
19.0822
18.8807
18.9991
19.0536
19.0125
19.0488
18.9288
19.4328
19.2709
19.0063
18.9412
19.0163
18.9533
19.0561
18.9645
19.0916
19.0159
19.0181
19.1223
18.9982
18.8914
19.0779
18.9564
18.9433
19.0046
19.0616
18.8826
18.9238
18.8447
18.8051
18.8558
18.8217
18.9096
18.877
18.9562
19.0163
19.0766
18.8479
18.9482
19.0819
18.8823
19.0007
19.0663
19.1074
19.0918
18.9653
19.0509
18.9941
19.1034
18.9657
19.054
18.9774
19.0914
19.0634
18.9937
19.3027
19.5824
19.4937
19.3272
19.2752
19.5163
19.3593
19.2696
19.4706
19.3716
19.2569
19.2947
19.4372
19.2342
19.248
19.1975
19.4068
19.3786
19.2218
19.4316
19.217
19.0732
19.0557
19.3677
19.0926
19.0643
19.0621
19.1104
19.0079
19.0974
19.2257
19.0795
19.102
19.2284
19.0566
19.0698
19.5111
19.2229
19.135
19.108
19.1268
19.1347
19.1226
19.2943
18.9915
19.0708
19.1805
19.0928
19.1143
19.1572
19.287
19.231
19.1985
19.1799
19.1837
19.1746
19.1469
19.1801
19.1424
19.3221
19.2395
19.1655
19.1168
19.4821
19.7494
19.6423
19.5521
19.4605
19.6674
19.5777
19.4154
19.5815
19.4834
19.3419
19.4288
19.5699
19.3309
19.3981
19.3053
19.5369
19.48
19.383
19.5605
19.3185
18.9832
19.1064
19.2303
19.0935
19.0678
19.1746
19.1364
19.198
19.2526
19.4001
19.2048
19.2342
19.3829
19.1653
19.1533
19.3241
19.2416
19.3325
19.2287
19.2527
19.1814
19.223
19.1175
19.1473
19.062
19.2383
19.116
19.0814
19.1754
19.3516
19.3757
19.2504
19.2805
19.2425
19.1795
19.1802
19.2224
19.2394
19.3853
19.3009
19.2425
19.174
19.6412
19.8874
19.7684
19.746
19.6236
19.783
19.7703
19.5383
19.671
19.5533
19.4148
19.5489
19.6635
19.4153
19.5166
19.3931
19.6339
19.5372
19.5068
19.6424
19.3935
19.0099
19.0541
19.1607
18.9738
18.9801
19.091
19.0483
19.1878
19.2904
19.3976
19.2443
19.2638
19.3213
19.1698
19.1605
19.3005
19.2592
19.3643
19.2525
19.2693
19.1631
19.1164
19.0224
19.1237
18.9344
19.1818
19.0314
18.9229
19.1545
19.2818
19.3992
19.2732
19.281
19.2772
19.1432
19.1494
19.2822
19.2657
19.3943
19.2969
19.2636
19.1591
19.8429
20.0922
19.9428
19.9462
19.8
19.9708
19.9915
19.718
19.8513
19.6963
19.6063
19.7632
19.8259
19.5745
19.6961
19.5121
19.7782
19.6723
19.6572
19.803
19.5448
18.9286
18.8373
18.8368
18.9924
19.1296
19.1097
18.9885
19.1502
19.277
19.4137
19.2932
19.2907
19.2829
19.1576
19.1709
19.3083
19.3199
19.4341
19.3163
19.2954
19.17
19.0159
18.8432
18.8487
19.0103
19.1285
19.1467
19.0078
19.2469
19.3883
19.5083
19.4194
19.372
19.4032
19.257
19.2047
19.3281
19.3503
19.4805
19.342
19.3676
19.2
20.1206
20.2986
20.1549
20.2079
20.0711
20.1845
20.2537
19.983
20.0645
19.9156
19.8918
20.035
20.0377
19.84
19.9661
19.7676
19.9873
19.8931
19.9161
20.0179
19.8179
19.3224
19.4284
19.5808
19.4607
19.4851
19.4457
19.3097
19.1901
19.1631
19.3185
19.0503
19.0314
19.2968
19.2094
19.381
19.5597
19.6224
19.511
19.5292
19.4909
19.4005
19.5328
19.6415
19.741
19.7231
19.6151
19.6721
19.5814
19.3082
19.2635
19.3677
19.1234
19.3951
19.2726
19.1474
19.497
19.5968
19.7149
19.5547
19.5851
19.6458
19.452
20.3217
20.342
20.2641
20.3951
20.3076
20.2657
20.3764
20.1532
20.0931
20.0111
20.0733
20.1434
20.1034
20.0589
20.1463
20.0185
20.1057
20.011
20.1317
20.1071
20.0446
19.6574
19.6643
19.8091
19.7441
19.7908
19.6902
19.6081
19.5063
19.4346
19.571
19.4303
19.3787
19.5445
19.5526
19.6739
19.8412
19.8223
19.7303
19.8072
19.7056
19.724
19.7722
19.7646
19.8544
19.9012
19.7537
19.8813
19.8056
19.6116
19.5106
19.5866
19.4493
19.609
19.5656
19.4964
19.7706
19.8434
19.8556
19.7345
19.7576
19.8784
19.7225
20.1851
20.2614
20.1806
20.3593
20.3758
20.1384
20.2395
20.1075
19.9274
19.9201
19.9894
19.9892
19.9685
20.0978
20.0356
20.0191
20.1065
19.9211
20.1472
19.9706
20.0366
19.8231
19.7582
19.8417
19.9032
19.9055
19.7546
19.812
19.6517
19.529
19.6002
19.5752
19.566
19.608
19.65
19.8227
19.8654
19.8274
19.7381
19.9021
19.7448
19.8215
19.8218
19.6656
19.7613
19.767
19.6971
19.8699
19.7577
19.6131
19.5109
19.5882
19.5714
19.5703
19.641
19.5675
19.8021
19.8765
19.7706
19.7284
19.7066
19.8228
19.8328
20.1649
20.1275
20.109
20.1641
20.1492
20.2221
20.134
19.7765
19.8525
19.8284
19.7825
19.8187
19.8249
19.8493
19.8639
19.8719
19.8128
19.9394
19.9241
19.8279
19.8419
19.7008
19.6596
19.6646
19.8284
19.7098
19.6166
19.8049
19.5362
19.4067
19.4109
19.4466
19.5069
19.4556
19.4411
19.7581
19.6534
19.6549
19.5712
19.7667
19.6086
19.6514
19.4979
19.6055
19.5481
19.5535
19.5364
19.5921
19.5705
19.405
19.3211
19.384
19.4406
19.3515
19.4475
19.4017
19.6106
19.5689
19.6889
19.5597
19.5309
19.6052
19.6744
20.0282
19.6856
19.4298
17.9
19.4855
19.2507
19.332
19.5813
19.5034
20.0388
19.7181
19.4534
19.4848
19.4235
20.179
19.4793
19.4558
19.4653
19.7465
19.5938
19.8874
19.6965
19.8595
19.7478
19.4734
19.2502
19.3007
19.5242
19.484
19.4376
19.4874
19.4593
19.5219
19.4561
19.5339
19.1625
19.0792
19.1516
19.1815
19.118
19.2103
19.1056
19.3717
19.5497
19.4175
19.4187
19.3932
19.4276
19.3941
19.2323
19.0359
19.2462
19.1265
19.0308
19.3145
19.0005
19.0196
19.0147
18.9347
18.9968
19.043
19.0514
18.9806
19.3073
19.2456
19.347
19.2086
19.3274
19.2821
19.2709
20.5546
19.892
19.9535
20.0008
20.2757
20.596
19.933
19.9381
20.2207
20
20.6844
20.0708
20.5466
19.8873
19.8558
19.8957
19.3219
19.7322
19.7466
19.4178
19.348
19.6943
19.5465
20.0597
20.0815
19.4262
19.7241
19.5738
20.0788
19.3714
19.8056
19.6724
20.1891
19.6875
19.5556
19.9791
19.8643
19.7348
19.4295
19.445
19.8116
19.3286
19.0345
17.1505
18.9673
18.8553
19.2637
19.0297
18.9493
18.7411
19.1479
18.5524
18.4951
18.3947
18.4504
18.7428
19.278
18.7471
18.8002
18.718
18.6804
19.6031
19.0156
18.8699
19.1322
18.9275
18.7516
18.6113
18.4423
18.8493
18.2123
18.3242
19.0822
18.3912
18.8242
16.2924
18.2707
18.4987
18.1508
18.0592
18.1777
18.4328
18.5974
18.2608
18.8253
19.1005
18.6948
18.7133
19.4895
18.8435
19.1061
18.1013
18.8386
18.4264
18.4343
18.2483
18.8476
18.1091
18.6549
18.6704
18.7211
18.8022
18.7416
19.5076
19.156
18.9521
18.8605
18.8174
19.1194
18.4679
18.3015
18.987
18.251
18.546
18.9028
18.1382
17.997
18.4298
17.9277
18.4318
18.0137
18.1876
17.9806
18.5321
18.48
18.0945
7.87048
8.25656
7.04293
6.91936
7.14815
7.42179
7.09222
7.07092
7.34954
7.40703
8.41917
8.7155
8.29297
7.64718
7.91557
7.80054
7.70848
7.98066
7.8388
8.09258
7.37712
7.07782
7.30169
7.19148
8.41201
7.54317
7.59154
7.49925
7.67592
7.82449
7.6431
7.58142
7.70548
7.59448
7.63248
7.49503
7.45945
7.26934
7.25269
7.48719
7.20823
7.56091
7.76842
7.71025
7.88809
7.80855
7.86833
7.32941
7.42698
7.39248
7.22269
7.2832
7.94513
7.87264
7.87568
7.89106
8.09259
7.88519
7.94319
7.84444
7.90741
7.74182
7.83942
7.90181
7.9807
7.99494
7.82757
7.85747
7.49047
7.50346
7.56045
7.6911
7.52256
7.55332
7.54161
7.51695
7.64005
7.32404
7.37074
7.51173
7.56878
7.47531
7.4028
7.38946
9.53959
9.2981
9.38865
8.93039
9.02314
8.86059
9.06995
9.48338
9.26628
9.38542
8.86681
8.66624
8.9419
8.61254
9.20681
9.11952
9.2675
8.77334
8.49801
8.68546
8.56294
8.53556
8.68757
8.73284
8.83796
8.62347
8.77418
8.72993
8.50667
8.6941
8.54585
7.87366
7.9934
8.11032
7.82117
8.4097
8.65188
8.64148
7.86647
7.67652
7.5597
7.97711
8.77876
8.78498
8.62423
7.94355
8.28767
8.19843
7.97872
8.99141
9.13019
8.92419
8.24656
8.63777
8.56962
8.30426
8.65526
8.72827
8.80584
8.21552
7.8086
8.08483
7.9181
9.12603
8.69759
8.8656
8.13616
8.39874
8.44875
8.089
8.43255
8.30907
8.1407
8.11652
8.10924
8.05592
8.11583
8.26589
8.22033
8.36298
8.33761
8.23429
8.22741
8.16574
8.07896
8.08961
7.95514
7.85503
7.99277
8.05177
8.0389
8.06939
8.33167
7.85029
7.85556
7.80971
7.81645
7.92023
8.77808
8.51185
8.60624
8.43776
8.45341
8.68012
8.39283
8.51153
8.38909
8.14874
8.41574
8.58918
8.13799
8.42198
9.99319
9.37355
9.77734
9.56043
9.34534
9.822
9.59331
9.39228
9.84048
9.65249
9.13623
9.4098
9.80853
9.0931
9.30884
9.72765
8.98024
9.59978
9.30545
9.75378
9.00699
9.07108
8.45675
9.31912
8.76624
8.82639
9.11942
8.38655
8.68666
9.10179
9.2531
8.49492
8.38665
9.19628
8.78156
8.53398
9.37764
8.97132
9.27657
8.91565
9.22649
8.60304
8.8473
9.51636
9.59255
9.18598
9.47085
9.16955
8.9057
8.91971
9.30848
9.32735
8.58796
9.37362
8.86087
8.70857
8.75274
9.0523
9.535
9.35248
9.40239
9.09588
8.69056
10.2292
9.71018
10.0791
9.89016
9.70124
10.1055
9.89443
9.75085
10.0907
9.96224
9.59414
9.76536
10.0564
9.57742
9.69001
9.99619
9.47146
9.92774
9.66742
10.0246
9.49682
9.07089
9.5778
9.71967
9.25343
9.28018
9.62584
9.00272
9.24072
9.61553
9.70877
9.19542
9.14358
9.65733
9.29029
9.1748
9.39432
9.76208
9.72124
9.36032
9.67698
9.22094
9.44438
9.91389
9.92492
9.61902
9.86281
9.59081
9.4758
9.42141
9.7887
9.76028
9.2859
9.81237
9.37786
9.32984
9.35282
9.47443
9.88153
9.76804
9.81434
9.50778
9.31595
9.95531
10.4542
10.3356
10.1228
9.96012
10.371
10.114
10.0941
10.4421
10.3407
9.94644
10.0986
10.3944
9.94211
10.0111
9.84827
10.2992
10.2778
10.004
10.3417
9.85214
9.59001
9.96877
10.0615
9.71031
9.72564
10.0175
9.56962
9.78717
10.115
10.173
9.73766
9.7083
10.1157
9.81805
9.68574
9.84337
10.1223
10.1401
9.82378
10.0821
9.698
9.9188
10.3951
10.3575
10.0688
10.333
10.0582
9.93981
9.96482
10.3211
10.2436
9.86002
10.3094
9.93657
9.88687
9.80726
9.94302
10.2925
10.2046
10.2589
9.95701
9.79468
10.3004
10.7312
10.6638
10.3923
10.2828
10.702
10.3997
10.5153
10.8242
10.7806
10.4656
10.5544
10.7843
10.4265
10.4199
10.2895
10.693
10.7322
10.3886
10.7388
10.3277
10.0942
10.4749
10.5546
10.174
10.1922
10.5416
10.0617
10.4314
10.7272
10.7871
10.452
10.3885
10.7092
10.4863
10.2135
10.3328
10.6255
10.6944
10.2986
10.6204
10.259
10.5251
10.9196
10.8672
10.6402
10.8748
10.5893
10.5917
10.6597
10.9388
10.8705
10.5707
10.9497
10.6
10.633
10.4258
10.4344
10.8093
10.7648
10.8253
10.4843
10.368
11.1468
10.8918
10.9458
10.96
11.0333
11.1247
10.8837
10.6774
11.0025
10.9615
10.759
10.6941
10.9724
10.7644
10.8636
11.0051
10.7906
11.0467
10.8892
11.0684
10.7832
11.1096
11.0128
10.9139
11.0062
11.2965
11.2861
11.0555
10.7378
10.9567
11.0178
10.7405
10.7903
10.9854
10.6822
10.8053
11.0242
10.912
11.065
10.889
11.0059
10.8428
10.9873
11.0805
11.0344
10.9805
11.2565
11.0563
11.0774
11.0049
11.0656
11.0999
11.1567
11.3754
11.4858
11.0967
10.9118
11.245
11.0505
11.0167
11.0574
11.0025
10.9155
19.2878
18.9964
19.0477
19.0434
19.0443
18.9934
19.0276
19.1036
19.0493
19.098
19.1227
19.1107
19.0743
19.1005
19.0719
19.0307
19.0579
19.0874
19.0959
19.1102
19.0786
19.2967
18.9707
19.0657
19.0455
19.4492
19.1227
19.8538
19.1617
19.0938
19.2461
19.1514
19.2008
19.2374
19.1918
19.0507
19.1272
19.1192
19.0837
19.1319
19.0929
19.1617
19.0878
19.2867
19.2964
19.0452
19.1382
19.1243
19.1215
19.104
19.0379
19.135
19.1652
19.0323
19.1591
19.1525
19.162
19.1266
19.1074
19.1256
19.0114
19.1316
19.0395
19.1365
19.1324
19.0707
19.0687
19.0655
19.0749
19.1291
19.0668
19.2334
19.233
19.0201
19.2032
19.1288
19.1362
19.1346
18.9923
19.1252
19.0626
19.0731
19.0447
19.1201
19.1322
19.0443
19.0633
19.2492
19.2418
19.2639
18.9322
19.3998
19.0673
19.0425
19.0195
19.0602
19.1551
18.9086
18.7347
18.9188
18.9342
18.9235
18.9314
18.3814
19.8337
19.3836
19.0272
18.988
19.0489
19.1197
18.9321
19.1252
18.9981
19.1212
19.0516
18.9626
18.9995
18.995
18.8896
18.982
19.0138
18.877
19.1046
19.1052
19.1048
19.105
18.9704
19.0055
19.0051
18.9709
19.0056
18.9582
18.989
18.9755
19.02
19.1457
19.1128
19.007
19.0121
19.1236
19.0187
19.1102
19.1238
19.1024
19.1131
18.8172
18.8753
18.8182
18.826
18.8627
18.8815
18.8289
18.9
19.0319
18.9571
18.9628
18.9006
19.0349
18.9798
18.8692
19.0322
18.9893
18.8976
19.0386
18.8242
18.8623
18.905
18.8281
18.8143
18.8847
18.8311
19.1847
18.7455
19.0063
18.7136
18.7933
18.7207
18.815
18.8205
18.3959
18.4209
18.4937
18.601
18.5208
18.422
18.7245
18.859
18.9344
18.6261
18.5859
18.6675
18.5565
18.676
18.6447
18.4856
18.6848
18.8134
18.5758
18.5246
18.7839
18.9633
18.3659
18.2628
18.3609
19.0366
18.5856
18.5552
18.2471
18.2447
18.3996
18.6567
18.4402
18.5838
18.772
18.6514
18.7495
18.7666
18.7251
18.7852
18.6591
18.6974
18.5567
18.7263
18.7463
18.5602
18.7234
18.5649
18.7426
18.5779
18.7238
18.5532
18.7423
18.7218
18.5608
18.765
18.7227
18.6606
18.7774
18.76
18.781
18.6594
18.6079
18.3338
18.4435
18.4721
18.4182
18.6354
18.3449
18.4707
18.3557
18.4198
18.6349
18.4705
18.6322
18.3496
18.751
18.7526
17.9689
18.1132
18.133
17.9778
18.1549
18.1385
18.3374
18.4286
18.3571
18.3757
18.4394
18.3631
18.8162
19.0802
18.9252
18.926
18.788
18.9575
18.9537
18.7307
18.9074
18.7706
18.6698
18.762
18.8673
18.6353
18.6301
18.4789
18.7581
18.6886
18.5935
18.7921
18.5282
17.7533
17.9242
17.7551
17.9088
18.0345
17.9716
18.0468
18.1431
18.1236
18.0555
17.9496
18.3447
18.1408
18.064
18.0328
18.4299
18.332
18.1842
18.1221
18.2142
18.1597
18.4954
18.2025
18.2788
18.2395
18.2321
18.5273
18.139
18.4474
18.6651
18.6285
18.5206
18.592
18.4784
18.4772
18.3318
18.3899
18.3088
18.576
18.5112
18.354
18.2575
19.2429
19.3708
19.2562
19.2901
19.1937
19.2837
19.337
19.1244
19.2028
19.1165
19.0854
19.1641
19.18
19.0545
19.0983
18.9793
19.1317
19.0873
19.0479
19.1622
19.021
18.782
18.6382
18.6187
18.6098
18.8194
18.7858
18.6478
18.6329
18.7238
18.8285
18.6127
18.6758
18.7752
18.5798
18.6884
18.8775
18.7829
18.875
18.736
18.8283
18.7434
18.8858
18.7299
18.7292
18.744
18.8749
18.9008
18.7336
18.9145
19.0185
19.0353
18.9591
19.0012
18.9355
18.9155
18.8327
18.9285
18.846
18.9925
18.9548
18.8762
18.8221
19.3654
19.3951
19.3389
19.4168
19.3515
19.339
19.4187
19.2184
19.2186
19.1885
19.1839
19.2182
19.2287
19.1793
19.2394
19.1792
19.2432
19.2037
19.2194
19.2472
19.1978
19.0012
19.0535
19.106
18.9979
19.0295
19.0721
18.9777
18.9385
19.0243
19.0437
18.9555
18.9414
19.0344
18.9534
19.0252
19.0704
19.1177
19.0966
19.044
19.0881
19.0467
19.0592
19.0902
19.1172
19.0801
19.094
19.075
19.0693
18.9846
19.0461
19.0507
18.9798
19.0564
18.9648
18.9868
19.0682
19.0707
19.1293
19.0988
19.1016
19.0878
19.0516
19.1964
19.1831
19.1817
19.237
19.2293
19.155
19.1982
18.9871
18.9804
18.9977
18.9577
18.9432
19.0148
18.9951
19.0411
19.0709
19.0885
19.0394
19.0712
19.0585
19.0424
19.0465
19.0732
19.0753
19.0553
19.0443
19.0633
19.047
18.9358
19.006
18.9833
18.9586
18.9631
19
18.9249
19.0163
18.9937
19.0511
19.0207
19.0126
19.0388
19.003
18.8842
18.8859
18.9203
18.8242
18.9157
18.8656
18.8469
18.8602
18.937
18.9494
18.9179
18.9257
18.8806
18.9001
18.9406
18.9503
18.9687
18.9862
18.9621
18.9236
18.9622
18.7455
18.7655
18.8763
18.7429
18.8223
18.7847
18.7301
18.4004
18.4373
18.5399
18.3657
18.2849
18.4875
18.4659
18.5096
18.6738
18.6325
18.6334
18.5909
18.5962
18.5543
18.7337
18.838
18.7887
18.7497
18.6949
18.7974
18.7857
18.5572
18.7246
18.6385
18.5724
18.6305
18.694
18.4934
18.6621
18.5445
18.726
18.6846
18.6111
18.7376
18.6
18.3616
18.3358
18.405
18.1612
18.4527
18.264
18.2278
18.317
18.5376
18.5627
18.4838
18.4897
18.3982
18.4065
18.4324
18.5076
18.4529
18.6111
18.5421
18.3692
18.514
17.8868
18.165
18.1417
17.7803
18.2102
17.9722
17.8446
16.9485
17.6507
17.1336
17.4309
17.4591
17.4491
17.3145
17.777
17.2391
17.1542
17.4849
18.1197
18.2907
17.4467
17.7337
17.5796
17.5057
17.6074
17.7374
17.7683
17.4952
18.2535
18.0363
18.134
17.9808
18.0377
17.9339
18.1142
18.0003
17.7302
17.8976
17.7278
17.6248
17.8382
17.526
17.8982
17.8343
18.018
17.856
17.6271
17.7509
17.6785
17.3286
17.0619
16.8654
17.2516
16.8585
17.0452
17.0476
17.5009
17.5198
17.3351
17.14
17.4887
17.3776
17.2424
17.2727
17.6879
17.5357
17.3024
17.4571
17.2668
17.4946
17.5699
17.0821
16.9982
17.2314
18.144
18.054
17.3207
7.84284
7.57491
7.79026
6.75449
6.94314
6.68841
7.03796
8.0235
7.95089
7.87083
6.86411
7.15641
7.1013
6.92261
7.68384
7.81708
7.76126
6.76467
6.57865
6.58469
6.79468
7.20823
7.37742
6.13768
7.76196
6.42943
6.46962
6.17287
9.03704
8.57311
8.32253
6.67167
8.10464
7.91111
6.92458
7.51205
8.00872
7.8276
6.58988
6.39374
6.23484
6.79732
8.66511
8.1845
8.51641
7.37086
7.20268
6.87915
7.70789
9.47221
8.72558
8.88202
7.51251
8.26466
7.22127
8.50729
8.01782
8.196
8.30965
7.25718
6.52955
6.77075
6.91932
7.22756
7.34826
7.18661
7.19882
7.47502
7.38788
7.3072
8.67322
7.87194
8.537
7.84469
7.66182
8.64262
8.0102
8.11088
8.95969
8.96787
8.42879
8.31479
8.85973
8.21077
8.03649
8.64897
7.8969
8.85929
7.8318
8.75953
8.1432
8.80789
8.18679
8.61249
7.34027
7.64911
8.93848
7.8714
8.58934
9.93284
9.57392
9.4988
9.31523
9.46602
8.85538
8.27441
8.74118
8.03643
9.17067
7.73783
9.05194
8.51898
8.85451
9.52773
9.19485
8.65567
9.44993
8.46197
9.02702
9.1279
10.0874
9.64814
9.55075
9.7215
8.94531
9.69706
8.79676
8.13534
9.09209
9.27258
9.36381
8.36908
8.5834
8.82528
9.33886
9.27871
8.75303
8.71151
9.34831
8.85039
9.05942
9.56553
9.57368
9.22695
9.15587
9.49889
9.14282
8.98338
8.98099
9.36038
9.51234
8.86247
9.43398
9.08055
9.20793
9.58517
9.43825
8.74281
8.91264
9.64474
9.0798
9.60565
10.2394
10.0198
9.97167
9.9262
9.97631
9.69597
9.25672
9.13393
9.49682
9.74282
8.99255
9.68931
9.35555
9.53049
9.96029
9.74572
9.46487
9.89578
9.3918
9.59104
9.83353
10.3451
10.0617
10.0117
10.1168
9.75899
10.0365
9.48306
9.20416
9.68073
9.7871
9.84591
9.3156
9.40656
9.43082
9.84048
9.79429
9.41628
9.37778
9.86905
9.47461
9.75418
10.1366
10.1439
9.79041
9.80496
10.0582
9.75241
9.63383
9.59631
9.90235
10.0548
9.56635
9.97901
9.63748
9.72697
10.0287
9.94203
9.55354
9.61703
10.0986
9.66892
10.2596
10.6887
10.5416
10.3884
10.3722
10.4551
10.3075
9.82622
9.79084
10.0205
10.2451
9.73425
10.1719
9.86478
10.1361
10.6086
10.3671
10.1764
10.5215
10.128
10.1407
10.5275
10.958
10.6577
10.5188
10.7543
10.4844
10.4876
9.99397
9.91493
10.2581
10.3372
10.4126
9.96795
9.98346
10.0616
10.4361
10.4204
10.0886
10.0358
10.4948
10.1281
10.6935
10.8998
10.9097
10.5954
10.6764
10.8284
10.6081
10.4686
10.3686
10.6357
10.7955
10.4442
10.7116
10.353
11.473
11.1572
11.1895
11.2584
11.4122
11.3347
11.2175
10.3592
10.7394
10.686
10.3893
10.4327
10.8174
10.3908
10.6083
11.0155
10.679
10.8167
10.6621
10.9464
10.5751
11.689
11.3938
11.3894
11.4249
11.547
11.6229
11.4564
11.0582
11.3425
11.2253
11.1046
11.295
11.1333
11.0539
10.8195
11.1362
10.922
11.1041
11.196
10.8974
10.8395
11.6913
11.3064
11.3571
11.3049
11.2416
11.5428
11.2842
10.9167
11.1453
11.04
10.8702
10.8694
11.0881
10.9385
11.2389
11.3091
11.1541
11.3962
11.1656
11.4395
11.2222
11.6736
11.834
11.7642
11.7963
12.5687
12.1857
11.8929
11.256
11.4327
11.5439
11.3037
11.2795
11.4685
11.2469
11.3755
11.441
11.4282
11.6003
11.4228
11.5183
11.4333
11.1999
11.6096
11.5939
11.5942
12.3031
11.3472
11.6479
11.5957
11.8151
11.8805
11.8504
12.0416
12.393
11.8347
11.5337
11.9292
11.4361
11.5193
11.3814
11.5644
11.488
18.9383
19.0184
19.0323
18.9234
18.9565
19.0308
18.9146
18.9496
19.0408
19.0644
18.9993
18.9498
19.0419
18.9967
18.917
18.9648
19.0372
19.0541
18.9377
19.0338
18.9665
19.0213
18.8751
18.8937
18.9029
19.0202
18.861
19.0437
19.093
19.0205
18.9786
18.9593
19.0802
19.0661
18.9786
18.9651
19.0313
19.0759
18.9137
18.9265
19.0633
18.9526
19.129
19.0225
19.0556
19.0169
19.0987
19.0973
18.9859
19.0098
19.0992
19.0682
18.9735
19.0942
18.97
19.0278
19.0036
19.0859
18.9552
19.0684
19.09
18.9649
18.9954
18.9168
18.9221
18.9652
18.8695
18.9261
18.9476
18.8517
18.8498
18.9076
18.9755
18.9285
18.8318
18.9299
18.9389
18.8928
18.9765
18.9709
19.0011
18.8967
18.9593
18.9751
19.0382
19.106
19.0629
18.9909
18.9831
19.0978
19.0657
19.1036
19.1608
19.1246
19.1381
19.1419
19.135
19.073
19.0817
18.9829
19.0635
19.0893
18.9971
19.1019
19.0486
19.0401
19.0397
19.0073
18.9293
19.0562
18.9406
19.0337
19.0751
19.1497
19.1213
19.1516
19.1124
19.0866
19.1461
19.064
18.9764
19.0293
19.0851
19.0746
18.9718
19.0703
18.4887
18.5357
18.6564
18.43
18.5512
18.5973
18.3562
18.387
18.4826
18.6391
18.4794
18.3016
18.555
18.5416
18.4852
18.676
18.6847
18.7043
18.5455
18.629
18.6293
18.9857
19.011
18.9293
18.8844
18.8623
18.99
18.9937
18.9474
19.0712
18.9821
19.0589
19.0649
19.0022
18.9367
18.9252
18.7698
18.8903
18.9224
18.8096
18.9493
18.9074
18.735
18.7433
18.7021
18.5186
18.7891
18.5724
18.6967
18.8556
18.9961
18.9435
19.0106
18.9139
18.8769
18.9973
18.82
18.6984
18.7628
18.8769
18.8474
18.6584
18.8368
17.4808
17.4078
17.8309
17.4654
17.6412
17.6597
17.2174
17.3423
17.411
17.8145
17.4146
17.0953
17.6065
17.6044
17.4933
17.9364
17.9255
17.9579
17.7108
17.7755
17.7601
18.5489
18.6759
18.5024
18.4208
18.3459
18.6142
18.6057
18.5205
18.7627
18.5748
18.6663
18.7177
18.6443
18.4529
18.4479
18.1288
18.4136
18.4526
18.2388
18.5344
18.3632
18.0073
18.0269
17.9645
17.5715
18.146
17.7261
17.8862
18.2639
18.5597
18.4921
18.5684
18.4077
18.3469
18.5055
18.1446
18.0084
18.0934
18.359
18.2593
17.8747
18.2485
14.772
14.3535
13.929
14.8961
15.6449
15.1698
15.7546
14.6583
15.0157
15.9547
15.2635
14.3544
15.2771
15.5146
15.2419
16.0646
16.1514
16.3679
15.4943
15.8803
15.9233
17.583
17.8891
17.4988
17.383
17.2102
17.7514
17.7193
17.6162
18.0451
17.6913
17.8377
17.9342
17.83
17.4975
17.3794
16.7919
17.2971
17.4312
16.9711
17.5838
17.2377
16.5787
16.5583
16.3749
15.782
16.7781
15.986
16.4127
17.1646
17.6143
17.5068
17.6547
17.339
17.2978
17.5467
16.8437
16.498
16.681
17.2264
17.0415
16.3097
16.9974
9.72167
8.94702
8.79419
10.8141
11.6219
10.9753
11.3689
11.8801
12.35
13.404
13.0912
11.7844
12.4711
13.22
12.0899
12.9008
13.6405
13.6442
12.2661
12.7458
13.4671
15.9706
16.2699
15.5128
15.4348
15.2411
16.0421
16.1262
16.163
16.6916
16.123
16.5412
16.6634
16.2978
16.0245
15.6657
14.7146
15.1746
15.5436
14.8923
15.7503
15.5178
14.8375
14.702
14.2828
13.8882
14.8762
14.0196
14.6948
15.6244
16.1486
15.9122
16.3045
15.7371
15.7835
16.1685
15.0882
14.4316
14.5023
15.2883
15.0909
14.2644
15.2533
10.3377
10.4968
11.0132
9.31301
10.4795
10.9987
9.43146
11.482
11.8246
12.456
12.2554
11.472
11.877
12.293
11.478
11.9874
12.4721
12.5332
11.537
11.9148
12.3873
14.3463
14.5186
13.805
13.6961
13.595
14.3624
14.4721
14.7538
15.219
14.6775
15.1
15.245
14.8434
14.6261
14.1484
13.3316
13.6633
14.0489
13.4435
14.2007
14.0173
13.5639
13.487
13.1563
12.9293
13.6172
12.9988
13.4642
14.3421
14.7015
14.5095
14.9045
14.3509
14.4635
14.7624
13.7256
13.211
13.274
13.9014
13.7573
13.1125
13.8461
10.7451
10.5734
10.9926
10.1147
10.7138
10.9758
10.2189
11.3086
11.4153
11.8345
11.6883
11.2951
11.4551
11.7126
11.3651
11.8573
11.55
11.9034
11.3497
11.5129
11.7973
13.2115
13.3518
12.8165
12.8081
12.7417
13.2358
13.3065
13.7452
14.046
13.58
13.9542
14.0653
13.6783
13.6466
13.0764
12.578
12.7059
13.023
12.6374
13.1169
12.9915
12.7498
12.7391
12.3845
12.3572
12.787
12.4032
12.6777
13.5208
13.8382
13.4905
13.8863
13.4267
13.5894
13.7893
12.7972
12.4997
12.4399
12.9211
12.8512
12.4192
12.8729
10.7374
10.7135
10.9539
10.5129
10.7416
10.9989
10.5392
11.4873
11.6305
11.923
11.6882
11.4994
11.5582
11.6933
11.3688
11.6145
11.4279
11.8412
11.3742
11.4751
11.5835
12.5601
12.7188
12.2795
12.3574
12.2944
12.7101
12.6489
13.4889
13.8324
13.4367
13.5284
13.6444
13.4087
13.4061
12.5748
12.2776
12.2997
12.7499
12.3331
12.7344
12.4599
12.7249
12.9672
12.521
12.482
12.9258
12.4993
12.651
13.4575
13.8989
13.5073
13.6352
13.5348
13.6032
13.4987
12.524
12.3984
12.4328
12.8161
12.8461
12.3559
12.6389
12.4252
12.2989
12.2481
12.2566
12.551
12.34
12.2824
11.253
11.426
11.6001
11.2483
11.2783
11.6683
11.2586
12.0683
12.487
12.1525
12.1311
12.0461
12.2195
12.1586
14.1267
13.9064
13.8972
13.7554
13.9439
13.9118
13.7598
12.8564
13.0456
12.756
12.6188
12.6486
13.1027
12.818
12.9826
13.225
12.8296
12.8578
12.8001
13.1824
12.9658
13.3178
13.0178
13.1512
13.1399
13.2262
13.3968
13.0477
14.1414
13.9863
13.94
13.792
14.0257
14.1595
13.8388
12.9824
13.1826
13.3058
12.9577
13.3328
12.9552
13.0939
19.2023
19.1796
19.2121
19.1549
19.1909
19.2142
19.1525
19.2889
19.2616
19.2881
19.2453
19.2583
19.2674
19.2842
19.2601
19.2624
19.2561
19.2751
19.255
19.2572
19.2464
19.2754
19.244
19.2458
19.2772
19.2688
19.2599
19.2944
19.3693
19.3416
19.3308
19.3202
19.3703
19.3461
19.3434
19.2797
19.3032
19.3256
19.2957
19.2787
19.3185
19.2974
19.4041
19.3436
19.3558
19.3622
19.3758
19.398
19.3383
19.3218
19.3667
19.3422
19.3309
19.3581
19.355
19.2947
19.2979
19.3362
19.3237
19.3291
19.3449
19.3131
19.3059
19.1512
19.0712
19.1614
19.0555
19.1654
19.1426
19.041
19.1601
19.1876
19.2791
19.2215
19.1509
19.202
19.2413
19.1953
19.2709
19.2343
19.2863
19.2124
19.2203
19.2588
19.4851
19.3532
19.3744
19.4214
19.4819
19.4777
19.392
19.2956
19.3816
19.3615
19.3735
19.3362
19.3857
19.3325
19.3383
19.402
19.329
19.3768
19.374
19.4031
19.2943
19.4909
19.3851
19.3502
19.3915
19.4987
19.4959
19.4288
19.3288
19.4056
19.3693
19.2697
19.4165
19.2998
19.2876
19.2898
19.4155
19.3496
19.3731
19.4115
19.3092
19.3371
18.7957
18.708
18.8923
18.6595
18.8345
18.8407
18.6091
18.8023
18.8565
19.0242
18.9057
18.7632
18.9126
18.9377
18.8913
19.0403
19.0201
19.083
18.9214
18.9756
19.0202
19.2924
19.398
19.3259
19.253
19.2434
19.3825
19.3028
19.3378
19.3989
19.3869
19.331
19.3416
19.423
19.3234
19.2622
19.1882
19.2999
19.3298
19.1999
19.3585
19.25
19.1157
19.1302
19.1417
19.0149
19.1861
19.0409
19.0966
19.2704
19.2602
19.3414
19.2904
19.2942
19.2841
19.2722
19.183
19.1306
19.1975
19.2873
19.2452
19.1116
19.1964
18.0575
17.8863
18.2085
17.8761
18.1331
18.0973
17.7862
18.1166
18.0746
18.3197
18.2221
18.0378
18.193
18.3035
18.2522
18.4965
18.4208
18.4479
18.3206
18.3197
18.4419
18.9881
19.0545
18.9515
18.9352
18.9005
18.9837
19.0153
18.987
18.9226
18.8617
18.936
18.9763
18.9418
18.9349
18.8935
18.7656
18.8636
18.8064
18.8084
18.8926
18.8438
18.538
18.3746
18.4548
18.39
18.4835
18.4664
18.4621
18.7818
18.6924
18.7686
18.8517
18.6827
18.8425
18.7977
18.6612
18.6617
18.5768
18.7002
18.6011
18.5948
18.7277
16.9019
16.5987
17.0169
16.6949
17.0279
16.847
16.5647
17.0245
16.796
17.1145
17.0891
16.8965
16.9622
17.2157
17.1993
17.5145
17.304
17.2821
17.324
17.141
17.393
18.2411
18.2491
18.0769
18.2538
18.1609
18.1326
18.3275
18.3567
18.3034
18.1012
18.2675
18.3604
18.1926
18.2674
18.1097
17.9172
17.9328
17.8817
18.0219
18.0019
18.0129
17.6423
17.4194
17.3758
17.4348
17.521
17.5469
17.5177
18.0592
18.0885
18.01
18.1674
17.9258
18.1662
18.069
17.7729
17.7822
17.5173
17.7527
17.6346
17.6722
17.8844
15.5576
15.1805
15.5848
15.4206
15.697
15.4344
15.2826
15.9782
15.7006
16.0979
16.0131
15.8459
15.7852
16.1333
16.0768
16.3626
16.0032
16.1755
16.216
15.8841
16.2241
17.2614
17.3261
17.0061
17.3174
17.1901
17.2353
17.3923
17.6473
17.7937
17.5112
17.557
17.6711
17.575
17.5434
17.1638
16.9527
16.9057
17.0754
17.0833
17.1559
17.0402
16.8194
16.8461
16.6037
16.6106
16.8983
16.7205
16.7174
17.415
17.6542
17.4659
17.5345
17.4112
17.5212
17.413
16.8483
16.8789
16.6589
17.0109
16.9429
16.7585
16.9663
14.7605
14.4509
14.8845
14.6036
14.8363
14.8606
14.5198
15.5378
15.4839
15.8577
15.6477
15.4755
15.4769
15.7198
15.4991
15.7589
15.4863
15.8494
15.5697
15.4768
15.6899
17.6207
17.4147
17.4636
17.3501
17.3313
17.3276
17.2997
16.6352
16.8156
16.4688
16.5968
16.5058
16.7848
16.7081
16.6591
16.7672
16.447
16.4521
16.5227
16.7776
16.5995
17.666
17.4566
17.4337
17.3063
17.3587
17.3668
17.3557
16.6354
16.8027
16.4679
16.4239
16.801
16.4844
16.5657
16.5863
16.7778
16.4866
16.4438
16.7791
16.426
16.639
15.802
15.6518
15.4577
15.5374
15.8994
15.7175
15.6996
14.6378
14.6265
14.9482
14.6
14.7108
14.9553
14.5133
15.4908
15.9598
15.601
15.6711
15.5569
15.6696
15.6101
17.7109
17.4261
17.4582
17.317
17.6888
17.4925
17.2537
16.4645
16.8358
16.5624
16.4886
16.4263
16.8281
16.6526
16.5984
16.8064
16.3713
16.5666
16.4815
16.8696
16.5468
16.7099
16.32
16.5422
16.6279
16.9084
16.8473
16.429
17.7096
17.408
17.3636
17.1068
17.4659
17.6141
17.2164
16.5807
16.6613
16.8662
16.4064
16.8251
16.3957
16.6242
19.2611
19.2728
19.269
19.3488
19.2829
19.2315
19.3228
19.3031
19.2473
19.2809
19.1805
19.2758
19.2749
19.2149
19.3396
19.2668
19.327
19.3002
19.3637
19.3014
19.2257
19.4204
19.4149
19.3539
19.3335
19.4379
19.4173
19.4286
19.5353
19.4163
19.4191
19.4627
19.5359
19.5408
19.4559
19.3294
19.439
19.4213
19.3941
19.4043
19.4225
19.3005
19.5464
19.4138
19.4211
19.4568
19.5413
19.5429
19.4809
19.2781
19.3989
19.3991
19.3417
19.4053
19.3759
19.2654
19.2734
19.414
19.3901
19.408
19.4077
19.3707
19.3015
18.8917
18.8332
18.9334
18.9888
18.9329
18.8929
18.9364
19.0511
19.0078
19.1035
18.9625
19.0173
19.0369
19.0025
19.085
19.062
19.0982
19.1262
19.1166
19.0683
19.0322
19.2619
19.3973
19.3587
19.3422
19.326
19.3895
19.2702
19.4962
19.5818
19.5364
19.4502
19.4582
19.5426
19.4861
19.2561
19.3037
19.3467
19.375
19.3207
19.3847
19.2439
19.2045
19.3377
19.2892
19.2321
19.3495
19.2647
19.1798
19.4833
19.5928
19.5394
19.4668
19.5346
19.4964
19.4613
19.2161
19.2939
19.3033
19.3692
19.356
19.2767
19.2386
18.382
18.395
18.5789
18.4999
18.4648
18.5311
18.4151
18.7842
18.7757
18.9251
18.6381
18.7151
18.805
18.7278
18.7728
18.7865
18.8523
18.9319
18.8377
18.8184
18.7206
19.1521
19.3346
19.245
19.2278
19.1946
19.323
19.1802
19.513
19.6399
19.5544
19.5111
19.5279
19.5543
19.4994
19.1683
19.1706
19.2398
19.3171
19.2009
19.3254
19.1414
19.1767
19.3372
19.23
19.1549
19.3405
19.1978
19.1353
19.521
19.6767
19.5743
19.5555
19.5795
19.5295
19.5561
19.1439
19.1891
19.2154
19.3265
19.3231
19.1516
19.1656
18.7993
18.7132
18.7067
18.794
18.9709
18.8025
18.7766
18.028
18.1191
18.3367
18.1625
18.1433
18.3132
18.0754
18.6873
18.9296
18.7362
18.7723
18.7767
18.7634
18.6549
19.819
19.6531
19.6597
19.676
19.7278
19.72
19.6373
19.1374
19.3638
19.2448
19.2391
19.1717
19.3632
19.1936
19.2379
19.4094
19.2005
19.2807
19.2678
19.4037
19.1875
19.5397
19.2515
19.3101
19.3401
19.3798
19.5427
19.3272
19.9365
19.7198
19.708
19.6617
19.7716
19.7992
19.7022
19.2437
19.3418
19.4678
19.2995
19.4742
19.2309
19.2905
19.736
19.7644
19.8074
19.7185
19.7303
19.8181
19.724
19.9693
19.9984
20.0289
19.9848
19.9801
19.9865
19.9712
19.9402
19.9331
19.9486
20.0017
19.9271
19.963
19.9416
20.0172
19.9728
19.9829
19.997
20.0424
19.9886
20.0579
20.205
20.1579
20.1395
20.1174
20.1637
20.1632
20.1489
20.0361
20.0548
20.1061
20.0465
20.0289
20.0725
20.0486
20.2578
20.1963
20.2124
20.2
20.2268
20.231
20.1843
20.1247
20.1946
20.1479
20.1366
20.1831
20.1265
20.1321
20.0894
20.128
20.0825
20.1151
20.1522
20.0948
20.0816
20.2045
20.1373
20.1251
20.131
20.2454
20.1809
20.1327
19.8605
19.8936
19.9536
19.8592
19.8631
19.9658
19.853
20.0899
20.202
20.0798
20.1247
20.0942
20.1407
20.0914
20.38
20.3247
20.3349
20.3128
20.3782
20.3661
20.3123
20.1722
20.2366
20.2066
20.1674
20.1755
20.2477
20.1673
20.2089
20.3069
20.2142
20.2452
20.2075
20.2884
20.2154
20.4139
20.2844
20.2976
20.295
20.3645
20.4011
20.2751
20.4235
20.3529
20.3474
20.3207
20.3898
20.4161
20.3423
20.2668
20.3171
20.3505
20.2458
20.3538
20.2533
20.2566
18.881
18.8462
18.9984
19.0615
18.7397
18.8734
18.9175
19.1017
18.7388
19.0392
18.857
18.8637
19.1679
18.9659
19.2955
18.8842
19.2245
18.7617
19.1832
19.3318
18.8555
19.2661
19.0879
18.8495
18.7464
19.2094
19.1501
18.8468
18.3613
18.7065
18.4779
18.569
18.5741
18.7793
18.394
18.0397
18.3921
18.2724
18.5285
18.3119
18.6202
18.2534
18.6367
18.5758
18.4432
18.9064
18.8317
18.7267
18.4098
18.2374
18.4791
18.5764
18.7549
18.3159
18.685
18.3663
18.9179
18.5696
19.1044
18.6205
19.0614
18.9715
18.5133
18.8668
18.4554
18.9595
18.6001
19.0217
18.7928
18.4826
19.3559
18.9359
19.2395
18.924
19.0012
19.3431
19.2553
19.3542
19.2544
19.1445
19.0012
19.0751
19.3507
19.2558
19.3464
19.4112
19.2548
19.2826
19.253
19.3465
19.3485
19.341
19.2521
19.2153
19.2153
19.3479
19.2471
19.2819
18.6409
18.8359
18.8131
18.9283
18.7916
18.9452
18.7097
19.0223
18.6389
19.1225
18.7985
18.9967
19.1408
18.723
19.0318
18.8821
19.147
18.8784
19.1448
19.0407
18.8043
18.8745
18.8583
18.8746
18.9648
18.8647
18.956
18.9397
19.0619
19.1684
19.1618
19.1681
19.1564
19.073
19.1003
19.0496
18.9583
19.1486
19.0995
19.1463
19.0465
19.0307
19.3762
19.4738
19.2732
19.4728
19.5365
19.3643
19.2853
19.4082
19.3341
19.6569
19.536
19.5983
19.4287
19.3157
19.5511
19.8536
19.4831
19.7524
19.4508
19.5842
19.8116
19.5015
19.3757
19.7128
19.7022
19.472
19.4024
19.763
19.2264
19.0374
19.0108
19.0768
19.3373
19.0996
19.2813
19.1087
19.2332
19.1839
19.363
19.0953
19.1958
19.3035
19.1446
19.428
19.2493
19.4305
19.2299
19.1648
19.3706
19.3888
19.0799
19.1106
19.173
19.3986
19.1443
19.4451
19.2858
19.6291
19.4041
19.6509
19.3713
19.3171
19.5899
19.2361
19.4889
19.2935
19.5985
19.321
19.2093
19.5368
19.6749
19.897
19.5337
19.8729
19.9347
19.6363
19.5698
19.7257
19.6577
20.0072
19.9107
19.9728
19.7668
19.6191
19.9011
20.1335
19.8283
20.0356
19.7857
19.9457
20.1024
19.8575
19.7024
20.0406
20.0083
19.8137
19.7442
20.0738
19.4021
19.6746
19.4565
19.7721
19.3685
19.4925
19.707
19.3862
19.5892
19.3459
19.681
19.4195
19.3135
19.6533
19.4516
19.5814
19.8118
19.777
19.5434
19.4867
19.7472
19.6099
19.8949
19.7542
19.9375
19.7115
19.65
19.8679
19.499
19.6778
19.3839
19.7161
19.4609
19.4209
19.7455
19.5693
19.627
19.9103
19.8116
19.6687
19.5296
19.8421
20.0296
20.1596
19.8659
20.1172
20.1895
19.985
19.9085
20.0643
19.9843
20.2449
20.1404
20.2143
20.1077
19.9422
20.2089
20.3594
20.1206
20.246
20.0813
20.2492
20.3278
20.181
20.014
20.2702
20.2214
20.1381
20.0547
20.302
19.7265
19.9166
19.793
20.0176
19.6867
19.8353
19.9424
19.6843
19.7826
19.6219
19.8838
19.722
19.5884
19.8592
19.7586
19.9111
20.0401
19.9884
19.8698
19.7985
19.9626
19.8849
20.0855
20.0457
20.1403
20.0071
19.9214
20.0536
19.7853
19.8391
19.6498
19.9015
19.7495
19.6764
19.9257
19.8653
19.9424
20.1174
20.0074
19.9822
19.8256
20.0347
20.3162
20.387
20.1461
20.3359
20.4195
20.2745
20.1865
20.3387
20.2539
20.4796
20.3629
20.4463
20.3801
20.2108
20.4636
20.6025
20.3832
20.4861
20.3427
20.5029
20.5699
20.4424
20.2763
20.5071
20.457
20.4008
20.3183
20.5412
19.9797
20.1089
20.0696
20.2277
19.9424
20.109
20.1392
19.9134
19.9544
19.8229
20.0739
19.9492
19.7903
20.0471
20.0014
20.173
20.253
20.1928
20.1314
20.0403
20.1631
20.1224
20.3066
20.2994
20.3697
20.2569
20.1635
20.2742
20.0061
20.0189
19.8471
20.0971
19.9737
19.8738
20.1207
20.1008
20.1942
20.3419
20.2175
20.2355
20.0636
20.2458
20.5615
20.6331
20.408
20.5846
20.6672
20.5216
20.4498
20.5788
20.5198
20.7293
20.6157
20.6966
20.6178
20.4747
20.6898
20.832
20.653
20.7376
20.6134
20.7199
20.8078
20.673
20.5446
20.7565
20.7113
20.634
20.5882
20.7854
20.2288
20.3351
20.3213
20.4643
20.1864
20.3618
20.3676
20.1501
20.1559
20.0488
20.2948
20.192
20.0097
20.264
20.2522
20.4279
20.4946
20.4303
20.3822
20.297
20.3973
20.3917
20.5522
20.5506
20.6156
20.5105
20.436
20.5213
20.2599
20.2459
20.0709
20.3238
20.2139
20.1172
20.3567
20.3655
20.4475
20.588
20.459
20.4915
20.3199
20.4927
20.7615
20.8535
20.6817
20.8177
20.8713
20.7389
20.7153
20.784
20.7746
20.897
20.8404
20.8886
20.7918
20.7462
20.8707
20.9046
20.8602
20.8961
20.874
20.8083
20.9206
20.8144
20.8126
20.911
20.883
20.8222
20.8272
20.9093
20.5073
20.5804
20.5693
20.6997
20.4622
20.6098
20.61
20.4146
20.3847
20.3312
20.5194
20.4582
20.2854
20.4938
20.5359
20.6636
20.7211
20.6601
20.6299
20.5776
20.6348
20.6787
20.7169
20.7388
20.7798
20.7389
20.6983
20.7122
20.5172
20.4553
20.3591
20.5398
20.4779
20.4024
20.5585
20.6443
20.6876
20.769
20.6811
20.7116
20.6086
20.6977
20.8042
20.9128
20.9133
20.8829
20.8847
20.8799
20.8878
20.8579
20.8647
20.9079
20.8834
20.8844
20.8033
20.9297
20.8477
20.9001
20.7332
20.8352
20.8351
20.9481
20.8542
20.7784
20.861
20.8407
20.935
20.8292
20.9152
20.8426
20.7435
20.7262
20.7661
20.7706
20.7345
20.7549
20.7224
20.6032
20.5078
20.5539
20.5763
20.6019
20.5373
20.5843
20.775
20.7583
20.7692
20.712
20.7714
20.7722
20.7239
20.6564
20.6896
20.7689
20.8084
20.699
20.7252
20.6799
20.5951
20.5009
20.5765
20.57
20.6054
20.5774
20.5572
20.7746
20.7149
20.7614
20.7065
20.7309
20.7974
20.6878
10.8625
10.5106
10.6375
10.6225
10.7623
10.8601
10.478
10.6701
10.8779
10.7776
10.4508
10.8809
10.6412
10.4996
10.6858
10.9117
10.4579
10.82
10.4907
10.6497
10.9097
10.6479
10.8932
10.4939
10.803
10.6897
10.4431
10.8963
10.568
10.432
10.2717
10.2528
10.695
10.4113
10.5828
10.2472
10.418
10.0622
10.5401
10.2319
10.0813
10.5232
10.2921
10.7104
10.4323
10.6134
10.4514
10.2653
10.6022
10.3208
10.6848
10.4614
10.7656
10.4974
10.2921
10.6695
10.2601
10.486
10.1169
10.5666
10.2844
10.0963
10.5819
10.2729
10.4826
10.7448
10.6364
10.4408
10.3081
10.6461
10.6571
10.9183
10.506
10.8416
10.9194
10.6902
10.4748
10.6987
10.4913
10.9255
10.8494
10.9241
10.6667
10.5214
10.726
10.9433
10.5291
10.8783
10.5601
10.6924
10.9402
10.6804
10.5394
10.9307
10.8676
10.7102
10.5093
10.9336
10.3168
10.7047
10.511
10.8006
10.3416
10.4829
10.7199
10.4013
10.6388
10.2491
10.7265
10.3935
10.2608
10.7029
10.3714
10.511
10.8133
10.7528
10.5347
10.3503
10.7378
10.4467
10.8251
10.5825
10.859
10.6019
10.4289
10.8055
10.4341
10.7244
10.3112
10.7493
10.4492
10.3106
10.7722
10.3907
10.5663
10.8461
10.7723
10.5473
10.4138
10.7865
10.7043
10.955
10.5767
10.9106
10.9635
10.7339
10.5518
10.7387
10.5775
10.9844
10.9269
10.9749
10.7101
10.5962
10.7552
11.0341
10.6435
10.9769
10.6566
10.7389
11.0168
10.72
10.6232
10.9949
10.961
10.7452
10.611
11.0043
10.472
10.8449
10.6288
10.9047
10.4853
10.605
10.8631
10.6064
10.8807
10.5267
10.9345
10.6163
10.5208
10.9129
10.5252
10.6413
10.9264
10.9053
10.6509
10.5305
10.8827
10.6589
10.9667
10.736
10.9885
10.7381
10.6557
10.9561
10.695
10.9617
10.5897
10.9562
10.6724
10.6071
10.9756
10.6032
10.6885
10.9694
10.9256
10.6899
10.5918
10.9376
10.762
11.0481
10.6866
11.0279
11.0513
10.7684
10.679
10.7908
10.7156
11.0587
11.0417
11.0535
10.7962
10.7142
10.8981
11.0269
10.8014
11.0712
10.8473
10.7496
11.0616
11.0257
10.8348
10.75
11.0602
11.0299
10.8314
10.8383
10.9081
11.0959
10.8852
11.088
10.7231
10.9956
10.7856
11.0418
10.7402
10.7805
10.9986
10.7956
11.0198
10.8221
11.0715
10.8197
10.7878
11.0217
11.0075
10.8911
10.9068
10.9378
11.1248
10.9212
11.1378
10.854
11.1072
10.8994
10.8576
11.0274
10.8555
11.1134
10.8738
10.828
11.0353
19.2842
19.101
19.1163
19.1459
19.2625
19.3291
19.115
19.2142
19.4992
19.2902
19.4679
19.4352
19.2595
19.241
19.1691
19.2834
19.1673
19.3996
19.356
19.1967
19.1462
19.3015
19.5801
19.3253
19.4929
19.3556
19.276
19.515
19.2674
19.4694
19.2533
19.3726
19.2344
19.2882
19.4375
19.2444
19.1978
19.4057
19.378
19.22
19.2158
19.43
19.0554
19.0918
19.0631
19.072
19.3665
19.1092
19.0615
19.0076
19.0801
19.0567
19.0969
19.2244
19.1012
19.2275
19.0692
19.5097
19.2218
19.1335
19.1071
19.1344
19.1264
19.2939
19.07
19.1137
19.1213
18.9915
19.0916
19.1803
19.1578
19.2864
19.1939
19.2316
19.1821
19.1736
19.1801
19.1463
19.1799
19.141
19.3209
19.1631
19.1167
19.2394
19.4344
19.681
19.5439
19.6244
19.6058
19.5123
19.4658
19.3379
19.4771
19.2674
19.4511
19.5065
19.3127
19.2883
19.3577
19.3204
19.525
19.4329
19.5053
19.3892
19.2965
19.4972
19.7289
19.5706
19.6286
19.5897
19.4803
19.6483
19.4155
19.5779
19.3425
19.4706
19.3307
19.4305
19.555
19.41
19.3163
19.5201
19.4678
19.3952
19.3304
19.5453
18.9844
19.0949
19.0686
19.1067
19.2268
19.1401
19.1765
19.196
19.2523
19.2047
19.3959
19.1681
19.2234
19.3813
19.1612
19.3134
19.2503
19.3423
19.2359
19.1867
19.2589
19.2221
19.0624
19.0817
19.1238
19.1459
19.1177
19.2364
19.1692
19.3529
19.2465
19.3692
19.2438
19.1791
19.2758
19.1851
19.218
19.2463
19.3778
19.2499
19.1787
19.2951
19.5773
19.8329
19.7188
19.7556
19.7391
19.6901
19.6017
19.4547
19.5858
19.3443
19.5155
19.604
19.437
19.3584
19.4675
19.3809
19.6247
19.5167
19.612
19.4861
19.3661
19.6373
19.8839
19.7442
19.7712
19.7637
19.6269
19.7772
19.5285
19.6758
19.4171
19.5479
19.4048
19.5479
19.6601
19.5137
19.4016
19.6349
19.528
19.5117
19.3943
19.6349
19.015
18.981
18.9821
19.0525
19.1643
19.0579
19.0998
19.1733
19.2933
19.2452
19.3937
19.1743
19.2501
19.3156
19.1616
19.3037
19.2637
19.3776
19.2504
19.1772
19.28
19.1196
18.9293
18.9259
19.0246
19.1145
19.0246
19.1872
19.1525
19.2837
19.2729
19.3971
19.2694
19.1446
19.2793
19.1543
19.2699
19.2653
19.3936
19.264
19.1494
19.3021
19.7494
20.0093
19.9235
19.9137
19.8934
19.8886
19.7779
19.5852
19.6965
19.4398
19.5835
19.7074
19.5699
19.4444
19.6117
19.4849
19.7494
19.61
19.7349
19.6326
19.4745
19.8424
20.0925
19.9444
19.9431
19.9894
19.7997
19.9712
19.7175
19.8517
19.6069
19.6964
19.5753
19.7626
19.8264
19.6947
19.5122
19.7784
19.6724
19.6558
19.5451
19.8033
18.9265
18.8512
18.8302
18.9899
19.1309
18.9897
19.1091
19.1515
19.2766
19.2903
19.4152
19.1569
19.2898
19.2838
19.1701
19.309
19.3194
19.4341
19.3146
19.1721
19.2947
19.0199
18.8331
18.8552
19.0114
19.1272
19.0052
19.1478
19.2478
19.3882
19.4198
19.5083
19.4036
19.2582
19.3715
19.2062
19.3269
19.3495
19.4806
19.3676
19.1996
19.3422
20.0036
20.2226
20.1949
20.1298
20.0991
20.1507
20.05
19.8246
19.8744
19.6357
19.7675
19.8986
19.7878
19.6674
19.8531
19.7391
19.9585
19.8042
19.9313
19.8941
19.7028
20.1224
20.2977
20.2155
20.1563
20.2577
20.0738
20.1838
19.9861
20.0613
19.8929
19.9161
19.8423
20.0328
20.038
19.9666
19.7693
19.9883
19.8929
19.9186
19.819
20.0168
19.3237
19.4284
19.462
19.581
19.3112
19.4861
19.4456
19.1907
19.1633
19.0514
19.3187
19.21
19.0327
19.297
19.3825
19.5612
19.6229
19.5112
19.531
19.4019
19.4911
19.5342
19.6421
19.7248
19.7418
19.6745
19.5826
19.6157
19.3092
19.2639
19.1248
19.3681
19.2737
19.1486
19.3955
19.4982
19.599
19.7151
19.555
19.6475
19.4534
19.5854
20.261
20.3542
20.3804
20.267
20.2576
20.3619
20.29
20.0861
20.0757
19.9118
19.9792
20.0908
20.0479
19.9607
20.0897
20.0043
20.109
19.9862
20.0947
20.1257
19.9719
20.3265
20.3501
20.3852
20.2686
20.3881
20.3094
20.2697
20.1556
20.0978
20.0764
20.0144
20.0611
20.1489
20.1068
20.1505
20.0205
20.109
20.0147
20.1324
20.0476
20.1117
19.6587
19.6654
19.7468
19.8101
19.6093
19.7927
19.6916
19.5091
19.4365
19.4322
19.5738
19.5557
19.3804
19.5468
19.6754
19.844
19.8247
19.7328
19.8095
19.7259
19.7077
19.775
19.7701
19.9064
19.8593
19.8857
19.8082
19.7584
19.6151
19.5138
19.4514
19.5902
19.5691
19.4989
19.613
19.7731
19.8463
19.8599
19.7376
19.8822
19.7246
19.7615
20.2728
20.2846
20.3991
20.3908
20.1811
20.2189
20.2977
20.1314
20.0911
20.0936
19.9984
20.0726
20.1612
20.0872
20.1728
20.0257
20.0693
19.9906
20.0639
20.0853
20.1131
20.1871
20.3579
20.2464
20.2718
20.1779
20.3699
20.1394
20.0784
19.9352
20.0446
19.9035
20.0726
20.0412
19.9584
20.0526
20.017
20.1016
19.918
20.1416
20.0562
19.9741
19.8302
19.7653
19.9098
19.8488
19.8155
19.9128
19.7632
19.6677
19.5341
19.5895
19.6039
19.6688
19.5823
19.6146
19.8393
19.8918
19.8382
19.7395
19.9185
19.8316
19.7547
19.8225
19.673
19.8228
19.752
19.8493
19.7945
19.694
19.6425
19.5047
19.5828
19.5897
19.6595
19.5759
19.5708
19.8208
19.8954
19.7723
19.729
19.8601
19.8388
19.7089
20.1574
20.1521
20.2028
20.2408
20.1462
20.126
20.1703
19.9807
19.9233
20.0481
19.8765
19.9082
20.0396
20.0167
19.9983
19.8868
19.9481
19.8619
19.8997
19.883
20.01
20.1659
20.1621
20.1359
20.1444
20.1116
20.1687
20.2294
19.7774
19.7915
19.8141
19.8493
19.8328
19.8519
19.825
19.8567
19.8723
19.8226
19.9542
19.9184
19.8681
19.8323
19.7424
19.6563
19.8098
19.6953
19.7885
19.7612
19.635
19.5112
19.4244
19.4564
19.4313
19.4593
19.5034
19.4674
19.7455
19.6869
19.6621
19.5904
19.7323
19.6941
19.6178
19.5023
19.5264
19.5378
19.6244
19.5575
19.5648
19.5529
19.3581
19.3314
19.4767
19.4013
19.4498
19.3655
19.3598
19.6168
19.5781
19.6595
19.5732
19.6172
19.6929
19.545
9.90549
9.43118
9.40206
9.19374
9.73225
9.61321
9.21494
9.56793
8.68458
8.95025
9.01894
9.35794
9.5518
8.76308
9.10119
9.6539
9.42485
8.90134
9.60726
9.18352
8.86878
9.99871
9.52009
9.5448
9.35018
9.77914
9.30732
9.82516
9.33684
9.83399
9.15989
9.65149
9.1192
9.36505
9.8018
9.26402
9.7167
8.99861
9.60473
9.24557
9.03861
9.7479
9.06479
8.70455
8.37441
8.48335
9.30575
8.75922
9.12452
8.57302
9.10159
8.54479
9.2462
8.67848
8.4231
9.17618
8.56682
9.35604
8.88527
9.28715
8.80731
8.65867
9.22376
8.90466
9.52192
9.14044
9.57626
9.08092
8.97314
9.4688
8.84963
9.3139
8.62612
9.30851
8.75073
8.7281
9.3706
8.8249
8.94643
9.52771
9.35257
9.01313
8.74661
9.41407
10.1746
9.82063
9.82754
9.54214
10.06
10.0385
9.53438
9.46336
9.87771
9.23154
9.78381
9.90766
9.43495
9.26281
9.54172
9.97232
9.3606
9.8309
9.95213
9.54522
9.33835
10.243
9.89068
9.8676
9.60604
10.1014
9.61193
10.1188
9.70769
10.1126
9.5445
9.9798
9.53323
9.70881
10.0818
9.62341
10.0173
9.44284
9.933
9.63194
9.45219
10.0393
9.11087
9.57296
9.20825
9.70819
9.05086
9.25719
9.61988
9.22905
9.59212
9.18649
9.6829
9.28367
9.13786
9.63475
9.1927
9.3642
9.75564
9.70914
9.33328
9.2305
9.66996
9.43161
9.9117
9.58089
9.92835
9.55566
9.46231
9.85848
9.4147
9.75815
9.27605
9.73907
9.37194
9.31411
9.78983
9.3447
9.44757
9.87684
9.76138
9.47175
9.3168
9.8037
9.8612
10.3594
10.0467
10.2938
10.266
10.0542
9.861
9.79316
10.1504
9.62411
10.1011
10.1822
9.78609
9.63578
9.87515
9.73196
10.2553
10.1466
10.2203
9.88264
9.72051
9.94028
10.4315
10.1196
10.3295
10.1085
9.94252
10.3593
10.072
10.4303
9.93939
10.3404
9.9256
10.0841
10.385
9.98095
9.82548
10.2977
10.2863
9.97012
9.83559
10.3371
9.58308
9.96958
9.66499
10.0737
9.55301
9.68934
10.0259
9.76139
10.1044
9.7318
10.1683
9.79962
9.69872
10.1071
9.66196
9.8099
10.128
10.1466
9.78395
9.68053
10.0825
9.90239
10.3907
10.0425
10.3519
10.0255
9.92583
10.329
9.94492
10.3143
9.85123
10.2355
9.91446
9.87882
10.3026
9.78978
9.90166
10.292
10.2041
9.91809
9.77232
10.2587
10.1764
10.622
10.3035
10.6144
10.5724
10.3079
10.188
10.1782
10.4789
10.0336
10.4998
10.5299
10.1665
10.0492
10.2667
10.1763
10.634
10.5589
10.5835
10.2874
10.1481
10.2911
10.7239
10.3784
10.6565
10.3859
10.273
10.6953
10.5047
10.8167
10.4586
10.7738
10.4189
10.5438
10.7768
10.4086
10.281
10.6847
10.7252
10.3773
10.3191
10.731
10.0819
10.468
10.1527
10.5456
10.0483
10.1747
10.5349
10.4181
10.7188
10.4402
10.7785
10.473
10.3777
10.7004
10.2018
10.319
10.6162
10.6869
10.2838
10.2472
10.6128
10.5155
10.912
10.6297
10.8591
10.5789
10.582
10.8673
10.6475
10.9303
10.5598
10.862
10.5882
10.6213
10.9413
10.4148
10.4224
10.8009
10.7571
10.4724
10.3573
10.8177
10.6074
10.9086
10.6572
10.9054
10.8827
10.6493
10.5982
10.6739
10.8641
10.5508
10.8847
10.9021
10.6454
10.5703
10.796
10.6617
10.9858
10.9268
10.9576
10.763
10.6661
11.149
10.9075
10.9447
10.9176
11.0233
10.8809
11.1183
10.7065
11.0173
10.7268
10.9508
10.7435
10.7042
10.9669
10.8528
10.9984
10.789
11.0403
10.8694
10.7887
11.0666
11.1016
11.0044
10.9056
10.9973
11.2892
11.0467
11.2784
10.7297
10.9492
10.731
11.0101
10.6738
10.7808
10.978
10.7984
11.0169
10.9032
11.0573
10.8796
10.8366
10.9984
10.9807
11.0744
11.032
10.9755
11.25
11.0648
11.0489
10.9977
11.0581
11.0927
11.149
11.3683
11.0885
11.4789
10.9077
11.2389
11.0431
11.0062
10.9942
10.9097
11.0504
18.5221
18.1571
18.3043
18.3646
18.3794
18.5679
18.2262
18.6679
18.9626
18.8436
18.8586
18.8226
18.818
18.6983
18.4451
18.4907
18.3847
18.6538
18.6497
18.4975
18.3216
18.817
19.0805
18.9262
18.9259
18.9538
18.7891
18.9581
18.7306
18.908
18.6702
18.7714
18.6361
18.7616
18.8679
18.6297
18.4794
18.7588
18.6894
18.5933
18.5285
18.7926
17.7585
17.9253
17.7569
17.9099
18.0376
17.9721
18.0501
18.1455
18.1239
18.056
17.9506
18.3465
18.0644
18.1434
18.0336
18.4312
18.3337
18.1841
18.1226
18.1602
18.2166
18.4966
18.2026
18.2788
18.2393
18.234
18.1391
18.528
18.4477
18.6657
18.5198
18.6292
18.478
18.4772
18.5928
18.3319
18.3914
18.3087
18.5768
18.3535
18.258
18.5123
19.1131
19.2885
19.2643
19.2298
19.1946
19.213
19.1623
18.8844
18.9735
18.7649
18.9339
19.0091
18.853
18.8103
18.9527
18.9276
19.1001
18.9876
19.0614
19.0037
18.8798
19.2448
19.3735
19.2922
19.2578
19.34
19.1953
19.2854
19.1258
19.204
19.0866
19.1176
19.0559
19.1657
19.1814
19.0994
18.9803
19.133
19.0883
19.0488
19.022
19.1635
18.7825
18.6381
18.6188
18.6093
18.8199
18.6471
18.7862
18.633
18.7245
18.6124
18.8291
18.5801
18.6752
18.7757
18.6888
18.8782
18.7825
18.8756
18.7358
18.7436
18.8289
18.8866
18.7301
18.7292
18.7434
18.8756
18.7332
18.9015
18.9152
19.0196
18.9594
19.0363
18.9359
18.9161
19.0024
18.8331
18.9294
18.8461
18.9934
18.8762
18.8226
18.9556
19.3453
19.4082
19.4354
19.3489
19.3413
19.4248
19.3682
19.2097
19.2159
19.1135
19.1865
19.2384
19.1732
19.1489
19.2125
19.1844
19.2528
19.1955
19.2433
19.2366
19.1567
19.3615
19.392
19.4174
19.3405
19.4206
19.3581
19.3355
19.2124
19.2226
19.1798
19.1916
19.1802
19.2166
19.2284
19.2379
19.1796
19.2477
19.2062
19.2282
19.1995
19.246
19.0018
19.0549
18.9985
19.1072
18.9784
19.0299
19.0737
18.9387
19.0263
18.9564
19.0459
18.9537
18.942
19.0362
19.026
19.0708
19.1195
19.0988
19.045
19.0477
19.09
19.059
19.0979
19.0775
19.1223
19.0771
19.0752
19.0975
18.9855
19.0494
18.9806
19.0532
18.9652
18.9883
19.0595
19.0702
19.0722
19.1319
19.1014
19.0879
19.0522
19.1054
19.2973
19.2987
19.2475
19.2292
19.2586
19.3059
19.2544
19.1707
19.201
19.1591
19.1529
19.1837
19.1883
19.1499
19.1373
19.0988
19.1294
19.1297
19.1572
19.0929
19.1215
19.1661
19.1904
19.2642
19.2047
19.1557
19.2444
19.1649
19.01
18.9756
18.9326
19.0145
19.0065
18.8981
19.0342
19.0007
19.0688
19.1021
19.0477
19.0679
19.0231
19.0658
19.0532
19.0758
19.0476
19.0855
19.0397
19.0456
19.0745
18.93
19.0107
18.9599
18.9886
18.9291
18.9658
19.0005
19.0133
18.9912
19.0593
19.0293
19.0098
19.006
19.0443
18.8884
18.8846
18.8149
18.9359
18.8756
18.8419
18.9228
18.8553
18.9331
18.9203
18.9501
18.8791
18.8899
18.9227
18.9429
18.9512
18.9752
18.9951
18.9142
18.9652
18.9686
18.9618
18.8661
18.9656
18.9569
18.8999
18.9605
18.8704
18.7939
18.9376
18.9166
18.8736
18.8742
18.9056
18.8332
18.7659
18.7606
18.7144
18.8285
18.8182
18.7109
18.7995
18.7473
18.8113
18.7455
18.7577
18.8727
18.8276
18.7843
18.4033
18.3415
18.3032
18.462
18.5487
18.4958
18.4973
18.5229
18.6851
18.6271
18.6419
18.6347
18.5427
18.5983
18.7251
18.8373
18.7612
18.7863
18.78
18.6859
18.7959
18.5696
18.7312
18.5783
18.6428
18.482
18.647
18.7033
18.6678
18.53
18.7311
18.6866
18.6246
18.5907
18.7431
18.352
18.1503
18.1942
18.3653
18.4199
18.3142
18.4597
18.2979
18.5248
18.5198
18.5757
18.4433
18.4004
18.4871
18.403
18.5046
18.4798
18.6213
18.3503
18.5516
18.5345
8.36272
7.72944
7.61254
7.36587
8.40106
8.30728
7.58181
8.17418
7.26997
7.15212
7.33398
8.42251
8.30037
7.52729
7.45349
8.53468
8.53591
7.88563
8.41354
7.67928
7.61867
8.67018
7.77639
7.96407
7.87277
8.54877
7.67262
8.65377
8.03683
8.96236
8.46371
8.98762
8.25735
8.25604
8.85749
7.97714
8.64595
7.95282
8.89338
7.74127
8.19745
8.76044
8.85449
7.28673
7.85085
8.15033
8.65515
7.58817
8.98876
8.5108
9.96905
9.50196
9.59254
8.76491
9.31752
9.50092
8.23319
8.77138
7.97531
9.20573
7.68424
8.50127
9.09242
8.85191
9.52642
8.61136
9.19438
8.39419
9.03392
9.45211
9.06987
10.0931
9.53794
9.65589
8.85237
9.67548
9.72941
8.79929
8.06304
9.10857
9.29224
8.32314
8.56878
9.38613
8.46342
9.11257
8.61582
9.20296
9.12461
8.4718
8.60727
8.50533
9.04674
8.51974
9.24852
9.13459
8.31871
8.69537
8.57106
8.88725
9.27768
9.31093
9.20485
8.72602
8.75143
8.80242
9.31898
8.68699
9.26756
8.80692
8.68357
9.33112
9.00479
9.51647
9.18433
9.52901
9.10421
9.1006
9.45877
8.925
8.94165
9.33836
9.48206
8.79899
9.04209
9.40314
9.20232
9.57421
8.6821
9.4247
9.07341
8.86163
9.62711
9.5538
10.1873
9.94285
9.9704
9.6473
9.89692
9.93042
9.23688
9.07009
9.47705
9.70904
8.93104
9.33408
9.66242
9.51536
9.90046
9.42543
9.68934
9.34332
9.57084
9.84389
9.78542
10.2895
9.97874
10.0083
9.71621
10.0165
10.056
9.45583
9.1455
9.63801
9.7472
9.25479
9.38286
9.79546
9.2065
9.61062
9.29026
9.68378
9.61946
9.22507
9.26556
9.27117
9.57575
9.26358
9.71274
9.64031
9.19137
9.32402
9.37106
9.47056
9.77967
9.78501
9.70823
9.43602
9.41504
9.41108
9.79734
9.39599
9.75334
9.45334
9.36104
9.82502
9.73411
10.1122
9.77409
10.1054
9.73643
9.79716
10.0194
9.61115
9.57725
9.86041
10.0124
9.55144
9.61779
9.93616
9.68467
9.96672
9.51851
9.88544
9.64601
9.58641
10.0353
10.2228
10.6452
10.3266
10.493
10.2726
10.324
10.4021
9.79648
9.75893
9.96659
10.1947
9.70406
9.83223
10.1196
10.1229
10.5775
10.1458
10.3251
10.0999
10.1362
10.4861
10.5019
10.92
10.4717
10.6167
10.4592
10.4535
10.7154
9.9733
9.88898
10.214
10.2936
9.94098
9.95921
10.3723
9.85845
10.1847
9.93199
10.3149
10.2389
9.88349
9.90608
10.0113
10.2197
9.92754
10.4106
10.3128
9.94389
9.97451
10.1649
10.1967
10.499
10.5269
10.41
10.2324
10.1393
10.0669
10.4248
10.0765
10.4105
10.1182
10.0489
10.4862
10.7011
10.8892
10.5678
10.8875
10.5681
10.6727
10.8155
10.4663
10.3586
10.6078
10.7861
10.4173
10.3736
10.6986
11.4543
11.1775
11.1962
11.218
11.3861
11.1924
11.3029
10.3859
10.7117
10.3446
10.6452
10.3937
10.3853
10.7972
10.6353
11.0064
10.6281
10.7765
10.5794
10.646
10.9254
11.677
11.3995
11.4278
11.4085
11.5115
11.372
11.5988
11.0675
11.3404
11.1043
11.2046
11.072
11.0928
11.2892
10.9372
11.1154
10.8175
11.1023
10.8989
10.8437
11.2029
10.6726
10.8756
10.7439
10.97
10.9083
10.6695
10.7542
10.8743
11.001
10.808
11.101
11.0701
10.8848
10.8121
11.0186
11.0386
11.2459
11.1716
11.1727
11.065
10.9971
11.6818
11.2937
11.3468
11.2951
11.2298
11.2713
11.5332
10.9036
11.1358
10.8593
11.0294
10.9269
10.8568
11.0776
11.2284
11.2968
11.1391
11.3862
11.1563
11.2074
11.4297
11.6606
11.8232
11.7522
11.7888
12.5584
11.8848
12.1724
11.2081
11.4193
11.2988
11.5375
11.2329
11.2833
11.4497
11.3454
11.423
11.4222
11.5908
11.4194
11.4112
11.4966
11.1873
11.5993
11.5811
11.5807
12.293
11.6386
11.3339
11.583
11.8028
11.8687
11.8405
12.029
11.8253
12.3818
11.5178
11.9189
11.4196
11.5115
11.5551
11.4699
11.3671
18.9819
18.8569
18.8457
18.8299
19.0039
18.9858
18.8493
18.9145
19.0072
18.8876
19.0119
19.0103
18.8956
18.8905
18.8997
19.0318
18.9063
19.019
19.017
18.8787
18.9214
18.9401
19.021
18.9232
19.035
18.9146
18.9573
19.0343
18.9479
19.0439
19.0085
19.0675
18.9951
18.9481
19.0448
18.9161
18.9649
19.0393
19.0589
18.9368
18.9714
19.0364
19.0216
18.8739
18.8926
18.904
19.0212
18.8607
19.0445
19.0932
19.0315
18.9719
18.9553
19.083
18.9871
19.0673
18.9632
19.0327
19.0781
18.9139
18.9251
18.9572
19.064
19.1312
19.0092
19.0893
19.0262
19.0997
18.9812
19.1011
19.0243
19.1052
18.9833
19.0746
18.9732
19.0569
19.0997
19.0208
19.0871
18.9541
19.0706
18.9616
18.9932
19.0968
18.9663
18.9924
18.9037
18.9991
19.0127
18.9109
18.9651
18.951
19.037
19.0059
19.0566
19.0303
18.9463
19.0192
18.9348
19.0075
19.0011
19.0436
19.0135
18.9345
19.0072
18.9218
18.9209
18.8721
18.9717
18.8435
18.9312
18.9531
18.8503
18.9042
18.9245
18.9672
18.9343
18.8325
18.9256
18.8971
18.9811
18.9778
18.9917
18.9081
18.9717
18.9583
19.0568
19.0961
18.988
19.0636
19.0415
18.9937
19.094
19.0584
19.1587
19.1358
19.1202
19.0743
19.1225
19.1204
19.0488
18.9843
19.0531
19.0878
18.9833
19.0652
19.09
19.0318
19.0372
18.9264
19.0002
18.9346
19.031
19.0514
19.0623
19.1504
19.1567
19.1151
19.0707
19.1353
19.1047
19.0519
18.9677
19.0192
19.0788
18.9634
19.0546
19.0666
18.6925
18.7196
18.5321
18.7119
18.7619
18.5928
18.6383
18.7479
18.8682
18.8753
18.8837
18.8326
18.7804
18.8506
18.6756
18.7528
18.7388
18.8441
18.7829
18.6296
18.7938
18.4877
18.5226
18.445
18.6476
18.3473
18.553
18.5889
18.3893
18.4779
18.4788
18.6348
18.5422
18.3021
18.5509
18.4851
18.6784
18.6804
18.6992
18.5494
18.6289
18.6231
18.9828
19.0111
18.8818
18.9285
18.9918
18.8637
18.99
18.9585
19.0746
19.0692
18.9851
18.9401
19.0739
19.0113
18.9295
18.7742
18.8879
18.9254
18.805
18.9127
18.9539
18.7345
18.7376
18.5192
18.7004
18.574
18.6938
18.786
18.8525
18.9886
19.0075
18.9471
18.8858
18.9911
18.9109
18.8117
18.6977
18.7606
18.8781
18.6591
18.8421
18.8405
18.0108
17.5986
17.8157
17.9552
17.9726
18.1116
17.7542
18.0944
18.3937
18.3796
18.4116
18.301
18.2024
18.2913
18.0012
18.0667
18.0462
18.3155
18.1952
17.8181
18.183
17.4846
17.4711
17.2231
17.4087
17.8305
17.6413
17.6602
17.3447
17.4129
17.4158
17.8134
17.6053
17.0978
17.608
17.4956
17.9365
17.9257
17.9559
17.713
17.7607
17.7761
18.5476
18.6719
18.4213
18.499
18.6042
18.3467
18.6094
18.5213
18.7594
18.6654
18.5711
18.4547
18.714
18.6412
18.4461
18.1297
18.4106
18.4483
18.239
18.3625
18.5302
18.0075
18.0235
17.5723
17.9624
17.7269
17.8867
18.1422
18.2656
18.5557
18.567
18.4886
18.3477
18.5065
18.4041
18.1446
18.0089
18.0908
18.355
17.8755
18.2476
18.2553
15.9293
15.16
15.5973
16.0472
16.1809
16.46
15.7691
16.6004
17.1931
17.2104
17.2873
16.9679
16.8791
16.9985
16.2767
16.4631
16.5048
17.0618
16.6532
15.9852
16.7188
14.7866
14.3623
13.9396
14.9041
15.654
15.1758
15.7649
14.6596
15.0252
15.2652
15.9597
15.5175
14.3546
15.2847
15.2442
16.0697
16.1534
16.3709
15.4966
15.9251
15.886
17.5835
17.886
17.3838
17.4973
17.7199
17.2107
17.7485
17.6166
18.0405
17.8363
17.6865
17.4965
17.934
17.8264
17.3801
16.7916
17.2955
17.4286
16.9716
17.2376
17.5811
16.5786
16.5533
15.7747
16.3739
15.9838
16.4079
16.7748
17.1607
17.6084
17.6538
17.5017
17.2966
17.544
17.3331
16.8422
16.4975
16.6791
17.2237
16.3072
16.9975
17.0378
9.14842
9.30589
9.29913
11.6817
12.4871
11.9915
11.4257
13.4185
14.228
14.8254
14.9022
13.9688
13.6831
14.5846
12.8529
13.3746
13.9965
14.4603
13.3942
12.6476
14.1726
9.79185
8.99429
8.84531
10.8488
11.7152
11.002
11.478
11.8618
12.373
13.0959
13.4049
13.2258
11.7757
12.4976
12.0989
12.9526
13.6483
13.6553
12.249
13.4726
12.7827
15.9554
16.2672
15.4314
15.507
16.1279
15.2205
16.0329
16.1664
16.6832
16.5326
16.101
16.0097
16.6698
16.2914
15.681
14.7025
15.1807
15.5289
14.8982
15.5134
15.7512
14.8305
14.6574
13.8541
14.2536
13.9985
14.6779
14.8396
15.6026
16.1137
16.2975
15.8866
15.7726
16.1554
15.6998
15.0811
14.4202
14.4804
15.2695
14.2449
15.2538
15.0639
10.1863
9.10926
8.96769
10.4704
11.0836
11.077
10.5147
11.5863
12.25
12.903
12.9354
12.1737
11.6198
12.8047
11.498
12.0376
12.5814
12.8105
12.0913
11.4981
12.6459
10.3707
9.19797
9.3781
10.5807
11.0698
10.506
11.0783
11.3986
11.8017
12.2277
12.4249
12.2661
11.4265
11.8495
11.4541
11.9658
12.4399
12.5265
11.4342
12.3959
11.9178
14.3252
14.4696
13.6561
13.7557
14.4558
13.5464
14.3116
14.7162
15.1644
15.0789
14.6121
14.5909
15.2185
14.7803
14.1197
13.2958
13.6075
13.9948
13.3865
14.0013
14.1437
13.5275
13.4029
12.8706
13.0829
12.9377
13.4213
13.539
14.297
14.6342
14.8767
14.4329
14.4146
14.7374
14.2731
13.7033
13.1429
13.2193
13.8343
13.0687
13.8091
13.694
10.6798
10.5214
10.0325
10.9959
11.0144
9.90149
10.7305
11.4
11.7341
12.1064
12.1534
11.6831
11.3757
12.066
11.3525
11.9093
11.5596
12.0554
11.6146
11.361
11.954
10.7287
10.5475
10.0586
10.9603
10.1622
10.6931
10.9402
11.2826
11.372
11.6737
11.7776
11.7128
11.2925
11.3927
11.3234
11.8195
11.4954
11.8308
11.3181
11.7834
11.447
13.165
13.2579
12.7604
12.7273
13.2672
12.6952
13.1325
13.7086
13.9223
13.9078
13.4406
13.613
14.0415
13.5494
13.0405
12.547
12.6128
12.9007
12.6074
12.9458
13.0066
12.7046
12.66
12.3532
12.3084
12.4033
12.6199
12.6841
13.4372
13.7198
13.8164
13.3594
13.5424
13.7001
13.3016
12.7654
12.4826
12.3602
12.8044
12.4269
12.8556
12.7276
10.6984
10.5636
10.4209
10.9049
10.8863
10.3723
10.7098
11.2882
11.3529
11.6395
11.7236
11.3525
11.2908
11.6127
11.3363
11.6036
11.3725
11.7278
11.3581
11.3452
11.6333
10.748
10.6616
10.4882
10.9302
10.5184
10.7532
10.9637
11.5352
11.6158
11.5691
11.9038
11.6608
11.5301
11.5433
11.4032
11.6312
11.4089
11.8306
11.4097
11.5854
11.4583
12.5688
12.6704
12.364
12.2675
12.624
12.3179
12.6842
13.4158
13.7645
13.5956
13.3885
13.3772
13.631
13.3472
12.6172
12.3509
12.2947
12.75
12.3732
12.5676
12.7223
12.695
12.9563
12.5449
12.538
12.5872
12.6127
12.9199
13.456
13.9065
13.6946
13.4578
13.4985
13.6672
13.502
12.6034
12.4516
12.4499
12.804
12.4377
12.6348
12.8533
11.0788
11.0819
11.0126
11.4351
11.3649
10.9946
11.0023
11.7024
11.7336
11.7852
12.1146
11.809
11.7391
11.6778
11.9547
11.8545
12.009
12.2267
11.9353
11.8733
11.9526
12.4137
12.2591
12.2455
12.3127
12.534
12.3004
12.344
11.1856
11.3963
11.2528
11.5635
11.2414
11.2596
11.6297
12.0639
12.4436
12.1324
12.1391
12.1443
12.054
12.21
14.123
13.8169
13.83
13.8428
13.9495
13.7452
13.9333
12.6606
13.0338
12.7885
12.7745
12.7572
12.6741
13.0723
12.9112
13.1968
12.8138
12.888
12.9174
12.8321
13.1669
13.3099
13.0409
13.1476
13.1481
13.2418
13.1174
13.3969
14.1258
13.9535
13.9138
13.8054
14.0346
13.8613
14.16
12.9938
13.1766
13.2927
13.0363
12.9408
13.0577
13.3169
19.2135
19.201
19.1918
19.2206
19.2499
19.2293
19.245
19.2018
19.1882
19.1702
19.2131
19.2111
19.1622
19.195
19.2304
19.2647
19.2839
19.2441
19.2432
19.2385
19.2274
19.2283
19.1884
19.1876
19.2189
19.166
19.2192
19.2213
19.2487
19.2567
19.2824
19.2918
19.2784
19.2464
19.2606
19.2554
19.2588
19.2546
19.289
19.2507
19.2964
19.2578
19.2769
19.239
19.2476
19.2813
19.2681
19.2591
19.2968
19.3708
19.3447
19.3325
19.3169
19.3718
19.3446
19.3459
19.2829
19.301
19.3289
19.2977
19.2628
19.3045
19.3203
19.4066
19.3459
19.36
19.364
19.375
19.3327
19.3993
19.3253
19.3721
19.3296
19.3308
19.3037
19.3161
19.3598
19.31
19.3364
19.2915
19.3273
19.3056
19.3124
19.3496
19.1814
19.1315
19.0911
19.1718
19.1834
19.1008
19.1791
19.2439
19.2517
19.2796
19.2968
19.2528
19.2276
19.2801
19.2333
19.2631
19.2403
19.2989
19.2486
19.2235
19.2965
19.149
19.0657
19.041
19.1544
19.0351
19.1506
19.1394
19.162
19.187
19.2236
19.279
19.2441
19.1531
19.2014
19.2006
19.2778
19.2308
19.2873
19.2063
19.2654
19.2207
19.4861
19.3536
19.3761
19.4198
19.4822
19.3939
19.4774
19.3091
19.3836
19.3392
19.3612
19.3393
19.3429
19.3894
19.3428
19.4037
19.3292
19.373
19.3608
19.3013
19.4047
19.4895
19.3853
19.3466
19.3943
19.4992
19.4306
19.4961
19.3291
19.4041
19.2715
19.3687
19.3008
19.286
19.4162
19.2919
19.4161
19.3463
19.3724
19.3104
19.3398
19.4115
18.9439
18.8696
18.748
18.9438
18.9786
18.7869
18.9199
19.0805
19.1596
19.1799
19.2234
19.138
19.0977
19.1754
19.0183
19.1085
19.0695
19.1914
19.1024
18.998
19.121
18.7985
18.7052
18.6601
18.8896
18.613
18.836
18.8375
18.8059
18.8544
18.9057
19.022
18.9362
18.7652
18.9106
18.8921
19.0389
19.0182
19.0806
18.9227
19.0183
18.9735
19.288
19.3966
19.2554
19.3248
19.3012
19.2451
19.3796
19.3432
19.3967
19.3145
19.3861
19.3239
19.3352
19.4236
19.2593
19.1896
19.2994
19.3267
19.2025
19.2441
19.3566
19.1131
19.1269
19.0157
19.1406
19.0414
19.0908
19.1843
19.2705
19.2561
19.2858
19.3418
19.2864
19.2548
19.2939
19.1767
19.1322
19.1962
19.2854
19.1124
19.193
19.242
18.347
18.2484
18.032
18.3273
18.4244
18.1152
18.2787
18.6173
18.7765
18.811
18.8278
18.706
18.6652
18.772
18.5039
18.6143
18.529
18.7366
18.6129
18.446
18.6639
18.0574
17.8814
17.8755
18.2043
17.7835
18.1334
18.0917
18.117
18.0736
18.227
18.3142
18.3048
18.0402
18.1923
18.2538
18.4955
18.4206
18.4427
18.3218
18.4398
18.3198
18.9854
19.0513
18.9344
18.9494
19.0124
18.8992
18.9794
18.9965
18.9216
18.9456
18.8609
18.9437
18.9884
18.9408
18.8977
18.7672
18.8617
18.8024
18.8093
18.8496
18.8886
18.5433
18.3711
18.3992
18.4517
18.4748
18.4713
18.4783
18.7915
18.6932
18.8616
18.7678
18.8514
18.8075
18.6816
18.67
18.6668
18.5747
18.6963
18.6025
18.736
18.5974
17.3383
17.0917
16.8868
17.1802
17.3425
17.0236
17.222
17.7773
17.9247
18.0685
17.9113
17.7866
17.8814
17.9755
17.6116
17.6965
17.4692
17.7494
17.6217
17.501
17.8061
16.8944
16.5674
16.6861
16.9946
16.5523
17.0226
16.8208
17.0364
16.7818
17.1008
17.1081
17.2302
16.9059
16.9492
17.2067
17.5228
17.2939
17.2744
17.331
17.4011
17.1298
18.2508
18.2424
18.2602
18.0733
18.3335
18.1686
18.1293
18.3629
18.3043
18.2785
18.1011
18.277
18.3695
18.1911
18.1137
17.9258
17.9283
17.8784
18.0265
18.0227
17.9973
17.6536
17.4203
17.4489
17.3729
17.562
17.5315
17.5191
18.0699
18.0916
18.1796
18.0101
18.1752
18.0838
17.9273
17.787
17.7906
17.5135
17.7489
17.6832
17.8942
17.6322
16.0106
15.6259
15.5641
15.722
15.8907
15.7009
15.8657
16.6087
16.6064
16.9358
16.6478
16.4443
16.7444
16.8058
16.4658
16.5227
16.1258
16.5031
16.2802
16.3391
16.6624
15.5489
15.1098
15.4017
15.5509
15.265
15.6934
15.3985
15.9849
15.6748
15.9877
16.0899
16.1276
15.8484
15.7613
16.0806
16.3772
15.981
16.168
16.2207
16.2266
15.86
17.2884
17.329
17.3355
17.011
17.406
17.2078
17.2465
17.6666
17.7985
17.5827
17.5346
17.5767
17.6835
17.5893
17.1854
16.9782
16.9139
17.0897
17.1073
17.0618
17.1677
16.8124
16.8526
16.6193
16.6166
16.7458
16.6459
16.9142
17.4569
17.6747
17.5716
17.4912
17.5549
17.4752
17.442
16.8552
16.9062
16.6691
17.0281
16.7812
16.9888
16.959
14.9297
14.4951
14.5847
14.8388
14.9007
14.7131
14.7729
15.6715
15.6075
15.9399
15.9045
15.5443
15.7924
15.79
15.672
15.5859
15.4735
15.8719
15.5137
15.5522
15.7588
14.5886
14.3562
14.5646
14.8124
14.4473
14.7424
14.7767
15.6162
15.4635
15.5011
15.8195
15.6646
15.4616
15.4759
15.4954
15.6839
15.4775
15.7929
15.6203
15.5064
15.4538
17.6323
17.2911
17.427
17.4579
17.3709
17.3179
17.387
16.53
16.8329
16.6434
16.4909
16.7102
16.5281
16.7836
16.6242
16.752
16.4775
16.4923
16.5976
16.4527
16.7858
17.6683
17.4403
17.3339
17.3181
17.4134
17.4511
17.4044
16.6073
16.7914
16.4405
16.5069
16.589
16.4778
16.801
16.4442
16.7784
16.5955
16.4678
16.4453
16.5989
16.7592
14.691
14.4351
14.4501
14.8656
14.843
14.4795
14.678
15.4687
15.5027
15.6791
15.8481
15.5057
15.6042
15.5463
15.5742
15.6341
15.5712
15.8868
15.5555
15.502
15.7069
15.8089
15.6895
15.5005
15.5912
15.9165
15.7611
15.7175
14.7098
14.5996
14.5583
14.9169
14.5346
14.7706
14.934
15.5324
15.9759
15.7236
15.6606
15.5715
15.6937
15.6659
17.7421
17.4427
17.4787
17.3429
17.7202
17.2915
17.5416
16.5267
16.8494
16.581
16.5902
16.6401
16.4405
16.8412
16.648
16.8372
16.4304
16.612
16.5623
16.5917
16.9082
16.7331
16.3532
16.5727
16.6587
16.9353
16.4727
16.8725
17.731
17.4318
17.3857
17.1335
17.4985
17.2563
17.6368
16.6191
16.6994
16.9018
16.5053
16.423
16.6636
16.855
19.4166
19.341
19.4586
19.4251
19.3541
19.3974
19.3045
19.3269
19.398
19.3828
19.293
19.3278
19.4307
19.2781
19.4368
19.3478
19.2696
19.3585
19.384
19.3912
19.3085
19.2347
19.2678
19.3556
19.2623
19.3103
19.2787
19.2242
19.32
19.2542
19.2189
19.2874
19.2363
19.2897
19.2839
19.3383
19.2658
19.3387
19.3019
19.3911
19.2432
19.3093
19.4244
19.4327
19.3535
19.3231
19.4453
19.4111
19.43
19.5346
19.4234
19.4159
19.4635
19.5353
19.4616
19.542
19.3387
19.4495
19.4254
19.3964
19.4233
19.3178
19.4268
19.5415
19.4102
19.4306
19.4683
19.5402
19.4812
19.5405
19.3037
19.3999
19.366
19.4013
19.3847
19.2953
19.4092
19.3095
19.4198
19.4061
19.4102
19.3835
19.3181
19.4126
19.047
19.0011
19.0634
18.9807
19.0229
19.1081
19.0051
19.2359
19.2268
19.1926
19.2217
19.1957
19.2643
19.1702
19.2029
19.1042
19.1334
19.2001
19.1657
19.1714
19.1385
18.9026
18.8354
18.9979
18.9371
18.9462
18.9468
18.8941
19.0584
19.0043
18.9518
19.0994
18.9907
19.0129
19.0378
19.098
19.0661
19.1027
19.1216
19.1369
19.0267
19.0688
19.2573
19.393
19.3649
19.3545
19.2816
19.3428
19.3801
19.489
19.5767
19.4257
19.5293
19.4751
19.4432
19.5346
19.2469
19.3013
19.3414
19.3628
19.3301
19.2218
19.3758
19.195
19.3347
19.2259
19.2849
19.2562
19.1749
19.3449
19.478
19.5902
19.4666
19.5359
19.4908
19.45
19.5314
19.1946
19.2924
19.2946
19.3592
19.2636
19.2191
19.347
18.5962
18.557
18.5572
18.6209
18.6682
18.6296
18.5244
18.932
18.9743
18.9258
19.0254
18.9404
18.9831
18.8783
18.9086
18.8023
18.8781
19.0071
18.9126
18.8521
18.8566
18.39
18.3967
18.5056
18.5811
18.4224
18.4712
18.5341
18.7876
18.7777
18.6408
18.9298
18.7313
18.7176
18.8077
18.7773
18.7908
18.855
18.9369
18.8415
18.7249
18.8217
19.166
19.3365
19.2273
19.248
19.1851
19.1971
19.3291
19.5226
19.6431
19.5323
19.5608
19.506
19.5371
19.5615
19.1833
19.1733
19.244
19.3265
19.2052
19.1557
19.3352
19.1797
19.3385
19.1563
19.2334
19.2011
19.1337
19.3449
19.5279
19.68
19.564
19.5824
19.543
19.5597
19.5841
19.1466
19.1952
19.221
19.3348
19.1591
19.1757
19.3287
18.1932
18.1899
18.1067
18.3378
18.3707
18.193
18.0844
18.6878
18.7766
18.7049
18.8876
18.7517
18.7597
18.6092
18.7605
18.6216
18.7435
18.9084
18.7615
18.6713
18.7104
18.7934
18.7311
18.698
18.7548
18.971
18.7745
18.7931
18.0729
18.1123
18.1326
18.3432
18.0556
18.1623
18.3246
18.6764
18.9321
18.7366
18.7661
18.7579
18.6642
18.7587
19.8144
19.6466
19.6521
19.67
19.7235
19.6311
19.716
19.1332
19.3636
19.2373
19.2431
19.1909
19.1677
19.3619
19.2333
19.4068
19.1932
19.2773
19.2607
19.1839
19.4013
19.5383
19.2423
19.3101
19.3366
19.3742
19.312
19.5401
19.9333
19.7137
19.7028
19.6552
19.7673
19.6953
19.7954
19.242
19.3372
19.4648
19.2882
19.2218
19.2865
19.472
19.8834
19.8518
19.8476
19.8583
19.9117
19.8956
19.8604
19.6998
19.7406
19.7045
19.7834
19.7762
19.7019
19.6878
19.9039
19.9484
19.8955
19.9343
19.9182
19.9028
19.8896
19.7253
19.7672
19.7416
19.808
19.7354
19.736
19.814
19.986
19.9966
19.967
20.0275
19.9725
19.9821
19.9893
19.9452
19.9332
19.9534
19.9975
19.948
19.9312
19.9633
20.0159
19.9762
19.9818
19.9933
20.0419
19.9901
20.0557
20.2034
20.1556
20.1381
20.1187
20.1626
20.1488
20.1627
20.0355
20.0556
20.1037
20.0484
20.0351
20.0443
20.0712
20.2554
20.1948
20.2099
20.1991
20.2263
20.1859
20.2296
20.1305
20.1917
20.1374
20.1491
20.1351
20.1285
20.1825
20.0861
20.1271
20.0903
20.1142
20.0958
20.0827
20.1499
19.8357
19.8402
19.8155
19.9195
19.9083
19.813
19.8405
20.0171
20.026
20.0093
20.0828
20.0349
20.0202
20.0056
20.0527
20.047
20.0792
20.1174
20.0688
20.0517
20.0474
20.1981
20.1328
20.1164
20.1228
20.2418
20.1324
20.1755
19.8713
19.8929
19.8495
19.9536
19.8512
19.8731
19.9654
20.0872
20.1989
20.0859
20.1204
20.0852
20.0926
20.1365
20.3774
20.3212
20.3329
20.3147
20.3754
20.3099
20.3644
20.1638
20.2353
20.1788
20.2052
20.1673
20.1774
20.2441
20.2092
20.3038
20.2148
20.246
20.218
20.2113
20.2869
20.4108
20.2807
20.295
20.294
20.3622
20.2753
20.3986
20.4207
20.3511
20.3447
20.3185
20.3879
20.3432
20.4136
20.2647
20.3149
20.3488
20.252
20.2505
20.2566
20.351
18.4316
18.5716
18.7041
18.5774
19.1916
19.0145
19.1464
19.0843
19.5443
19.4841
19.5763
19.4668
19.8093
19.8101
19.8706
19.7498
20.0334
20.0435
20.0965
19.979
20.2628
20.2647
20.3286
20.1986
20.541
20.5472
20.6378
20.4633
20.9434
20.9518
21.0718
20.8224
21.403
21.4493
21.5699
21.2914
10.3941
10.3637
10.427
10.4814
10.6191
10.6573
10.6918
10.5867
10.7288
10.7824
10.7967
10.7094
10.7897
10.8296
10.8292
10.785
16.4414
16.8201
16.1506
16.8138
16.399
16.9503
16.1903
18.8876
19.0353
18.8815
19.0221
19.1501
19.0366
19.1184
19.2761
19.2812
19.2431
19.2474
19.3871
19.2883
19.3352
19.3238
19.5598
19.3504
19.4728
19.3684
19.509
19.3059
19.397
19.6663
19.4119
19.5906
19.4335
19.618
19.3701
19.4895
19.8177
19.4974
19.7245
19.5351
19.7721
19.4554
19.7758
20.1214
19.734
19.9941
19.8186
20.0797
19.6923
20.1261
20.4645
20.0823
20.3455
20.16
20.4273
20.0435
20.6325
20.588
20.6143
20.326
20.3253
20.3502
20.3008
20.4689
20.564
20.4695
20.2643
20.3218
20.2592
20.3201
20.0707
20.1677
19.9769
20.817
20.0275
20.0305
20.2085
9.46211
9.25508
9.41474
9.23135
9.05669
9.18611
9.01153
9.88984
9.94549
10.0351
9.75628
9.93424
10.0135
9.75888
10.3863
10.4429
10.3304
10.3197
10.4088
10.3961
10.3102
10.7108
10.704
10.6485
10.6224
10.7015
10.6864
10.6449
10.8314
10.8413
10.7926
10.8337
10.7823
10.8581
10.8329
18.1991
18.5058
18.1895
18.2885
18.6373
18.3045
18.627
18.9226
19.1585
18.8177
19.034
18.9404
19.1439
18.7971
19.2116
19.4064
19.1797
19.3639
19.2215
19.4043
19.1654
19.1714
19.3241
19.2081
19.3951
19.1602
19.3388
19.2141
18.8487
19.0516
18.8964
18.7418
18.8614
18.7012
18.8949
7.87458
8.20276
7.38392
7.38265
7.37664
7.41788
8.14915
7.69872
8.2292
7.92474
8.13819
8.27112
7.97322
7.94496
9.45577
8.99114
8.95227
8.87289
9.28237
9.15898
9.14218
10.4128
10.0223
10.0986
9.91558
10.3243
10.1025
10.2146
10.9781
10.7055
10.8021
10.6369
10.9004
10.7628
10.877
18.874
18.8068
18.851
18.887
18.8691
18.9098
18.8592
18.898
18.8417
18.919
18.886
18.8894
18.8569
18.9171
18.5587
18.4021
18.6461
18.599
18.5159
18.4474
18.6784
17.2794
17.7212
17.3474
17.6499
17.8971
17.573
17.9553
14.6544
15.4337
14.5996
15.6321
16.2525
15.4549
16.3843
9.25231
9.16486
9.23609
11.5014
11.6451
11.5548
11.6102
9.72285
11.6594
9.79455
11.6502
11.7022
9.94615
11.5939
12.2201
10.7624
12.0891
10.6141
12.2563
10.8641
12.0803
12.7769
11.7309
12.7154
11.5457
12.8328
11.7585
12.6567
12.872
12.2604
12.979
12.2181
12.8953
12.2913
12.9411
19.1763
19.0465
19.1614
19.1642
19.0449
19.1752
19.0515
19.1188
18.9166
19.1453
19.0015
19.1116
18.9522
19.1615
18.8663
18.4981
18.9236
18.6902
18.8308
18.5558
18.9589
18.379
17.729
18.4817
18.0115
18.3338
17.793
18.5227
17.7306
16.7934
17.8919
17.0575
17.7509
16.8371
17.8939
17.244
16.2453
17.4817
16.3056
17.4324
16.1701
17.3522
17.1086
16.2627
17.4402
16.0326
17.4577
16.0242
17.1622
17.1411
16.4242
17.4965
16.0997
17.4744
16.1425
17.1688
19.6512
19.4252
19.5683
19.572
19.4813
19.6699
19.4384
19.5685
19.4717
19.7207
19.3924
19.74
19.368
19.5836
19.6219
19.522
19.8343
19.3162
19.8745
19.3063
19.6041
19.8624
19.7633
20.1195
19.3554
20.2143
19.4215
19.7897
20.1399
20.115
20.531
19.6464
20.5725
19.7098
20.1206
20.2729
19.9799
20.1172
20.1529
20.2118
20.3217
20.0321
20.381
20.5525
20.5464
20.2435
20.6285
20.3133
20.3246
18.322
18.2798
18.4353
18.161
18.0253
17.8687
18.0342
17.5401
18.1574
17.6784
17.8926
16.4409
16.8133
16.8194
16.1501
16.1896
16.3984
16.9497
18.7322
18.7432
18.6706
18.8161
18.6575
18.7903
18.7554
12.8731
12.2203
12.2667
12.9856
12.2925
12.9406
12.9008
19.5422
19.4247
19.4549
19.6244
19.42
19.5456
19.6076
20.1471
19.6377
20.1162
20.5331
19.7157
20.1185
20.577
18.3225
18.2809
18.162
18.4355
18.0242
18.0351
17.5411
17.867
17.8933
18.157
17.6766
21.2877
21.3332
21.0902
20.9973
21.3565
21.253
21.0359
21.2527
21.3222
21.085
21.0449
21.3212
21.2691
21.0432
9.87842
9.80278
9.68311
9.49173
9.9314
9.72963
9.65264
9.99131
10.1293
9.83637
9.91953
10.0149
10.0995
9.79099
18.6183
18.8933
18.7627
18.9587
18.6105
18.9018
18.7638
19.4722
19.5346
19.2278
19.3925
19.4259
19.5705
19.2699
8.51875
8.67672
8.73126
8.77591
8.6523
8.59417
8.58328
7.77285
8.25512
8.05401
7.62213
8.17955
7.88756
7.58542
17.3541
17.6668
17.2636
17.7549
17.2578
17.7506
17.3512
16.8941
16.1264
16.8448
16.2182
16.7801
16.25
16.9425
7.10318
7.72413
8.52461
7.80688
7.75339
7.18146
7.83392
7.16519
7.66513
8.49707
8.00714
7.8421
7.25874
7.94048
18.7317
18.6708
18.8166
18.7442
18.7553
18.6578
18.7903
19.5407
19.4538
19.6243
19.4284
19.6071
19.4191
19.5479
10.8455
10.7935
10.7833
10.8295
10.8394
10.8635
10.8307
19.0942
19.2035
19.1926
19.2273
19.1153
19.1636
19.1631
19.0985
19.0104
19.0113
19.2048
19.1121
19.1915
19.0046
18.464
18.2173
18.3333
18.3073
18.4423
18.3491
18.3129
18.4316
18.5759
18.7081
18.5771
18.8422
18.8781
18.9724
18.7276
18.1183
18.1949
18.1493
18.3119
18.4676
18.2645
18.3592
18.3193
18.6293
18.5792
18.7026
18.7813
18.41
18.5327
19.1979
19.0142
19.0886
19.1473
19.2935
19.3814
19.3845
19.267
18.785
19.036
18.6877
18.8544
18.9156
18.8192
18.9974
18.909
19.1424
19.0279
19.2323
19.2286
18.9262
19.1238
19.5436
19.4824
19.4653
19.5764
19.6174
19.7367
19.6835
19.6624
19.2525
19.3853
19.128
19.331
19.3105
19.2185
19.4214
19.3412
19.4554
19.3697
19.5734
19.5199
19.3014
19.4997
19.8086
19.8107
19.7503
19.87
19.8697
19.9871
19.9236
19.9344
19.6422
19.4378
19.6409
19.5507
19.5821
19.4904
19.7028
19.6992
19.5874
19.8155
19.6043
19.7542
19.5411
19.762
20.0333
20.0455
19.9808
20.0969
20.0864
20.2091
20.1451
20.1527
19.8567
19.6289
19.8681
19.7335
19.8063
19.6709
19.9178
19.9058
19.7547
20.0139
19.7741
19.956
19.7114
19.9662
20.2612
20.2648
20.1986
20.3293
20.3226
20.4705
20.3924
20.3952
20.0582
19.7984
20.0621
19.9028
20.0048
19.8435
20.1174
20.113
19.9465
20.2343
19.9522
20.1727
19.8939
20.1707
20.5379
20.5481
20.4625
20.6368
20.6218
20.839
20.7215
20.7297
20.3123
20.0074
20.3013
20.1358
20.2384
20.0732
20.3784
20.3889
20.2306
20.5505
20.2118
20.4743
20.1456
20.4618
20.9282
20.9485
20.8189
21.0704
21.0443
21.3257
21.1707
21.1944
20.6664
20.3198
20.6494
20.4878
20.567
20.4129
20.7512
20.7655
20.6077
20.9605
20.5889
20.8698
20.5141
20.8558
21.3987
21.4499
21.288
21.5681
21.7594
21.5205
21.6057
21.682
21.0501
20.7086
21.0607
20.8671
20.9704
20.7886
21.1502
21.2932
21.1401
20.9416
20.9456
21.2026
20.8752
21.2296
21.3343
21.0907
21.3577
21.2877
20.9956
21.2519
21.0346
21.3229
21.0852
21.3214
21.251
21.0441
21.268
21.041
9.80686
9.69373
9.933
9.88581
9.50821
9.73336
9.65692
10.1295
9.84216
10.0197
9.99089
9.91367
10.1002
9.79216
10.3977
10.4254
10.3619
10.4865
10.4857
10.6093
10.5332
10.5512
10.2419
10.2841
10.0377
10.1855
10.2023
10.1406
10.3365
10.3686
10.3063
10.4868
10.2903
10.4207
10.2329
10.4233
10.6135
10.661
10.5838
10.6981
10.6483
10.7685
10.6731
10.7345
10.5461
10.3822
10.5579
10.5139
10.4891
10.4518
10.6081
10.5925
10.5738
10.6962
10.5859
10.6315
10.5201
10.6621
10.7234
10.7866
10.6942
10.8025
10.7463
10.8262
10.7671
10.8174
10.7003
10.6238
10.7357
10.7196
10.6644
10.6643
10.7669
10.7459
10.7258
10.8098
10.7488
10.7605
10.7107
10.7867
10.7919
10.829
10.7757
10.8278
10.797
10.8228
10.7957
10.7727
10.7923
10.8145
10.8239
10.7864
10.8375
10.7981
10.8056
10.8287
10.8444
16.457
17.4184
16.4212
16.1731
16.0433
17.5805
16.4535
18.8929
18.7625
18.6103
18.6205
18.9587
18.9001
18.7647
18.8868
19.1501
19.036
19.0196
19.0357
19.1145
18.8809
19.2039
19.192
19.1151
19.0949
19.2263
19.1654
19.1623
19.0102
19.2048
19.1121
19.0977
19.011
19.1908
19.0039
19.2759
19.247
19.2822
19.3876
19.3356
19.2429
19.2879
19.2736
19.435
19.4382
19.3472
19.3858
19.3024
19.3159
18.9141
19.1931
19.4008
19.0541
19.181
18.9148
19.4111
19.3233
19.4716
19.56
19.3496
19.5071
19.3042
19.369
19.3383
19.5659
19.5929
19.399
19.5402
19.3531
19.3838
19.0402
19.2392
18.9912
19.233
19.196
19.017
19.2695
19.3877
19.592
19.6656
19.413
19.6134
19.3714
19.4321
19.4065
19.6793
19.6939
19.467
19.6456
19.4222
19.4468
18.9846
19.1548
18.9685
19.2104
19.1774
18.9626
19.1915
18.8647
18.9311
19.1309
19.1407
19.108
18.9118
19.1616
19.4886
19.7227
19.8192
19.4967
19.774
19.4521
19.5347
19.5428
19.9077
19.8812
19.6539
19.8357
19.6073
19.5888
18.8448
18.8443
18.8132
19.1065
19.1411
19.1119
19.1342
18.8583
18.855
18.8285
19.1494
19.2324
19.2043
19.1764
19.7714
19.9911
20.1232
19.7339
20.078
19.6885
19.8183
19.8634
20.2584
20.2113
19.9964
20.1685
19.9532
19.9071
18.9707
19.3832
19.3231
19.0847
19.2954
19.0539
19.4116
19.4857
19.275
19.6084
19.2016
19.583
19.1717
19.512
20.126
20.344
20.4624
20.0836
20.423
20.0435
20.162
20.1921
20.5472
20.5273
20.2826
20.4912
20.2587
20.2257
19.7602
19.377
19.6966
19.4945
19.6737
19.4696
19.78
19.8334
19.6144
19.9021
19.571
19.8907
19.5479
19.8509
20.6328
20.3273
20.5859
20.3259
20.6132
20.2985
20.3509
20.631
20.3396
20.5934
20.3457
20.6146
20.3392
20.3585
19.963
19.6621
19.943
19.7071
19.9332
19.6971
19.9645
19.9642
19.7099
19.9521
19.7186
19.9549
19.7142
19.9687
20.4705
20.2656
20.5619
20.3223
20.4696
20.3164
20.2605
19.8762
19.6849
19.9167
19.6366
19.9272
19.6468
19.8591
19.6821
19.7996
19.5046
19.5673
19.7131
19.5814
19.7778
20.1683
19.9773
20.0282
20.0715
20.8175
20.2093
20.0317
19.5341
19.2279
19.4265
19.4733
19.3907
19.5703
19.2696
8.68321
8.74034
8.66112
8.51693
8.77587
8.584
8.58955
8.24933
8.04931
8.17487
7.78804
7.63275
7.90502
7.57955
9.08926
8.65255
9.09395
8.96585
8.94864
8.85429
8.79217
8.3268
8.19107
7.80766
8.2492
8.02207
8.01637
8.34338
8.41769
8.55733
8.60668
8.19749
8.62921
8.28088
8.59895
9.46587
9.25207
9.27686
9.06861
9.43334
9.04509
9.20551
9.57238
9.43809
9.74615
9.58787
9.60169
9.61441
9.42588
9.09981
8.81727
8.82897
8.97753
8.89194
9.071
9.03943
9.33661
9.53191
9.46294
9.20832
9.52872
9.30722
9.2626
9.94638
9.89313
10.0386
9.76976
10.0183
9.77716
9.94139
10.0361
10.2191
10.1607
10.1718
10.1312
10.1677
10.0383
9.88559
9.75586
9.69188
9.85158
9.74305
9.92583
9.84136
10.0314
10.2653
10.1951
10.0639
10.2132
10.1168
9.99904
10.3823
10.3222
10.4502
10.3342
10.3989
10.3097
10.4097
10.4902
10.5474
10.5341
10.5825
10.4957
10.5632
10.5096
10.4486
10.4135
10.3158
10.4952
10.3273
10.5247
10.4397
10.7271
10.5576
10.6412
10.6058
10.6555
10.6413
10.5485
10.7061
10.6257
10.7122
10.6478
10.693
10.6395
10.7012
10.7701
10.7925
10.7968
10.7563
10.7604
10.7474
10.74
10.8023
10.8034
10.8622
10.8221
10.7187
10.7428
10.7874
10.9539
10.8703
10.8086
10.8793
10.924
10.8717
10.8294
18.4146
18.1578
18.3136
18.3663
18.4916
18.1567
18.2975
18.5059
18.1991
18.1883
18.2872
18.6377
18.6263
18.3045
18.5034
18.9128
18.7941
18.673
18.7796
18.6517
18.5199
17.1385
17.3504
16.6639
17.3887
16.6901
17.8552
17.8131
18.3082
18.0185
18.0445
18.1741
18.3932
18.393
18.1614
18.9221
19.0342
19.1585
18.8179
19.1432
18.7965
18.9408
19.0186
19.3088
19.248
19.1213
19.2319
19.1048
19.0401
18.451
18.6291
18.6162
18.6987
18.5528
18.5454
18.7064
18.8179
18.7417
18.719
18.8037
18.9095
18.9017
18.8183
19.208
19.3628
19.4025
19.1806
19.3995
19.1659
19.2193
19.2329
19.412
19.4158
19.2295
19.4166
19.2258
19.2389
18.8858
19.0157
18.9771
18.9494
18.9677
18.9374
19.021
19.0481
18.9695
19.0366
18.9744
19.0399
18.9655
19.0485
19.1656
19.3856
19.3226
19.2108
19.3403
19.2148
19.1578
19.1023
19.173
19.2446
18.9875
19.2687
19.0092
19.087
18.9824
18.956
19.0176
18.9075
19.0285
18.9165
18.9667
18.9162
18.7628
18.7833
18.8373
18.8137
18.8517
18.8932
18.8486
18.739
19.049
18.8602
18.8973
18.8916
18.6999
18.6619
18.2737
18.5639
18.4843
18.7197
18.3357
18.5152
18.5175
18.6414
18.6477
18.4432
18.6864
18.4805
18.4695
17.9834
18.3134
18.032
18.2444
18.0516
18.2947
18.2566
17.6651
17.2611
17.2557
17.3481
17.7528
17.7459
17.3473
16.213
16.1238
16.8423
16.2446
16.778
16.8895
16.9387
7.69883
8.49309
7.72458
7.80195
7.14418
7.06428
7.8131
7.62125
8.47781
7.80213
7.14584
7.97212
7.24121
7.94936
7.84503
8.18882
7.40532
7.37541
7.35034
7.35651
8.09692
7.88992
7.54261
7.51538
7.81661
7.3505
7.70957
7.9596
7.66227
7.68099
8.17764
8.55053
7.5143
8.34097
7.75829
7.87725
8.96214
8.26193
8.63411
8.1487
8.66221
8.0207
8.25154
7.72173
7.95684
8.12821
8.00136
7.96037
8.26801
8.56578
8.5862
8.2423
8.74079
8.29023
8.86656
8.43795
8.76667
9.29317
8.30731
9.42945
8.43286
9.59547
8.60013
9.08459
10.2055
9.20619
9.73336
9.41177
9.90903
8.87633
9.46756
8.90944
9.00358
8.98093
9.17759
9.17243
9.29461
9.74284
9.68253
9.2895
9.86567
9.44422
9.99084
9.59559
10.027
10.4858
9.52074
10.6364
9.70286
10.7417
9.85639
11.1688
10.2649
10.4004
10.8914
10.5202
10.9721
10.1318
10.4268
9.92899
10.0285
10.1122
10.126
10.2126
10.3305
10.6067
10.4974
10.2412
10.6835
10.3165
10.7584
10.5252
11.3424
11.4266
11.4748
10.9359
10.6528
10.7456
10.8542
11.6609
11.5294
11.5803
11.104
11.1736
11.2506
11.0289
10.9808
10.6437
10.7124
10.8091
10.7666
10.8818
10.9057
10.9624
10.9903
11.0802
11.0623
10.824
10.8861
10.9813
11.6554
11.6488
11.7183
11.4401
11.2627
11.3445
11.3502
11.5237
11.3596
12.2494
11.3969
12.2397
11.4994
11.5193
18.806
18.8741
18.8522
18.8871
18.8683
18.858
18.9089
18.9194
18.8947
18.8909
18.9339
18.8909
18.9269
18.9322
18.9452
18.8464
18.9988
18.8278
18.9748
18.8768
18.8932
19.0152
19.0105
18.9918
18.9053
18.928
18.9266
18.9137
18.8986
18.8863
18.8395
18.9199
18.8569
18.926
18.8868
18.8522
18.7119
18.7749
18.7546
18.7946
18.7795
18.8328
19.0197
18.9132
18.9224
19.0134
18.9315
19.015
18.8995
18.8807
18.9611
18.7989
18.9828
18.823
19.0005
18.8576
18.5574
18.5951
18.3994
18.6486
18.4434
18.6811
18.5135
18.3987
18.0065
18.2009
18.1362
18.2578
18.1902
18.3492
18.6456
18.9064
18.7134
18.7901
18.7495
18.8313
18.6018
18.5115
18.5976
18.285
18.6855
18.3435
18.7321
18.457
17.2772
17.6492
17.7189
17.8918
17.3433
17.9505
17.5682
16.3139
16.8151
17.2923
16.6865
16.8786
16.7937
17.2068
17.8777
18.4544
18.0729
18.1979
18.1336
18.2711
17.8131
17.5743
17.7869
17.1505
17.9787
17.2284
18.0476
17.5155
15.4303
14.6511
14.5938
15.6252
16.2503
16.3798
15.4522
16.3317
17.5332
16.73
17.0866
16.7789
17.2015
16.2733
15.759
16.5067
15.2486
16.7549
15.2941
16.8794
15.7218
9.54674
9.32664
9.19506
12.1219
11.6579
11.6664
11.9786
14.2429
16.1475
14.5913
15.6586
14.6189
15.7785
14.1254
13.8165
15.2549
13.4722
15.4265
13.5543
15.5068
13.7595
9.24414
9.14377
11.4744
11.6357
9.21859
11.5827
11.5488
9.45106
11.5024
9.49134
11.5862
9.40388
11.5103
11.5824
13.2362
15.0685
13.2808
14.9747
13.325
14.9317
13.1586
13.1816
14.7579
13.178
14.9253
13.1851
14.8292
13.1694
11.6533
9.75571
9.78153
11.6494
9.86853
11.5827
11.7046
11.7674
10.3531
10.0282
11.9371
10.15
11.9159
11.8135
13.2488
14.755
13.2401
14.9236
13.2105
14.724
13.3155
13.3148
14.7716
13.5047
14.9628
13.3973
14.7458
13.4077
12.2227
10.6135
10.7488
12.0978
10.8453
12.0718
12.2634
12.3851
11.3303
11.0203
12.5885
11.105
12.5145
12.4313
13.5941
14.8463
13.6193
15.1085
13.5133
14.8504
13.7499
14.9401
13.7122
13.96
15.1407
13.8006
14.9237
13.8641
12.7737
11.5427
11.7305
12.7256
11.7532
12.6436
12.8404
12.0881
12.965
12.9081
12.8519
11.9207
11.9407
12.92
14.9304
15.1072
14.9127
13.961
14.0371
13.8922
14.0999
14.7206
14.1148
14.9553
14.0138
14.7752
13.9798
14.0984
12.369
11.6805
13.2617
11.6419
12.6535
12.497
11.6607
19.1005
18.7807
19.3413
19.1779
19.1409
19.0413
19.1948
19.0482
19.1766
19.1639
19.1657
19.0457
19.051
19.1745
19.1778
19.0379
19.0379
19.1671
19.0549
19.1681
19.1793
19.2835
19.3309
19.0755
19.3146
19.0449
19.4177
19.4435
19.3456
19.3593
19.3322
19.207
19.2255
19.2237
19.2079
19.131
19.0018
18.9144
19.1448
18.9504
19.1558
19.1114
19.0964
18.7973
18.8399
18.9981
18.8815
19.0253
19.0628
19.3508
19.3804
19.3585
19.2147
19.2201
19.229
19.2136
19.3388
19.3763
19.3641
19.2128
19.1609
19.1722
19.1934
18.8685
18.6899
18.4986
18.9248
18.5535
18.963
18.8314
18.7672
18.2178
18.3469
18.6086
18.4038
18.6378
18.7284
19.3406
19.0721
19.1223
19.3257
19.1478
19.2977
19.0698
19.0207
19.227
18.9338
19.2932
18.9438
19.2681
19.0123
18.372
18.0103
17.7317
18.485
17.7921
18.518
18.3369
18.2179
17.3166
17.4957
18.0299
17.5487
18.0561
18.1843
18.7732
19.1787
18.8537
19.1852
18.8678
19.1202
18.7756
18.6743
19.0117
18.6121
19.1441
18.5763
19.0548
18.6886
17.7243
17.058
16.7996
17.8911
16.8355
17.8856
17.7525
17.5745
16.4413
16.6179
17.5446
16.6217
17.4465
17.6269
18.3733
18.9269
18.5298
19.0589
18.4674
18.8938
18.4711
18.2764
18.8159
18.3668
19.0557
18.2071
18.8413
18.4184
17.2462
16.3029
16.248
17.4778
16.1704
17.3351
17.4338
17.1715
16.031
16.2095
17.4175
16.089
17.1379
17.4114
18.0962
18.7822
18.3564
19.1124
18.1445
18.7852
18.3538
18.8371
18.0734
18.4053
19.1539
18.0757
18.7879
18.3706
17.1249
16.0161
16.2646
17.4364
16.007
17.1121
17.4557
17.1388
16.0758
16.3086
17.4938
16.0412
17.1377
17.4725
18.8713
19.3099
18.9204
18.1557
18.4557
18.0972
18.5031
18.9648
19.3455
18.9442
18.1705
18.5923
18.2199
18.5445
17.1277
16.1189
16.4284
17.4946
16.1336
17.1475
17.4751
16.1603
17.2997
16.9738
17.1017
16.4591
16.1768
17.4399
18.9014
19.3209
18.8877
18.2378
18.5975
18.2283
18.6107
19.2231
18.7913
20.0939
18.9503
20.2511
18.5445
18.3828
19.4295
19.651
19.57
19.5745
19.483
19.4273
19.6704
19.582
19.4106
19.4784
19.7067
19.4224
19.5834
19.6878
19.7447
19.723
19.9265
19.6081
19.7727
19.6396
19.7724
19.833
19.9611
19.7976
19.6562
19.8493
19.6834
19.8057
19.5774
19.3831
19.4747
19.7197
19.3631
19.5676
19.7442
19.5693
19.3455
19.4682
19.8022
19.3357
19.5931
19.7602
19.8629
19.7412
19.8871
20.1037
19.7042
19.8991
19.9325
19.7719
19.9872
20.0474
20.1548
19.8099
19.9377
19.9778
19.6195
19.2982
19.5292
19.829
19.3094
19.5805
19.8756
19.6514
19.3429
19.5808
20.0293
19.3095
19.7266
19.956
19.9155
20.0363
20.1115
20.3689
19.8515
20.1238
20.1812
20.314
19.9948
20.4079
20.4946
20.1021
20.2053
20.2963
19.8688
19.3504
19.7657
20.12
19.4287
19.7724
20.2162
19.5751
20.4195
20.0297
19.9479
19.8474
19.4785
20.319
20.4103
20.9104
20.5451
20.3234
20.5378
20.2037
20.6768
20.7469
20.9535
21.0304
20.5416
20.6269
20.4333
20.8153
19.1419
18.379
19.9849
17.806
19.2064
19.2863
18.181
19.7974
19.7585
19.7571
19.741
19.8478
19.7932
19.6855
19.9775
20.2747
20.1199
20.1571
20.2163
20.0376
20.3238
20.203
20.1685
20.2819
20.4604
20.0893
20.2546
20.3821
20.4565
20.4134
20.3027
20.4221
20.298
20.5177
20.5158
20.3437
20.4978
20.3031
20.2767
20.5393
20.33
20.4413
20.3868
20.2253
20.5584
20.5454
20.332
20.3172
20.6316
20.5501
20.9112
20.583
20.4873
20.6962
20.4192
20.7817
20.4019
20.7306
20.4646
20.4643
20.6038
20.3865
20.7305
21.047
20.9422
21.0813
21.067
21.2086
20.9187
20.7129
20.3851
20.2294
20.3381
20.1376
20.4038
20.3797
20.1089
18.838
18.878
18.7279
18.9683
18.1963
18.1508
18.1173
18.3118
18.2642
18.4686
18.3605
18.3204
18.5772
18.4094
18.6307
18.7051
18.5355
18.7818
19.2891
19.3815
19.2679
19.3814
18.7839
18.6862
18.8131
19.0312
18.8552
18.996
18.9154
18.9094
19.0279
18.9252
19.1408
19.2323
19.1232
19.2274
19.6162
19.7371
19.6625
19.6841
19.1248
19.2528
19.2222
19.3873
19.3317
19.4218
19.3105
19.3417
19.3696
19.2972
19.4527
19.573
19.4994
19.5197
19.8684
19.9877
19.9325
19.924
19.4357
19.6413
19.6402
19.5505
19.7026
19.581
19.4894
19.6992
19.8151
19.6037
19.5881
19.7618
19.7546
19.5409
20.0868
20.2092
20.1517
20.1462
19.8583
19.868
19.7324
19.6289
19.9166
19.8071
19.6718
19.9084
20.0142
19.7733
19.7564
19.965
19.9587
19.7121
20.3252
20.4702
20.3949
20.3924
20.0602
20.0609
19.903
19.7988
20.1155
20.0063
19.846
20.1149
20.234
19.9522
19.9474
20.1699
20.1722
19.8954
20.6274
20.8362
20.7334
20.7193
20.3105
20.3008
20.1362
20.0093
20.3772
20.2406
20.0728
20.3922
20.5513
20.214
20.2318
20.4616
20.4743
20.1501
21.0472
21.3259
21.1951
21.1588
20.6701
20.6483
20.4877
20.3246
20.7501
20.57
20.417
20.7691
20.9595
20.5865
20.6081
20.8543
20.8648
20.5116
21.7592
21.6071
21.5231
21.6831
21.0599
21.0573
20.8668
20.7038
21.1494
20.9656
20.7947
21.2913
20.9444
21.2053
21.14
20.9472
21.2296
20.8786
10.4899
10.6047
10.5471
10.5394
10.237
10.0395
10.205
10.2843
10.1777
10.3344
10.142
10.369
10.4861
10.2857
10.3138
10.4224
10.4188
10.2381
10.6608
10.7567
10.7349
10.6892
10.537
10.5591
10.5175
10.3876
10.6062
10.4881
10.4569
10.5969
10.6831
10.5879
10.5726
10.676
10.6159
10.5241
10.7493
10.8247
10.816
10.7673
10.7046
10.7355
10.7172
10.6384
10.7694
10.6659
10.6685
10.7502
10.7269
10.8073
10.7502
10.7889
10.7593
10.7105
10.7954
10.823
10.7952
10.7821
10.7969
10.8087
10.8229
10.8351
10.7909
10.7983
10.8108
10.8239
10.8417
16.3335
16.5732
17.4519
16.1151
16.6607
16.0849
16.405
18.067
17.4465
17.0264
17.1769
17.9559
17.5299
17.0834
17.894
17.1627
17.1601
17.8101
17.446
16.9786
18.5082
19.2744
19.4378
19.3473
19.436
19.3163
19.3854
19.3028
18.9141
19.0546
19.1932
18.9148
19.1819
19.4016
19.4113
19.336
19.5923
19.3992
19.5679
19.3826
19.5419
19.3567
19.0395
18.9918
19.0146
19.239
19.2331
19.2697
19.1983
19.4024
19.692
19.467
19.6784
19.4457
19.6459
19.4226
18.9855
18.9677
18.9671
19.1624
19.2101
19.1922
19.1716
18.9314
18.8651
18.9124
19.1295
19.1392
19.1603
19.1057
19.5462
19.88
19.6532
19.9077
19.5895
19.8373
19.608
18.8443
18.8469
18.8143
19.1045
19.1408
19.1333
19.1128
18.8548
18.8594
18.8304
19.1496
19.2299
19.1752
19.2011
19.867
20.2127
19.9977
20.2621
19.9077
20.1725
19.9576
18.9717
19.3824
19.3211
19.0848
19.4107
19.2941
19.056
19.4845
19.6084
19.2001
19.2761
19.5103
19.5838
19.1719
20.551
20.193
20.5289
20.2825
20.2251
20.4934
20.2605
19.7611
19.6973
19.4926
19.3767
19.7796
19.6755
19.4696
19.8337
19.9019
19.5694
19.6147
19.8504
19.8905
19.5472
20.631
20.5958
20.617
20.3458
20.3455
20.358
20.3359
19.9581
19.9419
19.7055
19.6608
19.9642
19.9343
19.6948
19.9701
19.9521
19.7148
19.7065
19.9684
19.9592
19.7095
19.8738
19.9158
19.6346
19.6917
19.8581
19.9282
19.641
19.6811
19.5025
19.711
19.8007
19.5655
19.7774
19.5847
20.0066
20.7341
20.239
20.1126
19.9168
20.1299
20.1245
9.08402
9.06761
8.92188
8.61363
8.95059
8.78331
8.82725
8.33781
7.78731
7.99802
8.15762
8.26667
8.33781
7.99631
8.38536
8.60163
8.185
8.53206
8.60317
8.605
8.24954
9.55941
9.73824
9.59242
9.42685
9.57751
9.4152
9.60379
9.08877
8.80919
8.96466
8.79585
9.03089
8.86081
9.05984
9.3149
9.45933
9.19257
9.5293
9.24012
9.50444
9.31613
10.0376
10.1593
10.171
10.2156
10.0399
10.1326
10.1724
9.8811
9.65414
9.86288
9.73037
9.84274
9.7017
9.92869
10.0285
10.1768
10.0482
10.2696
9.99495
10.1976
10.1044
10.4932
10.5265
10.5805
10.5489
10.5082
10.4892
10.5701
10.4401
10.3021
10.4951
10.411
10.4269
10.3176
10.5278
10.7281
10.5515
10.6323
10.6024
10.5394
10.6513
10.641
10.7698
10.7874
10.7997
10.7588
10.7552
10.7401
10.7397
10.8011
10.8023
10.8624
10.8186
10.7117
10.7812
10.7387
10.8656
10.8065
10.9537
10.9215
10.8792
10.8684
10.8242
18.9963
19.1025
18.9809
19.1206
18.9973
19.1022
18.9796
18.9879
18.96
19.1298
19.0876
19.1004
18.9744
18.9795
18.2363
18.2753
18.0357
18.0907
18.2042
18.303
18.0451
18.2496
18.0265
18.09
18.2919
18.2991
18.0405
18.2314
18.5041
18.7937
18.6728
18.9157
18.5198
18.7788
18.6529
17.3502
16.6635
17.1389
16.6904
17.3892
17.856
17.813
18.0186
18.3089
18.0452
18.1745
18.3932
18.1613
18.3938
19.0193
19.2481
19.1224
19.3108
19.0401
19.2325
19.1068
18.6294
18.4511
18.6169
18.6994
18.5525
18.7065
18.5455
18.7408
18.8199
18.7184
18.805
18.9122
18.819
18.9052
19.2283
19.4165
19.2348
19.4173
19.2337
19.42
19.2348
18.8852
19.0194
18.9751
18.9491
19.0231
18.9667
18.9376
19.0434
19.0424
18.9711
18.9727
19.0422
19.0477
18.9625
19.1728
19.1043
19.2454
18.9889
19.0871
19.2705
19.0094
18.9839
19.0154
18.9098
18.9554
18.9674
19.0277
18.9174
18.913
18.783
18.8367
18.7657
18.8898
18.8095
18.8493
18.6633
18.2744
18.4866
18.7253
18.3388
18.568
18.5164
18.5134
18.6477
18.4437
18.6463
18.4696
18.689
18.4788
17.9847
18.0377
18.054
18.3154
18.2446
18.2565
18.2978
7.78055
7.77675
7.72187
7.9462
7.66733
7.8568
7.92873
7.20668
7.47016
7.23748
7.41793
7.30337
7.19938
7.34952
7.88711
7.5091
7.34838
7.55643
7.80117
7.99658
7.70855
7.69022
8.12515
7.5064
7.68725
8.58265
7.77008
8.36576
7.8934
8.29001
8.63212
8.92905
8.03754
8.14844
8.65111
8.537
8.25265
8.75666
8.58487
8.42474
8.27346
8.88887
8.77334
8.31873
9.43267
9.29001
8.60755
8.42082
9.59014
9.07506
9.20293
9.71376
10.2073
8.8752
9.41076
9.89696
9.73472
9.27238
9.85555
9.67862
9.58199
9.42496
9.98241
10.025
9.48414
10.6261
10.4733
9.86079
9.67678
10.7319
11.1548
10.254
10.3979
10.8793
10.1168
10.5136
10.961
10.5915
10.2305
10.675
10.4913
10.5147
10.3036
10.7534
11.4175
11.3379
11.4708
10.9321
10.6416
10.8471
10.7429
11.5207
11.6556
11.5747
11.0934
11.1659
11.0201
11.2454
10.9861
10.9591
11.0782
11.0594
10.8164
10.9762
10.8815
11.6439
11.6512
11.717
11.4358
11.2539
11.3435
11.3366
11.3577
12.2465
11.518
11.3915
12.2316
11.4924
11.5184
18.9155
18.889
18.9349
18.8975
18.9312
18.889
18.9264
18.8463
18.999
18.9449
18.8273
18.9732
18.8773
18.8937
19.0112
19.0151
18.9902
18.9045
18.9286
18.9132
18.9269
18.8459
18.7717
18.7578
18.7137
18.8323
18.7931
18.7803
19.0188
18.9132
18.9224
19.0146
18.8999
18.9246
19.0177
18.8778
18.801
18.9833
18.9591
18.855
18.834
18.9893
18.0103
18.3891
18.2008
18.1381
18.3465
18.2561
18.1909
18.6531
18.7121
18.797
18.8959
18.6051
18.7489
18.8313
18.4983
18.2959
18.6748
18.5935
18.451
18.3537
18.7133
16.817
16.3177
16.8815
17.2946
16.6891
17.2092
16.7973
17.8814
18.0723
18.2002
18.4618
17.8139
18.1296
18.2724
17.5738
17.1512
17.9802
17.7886
17.5163
17.2281
18.0502
16.3333
16.7302
17.0864
17.5338
16.2735
16.7804
17.2053
15.7606
15.2488
16.7542
16.5152
15.7216
15.2983
16.8853
9.54302
9.37034
9.16235
12.1426
11.661
11.9838
11.6909
14.2526
14.5907
15.6594
16.158
14.1266
14.6215
15.7917
13.8201
13.4751
15.4273
15.2716
13.7581
13.5689
15.5224
9.45445
9.52427
9.41073
11.5237
11.5966
11.5829
11.546
13.2425
13.2809
14.9758
15.0805
13.1576
13.3275
14.9454
13.1937
13.1765
14.9257
14.7647
13.1687
13.1901
14.8393
11.8061
10.0246
11.935
10.3783
11.8065
10.1386
11.9128
13.2462
13.2364
14.9198
14.7694
13.31
13.2079
14.7368
13.3521
13.5003
14.9634
14.7875
13.4104
13.3885
14.7687
12.3944
11.0059
12.5818
11.3462
12.4185
11.1079
12.5086
13.5946
13.6175
15.1024
14.8245
13.7406
13.495
14.8797
14.9222
13.7348
13.9537
15.1361
13.8584
13.7904
14.9075
12.9589
12.0856
12.9051
12.8601
11.9139
12.9137
11.9408
15.102
14.9305
14.9081
13.9675
14.0278
14.0994
13.91
14.1114
14.9525
14.7211
14.0192
14.7753
13.9941
14.0964
12.4844
12.4349
12.6634
13.6599
12.4255
12.4327
12.7207
12.1451
12.8797
13.1747
12.9301
12.0001
12.356
12.7597
19.1758
18.9178
19.1205
19.0326
19.3133
19.129
19.0415
19.135
18.8466
19.2382
19.1016
19.1323
19.2388
19.09
19.1774
19.0374
19.167
19.034
19.1801
19.0484
19.1682
19.3311
19.0756
19.2833
19.0441
19.3151
19.4186
19.444
19.3594
19.3452
19.3318
19.2098
19.2249
19.2083
19.2234
19.0976
18.8403
18.9973
18.8029
19.0604
18.8913
19.0205
19.3805
19.3507
19.3594
19.2142
19.2189
19.2134
19.2278
19.376
19.3471
19.361
19.2154
19.1601
19.1924
19.1705
18.7732
18.3452
18.6099
18.2183
18.7262
18.4032
18.6487
19.3276
19.0888
19.1195
19.3251
19.0689
19.1406
19.3176
19.0311
18.9325
19.2934
19.2304
19.0074
18.9552
19.2723
18.2239
17.4932
18.0272
17.3153
18.183
17.5503
18.0584
18.775
18.8532
19.1733
19.1884
18.7745
18.8696
19.1225
18.6801
18.6029
19.1389
19.0044
18.6925
18.5688
19.0712
17.5848
16.6124
17.5437
16.4452
17.6242
16.6266
17.4512
18.3668
18.5228
19.0514
18.9598
18.4571
18.4661
18.8952
18.285
18.3589
19.0578
18.8123
18.4096
18.2068
18.8544
17.1964
16.207
17.4186
16.043
17.414
16.0876
17.1459
18.0916
18.344
19.1124
18.7901
18.3439
18.1442
18.7881
18.8424
18.0774
18.4007
19.1487
18.3619
18.0765
18.7966
17.1464
16.3115
17.4934
16.0668
17.4766
16.043
17.1642
19.3103
18.8854
18.9118
18.1219
18.4512
18.5015
18.1321
19.3458
18.9746
18.948
18.2003
18.5918
18.541
18.2149
17.2977
16.1588
16.9817
17.1173
16.4568
17.4399
16.1833
19.3213
18.9096
18.8976
18.2504
18.5972
18.6114
18.2402
18.7884
20.0878
19.2262
18.9527
20.2518
18.5512
18.3812
19.5776
19.4787
19.707
19.4087
19.6886
19.4281
19.5831
19.7209
19.9256
19.7437
19.6041
19.7713
19.6392
19.771
19.961
19.8308
19.7983
19.6579
19.8458
19.8034
19.6844
19.5744
19.4751
19.7942
19.3169
19.7604
19.35
19.5782
19.864
19.7291
19.8854
20.1017
19.9291
19.7132
19.8939
19.7721
20.041
20.1547
19.984
19.9776
19.8069
19.9349
19.6581
19.5739
20.0263
19.322
19.9588
19.3122
19.7048
19.9066
20.1102
20.3659
20.0545
20.1763
19.8692
20.1064
20.301
19.9971
20.4012
20.4952
20.2943
20.0836
20.2118
20.4176
19.5553
20.0277
19.9548
19.8435
20.3184
19.4809
20.9075
20.4153
20.5386
20.3141
20.5343
20.6723
20.2097
20.9489
21.0284
20.742
20.5332
20.6265
20.4327
20.8112
20.6308
20.0497
20.6468
21.5767
20.4587
20.2536
20.7979
19.7595
20.424
20.5676
20.0839
19.2651
19.9554
20.3099
19.9861
19.8621
20.0313
19.9948
20.1311
20.0095
19.9391
20.0969
19.9417
20.2496
20.1338
20.1117
20.224
20.123
20.2023
20.28
20.4564
20.1561
20.3809
20.0928
20.2464
20.4115
20.3012
20.4549
20.2962
20.4205
20.5153
20.5137
20.4945
20.3379
20.2972
20.2716
20.5331
20.4391
20.3237
20.9084
20.5363
20.5787
20.4895
20.6944
20.7811
20.4245
20.7281
20.398
20.4626
20.4615
20.6033
20.7258
20.3858
20.9392
21.0774
21.046
21.0667
21.2079
20.9189
20.7085
20.6718
20.5829
20.6903
20.6558
20.556
20.7075
20.77
20.3135
20.614
20.3818
20.5931
20.3578
20.4715
20.5513
17.8497
17.3457
17.3508
17.227
17.7792
17.3709
17.3674
17.9388
17.9231
18.1237
17.7976
17.929
18.1566
17.7948
17.3164
16.8701
17.0039
17.2991
17.7706
16.7609
17.0115
16.3336
16.5732
17.4523
16.115
16.0848
16.4051
16.6608
17.0845
17.2871
17.0045
16.7487
17.3918
16.801
16.9784
16.9404
16.9262
17.6944
16.9458
17.2521
17.352
16.7517
18.2356
18.2755
18.0905
18.036
18.3024
18.2046
18.0449
18.2484
18.026
18.2906
18.0894
18.2982
18.23
18.0397
15.121
15.153
15.9841
14.3051
16.4999
14.7392
14.5511
14.2765
15.8881
14.187
14.1328
14.4098
15.7106
14.1418
14.1998
14.0902
15.627
13.8595
15.6652
13.8544
14.227
11.0909
11.5561
10.9238
10.6328
11.4242
11.1105
10.7447
10.7393
11.5407
11.1584
11.3021
11.1707
10.8603
10.8031
10.8939
11.5243
11.1143
10.9336
11.0922
10.9598
10.8669
18.6222
18.609
18.1762
18.8681
18.7694
18.5494
18.607
18.4657
18.6427
18.1375
18.3967
18.4202
18.7047
18.4151
18.4585
18.4249
18.6749
18.1459
18.4488
18.4345
18.6914
18.9865
18.9796
18.8392
18.8149
18.9181
19.1595
18.5395
19.0449
18.6047
18.8635
18.8866
18.9148
18.611
19.0104
19.0793
18.8241
18.5365
18.882
18.9342
18.9282
18.6445
14.029
12.9034
14.0161
13.6876
14.9511
13.8022
12.747
12.4888
12.4369
13.6675
12.6663
12.4279
12.4375
12.7253
12.1487
12.8785
12.9297
13.1789
12.7587
12.0045
12.3591
19.1753
19.1196
19.0331
18.9189
19.042
19.3107
19.1292
19.1344
18.8479
19.2371
19.1015
19.132
19.2375
19.0903
15.6765
16.9388
14.3652
14.8648
15.8245
15.9314
14.6563
15.9588
16.4894
16.8747
17.2747
16.6311
15.5034
16.2831
16.6632
18.1568
16.2008
16.8788
16.3143
17.0082
16.5278
19.3554
19.4245
19.1202
19.5271
19.355
19.3144
19.4221
19.5104
19.6675
19.262
19.5233
19.4941
19.6223
19.5399
19.5191
19.4156
19.4964
19.3232
19.4196
19.5015
19.6588
19.5498
19.5942
19.5174
19.4907
19.504
19.7148
19.3709
19.8879
19.5981
19.7694
19.8004
19.763
19.5575
19.9417
19.8564
19.6202
19.4314
19.7203
19.7075
19.714
19.5539
20.0732
19.2248
20.0562
19.4961
20.4555
20.0081
18.9133
20.6292
20.0557
21.5807
20.6529
20.4642
20.2498
20.7998
19.7573
20.4242
20.0776
20.5738
20.3061
19.2626
19.9575
19.9871
20.0324
19.996
19.8638
19.9401
20.1316
20.0111
20.0974
19.9433
20.2493
20.1344
20.1121
20.2244
20.1236
20.3011
20.4741
19.5389
19.8619
20.364
20.3254
19.7453
20.786
20.9974
21.0699
20.9076
21.0775
20.4943
20.8501
21.5088
21.6677
21.125
21.428
21.315
21.5008
21.3915
20.369
20.1616
20.3693
20.0942
20.3554
20.3264
20.1291
20.6561
20.5298
20.7083
20.5617
20.6111
20.6123
20.5638
20.3477
20.48
20.4966
20.4537
20.5476
20.3611
20.2795
20.6738
20.586
20.657
20.6923
20.5645
20.7157
20.7663
20.3181
20.6143
20.5919
20.3811
20.5526
20.3531
20.4741
18.4648
18.2178
18.3077
18.334
18.4431
18.3133
18.3499
17.85
17.3463
17.351
17.2271
17.7796
17.3675
17.3714
17.9396
17.9234
17.7981
18.1244
17.9298
17.7951
18.1573
20.8105
21.1716
20.6039
20.9591
20.4402
21.6275
20.7969
9.62484
9.52559
9.49266
9.28796
9.57768
9.64789
9.25755
9.38462
9.42237
9.7313
9.56609
9.60285
9.61563
9.37063
9.69776
9.83631
9.99738
9.78145
9.96233
9.69862
9.77318
17.0858
17.2885
16.7493
17.0049
17.3933
16.9794
16.8018
16.9445
16.9307
16.9473
17.6916
17.2528
16.7546
17.3545
16.4576
17.4187
16.4214
16.1736
16.4538
17.5808
16.044
17.3186
16.8731
17.3004
17.0064
17.0158
16.7632
17.7741
18.7814
16.7851
17.461
17.2012
17.8187
17.8457
17.0879
18.4791
18.7882
18.6063
18.4843
18.6081
18.5089
18.4589
18.4579
18.7569
18.593
18.4936
18.4625
18.5796
18.4913
18.4408
18.7953
19.1538
18.5899
19.1598
18.6079
18.413
18.4359
18.7755
19.1371
18.5983
18.4282
19.1245
18.5954
18.3926
18.6859
18.5226
18.6582
18.4893
18.4759
18.4127
18.2971
19.2821
18.6208
18.6986
18.486
19.0374
18.5371
19.9604
20.7993
19.9149
19.7713
20.0193
19.847
20.1249
19.0431
19.5662
18.9184
19.1336
18.8989
19.8105
18.963
8.62184
8.59379
8.38253
8.29789
8.63958
8.54862
8.28939
8.07612
7.93729
8.0603
7.98295
8.02539
8.12182
7.93275
7.73694
7.71068
7.68804
7.58564
7.65114
7.67817
7.6634
8.7972
8.81762
8.85786
8.8909
8.76213
8.80664
8.96689
7.83473
7.66009
7.81069
7.82993
7.80846
7.71188
7.90256
11.2456
10.6675
10.8976
10.9262
10.8796
10.917
11.3109
18.8295
19.2178
18.9761
19.0971
18.8329
19.2166
18.9757
18.8248
18.9594
19.0945
19.2145
19.2402
18.9668
18.7946
19.0654
19.0286
19.1302
19.199
19.165
19.0457
19.0444
18.8867
19.0368
19.2954
19.1818
19.3169
18.9162
19.0561
18.4512
18.2804
18.2366
18.1905
18.4216
18.3114
18.2477
18.4461
18.2539
18.1937
18.3061
18.3137
18.2494
18.4449
18.6438
18.3963
18.3706
18.3873
18.5025
18.4749
18.5191
18.4159
18.1589
18.3676
18.3145
18.2994
18.4927
18.1567
17.3263
17.5
17.3764
18.3434
17.3052
17.3862
17.5163
17.4068
17.5494
18.399
17.6303
17.4347
17.5749
17.4843
17.6059
17.6107
17.6751
18.5853
17.8117
17.5831
17.7023
14.2829
14.1402
15.8958
14.1957
15.7161
14.149
14.4187
14.204
14.0946
15.6305
13.8639
15.6684
14.2311
13.8591
15.1283
15.9938
14.315
15.1618
14.5607
16.5075
14.7477
7.28372
7.03137
7.07699
7.10517
6.95276
6.84761
7.29364
8.06676
7.29293
7.36631
7.40015
7.53506
7.38592
7.79529
6.55979
6.50821
6.58192
6.84942
6.39166
6.81849
6.80672
7.25119
6.78594
7.03266
7.40065
6.91691
7.28389
7.34812
10.7356
11.2975
11.5423
11.1579
10.8557
10.7991
11.1709
10.8901
11.5178
11.1136
10.9314
11.0875
10.8655
10.9554
11.0846
10.9163
10.624
11.548
10.7366
11.4195
11.1034
18.4659
18.6426
18.3967
18.1375
18.7051
18.4149
18.4203
18.459
18.4247
18.1467
18.6746
18.6922
18.435
18.4487
18.6218
18.6093
18.8689
18.175
18.6076
18.5484
18.7687
19.0449
18.6047
18.8866
18.8633
19.0106
18.9147
18.6108
19.0796
18.8232
18.8819
18.5352
18.9281
18.9331
18.6448
18.9869
18.9798
18.8158
18.8382
19.1606
18.9178
18.5397
14.0083
12.889
13.6711
14.0023
12.7274
13.7858
14.9339
12.353
11.6659
11.6262
13.2469
11.6444
12.6384
12.484
19.1025
19.3423
19.178
18.7807
19.1973
19.1416
19.0415
15.9579
17.2801
16.4907
16.8787
15.496
16.2834
16.6347
16.6583
18.153
16.1992
16.8775
16.3053
16.5262
17.0038
15.6731
14.3719
14.8576
16.9285
14.6531
15.829
15.9248
19.5101
19.6678
19.5234
19.2616
19.6219
19.54
19.4939
19.5192
19.4159
19.3245
19.4964
19.6594
19.502
19.4195
19.3566
19.4256
19.5289
19.1213
19.4233
19.3157
19.3564
19.8859
19.5984
19.8
19.7686
19.9413
19.7618
19.5573
19.8545
19.6189
19.72
19.4321
19.7132
19.7047
19.5544
19.5485
19.592
19.4909
19.517
19.7113
19.5033
19.3718
20.0694
19.219
19.4902
20.053
18.9066
20.0047
20.4518
19.1441
18.3775
17.8087
19.9826
18.1825
19.2109
19.2857
19.7943
19.7534
19.7382
19.7564
19.6825
19.8444
19.7905
20.7807
20.9016
20.9948
21.0649
20.4912
20.8444
21.073
21.5058
21.6643
21.1218
21.4238
21.3135
21.3874
21.4975
20.2975
19.5362
19.8568
20.4701
19.7407
20.3618
20.3215
20.6541
20.5187
20.5578
20.7123
20.6055
20.5613
20.6088
20.3417
20.4763
20.4533
20.4937
20.2721
20.3563
20.5432
20.3668
20.1575
20.0913
20.367
20.1249
20.3237
20.353
20.3827
20.2254
20.1332
20.3354
20.1039
20.4016
20.3774
11.2481
10.9303
10.9057
10.6736
11.3156
10.9208
10.8857
6.53706
6.81009
6.47286
6.52662
6.79621
6.76359
6.34843
8.03602
7.33994
7.38017
7.27352
7.7729
7.51574
7.373
7.24082
7.00298
7.0534
7.0965
7.24929
6.93088
6.8366
19.1017
19.0075
18.9837
19.1857
19.2022
18.9992
19.0877
19.0693
18.9889
19.0162
19.2279
19.1665
18.9904
19.1291
17.1979
17.4572
17.8421
18.7739
16.7844
17.0843
17.8193
19.9602
20.8007
19.9128
19.7624
20.1256
20.015
19.8442
19.0657
19.1986
19.0282
19.1309
19.1662
19.0443
19.0455
7.19921
7.35758
6.99818
6.7536
7.24212
7.30536
6.87959
15.714
14.6505
14.2276
14.3229
15.7706
14.1016
14.0552
14.4705
15.9644
14.0994
14.4759
13.8027
15.076
13.4831
21.8055
21.5196
21.2823
21.4408
21.984
21.1501
20.9379
21.0419
21.594
20.7356
20.8802
20.6112
21.0554
20.208
21.0507
21.9187
21.0874
21.6398
20.926
21.0164
20.7512
21.2331
21.7479
21.0141
21.8572
21.094
20.9898
20.8754
18.902
19.7035
19.0707
19.7197
18.9219
18.934
18.918
19.8559
19.0654
19.0179
19.7162
19.0495
18.936
18.9138
11.2592
10.6958
10.7684
11.2551
10.7242
10.9648
10.9711
10.9417
10.636
11.5682
11.0677
10.5895
11.3307
10.7651
15.7089
14.2242
14.6474
15.7658
14.3194
14.099
14.052
14.4735
14.0972
15.9645
15.0696
13.8002
14.481
13.4807
21.8003
21.2778
21.5165
21.9808
21.4382
21.1483
20.9334
21.0379
20.7306
21.5879
21.0493
20.6069
20.8762
20.2038
11.2618
10.6968
10.7714
10.7266
11.2598
10.9675
10.9716
11.5675
10.6384
10.941
11.3289
10.5913
11.0706
10.7671
20.8149
20.9599
21.1679
20.601
21.6301
20.7983
20.4381
9.68809
9.77803
9.83707
10.0106
9.67667
9.77097
9.98131
9.73332
9.57364
9.61063
9.38782
9.42593
9.61615
9.37262
9.63725
9.53643
9.49726
9.30112
9.27459
9.57597
9.66079
17.4454
17.1761
17.0248
17.953
17.5282
18.0646
17.0839
17.8099
17.1596
17.4451
17.8962
17.1683
18.5124
16.9808
18.3916
18.6565
18.6845
18.5242
18.4728
18.4121
18.4903
18.2972
18.6971
19.2823
18.6205
19.0359
18.5362
18.4864
18.5929
18.4938
18.4627
18.4582
18.7584
18.5788
18.4913
18.4793
18.7897
18.6055
18.485
18.4595
18.6073
18.5091
19.1386
18.5984
18.4283
18.4352
18.7759
19.1251
18.5955
18.4406
18.7961
19.1545
18.5895
18.4122
19.161
18.6081
19.0688
18.9887
19.2277
19.0155
19.1279
19.1662
18.9902
19.1016
19.0075
19.1846
18.9822
19.0859
19.2021
18.9987
19.3929
19.0481
19.2205
18.9523
18.8588
19.1736
19.4747
19.423
19.0471
19.1656
18.8771
19.1809
19.4005
18.9087
19.0437
19.1318
19.5689
18.9147
19.8118
18.899
18.9602
20.0079
20.734
20.2393
20.1122
20.1249
20.131
19.9191
8.82366
8.83146
8.89578
8.94009
8.78708
8.83095
9.00121
7.84255
7.84404
7.68063
7.84657
7.90697
7.83441
7.73739
8.64609
8.61495
8.40003
8.31743
8.56804
8.30915
8.66085
7.93203
8.05044
8.01887
8.06807
7.97545
7.92426
8.11548
7.74075
7.68919
7.71166
7.58398
7.68519
7.65795
7.65381
18.8864
19.183
19.037
19.2964
19.0566
19.3163
18.9156
19.1028
18.9808
18.9972
18.9961
19.1204
19.1021
18.9798
18.9878
19.1298
18.9595
19.0867
18.9784
19.1011
18.9749
19.2181
18.9763
18.8326
18.8299
19.098
19.2176
18.976
18.825
19.0963
18.9592
19.2167
19.2419
18.7946
18.9674
18.3868
18.3692
18.518
18.6435
18.3959
18.4745
18.502
18.2808
18.1903
18.2368
18.3106
18.4218
18.4506
18.2476
18.3048
18.1932
18.3127
18.4461
18.2535
18.4443
18.2494
17.9051
17.5815
17.2601
17.3128
17.78
18.0746
17.9606
17.2238
17.4276
16.8293
17.4119
16.7663
17.8742
17.8747
17.6026
18.5793
17.671
17.6086
17.7005
17.8075
17.5797
17.4989
17.3754
17.3039
17.3244
18.3411
17.5144
17.3846
17.4035
17.6269
18.3957
17.5453
17.572
17.4803
17.4323
7.75692
7.69623
7.6437
7.76209
7.92918
7.83983
7.91211
7.17945
7.21044
7.39661
7.44779
7.32769
7.27916
7.16707
11.5579
10.9987
11.381
11.5039
12.1383
11.8249
11.0993
11.2979
11.7007
12.6326
11.1807
11.9246
11.1971
11.9992
19.2557
19.3619
19.2319
19.0254
19.2921
19.3314
19.4916
19.3242
19.2412
18.9813
19.3586
19.1307
19.4951
19.3149
17.8418
16.572
17.3457
17.6143
18.7663
17.7156
16.2115
18.3951
18.7428
20.0778
18.1149
19.2582
17.5949
18.5145
20.0601
19.8863
19.9433
20.0529
20.0583
20.1321
19.925
20.2416
20.2665
20.1675
20.1991
20.1685
20.2885
20.3516
20.357
19.9416
20.0463
20.3463
20.3759
20.3956
19.8288
20.578
20.7634
20.8591
20.4974
20.6146
20.2713
20.7188
19.0473
18.8773
19.1668
18.9082
19.1812
19.4236
19.4023
19.048
18.9527
19.2202
18.8586
19.1731
19.3934
19.4757
17.2251
17.429
16.8305
16.7677
17.4132
17.8755
17.876
17.907
17.5845
17.2633
17.7831
17.3136
18.077
17.9636
11.2929
11.7012
12.6356
11.1756
11.9191
11.1901
12.0018
11.5489
10.987
11.3676
11.4946
12.1264
11.8183
11.0904
19.3245
19.2413
18.9796
19.1307
19.359
19.497
19.316
19.2574
19.3641
19.232
19.2946
19.0262
19.3335
19.4938
18.4018
18.7555
20.0873
18.1208
19.2602
17.6042
18.5299
17.8383
16.5654
17.3429
17.608
18.7674
17.7022
16.1955
20.2375
20.2625
20.1655
20.1649
20.1946
20.2832
20.3482
20.0566
19.8825
19.939
20.055
20.0496
20.1297
19.9217
20.5762
20.763
20.8573
20.496
20.6132
20.2705
20.718
20.3533
19.9363
20.0403
20.3424
20.3719
20.3921
19.8226
21.749
21.0143
21.2332
20.8756
21.858
21.0939
20.9897
21.0499
21.918
21.0858
21.0141
21.6402
20.9251
20.7502
18.9023
19.706
19.0692
18.9183
19.7206
18.9198
18.9307
19.0644
19.8599
19.0148
19.0451
19.7203
18.9343
18.9109
17.9862
17.9605
18.5907
18.5382
18.5455
18.7836
18.8042
18.7921
19.2377
19.2555
19.2481
19.5125
19.5221
19.5185
19.7045
19.7105
19.7085
19.8758
19.8799
19.878
20.1043
20.1059
20.105
20.3208
20.3196
20.3193
20.3496
20.3457
20.3449
20.2939
20.2825
9.78991
9.78553
9.79665
10.0449
10.0615
10.0552
10.3587
10.3732
10.3662
10.7192
10.7285
10.7232
11.0424
11.0488
11.0448
18.7302
18.7643
18.7537
18.8525
18.8047
18.8395
19.1562
19.1577
19.1536
19.3928
19.3907
19.3876
19.352
19.3487
19.3452
19.0998
19.0955
19.0939
18.5993
7.60942
8.53858
8.56377
8.5406
9.28536
9.29938
9.28302
9.9175
9.9261
9.91395
10.7319
10.7314
10.7251
11.4078
11.4103
11.401
18.5362
18.873
18.8754
18.8698
18.9529
18.9525
18.9475
18.7468
18.7473
18.7442
18.1388
18.1434
18.1428
16.7881
16.7863
9.66192
9.76799
9.6931
10.3287
10.3245
10.2981
10.5458
10.5394
10.52
11.0146
11.006
10.9921
11.9608
11.9475
11.9401
13.6427
19.1515
19.1292
19.1398
19.1249
19.1219
19.1195
18.9208
18.9201
18.923
18.3862
18.3893
18.3935
17.4075
17.4074
17.4056
16.0311
16.0251
16.0181
14.8838
14.869
14.8625
14.6676
14.6488
14.6462
15.0031
15.0149
14.997
19.436
19.4184
19.4184
19.4167
19.1434
19.1392
19.1394
18.7226
18.7174
18.7175
18.3526
18.3441
18.3438
18.3364
18.3264
18.3292
19.1375
19.7445
19.759
19.7491
19.902
19.9
19.903
20.088
20.112
20.1045
20.491
18.9992
19.0155
19.007
7.75897
7.76371
7.75967
17.0273
17.059
17.047
19.2654
19.2778
19.2731
20.443
20.4434
20.4433
18.156
18.2184
18.172
16.5539
16.5229
16.5203
11.9042
11.936
11.9304
18.1372
18.8346
18.837
18.8314
12.5993
11.9426
11.8992
11.9109
19.0935
19.1065
19.0933
19.1967
19.1838
19.1866
19.6253
19.6307
19.6334
19.4352
19.4282
19.4287
19.4261
18.5243
19.8376
19.8169
19.8264
19.736
19.7394
19.7379
20.3621
20.3525
20.3541
21.0653
21.0842
21.0932
20.4796
20.9462
20.9531
20.9592
18.1527
18.2154
18.169
20.5101
20.5059
20.5053
20.4902
20.483
20.5193
20.5183
9.69527
9.72203
9.78074
9.82272
10.0889
10.1044
10.0977
18.1069
18.1043
18.6137
18.5608
18.565
18.8427
18.8449
18.8414
18.7638
18.7804
18.7679
19.3016
19.2962
19.2945
19.1049
7.10067
8.31617
8.34571
8.32977
19.0884
19.0864
19.0834
19.1607
18.93
18.9162
16.5535
16.5225
16.5199
18.8482
18.8054
18.8339
18.1498
18.1537
18.1518
17.0297
17.0288
16.9227
16.8559
8.63696
8.64596
7.0454
8.81429
8.77864
9.51362
9.51462
9.48268
18.1377
18.8349
18.8373
18.8317
12.589
11.9397
11.8963
11.9081
19.1971
19.1841
19.1869
19.0906
19.1038
19.0905
19.4365
19.4293
19.4297
19.4272
18.5458
19.8311
19.8105
19.8199
20.3604
20.3508
20.3523
19.7381
19.7409
19.7394
20.477
19.1943
19.2125
19.2052
18.9045
18.9286
18.9226
17.7099
8.06601
18.8427
18.8449
18.8414
18.8277
18.8304
18.8268
11.0585
11.1468
11.0858
11.1492
11.1303
10.9135
19.0882
19.0862
19.0832
18.999
19.0154
19.0068
18.8945
18.87
15.9039
11.5948
11.1631
10.8728
17.5137
18.6631
18.6795
18.668
18.6003
12.1419
12.2501
12.1565
13.0349
12.989
12.7518
11.64
18.9068
19.11
15.1941
16.2057
13.673
19.3356
19.453
19.4543
19.4507
19.3628
18.3211
18.3699
18.3348
19.1924
19.1961
19.2588
18.4112
19.7384
19.6846
20.23
20.6052
19.5003
19.9704
20.1756
18.034
18.0437
18.0097
18.776
18.7122
18.7202
18.7492
18.6981
18.6998
18.8008
18.8175
18.8031
18.8335
18.8553
18.8417
19.2405
19.2623
19.2536
19.2948
19.3154
19.3073
19.5791
19.5905
19.586
19.6054
19.6157
19.6118
19.7841
19.7909
19.7884
19.806
19.8126
19.8102
19.9832
19.988
19.9862
20.01
20.0146
20.0128
20.2244
20.2273
20.2262
20.256
20.2584
20.2573
20.4564
20.4554
20.4553
20.4778
20.4765
20.4764
20.5078
20.5046
20.5042
21.6525
21.6158
21.5553
21.5332
21.5396
10.1207
10.1357
10.1293
10.3187
10.3333
10.3272
10.3602
10.3746
10.3684
10.62
10.6309
10.6254
10.6648
10.675
10.6698
10.9062
10.9119
10.9085
10.9349
10.9406
10.9374
12.0385
11.9335
10.3412
12.9962
10.5939
19.4917
19.502
19.4979
19.6772
19.6836
19.6812
19.3608
19.8511
19.8553
19.8536
18.9914
19.0344
18.8804
18.9503
18.9031
20.0751
20.0773
20.0762
18.9156
18.8894
18.9055
19.0033
19.0052
19.0006
20.3029
20.3019
20.3016
19.0021
19.0048
19.002
19.2826
19.2842
19.281
20.3532
20.3499
20.3495
19.325
19.3262
19.3231
19.524
19.522
19.5194
20.2571
20.2583
20.2524
19.5335
19.5308
19.5282
19.5044
19.5009
19.4978
19.488
19.4846
19.4814
19.3048
19.303
19.3009
20.2726
20.2685
20.2672
20.3731
20.3447
8.08218
8.07495
8.07316
7.72823
7.73177
9.6422
9.688
8.44593
8.47359
8.45639
9.12475
9.1434
9.12665
10.0096
10.0257
10.0188
9.19902
9.21648
9.20025
9.7123
9.72448
9.71167
10.2946
10.3092
10.3021
9.79933
9.81072
9.79847
10.4247
10.4284
10.421
10.6583
10.6685
10.6628
10.5321
10.5346
10.5281
11.077
11.0784
11.0694
11.0186
11.0233
11.0203
11.1259
11.12
11.1173
19.0162
19.0498
19.0354
19.0282
19.0679
18.9687
18.9735
18.729
18.7213
18.723
18.7278
18.7245
19.1073
19.1089
19.1047
18.4079
18.4263
19.3838
19.382
19.3791
18.6371
18.6149
18.8629
18.8653
18.8594
19.3743
19.3713
19.368
18.9029
18.9049
18.8993
18.9903
18.99
18.985
19.1306
19.1282
19.1259
18.9821
18.9816
18.9768
18.8145
18.8146
18.811
18.6254
18.768
18.7685
18.7651
18.2538
18.2573
18.2551
15.5998
15.5752
15.3181
15.3019
15.3297
7.40874
7.39567
8.37835
8.40675
8.38424
9.61006
9.60993
9.5794
10.0412
10.0361
10.0141
9.17174
9.18646
9.16905
10.0708
10.0654
10.0442
10.4383
10.43
10.4141
9.8011
9.81054
9.79783
10.5325
10.5236
10.5086
11.3001
11.2886
11.2799
10.6012
10.6021
10.595
11.4465
11.433
11.426
11.7318
11.8177
11.2402
11.3427
11.2628
12.2082
12.1841
10.929
10.8971
10.9082
11.2469
11.2156
17.1793
17.2323
18.9597
18.9597
18.9544
19.0846
19.082
19.0785
18.7957
18.7957
18.7922
19.0887
19.0862
19.083
19.093
19.0902
19.0886
18.2444
18.2486
18.2472
19.0757
19.0728
19.0716
18.8701
18.8685
18.87
17.0354
16.9516
17.0117
18.8179
18.8169
18.8193
18.3183
18.3212
18.3281
18.2074
18.2106
18.2174
17.2313
17.2319
17.2343
9.7975
9.77699
17.0497
17.0495
17.0503
15.7517
15.7437
15.7362
10.2556
10.2539
10.2269
15.5566
15.5479
15.54
14.4202
14.4046
14.3967
10.4903
10.4827
10.4623
14.2989
14.2819
14.274
13.9332
13.9118
13.9058
10.8801
10.8691
10.8543
13.9699
13.9477
13.9424
14.2738
14.2553
14.2483
11.8211
11.8056
11.7983
14.3311
14.3106
14.3078
13.0786
13.0281
12.8792
12.8824
12.8758
18.9912
19.0094
19.0014
18.9076
18.9369
19.1391
19.1364
19.1342
19.4005
19.3965
18.9638
18.9627
18.9651
19.3967
19.4022
19.3935
19.3931
19.3908
18.4835
18.4864
18.4912
19.386
19.3857
19.384
19.1342
19.1315
19.1316
17.5617
17.562
17.5616
19.0777
19.0742
19.0744
18.6111
18.6043
18.6046
16.1921
16.1851
16.1783
18.5336
18.5265
18.5268
18.0396
18.0321
18.0313
14.9451
14.9286
14.9223
17.9921
17.984
17.983
17.8007
17.7889
17.7898
14.5976
14.5755
14.5721
17.8262
17.8146
17.8163
17.734
17.8147
14.8919
14.9767
14.9034
17.9674
17.9892
15.4008
15.3535
15.3647
15.6558
15.5727
19.1768
19.1896
19.1959
19.1919
19.1923
19.5995
19.5966
19.5973
18.7802
18.7749
18.7751
19.6153
19.6124
19.6129
19.6874
19.6844
19.6866
18.375
18.3676
18.3671
19.7089
19.706
19.7084
19.8221
19.8242
19.8272
18.3064
18.2965
18.2985
19.862
19.8657
19.8687
20.7585
20.7057
20.9908
20.9824
20.9906
19.9906
20.007
19.9999
19.8483
19.8652
19.8766
19.8744
19.8773
20.3838
20.3844
20.0312
20.0533
20.0446
20.3797
20.3908
21.5874
21.5958
21.6016
21.3258
21.2961
20.3199
20.3126
20.5911
20.5868
20.6939
20.6949
20.6928
18.9269
18.9328
18.9302
18.8518
18.8725
18.865
17.9984
17.9891
18.7353
18.7584
18.7527
18.7711
18.7762
18.7737
17.7354
17.7367
18.6797
18.6999
18.6925
17.8626
16.6954
17.1474
12.0379
11.9329
10.3406
12.9945
10.5923
16.9793
16.9869
17.0423
17.0555
17.0726
16.5757
16.5704
16.9315
16.9336
16.9303
17.1339
17.131
16.2153
16.2156
16.2099
17.7632
16.9415
17.5065
17.5536
17.5563
17.528
17.5959
16.6412
16.6404
15.5928
15.5681
15.3146
15.2984
15.3262
11.0728
11.0939
11.0849
11.2856
11.2595
12.2723
12.312
17.1783
17.2312
18.1789
18.2213
18.1389
18.1712
18.1585
18.7763
18.736
18.7639
18.8381
18.8438
18.7789
18.8414
18.8508
18.6459
18.7265
18.716
18.7181
18.6534
18.6444
12.3345
12.3447
12.323
12.7619
13.5349
13.5395
14.4376
13.4911
15.1329
15.1512
15.1477
15.4114
15.4035
13.0764
13.0265
12.8831
12.8864
12.8798
12.353
12.2956
18.8253
18.8409
18.8349
18.7373
18.7565
19.0629
19.1623
19.2541
18.9911
19.0093
19.0013
19.1082
19.0978
16.2829
14.8505
17.2119
17.1874
17.189
17.1795
17.1037
19.6254
19.5937
15.4054
15.3581
15.3694
15.6528
15.5694
19.1768
19.1895
19.2984
19.3254
19.4463
19.4557
19.4463
19.4013
19.3963
19.3886
19.4473
19.447
19.4288
19.6906
19.6775
19.6805
19.5239
19.5114
18.3969
18.4151
18.4043
19.4804
19.5731
19.6029
20.0946
19.5269
21.6713
21.6975
21.7021
21.4786
21.4707
20.7592
20.7063
20.9992
20.9907
20.999
19.7673
19.6982
19.5928
19.6965
19.9282
19.8967
20.2549
20.2395
20.4276
19.8593
21.5723
21.5702
21.5824
21.2368
21.2092
20.8989
20.8842
21.5926
21.6011
21.6069
21.3311
21.3015
20.0297
20.591
20.5869
20.6976
20.6988
20.6967
20.7715
20.7542
18.9262
18.9322
18.9295
18.8512
18.872
18.8645
17.9969
17.9875
18.7337
18.7568
18.7511
18.7677
18.7729
18.7704
17.7337
17.7351
18.678
18.6982
18.6907
20.8854
20.892
20.8869
20.9668
21.1993
20.7254
20.722
20.7217
20.4671
20.4625
20.4608
20.6636
20.6873
20.4929
20.4861
20.485
20.7883
20.7913
20.9844
20.8269
9.5253
9.54598
9.7537
9.75356
9.75535
9.38701
10.4823
10.477
10.4862
10.3244
9.9555
9.97194
9.96594
10.2257
10.2534
10.4134
10.4247
10.4196
10.0136
10.0291
10.0229
10.3826
10.3787
16.9811
16.9887
17.043
17.0562
17.0733
16.5785
16.5732
16.9324
16.9346
16.9312
16.216
16.2163
16.2106
17.1359
17.1334
8.06751
17.1797
17.8643
16.6974
17.1488
16.7244
16.784
16.7599
17.0951
17.1108
18.3988
18.3185
17.1964
18.8371
18.8396
18.649
18.6514
18.636
19.164
18.2893
18.8639
19.0384
19.6278
19.5957
20.216
19.4201
19.6636
19.6464
19.1819
19.1746
19.1868
19.1695
8.29319
7.8362
7.87072
8.51031
8.55593
7.97947
8.0277
10.9989
11.0419
11.0357
11.2727
11.3389
11.0507
11.1375
11.0762
11.1413
11.1216
10.9079
11.1752
11.171
11.1718
10.7619
11.3511
11.3387
11.4754
10.8226
19.0636
19.0629
19.0599
19.0563
19.0505
19.0606
19.0692
19.119
19.0514
19.108
18.9739
18.8502
18.8454
18.8471
18.8512
18.8529
18.9266
18.6447
18.6984
18.6125
18.6462
18.6385
18.4645
18.4742
18.0144
18.0185
18.0265
18.4189
18.4041
18.4145
18.0244
18.0331
18.8081
18.6388
18.8238
18.6441
18.1334
17.5061
17.5531
17.5559
17.5289
17.5968
16.6426
16.6418
18.6758
18.6722
18.2087
17.7643
16.9453
18.3978
18.3714
18.3872
18.0248
18.3551
18.1528
18.1537
18.1544
17.7417
17.7467
17.7446
17.6317
17.6669
17.6016
17.6027
17.6014
17.7759
17.7319
15.9114
15.1499
7.37763
7.35523
7.62296
7.64177
7.65548
6.78652
7.86237
7.58853
7.62259
7.59487
7.24347
9.03782
9.04218
9.01342
7.18893
7.22216
7.87805
7.89816
7.86224
9.16075
9.16269
9.12958
7.71383
7.65676
12.3699
10.5827
11.283
10.8645
18.7764
18.736
18.7639
18.8383
18.844
18.7785
18.8227
18.8413
18.8506
18.6449
15.1287
15.1469
15.1433
15.4141
15.4062
12.3264
12.3358
12.3142
12.7706
13.5512
13.556
14.4416
13.4755
12.3551
12.2976
11.624
11.3723
19.1083
19.0979
19.0548
19.1655
19.256
16.2666
14.8424
17.1769
13.6619
19.2986
19.3256
19.3369
19.4491
19.4585
19.4491
19.3973
19.3922
19.3878
19.5179
19.4529
19.4523
19.4344
21.6661
21.6921
21.6967
21.474
21.4661
18.4136
18.4334
18.4223
19.4739
19.5669
19.597
20.0909
19.5215
19.7752
19.7068
18.4093
17.3102
19.7812
19.7893
19.7862
20.2523
20.2368
19.697
19.9241
19.893
21.5678
21.5656
21.5778
21.2312
21.2035
20.4239
19.8537
19.9917
19.4941
20.5028
20.4934
20.5732
20.5749
20.5773
19.9656
20.1711
20.0246
10.8294
11.0009
11.044
11.0378
11.272
11.3383
7.59712
7.61567
7.62919
7.3514
7.32928
10.9315
10.8995
10.9107
11.2469
11.2156
18.881
18.9237
18.9667
18.9884
18.9789
19.0046
19.0054
19.0183
19.0403
19.0311
19.067
19.1521
19.0927
18.9073
18.9228
18.5887
18.9526
19.2199
19.2014
18.6457
18.9352
18.935
18.9262
19.068
19.0375
19.0219
19.2695
19.1952
19.2046
19.1381
19.1149
19.1017
19.132
19.1527
19.1352
19.2765
19.3041
19.2913
19.5876
19.61
19.6014
19.7472
19.7645
19.7577
19.9547
19.9655
19.9609
20.0551
20.0634
20.0601
20.2138
20.2204
20.2177
20.3107
20.3164
20.3141
20.4668
20.4715
20.4694
20.5643
20.5687
20.5668
20.7162
20.7189
20.7182
20.7931
20.7948
20.7949
20.8649
20.8656
20.8672
20.86
20.8597
20.8597
20.9791
10.5821
10.5288
10.5695
10.5639
10.5741
10.5687
10.631
10.6421
10.6369
10.6559
10.6677
10.6626
10.7312
10.7423
10.7373
10.7769
10.7879
10.783
10.8689
10.8785
10.8739
10.9055
10.9141
10.9102
18.68
19.1362
19.1261
19.1293
19.3664
19.3806
19.3744
19.2748
19.2688
19.28
19.5917
19.6004
19.5972
19.3103
19.3166
19.3141
19.3615
19.3686
19.3658
19.7714
19.7753
19.7737
19.4087
19.413
19.4121
19.442
19.4466
19.4445
19.9527
19.9565
19.9548
19.4868
19.4911
19.4893
19.5384
19.5422
19.5402
20.1971
20.1977
20.1969
19.6717
19.6744
19.6726
19.7665
19.7686
19.7669
20.362
20.3593
20.3595
19.9197
19.9195
19.9182
19.9876
19.9855
19.9842
20.2884
20.2833
20.2814
20.0351
20.031
20.03
20.0039
19.9991
19.9973
20.2436
19.9538
19.9481
19.9465
19.8608
19.9024
19.8688
20.0092
8.04088
9.26059
8.72194
9.03662
9.04031
9.04778
9.88265
9.89978
9.893
9.39698
9.41733
9.40837
9.55235
9.56937
9.56094
10.1435
10.159
10.153
9.80788
9.82318
9.8135
9.97034
9.98492
9.97486
10.4854
10.4987
10.4919
10.2929
10.3056
10.2971
10.485
10.4968
10.4894
10.8466
10.8548
10.8505
10.7892
10.7961
10.7909
10.9232
10.9262
10.9226
11.0697
11.0754
11.0717
10.9994
11.0044
10.9982
11.0128
11.0132
11.0121
19.1182
18.9738
18.8091
18.862
18.8486
18.3729
18.5673
18.385
18.9224
18.9241
18.9194
18.4757
18.4745
19.274
19.2743
19.2708
18.7965
18.8001
18.7941
18.9464
18.9484
18.9433
19.4123
19.4093
19.4062
19.1191
19.1191
19.1145
19.1688
19.1679
19.1639
19.2673
19.2638
19.26
19.146
19.1439
19.1399
19.08
19.0782
19.0741
18.9556
18.9412
18.947
18.8917
18.8914
18.888
18.7357
18.7367
18.7339
6.88734
7.89899
7.94649
7.8188
7.73442
7.78622
8.16617
8.18596
8.15332
8.86931
8.88826
8.86824
8.86672
8.87608
8.85208
9.1553
9.16252
9.14237
9.50668
9.51916
9.50455
9.55239
9.55801
9.54194
9.80314
9.80727
9.79268
10.1882
10.1941
10.1837
10.3101
10.3113
10.3003
10.6287
10.6273
10.6183
11.0278
11.0236
11.0187
11.2031
11.1904
11.1842
11.3892
11.3954
11.3704
11.4867
11.4766
11.1094
11.1767
11.5206
11.492
18.5542
18.5653
18.4038
18.6226
18.8811
18.8962
18.8827
18.9299
18.9306
18.9249
18.9382
18.9396
18.9347
18.9162
18.9155
18.9113
18.9894
18.9887
18.9839
18.9729
18.9716
18.967
18.5833
18.5857
18.5835
18.8619
18.861
18.8583
18.7402
18.7404
18.7386
17.7276
17.7322
17.7315
18.3971
18.3995
18.4001
18.0853
18.0888
18.0909
15.6471
17.297
17.3024
17.3042
16.6314
16.6618
16.6513
9.60249
15.0255
15.0176
15.037
14.1727
14.1291
14.1678
9.94894
9.9539
9.92498
13.0106
13.0101
13.0008
12.6928
12.686
12.6731
10.4559
10.4494
10.4265
12.2892
12.2787
12.2633
12.075
12.0633
12.0481
10.6417
10.6338
10.6161
11.8851
11.8689
11.8543
11.9301
11.9121
11.8988
11.3382
11.3283
11.3172
12.3247
12.305
12.297
12.6106
12.589
12.5847
12.0436
12.0302
12.0229
12.1706
12.1594
12.145
12.2427
12.2247
12.2179
13.2076
19.2114
19.1424
19.1396
19.1372
19.2459
19.243
19.0782
19.0757
19.0755
19.2825
19.2805
19.2778
19.2677
19.2661
19.2631
18.7754
18.7763
18.781
19.1975
19.1992
19.2021
19.1249
19.126
19.1285
18.0806
18.0828
18.0861
18.8667
18.8662
18.8652
18.6266
18.6255
18.623
16.9254
16.9227
16.9181
18.0421
18.0386
18.0354
17.6278
17.6219
17.6188
15.5329
15.5237
15.5169
16.8983
16.8869
16.884
16.5219
16.5084
16.5055
14.6771
14.6608
14.6552
16.1477
16.1319
16.1294
16.0839
16.066
16.0651
14.779
14.7585
14.7574
16.1459
16.1281
16.1289
16.112
16.1292
16.1054
15.066
15.0514
15.0415
15.144
15.4007
15.4057
19.4502
19.4475
19.3888
19.4028
19.38
19.3861
19.3793
19.3406
19.3397
19.3394
19.3518
19.3505
19.3494
18.9967
18.9914
18.9919
19.2693
19.2667
19.2664
19.2109
19.2077
19.2079
18.5564
18.5508
18.5505
19.1023
19.0984
19.0984
19.0398
19.0351
19.0351
18.2806
18.2703
18.2708
19.0315
19.0252
19.0268
19.0449
19.0407
19.0433
18.3338
18.327
18.3293
18.5515
18.5463
18.547
18.5547
18.5514
18.5527
19.071
19.9326
19.8105
19.8084
19.8105
20.0207
20.021
19.9538
19.9533
19.9569
20.1535
20.1558
20.1595
20.1981
20.2214
20.2134
20.12
20.1304
20.1225
20.1528
20.1553
20.1821
20.6221
19.0832
19.1113
19.0978
18.9895
19.0057
18.9974
19.0875
19.1156
19.1019
16.9132
16.8891
16.9011
7.71721
7.73597
7.72739
7.85849
7.8603
7.86131
7.83544
7.85099
7.84965
11.0888
11.1396
11.1302
11.0611
11.1149
11.1051
17.381
17.4046
17.3955
17.064
17.0965
17.0844
16.389
16.402
16.4013
16.2864
16.3014
16.3009
19.223
19.23
19.2265
19.2406
19.2528
19.2482
19.2517
19.2596
19.2558
21.8261
21.8521
21.8613
21.7069
21.7284
21.7369
20.4633
20.4598
20.4598
20.4658
20.4662
20.4661
18.2679
18.5038
18.7696
18.8469
18.9965
18.4091
18.4089
18.4018
17.6436
17.6127
18.331
18.3373
18.3358
16.5819
16.5516
16.549
16.0837
16.0704
16.0353
16.1228
16.1103
16.0756
16.9114
16.8873
16.8993
13.27
14.9492
17.0235
11.9334
11.9637
11.9582
11.6561
11.6721
11.6632
11.6665
11.6844
11.6753
18.1919
17.3808
17.4045
17.3954
17.3466
17.3705
17.3615
18.8137
18.8162
18.8113
18.8332
18.8359
18.8305
18.8193
18.8224
18.8162
18.8086
18.6468
18.658
18.654
12.4871
12.4829
12.1884
12.2243
15.197
14.2427
14.1969
14.2035
12.1914
12.2091
12.203
11.9791
11.9369
11.9479
18.8695
18.8519
18.8562
18.8715
18.8536
18.858
19.1008
19.0998
19.1747
19.1648
19.0925
19.1024
19.1725
19.1602
19.1629
19.19
19.2079
19.2001
19.1721
19.19
19.1821
19.7749
19.7777
19.7805
19.4384
19.4187
19.4238
19.5632
19.5416
19.5471
16.394
16.407
16.4063
16.2901
16.305
16.3046
19.3713
19.223
19.2299
19.2264
19.4454
19.446
19.4426
19.39
19.3901
19.3879
19.4028
19.4027
19.4011
19.516
19.575
19.5813
19.5788
18.4331
18.4606
18.8384
18.6591
20.437
21.5689
21.5692
21.5729
20.5008
20.4947
20.5014
19.9798
19.9602
19.9686
20.3579
20.3512
20.3583
19.8255
19.8118
19.8145
19.8517
19.8377
19.8404
19.7251
19.7246
19.7201
19.7346
19.7489
19.7494
20.373
20.3623
20.3641
20.3324
20.345
20.3398
20.3398
20.3519
20.3469
21.202
21.2129
21.2182
21.1529
21.1618
21.1724
21.2539
21.2588
21.2648
21.8304
21.8564
21.8656
21.7124
21.7339
21.7425
20.5054
20.4663
20.4631
20.4631
21.0139
21.0223
21.0227
21.0634
21.0696
21.0737
20.8983
20.9069
20.9102
18.2664
18.5023
18.7677
18.845
18.9945
18.4045
18.4044
18.3973
17.6415
17.6108
18.3273
18.3336
18.332
20.5477
20.5436
20.5423
20.486
20.4814
20.4798
20.5251
20.5205
20.5188
20.5726
20.571
20.4939
20.4957
20.4923
20.449
20.4759
20.9369
20.9531
20.9505
20.9956
21.0113
21.0087
20.5499
20.5257
20.7671
20.8177
20.8148
20.8154
20.5544
20.5304
20.5372
9.0004
8.99661
8.99547
8.86224
8.85734
8.85707
8.8964
8.89254
8.89391
8.75277
8.74746
8.74732
9.12897
9.13898
9.13372
9.01281
9.02617
9.02193
9.89063
9.62652
9.68856
9.89081
9.92243
9.86835
9.86716
9.87607
10.0563
10.0544
10.2178
10.232
10.2258
10.0694
10.0854
10.0786
10.2037
10.218
10.2118
17.9835
18.0323
17.2364
16.9886
18.2689
18.3121
18.2931
18.4694
18.4405
18.4264
18.5691
18.5102
18.3882
18.323
18.5475
18.5471
18.5458
18.7752
18.7807
18.7758
18.8372
18.8394
18.8358
18.7712
18.7765
18.7716
18.696
18.7082
18.6951
18.8089
18.8118
18.812
18.662
18.6598
18.6606
19.3217
19.3135
19.3146
19.1866
19.2375
19.199
19.3122
19.301
19.4499
7.15134
8.42366
8.43722
8.43751
8.298
8.23553
8.28772
8.26962
8.32597
10.8104
11.0708
11.076
11.0724
10.9925
10.9982
10.9923
11.0085
11.0088
11.008
11.2539
10.8641
11.617
19.0586
19.0575
19.0551
19.08
19.0777
19.0748
18.9732
18.996
18.9878
18.9758
18.9988
18.9904
18.7159
18.7629
18.5317
18.4052
16.0832
16.07
16.0349
16.5821
16.5518
16.5493
16.1228
16.1104
16.0757
18.7598
18.7204
18.7439
18.8093
18.7707
18.6097
18.5846
18.6096
18.9724
18.0918
18.0959
18.0942
18.023
18.027
18.0249
17.9596
17.9623
17.9604
17.0902
17.0284
17.3154
17.2509
17.2947
16.9592
16.9915
13.2789
14.9563
17.0301
16.5165
16.4454
16.1786
7.71491
7.71389
7.71991
-7.82958
-15.7012
-20.2162
7.76853
8.85457
6.94396
7.35948
6.6581
7.64279
7.65376
8.74062
8.81061
8.74425
8.3582
8.25785
8.80786
8.81708
8.77868
9.38954
9.39184
9.35858
8.64884
8.66059
8.62125
18.1909
18.6466
18.6578
18.6538
18.8139
18.8164
18.8115
18.8337
18.8364
18.8309
18.8196
18.8226
18.8164
18.8079
14.2377
14.1919
14.1985
12.4767
12.4719
12.1872
12.2188
15.1947
12.184
12.2018
12.1956
18.8692
18.8516
18.8559
18.8715
18.8536
18.8579
19.1903
19.2081
19.2003
19.1725
19.1601
19.1628
19.172
19.1897
19.1819
19.0916
19.0906
19.1752
19.1653
19.0887
19.0987
19.4342
19.4144
19.4196
19.3721
19.5744
19.5807
19.5782
19.449
19.4495
19.4462
19.3848
19.3849
19.3826
19.4023
19.4022
19.4005
19.5167
21.566
21.5664
21.57
18.455
18.4837
18.8219
18.6565
20.432
20.5007
20.4948
20.5014
19.8244
19.8106
19.8132
19.851
19.837
19.8398
20.3307
20.3432
20.338
20.3721
20.3613
20.3631
20.3386
20.3505
20.3456
19.7273
19.726
19.7191
19.7333
19.7494
19.7496
20.5038
21.0138
21.0224
21.0227
20.8947
20.9034
20.9066
10.8134
-7.8649
-15.7485
-20.2722
11.0935
11.1443
11.1349
11.0639
11.1177
11.108
18.7992
18.804
18.8041
18.8488
18.8713
18.86
18.8725
18.8881
18.8806
19.1382
19.1583
19.1502
19.1535
19.1706
19.1635
19.0988
19.1175
19.11
19.2929
19.3654
19.52
19.48
19.5518
19.7064
19.0844
19.1088
19.1027
18.9123
18.9061
18.8752
19.0991
19.0925
19.0617
21.5555
21.5335
21.5398
21.6504
21.6136
9.75824
9.75811
9.75989
9.53322
9.55346
14.8227
17.367
16.83
17.1938
16.7244
16.7837
16.7597
17.0912
17.1066
18.8634
18.8358
18.8383
18.8073
18.8093
19.4162
20.3728
20.3442
19.4692
19.4446
19.4521
19.6284
19.5957
11.1398
11.1378
11.1339
11.1133
11.0974
11.0414
11.037
11.0332
11.0745
11.1661
11.1002
10.9007
10.9573
11.2077
11.2055
11.2035
11.3111
11.2982
11.2245
11.1966
11.25
11.2479
19.0513
19.1078
19.016
19.0496
19.0352
19.0268
19.0667
19.0633
19.0626
19.0596
19.0554
19.0496
19.0592
19.0679
18.9676
18.9725
18.9277
18.8505
18.8458
18.8474
18.8516
18.8533
18.8244
18.1326
18.6441
18.7292
18.7216
18.7233
18.7281
18.7249
18.6129
18.6467
18.6389
18.644
18.6976
18.0148
18.0189
18.0268
18.0236
18.0323
18.4188
18.4041
18.4145
18.4637
18.4733
18.7553
18.7365
18.844
18.2955
18.4947
17.3222
11.543
11.5294
11.0019
11.1368
11.752
12.6059
12.071
10.839
10.7971
18.1998
18.6442
18.6509
18.7602
18.7428
18.5921
18.6098
18.445
18.6936
18.392
12.2222
12.1995
12.1892
12.4886
12.441
12.3078
12.3213
12.2877
12.6464
12.75
12.6586
12.6668
12.7657
12.7925
12.8028
12.7807
12.9391
12.9405
13.1486
13.1343
12.9165
12.8938
12.1105
18.9802
19.0701
15.0793
15.0954
15.2493
15.1439
16.04
17.0417
16.8121
14.369
19.3826
19.4547
19.4549
19.402
19.407
19.4239
19.4221
19.4047
19.4405
19.4596
18.3825
18.3754
18.3759
18.6167
18.6154
18.5636
18.5883
18.5729
18.9743
19.016
18.9896
19.0884
19.1477
19.0106
19.0323
19.0223
19.0542
19.0847
19.2362
19.2641
19.064
19.0707
18.6607
19.6849
19.6923
20.1416
20.1681
20.4597
20.2421
20.3763
20.4987
20.7378
19.7754
19.656
20.0063
20.123
19.2815
19.1988
19.2108
19.1389
19.0922
19.0833
18.7772
18.7759
18.7671
18.549
18.4994
18.4964
18.9276
18.8959
18.8811
18.5846
18.5103
18.5226
19.1447
19.0622
19.0744
18.9986
18.9501
18.9422
19.119
19.135
19.115
19.1169
19.108
19.0897
18.7238
18.7169
18.6997
19.1307
19.0573
19.0664
19.0217
19
18.9863
18.7168
18.7174
18.6987
19.0122
19.0279
19.0086
19
18.9916
18.9734
19.5281
19.5519
19.5426
19.3435
19.3704
19.3588
19.006
19.0312
19.02
19.038
19.0575
19.0411
19.1846
19.211
19.1988
19.065
19.0904
19.0798
19.4354
19.4586
19.4495
19.2488
19.2753
19.2639
19.9196
19.9314
19.9264
19.7947
19.8104
19.8042
19.4962
19.5178
19.5094
19.4364
19.4525
19.4459
19.6549
19.6716
19.665
19.8259
19.8373
19.8323
19.4775
19.4926
19.4863
19.7026
19.7178
19.7117
20.1809
20.1873
20.1847
20.0848
20.0923
20.0893
19.8595
19.8696
19.8653
19.6888
19.6965
19.6937
19.9576
19.9651
19.9621
20.0788
20.0847
20.0823
19.7117
19.7185
19.716
19.9866
19.9935
19.9908
20.4332
20.4382
20.436
20.3366
20.3419
20.3396
20.1067
20.1124
20.1101
19.8825
19.8879
19.8861
20.1993
20.2043
20.2023
20.3213
20.3256
20.3238
19.9073
19.9122
19.9104
20.2276
20.2322
20.2303
20.6842
20.6876
20.6864
20.5912
20.5954
20.5936
20.351
20.3551
20.3534
20.0964
20.1007
20.0989
20.4461
20.4498
20.4482
20.5688
20.5717
20.5706
20.1257
20.1299
20.1282
20.4753
20.4789
20.4773
20.8516
20.8522
20.8536
20.8158
20.8172
20.8175
20.5977
20.6003
20.5993
20.35
20.3511
20.3504
20.6769
20.6784
20.6783
20.7445
20.7442
20.7453
20.3793
20.38
20.3794
20.7018
20.7027
20.7029
20.8401
20.8612
20.8449
20.8659
20.8643
20.8636
20.758
20.7576
20.7589
20.5154
20.5133
20.5136
20.7461
20.7454
20.7457
20.7186
20.7159
20.7144
20.523
20.5206
20.5209
20.7448
20.7435
20.7431
21.7032
21.6844
21.6975
21.4487
21.4202
21.4335
21.9149
21.8961
21.6424
21.6224
21.6281
10.606
10.6175
10.612
10.5744
10.5859
10.5803
10.4388
10.4505
10.4455
10.1883
10.2029
10.1967
10.4839
10.4966
10.491
10.5541
10.5666
10.5613
10.225
10.2394
10.2335
10.509
10.5214
10.516
10.7031
10.7135
10.7087
10.6683
10.679
10.6742
10.5767
10.589
10.5838
10.4691
10.4829
10.4764
10.6206
10.6325
10.6273
10.6974
10.7081
10.703
10.5119
10.525
10.5187
10.6434
10.6548
10.6497
10.846
10.8554
10.8512
10.7956
10.8056
10.8009
10.7235
10.734
10.7289
10.7736
10.7835
10.7792
10.7893
10.7998
10.7947
10.8865
10.8952
10.8908
10.8172
10.8264
10.8226
10.8179
10.8276
10.8228
10.9299
10.9361
10.9337
10.9819
10.9872
10.9815
10.9189
10.9272
10.9234
10.9808
10.9882
10.9853
10.9894
10.991
10.9903
11.002
11.0085
11.0062
15.558
15.5203
15.0752
14.9851
14.9814
16.9343
17.0876
17.1308
12.1307
12.0207
10.4301
17.0408
17.1897
17.2343
15.1765
15.0767
15.0667
15.2673
15.165
15.1571
17.4833
17.7825
11.7926
11.6767
10.0849
16.8249
16.9549
16.999
19.398
19.4116
19.4057
19.3303
19.3357
19.3334
19.2829
19.2651
19.2791
19.1021
19.0953
19.258
19.2638
19.2794
19.2675
19.278
19.2072
19.2
19.6132
19.6191
19.6169
19.404
19.4098
19.4082
19.3559
19.3605
19.3589
19.0181
19.2407
19.2304
19.2425
19.3366
19.334
19.3343
18.9076
19.3157
19.3214
19.3196
19.2878
19.2904
19.2888
19.7857
19.7897
19.7882
19.4741
19.4784
19.4765
19.4449
19.4488
19.4473
19.1043
19.0962
19.2894
19.2948
19.2935
19.3177
19.3209
19.3198
18.9973
18.9868
19.3328
19.336
19.3341
19.3084
19.3112
19.31
19.9811
19.9847
19.9831
19.6421
19.6448
19.643
19.5626
19.5664
19.5647
19.002
18.9656
18.992
19.3341
19.3372
19.3353
19.3734
19.376
19.3739
18.9433
18.9033
18.9343
19.4607
19.4627
19.4606
19.3884
19.3911
19.3892
20.2253
20.2258
20.2251
19.8961
19.8965
19.8953
19.8008
19.8027
19.8011
19.4923
19.4945
19.4925
19.1102
19.1129
19.1091
19.588
19.5895
19.5876
19.725
19.7251
19.7236
19.1581
19.1609
19.1574
19.6249
19.6264
19.6246
20.369
20.3661
20.3663
20.0348
20.0311
20.0302
20.0055
20.003
20.0018
19.7533
19.7528
19.7514
19.4304
19.4303
19.4273
19.8273
19.8253
19.8239
19.8776
19.8739
19.8727
19.4567
19.4562
19.4532
19.8425
19.84
19.8385
20.2997
20.2932
20.2915
19.9604
19.9542
19.952
20.0044
19.9991
19.997
19.8803
19.8763
19.875
19.5467
19.5429
19.5402
19.8553
19.8505
19.8486
19.7868
19.7812
19.7787
19.5412
19.5374
19.5345
19.8453
19.8403
19.8382
20.4386
19.8873
19.9249
19.9216
19.9212
19.7734
19.768
19.766
19.422
19.4189
19.4158
19.7101
19.7063
19.7038
19.4818
19.5142
19.4047
19.4014
19.3989
19.6878
19.6829
19.6829
20.416
20.4353
20.4312
20.3038
20.2998
20.2987
20.4627
20.4811
20.4772
20.2626
20.2514
20.2571
20.5807
20.5974
20.4266
20.4382
20.4409
8.01817
8.02578
8.00864
7.8802
7.89262
8.07039
8.06344
8.06263
8.04262
8.04544
7.8102
7.81164
7.80322
9.48815
9.31188
9.33528
9.32671
9.17077
9.11842
9.16442
8.75987
8.76108
8.78229
8.80679
8.78749
8.9389
8.96367
8.95422
9.24014
9.2638
9.25457
8.87472
8.89755
8.87878
9.02129
9.04609
9.03687
9.92094
9.93891
9.93181
9.73875
9.75723
9.74784
9.58654
9.60656
9.59827
9.30704
9.32972
9.32038
9.41099
9.42536
9.41063
9.48303
9.5031
9.49277
9.72305
9.74087
9.72956
9.48738
9.50097
9.48674
9.5475
9.56684
9.55645
10.1789
10.1929
10.1867
10.2143
10.2275
10.2187
10.0342
10.0489
10.0394
9.79047
9.8073
9.79621
10.0515
10.0597
10.0493
9.98229
9.99666
9.9864
10.2644
10.2753
10.2665
10.1504
10.1574
10.1476
10.0568
10.0701
10.0601
10.5259
10.5385
10.532
10.7232
10.7315
10.7259
10.5458
10.5569
10.55
10.3475
10.3578
10.3496
10.7997
10.7989
10.7943
10.5699
10.5795
10.5727
10.8525
10.8583
10.853
10.8839
10.8826
10.8789
10.6461
10.6546
10.6483
11.0529
11.0513
11.0437
10.8951
10.9028
10.899
10.9751
10.9754
10.9711
10.9921
11.0557
10.9198
10.9241
10.9193
11.0759
11.0797
11.0741
11.2875
11.2841
11.3675
11.3392
11.1694
11.1653
11.1591
19.0083
19.0411
19.0271
19.0322
19.0653
19.0507
19.0929
19.091
19.0894
19.1284
19.1251
19.1244
19.0955
19.0936
19.092
19.1255
19.1223
19.1216
19.09
19.1186
19.1049
18.9824
18.9993
18.9907
19.0014
18.9993
18.9972
19.1052
19.0999
19.1006
19.0105
19.0054
19.0049
19.1013
19.0995
19.0982
18.4952
18.5182
18.4943
18.5239
18.5161
18.7123
18.7037
18.7047
18.7386
18.7305
18.7323
18.724
18.7149
18.7161
18.4851
18.5159
18.5083
18.4982
18.5282
18.521
18.7096
18.701
18.73
18.7243
18.7243
18.721
18.7127
18.7125
18.9706
18.9733
18.9685
18.7331
18.737
18.731
18.5391
18.5726
18.5486
17.9143
18.3074
18.3152
18.6131
18.6176
18.6125
18.4338
18.4319
19.308
19.3078
19.3044
19.095
19.0953
19.0905
18.9935
18.9949
18.99
18.7142
18.7183
18.7114
18.6861
18.6887
18.683
18.8388
18.8414
18.8354
18.758
18.7621
18.7566
18.9976
18.9985
18.9934
18.8887
18.891
18.8854
19.41
19.4067
19.4035
19.1646
19.1626
19.1585
19.1742
19.1729
19.1688
19.0283
19.0289
19.0239
18.9645
18.965
18.9597
19.0832
19.0826
19.0782
19.0824
19.0809
19.0766
18.9803
18.9804
18.9752
19.089
19.0881
19.0837
19.2502
19.2477
19.2446
18.9376
18.9369
18.9329
19.0557
19.0545
19.0503
19.0663
19.0646
19.0602
18.9421
18.9413
18.9372
19.003
19.0019
18.9978
18.8465
18.8462
18.8424
18.9144
18.9136
18.9095
18.9709
18.9699
18.9658
18.924
18.9126
18.3738
18.4311
18.3909
18.6692
18.6709
18.6681
18.7976
18.7977
18.794
18.5985
18.6005
18.5981
18.6104
18.6119
18.6087
18.2689
18.2697
18.2669
18.5294
18.5319
18.5297
18.5418
18.5437
18.541
16.265
16.2589
16.2695
15.4441
15.4028
15.4343
17.1772
17.1432
16.1829
16.1813
16.1911
15.3689
15.3311
15.365
7.25797
7.25111
7.25289
7.39317
7.40473
7.22522
7.22872
7.22516
8.029
8.04979
8.03997
8.73858
8.75105
8.72555
8.31324
8.3325
8.30147
7.98213
8.00388
7.96804
9.86551
9.86222
9.8362
8.46752
8.4824
8.44883
8.9932
9.00112
8.97537
9.91322
9.9093
9.88444
8.60863
8.62144
8.58987
8.92103
8.93945
8.91987
9.43798
9.44175
9.42433
9.20851
9.21451
9.19459
9.08537
9.09219
9.06776
10.1945
10.188
10.1694
9.34438
9.348
9.32712
9.64733
9.6481
9.63071
10.2465
10.2396
10.2217
9.41718
9.41978
9.39981
9.55564
9.56595
9.55178
10.1664
10.167
10.1551
9.86699
9.86944
9.8553
9.73149
9.73204
9.71536
10.8227
10.8141
10.8016
10.0015
10.0018
9.98716
10.4496
10.4468
10.4352
10.9577
10.9481
10.9367
10.1139
10.1136
10.0996
10.2921
10.2964
10.2871
11.0651
11.0568
11.0511
10.7567
10.7543
10.7465
11.7332
11.7256
11.7104
10.5955
10.5917
10.5815
10.9614
10.955
10.9476
11.8464
11.8283
11.822
11.4188
11.4107
11.4037
11.0979
11.0904
11.0842
11.2703
11.1027
11.1004
11.0955
11.5391
11.4974
11.5779
11.5609
11.5512
11.7854
11.7668
12.3503
11.8481
11.8375
10.9173
10.9441
10.9375
10.9553
10.9244
10.9349
10.9117
10.9394
10.932
11.0007
11.0362
11.0366
11.3772
11.4477
10.8596
10.815
10.832
11.2856
11.2281
17.9617
17.9942
17.5867
17.5787
17.581
17.5564
17.5489
17.551
17.4465
17.4738
17.4603
17.1385
17.1748
17.1594
17.4909
17.5265
17.893
17.9166
17.9107
18.9488
18.9493
18.9436
18.9904
18.9901
18.9855
18.9611
18.9617
18.9569
18.8969
18.9006
18.9888
18.9998
18.9467
18.9473
18.9435
19.0866
19.0723
18.9953
18.9945
18.9904
18.97
18.9697
18.9657
18.8912
18.8905
18.8864
18.8947
18.8935
18.8901
18.9589
18.9573
18.9531
18.9978
18.9969
18.9926
19.1073
19.1045
19.1015
18.9884
18.9869
18.9822
18.9225
18.9214
18.9182
19.1099
19.1071
19.1043
18.9756
18.9741
18.9696
18.5129
18.5149
18.5128
18.4804
18.4822
18.4822
18.6812
18.6815
18.6801
18.8917
18.8907
18.8878
19.0151
19.0127
19.0121
18.7833
18.7832
18.7816
18.5507
18.5522
18.5524
18.9797
18.9773
18.9768
18.7303
18.7305
18.7293
17.5683
17.5715
17.5709
17.4966
17.501
17.5036
17.9573
17.9611
17.9639
18.4719
18.4737
18.4745
18.6492
18.65
18.6551
18.1933
18.1962
18.1988
17.6689
17.6735
17.6768
18.5745
18.5759
18.5816
18.0791
18.0823
18.0856
14.9484
15.4842
15.4894
15.5004
16.3166
16.3422
16.3374
17.5024
17.5074
17.511
17.8409
17.8439
17.8494
16.9432
16.949
16.9541
15.9517
15.958
15.9623
17.6891
17.6917
17.6966
16.6816
16.6891
16.6947
10.1065
13.1692
13.1677
13.1582
13.8194
13.7599
13.8106
15.6227
15.6264
15.6296
16.5206
16.5171
16.5133
14.8708
14.874
14.8718
14.008
14.0067
13.9986
16.3183
16.3133
16.3084
14.5743
14.5778
14.5754
10.0277
10.0314
10.0027
12.3352
12.3235
12.3075
12.5787
12.5694
12.5548
13.8407
13.8374
13.8277
15.0285
15.0172
15.0092
13.4375
13.4295
13.4164
12.9676
12.9552
12.9412
14.8579
14.8456
14.8376
13.3066
13.2972
13.2837
10.4381
10.4318
10.4091
11.8516
11.8364
11.8213
11.9587
11.9439
11.9281
12.8598
12.8469
12.8326
14.0251
14.0048
13.9968
12.595
12.5794
12.5654
12.4219
12.4044
12.3912
13.9835
13.9633
13.9558
12.5282
12.5115
12.4976
10.671
10.6614
10.6447
12.1753
12.159
12.1495
11.9734
11.9573
11.9452
12.4295
12.4123
12.3996
14.0911
14.0667
14.0643
12.525
12.5082
12.4975
12.8386
12.8201
12.8133
14.1589
14.1338
14.1332
12.6006
12.5832
12.5737
12.839
12.8518
12.8182
11.469
11.4561
11.4468
12.6931
12.6672
12.6619
14.136
14.2392
12.9607
12.9403
12.9353
13.2056
13.1874
13.1822
13.5204
13.4985
14.5634
14.5609
13.3582
13.3327
13.3247
12.5665
12.5568
12.5636
13.5339
13.5508
12.8923
12.9008
12.9092
12.903
12.9075
12.9007
13.1732
13.2018
13.196
13.2278
13.2528
13.2474
18.9889
18.9767
18.9793
18.9869
19.0044
18.9964
18.9783
18.9664
18.969
18.8975
18.887
19.0219
19.0428
19.0319
19.0168
19.0084
19.0083
19.1479
19.145
19.1427
19.2809
19.279
19.2764
19.2503
19.2678
19.2536
19.2098
19.2656
19.2715
19.3158
19.3149
19.312
19.2901
19.2893
19.0501
19.0478
19.0475
19.2194
19.2207
19.2235
19.267
19.2655
19.2637
19.4223
19.422
19.4183
19.3249
19.3239
19.3209
19.3323
19.3315
19.328
19.4324
19.4319
19.4282
19.3005
19.3001
19.3022
19.3353
19.3347
19.3313
18.7078
18.7093
18.7144
18.9374
18.9372
18.9369
19.0818
19.0826
19.0845
19.2918
19.2926
19.2947
19.3025
19.3027
19.3019
19.2303
19.2307
19.2309
19.0469
19.046
19.0442
19.2689
19.2685
19.268
19.1914
19.1916
19.1911
17.9521
17.9538
17.9564
18.1775
18.1744
18.1714
18.5168
18.5151
18.5124
18.9764
18.9755
18.9733
18.8972
18.8918
18.8921
18.7456
18.7439
18.7415
18.3355
18.3318
18.3296
18.8254
18.8196
18.82
18.6464
18.6444
18.642
16.7278
16.7233
16.7177
17.039
17.0283
17.0258
17.4732
17.466
17.4631
18.2126
18.208
18.2058
18.3111
18.3038
18.3035
17.8487
17.841
17.8393
17.3519
17.3407
17.3391
18.2406
18.2333
18.2328
17.7192
17.7103
17.7087
15.3459
15.3331
15.3265
16.1722
16.1575
16.1548
16.4187
16.4046
16.402
17.2395
17.2278
17.2262
17.8575
17.8481
17.8473
16.945
16.9326
16.9306
16.709
16.6946
16.6931
17.849
17.8383
17.838
16.8762
16.8631
16.8613
14.6052
14.5844
14.579
16.0778
16.0593
16.0603
16.0649
16.0456
16.0452
17.8241
17.8163
17.8155
16.7031
16.6877
16.6869
16.6687
16.6522
16.6528
17.869
17.8624
17.8631
16.7453
16.7324
16.7333
16.7141
16.6971
16.6981
16.0915
14.8425
14.8189
14.819
16.2673
16.2438
16.8189
16.8046
16.8027
16.845
16.8393
17.6498
16.8574
16.8809
16.1144
16.1039
16.1051
15.4899
15.4437
15.4541
16.0361
16.0248
16.0261
16.4569
16.4129
16.4212
15.8261
15.8147
15.8331
16.547
16.5317
14.9485
14.8752
14.902
19.2703
19.2542
19.2579
19.2994
19.2827
19.2865
19.2866
19.299
19.2921
19.2874
19.3017
19.2955
19.3592
19.3678
19.3645
19.3136
19.3117
19.3115
19.2894
19.2874
19.2872
19.341
19.3396
19.3388
19.4607
19.4581
19.5416
19.5424
19.4429
19.4414
19.4403
19.5234
19.5364
19.4125
19.4101
19.4102
19.4384
19.4374
19.4367
18.9449
18.9395
18.94
19.1208
19.1169
19.1169
19.1894
19.1859
19.186
19.4078
19.4048
19.4051
19.6437
19.6406
19.6422
19.372
19.3678
19.3683
19.3326
19.3275
19.3283
19.6627
19.6596
19.6614
19.3666
19.362
19.3626
18.514
18.5077
18.5075
19.0092
19.0029
19.0037
19.0431
19.0375
19.0378
19.3319
19.3266
19.3275
19.7465
19.7449
19.7478
19.3134
19.3081
19.3092
19.3397
19.3346
19.3366
19.775
19.7742
19.7774
19.3264
19.3207
19.322
19.112
19.1391
19.1252
18.2959
18.2841
18.2852
19.0913
19.088
19.0909
19.8762
19.9152
19.3758
19.3712
19.3738
19.4182
19.4183
19.4215
19.5351
19.5449
19.9678
19.9973
19.4743
19.4751
19.4774
20.2618
20.235
20.2544
20.9807
20.957
20.3733
20.3628
20.3794
21.1323
21.1206
21.129
21.0766
21.0896
21.0941
21.2466
21.2561
21.2609
20.0332
20.0203
20.0228
19.9783
19.9953
19.9878
20.017
20.0045
20.0069
19.8718
19.8555
19.8814
19.8915
19.8867
19.9216
19.9065
19.91
19.8377
19.8357
19.8382
20.1174
20.1187
20.1221
20.0406
20.0429
20.0447
20.115
20.1413
20.1388
20.2381
20.2405
20.244
20.1611
20.1617
20.3356
19.9874
19.988
19.9918
20.2501
20.2585
20.2713
20.275
20.2784
20.3401
20.3482
20.7576
20.3571
20.3791
21.8574
21.8721
21.8809
21.7346
21.7445
21.7494
21.0756
21.0803
21.0964
21.4345
21.4304
20.9157
20.8976
20.9133
21.2198
21.1854
20.4567
20.4521
20.5266
20.5214
20.5205
20.495
20.4909
20.4924
20.2684
20.2598
20.2654
20.2563
20.2488
20.2525
20.3252
20.3112
20.439
20.4275
20.4337
20.5804
20.5672
20.4092
20.3995
20.7805
20.7655
20.7735
20.6788
20.6568
20.6657
20.7737
20.7602
19.0822
19.0881
19.0856
18.9004
18.912
18.9116
19.0662
19.0779
19.0775
19.0296
19.0505
19.0429
18.8818
18.9005
18.8967
19.0503
19.0688
19.0649
19.124
19.1972
19.3518
18.849
18.9252
19.0785
17.8048
17.7514
18.2906
18.3158
18.3088
18.2537
18.2473
18.2159
18.7388
18.7321
18.7012
18.4723
18.495
18.4896
18.4459
18.4406
18.4096
18.5462
18.5523
18.549
18.7391
18.75
18.7498
18.4666
18.475
18.4746
18.2007
18.1778
18.1932
18.2128
18.207
18.3371
18.3549
18.3544
18.7196
18.7378
18.7344
18.3999
18.4207
18.4128
18.4833
18.5029
18.5002
17.108
16.9565
15.556
15.5183
15.0731
14.983
14.9792
12.13
12.02
10.4294
16.9336
17.0869
17.1302
17.04
17.1889
17.2335
17.4816
17.7809
11.7909
11.6749
10.0831
16.823
16.9532
16.9973
15.1758
15.076
15.066
15.2664
15.1642
15.1562
16.9779
16.9802
16.9983
17.1192
17.132
17.1495
16.9747
16.9702
16.1923
16.1878
16.1859
16.9871
16.9917
16.9872
16.5258
16.5224
16.5216
16.8853
16.8802
16.9504
16.9587
16.9524
16.2991
16.2989
16.293
16.8026
16.8054
16.8045
17.7381
16.7715
12.4761
16.7462
16.5661
16.5293
16.541
17.3779
17.5733
16.5556
16.608
17.4605
17.5397
17.6141
17.5263
17.5732
17.5761
17.8214
17.903
17.8974
17.5338
17.5818
17.5827
13.5883
13.1139
14.034
13.6003
13.2402
16.6394
16.621
16.6148
16.3558
16.343
16.2346
16.2317
16.1964
15.9425
15.8692
15.8192
15.9389
15.8718
15.8207
16.2597
16.2535
16.2641
15.4379
15.3966
15.4282
16.3579
16.3568
17.172
17.1379
16.1801
16.1784
16.1883
15.3655
15.3277
15.3616
13.6606
13.4944
18.6545
10.5207
10.0608
11.3525
10.9357
11.0407
10.888
11.0011
10.6282
11.0772
11.1
11.0911
11.2508
11.2897
11.2843
11.2686
11.3069
11.3017
11.586
11.6435
10.9274
10.9429
10.9419
11.1294
11.1595
11.1618
11.8582
11.9148
11.3938
11.4194
11.4242
11.725
11.7451
11.7501
11.885
11.8484
11.4585
11.4666
11.4679
11.4227
11.3826
11.3901
11.2747
11.2088
11.2314
11.6022
11.5588
11.5369
11.5266
11.1231
11.1302
11.1346
11.217
11.1803
11.1918
11.2808
11.3071
11.2988
18.3832
18.6704
17.4455
17.4727
17.4592
17.4903
17.5258
17.5865
17.5786
17.5808
17.5566
17.5491
17.5513
17.8932
17.9168
17.911
18.2022
18.1997
18.2249
18.2227
18.22
18.1951
18.1892
18.1904
18.2273
18.2204
18.2219
18.4414
18.4493
18.4449
18.3951
18.4165
18.4089
18.4247
18.4466
18.4388
18.7611
18.7652
18.7607
18.7268
18.7343
18.7654
18.7819
18.7685
18.8716
18.8345
18.8593
18.8867
18.8715
18.7963
18.8105
18.7995
18.7164
18.7265
18.7375
18.7542
18.7719
18.7781
18.8965
18.836
18.7617
18.579
18.6466
18.6644
18.6562
18.737
18.7262
18.7285
18.7408
18.7604
18.7516
18.6623
18.6946
18.7453
18.7385
18.7375
18.746
18.7716
18.7586
12.435
12.4123
12.1512
12.245
12.6215
12.6025
13.783
13.0774
14.1681
13.4482
13.6563
13.4807
14.7874
13.8053
13.724
13.7517
14.8352
14.8219
14.8192
15.2197
15.236
15.2323
14.8911
14.8792
14.8764
14.9347
14.8681
14.7024
14.6983
14.7105
11.6151
11.125
12.1707
13.5311
13.5483
12.5689
12.5598
12.5664
12.8937
12.9025
12.9108
12.9093
12.914
12.9073
13.1761
13.2049
13.1992
13.2329
13.258
13.2527
11.9365
11.9325
11.9417
11.7849
11.7214
11.7447
12.4309
12.4098
12.4828
12.5179
12.5107
12.4392
12.4776
12.47
13.3436
13.2934
13.3052
13.4029
13.3542
13.3651
18.9528
18.889
18.8761
18.8772
18.7772
18.7624
18.8233
18.8287
18.8253
18.8465
18.8671
18.858
18.8332
18.8457
19.0625
19.0697
19.0486
19.1125
19.1713
19.0589
19.1092
19.1687
19.1928
19.1647
19.2706
18.9888
18.9766
18.9792
18.9784
18.9665
18.9691
18.8979
18.8875
19.0167
19.0082
19.0081
18.9674
18.9819
18.9602
18.9729
19.092
19.1093
19.1019
19.0922
19.1042
19.0971
19.0619
19.0756
19.0704
19.046
19.0526
19.0492
18.9981
18.9833
19.1177
19.1054
19.1065
19.2211
19.2119
19.2122
19.1139
19.1427
19.2207
19.2399
19.2299
19.1247
19.1332
19.1302
19.1833
19.1977
19.1913
16.0006
15.3125
16.2791
15.5026
15.7872
17.3096
17.2855
17.2872
17.47
17.4784
17.4778
17.5955
17.6019
17.6013
17.6087
17.5834
16.5893
16.5508
16.5679
16.8889
16.8749
16.8899
18.7173
18.6881
18.0258
18.0037
18.0245
18.9437
18.926
18.9429
19.2888
19.2174
18.7214
18.685
18.7041
18.8995
18.8723
18.8787
18.1052
18.0412
18.0673
17.843
17.7611
18.3914
18.34
17.7374
17.6977
17.7201
17.7629
17.7257
17.7362
15.8268
15.8155
15.8338
16.5428
16.5276
16.1192
16.1086
16.1099
15.4946
15.4482
15.4586
16.0404
16.0291
16.0304
16.4591
16.415
16.4234
15.4916
15.4557
15.4758
14.9508
14.8773
14.9042
19.3506
19.4129
19.2505
19.2607
19.2857
19.2979
19.291
19.2869
19.301
19.295
19.2703
19.2542
19.2579
19.2991
19.2824
19.2862
19.2996
19.2883
19.4028
19.3931
19.3941
19.3678
19.3862
19.3782
19.417
19.4033
19.4064
19.3822
19.3696
19.3723
19.4905
19.5009
19.4969
19.3661
19.3747
19.4492
19.4493
19.4458
19.4217
19.4198
19.4025
19.4068
19.4014
19.4137
19.4241
19.4152
19.3827
19.3877
19.4324
19.4354
19.4317
19.4442
19.442
19.4007
19.3989
19.4378
19.4359
19.4115
19.4559
19.3895
19.4801
19.5764
19.5853
19.5816
19.6562
19.674
19.6664
19.6537
19.6415
19.6442
19.6252
19.6434
19.6355
19.5144
19.5359
19.6251
19.6134
19.6157
18.4192
18.4213
18.4994
18.5682
18.6553
18.6797
19.6541
19.1771
19.612
19.7352
19.6668
19.9255
20.0108
19.4045
20.7112
20.6773
20.6976
21.8379
21.8615
21.8671
20.9958
21.0001
21.014
20.9881
20.9711
20.9889
18.6941
20.9822
20.9585
20.265
20.238
20.2574
20.3772
20.3666
20.3832
21.1361
21.1245
21.1329
21.0853
21.0984
21.1029
21.2499
21.2596
21.2644
19.6135
19.5809
19.6034
19.1377
19.0875
19.1113
20.6306
20.6304
20.6367
20.4845
20.4857
20.4922
21.158
21.1546
21.1624
20.9792
20.9296
21.2435
21.2226
19.612
19.6563
19.7582
19.746
19.7482
19.6806
19.6669
19.7611
19.7682
19.7647
19.9435
19.9514
19.9482
19.7181
19.7262
19.7222
19.7071
19.7133
19.711
19.7811
19.7866
19.7001
19.7011
19.693
19.703
19.8985
19.9509
19.8941
19.7512
19.8
19.7989
19.8918
19.9792
19.9962
19.9887
20.0338
20.0209
20.0235
20.0179
20.0054
20.0078
19.8727
19.8564
19.8827
19.8929
19.8881
19.9229
19.9078
19.9114
19.989
19.9883
20.014
20.0106
20.0051
20.0039
20.0051
20.03
20.0307
20.031
20.0805
20.0641
20.0656
20.0533
20.0574
20.1927
20.1813
20.1853
20.2048
20.2014
20.1677
20.1659
20.1687
20.2954
20.3031
20.2999
20.1396
20.1385
20.1412
20.6175
19.8637
19.9622
20.0397
19.8652
19.9367
21.6628
21.6651
21.6716
21.5095
21.5328
21.5402
21.621
21.6496
21.6556
21.2523
21.2494
20.9867
20.9756
20.9875
20.9145
20.9263
20.9353
21.0738
21.0634
20.8382
20.8401
20.8507
20.6376
20.6358
20.643
20.913
20.8949
20.7102
20.7006
20.7097
21.3623
21.3726
21.3796
20.7105
20.6941
20.7067
21.1259
21.1083
21.1297
21.1221
21.0822
21.0869
21.1031
21.4405
21.4366
21.861
21.8757
21.8846
21.7381
21.7481
21.753
21.4746
21.473
21.4856
20.9215
20.9035
20.9191
21.2243
21.1899
20.1792
20.4603
20.456
20.273
20.2646
20.2702
20.3289
20.315
20.5277
20.5226
20.5217
20.4971
20.493
20.4946
20.5559
20.5571
20.3953
20.3959
20.3968
20.3824
20.3976
20.5828
20.5914
20.5948
20.659
20.6709
20.637
20.6529
20.7165
20.7301
20.0947
20.0945
20.5798
20.5666
20.441
20.4298
20.4358
20.4104
20.4006
20.7796
20.7644
20.7725
20.6829
20.6608
20.6697
20.7739
20.7597
20.6382
20.6248
20.5295
20.5204
20.5254
20.5467
20.5337
20.5413
20.925
20.9268
20.9292
20.824
20.8296
20.8339
20.6426
20.635
20.6411
20.6262
20.7158
20.7029
19.0832
19.089
19.0864
18.8998
18.9113
18.9109
19.0673
19.0789
19.0784
19.0301
19.0509
19.0433
18.8811
18.8998
18.8959
19.051
19.0695
19.0655
19.1225
19.1958
19.3503
18.848
18.9241
19.0774
17.8035
17.7501
18.2883
18.3135
18.3064
18.2517
18.2453
18.214
18.7373
18.7307
18.6997
18.4713
18.4939
18.4885
18.4449
18.4396
18.4086
18.5449
18.551
18.5476
18.7363
18.7473
18.747
18.4656
18.4741
18.4736
18.1987
18.1759
18.1906
18.2103
18.2045
18.334
18.3519
18.3512
18.7174
18.7356
18.7322
18.3989
18.4198
18.4119
18.4823
18.5018
18.499
20.8469
20.8674
20.8941
20.8913
20.9225
20.9307
21.208
20.925
20.9319
20.9642
21.3408
20.7009
20.697
20.6959
20.7051
20.7115
20.7041
20.6961
20.691
20.6897
20.4932
20.488
20.4868
20.5127
20.5078
20.5075
20.5311
20.5263
20.5245
20.7443
20.7381
20.7038
20.7079
20.7032
20.6753
20.7005
20.6795
21.0193
21.0423
20.7812
20.4336
20.4643
20.4387
20.5163
20.52
20.5136
20.5354
20.527
20.778
20.7306
20.7249
20.7372
20.7412
21.0572
21.0344
21.0389
21.101
21.1153
20.9249
20.9326
20.9386
20.9396
20.9073
20.9202
21.1217
20.8122
20.6725
20.9356
20.918
20.6984
20.6631
20.5429
20.5138
20.5257
20.4346
20.2805
8.71827
8.73144
8.55521
8.56956
9.24299
9.16034
9.81812
9.83295
9.82924
9.76474
9.78335
9.77968
9.60409
9.6037
9.60572
9.15245
9.14617
9.14676
8.82349
8.84354
9.05824
9.06931
9.05691
9.29795
9.31293
9.31026
10.1959
9.83188
9.45374
9.79807
9.30726
10.635
10.6292
10.4262
10.456
10.5093
10.534
10.3749
10.3803
10.3985
10.5228
9.73442
10.0519
10.0009
9.98927
9.93914
9.97984
10.1264
10.1226
10.1322
10.0309
10.0695
10.2425
10.1335
10.1685
10.0802
10.1015
10.3034
10.3156
10.3104
10.422
10.4162
10.4258
10.2752
10.2879
10.2831
10.0351
10.0509
10.0442
10.1433
10.157
10.151
10.1677
10.1813
10.1755
10.3356
10.368
10.2186
10.214
10.2238
10.3056
10.2547
10.2945
16.9796
16.9819
17
17.1201
17.1329
17.1504
16.1948
16.1903
16.1884
16.9769
16.9725
16.5263
16.5231
16.5222
16.9878
16.9926
16.988
16.3001
16.2998
16.2939
16.8034
16.8062
16.8053
16.8889
16.8838
16.9525
16.9611
16.9547
14.8243
16.8312
18.1383
17.5551
17.1096
16.9591
17.6538
17.652
17.6546
17.874
17.8795
17.9346
17.9253
17.9269
17.7103
17.7298
16.8007
16.8549
16.8324
17.194
17.2626
17.2339
16.7673
16.8343
16.807
18.1192
18.1116
18.1137
17.9057
17.912
17.9784
17.9728
17.9739
18.0416
18.0417
18.4686
18.5489
18.4757
18.1278
18.1502
18.4261
18.3677
18.3291
17.9731
17.798
18.0472
17.8846
17.8297
17.9676
18.0563
18.5485
18.5513
18.5479
18.5823
18.5837
18.5811
18.57
18.5741
18.5697
18.8533
18.8561
18.852
18.7983
18.8053
18.7944
18.7998
18.7942
18.6957
18.7035
18.689
18.5592
18.5514
18.5436
18.6553
18.6505
18.649
18.7921
18.8119
18.2606
18.5862
18.6029
18.5663
18.5518
18.617
18.6927
18.6896
18.8668
19.9232
19.9389
19.9418
20.05
20.0736
20.0965
20.0545
19.7531
19.7482
19.7542
20.0655
19.828
19.5619
19.5536
19.5167
19.5652
19.5535
19.2361
19.2252
19.2298
19.2884
19.2665
19.107
19.1408
19.6098
19.8522
19.513
19.0958
19.1008
19.1383
19.6185
18.8264
18.794
18.8051
19.1181
19.1175
19.1157
19.1272
19.1268
19.1251
18.6139
18.6446
18.6413
18.6317
18.6615
18.6582
18.7679
18.7399
18.7476
18.0631
18.0387
18.0483
18.4173
18.4232
18.4236
18.4236
18.4296
18.43
18.2721
18.2446
18.2797
7.79806
7.79031
7.78923
7.76747
7.76025
7.75856
7.85093
7.84683
7.84981
7.42646
7.41511
7.473
7.46877
7.46461
7.90693
7.9055
7.90028
7.82425
7.83415
7.82846
7.8877
7.8984
7.8966
7.88963
7.8805
7.87931
7.12383
7.09512
8.27037
8.57622
8.32806
7.73941
8.06005
7.61073
7.70489
8.39972
8.45507
8.55029
8.28562
8.32317
8.09293
8.11305
8.10772
8.02107
8.06776
8.30512
8.302
8.19303
7.72452
8.20269
11.0225
11.0643
11.0581
10.7137
10.8983
10.9331
10.9329
11.0328
11.0116
11.1385
11.1362
11.1322
11.1052
11.0887
11.0376
11.0338
11.0296
11.0713
11.1637
11.0981
10.8921
10.9493
11.2111
11.2094
11.2081
11.3191
11.3061
11.2152
11.1883
11.2551
11.2546
11.2008
11.2013
10.862
10.9151
11.1616
11.1344
11.3497
11.3201
11.9393
10.94
11.3793
10.8005
12.0453
10.5242
19.1044
19.1027
19.1007
19.0555
19.0545
19.0516
19.0788
19.0777
19.0739
19.0219
19.0215
19.0639
19.0641
19.0604
19.0778
19.081
19.0269
19.0788
19.1105
19.1029
19.1022
19.067
19.064
19.063
19.1128
19.1052
19.1045
19.0638
19.0609
19.0598
18.9697
18.9913
18.9833
18.9683
18.9778
19.1719
19.0068
18.8602
18.851
18.8549
18.8581
18.8529
18.8547
18.8665
18.8573
18.8612
18.9327
18.9658
18.9532
18.8717
18.8806
18.8551
18.8517
18.8516
18.8664
18.8586
18.861
19.0176
18.6325
18.6683
18.659
18.6321
18.6656
18.6582
18.4421
18.4305
18.4383
18.3602
18.3685
18.0947
18.0901
18.0981
18.0336
18.038
18.0458
18.4377
18.4236
18.4339
18.3336
18.3308
18.3378
18.1238
18.1344
18.0397
18.0443
18.0496
18.6066
18.7746
19.1323
18.8915
18.4631
18.2701
16.5668
16.5301
16.5417
17.3789
17.5742
17.4613
17.5405
17.6148
16.5567
16.6091
17.5265
17.5735
17.5763
17.5345
17.5824
17.5833
13.5901
13.1159
14.0353
13.6018
13.2417
15.9426
15.8692
15.8193
16.6407
16.6224
16.6161
16.3573
16.3446
16.236
16.2331
16.1978
15.9404
15.8734
15.8222
18.6982
18.7588
18.7157
18.4098
18.4515
18.7317
18.7085
18.61
18.0055
17.928
18.1854
17.7406
16.7747
12.4853
16.7502
18.4806
18.1935
18.2292
18.2717
18.2675
18.3623
18.3281
17.9876
18.2352
18.2083
18.0584
17.7186
18.1819
18.1863
18.1836
18.0585
18.0257
18.0476
18.0802
18.0806
18.0786
17.8947
17.8994
17.897
17.6638
17.6657
17.6668
17.8321
17.8339
17.832
17.9611
17.9562
17.878
17.8382
17.8647
17.8865
17.9452
17.905
17.5794
17.184
17.3038
17.3531
17.4095
17.3713
17.541
17.489
17.5259
17.38
17.3782
17.3712
17.6831
17.682
17.6284
17.589
10.5299
10.0704
18.6567
11.3642
16.4997
16.6429
16.5377
7.16255
7.15226
7.16999
7.38973
7.38499
7.81504
7.83181
7.84952
7.72169
7.74634
7.76134
7.13223
7.1128
6.81079
6.74279
8.91457
9.07001
-19.1792
6.18878
6.77189
7.08452
7.58631
6.62401
7.6694
7.63958
7.49949
7.52523
7.21247
7.25559
6.62899
7.31587
7.33898
7.28457
6.73582
6.67018
7.60535
9.07364
8.95435
9.00891
8.21405
8.27197
8.21351
8.12962
8.11521
7.27895
7.78788
7.78654
7.59103
7.59832
8.27947
8.29296
8.25608
7.71375
7.75351
7.71485
8.11049
8.12652
8.0935
9.28185
9.28386
9.25042
8.39618
8.40688
8.36534
8.50305
8.51533
8.47605
7.60649
7.62648
7.81032
7.85519
7.80875
8.12536
8.0234
8.07351
11.2482
11.2871
11.2817
11.0718
11.0945
11.0857
11.2632
11.3015
11.2963
11.5867
11.6441
11.1262
11.1562
11.1586
11.8593
11.9158
11.3904
11.416
11.4208
11.4167
11.3766
11.3841
11.8868
11.85
11.2708
11.2048
11.2274
11.6028
11.5593
11.5378
11.5274
11.8161
10.9261
11.0284
10.8751
10.9904
10.6162
10.8294
10.7887
18.1818
18.2193
18.2019
18.202
18.1995
18.2254
18.2232
18.2205
18.1948
18.1889
18.1901
18.2273
18.2204
18.2219
18.4412
18.4491
18.4447
18.3949
18.4163
18.4087
18.3706
18.3992
17.8361
18.3838
18.6468
18.6647
18.6564
18.7612
18.7652
18.7607
18.7269
18.7344
18.7656
18.782
18.7687
18.8717
18.8346
18.8593
18.8866
18.8714
18.7962
18.8103
18.7994
18.7162
18.7263
18.7376
18.7542
18.7717
18.7779
18.8964
18.8353
18.7607
18.5789
15.2159
15.2321
15.2284
13.8017
13.7204
13.7481
14.7001
14.6959
14.7081
14.9362
14.8691
12.4271
12.4036
12.1479
12.2407
12.6205
12.6004
13.7727
13.0746
14.1608
13.4416
13.6711
13.4749
14.7965
12.9798
12.4764
12.5114
12.5042
12.436
12.4743
12.4667
11.9337
11.9295
11.9388
11.7814
11.7177
11.7411
13.3401
13.29
13.3018
13.7114
13.6391
12.0948
11.1077
12.2254
18.8229
18.8283
18.825
18.9309
18.94
18.9367
18.8888
18.876
18.877
18.7761
18.7613
18.854
18.8667
18.859
18.8464
18.8669
18.8579
18.9527
19.0682
18.9666
18.9813
18.9597
18.9724
19.0464
19.053
19.0496
18.9978
18.983
19.1182
19.106
19.1071
19.1245
19.133
19.1299
19.2219
19.2126
19.213
19.114
19.1427
19.2211
19.2402
19.2302
19.1837
19.1982
19.1918
19.0709
19.0617
19.0687
19.0462
19.1143
19.1744
19.0566
19.1108
19.1698
19.1926
19.1661
19.2722
17.4688
17.4771
17.4765
17.3041
17.2802
17.2819
17.59
17.5964
17.5957
17.6169
17.5913
16.8912
16.8772
16.8924
18.7302
18.7009
18.0319
18.0096
18.0305
18.9001
18.873
18.8793
19.3014
19.2299
18.7268
18.6905
18.7097
18.1108
18.0468
18.073
17.8527
17.7702
18.4035
18.3518
17.1594
17.094
17.1203
17.7424
17.7025
17.725
17.7616
17.7244
17.7349
15.9832
15.3049
16.2718
16.8064
15.4933
15.7798
14.3553
19.2998
19.2885
19.4033
19.3936
19.3945
19.3674
19.3858
19.3778
19.4172
19.4036
19.4066
19.3819
19.3692
19.372
19.4906
19.501
19.497
19.4555
19.4653
19.4615
19.3663
19.3748
19.3517
19.3612
19.3519
19.414
19.5766
19.5856
19.5818
19.4507
19.4507
19.4472
19.4221
19.42
19.3995
19.404
19.3985
19.4163
19.4268
19.4179
19.3822
19.3874
19.4378
19.4406
19.4371
19.4486
19.4462
19.3967
19.3951
19.44
19.4381
19.4981
19.4085
19.4636
19.3889
19.4844
21.6752
21.6737
21.6863
21.8348
21.8583
21.864
21.8084
21.8058
21.8163
20.7069
20.6731
20.6933
20.9909
20.995
21.0091
21.3628
21.3256
20.983
20.966
20.9839
18.4273
18.4307
18.4924
18.5627
18.6364
18.6627
19.6556
19.1774
19.6083
19.7349
19.6631
19.927
20.0069
19.3996
20.6298
20.6297
20.636
20.477
20.4783
20.4847
19.6154
19.583
19.6056
19.1404
19.0906
19.1144
20.5245
20.5101
20.5176
21.1501
21.1466
21.1543
21.3051
21.3023
21.3087
20.9759
20.9265
21.238
21.217
18.6575
17.6183
18.922
19.7598
19.7669
19.7634
19.7573
19.745
19.7473
19.6795
19.6658
19.7171
19.7252
19.7211
19.7064
19.7126
19.7103
19.7799
19.7853
19.6103
19.988
19.9873
20.0125
20.0087
20.0036
20.0024
20.0036
20.0281
20.0287
20.0291
20.0794
20.063
20.0635
20.0512
20.0554
20.2949
20.3026
20.2994
20.1889
20.1775
20.1815
20.2018
20.1983
20.1645
20.1625
20.1654
20.1369
20.1356
20.1384
19.6895
19.7017
19.7021
19.6935
19.7024
19.8999
19.9534
19.8952
19.7479
19.7963
19.7948
19.8877
21.5051
21.5283
21.5357
21.6179
21.6463
21.6522
21.2476
21.2444
20.9093
20.9208
20.9298
21.0704
21.06
20.8341
20.8359
20.8465
21.3605
21.3708
21.3778
20.9119
20.8939
20.7082
20.6987
20.7078
20.7079
20.6915
20.7042
21.1207
21.1029
21.1253
21.1175
21.4108
21.4221
21.438
20.6146
19.8588
19.9572
20.0349
19.86
19.9315
19.7684
20.5562
20.5576
20.3832
20.3989
20.6331
20.6423
20.6414
20.58
20.589
20.5926
20.6624
20.6754
20.633
20.6493
20.5783
20.0735
20.176
20.925
20.9267
20.9291
20.8201
20.8258
20.8299
20.528
20.5188
20.5239
20.5451
20.5321
20.5398
20.7425
20.7356
20.6364
20.621
20.7154
20.7022
20.5594
20.1185
20.0896
10.5309
11.0263
11.068
11.0619
10.715
10.9
10.935
10.9347
11.0324
11.0114
10.7354
10.7507
10.7494
6.71448
7.79293
7.80936
7.82675
7.69959
7.72419
7.73895
7.13246
7.12173
7.13946
7.19675
7.18545
7.19627
7.36314
7.35825
-19.2553
8.89105
9.04545
6.15965
11.0031
11.0387
11.039
11.3769
11.4474
10.9224
10.9491
10.9426
10.9595
10.9285
10.9391
10.9402
10.9041
10.9127
10.7904
10.8032
10.8048
10.8619
10.8174
10.8343
18.8228
18.814
18.9983
18.9771
18.7873
18.8837
18.8159
18.8983
18.9203
18.9101
18.9624
18.9797
18.9722
18.8886
18.9056
18.8979
18.8897
18.8832
18.9643
18.965
18.9682
18.8774
18.8727
18.8726
19.0888
19.1096
19.1012
18.9903
19.0093
19.0013
19.0647
19.0839
19.0761
19.1882
19.1906
19.1879
19.0992
19.09
19.1285
19.1194
19.1272
18.9628
18.9658
18.9711
19.0902
19.1052
19.0986
19.1012
19.1069
18.7566
18.671
18.9702
19.0916
19.1306
18.8178
19.3827
19.2299
19.192
19.2076
19.2012
19.2861
19.3021
19.2954
19.243
19.257
19.2511
19.5475
19.5558
19.5528
19.4452
19.4546
19.4511
19.4801
19.4882
19.4853
19.7295
19.7347
19.7329
19.6111
19.6171
19.6152
19.634
19.6393
19.6375
19.8996
19.9035
19.9017
19.7568
19.7615
19.7595
19.7771
19.7815
19.7795
20.138
20.1391
20.1383
19.9758
19.9779
19.9766
20.0082
20.0099
20.0087
20.3402
20.3385
20.3384
20.207
20.2062
20.2054
20.2316
20.2302
20.2296
20.3175
20.3133
20.3116
20.2843
20.28
20.2794
20.2614
20.257
20.2558
20.155
20.1841
20.1748
20.2109
20.1809
20.2094
20.2091
20.2063
8.91023
9.8024
9.81811
9.81159
9.61082
9.62848
9.62203
9.67047
9.68737
9.68061
10.0705
10.0867
10.0805
9.93141
9.94809
9.9415
9.96354
9.97988
9.97328
10.3961
10.4105
10.4035
10.3017
10.3165
10.3088
10.3476
10.3624
10.3548
10.7578
10.7664
10.7614
10.703
10.7119
10.7067
10.7415
10.7494
10.7444
18.6634
18.6618
18.855
18.8563
18.853
18.6673
18.7167
18.6822
19.1949
19.1958
19.1918
19.0387
19.0411
19.0364
19.0808
19.0825
19.078
19.4047
19.4021
19.3989
19.3052
19.3036
19.2999
19.3233
19.3215
19.3179
19.323
19.3196
19.3159
19.296
19.293
19.2893
19.273
19.2699
19.2661
19.0551
19.0528
19.0503
19.0635
19.0614
19.0589
19.0228
19.022
19.0196
7.58156
7.62543
7.43888
7.46974
7.63024
7.66948
8.65988
8.68259
8.66073
8.56471
8.58479
8.5608
8.68567
8.70418
8.68154
9.35829
9.37194
9.35619
9.31511
9.32626
9.31027
9.3904
9.40134
9.38586
9.99852
10.0065
9.99494
9.98226
9.98869
9.9768
10.0672
10.0732
10.0619
10.8235
10.8219
10.8162
10.8168
10.8141
10.8079
10.898
10.8941
10.8885
18.8729
18.8755
18.8703
18.8895
18.8913
18.8854
18.8878
18.8895
18.8835
18.9468
18.9463
18.9417
18.968
18.9675
18.9627
18.9642
18.9634
18.9589
18.7022
18.7034
18.7006
18.7916
18.7916
18.7885
18.7514
18.7519
18.7492
18.013
18.0179
18.0171
18.2337
18.2371
18.2365
18.1182
18.1221
18.1216
16.2924
16.3169
16.8768
16.9233
16.8939
16.8475
16.748
16.8166
13.2975
13.093
9.83381
9.83806
9.80511
10.9201
10.9217
10.9073
10.8921
10.8907
10.8715
10.383
10.3778
10.3527
10.9935
10.9849
10.963
10.9985
10.9897
10.9686
10.5709
10.5641
10.5452
10.9404
10.9297
10.9115
10.9485
10.9371
10.9193
11.1098
11.1011
11.0879
11.3693
11.3577
11.3452
11.457
11.4455
11.4336
19.1488
19.1464
19.1294
19.1272
19.1246
19.1479
19.1651
19.1499
19.1106
19.1075
19.1058
19.1863
19.1832
19.1812
19.1753
19.1727
19.1705
18.8814
18.8814
18.8851
19.0309
19.0305
19.034
18.9971
18.9971
19.001
18.2945
18.2976
18.3014
18.5685
18.5695
18.5723
18.4921
18.4929
18.4953
17.262
17.2611
17.2583
17.6636
17.661
17.6577
17.519
17.5157
17.5119
15.8634
15.8564
15.8496
16.3175
16.3092
16.3037
16.1536
16.1441
16.1388
14.7965
14.7811
14.7748
15.2505
15.2347
15.2298
15.1807
15.1647
15.1599
14.6868
14.6676
14.6658
15.1051
15.0854
15.0845
15.1136
15.0941
15.0938
19.3774
19.3773
19.3759
19.3931
19.393
19.3919
19.3588
19.3581
19.3572
19.0984
19.0935
19.0939
19.1459
19.1417
19.1417
19.1094
19.105
19.1052
18.6663
18.661
18.661
18.8042
18.8002
18.8001
18.7574
18.7534
18.7532
18.3115
18.3027
18.3023
18.5227
18.515
18.5149
18.4885
18.4804
18.4803
19.7975
19.7963
19.7785
19.7767
19.778
19.7974
19.8019
19.8004
19.9127
19.911
19.9141
19.9573
19.9571
19.9602
19.9695
19.9695
19.9728
20.9376
20.9539
20.9512
20.9962
21.0119
21.0093
20.8188
20.8159
20.8165
20.5551
20.5311
20.5379
20.8667
20.8647
20.8652
20.6043
20.5816
20.5878
9.00891
9.00521
9.00419
8.87116
8.86643
8.86626
9.1373
9.14705
9.14192
9.01484
9.02826
9.0242
18.5502
18.5497
18.5484
18.7753
18.7808
18.7759
18.8364
18.8387
18.8351
18.7708
18.7762
18.7712
18.9045
18.9
18.8999
18.8204
18.8232
18.8195
18.8964
18.8921
18.8918
19.0583
19.0572
19.0548
19.0793
19.077
19.0741
19.0874
19.1155
19.1017
19.0827
19.1109
19.0973
18.9885
19.0048
18.9965
18.9759
18.9988
18.9904
18.9727
18.9954
18.9872
18.4052
18.3976
18.3836
18.2467
18.243
18.2186
18.5009
18.4866
18.4704
18.7183
18.6466
18.6579
18.8997
18.8238
18.8347
18.8596
18.7808
18.7914
18.7696
18.734
18.7281
18.8813
18.8162
18.8224
18.8782
18.8297
18.8289
18.7541
18.7662
18.7497
18.8526
18.8691
18.8521
18.8269
18.8389
18.8194
18.8906
18.9146
18.902
18.884
18.9047
18.8899
18.9328
18.9569
18.9432
19.1853
19.2089
19.1995
19.294
19.3164
19.3075
19.237
19.2611
19.2515
19.3517
19.3727
19.3644
19.3443
19.3629
19.3555
19.4026
19.4217
19.4141
19.6538
19.6651
19.6604
19.5477
19.5603
19.555
19.6198
19.6324
19.627
19.6827
19.6927
19.6888
19.636
19.6454
19.6419
19.715
19.724
19.7206
19.8777
19.884
19.8816
19.7576
19.7645
19.7618
19.8492
19.8554
19.8529
19.9018
19.9078
19.9055
19.8331
19.8393
19.8372
19.9309
19.9366
19.9345
20.0944
20.0987
20.097
19.9563
19.9613
19.9593
20.065
20.0695
20.0677
20.1223
20.1264
20.1247
20.0383
20.0427
20.0409
20.1527
20.1566
20.155
20.3395
20.3421
20.3411
20.1903
20.1937
20.1923
20.3066
20.3096
20.3084
20.3701
20.3722
20.3714
20.2885
20.2904
20.2894
20.4015
20.4032
20.4025
20.5526
20.5515
20.552
20.434
20.4337
20.4333
20.5352
20.5345
20.5348
20.5691
20.5676
20.5682
20.4933
20.4916
20.4918
20.5772
20.5754
20.5762
20.5495
20.5464
20.5453
20.5225
20.5194
20.5195
20.5685
20.5658
20.5654
10.2416
10.2555
10.2495
10.1372
10.1519
10.1455
10.2536
10.2677
10.2617
10.4049
10.419
10.4135
10.2897
10.3041
10.2984
10.3827
10.3967
10.3913
10.4394
10.4532
10.4477
10.3924
10.4069
10.4005
10.4642
10.478
10.4723
10.6566
10.6677
10.6622
10.5874
10.5989
10.5931
10.6285
10.64
10.6344
10.6952
10.7056
10.7004
10.6971
10.7068
10.7018
10.7259
10.7365
10.7314
10.929
10.9365
10.9322
10.8826
10.8891
10.8861
10.9027
10.9104
10.9061
10.9497
10.9534
10.9512
10.9668
10.9735
10.9699
10.9863
10.9921
10.9889
11.0625
11.02
11.1044
19.4612
19.4725
19.4677
19.4331
19.4429
19.4392
19.4027
19.413
19.4088
19.1666
18.9528
19.6529
19.6595
19.657
19.5876
19.5942
19.592
19.5644
19.5712
19.5687
19.2944
18.9053
19.4617
18.8448
19.2531
19.2471
19.1308
19.1279
19.8279
19.8322
19.8305
19.7353
19.7398
19.738
19.7156
19.7203
19.7184
19.1723
19.1588
19.1081
19.1062
19.0699
19.1436
19.0947
18.9119
18.9121
19.1016
19.1017
19.1006
19.0936
19.0648
19.0881
20.0419
20.0446
20.0434
19.9466
19.9491
19.9478
19.9144
19.9175
19.9161
18.9634
18.9352
18.9559
19.0524
19.0534
19.0511
19.0751
19.0766
19.0739
18.952
18.9529
18.9491
19.1295
19.1309
19.128
19.0953
19.0968
19.0941
20.279
20.2785
20.278
20.1864
20.1863
20.1855
20.1586
20.159
20.158
19.1542
19.1557
19.1533
19.0391
19.0426
19.0387
19.1854
19.1873
19.1841
19.4156
19.4163
19.4137
19.2432
19.2453
19.2419
19.3785
19.3796
19.3769
20.3679
20.3647
20.3647
20.2844
20.2806
20.2803
20.2906
20.2871
20.287
19.4525
19.4527
19.4502
19.3616
19.3621
19.359
19.4874
19.4873
19.4849
19.6253
19.6226
19.6206
19.5033
19.5017
19.4991
19.6079
19.6056
19.6034
20.2817
20.2756
20.2755
20.2223
20.2143
20.2128
20.2232
20.2172
20.2156
19.6313
19.6279
19.6258
19.5444
19.5414
19.5388
19.6376
19.6339
19.6318
19.5686
19.5644
19.5614
19.5198
19.5161
19.513
19.5893
19.585
19.5822
20.4731
19.5494
19.5455
19.5424
19.467
19.4639
19.4607
19.5256
19.5219
19.519
19.3466
19.3429
19.3429
19.3501
19.3474
19.3452
19.3934
19.3902
19.3875
9.67493
9.676
9.6003
9.54932
9.59256
9.4717
9.47397
9.48296
8.49887
8.52565
8.51322
8.56586
8.59213
8.57346
8.60274
8.63035
8.61644
9.15055
9.17196
9.15649
9.04642
9.06633
9.04889
9.07298
9.09557
9.08016
9.98542
10.0021
9.99525
9.88668
9.90401
9.89674
9.85534
9.87331
9.86594
9.22325
9.2434
9.22814
9.26953
9.28589
9.2702
9.29145
9.31046
9.29563
9.70835
9.72258
9.71011
9.63774
9.65021
9.63691
9.63884
9.65355
9.64073
10.2577
10.2719
10.2651
10.2347
10.2494
10.2412
10.1925
10.2071
10.199
9.78917
9.80241
9.79033
9.87936
9.89006
9.87836
9.86427
9.87698
9.86535
10.3782
10.3843
10.3764
10.3406
10.3455
10.3374
10.2964
10.3035
10.2948
10.6171
10.6281
10.6221
10.641
10.651
10.6453
10.5971
10.6081
10.6021
10.4806
10.4857
10.4785
10.6167
10.6181
10.6122
10.5653
10.5695
10.563
11.0661
11.0679
11.0631
11.0399
11.034
11.0301
11.0091
11.0091
11.0049
10.9772
10.979
10.9761
10.9756
10.9816
10.9789
10.9385
10.9427
10.9407
11.1656
11.1678
11.1525
11.1286
11.1294
11.1241
11.2269
11.2198
11.2127
12.1851
10.8657
11.4566
19.0657
19.0679
19.0635
18.9827
18.9851
18.9801
18.9392
18.9421
18.937
18.4461
18.5019
18.506
18.3992
18.4075
19.3608
19.3595
19.3564
19.2929
19.2917
19.2881
19.2668
19.266
19.2623
18.5933
18.6011
18.541
18.5606
18.5471
18.6677
18.6235
18.6537
18.8396
18.8427
18.8368
18.8859
18.8878
18.8822
18.8598
18.8625
18.8568
19.3896
19.3864
19.3831
19.3168
19.3141
19.3106
19.3276
19.3249
19.3213
18.9238
18.9254
18.92
18.9214
18.9226
18.9169
18.9438
18.9448
18.9394
18.9975
18.9968
18.992
18.9892
18.9889
18.9836
18.9992
18.9984
18.9935
19.182
19.1797
19.177
19.0926
19.0911
19.0879
19.1423
19.1406
19.1374
18.9854
18.9847
18.9799
18.976
18.9755
18.971
18.9769
18.9762
18.9717
18.7938
18.7941
18.7903
18.851
18.8505
18.8466
18.8342
18.8338
18.8297
18.8635
18.8355
18.7553
18.7334
18.7661
18.76
18.7436
18.7444
18.7408
18.72
18.7211
18.7182
18.6904
18.692
18.6887
18.2
18.2039
18.2015
18.3592
18.3624
18.3603
18.3116
18.3154
18.3132
8.23989
8.26941
8.24771
8.41461
8.43796
8.41304
8.27521
8.30059
8.27442
8.9451
8.95231
8.9162
9.7144
9.7131
9.68418
9.09568
9.10095
9.0671
9.6594
9.65892
9.6353
9.99928
9.99448
9.97164
9.58664
9.58673
9.56179
9.09153
9.10725
9.08909
9.20839
9.21917
9.20181
9.12992
9.14174
9.12358
9.71259
9.71151
9.68891
10.1113
10.1056
10.0853
9.77435
9.77259
9.75105
10.1641
10.1592
10.1427
10.3731
10.3653
10.3489
10.0899
10.0853
10.068
9.71902
9.7283
9.71518
9.86051
9.86725
9.85482
9.77533
9.78213
9.76914
10.2567
10.2512
10.2353
10.6141
10.6054
10.5912
10.3412
10.3357
10.3205
11.0554
11.0472
11.0374
11.202
11.1909
11.1818
10.9489
10.9412
10.931
10.5085
10.5105
10.5029
10.6852
10.6843
10.6774
10.5971
10.5974
10.59
11.539
11.5234
11.517
11.2117
11.2018
11.1937
11.3131
11.3025
11.2951
12.0804
12.0316
11.95
11.9577
11.9382
11.7752
11.8838
11.7908
11.4001
11.3646
11.3088
11.2974
11.2906
11.2545
11.2584
11.2388
11.7983
12.0682
12.0471
12.1171
12.1091
18.9591
18.9593
18.9536
18.9728
18.9727
18.9676
18.9693
18.9695
18.964
18.7434
18.9188
18.9492
19.0581
19.073
19.0575
19.048
19.0455
19.0422
19.0333
19.032
19.0287
18.8299
18.8294
18.8256
18.8354
18.8348
18.8314
18.8647
18.8637
18.86
19.0497
19.0473
19.0438
19.0982
19.096
19.0928
19.0572
19.0552
19.0516
19.0259
19.0239
19.0218
19.1012
19.0985
19.0961
19.0378
19.0357
19.033
18.3465
18.3498
18.348
18.331
18.334
18.3331
18.4235
18.4259
18.4246
19.0049
19.0029
19.001
19.0619
19.059
19.0581
18.9862
18.9844
18.9829
18.7534
18.7533
18.7541
18.908
18.9061
18.9067
18.8008
18.8003
18.8005
17.178
17.1799
17.182
17.1751
17.1749
17.1748
17.3508
17.3549
17.3544
18.6924
18.6924
18.6939
18.7705
18.7702
18.7734
18.6333
18.6337
18.6362
18.1071
18.1107
18.1178
18.4082
18.4106
18.4173
18.2108
18.2141
18.2205
14.4034
14.7823
17.982
17.9863
17.9937
18.0986
18.1021
18.1085
17.859
17.864
17.8715
16.8551
16.8577
16.8615
17.3832
17.3843
17.3879
17.0274
17.031
17.0356
10.2934
10.1662
11.1601
11.0552
11.1148
11.0546
11.1759
11.0852
16.6449
16.6469
16.6494
16.8886
16.8879
16.8868
16.4679
16.4693
16.4703
15.309
15.3031
15.295
15.9347
15.9274
15.9206
15.4868
15.4821
15.4752
10.1787
10.1788
10.151
10.9903
10.9831
10.9608
10.9725
10.9666
10.9442
15.1185
15.1116
15.1026
15.3802
15.3706
15.3626
14.9487
14.9409
14.9313
14.0155
14.0014
13.9917
14.5542
14.5397
14.5318
14.1473
14.1345
14.1247
10.4683
10.461
10.4398
10.9056
10.8947
10.8761
10.9057
10.895
10.8757
13.8911
13.8755
13.8658
14.1902
14.1719
14.1641
13.7822
13.7655
13.7557
13.4852
13.4641
13.4555
13.9426
13.9214
13.9148
13.4964
13.4754
13.4663
10.808
10.7974
10.782
11.2236
11.2106
11.1972
11.1608
11.1478
11.1339
13.5153
13.4938
13.4861
13.9885
13.9661
13.9616
13.5357
13.5142
13.5074
13.9185
13.8959
13.8935
14.2793
14.2541
14.2528
13.8759
13.8524
13.8498
12.0873
12.0642
12.0573
11.7201
11.7054
11.6986
12.0003
11.9801
11.9744
14.3197
14.3337
14.3041
14.005
13.9849
13.9821
14.0931
14.0681
14.0617
15.4987
14.3156
14.3852
19.1443
19.1412
19.1389
19.1973
19.1943
19.1924
19.1976
19.1944
19.1921
19.3696
19.3889
19.3876
19.3693
19.3691
18.993
18.9914
18.9929
19.0678
19.0668
19.0703
19.0916
19.09
19.0925
19.4188
19.417
19.4035
19.4085
19.4019
19.4108
19.4184
19.4093
19.4191
19.4183
19.415
19.4218
19.4201
19.4193
19.4436
19.4416
19.4398
18.5627
18.5652
18.5704
18.6514
18.6526
18.6559
18.7167
18.7181
18.7216
19.4127
19.4114
19.4106
19.3567
19.3573
19.3557
19.3847
19.384
19.3829
19.1435
19.1417
19.1409
19.1817
19.1797
19.1796
19.1939
19.1927
19.1918
17.692
17.6927
17.6935
17.8147
17.8128
17.8102
17.9413
17.9401
17.9383
19.0817
19.0793
19.0786
19.0235
19.0192
19.0195
19.022
19.019
19.0185
18.5525
18.5454
18.5454
18.6817
18.6751
18.6755
18.6345
18.6281
18.628
16.3663
16.3602
16.3535
16.4824
16.4739
16.4686
16.6511
16.6436
16.6382
18.4603
18.4526
18.4527
18.4608
18.4536
18.4537
18.374
18.3657
18.3658
17.8653
17.8559
17.8551
18.1072
18.0997
18.099
17.9444
17.9348
17.9342
15.0671
15.0515
15.0451
15.305
15.2886
15.2839
15.416
15.3993
15.3942
17.8015
17.7918
17.7909
17.9331
17.9249
17.9238
17.7326
17.723
17.722
17.5416
17.5291
17.5296
17.8253
17.8134
17.814
17.5673
17.5547
17.5549
14.5988
14.577
14.573
15.0312
15.0099
15.008
15.0347
15.0138
15.0114
17.8073
17.7968
17.7986
17.5714
17.5579
17.5591
17.5549
17.5418
17.5432
17.9316
17.9245
17.6466
17.6634
17.6508
17.6008
17.6606
17.6154
15.3575
15.3276
14.9819
14.9591
14.9549
15.242
15.2559
15.2301
17.8859
17.7024
17.7015
17.6833
17.7105
19.2383
19.2348
19.2351
19.1874
19.1838
19.184
19.2229
19.2196
19.2195
19.5824
19.487
19.5344
19.5786
19.5837
19.5791
19.5736
19.571
19.5714
19.5749
19.5718
19.5718
18.8351
18.8297
18.83
18.8498
18.8458
18.8457
18.8955
18.8915
18.8915
19.587
19.5833
19.5841
19.6234
19.6205
19.6216
19.5892
19.5852
19.5862
19.6215
19.6171
19.6189
19.6842
19.681
19.6831
19.6225
19.6178
19.6195
18.424
18.4168
18.4166
18.532
18.5256
18.5251
18.5731
18.5671
18.5666
19.6375
19.633
19.6351
19.7142
19.7115
19.7141
19.6386
19.6345
19.6367
19.7358
19.735
19.7384
19.8159
19.8169
19.8205
19.7286
19.7269
19.7301
18.5251
18.5183
18.5206
18.3087
18.2975
18.2994
18.5265
18.5188
18.5213
19.8501
19.8765
19.8658
19.7752
19.7767
19.7799
19.7895
19.7915
19.7939
20.2372
20.2797
20.0291
19.8695
19.8673
19.8701
19.927
19.9263
19.9294
19.9165
19.9157
19.9186
20.3577
20.3384
20.3418
20.354
20.3501
20.1074
20.116
20.0384
20.041
20.0441
20.0784
20.103
20.0944
20.4159
20.3821
20.387
20.3685
20.3848
19.0845
19.0843
19.0757
18.9568
18.949
18.9335
19.095
19.0872
19.0718
18.9973
18.9796
18.9617
19.1867
19.156
19.1405
19.1267
19.1091
19.0911
19.3595
19.2842
19.2937
19.2298
19.1713
19.1743
19.3153
19.2558
19.259
19.2183
19.1941
19.181
19.1784
19.1382
19.1328
19.2614
19.2202
19.215
19.2081
19.2278
19.2101
19.17
19.1938
19.1788
19.2444
19.2669
19.2521
19.3496
19.3758
19.3633
19.2195
19.2459
19.2321
19.2936
19.3185
19.3051
19.6616
19.6823
19.6741
19.6429
19.6635
19.6555
19.718
19.737
19.7295
19.8245
19.8403
19.834
19.6975
19.7164
19.709
19.7734
19.7907
19.7838
20.0408
20.0503
20.0461
19.9899
19.9995
19.9955
20.0777
20.0862
20.0825
20.1458
20.1528
20.1499
20.0214
20.0302
20.0267
20.1107
20.1183
20.115
20.3088
20.3143
20.312
20.2473
20.2536
20.2511
20.3426
20.3478
20.3456
20.4058
20.4106
20.4085
20.2773
20.2833
20.2808
20.3725
20.3775
20.3753
20.5575
20.5617
20.5598
20.5004
20.505
20.5029
20.5893
20.5935
20.5917
20.6476
20.6517
20.6501
20.5308
20.5353
20.5333
20.6173
20.6214
20.6196
20.7776
20.7804
20.7799
20.7451
20.7474
20.747
20.8005
20.8028
20.8027
20.8349
20.8367
20.8371
20.7686
20.7705
20.7703
20.8178
20.8198
20.82
20.8659
20.8679
20.869
20.8646
20.8653
20.8667
20.8594
20.8613
20.8615
20.8535
20.8537
20.8525
20.8704
20.8706
20.8716
20.8619
20.8628
20.8623
10.6085
10.6361
10.529
10.5393
10.5351
10.6684
10.6606
10.6697
10.6721
10.6805
10.6759
10.5666
10.5765
10.5718
10.6716
10.6799
10.6751
10.7325
10.7422
10.7373
10.6316
10.643
10.6377
10.7288
10.7388
10.7338
10.7442
10.7547
10.7498
10.6512
10.6627
10.6577
10.7456
10.7559
10.7511
10.7927
10.8029
10.7984
10.7417
10.7527
10.7478
10.7984
10.8087
10.8041
10.8226
10.8327
10.8279
10.7643
10.7752
10.7703
10.815
10.825
10.8203
10.8996
10.9091
10.9045
10.8819
10.891
10.8866
10.911
10.9204
10.9159
10.9377
10.9462
10.9422
10.8996
10.9081
10.9039
10.9298
10.9387
10.9344
19.17
19.1785
19.1742
19.1931
19.1864
19.1942
19.2213
19.2303
19.2261
19.3242
19.3398
19.3332
19.3231
19.3357
19.3303
19.2746
19.2885
19.2827
19.1713
19.1668
19.1764
19.27
19.2816
19.2768
19.2215
19.2325
19.2277
19.5627
19.5704
19.5673
19.5147
19.5234
19.5201
19.4871
19.4948
19.4916
19.3628
19.3701
19.3677
19.3509
19.3581
19.3557
19.4029
19.4093
19.4074
19.4341
19.4408
19.4383
19.331
19.3375
19.3353
19.4046
19.41
19.4081
19.7482
19.7527
19.751
19.6675
19.6717
19.6699
19.649
19.6534
19.6517
19.4962
19.5016
19.4997
19.4315
19.4357
19.4343
19.5171
19.5216
19.5199
19.5392
19.5435
19.5414
19.4246
19.4288
19.4269
19.5232
19.5272
19.5254
19.9255
19.9295
19.9277
19.8266
19.8309
19.829
19.802
19.8066
19.8047
19.6118
19.6158
19.614
19.5004
19.5042
19.5023
19.6279
19.6317
19.6297
19.6709
19.6745
19.6726
19.5195
19.5238
19.5219
19.6503
19.6542
19.6523
20.1654
20.1663
20.1654
20.0703
20.0718
20.0705
20.0372
20.0388
20.0375
19.8095
19.8114
19.81
19.7015
19.7039
19.7021
19.84
19.8416
19.8401
19.9029
19.9043
19.9029
19.7349
19.7373
19.7356
19.8712
19.8728
19.8714
20.3538
20.3515
20.3515
20.2639
20.2615
20.261
20.2488
20.2468
20.2462
20.0432
20.0424
20.0415
19.9476
19.9469
19.9458
20.0692
20.068
20.0673
20.1015
20.099
20.0983
19.9667
19.9651
19.9639
20.0839
20.0818
20.081
20.3231
20.318
20.3163
20.2355
20.2302
20.2283
20.2668
20.2618
20.2605
20.1213
20.1173
20.1163
20.0256
20.0214
20.0203
20.102
20.0979
20.0967
20.0697
20.065
20.0629
20.0269
20.0224
20.0211
20.1018
20.0973
20.096
20.3185
20.3112
20.2249
20.2212
20.2189
20.2104
20.013
20.0078
20.0056
19.9237
19.919
19.9173
19.9847
19.9792
19.9792
19.9903
19.9787
19.9443
19.9368
19.9354
19.9791
19.978
19.974
20.2539
8.32055
8.61991
9.19091
8.86249
8.79689
8.80067
8.83465
9.05468
9.26384
9.26294
8.91769
8.96905
9.05299
9.09152
9.8482
9.86406
9.85788
9.74519
9.76289
9.7556
9.71451
9.73146
9.72433
9.5393
9.55909
9.55107
9.44859
9.46773
9.45893
9.58093
9.59971
9.59166
9.66669
9.68394
9.67635
9.50575
9.52368
9.51516
9.62967
9.6476
9.63986
10.1141
10.13
10.1239
10.0513
10.0671
10.06
10.0133
10.0294
10.0227
9.88295
9.89889
9.89105
9.85591
9.87127
9.86116
9.92483
9.94075
9.93255
10.0291
10.0444
10.0357
9.91921
9.93416
9.92403
9.98265
9.99825
9.98985
10.4465
10.4603
10.4535
10.4493
10.4627
10.4556
10.4026
10.4163
10.4089
10.3193
10.3333
10.325
10.3521
10.3645
10.3562
10.3721
10.3857
10.3776
10.4919
10.5044
10.497
10.4239
10.4358
10.428
10.4369
10.4497
10.442
10.814
10.8225
10.818
10.8275
10.8347
10.8306
10.7984
10.8058
10.8014
10.7899
10.7978
10.7924
10.8351
10.8408
10.8356
10.8384
10.8453
10.84
10.9383
10.9436
10.9396
10.8894
10.894
10.8894
10.902
10.9079
10.9034
18.6072
18.7754
18.4305
18.4513
18.2756
18.2967
18.5452
18.5375
18.883
18.8845
18.88
18.7769
18.7803
18.7742
18.7604
18.7629
18.7544
18.5836
18.54
18.6705
18.6199
18.653
18.5196
18.5574
18.5306
19.2371
19.2378
19.234
19.1691
19.1701
19.1661
19.1291
19.1305
19.1263
18.8897
18.8925
18.887
18.8456
18.8487
18.8432
18.9355
18.9377
18.9325
19.0322
19.0336
19.029
18.9021
18.9047
18.8996
18.9885
18.9903
18.9855
19.4088
19.4059
19.4026
19.339
19.3368
19.3333
19.3292
19.3271
19.3234
19.1868
19.1859
19.1815
19.1411
19.1409
19.1366
19.2073
19.2063
19.2022
19.2284
19.2268
19.2231
19.1552
19.1547
19.1504
19.2169
19.2155
19.2116
19.3
19.2965
19.2929
19.222
19.219
19.215
19.2501
19.2471
19.2432
19.189
19.1864
19.1826
19.1292
19.1271
19.123
19.1675
19.165
19.1611
19.1117
19.1095
19.1055
19.1048
19.1028
19.0987
19.1407
19.1384
19.1344
18.995
18.9921
18.9926
18.945
18.9412
18.9396
18.9719
18.9717
18.9699
18.9155
18.9146
18.9117
18.8473
18.8476
18.8444
18.8685
18.8682
18.8657
18.7493
18.7482
18.7462
18.7891
18.7897
18.7868
18.8084
18.808
18.8061
6.76649
7.92888
7.91457
7.98144
7.91054
7.96223
7.7357
7.76144
7.74614
7.58073
7.62161
7.84471
7.86987
7.84145
7.74123
7.76813
7.74833
8.0034
8.03008
8.00167
8.0037
8.02612
7.99398
7.8699
7.89749
7.86924
8.76905
8.7902
8.76913
8.89412
8.90981
8.88949
8.79215
8.80949
8.78795
8.7094
8.72323
8.6991
8.97684
8.98515
8.96271
8.82765
8.84043
8.81773
9.02338
9.03456
9.01409
9.06511
9.07274
9.05142
8.9258
8.93787
8.91621
9.43346
9.44645
9.43128
9.54667
9.55668
9.54219
9.46893
9.47935
9.46433
9.44023
9.44842
9.43252
9.63307
9.63802
9.62254
9.52098
9.52885
9.5135
9.68749
9.69424
9.67975
9.71853
9.7227
9.70768
9.6035
9.61054
9.59554
10.1025
10.1094
10.0984
10.2657
10.2699
10.2598
10.1788
10.1838
10.1732
10.1746
10.1783
10.1666
10.4033
10.404
10.3935
10.2715
10.2746
10.2636
10.4999
10.5012
10.4918
10.5346
10.534
10.5243
10.4012
10.4032
10.3931
10.9309
10.9279
10.9231
11.0889
11.0786
11.0734
11.001
10.9942
10.9899
11.094
11.0884
11.0821
11.2493
11.2461
11.233
11.1724
11.1677
11.161
11.4056
11.3905
11.3818
11.3459
11.3329
11.3279
11.2802
11.2732
11.2669
18.8666
18.8693
18.8652
18.9044
18.9054
18.9001
18.8864
18.8875
18.8829
18.919
18.9204
18.9148
18.929
18.9298
18.9239
18.9187
18.92
18.9144
18.9281
18.9293
18.9246
18.9225
18.9238
18.9184
18.9141
18.9153
18.9106
18.9306
18.9299
18.9254
18.9402
18.9392
18.9351
18.9513
18.9503
18.946
18.9626
18.9621
18.9573
18.9873
18.9863
18.9814
18.9596
18.9589
18.9543
18.9381
18.9371
18.9326
18.9814
18.9802
18.9754
18.9487
18.9477
18.9431
18.6417
18.6434
18.6409
18.6444
18.6459
18.6439
18.697
18.698
18.6956
18.8028
18.8027
18.7997
18.83
18.8295
18.8272
18.7658
18.7661
18.7636
18.6647
18.6661
18.6643
18.7834
18.7831
18.781
18.7135
18.7142
18.712
17.8832
17.8878
17.8874
17.8545
17.8588
17.8583
17.9973
18.0012
18.0011
18.278
18.282
18.2819
18.3053
18.3081
18.3095
18.1722
18.1767
18.1772
17.9244
17.9294
17.9306
18.202
18.205
18.2069
18.0586
18.0632
18.0644
16.3708
16.2808
16.3915
16.2852
16.4397
16.4429
17.0582
17.0592
17.0604
17.113
17.1188
17.1211
16.8154
16.819
16.8228
16.3804
16.3967
16.8613
16.867
16.8713
16.6866
16.5609
16.6515
12.5392
11.9549
14.3172
14.2897
14.7946
14.7739
14.798
14.0863
14.0486
13.3596
13.2883
14.345
14.3129
14.3457
13.5025
13.4477
9.86624
9.87262
9.84409
10.8937
10.8905
10.868
10.8926
10.8901
10.8694
12.0347
12.0428
12.0318
12.8961
12.8939
12.8833
11.9813
11.9862
11.9737
11.8996
11.8984
11.8828
12.7877
12.7834
12.7717
11.936
11.938
11.9241
10.418
10.4121
10.388
10.9839
10.9748
10.9549
10.9889
10.9799
10.9594
11.7207
11.7122
11.6939
12.2164
12.2054
12.1902
11.6781
11.669
11.6511
11.5889
11.5793
11.5618
12.1391
12.1278
12.1125
11.628
11.6187
11.6009
10.6037
10.5963
10.5779
11.0003
10.9878
10.971
10.9737
10.9617
10.9444
11.4613
11.4476
11.4312
11.8804
11.8633
11.849
11.4638
11.4493
11.4332
11.5169
11.5011
11.4859
11.9061
11.8882
11.8743
11.4889
11.4734
11.4576
11.2323
11.2227
11.2106
11.6666
11.6545
11.6446
11.5721
11.5603
11.5496
11.9285
11.912
11.9021
12.4141
12.3944
12.3871
12.0248
12.0086
11.9993
12.2454
12.2289
12.2218
12.5244
12.5037
12.4982
12.1479
12.1315
12.1238
19.1694
19.1766
19.1996
19.2069
19.2027
19.2008
19.1414
19.1382
19.1358
19.179
19.1761
19.1732
19.1755
19.1727
19.1699
19.2541
19.2504
19.2348
19.2222
19.2263
19.1958
19.2103
19.1973
19.0954
19.0926
19.0915
19.1558
19.1532
19.1539
19.1694
19.1667
19.1657
19.2554
19.2523
19.2504
19.2734
19.2715
19.2685
19.2473
19.2445
19.2422
19.23
19.2287
19.2286
19.2793
19.2775
19.2747
19.2462
19.2444
19.243
18.8269
18.8273
18.8314
18.906
18.9068
18.9112
18.9488
18.9493
18.9534
19.1206
19.1213
19.1244
19.1795
19.1813
19.1844
19.0921
19.0932
19.0963
19.0163
19.018
19.0209
19.1497
19.1512
19.1541
19.0508
19.0522
19.0552
18.1832
18.1858
18.1893
18.3017
18.3019
18.303
18.3929
18.3934
18.3952
18.7374
18.7382
18.7387
18.7996
18.7987
18.7973
18.67
18.6704
18.6703
18.4962
18.4957
18.4944
18.7098
18.7088
18.7067
18.5803
18.5802
18.5795
17.0856
17.0834
17.0796
17.1904
17.1858
17.181
17.3481
17.3441
17.3396
17.9001
17.8976
17.8938
17.9133
17.9092
17.9061
17.7654
17.7624
17.7583
17.463
17.4588
17.4543
17.7658
17.7609
17.7578
17.6099
17.6063
17.6019
15.6916
15.6836
15.6768
15.836
15.8239
15.8186
15.9881
15.9773
15.972
16.6776
16.6681
16.6639
16.7644
16.7519
16.749
16.5318
16.521
16.5169
16.2562
16.2428
16.2386
16.6385
16.6253
16.6223
16.3894
16.3772
16.373
14.7317
14.716
14.7102
15.0916
15.0753
15.0712
15.1317
15.1154
15.111
15.794
15.7775
15.7739
16.109
16.0927
16.0904
15.7424
15.7257
15.7225
15.692
15.6746
15.6725
16.0965
16.0794
16.0777
15.7155
15.6981
15.6955
14.7412
14.7212
14.7202
15.1736
15.1538
15.1531
15.1474
15.1287
15.1286
15.7639
15.7451
15.7454
16.1218
16.1083
16.1045
15.7686
15.751
15.7512
15.8493
15.832
15.8284
16.1448
16.1307
16.1297
15.8018
15.7868
15.7864
19.4189
19.4184
19.4168
19.3786
19.377
19.376
19.4005
19.4002
19.399
19.371
19.3705
19.3698
19.314
19.3126
19.3121
19.3384
19.3374
19.3367
19.367
19.3659
19.3641
19.3693
19.3677
19.3669
19.3885
19.3876
19.3866
19.0454
19.0403
19.0407
19.027
19.0225
19.0227
19.0665
19.0621
19.0623
19.2515
19.2481
19.248
19.2504
19.2475
19.2474
19.225
19.2213
19.2214
19.1683
19.1646
19.1649
19.2319
19.2288
19.2289
19.1969
19.1931
19.1934
18.6126
18.6071
18.607
18.6684
18.664
18.6635
18.7152
18.7109
18.7105
19.018
19.0139
19.014
19.0766
19.0727
19.0726
18.9849
18.9807
18.9807
18.931
18.9261
18.926
19.0635
19.059
19.059
18.9622
18.9575
18.9575
18.3115
18.3013
18.3016
18.4761
18.4666
18.4676
18.503
18.4934
18.4943
18.8899
18.8818
18.8829
19.0167
19.0106
19.0124
18.8732
18.8652
18.8665
18.8954
18.8879
18.8901
19.0544
19.0489
19.0516
18.9067
18.8985
18.9004
19.9245
19.9243
19.9742
19.9739
19.9359
19.9365
19.7967
19.7953
19.7971
19.8481
19.847
19.8488
19.8338
19.8329
19.8349
19.9577
19.9701
19.9708
19.9834
19.9766
19.9669
19.9689
19.9701
19.9425
19.9414
19.9448
20.0134
20.0149
20.0186
20.0008
20.0013
20.0049
20.1134
20.114
20.1176
20.169
20.1721
20.1757
20.1293
20.1303
20.1341
20.1796
20.1823
20.1859
20.2034
20.2071
20.2107
20.1622
20.1645
20.1683
20.8168
20.6721
21.6424
21.6224
21.628
21.7017
21.6829
21.696
21.4475
21.4189
21.4322
21.9126
21.8937
21.0576
21.0349
21.0394
21.1005
21.1149
20.9251
20.9328
20.9389
20.9397
20.9074
20.9202
20.4337
20.2799
20.9355
20.918
20.6976
20.6624
9.27269
9.19475
8.73735
8.75115
8.57449
8.58947
9.84602
9.47828
9.73502
9.73707
9.74287
9.60638
9.60599
9.60813
9.8197
9.83431
9.83052
9.76998
9.78828
9.7845
9.15406
9.14788
9.14857
8.84118
8.86142
9.07671
9.08772
9.07564
9.31263
9.32793
9.32556
17.8833
17.828
17.9668
18.0573
16.8002
16.8539
16.8315
16.7632
16.83
16.8028
17.6527
17.6509
17.6535
17.8752
17.8805
17.7109
17.7301
17.9347
17.9255
17.927
18.1221
18.1143
18.1165
17.9067
17.913
18.0433
18.0436
17.9795
17.9737
17.9748
18.8664
18.551
18.5537
18.5503
18.5858
18.5871
18.5844
18.5728
18.5768
18.5724
18.682
18.7031
18.6932
18.6754
18.6969
18.6868
18.8534
18.8561
18.852
18.7975
18.8044
18.7945
18.7999
18.7944
18.8118
18.8326
18.8267
18.8047
18.825
18.8191
18.83
18.8329
18.8291
18.8836
18.8778
18.9085
18.9035
18.9033
18.7938
18.8089
18.8139
18.8324
18.8269
19.8257
20.3049
20.3007
20.2997
19.4909
19.4667
19.4738
19.9249
19.9404
19.9434
20.0506
20.0741
20.0961
20.0539
19.5149
19.4848
19.4962
18.4457
18.6137
18.6444
18.6411
18.6296
18.6594
18.6561
18.7671
18.739
18.7467
18.8267
18.7941
18.8052
18.4169
18.4229
18.4233
18.5542
18.5515
7.77619
7.76852
7.76743
7.74656
7.73951
7.73762
7.41173
7.40027
7.80568
7.81522
7.80952
7.87375
7.88421
7.8821
7.87735
7.868
7.86652
7.46811
7.4643
7.46007
8.06555
8.05855
8.05771
8.03757
8.04514
8.0282
7.89475
7.9072
19.0267
19.0788
19.0073
19.0401
19.0261
19.0317
19.0648
19.0502
19.1041
19.1024
19.1005
19.0544
19.0534
19.0505
19.0784
19.0774
19.0737
19.0205
19.0202
19.0631
19.0634
19.0597
19.0766
19.0799
19.0068
19.1283
19.125
19.1244
19.0954
19.0935
19.0919
19.0924
19.0904
19.0888
19.1251
19.1219
19.1211
19.09
19.1187
19.105
18.9818
18.9988
18.9901
19.067
19.064
19.0629
19.1128
19.1052
19.1045
19.11
19.1024
19.1018
19.0632
19.0603
19.0592
18.9697
18.9913
18.9833
18.9675
18.977
19.0187
19.1044
19.0991
19.0998
19.0098
19.0046
19.0041
19.0008
18.9987
18.9966
19.1007
19.0988
19.0976
18.8604
18.8513
18.8551
18.8582
18.8531
18.8548
18.8666
18.8573
18.8612
18.9328
18.966
18.9534
18.9361
18.9691
18.9566
18.8558
18.8524
18.8523
18.872
18.881
18.8671
18.8592
18.8617
18.2696
18.4628
18.7127
18.7042
18.7051
18.7383
18.7303
18.7321
18.7239
18.7149
18.7161
18.4853
18.5161
18.5085
18.4976
18.5277
18.5205
18.4949
18.518
18.4942
18.5238
18.516
18.7303
18.7247
18.7247
18.7097
18.7012
18.7214
18.7131
18.7129
18.6316
18.6651
18.6577
18.6318
18.6676
18.6584
18.0332
18.0376
18.0454
18.0949
18.0903
18.0983
18.0391
18.0437
18.0489
18.1229
18.1335
18.3338
18.3311
18.3381
18.4366
18.4226
18.4328
18.3594
18.3676
18.4412
18.4296
18.4374
19.3787
19.2953
19.3073
19.2619
19.1821
19.1913
19.3644
19.2841
19.2932
19.2535
19.2066
19.1977
19.2113
19.1462
19.1473
19.3186
19.2531
19.2541
18.5518
18.55
18.5391
18.8068
18.7979
18.7828
18.6155
18.6063
18.5907
18.2952
18.2717
18.2538
18.7065
18.6693
18.6571
18.5646
18.54
18.5236
18.8497
18.8309
18.8134
18.7776
18.7457
18.7308
18.6712
18.6514
18.6336
18.7024
18.6296
18.6416
18.7433
18.6878
18.6844
18.8334
18.7642
18.7697
19.0284
18.9485
18.9601
19.1228
19.0422
19.0519
18.998
18.9183
18.9283
18.8566
18.8073
18.8001
19.0744
19.0079
19.0098
18.9472
18.8804
18.8831
19.1916
19.2071
19.1867
19.1067
19.1167
19.0957
19.1807
19.1897
19.1687
19.1953
19.1852
19.1671
19.1056
19.1073
19.0868
19.1809
19.1815
19.1611
18.7217
18.7011
18.689
18.8286
18.8134
18.7981
18.8384
18.8075
18.7986
19.0165
18.9465
18.9544
19.097
19.0398
19.0422
18.9917
18.9382
18.9393
18.9291
18.9108
18.896
19.0534
19.0147
19.0085
18.9526
18.9174
18.9099
18.7431
18.7503
18.7319
18.8117
18.8081
18.7893
18.8201
18.8254
18.8054
18.9379
18.9544
18.9359
18.997
19.007
18.9864
18.9181
18.9296
18.9091
18.9117
18.9058
18.8872
18.9933
18.9953
18.9751
18.9115
18.9154
18.895
19.6005
19.6227
19.6139
19.4687
19.4939
19.4839
19.5403
19.564
19.5544
19.4141
19.4398
19.4284
19.405
19.4312
19.4204
19.4764
19.5013
19.4909
18.942
18.9674
18.9554
19.0479
19.074
19.0622
18.9869
19.0127
19.0001
18.966
18.9864
18.9707
19.0771
19.1
19.0855
19.0106
19.0348
19.0205
19.1218
19.1489
19.1366
19.128
19.1534
19.1402
19.0631
19.0895
19.0763
19.1274
19.1516
19.1417
19.112
19.138
19.1271
19.1742
19.1991
19.189
19.3699
19.3936
19.3844
19.3758
19.4006
19.3908
19.3118
19.3372
19.3271
19.1862
19.2133
19.2018
19.3109
19.3366
19.3261
19.2478
19.274
19.2633
20.0031
20.0136
20.009
19.88
19.893
19.8876
19.9617
19.9733
19.9684
19.8729
19.8871
19.8813
19.8394
19.8537
19.8479
19.9191
19.932
19.9267
19.4297
19.452
19.4434
19.5509
19.5707
19.563
19.4825
19.5029
19.495
19.3927
19.4103
19.4032
19.4993
19.5156
19.509
19.4543
19.4721
19.465
19.6058
19.624
19.6169
19.5832
19.6004
19.5936
19.5362
19.5551
19.5478
19.7454
19.7576
19.7525
19.787
19.7996
19.7943
19.7092
19.7225
19.7169
19.516
19.5298
19.524
19.5436
19.5586
19.5524
19.5839
19.5977
19.5919
19.7468
19.7607
19.755
19.6293
19.6452
19.6389
19.6714
19.686
19.68
20.2756
20.2811
20.2788
20.1477
20.1544
20.1517
20.2417
20.2475
20.2451
20.1764
20.1829
20.1802
20.1181
20.1252
20.1224
20.2109
20.217
20.2145
19.776
19.7869
19.7826
19.894
19.903
19.8993
19.8091
19.8189
19.8152
19.6603
19.6687
19.6656
19.7727
19.78
19.7773
19.742
19.75
19.747
19.9245
19.9326
19.9294
19.8699
19.878
19.875
19.8379
19.8467
19.8433
19.983
19.9898
19.9871
20.0467
20.0528
20.0504
19.9525
19.9592
19.9565
19.7374
19.7439
19.7413
19.7974
19.804
19.8015
19.8267
19.8329
19.8305
20.0187
20.0251
20.0226
19.8965
19.9039
19.9011
19.9273
19.9343
19.9316
20.5244
20.5287
20.5268
20.3998
20.4049
20.4027
20.4925
20.4969
20.495
20.4311
20.4357
20.4336
20.3703
20.3754
20.3732
20.464
20.4685
20.4665
20.0089
20.0155
20.0129
20.1391
20.1446
20.1424
20.0398
20.0461
20.0437
19.8564
19.8621
19.8602
19.9847
19.9896
19.9878
19.9561
19.9614
19.9594
20.1669
20.1721
20.17
20.0978
20.1035
20.1013
20.0668
20.0728
20.0705
20.2164
20.2214
20.2194
20.2886
20.293
20.2912
20.1845
20.1897
20.1876
19.9317
19.9363
19.9344
20.011
20.0155
20.0138
20.0387
20.043
20.0413
20.2598
20.2644
20.2625
20.1256
20.131
20.1289
20.1564
20.1615
20.1595
20.7491
20.7524
20.7514
20.6539
20.6575
20.656
20.7244
20.728
20.7267
20.6695
20.6736
20.672
20.6238
20.6278
20.6262
20.6979
20.7018
20.7004
20.2458
20.2506
20.2487
20.3837
20.3877
20.386
20.2786
20.2832
20.2814
20.0662
20.0707
20.0689
20.2128
20.2166
20.2151
20.1813
20.1853
20.1837
20.4132
20.4171
20.4154
20.3421
20.3464
20.3446
20.3087
20.3132
20.3113
20.4722
20.4753
20.474
20.5375
20.5406
20.5394
20.4385
20.442
20.4405
20.1592
20.163
20.1615
20.2424
20.246
20.2445
20.2759
20.2792
20.278
20.5079
20.5113
20.5099
20.3727
20.3768
20.3751
20.4069
20.4108
20.4092
20.8581
20.86
20.8611
20.851
20.8515
20.8526
20.8698
20.8716
20.8729
20.8498
20.8517
20.8521
20.8277
20.8287
20.8294
20.8505
20.8526
20.8535
20.5036
20.5064
20.5052
20.6262
20.6284
20.6278
20.5359
20.5382
20.5373
20.3191
20.3206
20.3198
20.46
20.4608
20.4605
20.4306
20.4319
20.4314
20.6534
20.6552
20.6548
20.595
20.5964
20.596
20.5663
20.5681
20.5674
20.6869
20.6862
20.6869
20.7391
20.7392
20.74
20.6722
20.6719
20.6723
20.4072
20.4074
20.407
20.487
20.4874
20.4872
20.5119
20.5118
20.5118
20.7179
20.7184
20.719
20.6237
20.6246
20.6243
20.6468
20.6471
20.6473
20.8798
20.877
20.8767
20.8738
20.8729
20.8634
20.8726
20.8646
20.8673
20.8664
20.8646
20.8567
20.8551
20.8543
20.8581
20.8571
20.8561
20.7058
20.7047
20.7056
20.7531
20.7527
20.7539
20.711
20.7097
20.7108
20.5079
20.5059
20.5062
20.5837
20.5817
20.5824
20.5854
20.5834
20.5842
20.7579
20.7573
20.7583
20.7171
20.7155
20.7163
20.7213
20.7199
20.7209
20.6959
20.6924
20.6913
20.731
20.728
20.7267
20.712
20.7087
20.708
20.5199
20.5173
20.5176
20.5835
20.5814
20.5819
20.5725
20.5703
20.5704
20.73
20.728
20.7271
20.7208
20.7187
20.7191
20.7088
20.7063
20.7062
10.707
10.7167
10.7115
10.6001
10.6114
10.606
10.7034
10.713
10.7079
10.6824
10.692
10.6869
10.579
10.5904
10.5848
10.6861
10.6957
10.6904
10.3229
10.3356
10.3299
10.4529
10.4658
10.4602
10.3324
10.3464
10.3404
10.1686
10.1831
10.1769
10.2961
10.3105
10.3046
10.2797
10.2938
10.2879
10.4745
10.4871
10.4815
10.367
10.3811
10.3752
10.356
10.37
10.3641
10.4534
10.4672
10.4617
10.5438
10.5562
10.5509
10.438
10.4517
10.4463
10.2505
10.2651
10.2592
10.3285
10.3427
10.337
10.3488
10.363
10.3574
10.5189
10.5313
10.5258
10.3951
10.4091
10.4034
10.4094
10.4233
10.4176
10.7692
10.7789
10.7744
10.6939
10.7043
10.6995
10.7644
10.7739
10.7696
10.7475
10.7568
10.7525
10.6751
10.6858
10.681
10.7504
10.7599
10.7556
10.4811
10.4947
10.4893
10.5872
10.5996
10.5943
10.4978
10.5113
10.5059
10.4357
10.4498
10.4433
10.5273
10.5407
10.5347
10.5001
10.5135
10.5077
10.609
10.621
10.6159
10.5441
10.5571
10.5515
10.5257
10.5386
10.5333
10.6447
10.6564
10.651
10.6818
10.6926
10.6876
10.6234
10.635
10.6296
10.5454
10.558
10.5519
10.5634
10.5759
10.5701
10.5913
10.6036
10.5978
10.6572
10.6686
10.6635
10.5736
10.5861
10.5806
10.5933
10.6055
10.5999
10.8816
10.8911
10.8869
10.8334
10.8427
10.8383
10.8697
10.8788
10.8744
10.8398
10.8492
10.8447
10.8096
10.8193
10.8147
10.8504
10.8599
10.8554
10.6756
10.6868
10.6815
10.7415
10.7524
10.7471
10.6974
10.7086
10.7033
10.7437
10.7534
10.7488
10.7951
10.8055
10.8006
10.7666
10.7771
10.7722
10.7696
10.7803
10.7751
10.7529
10.7638
10.7587
10.7291
10.7398
10.7346
10.8569
10.8654
10.8612
10.8683
10.877
10.8725
10.8393
10.8481
10.8438
10.8449
10.8533
10.8496
10.8346
10.8439
10.8392
10.8637
10.8725
10.8679
10.838
10.8474
10.8427
10.7855
10.7957
10.7908
10.8075
10.8171
10.8124
10.9405
10.9463
10.9436
10.9806
10.987
10.9838
10.9592
10.9662
10.9624
10.9336
10.9392
10.9365
10.9657
10.9726
10.9688
10.9845
10.9861
10.983
11.0341
11.0409
11.037
11.0244
11.0295
11.0261
10.8901
10.8979
10.8943
10.9348
10.9429
10.9394
10.9029
10.9102
10.907
10.9387
10.945
10.9424
10.9649
10.9725
10.9695
10.9304
10.937
10.9341
11.0098
11.0029
11.0024
11.0566
11.0627
11.0591
11.1081
11.107
11.1035
10.9509
10.9561
10.9545
11.023
11.0284
11.0258
10.9687
10.972
10.9697
19.4334
19.4459
19.4404
19.3491
19.3612
19.3561
19.3849
19.3957
19.3911
19.3564
19.3641
19.3614
19.2919
19.2961
19.2939
19.3219
19.3302
19.3272
19.2734
19.2846
19.2802
19.3297
19.3271
19.3272
19.3089
19.3188
19.3146
19.3162
18.8806
19.2034
19.2008
19.118
19.4706
19.1061
19.1132
18.8519
18.9143
19.0534
19.2773
19.2732
19.2272
19.2138
19.22
19.1797
19.1732
19.1584
19.1967
19.1765
19.2547
19.2007
19.3083
19.2922
19.6361
19.6421
19.6396
19.5307
19.5364
19.5342
19.5521
19.5585
19.5559
19.4834
19.4898
19.4875
19.3787
19.3843
19.3826
19.4629
19.4689
19.4665
19.4362
19.4414
19.4392
19.3829
19.3879
19.3862
19.4592
19.4648
19.4624
18.8887
19.2854
19.2716
19.1207
19.161
19.1752
19.1763
19.3206
19.3092
19.3231
19.3115
19.3107
19.1775
19.2522
19.2013
19.3056
19.2841
19.3009
19.2127
19.2077
19.1033
19.1435
19.1379
19.234
19.2293
19.286
19.2702
19.2865
19.2897
19.2941
19.2924
19.2166
19.202
19.2169
19.2184
19.2028
19.2112
19.3172
19.3209
19.3192
19.2631
19.2482
19.261
19.8062
19.81
19.8083
19.6811
19.6853
19.6838
19.6973
19.7013
19.6995
19.5943
19.5983
19.5965
19.4612
19.4656
19.4637
19.5785
19.5825
19.5807
19.5519
19.5553
19.554
19.4557
19.4594
19.4574
19.5649
19.5681
19.5664
19.0192
19.0118
19.1447
19.1247
19.1406
19.1043
19.0849
19.0962
19.2533
19.2295
19.2488
19.3088
19.3141
19.3121
19.2734
19.2725
19.2724
19.2428
19.2456
19.244
19.2984
19.3019
19.3008
19.2191
19.2211
19.2197
19.1062
19.0924
19.0908
19.0678
19.0864
19.1547
19.1303
19.15
19.2073
19.2112
19.209
19.3195
19.3225
19.3213
19.1932
19.1971
19.1958
19.2058
19.2086
19.207
19.3259
19.3286
19.3273
19.2292
19.2324
19.2308
20.0126
20.0158
20.0144
19.855
19.8592
19.8574
19.8853
19.889
19.8875
19.7812
19.7833
19.7819
19.6147
19.6179
19.6162
19.7517
19.7542
19.7528
19.6971
19.7006
19.6988
19.5882
19.5916
19.5899
19.7241
19.7272
19.7256
18.9189
18.8854
18.9104
19.0794
19.0808
19.0782
19.0481
19.05
19.0473
19.2
19.2028
19.2012
19.3473
19.3501
19.348
19.2176
19.22
19.2182
19.2418
19.244
19.2422
19.3561
19.3592
19.3571
19.2181
19.2207
19.2189
18.9713
18.9725
18.9698
19.0541
19.0561
19.0542
19.0844
19.0872
19.0837
19.3199
19.3225
19.3198
19.4351
19.4375
19.4355
19.2921
19.295
19.2926
19.248
19.2504
19.2488
19.411
19.4134
19.4114
19.2734
19.2761
19.2736
20.2538
20.2538
20.2532
20.0999
20.1013
20.1001
20.1314
20.1323
20.1313
20.0232
20.023
20.0221
19.8644
19.8654
19.864
19.9942
19.9945
19.9935
19.9346
19.9358
19.9345
19.8339
19.8354
19.834
19.9662
19.967
19.9659
19.3483
19.3512
19.3489
19.5207
19.5225
19.5205
19.377
19.3795
19.377
19.0766
19.0796
19.076
19.2562
19.258
19.2549
19.2228
19.2249
19.222
19.5569
19.5589
19.557
19.4457
19.4479
19.4455
19.4146
19.4172
19.4149
19.592
19.5927
19.5907
19.6922
19.6928
19.6912
19.5576
19.5589
19.5568
19.1951
19.1973
19.1937
19.2999
19.3017
19.2988
19.3361
19.3374
19.3346
19.6587
19.6599
19.6582
19.4859
19.488
19.4858
19.5207
19.5225
19.5203
20.3677
20.3648
20.3649
20.2774
20.2746
20.2744
20.2841
20.281
20.2808
20.1252
20.1214
20.1208
20.0298
20.0264
20.0254
20.1288
20.1252
20.1246
20.1149
20.1121
20.1115
20.0203
20.0174
20.0163
20.1238
20.1206
20.1201
19.6237
19.6239
19.6218
19.782
19.7811
19.7797
19.6558
19.6555
19.6535
19.396
19.3962
19.393
19.5472
19.5463
19.5439
19.5166
19.516
19.5135
19.8041
19.8027
19.8013
19.7091
19.7079
19.7059
19.6807
19.6798
19.6777
19.7759
19.7727
19.7709
19.8694
19.866
19.8647
19.7611
19.7583
19.7564
19.4853
19.4844
19.4817
19.5693
19.568
19.5656
19.5946
19.5929
19.5908
19.8602
19.8574
19.856
19.7265
19.7246
19.7226
19.7499
19.7478
19.7459
20.2738
20.2687
20.2663
20.2449
20.2388
20.2371
20.2195
20.2135
20.2115
20.02
20.0131
20.0113
19.975
19.9688
19.9665
20.0377
20.0314
20.0295
20.0722
20.0667
20.0646
19.9815
19.9756
19.973
20.044
20.0383
20.036
19.7817
19.7779
19.7761
19.8761
19.8719
19.8706
19.7848
19.7807
19.779
19.5468
19.5433
19.5407
19.6307
19.6264
19.6242
19.6363
19.6322
19.6301
19.8723
19.8678
19.8663
19.7753
19.7707
19.7687
19.7842
19.7799
19.778
19.721
19.716
19.7133
19.8077
19.802
19.7994
19.7396
19.7346
19.732
19.5322
19.5283
19.5253
19.6211
19.6168
19.6144
19.6058
19.6015
19.5988
19.8223
19.817
19.8145
19.7682
19.7634
19.7612
19.7517
19.7468
19.7443
20.2318
20.5348
20.0412
19.922
19.9135
19.9054
19.8434
19.8747
19.9068
19.8987
20.0073
19.9956
19.7087
19.7039
19.7014
19.7533
19.7482
19.7467
19.6887
19.6842
19.6818
19.4498
19.4465
19.4434
19.475
19.4713
19.4687
19.5051
19.5013
19.4985
19.7385
19.7324
19.731
19.6539
19.6498
19.6476
19.6781
19.6734
19.6711
19.5852
19.5788
19.58
19.6703
19.6577
19.5465
19.5928
19.5565
19.3689
19.3656
19.363
19.4526
19.4483
19.4463
19.4174
19.4126
19.4105
19.6576
19.6532
19.6511
19.6377
19.6337
19.632
19.6281
19.6215
19.6196
9.47023
9.50783
9.26158
9.29318
9.3522
9.40098
9.4422
9.46404
9.45637
9.25429
9.27774
9.26967
9.38448
9.40622
9.39832
9.20671
9.25852
9.16353
9.18768
9.17992
9.34323
9.34672
9.35535
8.52862
8.54198
8.54458
8.73182
8.78763
8.71228
8.65654
8.70582
8.67391
8.69998
8.68054
8.81236
8.83871
8.82374
8.71231
8.74046
8.72586
8.88371
8.89224
8.89782
8.83321
8.859
8.84893
8.71898
8.74572
8.73581
9.15615
9.17971
9.16725
9.17521
9.19972
9.19029
9.08318
9.10766
9.09531
8.9652
8.98648
8.96845
8.90314
8.9282
8.91318
8.99231
9.01614
9.00092
9.10489
9.1307
9.12128
8.92082
8.94597
8.93459
9.0033
9.0288
9.01675
9.94521
9.96271
9.95562
9.77944
9.79894
9.79133
9.80823
9.82689
9.81932
9.82718
9.84458
9.83723
9.69066
9.70955
9.70048
9.78833
9.80628
9.79893
9.70117
9.72067
9.71311
9.63051
9.64987
9.64111
9.73581
9.75444
9.74691
9.2277
9.25
9.23761
9.36528
9.38707
9.37735
9.29269
9.31399
9.30146
9.3432
9.35843
9.34322
9.426
9.44294
9.42891
9.36187
9.37976
9.36532
9.43006
9.45097
9.44097
9.42083
9.44025
9.42731
9.36167
9.38199
9.3693
9.67828
9.69484
9.68278
9.66653
9.68467
9.67371
9.61668
9.6337
9.62137
9.55666
9.56975
9.55597
9.49824
9.51437
9.50074
9.56271
9.57812
9.5649
9.60035
9.61901
9.60832
9.48956
9.50819
9.4953
9.54704
9.56483
9.5522
10.2115
10.2256
10.219
10.1002
10.1149
10.1074
10.1397
10.1544
10.1466
10.2439
10.2579
10.2494
10.1567
10.1703
10.1612
10.1931
10.2071
10.1985
10.0852
10.0999
10.0912
10.0883
10.1026
10.0933
10.1326
10.1471
10.1384
9.75144
9.76705
9.75535
9.84952
9.86575
9.85483
9.81764
9.83258
9.8212
9.97124
9.98051
9.96951
10.0269
10.0373
10.0265
9.95063
9.9621
9.9509
9.9206
9.93567
9.92511
9.96388
9.97708
9.96642
9.89429
9.90795
9.89691
10.2716
10.2807
10.272
10.1986
10.2102
10.2009
10.1992
10.209
10.1997
10.2328
10.2389
10.2298
10.118
10.1269
10.1168
10.1965
10.2047
10.1951
10.1201
10.1329
10.1232
10.0442
10.0558
10.0456
10.1125
10.1232
10.1134
10.5667
10.5788
10.5724
10.4959
10.5087
10.5018
10.5427
10.5549
10.5484
10.7185
10.7278
10.7219
10.6698
10.6791
10.6732
10.665
10.6751
10.6689
10.5461
10.5579
10.5509
10.6054
10.6159
10.6095
10.6018
10.6131
10.6064
10.3616
10.3699
10.362
10.4176
10.4279
10.4202
10.437
10.4447
10.4375
10.7149
10.7151
10.71
10.7495
10.7518
10.7467
10.663
10.6661
10.6605
10.4988
10.5086
10.5015
10.6005
10.607
10.6013
10.5243
10.5311
10.5249
10.8771
10.8804
10.8758
10.7891
10.7958
10.7902
10.821
10.8248
10.8201
10.9573
10.9545
10.9516
10.8402
10.8421
10.8379
10.9211
10.9224
10.9187
10.7149
10.7227
10.7169
10.6802
10.6861
10.681
10.7499
10.755
10.7504
11.1469
11.1439
11.1391
11.0217
11.0214
11.0195
11.071
11.0761
11.0717
10.9301
10.9375
10.9341
10.8749
10.8814
10.8776
10.9021
10.9083
10.9049
10.9894
10.994
10.9863
10.9961
11.0005
10.9962
11.0244
11.0305
11.026
11.2767
11.2476
11.2975
11.2984
11.2909
11.1483
11.2479
11.1721
10.9337
10.9345
10.9306
10.9808
10.984
10.9786
10.9874
10.9853
10.9802
11.0462
11.0434
11.0402
11.0325
11.037
11.0313
11.0155
11.0185
11.0091
11.2683
11.241
11.236
11.236
11.2315
10.9188
10.9795
11.0107
11.359
11.352
11.4195
11.4065
11.0888
11.1849
11.1142
11.0831
11.0844
11.0722
11.181
11.1573
19.0118
19.0139
19.0092
18.8383
18.842
18.8365
18.8795
18.8824
18.8767
18.8288
18.8317
18.8258
18.6781
18.682
18.6757
18.7826
18.7852
18.7795
18.667
18.6711
18.6662
18.6252
18.6277
18.6195
18.7215
18.7234
18.7176
17.7146
17.903
18.3289
18.2866
17.9155
18.1423
17.857
18.3663
18.5526
18.5761
18.559
18.6162
18.5675
18.6001
18.4875
18.4914
18.2455
18.2622
18.4542
18.4806
18.4616
18.5332
18.5016
19.3393
19.3385
19.3354
19.2073
19.2076
19.2038
19.2413
19.241
19.2374
19.1696
19.1689
19.1646
19.0662
19.0667
19.0619
19.1414
19.1411
19.1368
19.0749
19.0756
19.0712
19.0305
19.0314
19.0266
19.1116
19.1118
19.1076
18.6595
18.6784
18.6647
18.7262
18.7293
18.7238
18.6751
18.6802
18.6753
18.6397
18.6432
18.6359
18.737
18.74
18.7342
18.6808
18.6849
18.6788
18.7876
18.7912
18.7848
18.792
18.7949
18.7889
18.7405
18.7445
18.7384
18.7919
18.7956
18.79
18.7783
18.7816
18.7759
18.8118
18.8148
18.8089
18.9492
18.9505
18.9453
18.9682
18.9697
18.9644
18.9215
18.9237
18.9183
18.8394
18.8425
18.8367
18.9264
18.9281
18.9226
18.8758
18.8783
18.8725
19.404
19.4007
19.3975
19.3393
19.3367
19.3332
19.3374
19.3346
19.3311
19.2104
19.2081
19.2044
19.1708
19.1689
19.1649
19.2196
19.2172
19.2135
19.23
19.2281
19.2244
19.1781
19.1765
19.1726
19.2304
19.2283
19.2246
18.9846
18.9857
18.9806
19.051
19.0512
19.0465
19.0071
19.0077
19.0029
18.9503
18.9512
18.9457
18.982
18.9822
18.977
18.9683
18.9689
18.9635
19.0691
19.0689
19.0642
19.0438
19.0435
19.0389
19.0291
19.0293
19.0245
19.0554
19.0542
19.0497
19.0877
19.0862
19.0819
19.0563
19.0551
19.0505
18.987
18.9868
18.9816
18.9936
18.9934
18.9882
19.0004
18.9999
18.995
19.0933
19.0921
19.0879
19.0529
19.0522
19.0475
19.0596
19.0586
19.0541
19.2062
19.2038
19.2006
19.2062
19.2041
19.2005
19.1661
19.1642
19.1605
18.959
18.9582
18.9545
18.9854
18.9846
18.9807
19.012
19.0111
19.0075
19.0856
19.0842
19.0802
19.0186
19.0176
19.0136
19.0436
19.0426
19.0386
19.0406
19.0392
19.0346
19.0522
19.0508
19.0465
19.0318
19.0308
19.0264
18.9579
18.9571
18.9528
18.937
18.9363
18.9322
18.9545
18.9536
18.9491
19.0274
19.026
19.0217
18.9895
18.9885
18.9843
19.0085
19.0073
19.0029
18.8456
18.8452
18.8413
18.895
18.8944
18.8906
18.8879
18.8872
18.8832
18.8876
18.8868
18.8828
18.905
18.9042
18.9001
18.8757
18.8751
18.8711
18.9347
18.9339
18.93
18.9585
18.9575
18.9534
18.928
18.9272
18.9233
18.6803
18.715
18.807
18.8613
18.8216
18.8426
18.8255
18.8347
18.4772
18.4682
18.539
18.5374
18.5355
18.5382
18.5167
18.5282
18.6836
18.6832
18.6807
18.592
18.5944
18.5919
18.5962
18.5954
18.5959
18.797
18.7971
18.7931
18.7391
18.7398
18.736
18.7445
18.7453
18.7415
18.6628
18.6642
18.6615
18.5602
18.5627
18.5599
18.6302
18.6322
18.6293
18.6808
18.682
18.6787
18.6208
18.6228
18.6195
18.6871
18.6885
18.685
18.2841
18.2874
18.2842
18.3707
18.3718
18.3696
18.3887
18.3914
18.3887
18.4443
18.4469
18.4447
18.4893
18.4922
18.4898
18.3981
18.4011
18.3986
18.4531
18.4548
18.4525
18.5541
18.5563
18.5534
18.4678
18.4702
18.4673
8.13842
8.16788
8.14691
7.99364
8.02252
8.00102
8.1483
8.17509
8.15057
8.55657
8.57426
8.54873
8.60277
8.61724
8.58995
8.41309
8.43328
8.40599
8.12948
8.15571
8.12632
8.4738
8.49024
8.46129
8.2804
8.30349
8.27442
8.41629
8.4291
8.39134
8.15266
8.1731
8.13673
8.58132
8.59254
8.55648
9.78773
9.78545
9.75793
9.33818
9.34035
9.31078
9.21422
9.21785
9.18608
8.29872
8.3167
8.28052
8.87474
8.88189
8.85053
8.72431
8.73342
8.69955
9.30107
9.30414
9.27984
8.8725
8.88193
8.85439
9.20506
9.20895
9.18309
9.96769
9.96329
9.9396
9.42753
9.42884
9.40092
9.52198
9.52256
9.49635
8.75691
8.76773
8.73842
8.99192
8.99784
8.96843
9.11496
9.11966
9.09227
9.0112
9.02813
9.00932
8.96163
8.97573
8.9559
9.05
9.06285
9.04392
9.32208
9.32905
9.31169
9.36208
9.36626
9.34801
9.24206
9.24986
9.23164
9.07563
9.08541
9.06541
9.28817
9.29324
9.27424
9.16263
9.1714
9.15237
9.37066
9.37306
9.34988
9.18333
9.18901
9.16597
9.44664
9.44816
9.42611
10.1486
10.1423
10.1229
9.88798
9.88492
9.86522
9.8276
9.82513
9.8045
9.26088
9.26553
9.24352
9.57431
9.57422
9.55399
9.50686
9.50752
9.48636
9.84442
9.84237
9.82539
9.57046
9.5715
9.5533
9.77387
9.77192
9.75418
10.302
10.2949
10.2777
9.94936
9.94568
9.92682
10.0144
10.0104
9.99234
9.49445
9.49622
9.47722
9.63629
9.63542
9.61604
9.70313
9.70176
9.68323
9.63132
9.64114
9.62752
9.60181
9.60927
9.5952
9.68123
9.6885
9.67499
10.0376
10.0413
10.0291
10.0685
10.0695
10.0567
9.94093
9.94454
9.93166
9.74695
9.75193
9.73779
9.95412
9.95598
9.94245
9.83502
9.83952
9.82596
9.92928
9.92701
9.91067
9.81331
9.81409
9.79811
10.0074
10.0053
9.98961
10.734
10.7254
10.7122
10.5543
10.5483
10.5348
10.4567
10.4508
10.4365
9.91238
9.91287
9.89759
10.1955
10.1931
10.1789
10.1087
10.1063
10.0914
10.6454
10.6404
10.6293
10.3425
10.3405
10.3281
10.5428
10.5383
10.5267
11.0524
11.0427
11.0321
10.6922
10.6854
10.673
10.7973
10.7903
10.7788
10.2113
10.2104
10.197
10.3135
10.3104
10.2971
10.4075
10.404
10.3914
10.3858
10.3891
10.3804
10.3782
10.381
10.3718
10.4714
10.4732
10.4646
10.9507
10.947
10.9406
10.9763
10.9707
10.964
10.8564
10.8539
10.8469
10.6162
10.6166
10.608
10.8549
10.8515
10.8439
10.7221
10.7214
10.7131
11.6873
11.6666
11.6598
11.556
11.5454
11.5375
11.4687
11.4561
11.4489
10.7951
10.7887
10.7791
10.7051
10.7005
10.6911
10.8983
10.8915
10.8829
11.1416
11.1319
11.125
10.8514
10.8457
10.8373
11.0447
11.0357
11.0278
11.8861
11.8964
11.8646
11.6844
11.6713
11.6644
11.824
11.8029
11.7927
11.5282
11.514
11.5082
11.3252
11.3185
11.3115
11.4518
11.4466
11.4328
11.2697
11.257
11.2515
11.2129
11.2046
11.198
11.3761
11.3598
11.3535
11.6736
11.6609
11.6586
11.6301
11.606
11.5909
11.1833
11.1806
11.1758
11.1368
11.1343
11.1236
11.2029
11.1931
11.1897
11.2284
11.3008
11.3379
11.4432
11.3573
11.5116
11.5151
11.5017
11.7347
13.1965
12.2178
11.5894
11.599
11.5702
11.5058
11.6141
11.5239
11.7541
11.7094
11.8777
11.8512
11.6902
11.6961
11.6792
11.4289
11.5083
12.8479
12.7227
11.9372
11.4812
11.391
18.9533
18.9534
18.9476
18.9526
18.9533
18.9475
18.9587
18.9592
18.9534
18.964
18.964
18.9591
18.9833
18.9834
18.9788
18.9607
18.9611
18.9559
18.9444
18.9457
18.9403
18.9713
18.9717
18.9668
18.95
18.9508
18.9452
18.8761
18.889
18.8987
18.9118
18.8995
18.9904
18.9748
19.0118
18.9972
18.998
18.9605
18.9678
18.9723
18.9393
18.9599
18.9734
18.9882
18.9733
18.9543
18.9561
19.0509
19.0494
18.9959
19.0085
18.9957
19.0576
19.0293
19.0453
19.0309
19.0298
19.0258
18.988
18.9876
18.9835
19.0199
19.0193
19.0155
18.9995
18.9983
18.9942
18.979
18.9788
18.9748
19.01
19.009
19.0053
18.8658
18.8652
18.8612
18.9188
18.9176
18.9136
18.8983
18.8973
18.8935
18.8427
18.8421
18.8387
18.9177
18.9163
18.9124
18.8698
18.8687
18.8649
18.9189
18.9178
18.9137
18.9433
18.9417
18.9377
18.9
18.8989
18.895
19.0319
19.0304
19.0262
18.9991
18.9979
18.9932
19.0361
19.0343
19.03
19.103
19.1002
19.0971
19.0599
19.058
19.0543
19.0579
19.0561
19.0523
18.9937
18.9923
18.9876
19.0331
19.0313
19.0271
19.0339
19.0322
19.0278
18.9854
18.9835
18.9808
18.9419
18.9405
18.9367
19.0005
18.9985
18.9952
19.1073
19.1047
19.1016
19.0555
19.0536
19.0503
19.0493
19.0471
19.0441
18.963
18.9615
18.9574
19.0251
19.0234
19.0194
19.0165
19.0146
19.0109
18.4322
18.4349
18.4329
18.5763
18.5776
18.5755
18.5049
18.507
18.5054
18.3714
18.3745
18.3737
18.5535
18.5547
18.5539
18.4562
18.4585
18.4574
18.6
18.6013
18.5996
18.624
18.6249
18.6239
18.534
18.536
18.5346
18.9601
18.9582
18.9558
18.8634
18.8627
18.8603
18.9375
18.9358
18.9339
19.036
19.0333
19.0324
18.9279
18.9265
18.9254
18.9557
18.954
18.9526
18.8219
18.8213
18.8193
18.8694
18.8682
18.867
18.9015
18.8999
18.8983
18.668
18.6679
18.6686
18.6151
18.616
18.6156
18.7223
18.7219
18.7218
18.9507
18.9486
18.9487
18.8879
18.8867
18.8859
18.8505
18.8496
18.8493
18.68
18.6808
18.6801
18.8225
18.8215
18.8205
18.78
18.7795
18.7791
17.3934
17.3948
17.3941
17.705
17.7092
17.709
17.5361
17.5408
17.5395
17.2582
17.2618
17.2629
17.6596
17.664
17.667
17.4497
17.4548
17.4558
17.7847
17.7898
17.7914
17.8167
17.8208
17.8236
17.6235
17.6284
17.6297
18.5979
18.5981
18.5993
18.3902
18.3925
18.3941
18.5289
18.5294
18.5315
18.7085
18.7087
18.7128
18.4868
18.4883
18.4918
18.5601
18.5609
18.5642
18.2962
18.2986
18.3008
18.3592
18.3603
18.3637
18.4455
18.4463
18.4491
17.9118
17.9155
17.9211
17.8155
17.8197
17.8232
18.0341
18.037
18.042
18.5005
18.5021
18.5087
18.4002
18.4022
18.4065
18.3132
18.316
18.3213
17.9546
17.9582
17.9618
18.2593
18.261
18.265
18.1549
18.1571
18.1613
15.6731
15.7949
14.917
14.9203
15.7203
15.7335
15.7406
15.1756
15.1819
15.883
15.8972
16.1286
16.1488
16.1491
15.7467
15.7667
17.7672
17.7714
17.7782
17.3337
17.3387
17.3428
17.6266
17.6309
17.6381
17.9654
17.9687
17.9747
17.5662
17.5714
17.5783
17.71
17.7151
17.7225
17.133
17.1372
17.1426
17.2887
17.2944
17.3017
17.4508
17.456
17.4634
16.4519
16.4547
16.4595
16.1795
16.1871
16.1927
16.653
16.6573
16.6632
17.552
17.5539
17.5584
17.3872
17.3921
17.3981
17.2262
17.2304
17.2358
16.4846
16.4925
16.4983
17.0797
17.0855
17.0926
16.8998
16.9053
16.9121
9.68313
9.73511
11.5575
11.6554
11.5398
11.4943
12.1239
12.1315
12.1198
13.3228
13.323
13.3141
12.2916
12.2989
12.2798
12.6905
12.6884
13.5934
13.5942
13.5876
12.3523
12.5097
12.4168
16.1865
16.1879
16.1915
15.3948
15.3966
15.3983
15.9793
15.9794
15.9815
16.6953
16.6934
16.6908
16.0807
16.0807
16.0781
16.2591
16.2599
16.2591
15.0769
15.0791
15.0792
15.5267
15.5255
15.5235
15.7204
15.7199
15.7202
14.6951
14.6877
14.6793
14.1716
14.1723
14.166
14.8732
14.8674
14.8604
16.136
16.1298
16.1238
15.8696
15.8681
15.8641
15.6871
15.684
15.6784
14.3787
14.3826
14.3772
15.2819
15.2791
15.2758
15.0903
15.0864
15.0808
10.111
10.1127
10.0846
10.9369
10.9338
10.9119
10.9638
10.9594
10.9372
11.7272
11.7195
11.7007
12.4099
12.3986
12.383
11.7596
11.7531
11.7346
11.8255
11.8217
11.805
12.5001
12.4895
12.4745
11.8012
11.7958
11.7782
14.5033
14.4947
14.485
13.7029
13.698
13.6868
14.3386
14.3292
14.3184
15.1958
15.1854
15.1773
14.6105
14.6009
14.5909
14.771
14.7624
14.7524
13.5587
13.5523
13.5399
14.0172
14.006
13.9944
14.1672
14.1569
14.1455
13.4534
13.4392
13.4275
13.072
13.0603
13.0465
13.5789
13.5655
13.5538
14.7042
14.6909
14.683
14.4448
14.4342
14.4242
14.2962
14.2846
14.2748
13.1937
13.1831
13.1695
13.8602
13.8482
13.8365
13.722
13.7094
13.6977
10.4611
10.4545
10.4326
10.9336
10.9237
10.9035
10.9236
10.9133
10.8937
11.4222
11.4095
11.3928
11.8734
11.8581
11.8426
11.433
11.4204
11.4032
11.4938
11.4824
11.4645
11.9101
11.8949
11.8793
11.4623
11.4503
11.4328
13.3295
13.3144
13.3026
12.7655
12.752
12.7377
13.2221
13.2065
13.1944
14.1033
14.0838
14.0758
13.6066
13.5873
13.5772
13.6893
13.6711
13.6611
12.6731
12.6585
12.6443
13.0347
13.0167
13.0045
13.1214
13.1046
13.0924
12.8613
12.8419
12.8303
12.4435
12.4259
12.4124
12.8811
12.8612
12.8493
13.9402
13.9197
13.9125
13.5517
13.5312
13.5212
13.504
13.4833
13.4734
12.4751
12.4578
12.444
12.9654
12.9464
12.9341
12.9077
12.8881
12.8759
10.7272
10.7173
10.7012
11.0323
11.0197
11.0044
11.0807
11.068
11.0533
11.7941
11.7786
11.7673
12.1149
12.0984
12.0881
11.7197
11.7041
11.6923
11.563
11.5478
11.5343
12.0255
12.0101
11.9989
11.6218
11.6065
11.5936
12.8764
12.8573
12.8466
12.44
12.4234
12.4111
12.8903
12.8725
12.8625
14.0481
14.0243
14.0211
13.6412
13.6197
13.6149
13.5953
13.5735
13.5679
12.4839
12.4674
12.4561
12.971
12.9535
12.9449
12.9356
12.9177
12.9085
13.2334
13.2123
13.2073
12.7672
12.7488
12.7413
13.1835
13.1636
13.1575
14.2021
14.1791
14.1787
13.7221
13.7003
13.6967
13.78
13.7579
13.7551
12.6636
12.6463
12.6376
13.0401
13.0223
13.0147
13.0931
13.0754
13.0686
12.6985
12.6728
12.6634
12.8248
12.8042
12.7984
12.579
12.5613
12.5552
11.5661
11.5529
11.5445
11.7743
11.7586
11.7503
11.8524
11.8365
11.829
12.7112
12.696
12.6834
12.383
12.3629
12.3567
12.4475
12.431
12.424
14.4813
14.4453
14.1445
14.154
14.1346
14.0414
14.1341
14.0526
13.3284
13.305
13.3015
13.0337
13.0134
13.0079
13.3885
13.3628
13.3585
13.4905
13.47
13.4654
13.1438
13.124
13.1193
13.4386
13.4217
13.4116
13.8015
13.7931
13.4313
13.4412
13.4204
13.3603
13.4631
14.2269
14.2516
14.2327
14.2481
14.259
13.2704
13.3689
13.2816
13.5319
13.5459
13.5138
13.6926
13.6507
19.1466
19.1434
19.141
19.1923
19.1891
19.1863
19.1975
19.1939
19.1912
19.2428
19.2397
19.2374
19.2773
19.2757
19.2733
19.2416
19.2389
19.2368
19.2334
19.2312
19.229
19.2758
19.2741
19.2718
19.2405
19.2379
19.2358
19.2015
19.2807
19.264
19.2925
19.2323
19.3303
19.3234
19.354
19.3224
19.3361
19.3234
19.3093
19.3088
19.3053
19.3251
19.3235
19.2883
19.2926
19.2859
19.3002
19.2881
19.3129
19.3164
19.0281
19.0263
19.027
19.1356
19.1332
19.1342
19.1191
19.1172
19.1191
19.1517
19.1522
19.155
19.2371
19.2379
19.2405
19.1721
19.1721
19.1745
19.2101
19.2087
19.2098
19.2528
19.2522
19.253
19.1953
19.1947
19.1968
19.4252
19.4282
19.4218
19.4367
19.4356
19.4321
19.4361
19.4351
19.4319
19.3465
19.3455
19.3424
19.3275
19.3267
19.3233
19.3488
19.3479
19.3445
19.356
19.3549
19.351
19.3357
19.3348
19.3315
19.3614
19.3603
19.3569
19.4169
19.4166
19.4127
19.4507
19.4494
19.4461
19.4428
19.4415
19.4382
19.3479
19.3464
19.347
19.3176
19.3169
19.3165
19.3641
19.3622
19.361
19.3679
19.3667
19.363
19.3263
19.3261
19.3229
19.3617
19.3606
19.3569
18.6443
18.6463
18.6516
18.844
18.8452
18.8494
18.7891
18.7905
18.7945
18.8106
18.8116
18.8129
18.9886
18.9887
18.989
18.8646
18.8659
18.8678
18.9664
18.9681
18.9707
19.0447
19.0452
19.0464
18.924
18.9256
18.928
19.3432
19.3426
19.3433
19.2776
19.2786
19.2801
19.327
19.3266
19.3268
19.3369
19.3371
19.336
19.3259
19.3251
19.3239
19.3602
19.3594
19.3582
19.2545
19.2552
19.2559
19.2744
19.2737
19.2729
19.3036
19.3031
19.3027
19.0848
19.0834
19.0818
19.0986
19.0981
19.0966
19.1371
19.136
19.1344
19.228
19.2268
19.2265
19.2873
19.2866
19.2854
19.2452
19.2443
19.2432
19.1539
19.1537
19.1528
19.2339
19.2331
19.2319
19.1928
19.1917
19.1904
17.8349
17.8363
17.8381
18.1834
18.1831
18.1834
18.0755
18.0745
18.074
18.0418
18.04
18.0366
18.2925
18.29
18.287
18.1607
18.1594
18.1564
18.3888
18.3884
18.3863
18.4168
18.4146
18.4118
18.2881
18.2874
18.2847
19.0158
19.0144
19.0127
18.911
18.9099
18.9075
18.9515
18.9498
18.9481
18.9589
18.9541
18.9543
18.8802
18.876
18.8756
18.9492
18.9458
18.9452
18.8253
18.824
18.8215
18.7929
18.7901
18.7887
18.8696
18.8674
18.8658
18.4087
18.403
18.402
18.441
18.4379
18.4355
18.5049
18.5001
18.4989
18.7579
18.7515
18.7519
18.7989
18.7941
18.7937
18.7228
18.7171
18.7169
18.5537
18.5512
18.5488
18.698
18.6947
18.6934
18.6099
18.6057
18.6046
16.5554
16.55
16.5439
17.0014
16.9955
16.9903
16.8332
16.8266
16.8212
16.8275
16.8187
16.8148
17.1804
17.1708
17.1682
16.9803
16.9728
16.9687
17.2964
17.2911
17.2867
17.3305
17.3221
17.3194
17.1435
17.1372
17.1329
18.2964
18.2897
18.2888
18.0983
18.0927
18.0907
18.1933
18.1857
18.1849
18.385
18.3777
18.3777
18.1941
18.185
18.1849
18.2817
18.273
18.2731
17.9694
17.9628
17.961
17.9689
17.9596
17.959
18.0773
18.0689
18.0683
17.5367
17.526
17.5249
17.4711
17.4604
17.4588
17.6388
17.6281
17.6272
18.1683
18.1611
18.1605
18.1067
18.0973
18.097
18.0217
18.0123
18.0118
17.596
17.5861
17.5845
17.8542
17.8442
17.8436
17.7455
17.735
17.7343
15.2016
15.1874
15.181
15.6737
15.659
15.654
15.537
15.5214
15.5163
15.8348
15.8184
15.8148
16.2493
16.2344
16.2317
15.9226
15.9062
15.9025
16.1263
16.1115
16.1081
16.3202
16.3059
16.3032
16.0128
15.9973
15.9937
17.4437
17.4331
17.4319
17.1303
17.1184
17.1167
17.3524
17.3421
17.3406
17.904
17.8948
17.8939
17.6312
17.6213
17.6205
17.6866
17.6766
17.6758
17.037
17.0245
17.0226
17.1984
17.1881
17.1865
17.2769
17.2665
17.265
17.0104
16.9975
16.9965
16.7634
16.7491
16.7477
17.0581
17.0458
17.0446
17.8161
17.8052
17.8052
17.606
17.5952
17.5946
17.5653
17.5544
17.5538
16.8026
16.7894
16.7876
17.1462
17.1354
17.1338
17.0831
17.0721
17.0705
14.5749
14.554
14.549
15.0262
15.0076
15.0036
14.9972
14.9786
14.9749
15.7143
15.6942
15.6945
16.0876
16.0681
16.0693
15.7148
15.6944
15.6945
15.6831
15.6644
15.6628
16.0429
16.0235
16.0233
15.6653
15.6468
15.6455
17.8511
17.8407
17.8426
17.5841
17.5717
17.5737
17.6004
17.5873
17.589
17.0184
17.0034
17.0034
16.6659
16.6507
16.65
16.9811
16.966
16.9661
16.9801
16.9644
16.9656
16.6895
16.6727
16.6729
17.0077
16.9919
16.9929
17.8286
17.8519
17.8335
17.628
17.6187
17.6204
17.6388
17.6289
17.628
17.0314
17.0204
17.0202
16.7522
16.7359
16.7374
17.0365
17.0249
17.023
17.0198
17.0055
17.0073
16.7083
16.6913
16.6924
17.0103
16.9955
16.9967
15.9498
15.9688
16.3197
16.3285
15.9661
15.9543
14.8826
14.8633
14.8628
15.2117
15.1931
15.1884
15.2361
15.2174
15.2161
15.9851
16.0806
15.8193
15.8953
15.8308
15.8975
15.9088
15.893
18.086
18.5319
17.8055
17.0388
17.0594
17.0388
16.7227
16.7917
16.7367
17.1142
17.1005
17.1579
17.1745
16.8208
16.8353
16.8214
16.9075
16.9972
17.8479
18.4207
16.9531
17.0365
17.1905
19.275
19.2724
19.2724
19.286
19.2834
19.2831
19.2524
19.2497
19.2494
19.2838
19.281
19.2811
19.3096
19.3077
19.3073
19.312
19.3095
19.3093
19.3595
19.3576
19.3571
19.3219
19.3204
19.3198
19.3325
19.3305
19.3301
19.4287
19.429
19.4459
19.4507
19.4456
19.4013
19.4119
19.5179
19.5444
19.5426
19.5348
19.5359
19.4369
19.4507
19.4393
19.4232
19.4305
19.4236
19.4455
19.4414
19.5811
19.5769
19.55
19.5544
19.5504
19.5431
19.5576
19.5458
19.4344
19.4318
19.4319
19.4254
19.4233
19.4232
19.4393
19.437
19.4368
19.4388
19.4368
19.4363
19.4271
19.4255
19.4252
19.4328
19.4313
19.4303
18.8914
18.886
18.8864
18.9841
18.9801
18.9803
18.94
18.9359
18.9361
19.0466
19.0426
19.0427
19.1459
19.1421
19.1421
19.0795
19.0754
19.0757
19.1406
19.1368
19.1372
19.1642
19.1606
19.1607
19.1077
19.1039
19.1042
19.4362
19.433
19.4333
19.3935
19.3902
19.3905
19.4293
19.4256
19.426
19.6406
19.6376
19.6391
19.5994
19.5949
19.5963
19.6003
19.596
19.5972
19.3872
19.3833
19.3837
19.4215
19.4172
19.4178
19.4306
19.4265
19.427
19.4093
19.4043
19.4054
19.3471
19.342
19.3428
19.4175
19.4125
19.4135
19.6646
19.6615
19.6633
19.6116
19.6069
19.6084
19.6097
19.605
19.6066
19.3512
19.3465
19.3471
19.4238
19.4191
19.4198
19.4142
19.4094
19.4102
18.4603
18.4538
18.4535
18.6398
18.6348
18.6343
18.5954
18.5902
18.5896
18.8717
18.8645
18.865
19.0285
19.0222
19.0229
18.8953
18.8882
18.8887
18.9231
18.9174
18.9176
19.0213
19.0156
19.016
18.8949
18.889
18.8891
19.4154
19.4105
19.4118
19.3194
19.3143
19.3152
19.4084
19.4039
19.4051
19.7388
19.7364
19.7391
19.6624
19.6589
19.6614
19.659
19.655
19.6573
19.3237
19.3183
19.3193
19.4137
19.4095
19.411
19.4193
19.4149
19.4163
19.4497
19.447
19.4495
19.3432
19.3377
19.3395
19.4517
19.4484
19.4506
19.7835
19.7838
19.7872
19.6894
19.6865
19.6892
19.6948
19.6926
19.6955
19.3197
19.3141
19.3156
19.4304
19.4263
19.428
19.4269
19.4234
19.4252
18.9769
18.9745
18.9755
19.1337
19.1342
19.1362
18.9652
18.9623
18.9649
18.2804
18.2689
18.2703
18.5072
18.4978
18.4994
18.4946
18.4858
18.4879
19.0846
19.0827
19.0841
18.9312
18.9242
18.9269
18.9253
18.9195
18.9224
19.9146
19.9238
19.8352
19.8599
19.8513
19.8085
19.8372
19.8238
19.4851
19.4835
19.4864
19.3746
19.3708
19.3736
19.4862
19.4856
19.4886
19.5348
19.5376
19.5404
19.4191
19.4165
19.4201
19.5284
19.5293
19.5317
19.648
19.6782
19.5133
19.5374
19.5285
19.5704
19.6196
20.0229
19.9007
19.9126
19.8923
19.9231
19.4395
19.4743
19.4553
19.5614
19.589
19.5775
19.5964
19.6043
19.8447
19.8427
19.8453
19.8757
19.875
19.8775
19.8858
19.8852
19.8878
20.082
20.0821
20.0855
20.0995
20.1003
20.1033
20.0681
20.0681
20.0713
20.0224
20.0223
20.0247
20.065
20.0659
20.0688
20.0338
20.0343
20.037
20.1443
20.3116
20.1135
20.1466
20.1756
20.3852
20.3423
20.3008
20.2604
20.2619
20.2672
20.2088
20.2195
20.2165
20.2427
20.2453
20.2021
20.2005
20.1872
20.1874
20.1916
20.1793
20.1887
20.2623
20.2856
20.2842
20.3085
20.2706
20.2794
19.9984
20.0008
20.0045
20.0488
20.0517
20.0554
20.0632
20.0672
20.0708
20.2446
20.268
20.2013
20.2189
20.2142
20.2168
20.2393
20.2326
20.6068
20.4917
20.4511
20.2771
20.2976
20.2912
20.2786
20.2921
20.29
20.3027
20.3103
20.3274
20.3494
20.3102
20.3317
20.3258
20.329
20.347
20.5308
20.7233
20.4254
20.4115
20.6185
18.8277
18.8304
18.8268
11.9016
11.9332
11.9276
19.6207
19.626
19.6287
21.0616
21.0805
21.0894
20.9423
20.9491
20.9552
17.9792
17.9537
18.5784
18.5268
18.5334
18.7912
18.8112
18.7992
19.2363
19.2538
19.2466
19.5145
19.5242
19.5206
19.6958
19.7019
19.6997
19.8755
19.8795
19.8778
20.1047
20.1065
20.1055
20.3221
20.3206
20.3203
20.3516
20.3478
20.3471
20.2936
20.2814
9.77267
9.77199
9.78173
10.0471
10.0624
10.0558
10.3441
10.3585
10.3513
10.7115
10.7207
10.7154
11.0458
11.0518
11.0482
18.7312
18.7642
18.7536
18.8531
18.8052
18.8401
19.1575
19.159
19.1549
19.3963
19.394
19.391
19.3539
19.351
19.3476
19.1022
19.0986
19.0967
18.6089
7.60123
8.49578
8.52203
8.49897
9.24761
9.26132
9.24456
9.89847
9.9072
9.8951
10.7216
10.7211
10.7149
11.398
11.4005
11.3912
18.5358
18.8735
18.8759
18.8703
18.9543
18.954
18.949
18.7497
18.75
18.7468
18.141
18.1455
18.1448
16.7929
16.7912
9.70273
9.80857
9.73329
10.3058
10.3027
10.2764
10.5073
10.4993
10.4796
10.9923
10.9804
10.9666
11.9571
11.9425
11.9354
13.6303
19.1424
19.1204
19.1306
19.1255
19.1226
19.121
18.9192
18.9186
18.9215
18.3856
18.3887
18.3929
17.4036
17.4033
17.4015
16.0083
16.0004
15.9934
14.8429
14.8252
14.819
14.6495
14.6263
14.6237
14.9983
15.0082
14.9906
19.4371
19.4229
19.4227
19.421
19.1503
19.1458
19.1463
18.7242
18.7187
18.7188
18.3534
18.3449
18.3446
18.3424
18.3333
18.3359
19.1593
19.7485
19.7625
19.7526
19.9031
19.9011
19.9041
20.0795
20.1028
20.095
20.4885
20.5092
20.5049
20.5042
20.4867
20.4798
20.5181
20.5173
9.71739
9.74071
9.79545
9.83454
10.0903
10.1069
10.1005
18.1124
18.1097
18.6292
18.5754
18.5803
18.7585
18.7758
18.7631
19.3054
19.2991
19.2977
19.1108
7.11549
8.34281
8.37172
8.35533
19.1627
18.9285
18.9147
18.8463
18.8037
18.8321
18.1489
18.1531
18.1514
17.0265
17.0255
16.9191
16.8522
8.50782
8.51735
7.0413
8.7039
8.66636
9.47491
9.47359
9.44014
17.0276
17.0593
17.0473
19.2653
19.2776
19.2729
20.4452
20.4456
20.4454
18.4534
18.4535
18.4519
17.4833
17.4884
17.4889
19.1963
19.2148
19.2073
7.68931
7.68823
7.69405
18.0378
18.0472
18.0134
18.7913
18.7267
18.7352
18.7608
18.7087
18.7112
18.7914
18.809
18.7943
18.822
18.8446
18.8307
19.2399
19.2622
19.2533
19.2941
19.3151
19.3068
19.5798
19.5912
19.5867
19.6032
19.6135
19.6095
19.7906
19.7975
19.7951
19.8141
19.8208
19.8186
19.9849
19.9896
19.9875
20.0105
20.0152
20.0132
20.2251
20.2279
20.2268
20.2553
20.2575
20.2564
20.4561
20.4557
20.4554
20.4766
20.4756
20.4755
20.5011
20.4977
20.497
10.1245
10.1409
10.1347
10.3324
10.3469
10.341
10.3733
10.3874
10.3814
10.6272
10.638
10.6325
10.6707
10.6809
10.6757
10.9073
10.9139
10.9104
10.9362
10.9425
10.9398
19.4935
19.5038
19.4997
19.6849
19.6911
19.6889
19.3623
19.8519
19.856
19.8541
18.9905
19.0336
18.8781
18.9483
18.9009
20.0753
20.0775
20.0765
18.9155
18.8893
18.9054
19.0017
19.0037
18.9991
20.3022
20.3015
20.3011
19.0016
19.0043
19.0016
19.2813
19.283
19.2797
20.347
20.3436
20.343
19.3235
19.3247
19.3215
19.5197
19.5177
19.5151
20.2525
20.2541
20.2482
19.5287
19.5261
19.5233
19.4968
19.4932
19.49
19.4847
19.4809
19.4776
19.3145
19.3118
19.3101
9.66782
9.70966
8.47888
8.50541
8.48785
9.14794
9.16546
9.14877
10.0055
10.0224
10.016
9.22631
9.24328
9.22715
9.73136
9.74304
9.73027
10.3091
10.3239
10.3171
9.8165
9.82747
9.81519
10.4319
10.4356
10.4281
10.6663
10.6765
10.6708
10.5407
10.5432
10.5365
11.0865
11.0878
11.0789
11.0116
11.0162
11.0125
11.1352
11.1292
11.1266
19.1062
19.1079
19.1036
18.4073
18.4258
19.38
19.3783
19.3752
18.6367
18.6145
18.8621
18.8645
18.8586
19.3698
19.3665
19.3632
18.902
18.9039
18.8984
18.9873
18.9869
18.9819
19.139
19.1356
19.1337
18.9796
18.9791
18.9743
18.8131
18.8132
18.8098
18.6168
18.7646
18.7652
18.762
18.2567
18.2611
18.2591
8.41729
8.44438
8.42137
9.58935
9.5871
9.5555
10.0631
10.0597
10.0382
9.20997
9.22439
9.20758
10.0957
10.0924
10.0717
10.4779
10.4729
10.4569
9.82329
9.83281
9.8201
10.5689
10.5635
10.5483
11.3123
11.3019
11.293
10.6106
10.6115
10.6043
11.4535
11.4411
11.4339
11.738
11.8246
11.2506
11.3529
11.2731
12.216
12.1922
18.9581
18.958
18.9527
19.0811
19.0785
19.075
18.795
18.7951
18.7918
19.0946
19.092
19.0888
19.0863
19.0833
19.0808
18.2448
18.2495
18.2484
19.0713
19.0683
19.0659
18.873
18.8716
18.8734
17.0309
16.9472
17.0072
18.8198
18.8187
18.8211
18.3196
18.3226
18.3295
18.2088
18.2121
18.2189
17.236
17.2367
17.2391
9.72438
9.70006
17.0535
17.0535
17.0544
15.7728
15.7667
15.7595
10.2669
10.2637
10.2363
15.5801
15.5734
15.5657
14.4659
14.4535
14.4457
10.5287
10.5224
10.5025
14.3481
14.3348
14.327
13.9824
13.9659
13.9599
10.9122
10.9041
10.8892
14.0012
13.9843
13.9789
14.2629
14.2452
14.2376
11.829
11.8145
11.8068
14.3415
14.3208
14.3179
19.1329
19.1299
19.1268
19.3969
19.3931
18.9658
18.9648
18.9674
19.3944
19.4002
19.3981
19.3977
19.3953
18.4841
18.4871
18.4918
19.3883
19.3879
19.3863
19.1344
19.1322
19.1321
17.5658
17.5661
17.5658
19.0747
19.0717
19.0716
18.6098
18.6031
18.6034
16.2125
16.2073
16.2004
18.5319
18.5251
18.5253
18.0341
18.0267
18.0257
14.9865
14.9727
14.9662
17.9873
17.9794
17.9784
17.81
17.7965
17.7979
14.6341
14.6165
14.6133
17.8323
17.8187
17.8208
17.7342
17.8112
14.8823
14.9687
14.8951
17.9591
17.9777
19.1918
19.1882
19.1884
19.5997
19.5976
19.5984
18.7796
18.7744
18.7747
19.6147
19.6127
19.6132
19.6869
19.6836
19.6857
18.3723
18.3649
18.3645
19.7058
19.7026
19.7048
19.8285
19.8311
19.8343
18.3047
18.2942
18.2964
19.8693
19.8736
19.8767
19.8774
19.8753
19.8781
20.3877
20.3883
20.0381
20.061
20.0527
20.3832
20.3943
18.2683
18.3119
18.2928
18.4544
18.4546
18.4529
17.4817
17.4869
17.4873
7.73492
7.73973
7.73529
6.73144
6.0413
10.5921
18.406
11.2947
11.3875
18.8222
18.9371
14.4485
19.3587
17.1794
17.3121
19.5185
20.1531
20.0778
19.9968
9.26968
9.29426
9.57411
9.5845
9.58184
19.4677
19.4431
19.4506
19.2955
19.3201
19.3157
19.4707
19.4934
8.56343
8.5604
8.55823
8.42239
8.41535
8.41505
8.22913
8.23533
18.8084
18.8103
18.995
18.9849
19.0905
19.083
19.0858
19.0128
19.0043
19.0033
19.0902
19.1011
17.6555
17.6438
6.8843
6.8588
7.56399
7.51776
7.52689
11.0697
11.0908
11.0819
10.9378
10.9019
10.9104
11.2858
11.2596
18.1788
18.2212
18.1385
18.1708
18.1582
12.2745
12.314
18.7265
18.7159
18.718
18.8252
18.8408
18.8348
18.6525
18.6435
18.7364
18.7554
17.2106
17.1862
17.1878
17.1878
17.1119
16.6126
16.5221
19.2507
19.261
19.3959
19.4138
19.4061
19.6374
19.6059
19.6904
19.6773
19.6803
19.5233
19.5108
19.6145
19.6194
21.4705
21.4687
21.4814
20.5206
20.5232
20.5223
20.898
20.8833
20.7711
20.7539
18.9037
18.9278
18.9218
10.074
17.7077
18.7487
18.6367
18.6782
18.6737
18.6606
18.3708
18.9055
18.8993
18.8751
6.48343
11.5861
11.1507
18.6631
18.6794
18.6679
18.5996
12.1368
12.2444
12.1506
13.0435
12.9963
12.7576
18.9049
15.1716
16.2481
19.4544
19.4556
19.4521
19.3592
18.3277
18.3776
18.3426
19.1927
19.1963
19.2564
19.7391
20.2246
20.6018
20.8826
20.8898
20.8843
20.9649
21.199
20.7248
20.7213
20.7209
20.4631
20.4586
20.4568
20.6627
20.6868
20.4926
20.4859
20.4847
20.7918
20.7949
20.8204
9.40051
10.1025
10.4968
10.4902
10.4998
10.348
9.96445
9.98037
9.97498
10.2448
10.2725
10.431
10.4417
10.4367
10.0175
10.0327
10.027
10.3997
10.396
17.1822
18.7627
18.6506
18.4135
18.3332
18.6809
18.6761
18.663
18.3727
18.6473
18.6497
18.634
19.1671
18.2885
19.0436
20.2196
19.6692
19.6517
19.1955
19.1882
19.1952
19.1778
8.33039
7.85453
7.88817
8.55397
8.59703
7.99611
8.04373
11.1856
11.182
11.1834
10.7689
11.3549
11.3427
11.4784
18.9053
18.6382
18.6781
18.6754
18.2082
18.3867
18.3608
18.3763
18.0197
18.3529
18.1368
18.138
18.1385
17.7418
17.7469
17.7448
17.6193
17.6545
17.5998
17.6009
17.5997
17.7608
17.7172
15.1442
7.75693
6.3876
7.54684
7.57993
7.55204
7.17284
8.96333
8.96548
8.93534
7.10833
7.14079
7.83895
7.85834
7.82065
9.10158
9.10201
9.06752
7.64606
7.58557
12.3788
15.1448
14.6815
14.7356
14.2248
14.2515
14.3006
17.9615
17.994
12.8083
12.7262
12.4219
12.3765
12.3843
19.0684
18.931
18.9401
18.9368
18.908
18.9374
16.6071
16.5166
19.3957
19.4137
19.406
19.359
19.3676
19.3643
17.9912
20.3936
20.3278
20.5323
20.5181
20.5256
19.7815
19.7896
19.7865
19.6155
19.6206
19.9914
20.0078
20.0006
19.8494
19.8664
20.3235
20.3164
20.5039
20.4949
20.5748
20.5766
20.5788
20.5249
20.5279
20.527
20.7256
20.7241
20.7262
21.5826
21.5919
21.432
21.4457
21.4427
21.0207
20.0115
8.7384
10.1454
9.85821
18.3434
18.3787
18.5108
18.6119
18.6138
18.611
18.5254
18.5289
18.5931
18.5947
18.6816
18.7028
18.6929
18.5814
18.5939
18.5883
18.5487
18.5605
18.6931
18.7158
18.5833
18.6058
18.5729
18.7783
19.9527
19.9264
19.9326
19.8033
19.3253
17.687
7.96229
7.9773
7.96874
7.57362
7.58148
7.60302
8.00048
6.93133
18.8424
19.1301
19.1637
19.1513
19.1348
19.1827
19.2516
18.847
18.8552
18.9304
18.9721
18.8552
18.8773
18.8675
19.0148
19.1873
18.887
19.0893
14.6899
14.7439
14.2292
14.256
14.305
17.3273
15.1547
6.08626
6.82568
17.5164
18.4065
18.2013
12.8096
12.7273
12.4182
12.3728
12.3805
11.5989
18.8318
18.8443
18.9374
19.1103
14.4409
19.3597
19.3838
20.3968
20.3315
17.9895
19.9428
19.9507
19.9475
19.5913
19.6821
19.6536
19.651
20.1492
20.6379
20.6245
20.7216
20.72
20.722
20.0901
18.8839
18.9265
18.9654
18.9883
18.9784
19.0061
19.0073
19.0166
19.0395
19.03
19.0693
19.1545
19.0949
18.9057
18.9219
18.5922
18.9573
19.2234
19.2046
18.6476
6.78002
7.53926
7.49261
7.50154
6.85864
6.83315
7.3859
7.37318
11.285
11.2275
10.1513
9.86679
19.3247
8.78206
18.8425
19.0146
19.1869
22.0243
22.0335
21.9276
21.9371
8.1492
8.14359
8.14189
18.9045
18.9
18.8999
18.8211
18.8239
18.8203
18.8971
18.8927
18.8925
16.9512
16.9251
16.9359
16.5927
16.6227
16.6267
17.503
17.507
17.5071
16.5148
16.5535
16.5582
17.3463
17.3702
17.3612
11.6528
11.6688
11.6599
11.9268
11.9571
11.9516
11.9725
11.9304
11.9414
11.6598
11.6778
11.6686
19.7766
19.7794
19.7822
19.9806
19.9614
19.9697
19.5642
19.5425
19.5481
20.4452
20.4442
20.4458
21.1494
21.1582
21.1687
21.2012
21.2121
21.2174
21.0629
21.0692
21.0733
21.2526
21.2575
21.2636
18.9345
18.9343
18.9255
19.0658
19.0355
19.0199
19.2669
19.1929
19.2021
19.1419
19.1195
19.1059
19.1425
19.1624
19.1452
19.2813
19.3081
19.2955
19.5883
19.6105
19.6019
19.7471
19.7643
19.7576
19.9543
19.9651
19.9605
20.0548
20.0629
20.0597
20.2105
20.2167
20.2141
20.3071
20.3126
20.3103
20.4636
20.4684
20.4663
20.561
20.5654
20.5635
20.7137
20.7168
20.7157
20.7893
20.7913
20.7912
20.8687
20.8691
20.8706
20.8589
20.8582
20.858
10.5645
10.5129
10.5528
10.5544
10.5652
10.5598
10.6243
10.6356
10.6302
10.6517
10.6628
10.6577
10.7238
10.7341
10.7292
10.7729
10.7835
10.7786
10.8711
10.8805
10.8767
10.9158
10.9232
10.9203
18.6783
18.2363
18.165
17.3154
17.7525
18.7194
18.6755
18.6811
18.504
18.4543
18.6845
18.6441
19.135
19.1249
19.1282
19.3646
19.3787
19.3727
19.2736
19.2676
19.2787
19.5937
19.6005
19.5981
19.3123
19.3187
19.3162
19.3623
19.3679
19.3656
19.7636
19.7683
19.7666
19.4043
19.4092
19.4082
19.4422
19.4464
19.4449
19.9533
19.957
19.9553
19.4872
19.4913
19.4896
19.5397
19.5434
19.5414
20.1973
20.198
20.1972
19.6724
19.6751
19.6732
19.767
19.7691
19.7674
20.3629
20.3604
20.3605
19.9215
19.9213
19.92
19.9902
19.9882
19.987
20.2928
20.2876
20.2858
20.0387
20.0347
20.0337
20.009
20.004
20.0021
20.2477
19.9539
19.9485
19.9468
19.8744
19.9161
19.8831
9.2394
8.69472
9.00746
9.01458
9.02152
9.87796
9.89649
9.88934
9.37412
9.39769
9.38906
9.52778
9.54839
9.54013
10.1365
10.1507
10.1445
9.79995
9.81745
9.80796
9.96889
9.98448
9.97464
10.4757
10.4892
10.4823
10.2838
10.2962
10.2877
10.4766
10.4885
10.481
10.8427
10.8505
10.8463
10.7819
10.7887
10.7836
10.9173
10.9203
10.9167
18.8524
18.8647
18.8513
18.3731
18.5691
18.3862
18.9233
18.9249
18.9202
18.4769
18.4756
19.2761
19.2764
19.2729
18.7974
18.8009
18.7949
18.9475
18.9495
18.9444
19.4159
19.4128
19.4096
19.121
19.121
19.1163
19.171
19.17
19.166
19.2734
19.271
19.2676
19.1488
19.1468
19.1427
19.0845
19.0832
19.079
18.948
18.9339
18.9389
18.8985
18.8981
18.8945
18.7344
18.7355
18.7329
7.88434
7.93285
7.85431
7.77147
7.82324
8.17202
8.19277
8.16079
8.83132
8.85131
8.83103
8.84481
8.8558
8.83157
9.13222
9.13929
9.11853
9.47319
9.48429
9.46951
9.51726
9.52067
9.50398
9.76692
9.77017
9.7554
10.179
10.1848
10.1746
10.2958
10.2959
10.2851
10.631
10.6298
10.6211
11.0169
11.0129
11.008
11.1904
11.1777
11.1713
11.3745
11.3808
11.3558
11.4774
11.4673
11.0986
11.1661
11.5102
11.4817
18.5542
18.5653
18.4033
18.6225
18.8814
18.8964
18.883
18.931
18.9318
18.926
18.9401
18.9415
18.9366
18.9171
18.9164
18.9122
18.9913
18.9905
18.986
18.9758
18.9743
18.97
18.5846
18.5864
18.5844
18.8601
18.859
18.856
18.7382
18.7382
18.7364
17.7296
17.7342
17.7334
18.3947
18.3971
18.3977
18.0835
18.0869
18.0891
15.6541
17.298
17.3033
17.3051
16.6337
16.664
16.6536
9.65865
15.0351
15.0271
15.0461
14.192
14.1482
14.1855
9.9596
9.96587
9.93762
12.9998
12.9973
12.9866
12.6761
12.6686
12.6546
10.4259
10.4201
10.3966
12.2473
12.2352
12.2189
12.0232
12.0091
11.9931
10.6146
10.6055
10.5881
11.8483
11.8333
11.8186
11.913
11.8976
11.8845
11.3171
11.305
11.2945
12.2908
12.2734
12.2652
12.5545
12.5333
12.528
12.0399
12.0252
12.0182
12.1737
12.1614
12.1474
12.2456
12.2265
12.2199
13.1953
19.2137
19.1432
19.1403
19.138
19.2557
19.253
19.0784
19.0759
19.0753
19.2826
19.2806
19.2778
19.2722
19.2706
19.2677
18.7745
18.7754
18.7802
19.1974
19.199
19.2019
19.1229
19.1241
19.1265
18.0793
18.0815
18.0848
18.8648
18.8643
18.8633
18.6252
18.6239
18.6213
16.9141
16.9106
16.9059
18.0397
18.0359
18.0328
17.6253
17.6191
17.6161
15.5044
15.4929
15.4863
16.897
16.8853
16.8828
16.5198
16.5063
16.5038
14.6238
14.604
14.5981
16.1344
16.1193
16.1168
16.0353
16.0181
16.0166
14.7851
14.76
14.7597
16.1406
16.1213
16.1222
16.1365
16.1531
16.1295
15.0588
15.0426
15.0548
15.1542
15.4155
15.418
19.4514
19.4487
19.3903
19.4029
19.3796
19.3855
19.3786
19.3415
19.3404
19.3399
19.3496
19.3484
19.3473
19
18.9948
18.9954
19.273
19.2707
19.2706
19.2085
19.2053
19.2054
18.5602
18.5544
18.5542
19.1056
19.1014
19.1015
19.0462
19.0414
19.0415
18.2813
18.2708
18.2711
19.0315
19.0251
19.0266
19.0455
19.0411
19.0437
18.3385
18.3329
18.335
18.5532
18.5487
18.5493
18.5516
18.5494
18.5507
19.0851
19.9305
19.8123
19.8104
19.8126
20.0163
20.0167
19.9537
19.9532
19.9569
20.1524
20.1546
20.1583
20.1969
20.2201
20.2123
20.1123
20.1223
20.1151
20.1448
20.1468
20.1733
20.6193
20.5485
20.5445
20.5432
20.4797
20.4752
20.4735
20.5181
20.5136
20.5118
20.5706
20.5693
20.4939
20.4959
20.4925
20.4496
20.4766
20.5508
20.5203
20.7642
9.89955
9.63547
9.70399
9.90262
9.93281
9.88472
9.88038
9.89135
10.0666
10.0643
10.2238
10.2386
10.2326
10.0708
10.0874
10.0811
10.2083
10.2233
10.2173
17.9881
18.0367
17.2395
16.9906
18.2456
18.1739
17.32
17.7577
18.4861
18.4564
18.4428
18.5815
18.5224
18.4
18.3347
18.7284
18.6843
18.6901
18.514
18.4641
18.691
18.6504
18.688
18.7005
18.6872
18.8022
18.806
18.8059
18.653
18.6512
18.6518
19.3239
19.3147
19.3157
19.2001
19.25
19.2121
19.32
19.3074
19.4604
7.18061
8.46517
8.47544
8.47781
8.32272
8.25796
8.31065
8.30403
8.36019
11.2704
11.257
10.8774
11.6242
18.8527
18.7163
18.7634
18.5304
18.405
18.7601
18.7208
18.7442
18.8078
18.7691
18.6092
18.5841
18.6
18.9726
18.0814
18.0859
18.084
18.0256
18.0298
18.0279
17.9553
17.9586
17.9567
17.084
17.0222
17.3124
17.248
17.2918
16.9529
16.9853
16.5098
16.441
16.1721
7.67473
8.73012
6.83608
7.33759
6.63221
7.54315
7.55381
8.64195
8.7115
8.6434
8.27255
8.16872
8.79817
8.80555
8.76627
9.34914
9.34966
9.31481
8.6345
8.64541
8.60477
17.8117
17.893
17.8911
17.7912
17.8733
17.8713
16.9489
16.9228
16.9336
16.5901
16.6201
16.6241
16.5124
16.5511
16.5559
17.0638
17.0963
17.0842
18.4669
18.4745
18.4701
18.6272
18.6372
18.6335
18.5226
18.5051
18.5094
18.7244
18.7452
18.736
18.541
18.5232
18.5277
14.1725
14.1243
14.1323
14.0837
14.1108
14.1067
14.1542
14.1785
14.1745
12.1762
12.1938
12.1871
13.8043
13.8047
13.8019
19.2408
19.2529
19.2484
19.2513
19.2592
19.2554
19.4851
19.494
19.4899
19.4469
19.4549
19.4511
19.6163
19.6242
19.621
19.5406
19.5247
19.5282
19.5039
19.4888
19.4921
21.4244
21.4221
21.4281
21.5038
21.5139
21.5214
21.6806
21.6792
21.6917
21.6539
21.6628
21.67
21.8119
21.8094
21.8198
21.4611
21.4638
21.4735
20.4664
20.4669
20.4669
20.4477
20.4469
20.4484
20.6556
20.6555
20.7319
20.6036
20.5808
20.5871
20.8654
20.8634
20.8638
9.84012
9.8538
9.97377
9.98322
17.1624
17.2245
17.1992
18.2624
18.3043
18.2857
17.9908
18.0208
18.0093
17.9923
18.023
18.0116
18.558
18.5574
18.5563
18.4449
18.4454
18.4435
19.7513
19.7536
19.7531
17.7511
17.7827
17.7804
17.7792
17.809
17.8065
18.0818
18.0574
18.0665
7.88354
7.87927
7.88246
10.7866
10.8617
10.8807
10.8737
10.8706
10.89
10.8833
19.0482
19.0471
19.0447
17.8118
17.893
17.8911
17.7907
17.8729
17.8708
7.85433
7.85767
7.86393
7.93018
7.93653
7.95563
7.79241
7.79631
7.81816
18.6271
18.6371
18.6334
18.5225
18.5049
18.5092
18.5409
18.5231
18.5275
14.1679
14.1198
14.1277
14.0799
14.107
14.1029
14.8303
14.8169
14.8141
14.149
14.1733
14.1693
14.8867
14.8745
14.8718
12.1726
12.1903
12.1837
13.8006
13.8011
13.7983
19.4852
19.4942
19.4901
19.4464
19.4543
19.4506
19.6163
19.6242
19.6211
19.5407
19.5247
19.5282
19.6245
19.6428
19.6349
19.5034
19.4882
19.4915
21.419
21.4166
21.4226
21.4963
21.5063
21.5138
21.6494
21.6582
21.6654
20.3507
20.344
20.3511
21.453
21.4556
21.4652
20.6526
20.6523
20.6396
20.6318
18.7899
18.7956
18.7953
18.8441
18.8676
18.856
18.867
18.8835
18.8758
19.1389
19.1594
19.1512
19.1538
19.1713
19.164
19.0979
19.1171
19.1094
10.7883
10.8641
10.8832
10.8762
10.8745
10.8939
10.8872
7.83352
7.8369
7.84295
7.90873
7.91475
7.93354
7.83932
7.84105
7.84184
7.76666
7.77029
7.79179
19.2851
19.2022
19.2143
19.1419
19.095
19.0863
18.7813
18.7799
18.7711
18.5592
18.5091
18.5063
18.9354
18.9035
18.8889
18.5962
18.5215
18.5341
19.1558
19.0728
19.0853
19.008
18.9592
18.9514
19.1084
19.125
19.1046
19.1109
19.1015
19.0833
18.7219
18.7146
18.6975
19.1403
19.0663
19.0758
19.0208
18.9981
18.985
18.7098
18.7104
18.6917
19.0014
19.018
18.9981
18.9955
18.9865
18.9685
19.5271
19.5512
19.5418
19.3397
19.3672
19.3554
19.0009
19.0274
19.0159
19.0271
19.0477
19.0308
19.1802
19.2077
19.1951
19.0601
19.0865
19.0756
19.4349
19.4586
19.4493
19.2452
19.2725
19.2608
19.9199
19.9318
19.9268
19.7948
19.8106
19.8043
19.496
19.518
19.5094
19.4367
19.4529
19.4462
19.6555
19.6723
19.6656
19.8264
19.8379
19.8329
19.4771
19.4923
19.486
19.703
19.7184
19.7122
20.1835
20.1904
20.1876
20.0859
20.0938
20.0906
19.8598
19.8699
19.8656
19.6862
19.6956
19.6921
19.9575
19.9653
19.9622
20.0819
20.0884
20.0859
19.7087
19.7176
19.7144
19.9874
19.9951
19.9921
20.4366
20.4415
20.4394
20.3405
20.346
20.3437
20.1108
20.117
20.1146
19.8902
19.8951
19.8933
20.2045
20.2095
20.2075
20.3254
20.3295
20.3278
19.9124
19.9169
19.915
20.2327
20.2374
20.2356
20.6888
20.692
20.691
20.5944
20.5986
20.5969
20.3543
20.3583
20.3566
20.096
20.1005
20.0987
20.4491
20.4529
20.4513
20.5735
20.5761
20.5753
20.1254
20.1297
20.1279
20.4786
20.4823
20.4808
20.8555
20.8563
20.8577
20.8128
20.8141
20.8145
20.6006
20.6029
20.6022
20.3501
20.351
20.3502
20.679
20.6803
20.6803
20.7441
20.7444
20.7455
20.3766
20.3773
20.3766
20.6983
20.6992
20.6994
20.8305
20.8517
20.8353
20.8673
20.8662
20.8658
20.7521
20.7522
20.7534
20.5157
20.5135
20.5141
20.7426
20.7424
20.7428
20.7061
20.7035
20.7016
20.5282
20.5256
20.5261
20.7449
20.7441
20.7438
10.6101
10.6213
10.6159
10.5868
10.5979
10.5923
10.4623
10.4731
10.4683
10.2006
10.2161
10.21
10.5014
10.5127
10.5072
10.5644
10.5762
10.5709
10.2414
10.2566
10.2507
10.5286
10.5399
10.5345
10.7107
10.7221
10.7172
10.6747
10.6863
10.6813
10.5877
10.5995
10.5944
10.4771
10.4906
10.4842
10.6268
10.639
10.6338
10.7048
10.7163
10.7111
10.5195
10.5324
10.5263
10.6505
10.6624
10.6572
10.8493
10.8596
10.8547
10.7989
10.8094
10.8046
10.7302
10.7412
10.736
10.7745
10.7836
10.7791
10.7944
10.8045
10.7997
10.8961
10.9055
10.9012
10.8185
10.8266
10.8223
10.8234
10.8331
10.8284
10.9252
10.9326
10.9296
10.9891
10.9954
10.9903
10.9216
10.9301
10.926
10.9787
10.9858
10.9819
10.9949
10.9959
10.9957
11.0002
11.0063
11.0032
19.3988
19.4125
19.4065
19.3324
19.3377
19.3353
19.2835
19.2655
19.2796
19.1046
19.0975
19.2597
19.2656
19.2819
19.2699
19.2803
19.2089
19.2015
19.6105
19.6187
19.6158
19.4103
19.4152
19.414
19.3573
19.363
19.3613
19.0203
19.2392
19.2291
19.2412
19.3384
19.3367
19.3368
18.9083
19.319
19.3241
19.3224
19.2887
19.2918
19.2902
19.7895
19.7932
19.7915
19.4727
19.4767
19.4748
19.4426
19.4473
19.4454
19.103
19.0949
19.29
19.2952
19.2939
19.3166
19.3199
19.3185
18.9976
18.9875
19.3307
19.3337
19.3319
19.3077
19.311
19.3096
19.9805
19.9842
19.9826
19.6415
19.6443
19.6425
19.5619
19.5657
19.564
18.998
18.9615
18.9878
19.3337
19.3369
19.3349
19.372
19.3747
19.3726
18.9453
18.9055
18.9366
19.46
19.462
19.4599
19.3878
19.3907
19.3887
20.2227
20.2232
20.2224
19.895
19.8955
19.8943
19.7997
19.8016
19.8
19.4916
19.4938
19.4918
19.1092
19.112
19.1082
19.5873
19.5889
19.587
19.7237
19.7238
19.7223
19.1572
19.16
19.1565
19.6238
19.6253
19.6235
20.3703
20.3671
20.3672
20.0301
20.0265
20.0255
20.0027
20.0001
19.9988
19.751
19.7506
19.7491
19.428
19.4279
19.4249
19.8241
19.8221
19.8206
19.8717
19.8681
19.8668
19.4539
19.4534
19.4504
19.8388
19.8363
19.8347
20.2993
20.2928
20.2912
19.9488
19.9431
19.9408
20.0046
19.9995
19.9976
19.8741
19.8701
19.8687
19.5419
19.5385
19.5356
19.8465
19.8419
19.8398
19.7725
19.7673
19.7644
19.5378
19.5342
19.5312
19.8407
19.8359
19.8337
20.4401
19.8899
19.9205
19.9173
19.9163
19.7705
19.765
19.7627
19.411
19.4067
19.4033
19.6989
19.6945
19.6917
19.4876
19.5195
19.3919
19.3874
19.3844
19.6875
19.6819
19.6819
9.50807
9.33374
9.35425
9.34523
9.20089
9.14599
9.19189
8.80267
8.80215
8.80393
8.82662
8.8071
8.98608
9.00843
8.99891
9.27712
9.29777
9.28802
8.90133
8.92267
8.90392
9.07123
9.09373
9.08418
9.91852
9.93572
9.92905
9.75063
9.76619
9.75683
9.60681
9.62317
9.61455
9.34562
9.36523
9.35523
9.44078
9.45531
9.4408
9.51705
9.53378
9.52308
9.74187
9.75653
9.74554
9.51529
9.5289
9.5149
9.57665
9.59246
9.58176
10.1912
10.2062
10.2004
10.2199
10.2333
10.2242
10.0382
10.0522
10.0424
9.80586
9.81994
9.80916
10.0572
10.0654
10.0548
9.99007
10.003
9.99285
10.2743
10.2852
10.2763
10.1576
10.1646
10.1547
10.0673
10.0798
10.0699
10.5353
10.5477
10.5413
10.7308
10.739
10.7334
10.5543
10.5653
10.5584
10.3583
10.3686
10.3604
10.8094
10.8085
10.8038
10.5799
10.5893
10.5826
10.8615
10.8671
10.8619
10.8939
10.8925
10.8887
10.6559
10.6643
10.658
11.0587
11.0572
11.0497
10.9008
10.908
10.904
10.9819
10.9822
10.9779
11.0006
11.0641
10.9285
10.9327
10.9279
11.083
11.0867
11.0811
11.2919
11.2886
11.376
11.3476
11.1767
11.1726
11.1664
18.9698
18.9725
18.9677
18.7323
18.7363
18.7303
18.5379
18.5716
18.5475
17.9165
18.3065
18.3142
18.6126
18.6172
18.6121
18.4331
18.4311
19.3057
19.3055
19.302
19.0935
19.0937
19.089
18.9923
18.9937
18.9888
18.714
18.718
18.7112
18.6856
18.6882
18.6825
18.8382
18.8407
18.8348
18.7576
18.7617
18.7562
18.9964
18.9973
18.9922
18.8879
18.8901
18.8845
19.4079
19.4047
19.4014
19.1619
19.1599
19.1559
19.1718
19.1705
19.1664
19.0268
19.0275
19.0225
18.9627
18.9632
18.958
19.0813
19.0807
19.0763
19.0795
19.0779
19.0737
18.9784
18.9786
18.9734
19.0864
19.0855
19.0811
19.2387
19.2351
19.2316
18.9398
18.9392
18.9356
19.047
19.0454
19.0413
19.0635
19.0618
19.0574
18.9398
18.9391
18.9351
18.9991
18.9978
18.9937
18.8452
18.8451
18.8414
18.9115
18.9107
18.9068
18.9641
18.963
18.959
18.9229
18.9122
18.3703
18.4276
18.3875
18.6636
18.6656
18.6626
18.7902
18.7904
18.7868
18.5975
18.6
18.5975
18.6113
18.6131
18.6102
18.2633
18.2646
18.2617
18.5225
18.5253
18.5228
18.5322
18.5342
18.5314
8.05333
8.07087
8.06176
8.75547
8.76617
8.74062
8.31939
8.3374
8.30597
7.96057
7.98161
7.94447
9.86767
9.86296
9.83688
8.47656
8.49085
8.45701
9.02293
9.03018
9.00482
9.92244
9.91766
9.89289
8.62756
8.63984
8.6082
8.96434
8.98206
8.96299
9.47123
9.47745
9.46075
9.23222
9.23924
9.21992
9.1196
9.12575
9.10194
10.2197
10.2154
10.1969
9.37803
9.38213
9.36207
9.68493
9.68813
9.67119
10.2741
10.2695
10.2517
9.44945
9.45323
9.43395
9.58583
9.59742
9.58336
10.1864
10.1881
10.1762
9.89875
9.90193
9.88791
9.77133
9.77391
9.75771
10.857
10.8496
10.8368
10.0401
10.0412
10.0268
10.4738
10.472
10.4604
10.9826
10.974
10.9623
10.148
10.1485
10.1346
10.3037
10.3082
10.2986
11.0747
11.0666
11.061
10.7675
10.7647
10.7569
11.7325
11.726
11.7106
10.6186
10.616
10.6059
10.9697
10.9648
10.9569
11.8498
11.8329
11.8263
11.4256
11.4173
11.4103
11.1152
11.1086
11.102
11.283
11.1137
11.1112
11.1063
11.5539
11.5121
11.589
11.5717
11.5621
11.7982
11.7793
12.3622
11.8613
11.8506
18.9477
18.9481
18.9424
18.9859
18.9856
18.9808
18.9597
18.9603
18.9555
18.8972
18.9009
18.9854
18.9967
18.9459
18.9466
18.9427
19.0879
19.0736
18.9928
18.9921
18.9873
18.9695
18.9691
18.9652
18.8895
18.8888
18.8848
18.8973
18.8964
18.8934
18.9583
18.9571
18.9528
18.9992
18.9984
18.9937
19.1075
19.1046
19.1018
18.9896
18.9884
18.9839
18.9255
18.9243
18.9215
19.111
19.1085
19.1057
18.9791
18.9779
18.9738
18.5088
18.5116
18.5095
18.4832
18.4852
18.4852
18.6823
18.6828
18.6813
18.8941
18.893
18.8904
19.0116
19.0092
19.0081
18.7835
18.7833
18.7816
18.552
18.5536
18.5538
18.9798
18.9776
18.9771
18.7308
18.7311
18.7297
17.5649
17.5681
17.5674
17.4962
17.5007
17.5032
17.9584
17.9622
17.9649
18.4728
18.4748
18.4755
18.6511
18.6519
18.6568
18.1944
18.1974
18.2
17.6687
17.6734
17.6766
18.576
18.5774
18.5831
18.0798
18.0831
18.0863
14.9412
15.4782
15.4835
15.4948
16.3134
16.3391
16.3343
17.502
17.5071
17.5106
17.843
17.8461
17.8516
16.9426
16.9485
16.9536
15.953
15.9595
15.964
17.6912
17.6938
17.6988
16.681
16.6885
16.6942
10.0339
13.1696
13.1699
13.1619
13.8067
13.7468
13.7994
15.6218
15.6259
15.6294
16.5316
16.5289
16.5254
14.8727
14.8771
14.8758
14.0339
14.0354
14.0289
16.3308
16.327
16.3224
14.5782
14.5835
14.5821
10.0383
10.0408
10.0117
12.3705
12.3605
12.3453
12.6089
12.6007
12.587
13.8753
13.8746
13.8666
15.0574
15.0484
15.0406
13.4811
13.4746
13.4628
13.0281
13.0189
13.0054
14.8908
14.8811
14.8733
13.3609
13.3531
13.3408
10.4728
10.4661
10.4441
11.8966
11.8816
11.8666
12.0129
12.0006
11.9854
12.9214
12.9117
12.8981
14.0921
14.0765
14.0689
12.6589
12.6469
12.6335
12.4707
12.4544
12.4415
14.0446
14.029
14.022
12.5909
12.5776
12.5643
10.699
10.6906
10.6736
12.2184
12.1998
12.1907
11.9978
11.9795
11.9674
12.468
12.4505
12.4379
14.085
14.065
14.0614
12.5377
12.5185
12.5077
12.8475
12.8262
12.8197
14.1524
14.1302
14.1282
12.6178
12.598
12.5887
12.8474
12.8604
12.8269
11.4766
11.4653
11.4551
12.7202
12.6952
12.6899
14.1751
14.2768
12.9576
12.9351
12.9298
13.2273
13.208
13.2037
13.5162
13.4935
14.5995
14.5958
13.3647
13.3384
13.3308
19.1441
19.141
19.1383
19.2709
19.269
19.2663
19.2457
19.2633
19.2487
19.2124
19.2674
19.2732
19.3198
19.319
19.3162
19.2998
19.2989
19.0533
19.0513
19.0516
19.2192
19.2206
19.2233
19.2658
19.2643
19.2622
19.4219
19.4216
19.4179
19.3353
19.3344
19.3316
19.333
19.3322
19.3288
19.432
19.4315
19.4278
19.3002
19.2999
19.302
19.3369
19.3363
19.333
18.7086
18.7101
18.7152
18.9398
18.9395
18.9393
19.0836
19.0844
19.0863
19.2911
19.2918
19.294
19.3088
19.3088
19.3082
19.2314
19.2318
19.232
19.0478
19.047
19.0453
19.2699
19.2696
19.2692
19.1921
19.1923
19.1919
17.9534
17.9553
17.9578
18.1794
18.1765
18.1734
18.5181
18.5165
18.5138
18.9765
18.9757
18.9735
18.895
18.8897
18.8898
18.7439
18.7425
18.74
18.3341
18.3307
18.3284
18.8225
18.8166
18.8168
18.6446
18.6429
18.6404
16.7404
16.7368
16.7315
17.0406
17.0303
17.0274
17.4756
17.4687
17.4657
18.2123
18.2081
18.2059
18.3068
18.2998
18.2994
17.8479
17.8406
17.8387
17.3493
17.3383
17.3365
18.2358
18.2287
18.2282
17.7183
17.7099
17.7081
15.3775
15.367
15.3603
16.1893
16.1743
16.1715
16.4212
16.4072
16.4042
17.2359
17.2243
17.2225
17.8508
17.8414
17.8406
16.9407
16.9277
16.9254
16.7079
16.6925
16.691
17.8436
17.8324
17.8321
16.8709
16.8571
16.8549
14.6487
14.6318
14.6268
16.1136
16.0965
16.0977
16.0953
16.0762
16.0762
17.8502
17.8407
17.8403
16.6898
16.6732
16.6722
16.6702
16.6518
16.6527
17.8784
17.8701
17.871
16.729
16.7159
16.7169
16.6938
16.6756
16.6769
16.0525
14.8355
14.8153
14.8145
16.2239
16.202
16.7806
16.766
16.7641
16.7979
16.7908
17.6098
16.7953
16.8183
19.3074
19.3061
19.3058
19.2863
19.284
19.2835
19.3388
19.3373
19.3363
19.4534
19.4505
19.542
19.5428
19.4385
19.4367
19.4355
19.5235
19.5371
19.4109
19.4086
19.4085
19.4325
19.4314
19.4305
18.9413
18.9358
18.9362
19.1215
19.118
19.1181
19.1909
19.1875
19.1878
19.4065
19.4037
19.4039
19.6463
19.6432
19.6448
19.3751
19.3715
19.3721
19.3318
19.327
19.3278
19.6615
19.6583
19.6599
19.3672
19.3634
19.3641
18.51
18.5039
18.5036
19.0079
19.0015
19.0024
19.0365
19.0311
19.0312
19.328
19.3228
19.3236
19.7424
19.7404
19.7433
19.3081
19.3024
19.3034
19.3411
19.3361
19.3382
19.7739
19.7728
19.7761
19.3214
19.3154
19.3166
19.1094
19.1364
19.1226
18.2984
18.287
18.2881
19.0918
19.0886
19.0916
19.8812
19.9201
19.3792
19.3747
19.3774
19.4233
19.4234
19.4267
19.5397
19.5495
19.972
20.0013
19.4806
19.4815
19.4837
19.8328
19.8304
19.8328
20.1224
20.1239
20.1273
20.0421
20.0444
20.0461
20.1127
20.1406
20.1383
20.2391
20.2416
20.2451
20.1592
20.1599
20.3399
19.9892
19.9898
19.9936
20.2496
20.2582
20.27
20.2736
20.277
20.341
20.3489
20.7605
20.3554
20.3775
21.0177
21.4326
21.4464
21.4434
21.5817
21.591
20.2735
20.2694
20.2681
9.57954
9.58969
9.58707
9.27922
9.3031
18.5129
18.3478
18.3834
18.5866
18.6083
18.5737
18.7777
18.6127
18.6146
18.6118
18.5302
18.5337
18.5964
18.5978
18.5822
18.5946
18.5891
18.5513
18.5627
18.6924
18.7148
19.8004
19.9536
19.9273
19.9334
17.6808
19.2966
19.3212
19.3169
19.4697
19.4925
17.6506
17.639
7.62608
7.954
7.9686
7.95995
8.07912
8.07191
8.07015
7.57151
7.57939
7.7339
7.73809
8.57048
8.56753
8.56555
8.42829
8.42139
8.42128
8.25005
8.25694
8.05867
8.06212
19.2518
19.13
19.1635
19.1512
19.1338
19.1817
18.8875
19.0896
19.0903
19.0828
19.0856
19.0128
19.0043
19.0033
18.9943
18.9841
19.0888
19.0996
18.8551
18.8773
18.8675
18.8462
18.8544
18.9306
18.9724
16.4928
17.0083
6.59907
10.4802
17.8951
17.8342
13.8181
19.313
19.3323
16.8088
19.6435
20.0386
21.9325
21.9258
21.9284
21.8193
21.8164
22.0514
21.8417
21.8335
21.8364
9.54189
9.55587
9.54541
9.23037
9.24838
9.41456
9.4308
9.42615
9.41709
9.43274
9.42909
9.46447
9.46298
9.46454
9.33433
9.3342
9.33534
19.4908
19.4669
19.474
19.3174
19.3413
19.337
19.223
19.1993
19.5135
19.4838
19.495
19.3583
19.3747
19.3755
19.1496
19.1439
19.1474
8.33684
8.32772
8.32594
8.23347
8.24605
8.23904
8.26961
8.28064
8.27241
8.15759
8.1521
8.14773
7.87537
7.87694
7.86515
7.81808
7.81779
8.26746
8.27456
8.26812
18.8118
18.8327
18.8267
18.8055
18.8257
18.8199
18.83
18.8329
18.8291
18.8845
18.8786
18.9084
18.9034
18.9032
18.7951
18.8101
18.8141
18.8327
18.8272
19.0963
19.0952
19.0929
19.108
19.1111
19.1238
19.1224
19.1206
19.0854
19.0969
19.075
19.1065
19.0086
19.0027
19.0002
18.9903
18.9873
19.1045
19.0993
19.1
19.0918
19.0843
19.0871
19.013
19.0048
19.0036
19.0101
19.0049
19.0045
19.0915
19.093
19.0933
19.0881
19.0893
16.3643
16.3632
17.0677
17.0368
17.0494
16.7286
16.7482
16.7538
16.8726
16.9044
16.0966
16.1103
16.1205
7.22459
7.21346
7.22404
6.89917
6.86367
6.8569
7.81197
7.72251
7.78219
6.50953
6.52722
6.48223
6.28631
6.32059
10.7881
10.8007
10.8025
10.9577
10.9217
10.9297
11.1308
11.1269
10.8578
10.8007
10.8201
10.9243
10.9398
10.9388
17.9503
17.9776
17.9672
17.6357
17.6304
17.6283
17.6397
17.6392
17.9291
17.9544
17.948
18.1752
18.2062
18.1939
11.7214
11.7414
11.7465
11.4551
11.4631
11.4644
18.7242
18.745
18.7358
18.7368
18.7259
18.7282
18.8333
18.8491
18.8431
18.7405
18.7601
18.7513
18.7452
18.7385
18.7375
18.7459
18.7715
18.7585
15.4907
15.4548
15.4749
16.1399
16.0907
16.5596
16.5186
16.5253
15.9248
15.8483
15.8761
16.5925
16.5541
16.5713
19.3725
19.3842
19.3789
19.3079
19.2973
19.298
19.3958
19.4138
19.4045
19.1998
19.1864
19.1608
19.1731
19.3258
19.3334
19.3305
18.9483
18.9308
18.9477
19.656
19.6739
19.6663
19.6528
19.6406
19.6433
19.7468
19.7543
19.7515
19.6247
19.613
19.6153
19.5141
19.5357
21.0457
21.0336
21.0502
21.4261
21.4116
21.7196
21.7284
21.737
21.6042
21.6054
21.6114
21.659
21.6613
21.6678
20.846
20.8215
20.8381
20.9805
20.9693
20.9812
20.3197
20.312
20.3157
20.3209
20.3117
20.3168
20.3942
20.3946
20.3956
20.3964
20.3846
20.5683
20.5717
20.5708
20.6357
20.634
20.6412
19.2921
19.3647
19.5192
19.4795
19.5514
19.706
19.0845
19.1088
19.1027
18.9117
18.9055
18.8745
19.0988
19.0923
19.0614
10.1666
17.3652
18.3218
18.2081
18.5131
17.5947
18.4426
18.643
18.6133
18.6147
18.4704
18.5628
18.4923
18.5138
18.4867
17.9647
18.6903
18.8761
18.6848
18.653
18.1707
18.5513
18.5872
18.7246
18.754
18.7351
18.8472
18.2941
18.4958
6.53905
11.5338
11.5202
10.992
11.1269
11.7418
12.5959
12.0604
18.6441
18.6508
18.7602
18.7428
18.5923
18.6099
18.444
18.693
18.3921
12.2178
12.1941
12.1839
12.49
12.4414
12.3113
12.3236
12.2903
12.6549
12.7582
12.6666
12.6733
12.7721
12.7989
12.8085
12.7866
12.9419
12.9423
13.1611
13.1459
12.9222
12.8984
18.9753
15.0641
15.0785
15.2446
15.1401
16.0651
17.059
16.8259
19.4566
19.4567
19.4009
19.406
19.4248
19.423
19.4068
19.4426
19.463
18.3978
18.3922
18.3926
18.603
18.603
18.5605
18.5868
18.5712
18.9673
19.0086
18.9821
19.0903
19.1495
19.0059
19.0276
19.0173
19.049
19.0791
19.2357
19.2636
19.0624
19.069
19.6862
20.1341
20.1607
20.4536
20.2359
20.3708
20.4937
20.7327
20.8397
20.8605
20.8875
20.885
20.9117
20.9206
21.201
20.9252
20.9324
20.9618
21.3383
20.7025
20.6987
20.6976
20.6974
20.704
20.6962
20.6892
20.6842
20.6828
20.4919
20.4868
20.4855
20.5096
20.5048
20.5045
20.5314
20.5266
20.5248
20.7464
20.74
20.7007
20.705
20.7002
20.6758
20.7011
20.68
21.0163
21.0451
20.781
20.4307
20.4615
20.4359
20.5172
20.521
20.5145
20.5335
20.5253
20.7785
20.7309
20.7253
20.7348
20.7391
21.1206
20.8085
9.82404
9.3282
10.1947
10.6549
10.6479
10.4449
10.4745
10.5359
10.5597
10.4131
10.3993
10.4174
10.5464
9.75203
10.0822
10.0127
9.99924
9.94753
9.98908
10.1342
10.1287
10.1399
10.0377
10.0757
10.2617
10.1439
10.1791
10.0928
10.1133
10.3131
10.3255
10.3203
10.4424
10.4351
10.4459
10.2862
10.2995
10.2947
10.0386
10.0545
10.0483
10.1457
10.1597
10.1542
10.1704
10.1846
10.1792
10.3497
10.3828
10.2297
10.2239
10.2351
10.3147
10.2629
10.3037
18.1421
17.5571
18.3345
18.2204
18.5188
17.6063
18.4502
18.4834
18.5622
18.4898
18.1308
18.1527
18.4372
18.3786
18.3359
17.982
17.8072
18.0557
18.6471
18.6174
18.6188
18.4729
18.5629
18.4934
18.5169
18.4892
17.9742
18.6968
18.8773
18.6869
18.6552
18.1755
18.5524
18.5874
18.6929
18.701
18.6862
18.5569
18.5491
18.5411
18.6514
18.6469
18.6452
18.7873
18.8083
18.2535
18.5792
18.5964
18.5643
18.55
18.6153
18.6915
18.6886
20.0733
19.5677
19.5585
19.5233
19.5779
19.5651
19.2431
19.2314
19.2366
19.2945
19.2723
19.107
19.1401
19.6138
19.8683
19.52
19.1025
19.1002
19.1393
19.6277
8.3739
7.75765
8.08793
7.64763
7.74747
8.42628
8.48007
8.58553
8.31346
8.34975
8.11384
8.13131
8.12682
8.0565
8.10173
8.32913
8.3261
8.24031
7.77103
8.22578
11.2176
11.2193
10.8693
10.9232
11.1741
11.1478
11.3527
11.3163
11.939
10.9475
11.3819
10.8075
12.0491
18.723
19.1318
18.8921
18.6948
18.7556
18.7123
18.4105
18.4524
18.7292
18.7056
18.6091
18.0047
17.928
18.1834
18.4778
18.1805
18.2165
18.2675
18.2636
18.3539
18.3202
17.9784
18.2272
18.2008
18.0471
17.7182
18.1754
18.1803
18.1775
18.0485
18.0163
18.038
18.0809
18.0818
18.0799
17.8937
17.8986
17.8963
17.6579
17.6599
17.6611
17.8236
17.8256
17.8237
17.9452
17.9406
17.8759
17.8362
17.8629
17.882
17.9408
17.9009
17.5773
17.1719
17.3009
17.3513
17.4076
17.3697
17.5335
17.4817
17.5185
17.3738
17.3721
17.3593
17.6792
17.6784
17.6256
17.5863
16.6417
16.5324
6.97589
7.46293
6.42844
6.57326
7.63855
7.60949
7.44974
7.4756
7.18316
7.22624
6.56159
7.25398
7.27621
7.24323
6.60611
6.55951
7.49903
8.99192
8.86647
8.92185
8.14829
8.20642
8.14631
8.05198
8.03686
7.19507
7.68781
7.68554
7.47997
7.48769
8.23597
8.24791
8.2097
7.67066
7.70858
7.66877
8.0543
8.06947
8.03461
9.22264
9.22247
9.1873
8.35003
8.36086
8.31736
8.46649
8.47832
8.43726
7.54706
7.5639
7.72478
7.76902
7.72052
8.04534
7.93952
7.98861
11.8255
16.7908
16.7942
16.7934
16.6037
16.6041
16.6013
16.5311
16.5291
16.5281
16.8693
16.8724
16.8714
18.0152
15.5946
16.5386
16.4954
16.5093
17.4225
17.5056
17.5887
17.4427
17.5252
17.6078
16.5152
16.4717
16.4853
17.806
17.9302
15.9211
15.8469
15.797
13.9951
13.5277
13.1426
14.0108
13.5461
13.164
15.8794
15.6895
14.0035
12.3188
17.0637
17.0327
17.0454
16.7238
16.7434
16.749
17.5772
17.5785
17.5818
16.8669
16.8987
16.0938
16.1076
16.1178
13.5218
13.4398
14.7824
14.4475
14.7016
14.7491
14.3393
14.6252
10.969
10.8998
13.5328
13.3143
13.5805
13.7506
13.9257
11.5525
11.0174
11.3978
11.3576
11.3656
11.4913
11.5381
11.5289
11.5218
11.5646
11.5562
11.7884
11.7182
11.1266
11.0732
11.0934
11.2423
11.2066
11.2175
11.2847
11.3105
11.3027
17.1374
17.1737
17.1583
18.5677
17.9495
17.9768
17.9664
17.6348
17.6295
17.6274
18.1813
18.2188
18.2014
17.6392
17.6386
17.929
17.9543
17.9479
18.1752
18.2063
18.1939
18.371
18.3996
18.4252
18.4438
18.4157
18.4422
18.4306
18.4671
18.4817
18.4728
18.7897
18.6346
18.8731
18.563
18.5807
18.4641
18.4518
18.5339
18.5212
18.5216
12.7267
12.7728
12.9963
14.4708
14.3807
14.4365
14.4433
13.7656
13.7681
13.7826
14.3642
14.3365
14.3492
11.6133
12.2421
12.2025
12.1288
12.154
12.2537
12.2696
12.279
12.8273
12.8616
12.4632
12.4192
12.426
13.7097
13.6373
13.0548
12.9822
13.0076
14.0006
13.9624
13.4171
13.3946
13.4097
13.8427
13.844
13.8413
18.9967
18.8336
18.8494
18.8434
18.8543
18.8669
18.8592
18.8194
18.8253
18.822
18.9282
18.9378
18.9344
18.9868
19.0045
18.9965
18.7427
18.7574
18.9632
18.9794
18.9722
19.0219
19.043
19.032
19.2678
19.0502
19.064
19.0588
19.031
19.0368
19.0336
19.1452
19.1541
19.1508
19.0923
19.0747
19.0789
19.074
19.0569
19.061
19.0497
19.0606
16.3429
18.7693
18.739
18.7471
18.6245
18.6274
18.6307
18.7555
18.7574
18.7606
18.7533
18.6719
17.1558
17.0907
17.1169
18.4202
18.4051
18.4098
18.541
18.5264
18.5311
17.889
17.8532
17.8626
16.5649
16.5238
16.5307
16.1352
16.086
15.9244
15.8479
15.8757
19.4128
19.3718
19.3835
19.3782
19.3072
19.2966
19.2973
19.3953
19.4132
19.404
19.1996
19.1861
19.1606
19.1729
19.326
19.3337
19.3308
19.3516
19.3611
19.4732
19.4846
19.4787
19.456
19.4658
19.462
19.4701
19.4805
19.4761
19.402
19.4959
19.4982
19.4631
19.469
19.3961
19.3817
19.4988
19.4877
19.4894
19.602
19.6171
19.6099
19.0941
19.1896
21.1957
21.1497
21.3482
21.3299
21.3675
21.3304
20.838
20.8262
20.8457
17.9993
17.6176
18.9266
19.8069
19.7586
19.7822
19.8162
19.7934
19.8147
20.441
20.409
20.2153
20.1767
20.6761
20.6647
20.67
21.6152
21.6207
21.6285
21.3092
21.3065
21.313
20.7306
20.7094
20.7303
20.4419
20.4095
20.4295
19.6011
19.7478
19.7554
19.7526
19.7906
19.7989
19.795
19.9182
19.9256
19.9227
19.6308
19.6381
19.8495
19.8568
19.8542
19.851
20.128
20.1331
20.1312
20.1169
20.1219
20.1199
20.1513
20.1582
20.1548
20.1422
20.1486
20.1453
20.294
20.3012
20.2981
20.2043
20.1936
20.195
20.1983
20.1874
20.1886
20.1837
20.1886
19.9264
21.2186
21.2247
21.2383
21.3299
21.3496
21.3647
21.4348
21.4553
21.4619
21.0106
20.9923
20.8597
20.8505
20.861
20.8696
20.8634
20.8732
21.4294
21.4371
21.449
21.5434
21.5613
21.5682
21.4154
21.4267
21.4426
21.533
21.5498
21.5546
21.052
21.0399
21.0566
21.4319
21.4175
21.7248
21.7336
21.7422
21.6071
21.6084
21.6143
20.8512
20.8267
20.8433
20.2611
20.2538
20.2576
20.2117
20.325
20.3178
20.3214
20.325
20.3161
20.3211
20.4001
20.3884
20.5714
20.5752
20.5742
20.6306
20.6397
20.6387
20.5786
20.425
20.4372
20.0716
20.1954
20.4152
20.402
20.4072
20.4985
20.4899
20.4957
20.6865
20.6727
20.7434
20.7365
20.8448
20.8446
20.8457
20.5597
20.3975
20.4233
20.7135
21.3763
21.3788
21.3848
21.3998
21.3644
21.237
21.2158
21.2258
21.5187
21.5313
21.5287
21.3149
21.3052
21.3057
20.9876
20.9626
20.968
21.383
21.3724
21.3734
21.1078
21.0638
21.1347
21.3245
20.8196
20.5954
20.7844
20.7712
20.7807
20.2556
8.67744
8.68867
8.68223
8.48339
8.48015
8.47715
8.57353
8.58843
8.58118
8.88265
8.89195
8.88347
8.78699
8.79955
8.79159
8.38907
8.39846
8.38934
8.28198
8.3009
8.52365
8.53605
8.52077
8.77214
9.6742
9.69321
9.73355
9.73553
9.74116
9.98098
9.99188
9.77019
9.86259
9.86276
9.86529
9.31415
9.31033
9.31185
9.00385
9.01608
9.68315
16.793
16.7964
16.7957
16.6046
16.6051
16.6023
16.8702
16.8733
16.8723
16.534
16.5322
16.5311
17.121
17.1882
17.1611
17.5653
17.5634
17.5677
17.8675
17.856
17.8595
17.5544
17.5509
17.5556
17.8666
17.8566
17.8594
17.3633
17.3925
18.0725
18.0656
18.0674
17.9227
17.915
17.9165
18.078
18.0704
18.0726
17.9197
17.9132
17.9146
18.0357
18.0633
18.0527
18.3296
18.3697
18.3516
17.9812
18.0084
17.3298
18.0953
18.5597
18.5622
18.5589
18.6028
18.6047
18.6018
18.4971
18.4974
18.4946
18.5598
18.5617
18.6247
18.6264
18.6232
18.5432
18.5457
18.5698
18.5828
18.5771
18.6754
18.6971
18.6869
18.584
18.5969
18.591
18.7038
18.7258
18.7151
18.5777
18.5573
19.9114
19.934
19.9302
19.9882
19.9629
19.9686
19.8817
19.905
19.9011
19.7342
19.736
19.7355
19.8506
19.8385
19.975
19.941
19.9529
19.5524
18.9174
18.8776
18.8045
18.8401
18.7132
18.7358
18.7373
18.7515
18.7229
18.731
18.5573
18.5542
17.5811
17.5824
17.5857
17.9927
18.0235
18.1724
18.1438
18.1555
17.8809
17.9042
17.9048
18.4844
18.4854
18.4904
19.0385
18.8318
18.7738
18.4493
18.037
7.97725
7.99182
7.98492
7.92917
7.92497
7.92103
7.54523
7.53527
7.61015
7.61711
7.60202
7.43829
7.43628
7.3104
7.30025
7.29902
7.27908
7.27014
7.26499
7.49735
7.49093
7.44249
7.4413
7.53481
7.53612
7.52775
7.35352
7.35163
7.34123
7.85223
7.8439
7.84269
6.81323
7.61573
7.47483
7.24179
8.08748
10.7336
10.7489
10.7477
19.0947
19.093
19.091
19.0434
19.0447
19.041
19.0971
19.0974
19.0944
18.8911
18.8478
19.108
19.1011
19.0997
19.0423
19.041
19.0579
19.0566
19.0546
19.0944
19.0824
19.1307
19.164
19.152
19.1397
19.1728
19.1604
19.1383
19.1727
19.0761
19.0971
18.8516
18.874
18.8637
18.9406
18.9739
18.9606
18.857
18.879
18.8693
18.9359
18.9688
18.9563
19.0271
19.1188
18.3554
18.3549
18.3591
18.1141
18.1099
18.1177
18.3526
18.3503
18.3572
18.1179
18.1155
18.1208
16.5384
16.4952
16.5091
17.4221
17.5052
17.5883
16.5145
16.471
16.4846
17.4429
17.5253
17.6079
17.8219
17.9036
17.8979
17.8067
17.9309
15.9205
15.8463
15.7964
13.994
13.5265
13.1414
14.0101
13.5452
13.1631
15.881
15.6912
18.0164
15.6009
14.7892
14.4546
14.7085
13.531
13.4491
13.6685
13.5024
14.7534
14.3438
14.6296
10.9773
10.9078
13.5381
13.3197
13.5857
13.7558
13.9308
11.566
17.0145
14.0155
12.3347
7.32554
7.31021
7.22886
7.21918
7.22721
7.32262
7.31188
7.32883
7.48749
7.47685
7.64831
7.65719
7.67676
8.45511
8.26975
5.78527
6.64551
6.98979
5.32777
11.3951
11.3549
11.3629
11.4882
11.535
11.5257
11.5159
11.5586
11.5502
11.7898
11.7196
11.1232
11.0696
11.0898
11.1199
11.1268
11.1313
11.214
11.1774
11.1889
11.2773
11.3036
11.2953
11.2782
11.304
11.2962
11.2367
11.201
11.2119
11.0057
10.4706
18.4161
18.4427
18.4311
18.4246
18.4465
18.4387
18.4668
18.4743
18.4699
18.4245
18.4431
18.4675
18.4821
18.4732
17.8969
18.5684
18.6706
18.5623
18.58
18.4634
18.4512
18.6614
18.6938
18.5341
18.5215
18.5218
18.6351
18.7902
18.8731
14.4722
14.382
14.4393
14.4462
13.7634
13.766
13.7807
14.3611
14.3332
14.3459
12.7557
12.711
12.1986
12.1245
12.1499
12.2508
12.2667
12.2761
12.8299
12.8641
12.4339
12.4127
12.4566
12.4125
12.4193
13.0524
12.9799
13.0053
13.397
13.3486
13.3594
13.8371
13.8385
13.8358
14.0044
13.9661
13.4163
13.3939
13.409
11.597
12.1546
18.8193
18.8253
18.8219
18.9278
18.9373
18.9339
18.7413
18.756
18.9627
18.9789
18.9717
18.9962
19.0919
19.1095
19.102
19.0927
19.1048
19.0977
19.062
19.0758
19.0706
19.0498
19.0637
19.0585
19.031
19.0369
19.0336
19.1455
19.1544
19.1511
19.0926
19.075
19.0792
19.074
19.0569
19.061
19.0494
19.0603
19.2692
18.7661
18.7358
18.7439
18.6222
18.625
18.6283
18.7534
18.7552
18.7583
18.7655
18.6845
18.4181
18.403
18.4077
18.5372
18.5225
18.5271
17.8843
17.8482
17.8576
16.3346
13.8043
19.4737
19.4852
19.4792
19.4706
19.4809
19.4764
19.3143
19.3332
19.4142
19.4629
19.4688
19.396
19.3817
19.6017
19.6169
19.6096
19.4988
19.4878
19.4895
19.4965
19.4034
21.1916
21.1457
21.3429
21.3246
20.8327
20.8208
20.8403
19.1849
19.0893
19.8066
19.7587
19.7822
19.8164
19.794
19.8153
20.4451
20.4138
20.2222
20.184
20.6749
20.6638
20.6689
21.6108
21.6162
21.6239
20.7249
20.7036
20.7245
20.4375
20.4051
20.4251
17.9999
18.6912
19.6296
19.6368
19.7901
19.7984
19.7945
19.917
19.9244
19.9215
19.8483
19.8555
19.8529
19.5994
20.1274
20.1325
20.1305
20.1162
20.1213
20.1192
20.1506
20.1576
20.1542
20.1416
20.1481
20.1447
20.293
20.3003
20.2972
20.2033
20.1926
20.1939
20.1972
20.1863
20.1875
20.1821
20.1869
19.8474
21.2145
21.2205
21.234
21.3256
21.3452
21.3602
21.4318
21.4522
21.4587
21.0086
20.9903
20.8542
20.8449
20.8554
20.8651
20.8588
20.8685
21.4247
21.4323
21.4441
21.5397
21.5575
21.5643
21.5299
21.5466
21.5514
19.9215
19.6371
20.4237
20.7167
20.7305
20.7334
20.436
20.0333
20.0013
20.2079
20.4138
20.4006
20.4058
20.4972
20.4886
20.4945
20.6867
20.6728
20.8446
20.8442
20.8453
20.3949
20.7147
20.422
20.067
20.1911
18.8217
18.8128
18.9997
18.9785
18.7876
18.8841
18.8162
18.8924
18.9154
18.9049
18.9601
18.9785
18.9707
18.8813
18.8991
18.8912
18.8895
18.8831
18.9646
18.9664
18.9692
18.8757
18.8715
18.8712
19.0897
19.1113
19.1026
18.9869
19.0067
18.9985
19.0639
19.0838
19.0758
19.1928
19.195
19.1922
19.1011
19.0915
19.1324
19.123
19.1308
18.962
18.9657
18.9708
19.0911
19.1065
19.1017
19.1045
19.1101
18.7602
18.6732
18.9728
19.0969
19.1355
18.82
19.3881
19.2346
6.92598
5.27128
7.78835
7.69834
7.7578
6.26375
6.29649
7.10521
7.08554
6.87136
6.8352
6.82884
6.78261
6.71385
7.62259
7.63094
7.65017
7.29663
7.28081
7.19753
7.18755
7.19562
7.29303
7.28199
7.29895
7.46033
7.44928
8.43448
8.24765
6.48455
6.50142
6.45656
5.75745
10.9149
10.9425
10.9351
10.9622
10.9262
10.9342
10.8607
10.8037
10.8231
11.1305
11.1267
19.192
19.2072
19.201
19.2842
19.3
19.2934
19.2422
19.256
19.2503
19.5448
19.5535
19.5504
19.4482
19.4576
19.4541
19.4776
19.4861
19.4831
19.7203
19.726
19.724
19.6024
19.6088
19.6068
19.6254
19.6314
19.6296
19.9002
19.904
19.9023
19.7577
19.7621
19.7603
19.7788
19.7829
19.7811
20.1377
20.139
20.1382
19.9765
19.9786
19.9773
20.0082
20.01
20.0087
20.3402
20.3385
20.3383
20.209
20.2082
20.2074
20.2312
20.2298
20.2292
20.3234
20.3192
20.3176
20.2868
20.2826
20.282
20.2664
20.262
20.2609
20.1602
20.1888
20.1741
20.2099
20.1798
20.2199
20.2192
20.2166
8.88927
9.78656
9.80427
9.79728
9.58979
9.61041
9.60357
9.65027
9.66995
9.66283
10.0717
10.0867
10.0802
9.93251
9.94894
9.94192
9.96538
9.98128
9.97433
10.3839
10.3985
10.3911
10.2903
10.3049
10.2968
10.3369
10.3515
10.3436
10.7515
10.7598
10.7548
10.6963
10.7052
10.7
10.7357
10.7436
10.7386
18.6644
18.6627
18.8559
18.8572
18.8539
18.6688
18.718
18.6835
19.1964
19.1972
19.1933
19.0399
19.0423
19.0376
19.0821
19.0838
19.0792
19.4095
19.4069
19.4039
19.3081
19.3064
19.3027
19.3257
19.3238
19.3203
19.3301
19.3275
19.3241
19.3
19.2974
19.2938
19.2803
19.2779
19.2743
19.045
19.0432
19.0402
19.0652
19.0635
19.0607
19.0107
19.0099
19.007
7.56453
7.60959
7.45442
7.48531
7.64281
7.68193
8.62037
8.64413
8.62231
8.53863
8.55978
8.53593
8.66357
8.68251
8.65996
9.32208
9.33491
9.31882
9.28537
9.2952
9.27858
9.35981
9.369
9.35304
9.9854
9.99363
9.98211
9.96325
9.96965
9.95781
10.0553
10.0618
10.0505
10.8135
10.8119
10.8062
10.8064
10.8037
10.7975
10.8876
10.8837
10.8782
18.8735
18.8761
18.8709
18.8902
18.892
18.8861
18.8888
18.8905
18.8845
18.9484
18.948
18.9433
18.9705
18.97
18.9652
18.9672
18.9665
18.962
18.7037
18.7046
18.7019
18.7927
18.7923
18.7892
18.752
18.7521
18.7495
18.0135
18.0181
18.0173
18.2317
18.235
18.2342
18.115
18.1189
18.1183
16.2977
16.3224
16.8797
16.9262
16.8967
16.8509
16.7514
16.82
13.3191
13.1229
9.86563
9.86904
9.8371
10.9599
10.9611
10.9467
10.9322
10.931
10.9125
10.362
10.3577
10.3324
10.9845
10.9763
10.9543
10.9862
10.9773
10.9558
10.5372
10.5289
10.5099
10.9073
10.8962
10.8781
10.9227
10.9116
10.8942
11.0807
11.0688
11.0559
11.3324
11.3189
11.3065
11.41
11.3967
11.3851
19.1446
19.142
19.1281
19.1258
19.1232
19.1487
19.166
19.1506
19.1151
19.1122
19.1113
19.1875
19.1845
19.1825
19.1817
19.1789
19.177
18.8802
18.8801
18.884
19.0298
19.0295
19.0332
18.9961
18.9962
19.0002
18.2938
18.2968
18.3007
18.5674
18.5684
18.5712
18.4909
18.4917
18.4943
17.2548
17.2536
17.2507
17.6592
17.6563
17.6531
17.5134
17.5098
17.506
15.8386
15.8296
15.8228
16.3051
16.2955
16.2904
16.1411
16.1304
16.1254
14.7492
14.7312
14.7253
15.2205
15.2033
15.1987
15.1367
15.1195
15.115
14.6721
14.6483
14.6466
15.0906
15.0668
15.0662
15.0993
15.0756
15.0758
19.3759
19.3755
19.3741
19.3936
19.3935
19.3922
19.3515
19.3507
19.3496
19.1029
19.0981
19.0987
19.1505
19.1466
19.1469
19.1115
19.1074
19.1078
18.6687
18.6631
18.6631
18.8064
18.8022
18.8021
18.7601
18.7559
18.7557
18.3127
18.3038
18.3034
18.5252
18.5175
18.5173
18.4919
18.4838
18.4838
19.7975
19.796
19.7812
19.7789
19.7803
19.7945
19.799
19.7975
19.9125
19.9108
19.914
19.9586
19.9582
19.9614
19.9698
19.9698
19.9732
18.411
18.4032
18.3894
18.2525
18.2486
18.2244
18.5086
18.494
18.4781
18.7333
18.6608
18.6726
18.9172
18.8405
18.8518
18.8767
18.7973
18.8083
18.7763
18.7399
18.7348
18.8962
18.8306
18.8374
18.8886
18.8395
18.8395
18.7413
18.7543
18.7373
18.8443
18.8617
18.8443
18.8171
18.8299
18.8099
18.8818
18.9067
18.8939
18.875
18.8967
18.8817
18.9258
18.9508
18.937
19.1831
19.2074
19.1977
19.2946
19.3175
19.3084
19.2363
19.2611
19.2512
19.3522
19.3736
19.3652
19.3443
19.3633
19.3556
19.4038
19.4232
19.4155
19.6548
19.6662
19.6615
19.5465
19.5592
19.5539
19.6199
19.6325
19.6271
19.6819
19.6919
19.688
19.6372
19.6464
19.643
19.7165
19.7252
19.7219
19.8836
19.8901
19.8878
19.7631
19.7707
19.7682
19.8541
19.8611
19.8586
19.9092
19.9154
19.9132
19.8415
19.8476
19.8455
19.9387
19.9444
19.9424
20.0975
20.1016
20.0998
19.9595
19.964
19.962
20.0698
20.0736
20.0718
20.1242
20.1283
20.1266
20.0381
20.0426
20.0407
20.1539
20.1579
20.1562
20.342
20.3443
20.3434
20.19
20.1933
20.192
20.3074
20.3103
20.3092
20.3708
20.3727
20.3719
20.2897
20.2915
20.2906
20.4039
20.4053
20.4047
20.5499
20.5494
20.5496
20.4307
20.4306
20.4301
20.5297
20.5294
20.5295
20.5649
20.564
20.5644
20.4943
20.493
20.4932
20.5751
20.574
20.5746
20.5403
20.5373
20.5359
20.5248
20.5215
20.5215
20.572
20.5693
20.569
10.2562
10.2708
10.2649
10.1418
10.1579
10.1517
10.2684
10.2828
10.2769
10.4206
10.4341
10.4288
10.3055
10.32
10.3143
10.4028
10.4164
10.411
10.4538
10.4668
10.4616
10.4033
10.4174
10.4111
10.4753
10.4884
10.4828
10.6642
10.6754
10.6698
10.5943
10.6057
10.6
10.6358
10.6474
10.6418
10.7024
10.7129
10.7076
10.7027
10.7128
10.7078
10.7309
10.7413
10.7362
10.9352
10.9431
10.9394
10.8844
10.8913
10.888
10.9082
10.9161
10.9123
10.9544
10.9593
10.9576
10.9692
10.9769
10.9739
10.9973
11.004
11.0017
11.0671
11.0542
11.023
11.1065
11.0489
19.4608
19.4722
19.4673
19.4345
19.4443
19.4405
19.4016
19.4119
19.4077
19.1683
18.954
19.6599
19.6667
19.6645
19.5955
19.6016
19.5995
19.5721
19.5789
19.5768
19.2977
18.9058
19.4637
18.845
19.2547
19.2483
19.1321
19.1291
19.8303
19.8344
19.8325
19.7345
19.7391
19.737
19.7169
19.7216
19.7196
19.1731
19.1597
19.1069
19.1047
19.0701
19.1441
19.095
18.9119
18.9122
19.0997
19.0999
19.0988
19.0938
19.0651
19.0884
20.0415
20.0443
20.0431
19.9463
19.9489
19.9476
19.9136
19.9168
19.9154
18.9609
18.9327
18.9535
19.0523
19.0533
19.051
19.0734
19.075
19.0723
18.9524
18.9534
18.9496
19.1284
19.1298
19.1269
19.095
19.0966
19.0939
20.2755
20.2752
20.2746
20.1861
20.1861
20.1853
20.1561
20.1564
20.1554
19.1536
19.1551
19.1528
19.038
19.0416
19.0377
19.1845
19.1866
19.1834
19.4141
19.4149
19.4123
19.242
19.2442
19.2408
19.3772
19.3783
19.3756
20.3673
20.3639
20.3637
20.2794
20.2756
20.2751
20.2889
20.2853
20.285
19.4506
19.4509
19.4483
19.3598
19.3604
19.3573
19.4854
19.4852
19.4828
19.6201
19.6174
19.6152
19.4996
19.4981
19.4953
19.603
19.6007
19.5983
20.282
20.2762
20.2762
20.2161
20.2087
20.2072
20.2264
20.2206
20.2194
19.6246
19.6212
19.6189
19.5388
19.5358
19.5329
19.6305
19.6268
19.6245
19.5589
19.555
19.5519
19.5182
19.5145
19.5114
19.5872
19.5832
19.5802
20.4706
19.548
19.5439
19.5408
19.4549
19.4508
19.4473
19.5121
19.5078
19.5045
19.3529
19.3484
19.3486
19.3435
19.3401
19.3379
19.3906
19.3864
19.3837
9.7004
9.69872
9.62405
9.57095
9.61412
9.49849
9.49656
9.50681
8.54944
8.57523
8.56266
8.59388
8.61865
8.59953
8.65447
8.67999
8.66605
9.18819
9.20747
9.19155
9.07429
9.09304
9.07583
9.11904
9.13959
9.12378
9.98011
9.99716
9.99072
9.88697
9.90414
9.89738
9.85621
9.87353
9.8667
9.26304
9.28141
9.26597
9.297
9.31318
9.29763
9.32846
9.34592
9.33098
9.73096
9.74378
9.73143
9.66234
9.67471
9.66159
9.66498
9.67823
9.66556
10.2733
10.2881
10.2816
10.2458
10.2612
10.2532
10.2025
10.2179
10.2101
9.80785
9.81961
9.80761
9.89015
9.90055
9.88877
9.87748
9.88895
9.8773
10.3872
10.3933
10.3853
10.3481
10.353
10.3447
10.3059
10.3129
10.3042
10.6256
10.6365
10.6306
10.6481
10.658
10.6523
10.6046
10.6155
10.6095
10.4905
10.4955
10.4883
10.6254
10.6267
10.6208
10.5751
10.5792
10.5726
11.0756
11.0773
11.0725
11.0497
11.0437
11.0398
11.0188
11.0187
11.0145
10.9815
10.9824
10.9791
10.9783
10.9835
10.9804
10.95
10.9536
10.9515
11.1747
11.1768
11.1615
11.1379
11.1385
11.1332
11.2357
11.2285
11.2215
12.1921
10.8738
11.4636
19.0647
19.0669
19.0625
18.9817
18.9842
18.9791
18.9381
18.9411
18.936
18.4458
18.5017
18.5057
18.3986
18.407
19.3579
19.3567
19.3535
19.2906
19.2894
19.2858
19.2645
19.2637
19.26
18.593
18.6008
18.5407
18.5604
18.5469
18.6676
18.6233
18.6536
18.8389
18.8421
18.8362
18.8851
18.8871
18.8815
18.8591
18.8618
18.8562
19.3888
19.3854
19.3821
19.3127
19.3097
19.3061
19.3254
19.3224
19.3188
18.9228
18.9245
18.9191
18.9202
18.9214
18.9158
18.9427
18.9437
18.9384
18.995
18.9942
18.9894
18.987
18.9866
18.9813
18.9972
18.9964
18.9915
19.174
19.1706
19.168
19.1004
19.0982
19.0954
19.1323
19.1297
19.1263
18.9834
18.9826
18.9778
18.9729
18.9723
18.9678
18.9738
18.9731
18.9686
18.793
18.7934
18.79
18.8484
18.8481
18.8445
18.8315
18.8313
18.8278
18.858
18.8302
18.7498
18.7278
18.7604
18.7539
18.7393
18.7403
18.7371
18.7181
18.7194
18.7165
18.6888
18.6904
18.6874
18.1975
18.2021
18.1997
18.3549
18.3588
18.3566
18.2993
18.3035
18.301
8.27665
8.30468
8.28264
8.44088
8.46223
8.4373
8.30332
8.3264
8.30026
8.94675
8.95164
8.91489
9.70023
9.69679
9.66725
9.09884
9.10148
9.06717
9.68896
9.68978
9.66671
10.0187
10.0148
9.99227
9.61496
9.61595
9.59137
9.13467
9.14989
9.13248
9.23824
9.24999
9.23354
9.15875
9.17134
9.15404
9.74602
9.74654
9.72457
10.1359
10.1324
10.1124
9.80709
9.80716
9.78628
10.2009
10.1986
10.1821
10.4046
10.3995
10.3829
10.1213
10.1189
10.1018
9.74525
9.75516
9.74208
9.88121
9.88833
9.8758
9.79908
9.80655
9.79348
10.292
10.2891
10.2734
10.6537
10.6479
10.6334
10.3804
10.3769
10.3619
11.0744
11.0671
11.0572
11.2175
11.2073
11.1981
10.9706
10.9637
10.9535
10.519
10.5211
10.5132
10.6939
10.693
10.6861
10.6069
10.6072
10.5997
11.542
11.5276
11.5211
11.2286
11.2197
11.2116
11.3265
11.3169
11.3095
12.0881
12.0404
11.9566
11.9645
11.9445
11.7913
11.9003
11.8073
11.4111
11.3755
11.3194
11.3078
11.3011
11.2658
11.2696
11.25
11.8044
12.0761
12.0546
12.1208
12.1136
18.9578
18.9579
18.9522
18.9698
18.9697
18.9646
18.9672
18.9674
18.9619
18.7439
18.9179
18.9489
19.062
19.0771
19.0616
19.0503
19.048
19.0448
19.039
19.0377
19.0345
18.8285
18.8282
18.8245
18.8347
18.8343
18.831
18.8636
18.8628
18.8591
19.0624
19.0605
19.0574
19.0964
19.0939
19.0908
19.0614
19.0594
19.0562
19.0278
19.0257
19.0236
19.0978
19.0948
19.0924
19.0413
19.0391
19.0369
18.343
18.3471
18.3454
18.3343
18.3376
18.3368
18.4243
18.4272
18.426
19.0057
19.0036
19.0014
19.0548
19.0518
19.0496
18.985
18.983
18.9807
18.7545
18.7545
18.7553
18.91
18.9082
18.9091
18.7992
18.7984
18.7983
17.174
17.1758
17.178
17.1731
17.1729
17.1728
17.3494
17.3535
17.3529
18.6924
18.6924
18.6938
18.7727
18.7725
18.7756
18.6341
18.6346
18.637
18.1076
18.1113
18.1184
18.4096
18.412
18.4187
18.2111
18.2145
18.2208
14.3882
14.7708
17.9826
17.987
17.9943
18.1004
18.1039
18.1103
17.8598
17.8649
17.8723
16.8604
16.8632
16.8672
17.3859
17.3872
17.3908
17.0302
17.0339
17.0387
10.2181
10.0842
11.106
10.9979
11.0598
10.988
11.1087
11.0196
16.6494
16.6515
16.6543
16.8957
16.8953
16.8944
16.476
16.4779
16.4792
15.3383
15.3346
15.3272
15.953
15.9475
15.941
15.5121
15.5095
15.5033
10.1994
10.198
10.17
10.9831
10.9746
10.9521
10.967
10.9594
10.9364
15.1522
15.1477
15.1392
15.4052
15.3978
15.39
14.9852
14.9796
14.9706
14.0726
14.0619
14.0527
14.5939
14.5823
14.5745
14.2014
14.1916
14.1822
10.507
10.5006
10.4799
10.9392
10.929
10.9106
10.9447
10.9351
10.9165
13.9514
13.9398
13.9304
14.2473
14.2333
14.2255
13.8468
13.8345
13.825
13.5385
13.5219
13.5136
13.9927
13.9761
13.9698
13.5529
13.5363
13.5276
10.8363
10.8278
10.8123
11.2668
11.2551
11.2416
11.1918
11.1794
11.1652
13.5555
13.5382
13.5307
14.0121
13.9949
13.9901
13.5682
13.5508
13.544
13.9232
13.9012
13.8987
14.2708
14.2467
14.2447
13.8875
13.8649
13.8622
12.0913
12.0694
12.0619
11.7272
11.7136
11.7063
12.0001
11.9818
11.9752
14.3362
14.3502
14.3202
14.0138
13.9934
13.9905
14.1043
14.0783
14.072
15.5082
14.3428
14.3891
19.1406
19.1373
19.1344
19.1843
19.181
19.1786
19.1914
19.188
19.1854
19.3671
19.3892
19.3878
19.3731
19.3726
18.9956
18.9941
18.9959
19.0691
19.0681
19.0714
19.094
19.0925
19.0951
19.4168
19.4151
19.4056
19.4104
19.404
19.4105
19.418
19.4091
19.4201
19.4193
19.416
19.4216
19.4199
19.419
19.4415
19.4396
19.4379
18.5634
18.566
18.5711
18.6524
18.6537
18.6568
18.7178
18.7192
18.7227
19.4109
19.4097
19.4089
19.3636
19.3639
19.3625
19.3858
19.3851
19.3841
19.142
19.1405
19.1397
19.1806
19.1791
19.1789
19.192
19.191
19.1901
17.6945
17.6952
17.696
17.8188
17.8171
17.8144
17.9445
17.9434
17.9416
19.0782
19.0762
19.0754
19.0218
19.0179
19.0179
19.0189
19.0164
19.0156
18.5507
18.5438
18.5438
18.6799
18.6733
18.6737
18.6325
18.6263
18.6261
16.3839
16.3793
16.3727
16.4945
16.4872
16.4817
16.6624
16.6561
16.6505
18.4591
18.4517
18.4518
18.4581
18.4512
18.4512
18.3718
18.3638
18.3638
17.8598
17.8506
17.8496
18.102
18.0946
18.0937
17.9398
17.9305
17.9297
15.1035
15.0906
15.084
15.3338
15.3178
15.3124
15.4373
15.4219
15.4164
17.7963
17.7867
17.7857
17.9274
17.9194
17.9183
17.7255
17.716
17.7149
17.5337
17.5186
17.519
17.8269
17.8133
17.8144
17.5559
17.5415
17.5416
14.6314
14.6137
14.61
15.0764
15.0576
15.0561
15.0714
15.0533
15.0511
17.8293
17.8171
17.8194
17.5481
17.5318
17.5332
17.5449
17.5291
17.5308
17.9324
17.9231
17.6214
17.6359
17.6236
17.5692
17.627
17.5818
15.3256
15.2981
14.9726
14.9517
14.9469
15.2095
15.227
15.1999
17.869
17.6637
17.6604
17.6429
17.6676
19.2313
19.2286
19.2286
19.1863
19.1825
19.1823
19.2199
19.2166
19.2163
19.5803
19.4885
19.5345
19.5785
19.5842
19.5796
19.5743
19.5724
19.5728
19.5762
19.5734
19.5733
18.8331
18.8277
18.828
18.8505
18.8467
18.8466
18.8944
18.8904
18.8904
19.5866
19.5838
19.5847
19.6251
19.6229
19.6241
19.589
19.586
19.587
19.6194
19.6148
19.6165
19.6828
19.6795
19.6814
19.6195
19.615
19.6166
18.4209
18.4138
18.4135
18.5283
18.5219
18.5214
18.5687
18.5628
18.5622
19.6337
19.6289
19.6307
19.7101
19.7071
19.7095
19.6345
19.6297
19.6316
19.7404
19.74
19.7436
19.8204
19.8217
19.8255
19.7316
19.73
19.7334
18.5189
18.5116
18.5138
18.3119
18.3008
18.3027
18.5241
18.5164
18.519
19.8572
19.8836
19.8733
19.781
19.7828
19.7862
19.7956
19.7977
19.8004
20.2405
20.2818
20.0328
19.8665
19.8642
19.8668
19.9303
19.9299
19.9329
19.9166
19.9159
19.9188
20.3605
20.3413
20.3449
20.3557
20.3518
20.1138
20.1234
20.0433
20.0465
20.0498
20.0824
20.1076
20.0991
20.4198
20.384
20.3891
20.3713
20.3879
21.9275
21.937
22.0239
22.0331
8.89846
8.89476
8.8963
8.75418
8.74902
8.74896
9.97705
9.98641
9.84179
9.85549
17.1207
17.1876
17.1607
17.1624
17.2242
17.199
17.9907
18.0217
18.0103
17.989
18.0196
18.008
18.2629
18.3053
18.2866
18.5591
18.5585
18.5574
18.4475
18.4478
18.4461
19.7513
19.7534
19.753
17.5009
17.5048
17.5049
17.75
17.7815
17.7792
18.0623
18.0379
18.0475
17.7771
17.8068
17.8044
18.0799
18.0554
18.0645
7.69372
7.71179
7.70316
7.81681
7.83225
7.83064
8.14567
8.14
8.13833
19.0471
19.0461
19.0436
21.1276
8.12616
18.8912
18.8476
19.1384
19.1728
19.1715
19.027
19.1183
19.0855
19.0852
19.0766
18.9561
18.9483
18.9327
19.096
19.0882
19.0727
18.9959
18.9783
18.9603
19.1871
19.1567
19.1411
19.1274
19.1099
19.0919
19.3608
19.2858
19.2952
19.2274
19.1694
19.1721
19.3168
19.2577
19.2607
19.2229
19.1991
19.1859
19.1797
19.1402
19.1343
19.2648
19.224
19.2185
19.2141
19.2334
19.2159
19.1786
19.2016
19.1868
19.2493
19.2714
19.2567
19.3518
19.3776
19.3652
19.2267
19.2522
19.2387
19.2973
19.3218
19.3085
19.6613
19.6819
19.6738
19.6431
19.6635
19.6557
19.7176
19.7365
19.729
19.824
19.8396
19.8334
19.6976
19.7164
19.7091
19.7729
19.7901
19.7833
20.0401
20.0495
20.0453
19.9895
19.9991
19.9952
20.0769
20.0854
20.0817
20.1448
20.1518
20.1489
20.0208
20.0295
20.026
20.1097
20.1172
20.114
20.3059
20.3111
20.3089
20.2439
20.2499
20.2474
20.3396
20.3446
20.3424
20.4025
20.4071
20.405
20.2735
20.2792
20.2768
20.369
20.3738
20.3717
20.5529
20.5572
20.5553
20.4971
20.5017
20.4997
20.5846
20.5888
20.587
20.6424
20.6466
20.6449
20.5276
20.5321
20.5301
20.6126
20.6168
20.6149
20.7745
20.7775
20.7767
20.7403
20.743
20.7423
20.7936
20.7964
20.7959
20.8283
20.8304
20.8306
20.7686
20.771
20.7705
20.8173
20.8196
20.8195
20.8731
20.8748
20.8758
20.8608
20.861
20.8622
20.8548
20.8561
20.856
20.8544
20.854
20.8525
20.8705
20.8703
20.871
20.8679
20.8681
20.8673
10.5879
10.6163
10.5177
10.5288
10.5245
10.6516
10.6453
10.6538
10.659
10.6679
10.6633
10.5516
10.562
10.5573
10.653
10.6619
10.6571
10.7212
10.7307
10.7256
10.6297
10.6411
10.6357
10.7229
10.7326
10.7275
10.7359
10.7454
10.7407
10.646
10.657
10.6519
10.7349
10.7444
10.7395
10.7857
10.7953
10.7909
10.7359
10.7465
10.7416
10.7936
10.8034
10.7989
10.8211
10.8309
10.8263
10.7584
10.7689
10.764
10.8114
10.8211
10.8165
10.9025
10.9117
10.9077
10.8847
10.8937
10.8905
10.9147
10.9235
10.9194
10.9435
10.9513
10.9472
10.9073
10.9152
10.9123
10.933
10.941
10.937
19.1673
19.1758
19.1716
19.1916
19.1848
19.1927
19.2183
19.2274
19.2233
19.3229
19.3383
19.3318
19.3223
19.3348
19.3295
19.2744
19.2882
19.2825
19.1709
19.1664
19.1761
19.2681
19.2796
19.2749
19.2198
19.2307
19.226
19.5662
19.5738
19.5711
19.5184
19.5247
19.5225
19.4916
19.499
19.4964
19.3648
19.3721
19.3697
19.3476
19.3551
19.3527
19.3993
19.406
19.404
19.4357
19.4406
19.4388
19.3345
19.3405
19.3389
19.4073
19.4125
19.4111
19.7405
19.7457
19.7439
19.6623
19.6672
19.6656
19.642
19.6475
19.6457
19.4903
19.4962
19.4942
19.426
19.4308
19.4294
19.5105
19.516
19.5142
19.5389
19.543
19.5415
19.426
19.4305
19.429
19.521
19.5257
19.5242
19.926
19.9299
19.9282
19.8282
19.8322
19.8304
19.8034
19.8078
19.806
19.6124
19.6162
19.6144
19.5019
19.5057
19.5038
19.6296
19.6332
19.6313
19.6722
19.6757
19.6738
19.5202
19.5244
19.5226
19.6512
19.6549
19.6531
20.1666
20.1675
20.1666
20.0703
20.0718
20.0705
20.038
20.0397
20.0384
19.8102
19.8121
19.8106
19.702
19.7043
19.7025
19.8404
19.842
19.8405
19.9033
19.9046
19.9033
19.7357
19.7382
19.7364
19.8721
19.8738
19.8723
20.353
20.3508
20.3507
20.2652
20.2629
20.2625
20.2493
20.2474
20.2469
20.0461
20.0453
20.0445
19.9493
19.9486
19.9475
20.07
20.0687
20.068
20.1043
20.1019
20.1013
19.969
19.9674
19.9663
20.0862
20.0842
20.0835
20.3249
20.3197
20.3182
20.2398
20.2344
20.2325
20.2685
20.2635
20.2622
20.1253
20.1212
20.1204
20.0306
20.0263
20.0252
20.108
20.1038
20.1027
20.076
20.071
20.069
20.0295
20.0249
20.0236
20.1052
20.1006
20.0994
20.3193
20.3118
20.2371
20.2328
20.225
20.2167
20.0134
20.0081
20.0058
19.9406
19.9365
19.9353
19.995
19.9898
19.99
19.9978
19.9866
19.9526
19.9456
19.9445
19.9831
19.9819
19.9783
9.17201
8.83157
8.75889
8.77212
8.80838
9.02586
9.22761
9.22954
8.88503
8.93884
9.00564
9.04819
9.84251
9.86019
9.85352
9.73116
9.7511
9.74336
9.70051
9.72018
9.71262
9.51108
9.53392
9.52581
9.42524
9.4479
9.43936
9.55636
9.57818
9.57013
9.6482
9.66832
9.66058
9.48383
9.50558
9.49724
9.61211
9.63329
9.62547
10.1096
10.1241
10.1178
10.0497
10.0648
10.0575
10.0127
10.0278
10.0209
9.88107
9.89786
9.8902
9.85182
9.86897
9.85903
9.92403
9.94052
9.93237
10.0262
10.0415
10.0329
9.9153
9.93151
9.92154
9.98004
9.99566
9.98737
10.4348
10.4488
10.4417
10.4404
10.454
10.4467
10.3929
10.4067
10.3992
10.307
10.3204
10.3121
10.3441
10.3565
10.3483
10.3614
10.3748
10.3666
10.482
10.4946
10.4871
10.4147
10.4267
10.4189
10.4261
10.4389
10.4311
10.8073
10.8154
10.8108
10.8241
10.831
10.827
10.7926
10.8
10.7956
10.7818
10.7897
10.7843
10.8285
10.8342
10.829
10.8311
10.8381
10.8328
10.9327
10.9381
10.934
10.8825
10.8871
10.8826
10.8947
10.9006
10.896
18.4315
18.4523
18.2768
18.298
18.5463
18.5387
18.8838
18.8853
18.8808
18.778
18.7813
18.7752
18.7614
18.7639
18.7553
18.5847
18.5411
18.6715
18.6208
18.6539
18.5207
18.5584
18.5316
19.2389
19.2396
19.2358
19.1708
19.1717
19.1678
19.1305
19.132
19.1278
18.8906
18.8933
18.8878
18.8465
18.8495
18.8439
18.9364
18.9386
18.9334
19.0335
19.0348
19.0303
18.903
18.9056
18.9005
18.9896
18.9914
18.9865
19.4127
19.4097
19.4066
19.3411
19.3388
19.3353
19.3327
19.3305
19.3269
19.189
19.188
19.1837
19.143
19.1427
19.1383
19.2095
19.2084
19.2044
19.2303
19.2286
19.2249
19.1576
19.157
19.1527
19.2196
19.2182
19.2142
19.3069
19.3043
19.3009
19.2294
19.2272
19.2235
19.2592
19.2568
19.2532
19.1912
19.189
19.1852
19.1333
19.1315
19.1274
19.1712
19.1692
19.1654
19.1146
19.1129
19.109
19.1102
19.1085
19.1043
19.1458
19.1439
19.1399
18.9962
18.9933
18.9935
18.9322
18.9283
18.9261
18.9686
18.9681
18.9656
18.9205
18.9197
18.9165
18.8443
18.8444
18.8409
18.8617
18.8612
18.8581
18.748
18.7468
18.7448
18.7944
18.7948
18.7919
18.8096
18.8088
18.8065
7.91773
7.90422
7.98575
7.91601
7.96835
7.74127
7.76815
7.75315
7.60046
7.63992
7.87024
7.89446
7.86745
7.75011
7.77828
7.7579
7.99067
8.01779
7.98996
8.01847
8.04069
8.00964
7.86923
7.8962
7.86881
8.72561
8.7476
8.72637
8.87302
8.88849
8.86784
8.76807
8.78526
8.76358
8.67262
8.68838
8.66407
8.95469
8.96417
8.94131
8.79322
8.80704
8.7841
8.99104
9.00197
8.9811
9.04177
9.05009
9.02824
8.89062
8.90303
8.88105
9.39963
9.41147
9.39604
9.51578
9.52386
9.50917
9.43975
9.44822
9.43291
9.40259
9.40886
9.39228
9.59493
9.59827
9.58232
9.48174
9.48769
9.47182
9.65035
9.65574
9.64106
9.68341
9.68653
9.67121
9.56826
9.57376
9.5585
10.0888
10.0957
10.0849
10.2602
10.2645
10.2544
10.1663
10.1717
10.161
10.1571
10.1608
10.1494
10.3993
10.3993
10.3892
10.2585
10.2622
10.2514
10.4863
10.4882
10.4786
10.5301
10.5295
10.5202
10.3819
10.3845
10.3745
10.9202
10.9173
10.9125
11.0772
11.0671
11.0619
10.9895
10.9828
10.9785
11.0829
11.0773
11.071
11.237
11.2338
11.2206
11.1621
11.1575
11.1507
11.3936
11.3788
11.3701
11.3311
11.3181
11.3131
11.2681
11.2614
11.2551
18.8667
18.8694
18.8653
18.9052
18.9061
18.9008
18.8868
18.8879
18.8832
18.9199
18.9212
18.9156
18.9307
18.9315
18.9256
18.9199
18.9212
18.9155
18.9289
18.9301
18.9253
18.9233
18.9247
18.9192
18.9145
18.9157
18.911
18.9321
18.9314
18.9269
18.9424
18.9413
18.9372
18.954
18.9531
18.9487
18.9631
18.9626
18.9579
18.9917
18.9906
18.9862
18.9605
18.9598
18.9552
18.9393
18.9382
18.934
18.9836
18.9822
18.9779
18.9494
18.9484
18.9439
18.646
18.6473
18.6448
18.6434
18.6443
18.6422
18.6985
18.6989
18.6965
18.8034
18.8031
18.8001
18.8273
18.8265
18.8239
18.7653
18.7653
18.7627
18.6636
18.6645
18.6625
18.7827
18.7824
18.7802
18.7143
18.7146
18.7122
17.8857
17.8903
17.8898
17.8531
17.8574
17.857
17.9958
17.9997
17.9996
18.2773
18.2811
18.2809
18.3026
18.3053
18.3067
18.1708
18.1753
18.1758
17.9242
17.9291
17.9304
18.1999
18.2029
18.2049
18.0583
18.0629
18.0641
16.3768
16.287
16.3959
16.2898
16.4441
16.4474
17.0606
17.0616
17.0628
17.1143
17.1201
17.1224
16.8179
16.8215
16.8252
16.3838
16.4001
16.8632
16.8689
16.8732
16.6898
16.5641
16.6547
12.5888
11.9977
14.3277
14.3
14.8052
14.7841
14.8074
14.1
14.0623
13.3817
13.3118
14.3626
14.3301
14.362
13.5212
13.4661
9.87632
9.88277
9.85473
10.9237
10.9217
10.9007
10.9137
10.9116
10.8919
12.0196
12.026
12.014
12.8845
12.8805
12.8685
11.9615
11.9653
11.9517
11.8678
11.8665
11.8509
12.7647
12.759
12.7459
11.8982
11.8995
11.8848
10.3907
10.3856
10.3611
10.9577
10.948
10.9274
10.9671
10.9578
10.9367
11.6762
11.6674
11.6486
12.1721
12.1594
12.1431
11.6357
11.6262
11.6076
11.5406
11.5298
11.5117
12.0903
12.0769
12.0607
11.582
11.5718
11.5534
10.5716
10.5629
10.5447
10.9814
10.9696
10.9534
10.9486
10.9371
10.9203
11.4223
11.4094
11.3932
11.8545
11.8397
11.8254
11.4347
11.4218
11.4061
11.5007
11.4865
11.4721
11.8827
11.8674
11.8537
11.4654
11.4518
11.4366
11.2208
11.2085
11.1972
11.6274
11.6133
11.6042
11.5461
11.5316
11.5216
11.92
11.9041
11.8944
12.3588
12.3415
12.3334
12.0025
11.9867
11.9774
12.2273
12.2103
12.2034
12.4896
12.4692
12.4632
12.1458
12.1285
12.1212
19.1701
19.1773
19.2052
19.2123
19.2063
19.2045
19.1387
19.1356
19.1331
19.1836
19.1806
19.1778
19.1768
19.1739
19.1711
19.2587
19.2552
19.2385
19.226
19.2302
19.1997
19.2142
19.2015
19.0948
19.092
19.0912
19.1546
19.1515
19.1515
19.1662
19.1632
19.1621
19.2408
19.2375
19.2349
19.2811
19.2792
19.2763
19.2419
19.2389
19.2363
19.2254
19.224
19.2233
19.2807
19.2789
19.2762
19.2358
19.2338
19.2316
18.826
18.8264
18.8306
18.9048
18.9056
18.91
18.9478
18.9483
18.9525
19.1201
19.1208
19.124
19.1785
19.1803
19.1835
19.0917
19.0928
19.096
19.0158
19.0175
19.0204
19.1487
19.1502
19.153
19.0505
19.052
19.055
18.1825
18.185
18.1886
18.2997
18.2999
18.3011
18.3916
18.3921
18.394
18.7368
18.7375
18.738
18.7978
18.7967
18.7953
18.6692
18.6694
18.6694
18.4956
18.4951
18.4938
18.7085
18.7074
18.7053
18.5797
18.5796
18.5789
17.0787
17.0762
17.0724
17.1818
17.1765
17.1717
17.3418
17.3374
17.3331
17.8982
17.8957
17.892
17.9112
17.9067
17.9037
17.7633
17.7601
17.7561
17.4596
17.4551
17.4507
17.7634
17.7582
17.7551
17.6071
17.6031
17.5989
15.6645
15.6543
15.6475
15.822
15.8087
15.8037
15.9749
15.9629
15.9579
16.6712
16.6611
16.6573
16.7643
16.7521
16.7497
16.5245
16.5132
16.5095
16.2476
16.2338
16.2302
16.6383
16.6252
16.6228
16.3816
16.3689
16.3652
14.6862
14.6668
14.661
15.0326
15.0146
15.0103
15.09
15.072
15.0676
15.78
15.763
15.7597
16.0771
16.0621
16.0598
15.718
15.7011
15.698
15.6634
15.6456
15.6431
16.0717
16.0551
16.0533
15.7011
15.6831
15.6806
14.7386
14.7133
14.7129
15.1907
15.1666
15.1667
15.1552
15.1319
15.1326
15.7809
15.7597
15.7602
16.1166
16.1013
16.0978
15.7807
15.7604
15.7609
15.88
15.8601
15.8571
16.168
16.1527
16.1519
15.8339
15.8166
15.8166
19.4258
19.4251
19.4237
19.374
19.3722
19.3711
19.4038
19.4035
19.4024
19.3763
19.3755
19.3748
19.3074
19.3056
19.305
19.3371
19.3356
19.335
19.3668
19.3656
19.3639
19.3738
19.3725
19.3717
19.3972
19.3961
19.3953
19.051
19.046
19.0466
19.028
19.0239
19.0242
19.07
19.0659
19.0663
19.2587
19.2555
19.2558
19.2512
19.2486
19.2486
19.2288
19.2255
19.2259
19.1695
19.1659
19.1663
19.2326
19.2297
19.2298
19.201
19.1975
19.198
18.6157
18.6099
18.6099
18.6733
18.6688
18.6683
18.7197
18.7152
18.7149
19.0209
19.0165
19.0167
19.0808
19.0766
19.0767
18.9883
18.984
18.984
18.9359
18.9309
18.9309
19.0699
19.0652
19.0653
18.9671
18.9622
18.9624
18.3102
18.3
18.3001
18.4818
18.4724
18.4734
18.5055
18.496
18.4967
18.8882
18.8801
18.8811
19.0168
19.0106
19.0123
18.8708
18.8628
18.864
18.8912
18.8836
18.8858
19.0535
19.048
19.0506
18.9021
18.8938
18.8956
19.9283
19.9278
19.9695
19.9694
19.9373
19.9381
19.8018
19.8004
19.8022
19.8437
19.8429
19.8447
19.8333
19.8326
19.8347
19.9558
19.9684
19.9718
19.9847
19.978
19.9711
19.9733
19.9747
19.9422
19.9409
19.9443
20.0153
20.0169
20.0208
20.0029
20.0035
20.0073
20.1156
20.1161
20.1198
20.1656
20.1686
20.1723
20.129
20.1301
20.134
20.1781
20.181
20.1846
20.2037
20.2075
20.2111
20.1626
20.1651
20.169
19.3783
19.2945
19.3066
19.2657
19.1856
19.1949
19.3644
19.2837
19.293
19.2534
19.2062
19.1974
19.2152
19.1498
19.151
19.3187
19.2529
19.2541
18.5534
18.5515
18.5408
18.8118
18.8027
18.7877
18.6183
18.6089
18.5935
18.3029
18.2789
18.2612
18.7186
18.681
18.669
18.5742
18.5493
18.5331
18.8561
18.8369
18.8197
18.784
18.7517
18.7371
18.6754
18.6553
18.6378
18.7166
18.6432
18.6555
18.7577
18.7017
18.6986
18.8494
18.7795
18.7854
19.0411
18.9604
18.9725
19.1334
19.0524
19.0624
19.0098
18.9294
18.9397
18.8652
18.8154
18.8085
19.0848
19.0179
19.0201
18.958
18.8904
18.8935
19.1851
19.2007
19.1802
19.0968
19.107
19.0858
19.1741
19.1832
19.1621
19.1898
19.1794
19.1613
19.0972
19.0987
19.0782
19.1746
19.175
19.1546
18.7219
18.7008
18.6891
18.8295
18.814
18.7988
18.8419
18.8103
18.802
19.0266
18.9561
18.9645
19.1054
19.0475
19.0505
18.9993
18.9454
18.9471
18.9254
18.9062
18.8919
19.0563
19.0167
19.0113
18.9529
18.9171
18.9103
18.7349
18.7428
18.7239
18.8075
18.8037
18.785
18.814
18.8198
18.7994
18.9241
18.9418
18.9227
18.9869
18.9973
18.9763
18.9046
18.917
18.8959
18.9037
18.8976
18.8789
18.9857
18.9876
18.9673
18.9009
18.9051
18.8845
19.6006
19.6229
19.6141
19.4669
19.4925
19.4824
19.5399
19.5639
19.5542
19.4126
19.4386
19.4271
19.4027
19.4293
19.4184
19.4757
19.5009
19.4904
18.9321
18.9586
18.9463
19.0445
19.0718
19.0597
18.9795
19.0065
18.9935
18.953
18.9745
18.9586
19.0687
19.0927
19.0779
19.0001
19.0253
19.0108
19.1156
19.1439
19.1313
19.1206
19.147
19.1335
19.0532
19.0808
19.0672
19.1251
19.1502
19.14
19.1089
19.1359
19.1246
19.1735
19.1992
19.1888
19.3685
19.3928
19.3833
19.3744
19.3998
19.3897
19.3092
19.3352
19.325
19.1807
19.2088
19.197
19.3091
19.3355
19.3247
19.2446
19.2716
19.2607
20.0038
20.0143
20.0097
19.8802
19.8933
19.8879
19.9623
19.9739
19.969
19.8734
19.8877
19.8819
19.8396
19.854
19.8482
19.9197
19.9327
19.9273
19.4286
19.4513
19.4426
19.5513
19.5713
19.5635
19.4821
19.5028
19.4947
19.3925
19.4103
19.4031
19.5006
19.517
19.5103
19.4552
19.4732
19.466
19.6062
19.6246
19.6174
19.5831
19.6005
19.5935
19.5358
19.5549
19.5474
19.7456
19.7578
19.7527
19.7874
19.8
19.7947
19.7088
19.7222
19.7166
19.5164
19.5303
19.5244
19.5443
19.5594
19.5532
19.585
19.5989
19.5931
19.7474
19.7613
19.7556
19.629
19.6451
19.6386
19.6714
19.6862
19.6801
20.278
20.2837
20.2813
20.1501
20.1573
20.1544
20.244
20.25
20.2475
20.1779
20.1845
20.1818
20.1195
20.1271
20.124
20.2125
20.2189
20.2162
19.7754
19.7863
19.782
19.8943
19.9033
19.8996
19.8092
19.819
19.8152
19.6566
19.6652
19.6617
19.7711
19.7797
19.7764
19.7404
19.7486
19.7453
19.9249
19.9332
19.9298
19.8683
19.8772
19.8737
19.8373
19.8462
19.8426
19.9869
19.9942
19.9915
20.0495
20.0565
20.0538
19.9558
19.9636
19.9608
19.738
19.7464
19.7435
19.7965
19.8048
19.8017
19.827
19.8348
19.832
20.02
20.0273
20.0245
19.896
19.9048
19.9015
19.9274
19.9358
19.9327
20.5289
20.5332
20.5313
20.4033
20.4084
20.4062
20.4963
20.5008
20.4988
20.4351
20.4397
20.4377
20.3738
20.379
20.3768
20.4676
20.4722
20.4702
20.0146
20.0216
20.019
20.1435
20.1492
20.147
20.0458
20.0523
20.05
19.8642
19.8696
19.8677
19.9926
19.9973
19.9955
19.9636
19.9688
19.9669
20.172
20.1774
20.1753
20.1042
20.1098
20.1077
20.0732
20.0792
20.077
20.2201
20.2246
20.2227
20.2934
20.2976
20.2958
20.1896
20.1942
20.1923
19.9371
19.9413
19.9394
20.0168
20.021
20.0194
20.0452
20.0492
20.0475
20.265
20.2694
20.2677
20.1313
20.1365
20.1345
20.162
20.1669
20.1649
20.7555
20.7587
20.7579
20.6572
20.6608
20.6595
20.7287
20.7322
20.7311
20.6742
20.6783
20.6767
20.6276
20.6316
20.6301
20.7035
20.7073
20.706
20.2485
20.2531
20.2511
20.3868
20.3907
20.389
20.2805
20.285
20.2831
20.0658
20.0704
20.0685
20.2138
20.2176
20.2161
20.1822
20.1862
20.1845
20.4162
20.4201
20.4184
20.3436
20.348
20.3461
20.3102
20.3147
20.3128
20.4754
20.4783
20.4772
20.5414
20.5444
20.5433
20.4408
20.4441
20.4428
20.1594
20.1632
20.1617
20.2432
20.2469
20.2454
20.2774
20.2807
20.2794
20.5121
20.5155
20.5142
20.3743
20.3785
20.3768
20.4094
20.4132
20.4117
20.8644
20.8665
20.8679
20.8458
20.8466
20.8477
20.8626
20.8647
20.866
20.8467
20.8485
20.8492
20.8311
20.8321
20.8328
20.8569
20.8588
20.8599
20.5057
20.5081
20.5071
20.6303
20.6321
20.6317
20.5384
20.5403
20.5396
20.3181
20.3193
20.3185
20.4598
20.4606
20.4602
20.4296
20.4306
20.4301
20.6533
20.6548
20.6546
20.5959
20.5971
20.5968
20.5657
20.5672
20.5666
20.6868
20.6867
20.6873
20.7325
20.7329
20.7337
20.6676
20.6677
20.668
20.4065
20.4069
20.4063
20.4833
20.4838
20.4835
20.5098
20.51
20.5099
20.7182
20.7189
20.7194
20.6206
20.6215
20.6213
20.6466
20.6472
20.6472
20.8673
20.8647
20.8749
20.8724
20.8714
20.8529
20.8632
20.8547
20.8611
20.8609
20.8595
20.851
20.8499
20.849
20.8503
20.8498
20.8488
20.7031
20.7026
20.7034
20.7522
20.7524
20.7536
20.7116
20.711
20.712
20.5106
20.5088
20.5091
20.5812
20.5797
20.5805
20.5853
20.5838
20.5845
20.7554
20.7554
20.7563
20.7173
20.7164
20.7173
20.7231
20.7221
20.7232
20.6878
20.6846
20.6832
20.7311
20.7283
20.7271
20.7165
20.7134
20.713
20.5167
20.5138
20.514
20.5881
20.5862
20.5869
20.5668
20.5645
20.5646
20.7218
20.7203
20.7193
20.7269
20.7252
20.726
20.7058
20.7036
20.7035
10.7137
10.723
10.7179
10.6099
10.6211
10.6156
10.7169
10.7261
10.7211
10.6981
10.7071
10.702
10.5864
10.5975
10.5919
10.6958
10.7047
10.6995
10.3395
10.3524
10.3468
10.4719
10.4836
10.478
10.3449
10.3584
10.3524
10.1797
10.1956
10.1895
10.3167
10.3307
10.3249
10.3026
10.3168
10.311
10.4984
10.5098
10.5043
10.3809
10.3942
10.3882
10.3746
10.3882
10.3823
10.4621
10.4751
10.4696
10.5589
10.5704
10.5651
10.4505
10.4634
10.4579
10.2657
10.2807
10.2749
10.3525
10.3663
10.3608
10.3691
10.383
10.3774
10.5332
10.5444
10.539
10.4117
10.425
10.4192
10.4216
10.4348
10.429
10.7772
10.7876
10.783
10.7014
10.7127
10.7078
10.7743
10.7846
10.7801
10.7588
10.7692
10.7646
10.6821
10.6938
10.6888
10.7594
10.7698
10.7654
10.4898
10.5025
10.4972
10.5939
10.6057
10.6007
10.5044
10.5173
10.5121
10.4451
10.4588
10.4525
10.5361
10.5491
10.5433
10.51
10.5229
10.5172
10.6157
10.6274
10.6225
10.5494
10.5622
10.5566
10.5317
10.5443
10.539
10.6521
10.664
10.6586
10.6891
10.7006
10.6954
10.6288
10.6405
10.635
10.5527
10.5651
10.559
10.5707
10.583
10.5771
10.6001
10.6125
10.6067
10.6647
10.6767
10.6714
10.5787
10.5912
10.5856
10.5997
10.6121
10.6065
10.8819
10.8919
10.8872
10.8332
10.8434
10.8386
10.8702
10.8802
10.8755
10.8417
10.8519
10.8471
10.8128
10.8235
10.8187
10.8515
10.8616
10.8568
10.682
10.6931
10.6878
10.7482
10.7592
10.7541
10.7042
10.7153
10.71
10.7477
10.7575
10.7528
10.7988
10.8081
10.8033
10.7699
10.7796
10.7744
10.7751
10.7854
10.7803
10.759
10.7691
10.7642
10.7367
10.7471
10.742
10.8709
10.8799
10.8765
10.8739
10.8837
10.8795
10.8472
10.8567
10.8529
10.8423
10.8503
10.8463
10.8402
10.8487
10.8441
10.8673
10.8756
10.8713
10.8447
10.8549
10.8504
10.7929
10.8024
10.7978
10.8143
10.824
10.8196
10.9407
10.9475
10.9449
10.9773
10.9839
10.9808
10.9583
10.9655
10.9621
10.9263
10.9335
10.9304
10.9591
10.9662
10.9627
10.9864
10.989
10.9867
11.0484
11.0548
11.0516
11.0351
11.0407
11.0381
10.898
10.9061
10.9033
10.942
10.9498
10.9457
10.9181
10.9249
10.9224
10.9473
10.9529
10.95
10.9661
10.9733
10.9693
10.9389
10.9446
10.9419
11.0163
11.0097
11.0088
11.0661
11.0718
11.0684
11.1137
11.1122
11.1085
11.0217
11.029
11.0254
10.9685
10.9747
10.9696
10.9581
10.9622
10.9601
11.01
11.0158
11.0122
10.9705
10.9731
10.97
19.4351
19.4476
19.442
19.349
19.3612
19.3559
19.3859
19.3967
19.392
19.3588
19.3664
19.3638
19.2918
19.2958
19.2937
19.3217
19.3298
19.3269
19.2743
19.2856
19.2811
19.3318
19.3289
19.3291
19.311
19.3207
19.3166
19.3203
18.882
19.2059
19.2031
19.1201
19.4729
19.1071
19.1142
18.8522
18.9161
19.0553
19.279
19.2748
19.2275
19.2141
19.2202
19.18
19.1734
19.16
19.1984
19.1785
19.2571
19.2028
19.3098
19.2935
19.6382
19.646
19.6433
19.5282
19.5362
19.5334
19.5545
19.5621
19.5596
19.4903
19.4958
19.4937
19.3837
19.3893
19.3879
19.4694
19.4753
19.4733
19.4373
19.4439
19.4415
19.3846
19.3906
19.3888
19.4617
19.4684
19.466
18.8889
19.287
19.2734
19.121
19.1614
19.1741
19.1754
19.3242
19.3128
19.3265
19.3135
19.3127
19.1797
19.2553
19.2042
19.3037
19.2821
19.2987
19.2117
19.2062
19.1052
19.1444
19.1389
19.2357
19.231
19.2888
19.2727
19.2889
19.292
19.2965
19.2949
19.2191
19.2043
19.2194
19.2196
19.2041
19.2126
19.3197
19.3238
19.322
19.2661
19.2511
19.264
19.8096
19.8135
19.8116
19.6818
19.6863
19.6843
19.6983
19.7029
19.7008
19.5927
19.5966
19.5947
19.4616
19.4662
19.4644
19.5785
19.5827
19.5809
19.5495
19.5538
19.5519
19.4547
19.4591
19.457
19.5637
19.5678
19.5659
19.0177
19.0099
19.1426
19.1227
19.1385
19.102
19.0824
19.0936
19.2531
19.2292
19.2485
19.3107
19.316
19.3138
19.2751
19.2744
19.2743
19.241
19.2439
19.242
19.2963
19.2994
19.2982
19.217
19.2187
19.2172
19.1042
19.0904
19.0919
19.0692
19.0879
19.1522
19.1278
19.1475
19.2051
19.2091
19.2068
19.3194
19.3224
19.3212
19.1935
19.1976
19.1962
19.2069
19.2102
19.2085
19.3241
19.3269
19.3256
19.2267
19.2298
19.2282
20.0124
20.0157
20.0143
19.8538
19.8581
19.8563
19.8844
19.8882
19.8867
19.7808
19.7829
19.7815
19.614
19.6173
19.6156
19.7511
19.7537
19.7522
19.6964
19.6999
19.6982
19.5873
19.5908
19.5891
19.7234
19.7265
19.725
18.9198
18.8864
18.9114
19.0774
19.0789
19.0763
19.0481
19.0501
19.0474
19.1997
19.2026
19.201
19.3458
19.3485
19.3464
19.2159
19.2184
19.2165
19.24
19.2423
19.2405
19.3556
19.3587
19.3566
19.2179
19.2206
19.2188
18.9686
18.9698
18.9672
19.0542
19.0564
19.0545
19.0827
19.0855
19.0821
19.319
19.3216
19.3189
19.4345
19.437
19.435
19.2916
19.2946
19.2921
19.2478
19.2503
19.2487
19.41
19.4125
19.4104
19.2719
19.2747
19.2722
20.2531
20.2532
20.2526
20.0986
20.0999
20.0987
20.1313
20.1322
20.1312
20.0228
20.0228
20.0219
19.8629
19.8639
19.8625
19.9923
19.9926
19.9917
19.9332
19.9344
19.9332
19.8333
19.8349
19.8334
19.966
19.9668
19.9657
19.3476
19.3506
19.3483
19.5201
19.5219
19.5199
19.3763
19.3788
19.3763
19.0758
19.0789
19.0753
19.2554
19.2572
19.2542
19.2221
19.2243
19.2213
19.556
19.5581
19.5561
19.445
19.4472
19.4448
19.4138
19.4165
19.4142
19.5907
19.5914
19.5894
19.6905
19.6912
19.6896
19.5563
19.5576
19.5555
19.194
19.1963
19.1927
19.2989
19.3008
19.2979
19.3351
19.3364
19.3336
19.6578
19.659
19.6573
19.4849
19.4871
19.4848
19.5198
19.5216
19.5194
20.3632
20.3599
20.3599
20.2765
20.2735
20.273
20.2808
20.2775
20.2772
20.1198
20.116
20.1152
20.0263
20.023
20.0218
20.1254
20.1219
20.1211
20.1125
20.1096
20.1088
20.0165
20.0135
20.0124
20.1194
20.1162
20.1156
19.6219
19.6221
19.6201
19.78
19.7791
19.7777
19.6539
19.6536
19.6516
19.394
19.3942
19.3909
19.5443
19.5434
19.5409
19.514
19.5134
19.5109
19.8012
19.7998
19.7983
19.7063
19.705
19.7031
19.6782
19.6773
19.6753
19.7709
19.7677
19.7658
19.8645
19.8612
19.8597
19.7569
19.7541
19.7521
19.4822
19.4812
19.4785
19.5658
19.5644
19.562
19.5906
19.5889
19.5867
19.8557
19.8529
19.8514
19.7233
19.7214
19.7193
19.7461
19.7439
19.742
20.2699
20.2649
20.2625
20.2455
20.2395
20.2378
20.215
20.2094
20.2074
20.0101
20.0038
20.0019
19.9786
19.9729
19.971
20.0399
20.0339
20.0321
20.0712
20.0659
20.0639
19.9756
19.9703
19.9679
20.0366
20.0313
20.029
19.7763
19.7725
19.7706
19.8689
19.8647
19.8633
19.7784
19.7744
19.7725
19.5414
19.5381
19.5352
19.623
19.6191
19.6166
19.6293
19.6254
19.623
19.8654
19.8608
19.8591
19.7691
19.7648
19.7626
19.7781
19.7737
19.7716
19.7102
19.7055
19.7025
19.8075
19.8025
19.8001
19.739
19.7343
19.7316
19.5276
19.5241
19.5211
19.616
19.6119
19.6093
19.5978
19.5938
19.591
19.8122
19.8076
19.805
19.7648
19.7603
19.7579
19.7444
19.7399
19.7373
20.2259
20.5241
20.0453
19.9215
19.9129
19.9077
19.8436
19.8748
19.9009
19.8923
20.0047
19.9931
19.7071
19.7021
19.6995
19.7348
19.7294
19.7274
19.6739
19.669
19.6664
19.4404
19.4361
19.4328
19.4651
19.4606
19.4578
19.4996
19.4951
19.4921
19.7345
19.7279
19.7262
19.6407
19.636
19.6336
19.6719
19.6665
19.6641
19.5916
19.5845
19.5858
19.6727
19.6587
19.5435
19.5892
19.5525
19.3679
19.3636
19.361
19.4456
19.4404
19.4382
19.4176
19.4119
19.4099
19.6558
19.6511
19.6487
19.631
19.6263
19.6244
19.6234
19.616
19.6141
9.49995
9.53391
9.29162
9.31951
9.3807
9.42586
9.47416
9.49324
9.48532
9.27759
9.29864
9.29025
9.41998
9.43889
9.43087
9.24964
9.29776
9.1869
9.20849
9.20031
9.38174
9.3809
9.39061
8.56197
8.57207
8.57547
8.77602
8.82943
8.74068
8.6816
8.7314
8.70336
8.72817
8.70827
8.85972
8.88328
8.8683
8.76869
8.79451
8.77998
8.93804
8.9424
8.95009
8.85781
8.88113
8.87034
8.75366
8.7781
8.76799
9.17657
9.19757
9.18414
9.21703
9.23885
9.22905
9.10774
9.13022
9.11682
8.98728
9.00688
8.98897
8.955
8.97765
8.96248
9.03448
9.05565
9.04004
9.14474
9.16777
9.15809
8.94812
8.97122
8.95891
9.02254
9.04568
9.03251
9.94399
9.96133
9.95473
9.78546
9.80291
9.7958
9.81532
9.83285
9.82582
9.83096
9.84696
9.83947
9.70547
9.72107
9.71197
9.79138
9.80707
9.79999
9.71023
9.72665
9.71931
9.65214
9.66835
9.65935
9.74623
9.76243
9.75521
9.25355
9.27339
9.26013
9.4013
9.41977
9.40937
9.31934
9.33814
9.32477
9.37176
9.38696
9.37195
9.46165
9.47723
9.46331
9.39815
9.41453
9.40012
9.46397
9.4814
9.47083
9.45067
9.46769
9.4543
9.38999
9.40775
9.39441
9.69733
9.71134
9.6995
9.68995
9.7049
9.69381
9.63945
9.65377
9.64163
9.58351
9.59664
9.58303
9.53042
9.54501
9.53156
9.59364
9.60763
9.59458
9.62939
9.6449
9.63394
9.51642
9.53228
9.51934
9.57399
9.58923
9.57665
10.2247
10.2399
10.2336
10.1058
10.1213
10.114
10.1467
10.1623
10.1547
10.2543
10.2689
10.2603
10.163
10.1767
10.1674
10.2036
10.2181
10.2095
10.0923
10.1074
10.0984
10.0916
10.1056
10.096
10.1404
10.1554
10.1465
9.76763
9.78079
9.76928
9.86018
9.87388
9.86316
9.82804
9.84069
9.8294
9.98134
9.99052
9.97938
10.0354
10.0454
10.0345
9.96332
9.97415
9.9629
9.93166
9.94484
9.93443
9.96917
9.98117
9.97052
9.90471
9.91681
9.90588
10.2783
10.2872
10.2785
10.209
10.2202
10.211
10.2063
10.2158
10.2065
10.2383
10.2444
10.2352
10.1278
10.1366
10.1264
10.2046
10.2126
10.203
10.1288
10.141
10.1313
10.0511
10.0621
10.0518
10.1176
10.1279
10.118
10.5757
10.5876
10.5813
10.5043
10.5169
10.5101
10.5506
10.5627
10.5562
10.7268
10.736
10.7301
10.6778
10.687
10.681
10.6737
10.6837
10.6776
10.5556
10.5673
10.5604
10.6136
10.624
10.6176
10.6108
10.622
10.6154
10.37
10.3782
10.3702
10.428
10.4382
10.4304
10.4451
10.4526
10.4454
10.7244
10.7245
10.7194
10.7595
10.7617
10.7566
10.6731
10.6761
10.6704
10.5093
10.519
10.5119
10.6093
10.6156
10.61
10.5331
10.5399
10.5336
10.8857
10.8889
10.8843
10.7983
10.8049
10.7993
10.8297
10.8334
10.8287
10.9674
10.9645
10.9616
10.8503
10.852
10.8478
10.9311
10.9323
10.9286
10.7244
10.7321
10.7263
10.6892
10.6949
10.6899
10.7588
10.7638
10.7592
11.1482
11.1446
11.1399
11.0288
11.0288
11.0269
11.0771
11.0819
11.0778
10.9294
10.9361
10.9323
10.882
10.8884
10.8847
10.9057
10.9117
10.9083
10.9945
10.9992
10.9915
11.0027
11.0071
11.0029
11.0275
11.0336
11.0291
11.2855
11.2564
11.3054
11.3062
11.2988
11.1567
11.2562
11.1805
10.942
10.9427
10.9389
10.9889
10.9921
10.9867
10.9953
10.9932
10.9881
11.0533
11.0505
11.0473
11.0403
11.0447
11.0391
11.0231
11.0261
11.0167
11.2753
11.248
11.2422
11.2421
11.2377
10.9259
10.9866
11.0186
11.3666
11.3596
11.4268
11.4137
11.0947
11.1907
11.12
11.0904
11.0917
11.0795
11.1878
11.1641
19.0109
19.0131
19.0083
18.8373
18.8411
18.8356
18.8785
18.8814
18.8758
18.8281
18.831
18.8251
18.6771
18.6811
18.6749
18.7818
18.7844
18.7787
18.6662
18.6703
18.6654
18.6243
18.6269
18.6186
18.7208
18.7227
18.7169
17.7138
17.9043
18.3286
18.2858
17.9154
18.1425
17.8562
18.3661
18.5519
18.5756
18.5585
18.6155
18.5669
18.5995
18.4866
18.4906
18.2445
18.2613
18.4534
18.4799
18.4609
18.5322
18.5006
19.3364
19.3357
19.3325
19.2054
19.2058
19.2019
19.2392
19.239
19.2353
19.1676
19.1669
19.1627
19.0646
19.0652
19.0604
19.1396
19.1393
19.135
19.0734
19.0741
19.0697
19.0292
19.0301
19.0253
19.11
19.1102
19.1059
18.6591
18.6782
18.6645
18.726
18.7291
18.7236
18.6749
18.68
18.6751
18.6391
18.6427
18.6353
18.7365
18.7395
18.7338
18.6804
18.6845
18.6784
18.787
18.7906
18.7842
18.7915
18.7944
18.7884
18.7399
18.7439
18.7379
18.7914
18.7951
18.7895
18.7779
18.7812
18.7756
18.8114
18.8144
18.8085
18.948
18.9494
18.9442
18.9671
18.9686
18.9633
18.9205
18.9226
18.9173
18.8386
18.8418
18.836
18.9255
18.9272
18.9217
18.875
18.8775
18.8717
19.4007
19.3975
19.3943
19.3363
19.3336
19.33
19.3353
19.3325
19.329
19.2076
19.2051
19.2013
19.1684
19.1664
19.1624
19.218
19.2156
19.2118
19.2271
19.2251
19.2213
19.1757
19.1741
19.1702
19.2286
19.2265
19.2228
18.9832
18.9843
18.9793
19.0495
19.0498
19.0451
19.0056
19.0062
19.0015
18.9489
18.9498
18.9444
18.9805
18.9806
18.9754
18.967
18.9676
18.9623
19.067
19.0669
19.0623
19.0418
19.0415
19.0369
19.0273
19.0275
19.0228
19.0513
19.05
19.0455
19.085
19.0834
19.0791
19.054
19.0527
19.0482
18.9846
18.9843
18.9791
18.9919
18.9916
18.9865
18.9983
18.9978
18.9929
19.091
19.0898
19.0855
19.0507
19.05
19.0454
19.0566
19.0556
19.0511
19.2073
19.2038
19.2006
19.1933
19.1903
19.1864
19.1645
19.1618
19.1581
18.9639
18.9627
18.9595
18.9759
18.9748
18.971
19.0024
19.0009
18.9973
19.0771
19.075
19.071
19.0165
19.0152
19.0113
19.0437
19.0419
19.0381
19.0381
19.0368
19.0322
19.0482
19.0466
19.0423
19.0267
19.0256
19.0211
18.9549
18.9542
18.9499
18.9342
18.9336
18.9295
18.9525
18.9518
18.9474
19.023
19.0215
19.0172
18.9848
18.9838
18.9796
19.0044
19.0033
18.9989
18.8443
18.8443
18.8406
18.8864
18.8857
18.8819
18.8821
18.8815
18.8778
18.8868
18.8863
18.8826
18.9023
18.9017
18.8978
18.8745
18.8742
18.8705
18.9321
18.9313
18.9275
18.9526
18.9516
18.9476
18.9245
18.9239
18.92
18.6778
18.7125
18.8085
18.8622
18.823
18.8447
18.8273
18.8367
18.4692
18.4606
18.529
18.5277
18.5256
18.5266
18.5049
18.5163
18.676
18.6758
18.6728
18.5922
18.5947
18.5921
18.5924
18.5917
18.5919
18.7925
18.7929
18.7893
18.7397
18.7407
18.7372
18.7438
18.745
18.7415
18.6571
18.6589
18.6561
18.5585
18.5612
18.5585
18.6229
18.625
18.6221
18.6746
18.6761
18.6729
18.621
18.6233
18.6201
18.6811
18.6827
18.6794
18.2864
18.2905
18.2873
18.3566
18.358
18.3557
18.381
18.3842
18.3814
18.4458
18.4494
18.4471
18.478
18.481
18.4783
18.3962
18.4001
18.3975
18.4517
18.4539
18.4516
18.5459
18.5483
18.5452
18.4701
18.4732
18.4703
8.16599
8.19393
8.17249
8.00413
8.03197
8.00953
8.16502
8.19001
8.16498
8.59308
8.60837
8.58301
8.61782
8.63068
8.60307
8.45141
8.46927
8.44218
8.15591
8.18113
8.15139
8.48019
8.49497
8.46558
8.31234
8.3335
8.30446
8.39337
8.40407
8.36567
8.13883
8.15904
8.12147
8.56548
8.57495
8.53848
9.78462
9.7804
9.75261
9.35156
9.35254
9.32282
9.22284
9.22426
9.19215
8.29928
8.31698
8.28017
8.86866
8.87574
8.84407
8.71523
8.72361
8.6893
9.31628
9.32001
9.2962
8.90146
8.91023
8.8829
9.21826
9.22275
9.19721
9.98149
9.97708
9.95364
9.44732
9.44821
9.42035
9.5425
9.54323
9.51717
8.77746
8.78737
8.75805
8.9943
9.00055
8.97105
9.11918
9.12403
9.09671
9.05097
9.06722
9.04908
8.98662
9.00148
8.98218
9.07544
9.08907
9.07091
9.36036
9.36917
9.35266
9.39095
9.39752
9.37999
9.27905
9.28856
9.2711
9.1104
9.12122
9.10173
9.31442
9.32133
9.30303
9.19768
9.20787
9.18952
9.39145
9.39462
9.37205
9.2173
9.22248
9.20019
9.46869
9.47117
9.44981
10.175
10.1711
10.1519
9.91922
9.91827
9.89903
9.86022
9.85976
9.83968
9.29571
9.30023
9.27904
9.59963
9.60103
9.58149
9.53143
9.53333
9.51286
9.8803
9.88057
9.86378
9.60476
9.60837
9.5907
9.80372
9.80415
9.78667
10.3318
10.3269
10.3097
9.97975
9.97837
9.95986
10.0474
10.0457
10.0279
9.52739
9.53122
9.51281
9.66233
9.66331
9.64449
9.7321
9.73307
9.71498
9.66058
9.67156
9.658
9.62905
9.63802
9.62397
9.70904
9.71757
9.70405
10.0584
10.0627
10.0503
10.0933
10.0951
10.0824
9.96815
9.97255
9.95956
9.77903
9.78493
9.77082
9.98408
9.98668
9.97321
9.86608
9.87142
9.85784
9.96621
9.96602
9.94993
9.85476
9.8568
9.8412
10.049
10.0485
10.0331
10.7624
10.7555
10.742
10.5885
10.5835
10.5701
10.4892
10.4847
10.4705
9.9516
9.95304
9.93809
10.2327
10.2311
10.2171
10.145
10.1437
10.1291
10.6621
10.6581
10.6469
10.3709
10.3697
10.3574
10.565
10.5613
10.5496
11.077
11.068
11.0571
10.7195
10.7135
10.7012
10.824
10.8178
10.8063
10.2433
10.2431
10.2298
10.3443
10.3421
10.3289
10.4357
10.433
10.4203
10.3946
10.398
10.3891
10.3872
10.3901
10.3808
10.4775
10.4794
10.4707
10.9604
10.9568
10.9504
10.9913
10.9856
10.9793
10.87
10.8675
10.8606
10.6363
10.6365
10.6281
10.86
10.8563
10.8488
10.7328
10.732
10.7239
11.6899
11.6703
11.6634
11.5659
11.5566
11.5486
11.4844
11.4727
11.4656
10.8077
10.8023
10.7927
10.7216
10.7187
10.7092
10.9024
10.8967
10.8878
11.1374
11.1292
11.122
10.8698
10.8659
10.8573
11.05
11.0423
11.0343
11.8863
11.8977
11.8656
11.7022
11.6902
11.6833
11.8341
11.814
11.8035
11.532
11.5175
11.5114
11.3421
11.3348
11.3278
11.4592
11.454
11.4398
11.2781
11.2662
11.2604
11.2161
11.2081
11.201
11.3693
11.3541
11.3469
11.6844
11.6717
11.6721
11.6434
11.6172
11.6019
11.1943
11.1914
11.1865
11.1486
11.146
11.1353
11.2146
11.2047
11.2013
11.2426
11.3148
11.3503
11.4553
11.3695
11.5234
11.5268
11.5133
11.7431
13.2049
12.229
11.6004
11.6099
11.581
11.5158
11.6238
11.5337
11.7678
11.7237
11.8971
11.8707
11.7038
11.7097
11.6926
11.4494
11.5288
12.8589
12.7351
11.9491
11.5005
11.4085
18.9518
18.9519
18.9461
18.9509
18.9516
18.9459
18.9564
18.9568
18.951
18.9628
18.9627
18.9578
18.9815
18.9816
18.977
18.9598
18.9601
18.955
18.9436
18.9448
18.9394
18.968
18.9684
18.9635
18.9488
18.9495
18.944
18.8761
18.8891
18.8983
18.9116
18.8992
18.9894
18.974
19.0133
18.9954
18.9961
18.9609
18.9682
18.9721
18.9391
18.9597
18.9705
18.9857
18.9706
18.9539
18.9558
19.0456
19.0443
18.997
19.0098
18.9968
19.0554
19.0271
19.043
19.0243
19.0232
19.0189
18.9873
18.9868
18.9826
19.0169
19.0162
19.0122
18.9979
18.9969
18.9928
18.9776
18.9774
18.9734
19.0041
19.0031
18.9993
18.8659
18.8654
18.8616
18.9163
18.9152
18.9111
18.8966
18.8957
18.8918
18.8433
18.8429
18.8397
18.9195
18.9184
18.915
18.8698
18.8691
18.8654
18.9174
18.9164
18.9119
18.944
18.9429
18.9391
18.8998
18.899
18.895
19.0353
19.0342
19.03
18.9982
18.9973
18.9923
19.0342
19.0328
19.0285
19.1078
19.1049
19.102
19.0642
19.0623
19.0591
19.0694
19.0677
19.0645
18.9974
18.9964
18.9917
19.0329
19.0312
19.0273
19.039
19.0374
19.0336
18.9875
18.9854
18.9832
18.9454
18.9442
18.9409
19.0035
19.0014
18.9988
19.1058
19.1032
19.1004
19.0615
19.0593
19.0568
19.0537
19.0517
19.0493
18.9662
18.965
18.9615
19.0291
19.0272
19.0238
19.0193
19.0173
19.0145
18.4331
18.4367
18.4349
18.5764
18.5782
18.5763
18.5077
18.5102
18.5087
18.3731
18.3764
18.3758
18.5555
18.5568
18.5561
18.4567
18.4593
18.4582
18.5999
18.6015
18.5999
18.6266
18.6276
18.6267
18.5357
18.538
18.5368
18.9614
18.9594
18.9572
18.8647
18.8638
18.8616
18.9381
18.9364
18.9344
19.0326
19.0299
19.0281
18.9263
18.9248
18.9231
18.9533
18.9513
18.9491
18.8231
18.8225
18.8204
18.8692
18.8678
18.8662
18.9007
18.899
18.897
18.6705
18.6706
18.6713
18.6156
18.6166
18.616
18.7234
18.7231
18.723
18.9521
18.9502
18.9506
18.8856
18.8843
18.8831
18.8505
18.8497
18.8492
18.6808
18.6817
18.6809
18.822
18.821
18.8197
18.7821
18.7818
18.7814
17.39
17.3914
17.3906
17.705
17.7092
17.709
17.5356
17.5403
17.539
17.2562
17.2599
17.2609
17.6597
17.6641
17.667
17.4481
17.4532
17.4542
17.7839
17.789
17.7905
17.8173
17.8216
17.8242
17.6225
17.6274
17.6286
18.5998
18.6001
18.6013
18.3916
18.394
18.3955
18.5313
18.532
18.534
18.7102
18.7104
18.7145
18.4876
18.4892
18.4927
18.5607
18.5616
18.5648
18.2972
18.2997
18.3019
18.3611
18.3624
18.3657
18.4475
18.4484
18.4511
17.9122
17.9159
17.9214
17.8156
17.82
17.8233
18.0351
18.038
18.0428
18.502
18.5037
18.5102
18.4006
18.4027
18.4069
18.3136
18.3164
18.3216
17.9551
17.9588
17.9623
18.2608
18.2625
18.2666
18.1563
18.1586
18.1627
15.667
15.7871
14.9096
14.9127
15.7147
15.728
15.7353
15.1696
15.1757
15.879
15.893
16.125
16.1452
16.1455
15.7424
15.7621
17.7673
17.7715
17.7782
17.3333
17.3384
17.3424
17.6264
17.6309
17.638
17.9671
17.9705
17.9764
17.5681
17.5733
17.5803
17.7109
17.7162
17.7236
17.1325
17.1367
17.142
17.2887
17.2946
17.3019
17.4507
17.4559
17.4633
16.4544
16.4574
16.4623
16.179
16.1868
16.1925
16.6535
16.658
16.664
17.5549
17.5569
17.5615
17.3892
17.3942
17.4002
17.2293
17.2337
17.2391
16.4843
16.4923
16.4982
17.0796
17.0856
17.0927
16.9008
16.9063
16.9132
9.60084
9.65385
11.4971
11.5939
11.4662
11.4183
12.1179
12.1265
12.1158
13.3183
13.3202
13.3128
12.278
12.2863
12.2683
12.6623
12.6594
13.5833
13.5851
13.5799
12.3293
12.4871
12.3959
16.1869
16.1886
16.1924
15.3963
15.3986
15.4008
15.9825
15.9832
15.9856
16.7014
16.6998
16.6974
16.0937
16.0948
16.0926
16.2649
16.266
16.2653
15.0743
15.0771
15.0777
15.5312
15.531
15.5297
15.7198
15.7198
15.7204
14.7175
14.7125
14.7051
14.1905
14.1937
14.189
14.8909
14.8872
14.8812
16.1529
16.1481
16.1426
15.8847
15.8846
15.8812
15.7086
15.7073
15.7025
14.3902
14.3963
14.3922
15.2891
15.2876
15.2853
15.1032
15.101
15.0964
10.1133
10.1133
10.0846
10.9231
10.9184
10.8956
10.9394
10.9327
10.9095
11.7668
11.7589
11.7408
12.4481
12.4387
12.4234
11.807
11.8003
11.7821
11.8758
11.8726
11.8558
12.5259
12.5166
12.502
11.8385
11.8332
11.8154
14.5303
14.5241
14.5155
13.74
13.7374
13.7276
14.3679
14.3608
14.3511
15.2237
15.2156
15.2078
14.6526
14.6452
14.6358
14.8122
14.8057
14.7964
13.6052
13.6007
13.5897
14.0517
14.0427
14.0321
14.2026
14.1945
14.1842
13.5063
13.4955
13.4844
13.1327
13.1236
13.1104
13.6274
13.6169
13.606
14.7395
14.7288
14.7211
14.4927
14.4845
14.4751
14.345
14.336
14.3266
13.2442
13.2352
13.2226
13.9021
13.8925
13.8818
13.7633
13.7531
13.7423
10.4974
10.4908
10.4696
10.9665
10.9573
10.9378
10.9574
10.948
10.929
11.4655
11.4529
11.4362
11.9231
11.9088
11.8936
11.4827
11.4711
11.4542
11.5432
11.5333
11.516
11.9639
11.9507
11.9356
11.5132
11.5028
11.4858
13.3871
13.376
13.3646
12.8274
12.817
12.8035
13.2838
13.2723
13.2608
14.163
14.1482
14.1404
13.6788
13.6647
13.6552
13.7554
13.7424
13.7328
12.7354
12.7241
12.7106
13.1045
13.0913
13.0799
13.1849
13.1725
13.161
12.9141
12.8975
12.8866
12.4997
12.4843
12.4712
12.9418
12.9258
12.9146
14.0064
13.9905
13.9837
13.62
13.6048
13.5954
13.5739
13.5581
13.549
12.5353
12.5209
12.5075
13.0333
13.0188
13.0073
12.9792
12.964
12.9526
10.7551
10.7465
10.7302
11.0548
11.0418
11.0259
11.1079
11.0953
11.0801
11.8156
11.7998
11.7888
12.1454
12.1269
12.1169
11.7344
11.718
11.7059
11.5824
11.5662
11.5522
12.0506
12.033
12.0221
11.6392
11.6232
11.61
12.9155
12.8986
12.8884
12.4689
12.4508
12.4386
12.9154
12.8982
12.8883
14.061
14.0422
14.0383
13.6552
13.6367
13.6313
13.6219
13.6037
13.5979
12.5083
12.4894
12.4781
12.9778
12.9597
12.951
12.9546
12.9365
12.9273
13.2577
13.2354
13.2308
12.7753
12.7544
12.7469
13.2042
13.1826
13.1769
14.1773
14.1553
14.1537
13.7413
13.721
13.7173
13.7809
13.7608
13.7574
12.6707
12.6507
12.6422
13.0576
13.0387
13.0314
13.0989
13.08
13.0733
12.6945
12.6698
12.66
12.8312
12.811
12.805
12.5692
12.5522
12.5454
11.5816
11.5696
11.5605
11.7902
11.7765
11.7673
11.8747
11.8602
11.8521
12.7443
12.7294
12.7169
12.3791
12.3603
12.3531
12.4578
12.4415
12.4339
14.5086
14.4704
14.1614
14.1701
14.1507
14.0487
14.1397
14.0584
13.3545
13.3297
13.3267
13.0526
13.0291
13.0241
13.4313
13.404
13.4004
13.536
13.5144
13.5104
13.1455
13.1234
13.1193
13.4725
13.4539
13.4444
13.8217
13.8117
13.4219
13.4307
13.4097
13.3793
13.4792
14.2589
14.2652
14.2449
14.2647
14.2746
13.2841
13.3812
13.2944
13.5664
13.5784
13.5472
13.726
13.6831
19.1415
19.138
19.1352
19.1847
19.1814
19.1784
19.1863
19.1828
19.1798
19.2468
19.2438
19.2417
19.2751
19.2734
19.2709
19.2501
19.2473
19.2454
19.2337
19.2315
19.2293
19.2637
19.2619
19.2593
19.24
19.2373
19.2352
19.2022
19.2802
19.2697
19.287
19.2295
19.3261
19.327
19.3539
19.315
19.3288
19.3161
19.3223
19.3216
19.3188
19.3219
19.3206
19.2853
19.2896
19.2904
19.3045
19.2928
19.3056
19.3092
19.03
19.0283
19.0295
19.1397
19.1374
19.1391
19.1213
19.1196
19.1218
19.1523
19.1527
19.1553
19.2363
19.2371
19.2395
19.1737
19.1736
19.1756
19.2155
19.2141
19.2153
19.2512
19.2505
19.251
19.1969
19.1961
19.1978
19.4239
19.4268
19.4205
19.4358
19.4348
19.4313
19.4364
19.4353
19.4322
19.3431
19.3422
19.339
19.3295
19.3287
19.3254
19.3429
19.3421
19.3386
19.3523
19.3513
19.3473
19.3408
19.3399
19.3367
19.3582
19.3572
19.3537
19.4188
19.4185
19.4146
19.4495
19.4483
19.4451
19.442
19.4407
19.4374
19.3498
19.3484
19.3487
19.3175
19.3169
19.3163
19.3641
19.3622
19.3607
19.366
19.3648
19.361
19.3263
19.326
19.3227
19.3606
19.3596
19.3559
18.6449
18.647
18.6523
18.8451
18.8464
18.8505
18.7902
18.7917
18.7956
18.8113
18.8123
18.8136
18.9906
18.9908
18.9911
18.8651
18.8664
18.8683
18.967
18.9686
18.9713
19.0471
19.0476
19.0488
18.9248
18.9264
18.9289
19.3443
19.3437
19.3445
19.278
19.279
19.2806
19.3306
19.3303
19.3304
19.3395
19.3397
19.3387
19.3275
19.3267
19.3256
19.3591
19.3584
19.3574
19.2544
19.2552
19.256
19.2789
19.2782
19.2775
19.306
19.3055
19.3052
19.087
19.0858
19.0842
19.0993
19.0989
19.0975
19.1391
19.138
19.1365
19.2313
19.2303
19.2301
19.2864
19.2857
19.2847
19.2459
19.245
19.2441
19.1553
19.1551
19.1543
19.2366
19.2358
19.2347
19.1968
19.1958
19.1946
17.8372
17.8387
17.8404
18.1857
18.1853
18.1856
18.0783
18.0774
18.0768
18.0432
18.0413
18.0379
18.2945
18.2922
18.2892
18.1618
18.1604
18.1573
18.3893
18.3888
18.3867
18.4183
18.4163
18.4135
18.2887
18.288
18.2852
19.0161
19.0149
19.0132
18.9108
18.9099
18.9075
18.9515
18.9501
18.9484
18.9555
18.9509
18.9509
18.8768
18.8729
18.8723
18.945
18.9418
18.9411
18.824
18.823
18.8204
18.7916
18.7892
18.7876
18.8684
18.8666
18.8649
18.4081
18.4027
18.4016
18.4395
18.4367
18.4343
18.5047
18.5001
18.4989
18.7563
18.75
18.7504
18.7955
18.7908
18.7903
18.7202
18.7147
18.7144
18.5517
18.5494
18.547
18.6966
18.6936
18.6921
18.6087
18.6049
18.6036
16.5709
16.5668
16.5608
17.0104
17.0054
17.0001
16.8441
16.8385
16.833
16.8335
16.8253
16.8211
17.1821
17.1729
17.17
16.9856
16.9786
16.9742
17.3005
17.2956
17.291
17.3328
17.3247
17.3218
17.1483
17.1424
17.1379
18.2968
18.2905
18.2895
18.0974
18.0922
18.0901
18.1924
18.1852
18.1844
18.3818
18.3747
18.3746
18.1909
18.1821
18.1819
18.2797
18.2712
18.2712
17.9693
17.9631
17.9611
17.9674
17.9584
17.9576
18.0768
18.0686
18.0678
17.5323
17.5219
17.5207
17.4689
17.4585
17.4567
17.6358
17.6254
17.6243
18.1628
18.1557
18.155
18.1032
18.0941
18.0936
18.0171
18.0079
18.0072
17.5944
17.5849
17.5831
17.8526
17.8429
17.8421
17.7425
17.7324
17.7315
15.2357
15.2241
15.2175
15.6896
15.6761
15.6707
15.5567
15.5422
15.5368
15.8526
15.8368
15.8328
16.2562
16.2415
16.2385
15.9348
15.9192
15.9152
16.1352
16.1205
16.1163
16.3271
16.313
16.3099
16.0255
16.0108
16.0068
17.4395
17.429
17.4276
17.1269
17.1148
17.1128
17.3464
17.3359
17.3343
17.8988
17.8899
17.889
17.622
17.6112
17.6103
17.6793
17.6689
17.6679
17.0326
17.0198
17.0175
17.1946
17.1834
17.1816
17.2722
17.2613
17.2595
17.0212
17.0068
17.0058
16.7561
16.7412
16.7394
17.0582
17.0445
17.0432
17.8114
17.7996
17.7995
17.5975
17.5853
17.5846
17.5566
17.5438
17.5432
16.7993
16.7852
16.7831
17.143
17.131
17.1293
17.084
17.0715
17.0699
14.6264
14.6094
14.6049
15.0739
15.0574
15.0538
15.0591
15.0424
15.0394
15.7252
15.7069
15.7071
16.1129
16.0945
16.0956
15.7128
15.694
15.694
15.6926
15.6748
15.6733
16.0951
16.0764
16.0769
15.692
15.6739
15.673
17.8613
17.8489
17.8509
17.5741
17.5597
17.562
17.5737
17.558
17.5601
17.0189
17.0026
17.0023
16.6665
16.6495
16.6488
17.006
16.9888
16.9892
17.0174
17.0002
17.002
16.6739
16.6555
16.6557
17.021
17.003
17.0043
17.8493
17.8704
17.8528
17.5998
17.5886
17.5905
17.6265
17.6151
17.6145
17.0499
17.0386
17.0388
16.7243
16.7075
16.7091
17.0487
17.0361
17.0344
17.0379
17.022
17.0241
16.7042
16.6867
16.6882
17.0474
17.0317
17.0333
15.9078
15.9289
16.2723
16.2822
15.9274
15.9171
14.8658
14.8488
14.8475
15.183
15.1684
15.1627
15.2001
15.1842
15.182
15.943
16.0385
15.7823
15.8601
15.7953
15.854
15.8673
15.8505
18.0664
18.4986
17.75
17.0327
17.0508
17.0308
16.6904
16.7577
16.703
17.1026
17.087
17.1287
17.1429
16.7647
16.7778
16.7636
16.8739
16.9597
17.8106
18.3794
16.897
16.9942
17.1489
19.2727
19.2707
19.2707
19.2852
19.2832
19.2827
19.2552
19.2526
19.2523
19.2782
19.2751
19.2748
19.3054
19.3034
19.3027
19.3038
19.3009
19.3005
19.3502
19.3482
19.3475
19.32
19.3184
19.3175
19.3271
19.3247
19.3241
19.4298
19.4295
19.4419
19.4466
19.4413
19.4043
19.4142
19.5187
19.5452
19.5433
19.5348
19.5358
19.4299
19.4435
19.432
19.4233
19.4303
19.4232
19.4452
19.4403
19.581
19.5774
19.5514
19.5558
19.5518
19.5436
19.5585
19.5466
19.4339
19.4315
19.4315
19.422
19.4199
19.4196
19.4381
19.4356
19.4354
19.4381
19.4355
19.435
19.4239
19.4223
19.4217
19.4311
19.4294
19.4282
18.8896
18.8842
18.8845
18.9824
18.9781
18.9783
18.9404
18.9363
18.9364
19.0468
19.0431
19.0433
19.147
19.1434
19.1436
19.0784
19.0746
19.0749
19.1387
19.1349
19.1353
19.1674
19.164
19.1642
19.1082
19.1045
19.1049
19.4363
19.4335
19.4339
19.3949
19.3919
19.3922
19.431
19.4281
19.4285
19.6399
19.6373
19.6387
19.5987
19.595
19.5963
19.5982
19.595
19.5962
19.3879
19.3845
19.3851
19.4239
19.4204
19.4211
19.4307
19.4275
19.4281
19.4077
19.4029
19.4039
19.3466
19.342
19.3428
19.4161
19.4116
19.4125
19.6665
19.6633
19.665
19.6083
19.6042
19.6056
19.6085
19.6043
19.6057
19.3536
19.3495
19.3503
19.4235
19.4197
19.4205
19.4155
19.4114
19.4122
18.4561
18.4498
18.4494
18.6344
18.6295
18.629
18.5903
18.5852
18.5846
18.8714
18.8641
18.8646
19.0258
19.0195
19.0202
18.8933
18.8862
18.8866
18.9182
18.9125
18.9126
19.0164
19.0107
19.011
18.891
18.8851
18.8851
19.4114
19.4062
19.4073
19.3143
19.309
19.3098
19.4032
19.398
19.3992
19.7357
19.7331
19.7358
19.6592
19.655
19.6574
19.6555
19.6509
19.6531
19.318
19.3122
19.3132
19.4082
19.4033
19.4046
19.4134
19.4082
19.4095
19.452
19.4496
19.4521
19.3427
19.3371
19.3388
19.4519
19.4486
19.4508
19.7835
19.7836
19.7871
19.6875
19.6839
19.6866
19.695
19.6924
19.6954
19.3164
19.3107
19.3121
19.4265
19.4218
19.4234
19.4251
19.4213
19.4232
18.9824
18.9801
18.9812
19.1338
19.1344
19.1365
18.9743
18.9717
18.9743
18.2802
18.2691
18.2705
18.5031
18.4937
18.4954
18.4859
18.4769
18.479
19.0825
19.0806
19.0821
18.9385
18.9315
18.9344
18.9307
18.925
18.9279
19.9206
19.9299
19.8405
19.8651
19.8566
19.8146
19.8434
19.8301
19.4885
19.4871
19.4901
19.3787
19.3749
19.3778
19.4899
19.4894
19.4925
19.5379
19.5407
19.5436
19.4245
19.422
19.4257
19.5322
19.5331
19.5357
19.648
19.6783
19.5198
19.5439
19.5351
19.572
19.6213
20.0258
19.9057
19.9174
19.8968
19.9273
19.4445
19.4795
19.4606
19.5645
19.592
19.5807
19.5981
19.6061
19.844
19.8416
19.8441
19.876
19.875
19.8774
19.8903
19.8895
19.8921
20.0823
20.0826
20.0859
20.1009
20.1018
20.1048
20.0648
20.0649
20.068
20.0184
20.018
20.0204
20.0696
20.0705
20.0734
20.0335
20.0339
20.0366
20.1434
20.3123
20.1111
20.15
20.1769
20.389
20.3424
20.303
20.2649
20.2665
20.2718
20.2073
20.218
20.2149
20.2451
20.2475
20.2042
20.2024
20.1876
20.1878
20.1919
20.1832
20.1925
20.2684
20.2927
20.2854
20.3102
20.2755
20.2851
20.0005
20.0029
20.0067
20.0484
20.0513
20.0549
20.064
20.068
20.0715
20.2459
20.2695
20.2034
20.2212
20.2165
20.2197
20.2426
20.2357
20.6088
20.4941
20.4519
20.2801
20.3007
20.2944
20.2795
20.2929
20.2907
20.307
20.3147
20.3305
20.3523
20.3085
20.3298
20.3237
20.3308
20.3487
20.5315
20.7228
20.4272
20.4121
20.6194
20.5932
21.9324
21.9257
21.9283
21.842
21.8338
21.8367
21.8172
21.8144
22.0489
21.519
21.5317
21.5291
21.3759
21.3785
21.3845
21.399
21.3635
21.237
21.2157
21.2257
20.9882
20.9633
20.9687
21.3158
21.3061
21.3065
21.3836
21.373
21.374
21.1068
21.0628
20.417
20.4363
20.4321
20.464
20.4824
20.4785
20.7855
20.7723
20.7818
20.5434
20.5144
20.5263
20.2636
20.2521
20.2578
20.5809
20.5976
20.4282
20.4397
20.4424
8.81736
8.68519
8.69624
8.68995
8.48442
8.48128
8.47835
8.57376
8.58876
8.58156
8.90178
8.9115
8.90323
8.80892
8.82207
8.81437
8.41198
8.42189
8.41306
8.30354
8.32288
8.54793
8.56039
8.5455
10.1982
9.70168
9.47008
9.46873
9.47029
9.41828
9.43397
9.43039
9.33612
9.33633
9.33752
9.54998
9.56337
9.5528
9.24187
9.26009
9.42459
9.44111
9.43652
9.86587
9.86604
9.86861
9.67859
9.69724
9.98248
9.99303
9.77411
9.32185
9.31815
9.31972
9.01865
9.03117
17.3283
18.0963
17.1924
17.2611
17.2324
17.8658
17.8544
17.8579
17.5531
17.5499
17.5545
17.5635
17.5618
17.566
17.8648
17.855
17.8577
17.3639
17.3931
17.9209
17.9133
17.9147
18.077
18.0695
18.0717
18.0726
18.0657
18.0675
17.918
17.9116
17.9128
18.3321
18.3726
18.3543
18.0358
18.0639
18.0531
17.9811
18.0087
18.5812
18.5594
18.5608
18.5633
18.56
18.6044
18.6063
18.6034
18.5005
18.5006
18.4978
18.5647
18.5664
18.6269
18.6287
18.6254
18.547
18.5492
18.5715
18.5844
18.5787
18.586
18.5988
18.5929
18.7041
18.7259
18.7153
19.5495
19.8831
19.9063
19.9025
19.9888
19.9634
19.9692
19.912
19.9345
19.9307
19.7358
19.7375
19.7371
19.7543
19.7492
19.7553
19.8507
19.8384
19.9759
19.9418
19.9538
18.8297
19.0368
18.7699
18.2765
18.0309
19.1192
19.1186
19.1169
19.3161
19.34
19.3357
19.1261
19.1259
19.1242
19.3586
19.375
19.376
18.7523
18.7237
18.7318
18.9176
18.8773
19.2225
19.1994
18.8013
18.8367
19.1502
19.1448
19.1482
18.7113
18.7338
18.7354
18.2692
18.2416
17.9879
18.0186
17.8776
17.9009
17.9016
18.4217
18.4279
18.4282
18.4824
18.4836
18.4885
18.17
18.1413
18.153
7.07639
7.11214
7.49005
7.63766
7.24397
7.89607
7.89456
7.88923
7.96876
7.98312
7.97606
7.91967
7.91526
7.91112
7.61375
7.62071
7.60531
7.8212
7.82323
7.81469
7.83509
7.83066
7.83363
7.86715
7.86289
7.86595
7.23075
7.22403
7.22555
7.42154
7.4202
7.36957
7.38201
7.19696
7.20082
7.19678
7.26192
7.25326
7.24784
7.28981
7.27982
7.2783
7.83886
7.83053
7.82929
7.48943
7.48345
7.54115
7.53146
7.43126
7.42995
7.5342
7.53597
7.52738
7.34139
7.33937
7.32871
8.27126
8.28212
8.27389
8.33501
8.32593
8.32416
8.2316
8.24392
8.23693
8.15693
8.15139
8.14709
7.88892
7.89096
7.87911
7.82769
7.82791
8.28871
8.29657
8.29025
19.0937
19.0921
19.0901
19.0427
19.0441
19.0403
19.0964
19.0968
19.0938
19.0762
19.0971
19.0963
19.0951
19.0929
19.1074
19.1105
19.0846
19.0961
19.124
19.1226
19.1208
19.0742
19.1058
19.1299
19.1632
19.1511
19.1081
19.1012
19.0998
19.0416
19.0403
19.0938
19.0819
19.0579
19.0566
19.0546
19.1391
19.1722
19.1598
19.1043
19.0991
19.0999
19.0909
19.0833
19.0861
19.01
19.0048
19.0044
19.0128
19.0045
19.0034
19.0087
19.0027
19.0002
18.989
18.986
19.0926
19.0873
19.0885
19.0902
19.0916
18.8562
18.8784
18.8686
18.851
18.8737
18.8633
18.9412
18.9747
18.9614
18.1135
18.1093
18.1171
18.1173
18.1148
18.1202
18.352
18.3497
18.3565
18.3547
18.3541
18.3583
)
;

boundaryField
{
    Inlet
    {
        type            zeroGradient;
    }
    Outlet
    {
        type            fixedValue;
        value           nonuniform List<scalar> 0();
    }
    Wall
    {
        type            zeroGradient;
    }
    procBoundary2to0
    {
        type            processor;
        value           nonuniform List<scalar> 
1743
(
18.2662
18.6748
19.2358
19.6658
19.9764
20.2104
20.4341
20.7151
21.125
21.6608
22.078
10.5435
10.7643
10.8523
10.8738
18.266
18.5221
18.5221
10.4472
18.645
18.6758
19.1042
19.2303
19.5731
19.666
19.9054
19.9774
20.1541
20.2128
20.3794
20.4342
20.637
20.7167
21.0094
21.1251
21.5294
21.6602
21.9738
22.078
10.4466
10.5436
10.7216
10.7621
10.8368
10.8536
10.8742
10.8753
18.4859
18.2876
18.4518
19.1062
19.57
19.9056
20.1557
20.3796
20.6371
21.0091
21.5294
21.9732
10.4458
10.0815
10.3792
10.1549
10.0063
10.1774
10.2163
10.005
10.14
10.3204
10.3222
10.1264
10.2695
9.99359
10.2638
9.92772
10.722
10.834
10.8726
18.7082
18.7949
18.4857
18.4516
18.2874
18.6473
18.7109
18.7974
21.685
21.7593
21.4205
21.8867
21.9215
21.8539
21.7859
21.97
22.0237
21.6782
21.9052
21.8589
21.5912
21.8907
21.6892
21.8174
21.2849
21.3296
21.4209
20.8651
21.1184
21.4067
21.4292
21.1489
21.0657
21.3818
10.4723
10.7027
10.7408
10.356
10.2309
10.5953
10.5539
10.3538
10.6054
10.6267
18.975
19.1059
19.1516
18.9612
18.8922
18.9803
19.3919
19.2762
19.8185
19.7198
20.1246
20.0586
20.3492
20.2961
20.5488
20.4978
20.7457
20.6974
20.9407
20.885
21.147
21.0477
21.2929
21.3212
10.4585
10.7072
10.3403
10.7441
10.2152
10.598
10.3379
10.5573
10.7139
10.6967
10.7569
10.7482
10.8004
10.788
10.8418
10.8316
21.8658
22.0243
21.884
21.8512
21.9738
19.0685
19.0599
19.0663
19.1221
18.9742
19.1061
18.9603
19.1518
19.0687
19.0625
19.1224
19.0682
21.0283
21.0228
21.0573
21.0918
20.9874
21.0808
21.1185
20.9355
21.069
20.9444
10.1198
9.93222
10.73
10.5471
10.3671
10.3779
10.4144
10.5864
10.6988
10.737
10.555
10.6879
10.8778
10.693
10.8084
18.9683
19.0947
19.0768
18.9975
19.0707
19.1717
19.5034
19.6187
19.9066
19.9884
20.1845
20.2416
20.399
20.4493
20.5968
20.6453
20.7966
20.8449
20.9843
21.0281
21.1722
21.2381
21.4231
20.8603
21.408
21.1163
21.4306
21.1443
21.3825
21.0623
21.8537
21.7857
21.9208
21.9695
21.6779
21.9049
22.0231
21.8579
21.6836
21.7587
21.8858
21.4185
21.5894
21.8889
21.816
21.6876
10.5945
10.6231
10.179
10.2181
10.0073
10.0055
10.3225
10.3232
10.1404
10.1269
10.4427
10.0833
10.1537
10.3789
10.2688
9.99395
9.93018
10.2623
10.7282
10.7445
10.7779
10.7656
10.8146
10.81
10.8345
18.8937
18.9824
19.0719
19.1739
19.3937
19.2775
19.5036
19.6188
19.8201
19.7208
19.9056
19.9874
20.1238
20.0574
20.1833
20.2406
20.348
20.295
20.3982
20.4479
20.5477
20.497
20.5971
20.6448
20.745
20.6999
20.7961
20.8475
20.9263
20.8872
21.0308
20.9744
21.0745
21.1293
21.2124
21.2117
21.8581
21.6719
10.7032
10.7255
10.7593
10.7242
10.747
10.7427
10.7508
10.7505
10.7785
10.7587
10.7951
10.8072
10.8176
10.8223
10.82
19.0463
19.0756
19.0754
19.0029
18.9675
19.0953
19.0772
18.9969
19.0461
19.0765
19.0026
19.0768
21.0638
21.1111
21.053
21.0154
20.9914
21.1464
21.1353
21.0306
21.0634
21.4495
9.90557
10.1821
10.5121
10.2312
10.3641
10.6417
10.7781
10.7669
10.6568
10.6928
10.8136
10.6822
10.8915
19.0495
19.1544
19.2145
19.0404
19.4889
19.0878
19.1502
19.4792
19.4849
19.6059
19.6666
19.478
19.7648
20.0069
20.0427
19.7277
20.1057
20.2588
20.2883
20.0627
20.3888
20.4921
20.5252
20.3465
20.6453
20.7405
20.7734
20.6068
20.8701
20.9484
20.9649
20.8428
20.9674
20.985
20.9766
20.983
21.0197
21.0859
21.0093
21.0382
21.0679
20.9363
10.7117
10.7486
10.611
10.5793
10.9005
10.6999
10.9108
10.7258
10.631
10.9746
10.965
10.6915
10.6508
10.9854
10.9866
10.6864
10.6921
11.0281
11.0296
10.708
19.4378
19.039
19.4706
19.0129
19.4679
19.5439
19.4634
19.4841
19.6476
19.9663
19.6793
19.9256
19.9812
20.2331
20.0248
20.2028
20.2794
20.4633
20.3191
20.4317
20.5434
20.7113
20.5831
20.6776
20.789
20.9313
20.8208
20.909
20.9607
20.9908
20.9622
20.9987
20.9995
21.0049
20.9555
20.9852
21.0796
21.1174
20.9794
20.9278
22.0243
21.8646
21.8825
21.8508
21.973
10.737
10.5738
10.122
9.93315
10.8873
10.8203
10.7039
10.7029
10.3785
10.3636
10.4128
10.7013
10.9593
10.6408
10.9679
10.6846
10.9823
10.6499
10.9803
10.6915
11.0256
10.6739
11.0201
10.7887
11.0357
19.0527
19.1549
19.2153
19.0444
19.4381
19.0457
19.4708
19.0194
19.4885
19.0945
19.1566
19.4792
19.4661
19.5465
19.4625
19.4876
19.4852
19.6075
19.6672
19.4771
19.6487
19.9651
19.6803
19.9245
19.7654
20.0058
20.0415
19.7285
19.981
20.2321
20.0245
20.2018
20.1054
20.2577
20.2871
20.0622
20.2802
20.4599
20.3201
20.4284
20.3895
20.4884
20.5214
20.3472
20.5424
20.7064
20.5804
20.6718
20.6403
20.7365
20.7701
20.6032
20.7879
20.9266
20.8136
20.9066
20.858
20.9458
20.9616
20.8404
20.9947
20.9801
20.9241
21.0049
20.9275
20.9894
20.9669
21.012
21.0061
20.9749
21.0306
20.988
10.8881
10.7133
10.6953
10.9007
10.7106
10.9523
10.6728
10.9529
10.6672
10.9573
10.957
10.7042
10.6938
10.9606
10.6538
10.9587
10.653
10.9688
10.971
10.6894
10.6966
11.0162
10.669
11.012
10.6904
11.0187
11.0261
10.6982
10.7978
11.0283
19.2534
19.0207
19.0292
19.3164
19.4849
19.2872
19.2208
19.4784
19.5135
19.7829
19.7272
19.533
19.8124
20.1113
20.0786
19.8523
20.1403
20.3434
20.3136
20.1796
20.4151
20.5855
20.5526
20.4562
20.6692
20.8336
20.8023
20.7057
20.8911
20.987
20.977
20.9132
20.9927
20.967
20.979
20.9591
21.1078
21.0519
21.052
21.0006
21.0584
21.4507
21.3175
10.7907
10.7798
10.6672
10.6777
10.7241
10.9202
10.9297
10.682
10.6825
10.9699
10.9779
10.6418
10.6853
11.0012
10.9948
10.6538
10.7243
11.0249
11.0313
10.7086
19.4099
19.0112
19.3565
19.0064
19.4642
19.3554
19.474
19.4186
19.6027
19.8346
19.5726
19.8825
19.9397
20.1432
19.8966
20.1751
20.25
20.3714
20.2102
20.4034
20.5201
20.6138
20.481
20.6476
20.7666
20.86
20.7305
20.8868
20.9445
20.9929
20.93
20.998
20.9667
20.9757
20.9952
20.9668
21.1451
21.1335
20.9813
21.0204
21.8556
21.6694
10.519
10.2174
10.3633
9.90796
10.1814
10.8269
10.9031
10.7094
10.7054
10.6585
10.9582
10.7122
10.9488
10.6492
10.976
10.6914
10.9732
10.6603
11.0081
10.6908
11.0151
10.7307
11.0275
10.7446
11.0214
19.2541
19.026
19.0339
19.3172
19.4105
19.017
19.3571
19.0126
19.484
19.2929
19.2271
19.4774
19.4628
19.3605
19.4725
19.423
19.5143
19.7823
19.7272
19.5341
19.604
19.8337
19.574
19.8814
19.8128
20.1103
20.0775
19.8525
19.9396
20.1422
19.8966
20.1741
20.1399
20.3419
20.3122
20.1798
20.2509
20.3693
20.2107
20.4008
20.4154
20.5817
20.5486
20.4569
20.5212
20.6094
20.4809
20.6436
20.6637
20.8308
20.7991
20.6992
20.7612
20.8574
20.7258
20.8843
20.8973
20.9832
20.9793
20.8975
20.9181
20.9988
20.9484
20.991
21.0031
20.9591
20.9806
20.9355
20.9752
20.9738
21.0005
20.968
10.7132
10.9114
10.9168
10.6813
10.6746
10.944
10.7024
10.9432
10.6994
10.9574
10.9582
10.6648
10.6627
10.9591
10.7014
10.9558
10.6916
10.9894
10.9816
10.6589
10.6621
10.9997
10.6964
11.0049
10.7239
11.0278
11.0305
10.7231
10.7423
11.0248
10.7548
11.019
18.8399
18.9677
18.8173
19.4188
19.3567
19.3236
19.7354
19.7536
19.6617
19.9908
20.0381
19.9308
20.2147
20.2653
20.1609
20.4361
20.5007
20.3744
20.6967
20.8045
20.6226
21.0891
21.2552
20.9691
21.7956
21.4521
21.5745
10.6058
10.5282
10.565
10.6958
10.7165
10.7932
10.775
10.8642
10.7606
10.8023
10.8649
10.8056
18.5854
18.7018
18.401
18.5857
18.401
18.7023
18.6787
18.5259
18.6629
18.5201
18.8408
18.9675
18.8176
19.0935
19.2141
18.9616
19.4202
19.3184
19.3562
19.5067
19.5901
19.4692
19.7343
19.6621
19.7531
19.8034
19.8673
19.8341
19.9877
19.9323
20.0364
20.0505
20.1025
20.0997
20.2137
20.1637
20.2653
20.2674
20.3263
20.3202
20.4367
20.3756
20.5016
20.4929
20.5543
20.5635
20.6984
20.625
20.8075
20.7801
20.8702
20.903
21.0819
20.966
21.2543
21.1996
21.3239
21.3833
21.7963
21.5721
21.4476
21.9112
21.7003
21.7556
10.606
10.5631
10.525
10.6724
10.6203
10.658
10.7183
10.688
10.7937
10.7359
10.7477
10.8173
10.7737
10.7628
10.8664
10.79
10.8008
10.8683
10.8079
10.8045
10.8665
10.8106
10.8614
19.092
18.9607
19.2162
19.5046
19.4682
19.5847
19.8029
19.8344
19.8669
20.0498
20.0985
20.1062
20.2683
20.3194
20.327
20.4956
20.5655
20.5548
20.7799
20.9014
20.8734
21.3289
21.1966
21.3857
21.9131
21.758
21.7071
10.6727
10.6631
10.624
10.7422
10.8205
10.7557
10.784
10.8674
10.7991
10.8082
10.8584
18.6804
18.5272
18.6644
18.5215
19.648
19.7199
19.8745
19.2481
19.2543
19.2516
19.233
19.245
19.2445
19.2489
19.255
19.2523
19.2338
19.2457
19.2452
21.1075
21.1075
21.2722
21.2722
10.1177
10.1202
10.5829
10.5829
10.3632
10.3632
19.2535
19.2781
19.2719
19.2681
19.2616
19.2308
21.8268
22.0563
21.9918
19.1981
19.2191
19.2115
19.218
19.2368
19.2327
19.1983
19.2194
19.2118
19.2183
19.2371
19.233
21.491
9.98523
10.3641
10.4555
19.2491
19.2493
19.2405
19.2584
19.2511
19.2354
19.5076
19.4332
19.4422
19.4595
19.401
19.4036
19.3375
19.3579
19.3398
19.3713
19.3942
19.3791
19.7714
19.7919
19.7838
19.8258
19.8447
19.8372
20.1402
20.1496
20.1455
20.1767
20.1852
20.1815
20.4085
20.4142
20.4116
20.4421
20.4476
20.4451
20.6558
20.6606
20.6583
20.6865
20.6911
20.6889
20.867
20.87
20.8695
20.8876
20.8902
20.8901
20.9557
20.9573
20.9576
20.9547
20.9556
20.9553
10.6463
10.6611
10.6646
10.6646
10.6892
10.7743
10.7838
10.7787
10.7664
10.7762
10.771
10.8058
10.8158
10.8114
10.8064
10.8167
10.8121
10.8715
10.8813
10.8768
10.8766
10.8864
10.8819
10.1197
10.1222
19.5307
19.448
19.4595
19.5194
19.4399
19.4484
19.3187
19.335
19.3141
19.3102
19.32
19.2986
19.7124
19.7344
19.7256
19.6541
19.6777
19.6681
20.1028
20.1132
20.1087
20.0623
20.0737
20.0689
20.3753
20.3811
20.3785
20.3414
20.3474
20.3448
20.6235
20.6284
20.6261
20.5925
20.5973
20.5949
20.8409
20.8443
20.8434
20.8189
20.8228
20.8215
20.9379
20.9402
20.9409
20.9543
20.9565
20.9582
21.0265
21.0371
21.0267
21.0267
21.025
10.7549
10.7633
10.7581
10.7555
10.7631
10.7583
10.7856
10.7948
10.7905
10.7854
10.7942
10.79
10.8578
10.8674
10.8629
10.8525
10.862
10.8576
10.9164
10.9237
10.9206
19.3469
19.3169
19.3009
19.2886
19.2715
19.2532
19.3577
19.3344
19.3208
19.4036
19.3633
19.3574
19.4725
19.4986
19.486
19.4189
19.444
19.4304
19.9288
19.9444
19.9382
19.8793
19.8965
19.8897
20.2445
20.2516
20.2485
20.2098
20.2175
20.2141
20.5056
20.5106
20.5082
20.4726
20.4778
20.4753
20.7426
20.7473
20.7453
20.7139
20.7185
20.7164
20.9202
20.9225
20.9231
20.9052
20.9076
20.9078
20.9668
20.9667
20.9649
20.9659
20.9665
20.9654
10.7743
10.7194
10.7606
10.7168
10.7097
10.7185
10.7748
10.7846
10.7799
10.7813
10.7912
10.7863
10.8223
10.8327
10.8281
10.8189
10.8291
10.8244
10.8904
10.8992
10.8949
10.889
10.8981
10.8938
21.8248
22.0537
21.9892
9.85805
9.9863
9.89604
19.4129
19.3668
19.3573
19.476
19.4113
19.4117
19.3302
19.3207
19.3022
19.3125
19.3137
19.2929
19.5329
19.5586
19.5471
19.5932
19.618
19.6075
19.9757
19.9898
19.9841
20.0207
20.0335
20.0282
20.2755
20.2822
20.2793
20.3098
20.3161
20.3134
20.5322
20.5369
20.5346
20.5645
20.5692
20.5669
20.7654
20.7702
20.7682
20.7919
20.7963
20.7947
20.9374
20.9396
20.9405
20.9321
20.9346
20.9358
20.9667
20.9842
20.9705
20.9836
20.9936
20.986
10.7256
10.7329
10.7301
10.7434
10.7507
10.7463
10.7779
10.7864
10.7823
10.776
10.7848
10.7806
10.8337
10.8432
10.8388
10.8389
10.8485
10.8441
10.9056
10.9135
10.9095
10.9048
10.9127
10.9088
21.9544
21.9315
21.954
21.9311
21.1793
9.89449
22.0621
22.043
22.033
22.033
21.9368
21.9368
19.6479
19.7198
19.8744
21.0968
21.0968
21.2577
21.2577
10.594
10.594
10.3822
10.3822
9.95388
9.95528
9.85617
9.85617
9.98293
9.98293
21.7855
21.752
21.8268
22.0563
22.0563
19.2536
19.2781
19.2719
19.2681
19.2616
19.2307
21.4838
10.4779
9.7906
10.1422
10.16
9.98523
9.7906
10.3641
19.2501
19.2503
19.2415
19.2596
19.2523
19.2366
19.5096
19.4355
19.4443
19.4617
19.4035
19.406
19.3398
19.3601
19.342
19.373
19.3958
19.3807
19.7708
19.7913
19.7832
19.8251
19.8439
19.8365
20.1394
20.1488
20.1447
20.1758
20.1843
20.1806
20.4062
20.4117
20.4092
20.4399
20.4452
20.4427
20.6518
20.6567
20.6543
20.6822
20.6871
20.6848
20.8667
20.8698
20.8691
20.8821
20.8851
20.8847
20.9623
20.9635
20.9636
20.9481
20.9486
20.9476
10.6316
10.6469
10.6539
10.6539
10.6788
10.7664
10.7747
10.7696
10.7648
10.7735
10.7684
10.7977
10.8069
10.8025
10.8003
10.8097
10.8053
10.8706
10.8798
10.8753
10.8779
10.8873
10.8827
19.5292
19.4461
19.4577
19.518
19.4381
19.4468
19.3159
19.3322
19.3114
19.3071
19.3168
19.2955
19.7129
19.735
19.7262
19.6545
19.6781
19.6685
20.1035
20.1139
20.1094
20.0629
20.0744
20.0696
20.3772
20.3831
20.3805
20.3433
20.3495
20.3468
20.6274
20.6322
20.6299
20.5958
20.6008
20.5984
20.8454
20.8488
20.848
20.8207
20.8245
20.8233
20.9474
20.9497
20.951
20.9479
20.9502
20.9519
21.0122
21.023
21.015
21.015
21.0136
10.7572
10.7664
10.7612
10.7642
10.7725
10.7677
10.7945
10.8046
10.8002
10.7952
10.805
10.8006
10.8596
10.8699
10.8653
10.8531
10.8632
10.8586
10.9155
10.9234
10.9202
21.9367
21.9367
22.0613
22.0422
22.0326
22.0326
9.98619
9.98619
9.95485
9.9563
9.85805
21.3175
21.3175
19.3481
19.3183
19.3021
19.2898
19.2728
19.2544
19.3608
19.3377
19.324
19.4064
19.3664
19.3604
19.4729
19.4989
19.4864
19.42
19.445
19.4314
19.9282
19.9437
19.9375
19.8787
19.8958
19.889
20.2433
20.2504
20.2473
20.2087
20.2163
20.213
20.5031
20.5079
20.5055
20.47
20.475
20.4726
20.7383
20.7432
20.741
20.7099
20.7148
20.7125
20.9141
20.9166
20.917
20.9074
20.9099
20.9099
20.9656
20.9651
20.9628
20.9721
20.9721
20.9706
10.7659
10.7122
10.7525
10.7042
10.6978
10.7061
10.7703
10.779
10.7745
10.7729
10.7813
10.7766
10.8194
10.829
10.8246
10.8144
10.8238
10.8194
10.8953
10.904
10.8997
10.8907
10.8997
10.8953
19.4117
19.3653
19.356
19.4748
19.4097
19.4103
19.3269
19.3173
19.2988
19.3091
19.3103
19.2896
19.5328
19.5586
19.5471
19.5934
19.6184
19.6079
19.9763
19.9904
19.9847
20.0213
20.0341
20.0289
20.277
20.2838
20.2808
20.3113
20.3178
20.315
20.5351
20.5401
20.5377
20.5672
20.5721
20.5698
20.7687
20.7732
20.7714
20.7962
20.8004
20.7989
20.9321
20.9344
20.9354
20.9397
20.942
20.9435
20.9589
20.9766
20.9634
20.9739
20.9843
20.9764
10.736
10.7433
10.7407
10.7481
10.7555
10.751
10.7868
10.7964
10.792
10.7834
10.7932
10.7888
10.835
10.8452
10.8406
10.8404
10.8509
10.8462
10.9036
10.9118
10.9078
10.9004
10.9089
10.9049
21.783
21.7495
21.8248
22.0537
10.3633
10.3633
9.79407
10.1412
9.9863
10.1586
9.79407
)
;
    }
    procBoundary2to3
    {
        type            processor;
        value           nonuniform List<scalar> 
240
(
10.9208
11.3405
10.9235
10.9746
10.7996
10.7988
10.8458
11.0937
10.6974
10.9485
10.833
10.714
10.3407
11.0375
10.8526
10.7014
10.9586
10.9586
10.9586
10.7014
10.7014
10.8361
11.0399
10.3472
10.8405
10.8475
11.0937
10.7274
10.6743
10.6743
10.6743
10.9608
10.7274
10.7274
10.9823
11.3251
11.3251
11.0505
11.0505
10.8746
10.8746
10.9388
12.3255
11.0109
10.8474
11.078
10.9442
12.3345
10.6759
10.6759
10.6759
10.727
10.9623
10.727
10.727
10.8409
11.0253
10.8409
10.8409
10.838
10.838
10.838
10.8739
11.0997
10.8739
10.8739
10.8485
11.0182
10.8485
10.8485
10.8366
10.8366
10.8366
10.8573
11.113
10.8573
10.8573
11.383
11.3614
10.8806
11.0576
11.2684
10.714
10.745
11.5745
10.3407
11.0875
10.7417
11.2347
11.2347
11.055
10.8631
10.8631
10.3407
10.7323
11.1034
11.6965
10.7757
11.1047
11.1358
11.0603
11.5042
11.0603
11.7019
11.0603
11.1081
11.7019
10.779
11.1081
10.8667
10.8667
10.3472
10.7378
11.0399
10.3472
10.3472
11.3862
11.364
10.8833
11.0569
11.2693
10.7471
11.5742
10.9153
10.9751
11.1711
10.9516
10.9996
10.9996
10.9996
10.9756
11.2045
11.2045
11.2045
10.8421
11.0596
10.7882
10.8493
11.0104
10.8951
10.8544
11.063
10.7851
10.8555
11.0264
10.9129
11.0264
11.0294
11.0264
10.797
10.8132
10.8176
10.8461
10.8511
10.8014
10.8138
10.821
10.8431
10.8487
11.2511
10.8324
10.7777
10.9499
10.7777
10.7854
11.2409
11.2409
11.2409
10.7302
10.7806
10.9534
10.7806
10.7883
10.9362
10.9408
10.9389
10.664
11.0576
10.8616
10.664
10.6803
11.0576
11.0089
10.7323
10.7378
10.6654
11.0569
10.8629
10.6654
10.6817
11.0569
11.0082
11.0498
11.0498
11.1427
11.1374
10.9654
11.047
10.9717
11.047
10.9812
10.987
10.9841
11.0294
11.0359
11.0329
11.0294
11.0359
11.0329
10.9654
10.9717
10.9672
11.2617
11.2617
10.8326
10.8832
10.7401
10.7534
10.918
10.7534
10.7616
10.7551
10.9204
10.7551
10.7633
10.9335
10.9388
10.937
11.0226
11.0292
11.0258
11.1357
11.1296
11.1326
10.9735
10.9796
10.9768
10.9595
10.9623
10.9618
)
;
    }
}


// ************************************************************************* //
