/*--------------------------------*- C++ -*----------------------------------*\
| =========                 |                                                 |
| \\      /  F ield         | OpenFOAM: The Open Source CFD Toolbox           |
|  \\    /   O peration     | Version:  2312                                  |
|   \\  /    A nd           | Website:  www.openfoam.com                      |
|    \\/     M anipulation  |                                                 |
\*---------------------------------------------------------------------------*/
FoamFile
{
    version     2.0;
    format      ascii;
    arch        "LSB;label=32;scalar=64";
    class       volScalarField;
    location    "0.40005";
    object      p;
}
// * * * * * * * * * * * * * * * * * * * * * * * * * * * * * * * * * * * * * //

dimensions      [0 2 -2 0 0 0 0];

internalField   nonuniform List<scalar> 
21813
(
-0.958143
-0.961556
-0.742463
-0.620935
-0.531243
-0.320911
-0.101823
0.006416
-0.201675
-0.632493
-0.992699
-1.01246
-0.608491
-0.41547
-0.124948
0.267031
0.659955
1.03593
1.238
1.13127
0.762404
0.311624
-0.0295731
-0.19632
0.897995
1.26745
1.61646
1.99225
2.30395
2.40182
2.18832
1.71718
1.11603
0.427946
-0.509735
-0.474066
-0.571896
-0.715945
-0.430876
-0.076716
0.134853
0.154165
-0.195571
-0.656703
-1.19422
-1.37651
-0.806806
-0.376798
-0.19469
0.120227
0.904622
1.32953
1.42548
1.18218
0.644259
0.022565
-0.38408
-0.341385
0.716037
1.2336
1.66152
2.08638
2.3709
2.47415
2.24466
1.7414
1.12328
0.511004
-0.0135678
-0.288502
-0.000195577
-0.816703
-0.279559
-0.575779
-0.353705
0.000690771
0.345563
0.026696
-0.351215
-0.284534
0.348255
0.0520426
0.0324308
0.517769
0.169726
-0.472906
-0.946797
-1.07295
-0.522894
-0.539285
-0.948657
-0.754207
-0.51971
-0.283111
-0.555165
-0.361215
-0.611412
-0.0138013
-0.291818
0.000170291
-0.450867
-0.375771
-0.257795
0.550481
-0.402726
-0.156635
0.714244
-0.287429
0.345775
0.0632382
-0.199592
0.00102027
0.343874
0.0267036
1.0902
0.875735
1.13321
1.57008
1.24982
1.55554
0.179469
0.426562
0.0324155
-1.08529
-0.521965
-0.484785
-0.767269
-0.536097
-0.478415
-0.53466
-0.553259
-0.408735
-0.46356
-0.153191
0.733361
-0.391956
-0.276294
0.541182
1.14621
0.709589
1.07863
1.56449
1.22102
1.55138
-1.00651
-1.01791
-1.00503
-1.00784
-0.897879
-0.994904
-0.848224
-0.880996
-0.914004
-0.811727
-0.844247
-0.631867
-0.478813
-0.238805
-0.573429
-0.741931
-0.538579
-0.479429
-0.54471
-0.193966
0.108873
-0.715891
-0.544971
-0.549536
-0.343895
-0.340809
0.157722
0.48473
-0.434872
-0.12177
0.0820852
0.534887
-0.137368
0.533059
0.865193
-0.0865499
0.112617
0.681254
1.0365
0.00245993
0.908125
1.08568
0.134883
0.178532
1.07157
1.15613
-0.161528
1.09043
0.988919
0.148627
-0.055109
1.09642
0.901227
-0.574817
0.952687
0.617913
-0.207988
-0.495001
0.764566
0.337679
-0.955587
0.55809
0.159072
-0.676032
-1.07095
0.163793
-0.326382
-1.03056
0.104165
-0.176773
-1.2145
-1.39414
-0.463644
-0.791324
-0.665228
-0.204977
-0.270425
-1.39299
-1.13325
-0.805804
-0.779112
-0.404517
-0.343634
-0.522361
-0.804282
-0.316246
-0.401946
-0.745382
-0.422081
-0.150212
-0.0612801
-0.425042
-0.636578
-0.575982
-0.420267
0.216579
0.724647
1.10548
-0.209328
0.198746
0.542017
0.880919
0.608869
1.1627
1.47245
0.103422
0.782102
1.01937
1.46245
0.992857
1.52429
1.8412
0.899144
1.26713
1.49513
1.84118
1.22938
1.88865
2.15226
1.31612
1.45174
1.94498
2.1801
1.16327
2.18082
2.25921
1.41989
1.28132
2.22931
2.28456
0.819967
2.25276
2.0688
1.17266
0.790139
2.26008
2.06164
0.368316
2.02302
1.6213
0.631201
0.152183
1.96002
1.5667
0.00568558
1.55204
1.05307
0.0082117
-0.347271
1.42251
0.971048
-0.164363
0.976389
0.446659
-0.396666
-0.462727
0.832613
0.448362
-0.0162465
-0.176773
0.0248511
-0.24802
-0.0529276
-0.131067
-0.0589121
1.07509
0.804305
0.921422
1.38149
1.59969
1.74705
1.47155
1.26551
1.38789
1.49717
1.94238
1.64979
1.93494
2.26964
2.07482
2.3035
2.40447
2.36835
2.47755
2.23189
2.47324
2.3316
1.78682
2.24335
1.88322
1.19681
1.74048
1.2806
0.537518
1.12418
0.676547
0.412904
0.185405
0.626649
0.463896
0.306171
0.346979
0.557007
-0.993693
-0.520773
-0.743046
-0.705776
-0.755257
-0.527265
-0.468317
-0.724487
-0.614196
-0.461332
-0.222801
-0.537091
-0.521979
-0.336401
-0.602671
-0.525592
-0.177359
0.116164
-0.115975
0.0973289
0.54865
-0.51246
-0.33821
0.164026
0.486666
0.128059
0.695187
1.05536
-0.319084
-0.136279
0.53481
0.86346
0.184413
1.08229
1.16864
-0.100469
0.00479113
0.905964
1.08287
-0.0589939
1.10532
0.905932
0.00885404
-0.159298
1.08757
0.986262
-0.504074
0.776582
0.337263
-0.199374
-0.572899
0.949932
0.614763
-1.07953
0.180154
-0.329663
-0.630751
-0.95601
0.55475
0.154811
-1.40333
-0.445183
-0.796787
-0.993584
-1.03408
0.099769
-0.181804
-1.14184
-0.78894
-0.787793
-1.01611
-0.668608
-0.209974
-0.274264
-0.447436
-0.372617
-0.286945
-0.713115
-0.120777
-0.683779
-0.599875
0.22588
0.548782
0.89243
-0.128642
0.218146
0.703019
1.08458
0.794835
1.03125
1.46886
0.268778
0.610346
1.14286
1.45972
1.27076
1.51975
1.85594
0.660953
0.989627
1.51218
1.83184
1.45772
1.94748
2.18014
1.03349
1.22619
1.87509
2.14329
1.28703
2.23959
2.29008
1.23477
1.16022
2.17277
2.25374
0.794775
2.26766
2.06507
1.12819
0.816557
2.24746
2.06445
0.155874
1.96599
1.5684
0.75887
0.363946
2.01873
1.61749
-0.345595
1.42673
0.971695
0.30713
0.000756749
1.54828
1.04989
-0.463442
0.834746
0.449848
-0.034425
-0.168119
0.97331
0.444671
0.899407
0.53627
0.63209
1.93233
1.60862
1.93089
2.31655
1.97897
2.26238
2.48636
2.29684
2.39882
2.33984
2.39635
2.22746
1.88946
2.18403
1.7832
1.28428
1.71368
1.19401
0.678219
1.11336
0.535891
-0.489095
-0.352522
-0.002674
-0.210533
-0.377625
-0.47681
-0.227473
-0.327325
-0.454242
-0.226364
-0.444969
-0.287997
-0.607929
-0.24788
-0.416764
0.00206217
-0.353659
-0.147939
-0.370582
-0.161826
-0.337383
-0.224718
-0.389813
-0.309366
-0.378842
-0.227256
-0.511812
-0.291662
-0.199758
-0.444175
-0.369079
-0.198865
-0.492842
-0.146019
-0.274278
-0.11941
-0.324574
0.0046468
-0.0756234
-0.243211
-0.226519
-0.0553473
0.115664
0.120294
0.13491
0.297929
0.00295705
0.139025
0.224509
-0.00616563
0.00952321
-0.0946836
0.0178735
-0.200327
0.00023417
0.0860446
0.00626008
-0.337843
-0.107255
-0.178839
-0.0746827
-0.224834
-0.0106659
0.0892244
-0.0208801
-0.0606071
0.14243
-0.113245
0.166971
0.0673145
0.227533
-0.052606
0.047727
0.0514003
0.0465002
0.177591
0.0548097
0.686175
0.343159
0.0548089
0.077987
0.0923631
0.297975
0.0541498
0.202773
0.257912
0.233347
0.110219
0.253218
-0.910067
-0.469904
-0.689871
-0.82958
-0.64409
-0.842116
-0.928776
-0.605195
-0.837381
-0.971539
-1.00179
-0.968274
-0.943995
-0.805723
-1.03513
-0.995547
-0.920104
-0.96127
-0.769159
-0.882393
-0.864896
-0.925555
-0.597583
-0.549026
-0.552304
-0.877568
-0.852582
-0.967913
-0.571189
-0.581234
-0.870692
-0.584293
-0.957918
-0.849846
-0.81421
-0.896344
-0.88538
-0.968942
-0.827369
-0.842408
-0.815696
-0.948123
-0.845618
-0.87351
-0.709603
-0.77265
-0.648549
-0.810114
-0.928304
-0.864389
-0.846893
-0.856374
-0.811217
-0.840825
-0.734523
-0.626532
-0.733372
-0.582889
-0.954662
-0.756176
-0.765476
-0.225121
-0.299091
-0.389632
-0.394035
-0.287021
-0.219916
-0.522354
-0.193183
-0.377263
-0.190893
-0.449584
-0.260233
-0.499324
-0.146739
-0.407845
-0.805249
-0.34584
-0.52532
-0.404032
-0.747617
-0.317949
-0.490308
-0.212872
-0.353278
-0.00263103
-0.476862
-0.22799
-0.378051
-0.330072
-0.446875
-0.457522
-0.228481
-0.609172
-0.250845
-0.289861
-0.416989
-0.147898
0.00222561
-0.354894
-0.16308
-0.338109
-0.37141
-0.563787
-0.733353
-0.8299
-0.607758
-0.436489
-0.677094
-0.301259
-0.0247535
-0.190915
0.238029
0.325664
0.0679714
0.039364
-0.399239
-0.654969
-0.411031
-0.206561
-0.487005
-0.408901
-0.0983859
0.0173303
-0.114963
-0.249547
0.239159
-0.555604
-0.214455
0.0760528
-0.0919492
0.136655
0.0870991
0.509139
0.318563
0.285943
0.165036
0.003206
-0.1016
-0.177709
-0.338402
-0.0108585
-0.0738077
-0.224021
0.0879855
-0.0576391
0.131235
-0.0139943
0.0680024
-0.111554
0.157951
-0.0165766
-0.248828
-0.179045
0.0221626
-0.132503
-0.059527
-0.0549069
-0.119343
-0.0735239
-0.325992
0.00479184
-0.226146
-0.0539107
-0.244661
0.11616
0.297093
0.117973
0.133586
0.138588
0.225573
0.00120557
-0.00621016
0.0179936
0.00955581
-0.0956517
0.00291976
0.0855161
-0.201624
1.0527
1.01833
1.45474
1.03287
1.23587
0.928356
1.22199
1.50224
1.28489
0.802706
1.05175
0.918148
1.26655
1.08497
1.06236
1.48982
1.08586
1.31432
1.27957
1.59087
1.38916
1.45498
1.25421
1.36791
1.57573
1.41271
1.5031
1.71766
1.66774
1.59114
1.4078
1.88437
1.44874
1.69589
1.75351
0.295339
0.190742
0.260998
0.058006
0.245548
0.225908
0.110319
0.414069
0.463232
0.184297
0.625699
0.34822
0.555919
0.305504
0.225583
0.0525594
-0.0534403
0.0477139
0.176382
0.0520352
0.0459837
0.685162
0.342562
0.0547922
0.0907713
0.0775367
-1.04753
-1.02075
-0.779425
-0.978395
-0.848959
-0.945287
-1.00679
-0.911382
-0.90313
-0.535484
-0.781473
-0.747085
-0.478224
-0.702605
-0.6556
-0.950942
-0.870907
-0.889262
-0.973062
-0.617539
-0.87946
-0.883071
-0.742961
-0.840939
-0.95716
-0.8708
-0.809554
-0.732215
-0.892804
-0.901044
-0.875663
-0.946733
-0.888249
-0.845152
-0.771942
-0.61265
-0.79972
-0.812137
-0.665048
-0.98178
-0.79213
-0.609654
-0.562938
-0.565359
-0.970437
-0.922779
-0.88953
-0.585309
-0.593214
-0.59615
-1.01484
-0.90929
-1.0028
-0.886467
-0.448253
-0.637656
-0.703792
-0.577465
-0.761148
-0.862026
-0.255122
0.253741
0.0593941
0.00124228
-0.144478
-0.544284
-0.234796
0.137861
-0.103137
0.335598
0.18204
0.0833279
0.497693
0.300024
-0.390148
-0.300489
-0.136948
-0.458372
-0.740334
-0.701538
-0.615048
-0.0330822
-0.310091
0.22174
0.0591283
-0.200223
0.32095
0.027437
1.08481
1.53058
1.32137
1.26848
1.05511
1.11149
1.30528
0.895363
0.538837
0.636429
1.00594
1.44772
1.23083
1.05507
1.03505
0.931305
1.22216
1.49999
1.28712
1.41944
1.90886
1.78032
1.69554
1.58359
1.45354
1.69106
1.80805
1.65356
1.9715
1.87889
1.58847
1.3912
-1.24142
-1.0328
-1.2153
-1.22172
-0.828575
-1.18381
-0.964256
-0.94847
-1.28217
-1.31147
-0.946127
-1.19725
-0.717488
-0.791266
-0.936053
-0.794837
-0.683053
-0.64711
-0.77383
-0.457421
-0.587279
-0.519722
-0.609998
-0.442463
-0.538991
-0.541627
-0.130284
-0.450592
-0.296472
-0.374466
-0.181978
-0.319495
-0.221704
0.206487
-0.24682
0.0238402
-0.246685
0.168113
-0.190303
0.11441
0.397211
-0.0385023
0.384994
-0.104161
0.469175
-0.0657232
0.370369
0.244522
-0.039649
0.504824
-0.0759511
0.459167
-0.107971
0.315095
-0.167441
-0.353774
0.279453
-0.359826
0.123666
-0.483116
-0.0466018
-0.715472
-0.785379
-0.17357
-0.8628
-0.346705
-0.978592
-0.58126
-1.1098
-1.0471
-0.597802
-1.28025
-0.69637
-1.32046
-1.05118
-1.038
-0.896826
-0.748803
-1.30955
-0.703415
-1.17769
-1.12835
-0.591598
-0.517886
-0.599653
-0.667532
-0.511951
-0.665056
-0.58049
-0.584412
-0.398601
-0.409256
-0.654154
-0.569988
-0.307494
-0.513923
0.280564
-0.238649
0.179504
0.158374
0.0269951
0.427406
0.0203367
0.747222
0.404219
0.65861
0.344503
0.795647
0.480529
0.627431
1.18147
0.803852
1.04086
0.81896
1.18565
0.928768
1.07291
1.4788
1.14274
1.40555
1.16333
1.51731
1.2153
1.41464
1.58696
1.23591
1.64632
1.27022
1.67288
1.25742
1.58743
1.39791
1.01802
1.62238
1.0938
1.53909
1.00457
1.4721
0.964667
0.59453
1.3166
0.660197
1.15444
0.53308
1.08686
0.466627
0.166155
0.852968
0.159446
0.677076
0.0542377
0.584596
0.100687
-0.103493
0.399909
-0.179426
0.258498
-0.207376
0.166509
-0.0232673
-0.180256
-0.135397
-0.115543
-0.12841
-0.0507306
-0.079183
0.925758
0.949371
0.770633
0.8232
0.93156
1.34653
1.28767
1.41433
1.19282
1.20312
1.4328
1.31461
1.95542
1.66807
1.8213
1.8982
1.7509
2.09931
1.75371
2.20201
2.12121
2.36147
2.01226
2.51013
2.10771
2.14784
2.48467
2.37183
2.74375
2.29474
2.83436
2.34459
2.43058
2.52503
2.35876
2.89477
2.3853
2.85437
2.3593
2.54421
2.24829
2.0357
2.68557
2.15793
2.51897
2.05531
2.34565
1.71796
1.50256
2.17225
1.67092
1.92324
1.52609
1.86753
1.06303
0.876755
1.47287
1.0688
1.17591
0.918987
1.2313
0.565874
0.358964
0.494544
0.545791
0.41667
0.616628
0.502794
-0.489188
-0.508309
-0.426596
-0.421057
-0.583276
-0.87372
-0.457256
-0.563712
-0.83852
-0.542484
-0.90766
-0.892375
0.735117
0.749091
0.598511
0.615938
0.85367
1.44138
1.34503
1.41623
1.15026
1.51126
1.29268
1.36168
-0.105981
-0.294907
-0.0137548
-0.171936
-0.333569
-0.17828
-0.0938658
-0.235549
-0.338172
-0.259435
-0.22816
-0.300942
-0.289145
-0.183595
-0.0603702
0.00313988
-0.500049
0.066877
-0.481041
0.0419929
-0.0577015
-0.0288186
-0.507055
-0.000259307
0.123532
-0.515372
0.148855
-0.0349093
0.379395
0.278858
0.287119
0.464386
0.229384
0.402704
0.434004
0.0671
0.0204566
-0.461388
0.318739
-0.475729
0.29783
0.0854891
0.128697
-0.43974
0.0382888
0.326711
-0.422338
0.348133
0.10035
-1.13125
-1.22014
-1.19453
-1.01669
-1.20046
-0.817815
-1.21338
-1.2836
-0.980384
-0.971505
-1.27869
-1.20063
-1.00539
-0.622971
-0.645276
-1.15986
-1.26521
-0.952534
-0.929139
-1.28553
-0.927338
-1.17891
-0.927342
-1.02564
-0.786532
-0.739284
-1.08038
-0.904771
-0.764475
-0.941312
-0.638575
-0.762009
-0.71057
-0.562117
-0.565214
-0.798021
-0.748961
-0.630176
-0.594967
-0.671125
-0.520775
-0.602341
-0.668356
-0.514529
-0.584274
-0.106167
-0.173175
-0.293399
-0.0139401
-0.332245
-0.0941642
-0.179323
-0.240061
-0.232452
-0.341554
-0.262564
-0.293914
-0.304145
-0.187681
-0.0617099
0.0654768
0.00355876
-0.500344
-0.48107
-0.0590815
0.040375
-0.423555
-0.468547
-0.469715
-0.441333
-0.484208
-0.482835
-0.420105
-0.613598
-0.644005
-0.452736
-0.331631
-0.659673
-0.590163
-0.50078
-0.349858
-0.299122
-0.0347877
-0.640915
-0.118742
-0.605053
-0.229259
0.258067
0.42129
0.451981
0.450839
0.272913
0.35138
0.375825
-0.583588
-0.681351
-0.382444
-0.405433
-0.550967
-0.299946
-0.49745
-0.208186
-0.366231
-0.199301
-0.0200448
-0.393433
-0.133982
-0.0672674
0.373068
0.538881
0.557092
0.477237
0.498449
0.501545
0.551072
-0.0267068
-0.119604
-0.183356
-0.138496
-0.0543589
-0.131376
-0.0829715
-0.0301674
0.122482
-0.507655
6.83996e-06
-0.0362924
0.14796
-0.51612
0.378446
0.463358
0.277054
0.285386
0.401742
0.433023
0.227541
0.0665971
0.318793
0.0204498
-0.462323
0.0850041
0.297896
-0.476682
0.912225
0.760796
0.938712
0.795023
0.884916
1.18399
1.10505
1.17731
1.34228
1.09165
1.20813
1.25321
1.32518
1.18038
1.27213
1.38589
1.19444
1.40752
1.29643
1.63834
1.47163
1.51315
1.67767
1.42298
1.67534
1.63808
0.565575
0.545599
0.357526
0.493259
0.616267
0.415381
0.502613
0.128517
0.326934
-0.440582
0.0382725
-0.42314
0.100192
0.348336
-1.23382
-0.993828
-0.994341
-1.30492
-1.29874
-1.22901
-1.02585
-0.500589
-0.521811
-0.440401
-0.436002
-0.59465
-0.979777
-0.796159
-0.762188
-1.03098
-1.07954
-0.949022
-0.784075
-0.992092
-0.661494
-0.822285
-0.592939
-0.592126
-0.708478
-0.861351
-0.663796
-0.808041
-0.465393
-0.572181
-0.556416
-0.915751
-0.899213
-0.965848
-0.941074
-0.638661
-0.657373
-0.634142
-0.474173
-0.334722
-0.698082
-0.590985
-0.54343
-0.667917
-0.439275
-0.480543
-0.482817
-0.454611
-0.43486
-0.498069
-0.497535
-0.210359
-0.198424
-0.0208292
-0.325698
-0.349633
-0.142617
-0.066877
0.401806
0.582879
0.532053
0.55378
0.506472
0.560409
0.515041
-0.313362
-0.0482259
-0.131416
-0.359411
-0.660415
-0.634007
-0.239576
0.244654
0.416493
0.442533
0.43625
0.257255
0.370255
0.336765
1.18799
1.1972
1.36832
1.11692
1.10684
1.23589
1.28689
0.721555
0.744167
0.585294
0.603881
0.845683
1.66585
1.52293
1.69662
1.47092
1.4223
1.71465
1.65761
1.33151
1.40856
1.50321
1.43756
1.1493
1.30957
1.36297
-1.24675
-1.01862
-1.0433
-1.28269
-1.24264
-1.28928
-1.25864
-0.942148
-1.24972
-0.961939
-0.933432
-0.910289
-0.900385
-1.0091
-0.907076
-1.02865
-0.908362
-0.895075
-1.0171
-0.992646
-0.911113
-0.924849
-0.977635
-1.12955
-0.933039
-0.884192
-1.24918
-1.22418
-0.920835
-1.09142
-1.25116
-0.992851
-0.933184
-1.14617
-0.930138
-1.22666
-1.13422
-1.2021
-0.902771
-0.887245
-1.08978
-1.02855
-1.23737
-1.09262
-0.718121
-0.670454
-0.547594
-0.665758
-0.622189
-0.727903
-0.623744
-0.740513
-0.411299
-0.912826
-0.75486
-0.778026
-0.881015
-0.640393
-0.358719
-0.585337
-0.598758
-0.720705
-0.524728
-0.616803
-0.604632
-0.395486
-0.579886
-0.329219
-0.417728
-0.417225
-0.482815
-0.294381
-0.346547
-0.407452
-0.488898
-0.0719108
-0.391201
-0.541299
-0.221699
-0.298207
-0.244642
-0.0230046
0.0499373
-0.359099
-0.165298
-0.06507
-0.0489151
-0.422299
-0.0204766
-0.257371
-0.148239
-0.301994
0.0495365
0.0494828
-0.203306
0.293985
0.181698
-0.076545
-0.0709776
0.266937
0.133575
0.100095
0.338333
0.489576
-0.036176
0.236377
0.381874
0.26703
-0.22251
0.345653
-0.119285
0.21454
-0.18606
0.333853
0.40877
0.14564
0.678377
0.588634
0.299777
0.316439
0.687355
0.477932
0.488003
0.727492
0.845117
0.349659
0.541662
0.766242
0.391859
-0.01353
0.508254
-0.0588765
0.489132
-0.0634777
0.366903
0.621051
0.528565
1.01207
0.902571
0.618445
0.586083
0.949576
0.634144
0.664027
1.03749
0.981556
0.639131
0.631496
0.973459
0.158512
-0.0577992
0.325264
-0.245947
0.433624
-0.166258
0.0613377
0.563925
0.661624
1.07786
0.965551
0.62197
0.606991
0.930539
0.498713
0.495004
1.06161
0.799217
0.597374
0.415375
0.873165
-0.300031
-0.408221
-0.111612
-0.737225
0.0656371
-0.612905
-0.437673
0.194333
0.450287
0.827952
0.706258
0.300524
0.311418
0.600008
0.0641077
0.071847
0.776584
0.351553
0.24372
-0.0687286
0.47929
-0.847005
-0.837455
-0.55267
-1.18999
-0.404359
-1.09786
-0.95534
-0.339946
0.0109657
0.385612
0.215915
-0.158914
-0.207569
0.0820526
-0.472233
-0.364012
0.324632
-0.173452
-0.216018
-0.585612
-0.0513805
-1.15316
-1.05841
-0.749732
-1.32538
-0.720886
-1.36237
-1.1438
-0.766589
-0.409922
-0.0348578
-0.286623
-0.514438
-0.69208
-0.378207
-0.83145
-0.587117
-0.0783547
-0.502534
-0.542967
-0.848096
-0.456294
-0.556463
-0.876413
-0.794868
-0.984363
-0.851974
-0.679484
-1.12454
-0.808264
-0.593027
-0.254243
-0.539148
-0.571145
-0.863946
-0.527606
-0.473249
-0.445628
-0.637191
-0.783496
-0.268023
-0.55771
-0.529707
-0.494653
-0.470339
-0.34367
-0.418587
-0.472133
-0.491478
-0.427221
-0.504227
-0.543508
-0.45003
-0.551986
-0.46334
-0.580873
-0.483479
-0.429411
-0.333689
-0.315707
-0.435536
-0.439557
-0.352943
-0.406969
-0.394911
-0.309691
-0.183586
-0.527352
-0.594987
-0.26569
-0.463352
-0.34423
-0.222443
-0.113013
-0.351482
-0.178644
-0.443102
-0.301211
-0.373704
-0.107441
-0.0699893
-0.170182
-0.0666803
-0.303659
-0.232425
-0.540493
-0.467438
-0.369673
-0.398182
-0.487052
-0.373566
-0.425245
0.330313
0.0799543
0.607922
0.226907
0.477249
0.105196
0.471322
0.424442
0.898618
0.544477
0.207828
0.79683
0.454617
0.524402
1.0081
1.02465
0.693472
0.652973
0.729038
0.57926
0.699482
0.268837
0.639284
0.339245
0.158691
0.577336
0.264565
0.42262
0.860228
0.454984
0.989614
0.728178
0.850559
0.609869
0.951978
1.29293
1.01605
1.18645
0.964619
0.775484
0.909399
0.86178
1.34378
1.38748
1.28611
1.07706
1.09999
0.963378
1.21399
1.25261
0.852221
1.36275
1.09732
1.2322
1.01676
1.34196
1.47992
1.38906
1.15571
1.65859
1.3009
1.30383
1.59411
1.48245
1.48078
1.70836
1.75472
1.34987
1.55612
1.636
1.52635
1.17067
1.6289
1.27004
1.54994
1.24933
1.56705
1.70211
1.52392
2.01024
1.83291
1.63881
1.63344
1.90661
1.76629
1.76053
2.05068
2.02635
1.67407
1.81863
1.97288
1.56742
1.22376
1.64317
1.16793
1.67125
1.22135
1.52949
1.86817
1.78248
2.23977
2.07613
1.81978
1.84843
2.10772
1.86757
1.80535
2.2528
2.11972
1.82257
1.85039
2.12293
1.30644
0.970135
1.36962
0.784682
1.49998
0.899412
1.20243
1.75869
1.7892
2.2031
2.09732
1.71702
1.81337
2.05609
1.68536
1.5601
2.176
1.91824
1.68193
1.59676
1.99566
0.837295
0.534328
0.91632
0.279175
1.09323
0.403389
0.710257
1.38004
1.50988
1.86897
1.82472
1.35237
1.49374
1.71769
1.25763
1.11504
1.80907
1.47197
1.29241
1.13062
1.59907
0.35454
0.118832
0.454859
-0.114122
0.616464
-0.0417456
0.257691
0.872708
1.05093
1.34436
1.33817
0.868912
1.00063
1.20166
0.745988
0.629852
1.2702
0.926797
0.805005
0.627832
1.06279
0.0870419
-0.215735
0.00587353
0.0295575
-0.127868
0.208334
-0.244745
0.412716
0.569264
0.754901
0.790396
0.405996
0.511677
0.663957
0.194181
0.42562
0.238663
0.308803
0.67432
0.34681
0.53338
-0.0295775
-0.241603
-0.143866
-0.0247011
-0.199851
-0.0783653
0.0176206
0.078076
-0.0396282
0.00880489
0.129202
-0.0458873
0.0613313
0.137468
0.0569391
0.138923
-0.0886178
-0.0853844
-0.131078
0.0934205
0.108471
0.984585
0.980445
1.11762
0.933439
0.895936
1.12797
1.0521
1.26239
1.1488
1.18897
1.05394
0.817164
0.713374
0.767573
0.713557
0.837772
0.920917
0.855894
0.928187
0.939993
0.837941
0.89613
0.940122
1.43514
1.33711
1.51712
1.28923
1.26925
1.47347
1.47822
1.43148
1.47868
1.63467
1.54258
1.53676
1.39689
1.54334
1.49675
1.60683
1.7172
1.65676
1.50803
1.50335
1.6343
1.97515
1.80239
2.30431
1.94686
2.15358
1.86289
2.06222
2.02565
2.17886
2.39117
2.23171
2.28644
2.16279
2.6974
2.23751
2.56245
2.16211
2.36338
2.45051
2.60805
2.81651
2.66851
2.52294
2.38929
2.89078
2.39115
2.86236
2.37604
2.54322
2.86814
2.96988
3.03457
3.0016
2.48494
2.33481
2.72701
2.24423
2.83505
2.31162
2.42493
3.04013
2.99968
2.87079
2.98117
2.13489
1.97683
2.24588
1.80949
2.45939
1.93825
2.00719
2.8293
2.65746
2.37602
2.5972
1.56093
1.42611
1.56458
1.22401
1.83958
1.37559
1.39791
2.30117
2.04267
1.6698
1.95711
0.754518
0.622454
0.72836
0.892853
0.789871
1.07427
0.762515
1.57557
1.26266
0.81767
1.15828
0.490282
0.213424
0.225861
0.41331
0.26369
0.43349
0.46421
0.608199
0.564865
0.530022
0.770665
0.477657
0.67143
0.698539
0.532671
0.566634
0.269786
0.364509
0.317929
0.493339
0.614196
-0.96659
-0.846377
-0.814343
-0.42262
-0.50821
-0.621951
-0.36883
-0.433204
-0.513637
-0.493155
-0.864087
-0.785064
-0.717633
-0.75796
-0.824046
-0.598546
-0.520469
-0.785451
-0.828503
-0.738831
-0.758428
-0.778353
-0.848351
-0.76146
-0.764451
-0.683542
-0.916781
-0.7624
-0.666279
-0.75939
-0.619098
-0.705324
-0.647801
-0.650814
-0.526318
-0.699376
-0.617543
-0.596407
-0.887967
-0.705963
-0.396176
-0.731397
-0.811841
-0.864962
-0.616107
-0.562317
-0.341839
-0.531667
-0.709491
-0.511604
-0.597366
-0.595642
-0.466993
-0.585767
-0.568391
-0.499326
-0.534332
-0.556484
-0.428466
-0.366045
-0.409487
-0.561704
-0.306676
-0.480355
-0.269499
-0.4012
-0.321122
-0.342557
-0.476333
-0.0582872
-0.495871
-0.228219
-0.384591
-0.260966
0.0632122
-0.228877
-0.0101404
-0.161599
-0.0743189
-0.343795
-0.116536
-0.366818
-0.442742
-0.275531
-0.310677
-0.200265
-0.173102
-0.0366058
-0.25044
-0.415595
-0.0172642
-0.293469
0.0600317
-0.140716
0.0599554
0.187995
-0.189802
0.297692
-0.0567573
0.276103
-0.0715357
0.143418
0.493308
0.102375
0.341562
0.238715
0.385745
-0.0309931
0.216338
-0.239623
-0.246092
0.0255099
-0.184351
0.12553
0.167347
0.277027
-0.112832
-0.221817
0.344309
-0.180177
0.344053
0.213287
0.41145
0.6042
0.146512
0.679149
0.322087
0.701052
0.298545
0.478854
0.858597
0.485366
0.725712
0.544565
0.784302
0.347518
0.405555
-0.0982802
-0.0365918
0.383587
-0.0588583
0.378118
0.468067
0.398499
-0.0514853
-0.0114064
0.507486
-0.0568777
0.374164
0.488111
0.624774
0.910847
0.525841
1.00933
0.587755
0.957327
0.616077
0.636879
0.987042
0.662153
1.03463
0.635732
0.979807
0.636866
0.250711
-0.0682748
-0.037372
0.504101
-0.100223
0.321338
0.458477
0.164533
-0.238447
-0.0555092
0.324613
-0.157852
0.0670958
0.432983
0.567777
0.969892
0.659819
1.07516
0.610196
0.934702
0.620323
0.503
0.802416
0.493454
1.05885
0.419266
0.877453
0.595784
-0.16286
-0.351483
-0.351513
0.278834
-0.47616
-0.0402921
0.122873
-0.294385
-0.730443
-0.406003
-0.112783
-0.604093
-0.434289
0.064812
0.197109
0.709237
0.448736
0.825143
0.315235
0.602221
0.298815
0.0687668
0.35263
0.069736
0.773639
-0.0663359
0.4825
0.241969
-0.713846
-0.853789
-0.784348
-0.174834
-0.973007
-0.576188
-0.348542
-0.843356
-1.18676
-0.836803
-0.55553
-1.09049
-0.955257
-0.40641
-0.339316
0.21731
0.00873751
0.381944
-0.204198
0.0818062
-0.161632
-0.468865
-0.175062
-0.367695
0.320775
-0.586289
-0.0501221
-0.218964
-1.11186
-1.27539
-1.04926
-0.600846
-1.32015
-1.04848
-0.700201
-1.15273
-1.32811
-1.06096
-0.754311
-1.36017
-1.14798
-0.724925
-0.769465
-0.287451
-0.413798
-0.0396638
-0.691059
-0.381287
-0.519007
-0.830977
-0.506691
-0.592271
-0.0832248
-0.852545
-0.457614
-0.547665
-1.04371
-1.30947
-0.900528
-0.75341
-1.18205
-1.12941
-0.707998
-0.880488
-0.560096
-0.800638
-0.986763
-0.855589
-1.12533
-0.683857
-0.813386
-0.541839
-0.598198
-0.258987
-0.865344
-0.532321
-0.576205
-0.449868
-0.477168
-0.641966
-0.784566
-0.272548
-0.532151
-0.562546
-0.342595
-0.306129
-0.172751
-0.335762
-0.371306
-0.21882
-0.260549
-0.408724
-0.47807
-0.481615
-0.611534
-0.455495
-0.3647
-0.620196
0.283927
0.651056
0.340394
0.158874
0.57076
0.281721
0.438325
-0.237415
0.26906
0.145988
0.20424
0.0267534
0.0387739
0.420526
0.321258
0.241338
0.0801531
0.60307
0.125169
0.483331
0.47051
0.554495
0.403248
0.87166
0.262968
0.822661
0.458003
0.513667
0.990923
0.985919
0.673758
0.696624
0.721321
0.702671
0.568597
0.755581
0.36036
0.406273
0.653818
0.491933
0.634351
0.791647
0.874252
0.735006
0.456843
0.986327
0.624068
0.959549
0.846707
1.02802
1.27662
1.17749
0.975252
0.768721
0.876988
0.905177
1.39751
1.32823
1.29032
1.0837
1.0976
1.21144
0.959542
1.18575
0.826126
0.803833
1.03756
0.924805
1.08396
1.1824
1.26379
1.09423
0.85144
1.35834
1.01025
1.35153
1.22907
1.49341
1.38334
1.15347
1.64869
1.30935
1.61084
1.29887
1.47936
1.74877
1.47702
1.69832
1.5633
1.67449
1.34785
1.48311
1.16385
1.13971
1.40034
1.218
1.42031
1.51385
1.53349
1.27249
1.16751
1.62541
1.25062
1.57082
1.54653
1.71113
1.82879
1.51926
2.00209
1.63721
1.90024
1.63787
1.76705
2.03188
1.7578
2.04189
1.82103
1.97176
1.67208
1.5903
1.27231
1.23278
1.64236
1.25972
1.59139
1.66911
1.57045
1.16997
1.22064
1.63957
1.22369
1.53211
1.66748
1.87049
2.07829
1.779
2.2332
1.85105
2.11103
1.81612
1.86954
2.12202
1.80179
2.2465
1.8522
2.12497
1.81885
1.39985
1.09599
1.01488
1.61879
1.00617
1.47446
1.53557
1.30826
0.785709
0.966925
1.36604
0.901493
1.20361
1.49643
1.76042
2.09896
1.78561
2.19833
1.8147
2.05798
1.71355
1.68666
1.91942
1.55662
2.17132
1.59789
1.99669
1.67842
0.965098
0.661695
0.590694
1.31295
0.533312
1.08796
1.15067
0.837738
0.278469
0.530349
0.912271
0.404371
0.709868
1.08938
1.38119
1.82525
1.50634
1.86494
1.49443
1.71861
1.3488
1.25833
1.47221
1.11128
1.80508
1.13101
1.59913
1.28875
0.465508
0.159446
0.161399
0.848864
0.0525758
0.584259
0.672849
0.353584
-0.11657
0.114014
0.450634
-0.0424346
0.255978
0.612225
0.87308
1.33772
1.04715
1.34085
1.00062
1.20181
0.865034
0.745936
0.926512
0.62608
1.26672
0.627492
1.06216
0.801149
0.0988607
-0.180727
-0.108131
0.395776
-0.210045
0.165125
0.254634
-0.218215
0.0839251
0.00438061
0.0282889
-0.132294
-0.24601
0.204681
0.412621
0.789447
0.565565
0.752224
0.511083
0.663962
0.402579
0.425746
0.191474
0.23844
0.308417
0.671853
0.53263
0.343582
0.891181
1.097
0.842029
0.85668
0.990999
0.722851
0.732464
0.844403
0.933481
0.795553
0.686471
0.523555
0.694968
0.649199
1.10882
0.955889
0.871775
0.74395
0.849587
0.657009
0.828685
0.930063
0.757643
1.67242
1.93086
1.7864
1.88057
1.74731
1.73252
2.07468
1.97679
1.9139
1.79733
2.2837
1.8131
2.06745
2.12894
2.20102
2.01221
2.11347
2.34195
2.09759
2.14561
2.49341
2.29048
2.23839
2.15609
2.68296
2.16349
2.36362
2.5465
2.48494
2.29565
2.36533
2.72947
2.34579
2.43213
2.82157
2.52371
2.39205
2.38307
2.87972
2.3771
2.54348
2.84992
2.52507
2.38566
2.35381
2.88413
2.35991
2.54465
2.84507
2.48525
2.24443
2.33003
2.71956
2.31191
2.42455
2.8262
3.02789
2.98901
2.8621
2.97101
2.24762
2.15782
2.03174
2.67855
2.05537
2.34546
2.51296
2.13454
1.80935
1.97298
2.24094
1.9382
2.00621
2.45377
2.82109
2.65064
2.37076
2.59081
1.71686
1.67064
1.49933
2.16776
1.52584
1.86682
1.91955
1.56017
1.22366
1.42297
1.5619
1.37525
1.39673
1.83617
2.29638
2.03875
1.66698
1.95359
1.06211
1.06831
0.874491
1.47026
0.918659
1.23034
1.17405
0.622587
0.753389
0.7281
0.891983
0.787827
0.761914
1.07257
1.57302
1.26072
0.816568
1.15656
-0.274558
-0.150029
-0.365931
-0.299318
-0.145901
-0.298085
-0.271998
-0.0925524
-0.00216971
-0.399286
-0.106166
-0.367827
-0.113797
-0.094567
-0.214745
-0.243334
-0.361201
-0.138372
-0.130787
-0.260074
-0.199342
-0.340723
-0.420285
-0.392587
-0.449517
-0.368979
-0.39956
-0.382808
-0.209702
-0.304226
-0.246174
-0.102501
-0.332387
-0.163668
-0.142662
-0.291425
-0.254939
-0.393913
-0.283312
-0.382764
-0.330593
-0.220802
-0.0800969
0.000727186
-0.430228
-0.0387584
-0.462317
-0.0210769
-0.0794737
-0.0496317
-0.116288
-0.360266
-0.0916321
-0.120519
-0.121791
-0.0214307
-0.112205
-0.197525
-0.129335
-0.376855
-0.13413
-0.135548
-0.17215
0.0685659
-0.0958674
-0.306608
-0.0374177
-0.0836365
-0.00518128
0.038808
-0.00404546
0.00310959
-0.515563
0.222156
-0.514481
0.196277
0.00684548
0.125063
0.0870411
-0.268071
-0.0366048
-0.0546127
0.0518776
0.157745
0.292124
0.186951
0.0912989
0.238675
0.149074
0.302921
0.235328
0.321869
0.151304
0.0956723
0.362966
0.10197
0.369044
0.32107
0.242904
0.212387
-0.0155183
0.0411836
0.0339316
0.194196
0.255811
0.0449176
0.0145069
-0.505009
0.256374
-0.496098
0.27802
0.0310042
0.280042
0.0605175
-0.126222
0.264797
0.0399212
0.230847
0.312243
0.239377
0.143973
-0.00793818
-0.170491
0.010877
0.207851
0.177787
0.380117
0.0888554
-0.0197236
0.307029
0.109929
0.350797
0.339381
0.132657
0.0441352
-0.385715
0.371094
-0.402039
0.343837
0.169684
0.392084
0.442743
0.0164337
0.152163
0.134098
0.378691
0.449659
0.580021
0.790789
0.709929
0.566604
0.410943
0.626056
-0.366865
0.351886
0.149435
0.447717
0.173827
0.438253
-0.832163
-0.734854
-0.902633
-0.852721
-0.835278
-0.825352
-0.825662
-0.797515
-0.462166
-0.586616
-0.595637
-0.565855
-0.548583
-0.499095
-0.531429
-0.70976
-0.646342
-0.549939
-0.587663
-0.649741
-0.890825
-0.803937
-0.982786
-0.875128
-0.965914
-0.923368
-0.90008
-0.882193
-0.869625
-0.97148
-0.873005
-0.994961
-1.22348
-1.00531
-1.26001
-1.02173
-1.22307
-1.27229
-1.23221
-0.879289
-0.982691
-0.959337
-0.858461
-0.881049
-0.947183
-0.891306
-0.923877
-1.22069
-0.889299
-0.922409
-0.912424
-0.924867
-0.890726
-0.903443
-0.903247
-1.21892
-1.04459
-1.26221
-1.07418
-1.27407
-1.21423
-1.06503
-1.20322
-0.963362
-1.12948
-0.945569
-1.1486
-1.19872
-0.952004
-1.20045
-1.18425
-0.992352
-1.22427
-1.19257
-1.16424
-0.971462
-0.639527
-1.08393
-0.808775
-1.11875
-1.0577
-0.881303
-0.932066
-0.873417
-0.903978
-0.926268
-0.632834
-0.58034
-0.593946
-0.554249
-0.488625
-0.537311
-0.696091
-0.603602
-0.657373
-0.538883
-0.528892
-0.642921
-0.534892
-0.60325
-0.830523
-0.922972
-0.896761
-0.812211
-0.826038
-0.869565
-0.77722
-0.847921
-0.934457
-0.794985
-0.846536
-0.79702
-0.966991
-0.908019
-0.70636
-0.891883
-1.0922
-0.924961
-1.21904
-0.866166
-1.21489
-0.905376
-1.06188
-1.20658
-0.971855
-1.11683
-0.905768
-0.907091
-1.19002
-1.09197
-1.16264
-1.03753
-0.877878
-0.855991
-1.00734
-1.17762
-1.04903
-0.990092
-0.808445
-1.15432
-0.819582
-1.12663
-1.00337
-0.791953
-1.04654
-0.802066
-0.854962
-0.748061
-1.04308
-0.839319
-0.808018
-1.11862
-0.949955
-0.874905
-0.796657
-1.10958
-0.94838
-0.853241
-0.865583
-0.767735
-0.995704
-1.08575
-1.06945
-0.827535
-1.01417
-1.07106
-0.796496
-0.889991
-0.4846
-0.829234
-0.685371
-0.863082
-0.872904
-0.698648
-0.867806
-0.809279
-0.876621
-0.886707
-0.882345
-0.881366
-0.833675
-0.826687
-0.724549
-0.844645
-0.823349
-0.758339
-0.82194
-0.881835
-0.934147
-0.996289
-0.845755
-0.800788
-1.03286
-0.937535
-0.84757
-0.813432
-0.643898
-0.95684
-0.730359
-0.789222
-0.945199
-0.637522
-0.847716
-0.645645
-0.794838
-0.633536
-0.84194
-0.745224
-0.64398
-0.837639
-0.995269
-0.869491
-0.728503
-0.973098
-0.863603
-0.681769
-0.497436
-0.472364
-0.421381
-0.345517
-0.473923
-0.494353
-0.430191
-0.508694
-0.546685
-0.556275
-0.452744
-0.585297
-0.466278
-0.487864
-0.433332
-0.337217
-0.317701
-0.43753
-0.44161
-0.356596
-0.410755
-0.27655
-0.151593
-0.300913
-0.366441
-0.147101
-0.274179
-0.299719
-0.0933878
-0.0022579
-0.107847
-0.39833
-0.366685
-0.0953086
-0.115589
-0.2174
-0.245663
-0.361739
-0.139004
-0.131647
-0.262575
-0.201832
-0.345238
-0.423484
-0.454394
-0.395614
-0.404207
-0.371791
-0.387468
-0.213814
-0.306602
-0.105762
-0.248331
-0.334766
-0.146275
-0.1674
-0.295455
-0.25874
-0.396046
-0.285154
-0.384816
-0.334826
-0.224331
-0.0811852
0.00095709
-0.0405952
-0.429403
-0.461674
-0.0805181
-0.0227637
-0.0521811
-0.117121
-0.0941414
-0.361452
-0.121412
-0.124553
-0.0237325
-0.114694
-0.200192
-0.13005
-0.37764
-0.134771
-0.138235
-0.174649
-0.554552
-0.506255
-0.560293
-0.510698
-0.553333
-0.371949
-0.429534
-0.662664
-0.62727
-0.765535
-0.77163
-0.663692
-0.661542
-0.725839
-0.796547
-0.765889
-0.774005
-0.690292
-0.871549
-0.685288
-0.525281
-0.633129
-0.598246
-0.626183
-0.650721
-0.669428
-0.64645
-0.618893
-0.676453
-0.472637
-0.744802
-0.680156
-0.332627
-0.225461
-0.484052
-0.732466
-0.679218
-0.734139
-0.684736
-0.743236
-0.434867
-0.531968
-0.150783
-0.311274
-0.229911
-0.183673
-0.0964071
-0.108344
-0.066731
0.0457569
-0.137839
-0.0304414
0.0584652
-0.0326627
-0.202261
-0.092109
-0.0121435
0.0103939
-0.113544
0.180478
0.309043
0.314742
0.458122
0.123478
0.229325
0.354953
0.12863
0.366738
0.0737696
-0.0167862
0.0958559
0.154215
-0.0135133
0.0942522
0.176559
0.253618
0.0568035
-0.445566
-0.299029
-0.532835
-0.187961
-0.609205
-0.272296
-0.437745
-0.367039
-0.224984
-0.350315
-0.101414
-0.181344
-0.427349
-0.292979
-0.516415
-0.354054
-0.386005
-0.451921
-0.419978
-0.463526
-0.358666
-0.34728
-0.129657
-0.123707
-0.101204
-0.0570144
-0.343422
-0.262008
-0.290385
-0.251506
-0.478745
-0.11746
-0.467883
-0.358919
-0.117112
-0.103343
0.0897324
0.0500159
0.188024
-0.100096
-0.0404439
-0.0528653
-0.237842
-0.198228
-0.0561244
0.0625287
-0.156845
-0.00638682
0.0128864
-0.0499493
-0.0222099
-0.130863
-0.127446
-0.0427845
-0.0764468
0.0972773
0.0752868
-0.0955374
0.0634228
0.0545514
0.0590318
0.103562
0.000971283
0.0850189
0.0167425
0.0904888
0.332038
0.485824
0.424705
0.465602
0.290274
0.434372
0.405262
0.278717
0.485022
0.221011
0.266292
0.255945
0.136108
0.317194
0.33533
0.479477
0.262358
0.383363
0.166896
0.0768276
0.287011
0.319182
0.024289
0.119674
0.286069
-0.0326314
-0.244131
-0.0276961
-0.146105
-0.202268
-0.0817708
0.0149016
0.0752393
-0.0424846
0.126489
0.00618804
0.0583485
-0.0486463
0.134862
0.0545274
0.136878
-0.0907078
-0.0875564
-0.133335
0.0912322
0.106268
0.0667212
-0.0968349
-0.0398454
-0.30804
0.0367748
-0.00736411
-0.0846205
-0.00517884
0.0032856
0.221697
-0.516501
0.00573564
0.195717
-0.515324
0.123631
0.0854308
-0.269544
-0.0376192
0.0501425
0.156422
-0.0556956
0.290397
0.184784
0.236824
0.0889184
0.301179
0.23355
0.146845
0.32139
0.149978
0.362321
0.0942431
0.320474
0.368533
0.10057
0.241592
0.210921
-0.0172483
0.0394418
0.192911
0.254336
0.032334
0.0441109
0.0145282
0.256221
-0.505958
0.0302066
0.277867
-0.497099
0.279649
0.0598094
0.264237
-0.12725
0.230322
0.311826
0.0391832
0.238532
0.142965
-0.00882467
-0.171696
0.207016
0.176847
0.0100221
1.19024
1.19381
0.952868
1.11997
1.14499
1.26085
0.951678
1.04748
1.12447
1.16466
1.31438
1.03309
1.20014
1.21406
1.47081
1.36551
1.34768
1.2877
1.46236
1.44479
1.18882
1.04628
0.810061
0.709004
0.770218
0.706932
0.843989
0.959547
0.954385
0.89584
1.09078
0.905577
1.10147
1.03206
0.915343
0.94009
0.930184
0.841475
0.825921
0.942221
0.892095
1.2398
1.13964
1.06592
1.22962
1.30086
1.18379
1.23046
1.1079
1.24541
1.10546
1.1004
1.02942
1.13176
0.994587
1.04566
1.23167
1.30583
1.40891
1.40673
1.45224
1.41388
1.37606
1.41466
1.23978
1.29143
1.30282
1.44997
1.20407
1.33378
1.31532
1.58641
1.53617
1.6386
1.46704
1.46238
1.37438
1.56193
1.59461
1.41296
1.3234
1.28378
1.49483
1.26097
1.4501
1.45533
1.42282
1.46181
1.50372
1.60106
1.51769
1.37991
1.52467
1.48509
1.62969
1.58883
1.68837
1.49458
1.493
1.60169
1.56937
1.46448
1.34103
1.55052
1.37811
1.52944
1.58498
1.65207
1.75074
1.83502
1.83933
1.68519
1.83133
1.71927
1.58677
1.71571
1.62641
1.78124
1.58023
1.7343
1.66433
0.490264
0.212331
0.413293
0.22488
0.262686
0.433643
0.464073
0.608599
0.563784
0.770522
0.529109
0.671822
0.476576
0.698534
0.533174
0.566826
0.268969
0.363854
0.317103
0.493796
0.614325
0.380089
0.0882629
0.307013
-0.0204831
0.109406
0.339425
0.35067
0.132765
0.044087
0.371537
-0.386368
-0.402774
0.169764
0.344245
0.392473
0.442904
0.0158042
0.15181
0.13366
0.379053
0.449931
0.790863
0.579235
0.710219
0.567058
0.410326
0.626279
0.352506
-0.367453
0.149534
0.44802
0.173492
0.438721
-1.24676
-1.05984
-1.09064
-1.28264
-1.29657
-1.24065
-1.08783
-1.23447
-0.987697
-0.972449
-1.17226
-1.22964
-0.97088
-1.18435
-1.2315
-1.01378
-1.25639
-1.21528
-1.2234
-0.993804
-1.19963
-0.928819
-0.954729
-0.957945
-0.95135
-0.936298
-0.939465
-0.936623
-0.649826
-0.829936
-1.1261
-1.15786
-1.10371
-0.912379
-0.915097
-0.970178
-0.937211
-0.961892
-0.435144
-0.520942
-0.633856
-0.38447
-0.447773
-0.504951
-0.526411
-0.609751
-0.533781
-0.888049
-0.852484
-0.902872
-0.822519
-0.755995
-0.79649
-0.860965
-0.825676
-0.778274
-0.866523
-0.799228
-0.817206
-0.801878
-0.887359
-0.476662
-0.607275
-0.578347
-0.599166
-0.543758
-0.562644
-0.512853
-0.772513
-0.94367
-0.893694
-0.878699
-0.841402
-0.864317
-0.866755
-0.723655
-0.658644
-0.564002
-0.601207
-0.664633
-0.843253
-0.934643
-1.02464
-0.916057
-1.00696
-1.0343
-0.821348
-0.83706
-1.16105
-1.14544
-1.05118
-0.812075
-1.09585
-0.827459
-0.779668
-0.914219
-1.07857
-0.831755
-0.896134
-1.159
-0.89539
-0.828422
-0.99695
-1.15926
-0.875487
-1.01051
-1.04241
-1.13401
-0.85631
-1.11577
-1.12371
-0.829539
-1.06424
-0.940151
-0.490443
-0.716272
-0.874981
-0.918211
-0.729748
-0.915504
-1.00057
-0.874785
-0.836936
-1.07022
-1.0732
-0.883638
-0.989129
-0.91246
-0.805316
-0.910362
-0.921452
-0.846924
-0.91013
-0.878437
-0.919872
-0.921928
-0.873465
-0.863383
-0.764573
-0.877092
-0.919548
-0.87619
-0.795239
-0.868756
-0.674161
-0.768679
-1.02106
-0.83795
-0.668039
-1.00845
-0.876572
-0.675486
-0.663341
-0.833148
-0.675322
-0.912494
-0.791626
-0.911383
-0.911529
-0.763745
-1.06007
-0.714899
-1.03906
-0.917104
-0.646626
-0.594062
-0.606012
-0.568003
-0.708699
-0.552304
-0.500488
-0.618438
-0.671664
-0.550335
-0.544198
-0.614622
-0.550298
-0.658571
-0.868173
-0.964679
-0.936859
-0.867482
-0.858949
-0.912745
-0.889373
-0.974843
-0.820292
-0.831448
-0.833946
-0.889981
-1.00286
-0.931562
-0.74566
-0.944534
-0.693338
-0.495482
-0.7762
-0.326178
-0.728677
-0.220459
-0.484401
-0.663963
-0.645756
-0.64269
-0.681607
-0.656352
-0.703426
-0.66922
-0.764996
-0.773587
-0.709103
-0.726131
-0.77028
-0.448399
-0.56133
-0.570421
-0.517754
-0.576329
-0.569228
-0.524548
-0.382791
-0.446235
-0.693958
-0.661669
-0.796354
-0.793707
-0.69229
-0.754281
-0.694475
-0.826683
-0.797785
-0.806015
-0.724125
-0.896774
-0.704577
-0.547498
-0.296107
-0.25175
-0.116047
-0.470666
-0.446805
-0.336601
-0.112914
-0.0969703
0.098091
0.197092
0.067066
-0.094352
-0.0504424
-0.0236988
-0.217009
-0.05169
0.090567
-0.164406
-0.200755
0.0269678
0.0173637
0.116995
0.12972
-0.0565936
-0.083303
0.075209
-0.13991
-0.0592138
-0.0402158
-0.141341
-0.0545803
0.242229
0.474737
0.289586
0.192092
0.284622
0.354065
0.186907
0.350032
0.504545
0.205761
0.306979
0.32606
0.0960243
0.311204
0.036742
0.122305
0.0424838
-0.00954392
0.0456069
0.0902681
0.00786851
0.0797951
0.0629293
0.325138
0.480276
0.414711
0.457967
0.278115
0.427513
0.399987
0.251089
0.37369
-0.357684
-0.314598
-0.185534
-0.351411
-0.268579
-0.385444
-0.233803
-0.430813
-0.502989
-0.494966
-0.631195
-0.639071
-0.476977
-0.388406
-0.0777268
0.0323746
-0.121151
-0.153015
-0.0458043
-0.168658
-0.320734
-0.236846
-0.199415
-0.113539
0.165055
0.301738
0.060368
0.0876067
0.141544
-0.0308193
0.166367
-0.0262357
0.0796175
0.0412965
-0.0472938
-0.205809
-0.10198
-0.117579
-0.02936
-0.0062329
0.306969
0.447044
0.118724
0.227215
0.345426
0.125439
0.358111
0.244862
0.0537112
1.14389
1.12084
1.17361
1.04762
1.01591
1.06512
1.24862
1.32589
1.42808
1.48608
1.44301
1.37367
1.42959
1.42993
1.23077
1.31373
1.47521
1.3107
1.2327
1.33252
1.35627
1.07271
1.19499
1.23299
1.29932
1.11692
1.25442
1.22865
1.613
1.54445
0.828942
0.851961
0.985209
0.709583
0.719487
0.925263
0.831779
1.10594
0.942937
0.893294
1.09685
0.789869
0.684044
0.524486
0.689294
0.651577
0.86751
0.845075
0.746443
0.658803
0.827617
0.758607
0.922895
1.03397
1.16226
1.30904
1.11289
1.21273
1.02144
1.18829
1.1899
1.19271
0.954418
1.12002
0.951656
1.14521
1.25781
1.46775
1.3557
1.33717
1.46202
1.29093
1.44639
1.59727
1.47572
1.57208
1.34434
1.37996
1.5532
1.60618
1.64731
1.76303
1.86378
1.89006
1.67982
1.73354
1.86288
1.59038
1.64224
1.80722
1.74209
1.58392
1.67921
1.76802
1.95118
1.87349
1.86902
1.84023
1.79763
1.63692
1.45672
1.4516
1.56441
1.37821
1.59471
-0.734786
-0.996128
-0.918507
-0.86702
-0.719585
-0.713099
-0.939562
-0.623424
-0.608056
-0.591297
-0.73286
-0.574295
-0.700603
-0.65555
-0.376063
-0.50754
-0.457374
-0.471561
-0.434478
-0.444243
-0.397695
-0.0786447
-0.293533
-0.210511
-0.216295
-0.172457
-0.187311
-0.114359
0.121301
-0.0835476
0.0755381
-0.0553556
0.0992444
-0.051448
0.109379
0.144148
-0.0085446
0.183377
-0.0574959
0.169187
-0.0755014
0.158741
-0.0890707
-0.250955
-0.0399284
-0.269988
-0.0907823
-0.313164
-0.0399677
-0.586216
-0.684033
-0.494601
-0.70978
-0.551031
-0.752506
-0.524543
-1.03246
-1.01389
-0.892481
-1.10424
-0.921003
-1.09975
-1.01548
-1.06289
-0.980262
-0.960512
-1.13292
-0.935662
-1.07113
-1.10965
0.0406255
-0.227817
-0.0725422
-0.0249963
-0.0573709
0.0782231
-0.217654
0.462281
0.31157
0.400611
0.203448
0.443673
0.228209
0.434927
0.826221
0.708069
0.792376
0.638709
0.837615
0.647507
0.81666
1.16485
1.07433
1.15795
1.00502
1.19666
1.02135
1.14942
1.31428
1.24257
1.37196
1.18013
1.38025
1.17227
1.32016
1.19447
1.09879
1.2937
1.0604
1.2648
1.02313
1.22608
0.812687
0.708978
0.943072
0.671858
0.89022
0.61682
0.865324
0.337109
0.262624
0.481844
0.198007
0.429225
0.155568
0.383782
0.00876532
-0.0557021
0.0978874
-0.109257
0.064409
-0.115431
0.0241112
1.74796
1.51213
1.77018
1.82208
1.6568
1.78797
1.56855
2.12862
2.03528
2.12619
1.93879
2.16823
1.94542
2.11204
2.38476
2.32855
2.4515
2.20152
2.47806
2.19022
2.39754
2.40191
2.39173
2.56653
2.24362
2.5567
2.21248
2.43495
2.15157
2.14146
2.35753
2.02432
2.30917
1.96738
2.20992
1.66375
1.6481
1.87244
1.57132
1.79928
1.50003
1.73934
1.08446
1.03858
1.23694
1.03037
1.15281
0.962515
1.15952
-1.17013
-0.715392
-0.643628
-0.607226
-0.752468
-0.674043
-0.621866
-0.789982
-0.707339
-0.430158
-0.712713
-0.68962
-0.797241
-0.810761
-0.560964
-0.270015
-0.344706
-0.377456
-0.604658
-0.364787
-0.393267
-0.560566
-0.464814
-0.558135
-0.477032
-0.518666
-0.440943
-0.498977
-0.539788
-0.252046
-0.414512
-0.31721
-0.155786
-0.212408
-0.281708
-0.464624
-0.141735
-0.0242419
0.0655261
0.0842883
-0.068289
-0.126195
0.066849
-0.193327
-0.369796
-0.242331
-0.248537
-0.154185
-0.281199
-0.281143
-0.0194792
0.0248725
0.201756
0.173589
0.192662
0.0699084
-0.0359865
0.296774
0.351816
0.434768
0.487618
0.303216
0.309428
0.481524
0.0667722
-0.159521
0.0384411
-0.0744735
0.0837527
0.00853041
-0.0829631
0.424068
0.400727
0.57995
0.564248
0.574913
0.448961
0.398104
0.685295
0.745369
0.819637
0.828902
0.701134
0.707099
0.805691
0.168009
0.00698922
0.183689
-0.0522233
0.159738
0.187484
-0.0383757
0.778776
0.787646
0.946784
0.881951
0.904306
0.824847
0.760712
0.892339
0.951659
1.07408
1.04234
0.943324
0.889457
1.04035
0.0389849
-0.120055
0.00375001
-0.228522
-0.000434179
0.0464398
-0.191546
0.88705
0.953711
1.09173
1.05247
1.04628
0.951777
0.897978
0.797763
0.828522
1.01673
0.945022
0.860065
0.762234
0.974878
-0.385997
-0.520424
-0.433735
-0.638223
-0.450049
-0.375005
-0.589821
0.681903
0.789131
0.916238
0.910774
0.872983
0.749284
0.725083
0.413009
0.439318
0.670986
0.564319
0.493542
0.355328
0.619259
-0.916336
-0.923724
-0.851773
-1.03949
-0.948868
-0.812998
-1.02907
0.231023
0.379321
0.502734
0.498497
0.441549
0.323924
0.289081
-0.0798819
-0.00772274
0.210867
0.0711305
0.040903
-0.125266
0.121165
-1.1366
-1.04965
-0.974001
-1.12238
-1.10473
-0.984884
-1.17065
-0.221954
-0.0590405
0.0569117
0.00559444
-0.0370832
-0.102361
-0.185787
-0.394148
-0.301481
-0.149339
-0.260669
-0.28094
-0.396683
-0.247983
-0.651499
-0.734625
-0.740627
-0.820016
-0.736778
-0.71991
-0.824171
-0.41028
-0.322039
-0.223968
-0.291636
-0.292989
-0.333602
-0.419611
-0.329757
-0.245157
-0.311288
-0.354735
-0.280192
-0.348133
-0.278858
0.307941
0.17244
0.354157
0.0954704
0.334078
0.313085
0.0539664
0.708532
0.758197
0.656099
0.638898
0.511233
0.635308
0.685777
1.07738
1.01751
0.981893
0.863158
0.962679
0.926333
0.873376
0.721278
0.559462
0.741812
0.547646
0.730828
0.694537
0.539919
1.20728
1.12152
1.15407
0.967138
1.02144
1.04634
0.937381
1.43252
1.50934
1.46186
1.20023
1.33869
1.29852
1.25137
1.07271
0.947328
1.1141
0.943765
1.0896
1.0698
0.924581
1.55797
1.36386
1.39153
1.5639
1.59413
1.43376
1.30553
1.65015
1.71333
1.79682
1.81468
1.67086
1.65284
1.81371
1.30522
1.21454
1.35982
1.16198
1.30467
1.3417
1.161
1.72932
1.76041
1.92998
1.88691
1.89006
1.80196
1.73112
1.92758
2.01757
2.12356
2.07504
1.98912
1.92274
2.07863
1.2761
1.1871
1.32224
1.08884
1.2516
1.34237
1.11889
1.96124
2.04452
2.20307
2.12062
2.11469
2.06548
1.96819
2.00457
2.10895
2.26219
2.13929
2.11336
1.9807
2.16159
0.975413
0.8705
0.999868
0.733533
0.925907
1.04883
0.786745
1.955
2.09995
2.24099
2.14329
2.11574
2.08661
1.98459
1.82182
1.90585
2.10817
1.93977
1.94573
1.77295
1.98699
0.502325
0.420861
0.541839
0.261158
0.451017
0.59664
0.310044
1.68066
1.85922
1.97602
1.90078
1.84767
1.81225
1.73485
1.40395
1.46371
1.68476
1.50075
1.52496
1.3409
1.56499
0.0911353
0.0385212
0.140122
-0.0747875
0.0664509
0.179296
-0.058515
1.21632
1.39659
1.48531
1.43612
1.37055
1.33294
1.27978
0.904649
0.925063
1.12427
0.973751
0.99102
0.847395
1.03614
-0.0945101
-0.116729
-0.0450992
-0.0607493
-0.162554
-0.0835882
-0.142024
0.734249
0.853546
0.904753
0.90713
0.848053
0.788002
0.787323
0.372156
0.520775
0.451385
0.485242
0.516036
0.433431
0.562312
2.02231
1.89654
2.07618
1.8636
2.04187
2.03113
1.85201
2.34955
2.23831
2.41427
2.14783
2.34291
2.3799
2.15564
2.44909
2.40553
2.56665
2.23005
2.42045
2.56725
2.25572
2.29253
2.27067
2.4006
2.05458
2.24088
2.4402
2.1054
1.87339
1.85193
1.94414
1.6297
1.80051
2.01255
1.69908
1.30616
1.27291
1.32225
1.09487
1.22932
1.40432
1.16517
0.610933
0.604461
0.682012
0.743499
0.61614
0.697857
0.657074
-1.15199
-0.966965
-0.710766
-0.858134
-0.817861
-0.701003
-0.688406
-0.918834
-0.666462
-0.708541
-0.626295
-0.586072
-0.740079
-0.627414
-0.599941
-0.657231
-0.674831
-0.41597
-0.762044
-0.681805
-0.770409
-0.534017
-0.281585
-0.252997
-0.34367
-0.625364
-0.361296
-0.57933
-0.385316
-0.583624
-0.695864
-0.589056
-0.5705
-0.553881
-0.666827
-0.614691
-0.443937
-0.513754
-0.54125
-0.460186
-0.525745
-0.426703
-0.482945
-0.2157
-0.481462
-0.315082
-0.139495
-0.539018
-0.152239
-0.279818
-0.142058
0.106019
-0.0210918
0.0739843
-0.117274
0.0950134
-0.0630666
-0.373982
-0.4693
-0.494948
-0.440877
-0.416146
-0.441675
-0.392624
-0.192582
-0.253087
-0.366142
-0.239599
-0.28384
-0.155881
-0.277003
-0.0124549
0.188369
0.0282023
0.206919
-0.0290112
0.20488
0.0732341
0.298176
0.491609
0.353977
0.437027
0.309852
0.48388
0.305413
-0.0812182
-0.220146
-0.292316
-0.208603
-0.171353
-0.192286
-0.115429
0.0645632
-0.0776393
-0.158588
0.0386657
-0.0861102
0.0811708
0.00870478
0.423556
0.566451
0.402317
0.582043
0.397735
0.580421
0.451016
0.675016
0.835219
0.742602
0.819735
0.696966
0.815042
0.698214
0.119116
-0.0577679
-0.0820273
0.0759257
0.0997251
-0.0536399
0.107296
0.167092
-0.0516911
0.00932161
0.184867
-0.0381264
0.15888
0.188643
0.769893
0.886189
0.784613
0.9443
0.752084
0.903562
0.821839
0.885444
1.0371
0.948903
1.07118
0.882425
1.03562
0.9404
0.143619
-0.0566057
-0.00617678
0.184628
0.170355
-0.0744072
0.158137
0.0389698
-0.2268
-0.1178
0.00495363
-0.189917
-0.000330981
0.0476602
0.880539
1.04755
0.950911
1.08899
0.891508
1.04107
0.949101
0.792434
0.940229
0.826025
1.014
0.756993
0.970145
0.85748
-0.0887882
-0.268105
-0.248666
-0.0386588
-0.0895275
-0.311378
-0.0396386
-0.385784
-0.636717
-0.518417
-0.432816
-0.588312
-0.449816
-0.373981
0.676914
0.906195
0.786539
0.913537
0.720058
0.86832
0.746752
0.408005
0.559511
0.436319
0.667856
0.350379
0.614454
0.490572
-0.586186
-0.708101
-0.68249
-0.493785
-0.550409
-0.751175
-0.524159
-0.917787
-1.03999
-0.923827
-0.85284
-1.02931
-0.950496
-0.813788
0.225921
0.493724
0.376121
0.49935
0.284125
0.436585
0.320666
-0.0858887
0.0654277
-0.0120439
0.206684
-0.131254
0.115483
0.0367937
-1.03475
-1.10482
-1.01514
-0.893867
-0.922691
-1.10094
-1.01716
-1.1408
-1.12599
-1.05292
-0.977486
-1.17404
-1.10893
-0.988221
-0.228211
-6.16643e-05
-0.0634731
0.0523359
-0.19177
-0.0430498
-0.106951
-0.400948
-0.266997
-0.306691
-0.154333
-0.403368
-0.254366
-0.286115
-1.06744
-1.13659
-0.984066
-0.964094
-0.939342
-1.07519
-1.11382
-0.738723
-0.654657
-0.744619
-0.824297
-0.740245
-0.828356
-0.723105
-0.416811
-0.297656
-0.327234
-0.228905
-0.426084
-0.299122
-0.338743
-0.250015
-0.333709
-0.316635
-0.360463
-0.284245
-0.284087
-0.352328
-0.30299
0.0437129
-0.0520608
0.0051827
-0.0608934
0.0823202
-0.259469
0.314918
0.0984075
0.173704
0.356055
0.0504028
0.341315
0.315236
0.622697
0.674828
0.727208
0.47674
0.651436
0.583702
0.66736
1.00149
1.05431
0.966545
0.853026
0.94895
0.864317
0.910731
0.465592
0.20584
0.313484
0.402197
0.444984
0.233441
0.437907
0.720635
0.551852
0.560929
0.741658
0.54236
0.731604
0.69435
1.10432
1.18843
1.1369
0.962844
1.0084
0.930303
1.03581
1.48772
1.41913
1.44233
1.20107
1.3336
1.25354
1.29253
0.828362
0.640527
0.709435
0.791913
0.837181
0.649264
0.816334
1.06787
0.938783
0.945611
1.11098
0.923526
1.0819
1.06732
1.53672
1.3654
1.38686
1.55265
1.30775
1.56809
1.42979
1.64594
1.80867
1.71111
1.78916
1.65278
1.79837
1.66927
1.15879
1.00006
1.07182
1.15447
1.19294
1.01527
1.1435
1.30023
1.15573
1.21128
1.35645
1.15506
1.30009
1.33822
1.73128
1.88567
1.75619
1.91718
1.73141
1.89218
1.79732
1.9265
2.07213
2.01137
2.11431
1.92357
2.07559
1.9831
1.30949
1.17419
1.2394
1.36854
1.37696
1.16607
1.31556
1.27158
1.08324
1.18401
1.31908
1.1134
1.24687
1.33915
1.96204
2.11777
2.03905
2.1956
1.96923
2.11191
2.06038
2.00419
2.13712
2.1048
2.25644
1.98017
2.15926
2.109
1.18982
1.05514
1.09573
1.2905
1.26165
1.01775
1.22164
0.970873
0.728367
0.86714
0.996433
0.781638
0.921246
1.04543
1.95425
2.1412
2.09582
2.23591
1.98392
2.11369
2.08264
1.82084
1.93806
1.90219
2.10369
1.77188
1.98532
1.94197
0.807954
0.666766
0.705379
0.939518
0.886622
0.611574
0.860765
0.497218
0.25545
0.416603
0.537568
0.3044
0.445778
0.592489
1.67956
1.89925
1.85553
1.97183
1.73384
1.84607
1.80866
1.40271
1.49908
1.46021
1.68088
1.3395
1.56345
1.52141
0.331775
0.192339
0.258024
0.47749
0.424777
0.149715
0.378659
0.0856397
-0.0807959
0.0336309
0.135398
-0.0645512
0.0609729
0.174607
1.21481
1.43456
1.39309
1.48163
1.27839
1.36888
1.32946
0.903082
0.972081
0.921883
1.12097
0.845782
1.03451
0.987746
0.00347613
-0.115043
-0.0605401
0.0932473
0.05981
-0.12125
0.0189184
-0.121207
-0.0980718
-0.0491904
-0.0650787
-0.166503
-0.146821
-0.0873162
0.732678
0.905564
0.85043
0.901803
0.785783
0.846445
0.785008
0.519582
0.370023
0.450214
0.484106
0.513914
0.561147
0.431209
1.51874
1.72965
1.73603
1.75466
1.65019
1.77169
1.56996
2.02976
1.88965
1.88801
2.05381
1.87375
2.04366
2.0091
2.11587
1.96515
2.02458
2.10652
2.1522
1.96366
2.10483
2.34008
2.15027
2.23132
2.40347
2.15909
2.33544
2.36877
2.37895
2.20322
2.32162
2.4411
2.46816
2.19208
2.39027
2.44537
2.23116
2.39969
2.559
2.25668
2.41731
2.5592
2.39936
2.24445
2.38645
2.55919
2.54967
2.21344
2.43185
2.29084
2.05517
2.26612
2.39501
2.10605
2.23932
2.43441
2.15024
2.02483
2.13728
2.35216
2.30395
1.96784
2.2085
1.87247
1.62976
1.84825
1.93992
1.69929
1.79953
2.00821
1.6628
1.57137
1.64466
1.8684
1.7954
1.49995
1.73844
1.3053
1.09455
1.26999
1.31934
1.16491
1.22846
1.40124
1.08369
1.03007
1.03607
1.23416
1.15025
0.962179
1.15873
0.604211
0.609417
0.681538
0.743064
0.614399
0.656918
0.696201
-0.767481
-0.854542
-1.02446
-0.994581
-0.696899
-0.75111
-0.832682
-0.848393
-0.702424
-0.672321
-0.866609
-0.693478
-0.919484
-0.794004
-0.950363
-0.672817
-0.757453
-0.697821
-0.723828
-0.910648
-0.795618
-0.593888
-0.599822
-0.544393
-0.640642
-0.560549
-0.668873
-0.567558
-0.699619
-0.58439
-0.493949
-0.571242
-0.561312
-0.7312
-0.540842
-0.644047
-0.455671
-0.51608
-0.468354
-0.539073
-0.616651
-0.483253
-0.334231
-0.484692
-0.379172
-0.379076
-0.414391
-0.406641
-0.303211
-0.364988
-0.394303
-0.257448
-0.238219
-0.360144
-0.38091
-0.222408
-0.301954
-0.145813
-0.289408
-0.222118
-0.326824
-0.271022
-0.165913
-0.043376
-0.273593
-0.102802
-0.136235
-0.140124
-0.158376
-0.0133496
0.00272411
-0.0934639
0.073144
0.0933686
-0.0478231
-0.028175
0.127821
0.0475082
0.203625
0.0384364
0.119336
-0.00628809
0.0739603
0.172765
0.142506
-0.0513844
0.146708
-0.0392075
0.130499
-0.0366946
0.147957
0.227391
0.240428
0.416458
0.372996
0.268098
0.216484
0.390355
0.252091
0.431024
0.317227
0.447212
0.298513
0.256744
0.419913
0.135394
-0.0159682
0.134863
-0.110561
0.158493
-0.0876038
0.113936
0.246829
0.348225
0.494433
0.4637
0.335415
0.263351
0.451062
0.234479
0.422072
0.298519
0.480102
0.321558
0.210794
0.442965
-0.13949
-0.299941
-0.198862
-0.412766
-0.142868
-0.364787
-0.196213
-0.00708091
0.116896
0.230709
0.265276
0.0667696
0.0418458
0.215941
-0.0591367
0.109453
-0.0407126
0.177737
0.014154
-0.11423
0.166647
-0.663852
-0.739545
-0.661529
-0.861296
-0.609849
-0.826318
-0.719649
-0.481851
-0.332259
-0.231669
-0.211513
-0.387912
-0.425622
-0.276957
-0.55118
-0.410734
-0.496635
-0.291985
-0.445069
-0.602328
-0.348148
-1.08727
-1.03855
-0.966017
-1.13498
-0.94996
-1.15446
-1.08819
-0.878525
-0.727072
-0.634102
-0.711304
-0.758053
-0.861586
-0.743923
-0.924355
-0.813942
-0.809337
-0.669708
-0.788853
-0.927469
-0.794964
-1.04661
-0.944161
-0.867459
-0.985847
-0.907209
-1.06179
-0.984997
-0.912792
-0.829586
-0.739177
-0.879418
-0.812466
-0.952239
-0.852704
-0.902528
-0.803367
-0.762662
-0.725634
-0.792062
-0.84999
-0.843823
0.126336
0.146773
0.00213898
0.020591
0.313033
0.168502
0.180921
0.0652185
-0.014064
0.167208
-0.141665
0.128926
-0.15439
0.116368
0.0979338
0.374564
0.312003
0.255715
0.229735
0.136539
0.299713
0.546026
0.359694
0.53786
0.357142
0.493889
0.33421
0.554594
0.505994
0.517893
0.701035
0.655893
0.56137
0.496727
0.690468
0.582422
0.7977
0.657808
0.754168
0.614869
0.601323
0.76267
0.907925
0.756699
0.932552
0.751858
0.886314
0.736215
0.915322
0.897974
0.910588
1.08868
1.07016
0.957212
0.890571
1.07321
0.985334
1.16041
1.05671
1.14017
1.00909
0.990188
1.15283
1.217
1.11045
1.26647
1.08667
1.23288
1.0746
1.23064
1.26813
1.28168
1.44626
1.40298
1.32297
1.25689
1.41213
1.32759
1.47752
1.39494
1.48219
1.35995
1.33691
1.46885
1.32196
1.24053
1.38034
1.16375
1.38168
1.17875
1.31111
1.44264
1.51581
1.65979
1.5925
1.52627
1.44845
1.58979
1.45976
1.59911
1.53292
1.66824
1.53122
1.44689
1.60839
1.15834
1.05805
1.19003
0.940144
1.22705
0.984171
1.1197
1.34931
1.46632
1.6003
1.54884
1.44118
1.38252
1.51977
1.32114
1.4579
1.37423
1.57
1.40777
1.28121
1.49388
0.74741
0.649277
0.775176
0.496329
0.830316
0.551572
0.693123
0.992072
1.14266
1.26628
1.23316
1.0917
1.04587
1.18127
0.932774
1.06722
0.979817
1.20853
1.0337
0.877164
1.122
0.273752
0.210359
0.32359
0.0624835
0.372523
0.0973803
0.233234
0.528357
0.686466
0.795688
0.75923
0.632238
0.57795
0.706119
0.467724
0.591697
0.521559
0.733061
0.573181
0.423384
0.640857
-0.0240265
-0.0843367
0.000939259
-0.136001
0.027811
-0.140102
-0.029639
0.180665
0.271417
0.353116
0.338527
0.231381
0.20334
0.307613
0.143873
0.23984
0.151403
0.301425
0.186733
0.129867
0.262875
1.8305
1.96256
1.721
1.76613
2.00028
1.86867
2.01006
1.86588
1.70897
1.88143
1.68154
1.84029
1.6169
1.91199
1.80251
2.05256
2.12146
1.96529
1.92175
1.85826
2.06614
2.20493
2.08151
2.25645
2.02417
2.2158
2.02529
2.21192
2.1656
2.2157
2.41119
2.343
2.26148
2.13987
2.3692
2.23643
2.46601
2.3577
2.4659
2.31328
2.25186
2.43326
2.43008
2.35458
2.52686
2.21909
2.50798
2.23383
2.4127
2.44529
2.57116
2.77473
2.66148
2.60028
2.45176
2.66982
2.49197
2.7127
2.65525
2.81238
2.6347
2.47719
2.71159
2.40469
2.37863
2.52578
2.17805
2.54573
2.21549
2.36648
2.47895
2.70793
2.8838
2.75877
2.69809
2.51506
2.73322
2.48948
2.7009
2.66954
2.87647
2.69005
2.44702
2.73669
2.11114
2.08973
2.20123
1.86592
2.25731
1.92814
2.04694
2.24192
2.506
2.63209
2.54424
2.45602
2.30413
2.48204
2.20748
2.37206
2.34769
2.58112
2.40584
2.13888
2.4414
1.59839
1.57464
1.64629
1.36602
1.72307
1.43802
1.52143
1.75654
2.01576
2.08966
2.04764
1.93901
1.83778
1.96396
1.69582
1.80942
1.78151
2.01074
1.86241
1.61254
1.89588
1.01559
0.955488
0.978423
0.835376
1.06447
0.899462
0.943516
1.16246
1.35601
1.37397
1.40978
1.26584
1.2461
1.32122
1.09582
1.15804
1.0808
1.27785
1.17371
1.01452
1.24535
-0.730458
-0.654405
-0.656219
-0.853324
-0.781723
-0.637448
-0.805946
-0.808833
-0.608665
-0.569589
-0.600389
-0.765838
-0.628159
-0.645123
-0.838036
-0.721826
-0.67491
-0.597461
-0.877868
-0.651971
-0.672342
-0.652716
-0.935029
-0.785915
-0.745934
-0.706579
-0.948455
-0.616212
-0.42909
-0.589669
-0.589044
-0.749279
-0.529262
-0.554655
-0.74976
-0.698109
-0.698223
-0.548216
-0.874709
-0.877192
-0.572989
-0.669914
-0.313157
-0.469028
-0.468435
-0.66374
-0.478802
-0.469577
-0.692236
-0.506025
-0.41867
-0.552282
-0.734519
-0.447344
-0.778791
-0.48321
-0.561576
-0.514443
-0.839558
-0.589383
-0.487495
-0.828181
-0.606361
-0.505373
-0.568791
-0.531237
-0.600028
-0.53092
-0.514055
-0.581243
-0.462757
-0.421578
-0.363221
-0.288691
-0.44225
-0.447191
-0.312609
-0.528553
-0.396496
-0.494377
-0.388166
-0.554197
-0.470727
-0.370598
-0.388102
-0.382775
-0.457126
-0.677907
-0.626302
-0.352381
-0.42012
-0.331434
-0.110691
-0.202146
-0.100673
-0.140603
-0.239461
-0.313374
-0.30901
-0.505179
-0.423013
-0.284766
-0.539904
-0.318872
-0.271842
-0.133211
-0.124979
-0.287516
-0.303362
-0.166889
-0.317424
-0.118094
-0.215799
0.0149728
-0.155489
-0.0343355
-0.117774
-0.243252
0.000914846
-0.191533
-0.419246
-0.325084
-0.247266
-0.212457
-0.387034
-0.207574
-0.232756
-0.39387
-0.350443
-0.347607
-0.268733
-0.313537
-0.320354
-0.112722
-0.133663
-0.0678402
0.0419272
-0.0773473
-0.179606
0.00631004
-0.170862
-0.0825484
-0.258898
-0.104862
-0.209053
-0.216374
-0.050357
-0.0329263
-0.0806567
-0.161366
-0.228743
-0.20958
-0.0379356
-0.0497923
0.0764313
0.248904
0.162139
0.302875
0.283466
0.117486
0.0940732
0.0418673
-0.109486
-0.119764
0.0484211
-0.129526
0.0052094
0.0629615
0.234733
0.228457
0.0516892
0.112659
0.179896
0.0834142
0.256281
0.206984
0.385412
0.209547
0.389694
0.254734
0.191306
0.405419
0.160857
-0.025919
0.00760351
0.0907109
0.134601
0.00369076
0.137904
0.0398199
-0.195345
-0.0681046
-0.114164
0.0162284
-0.0320465
-0.101544
0.168704
0.202124
0.306169
0.336631
0.184763
0.166843
0.313828
0.134195
0.246453
0.080893
0.260539
0.112983
0.123012
0.273915
0.350593
0.273976
0.1982
0.180647
0.214339
0.323038
0.321862
0.504155
0.628744
0.550214
0.662321
0.645746
0.501154
0.52817
0.411101
0.303734
0.247918
0.423553
0.273684
0.373164
0.434517
0.56789
0.612719
0.445816
0.454522
0.569247
0.433366
0.592676
0.622459
0.772896
0.603102
0.724725
0.652179
0.600297
0.744534
0.517356
0.35929
0.398341
0.473389
0.521985
0.384383
0.490802
0.161116
-0.00843602
0.168977
-0.0314636
0.162226
0.17581
-0.0397899
0.27638
0.351438
0.508603
0.462022
0.266512
0.354468
0.466727
0.270188
0.451894
0.337367
0.500411
0.272675
0.345755
0.45547
0.659178
0.653719
0.562551
0.497775
0.513372
0.689634
0.637974
0.82276
0.981809
0.88732
0.969979
0.951164
0.858789
0.835228
0.696611
0.556794
0.594127
0.748771
0.547694
0.722091
0.712052
0.762492
0.803111
0.661765
0.588153
0.797815
0.595116
0.76153
0.872321
1.05876
0.911234
1.00627
0.930163
0.86744
1.01808
0.746808
0.580841
0.652805
0.77071
0.787095
0.58216
0.739083
0.066654
-0.0906117
0.113007
-0.131124
0.0964688
0.0794725
-0.16106
0.125065
0.162347
0.366122
0.304993
0.0847524
0.20473
0.345163
0.157128
0.403926
0.273566
0.402223
0.18884
0.240334
0.373738
0.756802
0.802355
0.653787
0.590592
0.575592
0.797644
0.766229
0.884108
1.08611
0.931373
1.03173
1.0454
0.943246
0.865261
0.750661
0.544256
0.640401
0.771089
0.567313
0.786206
0.732844
0.660938
0.654905
0.533346
0.4224
0.69001
0.462882
0.625002
0.823621
1.0433
0.911928
1.0196
0.889836
0.850732
0.998018
0.689034
0.524845
0.568479
0.748567
0.722983
0.493269
0.715732
-0.318013
-0.463317
-0.256283
-0.473399
-0.256535
-0.314785
-0.523068
-0.297523
-0.272517
-0.0527799
-0.142085
-0.356763
-0.214906
-0.0760843
-0.232549
0.0511608
-0.0980106
0.00819944
-0.174435
-0.155332
-0.0117449
0.541375
0.612195
0.404102
0.380854
0.332367
0.568911
0.585723
0.634771
0.871572
0.655619
0.783619
0.828661
0.701993
0.58497
0.492531
0.226524
0.352212
0.469021
0.281464
0.518591
0.440572
0.262598
0.243134
0.128702
-0.017175
0.299544
0.0444007
0.201273
0.474806
0.727383
0.602319
0.730302
0.551126
0.529432
0.67955
0.325838
0.167614
0.188498
0.413058
0.359161
0.108457
0.383281
-0.842784
-0.877671
-0.716938
-0.935254
-0.797525
-0.763639
-0.958858
-0.77452
-0.686378
-0.508033
-0.650049
-0.805386
-0.646436
-0.604198
-0.712042
-0.481863
-0.550868
-0.455678
-0.67013
-0.598125
-0.537416
0.0712124
0.18156
-0.0455291
-0.0850177
-0.145104
0.12447
0.133101
0.162732
0.441442
0.208817
0.315278
0.372544
0.263549
0.106165
0.000860434
-0.270357
-0.105158
0.00726643
-0.213585
0.0629797
-0.060291
-0.254607
-0.209594
-0.319273
-0.490347
-0.161285
-0.449515
-0.303717
-0.0144415
0.269963
0.149561
0.244835
0.0969814
0.0378436
0.190053
-0.187261
-0.337543
-0.266746
-0.052225
-0.105335
-0.387111
-0.131157
-1.11301
-1.05322
-0.98171
-1.17768
-1.12898
-0.984365
-1.14309
-0.971485
-0.836858
-0.747351
-0.870132
-0.945712
-0.841532
-0.881762
-0.950475
-0.853564
-0.827959
-0.735677
-0.962302
-0.836137
-0.856828
-0.405207
-0.259816
-0.447551
-0.547192
-0.576071
-0.30184
-0.366675
-0.275162
0.00686281
-0.184311
-0.130419
-0.0964815
-0.147513
-0.301144
-0.459785
-0.640265
-0.485342
-0.379112
-0.623767
-0.344746
-0.487119
-0.578662
-0.477822
-0.579131
-0.695145
-0.46299
-0.70571
-0.579924
-0.359979
-0.113365
-0.222143
-0.18218
-0.251332
-0.34559
-0.206001
-0.546173
-0.677953
-0.562131
-0.41346
-0.438902
-0.680527
-0.53213
-0.583779
-0.614531
-0.640754
-0.714381
-0.60926
-0.642108
-0.678185
-0.874063
-0.793121
-0.824067
-0.958417
-0.948982
-0.771362
-0.870265
-0.758353
-0.643902
-0.776593
-0.731127
-0.822798
-0.685635
-0.723328
-0.587031
-0.491318
-0.589978
-0.707841
-0.683821
-0.495553
-0.599593
-0.421292
-0.243899
-0.347654
-0.301372
-0.311688
-0.345396
-0.400359
-0.591281
-0.645776
-0.585063
-0.492057
-0.682071
-0.49827
-0.565813
-0.428613
-0.492578
-0.440112
-0.489675
-0.512546
-0.458487
-0.551222
-0.367027
-0.269368
-0.353132
-0.307153
-0.346303
-0.399158
-0.285228
-0.516352
-0.532867
-0.629861
-0.48686
-0.46993
-0.581558
-0.554597
0.22053
0.119711
0.221731
-0.0643141
0.200505
0.262015
-0.0248094
0.363001
0.467656
0.566296
0.576294
0.406023
0.426967
0.543256
0.254456
0.409074
0.335271
0.516553
0.210751
0.372744
0.441667
0.498319
0.266023
0.435047
0.405914
0.355636
0.318112
0.602469
0.881354
0.80128
0.730231
0.628344
0.816966
0.747855
0.691335
0.514547
0.505304
0.677921
0.425754
0.385191
0.662181
0.542817
1.04368
0.850377
0.900993
0.775732
0.773062
0.890113
0.761689
0.75693
0.868315
0.665715
0.644149
0.831095
0.63818
0.800213
0.685296
0.72419
0.519115
0.629328
0.771319
0.54282
0.632853
0.638724
0.506312
0.593297
0.446819
0.630168
0.641361
0.450698
0.781291
0.860528
0.948127
0.988732
0.794604
0.813465
0.967804
0.689693
0.86388
0.712996
0.895419
0.678416
0.760004
0.881457
1.25516
1.28542
1.23669
1.01641
1.15268
1.11881
1.05646
0.942552
0.918668
0.816736
0.704618
0.712602
0.956812
0.887467
1.01921
1.04948
0.817546
0.869789
0.778614
1.01067
1.06865
1.38229
1.35297
1.40466
1.15139
1.20546
1.24646
1.10339
1.21794
1.23587
1.05897
1.0529
1.19471
1.02464
1.24765
1.17068
1.10242
0.879135
1.0048
1.14105
0.933942
1.1308
1.00731
0.899882
0.978657
0.833409
0.993189
1.02355
0.853694
1.17431
1.23765
1.31968
1.33633
1.18687
1.19344
1.32782
1.09344
1.2453
1.10392
1.27469
1.08053
1.14758
1.25291
1.31364
1.28968
1.20267
1.12227
1.13222
1.33415
1.30005
1.45063
1.61536
1.52904
1.64967
1.63453
1.48533
1.47165
1.39237
1.22612
1.25523
1.42692
1.21815
1.38493
1.40543
1.57679
1.60496
1.43781
1.41559
1.56367
1.4093
1.57745
1.56302
1.74835
1.57963
1.72104
1.62387
1.55227
1.74206
1.49608
1.31765
1.39277
1.4753
1.51719
1.32055
1.49079
1.27759
1.19586
1.29523
1.12745
1.27073
1.32194
1.1328
1.42503
1.50103
1.60714
1.5623
1.42089
1.48022
1.56061
1.38847
1.52334
1.42649
1.58062
1.38584
1.45529
1.52513
1.65046
1.64798
1.56371
1.48906
1.49409
1.68704
1.65287
1.80835
1.97247
1.88035
1.96467
1.9648
1.84354
1.80684
1.71729
1.56888
1.60272
1.76252
1.56405
1.72618
1.71708
1.82379
1.89005
1.73641
1.6759
1.86487
1.677
1.82226
1.873
2.08661
1.91913
2.02688
1.9535
1.87505
2.02707
1.77647
1.62447
1.70621
1.79916
1.83203
1.6273
1.77235
1.2904
1.20939
1.37173
1.15829
1.30771
1.36106
1.13586
1.42635
1.49044
1.65631
1.56391
1.39986
1.50676
1.58643
1.43239
1.60628
1.52817
1.66719
1.45203
1.52106
1.59044
1.85688
1.91401
1.79894
1.71576
1.70978
1.9324
1.86093
1.99656
2.22481
2.09812
2.13902
2.15025
2.08488
1.98392
1.88433
1.72493
1.81165
1.95824
1.73706
1.9478
1.87471
1.88154
1.95483
1.81511
1.70267
1.96196
1.72736
1.86023
1.99016
2.25913
2.10856
2.16387
2.11291
2.00854
2.14708
1.87559
1.74079
1.82142
1.96416
1.96555
1.72252
1.89099
1.02928
0.924042
1.14451
0.891901
1.07394
1.10076
0.842537
1.15039
1.19681
1.41464
1.28639
1.09989
1.24323
1.33409
1.19726
1.42178
1.33256
1.46136
1.24308
1.29188
1.37944
1.82789
1.94166
1.77051
1.69644
1.66564
1.9255
1.85524
1.94776
2.22432
2.04495
2.07498
2.10897
2.06757
1.91147
1.81168
1.61099
1.74464
1.87709
1.64845
1.90244
1.77755
1.67285
1.72717
1.60286
1.45288
1.76879
1.50204
1.62626
1.85047
2.1452
2.01591
2.05692
1.98414
1.89333
2.01611
1.70995
1.58326
1.64612
1.84433
1.81029
1.5395
1.75063
0.571097
0.480023
0.713683
0.429342
0.624855
0.658052
0.376155
0.694827
0.747292
0.973791
0.825919
0.641377
0.802658
0.881373
0.75901
1.00346
0.919254
1.0367
0.814417
0.863996
0.94756
1.5285
1.67804
1.46123
1.40698
1.35344
1.62986
1.58017
1.63458
1.92262
1.70586
1.74202
1.80014
1.75873
1.57607
1.475
1.24409
1.4055
1.52105
1.30078
1.57446
1.41935
1.23798
1.27872
1.17325
1.00852
1.33899
1.06682
1.17869
1.46182
1.74999
1.64652
1.68727
1.58888
1.52324
1.62554
1.30169
1.18617
1.23602
1.46063
1.40313
1.12796
1.35981
0.142031
0.0798333
0.271011
0.0108616
0.175178
0.226865
-0.0150112
0.278205
0.319838
0.505306
0.390047
0.247532
0.364333
0.42806
0.328995
0.529583
0.465561
0.563113
0.366964
0.416928
0.485509
1.05361
1.21236
0.991976
0.945924
0.889175
1.15062
1.11259
1.15329
1.4132
1.19853
1.23757
1.30321
1.26365
1.0908
0.986748
0.773147
0.927596
1.02068
0.826849
1.08306
0.929537
0.745724
0.762247
0.685343
0.561504
0.823306
0.605977
0.69553
0.967
1.19983
1.12798
1.16901
1.06214
1.02744
1.1044
0.809358
0.712661
0.74754
0.952844
0.890644
0.663219
0.863581
0.013586
0.15441
0.0790214
0.0737354
0.118658
0.0360977
0.158456
-0.0476482
-0.139556
-0.031722
-0.15069
-0.0522301
-0.0518627
-0.136352
0.0959502
0.170014
0.202789
0.109174
0.100869
0.0791234
0.188589
0.590323
0.695952
0.515923
0.508628
0.470161
0.636472
0.635463
0.677369
0.826807
0.650934
0.729337
0.783925
0.716069
0.629466
0.534857
0.390874
0.456847
0.513157
0.422458
0.570973
0.495784
0.269921
0.273398
0.345429
0.368457
0.236793
0.321073
0.288131
0.534848
0.602577
0.57696
0.668778
0.512706
0.576596
0.619739
0.413829
0.298964
0.348985
0.446835
0.391257
0.325164
0.44568
1.98195
1.84303
1.93455
1.75925
1.94415
1.97759
1.79372
1.99952
2.16305
2.25676
2.30979
2.06419
2.11834
2.26243
1.95589
2.16744
2.01931
2.19993
1.89616
2.06402
2.22295
1.93542
2.06853
1.9531
2.11932
2.04278
2.00495
2.34156
2.23879
2.17318
2.08165
2.28236
2.13628
2.28662
2.20076
2.30146
2.09755
2.28264
2.33874
2.0963
2.39742
2.52889
2.65862
2.61276
2.39895
2.49293
2.59861
2.33863
2.52916
2.40564
2.60628
2.32798
2.44499
2.54551
2.50041
2.28239
2.3553
2.47044
2.55949
2.42291
2.77363
2.62678
2.59645
2.51684
2.71602
2.55248
2.42434
2.39807
2.54762
2.25244
2.4472
2.55706
2.23219
2.52269
2.70496
2.89074
2.74568
2.49392
2.70501
2.76154
2.49339
2.74558
2.68007
2.87422
2.51535
2.69095
2.73839
2.90252
2.66554
2.68947
2.73727
2.94509
2.72125
3.03388
2.77955
2.78173
2.76054
3.01485
2.76768
2.31268
2.30496
2.50358
2.16941
2.35746
2.47327
2.12526
2.38381
2.5471
2.77085
2.57487
2.32894
2.58816
2.62909
2.39787
2.69414
2.65002
2.80165
2.44597
2.61864
2.64801
3.02892
2.78396
2.77242
2.74433
3.02264
2.76645
2.9162
2.62197
2.66606
2.72734
2.94658
2.69378
1.9291
1.9168
2.14158
1.81888
1.99812
2.07884
1.75257
1.97203
2.08723
2.32251
2.11053
1.89387
2.15867
2.19073
2.02222
2.32284
2.28932
2.38968
2.09605
2.22409
2.24744
2.77365
2.58388
2.53055
2.42187
2.72231
2.48382
2.45613
2.16162
2.23716
2.36749
2.52432
2.29824
1.37579
1.35163
1.56652
1.3018
1.45322
1.48686
1.23011
1.39769
1.4442
1.66006
1.48576
1.31311
1.53164
1.57461
1.46398
1.73758
1.70058
1.74788
1.54843
1.61625
1.64922
2.21494
2.09509
2.01447
1.85888
2.13429
1.94311
1.77068
1.53045
1.61891
1.78381
1.86059
1.69656
0.687271
0.843826
0.735589
0.807787
0.859106
0.782637
0.924994
0.808624
0.710111
0.885689
0.774766
0.876399
0.798133
0.715404
0.871572
0.96973
1.08314
0.983527
0.949172
0.888214
0.998266
1.47059
1.45117
1.36245
1.19469
1.37191
1.28265
0.866623
0.93198
0.951013
1.04526
1.11531
1.02915
-0.741801
-0.790538
-0.976695
-0.946615
-0.664044
-0.723047
-0.771552
-0.777554
-0.682484
-0.826162
-0.647239
-0.667396
-0.878165
-0.726825
-0.892774
-0.64276
-0.704162
-0.673292
-0.696412
-0.864823
-0.739565
-0.676525
-0.637182
-0.792385
-0.632358
-0.749311
-0.720566
-0.615002
-0.77486
-0.590927
-0.552028
-0.547082
-0.601124
-0.73311
-0.609006
-0.798568
-0.673338
-0.652001
-0.573313
-0.834496
-0.6232
-0.631238
-0.623028
-0.881455
-0.736041
-0.704802
-0.67451
-0.898351
-0.588852
-0.41429
-0.566912
-0.57625
-0.729891
-0.511132
-0.729653
-0.532408
-0.659913
-0.670194
-0.52411
-0.837372
-0.83615
-0.629501
-0.548068
-0.296712
-0.457397
-0.422086
-0.660574
-0.462985
-0.688799
-0.458089
-0.465954
-0.399563
-0.716241
-0.536662
-0.76435
-0.406639
-0.426484
-0.513537
-0.491996
-0.811276
-0.571138
-0.801407
-0.571476
-0.465846
-0.559926
-0.581093
-0.615204
-0.525536
-0.540697
-0.641573
-0.534416
-0.671739
-0.567812
-0.530431
-0.475421
-0.545723
-0.70528
-0.496879
-0.621633
-0.416787
-0.501319
-0.449388
-0.52401
-0.590732
-0.44887
-0.47877
-0.550519
-0.579811
-0.51267
-0.563269
-0.5019
-0.4975
-0.454912
-0.402262
-0.292664
-0.338551
-0.310638
-0.43462
-0.431031
-0.5086
-0.371919
-0.481157
-0.369943
-0.533544
-0.35807
-0.456696
-0.318469
-0.361583
-0.673352
-0.448807
-0.365781
-0.604753
-0.334863
-0.427
-0.0937536
-0.0409277
-0.198601
-0.368403
-0.0923358
-0.233976
-0.28746
-0.488928
-0.411309
-0.265929
-0.529689
-0.251955
-0.295215
-0.12495
-0.111518
-0.315493
-0.266854
-0.3366
-0.107203
-0.147358
-0.240098
0.0251967
0.0130507
-0.150004
-0.305745
0.0448985
-0.11181
-0.192117
-0.433198
-0.307097
-0.224278
-0.410536
-0.210684
-0.188506
-0.329582
-0.474447
-0.379765
-0.369982
-0.397226
-0.402463
-0.302058
-0.356442
-0.375251
-0.237166
-0.241626
-0.343999
-0.375364
-0.216849
-0.294705
-0.137092
-0.281291
-0.209306
-0.31534
-0.26837
-0.157409
-0.234357
-0.388956
-0.348401
-0.341691
-0.323675
-0.264043
-0.308796
-0.115642
-0.131033
0.0404452
-0.0628119
0.00742007
-0.0826936
-0.174982
-0.175294
-0.0764328
-0.247334
-0.0971704
-0.206157
-0.0483515
-0.209508
-0.0163159
-0.0699796
-0.232962
-0.152139
-0.0312945
-0.213006
-0.0303845
0.0819163
0.253207
0.310107
0.165631
0.100321
0.291863
0.121049
0.0546247
-0.107843
-0.112928
0.0540965
-0.128601
0.0721872
0.011623
0.237068
0.231102
0.107823
0.0550126
0.0809694
0.253856
0.183398
0.210852
0.38825
0.394252
0.212799
0.195357
0.40952
0.257638
0.164611
-0.0259324
0.0125813
0.0964013
0.000751395
0.144054
0.139716
-0.0454859
-0.272666
-0.14115
-0.102547
-0.139501
-0.162681
-0.0163621
-0.00366483
-0.0921223
0.0915156
0.0738231
-0.0475244
-0.0328273
0.123987
0.0416387
0.199367
0.0375534
0.118972
-0.0066819
0.0672753
0.16913
0.0368661
-0.194566
-0.118073
-0.0679739
-0.105697
0.0139036
-0.0319483
0.162898
0.20082
0.332598
0.30474
0.310391
0.178484
0.165504
0.127432
0.242482
0.0797286
0.25926
0.106869
0.269731
0.121706
0.343313
0.274993
0.175394
0.198358
0.316775
0.20603
0.324181
0.502576
0.629145
0.670586
0.551852
0.526527
0.653892
0.499702
0.403723
0.296583
0.246974
0.422836
0.265568
0.4304
0.371279
0.565728
0.610663
0.44612
0.443184
0.425736
0.589898
0.56729
0.61589
0.773355
0.73467
0.600363
0.594128
0.756028
0.650345
0.514555
0.351667
0.396004
0.471454
0.376449
0.484856
0.520391
0.140863
-0.0495939
-0.0403846
0.147488
0.1312
-0.0381466
0.146257
0.221669
0.239224
0.369266
0.415179
0.266986
0.210774
0.386339
0.247229
0.427148
0.316441
0.445996
0.297646
0.251848
0.41634
0.159847
-0.00625649
-0.0320474
0.169939
-0.0400543
0.160898
0.176817
0.27299
0.351199
0.458623
0.507814
0.463504
0.263182
0.354207
0.266062
0.448297
0.336818
0.499464
0.268386
0.451805
0.345257
0.655301
0.651444
0.489986
0.559932
0.635297
0.505329
0.687351
0.814874
0.979104
0.966114
0.884323
0.8269
0.949096
0.855694
0.692829
0.549476
0.591585
0.746493
0.540528
0.707387
0.719731
0.757928
0.801043
0.582248
0.659819
0.589244
0.756633
0.795623
0.864662
1.05593
1.00222
0.908194
0.859982
1.01305
0.927266
0.741849
0.574133
0.650689
0.768392
0.575546
0.734512
0.784893
0.13502
-0.0136213
-0.109132
0.136021
0.159709
-0.0863237
0.113649
0.244084
0.348088
0.460561
0.493698
0.335239
0.260478
0.447895
0.232109
0.419131
0.298408
0.479429
0.321481
0.208547
0.440022
0.0665959
-0.0883704
-0.129489
0.114223
-0.159402
0.0964076
0.080655
0.123315
0.162303
0.302469
0.365497
0.342554
0.0831145
0.204729
0.155254
0.401273
0.273542
0.401559
0.186941
0.371052
0.240266
0.752077
0.800277
0.585223
0.652025
0.761615
0.5703
0.795637
0.878111
1.0833
1.02663
0.928794
0.859236
1.04053
0.940542
0.746222
0.5395
0.638722
0.769155
0.562474
0.728343
0.784189
0.656734
0.653016
0.418433
0.531799
0.458801
0.620865
0.68807
0.818026
1.04065
1.01487
0.909314
0.845189
0.993086
0.887326
0.684746
0.520545
0.566906
0.746613
0.488982
0.711531
0.721101
-0.139155
-0.297652
-0.411032
-0.197646
-0.141612
-0.363031
-0.195833
-0.00853268
0.116919
0.263
0.230034
0.0667254
0.0404669
0.213572
-0.0606391
0.107097
-0.0408539
0.177021
0.014108
-0.115678
0.164257
-0.317623
-0.461158
-0.471428
-0.255059
-0.52137
-0.255873
-0.31364
-0.299354
-0.27305
-0.144704
-0.0538164
-0.0787785
-0.358533
-0.215281
-0.234048
0.0490529
-0.0981601
0.00727144
-0.17566
-0.0141424
-0.155588
0.537377
0.610228
0.377117
0.402515
0.581748
0.328626
0.566968
0.62987
0.868737
0.778968
0.652983
0.580124
0.824039
0.699326
0.488496
0.222855
0.350581
0.466957
0.277722
0.436606
0.516537
0.258318
0.240682
-0.0210351
0.126722
0.0404712
0.197067
0.297164
0.469918
0.724446
0.725802
0.599543
0.524694
0.674878
0.548352
0.321848
0.164272
0.186645
0.41089
0.104797
0.379589
0.356956
-0.664098
-0.738278
-0.860441
-0.661358
-0.609465
-0.825296
-0.720066
-0.483845
-0.332884
-0.213907
-0.233112
-0.388728
-0.427215
-0.279754
-0.55351
-0.413871
-0.497919
-0.293624
-0.446102
-0.604738
-0.351228
-0.843701
-0.877324
-0.934398
-0.717036
-0.958543
-0.797852
-0.764043
-0.777995
-0.688817
-0.654244
-0.510652
-0.608398
-0.80882
-0.6486
-0.714871
-0.48482
-0.552352
-0.457974
-0.672397
-0.540996
-0.599934
0.0668159
0.178943
-0.0888592
-0.0479149
0.128936
-0.14922
0.121764
0.157417
0.437841
0.310078
0.205231
0.100796
0.367412
0.260061
-0.00388269
-0.274808
-0.107698
0.00424211
-0.21803
-0.0650382
0.0600557
-0.260143
-0.213465
-0.495568
-0.322728
-0.454769
-0.309234
-0.164964
-0.0201702
0.266019
0.239684
0.145776
0.0323936
0.184631
0.0931072
-0.192286
-0.341714
-0.269923
-0.0554153
-0.391865
-0.135615
-0.108734
-1.09006
-1.04034
-1.137
-0.968468
-0.952089
-1.15619
-1.09124
-0.882451
-0.729776
-0.715314
-0.637386
-0.761073
-0.864918
-0.74855
-0.928775
-0.819139
-0.813024
-0.673293
-0.79225
-0.932029
-0.800085
-1.11669
-1.05607
-1.17981
-0.984477
-1.14588
-1.13202
-0.987394
-0.9772
-0.841455
-0.876103
-0.751797
-0.88794
-0.95129
-0.845968
-0.955487
-0.85849
-0.831899
-0.7399
-0.96672
-0.862399
-0.840295
-0.411019
-0.263832
-0.552409
-0.451654
-0.372077
-0.581682
-0.306028
-0.281584
0.00217692
-0.136626
-0.1892
-0.30762
-0.102567
-0.152273
-0.466009
-0.646335
-0.489691
-0.38369
-0.629806
-0.493283
-0.34917
-0.585417
-0.482819
-0.701669
-0.584166
-0.712401
-0.586463
-0.46794
-0.366651
-0.118312
-0.188246
-0.227136
-0.352028
-0.212279
-0.256404
-0.552469
-0.683659
-0.566992
-0.418143
-0.686775
-0.537863
-0.443678
-1.05135
-0.948043
-0.990209
-0.871185
-0.9109
-1.06621
-0.989563
-0.918515
-0.834272
-0.88502
-0.743804
-0.817224
-0.957586
-0.858704
-0.90856
-0.809271
-0.767405
-0.730262
-0.796881
-0.855786
-0.850031
-0.587519
-0.619484
-0.645778
-0.720036
-0.613093
-0.683816
-0.646121
-0.87826
-0.796741
-0.962592
-0.827698
-0.874677
-0.953144
-0.77473
-0.763842
-0.648069
-0.781938
-0.735597
-0.82814
-0.728857
-0.689972
-0.593443
-0.496312
-0.714143
-0.595158
-0.605815
-0.690313
-0.500529
-0.427784
-0.248755
-0.307206
-0.352634
-0.406644
-0.317732
-0.350459
-0.59783
-0.652181
-0.590216
-0.496898
-0.688749
-0.572066
-0.503199
-0.432488
-0.498012
-0.445371
-0.495395
-0.516827
-0.557152
-0.462618
-0.372929
-0.273719
-0.312635
-0.357864
-0.405124
-0.290635
-0.350876
-0.522088
-0.537559
-0.63565
-0.491445
-0.587511
-0.560152
-0.47436
0.11918
0.138254
-0.013684
0.0119687
0.303834
0.162039
0.17401
0.0879517
-0.0155167
-0.147955
0.170879
0.132735
-0.203528
0.136872
0.0841607
0.36659
0.307854
0.25201
0.224412
0.130877
0.293631
0.233679
0.120785
-0.0837487
0.224761
-0.0287034
0.21204
0.264697
0.358896
0.465564
0.572008
0.56078
0.536476
0.406461
0.424237
0.252331
0.403117
0.330964
0.510551
0.20256
0.438103
0.369385
0.469864
0.240302
0.442802
0.386122
0.348554
0.314144
0.590641
0.876188
0.8172
0.710489
0.62847
0.797239
0.662256
0.722753
0.50625
0.489554
0.66284
0.416314
0.373285
0.532333
0.642044
1.01926
0.830327
0.890829
0.759704
0.758871
0.751906
0.872334
0.744456
0.855282
0.642252
0.657381
0.631995
0.789417
0.816677
0.674779
0.709271
0.509739
0.620464
0.536085
0.620694
0.757799
0.546796
0.36162
0.362418
0.538617
0.494788
0.337945
0.556403
0.509391
0.516105
0.649657
0.696728
0.560258
0.496839
0.686045
0.584328
0.793319
0.65729
0.749729
0.613909
0.605815
0.756127
0.639497
0.508133
0.450151
0.593703
0.455177
0.629874
0.641555
0.784147
0.860427
0.984114
0.944607
0.962052
0.798813
0.813223
0.694263
0.857839
0.712597
0.891942
0.681242
0.877175
0.75987
1.23707
1.26809
1.21828
1.01183
1.14368
1.05513
1.10841
0.931135
0.906614
0.701483
0.811345
0.874098
0.713161
0.945816
1.00592
1.03994
0.819981
0.864773
0.778121
1.05745
0.999982
1.3678
1.334
1.38582
1.15212
1.19745
1.10143
1.23951
1.2059
1.22818
1.05594
1.056
1.02612
1.23652
1.18655
1.15966
1.0934
0.879769
1.00162
0.936686
1.11787
1.1327
0.909953
0.757189
0.749525
0.931558
0.885153
0.735822
0.913576
0.90211
0.910443
1.06477
1.08548
0.957142
0.893521
1.06857
0.988152
1.15522
1.05613
1.13691
1.00866
0.992686
1.14775
1.00068
0.89824
0.832616
0.977199
0.851492
0.989004
1.02143
1.17082
1.23515
1.33087
1.31573
1.32205
1.18368
1.19169
1.09145
1.23951
1.10327
1.27137
1.08136
1.24719
1.14661
1.30223
1.28217
1.12458
1.20063
1.28848
1.13528
1.32709
1.4534
1.6045
1.62374
1.52609
1.4719
1.61263
1.48178
1.38111
1.22898
1.25313
1.42028
1.22062
1.39431
1.37795
1.56768
1.59854
1.42009
1.43527
1.41114
1.57295
1.55689
1.56197
1.74174
1.70247
1.5771
1.55261
1.71531
1.62145
1.48672
1.31919
1.39048
1.46871
1.32283
1.48012
1.51105
1.21194
1.10756
1.08036
1.26292
1.22931
1.06899
1.22497
1.26598
1.2788
1.3973
1.4406
1.31982
1.25478
1.40592
1.32516
1.4695
1.39193
1.4781
1.35672
1.33324
1.46196
1.27229
1.19272
1.12149
1.29174
1.12629
1.26568
1.31849
1.42216
1.49795
1.55959
1.60252
1.56065
1.41861
1.47649
1.38359
1.51777
1.42358
1.57646
1.38162
1.5233
1.45264
1.64995
1.64098
1.49457
1.55963
1.64581
1.50008
1.68159
1.80301
1.96166
1.95862
1.87626
1.80311
1.96276
1.83985
1.71339
1.57275
1.60021
1.76121
1.5678
1.71452
1.72374
1.81836
1.88488
1.67452
1.73354
1.67567
1.81944
1.859
1.8715
2.07699
2.02182
1.9145
1.86987
2.02244
1.94879
1.77121
1.62902
1.70424
1.79552
1.63017
1.76838
1.82819
1.31743
1.23735
1.15767
1.37709
1.37836
1.17293
1.30624
1.43859
1.51237
1.58924
1.65601
1.52301
1.44435
1.58634
1.45555
1.59526
1.52961
1.66438
1.52785
1.44232
1.60492
1.28559
1.20631
1.15265
1.36846
1.13
1.30321
1.35786
1.42196
1.48716
1.55991
1.65264
1.58272
1.39523
1.50344
1.42774
1.60266
1.52482
1.66351
1.44767
1.58648
1.51776
1.8542
1.90873
1.71392
1.79545
1.8581
1.7079
1.92738
1.99716
2.21784
2.13645
2.09348
1.98433
2.14753
2.07999
1.88167
1.72261
1.80795
1.9535
1.73502
1.87201
1.9428
1.87879
1.95059
1.6998
1.81145
1.72475
1.85738
1.95752
1.99006
2.25314
2.16123
2.10398
2.00847
2.1447
2.10852
1.87277
1.73842
1.81779
1.95945
1.71985
1.88833
1.96107
1.15387
1.05492
0.934908
1.18682
1.22383
0.97901
1.11509
1.34477
1.46302
1.54516
1.59677
1.43791
1.37819
1.51582
1.31685
1.45399
1.37093
1.56644
1.40445
1.27676
1.49018
1.02469
0.920801
0.886896
1.14122
0.837379
1.06955
1.09747
1.14615
1.19335
1.28251
1.41106
1.33038
1.09552
1.23978
1.19287
1.41812
1.3292
1.45784
1.23885
1.37557
1.28852
1.82504
1.93743
1.69366
1.76701
1.8525
1.66267
1.92144
1.94722
2.21938
2.07306
2.04112
1.91066
2.10725
2.06361
1.80897
1.608
1.74111
1.87317
1.64563
1.77476
1.89837
1.67022
1.7234
1.44989
1.59934
1.49919
1.62355
1.7649
1.8495
2.14065
2.05514
2.01206
1.89247
2.01428
1.9804
1.7072
1.58048
1.64266
1.84038
1.53652
1.74802
1.80646
0.742624
0.645526
0.490936
0.771358
0.826574
0.54629
0.688225
0.987697
1.1391
1.22947
1.26261
1.08811
1.04166
1.17739
0.928464
1.06327
0.976058
1.20479
1.03
0.872743
1.11821
0.566036
0.47594
0.424015
0.709771
0.370607
0.62005
0.654036
0.690302
0.743166
0.821807
0.96981
0.877368
0.636731
0.798643
0.754454
0.999629
0.915419
1.0328
0.810055
0.943533
0.860063
1.52582
1.6742
1.40413
1.4577
1.57758
1.35044
1.62611
1.63377
1.9185
1.74047
1.70233
1.57499
1.79888
1.75511
1.47244
1.24108
1.40192
1.51732
1.2979
1.41667
1.57065
1.2353
1.27492
1.00543
1.16952
1.06384
1.17591
1.33516
1.46059
1.74608
1.68579
1.64295
1.52215
1.62391
1.58537
1.29897
1.1833
1.23236
1.45681
1.12492
1.35725
1.39938
0.268391
0.205689
0.0565207
0.318981
0.367992
0.0914633
0.227751
0.523638
0.682289
0.755201
0.791513
0.627954
0.573426
0.701923
0.463093
0.587399
0.517193
0.728846
0.568866
0.418651
0.636719
0.13651
0.0749591
0.00499184
0.266402
-0.0210446
0.169848
0.222196
0.273565
0.315444
0.385813
0.501072
0.423857
0.24282
0.35994
0.32426
0.525438
0.461185
0.558871
0.362333
0.481228
0.412488
1.0507
1.20856
0.942908
0.98814
1.10989
0.885996
1.1468
1.15208
1.4096
1.23591
1.19513
1.08931
1.30183
1.26021
0.983993
0.769902
0.923769
1.01688
0.823779
0.926615
1.07925
0.742912
0.758626
0.558322
0.68156
0.602897
0.692635
0.819609
0.965441
1.19648
1.16743
1.12459
1.02597
1.10271
1.05884
0.80644
0.70965
0.743688
0.949055
0.659995
0.860812
0.886885
-0.0291482
-0.0890591
-0.141527
-0.00344459
0.023325
-0.145749
-0.0346684
0.176132
0.267127
0.3345
0.349011
0.227093
0.198884
0.303524
0.139563
0.235956
0.14733
0.297476
0.182561
0.125605
0.259038
0.0102704
0.151304
0.0756236
0.070142
0.1154
0.155206
0.0326511
-0.0522184
-0.143791
-0.15585
-0.0359087
-0.141402
-0.0568848
-0.0558696
0.0920619
0.166534
0.199223
0.105278
0.0968958
0.18508
0.0753949
0.587564
0.692393
0.505641
0.512275
0.632748
0.467142
0.633024
0.676125
0.824014
0.727855
0.648186
0.628025
0.782633
0.713223
0.532281
0.388048
0.453344
0.509944
0.419645
0.493165
0.567659
0.267375
0.271175
0.343277
0.36634
0.233932
0.285854
0.318426
0.533496
0.600222
0.667478
0.574395
0.575318
0.618347
0.510241
0.411401
0.295869
0.346456
0.443826
0.322598
0.443348
0.388349
1.81806
1.91597
1.74431
1.78509
1.97704
1.85829
1.94331
1.82274
1.70253
1.67371
1.86607
1.82285
1.62913
1.84856
1.87002
2.02761
2.05658
1.95344
1.91099
1.91389
2.02246
1.95976
1.84063
1.76164
1.91399
1.78456
1.93183
1.95828
2.05835
2.15076
2.25936
2.23453
2.20987
2.08525
2.1056
2.00044
2.11738
2.00502
2.17756
1.98523
2.15773
2.05171
2.18588
2.07201
2.03243
2.24471
2.20207
2.03425
2.19671
2.16031
2.20462
2.30583
2.39251
2.2517
2.14275
2.33956
2.23174
2.44571
2.34764
2.44814
2.30347
2.24969
2.40907
2.2765
2.1937
2.10353
2.29034
2.09855
2.26879
2.32753
2.39481
2.5188
2.60072
2.64371
2.58434
2.39734
2.48262
2.33656
2.511
2.39546
2.591
2.32492
2.53035
2.43471
2.42449
2.34786
2.2206
2.51782
2.49843
2.23528
2.40795
2.44427
2.56118
2.6498
2.76095
2.59045
2.44966
2.65989
2.4905
2.7043
2.64595
2.79902
2.62497
2.47662
2.70184
2.42055
2.39206
2.25359
2.539
2.23349
2.44259
2.54865
2.52245
2.69665
2.7397
2.87917
2.75459
2.49427
2.69635
2.49345
2.73745
2.67088
2.86231
2.51467
2.73132
2.68193
2.73247
2.77669
2.77796
2.7558
2.76396
2.40233
2.37354
2.17884
2.5193
2.539
2.2164
2.36438
2.47966
2.7
2.75292
2.87361
2.69044
2.51534
2.72799
2.49
2.69651
2.66252
2.86669
2.68278
2.44811
2.7318
2.31087
2.30028
2.17025
2.49738
2.12598
2.35558
2.46728
2.38478
2.54113
2.57177
2.76296
2.62549
2.33012
2.58191
2.3992
2.69008
2.64339
2.79324
2.44685
2.64436
2.61206
2.781
3.01716
2.77023
2.74262
3.0114
2.76414
2.62107
2.90703
2.66477
2.72569
2.93693
2.69248
2.11017
2.08568
1.86624
2.19637
2.25231
1.92874
2.04583
2.24304
2.50042
2.54124
2.62543
2.45067
2.3052
2.47934
2.20857
2.36978
2.34285
2.57484
2.40082
2.13992
2.43891
1.92809
1.91302
1.81938
2.13693
1.7528
1.99728
2.07431
1.97289
2.08323
2.10896
2.31749
2.18886
1.89471
2.15452
2.0232
2.32085
2.28478
2.38427
2.09721
2.24551
2.21969
2.58302
2.766
2.52995
2.42148
2.71505
2.48336
2.16145
2.45056
2.23694
2.36731
2.51831
2.29799
1.59767
1.57133
1.36585
1.64274
1.71935
1.43813
1.52053
1.7573
2.01191
2.0461
2.08544
1.93539
1.83868
1.96246
1.6966
1.80814
1.77825
2.00679
1.8589
1.6132
1.89451
1.37491
1.34861
1.30181
1.56312
1.22988
1.45249
1.48363
1.39816
1.44164
1.4848
1.65708
1.57346
1.31358
1.52882
1.46457
1.73647
1.69743
1.74473
1.54921
1.64811
1.61336
2.09489
2.21038
2.01436
1.85884
2.13016
1.94291
1.53053
1.76761
1.61877
1.78374
1.85725
1.6966
1.01501
0.95313
0.83504
0.976189
1.06208
0.899307
0.942834
1.16291
1.35356
1.40893
1.3717
1.26358
1.24658
1.32044
1.09625
1.15744
1.07884
1.27578
1.1716
1.01495
1.2446
0.685989
0.84364
0.735963
0.80819
0.857772
0.92469
0.781214
0.808021
0.708141
0.774646
0.883671
0.715082
0.875935
0.796248
0.871968
0.968229
1.08279
0.981761
0.949711
0.997842
0.886578
1.45108
1.4683
1.36255
1.19501
1.36982
1.28258
0.866865
0.93057
0.951216
1.04379
1.11546
1.02932
-0.628824
-1.13578
-1.03726
-1.24043
-0.499366
-0.698648
-1.00127
-0.825998
-0.731449
-1.01537
-0.93646
-0.64623
-0.795754
-1.03435
-0.137851
-0.312312
-0.339428
-0.4142
-0.152828
-0.290528
-0.327321
0.31991
0.0123096
0.230366
-0.0673007
0.359937
0.00287104
0.225382
0.484132
0.176093
0.538822
0.105964
0.562556
0.129399
0.476867
0.300311
0.123077
0.448554
0.105693
0.372487
0.0665901
0.379721
-0.11918
-0.280956
0.0591868
-0.238746
-0.0689018
-0.354341
0.00712492
-0.718629
-0.802404
-0.545605
-0.715743
-0.684874
-0.857058
-0.579025
-1.19807
-1.29444
-1.10456
-1.24606
-1.20809
-1.33227
-1.10924
-1.27462
-1.3713
-1.3449
-1.35714
-1.33871
-1.34272
-1.27817
-0.804043
-0.766132
-0.859642
-0.731814
-0.813305
-0.74635
-0.775256
0.0563624
-0.365801
-0.192007
0.0684862
-0.096734
0.165017
-0.427512
0.638932
0.513523
0.649517
0.250987
0.649656
0.436145
0.545624
1.23901
1.0697
1.12375
0.879254
1.29148
1.00796
1.11868
1.58233
1.41688
1.59722
1.26912
1.66906
1.31855
1.51939
1.66081
1.42117
1.76636
1.34784
1.78936
1.31744
1.66743
1.42074
1.07391
1.62438
1.09937
1.53627
0.991165
1.50984
0.924871
0.477562
1.15656
0.589099
1.00838
0.439955
1.0642
0.370145
-0.131612
0.552752
0.01408
0.406352
-0.111086
0.503161
-0.0169221
-0.460952
0.069102
-0.346019
-0.0228606
-0.400046
0.0672356
-0.16731
-0.37761
-0.0868237
-0.288564
-0.162063
-0.365338
-0.0666711
1.81401
1.64665
1.73031
1.83645
1.83555
1.90597
1.71701
2.21192
2.16746
2.15711
2.01309
2.23054
2.10223
2.12366
2.49533
2.43418
2.51836
2.29481
2.57007
2.35072
2.4399
2.54921
2.4616
2.6473
2.36296
2.6299
2.34434
2.56794
2.28041
2.15196
2.46037
2.1238
2.35939
2.03228
2.38025
1.75619
1.60351
1.97615
1.63712
1.81973
1.505
1.9081
1.11914
0.982585
1.33407
1.05342
1.16498
0.916119
1.28914
0.457664
0.407552
0.658462
0.495074
0.520874
0.351434
0.638521
-0.788404
-0.736809
-0.761808
-0.876132
-0.741563
-0.786931
-0.801747
-0.67938
-0.501449
-0.764467
-0.574314
-0.673683
-0.554793
-0.704744
-0.16353
-0.287062
-0.375298
-0.0918044
-0.359769
-0.0647261
-0.162395
0.031656
0.344923
0.143271
0.232379
0.150902
0.201831
0.0497742
0.453139
0.501235
0.394402
0.661135
0.342738
0.637778
0.514235
-0.958364
-0.510341
-0.569905
-0.902192
-0.574137
-0.949589
-1.09805
-0.693822
-0.745983
-0.583863
-0.496262
-0.714474
-0.668096
-0.570582
0.0311946
0.146498
0.246129
0.337575
0.0526082
0.149532
0.211359
1.55364
1.45964
1.73255
1.47081
1.62323
1.42419
1.69723
-0.514443
-0.585469
-0.580116
-1.0094
-0.963715
-1.00051
-1.14156
1.44669
1.72374
1.61673
1.55819
1.48977
1.40409
1.69718
-0.632335
-1.1893
-1.07978
-1.29986
-0.514874
-1.04393
-0.719474
-1.18592
-1.00228
-0.807836
-0.766512
-1.12935
-1.18132
-0.684896
-0.608321
-0.530371
-0.878613
-1.16949
-0.958691
-1.06562
-0.650803
-0.52896
-0.904767
-0.938564
-1.21171
-0.776721
-1.12557
-0.645581
-0.839837
-0.940552
-0.736365
-1.01437
-0.791382
-1.03383
-0.659311
-0.688458
-0.520785
-0.650414
-0.494573
-0.670325
-0.476477
-0.715711
-0.898065
-0.822821
-0.556991
-0.331513
-0.983071
-0.517485
-0.804698
-0.572352
-0.15903
-0.442742
-0.387192
-0.388493
-0.467494
-0.551167
-0.136246
-0.412318
-0.319509
-0.349071
-0.287657
-0.327086
-0.162154
-0.00972759
-0.107981
-0.240359
0.111575
-0.212215
0.123061
-0.025418
0.00810529
0.00879217
-0.242304
0.116995
-0.186588
0.224295
-0.0457093
0.167013
0.530402
0.291741
0.376227
0.288327
0.3804
0.123292
0.322587
-0.0679245
0.0145618
0.218887
0.0129605
0.220416
0.35607
0.400109
0.0807961
0.0328586
0.492077
0.0339742
0.427986
0.426716
0.512685
0.666799
0.40179
0.828586
0.402487
0.782364
0.535434
0.617728
0.963545
0.714234
0.913578
0.652647
0.890447
0.627325
0.479897
0.111231
0.167268
0.546254
0.126561
0.49302
0.547868
0.478638
0.126498
0.168879
0.505531
0.127872
0.43112
0.541508
0.731257
1.02753
0.746831
1.13903
0.722323
1.05842
0.794438
0.743679
1.06611
0.78243
1.12482
0.717618
1.07472
0.790732
0.30157
0.10138
0.121964
0.445669
0.0657565
0.381193
0.369505
0.21558
-0.109616
0.0290572
0.191725
-0.0133811
0.129641
0.275082
0.626131
1.03637
0.737641
1.06666
0.687117
0.987344
0.684343
0.539381
0.827754
0.500845
0.973624
0.451296
0.913558
0.585505
-0.110019
-0.250096
-0.276513
0.0433817
-0.351749
-0.00519166
-0.0620825
-0.28085
-0.57176
-0.410662
-0.360582
-0.473334
-0.399548
-0.244226
0.194648
0.711043
0.348509
0.64556
0.311045
0.594119
0.231357
0.0310043
0.307261
-0.0615095
0.48799
-0.0806501
0.446428
0.0587032
-0.701627
-0.731742
-0.797423
-0.573934
-0.849014
-0.600009
-0.672099
-0.879736
-1.12338
-0.966378
-0.953879
-1.01861
-0.96592
-0.861247
-0.405089
0.140049
-0.27217
0.00217122
-0.281298
-0.0024998
-0.410524
-0.591104
-0.298007
-0.711859
-0.160434
-0.680215
-0.165714
-0.600844
-1.17598
-1.25936
-1.2889
-1.13886
-1.32234
-1.13324
-1.19265
-1.26932
-1.39278
-1.3658
-1.32497
-1.38024
-1.2763
-1.31013
-0.926528
-0.440391
-0.897637
-0.598265
-0.861514
-0.542025
-0.984292
-1.03268
-0.7011
-1.12251
-0.685821
-1.03374
-0.638128
-1.09484
-1.25076
-1.36514
-1.36291
-1.37482
-1.33234
-1.29774
-1.32168
-1.08336
-1.12721
-1.06086
-1.12406
-1.20741
-1.15747
-1.21612
-1.04557
-0.732016
-1.17476
-0.846129
-1.08142
-0.749612
-1.15115
-0.687228
-0.981427
-0.888357
-0.96455
-0.768102
-0.688228
-1.06518
-0.337957
-0.347645
-0.373591
-0.316599
-0.40102
-0.33121
-0.217641
0.0425655
-0.38857
-0.20977
0.0854046
-0.122057
-0.432618
0.147987
0.0558284
0.00347175
-0.108126
0.321135
-0.046102
0.321448
0.277537
0.507442
0.68111
0.440086
0.376581
0.5519
0.351649
0.536363
0.74831
0.819288
0.671304
0.442588
0.669043
0.585935
0.513927
0.655901
0.270649
0.503025
0.639335
0.442433
0.514492
0.617121
0.841251
0.758315
0.560647
1.05842
0.60813
0.981393
0.786463
1.14511
1.02272
1.03757
0.954841
0.770945
0.693044
0.923214
1.23937
1.37533
1.24273
1.01063
1.11885
1.19841
1.1147
1.23965
0.895661
1.04789
1.11681
1.01205
1.11292
1.28291
1.35033
1.2107
1.15385
1.50344
1.1225
1.44996
1.38718
1.46677
1.42877
1.37137
1.57415
1.30626
1.60396
1.46627
1.54088
1.79603
1.67038
1.77159
1.62531
1.69687
1.57406
1.57703
1.27584
1.40626
1.58825
1.31721
1.51367
1.66485
1.6327
1.36327
1.41152
1.75875
1.35025
1.661
1.71282
1.79526
1.89061
1.77631
2.02069
1.71107
1.96992
1.86347
1.85307
2.11209
1.98145
2.10698
1.90001
2.04878
1.91874
1.66122
1.35196
1.41457
1.75844
1.32111
1.66801
1.7799
1.62955
1.19676
1.33756
1.68672
1.26618
1.58035
1.72879
1.9344
2.14969
1.99897
2.27531
1.9232
2.17918
2.03873
1.92332
2.17994
1.9973
2.28682
1.89508
2.18742
2.02494
1.42066
1.10099
1.06895
1.61512
0.997181
1.50773
1.52708
1.31249
0.740785
0.930088
1.28072
0.868708
1.19535
1.40544
1.77905
2.15144
1.94993
2.21841
1.84533
2.10509
1.89307
1.69264
1.9544
1.6922
2.14895
1.59243
2.03786
1.80276
0.9263
0.589743
0.473291
1.14662
0.448854
1.06203
0.999556
0.781819
0.158172
0.318744
0.68543
0.293602
0.642188
0.841801
1.35174
1.85367
1.57466
1.84293
1.47622
1.74027
1.44669
1.21762
1.48125
1.15231
1.70991
1.08092
1.61455
1.30483
0.373932
0.0153431
-0.134512
0.542868
-0.099807
0.502755
0.398342
0.256216
-0.287344
-0.22947
0.145819
-0.206857
0.149557
0.270184
0.806774
1.34262
1.0089
1.2724
0.942047
1.20155
0.862059
0.678363
0.922729
0.586219
1.1221
0.555091
1.06215
0.724494
-0.0117368
-0.344112
-0.46143
0.0609783
-0.388915
0.0687832
-0.0287002
-0.398898
-0.128244
-0.108082
-0.0408882
-0.425584
-0.373411
-0.0624805
0.342964
0.794131
0.474016
0.694954
0.449332
0.66209
0.358444
0.425068
0.182099
0.17449
0.27176
0.573254
0.553295
0.27674
1.80929
1.65233
1.717
1.84073
1.81267
1.71385
1.89706
1.94018
1.92256
1.83576
2.10875
1.83429
2.02808
2.0024
2.20647
2.01258
2.15731
2.15262
2.10429
2.11762
2.23211
2.29513
2.24707
2.22878
2.43379
2.1793
2.37271
2.35384
2.49622
2.30386
2.42463
2.50996
2.34673
2.44105
2.56545
2.53719
2.38105
2.46182
2.63708
2.37284
2.56041
2.61185
2.54793
2.36953
2.44943
2.64437
2.33902
2.56461
2.62997
2.51069
2.21813
2.40191
2.53659
2.28797
2.45216
2.59438
2.27801
2.13002
2.13898
2.45913
2.02653
2.37455
2.36159
2.16611
1.78025
2.01854
2.11707
1.90907
2.03904
2.24755
1.75417
1.64305
1.5916
1.97548
1.49991
1.90189
1.8227
1.60218
1.20503
1.43809
1.49892
1.35406
1.44232
1.6639
1.11821
1.05915
0.973432
1.33249
0.911505
1.28437
1.16535
0.627767
0.835789
0.791161
0.961973
0.81952
0.774695
0.996058
-1.18551
-0.79201
-0.735439
-1.00462
-0.68597
-1.09049
-1.16505
-0.597612
-0.517855
-0.854437
-1.11744
-0.916409
-1.05526
-0.635461
-0.513715
-0.857053
-0.947834
-1.1788
-0.762604
-0.6325
-1.15003
-0.683134
-0.651426
-0.485261
-0.521055
-0.704475
-0.666629
-0.471593
-0.892982
-0.83404
-0.542294
-0.329931
-0.775588
-0.950943
-0.509461
-0.569017
-0.42042
-0.360852
-0.163107
-0.562249
-0.397546
-0.470021
-0.0106957
-0.233489
0.119898
-0.111714
-0.0159004
-0.214597
0.122293
0.00155364
-0.239684
0.128968
0.00960054
-0.0326721
-0.195817
0.220151
0.159353
0.308038
0.385798
0.535915
0.130832
0.290726
0.377678
0.386849
0.0443842
0.524274
0.08734
0.420623
0.0363429
0.444408
0.509936
0.400609
0.845825
0.675632
0.555818
0.390143
0.786752
0.599085
0.738604
0.912028
0.957048
0.62517
0.662324
0.878702
0.469134
0.171663
0.520997
0.129358
0.539077
0.127569
0.437742
0.735588
0.746577
1.15605
1.00853
0.813757
0.712062
1.05267
0.731757
0.794918
1.13692
1.06396
0.791619
0.719453
1.07188
0.222288
0.0405011
0.188188
-0.113195
0.286335
-0.00257258
0.123278
0.622753
0.741695
1.07634
1.03122
0.690862
0.682886
0.984983
0.544936
0.50141
0.984443
0.823464
0.600771
0.444455
0.915882
-0.261732
-0.390938
-0.379899
-0.580243
-0.217335
-0.454077
-0.421541
0.181673
0.362396
0.651633
0.712895
0.225875
0.31538
0.590187
0.0523328
-0.0718635
0.500148
0.297855
0.0901216
-0.0973899
0.449393
-0.853657
-0.942353
-0.981694
-1.13661
-0.823739
-1.00054
-0.998626
-0.428238
-0.248646
0.00678842
0.14493
-0.424622
-0.270798
-0.00985386
-0.562183
-0.72976
-0.147044
-0.312262
-0.558739
-0.705859
-0.16466
-1.24437
-1.34409
-1.35423
-1.40548
-1.27208
-1.36615
-1.31278
-0.955961
-0.868843
-0.594747
-0.435811
-1.0033
-0.848827
-0.552684
-1.00412
-1.14425
-0.673373
-0.718128
-1.05202
-1.06283
-0.639667
-1.15213
-1.09298
-1.0926
-1.10553
-1.19194
-1.18782
-1.14741
-1.07542
-1.14762
-0.845302
-0.729332
-1.17214
-1.06932
-0.761844
-0.999892
-0.704668
-0.911883
-0.94202
-0.756901
-1.03016
-0.690731
-0.340981
-0.346095
-0.53685
-0.472792
-0.335794
-0.35492
-0.513329
-0.288488
-0.16102
-0.18205
-0.195303
-0.253455
-0.250065
-0.217135
0.0777408
-0.0941536
0.345524
0.015575
0.292758
-0.0749375
0.289573
0.511927
0.692667
0.452224
0.567544
0.390408
0.366512
0.541442
0.759256
0.802876
0.680625
0.423967
0.683305
0.531837
0.620164
0.847663
0.586248
1.07741
0.761668
0.783205
0.598755
0.98271
1.15771
1.03061
1.03792
0.953554
0.793468
0.93174
0.664913
1.25297
1.39392
1.22702
1.00405
1.13366
1.14031
1.1873
1.34265
1.17168
1.51639
1.19042
1.39696
1.11416
1.44867
1.46646
1.42476
1.37763
1.57566
1.49033
1.30313
1.60688
1.53412
1.68021
1.78258
1.80255
1.58936
1.62386
1.70112
1.62854
1.41489
1.76817
1.36134
1.71914
1.34614
1.65955
1.79111
1.78135
2.03264
1.88738
1.8724
1.71346
1.97358
1.84149
1.99218
2.11575
2.10375
1.92635
1.89985
2.04725
1.62938
1.34499
1.69563
1.19214
1.73701
1.26435
1.57968
1.9299
2.00321
2.29085
2.14701
2.04701
1.91619
2.19018
1.92411
2.00554
2.28836
2.17874
2.03613
1.89412
2.18296
1.3137
0.941646
1.28861
0.733822
1.41439
0.869318
1.19398
1.77455
1.95646
2.23715
2.14997
1.90045
1.84292
2.12032
1.6955
1.701
2.14963
1.95388
1.81631
1.59088
2.0355
0.782077
0.333386
0.692341
0.148339
0.851114
0.294432
0.638707
1.34698
1.58384
1.86123
1.85243
1.45414
1.47546
1.7557
1.22032
1.16121
1.71048
1.48029
1.31934
1.07818
1.61273
0.254497
-0.215016
0.151215
-0.298589
0.278821
-0.206926
0.144112
0.801539
1.01901
1.289
1.33998
0.868956
0.941244
1.2147
0.679815
0.593548
1.12235
0.920992
0.73763
0.551559
1.05953
-0.125964
-0.407857
-0.113656
-0.0437823
-0.414086
-0.0561179
-0.373887
0.338415
0.482239
0.70961
0.789595
0.36335
0.448113
0.672326
0.186551
0.423574
0.172314
0.272271
0.57219
0.285603
0.549162
1.94964
1.85477
2.124
1.91906
1.99688
1.82501
2.02457
2.29633
2.24255
2.43537
2.25028
2.36069
2.17412
2.37092
2.54427
2.4753
2.63697
2.38133
2.62198
2.37701
2.55784
2.52174
2.41849
2.53171
2.21746
2.60367
2.29419
2.45035
2.17872
2.03524
2.10968
1.77825
2.2568
1.91523
2.03714
1.61377
1.45277
1.49156
1.20165
1.67295
1.359
1.43939
0.834648
0.62575
0.78835
0.970349
0.828378
1.00572
0.777964
-0.234062
-0.150065
0.214051
-0.241334
-0.167492
-0.0493784
0.0416547
-0.115413
0.152009
-0.19233
-0.20854
-0.176559
-0.242201
0.23847
-0.104585
-0.169889
-0.119649
0.11637
-0.157615
0.20824
-0.229938
-0.260322
0.247424
-0.170545
-0.189743
-0.189036
-0.106407
0.135395
-0.172936
-0.132248
0.16473
-0.101033
-0.131628
-0.0885983
0.10554
-0.0690464
0.1125
-0.0903199
-0.0342759
-0.100343
-0.10788
0.12995
-0.02287
-0.0126183
0.0309252
0.19776
-0.0366448
0.1338
0.0272289
-0.0288776
0.11515
-0.068692
-0.0129941
-0.0473337
-0.0518588
0.158034
0.105554
-0.0151556
0.138789
0.0451657
0.0222189
-0.0162607
0.275761
0.00716129
0.319918
0.0359434
0.0823327
0.00461886
0.105134
0.20295
0.271505
-0.00276175
-0.0421718
-0.543045
-0.520924
-0.603483
-0.569328
-0.384378
-0.564729
-0.590368
-0.829497
-0.845352
-0.939825
-0.750945
-0.703198
-0.824649
-0.869271
-0.895445
-0.903619
-0.866913
-0.911653
-0.891482
-0.894714
-0.85424
-0.454244
-0.637595
-0.574636
-0.582237
-0.578304
-0.57789
-0.508557
-0.683527
-0.878976
-0.784284
-0.94576
-0.769274
-0.786928
-0.927099
-0.762995
-0.689983
-0.953167
-0.755948
-0.717748
-0.779204
-0.879257
-0.235122
-0.14995
0.214269
-0.242702
-0.0489177
0.0399408
-0.166975
-0.116431
0.152641
-0.210819
-0.192726
0.239946
-0.243992
-0.176867
-0.106206
-0.170913
-0.120751
0.11535
0.210676
-0.232688
-0.158423
-0.26233
0.24959
-0.190684
-0.171152
0.13613
-0.107834
-0.189596
-0.316778
-0.36667
-0.302271
-0.339434
-0.210979
-0.383492
-0.314443
-0.175781
-0.132969
0.165967
-0.0998257
-0.090539
0.107058
-0.13245
-0.0710036
0.114378
-0.0321434
-0.0910637
0.131378
-0.110404
-0.100881
-0.0250701
-0.0134804
0.0328932
0.202322
0.137288
0.0252213
-0.0374782
-0.0314068
0.117625
-0.0125114
-0.0693203
0.160507
-0.0536534
-0.0482163
1.16423
1.33748
1.32744
1.31259
1.13818
1.22555
1.29563
1.29474
1.1469
1.36237
1.05112
1.29448
1.28373
1.10148
1.25847
1.33824
1.3459
1.31001
1.40591
1.27423
1.22182
0.103271
-0.0162476
0.144959
0.0438428
-0.0183441
0.282868
0.0210061
0.00449562
0.329166
0.0821429
0.0347338
0.210501
0.103086
0.00319558
0.27912
-0.00411525
-0.0448803
-0.924508
-0.952736
-0.938543
-0.916205
-0.90091
-0.929159
-0.920675
-0.557062
-0.535518
-0.615411
-0.582028
-0.602299
-0.578084
-0.399093
-0.870552
-0.981992
-0.886343
-0.796982
-0.913813
-0.864723
-0.741313
-0.818919
-0.799717
-0.72461
-0.9846
-0.828909
-0.757928
-0.909023
-0.46695
-0.652718
-0.586234
-0.595883
-0.520799
-0.593031
-0.59146
-0.725628
-0.821401
-0.919277
-0.974843
-0.829169
-0.805296
-0.962906
-0.302562
-0.191793
-0.205344
-0.176426
-0.225191
-0.267228
-0.26219
-0.358315
-0.373632
-0.548963
-0.486739
-0.52911
-0.359996
-0.374678
1.26797
1.32216
1.33733
1.34016
1.23259
1.28341
1.40969
1.15259
1.33634
1.32368
1.30042
1.29434
1.21581
1.12526
1.29811
1.35434
1.1488
1.05531
1.10428
1.28276
1.29499
-0.905317
0.512679
0.645136
0.481347
0.541536
0.516143
0.4721
0.533252
0.466681
0.296956
0.432919
0.4844
0.544812
0.45218
0.23938
-0.873094
-0.830356
0.473689
0.296935
0.434953
0.561294
0.486912
0.462689
0.238832
0.517439
0.649306
0.499824
0.521296
0.540437
0.476975
0.545158
-1.11841
-0.928597
-0.910143
-0.915602
-0.708329
-0.695583
-0.697782
-0.469199
-0.464006
-0.4612
-0.257605
-0.25208
-0.2443
-0.0967567
-0.0904753
-0.0881929
0.00202599
0.00571685
0.00715001
-0.068443
-0.0808934
-0.0737736
-0.5155
-0.524814
-0.519876
-0.938237
-0.940672
-0.939162
-1.0002
-0.99815
-0.999819
-0.617383
-0.614328
-0.616065
-0.15485
-0.169983
-0.158183
0.225552
0.232386
0.231669
0.660303
0.662812
0.663172
1.07243
1.07122
1.07288
1.28024
1.27839
1.28001
1.1721
1.16961
1.17227
0.794412
0.792357
0.794468
0.317749
0.318453
0.319089
-0.0342401
-0.0319577
-0.0319233
-0.17205
-0.172976
-0.172725
1.15614
1.57933
1.58353
1.58222
1.99405
1.99473
1.99393
2.30309
2.30398
2.3028
2.37163
2.37406
2.37285
2.1561
2.15865
2.15791
1.67299
1.67701
1.67614
1.07753
1.08191
1.08151
0.448573
0.44656
0.448256
-0.502194
-0.505547
-0.504117
0.708031
0.707587
0.706232
-0.266228
-0.266155
-0.266305
0.373389
0.370865
0.372548
-0.489765
-0.476602
-0.481465
-1.36468
-0.915134
-0.900123
-0.9047
-0.269767
-0.26965
-0.269833
0.552586
0.556214
0.553855
-0.252609
-0.242132
-0.245313
0.372339
0.369744
0.37144
0.965388
1.51652
1.52065
1.5192
-0.502629
-0.48952
-0.494303
0.543942
0.547401
0.545036
0.700766
0.700379
0.698923
-0.997702
-1.06689
-1.05026
-1.0561
-1.05058
-0.300387
-0.302674
-0.303763
-0.52547
-0.5239
-0.524912
-0.24078
-0.244128
-0.24323
-0.665634
-0.43268
-0.064398
-0.0701536
-0.0675763
0.0519926
0.0507398
0.0522384
0.0628654
0.0580122
0.0600385
0.78506
1.30246
1.31003
1.30751
1.65268
0.291429
0.28338
0.286691
0.637256
0.635725
0.636657
0.395733
0.388365
0.391252
-0.738829
-0.742001
-0.71258
-0.699442
-0.702237
-0.305154
-0.294962
-0.296014
-0.487782
-0.481415
-0.479495
-0.262048
-0.251051
-0.252179
0.0697561
0.0787732
0.0790649
-0.277704
-0.271406
-0.264238
0.125954
0.134098
0.134637
0.491368
0.494431
0.495288
-0.118609
-0.112774
-0.109707
0.545191
0.547561
0.548494
0.903491
0.902324
0.904189
-0.00916157
-0.00415559
-0.0034412
0.950968
0.949275
0.951286
1.13645
1.13372
1.13577
-0.037497
-0.0492007
-0.0420805
1.13889
1.13614
1.1385
1.04178
1.03798
1.04127
-0.44863
-0.459003
-0.453611
1.00708
1.00325
1.00649
0.661425
0.658039
0.660531
-0.898177
-0.90147
-0.899593
0.600616
0.597255
0.599632
0.171631
0.171478
0.172412
-1.0143
-1.01247
-1.01435
0.113547
0.11341
0.114136
-0.180718
-0.178938
-0.179155
-0.66742
-0.665158
-0.666563
-0.20872
-0.20654
-0.206907
-0.246211
-0.24512
-0.246
-0.289604
-0.286208
-0.290993
-0.591197
-0.593202
0.167728
0.175374
0.174272
0.962604
0.973219
0.603
0.606329
0.606472
1.04985
1.05612
1.42232
1.42675
1.42508
1.01845
1.01801
1.01941
1.48
1.48409
1.48213
1.83761
1.83824
1.83792
1.26815
1.26626
1.26779
1.88764
1.88765
1.8876
2.15748
2.15689
2.1566
1.19728
1.195
1.19757
2.18554
2.18505
2.18464
2.23946
2.24062
2.24034
0.847785
0.845849
0.847986
2.23377
2.23472
2.23463
2.04964
2.05092
2.05079
0.369932
0.371089
0.371792
2.00283
2.00429
2.00421
1.5897
1.59239
1.59197
-0.00509656
-0.00308662
-0.00292623
1.52081
1.52356
1.52315
1.02109
1.02497
1.02498
-0.139978
-0.139507
-0.139866
0.947303
0.95099
0.950951
0.463157
0.462834
0.463785
0.525225
0.52901
1.93577
1.93614
1.93579
2.26594
2.26657
2.26553
2.37002
2.37273
2.37137
2.19801
2.20033
2.19959
1.74026
1.74411
1.74325
1.15347
1.15799
1.15764
0.545958
0.546205
0.547138
-0.333122
-0.33674
-0.339073
-0.339531
-0.341799
-0.341325
-0.451039
-0.450025
-0.450197
-0.117525
-0.124653
-0.121055
-0.201496
-0.207311
-0.206089
-0.272833
-0.281333
-0.277127
-0.318437
-0.323285
-0.321822
-0.237152
-0.246267
-0.241549
-0.144912
-0.155123
-0.150434
0.150316
0.1478
0.149567
0.245642
0.23793
0.241263
0.116227
0.110612
0.113047
-7.56519e-05
-0.011015
-0.00573847
-0.102553
-0.113239
-0.108345
0.0366796
0.0263493
0.0310955
0.129686
0.119619
0.123978
0.683504
0.683183
0.683474
0.416887
0.411158
0.413412
0.151949
0.142689
0.146574
-0.707767
-0.700396
-0.976663
-0.908989
-0.907985
-0.939088
-0.984202
-0.947948
-0.857889
-0.834404
-0.892761
-0.868746
-0.876159
-0.856728
-0.958577
-0.302884
-0.305124
-0.306271
-0.528767
-0.527163
-0.528214
-0.24282
-0.246059
-0.245186
-0.334054
-0.337717
-0.340095
-0.340437
-0.342549
-0.342107
-0.454808
-0.453741
-0.453957
-0.119754
-0.126838
-0.123268
-0.203978
-0.20966
-0.208481
-0.274388
-0.282862
-0.278679
-0.319754
-0.324568
-0.323079
-0.698722
0.323362
0.32616
-0.388349
-0.0326839
0.503009
-0.238721
-0.247824
-0.243115
-0.146131
-0.15637
-0.151666
0.148242
0.145721
0.147496
0.244958
0.237212
0.240547
0.114996
0.10939
0.111823
-0.000601257
-0.0116033
-0.00628897
-0.103497
-0.114224
-0.109311
1.22898
1.23021
1.22845
1.37024
1.36657
1.36861
1.84099
1.84585
1.70748
1.91485
1.91661
1.78704
0.291083
0.282986
0.286315
0.637039
0.635437
0.636387
0.395711
0.388306
0.391206
0.0364439
0.0260287
0.0308071
0.129687
0.11954
0.123931
0.68337
0.682982
0.68329
0.416906
0.411142
0.413417
0.151995
0.14267
0.146594
-1.01518
-0.742111
-0.735129
-0.776349
-0.779966
-0.610844
-0.604252
-0.610231
-0.963442
-0.950699
-0.727315
0.490754
0.320746
0.323434
1.22426
1.22528
1.22355
1.04305
1.04946
-1.13859
-1.1203
-1.15992
-1.04641
-0.846401
-0.830431
-0.831542
-0.856366
-0.838141
-0.842908
-0.778194
-0.760632
-0.760471
-0.614881
-0.605604
-0.605931
-0.62423
-0.607447
-0.606121
-0.509683
-0.495691
-0.492753
-0.37493
-0.370354
-0.365387
-0.302021
-0.292167
-0.286619
-0.167098
-0.158768
-0.15302
-0.18382
-0.179567
-0.17288
0.0772394
0.0813174
0.0870161
0.224646
0.227242
0.232133
-0.059528
-0.0522249
-0.0515898
0.446888
0.446521
0.450087
0.538124
0.535362
0.538411
0.00877272
0.00488503
0.00991293
0.577916
0.572539
0.576939
0.553522
0.54538
0.550913
-0.210839
-0.223564
-0.216589
0.404241
0.393627
0.399478
0.244973
0.235056
0.240387
-0.700028
-0.705438
-0.702065
-0.0742677
-0.0822753
-0.0780358
-0.27381
-0.278391
-0.275339
-1.00465
-1.00545
-1.0053
-0.557609
-0.559629
-0.558268
-0.667988
-0.668169
-0.667749
-0.901123
-0.899486
-0.900811
-0.73674
-0.734413
-0.736354
-0.69843
-0.694662
-0.697102
-0.498262
-0.497963
-0.498921
-0.61109
-0.607373
-0.609862
-0.488336
-0.487555
-0.488554
0.152902
-0.0405869
-0.0317935
-0.0337664
0.315456
0.326877
0.385159
0.390063
0.390015
0.60323
0.608532
0.60544
0.759194
0.763373
0.761771
0.817634
0.818715
0.819474
1.02899
1.03147
1.03092
1.1808
1.1828
1.18263
1.19045
1.18805
1.18998
1.42601
1.42573
1.42653
1.54802
1.54653
1.54758
1.27149
1.26951
1.27193
1.67075
1.66977
1.67032
1.6856
1.68557
1.68613
1.05671
1.05433
1.0568
1.63421
1.63375
1.63514
1.55316
1.55261
1.55411
0.618295
0.616868
0.618133
1.3272
1.32699
1.32828
1.15967
1.15977
1.16041
0.16487
0.165652
0.16615
0.846869
0.848925
0.849444
0.666944
0.669197
0.669316
-0.103202
-0.100802
-0.101106
0.392167
0.393214
0.393542
0.255051
0.256462
0.256862
-0.119789
-0.121205
-0.121043
-0.109153
-0.110166
-0.109489
-0.0667649
-0.0681134
-0.0675033
1.18811
1.19654
1.2893
1.35468
1.91963
1.92172
1.92101
1.73327
1.73593
1.73441
2.07702
2.07937
2.07748
2.12795
2.12823
2.12749
2.35595
2.35657
2.35573
2.50639
2.50716
2.50577
2.35929
2.36133
2.35968
2.71936
2.72266
2.72046
2.80016
2.80388
2.80091
2.33236
2.33429
2.33323
2.84048
2.84519
2.84228
2.80869
2.81211
2.81004
1.99677
2.00004
1.99936
2.63485
2.63881
2.6362
2.46537
2.46955
2.46694
1.45727
1.46175
1.46092
2.11574
2.1199
2.11759
1.86994
1.87384
1.87178
0.849231
0.852551
0.852269
1.42504
1.42871
1.42716
1.14101
1.144
1.14304
0.407207
0.404383
0.40632
0.51141
0.509777
0.511482
0.460391
0.457659
0.459592
-0.496237
-0.490413
-0.491619
-0.426185
-0.428305
-0.426405
-0.581252
-0.578029
-0.57874
0.732919
0.73331
0.731283
0.602577
0.599611
0.599043
0.845313
0.847458
0.844801
-0.269426
-0.273676
-0.281936
-0.279756
-0.2858
-0.293304
-0.321761
-0.320953
-0.321328
-0.200759
-0.201568
-0.201594
-0.247692
-0.249375
-0.248446
-0.327447
-0.336938
-0.337465
-0.316047
-0.326351
-0.327218
-0.330531
-0.338619
-0.338337
-0.335102
-0.341878
-0.34145
0.307902
0.305098
0.30696
0.342785
0.339423
0.341308
0.288133
0.284464
0.286492
-0.289149
-0.296532
-0.293673
-0.30003
-0.307406
-0.305051
-0.275834
-0.282958
-0.279682
-0.261768
-0.269109
-0.2653
-0.398098
-0.386374
-0.389563
-1.1987
-0.611302
-0.618916
-0.618024
-0.938506
-0.924695
-0.928633
-0.885838
-0.872269
-0.874682
-0.898695
-0.885692
-0.88945
-0.768569
-0.501059
-0.500795
-0.501766
-0.614142
-0.610382
-0.612849
-0.490899
-0.490029
-0.491068
-0.269752
-0.273854
-0.28221
-0.280128
-0.286069
-0.293669
-0.325528
-0.324666
-0.325077
-0.204127
-0.204951
-0.204951
-0.251247
-0.25296
-0.251995
-0.327743
-0.337254
-0.337819
-0.316103
-0.326477
-0.327362
-0.468352
-0.461691
-0.467397
-0.451179
-0.445158
-0.450718
0.446084
0.447652
0.44476
0.442127
0.447144
0.443933
0.347162
0.349583
0.346085
-0.293613
-0.282905
-0.0967023
-0.097599
-0.217059
-0.205689
-0.330883
-0.339037
-0.338767
-0.335579
-0.342411
-0.341991
0.306691
0.303831
0.305709
0.341662
0.338247
0.340145
0.286902
0.283183
0.285242
-0.289507
-0.29692
-0.294057
-0.300424
-0.30783
-0.305476
1.0473
1.4673
1.47175
1.46963
1.63008
1.63509
1.63282
1.58912
1.59343
1.59101
0.406496
0.403621
0.405584
0.510857
0.509166
0.510876
0.459733
0.456969
0.458939
-0.276087
-0.283246
-0.279962
-0.261998
-0.269374
-0.265557
-0.411309
-0.40006
-0.402959
-0.507588
-0.50182
-0.503037
-0.439706
-0.441971
-0.43995
-0.627033
-0.634608
-0.633724
-0.485666
-0.478591
-0.484535
-0.465808
-0.459728
-0.465355
0.436861
0.438266
0.43538
0.428267
0.433188
0.429952
0.333393
0.335583
0.332115
0.720302
0.720331
0.718431
-0.958771
-1.0749
-1.05902
-0.947345
-0.9602
-1.12157
-1.0985
-1.17387
-1.06383
-1.33237
-0.469717
-0.468334
-0.470075
-0.293504
-0.295049
-0.295689
-0.475424
-0.472303
-0.474137
-0.547943
-0.545868
-0.548028
-0.412831
-0.414058
-0.414785
-0.432167
-0.431817
-0.43316
-0.250964
-0.253635
-0.253279
-0.428029
-0.427472
-0.428712
-0.43773
-0.436363
-0.437149
-0.599635
-0.395868
-0.195321
-0.199091
-0.197235
-0.0286185
-0.0327842
-0.0311176
-0.150452
-0.154537
-0.152453
-0.0138566
-0.0146359
-0.0133981
0.0700847
0.0679114
0.0693566
0.014393
0.012902
0.0141011
0.0257675
0.0212638
0.0231246
-0.031986
-0.0368022
-0.0341566
-0.0801009
-0.0844403
-0.0819326
1.18259
1.26489
1.27178
1.441
1.44582
1.37362
1.38235
1.4297
1.51653
1.37147
0.265961
0.259967
0.262879
0.326446
0.31842
0.321581
0.313212
0.307272
0.310144
0.569763
0.569047
0.570082
0.566974
0.564532
0.565818
0.509481
0.507793
0.509022
0.357463
0.350503
0.353238
0.407589
0.402214
0.404554
0.356064
0.351204
0.35349
-0.849825
-0.84994
-0.494046
-0.4806
-0.485239
-0.559795
-0.547655
-0.552621
-0.853826
-0.852782
-0.853481
-0.781636
-0.784875
-0.783211
-0.587239
-0.593358
-0.59091
-0.796669
-0.781185
-0.78539
-0.632862
-0.616046
-0.615038
-0.719171
-0.701843
-0.701538
-0.814848
-0.795664
-0.538164
-0.522249
-0.727122
-0.711598
-0.709886
-0.394561
-0.397675
-0.614139
-0.597415
-0.595596
-0.694529
-0.679818
-0.677989
-0.569262
-0.561189
-0.560867
-0.331466
-0.320444
-0.315246
-0.452919
-0.439457
-0.436085
-0.577568
-0.560867
-0.558839
-0.128041
-0.117133
-0.11781
-0.460396
-0.445162
-0.442048
-0.268462
-0.25624
-0.251766
-0.0766506
-0.0659654
-0.0664196
-0.412846
-0.398176
-0.394669
-0.344896
-0.339992
-0.334494
0.02753
0.032688
0.0383281
-0.115424
-0.108024
-0.102277
-0.217732
-0.206483
-0.201818
0.281482
0.287277
0.28813
-0.0715605
-0.0629321
-0.0583448
0.134627
0.139382
0.143613
0.335859
0.340596
0.341542
-0.0203652
-0.0128229
-0.00829332
-0.166582
-0.162302
-0.156474
0.400064
0.40082
0.404494
0.267807
0.270125
0.27465
0.186828
0.190636
0.194799
0.700685
0.701492
0.7027
0.344272
0.346218
0.349882
0.541905
0.541421
0.544641
0.752732
0.752962
0.754368
0.396237
0.39758
0.401141
-0.0403387
-0.032943
-0.032653
0.574721
0.570453
0.57405
0.555528
0.552397
0.555248
0.587045
0.585676
0.588835
1.06513
1.06212
1.06436
0.687442
0.683774
0.6867
0.731575
0.726902
0.730412
1.09249
1.08925
1.09149
0.71008
0.705887
0.708759
0.00985371
0.00363386
0.0093822
0.445122
0.434702
0.440646
0.533503
0.524639
0.530362
0.730136
0.724938
0.729021
1.12373
1.12066
1.12374
0.702974
0.696154
0.701052
0.595422
0.586956
0.592142
1.10953
1.10627
1.10944
0.684718
0.67724
0.682338
-0.267034
-0.279377
-0.272436
-0.00955675
-0.0178932
-0.0133073
0.181727
0.172219
0.177339
0.55217
0.543651
0.548704
0.87916
0.875369
0.878306
0.397316
0.389406
0.393866
0.152296
0.145772
0.149502
0.827062
0.823307
0.82614
0.337939
0.330264
0.334575
-0.76047
-0.765199
-0.76257
-0.511527
-0.514024
-0.512381
-0.342955
-0.346576
-0.343917
0.0869086
0.0807428
0.0842355
0.417672
0.41524
0.416838
-0.106462
-0.10983
-0.107472
-0.339161
-0.340387
-0.339269
0.352129
0.350699
0.352467
-0.171508
-0.173896
-0.171886
-1.02243
-1.02289
-1.02354
-0.738616
-0.737004
-0.738584
-0.700089
-0.699523
-0.699545
-0.389455
-0.390267
-0.389292
-0.0335652
-0.0330958
-0.0325892
-0.505085
-0.504716
-0.504551
-0.585568
-0.583511
-0.584717
-0.0782576
-0.0775381
-0.0771931
-0.535671
-0.534612
-0.534699
-0.549069
-0.54798
-0.548634
-0.863823
-0.861936
-0.863612
-0.685365
-0.681702
-0.683726
-0.593462
-0.591117
-0.592801
-0.25379
-0.251937
-0.252923
-0.573767
-0.570588
-0.572713
-0.462332
-0.461633
-0.461697
-0.26731
-0.265577
-0.266628
-0.563552
-0.560119
-0.562224
-0.189223
-0.184664
-0.189149
-0.337108
-0.333653
-0.338492
-0.250099
-0.243077
-0.248373
-0.508337
-0.502663
-0.475571
-0.472285
-0.478412
-0.371342
-0.362872
-0.370254
0.0131502
0.0221563
0.0201512
0.538602
0.544886
0.541068
0.375989
0.383355
0.379945
0.146361
0.386671
0.394939
0.64192
0.649052
0.645615
0.474016
0.482142
0.442523
0.446943
0.447003
0.968522
0.971414
0.970593
0.812922
0.816848
0.815387
1.21013
1.2161
1.21309
0.70229
0.708957
0.705538
0.860101
0.864523
0.861695
1.26134
1.26819
1.26582
1.0735
1.0768
1.07556
0.918574
0.922638
0.920574
0.867982
0.868723
0.869608
1.37225
1.37269
1.37325
1.22896
1.23055
1.23055
1.13088
1.13401
1.13295
1.63548
1.63733
1.63624
1.28597
1.28848
1.28794
1.48547
1.48627
1.48652
1.69112
1.69251
1.692
1.34036
1.34249
1.34216
1.21428
1.21196
1.21378
1.64878
1.64793
1.6485
1.57515
1.57388
1.57481
1.53406
1.5342
1.5347
2.01743
2.01698
2.01699
1.6581
1.65745
1.6581
1.77595
1.77533
1.77568
2.05927
2.05862
2.05863
1.69477
1.69386
1.69454
1.25464
1.25275
1.25518
1.64767
1.64755
1.6488
1.67614
1.67614
1.67705
1.79527
1.79484
1.79506
2.23473
2.23535
2.23439
1.82063
1.82147
1.82133
1.79937
1.79996
1.80081
2.24354
2.24462
2.2435
1.8196
1.82045
1.82067
1.00368
1.00146
1.00381
1.37611
1.37589
1.37717
1.50998
1.50954
1.51097
1.78506
1.78546
1.7864
2.18847
2.18897
2.1891
1.71544
1.71575
1.71681
1.55478
1.55545
1.55631
2.16158
2.16224
2.16226
1.6807
1.68102
1.68207
0.549489
0.548891
0.550172
0.907283
0.908902
0.909694
1.0928
1.09316
1.09372
1.50386
1.50464
1.5055
1.8431
1.84501
1.84493
1.34095
1.34208
1.34237
1.09542
1.09767
1.09791
1.78217
1.78432
1.78411
1.27963
1.28104
1.28118
0.111545
0.112602
0.112937
0.441113
0.442274
0.442605
0.603346
0.605003
0.605126
1.03035
1.03302
1.03352
1.31144
1.31464
1.31455
0.84385
0.847345
0.847177
0.608525
0.610555
0.610706
1.23761
1.2412
1.24111
0.781675
0.784824
0.784612
0.110838
0.110816
0.111724
-0.13045
-0.128479
-0.12884
0.204597
0.205888
0.206426
0.54986
0.551659
0.551943
0.735709
0.738398
0.738414
0.393038
0.394635
0.39498
0.219463
0.218281
0.219494
0.661685
0.663645
0.663876
0.340131
0.341125
0.341685
0.837869
0.840816
0.838854
0.941741
0.945728
0.943954
0.792589
0.795308
0.792263
0.665182
0.670331
0.666244
1.09896
1.09973
1.09836
1.78581
1.78759
1.78619
2.27853
2.27889
2.27805
2.11386
2.11545
2.11361
1.97553
2.16483
2.1649
2.16419
2.66614
2.66894
2.66717
2.54194
2.54295
2.54204
2.36754
2.36975
2.36799
2.83083
2.83582
2.8325
2.81131
2.81547
2.81227
2.30474
2.30668
2.30573
2.67458
2.67814
2.6758
2.78246
2.78563
2.78373
2.91733
2.92381
2.92081
2.79
2.79676
2.79337
2.89843
2.90484
2.90182
1.93428
1.93765
1.93693
2.18791
2.1919
2.18964
2.4004
2.40443
2.40199
2.7462
2.75306
2.74961
2.57564
2.58272
2.57915
2.29645
2.30339
2.3
2.51342
2.52056
2.51697
1.37973
1.38431
1.3837
1.51493
1.5185
1.51692
1.78412
1.78782
1.78596
2.22054
2.22744
2.22414
1.96785
1.97438
1.97142
1.60262
1.6087
1.60626
1.88148
1.88797
1.88511
0.755031
0.755397
0.755675
0.767755
0.770346
0.770326
1.0431
1.04548
1.04482
1.50932
1.51511
1.51284
1.21338
1.21797
1.21639
0.806738
0.808224
0.807812
1.11279
1.11668
1.11544
-0.0683016
-0.0753431
-0.076204
-0.340961
-0.343341
-0.345128
-0.0563803
-0.062108
-0.0626758
-0.284139
-0.293688
-0.297801
-0.271252
-0.281478
-0.286373
-0.334963
-0.335439
-0.336208
-0.0186286
-0.025023
-0.0235686
-0.0241223
-0.0308512
-0.0299855
-0.410579
-0.409346
-0.409652
-0.351639
-0.353404
-0.352643
-0.321543
-0.323421
-0.322266
-0.263391
-0.266244
-0.264624
-0.143473
-0.150297
-0.146965
-0.298511
-0.300645
-0.299348
-0.37898
-0.379774
-0.379715
-0.186555
-0.193205
-0.190458
-0.358201
-0.35976
-0.358818
-0.29287
-0.30302
-0.305031
-0.305905
-0.317184
-0.318324
0.0414166
0.0302016
0.0351333
-0.286799
-0.294757
-0.291113
0.0289246
0.0187855
0.0221668
-0.00052305
-0.00820476
-0.00473701
-0.313605
-0.31951
-0.317565
0.00862036
-0.000639254
0.00266837
0.0639257
0.052141
0.0579667
-0.214583
-0.224118
-0.219318
0.0794258
0.067322
0.073402
-0.330203
-0.334996
-0.334852
-0.33182
-0.337373
-0.337003
-0.173021
-0.182909
-0.178171
0.124841
0.115988
0.118921
0.106082
0.0959038
0.100267
0.218322
0.215096
0.21708
0.15551
0.151766
0.153643
0.211956
0.207703
0.209909
0.206729
0.200782
0.203803
0.209663
0.201827
0.205084
0.158855
0.152638
0.155698
0.0399963
0.0343021
0.0373054
0.154133
0.147361
0.150143
0.0875097
0.0818669
0.0849308
-0.320901
-0.327103
-0.326238
-0.313742
-0.320697
-0.319161
0.196139
0.185409
0.189165
-0.0295032
-0.0407809
-0.0355199
0.182514
0.171717
0.175545
0.147401
0.137879
0.14117
-0.0734977
-0.0845472
-0.0795164
0.161747
0.151665
0.155201
0.213734
0.203319
0.206976
0.0675312
0.057069
0.0617385
0.227488
0.216994
0.220576
-0.231513
-0.239349
-0.234473
-0.249179
-0.256378
-0.252298
0.0950703
0.0853579
0.0898008
0.255145
0.244452
0.247794
0.239477
0.229401
0.232635
0.60463
0.60312
0.603926
0.440323
0.436291
0.438245
-0.219486
-0.227091
-0.222149
0.263462
0.253216
0.25627
-0.764296
-0.756995
-0.759002
-0.915077
-0.899295
-0.898708
-0.884676
-0.891555
-0.636768
-0.625053
-0.630623
-0.569722
-0.55768
-0.562473
-0.703335
-0.699282
-0.702819
-0.63909
-0.644961
-0.643957
-0.987846
-0.949387
-0.888865
-0.9374
-0.853059
-0.850655
-0.854445
-0.976059
-0.961208
-0.964566
-0.981099
-0.960153
-0.932392
-0.916349
-0.920918
-0.84391
-0.887427
-0.850523
-0.797447
-0.807304
-0.942734
-0.927901
-0.930952
-1.02676
-1.00911
-0.967736
-0.945521
-0.967926
-0.951964
-0.861188
-0.719268
-0.868592
-0.7999
-1.14038
-0.47138
-0.470083
-0.471842
-0.295406
-0.296966
-0.297585
-0.47751
-0.474414
-0.476266
-0.551467
-0.549362
-0.551556
-0.415913
-0.417074
-0.417894
-0.435605
-0.435159
-0.436495
-0.253718
-0.256311
-0.255986
-0.430312
-0.429703
-0.430975
-0.44017
-0.438655
-0.439471
-0.0699342
-0.0769846
-0.0778929
-0.341479
-0.343953
-0.345822
-0.0577934
-0.0634979
-0.0641119
-0.283942
-0.293509
-0.297698
-0.271768
-0.281867
-0.286877
-0.335676
-0.336153
-0.33698
-0.0198612
-0.0261866
-0.0248002
-0.0255058
-0.0322217
-0.0314343
-0.414267
-0.413053
-0.413338
-0.355089
-0.356815
-0.356088
-0.324864
-0.326703
-0.32557
-0.265993
-0.268814
-0.267219
-0.145828
-0.15263
-0.149318
-0.301243
-0.303316
-0.302061
-0.381646
-0.38235
-0.382405
-0.188751
-0.195343
-0.192686
-0.360761
-0.362265
-0.361365
-0.292911
-0.302985
-0.305043
-0.305998
-0.317167
-0.318363
0.0403531
0.0292171
0.0340566
-0.288323
-0.296244
-0.292635
0.0278297
0.0177134
0.0210769
-0.00172318
-0.00933047
-0.00595392
-0.314989
-0.320826
-0.318926
0.00747536
-0.00169177
0.0016227
-0.553183
-0.549626
-0.554277
-0.366071
-0.373367
-0.373584
-0.691446
-0.679557
-0.689281
-0.77891
-0.771324
-0.686948
-0.319349
-0.318246
-0.2188
-0.222754
-0.088816
-0.0871175
-0.0917187
-0.0980583
-0.0968726
0.0294245
0.0357803
0.0308123
0.197854
0.190767
0.191199
0.475555
0.480889
0.477119
0.227243
0.229403
0.365986
0.368388
0.364764
0.232148
0.236226
0.232102
-0.3787
-0.375176
-0.364131
-0.395941
-0.223924
-0.0618076
-0.296359
-0.304117
-0.0667582
-0.0128743
0.10288
0.455159
0.0629241
0.0511596
0.0569623
-0.216069
-0.225606
-0.220803
0.0784696
0.0663728
0.0724487
-0.33068
-0.335481
-0.335309
-0.332273
-0.337874
-0.337497
-0.174342
-0.184251
-0.179501
0.124199
0.115336
0.118287
0.105233
0.0949989
0.0994118
0.216562
0.213313
0.215301
0.153541
0.149796
0.151685
0.210217
0.205965
0.208174
0.20591
0.199892
0.202931
0.208887
0.201022
0.204289
0.157956
0.15168
0.154753
0.0385559
0.0328137
0.0358273
0.153025
0.146242
0.149027
0.0862564
0.0805719
0.0836444
-0.321336
-0.32753
-0.326673
-0.314174
-0.321132
-0.319604
0.195953
0.185195
0.188963
-0.0300923
-0.041435
-0.0361452
0.18228
0.171459
0.175292
0.146955
0.137436
0.140722
-0.0743125
-0.0854082
-0.0803598
0.161389
0.151309
0.154842
1.18806
1.19113
1.18835
1.11057
1.11547
1.27382
1.27803
1.27545
1.3173
1.32124
1.3198
1.19575
1.20047
1.1983
1.45928
1.29936
1.41207
1.41733
1.41467
1.48817
1.49552
1.53111
1.53567
1.53368
1.73151
1.72708
1.72892
1.79377
1.79577
1.66758
1.67171
1.67081
1.56148
1.56626
1.71768
1.72332
1.6166
1.62047
1.86554
1.7201
0.26553
0.259449
0.262394
0.326119
0.318067
0.321249
0.312829
0.306813
0.309721
0.569566
0.56877
0.569818
0.566661
0.564172
0.565473
0.50915
0.507413
0.508673
0.357422
0.350418
0.353174
0.407502
0.402052
0.404412
0.355942
0.350999
0.353312
0.213683
0.203237
0.206912
0.0673225
0.0567752
0.0614671
0.227453
0.216932
0.220524
-0.231623
-0.239497
-0.234609
-0.249327
-0.256566
-0.252474
0.0950334
0.0852376
0.0897113
0.255271
0.244537
0.247892
0.239572
0.229458
0.232705
0.604374
0.602842
0.603658
0.440331
0.43621
0.438174
-0.2195
-0.227153
-0.222201
0.263577
0.253304
0.256371
-0.799801
-0.792889
-0.794613
-0.98781
-0.974389
-0.507265
-0.493705
-0.498296
-0.571376
-0.5592
-0.564167
-0.892086
-0.891121
-0.891866
-0.854626
-0.857817
-0.649485
-0.637646
-0.643218
-0.603582
-0.597501
-0.59942
-0.583825
-0.571719
-0.576431
-0.958999
-0.943407
-0.93971
-0.92575
-0.932683
-0.651752
-0.657505
-0.656499
-0.596857
-0.602197
-0.600556
-0.945039
-0.942461
-0.600322
-0.592412
-0.598191
-0.659609
-0.653381
-0.658608
-0.89146
-0.888783
-0.892773
-0.888522
-0.875845
-0.886243
-0.94275
-0.936044
-0.943337
-0.710555
-0.462365
-0.569323
-0.565733
-0.570441
-0.378051
-0.385257
-0.385591
-0.720596
-0.708597
-0.718487
-0.80502
-0.797698
-0.80974
-0.809272
-0.814608
-0.0787042
-0.0302251
0.0887272
0.446134
-0.201873
-0.197402
-0.201946
-0.266392
-0.259022
-0.264468
-0.523094
-0.517671
-0.393118
-0.38445
-0.392074
-0.0802948
-0.0847484
-0.0857939
-0.330256
-0.328584
-0.226519
-0.230205
-0.217499
-0.214539
-0.219665
-0.105326
-0.103693
-0.1083
0.182792
0.175746
0.176117
-0.105484
-0.104532
0.0148082
0.0213088
0.0162806
0.466287
0.471811
0.467961
0.224655
0.227031
0.356814
0.35942
0.355703
0.222479
0.226893
0.222623
1.29684
0.826063
0.828747
0.82684
0.93518
0.938977
0.937255
0.78769
0.790195
0.787245
0.661496
0.667143
0.662851
0.650479
0.652055
1.31319
1.31691
1.3155
1.18489
1.18944
1.1873
1.10984
1.11511
1.27126
1.2757
1.273
1.45563
-0.900053
-0.882894
-0.88639
-0.905297
-0.886575
-0.891892
-0.879442
-0.861186
-0.864953
-0.675735
-0.664244
-0.665805
-0.68682
-0.67204
-0.673523
-0.652292
-0.638724
-0.639569
-0.437144
-0.432275
-0.428821
-0.425328
-0.417665
-0.413991
-0.392261
-0.385133
-0.380665
-0.228677
-0.223498
-0.215885
-0.148175
-0.142798
-0.135354
-0.110403
-0.105288
-0.098105
-0.0879003
-0.0811382
-0.0795161
0.103062
0.107261
0.110393
0.12246
0.1265
0.129127
0.00196283
0.00346549
0.00620158
0.217812
0.216944
0.220078
0.215899
0.213009
0.217258
-0.110575
-0.123439
-0.116364
0.100731
0.0879386
0.0948804
0.0537634
0.0408961
0.0476515
-0.575429
-0.583851
-0.578733
-0.374359
-0.384403
-0.379668
-0.438883
-0.447997
-0.443257
-0.96303
-0.964641
-0.963548
-0.840378
-0.843065
-0.841508
-0.873176
-0.874999
-0.873888
-0.973883
-0.972403
-0.973466
-0.948675
-0.945881
-0.948121
-0.928775
-0.925727
-0.927877
-0.0698953
-0.0574111
-0.14141
-0.131352
-0.133778
-0.0153461
-0.00569366
-0.0100174
0.276624
0.282893
0.282418
0.360744
0.366222
0.364812
0.409563
0.414697
0.413559
0.711683
0.713807
0.714241
0.788186
0.790636
0.79069
0.837757
0.839854
0.840018
1.11565
1.11396
1.11575
1.18844
1.18763
1.18898
1.2312
1.23
1.23146
1.28112
1.2793
1.28123
1.40772
1.40632
1.40747
1.41214
1.411
1.41221
1.1389
1.13646
1.13907
1.32511
1.3233
1.32553
1.29611
1.29435
1.29659
0.73837
0.736404
0.738061
0.969902
0.968318
0.97031
0.915056
0.913419
0.9151
0.266779
0.26688
0.267521
0.486419
0.487805
0.488428
0.432031
0.432966
0.433497
-0.0595056
-0.0570023
-0.05713
0.0941403
0.0958457
0.0962763
0.0613104
0.0632787
0.0636092
1.70924
1.71343
1.71161
1.62812
1.63161
1.63045
1.75658
1.75998
1.75881
2.03858
2.03919
2.03836
2.13064
2.1304
2.13067
2.17635
2.17589
2.17614
2.32426
2.3255
2.32413
2.45356
2.45381
2.45351
2.47623
2.47696
2.47648
2.3627
2.36479
2.36365
2.53256
2.53561
2.5349
2.52428
2.52693
2.52625
2.10659
2.10942
2.10872
2.32276
2.32559
2.32494
2.27227
2.27528
2.27456
1.60313
1.60722
1.6063
1.82643
1.83058
1.82938
1.75291
1.75709
1.75589
1.00238
1.00649
1.00608
1.19721
1.20131
1.20064
1.11526
1.11923
1.11867
-0.742281
-0.728178
-0.731538
-0.690163
-0.67517
-0.677058
-0.720172
-0.704206
-0.706616
-0.914539
-0.642283
-0.663429
-0.345039
-0.331736
-0.334435
-0.436866
-0.424255
-0.423679
-0.476069
-0.461992
-0.461767
-0.515299
-0.508611
-0.507206
-0.444775
-0.435857
-0.433258
-0.475001
-0.465869
-0.4638
-0.396467
-0.382967
-0.38272
-0.218759
-0.207256
-0.208411
-0.36076
-0.346906
-0.346638
-0.0678797
-0.056922
-0.0552579
0.0215199
0.0311149
0.0312008
-0.118309
-0.106564
-0.105081
-0.301684
-0.295806
-0.288968
-0.182136
-0.17636
-0.168991
-0.217308
-0.211779
-0.204404
-0.0102513
-0.000200082
0.00163756
0.176021
0.18341
0.184106
0.0417198
0.0509683
0.0528427
0.365378
0.369082
0.370677
0.440132
0.443627
0.444543
0.313154
0.317476
0.319175
-0.129956
-0.124638
-0.120714
0.0712354
0.0757064
0.0793744
0.0474074
0.0518628
0.0561836
0.4204
0.423189
0.424828
0.596673
0.598488
0.599481
0.473264
0.475361
0.47702
0.7876
0.786434
0.788626
0.855072
0.854384
0.856095
0.738464
0.737892
0.73997
-0.0147131
-0.00857208
-0.00822249
0.211799
0.212485
0.214525
0.209783
0.2111
0.212824
0.8355
0.833626
0.835952
0.993413
0.991225
0.993341
0.877369
0.874888
0.877293
1.00842
1.00497
1.00756
1.12793
1.1248
1.12693
1.00301
0.999401
1.0018
-0.0133586
-0.0237589
-0.0168649
0.137269
0.124929
0.131926
0.168075
0.156494
0.163439
1.00895
1.00536
1.00838
1.13781
1.13494
1.13768
1.00582
1.00205
1.00545
0.894618
0.889559
0.893407
1.06855
1.06482
1.06811
0.925191
0.920176
0.924071
-0.387962
-0.399221
-0.393121
-0.30672
-0.317235
-0.311601
-0.241979
-0.253183
-0.246927
0.856431
0.851311
0.855065
0.969541
0.965707
0.968851
0.815151
0.810077
0.813686
0.491188
0.487103
0.489826
0.717668
0.714118
0.716705
0.549302
0.544928
0.547789
-0.860674
-0.8646
-0.862284
-0.796042
-0.799404
-0.797448
-0.751201
-0.755143
-0.75283
0.429289
0.42533
0.4279
0.542066
0.53887
0.540847
0.369806
0.366082
0.368272
0.00336877
0.00331142
0.00408753
0.228076
0.227832
0.228918
0.057601
0.0574002
0.0584067
-1.02609
-1.02501
-1.02664
-0.958829
-0.956816
-0.958811
-0.964316
-0.963007
-0.964697
-0.0514046
-0.0513954
-0.0506011
0.0619863
0.0620463
0.0628697
-0.0986095
-0.0982744
-0.0976374
-0.307859
-0.305478
-0.306069
-0.152414
-0.151058
-0.151035
-0.28671
-0.28477
-0.285118
-0.652601
-0.649816
-0.652511
-0.753887
-0.750203
-0.752807
-0.735364
-0.73272
-0.734785
-0.328934
-0.32638
-0.327136
-0.226851
-0.224676
-0.225202
-0.339747
-0.337318
-0.338387
-0.310204
-0.308524
-0.309749
-0.273438
-0.272014
-0.272899
-0.346217
-0.344201
-0.345412
0.117386
0.125546
0.124131
0.305547
0.311727
0.309888
0.257922
0.264393
0.262366
0.957078
0.863769
0.871621
0.793685
0.802431
0.551383
0.554989
0.555119
0.730803
0.733803
0.73363
0.680371
0.683667
0.683392
1.10255
1.11319
0.917718
0.925963
0.92327
0.986098
0.982473
0.985
1.37358
1.37821
1.37665
1.30002
1.30379
1.30122
1.24969
1.25488
1.25246
0.970211
0.970149
0.971394
1.13517
1.13499
1.13611
1.08852
1.08861
1.08963
1.35771
1.36092
1.3589
1.52912
1.53225
1.53016
1.40683
1.40967
1.40834
1.71469
1.71566
1.71555
1.79141
1.79239
1.79192
1.66912
1.67035
1.67012
1.25606
1.25389
1.25554
1.39231
1.39086
1.39203
1.37745
1.37568
1.37701
1.76465
1.7651
1.76518
1.93116
1.93097
1.93099
1.8073
1.80757
1.80768
2.02342
2.02308
2.02312
2.12992
2.12919
2.12906
1.99719
1.99674
1.99688
1.22034
1.21815
1.2207
1.34618
1.34461
1.34673
1.36549
1.36409
1.36616
2.0496
2.04931
2.04922
2.20484
2.20474
2.20414
2.06769
2.06771
2.06743
2.09055
2.09177
2.09196
2.24417
2.24566
2.24493
2.09608
2.0974
2.09737
0.901063
0.898994
0.901209
1.02215
1.02066
1.02265
1.0734
1.07182
1.07384
2.08248
2.08355
2.08386
2.22318
2.22383
2.2239
2.07004
2.0709
2.0713
1.88701
1.88857
1.8886
2.09117
2.0923
2.09215
1.92936
1.93071
1.93073
0.4266
0.427482
0.428469
0.542701
0.544017
0.544747
0.60227
0.602896
0.604164
1.83941
1.8411
1.84118
1.95335
1.95502
1.95497
1.79026
1.79204
1.79212
1.43263
1.43539
1.43518
1.6549
1.65747
1.65706
1.49566
1.4983
1.49811
0.0290065
0.0307147
0.0309498
0.130521
0.132096
0.132543
0.170545
0.171881
0.172315
1.36593
1.36874
1.36852
1.45311
1.45588
1.45549
1.30029
1.30352
1.30348
0.894478
0.898083
0.897627
1.09212
1.09601
1.09595
0.959749
0.963599
0.963237
-0.0695452
-0.0691649
-0.0690019
-0.156163
-0.155319
-0.155611
-0.0758941
-0.0750031
-0.0747947
0.826568
0.829866
0.829487
0.877293
0.880775
0.88069
0.762832
0.765813
0.765566
0.389878
0.389411
0.390554
0.519287
0.519515
0.520297
0.437422
0.437394
0.438374
1.8898
1.89006
1.88978
2.059
2.05927
2.05905
2.01061
2.01138
2.01082
2.23753
2.23789
2.23699
2.41066
2.41049
2.41031
2.37989
2.37934
2.37932
2.37338
2.37644
2.3747
2.52812
2.53125
2.53044
2.53131
2.53457
2.53344
2.23857
2.24079
2.24
2.364
2.36647
2.36593
2.40507
2.40738
2.40684
1.80664
1.8104
1.80952
1.89562
1.89957
1.89841
1.96485
1.96875
1.9676
1.22868
1.23321
1.23281
1.27836
1.28243
1.28167
1.35939
1.36347
1.36265
0.615941
0.616503
0.617452
0.610824
0.611697
0.612351
0.689
0.690299
0.690961
-0.918438
-0.902306
-0.903294
-0.823149
-0.808422
-0.808657
-0.887232
-0.871688
-0.873004
-0.884256
-0.86557
-0.870698
-0.833756
-0.81506
-0.8185
-0.85987
-0.84123
-0.84479
-0.808346
-0.791905
-0.791242
-0.844639
-0.825918
-0.827923
-0.867658
-0.850666
-0.852177
-0.645733
-0.63541
-0.636364
-0.585164
-0.573919
-0.573463
-0.618701
-0.606415
-0.60661
-0.689538
-0.672626
-0.673367
-0.587981
-0.572
-0.570224
-0.652493
-0.636555
-0.636759
-0.57481
-0.561163
-0.560027
-0.548485
-0.533557
-0.531209
-0.613288
-0.598572
-0.598112
-0.407012
-0.402411
-0.39824
-0.32371
-0.318091
-0.311747
-0.360404
-0.354243
-0.348737
-0.386655
-0.377727
-0.372623
-0.258505
-0.248924
-0.243294
-0.347242
-0.338675
-0.333068
-0.262611
-0.254999
-0.248677
-0.213487
-0.204607
-0.198869
-0.306212
-0.298285
-0.292173
-0.207534
-0.202937
-0.195674
-0.0424851
-0.0381473
-0.0317868
-0.0769115
-0.0722621
-0.0654236
-0.0411608
-0.035747
-0.0291648
0.127398
0.130982
0.136426
0.00512894
0.0101606
0.0164538
0.0920357
0.0961116
0.101705
0.176226
0.179223
0.184406
0.0486386
0.0531113
0.0590833
-0.0677299
-0.0605552
-0.0595405
0.164019
0.167311
0.169221
0.148417
0.152177
0.154369
0.284967
0.286966
0.290383
0.480872
0.479686
0.483046
0.312893
0.314251
0.317321
0.363515
0.363417
0.365999
0.514015
0.511993
0.51518
0.343295
0.34392
0.346711
0.01012
0.00889909
0.01296
0.212238
0.205345
0.211025
0.218668
0.213824
0.218813
0.405064
0.401202
0.405293
0.572948
0.566755
0.571567
0.401208
0.396116
0.400747
0.387027
0.379073
0.384693
0.56626
0.559086
0.564285
0.397847
0.391298
0.396468
-0.158162
-0.171042
-0.163999
-0.0542426
-0.066533
-0.0601666
0.00211079
-0.0104583
-0.0039421
0.24905
0.237304
0.243571
0.355337
0.344921
0.350557
0.20013
0.188608
0.19462
0.090258
0.0791881
0.0849588
0.301661
0.291443
0.296922
0.146947
0.135602
0.141522
-0.641395
-0.64847
-0.643672
-0.572031
-0.577984
-0.574017
-0.507416
-0.515218
-0.510222
-0.227634
-0.236192
-0.231874
-0.138487
-0.146099
-0.14226
-0.290757
-0.298646
-0.294692
-0.422601
-0.427099
-0.423864
-0.206904
-0.21349
-0.210042
-0.358548
-0.364978
-0.361264
-0.991997
-0.992987
-0.9922
-0.927047
-0.927379
-0.927035
-0.906684
-0.907457
-0.906665
-0.686186
-0.68816
-0.686844
-0.598308
-0.599906
-0.598877
-0.721574
-0.723021
-0.722044
-0.779145
-0.778982
-0.778721
-0.638181
-0.639218
-0.638551
-0.756155
-0.756744
-0.756128
-0.946618
-0.945086
-0.946136
-0.870786
-0.868758
-0.869921
-0.908513
-0.905844
-0.907442
-0.817882
-0.815338
-0.817367
-0.729126
-0.726256
-0.728393
-0.803495
-0.800504
-0.80272
-0.760356
-0.757572
-0.759193
-0.720689
-0.717321
-0.71962
-0.789227
-0.785713
-0.788023
-0.00150535
0.0060003
0.157816
0.170003
0.0755181
0.0828759
-0.0828502
-0.0743349
-0.0761845
0.092129
0.0988128
0.0966163
0.0466983
0.0540976
0.0506242
0.275973
0.279598
0.214037
0.203731
0.210314
0.133787
0.140693
0.137547
0.334569
0.33998
0.33979
0.516383
0.520557
0.519948
0.466967
0.47154
0.470728
0.469746
0.475148
0.473209
0.651835
0.656768
0.654348
0.517464
0.522773
0.520863
0.624735
0.629223
0.627872
0.711022
0.715448
0.713585
0.575468
0.580424
0.578756
0.767294
0.768711
0.769355
0.94116
0.942404
0.942873
0.892052
0.893591
0.89395
0.899295
0.902033
0.901683
1.07771
1.08015
1.07968
0.948755
0.951331
0.951082
1.05376
1.05576
1.05575
1.13282
1.13496
1.13468
1.00451
1.00667
1.00658
1.15622
1.15406
1.15596
1.307
1.30512
1.3067
1.27183
1.27018
1.27175
1.30299
1.30285
1.30379
1.46939
1.4687
1.46959
1.34655
1.3461
1.34711
1.42569
1.42443
1.4256
1.51164
1.51034
1.51138
1.38915
1.38811
1.38927
1.27757
1.27551
1.27784
1.40708
1.4057
1.40758
1.41093
1.40969
1.41125
1.54178
1.54087
1.54159
1.68066
1.68004
1.68043
1.54913
1.54859
1.54918
1.54937
1.54887
1.54998
1.68561
1.68545
1.68575
1.55122
1.55075
1.55154
1.09855
1.09609
1.09865
1.22111
1.21931
1.22149
1.25937
1.25755
1.25978
1.48466
1.48375
1.48547
1.61305
1.61252
1.61398
1.45987
1.45896
1.46071
1.39339
1.39248
1.39422
1.58463
1.5841
1.58561
1.42793
1.42699
1.42877
0.676817
0.675095
0.676459
0.795519
0.794377
0.795463
0.854037
0.852632
0.853888
1.15782
1.15718
1.15878
1.27495
1.27474
1.27598
1.1049
1.10421
1.10565
0.988732
0.988525
0.98925
1.21681
1.21664
1.21756
1.04613
1.04558
1.04654
0.213084
0.213258
0.213994
0.32417
0.324276
0.325009
0.375228
0.375601
0.376145
0.681669
0.683829
0.684159
0.786625
0.789101
0.789277
0.624743
0.627053
0.627351
0.513689
0.51494
0.515171
0.723647
0.726235
0.72646
0.566482
0.5683
0.568507
-0.0873734
-0.0848211
-0.0849887
0.00225427
0.00440548
0.00460515
0.0263395
0.0285063
0.0287473
0.26367
0.264973
0.26527
0.345809
0.346929
0.347244
0.223014
0.224793
0.224995
0.148621
0.150698
0.150834
0.295376
0.296616
0.296978
0.180412
0.182384
0.182553
1.7902
1.79387
1.79132
1.9673
1.96964
1.96811
1.83738
1.84071
1.83904
1.68459
1.68784
1.68643
1.86386
1.86614
1.86536
1.81447
1.81759
1.81661
2.02367
2.02611
2.02442
1.94295
1.94507
1.9438
1.89419
1.89705
1.89559
2.08772
2.08803
2.0873
2.26837
2.26769
2.26771
2.22693
2.22625
2.22638
2.2149
2.21459
2.21402
2.40545
2.40634
2.40538
2.26254
2.26204
2.26177
2.35924
2.35869
2.35886
2.46081
2.46165
2.46024
2.3156
2.31493
2.31516
2.34673
2.34827
2.34681
2.516
2.51759
2.51673
2.50166
2.50277
2.50214
2.55563
2.55707
2.5559
2.74811
2.75153
2.7491
2.57983
2.58187
2.58044
2.62363
2.6268
2.6248
2.78051
2.78414
2.78141
2.60783
2.61048
2.60874
2.35144
2.3533
2.35223
2.49669
2.49894
2.49833
2.5149
2.51725
2.5166
2.65377
2.65809
2.65654
2.83321
2.83718
2.83474
2.64662
2.65054
2.6492
2.62222
2.62566
2.62453
2.82718
2.83082
2.82862
2.6399
2.64351
2.64229
2.05334
2.05636
2.05573
2.16008
2.16359
2.16261
2.21849
2.22172
2.22088
2.45323
2.45717
2.4555
2.58127
2.58528
2.58267
2.40174
2.40593
2.40409
2.28932
2.29393
2.29183
2.52733
2.53147
2.52884
2.34872
2.35312
2.35111
1.5304
1.53454
1.53362
1.60033
1.60451
1.6034
1.67725
1.68145
1.68028
1.95332
1.95827
1.95586
2.03493
2.03902
2.0368
1.87734
1.88227
1.87994
1.72106
1.72584
1.72364
1.95527
1.95929
1.95715
1.80093
1.80578
1.8035
0.92395
0.927636
0.927292
0.94858
0.952059
0.951805
1.03062
1.03438
1.03399
1.30188
1.30666
1.30509
1.33047
1.334
1.33264
1.2144
1.21913
1.21771
1.03749
1.04181
1.04078
1.23664
1.23994
1.23875
1.12565
1.13019
1.12895
-0.768799
-0.753917
-0.757748
-0.774465
-0.757341
-0.760454
-0.746995
-0.73037
-0.733168
-0.701601
-0.684452
-0.685666
-0.663036
-0.645663
-0.644985
-0.73222
-0.714402
-0.715996
-0.787518
-0.769379
-0.771385
-0.692258
-0.674886
-0.67442
-0.761255
-0.743181
-0.745014
-0.779641
-0.758058
-0.792902
-0.776753
-0.777735
-0.63343
-0.63851
-0.496086
-0.601715
-0.585176
-0.659594
-0.642552
-0.697557
-0.731515
-0.69889
-0.621006
-0.604921
-0.605512
-0.66831
-0.645201
-0.405478
-0.388094
-0.558943
-0.544275
-0.546067
-0.473845
-0.496287
-0.474751
-0.494246
-0.47845
-0.477006
-0.643571
-0.626745
-0.625156
-0.524708
-0.508535
-0.507249
-0.586207
-0.572503
-0.571049
-0.672181
-0.656365
-0.654635
-0.564145
-0.549437
-0.547793
-0.542045
-0.534708
-0.533844
-0.534352
-0.524215
-0.523085
-0.504524
-0.494937
-0.493319
-0.413673
-0.403176
-0.399163
-0.371768
-0.359992
-0.355265
-0.449073
-0.437822
-0.434688
-0.521652
-0.508962
-0.507252
-0.41356
-0.400902
-0.396829
-0.485922
-0.473832
-0.47152
-0.455418
-0.439555
-0.437956
-0.542205
-0.525965
-0.523604
-0.420817
-0.405409
-0.403517
-0.170113
-0.158851
-0.159819
-0.27282
-0.259386
-0.258671
-0.314223
-0.300325
-0.299916
-0.499409
-0.483486
-0.48078
-0.339488
-0.324949
-0.322507
-0.378058
-0.362859
-0.360741
-0.151155
-0.139552
-0.136149
-0.315958
-0.302933
-0.298684
-0.197335
-0.184883
-0.181654
-0.0323836
-0.0223106
-0.0224641
-0.221074
-0.207957
-0.207022
-0.174361
-0.161926
-0.160693
-0.36764
-0.353588
-0.349754
-0.292154
-0.278131
-0.275434
-0.248505
-0.235156
-0.232217
-0.320915
-0.315444
-0.309248
-0.284454
-0.279028
-0.272303
-0.249985
-0.244585
-0.237425
-0.0857409
-0.0795922
-0.0730522
-0.021886
-0.0160696
-0.0103196
-0.130619
-0.124182
-0.117591
-0.215013
-0.207902
-0.201478
-0.0679813
-0.0611924
-0.0554938
-0.171627
-0.16493
-0.158376
-0.0985757
-0.0880472
-0.0845036
-0.170523
-0.16011
-0.155423
-0.0511073
-0.0413777
-0.0378233
0.231264
0.237773
0.238615
0.150841
0.158061
0.159933
0.0996359
0.107656
0.109623
-0.120011
-0.110645
-0.105939
0.0499089
0.0576125
0.0610136
0.000779219
0.00941018
0.0129507
0.255626
0.259612
0.262504
0.0819241
0.0875591
0.0918997
0.203884
0.208572
0.21161
0.385779
0.390019
0.390905
0.206878
0.212952
0.214802
0.25815
0.263387
0.265115
0.0299784
0.0366935
0.0410688
0.101807
0.108361
0.111653
0.152038
0.157662
0.160793
-0.150857
-0.146068
-0.141148
-0.0128818
-0.00865936
-0.00295459
0.0154726
0.0198843
0.0249158
0.243139
0.246009
0.249722
0.358971
0.360383
0.364314
0.209085
0.212386
0.216541
0.129739
0.133594
0.138673
0.312718
0.31471
0.318918
0.168167
0.171862
0.176473
0.308138
0.311029
0.313914
0.239974
0.243159
0.247136
0.361285
0.363321
0.366178
0.648979
0.650232
0.651353
0.579585
0.580713
0.582456
0.527603
0.528947
0.530709
0.29253
0.294922
0.298811
0.465448
0.466308
0.469081
0.413427
0.414695
0.417558
0.667369
0.665901
0.668709
0.496193
0.496431
0.499753
0.619772
0.618964
0.621742
0.80339
0.803241
0.804769
0.633606
0.634005
0.63589
0.685383
0.685446
0.687377
0.445747
0.446674
0.450087
0.51778
0.518002
0.520764
0.568458
0.568302
0.571035
-0.0326288
-0.0256893
-0.0254578
0.184052
0.186923
0.188581
0.194774
0.196877
0.198523
0.400707
0.398421
0.401438
0.575773
0.572037
0.574972
0.402239
0.400633
0.402995
0.381211
0.380636
0.382997
0.567684
0.564136
0.566935
0.391978
0.390758
0.393068
0.713618
0.71135
0.714207
0.625055
0.622868
0.625945
0.753876
0.750878
0.753748
1.03247
1.02979
1.032
0.94673
0.943271
0.945757
0.915628
0.912562
0.915037
0.660569
0.657548
0.660562
0.819777
0.815547
0.818404
0.790565
0.786859
0.789741
0.87142
0.866836
0.870045
0.731453
0.726998
0.729983
0.86919
0.864647
0.867425
1.11327
1.11005
1.11224
0.972437
0.968698
0.971186
0.990941
0.987171
0.989606
0.723477
0.719111
0.721921
0.843615
0.839005
0.841841
0.859591
0.854874
0.85766
-0.000830558
-0.00933144
-0.00292369
0.204564
0.196029
0.202173
0.187607
0.177389
0.184008
0.288962
0.277498
0.283832
0.481657
0.471354
0.47737
0.324127
0.312948
0.31935
0.371124
0.362065
0.367992
0.510075
0.500323
0.50625
0.34957
0.339279
0.345519
0.870357
0.865401
0.869196
0.724813
0.719197
0.723576
0.866182
0.861044
0.865111
1.13202
1.12904
1.13202
0.988074
0.983913
0.987594
0.998775
0.994814
0.998387
0.716401
0.710171
0.714842
0.845567
0.839682
0.844127
0.85786
0.85236
0.856644
0.743061
0.735963
0.740606
0.631397
0.622974
0.62825
0.776728
0.769655
0.77437
1.09239
1.08893
1.09215
0.971754
0.967291
0.971084
0.951688
0.946935
0.950798
0.660928
0.65288
0.658102
0.827597
0.821257
0.825839
0.805319
0.798537
0.803216
-0.32518
-0.337084
-0.330339
-0.114794
-0.126668
-0.120429
-0.176476
-0.188115
-0.181785
-0.16293
-0.171941
-0.167003
0.0550293
0.0461716
0.0510134
-0.0988762
-0.10853
-0.103262
0.0276185
0.0171115
0.0226314
0.120116
0.110937
0.115893
-0.0342196
-0.044245
-0.0389286
0.701653
0.69447
0.698998
0.504777
0.496418
0.501262
0.656968
0.649858
0.654218
0.924907
0.921048
0.924102
0.718258
0.713332
0.716652
0.767326
0.762267
0.765749
0.451979
0.443786
0.44843
0.553517
0.546706
0.550691
0.605946
0.598919
0.603102
0.314873
0.309071
0.312431
0.214701
0.207709
0.211679
0.375993
0.369837
0.373363
0.775198
0.771551
0.774263
0.663446
0.658619
0.661797
0.608848
0.604239
0.607255
0.27827
0.270972
0.275094
0.495831
0.489179
0.493005
0.438255
0.431866
0.435547
-0.808852
-0.8133
-0.810749
-0.639158
-0.643714
-0.640938
-0.694472
-0.698762
-0.696353
-0.643995
-0.646454
-0.64481
-0.460694
-0.463419
-0.461704
-0.598089
-0.60094
-0.599152
-0.488221
-0.491753
-0.489141
-0.402183
-0.405192
-0.403107
-0.542833
-0.545992
-0.543968
0.250306
0.244721
0.247884
0.0243125
0.018544
0.021636
0.187829
0.18262
0.185425
0.478485
0.475612
0.477358
0.244391
0.241778
0.243616
0.305935
0.302619
0.304565
-0.0418862
-0.0468689
-0.0441171
0.057627
0.0539783
0.0564128
0.121808
0.117069
0.119653
-0.185541
-0.186711
-0.185582
-0.28819
-0.289638
-0.288337
-0.131276
-0.132616
-0.131217
0.291082
0.290321
0.291931
0.179783
0.178001
0.179812
0.119105
0.118269
0.119649
-0.230267
-0.231963
-0.230367
-0.00901489
-0.0115095
-0.00949349
-0.070338
-0.0720168
-0.0704428
-1.023
-1.02276
-1.02403
-0.950325
-0.950341
-0.950655
-0.957294
-0.956938
-0.958036
-0.825172
-0.823212
-0.825051
-0.73374
-0.732509
-0.733447
-0.826677
-0.82545
-0.826851
-0.806185
-0.80551
-0.805642
-0.718265
-0.71726
-0.717625
-0.817224
-0.816339
-0.816996
-0.23973
-0.240621
-0.239551
-0.43147
-0.431917
-0.431222
-0.285988
-0.286517
-0.285712
0.0107446
0.0109865
0.0116559
-0.185565
-0.184755
-0.184521
-0.145943
-0.145348
-0.144907
-0.472435
-0.472498
-0.472081
-0.369192
-0.36909
-0.368813
-0.331778
-0.331966
-0.331422
-0.475531
-0.473469
-0.474236
-0.576272
-0.574201
-0.574877
-0.458897
-0.457137
-0.457645
-0.115301
-0.11425
-0.11402
-0.225037
-0.223867
-0.22376
-0.25642
-0.254961
-0.255063
-0.556456
-0.554846
-0.555281
-0.40609
-0.405449
-0.405318
-0.43339
-0.432224
-0.432415
-0.577807
-0.576916
-0.578075
-0.618686
-0.616415
-0.617369
-0.654952
-0.652593
-0.653995
-0.801383
-0.798851
-0.801431
-0.838659
-0.836089
-0.837648
-0.779688
-0.77765
-0.779252
-0.644414
-0.642195
-0.643205
-0.739584
-0.737379
-0.738416
-0.689143
-0.687317
-0.688314
-0.490124
-0.488086
-0.489323
-0.59106
-0.588291
-0.590236
-0.494636
-0.492367
-0.493978
-0.246528
-0.244484
-0.245255
-0.350825
-0.348365
-0.349901
-0.35161
-0.349292
-0.350639
-0.589194
-0.586117
-0.588177
-0.4915
-0.488623
-0.490551
-0.499453
-0.496801
-0.498622
-0.412103
-0.410589
-0.411323
-0.518598
-0.515835
-0.51708
-0.458502
-0.455483
-0.457172
-0.260704
-0.258953
-0.260069
-0.356511
-0.354061
-0.355606
-0.341718
-0.339342
-0.340873
-0.53228
-0.529165
-0.531021
-0.488539
-0.485531
-0.487402
-0.464644
-0.461649
-0.463568
0.0602809
0.0688178
0.0671252
0.155528
0.162348
0.160243
0.201688
0.20842
0.206255
0.410819
0.416277
0.414061
0.48743
0.493747
0.490247
0.362993
0.368657
0.365909
0.251649
0.258606
0.254805
0.429852
0.436247
0.432589
0.304201
0.310086
0.306874
0.110453
0.600703
0.338432
0.541695
0.42344
0.849896
0.556815
0.738862
0.76189
0.770483
0.767523
0.604657
0.59873
0.602847
0.713571
0.725541
0.563618
0.575418
0.518671
0.526782
0.52421
0.650799
0.657531
0.49441
0.498544
0.498578
0.573215
0.577146
0.576628
0.623428
0.627156
0.626737
0.841042
0.844373
0.843724
0.920131
0.923383
0.922319
0.790897
0.794362
0.793589
0.681767
0.685996
0.684813
0.862449
0.866112
0.864794
0.732482
0.736425
0.735424
1.15851
1.16589
1.16288
1.08554
1.09101
1.08898
1.03624
1.04347
1.04076
0.827289
0.833941
0.831067
0.751544
0.75773
0.754223
0.874902
0.881127
0.879016
0.986573
0.992304
0.989267
0.811224
0.816599
0.813175
0.937515
0.943739
0.940986
1.31672
1.32185
1.32005
1.145
1.15011
1.14759
1.19237
1.19784
1.19564
1.20156
1.20458
1.20324
1.0251
1.02869
1.02735
1.15283
1.15637
1.15432
1.04516
1.05028
1.0471
0.967524
0.971162
0.969645
1.09534
1.09922
1.09666
0.917696
0.918139
0.919182
0.989679
0.990521
0.991142
1.03758
1.03812
1.03891
1.25059
1.25104
1.25177
1.32682
1.32751
1.32794
1.20387
1.20464
1.20524
1.10491
1.1065
1.10666
1.27571
1.277
1.27717
1.15228
1.15364
1.15396
1.2581
1.26106
1.26002
1.18043
1.18344
1.18253
1.30646
1.30934
1.30838
1.58698
1.58916
1.58749
1.51192
1.51439
1.51355
1.46359
1.46613
1.46522
1.237
1.2397
1.23901
1.40969
1.41197
1.41136
1.36232
1.36487
1.36406
1.60746
1.60818
1.60834
1.43939
1.44063
1.44072
1.56215
1.56318
1.56321
1.73844
1.73977
1.73929
1.56748
1.56963
1.5689
1.61559
1.61737
1.6169
1.38766
1.3895
1.38934
1.46382
1.46562
1.46525
1.51041
1.51195
1.51175
1.23782
1.23562
1.23735
1.33165
1.32984
1.33133
1.35723
1.35547
1.35687
1.52273
1.52197
1.52269
1.62871
1.62766
1.62838
1.50468
1.50364
1.50454
1.4537
1.45252
1.4536
1.60367
1.6025
1.60333
1.48139
1.48029
1.48127
1.65618
1.65626
1.65665
1.57661
1.5765
1.57708
1.69915
1.69887
1.69935
1.97786
1.97739
1.97748
1.89123
1.89089
1.89115
1.85283
1.85275
1.85296
1.62046
1.61991
1.62059
1.78152
1.78074
1.78131
1.7437
1.743
1.7436
1.9045
1.90361
1.90392
1.75356
1.7528
1.75329
1.88122
1.88008
1.88056
2.09326
2.0927
2.09261
1.93174
1.93101
1.93134
1.96406
1.96352
1.96373
1.72505
1.72427
1.72485
1.81952
1.81833
1.81899
1.85105
1.84988
1.85045
1.24055
1.23858
1.24105
1.39312
1.39193
1.39384
1.38226
1.38102
1.383
1.50152
1.5009
1.50249
1.66031
1.66029
1.66147
1.51717
1.51669
1.51821
1.5381
1.53771
1.53905
1.67041
1.67046
1.67153
1.53022
1.52986
1.53128
1.92585
1.92523
1.9254
1.80828
1.8082
1.80825
1.94081
1.94059
1.94058
2.22378
2.22399
2.22321
2.09302
2.09382
2.09318
2.08406
2.08441
2.08394
1.81733
1.81763
1.81755
1.95862
1.95927
1.95896
1.95291
1.95302
1.95286
1.94589
1.94657
1.94718
1.80911
1.80978
1.81054
1.95335
1.95405
1.95458
2.24499
2.24653
2.24542
2.09914
2.10045
2.09968
2.09846
2.09999
2.09948
1.81557
1.81625
1.81688
1.96057
1.96147
1.96131
1.95822
1.9591
1.95929
0.955235
0.953124
0.95537
1.17104
1.16938
1.17147
1.12538
1.1238
1.12581
1.2077
1.2071
1.20867
1.42319
1.42288
1.42419
1.25632
1.25562
1.2572
1.34742
1.34664
1.3483
1.46994
1.46957
1.47094
1.305
1.3043
1.30589
1.9342
1.93472
1.93543
1.76729
1.76759
1.76859
1.91905
1.91942
1.92021
2.20899
2.20944
2.20959
2.0311
2.03182
2.03235
2.05336
2.05402
2.05454
1.74337
1.74362
1.74469
1.87308
1.87338
1.87427
1.89825
1.89851
1.89939
1.71976
1.72051
1.72112
1.59973
1.60025
1.60116
1.76363
1.7642
1.76484
2.1291
2.13005
2.12992
2.00237
2.00319
2.00359
1.96887
1.96994
1.97015
1.64342
1.64384
1.64482
1.841
1.84128
1.84216
1.80572
1.80608
1.8069
0.489666
0.48984
0.491224
0.727085
0.726334
0.727404
0.666405
0.666435
0.667694
0.739535
0.741223
0.74195
0.968402
0.969467
0.970035
0.798994
0.800143
0.801099
0.922169
0.922171
0.922946
1.03305
1.03365
1.03417
0.862725
0.863212
0.86394
1.66987
1.67075
1.67136
1.45311
1.45394
1.45477
1.61951
1.62048
1.62108
1.89914
1.90091
1.90086
1.68064
1.68268
1.68261
1.73608
1.73791
1.73797
1.39708
1.39787
1.39853
1.50763
1.50885
1.50911
1.56377
1.56473
1.56526
1.25871
1.26068
1.26069
1.15671
1.15848
1.15858
1.32106
1.32293
1.32298
1.72052
1.72295
1.72257
1.62016
1.62247
1.62227
1.55991
1.56246
1.56217
1.22021
1.22182
1.222
1.44602
1.44752
1.44764
1.38575
1.38746
1.38754
0.0703931
0.0717805
0.0720593
0.2658
0.266256
0.266818
0.218213
0.219269
0.219664
0.306935
0.308
0.308309
0.492015
0.493186
0.493542
0.352092
0.353045
0.353421
0.453186
0.454196
0.454599
0.54904
0.550384
0.550627
0.403396
0.404424
0.404811
1.19206
1.19436
1.19454
0.969044
0.972031
0.972196
1.12785
1.13057
1.13091
1.38157
1.38453
1.38426
1.16503
1.16866
1.16876
1.23136
1.23482
1.23501
0.904283
0.907631
0.90753
0.995705
0.999104
0.99905
1.05999
1.0631
1.06324
0.741002
0.743547
0.743428
0.664118
0.666415
0.666406
0.801043
0.80406
0.803905
1.16623
1.17005
1.1699
1.0955
1.09928
1.09923
1.02896
1.0329
1.0327
0.724581
0.727223
0.727017
0.928508
0.932009
0.931988
0.865817
0.869188
0.869099
0.0369706
0.0374331
0.0380749
0.125658
0.126246
0.127062
0.0428189
0.0438363
0.0444473
-0.133732
-0.132171
-0.132613
-0.0328746
-0.0309643
-0.0307747
-0.0451281
-0.0435989
-0.0435138
0.174172
0.175281
0.175857
0.105371
0.107271
0.107565
0.0832403
0.0848743
0.0852408
0.67731
0.679534
0.679586
0.497169
0.49897
0.499215
0.618861
0.620803
0.621005
0.803714
0.806819
0.806764
0.63326
0.635516
0.635623
0.695071
0.697664
0.697607
0.441036
0.442733
0.443021
0.501706
0.503047
0.503521
0.556734
0.558328
0.55871
0.29225
0.291197
0.292458
0.245956
0.245368
0.246434
0.32923
0.328591
0.329744
0.596857
0.598307
0.598684
0.565526
0.567076
0.567479
0.50808
0.509234
0.509797
0.300456
0.30103
0.301664
0.440917
0.441721
0.442395
0.391653
0.392152
0.392937
1.83528
1.8361
1.8352
1.90547
1.90688
1.90646
1.95488
1.95601
1.95552
2.14751
2.14793
2.14768
2.22677
2.22724
2.22642
2.0979
2.09876
2.09826
1.99146
1.99289
1.99207
2.16736
2.16819
2.16695
2.04045
2.0418
2.04109
2.19996
2.20027
2.19944
2.30226
2.30157
2.30159
2.33933
2.33875
2.33872
2.51072
2.51144
2.51065
2.63018
2.63245
2.63102
2.4788
2.47898
2.47841
2.39748
2.39706
2.39706
2.5838
2.58521
2.58436
2.43574
2.43557
2.43522
2.37128
2.37411
2.37218
2.52298
2.52513
2.52404
2.5272
2.53008
2.52878
2.64729
2.65163
2.64981
2.83131
2.83647
2.83289
2.6491
2.65373
2.65139
2.63424
2.63798
2.63578
2.82011
2.8248
2.82138
2.64083
2.64511
2.64273
2.2738
2.27589
2.27499
2.46957
2.47174
2.47118
2.43933
2.44153
2.44097
2.4938
2.49728
2.49592
2.71807
2.72147
2.71928
2.53532
2.53861
2.53737
2.59798
2.60109
2.60005
2.75107
2.75424
2.75225
2.5678
2.57096
2.56988
2.93527
2.83399
2.8406
2.83733
2.86655
2.873
2.86988
1.87197
1.87558
1.87474
2.09593
2.09959
2.09848
2.03154
2.03537
2.03422
2.02344
2.02817
2.02591
2.26304
2.26708
2.26476
2.09465
2.09931
2.09709
2.22666
2.23118
2.22907
2.33159
2.33559
2.33321
2.16106
2.16565
2.1635
2.69211
2.6991
2.69556
2.63836
2.64545
2.64187
2.37348
2.38056
2.37706
2.44305
2.45013
2.44659
1.30529
1.30992
1.30941
1.51971
1.5237
1.52266
1.44043
1.44446
1.4436
1.3871
1.39178
1.39011
1.60718
1.61078
1.60907
1.47272
1.47737
1.47555
1.63943
1.64397
1.6419
1.69506
1.69867
1.69685
1.55631
1.56092
1.55899
2.13753
2.14427
2.1411
2.05615
2.06279
2.0597
1.69873
1.70498
1.70239
1.78893
1.79526
1.79252
0.6809
0.682267
0.682611
0.844968
0.845897
0.84585
0.762004
0.763995
0.76406
0.695356
0.697458
0.697649
0.860626
0.8635
0.863529
0.780486
0.782897
0.783129
0.94816
0.950069
0.949664
0.945472
0.94907
0.948359
0.858747
0.861912
0.861504
1.41061
1.41611
1.41404
1.31415
1.31916
1.31735
0.903833
0.906098
0.905478
1.01155
1.01488
1.01384
-1.10328
-0.893763
-0.877476
-0.882518
-0.684225
-0.67209
-0.674257
-0.460131
-0.454263
-0.451722
-0.25789
-0.252308
-0.244637
-0.0978445
-0.0913937
-0.0891846
0.0026924
0.00651963
0.00785054
-0.068241
-0.0805225
-0.0734685
-0.514813
-0.524114
-0.519239
-0.93948
-0.941953
-0.940475
-1.00398
-1.00195
-1.00362
-0.620267
-0.617214
-0.618982
-0.155788
-0.170617
-0.159216
0.226337
0.233247
0.232494
0.659021
0.661727
0.662011
1.06698
1.06605
1.06761
1.27437
1.27279
1.27429
1.1671
1.16476
1.16736
0.789568
0.78763
0.789686
0.312461
0.313205
0.313812
-0.039591
-0.0372651
-0.0372605
-0.175385
-0.176275
-0.176049
1.14357
1.57185
1.57611
1.57485
1.98728
1.98743
1.98695
2.29719
2.29801
2.29687
2.36742
2.36976
2.36858
2.15331
2.15573
2.15506
1.671
1.67488
1.67407
1.076
1.08028
1.0799
0.447954
0.445875
0.447581
-1.38203
-0.945995
-0.929367
-0.93414
-0.252833
-0.242641
-0.24547
0.971812
1.52413
1.52847
1.52679
-0.51438
-0.517617
-0.516219
-0.739047
-0.725067
-0.727842
-0.320646
-0.310489
-0.311533
-0.498786
-0.492952
-0.490824
-0.277098
-0.266137
-0.267214
0.0621177
0.0712154
0.0714951
-0.27794
-0.271765
-0.26444
0.119783
0.127934
0.128477
0.4919
0.494746
0.495665
-0.117321
-0.111643
-0.108502
0.546926
0.549015
0.550048
0.909599
0.908004
0.910025
-0.00970037
-0.00479712
-0.00401605
0.95725
0.955152
0.957309
1.14218
1.13919
1.14134
-0.0375896
-0.0494535
-0.0422691
1.14449
1.14149
1.14395
1.04654
1.04256
1.04591
-0.449313
-0.459742
-0.454354
1.01175
1.00776
1.01106
0.665998
0.662488
0.665043
-0.897309
-0.900589
-0.898699
0.605276
0.601803
0.604236
0.177005
0.176742
0.177718
-1.01076
-1.00894
-1.01079
0.11905
0.11879
0.119559
-0.175137
-0.173413
-0.173578
-0.66393
-0.661681
-0.663071
-0.203245
-0.201099
-0.201423
-0.242133
-0.241089
-0.241932
0.166901
0.174493
0.173437
0.975221
0.98675
0.603482
0.606641
0.606843
1.06407
1.07075
1.43583
1.44011
1.43819
1.02374
1.02308
1.02456
1.49328
1.49713
1.49503
1.84651
1.84722
1.84686
1.27401
1.27188
1.27351
1.8975
1.89777
1.8976
2.16484
2.16438
2.16399
1.20236
1.19992
1.20255
2.19264
2.19224
2.19175
2.24463
2.24579
2.24547
0.852565
0.850516
0.852708
2.23869
2.23964
2.23952
2.05325
2.05457
2.0544
0.375202
0.376298
0.377031
2.00629
2.0078
2.00768
1.59249
1.59526
1.5948
0.000288402
0.00224691
0.00244327
1.52351
1.52636
1.5259
1.02338
1.02734
1.02732
-0.136154
-0.135696
-0.136006
0.949487
0.953251
0.953195
0.464634
0.46436
0.465296
1.94098
1.9419
1.94122
2.27217
2.27283
2.27179
2.3744
2.37722
2.37582
2.20102
2.20345
2.20265
1.74231
1.7463
1.74537
1.15506
1.15967
1.15931
0.546957
0.547241
0.548167
-0.983091
-0.903542
1.25883
-0.656917
-0.647332
-0.650989
-0.596631
-0.590022
-0.595892
-0.556653
-0.564364
-0.564636
-0.927112
-0.914194
-0.837908
-0.837852
1.0417
1.04765
0.894781
0.895686
-1.04673
-1.02954
-1.03586
-1.00295
-0.652471
-0.0666971
-0.072543
-0.069955
0.0495017
0.0482457
0.0497422
0.0612794
0.056429
0.0584454
1.29317
1.30013
1.29796
1.6316
-0.958414
-1.00352
-0.966892
-0.900317
-0.875507
-0.933987
-0.919454
-0.899949
-1.01132
-0.395893
-0.0212873
1.3798
1.376
1.37814
1.8611
1.8665
1.72851
1.9257
1.92838
1.79698
-0.963837
-0.948084
-0.921899
-0.675017
-0.679983
-0.419449
-0.447452
0.785688
1.25829
1.18213
-0.668822
-0.659121
-0.662764
-0.598697
-0.604549
-0.602226
-0.950134
-0.949111
-0.891338
-0.891741
-0.570733
-0.578449
-0.578807
-0.870395
-0.870084
-0.303253
-0.29985
-0.304771
-0.606435
-0.608332
-0.695846
-0.70022
0.526175
0.530635
1.09491
1.09578
1.09431
0.895931
0.897253
-1.12177
-1.10343
-1.13602
-1.02234
-0.805735
-0.790134
-0.79147
-0.821156
-0.805451
-0.809887
-0.742714
-0.725812
-0.72572
-0.596412
-0.587275
-0.587555
-0.599081
-0.582735
-0.581331
-0.492406
-0.478172
-0.475418
-0.371177
-0.366277
-0.361577
-0.288987
-0.27869
-0.273251
-0.160158
-0.151794
-0.146095
-0.185543
-0.181142
-0.174552
0.0757972
0.0800896
0.0856565
0.220547
0.223389
0.228153
-0.0597587
-0.0523079
-0.0517335
0.441752
0.441689
0.445143
0.53356
0.531089
0.534032
0.00886773
0.00515058
0.0100965
0.574274
0.569133
0.57343
0.550023
0.542114
0.547554
-0.210263
-0.222836
-0.215982
0.401502
0.391047
0.396847
0.242437
0.232654
0.23793
-0.699931
-0.705247
-0.701824
-0.0769735
-0.0848518
-0.0806065
-0.276916
-0.281383
-0.278401
-1.00695
-1.00773
-1.00758
-0.561455
-0.563399
-0.562075
-0.672469
-0.672611
-0.672238
-0.905036
-0.903414
-0.904767
-0.741809
-0.739433
-0.741414
-0.703492
-0.699657
-0.702136
0.144742
-0.0405219
-0.0318402
-0.0338408
0.311622
0.322626
0.3859
0.390923
0.390835
0.597648
0.603149
0.599779
0.754428
0.75856
0.756993
0.814545
0.81589
0.816536
1.02414
1.02672
1.02611
1.17588
1.178
1.17776
1.18476
1.18261
1.18443
1.42056
1.4203
1.4211
1.54119
1.54007
1.541
1.26585
1.26408
1.26642
1.66447
1.66376
1.66422
1.67988
1.68005
1.68054
1.05192
1.04966
1.05208
1.62921
1.62887
1.63023
1.54843
1.548
1.54945
0.613312
0.611981
0.613214
1.32276
1.32262
1.32389
1.15528
1.15545
1.15607
0.159267
0.160155
0.16062
0.842432
0.84453
0.845016
0.662632
0.664867
0.664974
-0.108082
-0.105674
-0.106013
0.388092
0.389132
0.389447
0.251277
0.252697
0.253098
-0.12295
-0.124338
-0.124199
-0.112251
-0.113275
-0.112623
-0.0697101
-0.0710452
-0.0704572
1.17957
1.18727
1.27401
1.33603
1.90041
1.9018
1.9014
1.72852
1.73133
1.72994
2.05523
2.05743
2.0558
2.12117
2.12136
2.12066
2.33663
2.33727
2.33646
2.49003
2.49084
2.48949
2.35416
2.35605
2.35444
2.70698
2.71016
2.70811
2.78907
2.79273
2.78984
2.32862
2.33047
2.32946
2.83287
2.83731
2.83456
2.80215
2.80533
2.80348
1.99438
1.99751
1.9969
2.63037
2.63413
2.63166
2.46202
2.46598
2.46352
1.45538
1.45976
1.459
2.11341
2.11739
2.11521
1.86816
1.87189
1.86992
0.847931
0.851173
0.850912
1.42381
1.42737
1.42588
1.14016
1.14307
1.14216
-1.21697
-0.964945
-0.950323
-0.954228
-0.927064
-0.91125
-0.914163
-0.937526
-0.922821
-0.926895
-0.81678
-0.296116
-0.285091
-0.101062
-0.101551
-0.223226
-0.210986
1.05946
1.47589
1.48034
1.47841
1.64702
1.65223
1.64995
1.60621
1.61074
1.60827
-0.651066
-0.645494
-0.648679
-0.634923
-0.642987
-0.642031
-0.644855
-0.636012
-0.641749
-0.663991
-0.656012
-0.662086
-0.643935
-0.637778
-0.642953
-0.608794
-0.598796
-0.604486
-0.592293
-0.589197
-0.589895
-0.71721
-0.713166
-0.716654
-0.666011
-0.660432
-0.663541
-0.64772
-0.655692
-0.654786
-0.658771
-0.649828
-0.655574
-0.67837
-0.670329
-0.676448
-0.623951
-0.613934
-0.619582
0.589425
0.586534
0.585911
0.837941
0.83984
0.837239
-0.831264
-0.81378
-0.818181
-0.660094
-0.642748
-0.641787
-0.752251
-0.734266
-0.733946
-0.855245
-0.835209
-0.559355
-0.542837
-0.757671
-0.741484
-0.739917
-0.411386
-0.414644
-0.630835
-0.613846
-0.612137
-0.720783
-0.705558
-0.703838
-0.585659
-0.577537
-0.577243
-0.345076
-0.334646
-0.329322
-0.468259
-0.455445
-0.451805
-0.591261
-0.574628
-0.572617
-0.142152
-0.130981
-0.131668
-0.467168
-0.452489
-0.44927
-0.278008
-0.266085
-0.261513
-0.0892772
-0.0784074
-0.0788622
-0.420562
-0.406768
-0.403095
-0.348185
-0.343527
-0.337766
0.0276148
0.0325534
0.0383128
-0.120479
-0.113219
-0.107398
-0.226447
-0.215428
-0.210689
0.278966
0.284643
0.285495
-0.0756232
-0.0670251
-0.0623972
0.135627
0.140152
0.144484
0.334211
0.338798
0.339771
-0.0233534
-0.015934
-0.0113616
-0.16486
-0.16073
-0.154806
0.405271
0.405722
0.409517
0.272454
0.274535
0.279177
0.188905
0.192526
0.196784
0.704664
0.705046
0.706431
0.349174
0.350854
0.354647
0.548863
0.548014
0.551374
0.758719
0.758473
0.760049
0.401988
0.403056
0.406744
-0.04037
-0.0331157
-0.0327638
0.578375
0.573843
0.577572
0.559777
0.556378
0.559327
0.594
0.592265
0.59556
1.0713
1.06798
1.07034
0.693467
0.68947
0.692509
0.736486
0.73154
0.735179
1.09857
1.09504
1.0974
0.715772
0.711271
0.714252
0.00986621
0.00346478
0.00929652
0.44803
0.437425
0.443436
0.536845
0.527751
0.533555
0.734969
0.72952
0.733712
1.12908
1.12579
1.12895
0.707447
0.700396
0.705385
0.599207
0.590558
0.595804
1.11478
1.1113
1.11455
0.689019
0.681307
0.686486
-0.267737
-0.280198
-0.273158
-0.00693158
-0.0153953
-0.0107463
0.184197
0.174562
0.179733
0.555817
0.547127
0.552242
0.88366
0.879727
0.882718
0.40077
0.392726
0.397237
0.155845
0.1492
0.152994
0.831587
0.827703
0.830585
0.341371
0.333563
0.337927
-0.760489
-0.76535
-0.762674
-0.507881
-0.510463
-0.508756
-0.339899
-0.343578
-0.340871
0.090599
0.0843077
0.087839
0.422536
0.419998
0.421646
-0.102278
-0.105788
-0.103351
-0.334568
-0.335888
-0.334716
0.357108
0.355588
0.35741
-0.167403
-0.169889
-0.167807
-1.01975
-1.02022
-1.02089
-0.73359
-0.73202
-0.73356
-0.695445
-0.694919
-0.694907
-0.384653
-0.385545
-0.384528
-0.0280218
-0.0276304
-0.0270844
-0.499843
-0.499517
-0.4993
-0.579893
-0.577893
-0.579068
-0.0726936
-0.0720393
-0.0716541
-0.530258
-0.52925
-0.529296
-0.54507
-0.544022
-0.544634
-0.860062
-0.858171
-0.85982
-0.680488
-0.67683
-0.678859
-0.587782
-0.585505
-0.587147
-0.248706
-0.246882
-0.247823
-0.568246
-0.565134
-0.567211
-0.45795
-0.45729
-0.457326
-0.262448
-0.260756
-0.261772
-0.558199
-0.554837
-0.556897
0.0135368
0.0225446
0.0206187
0.544063
0.550097
0.546258
0.381665
0.389137
0.385796
0.161795
0.393619
0.402429
0.648517
0.655984
0.65237
0.481162
0.489909
0.442267
0.446537
0.446633
0.973373
0.97616
0.975405
0.817949
0.821834
0.820341
1.2243
1.2304
1.22752
0.709306
0.715783
0.712192
0.864822
0.869263
0.866582
1.27501
1.28205
1.2796
1.0769
1.08012
1.07893
0.923231
0.927283
0.925323
0.872244
0.872655
0.873674
1.37775
1.37807
1.37867
1.23403
1.23547
1.23554
1.13416
1.1372
1.13618
1.64694
1.64861
1.64776
1.28878
1.29124
1.29073
1.48876
1.48958
1.48982
1.70206
1.70344
1.70291
1.34323
1.34529
1.34499
1.22016
1.21759
1.21952
1.65528
1.65407
1.65474
1.58198
1.58033
1.58137
1.5378
1.53799
1.53846
2.02627
2.02581
2.02577
1.66315
1.66203
1.66282
1.78066
1.77984
1.78026
2.06803
2.06736
2.06732
1.70019
1.69883
1.69963
1.26018
1.25809
1.26059
1.65279
1.65253
1.65383
1.68174
1.68157
1.68254
1.80001
1.79944
1.79971
2.24125
2.24182
2.24083
1.82554
1.82626
1.82614
1.80392
1.80442
1.80529
2.24983
2.25087
2.24972
1.8245
1.82523
1.82547
1.00849
1.00614
1.00854
1.3806
1.3803
1.3816
1.51464
1.51411
1.51557
1.78958
1.78988
1.79085
2.19283
2.19333
2.19343
1.71974
1.71997
1.72105
1.55881
1.55943
1.5603
2.16576
2.16643
2.16642
1.68496
1.6852
1.68627
0.554596
0.553893
0.555221
0.911718
0.913277
0.91407
1.09717
1.09748
1.09804
1.50787
1.50859
1.50946
1.84615
1.84813
1.84801
1.34479
1.34588
1.34619
1.09924
1.10147
1.10169
1.78515
1.78738
1.78713
1.28345
1.28483
1.28498
0.117013
0.118
0.118369
0.445327
0.446489
0.446827
0.607646
0.609331
0.609457
1.03419
1.03683
1.03733
1.31408
1.31733
1.31719
0.847598
0.851113
0.85094
0.612101
0.614171
0.614302
1.24019
1.24383
1.24372
0.785287
0.788472
0.788258
0.113802
0.113767
0.114679
-0.125819
-0.123855
-0.12418
0.208237
0.209491
0.210036
0.553378
0.555197
0.55548
0.737564
0.740335
0.740325
0.396179
0.397797
0.398138
0.221948
0.22076
0.221963
0.663397
0.665437
0.665645
0.343055
0.344069
0.344625
1.79031
1.79208
1.79076
2.29865
2.29914
2.29815
2.13565
2.13735
2.13556
1.98771
1.99108
2.14985
2.15242
2.15118
2.37582
2.37787
2.37643
2.21135
2.21357
2.21221
2.17152
2.17159
2.17089
2.67921
2.68201
2.6801
2.55729
2.55833
2.55733
2.43393
2.43605
2.43473
2.58689
2.58935
2.58811
2.76825
2.77343
2.77094
2.63989
2.64302
2.64127
2.37285
2.3751
2.37334
2.83869
2.84399
2.84049
2.82162
2.82591
2.82257
2.80952
2.81596
2.81252
2.8973
2.90543
2.901
2.94905
2.95857
2.9541
2.9217
2.93072
2.9261
2.3083
2.31031
2.30932
2.67945
2.68324
2.68071
2.78852
2.79195
2.78983
2.95384
2.96239
2.95855
2.92478
2.93164
2.92844
2.79549
2.80262
2.79906
2.90527
2.91208
2.90883
1.93659
1.94008
1.93931
2.19029
2.1945
2.1921
2.40352
2.40776
2.40518
2.75112
2.75838
2.75475
2.57973
2.5871
2.58339
2.29942
2.30659
2.3031
2.51702
2.52447
2.52075
1.38159
1.38626
1.38559
1.51624
1.51991
1.51827
1.78581
1.78967
1.78772
2.22329
2.23038
2.22701
1.96985
1.97658
1.97353
1.60382
1.61007
1.60756
1.88349
1.89009
1.88717
0.755582
0.755983
0.756241
0.768929
0.771588
0.77155
1.04385
1.04631
1.0456
1.51036
1.51632
1.51397
1.21404
1.21876
1.21713
0.807048
0.808614
0.808159
1.11341
1.11741
1.11612
-0.996338
-1.02007
0.952424
0.847555
-0.832051
-0.829243
-0.830596
-0.855604
-0.841771
-0.847912
-0.905191
-0.899023
-0.902029
-0.836179
-0.822023
-0.817805
-0.820646
-0.517978
-0.521264
-0.519703
-0.590754
-0.584756
-0.586677
-0.584113
-0.5763
-0.582075
-0.552147
-0.559639
-0.559445
-0.852949
-0.840241
-0.85043
-0.777179
-0.77702
-0.78212
-0.962838
-0.962773
-0.906753
-0.899936
-0.90709
1.07479
1.08031
1.07661
0.895938
0.90014
0.897546
0.751929
0.754819
0.648578
0.649877
0.968887
0.964247
0.964651
1.11672
1.11962
1.11686
-1.05825
-1.04286
-0.919684
-0.933195
-1.09435
-1.07204
-1.13977
-1.02994
-1.30085
-0.596164
-0.197886
-0.20166
-0.19982
-0.0306702
-0.034875
-0.033186
-0.152812
-0.156901
-0.154832
-0.0166055
-0.0174018
-0.0161853
0.0676887
0.0655325
0.0669745
0.0118135
0.0103334
0.0115158
0.0239856
0.0194931
0.0213452
-0.0338639
-0.0387069
-0.0360601
-0.0821764
-0.0865308
-0.0840261
1.25445
1.26086
1.42425
1.4287
1.35815
1.36609
1.41943
1.50402
1.36523
-1.0011
-0.986067
-0.98928
-1.01389
-0.991404
-0.967772
-0.951607
-0.955514
-0.882361
-0.924847
-0.887836
-0.839447
-0.848512
-0.981089
-0.965406
-0.968264
-1.062
-1.04357
-1.01303
-0.989836
-1.00464
-0.987028
-0.758428
-0.914386
-0.848796
-1.19456
-0.378602
-0.367689
-0.391658
-0.226044
-0.0573798
-0.297257
-0.290068
1.42127
1.42656
1.42404
1.50502
1.51309
1.54736
1.55262
1.55033
1.74138
1.73705
1.73872
1.81317
1.81548
1.67687
1.68175
1.68047
1.5703
1.57595
1.73628
1.74253
1.62741
1.63188
1.87823
1.72887
-0.902347
-0.899275
-0.583224
-0.588585
-0.587004
-0.977196
-0.977442
-0.885598
-0.884858
-0.887026
-0.957312
-0.951887
-0.957368
-0.967855
-0.92818
-0.927206
-0.968239
-0.949633
-0.931943
-0.913253
-0.924357
-0.788419
-0.930182
-0.779056
-0.776525
-0.783606
-0.85598
-0.861218
-0.547276
-0.544579
-0.549458
-0.412139
-0.421365
-0.421065
-0.54429
-0.542474
-0.547374
-0.744523
-0.200875
-0.198343
-0.203221
-0.068453
-0.0729522
-0.0739004
-0.130469
-0.136326
-0.136796
0.043475
0.0454833
0.0416887
-0.0303277
-0.0294809
-0.0327521
0.303768
0.301371
0.300372
0.154984
0.158851
0.155652
0.0786404
0.0825845
0.0789878
0.0644755
0.0625356
0.378283
1.34627
0.952017
0.852095
-0.81905
-0.822304
-0.820588
-0.92283
-0.531345
-0.534556
-0.532963
-0.895522
-0.881844
-0.887936
-0.871421
-0.868265
-0.869711
-0.945726
-0.939546
-0.942648
-0.876601
-0.862726
-1.01844
-1.01903
-0.997862
-0.992493
-0.998168
-0.926993
-0.926047
-0.928387
-0.826372
-0.964403
-0.894133
-0.969255
-0.968685
-1.01024
-0.99228
-0.998339
-0.998418
-0.972685
-0.95417
-0.965436
-0.771065
-0.568578
-0.575954
-0.575864
-0.562782
-0.560085
-0.565091
-0.428424
-0.437664
-0.437512
-0.352045
-0.348853
-0.353733
-0.808745
-0.806141
-0.813357
-0.881367
-0.886547
-0.567315
-0.565188
-0.570265
-0.497292
-0.49372
-0.500033
0.368254
0.0305934
0.0324879
0.0286868
-0.0449136
-0.0443366
-0.0475764
-0.145327
-0.151209
-0.151695
0.295187
0.292882
0.291783
0.143121
0.14694
0.143713
0.063209
0.0673846
0.0636401
0.0594694
0.0581014
0.956505
0.951853
0.952257
1.10571
1.10847
1.10576
1.07412
1.07986
1.07604
0.893036
0.897286
0.894682
1.18647
1.1898
1.18689
0.752906
0.755999
1.336
1.42446
-0.857618
-0.842983
-0.845742
-0.869338
-0.853143
-0.857979
-0.837789
-0.822074
-0.82524
-0.653441
-0.642356
-0.643862
-0.660585
-0.646384
-0.647767
-0.628102
-0.614973
-0.615707
-0.430707
-0.425274
-0.422123
-0.414594
-0.406311
-0.402963
-0.382919
-0.37513
-0.371008
-0.229833
-0.224559
-0.217039
-0.148644
-0.143165
-0.135824
-0.111892
-0.106639
-0.0995533
-0.0887125
-0.0817854
-0.0802311
0.100669
0.105076
0.108122
0.12018
0.124435
0.126976
0.00241508
0.00408314
0.006709
0.216736
0.21607
0.219088
0.214617
0.211923
0.216077
-0.110228
-0.122923
-0.115973
0.0998494
0.0872204
0.0941023
0.0530043
0.0402775
0.0469782
-0.574796
-0.58316
-0.578168
-0.374907
-0.384841
-0.38013
-0.439377
-0.448454
-0.443845
-0.964664
-0.966313
-0.965246
-0.842321
-0.844994
-0.843474
-0.875444
-0.877278
-0.876208
-0.977772
-0.976332
-0.977387
-0.952529
-0.94971
-0.951994
-0.932825
-0.929788
-0.931937
-0.0643038
-0.0524685
-0.14085
-0.131294
-0.13365
-0.0103704
-0.000857072
-0.00523969
0.27748
0.283861
0.283347
0.361285
0.36687
0.365413
0.409768
0.415004
0.413826
0.710258
0.7126
0.712942
0.785744
0.788344
0.788321
0.835175
0.837436
0.837526
1.11023
1.10879
1.11048
1.18306
1.18242
1.18369
1.22553
1.2245
1.22589
1.2753
1.27373
1.27555
1.40171
1.40055
1.40162
1.40624
1.40535
1.40646
1.13401
1.13172
1.13426
1.32008
1.31841
1.32059
1.29118
1.28956
1.29174
0.733524
0.731663
0.733281
0.965141
0.963653
0.965596
0.910283
0.908747
0.910379
0.261458
0.261602
0.262221
0.481371
0.482793
0.483396
0.426912
0.427876
0.428386
-0.0647479
-0.0622116
-0.0623668
0.0891781
0.0909385
0.0913526
0.0564548
0.058454
0.0587565
1.69215
1.69635
1.69441
1.62166
1.62513
1.62395
1.73967
1.74321
1.74189
2.03202
2.03222
2.03157
2.11434
2.11396
2.11431
2.16135
2.1608
2.16119
2.31817
2.31944
2.31809
2.44445
2.44463
2.44433
2.46745
2.46813
2.46765
2.35869
2.36069
2.35959
2.52674
2.52965
2.52896
2.51873
2.52127
2.52059
2.10394
2.10664
2.10601
2.31926
2.32192
2.32134
2.26894
2.27181
2.27114
1.60122
1.60516
1.60431
1.82415
1.82815
1.82699
1.7507
1.75474
1.75359
1.00094
1.00495
1.00455
1.19566
1.19968
1.19906
1.11381
1.11768
1.11717
-0.771412
-0.756117
-0.759492
-0.718562
-0.702826
-0.704796
-0.750745
-0.733886
-0.736364
-0.956569
-0.663831
-0.696252
-0.360072
-0.34742
-0.349789
-0.443307
-0.430665
-0.43014
-0.486074
-0.471992
-0.471836
-0.527951
-0.521516
-0.520009
-0.45694
-0.448589
-0.445708
-0.489098
-0.480323
-0.478041
-0.399874
-0.386553
-0.386235
-0.234646
-0.222863
-0.224048
-0.3641
-0.350169
-0.349874
-0.0726109
-0.0614478
-0.0597723
0.0122363
0.0219725
0.0220471
-0.123977
-0.112032
-0.110529
-0.303815
-0.297872
-0.290876
-0.182459
-0.176781
-0.169289
-0.219741
-0.214166
-0.206658
-0.0147044
-0.00449079
-0.00266526
0.171249
0.178615
0.179301
0.0384161
0.0476286
0.0495248
0.36602
0.369503
0.371164
0.440163
0.443446
0.444411
0.313408
0.317497
0.319244
-0.128414
-0.123261
-0.119256
0.0738029
0.0780678
0.0818282
0.0500182
0.0542774
0.0586915
0.42245
0.42495
0.426691
0.598591
0.600079
0.601195
0.47555
0.477329
0.479113
0.795595
0.79389
0.796262
0.861273
0.859981
0.861895
0.746599
0.745457
0.747721
-0.0151065
-0.00909759
-0.00867976
0.212803
0.213313
0.215459
0.210943
0.212103
0.213897
0.843404
0.841039
0.843534
0.9997
0.997144
0.999396
0.884823
0.881908
0.884466
1.01417
1.01044
1.01315
1.13378
1.1304
1.13263
1.00902
1.00513
1.00765
-0.013301
-0.0238785
-0.0169044
0.138385
0.125863
0.132931
0.169308
0.157529
0.164549
1.01468
1.01082
1.01395
1.14332
1.14019
1.14304
1.01142
1.00741
1.0109
0.899277
0.894038
0.897946
1.07349
1.06959
1.07294
0.930055
0.924844
0.928806
-0.388691
-0.400057
-0.393988
-0.306265
-0.316906
-0.311302
-0.241597
-0.252914
-0.246606
0.861017
0.855725
0.85954
0.974107
0.970117
0.973319
0.819594
0.814364
0.818027
0.495638
0.491438
0.49422
0.722223
0.718554
0.721199
0.553735
0.549239
0.552162
-0.860229
-0.864193
-0.861852
-0.794364
-0.797783
-0.79579
-0.749794
-0.75381
-0.751432
0.433871
0.429796
0.432429
0.546759
0.543452
0.545466
0.374404
0.37057
0.372791
0.00861647
0.00848565
0.00928933
0.233187
0.232897
0.23402
0.0629429
0.0626162
0.0636773
-1.02285
-1.02178
-1.02337
-0.955128
-0.953139
-0.955087
-0.960778
-0.959478
-0.961129
-0.0459976
-0.0460784
-0.0452406
0.0674041
0.0673835
0.0682443
-0.0931167
-0.0928662
-0.0921897
-0.302048
-0.299711
-0.300254
-0.146817
-0.14552
-0.145456
-0.28088
-0.278999
-0.279304
-0.649099
-0.646397
-0.649076
-0.750267
-0.746671
-0.749259
-0.731915
-0.729301
-0.7313
-0.32319
-0.320687
-0.321395
-0.221497
-0.219359
-0.21984
-0.334092
-0.331704
-0.332728
-0.305865
-0.30425
-0.305436
-0.269125
-0.267742
-0.268591
-0.341665
-0.339716
-0.34088
0.11699
0.125101
0.123746
0.30428
0.310411
0.308597
0.256102
0.262661
0.260543
0.972252
0.874227
0.882517
0.802823
0.812262
0.551655
0.555114
0.555289
0.732632
0.735516
0.73541
0.682177
0.685341
0.685132
1.11618
1.12746
0.926807
0.935335
0.932554
0.995809
0.991773
0.994802
1.38731
1.39185
1.39011
1.30616
1.30964
1.30719
1.25656
1.26146
1.25892
0.975108
0.974757
0.976124
1.14054
1.14015
1.14136
1.09359
1.09343
1.09455
1.36275
1.36597
1.36409
1.54183
1.54467
1.54262
1.4114
1.41421
1.41292
1.71748
1.71844
1.71832
1.80068
1.80164
1.80115
1.67181
1.673
1.67278
1.26203
1.2596
1.26136
1.39845
1.39672
1.398
1.38366
1.38163
1.38306
1.7679
1.76845
1.76847
1.94062
1.9407
1.94058
1.81075
1.81114
1.81119
2.02768
2.02752
2.02745
2.13754
2.13698
2.13673
2.00168
2.00135
2.00141
1.22559
1.22322
1.22584
1.3513
1.34958
1.35175
1.37076
1.3692
1.37132
2.05411
2.05391
2.05374
2.21152
2.21149
2.21083
2.07219
2.07225
2.07191
2.09482
2.09598
2.09616
2.24968
2.25117
2.25041
2.10058
2.10186
2.10179
0.905856
0.903664
0.905939
1.0269
1.0253
1.02734
1.07816
1.07647
1.07854
2.08669
2.08769
2.088
2.2279
2.22854
2.22858
2.07408
2.07489
2.0753
1.89038
1.89196
1.89196
2.09496
2.09614
2.09593
1.9329
1.93425
1.93424
0.431834
0.432633
0.433668
0.547788
0.54903
0.549804
0.607304
0.607851
0.609161
1.8427
1.84441
1.84444
1.95666
1.95838
1.9583
1.7934
1.7952
1.79525
1.43543
1.43824
1.438
1.65773
1.66039
1.65994
1.49852
1.5012
1.50098
0.0344497
0.0360998
0.0363655
0.135572
0.137087
0.137559
0.175653
0.176948
0.177403
1.36874
1.37159
1.37134
1.45578
1.45863
1.45821
1.30308
1.30635
1.30627
0.896951
0.900623
0.900142
1.0945
1.09847
1.09837
0.962321
0.966224
0.965867
-0.0659787
-0.0656094
-0.0654156
-0.152066
-0.151235
-0.151489
-0.0721258
-0.0712387
-0.0709991
0.828928
0.832299
0.831886
0.879417
0.882969
0.882871
0.765165
0.768212
0.767931
0.39155
0.391109
0.392231
0.520699
0.521002
0.52176
0.439113
0.439135
0.440087
1.89394
1.89469
1.89418
2.07582
2.0763
2.076
2.02656
2.02779
2.027
2.24383
2.24419
2.24331
2.42019
2.42012
2.41994
2.39005
2.38956
2.38955
2.3781
2.38124
2.37949
2.53432
2.53757
2.53674
2.53814
2.5415
2.54035
2.24177
2.24407
2.24325
2.36775
2.37036
2.36978
2.40909
2.41154
2.41096
1.80878
1.81267
1.81172
1.898
1.90211
1.9009
1.96734
1.97139
1.9702
1.23036
1.235
1.23455
1.28005
1.28422
1.28342
1.36117
1.36534
1.36448
0.616873
0.617463
0.618403
0.611762
0.612695
0.613337
0.68988
0.691232
0.691879
-0.87862
-0.864426
-0.864948
-0.783307
-0.76935
-0.769507
-0.848933
-0.834984
-0.835936
-0.846606
-0.830627
-0.835283
-0.79633
-0.779261
-0.782456
-0.819319
-0.802883
-0.805962
-0.771165
-0.755338
-0.754666
-0.811197
-0.793413
-0.795429
-0.831158
-0.815282
-0.816648
-0.625613
-0.615556
-0.616435
-0.56512
-0.554118
-0.553566
-0.596603
-0.58461
-0.584728
-0.668185
-0.651688
-0.652435
-0.565075
-0.549406
-0.547611
-0.633265
-0.617697
-0.617864
-0.559475
-0.545853
-0.544778
-0.527662
-0.512702
-0.510449
-0.596127
-0.581628
-0.581163
-0.401701
-0.39668
-0.39279
-0.318297
-0.312374
-0.306252
-0.351973
-0.34524
-0.340048
-0.37644
-0.366908
-0.362045
-0.247437
-0.237678
-0.23211
-0.33846
-0.32946
-0.324044
-0.257348
-0.249617
-0.243408
-0.204113
-0.195129
-0.189455
-0.298879
-0.290753
-0.284766
-0.209016
-0.204283
-0.197124
-0.0448169
-0.0403246
-0.034065
-0.0788302
-0.0740355
-0.0673033
-0.0428171
-0.0372316
-0.0307681
0.125036
0.128814
0.134141
0.00235155
0.00756233
0.0137541
0.0880005
0.0922874
0.0977586
0.172774
0.175975
0.181055
0.0452398
0.0499049
0.0557585
-0.0682708
-0.060929
-0.0599815
0.162159
0.165654
0.167492
0.146392
0.15036
0.152475
0.280232
0.282508
0.285823
0.475851
0.474978
0.478226
0.308321
0.309961
0.312935
0.359489
0.359658
0.362149
0.509237
0.507514
0.510596
0.339004
0.339908
0.342603
0.0103525
0.009292
0.0132677
0.210838
0.20415
0.209741
0.21737
0.212725
0.217626
0.402046
0.398428
0.402408
0.569316
0.563363
0.568074
0.398194
0.393333
0.397867
0.384128
0.376399
0.381929
0.56273
0.555787
0.560892
0.394897
0.388581
0.393654
-0.157672
-0.170391
-0.163474
-0.0547288
-0.0669086
-0.0606025
0.00155046
-0.0109003
-0.00443501
0.246892
0.235313
0.241517
0.352663
0.342394
0.347975
0.198084
0.18671
0.192663
0.0883728
0.077433
0.0831482
0.299102
0.289023
0.294447
0.145004
0.133804
0.139665
-0.641048
-0.648042
-0.643233
-0.572891
-0.578754
-0.574768
-0.508061
-0.515825
-0.510944
-0.22965
-0.238066
-0.233743
-0.141263
-0.14876
-0.14495
-0.292828
-0.30061
-0.296691
-0.424937
-0.429359
-0.426186
-0.209775
-0.216237
-0.212841
-0.360697
-0.367057
-0.363476
-0.993976
-0.994983
-0.994237
-0.929832
-0.930158
-0.929853
-0.909284
-0.910058
-0.909298
-0.68959
-0.6915
-0.690217
-0.602359
-0.603883
-0.602894
-0.7252
-0.726597
-0.72566
-0.783365
-0.783171
-0.782939
-0.642396
-0.643386
-0.642758
-0.760123
-0.760693
-0.760126
-0.95053
-0.948996
-0.950072
-0.874837
-0.872814
-0.873997
-0.912524
-0.909881
-0.911471
-0.822911
-0.820325
-0.822404
-0.734246
-0.731322
-0.733509
-0.80861
-0.805573
-0.807834
-0.765481
-0.762691
-0.764308
-0.725769
-0.722342
-0.724688
-0.794419
-0.790861
-0.793197
-0.00642483
0.000851397
0.155522
0.166826
0.0719224
0.0789279
-0.0835555
-0.0751614
-0.0770532
0.0963792
0.102919
0.100554
0.0511766
0.0583605
0.0547767
0.269625
0.273271
0.208886
0.19921
0.205392
0.128517
0.135441
0.132282
0.335215
0.34075
0.340532
0.515829
0.520107
0.519455
0.466584
0.471278
0.470407
0.467316
0.472653
0.470725
0.646549
0.651643
0.64892
0.515369
0.520706
0.518839
0.623026
0.627621
0.626199
0.705961
0.710385
0.708427
0.57339
0.57845
0.576741
0.764616
0.7663
0.766831
0.937494
0.938928
0.939307
0.888731
0.890425
0.890703
0.897575
0.90041
0.89999
1.07292
1.07546
1.07494
0.947159
0.949808
0.949497
1.05145
1.05357
1.0535
1.128
1.13023
1.12989
1.00241
1.00468
1.00453
1.15062
1.1487
1.1505
1.30093
1.29929
1.30078
1.266
1.26456
1.26604
1.29895
1.29892
1.29982
1.46333
1.46273
1.46359
1.34231
1.34196
1.34292
1.42065
1.41961
1.4207
1.50516
1.50414
1.50509
1.38436
1.38348
1.38458
1.27178
1.26996
1.2722
1.40135
1.40019
1.40199
1.40511
1.40411
1.40557
1.53612
1.53545
1.53608
1.67465
1.67427
1.67458
1.54354
1.54323
1.54374
1.54389
1.5436
1.54464
1.67975
1.67979
1.68001
1.54562
1.54537
1.54608
1.09368
1.09136
1.09387
1.21628
1.21462
1.21675
1.25449
1.2528
1.25498
1.4797
1.47894
1.48061
1.60816
1.60775
1.60918
1.45502
1.45424
1.45595
1.38865
1.38786
1.38956
1.57983
1.5794
1.58088
1.42311
1.4223
1.42403
0.67189
0.670268
0.671598
0.790665
0.789612
0.790667
0.849223
0.847906
0.849131
1.15323
1.15269
1.15425
1.27059
1.27043
1.27164
1.10036
1.09975
1.10114
0.98414
0.984002
0.984706
1.21244
1.21233
1.21322
1.04153
1.04107
1.042
0.207553
0.207835
0.208528
0.319035
0.319194
0.319899
0.370082
0.370487
0.371019
0.676948
0.679152
0.679451
0.782205
0.784701
0.784862
0.620044
0.622374
0.622662
0.508966
0.510223
0.510454
0.719299
0.721887
0.722103
0.561788
0.563608
0.563807
-0.0924483
-0.0898591
-0.0900498
-0.00231338
-0.000139248
3.90598e-05
0.0216423
0.0238325
0.0240488
0.259033
0.26041
0.260694
0.341758
0.342885
0.343197
0.218556
0.220372
0.220564
0.144518
0.146617
0.146753
0.291438
0.292697
0.29306
0.176151
0.178153
0.178317
1.78135
1.78461
1.78233
1.94675
1.94874
1.94749
1.82878
1.83194
1.83023
1.67861
1.68187
1.68065
1.84798
1.85024
1.84964
1.79824
1.80114
1.80036
2.00318
2.00515
2.0037
1.93487
1.93651
1.93556
1.88653
1.889
1.88754
2.08056
2.08062
2.08001
2.25561
2.25505
2.255
2.21296
2.2123
2.21248
2.20397
2.20383
2.20345
2.3869
2.38785
2.38695
2.25217
2.25171
2.25133
2.34946
2.34887
2.34918
2.44327
2.44419
2.44288
2.30518
2.3046
2.3047
2.34083
2.34235
2.34091
2.50784
2.50941
2.50855
2.49357
2.4945
2.4939
2.54679
2.54821
2.54711
2.73638
2.73963
2.73735
2.57135
2.57329
2.57192
2.61523
2.61847
2.61648
2.76915
2.77267
2.77002
2.5998
2.60229
2.60065
2.34755
2.34934
2.34831
2.49171
2.49384
2.49325
2.50963
2.51185
2.51121
2.64857
2.65263
2.65119
2.82578
2.8295
2.82727
2.64163
2.64528
2.64405
2.61779
2.62096
2.61994
2.82018
2.82356
2.82159
2.63517
2.6385
2.6374
2.05084
2.05373
2.05316
2.15712
2.16049
2.15956
2.21539
2.21847
2.21768
2.4502
2.45392
2.45235
2.5772
2.58102
2.57854
2.39887
2.40283
2.40109
2.28685
2.29124
2.28923
2.52361
2.52755
2.52507
2.34609
2.35028
2.34836
1.52848
1.53252
1.53166
1.59828
1.60234
1.60126
1.67511
1.67918
1.67805
1.95155
1.9563
1.95398
2.03286
2.03676
2.03465
1.87569
1.88043
1.87818
1.7196
1.7242
1.72207
1.95325
1.9571
1.95507
1.79932
1.804
1.80179
0.922618
0.926214
0.92588
0.947326
0.95073
0.950514
1.02929
1.03297
1.03263
1.30091
1.30556
1.30405
1.3294
1.33284
1.33152
1.21352
1.21812
1.21676
1.03678
1.04098
1.04
1.23569
1.23891
1.23776
1.12485
1.12929
1.1281
-0.800069
-0.783617
-0.787505
-0.809676
-0.791258
-0.794503
-0.779573
-0.761904
-0.764754
-0.725409
-0.707727
-0.708909
-0.691983
-0.674045
-0.673402
-0.75847
-0.74004
-0.741553
-0.818837
-0.799898
-0.80181
-0.723545
-0.705557
-0.705075
-0.789925
-0.771103
-0.77287
-0.818198
-0.796156
-0.828788
-0.812826
-0.813399
-0.667473
-0.672204
-0.516516
-0.624981
-0.607911
-0.685218
-0.668363
-0.729614
-0.763548
-0.730761
-0.649603
-0.633704
-0.634078
-0.699794
-0.675811
-0.422645
-0.405185
-0.576655
-0.562573
-0.563822
-0.487135
-0.50979
-0.488195
-0.516991
-0.501007
-0.499724
-0.663189
-0.645996
-0.644541
-0.548737
-0.532314
-0.531238
-0.613469
-0.599337
-0.5981
-0.695383
-0.679073
-0.677503
-0.59027
-0.575221
-0.573785
-0.556867
-0.549617
-0.548725
-0.552481
-0.542278
-0.541167
-0.520435
-0.51095
-0.509256
-0.424626
-0.414882
-0.410555
-0.386452
-0.375537
-0.370573
-0.460449
-0.449911
-0.446439
-0.535151
-0.52276
-0.520835
-0.42748
-0.415533
-0.411238
-0.498132
-0.48661
-0.483975
-0.47634
-0.460691
-0.45915
-0.552865
-0.536806
-0.534421
-0.439924
-0.424682
-0.42284
-0.185499
-0.174052
-0.175017
-0.277065
-0.263372
-0.262613
-0.317855
-0.304005
-0.303473
-0.508592
-0.493318
-0.490483
-0.357211
-0.342832
-0.340359
-0.397258
-0.38254
-0.380352
-0.16438
-0.152675
-0.149234
-0.326232
-0.313811
-0.309456
-0.213652
-0.201178
-0.197916
-0.0434926
-0.0332099
-0.0333661
-0.225785
-0.21252
-0.211486
-0.17979
-0.167176
-0.165876
-0.376015
-0.362782
-0.358767
-0.31015
-0.296397
-0.29361
-0.266063
-0.252933
-0.249889
-0.323281
-0.317904
-0.311476
-0.289149
-0.283979
-0.277048
-0.253078
-0.24768
-0.240361
-0.085149
-0.0792006
-0.0725136
-0.023242
-0.0176785
-0.0118078
-0.13169
-0.125454
-0.118728
-0.219716
-0.212928
-0.20635
-0.0712652
-0.0647388
-0.0589138
-0.174492
-0.167931
-0.161241
-0.109643
-0.0989773
-0.0954231
-0.177549
-0.167214
-0.162463
-0.0598028
-0.0498936
-0.0463655
0.227696
0.234135
0.23498
0.148595
0.155712
0.157602
0.0969657
0.104902
0.106888
-0.125715
-0.116361
-0.111616
0.0450551
0.0526924
0.056102
-0.00576628
0.00287087
0.00642672
0.255954
0.259694
0.262669
0.0817382
0.087141
0.09157
0.203263
0.207715
0.210816
0.384917
0.388961
0.389881
0.205438
0.211335
0.213198
0.257443
0.262441
0.264202
0.0284559
0.0349329
0.0393924
0.0982523
0.104651
0.107969
0.149767
0.155181
0.158362
-0.149209
-0.144577
-0.139566
-0.0103832
-0.00632882
-0.000525907
0.018104
0.0223301
0.0274591
0.247967
0.250571
0.254386
0.36414
0.365265
0.369316
0.213907
0.216955
0.221215
0.134147
0.137777
0.142975
0.317695
0.319419
0.323749
0.172837
0.176288
0.181019
0.310205
0.312821
0.315821
0.243271
0.246158
0.250297
0.363662
0.365481
0.368449
0.653185
0.653963
0.655246
0.584633
0.585131
0.587104
0.532431
0.533397
0.535297
0.296601
0.298763
0.302763
0.4705
0.470935
0.473864
0.417613
0.418674
0.421653
0.673747
0.671894
0.674846
0.503064
0.502952
0.506415
0.626098
0.624904
0.62783
0.80947
0.808653
0.810395
0.640263
0.640272
0.642321
0.692728
0.692211
0.694339
0.452105
0.452701
0.456251
0.523529
0.523426
0.526325
0.574673
0.574096
0.576987
-0.0328358
-0.0260242
-0.0257345
0.185649
0.188326
0.190054
0.196223
0.19814
0.199858
0.403662
0.401129
0.404276
0.579439
0.575456
0.578512
0.405252
0.403419
0.405892
0.384898
0.384067
0.386519
0.571702
0.567906
0.570804
0.39538
0.39393
0.396327
0.719952
0.717315
0.720306
0.631734
0.629181
0.632383
0.76009
0.756733
0.759732
1.03873
1.03571
1.03805
0.95349
0.949681
0.9523
0.922794
0.919339
0.921956
0.666977
0.663604
0.666737
0.82559
0.82104
0.824015
0.796597
0.792555
0.795557
0.876386
0.871538
0.874866
0.736452
0.731708
0.734826
0.874326
0.86952
0.872405
1.11924
1.11574
1.11804
0.978962
0.9749
0.977514
0.997146
0.993077
0.995627
0.7288
0.724161
0.727075
0.8492
0.844298
0.847242
0.864953
0.859954
0.86285
-0.000787723
-0.00947068
-0.00298202
0.205909
0.197171
0.2034
0.188956
0.178531
0.185236
0.291315
0.279671
0.28607
0.484719
0.474221
0.480305
0.326666
0.315284
0.321758
0.373925
0.364638
0.370657
0.513325
0.503355
0.509361
0.352265
0.341751
0.34807
0.875263
0.870048
0.873959
0.72954
0.723686
0.728162
0.871066
0.865676
0.869842
1.13752
1.13431
1.13738
0.993393
0.989007
0.992775
1.00429
1.00009
1.00376
0.720997
0.714528
0.719297
0.850216
0.844093
0.848623
0.862616
0.856877
0.861248
0.747124
0.739841
0.744549
0.635358
0.626734
0.632081
0.780935
0.773674
0.778453
1.09745
1.09378
1.09708
0.976968
0.972286
0.976163
0.956669
0.951707
0.95564
0.665065
0.656806
0.662098
0.832097
0.825538
0.830195
0.809672
0.802676
0.807427
-0.325955
-0.337939
-0.331145
-0.114363
-0.126384
-0.120027
-0.17602
-0.187809
-0.181364
-0.160989
-0.170128
-0.165146
0.0575196
0.048537
0.0534458
-0.0970211
-0.106792
-0.101462
0.0294193
0.0187896
0.0243636
0.122587
0.113287
0.118296
-0.0323747
-0.0425319
-0.0371627
0.7056
0.698252
0.702835
0.508316
0.499806
0.504699
0.66082
0.653552
0.65797
0.929454
0.925455
0.928561
0.722618
0.717551
0.720924
0.771765
0.766555
0.770094
0.455482
0.447146
0.451841
0.557312
0.550364
0.5544
0.609746
0.602584
0.606813
0.318787
0.312863
0.316288
0.218171
0.211051
0.215086
0.379825
0.373553
0.377133
0.779679
0.775906
0.77867
0.667842
0.662879
0.666111
0.613185
0.608458
0.611524
0.281684
0.274264
0.278434
0.49963
0.492851
0.496727
0.442036
0.435522
0.439254
-0.808718
-0.813254
-0.81064
-0.638059
-0.642722
-0.639962
-0.693266
-0.697679
-0.695196
-0.640831
-0.643352
-0.641674
-0.457278
-0.460104
-0.458349
-0.595222
-0.598182
-0.596325
-0.485729
-0.489321
-0.486707
-0.398866
-0.401978
-0.399856
-0.540175
-0.54344
-0.54139
0.254306
0.248608
0.251832
0.0280899
0.0222175
0.0253312
0.191939
0.186606
0.189442
0.483275
0.480304
0.482078
0.249174
0.246484
0.24838
0.310658
0.307239
0.309221
-0.0378772
-0.0429951
-0.0402006
0.0619903
0.0582442
0.0607722
0.125987
0.121159
0.123774
-0.18074
-0.18201
-0.180837
-0.283742
-0.28529
-0.283954
-0.126559
-0.127999
-0.126568
0.296144
0.295297
0.296958
0.184728
0.182863
0.184744
0.124204
0.123275
0.124701
-0.226005
-0.227785
-0.226139
-0.00439861
-0.00703814
-0.00494344
-0.065799
-0.0675623
-0.0659529
-1.02012
-1.01986
-1.0211
-0.94724
-0.947294
-0.947608
-0.953955
-0.953639
-0.954739
-0.820268
-0.818338
-0.820135
-0.728789
-0.727613
-0.72853
-0.821897
-0.820705
-0.822082
-0.801793
-0.80114
-0.801231
-0.713463
-0.712494
-0.71281
-0.812633
-0.811795
-0.812441
-0.234756
-0.235729
-0.234621
-0.426516
-0.427042
-0.426309
-0.280901
-0.281518
-0.28067
0.0162033
0.0163741
0.0170776
-0.179865
-0.179135
-0.178864
-0.140318
-0.139807
-0.139324
-0.46731
-0.467453
-0.466994
-0.363861
-0.363833
-0.363512
-0.326536
-0.326806
-0.326223
-0.469898
-0.467899
-0.468634
-0.570648
-0.568631
-0.569267
-0.453309
-0.451599
-0.452069
-0.109704
-0.108715
-0.108445
-0.219287
-0.218184
-0.218031
-0.250649
-0.249248
-0.24931
-0.55094
-0.549375
-0.549772
-0.400649
-0.400065
-0.399896
-0.427875
-0.426765
-0.426915
-0.573714
-0.572884
-0.573963
-0.614468
-0.612245
-0.613161
-0.650625
-0.648297
-0.649661
-0.797452
-0.794999
-0.797549
-0.834778
-0.832215
-0.833745
-0.775937
-0.7739
-0.77547
-0.63979
-0.637566
-0.638579
-0.734768
-0.732546
-0.73358
-0.684457
-0.682657
-0.683623
-0.484547
-0.482566
-0.483769
-0.585405
-0.582713
-0.584612
-0.489098
-0.486887
-0.488456
-0.241283
-0.239267
-0.239997
-0.345435
-0.343031
-0.344525
-0.346091
-0.34381
-0.345101
-0.583613
-0.580616
-0.582621
-0.486215
-0.483401
-0.485278
-0.494064
-0.49148
-0.493255
-0.40776
-0.406241
-0.406988
-0.513849
-0.511079
-0.512336
-0.453956
-0.450997
-0.452648
-0.256035
-0.254322
-0.255398
-0.351339
-0.348947
-0.350447
-0.336743
-0.334426
-0.335916
-0.527108
-0.524003
-0.525865
-0.483473
-0.480521
-0.482345
-0.459742
-0.456808
-0.458678
0.0598694
0.0684092
0.0667815
0.152323
0.159356
0.157232
0.198668
0.205685
0.203397
0.41358
0.419097
0.416947
0.493301
0.49933
0.495732
0.367044
0.372484
0.37003
0.256561
0.263472
0.259716
0.434743
0.441326
0.437674
0.308312
0.313989
0.311052
0.112024
0.613899
0.349058
0.551916
0.435885
0.860953
0.56283
0.751272
0.771509
0.780647
0.777522
0.612276
0.606024
0.610544
0.722709
0.735405
0.571931
0.584541
0.526726
0.534694
0.531953
0.660947
0.667925
0.49429
0.498258
0.498344
0.574355
0.578158
0.577707
0.624655
0.628281
0.627912
0.84248
0.845734
0.84515
0.925114
0.928257
0.927268
0.792428
0.795827
0.795119
0.683481
0.687607
0.686484
0.867333
0.870884
0.869639
0.733924
0.737776
0.736847
1.17204
1.17992
1.17683
1.09389
1.09931
1.09712
1.04486
1.05217
1.04943
0.837381
0.844377
0.841462
0.758034
0.763887
0.760301
0.885158
0.891286
0.888816
0.996203
1.00194
0.998785
0.817124
0.822285
0.818932
0.947579
0.953865
0.950771
1.33019
1.33546
1.33355
1.15249
1.15772
1.15497
1.19954
1.2049
1.20251
1.2103
1.21325
1.21199
1.02895
1.03253
1.03115
1.16199
1.16543
1.16361
1.05513
1.05997
1.05682
0.971379
0.975067
0.973533
1.10462
1.10834
1.10592
0.922445
0.922567
0.923736
0.994067
0.994664
0.995391
1.0426
1.04285
1.04375
1.25433
1.25466
1.25544
1.33213
1.33268
1.33315
1.20737
1.20796
1.20862
1.10769
1.10911
1.10934
1.28094
1.28206
1.28228
1.15555
1.15669
1.1571
1.26654
1.26945
1.26839
1.18333
1.18628
1.18541
1.31467
1.31746
1.31646
1.59943
1.6013
1.59985
1.51551
1.51795
1.51703
1.46744
1.47004
1.46907
1.2399
1.24255
1.24189
1.41736
1.41955
1.41898
1.37041
1.37284
1.37208
1.61373
1.61447
1.6146
1.4425
1.44367
1.44377
1.56909
1.57008
1.57011
1.74783
1.74909
1.74858
1.57083
1.57288
1.57216
1.61861
1.62034
1.61986
1.39065
1.39242
1.39228
1.47138
1.4731
1.47276
1.51728
1.51876
1.51857
1.24367
1.24122
1.24305
1.33783
1.33576
1.33735
1.3635
1.36145
1.36296
1.52831
1.52728
1.52809
1.63561
1.63423
1.63504
1.51033
1.50907
1.51005
1.45923
1.45775
1.45893
1.61028
1.60879
1.60972
1.48671
1.48534
1.48642
1.66256
1.6627
1.66305
1.58094
1.58073
1.58131
1.705
1.70473
1.70519
1.98748
1.98711
1.98711
1.89504
1.89475
1.89495
1.85683
1.85673
1.85692
1.62526
1.62443
1.62519
1.78741
1.78613
1.78686
1.74982
1.7488
1.7495
1.90968
1.90878
1.9091
1.75871
1.75768
1.75826
1.88658
1.88547
1.88594
2.10149
2.10102
2.10082
1.93574
1.93509
1.93537
1.96806
1.9676
1.96776
1.73024
1.72906
1.72975
1.82533
1.82387
1.8246
1.85585
1.85463
1.85524
1.24591
1.24374
1.24629
1.39869
1.39731
1.39929
1.38768
1.38625
1.3883
1.50654
1.50577
1.50741
1.66559
1.66543
1.66665
1.52233
1.52169
1.52327
1.54351
1.54292
1.54433
1.67583
1.67572
1.67685
1.53546
1.53493
1.53641
1.93128
1.93064
1.9308
1.81301
1.81279
1.81289
1.9462
1.94591
1.94591
2.23067
2.23084
2.23002
2.09768
2.09843
2.09776
2.08874
2.08908
2.08858
1.82222
1.82238
1.82235
1.96411
1.96466
1.96437
1.95845
1.95849
1.95834
1.9509
1.95148
1.95211
1.81381
1.81436
1.81516
1.95853
1.95913
1.95967
2.25082
2.25234
2.2512
2.10388
2.10513
2.10434
2.10306
2.10454
2.10399
1.82032
1.82088
1.82154
1.96607
1.96687
1.96672
1.96353
1.9643
1.96451
0.959978
0.957753
0.960046
1.17584
1.17407
1.1762
1.13013
1.12844
1.13049
1.21228
1.21159
1.21319
1.42773
1.42733
1.42867
1.26096
1.26015
1.26178
1.35214
1.35124
1.35295
1.47452
1.47405
1.47546
1.30964
1.30883
1.31046
1.93909
1.93952
1.94025
1.7717
1.77191
1.77293
1.92378
1.92406
1.92487
2.21355
2.214
2.21411
2.03495
2.03564
2.03616
2.05736
2.05797
2.05848
1.74776
1.74792
1.74902
1.87758
1.87781
1.87871
1.90289
1.90308
1.90397
1.7238
1.72451
1.72511
1.60386
1.60431
1.60525
1.7678
1.76833
1.76897
2.13307
2.13404
2.13388
2.00616
2.00695
2.00734
1.9725
1.97356
1.97375
1.64758
1.64793
1.64893
1.84539
1.84561
1.84651
1.80998
1.81029
1.81112
0.494819
0.494905
0.496338
0.732022
0.731175
0.732277
0.671424
0.671355
0.672644
0.744273
0.745898
0.746667
0.972816
0.97382
0.974389
0.80371
0.804774
0.805738
0.926789
0.926717
0.927514
1.03742
1.03797
1.03851
0.867403
0.867808
0.868552
1.67383
1.67469
1.67528
1.45699
1.45778
1.45862
1.62333
1.62428
1.62488
1.90228
1.90413
1.90404
1.68361
1.68569
1.6856
1.73914
1.741
1.74104
1.40097
1.40172
1.4024
1.51133
1.51254
1.5128
1.56753
1.56849
1.56901
1.26229
1.26427
1.26427
1.16051
1.16227
1.16238
1.32464
1.32652
1.32656
1.72342
1.72593
1.72551
1.62313
1.62547
1.62525
1.56277
1.56538
1.56504
1.22399
1.22559
1.22577
1.44968
1.45118
1.45129
1.38936
1.39106
1.39113
0.0758717
0.0772001
0.0775075
0.271057
0.27143
0.272026
0.223485
0.22446
0.224878
0.311618
0.312627
0.31294
0.496285
0.497459
0.497821
0.356657
0.357599
0.357988
0.457927
0.458917
0.459322
0.55336
0.55472
0.554958
0.408086
0.409092
0.409492
1.19562
1.19792
1.19808
0.972889
0.975853
0.976049
1.13145
1.13415
1.13448
1.38421
1.38723
1.38691
1.16773
1.1714
1.1715
1.23411
1.23762
1.23778
0.908095
0.911423
0.911356
0.999179
1.00259
1.00256
1.06351
1.06663
1.06679
0.744167
0.746769
0.746633
0.667716
0.670045
0.670016
0.804193
0.807288
0.807117
1.1687
1.17258
1.17242
1.09819
1.10202
1.10197
1.03159
1.03558
1.03538
0.728203
0.730886
0.730661
0.931893
0.935428
0.935392
0.869118
0.872536
0.872446
0.0402005
0.0406507
0.0412976
0.12877
0.129344
0.130166
0.046216
0.0472267
0.0478508
-0.129309
-0.127762
-0.128168
-0.028552
-0.0266512
-0.0264312
-0.0410038
-0.0394859
-0.0393696
0.177678
0.178734
0.179325
0.109253
0.111133
0.111426
0.0869305
0.0885485
0.0889156
0.680416
0.682696
0.682721
0.500596
0.50241
0.502655
0.621929
0.623918
0.624097
0.805672
0.808857
0.808786
0.635412
0.637732
0.637803
0.697322
0.69997
0.699883
0.444327
0.446036
0.446325
0.504588
0.505954
0.50642
0.559697
0.561327
0.561689
0.294465
0.293408
0.294667
0.248437
0.24786
0.248913
0.331472
0.330856
0.332005
0.59852
0.600046
0.6004
0.567524
0.569133
0.569507
0.510008
0.511217
0.511751
0.303253
0.30385
0.30448
0.443607
0.444433
0.445101
0.39425
0.394768
0.395547
1.83891
1.83972
1.83895
1.92188
1.92355
1.92288
1.97077
1.97217
1.97147
2.15847
2.15886
2.15841
2.24745
2.24811
2.24713
2.10767
2.10885
2.10829
2.0002
2.0022
2.00107
2.189
2.18971
2.18868
2.04983
2.05145
2.05062
2.03663
2.03813
2.03797
2.10761
2.10305
2.10468
2.32325
2.3256
2.32407
2.26304
2.26539
2.26386
2.20646
2.20678
2.20594
2.31409
2.31329
2.31338
2.35025
2.34963
2.34965
2.51966
2.5204
2.51951
2.64405
2.64627
2.64466
2.48783
2.48809
2.48743
2.407
2.40663
2.40647
2.59824
2.59965
2.59857
2.445
2.44487
2.44444
2.48359
2.48564
2.48431
2.53903
2.54133
2.53996
2.73141
2.73567
2.73362
2.68328
2.68667
2.68468
2.3762
2.37908
2.37715
2.53138
2.53343
2.53237
2.53456
2.53751
2.5362
2.6526
2.65727
2.6553
2.84013
2.84554
2.84176
2.65487
2.65985
2.65737
2.64183
2.64564
2.64336
2.82994
2.83474
2.83117
2.64701
2.65163
2.6491
2.84098
2.84776
2.84401
2.87534
2.88295
2.87869
2.94794
2.95756
2.95287
2.93387
2.94315
2.93855
2.27717
2.27935
2.27841
2.47425
2.47652
2.47592
2.44367
2.44598
2.44538
2.49706
2.50078
2.4993
2.7232
2.72685
2.72446
2.53894
2.54248
2.54113
2.60211
2.60549
2.60433
2.75668
2.76011
2.75791
2.57166
2.57508
2.57386
2.9483
2.95586
2.95244
2.94335
2.95046
2.94722
2.83989
2.84685
2.84341
2.87287
2.87972
2.87639
1.87418
1.87793
1.87703
2.0987
2.10251
2.10135
2.03418
2.03815
2.03696
2.02528
2.03022
2.02787
2.26567
2.26992
2.26745
2.09662
2.10148
2.09918
2.22894
2.23366
2.23147
2.33434
2.33858
2.33605
2.16317
2.16797
2.16574
2.69688
2.70418
2.7005
2.64254
2.64997
2.64625
2.37672
2.38403
2.38042
2.44649
2.45384
2.45019
1.30702
1.31176
1.31119
1.5217
1.52581
1.52472
1.44232
1.44644
1.44553
1.38813
1.39295
1.39122
1.60865
1.61237
1.61059
1.47391
1.47869
1.47681
1.64084
1.64555
1.64342
1.6966
1.70034
1.69845
1.55756
1.56232
1.56031
2.14002
2.14696
2.1437
2.05849
2.0653
2.06214
1.70018
1.7066
1.70393
1.79058
1.79708
1.79427
0.681391
0.682826
0.683143
0.845504
0.8465
0.84641
0.762429
0.764512
0.764544
0.696494
0.698663
0.698835
0.86175
0.864693
0.864686
0.781571
0.784038
0.784252
0.948802
0.950787
0.950334
0.946085
0.949792
0.949037
0.859303
0.862569
0.862117
1.41147
1.41712
1.41498
1.31491
1.32006
1.31819
0.904274
0.906615
0.905963
1.01202
1.01544
1.01436
)
;

boundaryField
{
    Inlet
    {
        type            zeroGradient;
    }
    Outlet
    {
        type            fixedValue;
        value           uniform 0;
    }
    Wall
    {
        type            zeroGradient;
    }
    procBoundary5to2
    {
        type            processor;
        value           nonuniform List<scalar> 
1398
(
-0.917995
-0.687012
-0.607556
-0.570073
-0.42243
-0.292872
-0.168353
-0.34934
-0.776273
-1.13025
-1.10184
-0.649942
-0.467826
-0.430189
-0.474424
-0.627018
-0.395618
-0.167657
0.0983294
-0.0728044
-0.215272
-0.713548
-1.10182
-1.28344
-0.769258
-0.0184135
-0.77778
-0.348608
-0.425846
-1.13627
-1.13627
-0.353272
-0.652223
-0.0187187
-0.41148
-0.947617
-0.247844
-0.900827
-0.678237
-1.14954
-0.43928
-0.964016
-0.481469
-0.425238
-0.706204
-0.439946
-0.257979
-0.957843
-1.02951
-0.61038
-0.488988
-0.530599
-0.583969
-0.608423
-0.437737
-0.425016
-0.399182
-0.203022
-0.327196
-0.173351
0.0642378
-0.177498
0.0970392
0.0200564
-0.313166
-0.0769846
-0.156737
-0.715451
-0.223391
-0.579759
-1.09305
-0.725933
-1.00532
-1.12611
-1.11806
-1.30635
-0.71318
-1.29723
-1.0354
-1.04097
-1.0023
-0.94788
-0.818623
-0.746102
-0.840524
-0.37861
-0.799162
-0.441412
-0.945381
-1.01775
-0.488271
-0.661888
-0.593115
-0.4314
-0.588924
-0.566165
-0.198843
-0.553327
-0.421004
0.0733119
-0.418896
-0.323811
0.0235509
-0.289432
-0.173198
-0.159287
-0.164071
-0.309099
-0.582175
-0.345239
-0.711638
-1.00825
-0.772707
-1.09164
-1.3113
-1.12936
-1.12774
-1.04428
-1.10395
-0.715795
-0.441173
-0.698055
-0.739688
-0.364462
-0.188837
-0.436931
-0.350997
-0.271887
-0.191723
-0.659859
-0.95421
-0.95421
-0.95421
-0.265524
-0.361186
-0.1838
-0.800765
-0.380786
-0.44269
-0.189721
-0.365244
-0.438177
-0.418541
-0.761001
-0.73806
-1.02683
-0.933736
-0.940385
-1.00721
-0.840527
-0.719602
-0.79551
-0.795385
-0.644607
-0.764127
-0.74256
-0.993463
-0.694766
-1.02072
-0.972885
-0.905962
-0.45478
-0.734967
-0.7776
-0.430962
-0.805002
-0.771532
-0.789312
-0.695433
-0.749798
-1.02951
-1.20034
-0.875982
-1.20691
-1.20696
-0.688625
-0.640039
-0.641949
-0.600566
-0.557282
-0.520092
-0.506835
-0.440779
-0.391377
-0.394941
-0.344173
-0.272278
-0.230851
-0.141427
-0.0959474
-0.206236
-0.264552
-0.376985
-0.494836
-0.570875
-0.660361
-0.927368
-1.01928
-1.14307
-1.16768
-1.41734
-1.44396
-0.967164
-1.33691
-1.19946
-0.556719
-0.72999
-0.642138
-0.533315
-0.407444
-0.393331
-0.404259
-0.794336
-0.660454
-0.272241
-0.183766
-0.113495
-0.33884
-1.10224
-1.11195
-0.731467
-0.55905
-0.644129
-0.183912
-0.270799
-0.113101
-1.01775
-1.18164
-1.25395
-0.960198
-1.23011
-1.19181
-0.862237
-1.16837
-0.891277
-0.702975
-0.942347
-1.15046
-0.352559
-0.977066
-1.27739
-1.24292
-0.545501
-0.422094
-0.404716
-0.732739
-0.935321
-1.00102
-0.412793
-0.819558
-0.701261
-1.0023
-0.94788
-0.94788
-0.94788
-0.45478
-0.45478
-0.45478
-0.7776
-0.7776
-0.7776
-0.633834
-0.591602
-0.609815
-0.600534
-0.45789
-0.511265
-0.480954
-0.332221
-0.38079
-0.386416
-0.156504
-0.266837
-0.200809
-0.166632
-0.118075
-0.219589
-0.531127
-0.466768
-0.549489
-0.882823
-0.758032
-0.982518
-1.34748
-1.25854
-1.17607
-1.40087
-1.45169
-0.863092
-0.916189
-1.10657
-1.08231
-1.25349
-1.21826
-1.04503
-0.86935
-0.845506
-1.12419
-1.15771
-0.500228
-0.477452
-0.550007
-0.441173
-0.441173
-0.441173
-0.698055
-0.739688
-0.739688
-0.739688
-0.965947
-0.999593
-0.933736
-0.933736
-0.933736
-0.933736
-0.668469
-0.618625
-0.621548
-0.555532
-0.612697
-0.597533
-0.531631
-0.578666
-0.505454
-0.443689
-0.579226
-0.493789
-0.426377
-0.497139
-0.379286
-0.322492
-0.472893
-0.369718
-0.334427
-0.39235
-0.262647
-0.146249
-0.38374
-0.257043
-0.131605
-0.226773
-0.0855186
-0.156175
-0.1966
-0.108005
-0.254436
-0.202157
-0.366617
-0.518861
-0.215533
-0.45627
-0.558508
-0.490703
-0.649241
-0.873431
-0.545375
-0.745985
-1.00954
-0.924541
-1.13526
-1.34065
-0.980047
-1.24945
-1.40898
-1.16811
-1.43911
-1.39897
-1.17695
-1.44646
-1.33455
-0.969676
-1.20124
-0.865951
-0.918786
-1.10778
-0.742976
-0.722816
-0.805343
-0.177193
-0.339899
-0.326593
-0.717345
-0.832512
-0.847122
-0.501988
-0.479181
-0.551542
-0.178942
-0.340472
-0.327642
-0.999593
-1.07048
-1.23548
-1.20125
-0.973728
-1.23083
-1.2652
-0.82655
-1.05662
-1.12103
-0.728772
-1.02906
-0.955755
-0.865946
-0.753246
-0.989256
-1.25169
-1.2852
-0.780534
-0.755847
-0.84184
-0.757003
-1.08415
-1.03145
-0.919245
-0.6673
-0.851945
-0.601575
-0.673286
-0.639333
-0.551311
-0.501764
-0.478522
-0.40964
-0.300453
-0.267921
-0.278631
-0.133424
-0.127199
-0.181107
-0.139007
-0.151309
-0.396044
-0.328705
-0.367751
-0.825671
-0.816354
-0.852196
-1.14407
-1.26923
-1.24588
-1.05852
-1.26381
-1.17662
-1.20034
-1.14019
-0.618051
-0.681897
-0.721558
-0.595089
-0.528223
-0.545654
-0.442882
-0.325105
-0.36175
-0.341321
-0.149
-0.160724
-0.174605
-0.130709
-0.120635
-0.274441
-0.285214
-0.254228
-0.662554
-0.720231
-0.676699
-1.06686
-1.18131
-1.18715
-1.15327
-1.24735
-1.32001
-0.796905
-0.790207
-0.900896
-1.12115
-1.18164
-1.18164
-0.876345
-0.64288
-0.827467
-0.633184
-0.599881
-0.667403
-0.630262
-0.580314
-0.600415
-0.514022
-0.574923
-0.526592
-0.489469
-0.536551
-0.471196
-0.325142
-0.437993
-0.360155
-0.299988
-0.406669
-0.268462
-0.14845
-0.338208
-0.160202
-0.13247
-0.274905
-0.125972
-0.127745
-0.170292
-0.117994
-0.135894
-0.176863
-0.147955
-0.281308
-0.270384
-0.250376
-0.324551
-0.391913
-0.363665
-0.716217
-0.658667
-0.672589
-0.812106
-0.822253
-0.848349
-1.17931
-1.06511
-1.18476
-1.26738
-1.14355
-1.24479
-1.24889
-1.15477
-1.32129
-1.26525
-1.06075
-1.17861
-0.79968
-0.792784
-0.903515
-0.655959
-0.779925
-0.843993
-0.601794
-0.60866
-0.623838
-0.533685
-0.431792
-0.454957
-0.407664
-0.215125
-0.242617
-0.243167
-0.11694
-0.115893
-0.184128
-0.181016
-0.165078
-0.443227
-0.470951
-0.426801
-0.884663
-0.978607
-0.9535
-1.1676
-1.27978
-1.32057
-1.01988
-1.06798
-1.16762
-0.621744
-0.776349
-0.725076
-0.598057
-0.59239
-0.57556
-0.453765
-0.408769
-0.388669
-0.370489
-0.195417
-0.177029
-0.195241
-0.112711
-0.118821
-0.249673
-0.201048
-0.223995
-0.60318
-0.544663
-0.590545
-1.01881
-1.08015
-1.09065
-1.16234
-1.33772
-1.28016
-0.852044
-1.04332
-0.9425
-0.63238
-0.751908
-0.804141
-0.604837
-0.73071
-0.684084
-0.580252
-0.577791
-0.591205
-0.576997
-0.566011
-0.552953
-0.521093
-0.428365
-0.448346
-0.447612
-0.405048
-0.387467
-0.404861
-0.215693
-0.242619
-0.367599
-0.195298
-0.177124
-0.239231
-0.115083
-0.114341
-0.19097
-0.11061
-0.116362
-0.179945
-0.17744
-0.16166
-0.245658
-0.197336
-0.220234
-0.439117
-0.466774
-0.422579
-0.599146
-0.540223
-0.586342
-0.881581
-0.975086
-0.949756
-1.01659
-1.07667
-1.08781
-1.16769
-1.27959
-1.32006
-1.16349
-1.33769
-1.28088
-1.02219
-1.07054
-1.16981
-0.854739
-1.04549
-0.945115
-0.783466
-0.638724
-0.897226
-0.532448
-0.775289
-0.654009
-0.309917
-0.409757
-0.319619
-0.0727618
-0.187109
-0.11161
0.129617
0.0248721
0.0433677
-0.160952
-0.157778
-0.258485
-0.314185
-0.315257
-0.407079
-0.793281
-0.82085
-0.93817
-1.20435
-1.21219
-1.30394
-1.2606
-1.28463
-1.29462
-0.760029
-0.708582
-0.749726
-0.715415
-0.752659
-0.744227
-0.416019
-0.873884
-0.774439
-0.418895
-0.916592
-0.827189
-0.837473
-0.643913
-0.951659
-0.859989
-0.443098
-0.87383
-0.761339
-0.546615
-0.663148
-0.456268
-0.530045
-0.580015
-0.410044
-0.315019
-0.319224
-0.210278
-0.269611
-0.280748
-0.188176
-0.0739507
-0.109335
-0.00556658
-0.0499487
-0.0865429
0.0251672
0.123962
0.0389963
-0.0727752
0.0973275
0.0115315
-0.165078
-0.161523
-0.264029
-0.273142
-0.132054
-0.250787
-0.329866
-0.313316
-0.411417
-0.686344
-0.457456
-0.55623
-0.834088
-0.791431
-0.940669
-1.13521
-0.910357
-1.04275
-1.22593
-1.20165
-1.30184
-1.36163
-1.28458
-1.32652
-1.29185
-1.25351
-1.28832
-1.05119
-1.12353
-1.0832
-0.438573
-0.806342
-0.834993
-0.527066
-0.454365
-0.576452
-0.264518
-0.211412
-0.281091
-0.0439745
-0.000580688
-0.0845113
0.0995344
-0.0680142
0.0145448
-0.126592
-0.267997
-0.237626
-0.445586
-0.685998
-0.542097
-0.894502
-1.13628
-1.0263
-1.26829
-1.36576
-1.31455
-1.05695
-1.11031
-1.07639
-0.105347
-0.13563
-0.263103
-0.105063
-0.137904
-0.262848
-0.86935
-0.89352
-0.865813
-0.999593
-0.826891
-0.989162
-1.00224
-0.892851
-0.874369
-0.880785
-0.677695
-0.667626
-0.670332
-0.474911
-0.47275
-0.470553
-0.336053
-0.33147
-0.324476
-0.277132
-0.273905
-0.27202
-0.209034
-0.201021
-0.201051
-0.221779
-0.233861
-0.225806
-0.652218
-0.662328
-0.656403
-1.07166
-1.07368
-1.0722
-1.1031
-1.10125
-1.10254
-0.655013
-0.65275
-0.654974
-0.472491
-0.465194
-0.467183
-0.656629
-0.654452
-0.656695
-1.15112
-1.1277
-0.877097
-0.859398
-0.865503
-0.485255
-0.478172
-0.480024
-0.99564
-0.981068
-0.98672
-0.334829
-0.337489
-0.339283
-0.974884
-0.987301
-0.855065
-0.83783
-0.843963
-0.673369
-0.663213
-0.666425
-0.650682
-0.641343
-0.644023
-0.489054
-0.486129
-0.484765
-0.465104
-0.462534
-0.460521
-0.335577
-0.330131
-0.324581
-0.334538
-0.329872
-0.322982
-0.28367
-0.28225
-0.279294
-0.275309
-0.272001
-0.270175
-0.224396
-0.215197
-0.215649
-0.205864
-0.197831
-0.197906
-0.197023
-0.207875
-0.200205
-0.219633
-0.231538
-0.223628
-0.580936
-0.592067
-0.586219
-0.649534
-0.659668
-0.653795
-1.0295
-1.03266
-1.03079
-1.07098
-1.07307
-1.07162
-1.12043
-1.1183
-1.12005
-1.105
-1.1032
-1.10448
-0.720838
-0.718026
-0.72013
-0.339821
-0.345304
-0.348242
-0.693463
-0.698844
-0.969585
-0.336621
-0.33934
-0.341159
-0.340001
-0.345623
-0.348578
-0.957266
-0.941384
-0.946576
-1.00661
-0.727294
-0.733178
-1.07038
-1.0485
-0.815949
-0.799125
-0.804683
-0.599717
-0.593364
-0.594343
-0.395958
-0.394093
-0.38986
-0.303663
-0.302733
-0.29548
-0.273918
-0.264813
-0.265463
-0.186757
-0.18699
-0.182702
-0.349294
-0.362487
-0.354908
-0.836094
-0.842559
-0.839216
-1.12685
-1.12778
-1.12843
-0.982229
-0.979285
-0.981781
-0.535201
-0.535561
-0.537301
-0.272992
-0.275624
-0.284425
-0.38874
-0.384815
-0.385263
-0.537269
-0.537665
-0.539432
-0.273038
-0.275555
-0.284414
-1.0554
-0.900835
-0.88294
-0.889219
-0.401449
-0.397814
-0.398156
-1.02836
-1.00862
-1.01624
-0.491461
-0.491585
-0.494176
-0.972088
-0.956683
-0.962564
-0.776567
-0.7624
-0.767519
-0.75295
-0.739807
-0.744552
-0.579095
-0.572826
-0.573805
-0.557602
-0.552462
-0.552894
-0.391288
-0.389122
-0.385103
-0.372171
-0.369648
-0.364918
-0.302726
-0.301759
-0.294599
-0.295437
-0.29577
-0.289516
-0.271336
-0.262157
-0.262858
-0.256793
-0.246244
-0.247396
-0.184246
-0.184369
-0.180158
-0.174959
-0.178154
-0.172825
-0.346734
-0.35978
-0.352197
-0.402772
-0.415511
-0.408523
-0.83379
-0.840149
-0.836886
-0.897305
-0.902958
-0.899886
-1.12729
-1.12821
-1.12882
-1.14171
-1.14157
-1.1429
-0.984745
-0.981723
-0.984282
-0.938823
-0.934526
-0.937653
-0.0875129
-0.0962836
-0.0979138
-0.750534
-0.750093
-0.748902
-0.492678
-0.492859
-0.495477
-0.0885609
-0.0973845
-0.0990352
-0.923307
-0.906007
-0.911525
-0.785065
-0.784946
-0.783568
-0.867392
-0.84909
-0.855357
-0.649418
-0.64059
-0.642676
-0.447039
-0.445166
-0.442334
-0.320764
-0.317319
-0.309407
-0.281743
-0.276672
-0.275699
-0.203365
-0.197198
-0.196277
-0.257113
-0.270035
-0.261938
-0.710507
-0.719588
-0.714231
-1.09194
-1.09359
-1.09266
-1.0674
-1.0654
-1.06689
-1.05319
-1.03113
-0.828103
-0.811796
-0.817644
-0.700944
-0.689776
-0.693552
-0.624472
-0.616064
-0.618116
-0.512737
-0.509323
-0.508557
-0.439346
-0.437032
-0.434415
-0.346135
-0.342199
-0.336484
-0.319802
-0.316289
-0.308496
-0.281736
-0.281351
-0.277331
-0.279702
-0.274536
-0.273623
-0.231987
-0.221761
-0.222638
-0.200223
-0.193983
-0.193157
-0.181222
-0.189962
-0.182954
-0.254823
-0.267571
-0.259591
-0.522045
-0.533912
-0.527951
-0.707927
-0.71698
-0.711559
-0.99631
-1.0004
-0.997989
-1.09162
-1.09325
-1.0923
-1.13786
-1.1356
-1.13774
-1.06954
-1.06754
-1.06904
-0.810878
-0.806956
-0.809203
-0.845754
-0.827976
-0.834014
-0.625073
-0.617505
-0.619034
-0.422559
-0.420915
-0.417297
-0.316384
-0.314147
-0.306336
-0.27214
-0.264737
-0.264725
-0.190464
-0.187128
-0.184546
-0.30041
-0.313588
-0.305642
-0.779098
-0.787056
-0.782749
-1.11954
-1.12089
-1.12075
-1.03373
-1.03127
-1.03321
-1.00918
-0.988582
-0.996467
-0.80499
-0.789696
-0.795242
-0.724967
-0.712896
-0.717145
-0.602616
-0.595251
-0.59678
-0.53514
-0.530946
-0.530765
-0.416036
-0.413968
-0.410567
-0.353583
-0.350242
-0.344983
-0.315621
-0.313287
-0.305582
-0.290782
-0.291154
-0.285898
-0.269823
-0.262333
-0.262372
-0.251795
-0.241184
-0.242266
-0.18759
-0.184137
-0.181665
-0.177594
-0.183815
-0.177508
-0.297917
-0.310961
-0.303116
-0.457855
-0.470312
-0.464031
-0.776678
-0.784546
-0.780224
-0.942731
-0.947806
-0.944987
-1.11963
-1.12099
-1.12083
-1.13735
-1.13628
-1.13804
-1.03599
-1.03353
-1.03549
-0.870264
-0.866257
-0.868711
-1.16608
-1.14297
-0.912222
-0.894353
-0.900477
-0.703078
-0.691687
-0.694941
-0.500854
-0.498245
-0.496723
-0.337205
-0.331899
-0.326184
-0.285207
-0.283879
-0.280855
-0.227497
-0.218342
-0.218747
-0.199013
-0.21006
-0.202238
-0.583536
-0.594724
-0.588695
-1.03058
-1.03368
-1.03177
-1.11884
-1.11666
-1.11842
-0.718705
-0.715827
-0.717916
-0.982804
-0.967805
-0.972782
-1.07033
-0.932781
-0.915525
-0.921701
-0.791792
-0.776103
-0.781205
-0.57598
-0.570883
-0.571269
-0.3764
-0.374088
-0.369134
-0.296448
-0.296831
-0.290493
-0.259524
-0.249059
-0.250153
-0.177297
-0.180614
-0.175211
-0.405413
-0.418264
-0.411347
-0.899361
-0.90511
-0.901972
-1.14102
-1.14083
-1.14214
-0.936269
-0.932026
-0.93515
-0.953212
-0.936848
-0.942238
-0.734119
-0.72119
-0.7251
-0.527091
-0.52391
-0.523028
-0.349351
-0.345365
-0.339525
-0.282997
-0.282721
-0.278616
-0.235028
-0.224857
-0.225686
-0.183269
-0.192203
-0.185048
-0.52477
-0.536681
-0.530639
-0.997684
-1.00172
-0.999285
-1.13649
-1.13422
-1.13635
-0.808594
-0.804663
-0.80689
-0.760348
-0.74598
-0.750464
-0.551535
-0.547475
-0.547232
-0.356618
-0.353447
-0.347958
-0.291936
-0.292374
-0.287039
-0.254667
-0.24413
-0.245158
-0.179756
-0.186113
-0.179726
-0.460621
-0.473172
-0.466935
-0.944497
-0.949603
-0.946764
-1.13637
-1.13527
-1.137
-0.867847
-0.863804
-0.866277
)
;
    }
    procBoundary5to8
    {
        type            processor;
        value           nonuniform List<scalar> 
1132
(
1.67888
1.75195
1.51823
1.66244
1.52306
0.526549
0.697979
0.309385
0.526549
0.526549
0.736402
0.371032
0.697979
0.697979
0.309385
0.309385
0.309385
0.309385
0.0538193
0.105524
0.173538
0.0650353
0.336614
0.357374
0.173538
0.286996
0.173538
1.58308
1.52112
1.37782
1.63104
1.52112
1.63104
1.52112
1.61476
1.61476
1.61476
1.64152
1.71635
1.71635
1.71635
1.64074
1.46063
1.73171
1.66111
1.64074
1.65183
1.49901
1.49863
1.79179
1.71433
1.9539
1.86989
1.86078
1.9539
1.86078
0.334722
0.360519
0.279987
0.17192
0.17192
0.17192
0.526578
0.695686
0.306667
0.526578
0.526578
0.735607
0.695686
0.695686
0.370736
0.306667
0.306667
0.306667
0.306667
0.053851
0.061758
0.105163
1.64665
1.52556
1.64665
1.52556
1.52556
1.52556
1.57894
1.37966
1.70825
1.88538
1.77459
1.92182
1.7189
1.51823
1.66244
1.64598
2.10016
1.96721
1.78816
1.70825
1.88538
1.88538
1.63653
1.70756
1.70756
1.70756
1.61828
1.61828
1.61828
1.46158
1.94039
2.01965
2.39902
2.29315
2.71688
2.65419
2.77855
2.79492
2.50002
2.59979
1.94906
2.10523
1.2563
1.43511
1.69502
1.89448
1.77162
1.77409
1.88483
1.76436
1.69432
1.77826
1.75445
1.5826
1.66597
1.77459
1.7189
1.71631
2.1165
2.20336
2.14618
1.94039
1.94039
2.01965
2.01965
2.30699
2.1165
2.1165
2.5411
2.36992
2.20336
2.20336
2.49009
2.5793
2.39902
2.39902
2.60626
2.78583
2.29315
2.29315
2.49009
2.49009
3.01973
2.85286
2.5793
2.5793
2.76204
2.78889
2.71688
2.71688
3.07546
3.18657
2.65419
2.65419
2.76204
2.76204
3.25241
3.21916
2.78889
2.78889
2.74023
2.68035
2.77855
2.77855
3.25744
3.21219
2.79492
2.79492
2.74023
2.74023
3.07209
3.19107
2.68035
2.68035
2.38309
2.25081
2.50002
2.50002
3.02718
2.84429
2.59979
2.59979
2.38309
2.38309
2.5447
2.77975
2.25081
2.25081
1.78383
1.61246
1.94906
1.94906
2.46486
2.18933
2.10523
2.10523
1.78383
1.78383
1.78984
2.09761
1.61246
1.61246
0.891693
1.0717
1.2563
1.2563
1.68833
1.35084
1.43511
1.43511
0.872119
0.891693
0.891693
1.0717
1.0717
1.2391
2.00852
1.9472
2.00703
2.16165
2.10436
2.37451
2.19053
2.21456
2.00852
2.38711
2.43395
2.27881
2.59185
2.48478
2.80093
2.57167
2.65245
2.71151
2.85273
2.64903
2.95561
2.7584
3.02184
2.78528
2.98752
2.71151
2.95561
2.7584
2.7584
3.02184
3.02184
2.78528
2.78528
2.98752
2.77529
2.79152
2.73741
2.67731
2.77529
2.77529
3.24193
2.94505
2.79152
2.79152
3.1989
2.73741
2.73741
3.06138
2.67731
2.67731
3.1785
2.49735
2.59718
2.38103
2.24844
2.49735
2.49735
3.01712
2.59718
2.59718
2.83595
2.38103
2.38103
2.53837
2.24844
2.24844
2.77198
1.94695
2.10328
1.78214
1.61046
1.94695
1.94695
2.45903
2.10328
2.10328
2.18477
1.78214
1.78214
1.78674
1.61046
1.61046
2.09347
1.25438
1.43323
0.890149
1.06968
1.25438
1.25438
1.68552
1.43323
1.43323
1.34893
0.871358
0.890149
0.890149
1.06968
1.06968
1.23747
0.874132
0.620544
0.942418
0.756163
0.701996
0.448637
0.198932
-0.346744
0.392611
0.525646
0.554204
0.188319
1.46329
1.27568
1.52484
1.42397
1.56066
1.503
1.503
1.40629
1.51911
1.41461
1.40629
1.56408
1.70147
1.54862
1.63709
1.46266
1.65183
1.57719
1.58374
1.74001
1.64634
1.70597
1.75811
1.72063
1.88183
1.93251
1.86496
1.78109
1.82518
1.79183
1.93251
1.82518
0.874029
0.94184
0.620084
0.755898
0.702286
0.44824
0.199031
0.393385
-0.347215
0.526089
0.554317
0.188191
1.5878
1.52096
1.52096
1.43139
1.42202
1.52606
1.42202
1.45324
1.5225
1.27767
1.78816
1.66244
2.02904
2.07917
2.05544
1.95251
2.02823
1.78816
1.55484
1.69831
1.53889
1.63309
1.57581
1.46398
2.13893
2.17929
2.19898
2.25016
2.26111
2.29656
2.46943
2.48645
2.53175
2.41649
2.36057
2.42206
2.63637
2.66207
2.57493
2.66696
2.72669
2.72945
2.84864
2.97147
2.90711
2.81947
2.75838
2.90741
2.9846
3.11411
2.9313
3.00104
3.04643
3.15937
3.0832
3.2521
3.10742
3.08799
3.05278
3.23351
3.10411
3.24526
3.09113
3.07598
3.07689
3.23709
2.97515
3.12052
2.9517
3.02574
3.03731
3.15397
2.85665
2.96819
2.89062
2.78558
2.74162
2.91297
2.52269
2.62967
2.46276
2.60943
2.66206
2.7025
2.3044
2.37309
2.37017
2.20703
2.13687
2.28696
1.85795
1.89792
1.78212
1.96191
2.03565
1.99453
1.60003
1.5755
1.67648
1.49333
1.41748
1.46894
1.05384
1.12536
0.996801
1.23515
1.11636
1.30935
1.96179
2.05123
1.97654
2.10205
2.06468
2.05637
2.23661
2.32495
2.1833
2.11521
2.26547
2.13408
2.27979
2.48382
2.34821
2.46219
2.54312
2.41545
2.6198
2.75783
2.58832
2.50835
2.70017
2.5446
2.65842
2.88764
2.68355
2.93035
2.71526
3.02061
3.00126
2.71526
3.03353
3.07198
3.0972
3.02061
3.07654
3.04027
3.00126
3.09506
3.08112
3.23052
2.93963
3.06728
3.0691
3.22306
2.96929
2.94638
3.10924
3.01923
3.03035
3.14207
2.85226
2.8858
2.9587
2.78159
2.73789
2.90409
2.51995
2.46025
2.6229
2.60635
2.65886
2.69522
2.30233
2.36793
2.36769
2.20513
2.13521
2.28203
1.85665
1.78114
1.8945
1.96064
2.03418
1.99072
1.59933
1.67543
1.57296
1.4924
1.41695
1.46678
1.05343
1.1247
0.995603
1.2347
1.11502
1.30856
1.96091
1.86811
1.96209
2.05761
2.28076
2.27415
2.39334
2.19172
2.59087
2.57995
2.64013
2.52575
2.67266
2.76662
2.75926
2.68344
2.42751
2.61516
2.52234
2.52067
1.91435
2.15496
2.0051
2.06261
1.26785
1.51689
1.34551
1.4367
0.561725
0.750979
0.629279
0.730178
0.560856
0.756829
0.731713
0.627561
1.95284
1.87345
1.95773
2.04731
2.01004
2.18933
2.11296
2.10403
2.28538
2.27267
2.19189
2.37811
2.3687
2.48621
2.45365
2.42319
2.59252
2.57243
2.52833
2.6393
2.64164
2.73789
2.67235
2.70498
2.67363
2.75813
2.68318
2.7514
2.64307
2.67563
2.59103
2.72552
2.42779
2.60587
2.51904
2.5158
2.31997
2.28481
2.19668
2.40834
1.91507
2.1475
2.06097
2.00077
1.76095
1.68458
1.60143
1.84307
1.26924
1.51348
1.43611
1.34679
0.990115
0.923311
1.09302
1.15187
2.00302
2.19878
2.11273
2.1039
2.36809
2.49635
2.43591
2.45096
2.64428
2.74558
2.71173
2.67102
2.64808
2.68384
2.73928
2.59098
2.32594
2.29063
2.42181
2.19653
1.76617
1.68856
1.8548
1.60049
0.985662
0.922476
1.0964
1.15457
0.152528
0.500374
0.0580552
0.150738
0.509391
0.0573063
0.762295
0.758766
0.760218
0.467735
0.458863
0.462203
0.198012
0.187076
0.191788
2.0432
1.97841
2.0432
0.762171
0.758594
0.760075
0.467855
0.458929
0.462289
0.198113
0.187135
0.191869
2.36077
2.36265
2.36133
2.19731
2.19919
2.19802
1.97841
2.07757
2.02387
2.02473
1.97841
2.13568
2.13795
2.13687
2.75441
2.75936
2.75709
2.62518
2.62813
2.62659
2.41904
2.42098
2.41978
2.57198
2.57422
2.57308
2.9403
2.94931
2.94501
2.91043
2.91918
2.91469
2.79591
2.80216
2.79888
2.88519
2.89317
2.88883
2.94505
2.95323
2.94952
3.1339
3.13921
2.94203
3.13727
2.93897
2.99895
3.0041
3.00208
3.11285
3.1181
3.11612
2.95204
2.95737
2.95524
2.77164
2.7772
2.77489
2.47523
2.48071
2.47843
2.70532
2.71101
2.70864
2.39435
2.39983
2.39757
2.12659
2.13157
2.12956
1.7397
1.74373
1.74226
2.03481
2.03971
2.03772
1.64012
1.64384
1.64252
1.3251
1.32703
1.32653
0.890231
0.888533
0.88938
1.21817
1.21932
1.2191
0.672306
0.668047
0.669689
0.506284
0.498972
0.501684
-0.195323
-0.203498
-0.197441
0.283563
0.272477
0.275958
1.27568
1.28074
1.42397
1.42977
1.42587
1.46094
1.45938
1.34584
1.34495
1.57325
1.46094
1.51911
1.99218
0.672148
0.667882
0.669537
0.50633
0.498966
0.501691
-0.195269
-0.20349
-0.197433
0.28373
0.27262
0.276113
1.52606
1.4573
1.45567
1.33561
1.33471
1.27767
1.28324
1.43071
1.42659
1.56948
1.4573
2.30872
2.31083
2.30942
2.24846
2.25057
2.24919
2.02387
2.02473
2.02485
2.09405
2.08935
2.09117
2.71696
2.72105
2.71912
2.66897
2.67223
2.67041
2.4685
2.47041
2.46918
2.52407
2.5262
2.52495
2.93867
2.94778
2.94327
2.92346
2.93238
2.92793
2.82769
2.83441
2.83065
2.86247
2.86997
2.86574
2.93963
2.93963
2.94684
2.9436
2.94203
3.15344
2.94203
2.93897
3.04469
3.04988
3.04784
3.07946
3.08458
3.08262
2.89531
2.90066
2.89849
2.83795
2.84349
2.84119
2.55681
2.56245
2.56009
2.63088
2.63647
2.63413
2.30659
2.31184
2.30967
2.21981
2.22502
2.22287
1.8411
1.84555
1.84386
1.93711
1.94172
1.93992
1.53548
1.53866
1.53762
1.43249
1.43512
1.43425
0.995848
0.995102
0.995618
1.1094
1.10975
1.10989
2.06831
2.06831
2.0998
2.10354
2.2868
2.28755
2.2874
2.5258
2.52753
2.52617
2.34676
2.34861
2.34765
2.58852
2.59061
2.58917
2.75476
2.75766
2.75611
2.95325
2.95975
2.95647
2.81152
2.81521
2.81324
3.00097
3.00817
3.00481
3.10676
3.11522
3.11121
3.17174
3.17993
3.17672
3.1364
3.14521
3.14118
3.17782
3.18525
3.18248
3.1441
3.14984
3.14778
3.00629
3.01185
3.00971
3.12231
3.12797
3.12586
2.95861
2.96441
2.96209
2.77647
2.78248
2.78001
2.47862
2.48444
2.48205
2.7096
2.71575
2.71321
2.3973
2.40313
2.40076
2.12891
2.13413
2.13205
1.74119
1.74539
1.74387
2.03685
2.04197
2.03992
1.64144
1.64531
1.64394
1.32587
1.3279
1.32738
0.890386
0.88876
0.889583
1.21871
1.21991
1.21964
2.01548
1.34584
1.45966
1.42397
1.33561
1.45012
1.27767
1.43071
1.51704
2.16995
2.16995
2.1704
2.22759
2.22759
2.2313
2.46965
2.47126
2.46989
2.40449
2.40615
2.40507
2.64199
2.64429
2.64298
2.70373
2.70643
2.70506
2.91104
2.91677
2.91371
2.85887
2.86329
2.8609
3.0382
3.04582
3.04218
3.0786
3.08686
3.08274
3.16832
3.1772
3.17336
3.15232
3.16128
3.15721
3.17151
3.17808
3.17578
3.16448
3.17063
3.16843
3.05276
3.05834
3.0562
3.08814
3.09365
3.0916
2.90106
2.90693
2.90456
2.84311
2.84917
2.84669
2.56039
2.56642
2.56393
2.63497
2.64094
2.63847
2.3094
2.31495
2.31268
2.22228
2.22778
2.22555
1.84277
1.84742
1.84567
1.93895
1.94378
1.94191
1.5366
1.53991
1.53884
1.43342
1.43616
1.43527
0.996301
0.995598
0.996102
1.10984
1.11028
1.1104
)
;
    }
}


// ************************************************************************* //
