/*--------------------------------*- C++ -*----------------------------------*\
| =========                 |                                                 |
| \\      /  F ield         | OpenFOAM: The Open Source CFD Toolbox           |
|  \\    /   O peration     | Version:  2312                                  |
|   \\  /    A nd           | Website:  www.openfoam.com                      |
|    \\/     M anipulation  |                                                 |
\*---------------------------------------------------------------------------*/
FoamFile
{
    version     2.0;
    format      ascii;
    arch        "LSB;label=32;scalar=64";
    class       volScalarField;
    location    "0.79995";
    object      p;
}
// * * * * * * * * * * * * * * * * * * * * * * * * * * * * * * * * * * * * * //

dimensions      [0 2 -2 0 0 0 0];

internalField   nonuniform List<scalar> 
64961
(
12.1714
11.808
12.0265
12.0733
12.2451
11.5822
11.5937
11.453
11.3752
11.4568
11.6796
11.5186
11.3175
11.3545
11.3202
11.1108
10.6142
9.78621
8.81982
8.24087
8.24953
7.61702
11.1591
11.1455
11.0312
10.7194
10.0363
8.6576
6.08985
3.84074
3.22127
2.97069
2.94333
2.94085
-0.258454
11.1165
10.9939
10.7396
10.2758
9.46945
8.50331
-1.14221
-0.770225
-0.309185
0.0376578
0.0957362
-0.152585
-2.21407
-2.78537
-1.16358
-0.709032
-0.437325
-0.264155
-0.122441
-0.0403455
11.0074
10.8775
10.6651
10.6788
-1.01716
-0.80675
-0.442995
-0.111906
0.071132
0.130433
0.159382
0.186319
0.117051
0.0847342
0.0986559
0.100988
0.0590828
10.9238
10.913
11.097
0.0361429
0.454229
0.82859
1.14757
1.40732
1.57047
1.56313
1.36953
1.03617
0.620547
0.100452
12.09
11.9667
11.9841
11.996
12.0154
11.8278
11.9005
11.8867
11.8315
11.6576
11.3385
11.5515
11.3827
11.4751
11.4572
11.2695
10.8769
10.2827
9.68098
9.21658
8.55817
7.49557
11.1722
11.1841
11.0652
10.7111
9.92691
8.28586
4.90535
3.63978
3.52487
3.61571
3.53138
2.83378
2.64992
11.0703
10.9463
10.6801
10.1523
9.2219
7.16521
-0.308623
-0.288937
-0.480735
-0.183303
0.118006
-0.393802
-2.27598
-2.02126
-0.539472
-0.707687
-0.12633
-0.0758044
0.0287435
0.0725672
10.8946
10.7611
10.54
10.1103
-0.860025
-0.674852
-0.464614
-0.243495
-0.0397013
-0.010984
0.0292392
0.171369
0.13981
0.251356
0.107596
0.239148
0.182557
10.7253
10.6833
10.433
-0.0635923
0.174952
0.361378
0.830886
1.12403
1.28824
1.28367
1.09369
0.794391
0.502108
0.307795
12.1799
12.0962
12.1766
12.1088
6.59594
7.67935
8.25893
5.85539
6.98536
-1.14991
-2.30373
-1.86898
-3.00214
-0.0616074
-0.0185189
0.086204
-0.0377358
-0.040329
0.0229151
-0.04854
0.0728915
-0.0162315
0.163064
-0.0217952
-0.0417538
0.110964
-0.0381295
0.181041
-0.020128
0.292954
-0.298856
-0.0338764
0.303583
-0.455635
12.0928
12.1674
12.1049
12.1643
11.9987
12.0481
12.103
12.0135
12.0211
12.1699
12.0487
12.0874
12.0391
12.0581
12.1596
12.1006
12.2248
12.0825
12.2573
11.8847
11.5925
11.8677
11.9257
11.6054
11.6561
11.98
11.9423
11.9543
11.8031
12.0074
11.6551
11.5789
12.098
11.8006
11.6378
12.2284
12.4529
11.7033
11.8813
11.6037
11.4735
11.9038
11.8592
11.3592
11.9055
11.419
11.3695
11.6875
11.5098
11.5597
11.5557
11.3956
11.4021
9.34704
8.48017
11.4788
8.94262
8.57942
8.52204
8.83814
11.2239
11.1667
11.2594
11.1948
11.1945
11.1598
11.4513
11.1972
11.1703
11.3191
11.3488
11.1552
11.0979
6.85153
4.71122
4.06684
7.62347
-0.0225037
3.63763
3.83566
3.83935
2.60937
3.89442
3.28881
2.19094
4.146
11.0626
11.0968
11.1631
11.1224
5.88564
7.00317
8.67294
6.64925
7.68862
3.69625
-0.690963
6.13886
4.05505
-1.2364
-0.147149
-1.98579
-0.284158
0.161078
-1.41731
-1.87153
-2.9617
-1.14412
-2.28997
-2.13904
-1.62838
-2.19166
-1.54248
-1.31354
-0.393103
-1.3561
-0.831945
-0.313441
-0.210018
-0.754705
-0.491101
-0.199789
-0.0816233
-0.460977
-0.305525
-0.0769048
0.00503887
-0.282523
-0.159298
0.0140683
0.0705054
-0.142605
-0.0735832
0.0856288
-0.0378626
-0.0613909
-0.0185345
8.4445
10.0836
9.47123
8.54904
10.2932
8.50836
-0.467809
-1.15459
-0.351451
-0.735619
-1.14711
-0.783192
-1.16963
-0.0163232
0.165313
-0.0239442
-0.0403889
-0.0417689
0.0227504
-0.0492603
10.3529
10.3852
10.6697
10.4408
10.3676
9.77611
10.6489
10.5729
-0.737309
-1.02976
-0.901041
-0.609595
-0.344423
-0.814962
-0.498115
-0.0628601
-0.01904
0.299377
-0.288844
0.0590832
-0.0425206
0.112298
-0.038172
10.8129
10.9218
10.9785
11.1018
-0.236734
-0.0226333
0.0998138
0.039242
0.415762
-0.445358
0.101595
-0.0338101
12.0576
11.9965
12.1822
12.0578
12.0925
12.1061
12.0134
12.0196
11.5956
11.8755
12.4934
11.7187
11.9185
12.0194
12.123
11.8076
11.664
11.9422
11.9011
11.6403
11.5526
11.3654
11.4094
11.5593
11.3931
11.3996
11.6735
11.5017
11.5487
8.84483
8.63118
11.1563
11.2242
11.1842
11.1481
11.2599
11.1917
11.3509
11.1441
11.0878
11.3789
11.4445
11.1936
11.1635
0.00157442
3.74192
3.88438
7.53649
7.00428
4.72516
4.1128
3.94698
3.32203
3.8902
2.71018
4.18081
2.28313
11.1561
11.1221
11.0599
11.0955
3.99852
-1.22608
4.86878
3.64257
-0.710328
0.160115
-1.42375
2.7738
-0.136284
-1.98467
8.54147
10.3064
9.21363
8.43281
10.0802
7.14481
-1.15418
-0.486695
-0.769495
-1.15426
-0.322761
-0.363797
-0.742563
10.4598
10.3554
10.5385
10.3516
10.3836
10.5863
10.1091
9.77237
-0.88899
-0.865416
-0.74101
-0.49251
-0.0653866
-0.685802
-0.617455
-0.351809
10.9729
10.6834
10.814
10.4326
-0.0238467
-0.241667
0.409231
-0.0708442
0.0947156
12.2759
12.0889
12.1326
12.1449
12.1522
12.1423
12.1061
12.2394
12.0922
12.0401
12.0591
11.6086
11.6582
11.8578
11.9119
12.0159
11.6559
11.5781
11.9667
11.9808
11.9355
11.9439
12.0573
11.5672
11.5456
11.9849
11.986
11.9536
11.9032
12.222
11.5489
11.6789
11.9979
12.0133
11.9251
11.8373
12.3626
12.1805
12.2557
12.5133
12.4181
12.5227
12.4006
12.4189
12.4559
12.8673
12.6528
11.9477
11.4352
11.4666
11.5009
11.6735
11.5337
11.5945
11.3976
11.2708
11.8173
11.8822
11.5469
11.4984
11.4732
11.2434
10.8848
11.8891
11.8733
11.4653
11.2929
11.3832
10.8033
10.1925
11.8734
11.7938
11.2171
10.938
11.424
10.0948
9.39358
11.824
11.6954
10.8267
10.5266
11.6548
9.30157
8.93281
11.6529
11.4466
10.4201
10.1116
11.6884
8.91167
8.96756
11.3593
11.001
10.0131
9.58522
8.94852
8.57439
11.6819
9.38461
8.55158
11.2891
11.233
11.1918
11.2337
11.3974
11.2504
11.1439
11.3324
11.0657
10.8448
11.4672
11.4621
11.1381
10.9643
11.1541
10.7913
10.2768
11.4431
11.3162
10.8767
10.4479
10.7025
10.1675
9.118
11.2493
10.9697
10.22
9.3146
9.90254
8.89915
7.09226
10.8521
10.3899
8.89533
7.43269
8.94137
6.72591
5.00256
10.2463
9.78954
6.7716
5.59714
8.27743
4.85408
4.20362
9.65494
9.31131
5.39506
5.12989
8.25684
4.12446
3.72455
9.19591
8.75382
5.12274
5.07258
7.74959
3.68664
3.67876
8.5687
7.79483
5.05896
4.86074
7.35664
6.37723
6.31542
7.00653
8.07282
7.72505
7.21441
6.65627
7.93162
5.96541
5.96917
11.1494
11.1161
11.0156
11.1699
11.1818
11.0826
11.0145
11.0564
10.9923
10.7942
11.1796
11.0982
10.9897
10.8067
10.7798
10.7526
10.362
11.0561
10.8199
10.7404
10.365
10.1542
10.2792
9.52119
10.6999
10.1625
10.1935
9.4475
8.89276
9.3799
8.03
9.91151
8.70025
9.11289
7.58343
6.30479
7.93543
7.83578
8.24209
6.51852
7.53793
7.15121
5.09669
1.56115
5.53629
1.30576
1.34808
2.18758
4.11478
3.26706
-1.16653
-0.644082
3.5903
3.47423
-0.644474
-0.972582
2.99922
-0.575323
-0.116861
3.47131
3.53822
-0.899214
-0.342328
2.89365
-0.0588874
0.233717
3.56916
3.5933
-0.365269
0.199882
2.98498
0.239638
0.293752
3.52386
3.08073
0.342343
0.613494
1.6645
0.324706
0.223548
2.85337
1.74418
0.596685
0.170067
-9.06026
2.1401
1.43098
1.22614
3.41908
2.13185
1.02668
-2.20364
-1.55503
-2.17319
-1.60741
-1.36663
-0.841272
-1.31492
-0.401447
-0.76333
-0.496209
-0.312288
-0.208417
-0.465715
-0.309003
-0.199212
-0.079854
-0.285762
-0.161123
-0.0749365
0.00683915
-0.14422
-0.0738208
0.0151234
0.0715138
11.118
11.026
11.0848
10.9525
11.0185
11.0151
10.8972
11.0681
10.9826
10.9359
10.8331
10.7826
10.8689
10.6556
10.9515
10.7472
10.7859
10.5901
10.3553
10.6117
10.2183
10.6845
10.3067
10.5103
10.2032
9.63172
10.1344
9.67345
10.1465
9.49331
10.0671
9.58064
9.0763
9.32901
9.09103
8.94861
9.24529
8.99212
9.2711
8.79306
7.33493
6.66805
-0.986175
-1.10026
-1.09567
-1.24705
-0.971432
-1.05248
-1.23894
-0.373965
-1.08284
-0.871663
-0.298315
-0.754089
-0.852695
-0.760683
0.0124886
-0.819596
-0.490477
-0.488031
-0.34202
-0.775592
-0.49952
0.0997884
-0.443073
-0.164103
-0.217661
0.109242
-0.772451
-0.398589
-0.0776855
-0.134454
-0.0198183
0.0915512
-0.159847
-0.334751
-0.118462
-1.86059
-0.012764
-0.0129914
-0.399503
-1.4544
-0.127729
-0.161175
-2.8941
-0.043297
-0.121991
-2.29265
-2.37178
-0.217557
-0.148618
-1.20495
-0.10409
-0.0872728
-2.0434
-1.31733
-0.128562
-0.106777
-0.789816
-0.0738254
-0.107187
-0.603046
-0.425681
-0.131773
0.0459864
-0.465798
-0.0941582
-0.0791275
-0.726599
-0.167619
0.0930551
-0.154782
-0.286306
-0.0627178
-0.0154719
-0.126127
-0.103896
-0.302931
0.306991
-0.139701
-0.00490613
0.0247428
-0.0749619
0.00342774
0.184415
0.0636144
-0.0529547
0.0291507
0.0315246
0.0290179
0.0766448
0.0892734
0.108465
0.106185
-0.0466093
-0.0594534
-0.0400168
-0.049702
0.0887556
-0.0497402
11.0195
10.8921
10.9151
10.7527
10.9059
10.8918
10.8001
10.8903
10.7983
10.7422
10.6794
10.6944
10.7804
10.4471
10.7574
10.5979
10.6502
10.5679
10.6159
10.5417
10.3205
10.4266
10.5396
10.4584
10.4961
10.3331
9.84631
8.30767
10.0652
10.1255
10.3073
10.4652
-0.974108
-1.11747
-1.08505
-0.692058
-0.673533
-0.510705
-0.756815
-0.900414
-0.817217
-0.764888
-0.147116
0.0143529
0.360331
-0.491309
-0.287506
-0.256648
-0.0540646
0.0550458
0.410549
0.720086
-0.245251
-0.0789941
-0.0452915
0.0819121
0.142698
0.765104
1.03007
-0.0465328
0.0285546
0.369195
0.632378
0.141031
1.06469
1.28649
-0.0187854
0.0234273
0.688192
0.924239
0.179632
1.30992
1.44762
0.0320817
0.136544
0.929672
1.05552
0.115175
1.45205
1.43991
0.168354
0.186299
1.03244
1.03463
0.0774777
1.42242
1.26259
0.134461
0.242055
0.986942
0.859467
0.0927712
1.22713
0.969491
0.248282
-0.0832838
0.796897
0.612637
0.101729
0.924024
0.614743
0.0774241
0.290001
0.561146
0.341357
0.0728308
0.562419
0.192304
0.243233
0.12972
0.366857
0.156403
0.226956
0.0300366
0.0913836
-0.0467783
0.0154182
0.218785
-0.05501
10.9161
10.7269
10.9431
10.7278
10.6984
10.9628
10.6926
10.7429
11.3982
10.5369
10.5459
0.193764
0.00797379
0.068044
0.782336
0.174057
0.461351
1.11032
0.375546
0.738237
1.38195
0.832863
1.08687
1.56221
1.11773
1.28833
1.57838
1.28626
1.31451
1.40711
1.28189
1.1581
1.08769
1.0944
0.860011
0.681256
0.796468
0.53568
0.192743
0.504851
0.197633
-0.0766834
0.122175
0.250996
12.0606
12.055
12.0684
12.0596
12.0928
12.1003
12.0877
12.0901
12.0757
12.1078
12.0901
11.9657
11.9731
11.9539
11.9727
11.961
11.951
11.9211
11.985
11.9593
11.9029
12.0189
12.0554
11.5693
11.5441
12.0101
11.9173
11.8316
12.0708
12.2097
11.5543
11.6747
12.0284
12.1032
11.9809
11.8299
11.7083
11.6309
11.7616
11.5609
11.8948
11.5609
11.5128
11.5783
11.5877
11.4027
11.2761
11.8886
11.4832
11.3151
11.5886
11.4663
11.2384
10.8782
11.82
11.2414
10.964
11.4479
11.3777
10.7974
10.1772
11.7011
10.8528
10.5552
11.3784
11.4509
10.075
9.4073
11.4352
10.4465
10.1294
11.4743
11.6296
9.31367
8.87644
10.9562
10.0177
9.55938
11.6546
11.6498
8.87053
8.93687
11.0202
10.9382
10.3786
11.5679
10.3942
11.1883
10.8502
11.2869
11.2521
11.243
11.3421
11.3163
11.1848
11.2191
11.4717
11.1445
10.9732
11.3548
11.3186
11.0816
10.8403
11.3317
10.8911
10.4544
11.3159
11.1513
10.7882
10.275
10.9894
10.2429
9.33893
11.1079
10.6973
10.163
9.12111
10.4275
8.92304
7.46986
10.6072
9.89471
8.90997
7.13262
9.82533
6.8131
5.64369
9.77509
8.97118
6.76749
5.04053
9.3341
5.44295
5.17382
8.84623
8.2168
4.8895
4.24255
8.74662
5.15684
5.08376
8.17544
8.1442
4.16907
3.67445
7.75604
5.05935
4.85378
8.16646
7.76218
3.61138
3.59565
4.74697
5.37068
4.88354
4.57823
11.1863
11.0822
11.0194
11.1673
11.1587
11.1189
11.018
11.1076
10.9875
10.8191
11.1583
11.0583
11.0049
10.7956
10.8307
10.7408
10.3671
11.0398
10.7701
10.7529
10.3632
10.1786
10.198
9.45666
10.7117
10.1537
10.2782
9.50232
8.72221
9.12256
7.59727
10.0332
8.90268
9.35529
8.03448
3.52971
-0.638327
-0.9673
3.89635
3.32689
-1.17282
-0.647676
3.60179
-0.897489
-0.33088
3.28237
2.98128
-0.583366
-0.107678
3.61216
-0.354602
0.229023
2.93454
2.88363
-0.0460504
0.253337
3.06871
0.384083
0.621062
2.92121
2.98244
0.263723
0.301368
1.70347
0.596788
0.163299
2.92674
1.63579
0.31876
0.226156
1.05081
1.32891
0.680693
2.28434
0.815813
1.13
0.869382
11.0879
10.9472
11.1237
11.0304
10.9872
10.9392
10.8335
11.118
11.017
11.0196
10.904
10.7593
10.7858
10.5927
10.9944
10.7915
10.8759
10.663
10.313
10.5117
10.2053
10.7512
10.3587
10.6315
10.1977
9.50119
10.0693
9.58452
10.2791
9.63223
10.1132
9.67073
6.69926
7.40665
6.72159
-0.850587
-0.395432
-0.664922
-0.758238
-0.730572
-0.833384
-0.913869
-0.733873
-0.848329
-0.759592
-0.778436
-0.35933
-1.09506
-0.880598
-0.326901
-0.76481
-0.483738
-0.29942
0.0291683
-0.826078
-0.485371
0.128042
-0.775643
-0.361663
0.0574895
0.109504
-0.438306
-0.163383
-0.147282
-0.360159
-0.114429
0.111276
-0.0781109
-0.13175
-0.00871465
-1.44678
-0.127852
-0.161166
-0.152779
-1.85316
-0.00116143
-0.00487682
-2.33969
-0.21519
-0.141415
-2.20466
-2.87704
-0.0351282
-0.113849
-1.3035
-0.128775
-0.104278
-2.76902
-1.19921
-0.0960378
-0.0788981
-0.463362
-0.127116
0.0517303
-1.15461
-0.781177
-0.0653784
-0.0982135
-0.16328
0.108239
-0.208196
-0.701076
-0.460672
-0.0852783
-0.0709176
-0.10372
-0.243547
0.298776
-0.432542
-0.282824
-0.0549178
-0.0106116
0.00150225
0.162466
0.0498489
-0.260959
-0.137645
-0.000856447
0.0258042
0.0748811
0.0965775
0.103152
-0.120461
-0.0528746
0.0299079
0.0315252
10.9059
10.7545
11.0296
10.9147
10.8002
10.7473
10.6804
11.0166
10.9252
10.917
10.8052
10.6004
10.6512
10.5686
10.9022
10.6947
10.789
10.4569
10.1296
10.3355
10.5915
10.0958
10.1639
10.3087
10.6482
-0.858973
-1.06728
-1.00632
-0.240693
-0.250901
-0.0448949
-0.445081
-0.14563
0.0163466
0.367647
-0.068068
-0.0488789
0.088408
-0.108503
0.064342
0.422467
0.733573
0.0316974
0.371459
0.635746
0.0813218
0.151536
0.778789
1.0411
0.0356253
0.69622
0.938731
0.138496
0.1479
1.07494
1.29257
0.141547
0.933006
1.06233
0.166316
0.186797
1.31683
1.45142
0.179559
1.03354
1.03003
0.193592
0.12304
1.45492
1.44235
0.234977
0.987729
0.845253
0.124948
0.0852629
1.42456
1.26423
-0.0869539
0.799061
0.593642
0.0922533
0.097868
1.22846
0.970352
0.263691
0.560186
0.327987
0.10319
0.10368
0.924795
0.615162
0.117945
0.370518
0.150007
0.102527
0.0728876
0.562763
0.193182
10.7242
10.9119
10.6977
10.9309
10.9547
10.429
10.5664
10.5508
-0.0724574
-0.336489
-0.298181
0.458548
0.463628
0.793738
0.750912
0.840534
1.12139
1.08142
1.15796
1.38806
1.29139
1.41418
1.5637
1.31338
1.57133
1.57884
1.15095
1.56325
1.40701
0.849494
1.36923
1.08731
0.525179
1.03579
0.68094
0.196366
0.620258
0.19333
12.1683
12.1054
12.1829
12.1152
4.83639
7.59248
4.38948
6.15788
6.00604
7.02432
4.14682
5.61092
7.88639
6.94228
7.12086
6.50085
7.28801
5.4501
5.98906
3.00874
8.1321
6.26063
3.4422
5.92242
5.80187
3.16012
6.01676
3.61761
6.14128
6.09795
0.711371
-4.15208
-2.23651
-0.874093
-3.80799
-6.53927
-4.00437
-5.70776
-2.02019
-1.19474
-2.84897
-1.36411
-3.50076
-3.49495
-4.30926
-5.09055
-0.0569226
-0.0461656
-0.024776
-0.0201821
-0.19072
0.0193909
-0.0559033
0.0599926
-0.0723621
-0.183864
0.100933
0.0175397
-0.151871
-0.005031
-0.0307709
-0.165972
-0.0228436
-0.101499
-0.199073
0.292916
-0.0109236
0.00510053
-0.087984
-0.0110391
0.0717904
0.284316
-0.11349
-0.0300238
-0.0163308
-0.307752
-0.000301505
-0.22473
-0.201216
0.0863196
-0.159487
0.0303071
-0.0145274
-0.0634437
-0.25579
0.0683296
0.154815
-0.433432
0.0221579
0.127055
-0.211273
0.353153
0.0801499
-0.303787
-0.00831258
-0.0426115
-0.405781
-0.0858252
-0.257811
-0.51598
0.245959
0.0955846
-0.0465672
0.045416
0.00300005
0.0130469
0.243125
-0.279763
-0.0362914
-0.24577
-0.410651
-0.12156
-0.375199
-0.254035
0.432492
-0.328436
0.143907
-0.111643
0.453963
-0.516568
0.212079
0.419699
-0.828728
-0.130091
0.280306
-0.686952
0.396108
0.310224
-0.297341
-0.2443
-0.186531
-0.780655
0.295824
0.370453
12.0946
12.1572
12.1041
12.1726
12.0059
12.0189
12.0379
12.0036
12.0224
12.0457
12.0069
11.998
12.0701
12.0803
12.1232
12.0133
12.1112
12.0481
12.0809
12.0838
12.0665
12.1097
12.0752
12.0879
12.0751
12.051
12.0375
12.0138
12.0433
12.0348
12.0529
12.0428
12.1459
12.1212
12.1321
12.1336
12.1459
12.171
12.1448
12.1562
12.1492
12.1358
12.1401
12.1327
12.1241
12.0923
12.0698
12.1237
12.1342
12.1164
12.1277
12.1488
12.1311
12.0758
12.1252
12.1464
12.1254
12.0494
12.1195
12.1222
12.0944
12.1612
12.1537
12.181
12.1581
12.1765
12.1419
12.1836
12.1519
12.225
12.2541
12.1944
12.1687
12.1673
12.1409
12.14
12.1393
12.2017
12.1654
12.2098
12.3288
12.2479
12.1644
12.2744
12.254
12.1809
12.1257
12.1389
12.1769
12.1228
12.1373
12.1499
12.1114
12.4309
12.1687
12.3628
12.3311
12.5286
12.3917
12.5372
11.826
11.7533
11.9199
11.9742
11.9484
12.0141
11.836
11.859
11.799
11.9136
11.7929
11.9233
11.9509
11.9202
11.8752
11.9353
11.9167
11.8784
11.8655
11.8488
11.9972
11.7997
11.772
11.7166
11.65
11.6419
11.7544
11.8616
11.7485
11.7755
11.6536
11.822
11.7576
11.7546
11.9586
11.9692
11.9661
11.8558
11.942
11.8623
11.8779
11.9661
12.0661
11.9922
11.8897
12.0286
11.9916
11.8848
11.8892
11.7708
11.7974
11.6247
11.8901
11.7895
11.7994
11.9108
11.8055
11.8006
11.6199
11.923
11.801
11.8067
12.1547
12.1999
11.9631
12.2096
11.9319
12.1811
12.2614
12.478
12.3927
12.3411
12.1571
12.4887
12.3716
12.2253
12.5369
12.69
12.393
12.3608
12.6846
12.7421
12.2687
12.2807
12.0472
12.0743
11.7988
12.2066
12.126
12.1595
12.3471
12.2881
12.2696
11.8209
12.4587
12.1882
12.1765
12.0946
11.4918
11.4433
11.9414
12.0128
12.8129
12.3769
12.6009
12.4106
12.6833
12.3795
12.3022
11.8676
12.4889
12.3797
12.3535
13.0063
12.4498
11.9404
12.6625
12.4809
11.2051
12.2628
11.46
11.3917
11.4808
11.4669
11.3702
11.4131
11.3956
11.3243
11.4352
11.2812
11.4368
11.3431
11.4089
11.426
11.5812
11.7757
11.7388
11.6188
11.6515
11.713
11.6809
11.5485
11.6186
11.5216
11.4584
11.6165
11.5507
11.4675
11.6713
11.465
11.5349
11.4981
11.454
11.5531
11.4886
11.5301
11.6393
11.5637
11.5049
11.4575
11.3932
11.4395
11.4019
11.5159
11.3772
11.4731
11.5315
11.3983
11.5084
11.4086
11.528
11.3908
11.4854
9.57416
9.83364
10.2203
9.86086
11.6876
12.8507
9.49594
10.8957
12.3226
11.3751
10.7237
10.9017
11.087
11.0834
10.7852
10.4265
9.76479
10.1851
8.88232
10.508
9.75594
10.0679
10.2207
9.36063
9.6147
8.88398
10.4053
9.6426
9.88377
9.63254
7.99721
9.11786
9.73352
7.74788
7.68077
7.31726
9.67875
10.4311
8.31043
10.9905
8.97754
8.78756
8.57268
11.1392
11.2902
11.239
11.3806
11.303
11.3039
11.0965
11.1453
11.1735
11.161
11.1337
11.2292
11.249
11.2015
11.1806
11.2837
11.2252
11.1858
11.3495
11.2395
11.4362
11.2344
11.2007
11.3118
11.1654
11.0732
11.1519
11.304
11.1326
11.2163
11.1917
11.1938
11.1581
11.2108
11.2436
11.3985
11.291
11.2413
11.2537
11.1484
11.2073
11.2289
11.3682
11.3155
11.2511
11.3025
11.2275
11.2655
11.2407
11.1277
11.2264
11.1449
11.2488
11.1133
11.2234
11.2327
11.0743
11.2164
11.138
11.221
11.0995
11.23
6.3369
8.03324
6.06962
6.8731
5.97008
7.80733
6.56165
7.00708
8.04168
7.33907
6.37196
7.7062
7.19278
6.30905
6.62402
8.12435
6.18391
6.27831
9.29126
6.95108
6.67072
5.63224
4.5648
5.50716
3.8172
5.76173
4.55264
5.33914
5.38096
4.34469
4.75536
3.83259
5.20884
4.41793
5.15139
4.66279
3.43484
2.2939
4.79137
3.80018
5.95121
6.61611
5.94663
7.89463
4.96496
4.14152
4.38465
3.49228
4.81364
3.74776
3.85007
5.69554
3.38167
3.99739
4.04138
5.69293
1.80129
2.89643
11.1456
10.9882
11.1344
11.1402
11.0951
11.123
11.0468
11.145
11.1415
5.80059
3.18142
6.03815
6.11829
3.62029
6.15193
6.3162
8.26596
7.97116
7.85282
7.55857
7.14965
6.53092
4.84825
6.17881
7.63
4.38823
7.0396
4.16771
6.016
5.62201
7.12712
7.90921
6.95943
7.29174
5.465
6.51376
5.99428
3.02394
8.1412
3.44751
5.93264
6.28029
-3.19485
-1.30425
-1.10538
-2.48556
2.88524
-1.15095
-0.0236029
0.0675956
-0.957148
-1.02326
-0.0963497
-0.641574
-0.95994
2.22027
5.54591
5.16412
1.56019
4.14501
1.34595
1.30498
0.980964
3.31899
4.74837
0.595477
3.85611
1.01343
0.74274
-4.15477
-0.843243
-1.36724
3.06099
-1.62369
-0.889907
-0.352501
-1.31784
-0.392839
-1.83568
-0.917753
-1.37188
-0.689896
-0.820793
-0.911723
-0.290549
-0.971997
1.22871
3.42167
-9.04625
2.12053
2.13781
1.02432
1.41495
0.254219
3.89763
-0.14472
1.91019
-0.17804
-0.117063
0.331095
-0.153107
0.223266
-0.530394
-0.477535
-0.800785
-2.14536
-2.00127
-0.236157
-1.5666
-1.00012
-0.998207
-1.23917
-2.83873
-2.00414
-1.38332
-3.46669
-4.26623
-3.44357
-5.02742
-2.21356
0.70261
-4.13006
-0.851368
-3.76422
-3.95813
-6.50486
-5.65349
-1.33497
-2.64921
-1.58289
-0.947268
-1.40609
-1.21239
-2.96843
-1.92072
-1.82532
-1.52505
-1.94788
-1.39796
-1.33727
-1.16268
-1.43397
-0.753533
-0.673793
-1.00354
-1.33718
-1.08776
-1.71995
-1.39008
-0.993064
-1.44721
-0.234396
-0.483426
-0.378183
-0.264006
-0.294269
-0.344948
-1.10183
-0.621518
-0.81728
-0.538189
-0.573185
-0.680939
-0.13753
-0.299444
-0.257708
-0.130418
-0.226006
-0.26297
-0.516657
-0.394049
-0.449172
-0.370746
-0.368363
-0.426841
-0.0373358
-0.21241
-0.176021
-0.0302582
-0.133947
-0.162074
-0.338162
-0.226264
-0.290724
-0.201956
-0.205958
-0.249
0.0453919
-0.123568
-0.102641
0.0546035
-0.079249
-0.0920797
-0.161663
-0.107795
-0.106586
-0.0404419
-0.0943901
-0.0900428
0.0595408
-0.0552667
-0.0720686
0.100735
-0.183548
0.0178668
-0.0448218
-0.0575246
-0.0238463
-0.190178
-0.0204485
0.0207573
9.36865
8.40616
8.52598
8.37568
9.27843
8.3557
8.53067
9.206
9.72806
10.1223
9.10145
9.68714
8.92932
8.81575
8.94928
9.24233
9.08041
9.31727
8.98587
9.26912
9.09012
9.22029
8.50123
9.23975
6.30565
8.49415
8.5204
8.66036
9.24216
9.97311
9.83624
9.71618
9.45123
8.95918
9.43065
7.34901
8.78853
6.67933
-0.57751
-0.668732
-0.852878
-1.25181
-1.31307
-1.33685
-0.931582
-0.738228
-0.963126
-0.622504
-0.984771
-0.717189
-1.02642
-1.24977
-0.977395
-0.989825
-1.10568
-1.05159
-1.2407
-1.10049
-1.1923
-1.12096
-0.876204
-1.08396
-0.949792
-1.1409
-1.14759
-1.24541
-1.14829
-1.1986
-1.15986
-1.15409
-1.0747
-1.14857
0.0842951
0.029923
-0.0153956
-0.159084
0.0689682
-0.0623185
-0.256156
0.153579
0.021322
0.128449
-0.434244
0.080376
-0.21119
0.343013
0.104653
-0.039087
-0.0477149
-0.0592965
0.0879771
-0.0501579
-0.0502783
-0.15083
-0.166053
-0.0053266
-0.031864
-0.102613
-0.198999
-0.0233528
0.287229
-0.0810026
-0.0112456
0.00464975
0.0722988
0.294321
-0.0118996
-0.119474
-0.299896
-0.0305424
-0.0162998
-0.224929
-0.202561
-0.00112742
10.6377
10.3047
10.8654
10.6537
10.3939
10.9203
10.4424
10.5446
10.5897
10.5708
10.4674
10.5001
10.3375
10.3898
10.3641
10.5244
10.2355
10.3846
10.1951
10.2899
10.4186
10.4217
10.8358
10.3647
10.6262
10.3172
10.6216
10.6247
10.5719
10.9833
10.3997
10.7283
10.8078
9.81211
9.88027
9.92378
10.1774
10.2604
10.0609
10.1192
10.3258
9.85918
10.3052
10.4571
8.32112
9.8864
10.3795
9.92207
10.6117
10.2462
-1.0746
-0.692085
-0.735046
-1.06573
-0.828081
-1.0694
-0.988153
-0.705095
-0.938208
-1.1244
-0.985846
-1.08661
-0.95494
-0.902913
-0.974394
-0.739606
-0.972275
-0.919324
-0.853409
-0.66756
-0.786424
-0.833213
-0.656776
-0.35483
-0.481191
-0.939734
-0.675009
-0.82079
-0.406045
-0.44877
-0.598885
-0.503926
-0.744288
-0.703955
-0.753404
-0.923796
-0.698952
-0.677182
-0.826362
-0.783406
-0.509934
-0.719966
-0.669418
-0.660833
-0.320755
-0.751919
-0.475703
-0.470773
-0.59191
-0.637573
-0.198319
-0.699193
-0.389172
-0.506842
-0.475596
-0.19379
-0.293407
-0.244231
-0.475003
-0.393541
-0.413776
0.441346
0.14632
-0.113383
-0.337503
0.211875
0.44943
-0.515841
0.418886
-0.127965
0.279054
-0.818845
0.305487
-0.679626
0.393827
0.226293
-0.049701
0.0298749
0.0920262
0.214293
-0.0560717
0.0162552
-0.30658
-0.407443
-0.00746765
-0.0428728
-0.259669
-0.520445
-0.08324
0.244368
0.0426084
0.0968478
-0.0446315
0.0097247
0.242144
0.00450398
-0.282519
-0.4159
-0.0364702
-0.241731
-0.381628
-0.256832
-0.11821
10.5408
10.8106
10.5461
10.6985
10.9686
10.7482
10.7843
11.2231
10.5602
10.5388
11.4009
10.5469
-0.359416
-0.537799
-0.622998
-0.0909811
-0.124207
-0.197123
0.0180526
0.20008
0.0831942
0.335369
0.273631
0.140794
0.292291
-0.777204
0.37096
0.119665
-0.0747231
0.251314
-0.246394
-0.293407
-0.188687
12.0065
12.0913
12.1341
12.0219
12.095
12.1248
12.0678
12.007
12.033
12.0387
12.005
12.0296
12.056
12.0183
12.1566
12.1677
12.1828
12.1516
12.1595
12.1572
12.1444
12.1021
12.0779
12.1258
12.1417
12.1411
12.1349
12.1488
12.139
12.0834
12.1352
12.135
12.1559
12.1282
12.1605
12.057
12.072
12.0719
12.0705
12.1215
12.0864
12.0673
12.0983
12.0758
12.09
12.0836
12.0391
12.0118
12.035
12.0593
12.0552
12.0635
12.0544
11.7517
11.816
12.4178
12.4008
12.3017
12.5806
12.7218
12.7116
12.7812
12.0895
11.8185
12.1811
12.3294
12.0851
12.2412
12.1607
12.3093
11.854
12.207
12.4042
12.3361
12.508
12.252
12.228
11.9901
11.9472
12.2074
12.27
12.2461
12.3222
12.3476
11.9094
12.4017
12.745
12.4596
12.556
12.4358
11.9805
12.5288
13.0736
12.5054
12.7442
12.1511
12.032
12.125
11.9187
11.5557
12.0052
12.2117
11.5615
12.1046
11.3198
11.4339
11.4387
11.3392
11.2771
11.4064
11.4244
11.455
11.3863
11.4718
11.461
11.3638
11.405
11.391
11.492
11.5339
11.5075
11.45
11.5521
11.6359
11.5634
11.4413
11.3974
11.4767
11.456
11.3852
11.5143
11.3813
11.5109
11.3981
11.4887
11.527
11.386
11.5256
11.3813
11.6216
11.7523
11.6996
11.5526
11.767
11.7293
11.6386
11.5743
11.6068
11.7042
11.6733
11.6101
11.5122
11.606
11.5421
11.4531
11.5451
11.4614
10.4488
8.33488
9.69644
11.0252
8.99779
8.82191
8.59392
9.7696
8.12127
9.20992
9.88008
7.86768
7.79643
7.43466
11.2869
11.1352
11.2316
11.2268
11.347
11.4355
11.1523
11.1435
11.1976
11.3095
11.0679
11.212
11.1809
11.2043
11.3013
11.1339
11.1915
11.1475
11.3789
11.3016
11.2348
11.2998
11.1421
11.159
11.0924
11.1701
11.13
11.2446
11.1989
11.282
11.2253
11.1783
11.221
11.1828
11.3135
11.246
11.2566
11.2342
11.3608
11.3012
11.2178
11.2216
11.1376
11.2163
11.2427
11.1187
11.2404
11.1192
11.2099
11.1238
11.2212
11.2301
11.0732
11.1964
11.0924
11.2446
11.2376
11.311
11.2827
11.339
11.1764
11.2149
6.19944
6.31542
6.68898
6.66258
8.13803
9.30837
6.96631
5.55275
3.84918
5.3668
5.63918
4.58237
5.8037
4.55833
4.78804
3.88161
5.1767
5.4394
4.38763
5.21881
4.46217
8.20684
6.17355
6.04119
6.39524
7.00247
7.96605
6.6313
4.42466
3.53398
3.89463
4.97859
4.18586
4.84592
3.76
4.03592
5.73182
5.70895
3.38218
4.06184
5.49798
5.02148
4.8565
4.68999
3.52226
4.92116
4.76495
2.36763
3.85068
2.89597
1.86917
11.0772
11.135
11.1127
11.1399
11.0513
11.138
11.1438
10.9822
11.1309
4.68918
0.568435
0.735608
1.03839
3.2833
3.83153
0.902035
-0.855801
-1.36897
-0.899364
3.06213
-4.1773
-1.62614
-0.404652
-1.84078
-0.700028
-0.341443
-1.3279
-0.944921
-1.37133
-1.32893
-1.11531
2.88653
-2.51378
-3.20625
-1.15333
0.0561267
-0.968566
-0.121516
-0.0397106
-1.03063
-0.64646
-0.962758
3.92416
1.92794
-0.162753
0.239083
0.338681
-0.154446
-0.473131
-0.192701
-0.124812
0.244553
-0.536319
-2.00268
-0.236631
-2.16255
-0.993714
-1.59061
-0.803038
-1.0098
1.43212
0.719631
0.871818
1.0764
2.37427
1.19825
0.888895
-0.842417
-0.93409
-0.216707
-0.775468
9.22605
6.26946
8.50061
8.65574
9.21436
8.48818
8.51528
9.84833
9.4578
9.24057
9.97478
9.72055
9.43741
8.95641
8.36498
8.39445
8.51443
9.26815
9.35416
8.34413
8.5189
9.72431
9.09347
9.19634
10.1142
9.67871
8.80699
8.92105
7.3898
6.67721
6.70554
-1.31494
-1.26175
-1.34029
-0.591437
-0.675553
-0.854204
-0.871291
-1.07373
-1.14235
-1.19089
-1.11811
-0.94589
-1.13462
-1.14277
-1.24319
-1.14512
-1.1421
-1.19568
-1.1532
-1.06835
-0.403002
-0.67364
-0.739039
-0.849825
-0.760826
-0.832146
-0.915379
-0.745094
-0.932245
-0.629289
-0.724884
-0.962296
-0.982905
-1.01977
10.5437
10.2257
10.271
10.3934
10.3632
10.3762
10.1879
10.8001
10.3538
10.6058
10.4093
10.4151
10.6173
10.3151
10.5668
10.9773
10.7975
10.618
10.4004
10.7267
10.3034
10.8656
10.6539
10.6364
10.3898
10.9175
10.3874
9.89048
9.92908
10.6094
10.2472
10.3341
10.5929
10.1633
10.1267
10.0916
10.3035
10.6507
9.80943
9.87419
9.92004
10.1748
10.2524
-0.962372
-0.734212
-0.842396
-0.944851
-0.89874
-0.955693
-0.916089
-0.663498
-0.78051
-0.863947
-1.06387
-1.00429
-0.700461
-0.742126
-0.833529
-1.06809
-1.05385
-1.06539
-0.982271
-0.710044
-0.932253
-0.652624
-0.32251
-0.472245
-0.7185
-0.676086
-0.752021
-0.493297
-0.634663
-0.202428
-0.507687
-0.596357
-0.695688
-0.396127
-0.296438
-0.245188
-0.414986
-0.488772
-0.212379
-0.48577
-0.400896
-0.662528
-0.361259
-0.488322
-0.823431
-0.933056
-0.670372
-0.41337
-0.453545
-0.511956
-0.811624
-0.593696
-0.736145
-0.700103
11.2181
10.7805
10.5544
10.5407
10.8083
10.5434
10.4289
10.5635
10.5487
-0.12648
-0.103612
-0.207697
-0.364432
-0.536442
-0.619965
0.269227
0.321563
0.137491
-0.0786308
-0.332926
-0.296777
12.1731
12.388
12.4548
12.5529
12.3435
12.4188
12.5568
12.1326
12.1539
12.2092
12.1814
12.1485
12.1648
12.1563
12.1933
12.1696
12.1633
12.196
12.1876
12.1532
12.1706
11.9743
11.8603
11.8838
11.9857
11.9598
11.9676
11.8714
12.035
11.901
12.0893
12.1063
12.0516
11.9125
12.0237
12.1228
12.1635
12.1756
11.9683
12.0286
12.1945
12.1295
12.339
12.2864
12.2424
12.277
12.2869
12.282
12.3218
12.4625
12.5803
11.602
11.5534
11.6277
11.5567
11.5701
11.567
11.6958
11.5456
11.5707
11.5353
11.7167
11.4607
11.7089
11.5757
11.4425
11.415
11.2473
11.6885
11.1114
11.6625
11.4816
11.3098
11.373
10.8937
11.6357
10.7835
11.644
11.3381
11.5413
11.7356
11.7683
11.3481
10.6791
10.6987
11.3155
11.6839
11.937
11.9261
11.4987
10.8043
10.8789
11.4937
9.50558
10.9002
10.7383
12.9144
11.7376
12.3824
11.4442
11.3265
11.2564
11.2506
11.323
11.2759
11.2444
11.3239
11.3552
11.2309
11.3681
11.3554
11.232
11.205
11.2128
11.2971
11.0426
11.2687
11.1119
11.0102
11.2548
11.1098
10.5863
10.9715
10.7417
11.0507
10.5122
10.9529
10.7357
9.75767
10.3307
9.98457
10.5442
9.5954
10.3784
9.99529
8.68242
9.43588
8.80065
9.82524
8.32586
9.63473
8.93774
7.86234
8.52772
7.58404
9.15044
7.21063
9.03797
8.01266
7.51947
8.22672
6.65112
8.79551
6.43836
8.75345
7.57566
8.16274
7.3823
6.33882
8.57436
6.38215
8.59327
7.42863
7.8947
7.60003
7.53399
8.43184
7.88422
7.86991
8.39527
8.83352
6.81023
11.1735
11.1432
11.1375
11.1728
11.0898
11.0748
11.1189
11.1192
11.1171
11.1079
10.9896
11.0661
11.0217
11.0243
10.9721
10.7534
10.9492
10.896
10.7866
10.9084
10.8366
10.215
10.5254
10.5008
10.5997
10.2538
10.4443
10.3915
9.04018
9.6292
9.64186
9.79677
9.11654
9.47642
9.42051
7.71817
8.43361
8.32144
8.33446
8.07196
8.01421
8.06566
3.98423
5.77391
5.08483
5.37591
5.03843
4.76438
4.32434
0.712251
3.09389
0.567072
0.642899
3.49016
0.927267
2.90907
1.16385
3.11959
1.19877
2.84875
1.30533
2.90135
1.04614
1.72128
2.92146
1.43186
3.02813
1.45318
3.07701
1.60069
3.03041
3.20906
3.19762
2.06861
1.45196
1.53324
1.9999
2.39366
2.92645
2.70098
1.9291
1.74477
1.79696
2.04963
1.91401
1.00534
2.62601
2.60076
2.12126
3.1473
2.10356
11.0243
10.9481
11.0895
11.076
11.0349
10.9967
10.9741
10.7759
10.917
10.9322
10.8876
10.8524
10.8338
10.8273
10.4621
10.6017
10.6784
10.6226
10.5397
10.5244
10.5616
9.90897
10.0332
10.18
10.1223
9.90701
9.94278
10.0642
9.21669
9.38093
9.32329
9.36985
9.22562
9.31327
9.17107
8.12645
8.12398
8.06647
7.88274
8.99673
7.68906
8.0134
-1.36215
-1.06237
-1.10689
-1.24505
-1.26872
-1.13177
-1.32487
-1.06086
-1.01692
-1.16918
-1.17265
-0.635846
-0.949482
-0.964183
-0.714954
-0.140343
-0.706222
-0.55247
-0.551431
-0.412149
-0.825655
-0.269757
0.0796601
-0.323971
-0.108676
-0.227809
-0.0450638
-0.362243
-0.145951
0.0614829
-0.154536
0.0402733
-0.140649
-0.0177814
-0.147988
-0.605087
-0.475126
-0.748743
-0.481142
-0.220031
-0.330947
-0.365033
-2.78241
-2.78023
-2.62968
-1.06581
-0.679519
-1.07321
-1.0425
-1.69925
-2.56416
-0.565037
-1.37661
-1.26724
-2.00221
-0.796099
-1.11432
-0.674958
-0.983217
-1.50122
-0.850748
-1.11155
-0.527449
-0.579454
-0.647768
-0.639194
-0.541452
-0.545627
-0.412647
-0.758523
-0.373372
-0.337157
-0.407635
-0.452713
-0.350372
-0.42972
-0.375126
-0.208651
-0.229453
-0.255116
-0.317807
-0.207603
-0.274766
-0.273021
-0.0842902
-0.0757903
-0.140741
-0.143086
-0.102057
-0.0518066
-0.151156
-0.142563
-0.0539759
-0.0627911
-0.0949486
-0.0724657
-0.14143
-0.105441
10.8025
10.972
10.9522
10.8511
10.9195
10.8284
10.8095
10.6733
10.8005
10.8381
10.7262
10.7488
10.6916
10.7287
10.5081
10.6474
10.5651
10.5595
10.5379
10.5377
10.5296
10.2025
10.2706
10.104
10.339
10.1744
10.0065
10.2443
-1.21426
-1.04345
-1.26933
-1.23292
-0.955459
-0.984783
-0.783063
-0.739719
-1.14748
-1.14598
-0.719149
-1.0001
-0.271814
-0.548469
-0.525172
-0.363145
-0.304676
-0.133806
-0.432304
0.0554746
-0.0238844
0.0923169
-0.154067
0.206228
-0.0785183
-0.0342734
0.276375
0.119091
0.373776
0.0288741
0.46905
0.0432362
0.226205
0.421356
0.123346
0.587616
-0.0318564
0.651925
-0.0231852
0.37521
0.540878
0.173396
0.751347
-0.00956333
0.793035
0.0361072
0.509474
0.557177
0.152797
0.811123
0.134908
0.78876
0.168784
0.565835
0.47627
0.0877752
0.719574
0.217058
0.665899
0.213031
0.498915
0.356295
0.0827902
0.574805
0.140179
0.520295
0.112139
0.38604
0.217596
0.101179
0.433491
0.0425689
0.381033
0.0397192
0.244807
0.127643
0.093792
0.287467
0.0182852
0.226782
0.0885277
0.109885
0.0443776
0.0519012
0.0660595
0.0428577
0.0543016
0.0518069
0.0491041
10.9024
10.7382
10.7362
10.7099
10.9463
10.7155
10.7596
10.751
10.6956
10.6425
10.7891
10.8343
10.4136
10.651
11.0699
10.686
10.644
0.00156287
0.0856227
0.133129
-0.134899
-0.131455
0.185916
-0.0229221
0.336386
0.599131
0.454408
0.947179
0.698795
0.776021
1.25375
0.978759
1.04635
1.48797
1.2177
1.26821
1.59525
1.36836
1.39037
1.51517
1.38352
1.35887
1.26161
1.21716
1.1517
0.893036
0.913801
0.827694
0.450963
0.544515
0.473755
0.471046
0.0518012
0.121061
0.360757
0.0651223
0.488942
0.351163
11.959
11.9775
11.9717
11.953
11.9951
11.9579
11.9517
12.157
12.0321
11.9547
12.1363
11.9614
12.1754
12.1077
12.1106
11.8068
11.878
11.7548
11.7689
11.8231
11.6916
11.7174
11.7719
11.377
11.2832
11.3557
11.3663
11.268
11.3254
11.4122
6.78749
7.07274
6.72868
7.79237
6.49121
7.4328
6.97284
6.15995
5.62406
11.1922
11.1353
11.1574
11.1792
11.1269
11.121
11.1309
1.80217
4.13913
2.29348
5.05458
1.57718
3.9857
1.38017
8.86072
8.95753
9.22009
9.17364
8.88195
8.9166
9.214
8.17744
7.22927
7.49529
7.34281
7.34819
7.63836
8.05311
-2.06681
-2.34783
-2.16748
-1.20355
-0.98624
-1.04927
-1.0876
-1.70876
-2.19185
-1.84215
-0.580025
-0.622714
-0.464238
-0.799923
0.051034
-1.03969
-0.680929
-0.986251
-0.899806
-1.22482
-0.783849
-0.419237
-0.407156
-0.523364
-0.333236
0.20868
0.265594
-0.425201
-0.124241
-0.409063
-0.331363
-0.241918
-0.216713
-0.118501
-0.168932
-0.0512559
-0.186981
-0.173875
-0.191013
-0.0248533
-0.0183332
-0.229959
0.0453146
-0.100867
-0.0990733
-0.0809281
0.0315587
0.0391194
-0.0616404
-0.117676
0.0860743
0.0853785
-0.0175532
0.0430012
-0.0110762
0.0404965
-0.783121
-0.84852
-0.755635
-0.741273
-0.896746
-0.904199
-0.645622
-0.695509
-1.02982
-0.62183
-1.05336
-0.986915
10.7175
10.6857
10.7264
10.9835
10.509
10.3632
10.4676
10.5394
10.3864
10.963
12.1789
12.177
12.1693
12.1713
12.1693
12.0801
12.1018
12.107
12.089
12.0887
12.1766
12.1811
12.1718
12.1702
12.1687
12.0894
12.0982
12.0998
12.0813
12.0847
5.41212
6.91402
5.88131
5.87554
6.21815
5.03258
6.21833
7.25041
7.78654
7.58418
7.65498
7.51527
7.39397
7.89891
4.4652
7.75542
4.54828
5.83176
6.90025
4.69672
6.78594
4.02401
5.03711
5.33972
6.92732
7.31433
5.48506
7.20214
5.55614
5.49034
2.29981
3.24483
-2.95437
-2.64577
-1.84624
-1.71694
-1.87389
-4.85699
-2.65536
-3.51233
-3.1396
-4.98003
-3.04869
-2.75304
-3.23525
-8.59522
-4.44498
-3.04793
-2.55882
-3.32152
-2.59344
-3.39461
-4.4304
-0.110684
-0.0472299
-0.063094
-0.119249
-0.093074
-0.135345
-0.0494786
0.00480607
0.0057228
0.00137905
-0.10436
-0.0132563
0.00282507
-0.0837332
0.0400722
0.0413731
0.0778074
0.0739408
0.0535263
0.0305211
0.0660394
0.0601265
-0.0818491
-0.0558524
0.100266
0.104892
0.0554592
-0.0974086
0.0239113
0.0110351
-0.0377999
-0.100266
0.0160839
-0.118233
0.0264905
-0.000163542
0.0250695
0.0187646
-0.0478278
0.0237202
-0.0294252
-0.0366326
0.0524084
-0.0401811
-0.0357429
-0.200611
0.00135068
-0.200614
0.0194998
-0.115657
-0.0198448
0.087037
0.0846035
-0.0128872
0.0415957
0.0443935
0.0435043
-0.0592336
-0.0459151
-0.147191
-0.112045
-0.130101
0.0707248
0.237417
0.0973729
0.0678645
0.35786
0.0611688
0.243283
0.342438
0.068425
-0.0354888
-0.557066
0.258263
-0.473258
0.182061
0.0705052
0.0772527
-0.640486
-0.0363809
0.350601
-0.716737
0.440914
0.0647207
12.0987
12.1032
12.0792
12.0876
12.087
12.1581
12.1666
12.1646
12.1599
12.158
12.0953
12.0962
12.0881
12.0806
12.0835
12.1603
12.1644
12.1685
12.1574
12.1589
12.0517
12.0632
12.0613
12.0384
12.048
12.0616
12.0543
12.1487
12.1635
12.1611
12.1664
12.1633
12.1478
12.1548
12.0738
12.0706
12.0637
12.0638
12.0776
12.0732
12.0644
12.0829
12.0833
12.0935
12.0859
12.0861
12.0947
12.0785
12.1057
12.1203
12.0586
12.136
12.0789
12.1101
12.1097
12.1612
12.151
12.1685
12.1694
12.1725
12.1658
12.1538
12.0806
12.0872
12.1083
12.1082
12.0946
12.0808
12.1118
12.1826
12.2301
12.2386
12.2037
12.192
12.2234
12.2035
12.3009
12.2566
12.258
12.2982
12.2953
12.25
12.3076
11.8126
11.8507
11.8889
11.8217
11.8515
11.6437
11.5426
11.5816
11.6597
11.6205
11.9786
11.9539
11.8544
11.8408
11.9511
11.8718
11.842
11.96
11.838
11.9107
11.9172
11.6975
11.6471
11.6414
11.6291
11.6784
11.645
11.6451
11.769
11.7629
11.6868
11.663
11.7657
11.6861
11.7685
11.97
11.9755
11.966
12.0251
11.9692
12.0049
11.984
11.9534
11.956
11.9851
11.9101
11.9258
11.9716
11.9356
12.0257
12.0372
12.0064
11.9918
12.0305
11.9893
12.0249
11.7838
11.7918
11.6855
11.6448
11.7841
11.6773
11.7917
11.8311
11.8116
11.6378
11.5946
11.8136
11.8264
11.6476
11.8319
12.1584
12.1275
11.951
11.8786
11.9693
12.1326
12.321
12.2661
12.2696
12.2229
12.2662
12.2629
12.3093
12.5026
12.5294
12.4136
12.4535
12.4131
12.5047
12.5241
12.0463
11.9095
11.8411
11.7385
12.0023
11.9416
11.8774
12.1813
12.0664
12.0051
11.862
12.0456
12.0001
12.229
11.9087
11.7471
11.4703
11.941
11.857
12.0559
11.8631
11.1093
11.604
11.5677
10.9898
10.7967
11.213
11.7059
12.4269
12.5509
12.3175
12.0729
12.0295
11.8673
12.1113
12.0242
12.2504
12.1605
12.072
12.2981
11.9467
12.0393
12.0672
12.4228
11.5378
11.3029
10.8002
10.8188
11.0373
11.9435
10.945
12.0085
12.3379
12.0861
11.3489
11.4066
11.3949
11.3671
11.3654
11.392
11.402
11.5783
11.5742
11.5564
11.5602
11.5949
11.547
11.5995
11.4039
11.4235
11.4027
11.3715
11.3972
11.4151
11.3958
11.4181
11.4058
11.4338
11.4096
11.3947
11.4368
11.4333
9.81536
9.40773
8.91446
8.93083
9.38835
9.31406
9.28958
11.539
12.0101
11.5259
11.4157
11.5686
11.4645
11.6706
9.85225
9.41386
9.31259
8.96119
9.90559
9.35859
9.2951
9.58248
8.96028
8.67971
9.0231
9.08118
8.92107
9.46615
9.40315
8.81131
8.71769
8.71822
7.81898
9.28749
8.72226
11.1857
11.2386
11.1795
11.1576
11.1927
11.2621
11.3035
11.2641
11.3438
11.316
11.1569
11.1214
11.2827
11.2082
11.2297
11.0939
11.1857
11.2702
11.3485
11.2602
11.2546
11.1255
11.1901
11.2651
11.1874
11.1401
11.213
11.215
11.1936
11.182
11.2144
11.1952
11.2118
11.2895
11.3982
11.3309
11.4067
11.3207
11.3536
11.2969
11.3288
11.3247
11.2615
11.2576
11.282
11.2476
11.3263
11.3255
11.3528
11.3379
11.3339
11.3561
11.2811
11.3342
11.2064
11.208
11.1766
11.158
11.1981
11.1854
11.2075
11.1897
11.1219
11.1379
11.1187
11.1736
11.1624
11.1503
5.97391
7.38826
6.37338
6.38903
5.869
6.8923
6.55498
7.85497
8.39724
7.59503
7.54781
7.8473
7.86502
8.35686
7.01629
7.7485
8.21572
7.67879
7.05413
7.82043
6.94464
4.90807
4.13279
4.20566
3.70023
4.84502
4.18963
4.23901
4.6024
4.05057
3.82844
3.81997
4.10379
4.02592
4.58598
3.99254
4.37837
3.27762
4.05346
4.30079
4.65632
3.55611
2.50319
3.47508
2.59967
2.20083
2.01411
3.11183
3.04392
8.80097
6.76664
4.39124
3.94697
3.63143
3.83031
3.89893
4.4335
3.48206
3.32365
3.01377
4.44916
4.27578
3.10332
3.73656
2.38592
2.77076
2.11113
1.76639
1.74383
2.36573
3.02372
-7.07498
5.97605
3.63317
2.58268
11.155
11.1737
11.233
11.1449
11.1418
11.1534
4.55008
6.93218
4.72037
5.83233
5.06341
6.79177
4.02792
5.3477
7.33459
5.50712
6.93829
5.51311
7.2094
5.57074
2.3234
3.27465
7.72031
8.34049
8.45546
8.33789
8.07533
8.01324
8.08869
5.41766
5.893
6.9625
5.92976
6.23406
5.03809
6.25897
7.27172
7.66628
7.79689
7.59518
7.52917
7.40657
7.91661
4.48512
7.76249
0.355295
-0.400034
4.00242
5.40022
5.82789
5.13317
5.0641
4.81563
4.33064
2.07514
3.20428
4.23767
3.0201
3.40209
1.90369
3.12442
-2.19322
-1.80785
-1.22244
-1.45081
-1.07663
-1.46485
-1.32153
-1.48307
-1.19759
-0.91399
-1.86563
-0.957261
-2.06014
-1.00829
-2.15163
-0.964996
1.88961
2.57523
0.978029
2.59999
2.09379
3.12134
2.08293
0.167737
0.216215
0.0736543
0.123795
0.359826
0.0887476
-0.0820827
-1.23867
-1.3043
-2.33871
-0.0897759
-0.949943
-1.76499
-1.70557
-4.3653
-2.50832
-3.28514
-2.99346
-3.33896
-4.35141
-2.53905
-2.94199
-1.71113
-2.63684
-1.83663
-1.8653
-2.64598
-4.83628
-3.49016
-3.03057
-3.11984
-4.9522
-3.21835
-2.73853
-8.55156
-1.64169
-2.16365
-1.85725
-2.16186
-1.59955
-1.86664
-2.19287
-1.15642
-1.2419
-1.14206
-1.58803
-1.17405
-1.11435
-1.22279
-2.43155
-2.40823
-3.55175
-1.8273
-2.26706
-2.17648
-2.01458
-1.83075
-1.31927
-1.3891
-1.70924
-1.32174
-1.67099
-1.48987
-0.993087
-0.964213
-1.85326
-1.25681
-1.02639
-1.7712
-0.935135
-0.462216
-0.475705
-0.437927
-0.352522
-0.491875
-0.38992
-0.449459
-1.39327
-1.28004
-1.28288
-1.25629
-1.31298
-1.46562
-1.22459
-1.0208
-1.01103
-0.793641
-0.868987
-1.02894
-0.985355
-0.839542
-0.384971
-0.431474
-0.292577
-0.27419
-0.402592
-0.25991
-0.408374
-0.232537
-0.214959
-0.238174
-0.210338
-0.236642
-0.233621
-0.213247
-0.85061
-0.908626
-0.713034
-0.718186
-0.881094
-0.889983
-0.675035
-0.606154
-0.619352
-0.466506
-0.512203
-0.636412
-0.585682
-0.485554
-0.182856
-0.197039
-0.172838
-0.207322
-0.179629
-0.184641
-0.198231
-0.125692
-0.0989826
-0.102111
-0.113803
-0.112872
-0.13201
-0.112961
-0.531818
-0.582734
-0.438195
-0.441056
-0.565378
-0.551371
-0.419455
-0.406725
-0.417589
-0.285698
-0.324395
-0.437947
-0.384848
-0.304649
-0.0897702
-0.0862635
-0.0586027
-0.1118
-0.0734458
-0.0954974
-0.101606
-0.0334448
-0.00137198
-0.00813006
-0.0439792
-0.0114293
-0.0556595
-0.0243784
-0.33831
-0.391591
-0.262643
-0.264546
-0.370816
-0.360404
-0.244587
-0.236821
-0.251095
-0.13721
-0.172363
-0.267646
-0.219137
-0.150831
-0.00489284
0.0113698
0.0267865
-0.0368594
0.0200177
-0.0248689
-0.0128447
0.0393899
0.0637106
0.0708052
0.0224239
0.0653383
0.0212686
0.0368679
-0.189099
-0.234817
-0.119841
-0.131673
-0.220203
-0.204178
-0.108208
-0.11897
-0.147453
-0.0546241
-0.0751032
-0.147673
-0.12282
-0.0554035
0.0401984
0.0773948
0.0731817
0.0419769
0.0308865
0.0655731
0.0537038
0.0598112
-0.0558054
0.100139
-0.0816205
0.0552483
-0.0968569
0.104735
-0.110138
-0.118065
-0.0474062
-0.0632395
-0.050059
-0.092271
-0.134964
0.00511003
-0.105608
0.00483809
0.00114755
-0.0126601
-0.0847763
0.00279919
9.36037
9.54326
9.63822
10.1234
9.59539
9.67103
9.31045
9.24038
9.38944
9.39686
9.3014
9.26816
9.34347
9.16547
8.48211
8.20505
8.79606
7.97784
8.39438
8.42309
8.47899
9.6766
9.88678
9.84836
7.73248
9.7036
9.7243
9.84307
8.1396
7.89636
8.13229
8.07764
8.99551
7.70349
8.02318
-0.453945
-0.492613
-0.796795
-0.226171
-0.620298
-0.378907
-0.570929
-1.31643
-1.31029
-1.22939
-1.187
-1.30152
-1.35265
-1.15013
-1.06594
-0.316403
-0.793691
-0.807671
-0.748222
-0.769987
-1.0585
-0.750124
-0.826194
-0.852438
-0.626661
-0.692674
-0.757506
-0.854988
-1.36234
-1.24321
-1.06454
-1.11042
-1.26454
-1.13667
-1.3251
-1.41915
-1.42296
-0.841829
-0.925332
-1.38579
-1.42618
-0.982654
-1.33571
-1.30468
-1.11802
-1.02639
-1.34357
-1.33573
-1.14191
-0.141605
-0.0936166
-0.0544711
-0.0623459
-0.139704
-0.0724769
-0.105123
0.0258365
-0.101488
0.0116411
-0.0403604
-0.119001
0.0163836
0.0273167
-0.000953642
-0.049205
0.024934
0.0185043
-0.0304959
0.0235361
-0.0386228
0.0535195
-0.206335
-0.0406605
-0.0343243
-0.20658
0.00227821
0.0191976
10.3781
10.3837
10.1662
10.3422
10.3691
10.3686
10.1638
10.3986
10.6038
10.3542
10.3911
10.4039
10.6028
10.3781
10.2732
10.2387
10.4815
10.5704
10.6307
10.6042
10.5103
10.5253
10.5558
10.2985
10.3335
10.5127
10.1466
10.3634
10.2784
10.1918
10.6554
10.6054
10.7394
10.4457
10.6077
10.6352
10.9451
10.3575
11.2277
9.98817
9.7254
9.82394
9.77036
9.95615
10.2077
10.3341
10.2623
10.1124
10.1855
10.0112
10.2515
10.0126
9.79116
10.1586
10.0144
8.10048
-1.22782
-1.28139
-1.05621
-1.24494
-0.96737
-1.08201
-1.19425
-0.877809
-0.809986
-1.20924
-1.06846
-0.862783
-0.581246
-0.58641
-1.00032
-1.15852
-0.791737
-0.745786
-1.1626
-0.723385
-1.01514
-0.72334
-0.85218
-0.547498
-0.432605
-0.902923
-0.688695
-0.478216
-0.649737
-0.416852
-0.448188
-0.251705
-0.124724
-0.10732
-0.423549
-0.305025
-0.209583
0.0430606
0.0433971
0.0518213
0.0659894
0.0513465
0.0541475
0.0488255
0.0440944
-0.154175
-0.056656
-0.0466407
-0.108546
0.0710514
-0.136486
0.235886
0.355653
0.0988645
0.0691959
0.242028
0.0626462
0.339834
0.0694258
0.25074
-0.0355411
-0.550009
-0.46618
0.0705202
0.174853
10.7038
10.7757
10.9539
10.7093
10.7593
10.685
10.6424
10.7159
10.742
11.0499
10.027
10.736
10.7564
10.4959
10.7919
10.6528
10.8417
10.4227
11.0753
10.6879
10.6471
-0.134408
-0.246763
-0.237905
-0.221747
-0.240861
-0.271837
-0.1285
-0.0953749
-0.204697
-0.0780222
0.0536362
-0.252722
-0.1204
0.123165
0.0558761
-0.163632
-0.176658
0.00802513
-0.132945
0.0889588
0.137579
-0.12627
0.188933
-0.0155126
0.301087
0.12369
0.374096
0.522886
0.110063
0.337796
0.479454
0.468174
0.358315
0.0530005
0.121861
0.486423
0.0659291
0.348499
0.0772869
0.343757
-0.633441
-0.0364128
0.0650432
0.434335
-0.710156
12.0587
12.0703
12.0474
12.0727
12.0629
12.0565
12.0686
12.1594
12.173
12.179
12.1748
12.1656
12.1757
12.1583
12.0784
12.0722
12.0732
12.08
12.0846
12.0815
12.0709
12.081
12.0968
12.0921
12.0849
12.0736
12.0908
12.0992
11.5459
11.5847
11.6514
11.6668
11.6275
11.8048
11.8392
11.881
11.8185
11.8415
12.5328
12.4394
12.4899
12.5604
12.5544
12.4478
12.5298
12.0281
11.847
11.747
11.952
12.0207
11.959
11.8746
12.2209
12.0437
11.9004
12.0955
12.0849
12.0382
12.2664
12.04
11.9659
11.9763
12.1957
12.1734
12.2188
12.1413
11.8139
12.1838
12.1588
11.9523
12.1595
11.8692
11.9667
12.3567
12.0741
11.9116
12.1203
12.1416
12.0708
12.2893
12.2031
12.3485
11.9875
12.1106
12.4666
12.0767
12.115
12.1435
11.7916
11.7715
11.5085
11.901
12.0035
12.0033
12.1207
11.9381
11.0992
11.6927
11.6511
10.9911
11.2357
10.7559
11.7899
11.3486
11.3965
11.3631
11.4047
11.3657
11.3949
11.3995
11.5831
11.5599
11.564
11.5794
11.5986
11.5509
11.606
11.4113
11.404
11.365
11.4187
11.3949
11.4183
11.397
11.4215
11.4404
11.3979
11.406
11.4094
11.4064
11.4365
9.43953
8.72655
8.7314
8.85615
9.32385
8.75938
7.82266
11.2991
11.2547
11.2575
11.1844
11.2395
11.1763
11.1545
11.1899
11.2643
11.3479
11.2539
11.1157
11.1798
11.2463
11.2582
11.1798
11.1309
11.2083
11.1887
11.1688
11.217
11.2021
11.1897
11.2075
11.3394
11.3113
11.1528
11.1196
11.2839
11.2048
11.2274
11.1833
11.09
11.3157
11.338
11.3283
11.3594
11.3444
11.2677
11.3346
11.2013
11.17
11.1514
11.2042
11.1966
11.18
11.2105
11.1847
11.1342
11.1006
11.123
11.1806
11.1374
11.1445
11.3722
11.2782
11.3526
11.3623
11.4084
11.2631
11.3214
11.391
11.3235
11.3154
11.2869
11.4016
11.3487
11.2918
7.05618
8.23921
7.71989
7.79156
6.98287
7.08889
7.86106
4.80538
4.24291
3.76618
4.26764
4.8266
4.25349
4.24188
4.65025
3.86078
3.87934
4.11152
4.19513
4.0677
4.61924
7.13476
6.78256
6.55045
6.83861
7.84591
7.49522
7.02059
5.95946
7.53136
6.48438
6.43977
6.66458
6.93062
5.87255
4.42456
3.67501
3.88705
4.03473
3.93981
3.52328
4.46581
3.35415
4.48649
4.31096
3.04394
3.13507
2.42545
3.7719
6.30388
5.64501
4.43474
3.33836
4.40263
4.07568
4.08923
4.70363
3.59796
2.49428
3.59933
2.70777
2.19652
1.9692
3.17022
3.14692
-7.05656
6.01171
3.04977
2.61209
3.67037
2.90706
2.22496
1.75043
2.40094
1.75692
11.1628
11.147
11.2244
11.1423
11.1199
11.1536
2.07411
4.18323
2.96567
3.16465
3.36962
1.87186
3.07559
-2.1903
-1.81836
-1.22158
-1.07155
-1.46511
-1.44871
-1.32579
-1.19217
-1.48088
5.04921
4.11281
2.26211
1.38109
1.56364
1.80423
3.994
0.343919
-0.411418
0.187565
0.0658492
0.119819
0.232719
0.344526
0.0899945
-0.0779548
-1.23957
-2.34477
-0.0901176
-1.30687
-0.949552
-1.76771
-1.70941
-2.07244
-1.8332
-0.950108
-2.14258
-0.993761
-0.910645
-0.967446
8.47349
8.7865
7.96645
8.18734
8.3736
8.41241
8.47485
9.67553
9.85599
7.70994
9.88586
9.70156
9.72267
9.85173
8.94793
9.21446
8.87458
8.85222
9.16316
8.90586
9.20659
9.35745
9.53804
9.63392
10.1223
9.59378
9.3045
9.66908
8.17111
7.33792
7.21045
7.47801
8.03792
7.3401
7.63268
-1.31621
-1.22774
-1.18259
-1.3126
-1.35269
-1.14789
-1.30256
-0.462019
-0.507997
-0.807394
-0.235268
-0.584381
-0.387695
-0.623642
-1.41896
-0.833884
-0.921111
-1.4298
-1.39557
-1.42159
-0.976184
-1.32634
-1.1065
-1.0171
-1.29223
-1.33354
-1.13194
-1.32567
-0.33123
-0.796942
-0.750556
-1.06869
-0.799847
-0.772051
-1.0565
-0.751332
-0.831579
-0.857738
-0.630157
-0.694418
-0.859725
-0.759644
10.2856
10.5384
10.1366
10.3393
10.3501
10.2675
10.1871
10.6585
10.7321
10.4338
10.6031
10.6152
10.6336
10.9369
10.3586
11.2261
10.3829
10.1646
10.3687
10.3772
10.338
10.3661
10.1605
10.6028
10.3534
10.4023
10.3949
10.3883
10.5998
10.3753
10.271
10.2367
10.0127
10.1641
9.78984
10.0136
8.0885
9.9879
9.72206
9.82186
9.76923
9.95389
-1.06689
-0.86779
-0.803054
-1.17892
-1.19546
-1.05207
-0.853115
-0.784614
-0.853114
-0.757745
-0.742463
-0.902329
-0.72179
-0.540326
-0.432709
-0.821072
-0.871103
-0.682608
-0.477628
-0.646647
-0.417143
-0.448492
-0.127433
-0.110556
-0.259881
-0.419716
-0.211537
-0.304791
-0.650047
-0.702875
-0.627011
-0.897747
-1.02546
-1.03925
-0.9817
-0.585706
-0.592125
10.7133
11.0458
10.0159
10.7396
10.7328
10.7537
10.4884
10.7177
10.6833
10.7237
10.985
10.5085
10.3624
10.4674
10.9643
10.5387
10.3852
-0.101668
-0.0800165
0.0516122
-0.205823
-0.125458
0.116283
-0.254049
-0.140423
-0.251905
-0.242191
-0.226438
-0.134368
-0.2771
-0.244474
0.284184
0.366726
0.516408
0.135054
0.118157
0.321275
0.472927
0.0519906
-0.161599
-0.175837
12.3142
12.272
12.3183
12.2717
12.2615
12.324
12.3101
12.1686
12.1556
12.1273
12.1277
12.1166
12.0909
12.1199
12.143
12.1485
12.1352
12.1317
12.1728
12.13
12.1238
12.1574
12.1574
12.1517
12.1502
12.1399
12.1462
12.1391
12.1458
12.1496
12.1371
12.1404
12.1499
12.141
12.1365
12.2399
12.2078
12.2637
12.162
12.1496
12.148
12.1742
12.1808
12.1462
12.1764
12.2105
12.2627
12.1752
12.1909
12.3422
12.2864
12.2187
12.2705
12.0998
12.1033
12.0883
12.12
12.0774
12.0994
12.1035
12.1247
12.1274
12.1134
12.0617
12.1266
12.0613
12.0807
12.1598
12.1305
12.1212
12.129
11.8541
11.8042
11.8714
12.0104
11.6534
11.7582
11.7137
11.7746
11.6398
11.7798
11.6566
11.7588
11.865
11.7516
11.824
11.7582
11.9768
11.946
11.9158
12.019
11.8436
11.9038
11.7883
11.8272
11.7834
11.9489
11.9132
11.9333
11.9192
11.8692
11.9111
11.8712
12.0003
11.8959
11.8888
12.0864
12.0472
11.9797
12.0009
11.8015
11.6255
11.806
11.8964
11.774
11.8966
11.7933
11.812
11.6195
11.8126
11.9227
11.8122
11.9329
11.8073
11.9706
11.953
11.9585
11.9803
11.9519
11.9681
11.9175
11.9752
11.9613
11.9649
12.0331
12.0112
11.9723
11.9892
12.042
12.1283
12.1175
12.0701
11.953
11.9213
12.1003
11.8174
11.9485
11.5524
11.8327
11.8219
11.94
11.8239
11.9715
11.8617
11.5485
11.851
11.8293
11.9983
11.8391
12.1462
12.1481
12.3128
12.3138
12.2358
12.0595
12.2552
12.0657
11.8743
11.5766
11.8699
11.9301
12.0073
11.9059
12.0482
12.0063
12.169
12.1065
11.6011
11.9618
11.9592
12.3745
12.3363
12.3442
12.4169
12.2933
12.4151
12.3673
12.2954
12.2163
12.2097
12.2536
12.2531
12.2439
12.281
12.3297
12.2928
12.2423
12.364
12.2797
12.4009
12.3237
12.6884
12.4928
12.4458
12.5206
12.5324
12.5688
12.5952
12.6462
12.4653
12.6521
12.3816
12.5646
12.8783
12.7706
12.7776
12.6291
12.9421
12.6894
12.6574
12.9428
12.5222
12.8331
12.8084
12.7268
12.73
12.9931
12.3157
11.325
11.5276
11.5424
11.4935
11.4771
11.4944
11.4469
11.5001
11.455
11.5068
11.4825
11.521
11.5135
11.5241
11.5018
11.3848
11.5792
11.5486
11.5477
11.4378
11.4727
11.4755
11.6002
11.5313
11.411
11.4679
11.5741
11.4917
11.5255
11.6115
11.5932
11.5527
11.6945
11.5712
11.7047
11.5967
11.5185
11.3864
11.5295
11.5264
11.3643
11.5187
11.366
11.5219
11.4926
11.3544
11.306
11.5242
11.4922
11.3545
11.5322
11.5467
11.2982
11.6968
11.4302
11.7041
11.5225
11.433
11.4801
11.1251
11.2647
11.3927
11.4833
11.1899
11.3811
11.2137
11.0707
11.021
11.3536
11.3245
11.1141
11.4103
11.4051
10.9447
11.635
11.0621
11.6629
11.3683
11.1815
11.1539
10.56
10.9105
10.9814
11.2585
10.794
11.105
10.7556
10.4656
10.5484
10.9196
11.023
10.6723
11.6807
11.3028
11.3829
10.6872
10.7508
11.6594
11.3
10.8785
10.6861
9.79239
10.4241
10.5131
10.955
10.3067
10.8193
10.3218
9.68463
10.1054
10.4548
10.7646
10.1989
11.5814
11.8788
11.8322
11.3942
10.7827
10.7197
11.429
10.7081
10.2893
9.09079
10.0144
10.2506
10.7331
9.96032
10.7027
10.2938
9.03408
9.88579
10.2552
10.6956
9.90834
11.6481
10.748
11.903
11.9934
11.572
10.8452
11.5365
10.6741
10.3114
8.92117
9.87044
10.374
10.7105
9.86931
10.2922
10.7244
8.92415
9.87351
10.3687
10.6312
9.84021
11.1351
10.7212
11.4547
11.5369
11.1639
11.137
10.826
11.1142
10.8049
11.1188
10.9311
10.1952
8.8779
10.0784
10.4931
9.79439
10.5165
9.79416
9.63211
8.86687
9.88678
9.41394
10.4404
10.2477
9.62822
11.0518
10.4394
10.4897
11.7288
11.1227
11.3333
10.9381
9.9671
10.335
10.0049
9.70756
9.50932
8.97694
9.44646
9.01016
9.43365
9.89664
9.36026
11.3417
11.293
11.2915
11.2827
11.2822
11.347
11.3378
11.2658
11.2324
11.2219
11.2887
11.2475
11.2188
11.288
11.267
11.2718
11.2514
11.2658
11.2586
11.2775
11.3004
11.2803
11.2835
11.2761
11.3777
11.1458
11.2395
11.3967
11.3538
11.3313
11.3395
11.193
11.1404
11.1964
11.1574
11.1987
11.0413
11.1921
11.1489
10.9954
11.1625
10.9889
11.1039
11.067
10.9606
10.8495
11.1397
11.0459
10.9288
10.9663
11.251
10.8103
11.135
10.9662
11.2092
10.8563
10.8787
11.0316
10.6143
10.7483
10.9126
10.976
10.6291
10.7622
10.6754
10.5363
10.2887
10.8596
10.6241
10.4752
10.4142
10.9076
10.1087
10.6964
10.4171
10.8317
10.2241
10.2643
10.5942
9.79688
10.07
10.3281
10.4548
9.80208
9.13888
10.0352
9.86705
9.64006
10.2176
9.77924
9.49212
9.48684
10.2236
8.97078
10.0119
9.44141
10.1984
9.22489
8.21792
8.6933
8.23542
9.16384
9.72356
9.2752
9.4944
7.93174
7.17063
7.66248
8.83052
8.5526
9.10305
8.44442
8.42784
9.30717
7.72698
9.30081
8.16185
9.45592
8.21056
5.87357
6.45485
6.05836
7.64018
8.34656
7.77526
8.07124
5.58441
5.22316
5.55915
7.30677
7.0713
7.58062
7.00864
7.73433
8.44278
6.7579
8.86244
7.08968
8.9297
7.64696
4.91885
6.557
6.90708
4.51677
6.48566
6.73146
4.77027
6.39071
6.03283
4.43557
4.60112
6.35733
6.28727
4.66018
7.47906
8.22468
6.34575
8.67401
6.3859
8.71302
7.46001
6.13987
5.92619
3.9354
4.58255
5.68938
6.21199
4.56228
6.08624
5.55554
3.86818
4.55077
5.62325
6.03735
4.54143
8.10952
6.45303
8.20053
7.2576
7.37634
6.38861
8.38752
5.95659
5.53895
3.61226
4.54894
5.57063
5.9907
4.56295
5.5874
4.591
5.82736
5.91233
3.60091
5.57353
4.58208
7.69321
7.30448
7.67662
8.07293
7.32509
8.18533
7.59246
7.33307
6.7021
6.37429
6.8071
7.35032
6.53918
6.74199
7.19511
6.26875
6.40702
6.57936
6.39864
7.15819
6.63463
6.50395
5.39256
5.83226
5.80025
7.00086
6.04884
5.70216
6.41827
6.55006
5.38888
-2.53516
5.63618
6.25747
5.36126
5.77454
4.79545
6.796
7.27603
6.6885
6.7726
5.07666
6.2251
6.76014
6.05752
5.48655
7.24214
11.1648
11.1532
11.1729
11.0723
11.0809
11.0975
11.0399
11.1426
11.0395
11.1215
11.0874
11.0804
11.125
11.0206
11.0776
11.077
11.0674
10.9556
11.1127
11.0389
10.9887
11.1897
11.1341
11.1527
11.1757
11.1238
11.1182
11.1285
11.1029
11.0218
11.0681
10.9503
10.9291
11.0005
10.9008
10.9583
11.0592
10.9212
10.9195
11.0052
11.0011
10.8722
10.9078
10.9028
10.8888
10.7464
10.9816
10.8404
10.816
10.6617
10.9091
10.5739
10.7186
10.7368
10.8235
10.5349
10.6719
10.8681
10.6139
10.6665
10.7523
10.7666
10.5705
10.5582
10.5291
10.5537
10.3116
10.6997
10.4266
10.4519
9.99481
10.4404
9.78669
10.0496
10.146
10.27
9.73069
10.0822
10.4536
10.0126
10.1501
10.1934
10.2726
9.95543
9.44871
9.87359
9.70955
9.90885
10.0966
9.59923
9.72174
8.12389
8.66011
8.00092
8.56587
9.45884
8.90013
9.13761
8.82867
9.13476
8.73524
8.88301
9.5722
9.0756
9.29469
8.19528
8.61081
7.71258
7.75655
8.31061
8.46312
8.87928
7.30289
8.16381
7.49889
7.4137
7.71635
7.70855
6.94508
7.52824
8.18107
7.45773
7.49638
7.80739
7.86132
7.17584
7.03445
6.17747
7.28762
7.01599
7.57558
6.74267
6.65966
3.37169
5.32122
4.09683
4.27445
4.56503
4.1721
3.08802
3.18536
4.11192
1.76893
1.0931
3.7934
3.62349
1.37347
2.28461
3.33243
0.478665
0.233033
2.96926
1.95186
0.306068
0.795903
3.42832
1.15293
2.85416
1.00518
2.85671
0.882806
-0.299108
-0.87657
-1.46061
-0.690157
-1.36335
-0.700384
0.0287394
-0.795111
-1.07609
-1.30644
-0.607546
0.371055
0.114677
-0.578475
1.30661
3.08292
1.41267
2.99279
1.3288
2.94281
1.46578
-0.873945
-0.17761
0.451258
-0.382989
0.66308
-0.396506
-0.685945
0.0428703
0.878526
-0.314894
-0.324739
0.716605
0.250853
-0.503134
3.14231
1.84228
2.88966
1.45974
1.45577
3.12796
1.94451
0.609852
0.91407
0.100334
-0.192456
0.995401
0.450732
-0.0132111
0.744052
1.02845
0.139408
0.236238
0.994841
0.885726
0.113156
3.06659
3.0711
3.14789
2.10701
1.70076
1.59138
2.09925
1.06737
1.02653
0.275909
0.321126
1.03733
0.986698
0.406831
1.08608
1.12823
0.281782
0.478098
1.04965
1.12385
0.462656
2.20942
1.65749
2.0471
2.4596
1.55182
1.79069
1.70579
0.98397
1.16377
0.331405
0.47152
1.09002
1.07967
0.438597
0.634545
0.151854
0.594256
0.838129
0.338072
1.03387
0.330964
2.26194
1.35857
1.93714
2.41074
1.48948
1.71835
1.61051
1.72612
3.26262
2.98455
2.30763
2.07812
2.41399
1.75985
1.56057
0.797113
1.14746
1.47211
1.74003
0.354922
1.24354
1.33803
-1.72698
1.68694
0.876137
0.316339
1.37926
1.02268
1.02757
1.6411
1.37537
2.81854
2.2594
0.560883
1.68671
-1.93301
-3.01173
-1.85188
-1.96107
-1.53739
-1.41886
-2.6952
-1.35205
-1.60529
-0.942427
-1.40282
-1.22968
-1.09691
-1.34584
-1.72798
-1.00229
-1.40099
-1.45734
-1.39132
-1.16879
-1.44426
-0.783729
-0.704008
-1.02029
-0.628412
-1.11314
-0.829533
-0.579283
-0.541444
-0.688515
-0.232246
-0.497358
-0.382599
-0.261027
-0.296044
-0.347361
-0.398349
-0.520313
-0.452646
-0.372298
-0.374456
-0.430494
-0.136419
-0.298346
-0.256825
-0.128995
-0.227304
-0.263296
-0.228872
-0.341782
-0.293705
-0.208383
-0.204516
-0.252025
-0.0350942
-0.214048
-0.177976
-0.0286712
-0.135128
-0.16363
-0.108831
-0.163827
-0.108667
-0.0952625
-0.0418864
-0.0915967
0.0466755
-0.124578
-0.103259
-0.0796103
0.0554814
-0.0927024
11.0513
11.0853
10.9884
11.0899
10.9057
10.97
10.9107
11.0746
10.9597
10.9286
11.019
10.9724
10.8706
10.9096
11.0816
10.9756
10.8829
11.0351
10.9344
10.8549
10.8844
10.9595
10.9558
10.7916
11.019
10.8497
10.8191
10.715
10.8823
10.7218
10.7041
10.8206
10.7761
10.6434
10.7591
10.9306
10.788
10.7593
10.8554
10.8012
10.7112
10.5858
10.7018
10.7279
10.7619
10.8246
10.6341
10.6558
10.3481
10.5418
10.2671
10.2776
10.4704
10.411
10.2171
10.4737
10.5141
10.4226
10.4702
10.6866
10.5714
10.5577
10.4147
10.2022
10.3386
10.3673
10.3515
10.5181
10.2662
9.41423
9.50647
9.49212
9.68758
9.93426
9.82459
9.75168
9.91174
10.0971
10.0091
9.98005
10.2807
10.1166
10.1199
9.69243
9.79106
9.56561
9.57996
9.76515
9.89303
10.0692
9.54248
9.73187
9.59399
9.51351
9.71841
9.84969
9.87513
9.04798
9.27243
8.84825
8.93265
9.08094
8.95559
8.92234
9.41303
9.57062
9.26755
9.40347
9.43797
9.75356
9.34823
9.15711
9.4002
9.08172
9.1515
9.24828
9.09781
9.22604
7.905
8.04366
7.15215
4.92521
7.41725
9.44046
8.30567
8.39606
7.69674
7.33562
7.46082
7.70862
8.00226
8.017
7.8778
7.28234
6.69803
7.1179
7.34122
8.12447
8.30957
-1.35923
-1.00894
-1.06394
-1.27859
-1.25649
-1.08877
-1.37741
-1.31402
-1.14189
-1.13163
-1.34209
-1.12928
-1.31878
-1.31903
-1.3173
-1.11542
-1.13698
-1.33014
-1.12571
-1.33101
-1.33533
-1.08416
-1.06266
-1.21686
-1.29787
-1.092
-1.00506
-1.34338
-1.05572
-0.573952
-0.759063
-0.709008
-0.901861
-0.85681
-0.980743
-1.09063
-1.01731
-1.15757
-1.10225
-1.09647
-1.04338
-1.03123
-0.97942
-1.05705
-1.01958
-1.10323
-0.857183
-1.0007
-0.993533
-0.69879
-0.809684
-1.04651
-1.07362
-1.09606
-1.04498
-0.691783
-0.564804
-0.0964053
-0.361957
-0.196244
-0.500469
-0.319543
-0.45935
-0.686447
-0.913982
-0.92745
-0.817828
-0.811704
-0.642319
-0.975513
-0.633311
-0.674513
-0.80353
-0.740992
-0.447
-0.591177
-0.620061
-0.209384
0.0866785
-0.159856
0.0430573
-0.207987
0.0106293
-0.165265
-0.591158
-0.403588
-0.404893
-0.308904
-0.29322
-0.503243
-0.46127
-0.328191
-0.200819
-0.269023
-0.279837
-0.26953
-0.266672
-0.359577
-0.228675
-0.210744
0.0639124
-0.204049
-0.156872
-0.0794101
-0.263213
-0.218573
-0.189952
-0.0690492
-0.206077
-0.165567
-0.241517
-0.148898
-0.227898
-0.20649
-0.0539971
-0.0967565
-0.1739
-0.256786
-0.131512
-0.790697
-1.69945
-1.26491
-0.640346
-0.494038
-0.386622
-0.842344
-0.422608
-0.218936
0.00469756
-0.112638
-0.30008
-0.34706
-0.108359
-0.598881
-0.51581
0.00738251
-0.150748
-0.347819
-0.701772
-0.146486
-5.08102
-2.74177
-5.24165
-1.10842
-1.37361
-1.27512
-0.821451
-0.992898
-0.65999
-0.0991208
-0.219826
-0.970078
-0.974216
-0.206756
-1.34946
-1.14934
-0.119032
-0.17192
-1.09254
-1.11263
-0.248407
-2.36707
-2.08365
-2.18823
-1.22051
-0.990076
-1.09814
-1.05809
-2.59299
-3.67645
-3.93737
-1.34774
-0.805793
-1.00643
-1.14682
-1.60496
-0.479389
-1.0513
-1.74268
-1.19739
-1.92092
-0.449542
-0.946358
-1.10335
-0.0984088
-0.159084
-0.971811
-1.11172
-0.0910127
-0.874674
-0.777861
-0.0789805
-0.0491869
-0.899332
-0.7598
-0.0686703
-1.00855
-0.797654
-0.697689
-0.694745
-0.792515
-0.856557
-0.822004
-0.518154
-0.73368
-0.0966717
-0.0621021
-0.681744
-0.651657
-0.0877879
-0.40625
-0.563293
-0.0856908
-0.128426
-0.638523
-0.314758
-0.116174
-0.537914
-0.507114
-0.440524
-0.462057
-0.506292
-0.430503
-0.411406
-0.216579
-0.521693
-0.101698
-0.126573
-0.462743
-0.25137
-0.110617
-0.224321
-0.367159
-0.0860462
-0.0818186
-0.4258
-0.25609
-0.094381
-0.348339
-0.320996
-0.274358
-0.348926
-0.329608
-0.393271
-0.288855
-0.28265
-0.335993
-0.047629
-0.0822123
-0.276925
-0.271748
-0.0751017
-0.288481
-0.205603
-0.0332657
-0.0902641
-0.248496
-0.283208
-0.0879342
-0.189203
-0.205673
-0.151556
-0.180019
-0.193824
-0.252111
-0.159519
-0.254857
-0.187506
0.00619061
-0.102876
-0.143715
-0.287436
-0.0928114
-0.255049
-0.086763
0.0121116
-0.0839441
-0.127542
-0.17622
-0.10954
-0.0716079
-0.06806
0.0342291
0.0363558
-0.0897612
-0.0938345
-0.0537167
0.0325465
-0.0741947
0.0367405
-0.126122
-0.0396826
-0.132464
-0.0600278
-0.0118139
0.0458481
0.243222
0.0302948
0.035292
-0.0331281
-0.127842
-0.0998245
-0.0167809
-0.0691485
-0.0995913
-0.0417263
-0.0653192
-0.126452
-0.0925673
-0.039214
-0.0575883
-0.194925
-0.0495471
-0.0988999
-0.146299
-0.0695045
-0.129629
-0.0420096
-0.0415285
-0.0199449
-0.0900598
-0.150303
10.9614
10.8664
10.8096
10.9604
10.7486
10.7841
10.789
10.96
10.8639
10.7644
10.9195
10.8037
10.7652
10.7595
10.9542
10.872
10.7432
10.9235
10.7817
10.7536
10.7105
10.7532
10.8993
10.8733
10.9251
10.7271
10.7349
10.5794
10.5923
10.5683
10.6225
10.7803
10.7217
10.6414
10.6647
10.6879
10.6388
10.6904
10.8943
10.8286
10.712
10.7857
10.594
10.6002
10.597
10.603
10.6477
10.8124
10.4637
10.6125
10.4437
10.4631
10.491
10.4702
10.4231
10.5808
10.7106
10.4824
10.5489
10.5815
10.6657
10.5355
10.5401
10.6885
10.4089
10.4605
10.6731
10.5352
10.4941
10.1826
10.4428
9.69309
10.1406
10.1793
10.0614
10.1994
10.2514
10.5437
10.1218
10.3816
10.6163
10.3456
10.2654
10.253
10.4101
10.7128
10.2244
10.3854
10.2648
10.3852
10.2592
10.1109
9.99578
10.4635
9.96523
10.5496
10.2136
-1.16197
-1.00262
-0.957151
-1.21837
-1.22609
-0.996061
-1.15178
-0.870273
-1.12359
-0.974518
-0.933666
-1.00918
-1.01048
-1.12254
-1.00974
-1.1304
-0.949366
-0.940327
-1.09296
-1.07214
-0.986805
-0.9838
-1.04395
-0.906386
-0.736556
-0.629754
-1.06211
-1.05801
-0.672955
-0.874475
-1.00483
-0.748152
-0.636633
-0.878121
-0.67227
-1.00934
-0.861962
-0.94216
-0.605881
-0.568529
-0.778191
-0.677218
-0.96364
-0.800316
-0.235137
-0.261409
0.0467382
-0.231906
-0.084369
-0.341974
-0.124753
-0.241145
0.163937
-0.277017
-0.290959
-0.120488
-0.271095
-0.0917383
0.223322
0.0629947
0.0395786
-0.141782
0.092297
-0.0432767
-0.0374708
0.111821
-0.00214676
0.341832
0.0166568
0.241799
-0.0296977
0.185963
0.21238
0.14981
0.140948
0.539012
0.263134
0.0511569
0.323109
0.233881
0.419969
0.589486
0.491452
0.301963
0.322427
0.41061
0.30829
0.122467
0.572348
0.0084632
0.493063
0.0144796
0.35795
0.442582
0.458814
0.883002
0.571243
0.566722
0.372071
0.630686
0.484441
0.689179
0.916313
0.756092
0.596946
0.541472
0.694194
0.442732
0.118733
0.733287
-0.0190293
0.66857
-0.0591507
0.484463
0.629112
0.712826
1.16556
0.809906
0.798785
0.577847
0.869793
0.664237
0.898501
1.19375
0.972282
0.819368
0.706556
0.916228
0.556414
0.188811
0.812479
0.103179
0.802594
0.0634429
0.567592
0.771518
0.920148
1.38288
1.01659
0.97577
0.736655
1.06267
0.796286
1.00976
1.39941
1.12365
0.987681
0.819212
1.09524
0.540714
0.15423
0.734733
0.212058
0.778232
0.194006
0.521855
0.841729
1.00975
1.46706
1.13871
0.995877
0.832742
1.14642
0.84102
0.943902
1.46099
1.12976
0.984843
0.833606
1.14193
0.447845
0.0921859
0.592265
0.170053
0.648531
0.1954
0.420049
0.790431
0.925705
1.36959
1.10675
0.866876
0.815709
1.07699
0.754717
0.775947
1.34223
0.99204
0.844121
0.714153
1.03742
0.317594
0.0905231
0.450844
0.0620352
0.503202
0.0815581
0.285672
0.616934
0.751215
1.12645
0.93783
0.679878
0.666201
0.879784
0.561927
0.582665
1.08503
0.748983
0.654464
0.511667
0.814749
0.175094
0.104476
0.30788
0.0383542
0.362836
0.0189349
0.162538
0.412473
0.55698
0.798193
0.677425
0.484638
0.457692
0.609314
0.35675
0.382717
0.749693
0.470299
0.458127
0.323142
0.532803
0.129856
0.155449
0.134708
0.0396571
0.0888891
0.201884
0.0258336
0.253252
0.353997
0.416062
0.384462
0.271909
0.259432
0.343079
0.144166
0.24861
0.214308
0.156523
0.356682
0.238254
0.229111
0.045284
0.0347779
0.0222591
0.047434
0.0265715
0.0469321
0.0364744
0.0921928
0.0845857
0.0708752
0.143211
0.0698076
0.0922116
0.130734
0.088144
0.113266
0.0277818
0.0182539
0.0306712
0.0886456
0.122382
10.7273
10.7194
10.9135
10.7346
10.691
10.9862
10.5205
10.7736
10.7632
10.5567
10.7033
10.6166
10.9139
10.4617
8.38684
10.7396
10.9473
10.5865
10.6122
10.2557
10.6519
10.4613
10.8206
10.4595
10.5511
10.4778
10.4809
10.381
0.0813437
0.178915
0.307307
-0.0237287
-0.075007
0.243707
0.0990863
0.651248
0.61926
0.53521
0.987124
0.921934
0.855063
1.28668
1.16406
1.10539
1.50765
1.34399
1.30782
1.59061
1.39769
1.39852
1.48791
1.27472
1.32165
1.21586
0.999101
1.07803
0.837061
0.648639
0.73409
0.323347
0.382224
0.345099
0.411421
-0.0738505
-0.0815063
0.318521
-0.0747557
0.301645
0.421795
12.0843
12.094
12.0636
12.0636
12.083
12.082
12.0708
12.0856
12.0657
12.0451
12.0573
12.0382
12.0401
12.0609
12.0598
12.0423
12.0689
12.0633
12.0518
12.0474
12.0726
12.0788
12.1044
12.0745
12.0639
12.0767
12.0844
12.0592
12.08
12.0927
12.1026
12.0885
12.109
12.0792
12.0763
12.1295
12.0876
12.126
12.0902
12.1121
12.1272
12.0878
12.0019
11.9769
11.9534
11.964
11.9589
11.9589
12.0034
12.0735
12.0298
11.8978
12.0849
12.0187
12.0346
11.9087
12.115
12.0373
12.1052
12.0492
11.9461
12.0829
11.9181
11.8189
11.8086
11.939
11.949
11.5415
11.8174
11.8195
11.9683
11.8508
11.8614
11.5345
11.9741
11.8416
11.8325
12.1506
12.1189
12.1785
12.1562
11.963
12.1131
12.0206
12.2901
12.1389
12.132
12.2378
12.2863
12.2134
12.0448
12.0439
11.865
11.875
11.5857
11.9975
11.8956
11.9306
11.9894
12.0433
12.1388
12.0861
11.6003
11.9319
11.9537
12.4448
12.345
11.9305
12.2821
12.1495
11.8278
12.1251
12.0333
11.5963
11.7693
11.7241
12.07
12.07
12.3292
11.7354
11.6476
12.0058
11.6215
12.0722
12.4189
12.0488
12.3012
12.0718
12.3987
12.3326
12.2009
11.5421
11.7324
11.5883
11.5926
11.607
11.625
11.5242
11.7522
11.753
11.628
11.673
11.6298
11.6722
11.6223
11.6058
11.7673
11.668
11.6675
11.6737
11.6664
11.6042
11.663
11.6859
11.5713
11.6065
11.5913
11.6388
11.5569
11.6318
11.5963
11.5486
11.7041
11.5617
11.5701
11.5607
11.7096
11.6055
11.7052
11.5819
11.5436
11.5875
11.5593
11.395
11.5162
11.5377
11.5391
11.3632
11.3725
11.5201
11.5318
11.3166
11.4793
11.3494
11.4968
11.3659
11.516
11.7188
11.5373
11.7091
11.5723
11.532
11.5812
11.4546
11.6928
11.5254
11.7058
11.5463
11.2836
11.5205
11.4203
11.4346
11.2615
11.4631
11.117
11.4713
11.2003
11.3799
11.3884
11.028
11.1952
11.0634
11.3217
11.1175
11.344
11.6862
11.4419
11.4108
11.2342
11.6654
11.487
11.0991
11.4092
11.6403
11.3935
10.9261
11.6513
11.3656
11.0494
11.1794
10.9186
11.1355
10.5502
11.2588
10.8064
10.9645
11.1081
10.563
10.7352
10.4538
11.0273
10.6824
10.903
11.3132
11.6371
11.392
10.8831
11.6362
11.343
10.7969
11.6675
11.297
11.3987
10.7231
11.6461
11.2859
10.7684
10.88
10.4376
10.6726
9.79212
10.9495
10.3194
10.5245
10.8119
10.0981
10.3593
9.68892
10.7525
10.1994
10.4727
11.6981
11.5487
11.7333
11.3226
10.7124
11.3014
10.719
11.8406
11.5716
11.7672
11.351
10.7919
11.3888
10.7316
10.6837
10.0083
10.3242
9.08025
10.7077
9.93376
10.2596
10.6633
9.83979
10.2602
9.00897
10.6801
9.89191
10.25
11.1023
10.6671
11.3724
11.4627
11.0583
11.099
10.7841
11.8641
11.6435
11.8854
11.4578
10.8234
11.4333
10.8703
11.8477
11.6121
10.7544
11.9153
11.5114
11.5104
10.8477
10.6559
9.83462
10.2882
8.87442
10.6735
9.82008
10.3171
9.80532
10.2694
10.6078
10.6448
8.90079
9.82532
10.3288
10.1977
11.1726
10.7719
10.5012
10.8278
10.6822
10.2524
11.251
10.6876
11.6485
11.3438
11.8362
11.2823
10.59
11.4104
11.3907
11.2201
11.2753
11.277
11.3622
11.3235
11.3645
11.3463
11.2362
11.359
11.2237
11.2143
11.2251
11.3297
11.3535
11.3526
11.1934
11.1486
11.1638
11.2183
11.0488
11.205
11.1984
11.1528
11.0025
11.0037
11.161
11.1074
10.8639
11.0695
10.9621
11.05
10.9431
11.1459
11.3016
11.0553
11.2616
11.1233
11.2629
11.1175
11.0166
10.9702
11.1368
11.2444
10.8114
11.2174
10.8713
10.9717
10.8734
10.7639
11.0387
10.613
10.9744
10.6371
10.9115
10.7654
10.2957
10.6766
10.534
10.6245
10.4821
10.8591
10.5991
11.0575
10.9607
10.7414
10.9509
10.7463
10.5132
10.4267
10.7051
10.8985
10.1126
10.8348
10.2356
10.4185
10.2713
10.0811
10.5967
9.79417
10.4657
9.81318
10.3329
9.15829
10.0462
9.87306
9.63697
9.79185
9.50616
10.2234
9.77806
10.555
10.3274
9.9884
10.3904
10.0113
9.6039
9.51277
10.0296
10.2191
8.97521
10.2152
9.25476
9.44929
8.71271
8.24748
8.2637
9.18439
9.73094
9.5093
9.28759
7.21409
7.9621
7.69617
8.8543
8.57111
8.47629
9.11597
8.71721
9.84206
9.43638
8.80131
9.65534
8.96764
8.31941
8.45719
9.30931
9.31627
7.72876
9.4703
8.23974
8.15795
6.4913
5.91912
6.10919
7.6785
8.36409
8.10485
7.79445
5.27895
5.62737
5.59338
7.34682
7.09179
7.05013
7.60008
7.87682
9.14853
8.52516
7.58589
9.03145
8.03521
7.21042
7.73839
8.84113
8.42469
6.74226
8.92021
7.63943
7.08314
4.95776
6.59713
6.92717
4.57366
6.77655
4.80197
6.50739
6.4252
4.62963
6.02707
4.47841
6.31613
4.69537
6.36818
7.49913
8.77936
8.09784
6.6218
8.70333
7.548
6.33229
8.64777
7.44193
8.1142
6.20219
8.68951
7.41554
6.26671
6.13866
4.60531
5.91123
3.95075
6.21407
4.56836
5.60348
6.09817
4.54476
5.42074
3.8661
6.04102
4.55768
5.51645
8.58419
8.11653
8.50908
7.36551
6.21307
7.38859
6.30338
8.18861
8.0862
6.43237
8.39755
7.24356
7.33672
6.33395
5.96744
4.54251
5.41711
3.48553
5.99927
4.54005
5.45251
4.56632
5.51971
5.85729
5.90767
3.50676
4.56544
5.48213
6.3618
5.61463
4.56238
5.53228
5.46358
5.65839
5.88559
5.35535
4.63319
5.22795
4.85029
6.10122
6.00233
6.90542
5.04722
4.41655
4.98531
4.45208
5.55093
6.84757
5.03135
5.88415
5.42946
6.5769
5.94536
6.08211
11.1389
11.1803
11.1605
11.181
11.0844
11.0832
11.1366
11.155
11.1745
11.1689
11.0715
11.1013
11.0512
11.1249
11.0306
11.1474
11.1182
11.099
11.0879
11.0117
11.1187
11.0761
10.9619
11.0736
11.0826
11.0446
10.9936
11.1166
11.1402
11.1196
11.1182
10.9982
11.0969
11.0258
11.0393
11.0331
11.1097
11.0764
10.9641
10.9263
10.9132
11.0158
10.9766
10.928
11.0687
10.9361
11.0116
10.8749
11.0197
10.9147
10.7532
10.9109
10.9047
10.8522
10.8228
10.9965
10.9822
10.7701
10.9535
10.8891
10.9098
10.8519
10.7841
10.6715
10.7266
10.9116
10.5658
10.8289
10.5497
10.7337
10.6836
10.6701
10.8678
10.6163
10.7764
10.5669
10.7494
10.5701
10.3056
10.5225
10.5578
10.4447
10.4498
10.7036
10.2252
10.6052
10.5173
10.4918
10.4536
10.4024
10.2502
10.0158
10.0551
10.4307
9.80492
10.2793
9.75296
10.1475
10.1013
10.1439
10.4446
9.98799
10.2935
9.95083
10.1949
9.45109
9.88335
9.74952
9.87313
9.61031
9.7296
10.0904
9.06065
9.80979
9.6325
9.65435
9.49182
9.44422
9.14499
8.67435
8.13843
8.03618
8.58756
9.46147
9.15813
8.92108
9.14824
8.8305
8.72926
8.90364
9.60257
9.30395
9.11954
7.72791
8.2175
8.62068
7.75945
8.30172
8.46324
8.90807
3.12164
0.724138
0.553571
0.662738
3.57904
2.94553
0.938864
0.805419
2.8857
3.4992
1.17448
2.90148
0.882331
1.00957
-1.46844
-0.279925
-0.884651
-0.710256
-1.36657
-0.685853
0.0737158
-1.07844
-0.802323
-1.30812
-0.607731
0.403347
-0.578085
0.153633
1.18124
2.91343
3.15953
1.22637
2.93606
1.07098
1.33465
1.34605
3.02194
3.11118
1.42588
2.98491
1.49393
1.35749
-0.86595
-0.170817
0.482141
-0.363184
-0.373679
-0.695522
0.688848
0.0414655
-0.343301
0.887161
-0.298051
0.273254
-0.52013
0.74433
1.75836
3.07875
2.81185
1.43253
3.13184
1.62792
1.45226
3.19636
1.87659
2.81617
1.48046
3.16984
1.96005
1.45556
0.629593
-0.169734
0.930721
0.113341
0.452491
-0.00704726
1.01434
0.77297
0.257202
1.053
0.154482
0.891589
0.127776
1.02732
3.18836
3.07955
3.19307
2.08032
1.49482
2.03787
1.55605
3.07757
3.07588
3.1046
2.11147
1.69265
2.08473
1.5866
1.04715
0.340138
1.06054
0.302504
0.97936
0.423416
1.08652
1.07366
0.47492
1.13676
0.304352
1.12272
0.479898
1.08431
2.23501
1.32566
1.90949
2.38611
1.47321
1.70361
1.57954
2.9009
2.36058
2.68588
1.9193
1.73226
2.0512
1.7782
2.0365
2.17894
1.63847
2.44277
1.54978
1.78445
1.68358
0.978483
0.480439
1.16696
0.328611
1.0828
0.411042
1.08854
0.16519
0.62646
0.580154
0.835917
0.327554
0.332145
1.02565
0.740355
2.11892
0.682257
1.02143
1.79423
0.360961
1.1081
1.52268
0.403414
1.83237
1.96058
2.64123
1.10915
0.734267
11.0771
11.092
10.9814
10.9043
11.0978
10.9821
11.0421
10.936
11.0802
11.0789
11.0136
10.9631
11.0253
10.9103
10.937
11.073
10.9581
10.9812
10.8697
11.005
10.9151
10.8834
11.0852
10.9766
10.9503
10.8667
11.038
10.8787
10.7964
10.9567
10.9637
10.842
10.8266
11.0129
10.7677
10.8976
10.929
10.9319
10.8479
10.8254
10.8554
10.7126
10.7117
10.8958
10.7044
10.7893
10.6475
10.8198
10.7514
10.7536
10.9372
10.8097
10.7969
10.7025
10.856
10.5923
10.6945
10.7074
10.775
10.6165
10.6452
10.8234
10.4618
10.6321
10.6
10.6675
10.5324
10.5623
10.5194
10.3438
10.284
10.5457
10.2834
10.4211
10.2188
10.4651
10.512
10.4638
10.4227
10.4528
10.6748
10.545
10.5346
10.2139
10.4124
10.3286
10.3582
10.3616
10.2561
10.4869
9.546
9.73451
9.60037
9.52033
9.72464
9.85606
9.87767
9.9038
10.1298
10.0097
10.1825
9.94452
10.0616
9.9061
9.50543
9.40721
9.49745
9.69486
9.91138
9.75038
9.82239
10.0968
9.90753
10.0036
9.97796
10.293
10.1151
10.1118
9.56351
9.68594
9.7879
9.57513
9.76447
9.88955
10.0638
7.54738
6.5274
6.7608
6.68751
7.42508
7.97073
8.07869
7.96609
7.09194
7.37761
7.63838
7.11484
7.40231
8.16967
7.25148
6.42909
6.73866
6.43939
7.45318
8.12395
7.91517
-0.546071
-0.729636
-0.620241
-0.552593
-0.598355
-0.48727
-0.714421
-1.05561
-0.849352
-1.01567
-0.922756
-1.04896
-0.979607
-0.915308
-0.692443
-0.807289
-1.04979
-1.07523
-1.10142
-1.05721
-0.690077
-1.02227
-1.07037
-1.16656
-1.18418
-0.611474
-0.957557
-0.967657
-1.06466
-0.706613
-0.547613
-0.768893
-0.852218
-1.00237
-0.916843
-1.1636
-1.1012
-1.03087
-1.11084
-1.10817
-1.04706
-1.04116
-1.07913
-0.99248
-1.03399
-1.11492
-0.862597
-1.00106
-1.01002
-0.746455
-0.576984
-0.130049
-0.713314
-0.42507
-0.840068
-0.547727
-0.590381
-0.21115
-0.0847441
-0.344856
-0.319447
-0.453912
-0.492465
-0.942786
-0.684509
-0.933692
-0.82313
-0.81528
-1.00337
-0.635313
-0.660293
-0.630334
-0.815491
-0.736889
-0.435088
-0.591698
-0.582968
-0.245359
-0.111676
0.104805
-0.301641
-0.0358381
-0.341483
-0.196267
-0.186049
0.0661901
0.109486
-0.148371
0.018905
-0.151814
-0.175853
-0.589164
-0.385956
-0.388656
-0.307244
-0.476808
-0.456034
-0.271964
-0.322406
-0.257485
-0.187151
-0.266877
-0.25091
-0.358117
-0.244525
-0.155622
0.0710441
0.106721
-0.138489
0.0343846
-0.138939
-0.124112
-0.228209
-0.212762
0.0815505
-0.194009
-0.0562995
-0.261038
-0.142898
-0.199958
-0.191411
-0.178392
-0.060338
-0.227273
-0.136655
-0.150955
-0.210755
-0.0849384
-0.196303
-0.0441927
-0.243269
-0.11817
-0.15982
-0.467369
-0.604155
-0.743058
-0.476051
-0.211664
-0.360941
-0.325273
-1.68942
-0.789083
-1.25744
-0.634553
-0.488135
-0.83443
-0.381203
-0.413017
-0.100967
-0.210056
0.0148742
-0.335626
-0.0983888
-0.293576
-0.590612
-0.142625
-0.509805
0.0172719
-0.694423
-0.137168
-0.341884
-3.63566
-2.55724
-3.89466
-1.32563
-0.79328
-1.13296
-0.985053
-2.76499
-2.76826
-2.61167
-1.05249
-0.672835
-1.0326
-1.06381
-2.71649
-5.05553
-5.21008
-1.09236
-1.36252
-0.804407
-1.26474
-0.984459
-0.211145
-0.653654
-0.0914452
-0.966555
-0.197948
-0.961589
-1.33883
-0.161622
-1.1391
-0.111279
-1.10092
-0.238404
-1.0834
-1.72997
-1.50768
-1.68206
-0.557608
-0.637785
-0.46191
-0.616855
-2.54175
-1.68699
-1.98388
-0.548186
-1.36553
-0.778553
-1.25619
-1.72826
-1.59335
-1.90244
-0.464722
-1.04083
-0.436729
-1.18662
-0.934213
-0.149423
-1.09304
-0.0902226
-1.09975
-0.0811608
-0.961894
-0.862202
-0.0403109
-0.76897
-0.0707567
-0.747759
-0.059516
-0.889824
-0.134888
-0.222078
-0.34682
-1.00988
-0.133981
-0.687172
-0.867333
-1.48272
-1.10135
-1.09349
-0.666571
-0.97303
-0.516237
-0.841917
-0.687065
-0.997526
-0.841654
-0.788229
-0.688658
-0.811052
-0.783903
-0.506447
-0.0535978
-0.724788
-0.0879588
-0.639077
-0.0801311
-0.67258
-0.395523
-0.121532
-0.5554
-0.0769501
-0.306947
-0.108219
-0.629754
-0.259734
-0.521308
-0.614068
-0.167747
-0.332112
-0.130703
-0.0914594
-0.526308
-0.573093
-0.411003
-0.638855
-0.630883
-0.746648
-0.539221
-0.460933
-0.532228
-0.428471
-0.499598
-0.434943
-0.411797
-0.500371
-0.212836
-0.119364
-0.514203
-0.0928687
-0.244124
-0.106166
-0.455378
-0.221839
-0.0810058
-0.360818
-0.0774493
-0.255133
-0.0896604
-0.418897
-0.121143
-0.222489
-0.263062
-0.308224
-0.0329312
-0.0642838
-0.295416
-0.448969
-0.36912
-0.426639
-0.335451
-0.402442
-0.37053
-0.346086
-0.346182
-0.344277
-0.388221
-0.317698
-0.271121
-0.286449
-0.325919
-0.282981
-0.078052
-0.330178
-0.0409093
-0.268795
-0.0752023
-0.271583
-0.287695
-0.0911998
-0.201454
-0.0271887
-0.286796
-0.0867715
-0.243674
-0.0213152
-0.142658
-0.147058
-0.134883
0.00624205
-0.00862055
-0.122182
-0.313874
-0.206029
-0.273014
-0.228431
-0.252351
-0.27144
-0.205346
-0.175352
-0.186684
-0.248063
-0.204343
-0.149929
-0.160583
-0.19209
-0.253489
-0.103117
-0.184036
0.00883437
-0.284676
-0.0961245
-0.140848
-0.250996
-0.0899447
-0.0845602
0.0140681
-0.16848
-0.112478
-0.125128
0.0646032
0.0568419
-0.0561579
-0.0509272
-0.0789444
-0.0103453
0.0693651
-0.136741
-0.0830537
-0.0477258
-0.0769308
-0.139237
-0.153213
-0.100861
0.0355209
-0.0705959
-0.0676056
-0.0492978
0.037577
-0.0910107
-0.0929176
0.0428628
-0.132675
-0.0722291
0.0371294
-0.118588
-0.059276
-0.0382695
0.0538072
-0.0117202
0.246694
0.0488874
0.0354478
-0.12902
-0.0321153
10.873
10.9706
10.8121
10.767
10.9726
10.7854
10.7994
10.8507
10.9837
10.9616
10.8316
10.8102
10.934
10.7777
10.7867
10.9668
10.85
10.8095
10.7421
10.9205
10.7643
10.7725
10.9651
10.8738
10.7738
10.7636
10.9371
10.713
10.7589
10.8823
10.8652
10.7493
10.7341
10.9424
10.6753
10.7565
10.8261
10.8403
10.7197
10.7115
10.7653
10.6007
10.61
10.5784
10.6261
10.8012
10.6688
10.7471
10.6878
10.6787
10.6467
10.6964
10.8763
10.7238
10.835
10.6009
10.8326
10.6031
10.5972
10.6151
10.653
10.827
10.1197
10.0968
9.98461
10.6363
9.89424
10.5479
10.2321
10.1823
10.1866
9.92483
10.5939
9.96092
10.6234
10.1433
-1.07146
-1.01385
-0.642737
-0.834652
-0.907182
-0.677279
-0.740192
-0.779429
-0.725548
-1.16059
-1.11301
-1.02408
-1.07006
-1.09864
-0.853146
-0.772165
-1.02812
-1.0641
-1.03381
-1.06286
-1.07987
-1.0961
-1.00158
-0.538057
-0.269059
-0.521659
-0.347441
-0.307999
-0.422679
-0.129855
-0.234091
-0.217389
-0.262383
0.0528979
-0.323868
-0.121035
-0.0798529
-0.274105
-0.238224
0.169623
-0.273088
-0.105712
-0.259231
-0.0888249
0.0838696
0.229226
0.042102
-0.131163
0.0966966
-0.0251467
-0.0397106
0.0509432
-0.135639
-0.0163449
0.099819
-0.0735673
-0.0456984
0.21383
0.133351
0.0245989
0.00622941
0.363323
-0.0262749
0.20666
0.252555
0.217292
0.190922
0.147294
0.550823
0.0813419
0.318669
0.267877
0.258685
0.505871
0.438172
0.602828
0.324664
0.407561
0.316144
0.288209
0.0356424
0.130179
0.394839
0.0518539
0.243156
0.481771
0.318495
0.0152918
0.132222
0.582131
0.0224478
0.366842
0.50377
0.450812
0.578952
0.475681
0.895517
0.381811
0.640766
0.576449
0.493717
0.762944
0.698471
0.928324
0.545902
0.700597
0.606086
0.430401
-0.0248545
0.130532
0.596995
-0.0168532
0.385244
0.66062
0.452242
-0.0122565
0.125663
0.740933
-0.0520727
0.494245
0.676603
0.632583
0.822726
0.721611
1.17522
0.582478
0.884836
0.807168
0.6671
0.988198
0.904617
1.20185
0.710965
0.933603
0.826946
0.54869
-0.0033262
0.180357
0.75865
0.042986
0.516799
0.799953
0.562572
0.109993
0.195877
0.819004
0.0699094
0.573847
0.809358
0.776868
1.02638
0.925954
1.38776
0.7405
1.0712
0.981396
0.800135
1.12899
1.01494
1.40369
0.823517
1.10154
0.993099
0.561781
0.141614
0.160343
0.817627
0.175175
0.570803
0.79507
0.54504
0.216937
0.161875
0.741026
0.200375
0.525131
0.784575
0.845532
1.14268
1.01482
1.46933
0.836616
1.14923
1.00078
0.844395
1.13078
0.948664
1.46308
0.83588
1.1441
0.989694
0.477961
0.222118
0.0958616
0.725928
0.216102
0.502489
0.672089
0.45039
0.170982
0.100185
0.59806
0.198827
0.420015
0.654708
0.791466
1.10751
0.930427
1.37165
0.818224
1.07644
0.871489
0.756318
0.990121
0.780268
1.34397
0.713744
1.03726
0.848677
0.355019
0.142434
0.0895507
0.580484
0.111381
0.387947
0.525317
0.317977
0.0608841
0.0967958
0.454643
0.0823632
0.283043
0.507988
0.615294
0.936424
0.755424
1.12766
0.66691
0.876757
0.683651
0.561997
0.745187
0.585662
1.08599
0.509499
0.812777
0.658068
0.213794
0.0439819
0.104616
0.437021
0.038443
0.243942
0.383491
0.172865
0.0381141
0.107376
0.309091
0.0195828
0.158573
0.364961
0.40959
0.674654
0.559767
0.798796
0.457259
0.605141
0.486715
0.35594
0.466321
0.383989
0.750262
0.320297
0.529917
0.45997
0.12454
0.0220366
0.0945631
0.288421
0.0900919
0.10695
0.227276
0.152991
0.130204
0.133993
0.0372224
0.0894563
0.028802
0.202335
0.25058
0.381311
0.355114
0.416404
0.258356
0.339743
0.272691
0.246182
0.145058
0.21137
0.154998
0.357155
0.226236
0.23905
10.7125
10.7168
10.9459
10.7332
10.7278
10.9302
10.7392
10.5304
10.4022
10.4616
10.4308
10.514
10.9183
10.3897
10.6107
10.423
10.4808
10.3098
11.0219
10.4434
10.4109
10.4952
10.3701
10.5075
0.344916
0.607335
0.471076
0.632346
0.661235
0.551423
0.711729
0.958866
0.788048
0.934194
0.998623
0.870084
0.991419
1.26241
1.0523
1.1686
1.29413
1.1079
1.22031
1.49172
1.2724
1.3473
1.51055
1.31059
1.3712
1.5958
1.39255
1.39846
1.5915
1.40021
1.38394
1.51539
1.35815
1.27285
1.48791
1.32093
1.21554
1.26125
1.14893
0.995658
1.21537
1.07564
0.910981
0.892755
0.823951
0.645121
0.836763
0.73118
0.541457
0.450799
0.47057
0.321035
0.382228
0.342222
12.1655
12.1773
12.1764
12.1714
12.1693
12.1253
12.1128
12.112
12.1341
12.1356
12.1733
12.1747
12.1735
12.1686
12.1696
12.1383
12.1105
12.1072
12.1291
12.1292
6.0373
7.36243
7.0784
7.00946
6.68484
6.36441
6.86615
5.01046
5.46036
4.51695
3.15135
4.56094
5.84956
3.53383
5.85837
5.3123
6.75902
5.856
6.1173
6.93575
4.83108
7.0019
7.47887
7.48677
7.53963
7.36369
7.19705
7.28063
6.82642
6.94535
7.38425
6.52322
7.1755
7.48493
6.2963
6.39943
6.21404
7.46194
6.62657
6.75721
6.98511
6.03239
0.680152
8.35822
4.27418
3.4768
4.43158
4.20656
3.68622
4.95985
2.67789
6.79986
6.55266
6.66607
5.78587
6.25803
4.53283
2.55322
4.96139
5.56517
5.56001
6.10654
5.88599
5.13543
4.84771
-0.539062
4.03655
4.51228
2.66965
5.40916
-1.562
2.80316
4.4512
4.66341
6.83115
4.56277
5.72762
3.48428
6.23955
1.62255
2.21019
1.10513
4.4918
2.96241
2.44919
1.90322
1.01253
4.37814
3.45469
5.05016
6.12029
4.8457
4.84401
3.61607
5.28223
-1.07895
4.09654
4.78842
3.00653
-0.314219
2.00435
2.59488
3.74037
4.8266
4.46527
5.82362
3.81611
4.61007
4.4001
-3.41194
-3.23883
-2.31344
-0.763512
-13.4493
-0.884311
-1.11368
0.0677696
-1.73762
-6.29334
-2.21167
-0.571389
-2.53129
-2.45186
-4.10417
-5.35125
-3.10754
2.60515
-3.87033
-1.81458
-1.16529
-2.17616
-1.90918
-3.54825
-2.49968
-8.2262
-5.33044
-2.64845
-3.53588
-2.0527
-6.74297
-7.0498
-6.29953
-5.21428
-17.5345
-2.69245
-1.73816
-3.08101
-17.023
-3.46385
-3.10418
-3.49925
-4.27738
-3.34374
-2.64227
-4.28683
-6.31676
-15.322
-1.96458
-4.56323
-1.71947
-20.4051
-6.19439
-3.69826
-3.63463
-3.90613
-2.39876
-1.43155
-2.07138
-2.28895
-3.70639
-2.6505
-5.3013
-3.02068
-2.98237
-3.69814
-3.223
-3.79141
-5.12738
-3.76281
-2.28619
-2.63709
-1.05334
-3.9826
-1.99616
-2.36029
-5.57329
-4.25395
-3.52393
-3.16063
-3.23696
-6.00696
-4.14383
-3.91493
-3.73072
-5.09145
-3.48667
-3.17381
-3.79749
-3.09654
-3.7937
-4.948
-4.59655
-3.31659
-4.42814
-10.5612
-3.41757
-10.6066
-4.57553
-5.28125
-11.9183
-3.89407
-4.84875
-3.75363
-5.47303
-11.8702
-0.0672336
-0.0358337
-0.0486503
-0.125755
-0.0851814
-0.026443
-0.102692
-0.0339554
-0.0619127
-0.0298419
-0.0375154
-0.0316916
-0.0495948
-0.0289758
-0.016014
-0.0345381
-0.0524443
-0.0194972
-0.0523363
-0.0491107
0.00227741
-0.10138
-0.0496532
-0.0146518
-0.0437779
-0.0395999
-0.0360704
-0.114523
0.0211154
-0.185155
-0.169238
0.109707
0.0453591
0.0411239
-0.14753
-0.0906351
0.00946501
-0.0434386
-0.0832028
-0.0277099
-0.0828071
-0.10082
-0.0244815
-0.0015561
-0.0260663
-0.0704677
-0.00853376
-0.0375073
-0.00909583
0.0673511
0.0951676
0.0258312
0.0537324
0.0305317
0.062043
0.0852773
0.0132241
-0.0495701
-0.0300347
-0.0209231
-0.00345305
-0.0299954
0.0199825
0.0433346
-0.1477
-0.170188
0.081221
0.037276
0.100148
-0.149825
-0.000511805
0.0286484
0.0850014
0.0800601
0.0743527
0.00130569
0.0222047
-0.0559826
0.018515
-0.0885002
0.0552875
-0.0781027
0.0341969
-0.0461791
-0.125393
-0.0510584
-0.0146136
-0.0316006
-0.0580464
-0.0511637
-0.1034
0.0236569
-0.0272095
0.0107069
-0.151678
0.0122092
-0.123517
0.0110845
-0.0998177
-0.0890154
-0.0103354
-0.046456
-0.0428414
-0.034262
-0.136489
-0.128573
-0.022824
-0.0112106
-0.0931088
-0.0196836
-0.188047
-0.0502257
-0.0187395
0.0105938
0.0164207
-0.0434251
0.0229405
-0.0461467
-0.00414206
-0.168713
-0.0609061
-0.0017988
-0.0198709
-0.0161592
-0.0772117
-0.133785
-0.00626787
-0.0399592
0.0195138
-0.163812
0.00825838
-0.209085
0.0243019
-0.0786528
-0.0215811
0.00743625
-0.0186571
-0.00920704
0.0142883
-0.112892
-0.177095
-0.0405816
-0.0244649
-0.0141632
-0.0317374
-0.106883
-0.114181
-0.0303763
-0.000713855
-0.0344953
0.0646842
-0.00875557
0.0522227
-0.0166082
0.0774023
-0.0368486
-0.233329
-0.0355859
-0.163117
-0.0641034
0.0562886
0.0377233
0.105735
-0.0506565
-0.0175424
-0.00419696
0.0930215
0.0474399
0.227387
0.10573
0.0706584
0.158012
0.0745728
0.242071
0.154333
0.206642
-0.0436602
-0.0352258
0.307282
-0.0349185
0.303069
0.218499
0.205877
0.143889
0.00420698
-0.00912204
-0.00700326
0.139454
0.202805
0.0642771
-0.0415061
-0.306074
0.0412653
-0.388047
0.0928645
0.0736538
0.187013
-0.0789795
-0.208472
0.236658
-0.0630668
0.170916
0.252811
0.141746
0.125591
-0.0273728
-0.159099
-0.0424569
0.102313
0.166753
0.376248
-0.105522
-0.326477
0.234877
-0.119086
0.315385
0.293632
12.1165
12.1017
12.1013
12.1235
12.1253
12.1527
12.1665
12.1663
12.1588
12.1565
12.1275
12.0996
12.0966
12.1198
12.1191
12.1602
12.164
12.1625
12.157
12.1557
11.9931
11.9904
11.9805
11.9668
11.9723
12.0032
12.0316
11.9989
12.0131
11.9915
12.0573
12.0431
12.0071
12.0406
12.0244
12.0236
12.0134
12.0128
12.0273
11.9892
12.0233
12.0038
11.977
11.9885
11.9899
12.0058
12.001
12.0263
12.0506
12.042
12.0575
12.0501
12.0498
12.0352
12.0773
12.0122
12.0102
12.0246
12.0432
12.0195
12.0181
12.0531
12.0047
12.0192
11.9132
12.0265
12.0032
12.0446
12.0305
12.082
12.0526
12.0402
12.1133
12.1171
12.074
12.0759
12.0963
12.0019
12.0629
12.0781
12.0835
12.0457
12.0338
12.0297
12.068
12.0357
12.0408
12.0447
12.1073
12.1148
12.1302
12.1089
12.1059
12.1032
12.1213
12.0713
12.0513
12.1229
12.0596
12.0696
12.0617
12.1284
12.0654
12.0712
12.0669
12.0995
12.0878
12.0761
12.0699
12.088
12.087
12.1032
12.0841
12.1026
12.1035
12.1054
12.1205
12.0764
12.1395
12.1302
12.1375
12.1399
12.1393
12.1272
12.1344
12.1561
12.145
12.1183
12.1077
12.1171
12.0816
12.111
12.148
12.145
12.1245
12.1409
12.1277
12.1249
12.129
12.1332
12.1227
12.1373
12.1243
12.1607
12.1212
12.1149
12.1488
12.1699
12.1475
12.1595
12.1596
12.1596
12.1402
12.1355
12.1579
12.1297
12.1489
12.1568
12.1237
12.1415
12.1419
12.1508
12.165
12.148
12.16
12.1448
12.1459
12.1343
12.1207
12.1542
12.1479
12.1505
12.135
12.1267
12.0985
12.0887
12.0889
12.1083
12.0955
12.0892
12.1047
12.0763
12.0663
12.0813
12.0809
12.0793
12.0763
12.0788
12.097
12.1029
12.1136
12.1027
12.1039
12.0974
12.101
12.0977
12.1211
12.1083
12.1287
12.1198
12.1011
12.0968
12.0786
12.0765
12.0853
12.086
12.0849
12.0884
12.0821
12.1006
12.1016
12.1258
12.1166
12.1127
12.1054
12.0993
12.1299
12.1319
12.1068
12.0889
12.1503
12.1436
12.0939
12.1079
12.0756
12.0813
12.1244
12.064
12.1183
12.0647
12.074
12.0605
12.1164
12.1102
12.1006
12.0832
12.0674
12.0836
12.1287
12.1623
12.0743
12.1595
12.1471
12.1124
12.1555
12.1584
12.158
12.173
12.1755
12.1527
12.1693
12.1455
12.163
12.127
12.1694
12.1625
12.1404
12.1338
12.1673
12.1745
12.1609
12.167
12.1673
12.1562
12.1715
12.1514
12.146
12.1595
12.1729
12.1732
12.1474
12.1339
12.1916
12.2148
12.2201
12.149
12.2008
12.2013
12.2137
12.1808
12.153
12.1672
12.1846
12.2107
12.1782
12.2367
12.1717
12.1742
12.2279
12.2085
12.2515
12.2403
12.202
12.1564
12.1509
12.1913
12.2054
12.1769
12.1652
12.1457
12.0954
12.13
12.1001
12.1475
12.0923
12.1096
12.1376
12.0941
12.1292
12.121
12.1441
12.1061
12.1087
12.1298
12.0992
12.1262
12.1626
12.1601
12.1114
12.115
12.1563
12.1732
12.2501
12.2145
12.1951
12.1792
12.2023
12.222
12.158
12.1816
12.1389
12.1612
12.167
12.1267
12.1817
12.1519
12.1404
12.1947
12.1839
12.1605
12.1275
12.1992
12.2401
12.109
12.0426
12.1445
12.1211
12.0673
12.0765
12.0209
12.1457
12.036
12.1615
12.1415
12.0085
11.9563
12.0445
12.1684
12.0224
12.1457
12.2178
12.1396
12.1914
12.0614
12.1957
12.1989
12.1114
12.2804
12.1763
12.2513
12.0397
12.2579
12.2561
12.1593
12.141
12.1706
11.9719
12.0212
11.9815
12.182
12.2692
12.1407
12.3138
12.2841
12.4255
12.4335
12.2565
12.2688
12.2167
12.3401
12.2967
12.2365
12.2584
12.327
12.328
12.3868
12.2967
12.3415
12.362
12.3368
12.3594
12.367
12.3226
12.3163
12.3074
12.3834
12.3693
12.4864
12.515
12.4262
12.505
12.5088
12.5084
12.3985
12.3034
12.3069
12.3942
12.4057
12.4273
12.4063
12.4574
12.5822
12.6103
12.5148
12.5547
12.5767
11.8412
11.7692
11.7732
11.7659
11.7896
11.6694
11.6929
11.6935
11.5917
11.6264
11.8915
11.9179
11.959
11.9463
11.9157
11.9517
11.946
11.9535
11.9641
11.9536
11.9441
11.945
11.9773
11.9706
11.9369
11.9455
11.9641
11.9336
11.9603
11.8986
11.931
11.9808
11.9354
11.9108
11.927
11.9071
11.8715
11.837
11.8808
11.9269
11.8893
11.9345
11.8624
11.9455
11.9446
11.8005
11.8168
11.7517
11.9199
11.9162
11.757
11.8025
11.9112
11.9188
11.9074
11.9642
11.9156
11.9109
11.9633
11.8727
11.8649
11.812
11.9239
11.8172
11.8618
11.8743
11.9435
11.9233
11.8776
11.8548
11.8748
11.8172
11.8732
11.8592
11.8883
11.8186
11.8848
11.8997
11.943
11.857
11.8377
11.8665
11.8641
11.8281
11.8083
11.6973
11.8467
11.734
11.8076
11.8605
11.7084
11.8177
11.7356
11.7799
11.6349
11.6363
11.6668
11.8435
11.7505
11.5806
11.733
11.7243
11.6827
11.6862
11.6407
11.7054
11.6721
11.6923
11.6409
11.7179
11.7091
11.7792
11.7408
11.7735
11.6138
11.7116
11.6946
11.7695
11.7575
11.8163
11.7587
11.8355
11.7851
11.7561
11.8271
11.8382
11.7448
11.6558
11.7384
11.6707
11.7307
11.6819
11.7258
11.8039
11.7996
11.7428
11.7355
11.7514
11.8047
11.7812
11.9911
11.9655
11.9526
11.9639
12.0069
11.9604
11.9577
11.971
11.9608
11.9943
11.9633
11.9521
11.9818
11.9903
11.9222
11.8575
11.8974
11.8636
11.8887
11.9073
11.9108
11.9369
11.9427
11.9078
11.8687
11.8931
11.9525
11.9326
12.0155
11.9909
12.0033
11.9724
11.9732
12.0173
12.003
11.9883
11.9297
11.9812
11.8903
11.9885
11.9251
11.9852
11.9724
11.9637
11.915
11.8847
11.9233
11.9671
11.9663
11.8591
11.7622
11.8595
11.7973
11.7606
11.8407
11.8742
11.8093
11.6424
11.8001
11.666
11.8116
11.6729
11.7914
11.8749
11.8929
11.8085
11.7566
11.7623
11.885
11.8782
11.92
11.7494
11.9169
11.8082
11.9104
11.7542
11.924
11.8029
11.6026
11.8237
11.6594
11.8082
11.6497
11.8221
11.8958
11.9064
11.7989
11.7602
11.7546
11.9034
11.9032
12.2969
12.3304
12.233
12.1233
12.338
12.38
12.0464
12.3496
12.315
12.398
12.3189
12.2701
12.3503
12.3916
12.2866
12.1977
12.2209
12.1885
12.2412
12.227
12.2675
12.3086
12.3403
12.269
12.2164
12.2574
12.3834
12.2844
12.5527
12.6618
12.7394
12.6912
12.7106
12.6141
12.5972
12.475
12.4252
12.4469
12.3532
12.3946
12.4727
12.4249
12.4752
12.45
12.4897
12.3157
12.3862
12.4261
12.5788
12.466
12.3663
12.3157
12.2725
12.3622
12.3919
12.4206
12.149
11.9942
12.1537
12.105
12.1054
12.0277
12.2167
12.0546
11.7651
11.9803
11.9388
11.9452
11.9063
12.0953
12.1562
12.2788
12.1355
12.0831
12.0599
12.2014
12.2072
12.2826
12.1802
12.4463
12.21
12.1125
12.3934
12.3445
12.1447
11.8555
11.9892
11.9577
12.0257
11.9886
12.1353
12.2495
12.29
12.2064
12.1043
12.134
12.3581
12.2103
12.1643
12.4043
12.0245
11.6663
12.3015
12.1171
11.7676
11.2342
11.7223
12.1793
11.94
11.8103
11.1011
11.8745
11.5998
12.2003
11.3646
11.5716
11.8123
11.8143
11.4999
11.2984
11.7826
12.1711
11.7296
12.8111
12.7204
12.695
12.8957
12.5486
12.658
12.6098
12.6579
12.4517
12.4832
12.4014
12.4948
12.5332
12.5578
12.877
12.7798
12.7666
12.4431
12.9399
12.6593
12.6582
12.6128
12.6151
12.419
12.3272
12.5255
12.384
12.1449
12.4699
12.3304
12.2095
12.3455
12.5054
12.3222
11.9498
12.1398
12.0774
12.132
12.0864
12.3523
12.3725
12.4571
12.3821
12.2418
12.2225
12.5758
12.4035
12.3418
12.891
12.5597
12.9083
12.6354
12.7464
12.3285
12.3488
12.1448
12.8391
12.203
11.7873
12.6531
12.6891
12.4661
12.2635
12.4449
11.9381
12.1111
12.1147
12.1251
12.0751
12.3196
12.4551
12.6709
12.3533
12.6382
11.8561
12.2206
12.2365
12.5819
12.4133
11.7814
11.7006
11.3726
11.8922
12.1849
11.8297
12.8038
12.4381
12.5474
12.1382
11.4339
11.4083
11.4457
11.4161
11.406
11.3517
11.4494
11.3678
11.4256
11.3889
11.4866
11.4397
11.5209
11.6034
11.5625
11.4799
11.5606
11.594
11.5287
11.4427
11.5468
11.372
11.4498
11.3666
11.5345
11.4433
11.5118
11.5193
11.5093
11.5107
11.4432
11.52
11.5369
11.4581
11.5698
11.4072
11.3019
11.4533
11.4798
11.3407
11.3686
11.5406
11.3248
11.3809
11.3473
11.377
11.3894
11.3971
11.4193
11.3219
11.2521
11.3239
11.3803
11.4628
11.4393
11.4151
11.3881
11.3923
11.4011
11.4349
11.4449
11.4087
11.3567
11.3828
11.344
11.3616
11.3149
11.4052
11.3962
11.4972
11.5151
11.3172
11.487
11.4176
11.4422
11.2647
11.3263
11.5375
11.3175
11.402
11.2071
11.4063
11.4416
11.394
11.8239
11.7166
11.743
11.7754
11.7417
11.7191
11.8221
11.776
11.6784
11.7298
11.6422
11.7054
11.655
11.7505
11.3879
11.5509
11.5489
11.5788
11.4781
11.4407
11.4751
11.5236
11.538
11.4899
11.4906
11.4749
11.4445
11.4965
11.6022
11.533
11.4144
11.5745
11.4704
11.5272
11.494
11.4528
11.5166
11.5032
11.4806
11.51
11.5205
11.4986
11.5576
11.5573
11.5577
11.5248
11.5323
11.5329
11.5531
11.5227
11.5363
11.5322
11.5286
11.537
11.5274
11.5452
11.6029
11.6365
11.5794
11.5607
11.494
11.6731
11.5554
11.5122
11.5218
11.5077
11.5155
11.5225
11.4817
11.5244
11.4662
11.4279
11.4664
11.4446
11.4439
11.462
11.4236
11.4099
11.4122
11.4151
11.4337
11.424
11.428
11.4109
11.4686
11.4611
11.4676
11.4744
11.4502
11.454
11.4855
11.4909
11.4912
11.4895
11.5052
11.4924
11.4862
11.4803
11.404
11.4098
11.4346
11.4323
11.4113
11.435
11.4143
11.4882
11.4663
11.4977
11.4618
11.4902
11.4777
11.4654
11.2329
10.6442
10.3377
10.0062
11.1837
10.7251
10.6637
10.642
10.056
9.6952
9.9148
9.28351
10.2712
9.28775
9.99133
9.339
10.5515
10.1404
10.4676
9.82885
9.57029
10.6446
11.2903
11.1115
9.65659
10.5774
10.449
10.432
11.4729
11.9045
11.881
11.3955
11.2598
11.9687
11.3362
11.3988
11.0067
11.0739
10.6508
11.4416
10.8861
11.011
11.2496
11.7436
12.4944
12.0065
11.6918
12.2552
11.1932
11.289
10.8696
10.5397
10.7893
10.9269
11.42
10.9159
11.6054
11.6367
11.1819
10.2347
11.8891
11.1113
10.6749
11.6088
11.4509
11.1552
10.5621
10.686
7.57342
10.4552
11.811
11.4065
11.3462
10.8719
10.616
11.7717
10.1644
11.2701
10.6734
10.7043
10.4664
11.2821
10.8854
10.6459
10.2697
9.95657
10.7393
10.1402
10.3126
9.95802
10.695
9.80527
8.9055
9.25931
9.12111
9.33103
9.24509
9.78738
10.1857
10.632
10.0496
10.0438
9.84921
10.6466
10.2037
9.82083
9.9225
9.92242
9.30723
9.77432
10.4454
9.72372
9.67291
8.77953
9.19342
9.04007
9.11555
8.93571
9.68586
9.98594
10.4943
9.92841
9.69031
9.89704
10.4212
10.0609
9.47666
8.65793
8.37074
9.01489
9.25437
9.10561
8.77005
8.37886
8.9109
7.80026
8.04633
8.55618
7.43034
7.19606
8.06956
8.53005
8.13251
8.7253
9.48613
9.42982
10.3962
8.67359
10.0688
9.51645
8.72096
9.24127
8.65807
8.62034
7.27835
8.54351
9.36674
8.18784
7.5818
8.18615
7.07414
7.61905
7.04671
8.24308
8.25543
7.51728
9.07726
8.3646
9.37782
9.92503
9.43447
9.44912
10.2949
5.22385
9.81383
9.57515
10.209
8.69866
8.90411
8.35561
9.39489
8.31105
9.14053
8.43906
9.05964
10.6972
9.86503
10.5763
9.22469
9.8575
10.2289
8.87129
9.91813
8.69392
8.28962
9.57023
9.50455
7.83622
9.44485
10.4223
9.66056
8.20617
2.65237
9.04471
8.15824
9.64757
8.78257
7.64496
9.11254
8.19315
11.2542
11.1291
11.1689
11.2132
11.2792
11.1181
11.2732
11.0647
11.2728
11.3253
11.2346
11.3231
11.2083
11.1903
11.2772
11.3291
11.3448
11.2601
11.2922
11.2087
11.2692
11.3464
11.2438
11.269
11.308
11.2758
11.2614
11.2069
11.2552
11.4047
11.2041
11.2694
11.3448
11.145
11.278
11.1783
11.2384
11.1908
11.3063
11.316
11.1585
11.2006
11.2438
11.1954
11.2922
11.0546
11.1932
11.3288
11.1365
11.1057
11.2032
11.1326
11.2735
11.2909
11.2443
11.2348
11.2498
11.2736
11.1672
11.1292
11.3375
11.2209
11.312
11.189
11.3655
11.2469
11.1964
11.2413
11.3065
11.2367
11.1968
11.2902
11.3041
11.0629
11.3451
11.2959
11.2582
11.2196
11.1973
11.1175
11.2904
11.3228
11.2111
11.3002
11.2934
11.1528
11.3444
11.3286
11.0391
11.3202
11.2095
11.1793
11.033
11.1336
11.1659
11.3848
11.1689
10.9794
11.242
11.309
11.212
11.1594
11.1826
11.2379
11.1789
11.2452
11.1757
11.2026
11.168
11.3182
11.268
11.1608
11.3006
11.2084
11.1812
11.2698
11.2653
11.2571
11.2187
11.2325
11.2083
11.1909
11.2252
11.273
11.2041
11.118
11.2428
11.1898
11.2051
11.1957
11.2025
11.2609
11.2746
11.1953
11.2084
11.205
11.1908
11.2756
11.285
11.2884
11.2788
11.3794
11.3982
11.1513
11.2461
11.3443
11.2962
11.2841
11.2978
11.2889
11.3489
11.3398
11.2681
11.2367
11.2933
11.2326
11.2514
11.2229
11.2935
11.2698
11.2704
11.2733
11.2586
11.2617
11.2772
11.3035
11.3638
11.3226
11.3215
11.2939
11.3218
11.3314
11.3394
11.2888
11.2836
11.2748
11.2466
11.2865
11.2739
11.2807
11.2898
11.2846
11.2783
11.2483
11.2838
11.2883
11.2894
11.2535
11.1547
11.2317
11.2303
11.2186
11.2281
11.2501
11.2079
11.1367
11.1869
11.1805
11.1915
11.1793
11.1971
11.244
11.25
11.2323
11.1983
11.197
11.2427
11.2434
11.2286
11.1761
11.2495
11.2268
11.2099
11.1897
11.2443
11.1832
11.1277
11.1835
11.1695
11.1635
11.1582
11.2069
11.2295
11.2448
11.2262
11.2046
11.186
11.2581
11.2446
7.06915
7.63567
7.36257
6.08289
6.93759
8.13649
6.12845
7.65991
7.29539
8.03673
7.65725
7.31283
8.15035
7.54996
7.31278
6.70296
6.79659
6.36161
7.34062
6.52874
6.71553
7.16714
6.5375
6.25544
6.39191
6.38867
7.13115
6.62747
6.54072
7.58253
8.56586
7.20847
8.02533
7.29534
6.26663
7.20552
6.86458
8.02833
7.49095
7.78739
7.42705
7.34955
6.65784
4.47956
6.08253
6.43209
5.8889
6.17383
6.7644
6.86516
6.49433
6.18747
6.03532
5.85787
7.01737
6.34683
5.52746
5.03296
6.16833
5.46649
5.52258
5.04098
6.15155
4.86317
3.74508
4.20848
4.23419
4.17121
4.24748
4.85361
5.43747
6.02507
5.42529
5.04322
5.09427
6.06608
5.43663
5.15607
5.46247
5.63768
4.8344
5.02364
5.68
5.17696
4.68814
3.90416
4.15627
4.18606
4.16993
4.14672
4.80527
5.2526
5.92035
4.99789
5.04586
5.11265
5.81532
5.32597
4.07503
5.4459
3.98871
3.39984
4.77835
4.3256
3.23514
2.91822
3.36323
3.64339
3.12701
3.38107
1.89532
3.07748
2.54956
4.09482
3.1384
4.36693
4.11464
3.84691
3.71467
3.35667
3.56835
4.03096
3.16048
6.22589
5.7546
5.32489
6.78731
4.75227
7.26196
6.65348
6.46032
5.35159
5.75665
5.79051
6.96779
6.01035
5.6606
6.73891
6.20469
6.74682
5.02814
7.22712
6.01558
5.44375
6.37214
5.34517
6.50488
-2.5773
5.59829
4.85957
4.71993
5.40806
4.42121
4.95392
5.29528
5.19546
4.28824
4.2964
3.70876
2.98517
3.86785
4.12985
3.36643
4.66119
4.69435
2.80681
5.44019
5.26271
4.49666
5.00032
3.34729
5.13412
4.47095
5.11362
4.28388
4.58165
3.71603
3.0544
2.61853
4.33724
3.16878
2.26787
3.71019
3.82552
3.94686
6.94196
4.02508
3.81528
3.53626
3.00134
3.44993
3.93289
1.21269
3.75344
4.35163
4.32773
5.06422
-4.95865
4.51258
4.99186
4.31156
5.33026
2.67487
2.58445
1.97703
2.74112
3.42757
1.92332
3.74931
3.09625
3.19894
2.46383
11.179
11.1863
11.1801
11.1355
11.1711
11.183
1.11412
4.50828
2.47943
2.96868
1.03146
1.91365
4.38667
3.47127
5.07557
4.8701
6.13036
3.63955
4.85781
5.29927
1.63266
2.22922
-1.07506
4.10742
3.00405
4.79203
2.00367
-0.299295
2.59163
3.74887
4.83954
5.82803
4.48146
4.61488
3.83253
4.40843
7.30144
8.19094
7.42049
7.52996
7.71686
7.7361
6.94714
7.53579
8.20268
7.474
7.47608
7.81357
7.88455
7.18352
7.03652
6.19188
7.31971
7.03683
7.60379
6.76363
6.66723
6.03799
7.41365
7.00874
7.11111
6.70083
6.35077
6.91008
5.04723
5.50206
3.16371
4.51867
3.5448
4.60008
5.8877
5.89926
5.32171
6.79123
5.86278
6.1382
4.84391
6.98013
7.01017
7.48848
7.54926
7.50752
7.37345
7.21916
7.29189
6.84366
6.96435
6.53656
7.39494
6.31356
7.18981
7.49834
6.41062
6.23062
7.49178
6.64089
6.78511
6.0482
6.99657
4.54035
2.57314
0.683777
8.37591
3.49251
4.2894
4.22495
3.69793
4.44927
4.97278
2.72017
6.57091
6.81323
5.80219
6.27926
6.67645
-0.529555
4.05147
2.67841
4.51092
-1.54358
5.41248
2.80831
4.45916
4.67925
4.57914
6.83447
3.50174
5.73446
6.24355
4.9772
5.58471
5.57762
6.12036
5.15563
4.86057
5.9072
3.89166
-7.52385
1.58554
-2.79637
1.07155
-6.78266
3.07096
-0.995301
-1.35809
-0.677703
-1.08062
-1.49921
-0.425117
-1.01633
-1.80129
-2.48727
1.11271
3.14216
-1.52837
-12.7538
1.1364
-10.6777
2.25035
-0.908632
-1.481
-1.301
-0.931389
-1.24078
-1.38991
-0.545537
3.38492
5.37727
4.30222
4.16498
4.5925
4.21806
3.11348
3.22434
4.15913
1.09541
1.76643
3.84027
3.65816
1.3823
2.3164
0.267454
3.37828
0.473922
3.01088
1.99484
0.304434
2.38382
4.48915
3.91751
3.64209
3.66688
2.63528
3.4324
0.930009
1.77953
-0.520798
0.556972
0.764861
-0.627186
1.98884
1.24497
-0.162643
2.49122
0.534458
1.37802
-0.312249
2.11635
-2.35037
-2.91075
1.55863
-6.84876
2.75256
-0.346019
-11.1525
1.7435
-0.709489
-1.24207
-3.16262
-1.42209
-1.48946
-1.63664
-1.58105
-1.94013
1.66586
3.16926
-14.4695
4.14458
-14.3471
1.45736
4.29859
-0.898428
-2.1485
-1.30929
-1.47181
-0.97515
-1.8312
-1.20921
-3.06606
-0.603749
-1.25795
-2.04473
-0.388325
-1.20803
-4.95842
-1.79768
-0.89743
-1.14192
-0.234156
-1.73823
-0.985704
-1.64595
-1.41655
-1.26981
-1.53297
-1.4142
-1.31231
-1.46499
-1.41285
-1.69867
-0.861365
-0.868387
-3.46874
-0.984783
-1.97591
-1.41294
1.11522
0.0610053
-0.357353
-0.532995
0.510148
0.0614915
0.590758
0.526813
0.203566
-0.44445
-0.944163
-1.13559
-1.21558
-0.174889
0.429246
-0.683736
0.0788708
-0.304038
-0.303494
-0.575449
0.676551
0.372145
1.07852
0.251222
-1.23139
-0.504131
-0.6347
-0.356459
1.70357
3.23167
2.27989
2.95758
2.05536
2.3894
1.74103
1.54648
0.779769
1.43846
1.13113
1.72568
0.339554
1.21475
1.00178
1.38215
2.81977
1.6178
1.69269
2.23373
0.536126
1.32227
0.856606
-1.73553
1.66926
0.300603
1.36267
0.998275
0.9188
0.621523
0.374275
-0.499125
1.35403
0.129458
-0.244603
4.97004
1.19961
0.837385
-0.406563
1.66091
-11.013
0.17963
1.44132
0.926789
0.187014
-0.319418
-0.573596
0.60082
-1.07726
1.01042
0.416549
-0.445274
0.778972
2.0163
0.660453
0.271241
0.520427
0.709404
0.934372
0.0103795
0.650096
0.71859
0.761982
-0.0370881
-0.070643
-0.243589
-0.700112
-0.0600416
-0.353018
-0.194789
0.319464
0.405029
-0.259568
1.04174
0.560284
0.538768
0.247052
-0.803555
0.526272
-1.05842
-3.25351
0.048198
-0.374335
-1.29193
-0.789402
-0.46526
-0.476013
-1.1367
-0.698402
-1.44041
-0.54147
-0.400463
0.065636
-1.08949
-0.0972095
0.432002
-0.152839
-0.162299
-3.65363
-3.62932
-3.85588
-2.42033
-2.11142
-1.41542
-2.27289
-3.71084
-2.60489
-5.22179
-3.02543
-3.67004
-2.93378
-3.16048
-5.10025
-3.73862
-3.87138
-3.74176
-3.71617
-2.29841
-1.03684
-2.63858
-1.97702
-2.32039
-3.96943
-5.49272
-4.21015
-3.10431
-3.50199
-3.1728
-4.08218
-5.95904
-4.51301
-3.289
-10.4176
-4.35634
-3.36561
-4.49668
-10.4566
-5.00564
-3.42597
-3.11804
-3.74757
-3.73013
-4.87098
-3.03472
-5.19081
-11.7744
-4.76891
-3.84808
-3.69126
-11.7174
-5.38667
-3.39936
-3.20315
-2.30384
-0.764215
-0.884832
-13.3849
-1.7335
-1.11515
0.0622583
-6.26008
-2.19993
-2.51531
-0.569526
-2.43871
-5.32042
-4.08682
-3.86022
-1.7874
-2.14749
-1.1628
-2.49607
-3.51308
-1.90286
-8.19369
-5.27871
-3.49445
-2.6349
-2.04571
-6.99066
-6.70608
-3.09704
2.58805
-3.44247
-3.08634
-3.45499
-4.22986
-2.62737
-4.23915
-3.32291
-6.26131
-5.1839
-2.67505
-17.4381
-1.72532
-16.9278
-3.05761
-6.27915
-15.228
-4.51341
-1.95072
-1.70649
-6.13582
-20.3157
-1.41952
-1.2611
-1.39477
-1.33816
-1.38456
-1.267
-1.40558
-2.07032
-2.55135
-2.65384
-2.28111
-2.23343
-2.60485
-2.19131
-1.74131
-1.70512
-1.60199
-1.60498
-1.5736
-1.62299
-1.83806
-1.33528
-1.29002
-1.30804
-0.942636
-1.34702
-1.27541
-1.2953
-1.317
-1.60158
-1.35565
-1.06285
-1.1721
-1.28444
-1.42052
-1.49819
-1.48825
-1.24081
-1.3674
-1.42644
-1.4672
-1.47856
-2.3882
-2.55172
-2.8289
-2.66205
-2.57626
-2.74889
-2.49476
-2.30336
-1.93748
-1.82776
-1.80139
-1.95749
-2.40191
-2.17255
-2.04953
-1.96362
-1.88049
-1.84274
-1.95173
-2.07428
-1.86829
-1.61336
-1.18626
-1.59398
-1.29705
-0.984526
-1.5663
-1.6162
-2.07767
-1.85523
-1.61197
-1.74934
-1.51592
-2.17244
-1.58791
-1.79199
-1.77119
-1.57695
-1.29762
-1.34373
-1.75947
-1.7028
-0.717602
-1.21856
-0.774387
-1.24982
-0.756477
-1.12749
-0.732908
-1.28705
-1.39432
-1.13169
-1.51495
-1.7802
-1.2115
-1.19153
-1.06816
-0.985801
-1.78026
-1.1728
-1.46855
-1.11527
-0.95554
-0.542088
-0.66692
-0.586069
-0.683798
-0.576733
-0.607445
-0.547948
-0.729067
-0.909506
-0.589784
-0.721168
-0.995741
-0.599644
-0.708164
-0.901886
-0.767059
-1.34764
-1.1241
-1.44515
-0.898947
-0.767959
-1.34795
-0.878157
-1.40182
-1.66183
-1.15682
-1.35832
-1.46269
-1.27309
-1.13852
-1.24019
-1.08172
-1.2389
-1.24175
-1.12828
-1.10886
-1.3143
-1.46514
-1.23781
-0.955528
-1.26831
-1.14072
-0.804728
-1.02695
-0.986237
-1.29584
-0.903527
-0.985239
-0.817283
-1.11802
-0.954318
-1.13538
-0.982865
-1.13166
-1.143
-0.933606
-0.973951
-1.13624
-1.59095
-0.996097
-1.20007
-1.15165
-0.946589
-0.334321
-0.277353
-0.322823
-0.212436
-0.350474
-0.247688
-0.310088
-0.600414
-0.680952
-0.516396
-0.453021
-0.618018
-0.620891
-0.5109
-0.557213
-0.469867
-0.502765
-0.389714
-0.533971
-0.536447
-0.479463
-0.253571
-0.222903
-0.288241
-0.247554
-0.260696
-0.21204
-0.278169
-0.447497
-0.369571
-0.382962
-0.315263
-0.403404
-0.401119
-0.42282
-0.482272
-0.447409
-0.453841
-0.331251
-0.426484
-0.506336
-0.431574
-0.666098
-0.756082
-0.844537
-1.11618
-0.821702
-0.669983
-0.827305
-0.769381
-0.653123
-0.765045
-0.583973
-0.794126
-0.732853
-0.612252
-0.55372
-0.681706
-0.881979
-0.574875
-0.601247
-0.714401
-0.537107
-0.436054
-0.373445
-0.524666
-0.576478
-0.391314
-0.547482
-0.424217
-0.648029
-0.548542
-0.702531
-0.540105
-0.681153
-0.674141
-0.519052
-0.465596
-0.61262
-0.622827
-0.456896
-0.428508
-0.584807
-0.476772
-0.17253
-0.163105
-0.150955
-0.157776
-0.16678
-0.180257
-0.15838
-0.367689
-0.371132
-0.354187
-0.270344
-0.333237
-0.392012
-0.334936
-0.343117
-0.293457
-0.30969
-0.282596
-0.342358
-0.320795
-0.311919
-0.13595
-0.107805
-0.139641
-0.154447
-0.124877
-0.134328
-0.149317
-0.260219
-0.257456
-0.225206
-0.238896
-0.276816
-0.238547
-0.244388
-0.280475
-0.272952
-0.311654
-0.245317
-0.287418
-0.29907
-0.257267
-0.388761
-0.357083
-0.497347
-0.48961
-0.339914
-0.401762
-0.476999
-0.501568
-0.41394
-0.514626
-0.373645
-0.532953
-0.481395
-0.392961
-0.36715
-0.433447
-0.471155
-0.309373
-0.323815
-0.451772
-0.354124
-0.293705
-0.248909
-0.348032
-0.382415
-0.255904
-0.362713
-0.282735
-0.432708
-0.348722
-0.485098
-0.348329
-0.465662
-0.453755
-0.3288
-0.318734
-0.407036
-0.410493
-0.290353
-0.28017
-0.390623
-0.330869
-0.0781397
-0.0531653
-0.0486796
-0.0784157
-0.0606424
-0.0924875
-0.0671827
-0.211645
-0.239746
-0.207106
-0.200662
-0.22121
-0.225156
-0.195847
-0.194136
-0.169333
-0.186495
-0.186586
-0.204059
-0.181062
-0.179787
-0.0451373
-0.0159582
-0.0353413
-0.0737349
-0.0243608
-0.0610174
-0.0551158
-0.135477
-0.116063
-0.121004
-0.141595
-0.133321
-0.129511
-0.123393
-0.151446
-0.153134
-0.168061
-0.151875
-0.150043
-0.163626
-0.143765
-0.246835
-0.220253
-0.319381
-0.332937
-0.218094
-0.256497
-0.306383
-0.315816
-0.242728
-0.326478
-0.206032
-0.346573
-0.294373
-0.222718
-0.218149
-0.263233
-0.293336
-0.183082
-0.182923
-0.275092
-0.208604
-0.13561
-0.116947
-0.171458
-0.20421
-0.113886
-0.182831
-0.127027
-0.254302
-0.191005
-0.304834
-0.185544
-0.286336
-0.274257
-0.170268
-0.16897
-0.230985
-0.249882
-0.147201
-0.150789
-0.219538
-0.178482
0.00617183
0.0348911
0.0385283
-0.00723288
0.0315634
-0.0177708
0.0124899
-0.0949005
-0.0997183
-0.104828
-0.115307
-0.0819357
-0.105712
-0.0976679
-0.0799462
-0.0782746
-0.0568648
-0.108875
-0.0713534
-0.070276
-0.084217
0.0267624
0.0616371
0.049997
0.00212346
0.0536572
0.0100064
0.0237767
-0.0313147
-0.019962
-0.0476036
-0.0771273
-0.0234619
-0.0447267
-0.0323295
-0.0476722
-0.0620416
-0.0446658
-0.0865111
-0.0320795
-0.0530186
-0.0597447
-0.0907886
-0.0884129
-0.137722
-0.157669
-0.0917438
-0.0980928
-0.126513
-0.174933
-0.116688
-0.192577
-0.0840302
-0.205092
-0.163107
-0.0929205
-0.0660475
-0.0862403
-0.12164
-0.0681575
-0.071405
-0.0952981
-0.0610974
-0.034381
-0.0498138
-0.0389018
-0.0639559
-0.0617472
-0.0422533
-0.0314291
-0.141039
-0.0885492
-0.175878
-0.0713526
-0.167901
-0.147012
-0.0653791
-0.0438693
-0.06771
-0.0753672
-0.0657674
-0.0597689
-0.0598865
-0.0490719
0.0674804
0.0947273
0.0534285
0.0261136
0.0625006
0.0849311
0.0306849
-0.0232472
-0.00102025
-0.0247945
-0.0700481
-0.00884776
-0.0071686
-0.0361505
0.0144279
-0.0483435
-0.0206699
-0.0294551
0.0204189
-0.0288774
-0.00228055
-0.000321265
0.0284191
0.0798689
0.0852843
0.0220807
0.0743539
0.00158297
0.0435981
-0.147442
-0.169763
0.0814822
0.0376309
-0.149413
0.100241
-0.0551459
0.019496
0.0556134
-0.088113
0.0350926
-0.0771483
-0.0458754
-0.0335336
-0.061518
-0.0288924
-0.0366292
-0.0314261
-0.0279796
-0.0493549
-0.0669261
-0.0359922
-0.125856
-0.0496673
-0.0268576
-0.102601
-0.0846287
-0.0159367
-0.0335664
-0.0182453
-0.0518629
0.00309212
-0.0485272
-0.0516112
0.0215088
-0.184157
-0.169176
0.110463
0.046267
-0.147262
0.0419658
-0.101753
-0.0502518
-0.04421
-0.015077
-0.0413031
-0.0359592
-0.115076
-0.0900459
0.0104126
-0.0824786
-0.0423822
-0.0821658
-0.0272468
-0.100484
8.38154
7.97074
9.0333
8.5941
8.06992
9.10867
8.28593
8.24824
9.10524
8.43916
8.10937
7.9307
8.97658
8.42862
9.09601
9.07263
9.13212
9.73407
8.97196
9.64034
9.19989
9.36307
9.3053
9.28191
10.0375
9.63949
9.60485
9.5216
9.56935
9.38329
9.20728
9.16781
8.99775
9.68952
9.08448
9.74073
9.14216
9.28085
9.40809
8.78821
9.02813
9.21417
8.87417
9.13734
8.88998
8.90016
9.21238
8.97469
9.26785
9.05409
9.28269
8.97299
8.83968
9.10086
8.95092
8.92816
9.4335
9.55107
9.41471
9.26039
9.45936
9.73953
9.35835
9.16736
9.15798
9.3955
9.07911
9.24352
9.11373
9.23304
8.64713
8.66319
8.85095
8.74221
8.55041
8.78632
8.5109
8.67084
8.87007
8.79206
9.57107
8.97117
8.55107
8.90905
8.56717
8.99394
8.15071
8.65104
8.44899
9.11901
8.21899
8.77962
9.12232
9.20421
8.80575
8.97473
8.85516
9.2173
9.30603
9.16093
9.60549
9.28212
9.07493
9.21496
9.73488
9.38651
10.0613
9.63772
9.56021
9.68954
9.41088
9.62071
9.60344
9.52184
9.57744
9.69011
9.60512
9.50075
9.13556
9.45888
10.277
9.46865
9.42153
9.388
9.28857
9.71478
9.98747
9.34053
9.5114
9.30878
9.04729
9.14125
8.96932
9.07597
9.25584
9.22229
9.90944
7.16213
9.00605
9.34631
8.39562
7.69634
7.34581
7.47106
8.02319
7.7098
7.99998
7.92153
8.04861
7.17287
4.97248
7.42753
9.42793
8.32119
7.87662
6.70954
7.28395
7.34975
7.11993
8.1319
8.30745
-0.561308
-0.652931
-0.488928
-0.520022
-0.713797
-0.687172
-0.527652
-0.951226
-0.928653
-0.759742
-0.935376
-1.12319
-0.913156
-0.817615
-1.07264
-0.98641
-0.868499
-1.01953
-0.926193
-0.90352
-1.03662
-1.02078
-0.981313
-1.20112
-1.37089
-1.02712
-1.22838
-1.11517
-1.37389
-1.2724
-1.37477
-1.39017
-1.35264
-1.14753
-1.32727
-1.10521
-1.37262
-1.13961
-1.19926
-1.36213
-1.33752
-1.08475
-1.06391
-0.949441
-1.00155
-1.05758
-1.14436
-0.598212
-0.712209
-0.814432
-0.580638
-0.665352
-1.16047
-1.05071
-0.897675
-0.943662
-1.0674
-1.04572
-1.00795
-0.717874
-0.849381
-1.10718
-1.0498
-1.01644
-1.0811
-1.06424
-1.03515
-1.14162
-0.712823
-0.595365
-0.745058
-0.688077
-0.529525
-0.574957
-0.881223
-1.10333
-1.03857
-1.35861
-1.01408
-1.27309
-1.06906
-1.25099
-1.09298
-1.37865
-1.31359
-1.1454
-1.3422
-1.13506
-1.13167
-1.31832
-1.3201
-1.08786
-1.21871
-1.29823
-1.06611
-1.34396
-1.09468
-1.00906
-1.31615
-1.33309
-1.11883
-1.14115
-1.12904
-1.33049
-1.33635
-1.40937
-0.856681
-1.30338
-1.03318
-1.34539
-1.38603
-1.00623
-1.37258
-1.04733
-1.40076
-1.11608
-1.42267
-1.37315
-1.12558
-1.37846
-1.34522
-1.1356
-1.11438
-1.34229
-1.36271
-1.09268
-1.24006
-1.26262
-1.05036
-1.04714
-1.05136
-1.33691
-1.12454
-1.04121
-1.34293
-1.36004
-1.06075
-1.24259
-1.19027
-1.04279
-1.26258
-1.00673
-1.03084
-1.07388
-1.02506
-1.20942
-1.18856
-1.05111
-1.20161
-1.07952
-1.35166
-1.15032
-1.40278
-1.15296
-1.35729
-1.38236
-1.14626
-1.35842
-1.1086
-1.06491
-1.2258
-1.3501
-1.34689
-1.13904
-1.21274
-1.36819
-1.34718
-1.14758
-0.0982262
-0.0170043
-0.0999032
-0.0696271
-0.0415039
-0.0644983
-0.126341
-0.0926792
-0.0391793
-0.192856
-0.0577434
-0.0982552
-0.0499383
-0.144914
-0.0690637
-0.129435
-0.0428895
-0.0416473
-0.0201236
-0.0907379
-0.148441
-0.126269
-0.053061
-0.0310157
-0.0147114
-0.0596303
-0.104579
-0.0499876
0.0243253
-0.0288686
-0.152354
0.0102628
-0.123818
0.0121243
0.0119638
-0.100832
-0.087905
-0.0107764
-0.0474449
-0.0444208
-0.0340474
-0.13706
-0.130172
-0.0232705
-0.0940344
-0.0118152
-0.189679
-0.0202443
-0.0513421
-0.0204205
0.0104668
-0.0472616
0.0160809
0.0227553
-0.00563345
-0.0487759
-0.170017
-0.0624676
-0.00250785
-0.0206308
-0.0167798
-0.0779958
-0.135564
-0.00769471
-0.0394687
-0.16329
0.0186529
-0.211147
0.00747156
0.0246483
-0.0818663
-0.0225469
-0.0218471
0.00736835
-0.00971874
0.0128787
-0.118254
-0.179035
-0.0416482
-0.025442
-0.0148962
-0.0322681
-0.108516
-0.11573
10.2294
10.7682
10.2256
10.3403
10.2707
10.7941
10.1972
10.2634
10.4323
10.4556
10.8891
10.4871
10.4495
10.233
10.2128
10.3393
10.1494
10.344
10.2772
10.8131
10.1911
10.2447
10.7236
10.2005
10.5528
10.8194
10.4053
10.4283
10.2996
10.3666
10.4663
10.6027
10.4431
10.4602
10.5026
10.4981
10.4224
10.5533
10.7345
10.508
10.506
10.5858
10.6721
10.4934
10.5338
10.4493
10.6879
10.4305
10.6773
10.5209
10.4753
10.3567
10.5213
10.4335
10.3805
10.39
10.3775
10.3015
10.36
10.6375
10.3789
10.171
10.3694
10.3866
10.4569
10.5179
10.4114
10.6227
10.2678
10.482
10.4247
10.8484
10.5455
10.4534
10.6041
10.7814
10.5465
10.6116
10.4119
10.6334
10.0167
10.5568
10.9672
10.5558
10.646
10.8638
10.5427
10.5161
11.0077
10.2903
10.6371
10.5181
10.3802
10.3731
10.3287
10.4284
10.8634
10.4388
10.8062
10.423
10.5588
10.2656
10.6168
8.46496
10.6836
10.7226
10.577
10.5148
10.7799
10.3014
10.3235
10.6307
10.4439
10.0882
10.3815
10.7625
10.2797
10.5196
10.3279
10.8276
10.3027
10.5789
10.3766
10.5485
10.5307
10.7214
10.3596
10.5173
10.5196
9.9588
10.0163
9.9005
10.4306
9.90048
9.84596
9.86908
9.94426
9.88725
10.3981
9.88963
9.75803
9.8081
9.69895
9.93707
9.92526
9.96728
10.3537
9.88651
9.7834
9.98625
9.87464
9.80083
10.4341
10.3316
10.2117
10.2128
10.25
10.3556
10.3186
10.1486
10.3157
10.1926
10.2646
10.2632
9.99269
10.4592
10.1153
10.208
9.96964
10.5543
10.1866
10.4298
10.1433
9.69641
10.1809
10.064
10.2019
10.2527
10.5396
10.3842
10.1264
10.613
10.3469
10.2682
10.2536
10.2228
10.409
10.7169
10.3841
10.2657
10.3861
10.0125
10.0549
9.93175
9.88943
9.81056
9.80902
9.84025
10.1751
10.1497
10.0295
9.93173
10.0205
10.0538
10.5285
10.3983
9.74225
10.0021
9.97004
10.0355
10.2731
9.95478
10.8217
10.0337
8.44166
10.4649
11.0384
10.3917
10.2194
10.3166
10.2016
10.2565
10.2919
10.3253
-0.902818
-1.04399
-1.05177
-0.95615
-0.996474
-0.899791
-1.01875
-0.693513
-0.771742
-0.826626
-0.667009
-0.772712
-0.60347
-0.760104
-0.736514
-0.735672
-0.65514
-0.688471
-0.674253
-0.980994
-0.824688
-0.994816
-0.889888
-0.911263
-0.983391
-0.948188
-1.0249
-1.0248
-1.12807
-1.0222
-1.14054
-1.17592
-1.01506
-1.2311
-0.96882
-1.2384
-1.01029
-1.16432
-0.963511
-1.10169
-1.07996
-0.950406
-1.00059
-1.0536
-0.996959
-0.880582
-1.13615
-0.917292
-0.965918
-0.895008
-0.933285
-0.941394
-0.941281
-0.839252
-1.11278
-0.954883
-1.22305
-0.951007
-1.22293
-1.12289
-0.899449
-1.0524
-0.789073
-0.920545
-0.778709
-0.979253
-1.03725
-0.814543
-1.07711
-1.05293
-0.889348
-0.775502
-1.08973
-0.985656
-0.85329
-0.673799
-0.881715
-0.673119
-0.924485
-0.820267
-0.776967
-0.773692
-0.782674
-0.781194
-0.763672
-0.623448
-0.538343
-0.662057
-0.624573
-0.557729
-0.497526
-0.689209
-0.551658
-0.531654
-0.458557
-0.343768
-0.525837
-0.473798
-0.543066
-0.666876
-0.879353
-0.791238
-0.910365
-0.804664
-0.849464
-0.729093
-0.757109
-0.928838
-0.632959
-0.804323
-0.515618
-0.81571
-0.684675
-0.524103
-0.834953
-0.918859
-0.745265
-1.07704
-0.631954
-1.08101
-0.677134
-0.894334
-1.01628
-0.75387
-0.888384
-0.639019
-0.675877
-1.01887
-0.867204
-0.949326
-0.784708
-0.6072
-0.569115
-0.680768
-0.96651
-0.810466
-0.800402
-0.59615
-1.00073
-0.573634
-0.968501
-0.818818
-0.529851
-0.794351
-0.42846
-0.565217
-0.371286
-0.762713
-0.590718
-0.462473
-0.865696
-0.703067
-0.562649
-0.431604
-0.876389
-0.681173
-0.522326
-0.589288
-0.512015
-0.73849
-0.502465
-0.850864
-0.593107
-0.729133
-0.827361
-0.532527
-0.602865
-0.443227
-0.423681
-0.377567
-0.572629
-0.525485
-0.40071
-0.7049
-0.693083
-0.657645
-0.721978
-0.639253
-0.694818
-0.691223
-0.564357
-0.467746
-0.470362
-0.412101
-0.486197
-0.565951
-0.535053
-0.649033
-0.775337
-0.547429
-0.41424
-0.772244
-0.627468
-0.467277
-0.449192
-0.183369
-0.622691
-0.33432
-0.427198
-0.645658
-0.218614
-0.472714
-0.175985
-0.441373
-0.31165
-0.518151
-0.340857
-0.273099
-0.53798
-0.724225
-0.416404
-0.358962
-0.687601
-0.557513
-0.289901
0.0445294
0.0350072
0.0458514
0.02224
0.0269381
0.0467312
0.0345715
0.0921554
0.0854464
0.142216
0.071374
0.0929541
0.0704074
0.129042
0.0886453
0.111096
0.0284713
0.019539
0.0318543
0.087907
0.121326
-0.0337999
-0.00119374
0.0640156
-0.0332521
-0.00898804
-0.0202118
0.0514237
0.0784498
-0.0373645
-0.0422329
-0.228272
-0.158745
0.0569714
-0.0705795
0.0351731
0.104999
-0.048592
-0.0170062
-0.00396829
0.0936072
0.0439775
0.225311
0.106925
0.157988
0.0717865
0.240328
0.0756567
0.153801
0.20579
-0.0413415
0.304317
-0.0331368
-0.0324055
0.216774
0.301009
0.204453
0.142905
0.00619982
-0.00751374
-0.00498507
0.139517
0.200361
0.064755
-0.0416432
0.0344545
-0.299996
-0.381549
0.0749168
0.0854797
0.183962
-0.077286
0.234841
-0.2044
-0.061424
0.17051
0.24859
0.137911
0.125815
-0.0263083
-0.155581
-0.0412383
0.0996623
0.165538
10.6883
10.9917
10.7767
10.526
10.7723
10.5602
10.7008
10.7
10.8324
10.8124
10.5002
10.7143
10.7109
10.4118
10.9541
10.5953
10.6138
10.2593
10.8233
10.6595
10.4693
10.6175
10.9201
10.4633
8.41131
10.7408
10.4671
10.4789
10.5591
10.3835
10.4894
-0.319555
-0.322129
-0.3685
-0.33087
-0.324444
-0.271719
-0.246646
-0.542415
-0.506399
-0.286678
-0.315247
-0.425917
-0.432811
-0.43746
-0.593617
-0.380704
-0.598874
-0.101975
-0.206509
-0.0962769
-0.106374
-0.205828
-0.0575853
-0.204838
-0.213313
-0.105026
-0.332103
-0.295737
-0.179657
-0.269599
-0.225773
-0.293633
-0.318845
-0.19539
0.0922592
0.181611
-0.0195776
0.311506
-0.0720084
0.248589
0.106385
0.231406
0.317166
0.0215273
0.384503
0.0426046
0.193577
0.421641
0.409215
-0.0716352
0.315677
-0.0799263
-0.0729267
0.299682
0.418746
0.372357
-0.103756
0.23317
-0.322954
0.289961
0.3135
-0.117554
12.0135
11.9201
12.0273
12.0101
12.034
12.0957
12.0634
12.0509
12.0555
12.0656
12.0831
12.0856
12.0093
12.1049
12.0723
12.0866
12.0926
12.0549
12.0431
12.0772
12.0374
12.0539
12.0446
12.0485
12.0746
12.0811
12.1272
12.1364
12.1219
12.1248
12.1262
12.1457
12.118
12.1211
12.1359
12.0805
12.0737
12.0699
12.1453
12.1443
12.0773
12.0875
11.9939
11.9896
11.9793
11.9643
11.9726
12.0388
12.0139
12.01
12.0216
11.9969
12.0065
12.0444
12.0253
12.0224
12.0291
12.0131
12.0124
11.9895
12.0256
12.0035
11.9741
11.9879
12.0057
11.9869
12.001
12.0289
12.0683
12.06
12.0591
12.0655
12.0525
12.0668
12.0483
12.058
12.0881
12.0177
12.0305
12.0192
12.0625
12.0671
12.029
12.0256
12.1594
12.1822
12.1718
12.1584
12.1502
12.1718
12.1708
12.1452
12.1689
12.1605
12.1373
12.1501
12.1684
12.132
12.1433
12.1658
12.1597
12.1296
12.145
12.1617
12.1351
12.1541
12.16
12.176
12.1607
12.1579
12.1725
12.1539
12.1071
12.0988
12.1184
12.0975
12.1128
12.1054
12.0979
12.0812
12.0751
12.0878
12.0867
12.0881
12.0844
12.0814
12.1048
12.1235
12.1121
12.1096
12.1055
12.114
12.1078
12.1023
12.1288
12.1373
12.1095
12.0989
12.1281
12.107
12.079
12.083
12.0926
12.0917
12.0886
12.0937
12.0843
12.1061
12.1348
12.1265
12.1086
12.1212
12.1103
12.106
12.0889
12.0662
12.0445
12.0602
12.0377
12.0628
12.0401
12.0897
12.1131
12.0596
12.0714
12.0656
12.0407
12.0745
12.0513
12.0465
12.0921
12.0724
12.102
12.0742
12.0801
12.0906
12.0902
12.0824
12.0848
12.075
12.0685
12.0932
12.0669
12.1025
12.0778
12.0909
12.0893
12.0898
12.0706
12.1112
12.1144
12.1129
12.0944
12.1302
12.0867
12.1142
11.6649
11.6922
11.6904
11.5865
11.6211
11.8347
11.7588
11.7623
11.7585
11.7825
12.5057
12.4537
12.3829
12.4699
12.4522
12.4272
12.4969
12.5011
12.4871
12.3545
12.5241
12.6068
12.4202
12.4582
12.4882
12.3435
12.3091
12.3978
12.4153
12.3934
12.4528
12.6015
12.6988
12.7613
12.7272
12.6472
12.6492
12.738
12.165
12.0182
12.1161
12.1738
12.1448
12.2021
12.0464
12.0819
11.7888
11.9465
12.0005
11.9933
11.9162
12.0972
12.1992
12.1549
12.1094
12.2882
12.241
12.0873
12.2292
12.3167
12.2237
12.2515
12.474
12.1599
12.4245
12.3773
12.1795
11.8852
11.9797
12.0364
12.0484
12.012
12.1559
12.2959
12.2417
12.138
12.3279
12.1707
12.3806
12.2559
12.333
12.3756
12.2908
12.1878
12.1075
12.3843
12.4228
12.4186
12.1922
12.3745
12.5058
12.5405
12.2552
12.3849
12.361
11.9919
12.1256
12.1718
12.1659
12.1323
12.3938
12.4125
12.4322
12.2887
12.4983
12.6141
12.2699
12.4429
12.5065
12.3105
12.489
11.9798
12.1615
12.1474
12.1609
12.1277
12.3621
12.3947
11.9167
12.2694
12.6794
12.2845
12.6218
12.4551
12.4287
12.9961
12.956
12.617
12.8324
12.414
12.6966
12.4409
12.2304
12.9066
12.2405
12.7832
11.8699
12.7089
12.5405
12.7272
11.8303
12.1665
12.0771
11.5644
12.1134
11.7554
11.7178
11.7351
12.0496
11.6416
12.1239
11.6052
12.5097
12.4111
12.0227
12.2446
12.3406
12.1339
12.368
12.4871
12.3381
12.1345
12.1546
12.2916
12.4491
12.3916
11.23
11.7964
11.359
11.8769
11.8709
11.5793
11.8442
11.5149
11.2793
12.2378
12.4896
12.1382
11.7704
11.8734
12.3875
12.1794
12.253
12.0173
11.9399
11.2182
12.2948
11.9188
11.7264
12.2468
11.8465
11.3209
11.3474
11.3804
11.3899
11.3772
11.3165
11.3958
11.4175
11.3195
11.2471
11.441
11.4147
11.393
11.3891
11.3991
11.4365
11.4467
11.4094
11.3528
11.3421
11.3814
11.3614
11.3134
11.4046
11.4442
11.3929
11.3771
11.4616
11.3918
11.3134
11.496
11.5144
11.4138
11.4859
11.4396
11.2601
11.3127
11.3238
11.5379
11.2023
11.4
11.403
11.4285
11.4007
11.4414
11.4003
11.4112
11.4465
11.3449
11.3618
11.3853
11.423
11.5164
11.5956
11.5545
11.4732
11.5222
11.5542
11.5885
11.4365
11.541
11.3639
11.4444
11.4347
11.3597
11.5315
11.5057
11.5106
11.4824
11.4321
11.5061
11.4377
11.5051
11.5133
11.4503
11.5335
11.566
11.4023
11.4508
11.2945
11.4749
11.3604
11.3356
11.5397
11.5613
11.5613
11.5287
11.5619
11.5575
11.5363
11.5362
11.5272
11.5409
11.5321
11.5367
11.5405
11.5318
11.5519
11.5154
11.5115
11.5188
11.5258
11.4848
11.5267
11.5287
11.6011
11.5568
11.6333
11.576
11.5529
11.4899
11.6699
11.4687
11.4272
11.4476
11.4688
11.4266
11.4447
11.4627
11.4134
11.4069
11.4379
11.4199
11.4065
11.4309
11.4206
11.4674
11.4705
11.4767
11.4654
11.4566
11.4499
11.4905
11.4927
11.4936
11.5085
11.488
11.4975
11.4871
11.4841
11.4157
11.4058
11.4332
11.4073
11.4068
11.4403
11.4178
11.4932
11.5014
11.4613
11.4697
11.4932
11.4816
11.4633
11.7386
11.7434
11.6212
11.665
11.6236
11.6113
11.6676
11.5965
11.6569
11.6579
11.7637
11.5919
11.667
11.6599
11.5351
11.7299
11.5778
11.5843
11.5131
11.6007
11.6203
11.652
11.679
11.5662
11.5866
11.5992
11.5476
11.6346
11.8182
11.7039
11.7335
11.7682
11.8128
11.7093
11.7355
11.77
11.7235
11.6685
11.631
11.6478
11.7395
11.7001
9.46968
9.46714
5.20501
10.3277
9.60867
10.2434
9.84282
8.73297
8.92576
9.41155
8.39226
8.47527
8.33106
9.17796
9.48013
10.447
9.42235
9.95161
9.10669
10.6215
10.7278
9.89473
9.2726
10.2736
9.88564
8.91541
8.32787
9.93952
8.71554
7.88021
9.5399
9.59055
9.68767
2.65073
8.24239
9.0842
8.19821
7.68767
9.66401
8.80066
9.14827
8.22975
8.37698
9.1209
9.40025
9.14467
8.36549
9.01932
8.82123
7.79997
8.17716
8.7068
7.43487
8.67884
8.11905
7.14685
8.1554
8.86689
9.54097
8.79877
9.54481
10.4799
9.5781
8.79065
9.55812
8.84008
10.1585
9.28661
8.66484
8.79732
7.40769
8.33176
9.44286
8.54307
7.72879
8.35622
7.06469
7.67131
7.07618
8.29213
8.39568
7.64889
9.15242
8.42211
11.1114
11.2706
11.0594
11.2521
11.1247
11.1656
11.2115
11.2778
11.1912
11.2365
11.2288
11.3031
11.3009
11.1894
11.2859
11.2877
11.2027
11.3202
11.2976
11.2895
11.1233
11.2161
11.3351
11.1825
11.3099
11.3636
11.242
11.0567
11.2533
11.3426
11.2928
11.111
11.1913
11.2164
11.3041
11.2034
11.1516
11.1712
11.1721
11.2303
11.237
11.1687
11.197
11.2621
11.2967
11.1994
11.1539
11.2648
11.1713
11.2596
11.1466
11.0332
11.3429
11.3269
11.2051
11.1752
11.318
11.0261
11.1287
11.1624
11.3839
11.1652
10.9736
11.2379
11.1646
11.3167
11.2495
11.2095
11.2024
11.2291
11.178
11.2202
11.2694
11.2022
11.0997
11.1833
11.2352
11.199
11.191
11.1959
11.2556
11.1901
11.1986
11.2695
11.1953
11.1858
11.2696
11.1853
11.2724
11.3271
11.342
11.2045
11.2881
11.2551
11.2398
11.3063
11.2654
11.2578
11.2722
11.2707
11.324
11.2298
11.2033
11.3212
11.2639
11.3441
11.2037
11.4048
11.2507
11.1973
11.1394
11.3436
11.266
11.1971
11.243
11.1996
11.2729
11.2905
11.1288
11.2495
11.2416
11.2303
11.2766
11.1763
11.2362
11.1863
11.1544
11.3059
11.3141
11.1924
11.2912
11.0499
11.1904
11.329
11.1335
11.0996
11.272
11.1629
11.362
11.3225
11.2851
11.3201
11.3342
11.3168
11.3327
11.2949
11.2836
11.2379
11.2717
11.2842
11.2711
11.278
11.2884
11.2765
11.2387
11.2731
11.2881
11.2829
11.2914
11.2406
11.1352
11.226
11.2275
11.2509
11.2075
11.2158
11.2193
11.1313
11.1769
11.184
11.1904
11.173
11.2047
11.2386
11.2262
11.1866
11.2578
11.2309
11.1834
11.2441
11.2125
11.1673
11.2173
11.2485
11.2112
11.1746
11.231
11.2018
11.1163
11.1632
11.1658
11.1581
11.159
11.2008
11.2346
11.2207
11.1884
11.2251
11.1764
11.2687
11.2204
11.4081
11.3893
11.2149
11.2707
11.3185
11.2741
11.3602
7.24518
6.89461
7.51632
8.0656
7.38903
7.81849
7.46335
6.69726
4.51022
6.46541
6.12765
6.80555
5.92013
6.22162
6.90025
6.20897
6.06537
6.5454
7.05617
5.8832
6.39665
6.58065
7.61339
8.58386
7.23062
6.3089
8.05836
7.31442
5.57074
5.07962
5.51174
6.16887
5.56103
6.19669
5.09449
4.84008
3.82505
4.23425
4.26603
4.30119
4.26503
4.79146
5.53182
5.47169
5.09776
5.9972
6.05384
5.16829
5.48332
5.20437
5.5007
4.8681
5.6681
5.07656
5.71337
5.22902
4.73408
3.93635
4.20327
4.2816
4.22158
4.1639
4.80313
5.33675
5.02356
5.09973
5.94277
5.1569
5.83566
5.40522
7.09002
7.7025
7.49163
6.18637
8.19659
6.22976
6.97512
4.90094
4.76773
4.46136
5.44406
5.332
5.23617
5.00985
4.31912
4.34154
3.02532
3.74623
3.90863
3.40506
4.16486
4.70305
2.84799
5.48145
4.73024
5.30093
5.04418
4.5351
3.98567
6.98007
4.06232
3.85167
3.04061
3.57245
3.48428
1.2507
3.96811
4.36114
-4.91795
4.55448
5.10389
5.37261
5.03328
4.34925
3.38408
5.14844
5.1407
4.48129
4.61236
3.75354
4.29406
3.09798
2.65256
4.34311
3.1619
2.30488
3.70727
3.86184
3.7844
4.35417
5.70531
6.03367
5.47448
4.58632
6.24753
5.22589
4.85156
5.09844
5.0966
4.44186
5.7149
4.44303
6.41551
5.65391
4.66321
5.59016
5.55624
6.12311
6.94774
6.9008
5.87017
5.13357
5.55345
6.20114
6.6
5.97191
2.93195
3.48874
3.13777
4.25033
3.94535
4.39921
3.66716
3.75573
3.34328
4.09886
5.48957
4.08711
3.48204
3.31553
4.8241
4.33886
3.65351
3.14019
3.47098
1.97318
3.05825
2.63951
4.13264
4.0588
3.25304
1.95833
3.74785
3.0943
2.49322
3.23376
2.68094
2.67671
2.05472
3.46245
2.76236
11.173
11.1757
11.1752
11.1229
11.1757
11.1729
2.35495
4.43044
3.57439
3.89286
3.6305
2.64352
3.38234
0.900937
1.71505
0.535182
-0.638419
0.691346
1.94025
-0.543992
1.17745
2.42673
0.517119
-0.146934
1.38418
2.05365
-0.364008
1.55486
-6.87338
-0.362464
2.74269
1.73206
-0.722014
-11.1291
-1.24301
-3.17832
-1.48868
-1.41853
-1.57915
-1.9513
-1.63668
-2.3492
-2.91261
-3.05763
-1.27413
-2.05122
-0.618104
-0.396133
-4.98794
-1.20121
1.67015
4.15084
-14.496
3.17914
4.31242
-14.3734
1.46005
-0.898338
-1.47027
-1.30883
-2.14951
-1.211
-1.82919
-0.978076
-1.78819
-0.889475
-0.243329
-1.16804
-1.72253
-1.626
-0.979582
-1.4194
-1.26971
-1.42608
-1.5313
-1.41962
-1.31342
-1.46041
-1.68578
-0.875978
-3.44867
-0.872657
-1.41482
-1.01073
-1.967
-1.79994
-2.48617
3.8932
-7.54109
-2.80297
1.56543
-6.79946
3.06586
1.06097
-0.99751
-1.37025
-0.6912
-1.08543
-1.02431
-0.435197
-1.50573
1.11226
-12.7792
-1.52939
3.15034
-10.6964
2.25203
1.1397
-0.909181
-0.933624
-1.30203
-1.48527
-0.547245
-1.39415
-1.24252
5.00214
1.2206
0.854561
1.67974
-0.397308
-11.0546
0.187605
1.02464
-0.431566
0.791708
0.43187
0.6719
2.03668
0.283291
0.194345
-0.567394
-0.337276
-1.06666
0.581767
0.92908
-0.480919
0.360508
0.602567
0.147926
-0.231718
1.34245
1.43207
0.946503
0.57978
0.71413
0.0118621
0.936568
0.714905
0.761196
0.724982
-0.0271983
-0.0718181
-0.693852
-0.2388
-0.0537295
-0.341966
-0.191283
0.343895
-0.254284
1.05258
0.409036
0.548107
0.574714
0.263038
-0.800024
0.532826
-3.2598
-1.05903
0.0534859
-1.29224
-0.370373
-0.788217
-0.466826
-1.13382
-0.471101
-0.696377
-1.44112
-0.538135
-0.392393
-1.0862
-0.090058
0.0721034
0.439434
-0.147699
-0.149345
0.717355
2.22074
0.756272
1.04396
1.18391
1.81089
0.34883
1.51603
1.85718
0.454471
2.03189
0.784883
2.66413
1.11258
0.62054
0.201883
-0.435381
-1.14323
-0.888237
-0.0853746
-1.24444
0.2562
-0.511302
-1.20094
-0.305538
-0.652721
0.440641
0.166908
-0.238711
-0.732602
0.760472
-0.325653
-0.594028
1.12438
-0.493827
0.0274057
-0.303809
0.643564
0.498879
0.0518125
0.433723
1.08532
8.63781
8.65689
8.74557
8.82081
8.53486
8.77957
8.50929
8.65941
8.87168
9.57921
8.77927
8.54179
8.90969
8.96281
8.76904
9.20627
8.80207
9.11599
8.9629
9.22057
8.8483
8.56796
8.65348
8.14451
8.98945
8.21959
9.12096
8.44121
9.59987
9.52484
9.69833
9.57065
9.60097
9.49337
9.13342
9.45468
10.2948
9.38572
9.72442
9.99759
9.28195
9.3352
9.30958
9.50788
9.30908
9.28652
9.15905
9.60573
9.22023
9.73948
9.07411
9.38807
10.0633
9.63861
9.56202
9.69097
9.62301
9.41166
9.47174
9.42245
9.92634
7.13455
9.21762
8.99618
9.33945
8.97288
9.04525
9.14098
9.08076
9.26151
8.37657
7.95778
9.02338
8.58902
8.27337
9.10536
8.06495
8.24152
8.09947
8.43187
9.09471
8.41733
8.97084
7.92473
9.36079
9.29869
9.20606
8.98914
9.68381
9.16481
9.13486
9.083
9.73907
9.09174
9.06665
9.12244
9.72471
9.19105
8.96834
9.63488
9.27617
10.0329
9.63252
9.5963
9.51692
9.37543
9.56357
9.27518
9.39963
8.89083
9.20477
8.88737
8.97111
9.26569
8.78337
9.0181
9.20411
8.86772
9.13139
7.95983
7.08854
7.36323
7.62316
8.1577
7.10777
7.39667
7.53855
6.50795
6.74976
7.40624
6.67995
7.95518
8.07186
7.24388
6.72582
6.42103
7.43782
6.434
8.11049
7.90755
-1.3743
-1.27337
-1.37558
-1.35072
-1.39066
-1.14506
-1.32822
-1.01984
-0.987542
-1.20667
-1.37224
-1.11504
-1.02931
-1.22896
-1.10475
-1.14111
-1.37445
-1.19901
-1.3621
-1.33914
-1.08298
-0.566024
-0.667114
-0.495849
-0.725017
-0.528152
-0.697318
-0.531684
-0.953795
-0.933052
-0.76358
-0.937996
-0.91654
-0.82081
-1.12408
-1.07351
-0.986782
-0.872395
-1.0235
-0.928841
-0.907379
-1.04028
-1.40685
-0.853924
-1.02821
-1.31018
-1.35311
-1.38681
-1.00158
-1.3761
-1.0459
-1.10845
-1.39509
-1.42232
-1.12527
-1.37036
-1.37956
-1.13283
-1.10822
-1.34299
-1.34446
-1.08901
-1.35903
-1.11884
-1.03384
-1.33468
-1.34163
-1.35631
-1.04454
-1.23819
-1.25907
-1.04201
-1.04462
-1.34323
-1.13912
-1.14516
-1.39821
-1.34774
-1.13706
-1.37988
-1.35113
-1.09842
-1.34378
-1.13169
-1.20433
-1.3443
-1.13875
-1.36503
-1.34136
-1.05204
-1.03612
-1.24109
-1.18679
-0.998865
-1.02368
-1.25854
-1.06313
-1.0113
-1.20744
-1.18192
-1.04059
-1.19646
-1.0674
-1.05475
-1.22238
-0.548921
-0.738245
-0.629489
-0.55747
-0.723345
-0.601549
-0.492146
-1.05907
-1.01695
-0.850578
-0.924803
-0.918749
-1.05092
-0.980825
-0.720197
-0.821085
-0.600712
-0.584593
-0.667551
-1.06324
-0.949538
-0.999368
-1.05669
-1.14102
-0.719807
-0.855228
-0.713373
-0.7537
-0.695257
-0.599406
-0.886589
-0.532496
-0.578857
-1.15696
-1.04817
-0.900044
-0.942308
-1.0069
-1.06618
-1.04329
-1.10266
-1.04486
-1.01727
-1.07677
-1.06076
-1.03332
-1.13525
-1.09977
-1.03849
10.3601
10.5513
10.3646
10.4173
10.3973
10.3774
10.3
10.3542
10.6425
10.1591
10.3777
10.3891
10.4563
10.3679
10.5302
10.6175
10.2521
10.4135
10.4902
10.8537
10.4285
10.5545
10.4252
10.7553
10.6335
10.5543
10.6255
10.3893
10.6355
10.0022
10.9609
10.5545
10.6444
10.8553
10.5562
10.5474
10.9861
10.2751
10.5231
10.6423
10.3629
10.5215
10.4268
10.8572
10.8027
10.4388
10.2557
10.4219
10.5594
10.6166
8.43366
10.7138
10.6823
10.774
10.5772
10.516
10.5497
10.7149
10.3465
10.534
9.94305
10.5203
10.5211
10.3638
10.3275
10.2896
10.4338
10.3247
10.6304
10.3682
10.0884
10.7525
10.2704
10.8192
10.519
10.3256
10.5704
10.3012
10.3677
10.2266
10.7683
10.2235
10.3393
10.1954
10.2681
10.7937
10.2613
10.4317
10.4545
10.8889
10.2312
10.4864
10.4482
10.2091
10.3335
10.1448
10.2742
10.3376
10.8105
10.2388
10.1854
10.7215
10.1971
10.8175
10.549
10.4011
10.2948
10.4263
10.3635
10.1742
10.1553
9.93271
10.0271
10.0194
10.0511
10.5332
10.8265
10.0339
10.018
10.052
9.93217
9.89154
9.8144
9.8092
9.84451
10.3983
9.96985
9.74694
10.0066
10.0367
9.95081
10.2764
8.41402
11.0375
10.4652
10.2202
10.395
10.2467
10.3178
10.2016
10.3168
10.2812
10.1816
9.92241
10.5939
10.1865
10.1419
9.9592
10.6236
10.117
10.095
9.97964
10.6334
10.2291
9.89062
10.5466
10.4304
9.89766
9.8437
9.86856
9.94285
10.3967
9.88744
9.92324
9.96664
10.0141
9.89813
9.88628
9.75298
9.80344
9.6956
9.93158
10.3507
9.78101
9.88249
9.98117
9.87098
10.4285
9.79852
10.3306
10.21
10.2092
10.3535
10.248
10.1422
10.3131
10.3105
10.2604
10.1883
-1.09853
-0.943233
-0.937815
-1.20998
-1.2095
-1.1083
-0.889148
-1.04116
-0.782029
-0.77202
-0.912321
-1.02681
-0.806522
-0.969008
-1.06608
-0.879511
-0.769371
-1.0409
-1.0784
-0.84399
-0.975422
-0.905129
-0.920155
-0.9566
-0.888118
-0.928099
-0.830915
-0.932723
-0.666751
-0.66826
-0.874177
-0.915711
-0.813775
-0.776988
-0.7718
-0.772488
-0.775464
-0.761506
-0.64687
-0.839991
-0.911403
-0.677108
-0.742558
-0.732586
-0.779078
-0.857839
-0.773871
-1.06753
-1.00602
-1.15183
-1.10542
-1.02156
-1.06353
-1.09339
-1.02215
-1.0234
-1.05927
-1.05917
-1.07176
-0.998955
-1.08684
-0.695728
-0.830964
-0.67395
-0.774638
-0.764803
-0.774411
-0.607794
-0.895736
-1.03637
-1.0476
-0.952369
-1.01572
-0.989373
-0.894499
-0.742241
-0.741124
-0.657455
-0.691368
-0.677238
-0.818817
-0.974633
-0.986792
-0.882851
-0.904413
-0.790492
-0.589507
-0.571752
-0.971127
-0.9443
-0.808647
-0.52926
-0.79151
-0.426608
-0.372741
-0.569015
-0.75069
-0.460634
-0.592472
-0.854713
-0.559952
-0.432658
-0.698758
-0.871077
-0.519871
-0.679079
-0.733959
-0.503668
-0.59107
-0.844429
-0.820384
-0.530977
-0.725371
-0.600663
-0.438551
-0.377412
-0.425149
-0.524072
-0.400503
-0.571237
-0.647333
-0.545884
-0.415469
-0.771249
-0.76672
-0.467926
-0.622466
-0.594189
-0.515598
-0.705063
-0.718917
-0.686089
-0.657558
-0.686534
-0.6404
-0.693417
-0.568877
-0.418573
-0.47116
-0.476864
-0.54126
-0.569924
-0.490765
-0.45025
-0.187109
-0.336748
-0.622028
-0.429347
-0.221245
-0.64356
-0.471315
-0.177512
-0.312842
-0.441553
-0.274218
-0.515186
-0.343796
-0.534284
-0.419254
-0.360509
-0.716494
-0.29209
-0.687714
-0.561822
-0.62589
-0.545027
-0.668695
-0.627996
-0.694097
-0.502973
-0.560737
-0.555594
-0.536658
-0.464026
-0.349095
-0.54797
-0.478752
-0.529976
-0.663441
-0.873411
-0.786378
-0.798762
-0.903004
-0.843588
-0.752413
-0.920971
-0.72433
-0.630043
-0.513217
-0.799693
-0.809345
-0.829608
-0.523058
-0.68014
10.6984
10.8259
10.4941
10.8069
10.71
10.7107
10.4048
10.5313
10.4018
10.4616
10.5147
10.4309
10.9178
10.3884
10.6075
10.4188
11.02
10.4786
10.3067
10.4422
10.4098
10.4933
10.505
10.3695
-0.215766
-0.106162
-0.332651
-0.174818
-0.297192
-0.112073
-0.215431
-0.107674
-0.117386
-0.212151
-0.21543
-0.0690308
-0.277392
-0.30296
-0.234866
-0.325365
-0.20571
-0.323868
-0.326385
-0.373627
-0.328998
-0.335047
-0.271059
-0.246238
-0.540378
-0.505012
-0.314655
-0.424376
-0.286083
-0.430596
-0.435691
-0.591419
-0.380002
-0.595407
0.217854
0.312172
0.38078
0.016208
0.0465232
0.184463
0.415998
12.2693
12.2852
12.3619
12.2265
12.2492
12.271
12.315
12.3437
12.3518
12.3093
12.4069
12.3555
12.3618
12.379
12.32
12.327
12.5094
12.5334
12.4392
12.5314
12.4205
12.5297
12.527
12.4471
12.4483
12.3797
12.3316
12.3325
12.3834
12.3241
12.3901
12.3993
12.4232
12.4566
12.4267
12.4822
12.4273
12.542
12.639
12.6051
12.6125
12.586
12.0357
12.1529
12.1286
12.0648
12.0087
12.1562
12.0764
12.0287
12.1769
12.1544
12.0007
12.1819
11.9391
12.0417
12.0126
12.156
12.3116
12.2856
12.0801
12.2155
12.2799
12.2024
12.2884
12.2674
12.1459
12.2434
12.2131
12.089
12.1676
12.2183
12.142
12.2202
12.1587
12.1885
11.9596
11.9741
12.018
12.3011
12.1976
12.2305
12.3253
12.3494
12.1805
12.1821
12.1618
12.1854
12.1776
12.1648
12.1728
11.9935
11.9171
11.9621
11.9333
11.9788
11.9602
11.9416
12.0255
12.005
12.045
12.0546
12.0529
12.0077
12.0512
12.0836
12.0777
12.0992
12.0629
12.0749
12.0809
12.0938
11.5859
11.5725
11.6139
11.6063
11.6417
11.5829
11.627
11.5742
11.6977
11.5822
11.7087
11.5679
11.6971
11.7017
11.6485
11.4389
11.3911
11.7045
11.3636
11.7101
11.6602
11.5925
11.3706
11.235
11.6887
11.2244
11.6925
11.5917
11.478
11.7616
11.7556
11.6425
11.2674
11.2909
11.6405
11.6893
11.9523
11.9914
11.7474
11.4882
11.4853
11.7156
11.5639
11.4426
12.0505
11.4944
11.5718
11.7078
11.6009
11.3506
11.3094
11.3423
11.3663
11.3407
11.3456
11.316
11.3195
11.2554
11.3064
11.2635
11.2466
11.3049
11.2717
10.9534
11.0722
11.0075
11.1296
10.9577
11.0909
11.0116
10.3478
10.5248
10.4421
10.6775
10.3485
10.5984
10.4402
9.46419
9.67571
9.52378
9.94012
9.40485
9.84462
9.57973
8.69791
8.71679
8.51342
9.26991
8.39886
9.21361
8.77282
8.35914
8.22954
7.79846
8.97933
7.75899
8.97865
8.37981
8.24783
8.25114
7.71608
8.87305
7.72893
8.88002
8.23941
11.1689
11.1425
11.1796
11.1847
11.2178
11.2295
11.1697
11.1383
11.173
11.1859
11.1504
11.1101
11.1021
11.1566
11.0849
10.9683
11.0089
10.9798
10.9554
11.0566
11.0044
10.5341
10.6624
10.6384
10.7431
10.5755
10.6706
10.6125
9.61784
9.91283
9.88776
9.9541
9.74925
9.80921
9.77303
2.8981
3.00077
1.728
1.61553
3.71033
2.84659
2.86174
1.70576
3.18898
2.64517
2.57102
2.62392
2.57297
1.66608
2.23909
2.96155
2.47335
2.85652
2.47773
2.92776
2.15162
2.95981
3.42064
3.4149
2.90993
2.46648
2.49814
2.84694
2.82489
3.44315
3.37221
2.97328
2.81314
2.72609
3.03697
11.1462
11.0362
11.1063
11.1073
11.0883
11.1118
11.0919
10.8706
10.9717
10.9634
11.0156
10.9401
10.9744
10.9144
10.5646
10.6994
10.7037
10.7169
10.6624
10.66
10.6215
10.0448
10.2046
10.2165
10.1843
10.1373
10.1063
10.118
-0.879941
-1.48326
-1.44367
-1.42837
-0.717689
-0.827495
-1.4006
-0.928203
-0.249381
-0.463936
-0.92459
-0.408182
-0.799701
-1.04463
-0.377765
0.0499582
-0.105412
-0.285895
-0.0762657
-0.236501
-0.437647
-0.0854948
0.0843528
-0.00889811
0.0616507
-0.00146056
0.0995677
-0.126261
-0.280087
-0.0463451
-0.157056
-0.187003
-0.1318
-0.202884
-0.0967826
-2.34101
-1.97454
-2.16634
-1.16663
-0.696655
-0.274747
-1.31633
-1.96641
-1.6875
-2.1732
-1.67047
-1.68213
-1.94816
-1.66865
-1.23175
-1.19732
-1.29037
-1.31584
-1.17996
-1.30016
-1.16653
-0.870042
-0.668888
-0.737814
-0.923424
-0.69753
-0.880509
-0.871378
-0.610957
-0.418853
-0.465212
-0.542765
-0.447424
-0.528547
-0.613516
-0.407041
-0.246358
-0.29304
-0.359231
-0.274993
-0.335023
-0.427132
-0.248585
-0.109926
-0.155189
-0.20831
-0.142518
-0.187836
-0.269249
10.7843
10.9955
10.984
10.9265
10.9715
10.8862
10.8222
10.671
10.8523
10.8473
10.7676
10.8138
10.7423
10.6919
-0.382509
-0.765007
-0.631068
-0.576796
-0.396926
-0.338694
-0.708005
-0.224409
-0.0797976
-0.0424526
-0.382301
-0.00799776
-0.362245
-0.248939
-0.029826
0.0880215
0.172447
-0.165836
0.192471
-0.165655
-0.0294187
0.0638235
0.133357
0.288787
-0.0756916
0.300832
-0.0500531
0.03956
0.102317
0.158523
0.368796
-0.0504514
0.373361
-0.0388089
0.0867775
0.115705
0.169238
0.395684
-0.0469787
0.381953
-0.0507877
0.114031
0.0717016
0.0994647
0.312406
-0.0997583
0.294355
-0.123376
0.0886842
0.0282811
0.0787947
0.238569
-0.141573
0.227692
-0.157091
0.047061
0.0175925
0.0972247
0.198016
-0.11006
0.191095
-0.106751
0.025059
0.0325656
0.0982764
0.152281
-0.0332008
0.144822
-0.017684
0.0297774
10.6382
10.9066
10.8782
10.708
10.8614
10.7052
10.6619
0.570513
0.215098
0.388957
0.41728
0.508427
0.609461
0.228446
0.801663
0.869497
0.928496
0.554706
0.968216
0.571874
0.779423
1.11299
1.18488
1.25816
0.883831
1.29339
0.898922
1.09853
1.3675
1.43569
1.52211
1.15963
1.55017
1.16718
1.35473
1.51238
1.58382
1.68773
1.31525
1.70171
1.31883
1.50903
1.49442
1.55282
1.6938
1.31158
1.6862
1.29821
1.5071
1.32547
1.33851
1.50913
1.15166
1.47854
1.1238
1.35251
1.04667
0.992672
1.15906
0.887765
1.11247
0.852494
1.08364
0.736718
0.568639
0.702726
0.601581
0.645146
0.57079
0.772331
12.1126
12.1137
12.0892
12.1162
12.0771
12.0789
12.0954
12.2512
12.2166
12.2419
12.2149
12.2314
12.1898
12.2025
11.9178
11.9235
11.6447
11.6321
11.6544
11.6487
11.6515
11.706
11.6854
11.6913
11.665
11.6895
11.7775
11.767
11.7793
11.7684
11.9787
11.9521
11.8266
11.9423
11.8598
11.8348
11.8235
11.85
11.9529
12.0143
12.0008
12.0438
11.9972
12.032
12.0333
12.0436
11.6888
11.6461
11.6815
11.795
11.7923
11.7872
11.8002
11.646
11.5934
11.6512
11.8323
11.807
11.8376
11.8222
11.9762
11.9709
11.9512
11.9964
11.9555
11.9549
11.9477
12.0531
12.063
12.0652
12.0803
12.046
12.0799
12.0393
11.6445
11.8619
11.5598
11.8133
11.8148
11.6466
11.8481
11.8666
11.6555
11.5451
11.8205
11.6469
11.8806
11.812
12.1958
12.2253
12.2358
12.2521
12.2145
12.1942
12.1951
11.8895
11.6644
11.5535
11.824
11.8358
11.6718
11.88
11.8058
11.9204
11.9702
11.9695
11.652
11.7823
11.9091
10.9863
12.0504
11.9817
12.3791
12.1223
11.6411
11.3995
10.7872
11.06
10.8312
11.6058
11.6738
11.5917
11.7011
11.6838
11.6
11.6932
11.4334
11.4106
11.4259
11.397
11.389
11.3958
11.4254
11.3791
11.3484
11.3053
11.2684
11.376
11.3398
11.3108
11.8676
11.7422
11.7604
11.6858
11.7091
11.8152
11.7584
11.4927
11.6896
11.4229
11.6988
11.6745
11.4513
11.7152
11.3123
11.3299
11.2096
11.2442
11.2105
11.3004
11.3361
11.1379
11
10.9517
10.9312
11.0609
11.094
10.9897
11.6044
11.3944
11.2528
11.6897
11.592
11.2694
11.6929
10.9977
10.9283
10.7282
10.8695
10.8025
10.8608
11.0424
10.7046
10.3744
10.2838
10.3637
10.4552
10.6405
10.4473
11.7226
11.6137
11.408
11.239
11.6209
11.226
11.7235
10.5102
10.2867
9.99924
10.2885
10.2089
10.1982
10.5702
10.2434
9.66604
9.48406
9.83604
9.74274
10.2049
9.88836
11.6396
11.9376
11.9098
11.7031
11.4603
11.7224
11.4415
10.1345
9.58827
9.22363
9.78754
9.74108
9.52565
10.1656
10.0416
9.34682
8.95127
9.55689
9.34617
10.0488
9.57228
11.6467
11.4975
11.988
12.0028
11.6988
11.6939
11.3852
10.045
9.34526
8.91181
9.53135
9.52498
9.36251
10.0297
9.39926
9.96772
8.94918
9.43008
9.40871
9.95571
9.42545
9.35525
8.97891
9.33506
9.8441
9.37659
9.3758
9.96279
8.67907
9.00917
8.9939
8.922
9.49847
9.62422
9.11938
11.3401
11.3356
11.3395
11.3001
11.2793
11.2937
11.2892
11.1151
11.0994
11.1602
11.1493
11.0473
11.0755
11.1011
11.0023
10.9165
10.8845
10.8513
10.9532
10.9572
10.9025
11.1035
11.1939
11.0613
11.1723
11.0617
11.1005
11.2152
10.8533
10.8693
10.7409
10.7978
10.7319
10.8261
10.9087
10.4914
10.4156
10.3671
10.1938
10.4976
10.3917
10.3051
10.6126
10.7738
10.5362
10.751
10.5285
10.617
10.8179
10.1599
10.3144
10.0566
10.0756
9.94418
10.2147
10.2799
8.89062
9.3834
9.38165
9.30041
9.53919
9.20145
9.09435
9.81288
10.0087
9.65289
10.0441
9.69652
9.76926
10.1428
8.6921
8.64015
8.40044
8.77303
9.19272
9.01468
8.98342
7.35935
6.53286
6.83194
7.44906
7.65355
7.8893
7.19046
8.93768
9.05612
8.6418
9.33658
8.84979
8.76321
9.40329
6.44249
6.15298
5.86168
6.63491
7.35567
7.10639
6.88351
5.1603
4.28294
4.47438
5.43567
5.72437
5.904
5.25976
8.44038
8.31492
7.85885
9.00496
8.40909
7.91957
9.01881
4.11698
4.95664
5.54671
4.73475
3.97915
5.39464
5.09665
4.5006
4.73293
4.2731
3.59524
4.81191
4.44753
3.62959
8.27034
8.24052
7.71254
8.92404
8.28243
7.69349
8.90794
4.39323
4.64507
4.0632
3.58392
3.57335
4.57905
4.41434
4.43472
4.23683
3.76686
3.68456
4.26937
4.47704
3.65783
7.85905
7.65843
8.5349
7.94706
8.02174
7.63891
8.59014
4.58743
4.19719
3.66231
3.7309
3.79403
4.18472
4.52257
4.22159
4.19529
4.82389
4.80217
3.64091
4.21396
4.13172
11.1513
11.2079
11.1686
11.1708
11.1092
11.1807
11.1257
11.1359
11.1265
11.1621
11.1474
11.1052
11.0956
11.1268
11.1086
11.0446
11.0331
10.9966
11.0597
11.0832
11.0307
11.0723
11.1055
11.1237
11.0573
11.0078
11.0288
11.0266
11.0422
11.0231
10.972
10.987
10.9492
11.0038
11.0737
10.8946
10.836
10.8281
10.7386
10.868
10.841
10.7945
10.7419
10.8254
10.7031
10.8024
10.6756
10.7531
10.8607
10.7482
10.7971
10.7104
10.7066
10.6456
10.7572
10.8088
10.4327
10.426
10.4277
10.2624
10.489
10.3557
10.3366
10.0374
10.2549
10.015
10.0879
9.91033
10.1283
10.2086
10.1814
10.3464
10.2006
10.1776
10.094
10.2709
10.2681
9.43815
9.63898
9.60697
9.66771
9.74178
9.48067
9.58414
8.59816
8.62623
8.34697
8.58845
9.09036
8.82677
8.84769
9.19636
9.31288
9.15841
9.18373
9.47665
9.32571
9.352
8.52561
8.16156
7.9507
7.99413
8.14383
8.15618
8.38569
1.57993
3.31048
2.67275
2.56196
1.59679
2.69536
2.57753
-1.01111
-1.02363
-1.42716
-1.44004
-1.22316
-1.30405
-0.788789
-0.658872
-1.46324
-1.53829
-1.44733
-0.435608
-0.495861
-1.37564
2.03305
3.02971
2.51446
2.80653
2.10927
2.52427
2.76288
-1.48979
-1.21679
-0.351224
-0.508459
-1.38368
-0.257865
-1.34086
-0.739744
0.142806
-0.182667
-0.846611
0.0793885
-0.60935
-0.974541
3.33072
2.65365
2.88184
2.42043
2.73995
2.4052
3.29244
-0.403099
0.195756
-0.00220698
-0.760251
-0.64267
0.249888
-0.515363
0.0346084
0.442632
0.205255
-0.131524
0.420293
0.11032
-0.207311
3.0436
3.49618
3.5393
3.09428
2.73874
3.05862
2.74038
0.244135
0.43557
0.249612
-0.0738475
-0.0213222
0.451142
0.176385
0.543601
0.475112
0.293744
0.319527
0.474697
0.594816
0.256193
1.65859
2.85915
2.66782
2.33429
2.77417
2.44496
2.31565
0.643673
0.507225
0.325008
0.361464
0.394943
0.496196
0.657012
0.212594
0.305846
0.436164
0.544142
0.280723
0.329738
0.402063
-3.57233
-2.42295
-2.18635
-2.44311
-1.83768
-2.28211
-2.02767
-1.84559
-1.39926
-1.72274
-1.32736
-1.50051
-1.68168
-1.32681
-2.20803
-2.20946
-1.88605
-2.24201
-1.62448
-1.67443
-1.90531
-1.2484
-1.13014
-1.18093
-1.16875
-1.5761
-1.23376
-1.1148
-1.40213
-1.29325
-1.26636
-1.29332
-1.32509
-1.23547
-1.47456
-1.03111
-0.802616
-0.878461
-1.01994
-0.848819
-0.995703
-1.03789
-0.981414
-1.84183
-1.04289
-1.01273
-1.26645
-0.956308
-1.76583
-0.479427
-0.447664
-0.493842
-0.465627
-0.364261
-0.45465
-0.403628
-0.859904
-0.72133
-0.726482
-0.917247
-0.889687
-0.68301
-0.899626
-0.612134
-0.471603
-0.517514
-0.624567
-0.490872
-0.591402
-0.641629
-0.435989
-0.293691
-0.407179
-0.390966
-0.275476
-0.414143
-0.263241
-0.215212
-0.236587
-0.237298
-0.234463
-0.211022
-0.214767
-0.234373
-0.537201
-0.443016
-0.445638
-0.587704
-0.570478
-0.4242
-0.556781
-0.411094
-0.28917
-0.328034
-0.421815
-0.308224
-0.389174
-0.442055
-0.196398
-0.172905
-0.178798
-0.183247
-0.208906
-0.198797
-0.186986
-0.0975646
-0.100245
-0.111355
-0.125311
-0.114183
-0.112614
-0.132419
-0.342243
-0.265996
-0.26761
-0.395449
-0.374724
-0.247715
-0.364429
-0.239645
-0.139021
-0.174391
-0.253785
-0.152874
-0.221693
-0.270552
-0.0848038
-0.0566544
-0.0720367
-0.0893699
-0.111949
-0.101198
-0.0955929
-0.000252773
-0.00668113
-0.010318
-0.0330931
-0.0439233
-0.0240013
-0.0559133
-0.19121
-0.121485
-0.133099
-0.237333
-0.222514
-0.109635
-0.206527
-0.0545047
-0.148293
-0.123754
-0.120181
-0.0756455
-0.055637
-0.149246
0.0122416
0.027983
0.0209893
-0.00464753
-0.0374457
-0.012712
-0.0252869
0.0221863
0.0643363
0.0717146
0.036847
0.0659514
0.0393957
0.0208122
11.1219
11.109
11.0724
11.0594
10.8832
10.9871
10.9634
11.0377
10.9896
11.0236
10.9227
11.01
11.0605
10.9555
11.049
11.0038
10.8876
10.8499
11.0365
10.9924
10.8651
10.931
10.9181
10.7393
10.9507
10.8285
10.7694
10.7119
10.817
10.7476
10.7547
10.656
10.7827
10.8106
10.7749
10.903
10.844
10.7334
10.6987
10.8812
10.8151
10.5479
10.6209
10.7089
10.6884
10.7367
10.5867
10.5762
10.265
10.4184
10.3008
10.2716
10.1998
10.3662
10.3426
10.5751
10.5074
10.4793
10.5098
10.6709
10.6426
10.5423
10.2985
10.2085
10.2172
10.2701
10.3946
10.4669
10.245
9.49186
9.47537
9.43557
9.56244
9.72493
9.59183
9.61361
10.012
10.149
10.1017
10.1515
10.3688
10.3469
10.1717
10.1008
9.46807
9.77264
9.73421
9.93261
9.85593
10.0543
-1.20184
-0.443594
-0.517769
-0.993609
-1.07825
-0.580295
-1.13477
-1.09213
-1.07661
-1.2779
-1.25674
-1.33319
-1.33568
-1.08412
-0.901807
-1.15459
-1.15474
-1.28459
-0.908659
-0.939046
-1.28094
-0.564176
-0.0193215
-0.132576
-0.361287
-0.497276
-0.171067
-0.424353
-0.776776
-1.07245
-1.05986
-1.18887
-0.853772
-0.829458
-1.21329
-0.536552
-0.741657
-0.80231
-0.890324
-0.511431
-0.559349
-0.823949
-0.174269
0.0983489
-0.00907827
0.029984
-0.14104
-0.0160854
-0.0120814
-0.694741
-0.715579
-0.464965
-0.396847
-0.63333
-0.418539
-0.773433
-0.492127
-0.200342
-0.196186
-0.371807
-0.228364
-0.468049
-0.406309
-0.000425178
0.00295423
-0.00265199
-0.0981
-0.0583096
-0.0505374
0.078958
-0.410458
-0.176124
-0.107734
-0.333405
-0.311085
-0.154247
-0.427644
-0.301319
-0.0984489
-0.028712
-0.231144
-0.101189
-0.296705
-0.224594
-1.44805
-1.45346
-1.16709
-0.951042
-0.626243
-1.01633
-0.601066
-0.275567
-0.10066
-0.00466029
-0.218689
-0.223571
-0.100137
-0.277601
-0.341918
-0.170494
-0.00716347
-0.234588
-0.145067
-0.325324
-0.258301
-3.48561
-2.37566
-2.78653
-1.65791
-1.74725
-1.76175
-1.8371
-0.33593
-0.226163
-0.0556691
-0.258667
-0.232733
-0.259228
-0.354182
-0.393699
-0.410572
-0.113896
-0.266349
-0.397505
-0.392141
-0.281365
-1.22776
-1.2997
-1.43011
-1.5281
-1.26424
-1.52958
-1.58971
-0.403714
-0.387584
-0.111528
-0.290493
-0.275235
-0.392823
-0.404288
-0.418681
-0.316721
-0.0732257
-0.276896
-0.307939
-0.433206
-0.282832
-2.21847
-1.71129
-0.593318
-0.633574
-1.86002
-0.818318
-0.469126
-1.7356
-0.565362
-1.52105
-0.630924
-1.69557
-0.619289
-0.464785
-0.946103
-0.840644
-0.81245
-1.06108
-0.964345
-0.837486
-1.08462
-0.445851
-0.294666
-0.0904812
-0.276035
-0.275729
-0.307917
-0.423298
-0.44081
-0.283763
-0.0916884
-0.273217
-0.274108
-0.483412
-0.254876
0.0331871
-0.976817
-1.06938
-0.891128
-0.70711
-0.779286
-1.21507
-0.0949667
-1.00922
-0.218711
-0.195266
-0.382797
-0.883229
-0.769674
-0.663662
-0.484814
-0.494624
-0.581716
-0.665005
-0.511295
-0.594974
-0.481406
-0.261394
-0.106795
-0.247031
-0.269089
-0.269275
-0.437782
-0.390663
-0.201125
-0.0756858
-0.241571
-0.202756
-0.424378
-0.220957
-0.44969
-0.341814
-0.382446
0.186766
-0.509949
-0.460919
0.295845
-0.276669
-0.193573
-0.534163
-0.324799
-0.603112
-0.0911004
-0.0936955
-0.471578
-0.304968
-0.315285
-0.381429
-0.455057
-0.333749
-0.404004
-0.392627
-0.175801
-0.0638418
-0.211328
-0.227772
-0.171096
-0.366033
-0.273157
-0.0889379
-0.0181991
-0.177817
-0.0941531
-0.273716
-0.178311
-0.120871
-0.229173
-0.422114
-0.234673
-0.339992
-0.148333
-0.120062
-0.116798
-0.293799
-0.22545
-0.029476
-0.271216
-0.300616
-0.0716653
-0.30272
-0.154024
-0.171277
-0.21806
-0.282138
-0.185307
-0.239715
-0.231251
-0.0726907
-0.00293914
-0.165577
-0.159729
-0.0662093
-0.237654
-0.133614
-0.00944801
0.0204504
-0.102416
-0.0136205
-0.109216
-0.121104
-0.0506383
-0.196624
-0.188315
-0.0228768
-0.173312
-0.238203
-0.0107849
-0.0212995
-0.139605
-0.142663
0.0114795
-0.146718
-0.123736
-0.00815745
-0.0826073
-0.117736
-0.162604
-0.177495
-0.0537602
-0.0815104
-0.122875
-0.0755395
-0.00237875
0.0320488
-0.104457
-0.08349
0.0032729
-0.102469
0.028504
-0.0355209
-0.00780952
-0.0491993
0.0330519
0.0260077
-0.0620733
0.0475092
-0.0778177
-0.103602
0.0308479
-0.100467
-0.06438
0.0419397
-0.0581784
0.0648702
0.0587667
-0.0753696
-0.00962829
-0.0535394
0.0683091
10.9928
10.9223
10.8107
10.9342
10.6222
10.7115
10.7142
10.9262
10.8755
10.7743
10.6945
10.8956
10.7981
10.7158
10.9374
10.8821
10.6486
10.6372
10.9293
10.7294
10.6805
10.7443
10.8811
10.8367
10.8964
10.7126
10.7044
10.6122
10.6004
10.5825
10.5982
10.7177
10.6495
10.6205
10.7377
10.6967
10.6905
10.7171
10.8841
10.8751
10.7199
11.1293
10.4687
10.6472
10.7536
10.6138
10.6942
10.8807
-0.332644
-0.181463
-0.0810202
-0.432489
-0.297362
-0.116908
-0.46493
-0.113594
0.075794
-0.199494
-0.153365
-0.342636
-0.344594
-0.0425896
0.317738
0.149735
0.121264
-0.0974686
0.249658
0.209505
-0.0676666
-0.0621273
0.0368437
0.153638
-0.201201
-0.0594217
0.129839
-0.195777
0.225155
0.0478873
0.30142
0.449705
0.253077
0.339971
0.0152899
0.280656
0.607414
0.678016
0.513877
0.56494
0.292086
0.499939
0.0156542
0.135632
0.291698
-0.0796883
0.0331713
0.275943
-0.101383
0.372287
0.652309
0.805368
0.585775
0.597951
0.692564
0.363463
0.599883
0.908887
0.990949
0.82594
0.873303
0.608741
0.814936
0.0810586
0.139873
0.352218
-0.0383516
0.0964216
0.343998
-0.0496799
0.677409
0.944093
1.10056
0.875507
0.887977
0.979574
0.665658
0.851511
1.16138
1.25483
1.04856
1.13173
0.864458
1.03558
0.110764
0.192366
0.393476
-0.0426976
0.117467
0.402627
-0.044364
0.91195
1.1858
1.3371
1.08133
1.09086
1.21386
0.899855
0.999894
1.31604
1.43204
1.17727
1.30287
1.00749
1.16853
0.0990477
0.134717
0.317281
-0.102834
0.0850772
0.335949
-0.0821507
1.01923
1.32002
1.46219
1.18458
1.18983
1.32658
1.01556
0.99892
1.28852
1.4473
1.16623
1.29851
0.988102
1.17342
0.0570988
0.0862726
0.240243
-0.156879
0.0365877
0.252898
-0.13744
0.958834
1.27015
1.40976
1.15236
1.14142
1.2554
0.973645
0.856621
1.10763
1.28858
1.02624
1.13341
0.831782
1.04828
0.0276002
0.0947798
0.199848
-0.125543
0.0171929
0.207085
-0.12423
0.780181
1.07444
1.1976
1.0017
0.976703
1.04619
0.807027
0.643507
0.839342
1.00643
0.806959
0.872497
0.614199
0.837942
0.0256554
0.104046
0.158481
-0.0398535
0.0276753
0.165367
-0.0543777
0.55915
0.799404
0.885363
0.778376
0.747021
0.765231
0.587638
0.432784
0.530974
0.657963
0.573109
0.56818
0.409671
0.602236
0.0870726
0.0418859
0.0477093
0.0438834
0.0782546
0.0978604
0.0242104
0.366429
0.486056
0.517415
0.547285
0.519509
0.447324
0.387598
0.167738
0.38222
0.263196
0.272745
0.241895
0.210299
0.400191
10.8607
10.6804
10.6135
10.7665
10.7327
10.701
10.7138
10.9149
10.784
10.7629
0.686151
0.740828
0.886126
0.4731
0.706949
0.845843
0.449887
1.02064
1.07079
1.22019
0.817764
1.03539
1.18198
0.805936
1.29538
1.35059
1.49501
1.11272
1.31197
1.46317
1.10062
1.48158
1.54397
1.67827
1.2952
1.48884
1.65714
1.28707
1.52343
1.58247
1.70899
1.32
1.51357
1.71047
1.32978
1.40337
1.43364
1.54787
1.17903
1.37982
1.57312
1.20364
1.15851
1.12873
1.21515
0.924868
1.12271
1.25832
0.959607
0.849537
0.731126
0.770049
0.638093
0.812897
0.825165
0.670663
0.223979
0.396414
0.530559
0.555159
0.249768
0.288349
0.413837
12.0388
12.0185
11.9968
12.0536
12.0405
12.0467
11.9988
12.0681
12.0505
12.0685
12.0746
12.0407
12.0763
12.0337
11.8204
11.6375
11.8393
11.8273
11.5579
11.8142
11.6319
11.869
11.8183
11.662
11.5362
11.8832
11.8112
11.6474
12.0817
12.0815
12.085
12.0955
12.0569
12.0693
12.0892
12.23
12.1834
12.211
12.1894
12.2386
12.1987
12.1788
11.8918
11.8191
11.6703
11.5613
11.8792
11.8252
11.6798
11.9048
11.8116
11.9955
11.9594
11.645
11.8785
11.7795
11.6069
11.5815
11.5679
11.6193
11.6011
11.6398
11.5792
11.6805
11.6011
11.6857
11.6958
11.5874
11.6891
11.5951
11.4262
11.4297
11.4199
11.3965
11.3874
11.3889
11.4229
11.3715
11.2847
11.341
11.3008
11.3513
11.3095
11.3639
11.6993
11.5665
11.6826
11.6974
11.5797
11.5633
11.7145
11.6889
11.4863
11.7086
11.6922
11.4167
11.6766
11.4455
11.3004
11.2487
11.3131
11.2009
11.3239
11.2118
11.2844
11.1351
10.9307
10.9895
10.944
11.0928
10.9854
11.0509
11.6985
11.6497
11.4341
11.3858
11.3583
11.7009
11.6627
11.6
11.6941
11.3774
11.2415
11.6896
11.5959
11.2511
10.9928
10.8695
10.9156
10.7219
11.0385
10.8041
10.8467
10.7024
10.3648
10.358
10.2681
10.6403
10.445
10.4386
11.5869
11.6913
11.3839
11.2314
11.2309
11.6949
11.5882
11.7452
11.5928
11.4291
11.2649
11.7229
11.6048
11.2471
10.5147
10.2879
10.2679
9.98563
10.5741
10.2109
10.1902
10.2285
9.80742
9.68997
9.49578
10.186
9.86435
9.7628
11.7498
11.4993
11.7775
11.6245
11.2783
11.3034
11.6036
11.9206
11.6173
11.8632
11.6768
11.4397
11.6972
11.4238
10.11
9.75591
9.60915
9.2345
10.1417
9.7097
9.54438
9.99282
9.52714
9.28926
8.90864
9.96308
9.54973
9.30654
11.9009
11.6541
11.9368
11.7171
11.4757
11.4638
11.7016
11.9493
11.6097
11.4713
11.9636
11.6585
11.6722
11.3634
9.93463
9.52085
9.29959
8.85616
9.98425
9.49261
9.28714
9.42185
9.33197
9.88531
9.93618
8.93383
9.46857
9.34989
11.3466
11.3478
11.319
11.3477
11.3507
11.3518
11.3241
11.3035
11.3362
11.3424
11.3434
11.2874
11.3001
11.3095
11.1141
11.1252
11.1699
11.1549
11.0586
11.081
11.1071
10.9997
10.8477
10.9198
10.8766
10.9546
10.9001
10.9556
11.3258
11.2612
11.2943
11.2803
11.2518
11.2828
11.3105
11.1036
11.1766
11.1851
11.0571
11.2076
11.0599
11.0966
10.8539
10.7937
10.8748
10.7389
10.9107
10.7277
10.829
10.4776
10.1959
10.4128
10.3645
10.381
10.3058
10.4927
10.9592
11.1378
11.0695
11.0056
10.9556
11.0992
11.0141
10.6091
10.7422
10.7682
10.5343
10.8085
10.5257
10.6126
10.1564
10.0757
10.3123
10.0549
10.2708
9.94774
10.2155
8.89098
9.38731
9.39044
9.29858
9.20301
9.10042
9.54426
10.3444
10.6655
10.5212
10.4404
10.3486
10.5921
10.4352
9.80913
10.046
10.0013
9.64818
10.1395
9.69272
9.76617
8.63882
8.71
8.39804
8.77252
9.20656
8.98326
9.03281
6.53971
7.39713
6.83759
7.45928
7.69207
7.20219
7.92285
9.45864
9.94248
9.666
9.51551
9.39584
9.84953
9.57708
8.91502
9.31415
9.08149
8.65804
9.38482
8.81846
8.77226
6.16511
6.48839
5.87426
6.65395
7.39713
6.90485
7.14708
4.30324
5.19841
4.49522
5.46853
5.76155
5.28982
5.941
8.65729
9.24322
8.73714
8.5323
8.41838
9.18456
8.73499
8.40242
8.94539
8.26907
7.80148
8.9706
8.3682
7.87371
4.13507
4.98702
5.58232
4.77519
5.12744
3.99886
5.435
4.53432
3.63014
4.76155
4.31711
4.45997
3.66938
4.85305
8.32319
8.92781
8.1398
7.72453
7.67105
8.90017
8.33998
8.81252
8.31598
8.14334
7.6341
8.87022
8.27162
7.63118
4.38242
3.62916
4.66722
4.10378
4.42525
3.61528
4.58643
4.42715
3.70437
4.16032
3.72717
4.45473
3.67169
4.20034
8.8489
8.16081
8.7966
8.24219
7.66303
7.66823
8.2832
8.50295
7.86824
7.66042
8.58874
7.93352
8.0127
7.63889
4.56487
3.74271
4.10343
3.55476
4.50182
3.8077
4.06525
4.11771
4.17414
4.8196
4.81475
3.56125
4.08172
4.14974
11.1881
11.1753
11.1573
11.1901
11.2303
11.2366
11.1806
11.1979
11.1642
11.1912
11.1962
11.1248
11.1748
11.1474
11.1448
11.1339
11.1667
11.133
11.1091
11.1136
11.1163
11.1166
11.0021
11.0456
11.0445
11.0647
11.0534
11.0672
11.1883
11.1482
11.1895
11.1509
11.131
11.1155
11.1739
11.0926
11.0809
11.1332
11.0673
11.0087
11.0295
11.033
11.0389
10.9961
11.0364
10.9846
11.0774
10.9546
11.0171
10.9004
10.7413
10.8468
10.8341
10.8504
10.8007
10.8775
11.0905
10.9692
11.0163
10.9856
10.9597
11.0571
11.009
10.75
10.8027
10.8179
10.6943
10.8669
10.6794
10.7483
10.7598
10.7081
10.8049
10.7079
10.8161
10.6407
10.7685
10.4426
10.2664
10.4264
10.4317
10.3681
10.34
10.493
10.529
10.7422
10.6572
10.6257
10.5651
10.6691
10.6131
10.0393
10.0852
10.2478
10.0266
10.2009
9.91142
10.1333
10.2077
10.1893
10.3416
10.1886
10.29
10.1067
10.2578
9.46621
9.65185
9.63366
9.63169
9.53095
9.58721
9.74603
9.61827
9.95163
9.91704
9.89181
9.76143
9.81483
9.76607
8.6342
8.60907
8.34608
8.59003
9.09576
8.86235
8.83084
9.29828
9.19205
9.18048
9.22872
9.49583
9.36216
9.36434
7.95925
8.55244
8.1635
8.03155
8.14363
8.1891
8.40131
3.03546
2.94524
1.72492
1.63245
3.77579
2.90162
2.90334
1.62638
2.60379
3.38094
2.72665
2.63027
1.65111
2.75984
-1.42535
-1.01651
-1.03244
-1.22236
-1.4371
-1.29456
-0.794905
-1.44292
-0.663918
-1.52581
-1.4318
-0.435702
-1.36334
-0.494796
1.76685
2.61544
3.24392
2.7064
2.68532
2.62456
1.7134
2.07409
2.83562
3.00517
2.50023
2.77489
2.1202
2.53068
-1.45937
-1.21011
-0.350345
-0.521296
-1.31755
-1.38253
-0.26649
-0.719378
-0.846223
0.156299
-0.169654
-0.58525
-0.986953
0.0980657
2.25782
2.88507
2.90162
2.47024
2.44581
2.95029
2.18931
3.38545
2.65164
2.85081
2.38969
3.3254
2.71486
2.36119
-0.385028
-0.77084
0.213481
0.00920253
-0.499619
-0.645697
0.263366
0.0471052
-0.126445
0.461142
0.221354
0.115121
-0.205845
0.443453
3.43141
2.97607
3.5023
2.83821
2.43173
2.48665
2.77049
3.5421
3.03413
3.51586
3.01309
2.70813
3.03094
2.69277
0.253684
-0.0680533
0.463888
0.276163
0.176634
-0.0144956
0.484945
0.547198
0.311477
0.491865
0.307579
0.601347
0.25167
0.495291
3.39847
2.79583
3.33918
2.94139
2.78256
2.69982
2.9973
2.64282
1.62903
2.83277
2.74865
2.30558
2.413
2.28925
0.671598
0.349506
0.520544
0.316418
0.669796
0.373575
0.512326
0.289555
0.233456
0.481405
0.55445
0.270237
0.318163
0.348259
11.1379
11.098
11.0953
10.8866
11.0651
10.992
11.1425
11.0641
11.1046
11.0859
11.078
11.1177
11.0896
10.9788
11.0289
11.0424
10.9922
11.0718
10.943
11.0109
10.9587
10.8908
11.0544
11.0079
10.9959
10.8519
11.0427
10.8738
10.7364
10.9323
10.9225
10.8313
10.7756
10.9472
10.8853
11.0163
10.9768
10.965
10.9414
10.9767
10.9303
10.7193
10.7657
10.8242
10.7524
10.8193
10.6604
10.788
10.7784
10.72
10.9121
10.8612
10.8144
10.6913
10.8927
10.536
10.6352
10.6889
10.7131
10.5911
10.5882
10.7385
10.5633
10.7347
10.703
10.7101
10.6669
10.6666
10.6258
10.2662
10.2732
10.4242
10.2987
10.3448
10.1993
10.3651
10.5338
10.5739
10.4745
10.5102
10.6595
10.575
10.6066
10.241
10.2794
10.28
10.305
10.3617
10.2801
10.4272
10.0478
10.194
10.1988
10.215
10.1339
10.1184
10.1223
9.52377
9.47167
9.48763
9.59366
9.70827
9.62956
9.56638
10.1765
10.001
10.1186
10.1799
10.3458
10.2126
10.3328
9.77403
10.0913
9.46637
9.73616
9.93472
9.85828
10.0459
-1.48226
-0.876973
-1.44186
-1.43624
-0.701377
-0.822092
-1.42284
-1.23288
-0.970198
-0.422679
-0.529089
-1.10867
-1.10618
-0.59359
-1.2894
-1.10387
-1.09096
-1.34413
-1.27114
-1.34713
-1.09672
-1.17246
-0.911416
-1.17376
-1.30465
-0.913119
-1.2944
-0.946331
-0.945041
-0.927006
-0.240273
-0.46945
-0.409684
-0.801216
-1.06813
-0.570823
-0.366987
-0.00493672
-0.115474
-0.433682
-0.495812
-0.157612
-1.09461
-0.781477
-1.07396
-1.19628
-0.85565
-1.23274
-0.831302
-0.746828
-0.530515
-0.799438
-0.94433
-0.515551
-0.86586
-0.564036
-0.374323
-0.293732
0.072761
-0.0881942
-0.0509963
-0.243162
-0.440069
-0.181632
0.0309636
0.114986
0.0138796
-0.0115029
-0.140332
0.00472817
-0.692546
-0.752995
-0.464669
-0.394037
-0.818322
-0.644285
-0.417019
-0.474844
-0.351196
-0.195832
-0.195698
-0.448096
-0.382443
-0.225719
-0.0736225
0.0665473
0.117456
0.00472336
0.0132351
0.0895917
-0.111825
-0.00267183
0.0187794
-0.00971984
-0.0912804
0.0774036
-0.0564126
-0.041391
-0.394027
-0.314641
-0.173168
-0.101904
-0.408221
-0.293967
-0.147835
-0.295216
-0.220623
-0.0882649
-0.017846
-0.292804
-0.213736
-0.0909948
-0.0480329
-0.279442
-0.160209
-0.187773
-0.126931
-0.198538
-0.0953348
-1.44886
-1.44266
-1.16498
-0.949608
-0.621149
-1.0127
-0.596146
-0.274213
-0.209723
-0.0899761
0.00755897
-0.274973
-0.216275
-0.0904881
-0.340983
-0.230516
-0.163817
0.00123137
-0.325216
-0.253213
-0.137783
-1.96759
-2.33076
-2.15709
-1.16107
-0.690334
-0.269514
-1.31109
-2.36169
-3.46751
-2.77035
-1.64741
-1.73583
-1.75061
-1.82477
-0.33575
-0.254556
-0.219286
-0.047771
-0.35345
-0.22931
-0.252512
-0.391343
-0.262569
-0.402567
-0.105857
-0.390508
-0.27697
-0.389737
-1.95465
-2.15899
-1.93702
-1.67611
-1.65992
-1.67138
-1.65714
-1.51789
-1.29227
-1.57631
-1.21883
-1.41754
-1.25482
-1.51695
-0.401194
-0.285595
-0.37955
-0.103382
-0.401064
-0.270786
-0.384792
-0.413531
-0.270633
-0.308571
-0.0648995
-0.428546
-0.276248
-0.299773
-1.31016
-1.18523
-1.29553
-1.22022
-1.27866
-1.17081
-1.1554
-1.04811
-0.831937
-1.07215
-0.937761
-0.801744
-0.954899
-0.827634
-0.440601
-0.268989
-0.286377
-0.0819344
-0.417735
-0.268956
-0.29956
-0.433906
-0.265225
-0.27521
-0.0828455
-0.475995
-0.246978
-0.265605
-0.911838
-0.661172
-0.868752
-0.862005
-0.728827
-0.688993
-0.863364
-0.575786
-0.479592
-0.58883
-0.658178
-0.489957
-0.659564
-0.506764
-0.473239
-0.238904
-0.252999
-0.0978101
-0.430291
-0.260748
-0.260753
-0.383094
-0.233467
-0.193254
-0.0674365
-0.4154
-0.213546
-0.194878
-0.537206
-0.414161
-0.522725
-0.605422
-0.460717
-0.442892
-0.608524
-0.377245
-0.301367
-0.400074
-0.467601
-0.311891
-0.450691
-0.330242
-0.383704
-0.204152
-0.168334
-0.056218
-0.358457
-0.220044
-0.163684
-0.266606
-0.172359
-0.0840652
-0.013052
-0.265701
-0.173506
-0.0890295
-0.355329
-0.243307
-0.331114
-0.402736
-0.289912
-0.27192
-0.423039
-0.215326
-0.151779
-0.236699
-0.299359
-0.169322
-0.278931
-0.183193
-0.223829
-0.16121
-0.0685012
0.000799178
-0.23138
-0.154989
-0.0622096
-0.129772
-0.0997634
-0.00727705
0.0216782
-0.104296
-0.119113
-0.0115129
-0.205702
-0.108182
-0.185437
-0.245591
-0.153376
-0.140816
-0.266181
-0.116659
-0.0532783
-0.0821669
-0.121264
-0.161001
-0.175185
-0.0808625
-0.0719722
-0.10293
-0.000774882
0.0327739
-0.0996891
-0.0816016
0.00489298
-0.0363093
0.028591
-0.00761315
-0.0502094
0.033058
-0.0631755
0.0261539
10.9262
11.0003
10.8086
10.6252
10.9417
10.7046
10.7849
10.9294
11.0053
10.9923
10.9774
10.8878
10.8229
10.7269
10.774
10.933
10.8847
10.8062
10.6976
10.9008
10.715
10.6409
10.9355
10.9043
10.7145
10.635
10.9331
10.67
10.759
10.8843
10.8396
10.7205
10.6953
10.9037
10.6566
10.753
10.876
10.8756
10.858
10.7225
10.6857
10.5764
10.6463
10.5314
10.5664
10.7365
10.6367
10.687
10.6929
10.7486
10.6757
10.7125
10.8899
10.744
10.8733
10.651
11.131
10.4766
10.7505
10.6209
10.6928
10.8782
-0.772528
-0.381139
-0.618676
-0.572151
-0.39923
-0.33772
-0.719792
-0.314786
-0.414362
-0.181689
-0.0768964
-0.444806
-0.278843
-0.113551
-0.196406
-0.109857
0.079475
-0.338015
-0.148786
-0.344415
-0.0391542
0.182513
0.326187
0.147459
-0.103118
0.253899
-0.0741608
0.215458
-0.206557
-0.367337
-0.0745407
-0.0369468
-0.00131274
-0.347358
-0.232945
-0.0514448
-0.193505
0.0457676
0.166347
-0.187287
-0.0509755
0.14019
0.255284
0.0158099
0.308875
0.460959
-0.0154115
0.289151
0.348102
0.287232
0.535124
0.616771
0.690969
0.302351
0.52479
0.576199
-0.024757
-0.161159
0.0998195
0.186182
0.209129
-0.163199
-0.0265298
0.0227016
-0.0791208
0.144792
0.301346
-0.0999431
0.0385697
0.28647
0.383142
0.60355
0.662562
0.81855
0.373792
0.615154
0.703181
0.610868
0.837225
0.919345
1.00223
0.621905
0.826441
0.883772
0.0688175
-0.0746621
0.14099
0.298466
0.309868
-0.0495574
0.0448276
0.0855263
-0.0373412
0.146773
0.35984
-0.0482821
0.100502
0.351714
0.693191
0.884178
0.953743
1.11078
0.677783
0.898565
0.989745
0.854466
1.05956
1.16768
1.26214
0.866482
1.04967
1.13779
0.106411
-0.0485869
0.165425
0.376355
0.380788
-0.0372503
0.0912387
0.115813
-0.0396848
0.199519
0.400843
-0.041103
0.122219
0.410057
0.914182
1.09098
1.19122
1.34321
0.901887
1.09952
1.2186
1.00125
1.18262
1.31961
1.43541
1.00859
1.17494
1.30626
0.120782
-0.0433172
0.176567
0.403161
0.389375
-0.0473011
0.119274
0.104886
-0.0979852
0.142487
0.325095
-0.0774693
0.0909416
0.343733
1.02003
1.18989
1.32307
1.46482
1.01646
1.19512
1.32972
0.998826
1.1695
1.29132
1.44952
0.988086
1.17687
1.30113
0.0778952
-0.0945497
0.107487
0.32028
0.302247
-0.117937
0.0948681
0.0631809
-0.150286
0.0941041
0.247708
-0.131396
0.0429122
0.260498
0.958701
1.15527
1.27265
1.41209
0.973389
1.14422
1.25808
0.856123
1.02815
1.10985
1.29013
0.831534
1.05014
1.13549
0.0344542
-0.135077
0.0861907
0.2458
0.234721
-0.150258
0.0532968
0.0322008
-0.119205
0.100193
0.204576
-0.11843
0.021845
0.212173
0.779886
1.00332
1.07637
1.19904
0.806575
0.978291
1.04825
0.642651
0.807306
0.840739
1.00726
0.613483
0.838345
0.87389
0.0215686
-0.104416
0.101488
0.202198
0.194918
-0.100957
0.0291342
0.0270596
-0.0358459
0.10612
0.159809
-0.0507171
0.0292127
0.166915
0.558193
0.778525
0.800705
0.886065
0.586829
0.746865
0.766433
0.431488
0.57171
0.531675
0.658435
0.408326
0.601085
0.568912
0.0333649
-0.0297282
0.0996778
0.153318
0.145735
-0.0142426
0.0308515
0.0427563
0.0869377
0.0470193
0.0432026
0.0784812
0.0252142
0.0979237
0.364928
0.54587
0.48665
0.517738
0.386251
0.517852
0.44794
0.379915
0.168725
0.261674
0.271403
0.242677
0.398103
0.211236
10.6872
10.855
10.6338
10.6679
10.7044
10.9328
10.8659
10.8548
10.6997
10.6804
10.7535
10.7574
10.6752
10.6937
10.9291
10.7813
10.7786
0.193923
0.578459
0.413925
0.441409
0.5155
0.617659
0.211947
0.702128
0.482184
0.751778
0.898158
0.456046
0.722883
0.857599
0.815309
0.563806
0.881494
0.940987
0.980905
0.583155
0.79281
1.03278
0.82933
1.08197
1.23124
0.817029
1.04782
1.19323
1.12487
0.894262
1.19497
1.26864
1.30359
0.908495
1.11024
1.30427
1.11416
1.35725
1.50165
1.10198
1.32145
1.47037
1.37572
1.16382
1.44078
1.52785
1.55509
1.17229
1.36332
1.48829
1.29842
1.54564
1.68017
1.29069
1.49586
1.65901
1.51888
1.31817
1.5846
1.68896
1.703
1.32155
1.5154
1.52806
1.32054
1.58286
1.70907
1.3305
1.51806
1.71061
1.4979
1.31192
1.55323
1.69364
1.68638
1.2983
1.51112
1.40592
1.17818
1.43347
1.54687
1.20272
1.38223
1.57205
1.32731
1.15061
1.33827
1.5079
1.47741
1.12268
1.35457
1.15884
0.922819
1.12827
1.21397
0.957625
1.1226
1.25708
1.04585
0.885575
0.992324
1.15796
1.11155
0.850135
1.08335
0.847667
0.635218
0.730865
0.769382
0.667903
0.810747
0.824569
0.734339
0.598841
0.568286
0.702111
0.644505
0.567867
0.77026
0.39369
0.224204
0.527804
0.552652
0.250207
0.411199
0.288459
12.17
12.1856
12.1685
12.1885
12.1637
12.1666
12.1815
12.1746
12.1816
12.1352
12.1732
12.15
12.1542
12.1414
12.1689
12.1849
12.1851
12.1613
12.1544
12.1561
12.1421
12.1794
12.1713
12.1689
12.1811
12.184
12.1853
12.1767
11.9686
11.9713
12.0021
11.9597
11.9887
11.9762
11.998
11.8629
11.8689
11.8956
11.9306
11.9021
11.914
11.9176
11.9154
11.873
11.8994
11.9441
11.9506
11.9628
11.9361
11.9791
11.9701
11.974
12.0036
11.98
11.9686
12.0252
12.0348
12.0574
12.0573
12.0628
12.0176
12.0135
12.0586
11.9386
12.0108
11.901
11.9973
11.9427
12.01
12.0065
12.0242
11.9516
11.9076
12.0156
11.9471
12.0192
12.0104
12.1051
12.12
12.1163
12.1153
12.0986
12.1016
12.1328
12.0623
12.0069
11.9843
12.0583
12.0204
12.0619
12.072
12.0901
12.064
12.1043
12.0089
12.0451
12.0955
12.0934
11.5986
11.6275
11.5968
11.6742
11.584
11.6425
11.6606
11.5516
11.5677
11.5622
11.5682
11.5559
11.5613
11.5673
11.5827
11.5695
11.5644
11.5763
11.5692
11.5816
11.5891
11.5668
11.713
11.5296
11.6945
11.5536
11.7183
11.695
11.5937
11.5464
11.5131
11.579
11.529
11.5937
11.5632
11.6024
11.4792
11.5431
11.4919
11.5073
11.5761
11.5629
11.6392
11.4234
11.3155
11.7092
11.3366
11.7068
11.6324
11.5351
11.3018
11.2034
11.468
11.2671
11.5499
11.4466
11.5156
11.3977
11.1937
11.1545
11.2269
11.5018
11.423
11.5912
11.3693
11.2121
11.6994
11.2147
11.6925
11.5959
11.4073
11.0383
10.8574
11.2647
11.0141
11.4128
11.2527
11.393
11.2223
10.9667
10.8147
10.9866
11.3875
11.2331
11.5178
11.8062
11.8083
11.6651
11.3505
11.3276
11.6589
11.3718
10.9281
10.6767
11.1843
10.9362
11.3791
11.1785
11.4081
10.9768
11.1686
10.6918
10.9634
11.3947
11.1825
11.6688
12.0192
11.9971
11.7295
11.5087
11.4896
11.7303
11.5131
11.1105
10.837
11.1756
11.132
11.4982
11.1902
11.5349
11.1459
11.1832
10.8446
11.1292
11.503
11.1717
11.946
11.4304
11.2893
11.5069
11.9169
12.0073
11.3703
11.0316
10.6549
10.906
11.4316
11.0994
11.4815
11.0332
10.5593
10.7997
10.9505
11.3242
10.8987
11.454
10.9519
11.3262
12.0913
12.557
11.7918
12.3413
11.2669
11.7383
11.3554
11.3715
11.3364
11.3224
11.3099
11.3163
11.3398
11.2751
11.2689
11.3015
11.2868
11.234
11.2815
11.2664
11.2835
11.2647
11.2208
11.2437
11.2674
11.2846
11.2466
11.2366
11.2934
11.1987
11.2664
11.2271
11.3049
11.2015
11.176
11.1821
11.0841
11.1271
11.1598
11.1972
11.0961
11.1501
11.0147
11.0985
11.0488
11.1317
11.1124
11.0603
10.8956
11.021
10.8411
10.9967
10.8978
11.0447
10.8322
10.8226
10.8679
10.6749
10.7259
10.8083
10.8873
10.6506
10.7488
10.4763
10.6664
10.5929
10.7343
10.674
10.5676
10.2502
10.425
10.129
10.4276
10.2355
10.5121
10.1472
10.0889
10.2041
9.86445
9.91403
10.1006
10.1994
9.78098
9.96691
9.49366
9.85535
9.7271
9.97685
9.84685
9.64013
9.35026
9.5527
9.15105
9.65448
9.27212
9.74416
9.23869
9.00657
9.14086
8.6461
8.69246
8.99876
9.14396
8.53111
8.85839
8.2092
8.69887
8.47681
8.84203
8.72655
8.3664
8.6372
8.61352
8.18517
9.11485
8.28586
9.16116
8.57583
8.04463
7.96543
7.45854
7.52554
7.83205
8.13629
7.41572
7.96086
7.22663
7.56934
7.32877
7.69359
7.89167
7.32085
8.33438
8.21725
7.70508
8.96562
7.71945
8.95428
8.32538
7.66802
7.07236
6.56963
6.97657
7.02267
7.68433
6.95214
7.65007
6.9204
6.94979
6.48732
6.97227
7.64925
6.9321
8.20697
8.19563
7.72144
8.86614
7.72663
8.79472
8.21229
7.65158
6.93891
6.35449
6.8971
6.95569
7.62043
6.92587
7.61256
6.95468
6.93375
6.35727
6.95042
7.6388
6.90169
11.1757
11.1982
11.1793
11.176
11.1516
11.0804
11.1921
11.1666
11.1783
11.1783
11.1743
11.1214
11.1567
11.1856
11.177
11.1413
11.1153
11.1645
11.1351
11.1697
11.1749
11.1267
11.1662
11.1709
11.1321
11.0802
11.0895
11.1186
11.1414
11.0985
11.0528
11.1065
11.0892
11.1487
11.0867
11.1287
11.061
11.0445
11.0364
11.0736
11.1126
11.071
10.9358
10.9767
10.8885
10.9914
10.9195
11.0273
10.8897
10.9548
10.9465
10.8656
10.9029
10.9191
10.9959
10.8543
10.9202
10.7571
10.8468
10.8229
10.8818
10.8685
10.8131
10.4531
10.5917
10.4205
10.5104
10.4954
10.5949
10.3576
10.4864
10.5777
10.4304
10.4344
10.5111
10.5661
10.3492
10.402
10.1618
10.3417
10.3405
10.4255
10.3001
10.2623
9.44815
9.76908
9.43479
9.48189
9.59166
9.64561
9.27491
9.50899
9.77435
9.48196
9.52827
9.62817
9.67322
9.34847
9.32593
8.98898
9.30128
9.30199
9.4633
9.14763
9.17025
1.68068
-0.707561
0.559093
0.432606
0.733073
1.63067
-0.755897
1.5954
3.59831
2.76413
2.68157
2.81368
2.78678
1.52349
0.436075
0.844614
-0.696255
1.612
1.62613
0.374759
-0.678555
1.78666
3.1459
2.58957
2.62522
2.60256
2.60461
1.83973
0.690955
1.73453
1.23683
-0.140769
1.75918
0.631647
-0.0336975
0.796605
0.22529
1.7982
1.27053
1.77639
0.874539
0.105678
2.30144
2.93415
2.44568
3.07626
2.45264
2.98958
2.38717
1.43371
1.84303
1.44913
0.810507
1.85353
1.35321
0.895575
1.5322
1.07636
1.85534
1.45184
1.84952
1.62054
0.990901
3.01788
3.48852
3.51742
3.00327
2.59566
2.56635
3.0016
2.12605
1.82141
1.45732
1.52777
1.83817
2.05829
1.62628
2.24062
1.91246
1.78665
1.50779
1.89564
2.24808
1.72165
2.60535
3.19188
3.30694
2.89447
2.8034
2.73372
2.82416
2.36223
2.01748
1.75119
2.04985
1.96693
2.416
2.00662
2.35596
1.841
1.93094
1.76188
1.9084
2.27685
2.00867
11.046
11.1029
11.0658
11.0948
11.0809
11.1264
11.0056
11.0623
11.1
11.0548
11.0345
11.084
11.1144
10.9836
11.0782
10.9434
11.0667
11.0479
11.0796
11.0376
10.9842
10.8568
10.9425
10.8838
10.916
10.9102
10.9604
10.8101
10.901
10.9654
10.9072
10.841
10.9414
10.9453
10.7951
10.885
10.7328
10.8822
10.8767
10.9102
10.8379
10.7797
10.5183
10.6453
10.5568
10.5445
10.6065
10.6074
10.4541
10.5727
10.7016
10.6406
10.5489
10.6637
10.6287
10.4966
10.5265
10.3955
10.567
10.5857
10.6131
10.4706
10.446
9.94613
10.1185
9.94825
9.92165
10.0399
10.0107
9.86716
10.0773
10.252
10.0984
10.0903
10.187
10.1416
10.0305
9.98381
9.88191
10.0348
10.0055
10.1069
9.91918
9.93699
-1.03683
-1.39203
-1.44612
-1.47378
-1.04012
-1.0121
-1.41949
-1.44234
-0.690331
-0.753688
-1.30363
-0.806271
-1.40378
-1.3579
-1.48096
-0.988995
-1.376
-0.941305
-0.95644
-1.44333
-1.40026
-0.881742
-0.19458
-0.300335
-0.647603
-0.354909
-0.748036
-0.786278
-1.05574
-0.642388
-0.652497
-1.14629
-0.580943
-1.1738
-1.06437
-1.01169
-0.940041
-0.466741
-0.601894
-0.525001
-0.911823
-1.01905
-0.340986
0.0606538
-0.0443605
-0.135822
-0.0665272
-0.191537
-0.292008
-0.511634
-0.244783
-0.286409
-0.625217
-0.208985
-0.565395
-0.564885
-0.461794
-0.474304
-0.165161
-0.254535
-0.185513
-0.421957
-0.517206
-0.05902
0.0736044
-0.0129556
0.116096
-0.00736891
0.109916
-0.0299875
-0.227142
-0.110752
-0.144365
-0.330204
-0.107057
-0.251551
-0.308607
-0.203777
-0.278544
-0.120464
-0.145141
-0.112207
-0.188874
-0.302722
-0.418068
-0.405388
-0.277963
-0.299493
-0.356744
-0.272815
-0.384276
-0.250071
-0.236972
-0.255823
-0.29742
-0.299909
-0.201594
-0.318114
-0.331354
-0.441113
-0.422512
-0.29918
-0.371068
-0.375165
-0.394525
-3.03989
-2.98393
-2.96653
-1.51438
-1.06224
-0.913999
-1.44249
-1.27345
-0.907167
-0.759354
-0.926398
-0.952814
-1.23411
-0.924648
-1.51952
-1.47041
-1.03236
-0.986899
-1.39342
-1.51506
-1.05221
-1.56499
-2.08679
-1.68114
-1.89384
-1.5802
-1.81919
-1.53545
-1.39943
-1.70627
-1.37672
-1.10212
-1.72625
-1.4176
-1.13039
-1.29279
-1.54052
-1.10679
-1.30535
-1.65235
-1.32691
-1.07093
-1.12278
-1.13842
-1.00437
-1.25989
-1.05845
-1.19702
-1.15278
-1.16322
-1.03535
-0.945517
-0.964622
-1.03109
-1.11096
-1.0243
-1.07235
-0.9674
-0.989009
-0.879983
-0.98597
-1.14049
-0.932815
-0.78742
-0.607895
-0.602327
-0.730116
-0.632325
-0.766998
-0.781503
-0.91773
-0.64431
-0.614204
-0.760928
-0.626161
-0.912333
-0.798416
-0.818147
-0.561746
-0.723109
-0.562335
-0.580114
-0.814723
-0.697181
-0.565971
-0.39245
-0.401511
-0.476844
-0.419762
-0.494909
-0.557025
-0.54138
-0.417701
-0.390079
-0.552772
-0.401413
-0.548684
-0.554816
-0.483852
-0.353028
-0.508575
-0.363418
-0.372039
-0.472961
-0.516276
-0.382923
-0.225532
-0.237965
-0.291551
-0.254357
-0.315932
-0.361862
-0.314114
-0.247519
-0.23898
-0.407848
-0.230888
-0.33239
-0.377732
-0.294316
-0.196126
-0.33614
-0.22274
-0.212356
-0.274948
-0.371097
-0.239235
-0.093944
-0.116807
-0.1612
-0.127201
-0.179501
-0.21828
-0.17375
-0.117909
-0.125957
-0.29812
-0.104827
-0.199831
-0.248046
-0.17323
-0.0805965
-0.219429
-0.115415
-0.0920063
-0.144901
-0.274821
10.787
10.9862
10.9423
10.8461
10.9557
10.8894
10.7497
10.8124
10.9843
10.9418
10.7428
10.9748
10.8436
10.719
10.8158
10.7025
10.9594
10.9302
10.9622
10.7866
10.7289
10.6848
10.8344
10.7536
10.6977
10.7939
10.7317
10.6434
10.7189
10.871
10.8068
10.6545
10.8469
10.7254
10.6373
10.7306
10.6203
10.794
10.7815
10.8262
10.6784
10.6506
-0.358939
-0.509436
-0.689028
-0.645619
-0.22742
-0.317842
-0.466305
-0.528288
-0.349058
-0.246009
-0.608872
-0.290872
-0.657235
-0.47563
-0.585118
-0.177163
-0.36648
-0.220898
-0.266491
-0.540921
-0.411286
-0.172912
-0.050984
0.0546721
-0.297019
0.0244391
-0.310557
-0.158695
-0.277122
-0.00011696
0.131124
-0.114917
0.0372636
-0.300095
-0.0922131
-0.207818
-0.00603603
0.109206
0.170774
0.0752388
-0.192885
-0.0229026
-0.012605
0.0983139
0.235075
-0.13397
0.209077
-0.140347
-0.0103028
0.000939746
0.260694
0.408871
0.182112
0.289905
0.000529658
0.186436
0.0456071
0.230463
0.34602
0.437157
0.316104
0.0476164
0.223489
0.0619284
0.120674
0.31123
-0.0298456
0.298918
-0.0530495
0.0858498
0.198768
0.447595
0.615065
0.334631
0.468779
0.177707
0.348465
0.221801
0.385106
0.497783
0.627176
0.477146
0.242824
0.368938
0.0957097
0.176907
0.388991
-0.0380222
0.388331
-0.0476915
0.109663
0.312994
0.58399
0.767234
0.439675
0.595346
0.299026
0.455672
0.315912
0.472774
0.617164
0.781842
0.610447
0.328494
0.457825
0.11334
0.172522
0.363492
-0.0643324
0.380403
-0.0537922
0.109052
0.332919
0.628085
0.805581
0.487034
0.618053
0.33344
0.490643
0.324324
0.482307
0.597908
0.799106
0.612441
0.31812
0.483852
0.0785647
0.102561
0.273531
-0.139191
0.290053
-0.115893
0.059601
0.238632
0.529596
0.701522
0.439586
0.510261
0.257571
0.424445
0.229156
0.399284
0.478806
0.685032
0.497729
0.208357
0.417656
0.0389401
0.0866389
0.217367
-0.151595
0.226497
-0.140365
0.0219025
0.125071
0.40878
0.5559
0.34102
0.393441
0.144925
0.318794
0.12191
0.293444
0.369334
0.538593
0.383352
0.104433
0.315592
0.0241642
0.102231
0.181348
-0.0853629
0.188343
-0.0927319
0.0196881
0.0698063
0.315467
0.416156
0.244592
0.303751
0.0772264
0.227084
0.0715712
0.209399
0.282227
0.398568
0.293866
0.0667212
0.225428
0.0342651
0.0969602
0.130046
0.00471139
0.137998
-0.0128285
0.0385741
0.0740757
0.22259
0.268226
0.179918
0.209331
0.0717091
0.170541
0.075889
0.161769
0.181486
0.246732
0.195227
0.0802457
0.16942
10.6879
10.9171
10.8441
10.7174
10.8679
10.7457
10.6671
0.493681
0.558291
0.702606
0.297684
0.663494
0.288302
0.522669
0.866354
0.909912
1.05244
0.665981
1.0127
0.649459
0.879833
1.16901
1.21892
1.36447
0.976748
1.32797
0.962444
1.18196
1.40312
1.46052
1.60132
1.21508
1.57412
1.20803
1.41701
1.52526
1.58719
1.71565
1.33068
1.70649
1.33127
1.52481
1.48128
1.53138
1.65223
1.26683
1.66577
1.28422
1.46477
1.2944
1.29659
1.3991
1.06221
1.43452
1.09306
1.26383
1.00641
0.938835
1.00379
0.779825
1.05348
0.814841
0.968915
0.696653
0.505149
0.513812
0.507157
0.574341
0.534902
0.663547
12.1937
12.1628
12.2244
12.1947
12.2525
12.176
12.188
12.2044
12.2189
12.1528
12.1653
12.1599
12.1882
12.1746
12.1807
12.1874
12.266
12.2402
12.2179
12.2163
12.2495
12.2035
12.1651
12.2248
12.2297
12.2146
12.2277
12.2097
12.1383
12.156
12.1054
12.146
12.0967
12.0984
12.1113
12.137
12.15
12.1359
12.0937
12.1245
12.1096
12.1086
12.1726
12.1694
12.1663
12.1035
12.13
12.1157
12.1191
12.2656
12.2044
12.2246
12.2355
12.2125
12.1826
12.187
12.1929
12.1691
12.1915
12.1618
12.1455
12.1294
12.1741
12.2053
12.1956
12.2112
12.1587
12.1464
12.1673
12.1337
12.0954
12.0893
12.1066
12.113
12.0793
12.0786
12.0749
12.101
12.137
12.1224
12.1388
12.0999
12.0994
12.1382
12.1114
12.0733
12.1292
12.0597
12.1234
12.0795
12.0596
12.0959
12.1391
12.122
12.1157
12.1043
12.0727
12.0541
12.0822
12.0639
12.1756
12.1771
12.0899
12.1301
12.1593
12.1431
12.1219
12.1397
12.1044
12.1082
12.164
12.1577
11.8606
11.8216
11.879
11.8843
11.8813
11.895
11.8651
11.8134
11.6992
11.8706
11.8344
11.8533
11.9586
11.9315
11.8146
11.8174
11.9323
11.8758
11.8718
11.8231
11.9456
11.9126
11.8933
11.8721
11.8399
11.8666
11.6857
11.7316
11.6441
11.6763
11.6442
11.6932
11.7107
11.6992
11.7266
11.6162
11.7149
11.6981
11.748
11.7812
11.7772
11.7641
11.6316
11.6649
11.576
11.6303
11.8446
11.747
11.7331
11.7049
11.7793
11.7309
11.7062
11.809
11.8617
11.7332
11.7774
11.819
11.7615
11.7892
11.7586
11.8216
11.8439
11.8342
11.844
11.6588
11.6744
11.6864
11.7546
11.7437
11.7335
11.7356
11.7461
11.7387
11.7549
11.8105
11.8068
11.8125
11.7874
11.941
11.9537
11.9511
11.9485
11.9657
11.9437
11.9403
11.9635
11.9275
11.9325
11.9431
11.9604
11.9803
11.9691
11.8898
11.9117
11.9585
11.913
11.9452
11.8925
11.9831
11.9354
11.9291
11.9028
11.9232
11.9112
11.9435
11.9393
11.904
11.9645
11.9111
11.9052
11.9083
11.9055
11.9587
11.809
11.7395
11.7469
11.7926
11.911
11.7917
11.9129
11.863
11.8539
11.866
11.8287
11.8747
11.9199
11.8553
11.8829
11.9286
11.9995
11.9797
12.01
11.982
12.0247
12.0251
12.0084
11.9364
11.8937
11.9295
11.9949
11.9968
12.001
11.9864
11.9213
11.8914
11.9313
11.9815
11.9641
11.9736
11.9798
11.764
11.8024
11.7627
11.8642
11.8674
11.8847
11.8443
11.6426
11.6709
11.6759
11.8171
11.8018
11.8114
11.8032
11.8129
11.758
11.763
11.8765
11.9066
11.8923
11.8818
11.7511
11.8156
11.7525
11.9124
11.9473
11.9291
11.9171
11.6029
11.6626
11.6557
11.8175
11.8221
11.8279
11.8076
11.8082
11.7594
11.7558
11.8966
11.9099
11.9249
11.9015
11.9829
11.957
11.9567
12.0063
11.9701
12.0134
11.9598
12.0434
12.0639
12.0579
12.0691
12.0242
12.0699
12.0283
12.0443
11.9892
11.9399
12.0523
12.0429
11.9796
12.039
12.0278
11.961
12.0261
11.9287
12.0342
11.9669
12.0296
11.7533
11.931
11.8158
11.95
11.9539
11.7533
11.9247
11.8548
11.5545
11.6421
11.8184
11.8133
11.6428
11.8615
11.9282
11.8187
11.9555
11.7542
11.9556
11.7516
11.9393
11.9525
11.7867
11.8458
11.9973
11.7725
11.9752
11.9703
11.8657
11.5476
11.6413
11.8116
11.6446
11.8577
11.8149
11.9501
11.9681
11.8371
11.7586
11.7652
11.969
11.9406
12.1678
12.1834
12.1442
12.1381
12.1602
12.1685
12.1682
12.1811
12.2104
12.2094
12.1853
12.1183
12.1523
12.1883
12.1444
12.0939
12.0845
12.1357
12.1304
12.1183
12.1507
11.9901
11.8001
11.8879
11.9946
12.0022
11.8133
11.9725
11.897
11.5647
11.7011
11.8558
11.8438
11.6867
11.8993
12.0061
12.0273
11.9121
11.8571
12.0262
11.837
12.019
11.9769
12.1269
12.1067
12.0929
12.0218
11.9496
12.1141
11.9282
11.6198
11.7294
11.872
11.7472
11.931
11.8814
12.0565
11.9839
12.0651
11.889
11.9121
12.0694
12.0469
11.9147
12.8673
12.6428
12.4926
12.2243
11.8523
11.8411
12.2795
11.5055
11.9795
11.6084
11.6688
11.5995
11.6685
11.6665
11.6014
11.6892
11.6118
11.561
11.5632
11.589
11.6029
11.5705
11.5942
11.5966
11.574
11.6005
11.566
11.6107
11.5741
11.5848
11.5028
11.4915
11.5087
11.4977
11.5169
11.4892
11.4976
11.4183
11.384
11.4082
11.3657
11.402
11.4246
11.3816
11.5196
11.5271
11.4873
11.494
11.505
11.5033
11.4916
11.4882
11.4543
11.508
11.4901
11.4765
11.5081
11.4508
11.3631
11.3268
11.406
11.3672
11.3838
11.4031
11.328
11.4762
11.5138
11.5121
11.4961
11.482
11.4873
11.512
11.5099
11.6874
11.5084
11.7197
11.7094
11.4794
11.6944
11.5686
11.3397
11.3456
11.4872
11.5575
11.3742
11.5052
11.5627
11.4495
11.5411
11.3898
11.5908
11.4132
11.5156
11.4214
11.4358
11.4552
11.4974
11.481
11.4078
11.444
11.2857
11.1674
11.2249
11.1341
11.1746
11.2659
11.2583
11.4032
11.4419
11.4271
11.3388
11.4668
11.3738
11.3794
11.2708
11.1396
11.2647
11.3581
11.1893
11.3768
11.2425
11.1892
11.0185
11.175
11.0908
11.126
11.2218
11.0408
11.3115
11.4208
11.3114
11.2936
11.2461
11.398
11.3461
11.613
11.4021
11.2953
11.701
11.6211
11.2798
11.705
11.4506
11.0754
10.9761
11.2917
11.4306
11.1001
11.3167
11.4695
11.3697
11.1574
11.0219
11.4825
11.129
11.3442
11.1685
11.0745
11.0977
11.3307
11.3084
11.0132
11.2042
10.9418
10.6422
10.7045
10.6688
10.7389
10.7799
10.8907
11.1279
11.2449
11.0364
10.8782
11.2737
10.9416
11.0856
10.9446
10.61
10.8026
11.0934
10.6699
11.128
10.8971
10.7713
10.3784
10.6188
10.599
10.5407
10.832
10.5233
10.9933
11.2063
10.8665
10.8054
10.7425
11.1742
11.0409
11.6041
11.3923
11.2104
11.7071
11.5964
11.2145
11.7112
11.3774
10.924
10.7017
11.1858
11.3737
10.9296
11.1909
11.378
11.2087
10.9487
10.7255
11.3783
10.9363
11.1989
10.8002
10.5336
10.6304
11.0423
11.0214
10.4625
10.8402
10.4494
9.89234
10.014
10.0678
10.1381
10.1019
10.3959
10.7594
10.9617
10.5664
10.3181
10.986
10.3857
10.7231
10.6253
10.0665
10.3597
10.8684
10.1193
10.8843
10.5992
10.2929
9.5867
9.91766
10.0048
9.83356
10.3389
9.94408
10.6549
10.929
10.4084
10.2457
10.1832
10.9082
10.6869
11.6056
11.8603
11.8671
11.6876
11.3876
11.6858
11.4112
11.4588
11.0862
10.7543
11.1865
11.4921
11.0556
11.1742
11.4339
11.0086
11.1771
10.7359
11.4356
11.0291
11.1721
10.5533
10.0176
10.266
10.8538
10.8427
9.97924
10.5766
10.1089
9.15104
9.4263
9.65888
9.70161
9.47067
10.0831
10.5374
10.832
10.2589
9.93291
10.8431
9.95343
10.5111
10.4739
9.92301
10.2706
10.8622
9.91036
10.8403
10.4749
10.0557
8.99303
9.38873
9.62778
9.36649
10.0675
9.59718
10.4852
10.8388
10.2618
9.91997
9.91527
10.8396
10.5007
11.7071
12.0245
12.0506
11.7684
11.4366
11.7269
11.5548
10.9913
11.4862
10.8413
11.1144
11.5145
11.0494
11.0906
11.515
11.1203
10.8434
11.1691
11.5005
11.0724
11.1472
10.4621
9.93051
10.3406
10.8516
10.8767
9.95448
10.4532
10.0189
8.90591
9.39373
9.49831
9.49555
9.37144
10.0398
10.432
10.8789
10.3531
9.99123
10.8536
9.96693
10.444
9.98042
10.3628
10.3391
10.7786
10.0234
10.7602
10.3872
10.0178
8.94507
9.40092
9.45994
9.4137
9.99908
9.47135
10.4174
10.3561
10.8261
10.001
10.0077
10.896
10.4012
11.6426
11.4826
10.7151
10.5935
7.55814
11.1886
10.4891
10.7292
10.4864
11.31
11.3022
10.7038
10.9182
10.677
10.6699
11.4102
10.9075
10.2201
11.8148
11.6683
10.2922
11.2184
11.6797
11.1813
10.73
11.9356
11.8586
11.4815
9.94932
10.1444
9.95242
10.2331
10.7367
10.7271
10.2935
8.89923
9.12439
9.24414
9.80469
9.26251
9.33105
9.7854
10.0469
10.0384
9.81843
10.212
10.6685
10.6739
10.2293
9.9394
9.31213
9.95425
9.78249
9.75658
9.85214
10.4769
8.74516
9.02718
8.92421
9.69894
9.15764
9.71071
9.15953
9.93996
9.68161
9.90168
10.025
10.5239
10.4519
10.0811
11.2805
10.8619
10.9139
10.1832
10.5395
10.7103
10.2561
11.3133
11.7503
11.4887
10.8112
10.7101
11.9338
11.3583
10.7579
10.0701
10.018
9.31069
10.4203
9.7399
9.27914
10.6764
10.2506
10.598
10.0338
9.29364
9.82588
9.57655
10.656
11.2076
9.78397
10.5931
10.5068
11.3279
10.6688
10.1353
10.4877
10.8099
11.2519
10.7906
10.7869
11.3718
11.3468
11.3378
11.3564
11.3218
11.3069
11.3207
11.3011
11.2354
11.2058
11.1603
11.1602
11.225
11.2212
11.1794
11.2611
11.25
11.2182
11.1826
11.2627
11.2399
11.2088
11.1527
11.2283
11.1905
11.1807
11.1916
11.2278
11.1416
11.1259
11.02
11.0553
11.0165
11.049
11.0761
11.1047
11.1549
11.1743
11.2008
11.1033
11.2069
11.1203
11.1373
11.0467
10.9919
11.0922
11.0994
11.0217
11.1257
11.0087
11.0405
10.928
11.022
10.9852
10.9931
11.0744
10.9429
11.0805
11.173
11.1213
11.0765
11.0548
11.1577
11.1068
11.1401
11.223
11.1721
11.2631
11.1764
11.1403
11.2353
10.9947
10.9285
10.865
10.7951
10.9426
10.9766
10.8589
11.0393
10.9696
11.0627
10.9213
11.08
11.0248
10.9166
10.9179
10.9505
10.9988
11.0632
11.0262
10.9107
10.9676
10.7965
10.6767
10.7175
10.5835
10.6638
10.7712
10.7321
10.8664
10.9326
10.956
10.8076
10.9836
10.8592
10.8033
10.5842
10.5414
10.7406
10.6756
10.6112
10.7494
10.4995
10.5824
10.4607
10.6491
10.5
10.5836
10.6609
10.4045
10.6639
10.878
10.8074
10.7456
10.6852
10.8179
10.7376
10.6902
10.8476
10.7693
10.9407
10.7646
10.7001
10.8839
10.4077
10.3145
10.2154
10.0419
10.3094
10.4065
10.1605
10.5047
10.3768
10.5832
10.325
10.5906
10.5034
10.2735
10.3079
10.4546
10.5156
10.5912
10.5029
10.3691
10.4082
10.0246
9.92479
9.98002
9.65185
9.80181
10.0943
9.88729
10.1995
10.2987
10.4197
10.1637
10.4014
10.2658
10.0811
9.65412
9.63219
9.98747
9.78809
9.77226
9.92455
9.4919
9.57008
9.48735
9.83817
9.47757
9.70387
9.72805
9.30225
9.80804
10.1789
10.1139
10.038
9.91792
10.0608
9.94825
9.92962
10.1216
10.008
10.3343
10.0381
9.897
10.2439
9.43292
9.29487
9.12538
8.86099
9.29558
9.43184
9.02288
9.5796
9.34428
9.71283
9.28832
9.7112
9.5817
9.18421
8.44014
7.82704
8.10366
8.52222
8.60603
8.80235
8.28332
9.12925
9.46653
9.58712
9.63226
9.47653
9.30834
9.31447
8.92773
8.94898
9.12813
9.42737
9.30195
9.12295
8.71997
7.6898
7.49056
7.19399
7.74594
8.36837
8.14934
8.01017
8.04088
8.12805
8.73452
8.35842
8.33804
8.54693
7.81798
8.27377
8.74559
8.94246
8.92996
8.55509
8.74753
8.50315
9.02994
9.18749
9.01781
9.56178
9.13229
8.89671
9.48392
8.34531
8.11212
7.86273
7.64266
8.23853
8.24982
7.77259
8.46769
8.05529
8.54327
8.01754
8.5886
8.40245
7.90875
6.10432
5.24475
5.5123
6.34542
6.59287
6.82255
6.11189
7.36023
7.88938
8.16041
8.15005
7.96255
7.68023
7.58074
7.13016
7.25671
7.58014
7.95555
7.75789
7.45032
6.91941
5.37635
4.94691
4.70656
5.64616
6.33284
6.12089
5.8561
6.3342
6.53881
7.22885
6.91819
6.6897
7.0613
6.16633
6.51583
7.04754
7.39092
7.40926
6.87277
7.22823
6.70891
8.47714
8.37848
8.08505
9.07795
8.52608
8.00264
9.04707
7.7461
7.14931
6.85876
7.00692
7.7148
7.22835
7.04473
7.78634
7.15795
7.44172
6.97868
7.83514
7.33384
7.08766
5.88182
6.38285
6.76415
6.77621
6.65637
6.25255
6.01904
4.84424
4.6236
5.11686
3.77692
3.88703
5.24978
4.72151
5.77253
6.44124
6.61614
6.00041
6.54506
6.1204
5.65867
5.44184
5.58433
6.13016
6.1774
5.67599
6.22091
5.38923
4.55294
4.34569
5.00755
3.73353
4.90281
4.64762
3.65455
5.49883
6.36324
6.24316
5.88837
5.78068
6.2809
5.5838
8.30431
8.2402
7.68845
8.93262
8.29915
7.69532
8.95005
7.62969
6.93806
6.34234
6.91181
7.65088
6.9201
6.89902
7.64795
6.90656
6.92271
6.36618
7.6335
6.92438
6.91086
5.32479
5.47697
5.84175
6.14186
6.12678
5.39316
5.35332
4.38253
3.98797
4.44133
3.58635
3.58085
4.4983
4.38493
5.31475
6.11653
5.74504
5.21049
6.11757
5.28625
5.31764
5.32099
4.99159
5.56172
6.15067
5.02041
6.11583
5.36052
4.42117
3.82457
4.36947
3.60719
4.32814
4.39198
3.6259
5.33362
6.10613
5.59879
5.1259
5.08628
6.1214
5.31729
8.01789
8.14829
7.7387
8.66224
8.13664
7.67292
8.65609
6.81198
6.87122
7.42715
7.54445
6.40133
6.85171
6.86644
7.56581
6.93677
6.41351
6.89537
7.57463
6.91129
6.91589
5.42372
4.95914
5.55121
6.15621
6.20608
4.95766
5.37844
4.62305
3.62315
4.17761
3.93625
3.85428
4.16771
4.69482
5.43672
6.24681
5.54971
4.96638
6.19874
4.94849
5.49296
5.04473
6.24052
5.57223
5.53562
5.58684
5.0153
6.2266
4.79044
3.61682
4.1791
3.99365
4.19901
4.72343
4.07639
5.54279
5.59336
6.22167
4.9722
4.99635
6.25918
5.49313
11.1488
11.1762
11.1969
11.195
11.1259
11.1908
11.1257
11.1653
11.1132
11.0893
11.122
11.1637
11.1199
11.1326
11.169
11.134
11.1593
11.1041
11.1855
11.1339
11.1467
11.1246
11.1605
11.1565
11.1528
11.139
11.1854
11.1054
11.1499
11.0948
11.1058
11.0657
11.096
11.1172
11.1334
11.1376
11.1335
11.1648
11.0987
11.1629
11.11
11.1229
11.086
11.0461
11.0888
11.1265
11.0599
11.1417
11.0622
11.1113
11.0526
11.0906
11.0654
11.0769
11.1337
11.0353
11.0943
11.1567
11.1042
11.087
11.0765
11.147
11.1138
11.0923
11.1511
11.1418
11.0783
11.0623
11.0991
11.0482
11.055
10.9766
10.9543
10.9315
11.0221
10.999
10.9733
11.0735
11.0413
11.0284
10.9806
11.0997
11.0235
10.9937
11.0242
11.0264
11.043
11.1196
11.0973
11.0102
11.0518
11.0299
10.9447
10.9545
10.8928
10.935
10.979
10.9883
11.0095
11.0543
11.0218
10.9661
11.0834
10.9863
10.9704
10.884
10.8567
10.9306
10.9315
10.8873
10.9772
10.8323
10.9199
10.8625
10.926
10.8708
10.9006
10.9672
10.8199
10.9077
11.0375
10.9591
10.9422
10.9177
10.9991
10.9525
10.7932
10.8743
10.8461
10.9531
10.8492
10.8061
10.9073
10.7069
10.6474
10.6307
10.508
10.637
10.7008
10.582
10.7644
10.7084
10.8006
10.691
10.8235
10.7577
10.6431
10.7424
10.8197
10.8347
10.9029
10.8494
10.7812
10.8029
10.7014
10.6587
10.6669
10.5333
10.5979
10.7101
10.6374
10.6989
10.748
10.7912
10.6934
10.8076
10.7354
10.6356
10.4438
10.4588
10.5883
10.4827
10.5207
10.5589
10.3662
10.5066
10.4989
10.6096
10.4763
10.5572
10.5767
10.4075
10.5116
10.6934
10.6514
10.638
10.5869
10.6256
10.581
10.1529
10.3584
10.3307
10.4186
10.2619
10.2392
10.3191
9.95054
9.90855
9.91648
9.66002
9.81888
10.0309
9.80304
10.0779
10.0529
10.2417
10.0315
10.1902
10.148
9.92468
10.196
10.3807
10.38
10.402
10.3154
10.3045
10.2845
10.0843
10.1055
10.0852
9.89976
9.99706
10.1784
9.98422
10.1034
10.1234
10.2887
10.1137
10.2231
10.2124
9.99893
9.67313
9.62419
9.84817
9.60063
9.76949
9.75394
9.50977
9.74688
9.78954
9.97624
9.80196
9.85802
9.89195
9.68537
9.77192
10.0209
9.97253
10.0082
9.88834
9.88552
9.91436
8.44908
7.94955
8.17205
8.41651
8.41807
8.68008
8.20455
8.85594
9.29323
9.24499
9.28095
9.06061
9.05649
9.09076
8.70562
8.6802
8.74387
9.10606
8.91636
8.91599
8.51693
9.05319
8.8174
8.98719
9.01934
8.98093
9.19154
8.84755
9.19664
9.47873
9.41323
9.45871
9.27831
9.30789
9.38137
9.02794
8.92875
8.91162
9.25055
9.09805
9.12297
8.81897
7.90727
7.92511
7.80454
8.05363
8.39662
8.17325
8.19371
8.33476
8.62168
8.41044
8.44633
8.84063
8.68181
8.63578
8.36407
8.70043
8.6785
8.69162
8.49364
8.47683
8.59583
1.5252
3.35237
2.75418
2.65433
1.56178
2.70855
2.5834
0.4705
1.69523
1.11856
-0.294177
0.512578
1.67206
-0.367738
0.394295
-0.569027
1.6378
1.055
0.407602
1.63858
-0.521975
-0.884108
-1.0918
-1.65834
-1.71654
-0.14914
-1.25752
-0.594148
-0.941767
-1.45186
-1.44365
-1.28471
-0.689342
-0.761464
-1.35529
-1.71951
-0.114912
-0.342278
-1.26646
-1.22844
-0.494819
-1.75303
-0.722416
-1.47049
-1.45125
-1.45763
-0.599382
-0.588784
-1.45467
-1.42475
-0.0303253
0.293512
-0.957232
-0.108808
-1.07918
-1.31272
-1.54041
-0.292639
-1.23138
0.204855
-0.191998
-1.17749
-1.61479
1.96996
3.06235
2.56223
2.6717
1.90315
2.55136
2.71238
1.17744
1.85219
1.37704
0.702565
1.26789
1.83288
0.589192
1.07158
0.355525
1.80874
1.36085
0.986624
1.82834
0.473315
-1.08937
0.0494652
0.528264
-0.842085
-0.707043
0.128268
-1.21665
-1.16449
-0.452727
-0.115553
-1.23762
-1.37016
-0.182453
-1.03094
-0.972076
-0.425421
0.597694
0.283298
-0.560989
0.204287
-0.807658
-0.431879
0.521636
0.826037
0.0838264
0.465673
-0.0319681
-0.296733
-0.812321
-0.24571
-0.0502029
-1.18309
0.0156987
-0.961166
-1.04526
-0.548538
-0.28466
0.779796
0.349021
0.408038
-0.148562
-0.689451
2.56004
2.8789
2.42103
3.14852
2.4607
2.40673
3.2393
1.89839
1.82435
1.45441
1.43137
1.97326
1.83526
1.33974
1.80242
1.17526
1.84481
1.45918
1.71522
1.84214
1.25999
-0.0700374
0.567165
0.954261
0.199433
0.310111
0.612634
-0.183904
-0.31164
0.0487281
0.33921
-0.455187
-0.558113
0.29143
-0.211859
0.0348948
0.507628
0.978242
0.682492
0.421191
0.643943
0.140598
0.377191
0.743061
1.018
0.853808
0.721063
0.776424
0.472026
-0.0330382
0.179087
0.373171
-0.375349
0.411653
-0.125769
-0.288689
0.301046
0.590651
1.01672
0.693629
0.722087
0.688893
0.212793
3.05297
3.56161
3.51872
3.0606
2.66405
3.07993
2.68483
2.40986
2.01409
1.68283
2.00395
2.37996
2.02628
2.01404
2.33061
1.97118
1.88607
1.62286
2.34262
1.98137
1.94071
0.627562
0.744376
1.02955
0.936904
1.02045
0.754087
0.551416
0.315693
0.262269
0.467784
0.0976654
0.0430762
0.457437
0.376695
0.691623
1.18266
1.03483
0.777493
1.10894
0.760205
0.775195
1.02138
0.858611
1.12116
1.36174
0.842914
1.36747
1.07616
0.489508
0.296135
0.471733
0.14376
0.474718
0.442724
0.203241
0.936613
1.24786
1.07125
0.787522
0.805419
1.28961
0.862921
2.07454
3.0567
3.00824
2.70043
2.73308
2.67996
3.22348
0.979617
1.54716
1.87688
1.94591
1.73988
1.17866
1.67285
2.12218
1.69728
1.6966
1.88252
2.17137
1.4447
1.77833
1.12348
0.903825
1.14789
1.43748
1.40028
0.907062
1.14326
0.67693
0.342867
0.482321
0.458185
0.434306
0.514647
0.635067
1.16628
1.37494
1.14737
0.920858
1.43817
0.938482
1.1192
0.755366
1.06264
0.855344
0.969324
0.823634
0.901983
1.17973
0.578418
0.303092
0.46932
0.471882
0.400819
0.64907
0.421722
1.03848
0.923471
1.35435
0.92818
0.882654
1.27877
1.11248
-2.31689
-1.94837
-1.81392
-1.83996
-1.97042
-2.18665
-2.41845
-2.56912
-2.86634
-2.76797
-2.40596
-2.7011
-2.59523
-2.52919
-2.06665
-1.86242
-1.91479
-1.99004
-1.97177
-1.88635
-2.1046
-2.09461
-1.8688
-1.76169
-1.6215
-1.59887
-2.18871
-1.52478
-1.63252
-1.19934
-1.6106
-1.31323
-1.58521
-1.63319
-1.00069
-1.81255
-1.31535
-1.79579
-1.59312
-1.72338
-1.78089
-1.35961
-2.60505
-2.69852
-2.65527
-2.11349
-2.32266
-2.23198
-2.27879
-1.27133
-1.39916
-1.39282
-1.43927
-1.36474
-1.41924
-1.2899
-1.77455
-1.63619
-1.62642
-1.72854
-1.86804
-1.64784
-1.60802
-1.27239
-1.31026
-1.34594
-1.34008
-0.951975
-1.30453
-1.26977
-1.33492
-1.59526
-1.36664
-1.07476
-1.30211
-1.4324
-1.18551
-1.5118
-1.26273
-1.51062
-1.38417
-1.49415
-1.48876
-1.44239
-1.28204
-1.14803
-1.09244
-1.24918
-1.24987
-1.13904
-1.25109
-1.36351
-0.891952
-1.41675
-1.669
-1.1694
-1.37457
-1.47663
-1.12404
-1.25081
-1.3269
-1.47214
-0.968891
-1.15506
-1.28122
-1.12831
-0.96381
-0.993023
-1.14445
-0.943387
-1.15315
-1.14046
-0.816249
-1.0402
-0.997085
-1.30639
-0.996328
-0.828823
-0.918192
-0.986643
-1.0104
-1.14851
-1.60152
-0.960128
-1.16413
-1.21505
-1.2335
-0.789334
-0.768291
-0.732431
-1.30568
-0.750327
-1.14518
-1.30304
-1.40023
-1.14951
-1.51223
-1.2294
-1.2061
-1.78021
-1.08756
-1.78394
-1.00342
-1.18598
-0.974091
-1.13192
-1.47732
-0.696201
-0.591741
-0.583087
-0.550304
-0.71629
-0.555264
-0.639597
-0.74326
-0.945877
-0.600284
-0.749936
-0.612523
-0.720261
-1.02953
-0.921717
-1.36713
-0.78385
-1.15916
-0.787796
-0.917205
-1.48279
-0.777633
-0.66047
-0.590609
-0.772377
-0.801646
-0.619327
-0.740713
-0.677509
-0.768264
-0.85439
-1.13102
-0.838494
-0.680528
-0.837353
-0.562177
-0.587386
-0.689301
-0.893474
-0.613809
-0.54462
-0.722394
-0.654394
-0.554342
-0.546007
-0.708902
-0.524706
-0.681033
-0.687019
-0.439832
-0.376132
-0.528861
-0.580715
-0.551827
-0.427893
-0.395002
-0.470337
-0.464263
-0.61835
-0.629713
-0.482163
-0.590191
-0.434841
-0.273919
-0.327253
-0.354774
-0.34027
-0.212269
-0.315733
-0.24632
-0.60481
-0.699154
-0.519997
-0.463406
-0.626023
-0.513991
-0.631783
-0.559886
-0.509211
-0.471715
-0.395123
-0.481072
-0.53906
-0.542001
-0.218813
-0.290842
-0.262915
-0.256995
-0.246649
-0.28209
-0.210112
-0.451698
-0.37306
-0.387206
-0.315681
-0.405076
-0.427361
-0.405035
-0.485396
-0.458562
-0.449311
-0.334718
-0.434318
-0.508845
-0.431957
-0.506631
-0.418266
-0.377965
-0.519386
-0.537657
-0.397398
-0.486456
-0.392259
-0.359908
-0.501423
-0.493042
-0.342516
-0.405292
-0.481013
-0.370478
-0.311736
-0.437266
-0.474659
-0.326324
-0.357363
-0.455632
-0.437411
-0.352627
-0.352423
-0.489532
-0.332702
-0.458436
-0.470187
-0.296522
-0.251147
-0.351452
-0.386001
-0.366194
-0.285482
-0.258107
-0.321889
-0.29269
-0.410856
-0.414323
-0.334114
-0.394402
-0.282668
-0.161532
-0.149423
-0.165157
-0.172138
-0.159253
-0.158048
-0.181366
-0.371969
-0.371434
-0.358165
-0.270354
-0.396135
-0.339068
-0.334076
-0.346751
-0.309801
-0.296854
-0.282282
-0.315354
-0.324269
-0.343151
-0.106683
-0.137777
-0.123181
-0.13543
-0.155419
-0.148672
-0.135462
-0.262582
-0.259808
-0.227158
-0.240083
-0.240717
-0.246515
-0.279062
-0.283263
-0.313021
-0.275966
-0.24496
-0.259942
-0.302277
-0.288013
-0.319459
-0.245568
-0.208633
-0.330032
-0.350147
-0.225519
-0.297954
-0.249345
-0.222281
-0.322705
-0.336501
-0.220099
-0.259095
-0.309628
-0.220413
-0.184574
-0.266273
-0.296777
-0.184616
-0.210805
-0.278181
-0.257387
-0.193251
-0.187956
-0.30816
-0.17248
-0.277556
-0.289474
-0.137854
-0.1175
-0.174566
-0.20668
-0.185972
-0.129151
-0.114568
-0.171241
-0.148485
-0.234181
-0.252708
-0.180831
-0.222695
-0.151942
-0.0513107
-0.0474361
-0.0593446
-0.0778168
-0.0780935
-0.0668169
-0.0926138
-0.213333
-0.242194
-0.208656
-0.2028
-0.226895
-0.197343
-0.224061
-0.19549
-0.188969
-0.170498
-0.188238
-0.180906
-0.182492
-0.206343
-0.0142812
-0.0342459
-0.0231826
-0.0447544
-0.0739727
-0.0548508
-0.0610851
-0.136817
-0.11772
-0.122232
-0.14287
-0.130667
-0.124769
-0.135136
-0.152762
-0.170274
-0.15419
-0.153487
-0.144869
-0.16488
-0.152356
-0.176913
-0.117936
-0.0849174
-0.194695
-0.207269
-0.0940685
-0.164838
-0.092576
-0.0883413
-0.14068
-0.160121
-0.091872
-0.100024
-0.129374
-0.0673318
-0.0677918
-0.0884084
-0.123431
-0.0708649
-0.0623134
-0.0976341
-0.142359
-0.0891909
-0.0720533
-0.177911
-0.065794
-0.148643
-0.169396
-0.049947
-0.0401924
-0.0319848
-0.0348329
-0.0653551
-0.043549
-0.061602
-0.0447591
-0.0651699
-0.0770774
-0.0694791
-0.0499715
-0.0616105
-0.0595982
0.0359108
0.0394132
0.0324734
0.00635323
-0.00745064
0.0126772
-0.0182915
-0.096472
-0.101087
-0.106285
-0.116411
-0.107294
-0.0991189
-0.0833138
-0.0814162
-0.0575108
-0.0796672
-0.109591
-0.0855873
-0.0717455
-0.0721904
-0.020151
-0.0489355
-0.0336506
-0.0327451
-0.0776982
-0.0460834
-0.0239627
0.0626401
0.0506358
0.0543444
0.0268323
0.00152526
0.0237517
0.00963678
-0.0491034
-0.0870443
-0.0452489
-0.0634895
-0.061171
-0.0545083
-0.0324655
11.0985
11.0229
11.0876
11.0615
11.051
10.9558
10.9678
11.058
11.0498
11.0966
11.0059
11.0322
11.0635
10.9961
10.9925
10.98
10.8495
10.9548
11.0132
10.8919
10.9997
10.9388
11.0521
11.0026
11.0386
11.0352
10.898
10.9236
11.0497
11.0615
11.0643
11.0218
11.0364
10.9586
10.9579
10.9874
11.0069
10.815
10.8525
11.021
10.9242
10.9231
10.9808
11.0459
11.0009
11.0193
11.0171
10.882
10.8257
10.9294
10.9809
10.8905
10.942
10.9303
10.7895
10.8811
10.941
10.9842
10.8102
10.9774
10.9091
10.7763
10.8385
10.9757
11.0041
10.9826
10.9665
10.9375
10.8762
10.7373
10.8522
10.8503
10.8934
10.792
10.8183
10.8389
10.7257
10.7452
10.7528
10.5885
10.6705
10.7779
10.6396
10.7588
10.7171
10.8457
10.7901
10.8133
10.8144
10.667
10.7332
10.901
10.9112
10.8748
10.8323
10.8782
10.7783
10.7574
10.8221
10.8288
10.6517
10.6888
10.8583
10.7159
10.7191
10.7677
10.8831
10.8225
10.8175
10.8512
10.674
10.5859
10.6907
10.7582
10.6121
10.7231
10.659
10.5465
10.6541
10.7249
10.8024
10.6377
10.7708
10.6935
10.603
10.6135
10.7426
10.7945
10.7929
10.7606
10.6925
10.6563
10.333
10.4883
10.4957
10.4843
10.3968
10.4395
10.4158
10.2854
10.3281
10.3349
10.1659
10.223
10.3872
10.2217
10.3537
10.3357
10.5054
10.4102
10.4093
10.4561
10.2856
10.5216
10.4
10.4288
10.4572
10.5694
10.6002
10.427
10.47
10.6466
10.6542
10.5682
10.5227
10.61
10.5077
10.4204
10.5136
10.4254
10.6073
10.4691
10.5574
10.3829
10.3531
10.3348
10.3128
10.3413
10.5262
10.4904
10.3666
10.2063
10.2589
10.4009
10.2091
10.3252
10.2486
10.1613
10.2817
10.4523
10.3614
10.4705
10.4036
10.316
10.3207
9.72757
9.52169
9.55753
9.63602
9.57759
9.78984
9.61305
9.668
9.83681
9.83447
9.81261
9.75801
9.73197
9.71415
9.74771
9.70308
9.7523
9.96835
9.81068
9.85007
9.70245
9.94567
10.0309
10.0354
10.0977
10.4545
10.2349
10.127
10.0298
10.1593
10.2483
10.1417
10.0883
10.1031
10.0989
9.97012
9.89915
9.96251
10.1396
10.0176
9.98592
9.93589
9.49676
9.6126
9.66112
9.72792
10.1455
9.63647
9.80882
9.83702
9.95507
9.93791
9.92762
10.0158
10.1872
9.91605
9.78512
9.95454
9.75095
9.88241
9.69197
9.83654
9.83335
-1.22961
-0.50559
-0.702106
-1.29244
-1.34423
-0.638309
-1.15977
-1.31199
-0.700143
-0.815446
-1.17584
-1.20187
-0.765397
-1.26585
-1.33592
-1.3608
-0.870642
-0.865918
-1.42174
-0.821838
-1.29341
-1.10745
-1.41473
-1.35118
-1.34596
-1.12912
-1.42085
-1.08789
-1.04943
-1.24351
-1.24748
-1.33856
-1.01703
-1.07957
-1.35719
-1.33954
-1.04144
-1.02438
-1.43252
-1.41886
-1.03863
-1.32996
-0.926109
-1.20672
-1.21557
-1.33412
-1.04296
-0.962093
-1.31892
-1.22978
-0.863262
-0.928958
-1.27966
-0.907087
-1.32886
-1.20273
-1.27813
-0.995287
-1.39555
-0.954022
-0.955813
-1.38382
-1.30053
-0.636992
-0.0527542
-0.254116
-0.575554
-0.715966
-0.208442
-0.497528
-0.690263
-0.279249
-0.405942
-0.679434
-0.625772
-0.32151
-0.745554
-0.760998
-0.877585
-0.413783
-0.4507
-0.835793
-0.364507
-0.80481
-0.726177
-0.960754
-0.995727
-1.11499
-0.714718
-0.755717
-1.07566
-1.10145
-0.820693
-0.756291
-1.23016
-1.16267
-0.773591
-1.14547
-1.04598
-0.668202
-1.02398
-0.695512
-1.09534
-0.717903
-0.987179
-0.586412
-0.903016
-0.85523
-0.951612
-0.658847
-0.609693
-1.00622
-0.81112
-0.473539
-0.49337
-0.767994
-0.520071
-0.831572
-0.744641
-0.863529
-0.61517
-0.960753
-0.542268
-0.567727
-0.893675
-0.92932
-0.20715
0.0981372
-0.0341127
-0.0924124
-0.252359
-0.0185326
-0.0508454
-0.307302
-0.115274
-0.175757
-0.348241
-0.282562
-0.125541
-0.376878
-0.342091
-0.437462
-0.147463
-0.186805
-0.380049
-0.131512
-0.399841
-0.63668
-0.430525
-0.363759
-0.712162
-0.652328
-0.387186
-0.700143
-0.66856
-0.352218
-0.334104
-0.535088
-0.589869
-0.376218
-0.621594
-0.595462
-0.560526
-0.329036
-0.309425
-0.608039
-0.350175
-0.541613
-0.441988
-0.198313
-0.221211
-0.4296
-0.220209
-0.457944
-0.414599
-0.537217
-0.230766
-0.296404
-0.493291
-0.259866
-0.575545
-0.448384
-0.475497
-0.525797
-0.239718
-0.278235
-0.244742
-0.493394
-0.508658
0.00326067
0.0228456
-0.0145582
0.121275
-0.0156615
-0.0409298
0.080622
-0.151772
-0.208993
-0.176638
-0.260676
-0.177239
-0.165921
-0.258089
-0.15909
-0.269923
-0.137387
-0.173923
-0.179646
-0.161078
-0.247044
-0.367986
-0.18274
-0.175407
-0.401313
-0.37629
-0.165999
-0.388705
-0.371611
-0.0867451
-0.126565
-0.2699
-0.274253
-0.138491
-0.365779
-0.348308
-0.336639
-0.1716
-0.146412
-0.352811
-0.157334
-0.336683
-0.309168
-0.157712
-0.189253
-0.293183
-0.149962
-0.294231
-0.306178
-0.328043
-0.0389245
-0.116466
-0.244246
-0.106716
-0.329712
-0.246662
-0.317168
-0.316369
-0.184203
-0.145156
-0.145495
-0.302446
-0.325437
-1.07066
-0.645668
-0.838403
-0.689842
-0.403949
-0.58554
-0.573747
-0.825422
-0.77142
-0.489163
-0.76482
-0.940185
-0.760228
-0.708922
-0.627104
-0.547697
-0.527497
-0.418527
-0.527066
-0.630941
-0.574492
-0.321093
-0.164702
-0.242898
-0.304535
-0.315709
-0.173983
-0.316104
-0.273026
-0.00641472
-0.103767
-0.224166
-0.221937
-0.107731
-0.276838
-0.35225
-0.377009
-0.276166
-0.201008
-0.354985
-0.194143
-0.362782
-0.50621
-0.318454
-0.45055
-0.623843
-0.275695
-0.578149
-0.520783
-0.30344
0.0131255
-0.116846
-0.236527
-0.112353
-0.294614
-0.238982
-0.43309
-0.44771
-0.383706
-0.228123
-0.238189
-0.482882
-0.416334
-3.07946
-4.28317
-3.27794
-1.58433
-1.86635
-1.75628
-1.87097
-1.5925
-1.89016
-1.35406
-1.13712
-1.53093
-1.75628
-1.10465
-1.63455
-1.86663
-1.13577
-1.3169
-1.73999
-1.7449
-1.09591
-0.569944
-0.407949
-0.741958
-0.731046
-0.734638
-0.464318
-0.581382
-0.368935
-0.0876593
-0.347444
-0.232922
-0.259333
-0.31847
-0.346871
-0.627736
-0.83253
-0.902252
-0.615324
-0.833457
-0.562246
-0.610074
-0.655806
-0.748834
-1.13065
-0.923402
-0.730194
-0.924415
-0.673762
-0.368075
-0.123816
-0.387766
-0.264541
-0.402843
-0.384522
-0.246236
-0.636215
-0.916808
-1.12072
-0.692255
-0.723732
-0.904644
-0.660408
-1.37176
-1.41558
-1.66854
-1.76723
-1.37806
-1.62575
-1.76752
-1.18445
-1.09584
-1.09029
-1.04671
-1.22492
-1.15634
-0.993995
-1.28934
-1.39209
-1.03249
-1.15657
-1.24039
-1.27197
-1.07608
-0.687255
-0.725895
-1.08223
-0.905991
-0.905443
-0.72934
-0.669374
-0.40967
-0.090519
-0.363282
-0.278224
-0.291444
-0.361673
-0.412778
-0.671043
-0.887738
-1.01389
-0.685137
-0.873588
-0.689998
-0.690585
-0.654999
-0.602056
-0.800592
-0.867551
-0.603622
-0.829597
-0.680267
-0.422692
-0.0898254
-0.331991
-0.288866
-0.335671
-0.414562
-0.278336
-0.687869
-0.850473
-0.861105
-0.645485
-0.641757
-0.878595
-0.666773
-1.04824
-0.944137
-0.922576
-1.1798
-1.02469
-0.897614
-1.2079
-0.995014
-0.703114
-0.719074
-0.875681
-1.01775
-0.741283
-0.826498
-1.09795
-0.887064
-0.883565
-0.771139
-1.04967
-0.831709
-0.939362
-0.671714
-0.56616
-0.726176
-0.808451
-0.857292
-0.566189
-0.641003
-0.429689
-0.0788917
-0.302957
-0.275874
-0.269563
-0.288684
-0.461429
-0.624285
-0.849757
-0.68879
-0.531369
-0.790229
-0.530761
-0.659425
-0.573063
-0.464763
-0.577134
-0.809284
-0.465384
-0.749022
-0.612009
-0.475029
-0.103065
-0.28327
-0.262663
-0.295391
-0.436818
-0.274886
-0.639526
-0.773915
-0.624232
-0.497347
-0.498192
-0.836356
-0.601636
-0.720786
-0.517158
-0.560922
-0.661744
-0.719306
-0.542415
-0.642962
-0.625483
-0.447006
-0.456505
-0.604621
-0.620218
-0.464572
-0.592832
-0.712286
-0.521047
-0.640266
-0.491626
-0.718487
-0.501482
-0.659924
-0.578866
-0.43069
-0.511682
-0.71373
-0.76551
-0.427066
-0.540112
-0.427692
-0.0921313
-0.250667
-0.261924
-0.23813
-0.245883
-0.470194
-0.508887
-0.708199
-0.473262
-0.387748
-0.667143
-0.393291
-0.542624
-0.447434
-0.310197
-0.379389
-0.585008
-0.318398
-0.560337
-0.468065
-0.450644
-0.092096
-0.226316
-0.229973
-0.227588
-0.41185
-0.25313
-0.505424
-0.614415
-0.41358
-0.355758
-0.34795
-0.646417
-0.477756
-0.503799
-0.328905
-0.376147
-0.448657
-0.518031
-0.358034
-0.428207
-0.378432
-0.267679
-0.291775
-0.421248
-0.359345
-0.284968
-0.445896
-0.413881
-0.326542
-0.481789
-0.313385
-0.428488
-0.308118
-0.465173
-0.429585
-0.282968
-0.322869
-0.507361
-0.52359
-0.273984
-0.417526
-0.337789
-0.0482555
-0.140774
-0.212273
-0.200721
-0.14664
-0.356212
-0.388052
-0.461379
-0.292979
-0.239922
-0.453938
-0.249599
-0.392102
-0.334811
-0.172396
-0.214788
-0.339246
-0.185436
-0.348192
-0.321233
-0.316283
-0.0313335
-0.118591
-0.189869
-0.113151
-0.306719
-0.19564
-0.356024
-0.400432
-0.235848
-0.217717
-0.206559
-0.399643
-0.360618
-0.319425
-0.173295
-0.219181
-0.275848
-0.34108
-0.203671
-0.252717
-0.228867
-0.13193
-0.166809
-0.277214
-0.204333
-0.147291
-0.320799
-0.237998
-0.179489
-0.34107
-0.178712
-0.260433
-0.163425
-0.304394
-0.289167
-0.155348
-0.175462
-0.299987
-0.285217
-0.145632
-0.311179
-0.202081
0.00494268
-0.0412573
-0.140745
-0.151222
-0.0495369
-0.189259
-0.288626
-0.237562
-0.157132
-0.127332
-0.258791
-0.134638
-0.257743
-0.243244
-0.0846672
-0.0995874
-0.151907
-0.0964431
-0.186365
-0.19806
-0.148506
0.0144561
-0.0288186
-0.136145
-0.022844
-0.167146
-0.121791
-0.228187
-0.222465
-0.114274
-0.1173
-0.107236
-0.194118
-0.265837
-0.189315
-0.0653037
-0.103755
-0.151952
-0.209611
-0.0972799
-0.138555
-0.0501447
-0.16685
-0.104096
-0.123745
-0.0748098
-0.0518073
-0.227303
-0.121899
-0.0706993
-0.0835054
-0.253106
-0.146791
-0.0629952
-0.194147
-0.168842
-0.0747934
-0.0620116
-0.152731
-0.117208
-0.0627181
-0.217783
-0.0789013
0.0349089
0.016088
-0.063943
-0.0886568
0.0103633
-0.0475883
-0.196503
-0.0875422
-0.0506025
-0.0423703
-0.127855
-0.0537356
-0.140485
-0.0193094
-0.0521482
-0.126461
-0.194387
-0.0177339
-0.0265948
-0.106028
-0.0279692
0.0353576
0.0192951
-0.0726615
0.023633
-0.0606845
-0.0498417
-0.127705
-0.0240621
-0.110645
-0.0383271
-0.0290309
-0.0666997
-0.184712
10.9963
10.7303
10.8409
10.9255
10.7642
10.6689
10.7193
10.9467
10.9224
10.8411
10.7441
10.9136
10.8103
10.7436
10.8886
10.8928
10.6567
10.7312
10.9045
10.6765
10.7543
10.7049
10.9448
10.9067
10.7795
10.9239
10.68
10.6678
10.9186
10.9448
10.7716
10.7556
10.9058
10.6854
10.7303
10.8928
10.9066
10.6529
10.6771
10.9287
10.7217
10.6885
10.7475
10.9346
10.8805
10.7659
10.8981
10.6763
10.7067
10.828
10.9126
10.7095
10.8541
10.728
10.6808
10.7164
10.8461
10.9108
10.697
10.8915
10.7519
10.6685
10.6811
10.7522
10.909
10.8827
10.8587
10.7297
10.7112
10.7012
10.5783
10.614
10.6301
10.6379
10.7267
10.5994
10.6121
10.7462
10.7301
10.6819
10.6516
10.6865
10.6502
10.6412
10.6722
10.6346
10.7774
10.685
10.7455
10.6007
10.7116
10.6793
10.6773
10.7005
10.8814
10.9135
10.7089
10.6828
10.8095
10.8798
10.707
10.6963
10.7969
10.6825
10.6467
10.7249
10.6926
10.847
10.6884
10.765
10.6278
10.5185
10.6408
10.5885
10.5848
10.7694
10.5856
10.6678
10.5151
10.6586
10.6437
10.7059
10.9056
10.933
10.6951
10.5943
10.8192
10.6785
10.701
10.6477
10.6636
10.6225
-0.382312
-0.221008
-0.201085
-0.559005
-0.428596
-0.159383
-0.517273
-0.391109
-0.0437418
0.00795291
-0.16987
-0.355721
-0.0816488
-0.206757
-0.446592
-0.30967
-0.171747
-0.0411216
-0.485504
-0.128695
-0.262742
-0.135156
-0.540051
-0.354121
-0.316053
-0.193176
-0.52554
-0.0867614
0.122912
-0.0593357
-0.0842619
-0.268034
0.0539083
0.0103966
-0.252657
-0.251869
-0.149004
0.0122929
-0.422732
-0.445596
-0.0295024
-0.218058
0.268531
0.0251766
0.0484961
-0.162424
0.110922
0.145113
-0.189979
-0.0362771
0.199852
0.0523219
-0.247736
0.15848
-0.280584
-0.0132742
-0.105518
0.0652405
-0.362809
0.000135004
0.106534
-0.343504
-0.144313
-0.102809
0.0191282
0.0815392
-0.244254
-0.11001
0.10767
-0.239826
-0.0527716
0.233868
0.307099
0.140732
-0.0473322
0.204943
0.13081
-0.115759
0.0599119
0.143079
0.277296
-0.124779
0.17502
0.0750273
0.0818859
0.24786
0.181435
-0.181121
-0.149105
0.286547
0.0579998
0.11851
0.499108
0.427722
0.348064
0.317628
0.386437
0.135652
0.155013
-0.0442598
0.224889
0.365584
-0.0663643
0.327262
0.182211
0.313838
0.53507
0.377919
0.119612
0.493709
0.114441
0.325278
0.217585
0.628649
0.477057
0.413308
0.516688
0.198496
0.435846
0.258322
0.033395
0.338966
0.408665
0.447739
0.0529936
0.244693
0.00731302
0.134133
0.245631
-0.11883
0.000418033
0.268869
-0.112192
0.134945
0.437958
0.54266
0.310442
0.149626
0.41066
0.297591
0.0981057
0.263507
0.36735
0.523753
0.0869892
0.396682
0.27386
0.39266
0.576275
0.497254
0.179358
0.186161
0.615073
0.382768
0.446183
0.84477
0.76882
0.684183
0.668428
0.731869
0.456404
0.450317
0.255671
0.531689
0.686511
0.246474
0.651004
0.460533
0.569717
0.812477
0.658013
0.38385
0.78094
0.373447
0.582229
0.539686
0.954061
0.804918
0.747704
0.839819
0.528141
0.761295
0.523787
0.311318
0.629974
0.718048
0.751475
0.323311
0.512671
0.095439
0.124959
0.314923
-0.0427767
0.0756136
0.328176
-0.0293742
0.279583
0.565778
0.713176
0.435477
0.294513
0.55008
0.419444
0.274448
0.396689
0.510107
0.693107
0.256332
0.530674
0.414192
0.630348
0.839251
0.746447
0.428104
0.445117
0.872972
0.617678
0.733414
1.13212
1.04325
0.947561
0.935062
1.01091
0.743625
0.66408
0.501867
0.767617
0.92829
0.485433
0.898184
0.674972
0.738611
1.03648
0.872086
0.597557
1.0083
0.582439
0.752258
0.807516
1.22563
1.074
0.987625
1.10405
0.796672
0.997183
0.715393
0.538954
0.84818
0.952892
0.984219
0.556247
0.704539
0.115215
0.181064
0.400068
-0.0452524
0.104085
0.395959
-0.03879
0.334382
0.628743
0.812489
0.491831
0.339231
0.633322
0.483196
0.337514
0.472909
0.627338
0.808397
0.328344
0.628579
0.485531
0.785262
1.0564
0.941683
0.617519
0.631607
1.08039
0.770445
0.939677
1.35838
1.25948
1.12627
1.1175
1.2357
0.95125
0.797413
0.659633
0.959059
1.11897
0.646702
1.09853
0.810906
0.833127
1.16279
1.00478
0.691825
1.15395
0.685134
0.842744
0.985173
1.42087
1.27411
1.14648
1.29258
0.973954
1.1562
0.830581
0.669754
0.998747
1.13211
1.14684
0.680321
0.81822
0.0982151
0.133776
0.359655
-0.0661344
0.107836
0.340898
-0.0824178
0.284142
0.541752
0.751069
0.447387
0.268399
0.560388
0.45873
0.295589
0.473998
0.588665
0.764254
0.307259
0.571371
0.467141
0.846917
1.16403
1.00855
0.691696
0.693296
1.16688
0.841449
1.02072
1.46223
1.3252
1.19126
1.19016
1.32445
1.01977
0.841275
0.684284
1.00264
1.1595
0.688067
1.16222
0.841921
0.815782
1.11511
0.958773
0.638105
1.12723
0.652019
0.80701
1.00897
1.45925
1.31705
1.18619
1.31198
1.01509
1.18328
0.827981
0.674419
0.973554
1.14953
1.14167
0.66508
0.832309
0.0477043
0.0804195
0.269968
-0.128801
0.0679142
0.255427
-0.150635
0.172037
0.419577
0.611597
0.34526
0.150232
0.436481
0.36744
0.178718
0.392954
0.466364
0.629106
0.200031
0.448221
0.372501
0.780315
1.0966
0.907769
0.622764
0.605057
1.08062
0.792963
0.940948
1.38716
1.21344
1.10932
1.12423
1.23249
0.922292
0.765239
0.567693
0.886986
1.03937
0.588492
1.05861
0.748854
0.697299
0.941732
0.79851
0.485205
0.965528
0.509877
0.67503
0.879609
1.3202
1.18649
1.08923
1.1638
0.901517
1.07068
0.713456
0.550192
0.822482
1.01444
0.992667
0.527294
0.732847
0.0181943
0.0877413
0.2164
-0.134628
0.0320744
0.208266
-0.140929
0.088037
0.325025
0.468333
0.246948
0.0768783
0.337163
0.266911
0.0882666
0.290502
0.359672
0.48532
0.102688
0.346608
0.269233
0.6345
0.912832
0.72821
0.467865
0.443072
0.887561
0.658429
0.754342
1.1589
0.980454
0.923051
0.950678
1.01073
0.725951
0.618108
0.402022
0.703014
0.831057
0.426582
0.857381
0.592784
0.535019
0.713076
0.605771
0.326654
0.740897
0.348962
0.50892
0.670193
1.05002
0.943155
0.895644
0.911224
0.699368
0.865992
0.550558
0.386423
0.631233
0.799926
0.77269
0.362945
0.576438
0.0230288
0.102808
0.177258
-0.0738954
0.0243757
0.170191
-0.0628921
0.0686966
0.235832
0.326136
0.181149
0.0696896
0.248137
0.192016
0.0667176
0.207354
0.271565
0.345049
0.0685981
0.259723
0.193837
0.468443
0.680555
0.53387
0.313332
0.293323
0.652186
0.493476
0.533478
0.838393
0.689253
0.687477
0.71873
0.724401
0.506213
0.454061
0.26408
0.508003
0.590214
0.281671
0.619179
0.430055
0.381036
0.462049
0.407065
0.217765
0.492369
0.2296
0.360593
0.456317
0.707972
0.647357
0.659753
0.611199
0.48166
0.629303
0.394061
0.253598
0.434314
0.556478
0.526889
0.238981
0.41625
0.113208
0.145015
0.0922608
0.0857488
0.152138
0.129019
0.150835
0.0425915
0.0843787
0.119845
0.00885415
0.0413349
0.110137
0.0236924
0.0856629
0.18013
0.161371
0.164053
0.0820816
0.148721
0.152801
0.32933
0.425836
0.328533
0.209306
0.19972
0.394152
0.348446
0.345181
0.462914
0.360254
0.46956
0.494593
0.400465
0.327086
0.318321
0.185687
0.298447
0.323479
0.192263
0.356397
0.301766
0.165025
0.165238
0.252876
0.266052
0.172551
0.200309
0.167344
0.292405
0.30737
0.309113
0.446638
0.266748
0.307729
0.423556
0.276284
0.209919
0.179813
0.281736
0.246559
0.173902
0.292519
10.689
10.9071
10.8337
10.7592
10.7071
10.8086
10.7271
0.613525
0.690318
0.754004
0.362677
0.595674
0.795565
0.382938
0.956655
1.03015
1.09917
0.731344
0.941652
1.14003
0.740098
1.24822
1.32149
1.39863
1.03435
1.2338
1.43292
1.04777
1.4575
1.53152
1.61984
1.25082
1.44708
1.64375
1.25983
1.52463
1.59213
1.71419
1.33668
1.53017
1.71835
1.33174
1.42638
1.46629
1.62556
1.24788
1.44641
1.60602
1.22694
1.19569
1.17753
1.35044
1.0285
1.22925
1.31088
0.995325
0.890656
0.789146
0.942075
0.742175
0.92799
0.889453
0.708073
0.59443
0.325446
0.436949
0.47285
0.625032
0.37316
0.448431
12.0283
12.0577
12.0537
12.052
12.0098
12.0052
12.0547
11.935
11.995
12.0074
12.0099
11.8966
11.9389
11.9953
12.0217
11.9497
11.9044
12.0144
11.9448
12.0274
12.0054
12.04
12.0621
12.0593
12.0656
12.0172
12.0618
12.022
12.0461
11.987
12.042
11.9371
12.034
12.0447
11.9786
12.0309
11.9585
12.0189
11.9229
12.0296
12.0252
11.9646
11.7517
11.9392
11.9294
11.9209
11.808
11.9331
11.7479
11.8482
11.5501
11.8071
11.6314
11.8419
11.8123
11.6331
11.936
11.8164
11.955
11.7516
11.9502
11.9292
11.7522
11.9557
11.7893
11.9896
11.8533
11.9875
11.9635
11.7782
11.8642
11.5337
11.8068
11.633
11.8514
11.8101
11.6395
11.9482
11.9711
11.8392
11.7578
11.9776
11.9399
11.7652
12.1008
12.1175
12.1033
12.1133
12.1087
12.0905
12.1272
12.0655
12.0047
12.0538
11.9783
12.0185
12.064
12.0649
12.0905
12.0607
12.0972
12.0001
12.0408
12.0994
12.0827
12.1606
12.1365
12.1672
12.1746
12.1326
12.1493
12.1578
12.1698
12.2005
12.2102
12.1775
12.0984
12.1614
12.1387
12.1481
12.0857
12.0728
12.1165
12.1271
12.1442
12.112
11.9831
11.7988
11.9996
11.8893
11.9671
12.0052
11.8121
11.9001
11.5718
11.8441
11.7112
11.9156
11.8321
11.6948
11.9923
12.0377
11.9105
11.8506
12.027
12.0096
11.831
11.9623
12.146
12.0961
12.0596
12.0109
12.1037
11.9281
11.9519
11.6227
11.8521
11.7292
11.924
11.8719
11.7542
12.049
11.982
12.0559
11.8721
12.0897
12.0206
11.9003
11.5937
11.6646
11.6342
11.6234
11.5914
11.5786
11.6624
11.5458
11.5547
11.5562
11.5644
11.5517
11.5556
11.5664
11.5718
11.5607
11.5564
11.5713
11.5604
11.5759
11.5673
11.6018
11.6622
11.6744
11.6748
11.5922
11.6679
11.5941
11.6012
11.5414
11.5891
11.5544
11.5957
11.5781
11.5525
11.5818
11.5606
11.5754
11.5576
11.59
11.586
11.5591
11.4997
11.4879
11.5005
11.4904
11.5171
11.5088
11.4943
11.4123
11.3836
11.3615
11.4113
11.4013
11.4007
11.4205
11.4977
11.5236
11.5147
11.49
11.4979
11.4848
11.496
11.4514
11.4437
11.4816
11.4947
11.4932
11.445
11.4573
11.396
11.3274
11.3545
11.4029
11.4013
11.3289
11.3879
11.4669
11.5066
11.504
11.4847
11.495
11.4853
11.4716
11.5604
11.6832
11.7093
11.7189
11.5236
11.5493
11.6974
11.5705
11.5317
11.6007
11.5087
11.5098
11.6
11.5748
11.5938
11.4615
11.5538
11.4884
11.492
11.563
11.5814
11.502
11.712
11.6846
11.6895
11.5029
11.7125
11.4726
11.5635
11.3254
11.489
11.3321
11.508
11.5511
11.3587
11.555
11.434
11.5471
11.3775
11.5841
11.5151
11.3972
11.4107
11.4235
11.4872
11.4364
11.4359
11.456
11.3938
11.2729
11.1536
11.1314
11.2132
11.2475
11.1666
11.2525
11.3942
11.4392
11.4131
11.3272
11.4583
11.3689
11.3631
11.2799
11.1263
11.3547
11.2473
11.3715
11.2425
11.1821
11.1782
11.0131
11.0852
11.1641
11.2119
11.0382
11.1119
11.3159
11.4307
11.2982
11.2834
11.4005
11.3429
11.2392
11.6403
11.4205
11.6989
11.3127
11.3309
11.7043
11.6337
11.5293
11.2886
11.4697
11.1903
11.2547
11.5452
11.4475
11.5117
11.3978
11.1827
11.1418
11.2157
11.4966
11.4237
11.6092
11.3857
11.6893
11.2893
11.6933
11.6191
11.2702
11.4437
11.0592
11.2922
10.9634
11.3165
11.4333
11.0844
11.4651
11.37
11.1476
11.0097
11.4789
11.3438
11.119
11.1698
11.0605
11.3274
11.0801
11.2061
11.3045
10.9987
10.9377
10.6329
10.6662
10.6895
10.8874
10.7347
10.7653
11.1287
11.2411
11.019
10.8635
11.2701
11.0859
10.927
10.9446
10.5904
11.0924
10.7868
11.126
10.8964
10.6532
10.7689
10.3657
10.5945
10.6036
10.8262
10.5202
10.5253
10.9936
11.2035
10.8491
10.7902
11.1693
11.0404
10.7262
11.5793
11.3846
11.7021
11.2264
11.2274
11.6907
11.581
11.4074
11.0328
11.2682
10.8531
11.0162
11.4173
11.2481
11.3913
11.2069
10.9874
10.8219
11.0006
11.3837
11.2264
11.5902
11.4131
11.7034
11.2276
11.7207
11.5829
11.2366
11.3692
10.9639
11.1693
10.7315
11.1733
11.3775
10.9604
11.3808
11.1944
10.9728
10.7502
11.3768
11.1843
10.969
10.8019
10.5162
11.0508
10.6256
10.8461
11.0227
10.4557
10.4465
9.88601
10.0551
10.0187
10.3907
10.131
10.101
10.7528
10.9522
10.5713
10.3236
10.9828
10.7094
10.3854
10.6057
10.0917
10.8607
10.3898
10.8763
10.578
10.1398
10.2818
9.59596
9.99091
9.928
10.3332
9.92404
9.84988
10.6385
10.9265
10.4338
10.2559
10.9037
10.6739
10.1997
11.5218
11.8179
11.7799
11.6218
11.3478
11.3229
11.6435
11.3856
10.965
11.1605
10.7124
10.9746
11.3693
11.1631
11.3796
10.9977
11.162
10.7115
10.9831
11.4021
11.1568
11.5954
11.8248
11.8621
11.6686
11.3714
11.6452
11.3953
11.4212
11.0586
11.1658
10.7798
11.1787
11.4198
11.0493
11.4127
11.0146
11.162
10.7486
11.4008
11.167
11.0269
10.5314
10.0411
10.8386
10.3006
10.5513
10.8319
10.003
10.0772
9.15194
9.62865
9.42345
10.0554
9.66834
9.47682
10.5109
10.8137
10.2758
9.93663
10.8158
10.4962
9.96442
10.4792
9.92132
10.7738
10.2588
10.8074
10.4624
9.91625
10.0096
8.9551
9.59632
9.37592
10.0347
9.56982
9.33487
10.4731
10.803
10.242
9.91741
10.7861
10.4839
9.90581
11.6323
11.9773
11.9585
11.7106
11.4821
11.4699
11.7195
11.442
11.0873
11.1822
10.8362
11.0932
11.4539
11.1661
11.4819
11.1065
11.158
10.8534
11.0989
11.4703
11.1787
11.6664
11.9856
12.0109
11.739
11.418
11.6936
11.5269
10.9714
11.0794
11.4823
11.4527
10.8393
11.1155
11.0259
11.4888
11.0973
10.8364
11.1654
11.4721
11.132
11.0402
10.4408
9.94526
10.8135
10.2913
10.4721
10.776
9.94971
9.96767
8.86863
9.49319
9.30638
9.91906
9.51206
9.30805
10.4596
10.7809
10.3172
9.98353
10.8165
10.429
9.97921
9.97465
10.7529
10.3593
10.3902
10.3056
10.7763
10.0306
9.90843
8.90572
9.50029
9.3353
9.95665
9.46245
9.33084
10.4045
10.3054
10.806
10.0103
10.7858
10.4347
9.99972
11.3549
11.3357
11.3458
11.3607
11.3187
11.3319
11.344
11.2768
11.2714
11.2909
11.276
11.2409
11.2781
11.2696
11.2893
11.255
11.2371
11.2537
11.2677
11.2552
11.2718
11.3348
11.347
11.3209
11.3267
11.3258
11.3609
11.3103
11.2458
11.1953
11.1683
11.1812
11.2143
11.1979
11.2218
11.2288
11.2502
11.2573
11.194
11.272
11.2159
11.2284
11.1641
11.2366
11.2035
11.1778
11.1891
11.2137
11.142
11.1319
11.0305
11.0293
11.0495
11.0997
11.0634
11.077
11.1557
11.1786
11.185
11.1067
11.2054
11.1384
11.1222
11.056
10.9994
11.099
11.099
11.1356
11.0138
11.0317
11.0302
10.9226
10.9977
11.0178
11.0708
10.9484
10.9877
11.0823
11.1837
11.119
11.0873
11.1402
11.1208
11.0588
11.2562
11.2865
11.2586
11.2022
11.2356
11.2972
11.2106
11.16
11.184
11.1489
11.0843
11.1534
11.2108
11.096
11.155
11.02
11.0998
11.0543
11.1313
11.1186
11.0669
11.1384
11.2189
11.2568
11.1706
11.234
11.1806
11.1359
10.9977
10.9233
10.8
10.8689
10.8663
10.9424
10.9718
11.0447
10.976
11.0637
10.9256
11.0921
10.9214
11.0224
10.9278
10.9594
11.0785
10.9966
10.9762
11.0271
10.9188
10.7983
10.6744
10.5835
10.7137
10.7285
10.6622
10.7712
10.8759
10.932
10.9516
10.8134
10.982
10.8095
10.865
10.5916
10.5477
10.6766
10.7409
10.7501
10.5041
10.6204
10.5688
10.4583
10.5027
10.6417
10.6518
10.4069
10.5758
10.6704
10.8788
10.8071
10.7534
10.8177
10.7443
10.6946
10.9036
11.0122
10.9913
10.8353
10.8955
11.0441
10.8384
10.8231
10.8635
10.7293
10.6732
10.8069
10.8846
10.6515
10.7521
10.4791
10.666
10.5921
10.7351
10.6771
10.5674
10.6889
10.8409
10.932
10.7625
10.8758
10.7665
10.693
10.4032
10.3144
10.0435
10.2168
10.1622
10.3062
10.4029
10.5058
10.3805
10.5822
10.3266
10.5942
10.2781
10.5002
10.3082
10.4577
10.5943
10.5196
10.4104
10.5067
10.3703
10.024
9.92282
9.65739
9.97937
9.88988
9.80527
10.0952
10.1964
10.3016
10.424
10.1609
10.4047
10.0781
10.264
9.64917
9.63656
9.78606
9.99291
9.92471
9.48575
9.77406
9.57335
9.482
9.4872
9.83883
9.73316
9.3086
9.70321
9.80257
10.1832
10.1175
10.0366
10.0611
9.94558
9.91493
10.2451
10.42
10.4217
10.1302
10.2356
10.5034
10.1423
10.0822
10.2037
9.91331
9.86939
10.102
10.1927
9.77895
9.95894
9.49007
9.85861
9.7333
9.97915
9.83913
9.6359
9.92345
10.1158
10.3289
10.0087
10.2391
10.0346
9.89503
9.43586
9.30001
8.85865
9.13144
9.02077
9.3002
9.43816
9.57686
9.33643
9.71797
9.29858
9.70542
9.18143
9.58764
8.46311
7.82507
8.09843
8.5197
8.63286
8.28458
8.82393
9.12332
9.47454
9.62952
9.59547
9.30792
9.47251
9.31993
8.92044
8.96692
9.12269
9.43639
9.29481
8.71447
9.13728
7.73143
7.48021
7.19754
7.75289
8.395
8.0031
8.18736
8.04268
8.15291
8.36473
8.7526
8.55123
7.81913
8.36117
8.27368
8.76468
8.93155
8.95174
8.74986
8.49161
8.58307
9.34417
9.54598
9.64984
9.14432
9.26317
9.74578
9.22593
9.01794
9.14554
8.69334
8.6452
9.00327
9.15516
8.53198
8.87049
8.20472
8.70574
8.47151
8.8456
8.73427
8.36774
9.01328
9.20468
9.55621
9.01561
9.47037
9.11995
8.90041
8.34538
8.13093
7.63448
7.86195
7.76772
8.23358
8.26508
8.47058
8.05286
8.55321
8.01537
8.59573
7.90446
8.41525
6.14815
5.26171
5.52917
6.37137
6.63393
6.13688
6.86316
7.36732
7.91141
8.16291
8.1782
7.58822
7.97508
7.70381
7.14352
7.27917
7.59449
7.97366
7.77642
6.93006
7.47266
5.41731
4.96375
4.72595
5.67508
6.37219
5.88618
6.15927
6.35313
6.56222
6.92758
7.2492
7.07471
6.18227
6.71236
6.53025
7.06992
7.40752
7.42931
7.24106
6.72617
6.89454
8.59406
8.62093
9.0819
8.18
8.29257
9.12799
8.53552
8.02935
7.98489
7.5167
7.46166
7.85574
8.1249
7.40464
7.94191
7.2161
7.58846
7.32812
7.71514
7.86735
7.30669
8.4403
8.34461
9.03679
8.06452
9.00186
8.48507
7.96753
7.70854
7.11619
6.96382
6.84717
7.01142
7.66894
7.21656
7.75124
7.13957
7.45451
6.97096
7.80269
7.06592
7.33774
5.89552
6.40659
6.78451
6.78518
6.0353
6.66058
6.28003
4.86488
4.66132
3.80656
5.16771
4.75704
3.89197
5.28819
5.78013
6.44564
6.63442
6.03269
6.54253
5.67168
6.14482
5.44385
5.57343
6.15652
6.13255
6.21808
5.3803
5.6785
4.58827
4.40265
3.74688
5.04886
4.671
3.69149
4.9525
5.49929
6.35852
6.25474
5.90699
6.27831
5.58711
5.79617
8.3164
8.11146
8.85168
7.6028
7.62905
8.88513
8.30549
7.61899
7.02164
6.93678
6.51664
6.9481
7.64041
6.91106
7.60593
6.89487
6.828
6.40886
6.88206
7.5847
6.90077
8.30375
8.11214
8.87785
7.60606
8.82478
8.32081
7.60726
7.59906
6.79391
6.88248
6.2173
6.89604
7.56056
6.79265
7.55768
6.8927
6.78902
6.22582
7.57619
6.88933
6.77366
5.31488
5.46239
6.1131
5.81296
5.34784
6.08405
5.36823
4.37755
4.02642
3.61494
4.41511
4.36796
3.62491
4.49352
5.30142
6.07359
5.69885
5.16182
6.06902
5.29631
5.25823
5.3317
4.89979
6.11028
5.4326
6.1022
5.36785
4.92895
4.41175
3.78722
3.63601
4.33284
4.39254
3.63104
4.27203
5.32169
6.07805
5.46368
5.05252
6.08677
5.30922
4.99011
8.15342
8.77189
8.79696
8.21585
7.67834
7.6854
8.19841
7.58158
6.82568
6.89494
6.22621
6.83887
7.60553
6.89034
7.58781
6.88787
6.91307
6.25869
6.85877
7.6186
6.89492
8.0168
8.70639
8.66818
8.09774
7.70961
8.11914
7.64796
6.79468
6.83724
7.41327
7.52864
6.38643
6.88895
6.83967
7.54664
6.89767
6.36393
6.90479
7.57147
6.90341
6.87885
5.4277
4.85038
6.13501
5.42969
5.38419
6.1698
4.83739
4.60767
3.50427
3.9271
4.04241
4.64028
3.86944
4.04535
5.45814
6.18065
5.44607
4.86393
6.1853
5.49963
4.83774
5.00185
6.16716
5.54414
5.56907
5.52445
6.21524
4.98266
4.73074
3.51644
3.99247
4.08443
4.73294
4.02717
4.09668
5.53075
5.49112
6.19597
4.91484
6.16318
5.55627
4.93052
11.1833
11.2008
11.187
11.1917
11.1655
11.1025
11.2048
11.1744
11.204
11.1866
11.1773
11.1375
11.1632
11.1886
11.1806
11.1459
11.1386
11.1705
11.1464
11.1698
11.2006
11.1584
11.1898
11.1916
11.1925
11.1447
11.2024
11.1421
11.1722
11.1137
11.1201
11.1199
11.1665
11.1414
11.128
11.1513
11.1412
11.191
11.1233
11.1772
11.1488
11.1343
11.1419
11.1736
11.1883
11.1611
11.1362
11.1571
11.1183
11.1568
11.107
11.0788
11.0936
11.1133
11.1259
11.114
11.1746
11.1378
11.1388
11.114
11.171
11.131
11.1332
11.1182
11.0653
11.1008
11.0949
11.1475
11.0636
11.09
11.0906
11.0586
11.093
11.0912
11.1405
11.0478
11.0697
11.0993
11.1619
11.0975
11.1146
11.1204
11.15
11.0938
11.135
11.1567
11.1791
11.1474
11.0814
11.1038
11.1188
11.135
11.1091
11.1328
11.074
11.0967
11.157
11.0845
11.1393
11.0714
11.0498
11.0608
11.0873
11.122
11.0857
11.0945
11.1512
11.1315
11.081
11.0629
11.1007
11.0495
11.0579
10.9717
10.9435
10.9585
10.9886
11.019
10.9955
11.0782
11.0452
11.0421
10.9923
11.1087
11.0094
11.0217
11.0265
11.0555
11.1242
11.0474
11.0739
11.0779
11.0279
11.0348
10.9607
10.8956
10.9714
10.9918
10.9389
10.9976
11.019
11.0552
11.0374
10.9802
11.0891
10.9734
11.0056
10.8894
10.8635
10.9485
10.9395
10.9877
10.8397
10.8959
10.9263
10.8737
10.8768
10.941
10.974
10.8273
10.9123
10.9132
11.0444
10.9719
10.9551
11.0074
10.9561
10.9298
10.94
10.9852
10.9951
10.892
10.9258
11.0352
10.8925
10.9551
10.9467
10.9062
10.8624
10.9192
10.9966
10.8593
10.922
10.761
10.8476
10.8222
10.8832
10.8712
10.8197
10.7963
10.8732
10.9622
10.847
10.9173
10.8544
10.8031
10.7161
10.6394
10.5126
10.6287
10.5932
10.6424
10.695
10.7692
10.7157
10.8007
10.6835
10.83
10.6431
10.7548
10.7544
10.8226
10.9139
10.8324
10.8107
10.8589
10.7852
10.7081
10.6623
10.5349
10.6721
10.6428
10.5999
10.7143
10.707
10.7526
10.79
10.6964
10.8162
10.6451
10.7361
10.4553
10.4529
10.4951
10.5862
10.5719
10.3788
10.5195
10.5141
10.5019
10.4784
10.6149
10.5841
10.4091
10.5617
10.5194
10.7075
10.6499
10.6396
10.6364
10.5888
10.5868
10.4538
10.5856
10.5072
10.421
10.492
10.5952
10.3598
10.4941
10.5735
10.4412
10.4205
10.5066
10.5817
10.3499
10.4076
10.1568
10.3459
10.3365
10.4259
10.3037
10.2619
10.159
10.35
10.4162
10.3309
10.3145
10.268
10.2449
9.9472
9.93076
9.66605
9.92468
9.79864
9.81647
10.0404
10.0796
10.0497
10.2484
10.0485
10.1957
9.93327
10.1561
10.214
10.3689
10.4203
10.3707
10.3042
10.3287
10.2887
10.1162
10.0932
9.92481
10.0721
10.0117
10.0348
10.1705
10.1229
10.1273
10.2852
10.1016
10.2343
10.0163
10.1996
9.65019
9.62786
9.6219
9.86708
9.75344
9.52123
9.75444
9.79203
9.76148
9.82826
9.96636
9.89916
9.7277
9.86601
9.79143
10.0124
9.9905
9.99169
9.89561
9.90524
9.88497
9.44465
9.77208
9.48926
9.44136
9.59897
9.65127
9.27191
9.50822
9.79178
9.50283
9.50771
9.65863
9.65894
9.34879
9.32052
8.96852
9.32833
9.3241
9.49016
9.14419
9.15107
8.46897
7.94516
8.17787
8.42486
8.42976
8.19541
8.69459
8.85549
9.29593
9.29306
9.24741
9.10163
9.0614
9.0584
8.70909
8.69742
8.72628
9.12648
8.91761
8.50847
8.93237
9.04256
8.81784
8.95351
9.03313
9.02114
8.89366
9.21939
9.20199
9.47052
9.45326
9.46222
9.35055
9.30269
9.31727
8.9977
8.94169
8.92756
9.28723
9.10393
8.81536
9.12323
7.92429
7.9288
7.80762
8.05118
8.41285
8.20325
8.18347
8.33879
8.6141
8.42092
8.47144
8.86796
8.65649
8.70568
8.32893
8.72221
8.68926
8.69557
8.48322
8.59234
8.5085
1.75406
-0.764834
0.596134
0.521833
0.750363
1.72805
-0.728373
1.58181
3.66159
2.73449
2.84177
2.86252
2.81182
1.561
0.488462
0.847911
-0.666589
1.73461
1.72137
0.462975
-0.710289
1.57938
3.44148
2.68507
2.81332
2.64002
1.56505
2.79096
0.548
1.78535
-0.257914
1.13242
-0.345975
0.594684
1.77809
0.487151
-0.58022
1.74625
1.0736
0.470989
-0.481724
1.76349
-0.889815
-1.12253
-1.64582
-1.70666
-0.117115
-1.22283
-0.600562
-0.948728
-1.44862
-1.43933
-1.27683
-0.692919
-1.34661
-0.767011
-1.71664
-0.0711159
-0.35988
-1.22108
-1.20959
-1.74785
-0.504458
-0.729206
-1.4631
-1.44471
-1.44411
-0.601784
-1.44912
-0.589932
-1.41138
-0.0288214
-0.919155
0.32804
-1.04271
-1.29528
-0.108957
-1.53076
-0.302677
-1.19272
0.23916
-1.14314
-1.60612
-0.196525
1.8316
3.19565
2.68033
2.63164
2.65373
2.65212
1.89194
0.756808
1.80953
-0.103016
1.26733
1.82753
0.683269
0.00970958
0.863403
0.267938
1.84976
1.30176
1.83688
0.94632
0.149139
2.02835
3.06432
2.72184
2.59557
2.75026
1.95686
2.57835
1.25204
1.86297
0.738429
1.40096
0.636177
1.31935
1.86559
1.13807
0.402681
1.85353
1.38447
1.0586
0.514747
1.86103
-1.06671
0.0527409
-0.802574
0.556407
-1.19425
-0.667599
0.131629
-1.15945
-0.438001
-1.23764
-0.109208
-1.02857
-1.3654
-0.188259
-0.943478
-0.382895
0.625277
0.28068
-0.515686
-0.801247
0.208714
-0.404714
0.526514
0.128491
0.844665
0.0150749
-0.271882
0.473526
-0.797554
-0.233047
-1.19571
-0.0324495
-0.943809
-1.05224
0.0354645
-0.53445
-0.238809
0.797177
0.348192
-0.116334
-0.679067
0.411022
2.32477
2.84884
3.10772
2.37729
2.41291
3.02414
2.40786
1.47949
1.85092
0.838935
1.44013
1.85292
1.40254
0.922982
1.57152
1.1097
1.83793
1.44888
1.84399
1.64271
1.02602
2.57411
2.81925
3.18944
2.35344
3.2482
2.50253
2.34635
1.92438
1.84681
1.44878
1.46681
1.38367
2.00594
1.82825
1.8191
1.21707
1.82898
1.45704
1.74243
1.29343
1.82479
-0.0498311
0.575703
0.252009
0.96402
-0.162989
0.34822
0.61881
-0.30282
0.0631648
-0.454883
0.35583
-0.207322
-0.56433
0.311734
0.0558972
0.537444
0.99451
0.691564
0.455123
0.156697
0.657539
0.414496
0.761841
0.87812
1.0333
0.794588
0.480974
0.749899
-0.0372124
0.194118
-0.371818
0.388765
-0.123079
-0.283706
0.420664
0.337587
0.636006
1.03153
0.715427
0.705445
0.252724
0.74115
3.02508
3.57151
3.51944
2.88487
2.57882
2.54073
2.93661
2.1762
1.8689
1.52127
1.5235
1.89328
2.09766
1.61388
2.23654
1.96109
1.79343
1.53264
1.91738
2.32429
1.69244
3.07416
3.5468
3.58195
3.01366
2.61853
2.95908
2.65575
2.39624
2.00229
1.98966
1.68063
2.00922
2.3761
2.01222
2.3882
1.98613
1.8606
1.62458
2.35507
1.93486
1.99644
0.637922
0.775147
0.958819
1.07739
0.560256
1.03921
0.79174
0.320465
0.289532
0.102687
0.499151
0.383397
0.0485752
0.489149
0.700383
1.20011
1.08215
0.809298
1.11097
0.782745
0.79891
1.01656
0.862672
1.36422
1.13514
1.3726
1.06544
0.853012
0.493184
0.315523
0.145713
0.499129
0.447451
0.203345
0.499832
0.936245
1.2635
1.09625
0.811342
1.30105
0.86375
0.823456
2.57069
3.16628
3.27812
2.85993
2.77642
2.70687
2.79102
2.35107
2.00362
2.02796
1.73683
1.95254
2.40221
1.98308
2.3418
1.82431
1.90202
1.74385
1.89166
2.26611
1.97836
2.04431
3.02962
2.98243
2.66818
2.70607
2.6462
3.19638
0.962984
1.51973
1.8676
1.93351
1.71763
1.63377
1.16052
2.11404
1.67912
1.67658
1.84508
2.15817
1.74867
1.42798
1.1022
0.900233
1.43852
1.14962
1.12615
1.40427
0.900104
0.709398
0.331343
0.384544
0.50271
0.6965
0.376955
0.526212
1.12867
1.38839
1.14476
0.905843
1.4405
1.0848
0.922971
0.742626
1.09712
0.807644
0.872718
0.810603
1.18676
0.869693
0.672166
0.320251
0.358644
0.469459
0.667732
0.368921
0.436317
1.00647
0.92095
1.35874
0.895303
1.31463
1.03535
0.85905
11.1146
11.0296
11.1221
11.0662
11.0582
10.9593
11.0649
11.0986
11.0886
11.0549
11.0711
11.1341
11.026
11.0918
11.0961
11.0373
11.0653
11.0791
11.1219
11.0076
11.0875
10.9693
11.0496
11.0449
11.0638
11.0492
11.0074
10.9864
11.0562
11.1038
11.0444
11.067
11.0231
11.0291
11.0058
10.9899
10.87
10.9748
10.9104
10.967
11.0079
11.0117
10.9576
11.0395
10.9944
11.048
10.9197
11.0253
10.9245
11.0546
11.0647
11.0711
10.9618
11.0303
11.0419
10.9617
10.9925
10.8129
11.0121
10.9258
10.8579
11.0269
10.9274
11.0027
11.0531
11.0087
11.0344
10.8889
11.0248
10.8423
10.9315
10.901
10.975
10.9457
10.8043
10.9458
10.8867
10.9451
10.8195
10.989
10.923
10.7789
10.9733
10.8526
10.9969
10.9951
10.9884
10.9562
10.8913
10.9707
10.8657
10.9523
10.9184
10.8887
10.9136
10.9609
10.8216
10.9185
10.966
10.8582
10.9113
10.944
10.9571
10.8155
10.8898
10.7522
10.8945
10.881
10.9107
10.8548
10.7964
10.7481
10.8642
10.8968
10.8529
10.8493
10.7928
10.8296
10.7448
10.7476
10.6065
10.7443
10.6584
10.6892
10.7836
10.7758
10.7285
10.8559
10.7865
10.824
10.6835
10.825
10.7529
10.9051
10.8911
10.9112
10.7901
10.8453
10.8841
10.7559
10.835
10.6451
10.8405
10.7241
10.6734
10.8656
10.7369
10.78
10.8816
10.8232
10.8238
10.6953
10.8533
10.607
10.6677
10.639
10.7498
10.6834
10.5649
10.7141
10.6636
10.7382
10.6262
10.8089
10.7045
10.593
10.7744
10.6268
10.752
10.7912
10.7871
10.7103
10.6724
10.751
10.5216
10.6502
10.5469
10.5609
10.6193
10.6169
10.4532
10.5891
10.71
10.5749
10.6174
10.6647
10.6511
10.516
10.5424
10.4163
10.576
10.5744
10.6231
10.478
10.4771
10.3289
10.4923
10.4865
10.4962
10.4178
10.3986
10.4337
10.2854
10.3278
10.1683
10.355
10.2349
10.2176
10.3974
10.3533
10.3626
10.5256
10.4154
10.4218
10.303
10.4689
10.5316
10.4063
10.465
10.4937
10.5239
10.4309
10.5743
10.494
10.633
10.6065
10.6236
10.5578
10.5501
10.5752
10.4777
10.4731
10.4542
10.5865
10.5111
10.4137
10.5349
10.3329
10.3797
10.3336
10.36
10.4857
10.3982
10.4414
10.2588
10.2396
10.2295
10.3927
10.2814
10.1988
10.2968
10.33
10.418
10.3998
10.4451
10.3511
10.3741
10.3615
9.97038
10.1062
9.93323
9.93909
10.0418
10.0442
9.88424
10.0823
10.2605
10.0867
10.1028
10.1886
10.1488
10.0335
9.99688
9.88829
10.0266
10.0092
10.1086
9.93335
9.9461
9.71138
9.53176
9.58893
9.66634
9.56672
9.62551
9.77197
9.69727
9.81195
9.8403
9.82874
9.74256
9.79976
9.71319
9.76392
9.693
9.78154
9.95922
9.84702
9.71042
9.83332
9.93547
10.0382
10.0483
10.1082
10.4399
10.1254
10.2303
10.0515
10.164
10.1478
10.2479
10.1294
10.0848
10.1118
9.97891
9.90024
9.96683
10.1405
10.0193
9.94138
9.99562
9.49621
9.62305
9.66515
9.73419
10.1281
9.81208
9.63576
9.8347
9.95986
9.94093
9.92911
10.0122
9.92406
10.1776
9.79236
9.94535
9.75342
9.89238
9.83694
9.84228
9.69228
-1.03419
-1.39605
-1.44425
-1.48046
-1.05094
-1.00702
-1.42754
-1.45622
-0.658465
-1.29773
-0.765413
-0.809495
-1.41131
-1.37922
-1.48173
-1.00349
-1.391
-0.940173
-0.950463
-1.44001
-1.41096
-1.26004
-0.486467
-1.27319
-0.712581
-1.14459
-1.37226
-0.656189
-1.31356
-0.701933
-1.19568
-0.827421
-1.28666
-1.20651
-0.767084
-1.33947
-1.37804
-0.871588
-0.879838
-1.41118
-1.31214
-0.826963
-1.11873
-1.41938
-1.36196
-1.35794
-1.14064
-1.42862
-1.10051
-1.06307
-1.25855
-1.26173
-1.35107
-1.02946
-1.36918
-1.09239
-1.35303
-1.0518
-1.03791
-1.4417
-1.42704
-1.345
-1.05168
-0.938482
-1.22358
-1.23332
-1.34832
-1.05533
-1.33416
-0.972334
-1.25053
-0.872145
-1.29398
-0.93627
-1.34317
-1.22191
-0.918176
-1.296
-1.00866
-1.40673
-0.962719
-1.39576
-1.31759
-0.968155
-0.896115
-0.183994
-0.652293
-0.294813
-0.352522
-0.753316
-0.795037
-1.06498
-0.642683
-1.16822
-0.655815
-0.57956
-1.18318
-1.08024
-1.02592
-0.949733
-0.461833
-0.602322
-0.522096
-0.922806
-1.0399
-0.639416
-0.0406452
-0.583938
-0.245505
-0.503977
-0.725239
-0.196978
-0.704207
-0.263185
-0.680001
-0.389286
-0.751072
-0.624575
-0.31099
-0.771517
-0.892031
-0.407384
-0.438302
-0.854866
-0.799601
-0.35532
-0.726975
-0.959316
-1.00993
-1.14472
-0.721462
-1.10271
-0.762157
-1.111
-0.828189
-1.2486
-0.757951
-1.17107
-1.17882
-0.774343
-1.06639
-0.667335
-1.02533
-0.692267
-1.11596
-0.990001
-0.71596
-0.581811
-0.908559
-0.845511
-0.985194
-0.666075
-1.05586
-0.615977
-0.827897
-0.464444
-0.780083
-0.481825
-0.859496
-0.750082
-0.511745
-0.863558
-0.612711
-0.985418
-0.533224
-0.896202
-0.95349
-0.563588
-0.342235
0.0847298
-0.138319
-0.0121
-0.0355825
-0.196375
-0.294207
-0.52187
-0.225901
-0.638039
-0.260081
-0.184011
-0.574676
-0.575281
-0.473422
-0.481606
-0.125451
-0.228024
-0.155613
-0.422358
-0.528313
-0.212043
0.118638
-0.0941825
-0.0120869
-0.0516673
-0.262539
0.00559328
-0.315999
-0.0971036
-0.358113
-0.149892
-0.368716
-0.282814
-0.106106
-0.35229
-0.435541
-0.118311
-0.156445
-0.388855
-0.399655
-0.100818
-0.656665
-0.416684
-0.739902
-0.344739
-0.712799
-0.680661
-0.371624
-0.68041
-0.348806
-0.537992
-0.330329
-0.635994
-0.583072
-0.371416
-0.59866
-0.583687
-0.307375
-0.29399
-0.625665
-0.555908
-0.331411
-0.423201
-0.183752
-0.426517
-0.198475
-0.446814
-0.396123
-0.208468
-0.532301
-0.231821
-0.477255
-0.292186
-0.568446
-0.437181
-0.257082
-0.469083
-0.531515
-0.219031
-0.26241
-0.503106
-0.502851
-0.231594
-0.07455
0.116374
0.131858
0.00957915
0.00488011
0.104075
-0.0410136
-0.234029
-0.101991
-0.332085
-0.127252
-0.0899824
-0.259177
-0.308355
-0.216411
-0.277113
-0.0938282
-0.128789
-0.0931117
-0.185572
-0.301739
0.00948291
0.0345224
0.124287
-0.0107231
0.10464
-0.0307736
-0.0285179
-0.150986
-0.20045
-0.258415
-0.165432
-0.253692
-0.180227
-0.155158
-0.159052
-0.269966
-0.116987
-0.159871
-0.177252
-0.245635
-0.143873
-0.356916
-0.175066
-0.397977
-0.162112
-0.375694
-0.371517
-0.155393
-0.358621
-0.0796583
-0.255709
-0.117147
-0.353177
-0.260411
-0.130776
-0.338007
-0.332044
-0.158272
-0.13434
-0.34921
-0.326822
-0.146559
-0.302543
-0.14673
-0.292735
-0.177875
-0.291865
-0.300529
-0.13761
-0.319864
-0.0286293
-0.232635
-0.10654
-0.321146
-0.234187
-0.096107
-0.310071
-0.313758
-0.170295
-0.133508
-0.300667
-0.317268
-0.132738
-0.418112
-0.407394
-0.281285
-0.301331
-0.353287
-0.269383
-0.385827
-0.25328
-0.230613
-0.294096
-0.248611
-0.29488
-0.203001
-0.316252
-0.333754
-0.437262
-0.420923
-0.292767
-0.366911
-0.377228
-0.392607
-1.0674
-0.647431
-0.837375
-0.689167
-0.400553
-0.586823
-0.569584
-0.824543
-0.76659
-0.761559
-0.483452
-0.706232
-0.937879
-0.755527
-0.627352
-0.543798
-0.525566
-0.413206
-0.528332
-0.57233
-0.626978
-0.316883
-0.154446
-0.303977
-0.234984
-0.310429
-0.316362
-0.164367
-0.271667
0.00536437
-0.218495
-0.0952301
-0.276309
-0.214884
-0.0985003
-0.347888
-0.37761
-0.269194
-0.192754
-0.355416
-0.359251
-0.185165
-0.50223
-0.311423
-0.622875
-0.444722
-0.577409
-0.51735
-0.268514
-0.302896
0.0219549
-0.230392
-0.108816
-0.293604
-0.233884
-0.105003
-0.429561
-0.448017
-0.377814
-0.220367
-0.483012
-0.412513
-0.230845
-3.02637
-2.96844
-2.95269
-1.50671
-1.05371
-0.905976
-1.43427
-1.26886
-0.901643
-0.922545
-0.751722
-0.946917
-1.23091
-0.920559
-1.51314
-1.46167
-1.02726
-0.978173
-1.38534
-1.50782
-1.04731
-3.06098
-4.26034
-3.25932
-1.57455
-1.85401
-1.74567
-1.85837
-1.58306
-1.87815
-1.12978
-1.34318
-1.09725
-1.52168
-1.74503
-1.62572
-1.85569
-1.12941
-1.30611
-1.73102
-1.08983
-1.7337
-0.566793
-0.400732
-0.729598
-0.734885
-0.577735
-0.733025
-0.456778
-0.368458
-0.0798292
-0.230124
-0.340295
-0.346912
-0.255834
-0.311556
-0.624048
-0.830021
-0.894419
-0.60707
-0.831052
-0.606824
-0.554281
-0.650747
-0.739527
-0.918335
-1.12074
-0.919056
-0.669162
-0.721034
-0.367681
-0.115873
-0.261275
-0.380392
-0.383716
-0.24321
-0.395318
-0.632598
-0.913124
-1.1109
-0.683577
-0.900994
-0.656333
-0.714746
-2.07261
-1.88111
-1.80753
-1.55347
-1.66995
-1.56972
-1.52469
-1.39048
-1.69467
-1.09382
-1.36549
-1.71444
-1.40822
-1.12216
-1.28361
-1.52914
-1.09805
-1.29446
-1.64059
-1.31802
-1.06197
-1.40639
-1.75398
-1.75366
-1.36202
-1.65651
-1.36781
-1.61357
-1.17582
-1.08716
-1.03746
-1.07978
-0.984713
-1.21703
-1.14724
-1.28041
-1.38127
-1.02329
-1.14598
-1.23119
-1.06708
-1.26214
-0.681702
-0.716338
-0.89971
-1.0721
-0.663366
-0.899539
-0.719869
-0.405685
-0.0823266
-0.273143
-0.355202
-0.409417
-0.285895
-0.353627
-0.664214
-0.881215
-1.00379
-0.675658
-0.866643
-0.684177
-0.680479
-0.64688
-0.592635
-0.860285
-0.791488
-0.822078
-0.672446
-0.59419
-0.418683
-0.0815773
-0.282805
-0.323866
-0.409997
-0.272663
-0.327603
-0.680678
-0.843143
-0.851898
-0.636071
-0.8716
-0.659215
-0.632342
-1.12627
-1.25037
-1.19154
-1.11164
-0.996706
-1.05001
-1.14289
-1.15627
-1.0261
-0.954928
-0.935942
-1.02052
-1.10413
-1.01401
-1.06538
-0.955468
-0.97845
-0.870781
-0.974772
-1.13207
-0.922579
-0.934651
-1.1692
-1.19593
-1.039
-0.914918
-1.01645
-0.889179
-0.986059
-0.695763
-0.86487
-0.710147
-0.816599
-1.00783
-0.733459
-1.08854
-0.876221
-0.8734
-0.762429
-1.04104
-0.928605
-0.822031
-0.663183
-0.556711
-0.80087
-0.717112
-0.632381
-0.84968
-0.556787
-0.42374
-0.0702925
-0.268599
-0.294406
-0.455532
-0.262156
-0.280215
-0.61527
-0.841437
-0.679735
-0.522065
-0.782455
-0.650288
-0.521452
-0.563854
-0.455594
-0.799322
-0.569141
-0.740304
-0.602193
-0.456277
-0.46839
-0.0941949
-0.254863
-0.274704
-0.430339
-0.267187
-0.286781
-0.629982
-0.765602
-0.615664
-0.48815
-0.827182
-0.592364
-0.488975
-0.601226
-0.72207
-0.757783
-0.781328
-0.596236
-0.625539
-0.775284
-0.90762
-0.637541
-0.75223
-0.606839
-0.619062
-0.902729
-0.788342
-0.808367
-0.55512
-0.714305
-0.556114
-0.573633
-0.80487
-0.689136
-0.511667
-0.654881
-0.636666
-0.715469
-0.555658
-0.713913
-0.537455
-0.617007
-0.441609
-0.597132
-0.450924
-0.586494
-0.611521
-0.458929
-0.702674
-0.514983
-0.633093
-0.485673
-0.709239
-0.651769
-0.495353
-0.569007
-0.421844
-0.704949
-0.504192
-0.531416
-0.755209
-0.418349
-0.42021
-0.0833742
-0.253623
-0.242159
-0.46169
-0.230265
-0.237479
-0.500643
-0.698268
-0.465963
-0.379583
-0.65855
-0.533141
-0.385103
-0.440033
-0.302822
-0.57536
-0.372989
-0.552103
-0.459331
-0.311163
-0.441784
-0.0834549
-0.222199
-0.218069
-0.404167
-0.244793
-0.219313
-0.496236
-0.606028
-0.406688
-0.34804
-0.636666
-0.46986
-0.340197
-0.388121
-0.47164
-0.48986
-0.561247
-0.397309
-0.415561
-0.551598
-0.533579
-0.412692
-0.547298
-0.384974
-0.396387
-0.541382
-0.548204
-0.477512
-0.348509
-0.502668
-0.35907
-0.367471
-0.466178
-0.511521
-0.325019
-0.444018
-0.423696
-0.498735
-0.372284
-0.513489
-0.354208
-0.373421
-0.264123
-0.416135
-0.288502
-0.44149
-0.354414
-0.281323
-0.408161
-0.322443
-0.477457
-0.30974
-0.422991
-0.459744
-0.304077
-0.42128
-0.276157
-0.499095
-0.317029
-0.410391
-0.513981
-0.267328
-0.330661
-0.0412843
-0.205186
-0.13413
-0.347568
-0.194351
-0.139895
-0.381862
-0.452128
-0.287643
-0.23427
-0.445891
-0.384604
-0.243624
-0.330483
-0.16877
-0.331419
-0.210597
-0.341424
-0.315497
-0.181611
-0.307916
-0.0255287
-0.184088
-0.112599
-0.299784
-0.189279
-0.107233
-0.349287
-0.39276
-0.231028
-0.212822
-0.390789
-0.35515
-0.201821
-0.22276
-0.287782
-0.312415
-0.379117
-0.235407
-0.251795
-0.357745
-0.310028
-0.244406
-0.403811
-0.236287
-0.227878
-0.328332
-0.373115
-0.29105
-0.193593
-0.332507
-0.220472
-0.20969
-0.271208
-0.367858
-0.170915
-0.272289
-0.249509
-0.315817
-0.216687
-0.337095
-0.201422
-0.22663
-0.129939
-0.274754
-0.165215
-0.319363
-0.201707
-0.145107
-0.234935
-0.17719
-0.339069
-0.176943
-0.257529
-0.30184
-0.161125
-0.284308
-0.152281
-0.294563
-0.172015
-0.307756
-0.278668
-0.142569
-0.196574
0.00795338
-0.136666
-0.0382417
-0.182564
-0.147806
-0.0463578
-0.285799
-0.232219
-0.154251
-0.124808
-0.254586
-0.253636
-0.132109
-0.24095
-0.0827941
-0.148115
-0.0974425
-0.183271
-0.194804
-0.0947143
-0.142611
0.0163213
-0.133255
-0.0263006
-0.162312
-0.118527
-0.0202606
-0.224614
-0.219152
-0.111813
-0.115375
-0.189577
-0.263512
-0.105248
-0.0924633
-0.159301
-0.177265
-0.236433
-0.115555
-0.125796
-0.215632
-0.170939
-0.116432
-0.296292
-0.124566
-0.103415
-0.197551
-0.245566
-0.170931
-0.0796178
-0.21709
-0.114024
-0.0909055
-0.143068
-0.273075
-0.0645999
-0.150097
-0.137015
-0.186908
-0.102698
-0.206919
-0.0964132
-0.0499581
-0.164936
-0.103715
-0.122786
-0.0743219
-0.224756
-0.0515443
-0.120511
-0.0698935
-0.0827778
-0.251195
-0.1452
-0.191374
-0.0625156
-0.166089
-0.073195
-0.15002
-0.0600897
-0.21553
-0.113882
-0.0610214
-0.0777062
0.0353048
-0.0629853
0.0171566
-0.045484
-0.0880655
0.0114998
-0.196021
-0.0853556
-0.0490922
-0.0411162
-0.126376
-0.139169
-0.0524754
-0.0194379
-0.0527765
-0.128384
-0.198473
-0.0175187
-0.108885
-0.0266145
-0.0270837
0.0355275
-0.0727342
0.019844
-0.0607197
-0.0497935
0.0241441
-0.128134
-0.0231198
-0.11081
-0.0375796
-0.0659764
-0.186315
-0.0283642
11.0049
10.7321
10.8391
10.9332
10.7641
10.668
10.7878
10.9982
10.8536
10.9493
10.9625
10.8926
10.7521
10.8147
10.9938
10.7435
10.9528
10.9841
10.8442
10.721
10.8191
10.7038
10.9605
10.9407
10.9725
10.7872
10.7295
10.7293
10.9524
10.8496
10.9359
10.8159
10.7563
10.9191
10.763
10.8935
10.6779
10.8761
10.6934
10.7416
10.9098
10.7667
10.7036
10.9422
10.893
10.7834
10.6852
10.9281
10.6756
10.9293
10.7704
10.956
10.6826
10.7575
10.9216
10.7323
10.8946
10.6485
10.919
10.7409
10.6517
10.929
10.69
10.7507
10.9459
10.8929
10.7671
10.6766
10.9091
10.6982
10.8408
10.7183
10.9121
10.7341
10.6658
10.8713
10.729
10.8482
10.6811
10.9188
10.7728
10.6587
10.9012
10.6714
10.7547
10.9214
10.8928
10.7318
10.7072
10.8711
10.636
10.8469
10.678
10.8004
10.8311
10.6986
10.6125
10.705
10.885
10.6934
10.8108
10.8664
10.7302
10.6628
10.6828
10.6464
10.85
10.7899
10.8544
10.6678
10.6606
10.7327
10.5451
10.6038
10.6118
10.6598
10.5466
10.7645
10.5778
10.7669
10.6592
10.7575
10.6416
10.5902
10.7256
10.6205
10.711
10.6189
10.83
10.6449
10.5781
10.7941
10.7292
10.6653
10.6768
10.722
10.8594
10.704
10.9021
10.6621
10.8302
10.7299
10.8533
10.6913
10.6953
10.794
10.6748
10.729
10.6793
10.8428
10.6949
10.6554
10.7663
10.5484
10.6214
10.5985
10.5975
10.8133
10.6241
10.6057
10.5195
10.6581
10.6474
10.7174
10.8845
10.7038
10.921
10.6349
10.8655
10.683
10.6631
10.6534
10.647
10.6633
-0.360104
-0.498631
-0.689031
-0.644226
-0.224395
-0.318358
-0.45496
-0.504507
-0.349407
-0.601965
-0.245384
-0.289144
-0.650263
-0.453845
-0.574322
-0.173545
-0.352702
-0.220493
-0.266269
-0.53364
-0.399228
-0.363583
-0.223101
-0.536136
-0.199406
-0.495468
-0.407923
-0.157434
-0.381913
-0.0405761
-0.149412
0.0138077
-0.190852
-0.344507
-0.0790974
-0.436199
-0.296062
-0.170486
-0.036222
-0.476152
-0.246107
-0.12714
-0.131328
-0.539852
-0.349413
-0.310207
-0.190491
-0.525818
-0.0820985
0.126782
-0.0483077
-0.0743874
-0.26588
0.058341
-0.251309
0.0142712
-0.243252
-0.145935
0.0176651
-0.419755
-0.443691
-0.206376
-0.0246761
0.274485
0.0382546
0.0697021
-0.162551
0.115414
-0.190097
0.149346
-0.0170565
0.205971
-0.241856
0.0570237
-0.278936
0.0241797
0.166606
-0.0857833
0.0713618
-0.360333
0.00391465
-0.338634
-0.13147
0.1129
-0.158166
-0.0447012
-0.283715
0.0632327
0.0323197
-0.298984
-0.14187
-0.264835
0.00409173
-0.0968008
0.138514
0.0422416
-0.291604
-0.070016
-0.199016
0.0158743
0.116982
0.180756
0.0814573
-0.179038
-0.00532146
-0.0876378
0.0284292
-0.234562
0.0914254
-0.228144
-0.0958158
0.117064
-0.0508972
0.250913
0.137973
0.328647
0.131883
-0.0457307
0.2176
-0.104845
0.0711707
0.150679
0.291415
-0.115186
0.0810878
0.184193
0.119009
0.257889
-0.181692
0.184834
0.0876208
-0.138026
0.294192
0.0789919
0.513313
0.385196
0.438749
0.109615
0.357943
0.400649
0.172768
-0.0346121
0.232485
0.381553
-0.0618979
0.195339
0.344606
0.329085
0.551703
0.114698
0.399697
0.10618
0.338548
0.514854
0.207603
0.640845
0.448766
0.490317
0.172264
0.467252
0.528821
0.264214
0.0248278
0.357012
0.430497
0.0393833
0.251127
0.470847
-0.00489129
0.11136
-0.132023
0.246449
0.224566
-0.137447
-0.00601197
0.00693681
0.279476
0.185289
0.425917
0.308445
0.00379888
0.191765
0.0511287
0.242939
0.35949
0.45241
0.332136
0.0535958
0.234867
0.0123381
0.142949
-0.11588
0.258977
-0.11022
0.00860703
0.278124
0.141092
0.44705
0.321246
0.55224
0.30855
0.154214
0.420411
0.104405
0.275431
0.381028
0.534116
0.0976384
0.286586
0.405477
0.41041
0.5905
0.182478
0.510464
0.402335
0.191567
0.626728
0.456615
0.857489
0.699285
0.77987
0.467945
0.683593
0.742805
0.466443
0.265507
0.542755
0.697634
0.255382
0.475485
0.661982
0.581845
0.822766
0.39264
0.667334
0.38195
0.594614
0.79141
0.551389
0.96582
0.760843
0.815792
0.538856
0.77413
0.850647
0.537064
0.320593
0.63924
0.729088
0.332517
0.52607
0.762386
0.0668187
0.128042
-0.0295662
0.31948
0.307584
-0.0523895
0.0903115
0.201577
0.457024
0.344553
0.624274
0.477605
0.181519
0.357064
0.2247
0.39291
0.505668
0.636455
0.485224
0.245187
0.377036
0.0993797
0.131879
-0.041863
0.323001
-0.0289812
0.0802523
0.336113
0.281502
0.572537
0.441027
0.72086
0.425886
0.295731
0.556958
0.276048
0.404266
0.51754
0.701143
0.258461
0.420691
0.537837
0.643473
0.848601
0.435929
0.755123
0.628388
0.451293
0.882526
0.741917
1.14116
0.959676
1.05377
0.756449
0.943295
1.01875
0.673567
0.507407
0.775562
0.93823
0.491926
0.686608
0.905366
0.747933
1.04362
0.599425
0.878368
0.585492
0.759878
1.01515
0.812251
1.2361
0.997457
1.0789
0.801692
1.0128
1.11304
0.725253
0.542391
0.855236
0.959975
0.559604
0.713516
0.99209
0.100372
0.183909
-0.0359996
0.396321
0.395796
-0.045286
0.113893
0.314035
0.590618
0.444837
0.774463
0.60184
0.300204
0.460573
0.317399
0.477244
0.623441
0.788839
0.616897
0.32969
0.4627
0.11966
0.188105
-0.0425247
0.407478
-0.0363112
0.108812
0.403272
0.336161
0.634906
0.495825
0.819133
0.48759
0.340691
0.639595
0.338761
0.477277
0.633663
0.815069
0.329796
0.489673
0.634773
0.791716
1.06327
0.61909
0.947624
0.777299
0.632981
1.08675
0.941931
1.36357
1.13412
1.26398
0.953292
1.12569
1.23997
0.803953
0.660749
0.964673
1.1245
0.648176
0.816852
1.10416
0.837958
1.16803
0.692448
1.01004
0.68604
0.847086
1.1591
0.9862
1.42441
1.15373
1.27843
0.975526
1.16294
1.29704
0.835541
0.670628
1.00421
1.13729
0.681073
0.823718
1.1523
0.118828
0.179982
-0.0604245
0.371061
0.387959
-0.0498097
0.114352
0.334606
0.634321
0.491247
0.811939
0.624191
0.335201
0.494707
0.326376
0.486249
0.604124
0.805484
0.618691
0.320008
0.488074
0.103812
0.141517
-0.0617272
0.367336
-0.0780297
0.113564
0.348602
0.2867
0.54815
0.451454
0.7574
0.462879
0.271002
0.566802
0.297776
0.478151
0.594999
0.770541
0.309509
0.471119
0.577675
0.850832
1.16894
0.692375
1.01356
0.845568
0.693828
1.17174
1.02124
1.46434
1.19601
1.32817
1.02023
1.19515
1.32729
0.844988
0.68476
1.00754
1.16421
0.688746
0.845438
1.16686
0.81884
1.11966
0.638746
0.963559
0.652613
0.810055
1.13169
1.00912
1.46173
1.19044
1.31979
1.01531
1.18713
1.31492
0.83122
0.67499
0.978385
1.15406
0.665594
0.835668
1.14631
0.0847681
0.110566
-0.13332
0.2814
0.297934
-0.110421
0.0659366
0.241633
0.536099
0.443854
0.707816
0.51676
0.260522
0.428631
0.232334
0.403493
0.485341
0.691314
0.504313
0.211726
0.421814
0.0540717
0.0884643
-0.12283
0.277797
-0.144322
0.0742935
0.263204
0.175683
0.425897
0.349526
0.617548
0.371567
0.154119
0.442921
0.182431
0.397367
0.472932
0.635171
0.203729
0.376806
0.454725
0.783248
1.10097
0.623527
0.912474
0.79588
0.605883
1.08507
0.94055
1.38911
1.11182
1.21597
0.922109
1.1267
1.23486
0.767954
0.568733
0.891632
1.04364
0.589344
0.751701
1.06284
0.69977
0.945593
0.486654
0.802911
0.511102
0.677675
0.969387
0.879394
1.32208
1.09154
1.18875
0.901198
1.07291
1.1662
0.716253
0.551492
0.826989
1.01851
0.528586
0.735701
0.996771
0.0445771
0.0936162
-0.144819
0.223742
0.233164
-0.134067
0.027711
0.129208
0.415003
0.345388
0.561388
0.399491
0.149033
0.323008
0.125901
0.297406
0.374893
0.543872
0.389164
0.108628
0.319512
0.0235795
0.0937509
-0.128255
0.222353
-0.134316
0.0375015
0.213858
0.091754
0.329372
0.250088
0.472479
0.269963
0.0808481
0.341815
0.0924623
0.294439
0.36498
0.489806
0.106968
0.272842
0.351615
0.637007
0.916465
0.469402
0.732316
0.66093
0.444645
0.891179
0.753724
1.16003
0.924258
0.982294
0.725574
0.951855
1.01247
0.620194
0.403638
0.706943
0.83434
0.427986
0.595032
0.860728
0.536496
0.71561
0.328132
0.608969
0.350363
0.510466
0.743568
0.669651
1.05108
0.896642
0.944728
0.698829
0.866815
0.912874
0.552541
0.388279
0.634665
0.802965
0.364606
0.578683
0.775647
0.0271768
0.105882
-0.0801858
0.184217
0.19156
-0.0879174
0.0228064
0.0736258
0.319436
0.247668
0.41933
0.307405
0.0812856
0.229745
0.0749292
0.21134
0.285148
0.401346
0.297059
0.070164
0.227509
0.0253584
0.105434
-0.0695072
0.179584
-0.0582576
0.0267834
0.172265
0.0710974
0.237502
0.181973
0.327583
0.192708
0.072218
0.250016
0.0698227
0.209102
0.274091
0.346875
0.0718724
0.195258
0.261987
0.469575
0.682884
0.314778
0.536449
0.494852
0.294654
0.654342
0.532446
0.83907
0.686882
0.690272
0.505148
0.718369
0.725483
0.454706
0.265198
0.510307
0.591968
0.28266
0.430734
0.621057
0.380771
0.463124
0.21852
0.408488
0.230276
0.360257
0.493529
0.45514
0.708462
0.659197
0.648244
0.48068
0.628351
0.612051
0.39435
0.254936
0.435995
0.557995
0.240031
0.416949
0.528314
0.0345445
0.0978876
0.00745562
0.130633
0.138722
-0.0100392
0.038677
0.0761642
0.22397
0.180581
0.269028
0.210557
0.0740818
0.170767
0.0774231
0.161298
0.182322
0.247376
0.196231
0.0816937
0.169042
0.113877
0.143641
0.0927135
0.0863841
0.152547
0.149581
0.129706
0.0422033
0.0848541
0.0109728
0.120173
0.0254973
0.0413097
0.110335
0.086681
0.180458
0.160878
0.164789
0.0834364
0.151877
0.149396
0.328609
0.426754
0.210055
0.329548
0.347942
0.200247
0.394966
0.343595
0.46323
0.46766
0.360788
0.325562
0.492811
0.401038
0.317264
0.186006
0.299366
0.324098
0.192563
0.300593
0.357121
0.165831
0.165127
0.250973
0.264267
0.173443
0.167402
0.201129
0.290835
0.307894
0.444831
0.309796
0.30641
0.421447
0.267417
0.274724
0.210647
0.180429
0.282398
0.174074
0.291535
0.24719
10.6888
10.9451
10.7219
10.8523
10.8517
10.7157
10.7053
10.6823
10.9276
10.7359
10.8351
10.7513
10.688
10.8078
0.517907
0.567226
0.298454
0.712254
0.672837
0.27394
0.543338
0.631873
0.700671
0.361431
0.764937
0.387236
0.614287
0.806731
0.878623
0.921598
0.677932
1.06443
1.0249
0.660363
0.89289
0.969682
1.04174
0.74243
1.11097
0.752052
0.953898
1.15175
1.18021
1.22777
0.981394
1.37364
1.33739
0.96721
1.19297
1.25752
1.32842
1.03629
1.40686
1.05084
1.24167
1.4409
1.41089
1.46474
1.21968
1.60462
1.57828
1.21234
1.42494
1.46516
1.53385
1.25484
1.62249
1.2638
1.45409
1.64595
1.53109
1.58739
1.33269
1.71651
1.70731
1.33347
1.53065
1.52994
1.59324
1.33782
1.71474
1.33245
1.53536
1.71874
1.48474
1.53154
1.26664
1.65178
1.66529
1.28401
1.46814
1.42931
1.46634
1.24743
1.62475
1.22629
1.44954
1.60524
1.29584
1.29617
1.06079
1.39785
1.4332
1.09166
1.26507
1.19632
1.17715
1.02691
1.34915
0.993594
1.23025
1.30964
1.00547
0.938477
0.777223
1.00304
1.05252
0.812369
0.967558
0.88885
0.788875
0.739606
0.941336
0.705336
0.926585
0.888793
0.694288
0.504958
0.504246
0.51332
0.5738
0.532109
0.660998
0.591854
0.325595
0.470136
0.436602
0.445635
0.622576
0.372968
12.0724
12.1071
12.1101
12.0798
12.0964
12.0935
12.0841
11.9803
11.9726
12.0332
12.0307
11.9968
12.0007
11.9654
11.9961
12.0599
12.0581
12.0458
11.9697
11.9575
12.0417
11.8979
11.857
11.8512
11.73
11.7985
11.7914
11.7365
11.8378
11.644
11.8651
11.7475
11.7173
11.8149
11.6766
11.4828
11.774
11.6592
11.7647
11.5799
11.7347
11.5499
11.5926
11.6737
11.6352
11.3223
11.4188
11.3426
11.3757
11.2229
11.5736
11.5005
11.1609
11.0698
10.9404
11.2054
10.4333
11.038
11.0372
10.8282
10.9395
10.1673
10.6012
11.475
11.344
11.4258
11.4192
11.3034
11.2905
11.335
11.3867
11.1424
11.4273
11.2662
11.2087
11.3546
11.211
10.7178
11.189
10.9639
11.1776
10.8384
11.0807
10.8544
9.92407
10.7348
10.3221
10.7146
10.1162
10.5644
10.1503
8.90572
10.12
9.40715
10.0625
9.1675
9.89024
9.14301
8.14649
9.56261
8.58036
9.4674
8.4193
9.34646
8.29951
7.78718
9.07912
8.09511
9.04008
7.98699
8.92362
7.8578
8.32458
8.58653
8.41733
7.43511
7.61734
7.43489
7.54961
11.1645
11.1624
11.1398
11.0492
11.0959
11.0681
11.08
11.0273
10.8129
11.0001
10.9307
10.8458
10.957
10.9015
10.2443
10.5668
10.4977
10.6442
10.314
10.4879
10.4386
9.02127
9.60562
9.52249
9.80556
9.14506
9.47376
9.41605
6.19064
7.50008
7.29797
8.12292
6.51678
7.34753
7.00719
1.10481
3.17095
0.651166
0.650841
3.58171
1.14971
3.04148
1.14403
3.51031
1.3751
3.03931
1.52395
3.06371
1.01507
1.85589
3.63801
1.98214
3.30731
2.13684
3.37669
1.68181
3.42147
3.41173
3.35812
2.24936
2.35985
2.36339
2.19879
2.511
2.91942
2.62216
1.91282
2.05835
1.83329
2.09278
0.843518
1.50957
1.5212
2.17429
1.0089
1.17821
1.18445
11.0483
10.968
11.0491
11.0148
10.9887
11.025
10.9943
10.804
10.897
10.877
10.9189
10.8226
10.8682
10.8574
10.4648
10.5656
10.5945
10.6456
10.4872
10.5319
10.5743
9.86348
9.96269
10.0662
10.1125
9.88342
9.92107
10.0464
-0.781322
-0.890634
-1.07317
-1.03321
-0.542236
-0.802028
-1.06172
-0.973884
-0.389904
-0.841853
-0.824372
-0.971327
-0.810738
-1.16561
-0.55489
-0.063907
-0.512264
-0.364158
-0.374394
-0.220684
-0.688193
-0.218854
0.105176
-0.147856
0.0228368
-0.114533
0.021003
-0.265479
-0.666012
-0.408546
-0.66795
-0.500877
-0.30116
-0.440471
-0.358286
10.7901
10.8664
10.8537
10.8601
10.8162
10.8335
10.822
10.6503
10.7134
10.7108
10.7356
10.663
10.6919
10.6947
10.4035
10.4608
10.4862
10.5245
10.4006
10.4465
10.487
-0.466782
-1.06654
-0.796434
-0.840178
-0.416977
-0.471756
-0.830452
-0.310246
-0.181101
-0.440401
-0.5097
-0.036941
-0.374578
-0.498532
0.13265
0.00851344
0.109522
-0.121566
0.20763
-0.0635546
0.019651
0.347455
0.0113308
0.321247
-0.0393318
0.38572
-0.0195273
0.300084
0.443417
0.0753226
0.44855
0.0166668
0.473114
0.049373
0.431956
0.428171
0.20128
0.474286
0.127198
0.466389
0.14801
0.447456
0.368669
0.154023
0.439095
0.125276
0.420023
0.0860307
0.388182
0.237649
0.131072
0.288786
0.0429778
0.308813
0.0456927
0.271624
0.123818
0.174869
0.230318
0.0546281
0.139944
0.0143412
0.144029
0.0812208
0.158357
0.2658
0.00965554
0.249044
-0.0442969
0.164776
-0.17249
0.0688243
0.273116
0.426681
0.0455968
-0.0537776
0.271473
10.7194
10.7107
10.7098
0.0218068
0.246124
0.0171132
0.545835
0.397507
0.544247
0.937966
0.857997
0.963412
1.22306
1.19037
1.24886
1.3282
1.35881
1.37573
1.25337
1.34831
1.3158
1.00965
1.16535
1.0974
0.686277
0.87543
0.783918
0.361293
0.562512
0.427554
-0.0320957
0.344919
-0.148018
6.18586
8.11307
7.47234
7.27753
7.34252
7.00784
6.49314
0.117466
-0.0556429
0.0056694
-0.0288541
-0.0595385
0.0685595
0.0486975
-0.0934268
0.239734
0.131187
0.061012
0.126912
-0.145212
0.0825757
-0.178723
0.414611
0.0694664
0.27511
-0.0614315
0.259177
0.0534072
-0.19506
0.305952
0.335021
-0.0250155
0.31169
-0.239147
0.103031
0.356664
-0.0410231
-0.15468
12.0784
12.0825
12.0898
12.0923
12.0685
12.072
12.1012
12.0639
12.0491
12.0263
12.044
12.0485
12.0525
12.0501
12.0826
12.0622
12.0356
12.0689
12.0684
12.0732
12.0788
11.9539
11.9653
11.9474
11.8991
11.9669
11.9483
11.9066
11.9576
11.9655
11.9565
11.9153
11.9697
11.9602
11.917
12.0311
11.8689
11.7507
11.8943
11.8431
12.0154
11.8964
12.0332
11.7798
11.7051
11.9055
11.8174
12.0527
11.9076
11.8196
11.8286
11.9003
11.6986
11.9108
11.8289
11.8205
11.6132
11.6993
11.5421
11.4998
11.6738
11.6373
11.4851
10.0423
9.89439
9.11555
9.552
9.68502
10.1724
9.42006
11.275
11.2868
11.198
11.181
11.302
11.2628
11.1775
11.2593
11.2947
11.1872
11.1404
11.2937
11.2565
11.1629
5.59815
5.72696
4.5449
4.68986
5.47061
5.78088
4.58799
5.29855
4.87057
4.30859
4.23993
5.13685
5.08016
4.41571
11.2043
11.2164
11.2662
11.0422
11.1981
11.1797
11.2699
11.1558
11.0842
11.1444
0.833278
4.0011
1.25889
3.27103
1.38974
3.77126
0.961272
-0.240328
0.11905
-0.559096
-0.129581
-0.323269
0.189763
-0.544611
0.116954
0.0054695
-0.0290096
-0.0554611
-0.0595061
0.0485123
0.0685662
-0.0897347
0.130822
0.057983
0.23993
0.0800088
0.130369
-0.150716
-0.924916
-0.6293
-0.524376
-0.923698
-0.580546
-1.05971
-0.947825
-0.18631
0.338092
-0.0150221
0.29509
0.0999409
0.307068
-0.230068
12.0793
12.0938
12.085
12.0926
12.0681
12.0733
12.1049
12.0479
12.026
12.0488
12.0727
12.0563
12.0586
12.0616
11.875
11.7635
11.8545
12.0643
11.9132
12.0382
11.9251
11.7962
11.7249
11.8313
12.075
11.9546
12.1084
11.9473
11.8148
11.8228
11.8904
11.6883
11.9073
11.8118
11.8243
11.6886
11.5311
11.6644
11.6063
11.4935
11.6298
11.4791
11.2827
11.1935
11.2967
11.2708
11.1782
11.2592
11.1752
11.287
11.1833
11.2878
11.2558
11.1369
11.2517
11.1613
5.74848
4.57115
5.49773
5.62308
4.70311
5.79721
4.60285
4.90839
4.34273
5.16982
5.33099
4.27509
5.12133
4.44064
11.2008
11.2165
11.2677
11.0386
11.1941
11.2721
11.1768
11.1536
11.0812
11.1403
3.95
1.22467
1.36126
0.845089
3.24914
3.74435
0.951935
0.83152
1.58975
1.60931
2.17663
0.95789
1.26413
1.17419
0.128105
-0.547324
-0.317483
-0.241142
-0.122595
0.194545
-0.541374
10.4593
10.4849
10.3993
10.4031
10.521
10.4432
10.4872
-0.642051
-0.53246
-0.592007
-0.92009
-0.912372
-1.05474
-0.935534
12.0806
12.1104
12.114
12.0998
12.0951
12.0836
12.0708
12.0627
12.0358
12.0674
12.0836
12.0819
12.0939
12.0942
11.9649
11.9369
11.9682
11.9521
11.8946
11.9459
11.9021
11.9673
11.9473
11.9728
11.9566
11.9082
11.9602
11.914
11.9823
11.9717
12.0408
12.0383
12.007
12.0017
11.9635
11.9905
12.0395
12.0516
12.0197
11.9589
12.0218
11.9732
11.9659
11.964
11.9198
11.9387
11.9658
11.9078
11.9523
11.9673
11.8983
11.9339
11.9435
11.9652
11.914
11.955
11.9975
12.074
12.0575
11.9752
12.0735
12.0517
11.9615
12.0079
11.9669
12.126
12.1163
12.0871
12.109
11.9711
11.9816
11.9084
11.9441
11.8804
11.9878
11.8956
11.9181
11.8907
11.8967
12.018
12.0039
11.8747
11.9016
11.9128
11.8784
11.7288
11.8388
11.7778
11.8376
11.7284
11.7782
11.6902
11.4915
11.633
11.6413
11.5434
11.4816
11.6997
11.6399
11.4391
11.6836
11.5265
11.6211
11.4691
11.6936
11.8844
11.7277
11.8492
11.7859
11.8432
11.7385
11.7755
11.8863
11.7192
11.8385
11.7465
11.8431
11.6902
11.7684
11.5756
11.4033
11.6671
11.4184
11.6087
11.3393
11.6392
11.5416
11.201
11.5716
11.3658
11.5028
11.2796
11.6101
11.6344
11.8344
11.8447
11.7318
11.8079
11.6608
11.6977
11.6112
11.7576
11.8591
11.6227
11.8058
11.5544
11.6896
11.3899
11.1054
11.5323
11.1394
11.4497
11.0152
11.473
11.3258
10.8034
11.3649
11.0462
11.2549
10.9192
11.4275
11.4818
11.7709
11.7649
11.6297
11.7309
11.5322
11.5661
11.6948
11.4512
11.7423
11.4539
11.7183
11.4064
11.5267
11.1179
10.6943
11.3115
10.743
11.2014
10.5771
11.2407
11.0465
10.3671
11.0878
10.6341
10.9739
10.474
11.1775
11.594
11.6801
11.6563
11.3366
11.4096
11.3792
11.3398
11.5325
11.6295
11.6507
11.3085
11.1824
11.2743
11.2698
10.8457
10.264
11.0089
10.3164
10.9155
10.1807
10.9242
10.7801
10.0207
10.732
10.2183
10.7271
10.0906
10.8342
11.2477
11.6206
11.5596
11.2134
11.0885
11.2478
10.9678
10.5829
9.95938
10.6201
9.88558
10.6542
9.88589
10.4888
10.1528
10.4923
9.71147
9.74077
10.4083
9.80044
10.3276
11.1141
11.1275
10.845
11.0224
10.4318
10.6048
10.1168
9.92761
9.16673
9.72708
10.1179
9.60418
10.2361
9.47965
11.3417
11.0823
11.485
11.3845
11.2966
11.3341
11.4433
11.466
11.3361
11.421
11.4137
11.2987
11.2858
11.3271
11.472
11.4032
11.4186
11.2683
11.2897
11.2365
11.3156
11.2734
11.1059
11.2324
11.2027
11.0914
11.0526
11.2478
11.1593
10.914
11.162
11.0393
11.1031
10.9962
11.2126
11.3833
11.1333
11.4157
11.2501
11.3475
11.188
11.2004
11.0598
11.2391
11.3708
11.0434
11.3073
10.961
11.1273
10.9454
10.8058
11.0942
10.7598
11.0313
10.6844
11.0175
10.8207
10.3489
10.7777
10.6088
10.6816
10.5263
10.9049
10.7043
11.1692
11.1688
10.9416
11.0784
10.8461
10.8165
10.5438
10.8425
11.0727
10.4925
10.963
10.3598
10.6696
10.3235
10.103
10.6363
9.97449
10.5172
9.83543
10.4465
9.14752
10.0725
9.9718
9.67102
9.80949
9.50422
10.2299
9.91744
10.7098
10.7015
10.2932
10.558
10.1431
10.0849
9.66124
10.2273
10.5522
9.6082
10.3979
9.41456
9.85169
8.67322
8.44869
8.21065
9.1794
9.70453
9.51943
9.3659
7.13523
7.90067
7.61289
8.83461
8.6552
8.45366
9.04039
8.90464
10.0559
10.0805
9.36933
9.88525
9.1437
9.127
8.66841
9.58021
9.92652
8.73605
9.72477
8.46468
8.91604
6.43167
6.28742
6.02996
7.70113
8.2878
8.07879
7.93623
5.90035
5.27733
5.55953
7.40325
7.43981
7.15142
7.68253
8.14381
9.44656
9.53289
8.54262
9.32007
8.28956
8.38786
8.02083
9.11217
9.41824
8.1566
9.20256
7.91842
8.26895
4.98742
6.7964
7.28084
5.25355
6.92864
4.88834
7.11141
6.64552
4.7832
6.85704
5.18635
6.53403
4.81999
7.00084
7.76608
9.01862
9.06366
8.06521
8.93225
7.83142
7.97417
7.71271
8.73145
8.91754
7.76822
8.84796
7.647
7.87839
6.3924
4.78403
6.83577
5.11149
6.4919
4.78147
6.70579
6.35924
4.81825
6.53664
5.11397
6.29856
4.81637
6.62856
8.34814
7.46366
8.60973
7.62212
8.45556
7.56859
7.45341
8.10913
7.02966
8.04158
7.17831
7.34758
8.30501
7.2739
6.1857
4.8415
6.44174
5.02337
6.25884
4.84699
6.30885
5.97163
4.7706
5.95586
6.09
4.9609
4.82732
6.1657
11.2012
11.1627
11.1858
11.1141
11.1081
11.0959
11.1265
11.134
11.0695
11.1172
11.1095
11.0664
11.0521
11.1265
11.0914
10.9967
11.085
11.0474
11.0652
11.0297
11.1104
11.1583
11.1585
11.1351
11.0458
11.0944
11.0792
11.0639
11.1397
11.0662
11.1126
11.0129
10.9783
10.9542
11.035
10.9892
10.9675
11.0608
10.9335
11.0353
10.9127
11.0153
10.953
10.7798
10.9017
10.9048
10.8687
10.8767
10.98
11.0195
10.8029
10.9907
10.9266
10.951
10.8988
10.8407
10.7167
10.7669
10.92
10.6287
10.8733
10.5859
10.7545
10.7007
10.7097
10.8518
10.632
10.8149
10.5994
10.7424
10.5942
10.3244
10.5108
10.5236
10.4595
10.4834
10.6454
10.2403
10.6391
10.5546
10.4872
10.4783
10.4277
10.3062
10.0093
10.069
10.3812
9.82616
10.2956
9.74089
10.088
10.0909
10.1494
10.3516
9.98284
10.2905
9.94038
10.1548
9.40251
9.86092
9.64312
9.74314
9.57311
9.69583
9.92838
9.01455
9.80158
9.5871
9.50861
9.46533
9.41037
9.13041
8.55686
8.09241
7.9398
8.52152
9.20148
9.0738
8.65815
8.69499
9.06682
8.64673
8.82215
9.32869
9.2513
8.90141
7.53255
7.74364
8.22277
7.65888
8.17574
8.38728
8.47275
1.06867
3.14872
0.63842
0.648393
3.51224
2.99269
1.11195
0.791402
2.97709
3.50044
1.20337
2.98671
0.83699
1.17811
0.0701714
-0.680587
-1.00423
-0.507047
-1.05914
-0.518094
0.048459
-0.808293
-1.17114
-1.15367
-0.463282
0.0974745
-0.460732
0.135452
1.17051
2.98677
3.45082
1.33015
3.0257
0.993714
1.49265
1.33788
3.19311
3.49208
1.8227
3.10827
1.50384
1.66211
-1.04606
-0.341416
0.122903
-0.658645
-0.429217
-0.838425
0.0795659
-0.154508
-0.6639
0.344682
-0.474602
0.0719903
-0.706445
0.146965
1.8528
3.27192
3.60421
1.95918
3.34927
1.68832
2.1009
3.42285
2.00687
3.61086
2.30359
3.40695
2.13217
2.21004
0.509468
-0.528435
0.557502
-0.182245
0.316023
-0.312185
0.772649
0.705847
0.0530738
1.101
0.0124695
0.907625
-0.144215
0.918925
3.41725
3.40392
3.35903
2.25287
2.35066
2.21101
2.3632
3.27348
3.11415
3.26333
2.24557
2.21255
2.19714
2.30898
1.16077
0.202574
1.21288
0.497338
1.04778
0.364384
1.29848
1.21725
0.528471
1.29878
0.551807
1.22401
0.450016
1.32138
2.5351
2.93885
2.64792
1.92585
2.07515
2.10203
1.85593
1.05397
0.532277
1.20531
0.525253
1.17025
0.485577
1.05239
0.535633
0.173714
0.59655
0.857792
0.379328
0.361481
0.827402
1.27343
2.59325
2.0496
1.95037
1.16221
1.59414
1.88456
11.062
11.0326
11.0092
10.921
11.0054
10.9744
11.0441
10.9656
11.0448
11.0146
11.0199
10.9944
10.9876
10.9301
10.958
11.0205
10.9214
10.995
10.9017
10.9581
10.9231
10.9078
10.9844
10.9007
10.9542
10.871
10.9538
10.8943
10.8056
10.8829
10.8724
10.8593
10.8441
10.9257
10.7933
10.9191
10.8914
10.8777
10.8626
10.8485
10.8126
10.7334
10.7164
10.8399
10.6699
10.8072
10.6457
10.759
10.7591
10.7637
10.8426
10.7282
10.8151
10.7053
10.7872
10.5735
10.7012
10.6506
10.6659
10.6234
10.6486
10.7263
10.4572
10.6482
10.5632
10.589
10.5269
10.5644
10.483
10.336
10.2645
10.4511
10.2213
10.4111
10.1955
10.3635
10.4153
10.4959
10.4027
10.4459
10.5722
10.544
10.4752
10.3135
10.1952
10.3022
10.339
10.2547
10.2248
10.3692
9.85843
10.1025
9.95651
10.0612
9.91374
10.0371
9.87944
9.43794
9.44892
9.42122
9.66077
9.74899
9.70235
9.67934
9.97438
10.0599
9.97449
9.94402
10.1184
10.0893
9.9745
9.46851
10.1539
9.61674
9.51678
10.2047
9.72227
9.65768
-1.10927
-0.969879
-1.36222
-1.23357
-1.06441
-1.06848
-1.29524
-0.785559
-0.89394
-1.07607
-1.02797
-0.539244
-1.05049
-0.801789
-1.00087
-0.897274
-0.80392
-0.597116
-1.09985
-1.14949
-0.651376
-0.875795
-0.847538
-0.769034
-0.774208
-0.662672
-0.627916
-0.848082
-0.769835
-1.07325
-1.06479
-1.10022
-0.702306
-1.03953
-0.753094
-0.958543
-0.796812
-0.402508
-0.822411
-0.7917
-1.15337
-1.02275
-0.911644
-0.48926
-0.486588
-0.53279
-0.665404
-0.823609
-0.521356
-0.740559
-1.13691
-0.994827
-1.17352
-0.72226
-1.00582
-0.495863
-0.711166
-1.12486
-1.05583
-1.02248
-0.892119
-0.934543
-0.782631
-0.535332
-0.378039
-0.0731643
-0.540576
-0.205732
-0.710164
-0.376175
-0.465294
-0.00470242
-0.0254048
-0.216162
-0.136771
-0.34379
-0.337581
-0.91616
-0.725288
-0.450116
-0.641503
-0.872272
-0.87915
-0.475962
-0.637275
-0.613523
-0.36485
-0.387221
-0.530695
-0.722221
-0.449054
-0.211374
0.00391907
0.0787531
-0.13375
0.0157684
-0.246379
-0.117391
-0.185432
-0.216836
-0.0182329
-0.18695
-0.0633648
-0.255438
-0.137532
-0.354248
-0.493127
-0.315602
-0.232279
-0.441618
-0.373836
-0.245439
-0.321477
-0.215259
-0.244935
-0.191302
-0.315406
-0.302537
-0.237125
-0.671609
-0.412415
-0.673433
-0.500244
-0.296809
-0.354284
-0.437902
-1.48436
-1.10264
-1.10784
-0.681229
-0.821203
-0.904414
-0.617556
-0.419274
-0.219233
-0.297978
-0.108909
-0.362024
-0.189487
-0.380263
-0.557466
-0.219944
-0.620625
-0.146418
-0.652473
-0.21654
-0.515168
-0.87661
-0.27263
-0.836014
-0.187914
-0.867085
-0.255908
-0.837098
-1.1253
-0.234659
-0.89144
-0.231166
-0.960229
-0.288284
-1.08149
-0.790656
-0.203158
-0.845537
-0.0900586
-0.908045
-0.164444
-0.710789
-0.711069
-0.166371
-0.473175
-0.090072
-0.608768
-0.155539
-0.630839
-0.343361
-0.190493
-0.291009
-0.145708
-0.47405
-0.220168
-0.114341
-0.234819
-0.182067
-0.236503
-0.0673294
-0.165147
-0.215709
-0.038363
-0.354926
-0.114712
-0.490551
0.185904
-0.23166
-0.0757701
-0.555361
-0.428492
-0.0405911
0.261272
0.0261198
-0.460415
-0.0553217
-0.0757744
-0.256767
-0.0742562
0.35145
0.0370934
-0.389134
-0.106032
0.0700582
-0.132945
-0.237132
-0.117676
0.183371
-0.0357223
-0.17047
-0.079943
-0.0804632
-0.222616
-0.0320128
0.106964
-0.0342715
-0.150641
-0.00239036
-0.0833038
-0.00501249
0.0721675
0.0213325
-0.140647
-0.0509419
0.0463761
-0.0748088
0.12583
0.0999015
0.0965867
-0.0556292
0.0592608
0.103849
-0.00107038
0.112233
-0.0619351
0.0475419
0.150303
0.183821
0.131819
10.8781
10.8554
10.8229
10.724
10.8216
10.7858
10.7866
10.8571
10.8647
10.8398
10.8323
10.8066
10.8142
10.765
10.7656
10.8375
10.7513
10.8066
10.7286
10.7866
10.7573
10.7231
10.8047
10.7269
10.7714
10.7133
10.7847
10.675
10.744
10.7388
10.7082
10.7182
10.6979
10.7638
10.6505
10.7318
10.7106
10.7088
10.6884
10.6941
10.6621
10.5464
10.5781
10.5442
10.5991
10.6595
10.6389
10.6056
10.6185
10.6511
10.6248
10.6662
10.7076
10.6916
10.6796
10.5951
10.564
10.5831
10.5867
10.5741
10.6251
10.6353
10.1381
10.54
10.0576
10.2932
10.3407
10.1782
10.1119
-0.479144
-1.05258
-0.7953
-0.827445
-0.411984
-0.833137
-0.479002
-0.764191
-0.60226
-0.679609
-0.29518
-0.767483
-0.582398
-0.225955
-0.361436
-0.199716
-0.507791
-0.735612
-0.457495
-0.658122
-0.324438
-0.114889
-0.260851
-0.443341
-0.569132
-0.25219
-0.574851
-0.247652
-0.314443
-0.489264
-0.20157
-0.447732
-0.363719
-0.491412
-0.0356676
-0.208735
-0.168566
-0.160519
0.0548008
-0.270802
-0.0692952
-0.0671681
-0.292814
-0.286154
-0.00939768
0.124071
-0.324561
-0.0703059
-0.166147
-0.0918295
0.151454
0.140099
0.148781
0.0224125
-0.0145685
-0.0204554
0.130521
-0.118986
0.00176599
0.112
-0.0626971
0.0184598
0.208178
0.185193
-0.0214311
-0.00856979
0.297944
-0.0591078
0.25121
0.237013
0.262546
0.280056
0.194038
0.418141
0.137582
0.406482
0.308566
0.348124
0.61102
0.454716
0.524719
0.421709
0.505375
0.37326
0.345903
-0.045524
0.0167596
0.315199
-0.0121652
0.291297
0.388051
0.386651
-0.00889379
-0.0251528
0.428323
-0.0313811
0.386069
0.39779
0.546898
0.697349
0.481316
0.79035
0.478089
0.780776
0.558115
0.628046
0.920358
0.654224
0.824215
0.640032
0.863809
0.597049
0.434987
0.0202113
0.0687878
0.462244
0.0423103
0.449353
0.462949
0.461596
0.0970885
0.0955453
0.478044
0.0730177
0.446161
0.476498
0.717782
0.977828
0.665192
1.00386
0.70601
1.01259
0.712726
0.751401
1.06483
0.742826
0.993152
0.747602
1.04639
0.722794
0.429242
0.126574
0.200101
0.477261
0.14855
0.456187
0.466021
0.418718
0.163328
0.201341
0.466507
0.158601
0.406648
0.456598
0.761932
1.07456
0.747406
1.05604
0.769742
1.07511
0.752355
0.751001
1.0512
0.725912
1.029
0.733321
1.06557
0.731594
0.376742
0.126181
0.14967
0.432243
0.0977941
0.386268
0.433423
0.33935
0.0522972
0.196408
0.340943
0.0571928
0.327324
0.362786
0.666619
1.01953
0.680035
0.962057
0.696474
0.9907
0.662148
0.612498
0.900728
0.603242
0.906932
0.591524
0.943076
0.616319
0.253543
0.0305298
0.160618
0.265545
0.0525154
0.263541
0.324062
0.190718
0.055628
0.0173997
0.319129
0.0409357
0.178302
0.285027
0.499289
0.836216
0.531453
0.74321
0.523129
0.785861
0.489142
0.435938
0.659779
0.386466
0.688641
0.423968
0.717238
0.413265
0.13598
0.0499333
0.167013
0.225339
0.0306274
0.124282
0.169907
0.119305
-0.0638514
0.273569
0.12532
0.0149686
0.108462
0.0927129
0.319942
0.59246
0.347671
0.472423
0.351609
0.533682
0.328979
0.267749
0.408871
0.277404
0.442527
0.22704
0.482679
0.300052
0.0973917
-0.00144227
0.179911
0.241616
-0.0497569
0.146084
0.256026
0.00840706
0.226639
-0.0066299
0.208473
0.198687
0.200942
0.35613
0.131909
0.389411
0.255977
0.269994
0.204563
0.275195
0.197932
0.0872351
0.193341
0.0534646
0.23779
0.348507
0.324111
0.260412
10.7077
10.7115
10.7203
10.706
10.6948
10.7172
10.7105
0.0191978
0.244808
0.0204635
0.290048
0.248342
0.162701
0.390981
0.518034
0.542223
0.766578
0.643141
0.650979
0.863063
0.919466
0.951955
1.12631
0.993798
1.04689
1.19233
1.21246
1.24279
1.33052
1.22062
1.29211
1.35997
1.32592
1.37701
1.37313
1.30595
1.38027
1.35139
1.25744
1.32278
1.23184
1.2105
1.27855
1.16936
1.01906
1.10753
0.960788
0.956807
1.03356
0.880435
0.696872
0.795762
0.621683
0.657394
0.720144
0.567952
0.3686
0.436719
0.211376
0.39802
0.442875
12.1139
12.1066
12.1122
12.0949
12.1336
12.1281
12.0818
11.9549
11.9826
12.0112
11.9514
11.9829
11.9672
11.9659
11.9974
12.0448
11.9361
11.9957
11.9993
12.0342
11.9923
11.9887
12.0308
12.0422
12.0164
11.9588
11.9711
12.0147
11.9654
11.9199
11.9657
11.9592
11.9417
11.9527
11.914
11.9667
11.9354
11.9392
11.9036
11.956
11.9601
11.9173
12.0051
11.9587
12.0993
12.0869
12.0941
12.0691
11.9639
11.9743
11.9447
11.878
11.9051
11.9189
11.9788
11.8881
11.8868
11.892
12.0011
11.9933
11.8697
11.9114
11.8938
11.8879
11.8467
11.8431
11.735
11.7933
11.7915
11.735
11.702
11.5006
11.6396
11.6484
11.5564
11.7125
11.4861
11.6453
11.6991
11.5429
11.4356
11.7074
11.6345
11.4739
11.8984
11.8418
11.8521
11.7224
11.7619
11.7818
11.6963
11.5887
11.6819
11.435
11.4001
11.6597
11.612
11.3518
11.5498
11.5935
11.3849
11.2091
11.6281
11.5076
11.2875
11.6089
11.876
11.6424
11.7723
11.6973
11.8093
11.5667
11.3967
11.5496
11.1645
11.1223
11.5049
11.4554
11.0284
11.341
11.404
11.058
10.8095
11.4589
11.27
10.9108
11.6994
11.4527
11.7514
11.4645
11.5368
11.7198
11.4089
11.1273
11.3308
10.7823
10.6932
11.2747
11.1884
10.585
11.0557
11.1041
10.6655
10.3756
11.203
10.9859
10.4774
11.5276
11.5901
11.6203
11.2754
11.1757
11.2671
11.2468
10.8537
11.027
10.3365
10.2848
10.9398
10.9232
10.1836
10.7713
10.7416
10.2346
10.0134
10.8451
10.6974
10.1057
10.5453
10.6185
9.88408
9.94029
10.4816
10.6363
9.852
10.1267
9.66703
10.3528
10.4477
9.72537
10.3105
9.7715
11.4065
12.2323
11.0477
10.4488
11.308
11.5099
10.8493
11.408
11.4154
11.4901
11.2508
11.402
11.4617
11.439
11.4435
11.4077
11.229
11.3594
11.4037
11.4909
11.369
11.4829
11.4071
11.4249
11.2751
11.2997
11.327
11.244
11.2812
11.1098
11.2374
11.2082
11.0982
11.2565
11.0591
11.1657
11.1696
11.0466
10.9232
11.2238
11.1098
11.0019
11.0658
11.3887
11.058
11.2399
11.1481
11.3132
10.963
10.941
11.1077
10.7679
10.8304
11.0218
11.04
10.6917
10.8418
10.7862
10.6281
10.35
10.9312
10.6823
10.539
10.5544
11.0978
10.5197
10.8488
10.6953
10.9738
10.3679
10.3358
10.6593
9.99077
10.1228
10.4668
10.5349
9.84355
9.16125
10.0904
9.99839
9.69318
10.2558
9.82328
9.51825
9.66409
10.5871
9.64438
10.2349
9.88396
10.4058
9.4168
8.47995
8.68182
8.21989
9.18976
9.73544
9.39974
9.53067
7.93576
7.14295
7.62061
8.84402
8.69453
9.0775
8.45947
8.67134
9.96692
8.77634
9.59121
8.95639
9.73336
8.46693
6.32874
6.43801
6.03504
7.70562
8.32893
7.97791
8.08465
5.94724
5.28346
5.56626
7.4145
7.48633
7.72585
7.15745
8.02397
9.44622
8.18165
9.1255
8.29136
9.23102
7.92852
4.99942
6.8109
7.32328
5.30565
7.14881
6.94764
4.89975
6.66657
6.88466
5.22909
4.78924
7.0389
6.54233
4.82985
8.70588
7.7237
8.92548
7.7669
7.89531
8.81707
7.61371
6.42281
6.86326
5.13645
4.78858
6.73596
6.51346
4.78992
6.38433
6.56848
5.12108
4.81704
6.65614
6.31441
4.82426
8.07735
6.99166
7.98521
8.25701
7.1459
7.317
7.24419
6.18206
6.45749
5.03376
4.83158
6.31967
6.25498
4.84567
5.96442
4.77522
5.95756
6.0738
4.95878
6.15473
4.82128
11.204
11.1665
11.1899
11.1162
11.1117
11.1281
11.0993
11.1357
11.069
11.1203
11.1138
11.0688
11.1306
11.0535
11.0963
11.0917
11.0472
11.0031
11.1133
11.0689
11.0314
11.1457
11.0721
11.1153
11.0134
10.9848
11.0357
10.9582
10.9999
11.0648
10.9415
10.9692
11.0251
11.0402
10.9191
10.9536
10.9165
10.8945
10.7914
10.9847
10.8811
10.8691
10.7161
10.9339
10.6296
10.7711
10.7582
10.8766
10.5834
10.7118
10.8643
10.6272
10.7111
10.752
10.824
10.5956
10.6063
10.5242
10.525
10.3241
10.6536
10.4703
10.4868
10.0218
10.4014
9.83818
10.0698
10.0993
10.3082
9.74506
10.1061
10.3636
9.98818
10.1548
10.1683
10.3093
9.94351
9.41001
9.87591
9.65901
9.74978
9.94392
9.58282
9.70282
8.1142
8.56204
7.95232
8.5303
9.22105
8.67651
9.08744
8.70609
9.07303
8.65405
8.83188
9.34322
8.91718
9.26042
7.76287
8.23501
7.54226
7.66812
8.18182
8.3933
8.48938
0.795123
3.55251
1.24114
3.01475
1.21121
3.03588
0.819259
0.0850276
-0.683714
-0.995777
-0.503248
-1.05459
-0.520736
0.0629865
-0.821885
-1.17764
-1.14335
-0.470849
0.107906
0.151891
-0.481817
1.33395
3.54753
1.85721
3.23738
1.68915
3.14822
1.50596
-1.0438
-0.348004
0.151064
-0.632125
0.110507
-0.415652
-0.851823
-0.165532
0.383191
-0.455485
-0.669452
0.169831
0.0980929
-0.733705
3.44515
1.98626
3.63129
2.32125
2.22843
3.41561
2.11833
0.535118
0.582028
-0.119462
-0.516472
0.821495
0.298973
-0.271485
0.687475
1.15661
0.00245269
0.0587794
0.913955
0.941852
-0.166331
3.26788
3.09821
3.25082
2.24324
2.20162
2.3056
2.18911
1.16651
1.21964
0.510598
0.230314
1.31393
1.03766
0.373399
1.22139
1.30561
0.576732
0.52671
1.33236
1.22841
0.467213
1.04956
1.20815
0.522337
0.535404
1.05093
1.17466
0.481489
0.527433
0.169272
0.592373
0.854948
0.37381
0.822117
0.363003
1.62981
3.23939
1.1875
0.855434
1.9109
1.91067
0.894654
11.0687
11.0325
11.0141
11.0061
10.9252
10.9768
10.9417
11.0213
10.9263
10.9619
10.9581
10.9973
10.9071
10.9326
10.9873
10.9006
10.9054
10.9569
10.9574
10.88
10.8999
10.8881
10.8742
10.8158
10.9288
10.8623
10.8554
10.7382
10.8365
10.6825
10.7275
10.7614
10.8062
10.6612
10.7642
10.8436
10.7297
10.7651
10.7926
10.8153
10.7092
10.5792
10.6985
10.6533
10.6661
10.7282
10.6241
10.6492
10.3448
10.454
10.2266
10.2727
10.3678
10.4179
10.2035
10.4165
10.4996
10.4068
10.4492
10.571
10.4752
10.5462
10.3148
10.2021
10.3082
10.344
10.2564
10.3695
10.2317
9.4435
9.45995
9.42891
9.66724
9.75557
9.68362
9.71205
9.9763
10.067
9.97978
9.95118
10.1205
9.97731
10.0968
9.47396
10.1563
9.61873
9.51968
10.2032
9.72394
9.66323
-1.08756
-1.06396
-0.905264
-0.933126
-1.12061
-1.03726
-0.981515
-0.650183
-0.527242
-0.784236
-0.69173
-0.541065
-0.590748
-0.775401
-0.994546
-0.825289
-0.612181
-0.910193
-0.637123
-1.09621
-1.15631
-0.871193
-0.840617
-0.767573
-0.660959
-0.772255
-0.626532
-0.841057
-0.763529
-1.07613
-1.06819
-1.10428
-0.704053
-0.74493
-1.06732
-0.920198
-0.466719
-0.519652
-0.522435
-0.507517
-0.657597
-0.816713
-0.731092
-1.14687
-0.992509
-1.20909
-0.689989
-0.492973
-1.02351
-0.673603
-1.12489
-1.0686
-1.03023
-0.835065
-0.787832
-0.950355
-0.456725
0.0190816
-0.205733
-0.00599361
-0.311646
-0.11784
-0.349192
-0.915242
-0.752655
-0.425842
-0.589401
-0.467568
-0.892074
-0.882016
-0.653554
-0.329629
-0.394866
-0.588483
-0.43322
-0.517968
-0.723998
-0.178489
-0.228213
-0.00318887
-0.190673
-0.145345
-0.0600965
-0.261836
-0.329095
-0.323165
-0.22032
-0.528345
-0.189598
-0.462955
-0.375446
-0.331399
-0.22493
-0.190899
-0.219548
-0.232488
-0.309354
-0.310359
-1.0982
-1.47324
-1.10105
-0.678175
-0.819277
-0.618294
-0.897229
-0.416226
-0.290994
-0.107817
-0.222744
-0.37143
-0.363206
-0.190474
-0.554104
-0.615156
-0.145825
-0.218598
-0.509254
-0.648009
-0.215582
-0.870529
-0.829626
-0.189517
-0.268
-0.832028
-0.860613
-0.254959
-1.11497
-0.88192
-0.225642
-0.224541
-1.07209
-0.948312
-0.280709
-0.781009
-0.838072
-0.0859919
-0.202351
-0.703844
-0.898657
-0.158779
-0.702976
-0.463029
-0.0888821
-0.164535
-0.623702
-0.600814
-0.155604
-0.335916
-0.279661
-0.141527
-0.191302
-0.098514
-0.464004
-0.221765
-0.22559
-0.259295
-0.0480529
-0.18208
-0.0487122
-0.166917
-0.21305
-0.376028
-0.522595
0.171891
-0.105861
-0.491134
-0.246177
-0.0766041
-0.440642
0.284854
0.0115757
-0.0464576
-0.01579
-0.469652
-0.0480502
-0.243454
0.325456
0.0473138
-0.0783531
0.046379
-0.354827
-0.12353
-0.104925
-0.102931
0.225658
-0.249673
-0.10879
-0.0321489
-0.178847
-0.090992
-0.0281849
0.078506
-0.198891
0.000531192
-0.0455669
-0.139854
-0.0958762
0.0670801
0.0258029
0.00648195
0.050315
-0.1463
-0.0321699
-0.0729536
0.100429
0.0920061
0.131323
0.0977609
-0.0437494
0.0430836
0.107074
-0.014808
-0.059371
0.0510678
0.156142
0.132335
0.181477
10.8548
10.8754
10.8295
10.8171
10.7372
10.7882
10.7666
10.8397
10.7518
10.7722
10.7902
10.811
10.7321
10.7616
10.8009
10.729
10.7289
10.7829
10.7715
10.7163
10.6789
10.7427
10.7388
10.7091
10.764
10.7216
10.7007
10.5479
10.582
10.5433
10.5998
10.6626
10.6077
10.644
10.6193
10.6522
10.626
10.6698
10.7089
10.6802
10.6945
10.5964
10.5649
10.5844
10.5905
10.575
10.6299
10.6368
10.0462
10.2243
10.0946
10.6251
10.2691
10.1213
10.0108
9.98459
10.1121
10.5351
10.3346
10.1898
10.0561
10.082
-0.769488
-0.694184
-0.291086
-0.623791
-0.20168
-0.783992
-0.595342
-0.353655
-0.192232
-0.512336
-0.749885
-0.46333
-0.660506
-0.319256
-0.110214
-0.26383
-0.45078
-0.587116
-0.24241
-0.249672
-0.586962
-0.207934
-0.153137
0.0550254
-0.171186
-0.0797303
-0.277637
-0.0667599
-0.299216
-0.286715
-0.0218279
0.143799
-0.182452
-0.333059
-0.0666884
-0.0927775
0.140911
0.136357
0.157149
0.00258741
0.0190506
-0.016791
0.188559
-0.00290984
0.298722
-0.0218004
0.238678
-0.0581955
0.254496
0.263519
0.201067
0.411313
0.281702
0.317366
0.135909
0.411858
0.348631
0.467156
0.526587
0.618887
0.377351
0.430598
0.507437
0.37612
-0.0148242
0.455719
0.00446728
0.387374
-0.0238897
0.412843
0.557449
0.478313
0.801392
0.710265
0.573283
0.476211
0.793881
0.614134
0.672464
0.816477
0.922745
0.588014
0.658371
0.857129
0.448928
0.0961066
0.490418
0.101697
0.469202
0.0714395
0.457192
0.732249
0.660623
1.01397
0.964357
0.728167
0.702301
1.01
0.739929
0.750376
0.99961
1.06484
0.717431
0.75458
1.04473
0.415861
0.207027
0.461789
0.15585
0.462139
0.161849
0.40319
0.763494
0.745835
1.05706
1.06686
0.754603
0.766144
1.07014
0.749645
0.720375
1.03326
1.04598
0.737872
0.729499
1.0653
0.34615
0.216476
0.31377
0.0398881
0.374417
0.0634101
0.309726
0.654975
0.682808
0.956817
1.01431
0.65202
0.695139
0.982011
0.621886
0.585327
0.9095
0.890571
0.634215
0.580245
0.943016
0.203175
0.00803679
0.28945
0.0447173
0.310664
0.0563643
0.153823
0.479904
0.536405
0.735755
0.832605
0.464488
0.527212
0.774538
0.454377
0.36262
0.690886
0.647917
0.434533
0.408193
0.71768
0.139444
0.288026
0.123052
-0.0789337
0.105853
0.0155254
0.0867557
0.293517
0.358859
0.463893
0.591409
0.305029
0.356883
0.52303
0.288676
0.248609
0.442522
0.398066
0.324748
0.208758
0.484578
0.207845
0.0121368
-0.0265567
0.217672
0.202564
0.367426
0.220951
0.114554
0.259815
0.270419
0.387427
0.178939
0.212296
0.265377
0.186698
0.0825386
0.0472158
0.260303
0.353574
0.279213
0.322059
10.7103
10.6967
10.7164
10.7106
0.253536
0.292212
0.170022
0.650117
0.777628
0.655885
1.00925
1.11495
1.05172
1.2204
1.33321
1.29156
1.30792
1.36878
1.37745
1.21091
1.22374
1.27466
0.954805
0.950681
1.02926
0.654577
0.611613
0.715382
0.205366
0.397904
0.437005
6.54063
5.32512
6.42031
6.89719
7.60824
6.06951
5.6932
0.0545372
-0.162583
0.117996
-0.185425
-0.181033
0.00273435
0.211351
0.0352852
0.200074
-0.202136
-0.190608
-0.187546
0.052634
0.166466
0.372132
-0.190471
-0.270315
0.120751
-0.220851
0.691809
-0.0790759
0.0119123
0.374183
-0.206597
-0.224267
-0.228187
0.210983
0.223134
0.112314
-0.138795
-0.0176674
-0.197741
-0.136762
0.0468364
-0.00241682
-0.133948
-0.194175
0.7041
-0.476695
-0.203845
0.406497
0.199895
0.345333
0.347988
-0.248156
-0.416582
-0.175828
-0.206172
0.783519
0.165269
-0.264249
-0.325295
0.502051
-0.210494
0.801536
-0.238331
-0.247768
0.844834
-0.193267
-0.484081
-0.272696
0.256532
0.465954
-0.207197
-0.196657
0.695747
-0.30748
-0.225246
0.104096
0.465698
12.1179
12.1276
12.0846
12.0762
12.1034
12.0996
12.0915
12.0257
12.0374
12.0429
12.0269
12.0292
12.0177
12.0538
12.0917
12.0461
12.063
12.0443
12.0548
12.0638
12.0601
12.156
12.164
12.1483
12.1422
12.1469
12.1608
12.1405
12.1411
12.1025
12.1214
12.1158
12.1104
12.1544
12.1031
12.1494
12.1512
12.1804
12.1671
12.1512
12.1692
12.1629
12.1851
12.3176
12.2713
12.2698
12.2014
12.2963
12.2602
11.9825
11.9261
11.8233
11.9178
11.793
11.9255
12.0113
11.995
11.9343
11.8981
11.9453
11.9879
11.9188
11.9371
11.868
11.7405
11.8723
11.8048
11.9543
11.6888
11.8044
12.0102
12.0765
12.0204
11.9552
12.014
12.0307
12.0636
11.9104
12.1081
12.155
11.9632
11.8074
11.9637
12.1147
12.2913
11.9696
12.3839
12.1489
12.2758
12.2743
12.1162
12.5505
12.5258
12.6208
12.6455
12.5939
12.6205
12.4417
12.1649
13.0718
12.6095
12.526
12.4387
12.9231
12.3969
11.7871
11.6124
11.7665
11.8615
11.868
11.7854
11.7651
11.6935
11.6185
11.4575
11.6182
11.4666
11.61
11.6955
11.6661
11.387
11.5775
11.5532
11.4035
11.5941
11.6264
11.6393
11.4534
11.6837
11.7769
11.6866
11.6135
11.6983
11.5184
11.3862
11.5507
11.4549
11.4901
11.6181
11.2635
11.4393
12.4901
12.0383
11.6296
11.1044
11.8616
11.7154
9.14619
11.5932
10.1212
9.91732
9.89037
10.9905
9.51093
11.3758
11.2957
11.0559
11.2477
11.1257
11.3548
11.2509
11.2957
11.2562
11.124
11.3255
11.111
11.275
11.3472
11.2106
11.1741
11.3801
11.1953
11.4022
10.9684
11.2485
11.3452
11.4882
11.3865
11.0889
11.443
11.3012
11.3411
6.21762
7.03699
6.89398
7.30586
6.0737
6.55733
6.73471
7.28912
6.0673
8.85586
6.81976
7.30499
7.5886
6.4395
6.85451
7.39944
7.89218
8.50538
7.31023
7.56896
6.53255
3.77181
6.39043
4.69905
4.40412
4.6402
5.53897
3.99296
11.315
11.0756
11.1567
11.1528
11.3135
11.2416
11.179
10.9031
11.363
11.1363
6.54625
5.34462
6.90948
6.42468
5.71546
6.07636
7.60697
-0.262577
-0.942333
-0.857234
-0.941687
-0.90875
-0.803519
-0.47953
-0.993311
-1.027
-1.15736
-1.03436
-1.32949
-0.977316
-1.16259
-1.6641
-1.48168
-1.40822
-1.25942
-1.80346
-1.35676
-1.22574
1.24451
2.55913
2.05247
1.95471
1.12702
1.88666
1.56539
-1.83838
0.107453
-1.80086
-1.76995
-1.30107
-0.558602
-2.10225
8.32146
9.21867
8.68271
8.56686
8.48826
8.46547
8.47507
8.44086
9.36525
8.52835
8.51408
8.6351
8.57796
8.35905
8.61453
8.68799
8.56141
9.3243
8.52568
8.79249
8.75041
-1.11231
-1.36338
-1.23515
-0.974975
-1.29584
-1.06911
-1.07247
0.113172
-0.138665
-0.0170011
-0.197884
-0.136866
0.0473385
-0.00206591
0.0522785
-0.161564
0.118783
-0.185424
-0.180101
0.000868194
0.211817
0.0322497
0.201248
-0.190367
-0.200669
-0.187003
0.166518
0.0510446
0.369443
-0.193273
-0.268027
0.124652
-0.221747
0.690006
-0.0761146
0.0138694
0.365212
-0.226036
-0.208334
-0.228263
0.224692
0.1992
10.6427
10.3883
10.6862
10.4482
10.5811
10.4268
10.7728
10.1431
10.0554
10.2844
10.5482
10.1081
10.3468
10.1836
-0.750789
-0.73506
-0.774592
-0.607036
-0.592394
-0.738408
-0.794576
-0.951912
-0.998294
-0.928447
-0.965767
-0.830005
-0.940093
-1.04253
-0.876315
-0.895446
-0.900379
-0.821213
-0.886239
-0.875839
-0.836722
-0.343919
-0.377734
-0.467672
-0.454385
-0.483485
-0.316236
-0.395142
-0.425433
-0.766154
-0.553707
-0.687104
-0.541493
-0.730314
-0.518437
-0.462476
-0.340907
-0.403904
-0.441417
-0.38805
-0.429362
-0.410219
-0.12764
-0.198064
0.698984
-0.474251
0.40397
0.203102
-0.203476
0.350317
0.345451
-0.423179
-0.246931
0.781064
-0.200781
-0.176409
0.169219
-0.264627
-0.331237
0.493293
0.805464
-0.240074
-0.209776
-0.24599
0.846823
-0.491067
-0.192477
0.462953
0.260857
-0.272071
-0.209906
-0.196966
0.698735
-0.314273
0.106609
0.471337
-0.227173
12.1688
12.1767
12.158
12.1512
12.1525
12.1587
12.1707
12.1555
12.1296
12.1204
12.1308
12.1208
12.1268
12.1659
12.1273
12.1383
12.0942
12.0859
12.1109
12.1092
12.1022
12.0258
12.0399
12.0429
12.0271
12.0585
12.0171
12.0274
12.1019
12.0718
12.0546
12.0571
12.0723
12.075
12.0628
12.5972
12.6805
12.5546
12.6549
12.4856
12.6587
12.6359
11.9007
12.1271
12.1816
11.9573
12.1391
11.7814
11.9585
12.3333
12.4212
12.0292
12.2063
12.175
12.3012
12.3171
12.2454
12.6073
13.1232
12.6667
13.0026
12.4773
12.4846
11.6365
11.447
11.6805
11.7743
11.6836
11.6102
11.6941
11.5147
11.4524
11.3824
11.5513
11.2583
11.4887
11.6165
11.7819
11.6054
11.7566
11.85
11.8643
11.7778
11.7558
11.6898
11.6119
11.4456
11.6115
11.6871
11.6053
11.459
11.6644
11.5727
11.3766
11.5463
11.5914
11.6198
11.3963
11.2038
11.19
11.1704
11.3793
10.9611
11.2448
11.3986
11.2917
11.1198
11.3256
11.2527
11.3465
11.107
11.2714
11.3742
11.2939
11.0505
11.2445
11.2463
11.1231
11.3537
11.404
11.4107
11.4859
11.2451
11.4361
11.3971
11.4577
11.442
11.2246
11.4025
11.3548
11.3653
11.4008
11.4892
6.89622
8.54061
7.42477
7.91311
6.5806
7.35016
7.59194
6.21728
7.14796
7.01319
7.32846
6.84575
6.56744
6.01682
7.32267
8.90593
6.17645
6.92521
7.63323
6.5441
7.28617
3.80674
4.44347
6.40193
4.70957
5.57772
4.02969
4.646
10.8954
11.3574
11.129
11.3132
11.0727
11.1528
11.1493
11.3113
11.2393
11.1766
-1.6542
-1.25856
-1.48365
-1.40064
-1.35732
-1.80074
-1.21837
-0.27422
-0.946891
-0.860932
-0.947221
-0.496521
-0.90316
-0.799066
-1.0035
-1.15914
-1.01473
-1.0318
-0.98986
-1.31487
-1.15734
-1.8362
-1.7695
-1.82553
0.0852586
-2.10249
-0.554278
-1.32752
1.63301
3.25525
1.24206
0.912103
1.88086
0.949692
1.92007
8.61657
9.32849
8.67999
8.55659
8.79636
8.75152
8.51998
8.43613
8.51637
8.50433
9.36311
8.34725
8.63376
8.5738
8.31538
9.21263
8.67178
8.55746
8.46484
8.48568
8.45909
-0.651951
-0.790887
-0.698934
-0.529939
-0.781575
-0.540793
-0.594329
-1.08927
-1.06228
-0.907903
-0.93436
-0.983347
-1.12243
-1.03802
10.6323
10.4394
10.3864
10.6845
10.7638
10.4177
10.58
10.0438
10.2237
10.093
10.6276
10.0086
10.2683
10.1193
9.98
10.5372
10.1066
10.3321
10.0772
10.1866
10.052
-0.863403
-0.817804
-0.886119
-0.892599
-0.828168
-0.867277
-0.875435
-0.753874
-0.740663
-0.778962
-0.609366
-0.799624
-0.740343
-0.59359
-0.945405
-0.9218
-0.991709
-0.962691
-1.03882
-0.93278
-0.82242
-0.466115
-0.448462
-0.348993
-0.410707
-0.438412
-0.391756
-0.414497
-0.349953
-0.383228
-0.473243
-0.458471
-0.402026
-0.488859
-0.319551
-0.425348
-0.551415
-0.76159
-0.680167
-0.726068
-0.539705
-0.514344
12.1635
12.1923
12.1776
12.1825
12.1768
12.1623
12.1607
11.9674
12.0399
12.0456
12.0248
12.0997
12.0774
12.0324
12.5854
11.5148
12.0945
11.671
11.7961
11.1862
11.9095
6.99169
5.65463
5.37088
5.48031
7.17951
5.91344
5.76018
5.5598
7.18592
5.3438
5.92458
5.37956
6.83397
5.60279
12.1248
12.1254
12.0742
12.0671
12.0426
12.0074
12.1368
12.1245
12.1634
12.0772
12.1932
12.0042
12.1648
12.1581
12.1925
12.1395
11.817
12.5648
12.1749
11.5349
12.1117
11.5506
12.1178
11.8373
11.594
11.4566
11.2536
11.9256
9.19578
10.1991
8.91498
9.41967
8.64926
8.40502
9.30523
10.111
9.95623
8.99883
11.0092
8.56024
9.73866
9.66563
4.79253
5.05435
3.63126
6.12745
4.48078
3.40156
4.62401
3.87818
5.39304
3.96672
4.77497
3.52134
3.52099
4.2048
7.01341
5.39554
5.66679
7.18644
5.49677
5.92082
5.78539
5.5807
5.35159
7.20079
6.83587
5.39043
5.94188
5.60338
-2.20547
-0.412006
-2.0588
-0.695753
-2.39048
-1.81972
-1.53255
-0.696299
-1.72487
-2.40949
-0.0981881
-1.9682
-2.03496
-1.36776
10.8193
10.2831
10.3756
10.844
10.3121
10.5544
10.5212
10.3621
10.3142
10.8899
10.7584
10.2534
10.6431
10.4758
12.1937
11.8907
11.5449
11.5913
11.4478
11.211
11.9853
12.2629
12.2552
11.9134
11.6346
12.6359
12.2404
12.1511
5.54914
4.06789
3.88523
4.78998
3.51939
3.47216
4.31455
4.82228
5.17611
3.71536
3.49356
6.15569
4.50336
4.607
-2.17369
-2.08918
-0.342595
-2.42411
-0.719418
-1.87682
-1.48812
-2.39941
-1.7491
-0.656928
-2.06305
-1.95135
-0.115652
-1.41517
10.8195
10.282
10.3747
10.3116
10.8432
10.5537
10.5202
10.3123
10.3595
10.8856
10.64
10.2525
10.7554
10.4743
12.2851
12.2814
12.2753
12.1966
12.3278
12.3094
12.2056
12.1164
12.1249
12.1057
12.1452
12.1373
12.1233
12.0922
12.1318
12.1325
12.072
12.0355
11.9932
12.1449
12.0647
12.1814
12.1001
12.1828
12.1666
12.1496
12.0235
12.2131
11.8668
11.8045
11.747
11.8747
11.6864
11.8038
11.9605
11.8833
11.9379
11.9874
12.0019
11.9308
11.906
11.9352
11.9824
11.9224
11.8127
11.9134
12.008
11.785
11.9212
11.9827
12.0119
11.9514
11.9839
11.9652
11.9514
11.9634
11.9362
12.0064
12.0086
12.0015
12.0612
12.0029
12.0408
9.96736
10.1541
9.56077
9.20266
11.6336
11.0419
9.9282
12.3217
11.4784
11.1661
10.5678
10.9665
11.5915
11.3395
9.3011
10.3642
8.92449
8.65069
8.34985
9.41798
9.44556
10.0227
9.11814
9.79399
9.67007
10.2869
8.68551
11.0851
9.6963
9.5913
10.0437
9.62399
10.1245
9.81425
9.75691
9.5395
9.54171
10.2042
9.44276
10.102
9.63035
9.76803
-1.05873
-1.17965
-1.19003
-0.988871
-1.05903
-1.00514
-1.21768
-1.1004
-1.06573
-1.01511
-1.1072
-1.11361
-1.05532
-0.985484
9.54426
9.54944
10.211
9.44865
10.104
9.63545
9.77653
9.69522
9.58986
10.0409
9.62247
10.1236
9.81371
9.75604
-1.10573
-1.06772
-1.01747
-1.12146
-1.11243
-1.05858
-0.981637
-1.07007
-1.18497
-1.19913
-1.07125
-1.0061
-1.01664
-1.2171
12.0322
12.0917
12.0912
12.0922
12.3914
11.6538
11.6545
11.65
11.592
11.5795
11.5832
11.5358
11.5246
11.5292
11.6211
11.6156
11.6204
11.8133
11.8169
11.3754
11.3352
11.3349
11.3372
11.1366
11.1364
11.1405
10.651
10.6508
10.654
9.8843
9.87833
9.87789
9.09919
9.07595
9.07437
8.68165
8.64655
8.65013
8.65189
8.62918
8.6339
8.2882
11.1458
11.1595
11.1471
11.0453
11.0438
11.0444
10.7126
10.7126
10.7148
9.97757
9.98044
9.98423
8.51745
8.52254
8.52209
5.83822
5.84714
5.8545
3.54945
3.56016
3.54479
3.06775
3.06683
3.04616
3.14283
3.12375
3.10605
3.43856
3.40142
3.39702
3.52484
3.46345
11.0991
11.0973
11.096
10.9723
10.9716
10.971
10.6995
10.7009
10.7008
10.2132
10.2166
10.2168
9.51857
9.47083
9.50503
-1.08132
-1.10695
-1.08411
-0.768828
-0.74122
-0.761262
-0.163215
-0.154861
-0.171297
0.18919
0.182889
0.172865
0.0831043
0.0653568
0.0625763
-1.99083
-2.54279
-1.27986
-1.27413
-1.27613
-0.766738
-0.759569
-0.756238
-0.483965
-0.47978
-0.480044
-0.310111
-0.306239
-0.307297
-0.165927
-0.161963
-0.162927
-0.0703071
-0.0714957
10.9206
10.924
10.9221
10.8039
10.8077
10.8058
10.608
10.6125
10.6114
10.7787
-1.00469
-0.676959
-0.660285
-0.666293
-0.33222
-0.31456
-0.322791
-0.0567093
-0.0462088
-0.0529096
0.0172496
0.0279271
0.0259952
0.035155
0.0458867
0.0450362
0.0668667
0.075782
0.074633
0.025658
0.0315868
0.0312859
-0.0042147
0.00239131
0.000493642
0.0161658
0.0231056
0.0217564
0.0492665
0.0543301
0.0543514
0.0480374
0.0503957
0.0524615
10.82
10.8269
10.8245
10.8706
10.8594
10.8679
0.303071
0.283755
0.298783
0.624381
0.635955
0.630688
0.976927
0.985203
0.980811
1.25121
1.25846
1.25438
1.41598
1.42391
1.42065
1.40277
1.41054
1.40973
1.2378
1.24342
1.24366
0.943501
0.947976
0.947579
0.58576
0.58724
0.587437
0.194845
0.189208
0.192221
11.9682
11.9677
11.9676
11.3469
11.3575
11.3529
-0.847688
-0.853448
-0.85282
0.00197862
0.00480542
0.00610383
0.188919
0.184363
0.187535
12.0814
12.0982
12.0979
12.0983
12.1096
12.1094
12.1096
12.3633
11.7046
11.7057
12.0368
11.7219
11.7162
11.6913
11.6822
11.686
11.8221
11.821
11.825
11.9701
11.9759
12.0034
12.008
11.4319
11.4148
11.4149
11.4154
9.29429
9.27736
9.2815
9.74639
11.1575
11.166
11.3826
11.1766
11.1732
11.108
11.1066
11.1067
4.18396
4.14158
4.14139
4.16237
4.12986
4.16087
4.12373
11.1066
11.1047
11.104
6.36629
6.38421
6.38405
3.76668
3.77772
3.76344
0.443066
0.419566
0.41611
-0.703804
-2.29151
-1.49721
-1.49732
-1.49631
-1.39555
-1.39196
-1.39047
-0.915051
-0.908495
-0.907892
-0.837016
-0.830323
-0.828771
-0.593517
-0.586295
-0.585331
-0.563175
-0.55601
-0.555656
-0.400148
-0.392968
-0.394044
-0.375407
-0.368313
-0.369412
-0.235805
-0.229559
-0.230685
-0.218727
-0.212363
-0.2136
-0.128057
-0.124174
-0.116932
-0.855103
-0.835672
-0.842746
-1.17484
-1.12137
-1.15488
0.0010195
0.00389871
0.00511682
10.3726
-1.23522
-0.709779
-0.695725
-0.701178
0.189096
0.184621
0.187755
0.216471
0.223895
0.220508
12.144
12.1354
12.1381
7.02872
7.0211
7.01576
9.77122
9.80912
9.80515
-0.860813
-0.841478
-0.848599
9.83418
9.81048
9.81961
12.1426
12.2258
12.2288
12.2323
12.315
12.9043
11.5162
11.1468
11.3787
6.72949
6.70206
6.70963
6.59019
6.14654
7.70421
7.73726
7.72236
7.95718
7.95423
6.69403
4.83863
4.82199
4.84618
-0.146733
3.19059
2.15482
9.05083
9.23971
6.83919
-1.25796
-1.24784
-0.0891526
-0.0911559
-0.0876062
-0.0880646
-0.0660061
-0.0660477
-0.0643063
10.4618
10.5228
10.4841
10.5734
10.5688
10.2987
10.0586
-1.11813
-0.884398
-0.869022
-0.876369
-0.817622
0.0425317
0.0432963
0.04633
0.102848
0.103477
0.106112
0.0777085
0.0752471
0.0789808
10.8679
10.6025
-0.107403
0.121671
0.109887
0.113904
12.0525
12.0528
12.0528
12.058
12.0584
12.0988
12.0987
12.098
12.0968
12.0997
11.9623
11.9649
12.0763
12.0756
12.0769
11.6878
11.6785
11.6825
11.6789
11.6715
11.6758
12.2349
11.6876
11.6805
11.6849
11.8
11.7973
11.8015
12.0399
12.0439
11.9675
11.9695
11.9691
11.6125
11.6166
11.6149
11.5447
11.5509
11.6517
11.6435
11.4155
11.4158
11.4176
11.2889
11.2897
11.2935
11.5949
11.5832
11.5867
11.2566
11.2571
11.2609
10.9089
10.9084
10.9105
11.5342
11.5235
11.528
10.8386
10.8372
10.8389
10.2906
10.2826
10.282
11.6041
11.5982
11.6027
10.2044
10.1949
10.1941
9.65553
9.63401
9.63344
11.7646
11.7619
11.7678
9.58551
9.56198
9.56195
9.27816
9.24445
9.2495
9.26933
9.23724
9.24258
9.26435
9.24937
9.25418
10.9505
10.9439
10.9444
11.1964
11.198
11.2909
11.3105
11.3358
11.3355
11.3372
11.0901
11.0887
11.0892
10.8393
10.8389
10.8404
11.172
11.1722
11.1762
10.7842
10.784
10.7859
10.2249
10.2273
10.2308
10.7264
10.7266
10.73
10.1084
10.111
10.1147
9.00537
9.0106
9.01231
9.98743
9.982
9.98183
8.78897
8.79443
8.7956
6.90523
6.91597
6.9151
9.19418
9.17519
9.17312
6.54112
6.55233
6.55057
4.75208
4.76575
4.75611
8.65163
8.61579
8.61861
4.60209
4.61529
4.6048
4.06325
4.06398
4.0474
8.5849
8.55787
8.56406
4.02216
4.0201
4.00327
3.87434
3.85086
3.83603
8.04235
3.87719
3.85019
3.8364
4.13905
4.09766
4.09513
4.90859
4.85098
4.95727
4.92722
4.93175
11.1545
11.1521
11.1089
11.1061
11.1053
11.0065
11.0055
11.0047
11.0704
11.0689
11.069
10.9894
10.9886
10.988
10.7661
10.7666
10.7664
10.7704
10.7698
10.7715
10.7228
10.7234
10.7233
10.3021
10.3048
10.3055
10.1007
10.1032
10.1066
10.2208
10.2232
10.224
9.48403
9.48315
9.48426
8.77887
8.78322
8.78413
9.33058
9.33063
9.33453
3.11758
3.12086
3.10096
-1.04988
-1.027
-1.0453
3.10634
3.08853
3.06962
-1.03356
-1.00748
-1.02582
-0.607386
-0.578377
-0.602717
3.38753
3.34906
3.34288
-0.526107
-0.498994
-0.523244
0.0555338
0.0629556
0.0449623
3.43768
3.40078
3.39881
0.1156
0.120255
0.102991
0.445419
0.435486
0.424809
0.486797
0.475449
0.466197
0.457676
0.443575
0.44009
1.32105
1.33476
1.32608
1.16916
1.1622
11.108
11.1065
11.1053
10.9402
10.9435
10.9417
10.997
10.9965
10.9962
10.9305
10.9339
10.9322
10.8161
10.82
10.8184
10.7552
10.756
10.756
10.7939
10.798
10.7963
10.5888
10.5929
10.592
10.3016
10.3045
10.3046
10.5553
10.5594
10.5586
10.0803
10.1169
9.51175
9.56794
9.53212
10.2621
10.2331
6.69817
6.68384
6.71394
6.83338
6.81505
-0.683117
-0.674601
-0.67741
-0.894578
-0.904579
-0.823525
-0.794295
-0.813357
-1.10097
-1.08231
-0.216308
-0.205152
-0.221875
-0.957295
-0.963393
-0.717921
-0.700971
-0.708154
0.167986
0.162823
0.151826
-0.679054
-0.661676
-0.669326
-0.361665
-0.346058
-0.35553
0.139559
0.125123
0.122567
-0.317896
-0.303019
-0.3123
-0.106045
-0.0970989
-0.105246
-1.44689
-0.0907455
-0.0820303
-0.0898616
-0.101827
-0.0912025
-0.0941685
-3.22442
-0.128403
-0.118239
-0.119785
-0.244565
-0.232163
-0.233678
-1.3739
-1.3616
-1.36605
-0.245956
-0.23228
-0.23414
-0.225399
-0.212835
-0.214766
-0.839811
-0.833007
-0.830916
-0.207219
-0.195484
-0.197372
-0.177134
-0.17146
-0.172254
-0.507866
-0.503677
-0.503483
-0.164515
-0.159089
-0.159966
-0.139693
-0.134083
-0.135977
-0.328908
-0.324984
-0.326034
-0.126795
-0.120884
-0.122698
-0.074848
-0.0694845
-0.0704551
-0.179735
-0.175909
-0.176823
-0.0641871
-0.0588581
-0.0596378
-0.0207719
-0.016057
-0.0164524
-0.0901287
-0.0850347
-0.0165269
-0.0119003
-0.012149
0.00543923
0.0087232
0.0097659
10.9358
10.9396
10.9377
10.7787
10.787
10.7847
10.8281
10.8328
10.8313
10.788
10.7954
10.7934
10.7439
10.7495
10.7463
10.6358
10.6396
10.6381
10.7213
10.7253
10.7261
10.1706
10.1631
10.1779
10.1862
10.1829
-1.06568
-1.07017
-0.370088
-0.352287
-0.360814
0.174262
0.184454
0.17948
-0.0742408
-0.0628661
-0.0702532
0.221195
0.232456
0.227063
0.530014
0.542232
0.537067
0.0238996
0.0352873
0.0324068
0.582953
0.594259
0.589287
0.873355
0.882104
0.877823
0.0325347
0.042843
0.0420675
0.91038
0.918892
0.914681
1.13484
1.14281
1.13887
0.0637777
0.0733254
0.0721599
1.16103
1.16884
1.16496
1.29081
1.29939
1.29603
0.0324819
0.0386713
0.0382344
1.29747
1.30602
1.30277
1.27496
1.28372
1.2824
-0.00111502
0.00509552
0.0034167
1.26015
1.26859
1.26754
1.12226
1.12884
1.12855
0.0156012
0.0226097
0.0211895
1.09328
1.09959
1.09936
0.86611
0.87146
0.870746
0.0491835
0.0544364
0.0542538
0.827312
0.832413
0.83172
0.561789
0.564461
0.56441
0.0553875
0.0583213
0.0599868
0.520677
0.52284
0.523074
0.250455
0.247735
0.250008
10.8068
10.8147
10.8121
10.7779
10.8486
10.8028
10.4898
10.4656
10.4748
10.5986
10.5791
0.583136
0.59517
0.589576
0.943792
0.952324
0.947804
1.22514
1.23265
1.22842
1.40642
1.41428
1.41089
1.4167
1.42483
1.42363
1.26775
1.27363
1.27382
0.986783
0.991554
0.991139
0.633488
0.635649
0.635647
0.264825
0.260839
0.262699
6.00978
5.69593
5.7312
5.78257
5.96514
6.02804
-0.0379788
-0.0381699
-0.0367598
-0.0288263
-0.0261831
-0.0252746
0.00304717
0.00471704
0.00660114
-0.0222596
-0.0197815
-0.0191229
-0.0171947
-0.0167742
-0.0137533
-0.0135155
-0.0116033
-0.0107415
0.00439373
0.00398169
0.00853058
-0.0190672
-0.023581
-0.0173205
0.112678
0.11272
0.115216
0.123238
0.113823
0.117855
0.0839394
0.0800741
0.0837344
-0.0508981
-0.0632409
-0.0552761
-0.0313078
-0.0372473
-0.030634
-0.0688098
-0.0828649
-0.0748527
12.1447
12.076
12.0758
12.1279
12.1268
12.0781
12.0792
12.0962
12.097
12.1695
12.2638
12.1228
12.1257
12.1509
12.1515
12.1583
12.1639
11.9141
11.9154
11.9466
11.946
11.9456
11.8551
11.7823
11.9419
11.9297
11.9335
11.932
11.9248
11.711
11.7031
11.7053
11.8301
11.8353
11.8628
11.8601
11.8624
11.7118
11.7039
11.7067
11.8363
11.8431
12.2011
12.2036
12.2069
12.2843
12.3874
12.1245
12.1281
12.1317
11.8991
11.9025
11.9057
12.1815
12.1936
11.9288
11.9317
11.935
12.2406
12.2468
12.8487
12.336
11.518
11.5407
11.3945
11.4049
11.479
11.484
11.4235
11.4226
9.85
9.84133
9.84208
11.4957
12.386
11.1874
10.5853
10.5727
9.13867
9.1279
9.12854
9.11442
11.2246
11.2304
11.2814
11.2872
11.2857
11.3303
11.275
11.1613
11.2398
11.2573
11.2446
11.2753
11.1585
11.157
11.1562
11.1997
11.2114
11.2285
11.2273
11.2267
11.154
11.1518
11.1513
11.2729
11.2609
6.73786
6.70841
6.71658
6.57745
8.19313
7.72694
5.97224
5.94398
5.94854
4.2478
4.21909
4.2198
5.45269
5.53019
4.30965
4.27252
4.27152
5.99128
5.94115
6.13242
4.84863
10.9967
11.1
11.1134
5.71722
5.75303
5.80448
5.97995
6.0419
7.3578
7.38917
7.37834
5.92374
8.13873
8.05984
6.14886
6.02032
4.50059
4.46947
4.50189
0.426751
0.390514
0.721028
-1.79745
-0.437778
-0.414665
-0.991668
-0.911201
-0.930953
-0.909952
-0.942621
-0.946083
3.15691
0.0148707
1.28978
1.20854
0.145769
0.108428
0.111029
0.0403446
-1.82226
-1.82911
-1.82752
-1.74315
-1.74804
-1.75057
-1.17969
-1.1751
-1.17571
-1.08778
-1.08253
-1.08319
-0.708961
-0.701486
-0.698942
-0.662719
-0.655371
-0.653044
-0.495281
-0.487883
-0.488753
-0.467904
-0.460513
-0.461457
-0.311278
-0.304621
-0.305731
-0.289886
-0.283279
-0.284423
-0.176714
-0.170955
-0.172075
-0.160449
-0.155113
-0.15611
8.55379
8.55382
9.39716
8.5014
9.81116
6.8505
-1.29992
-1.06353
-1.052
-1.05591
-1.32251
-1.21188
-0.0900807
-0.0909639
-0.0873915
-0.0878722
-0.0666138
-0.0665698
-0.0649389
-0.0388436
-0.0389426
-0.0376407
-0.0297501
-0.0270695
-0.0262171
0.00173566
0.00344436
0.00520186
-0.0236817
-0.021166
-0.0205983
-0.0183577
-0.017948
-0.0150776
-0.0151538
-0.0132899
-0.0125465
10.5303
10.5676
10.5628
10.6084
10.6678
10.5159
10.4941
10.51
10.1645
10.7611
10.7487
10.5129
10.5493
9.92922
9.91112
10.0544
9.94676
-1.06112
-1.0664
-0.789474
-0.819424
-0.795087
-0.520882
-0.502294
-0.645227
-0.434875
-0.506711
-0.493331
-0.760354
0.0417804
0.0425752
0.0455165
0.102964
0.103624
0.106213
0.0771324
0.0747734
0.07844
0.00407356
0.00363437
0.00808833
-0.01869
-0.0231434
-0.016952
0.113432
0.113506
0.115968
0.12294
0.11371
0.117698
0.0839436
0.0801928
0.0838115
-0.0498041
-0.0619979
-0.05406
-0.0303361
-0.0361987
-0.0296351
11.3187
10.6042
-0.212461
0.0538091
-0.0676387
-0.0815613
-0.0735565
12.0686
12.0692
12.2649
12.2727
12.0218
12.0234
12.023
12.1358
12.1415
11.538
11.5434
7.0591
7.03587
5.10011
5.06817
5.07323
5.02076
4.96222
-0.703377
-0.750776
-0.742336
-1.17897
-1.19439
1.42856
1.43952
1.4315
8.49627
8.50362
8.51353
8.51501
8.54124
8.54135
9.84664
9.89738
6.67676
6.66217
6.69215
6.81587
6.798
-0.814679
-0.832478
-1.20421
-0.692021
-0.683531
-0.68633
-1.06101
-1.04961
10.5477
10.5304
10.5677
10.5628
10.6062
10.6655
9.95115
10.1767
10.1852
10.1819
10.166
10.1595
9.92492
9.90611
-1.06209
-1.06659
-0.458774
-0.443723
-0.451017
-0.771299
-0.753034
10.4898
10.4656
10.4748
10.5955
10.5764
-0.223393
12.0458
12.047
11.9413
11.9456
11.9434
11.9692
11.9674
11.9703
12.1341
12.1388
12.1359
12.0277
12.0258
12.0291
12.0824
12.0819
12.0854
12.2827
12.3495
11.7065
11.5566
11.5599
11.5672
11.5601
11.6435
11.634
11.6361
11.5572
11.5547
11.5536
11.5109
11.5059
11.5043
11.5613
11.5492
11.5535
11.3709
11.3592
11.3583
11.2676
11.253
11.2531
11.5395
11.5291
11.5338
11.0948
11.0772
11.0795
11.0115
10.9915
10.9955
11.6971
11.6963
11.7008
10.9413
10.9216
10.9272
10.9591
10.9441
10.9494
11.8077
11.0372
11.031
11.0354
11.0096
11.041
11.0222
12.4469
11.3622
11.3605
11.27
11.2522
11.264
11.2286
11.2272
11.2285
11.2846
11.2844
11.2873
11.1234
11.1226
11.1247
11.0157
11.0155
11.0184
10.9941
10.9945
10.9988
10.7375
10.7383
10.7427
10.5018
10.5037
10.5079
10.3866
10.3845
10.3862
9.96576
9.96866
9.9737
9.56539
9.56897
9.57327
9.57689
9.56636
9.56479
8.78428
8.78658
8.78678
8.311
8.31197
8.3098
8.88107
8.85194
8.85187
7.62773
7.62165
7.61596
7.31376
7.30129
7.29417
8.66572
8.63353
8.63864
6.93508
6.90845
6.90295
6.82608
6.79266
6.79003
8.52467
8.49758
8.50387
6.80675
6.77035
6.77296
6.84433
6.81223
6.81578
7.80704
8.87042
11.2229
11.133
11.1094
11.1174
11.1092
11.133
11.1316
11.1314
11.0781
11.0759
11.075
11.0276
11.0261
11.0256
10.9556
10.9547
10.9558
10.891
10.8903
10.8906
10.7661
10.7665
10.7674
10.4991
10.5002
10.503
10.4583
10.46
10.4619
10.1961
10.1985
10.2008
9.54257
9.54633
9.54987
9.56805
9.57082
9.57311
9.0505
9.05214
9.05367
8.28902
8.29453
8.29496
8.25425
8.25233
8.25305
7.96899
7.97054
7.97335
5.54947
5.5487
5.56022
5.06102
5.04886
4.74633
4.7268
0.240698
0.398409
0.282045
3.23333
3.24137
3.22331
0.41059
0.432539
0.396196
3.06967
3.06187
3.04116
0.677114
0.696423
0.660985
0.910881
0.921437
0.889826
3.23199
3.20657
3.19354
1.26236
1.26212
1.23624
1.43683
1.42908
1.40634
3.53568
3.49788
3.49893
1.69948
1.67835
1.66275
1.88248
1.85659
1.84755
2.78161
2.11751
2.09243
2.08935
1.93084
2.04995
1.94909
11.0633
11.0621
11.0614
11.029
11.0289
11.028
10.979
10.98
10.979
10.889
10.8891
10.8886
10.875
10.8766
10.8756
10.789
10.7913
10.7903
10.55
10.5525
10.5524
10.6027
10.6062
10.6058
10.458
10.4618
10.4615
9.96259
9.9664
9.96657
10.122
10.1241
10.1237
9.91247
9.8759
9.90306
9.34125
9.34734
9.20631
9.24128
9.37594
9.3337
-1.18667
-1.05352
-1.02661
-1.04227
-1.18545
-1.16572
-0.534709
-0.512612
-0.532656
-0.9983
-0.977143
-0.987898
-0.863502
-0.842737
-0.854981
-0.00601136
-0.00381644
-0.0184693
-0.594764
-0.57858
-0.591833
-0.426153
-0.414967
-0.427068
0.239964
0.229522
0.222821
-0.223448
-0.218243
-0.229176
-0.139834
-0.137564
-0.146897
-0.255708
-0.323266
-0.294106
-0.117622
-0.120098
-0.126342
-0.21925
-0.222689
-0.227299
-0.763518
-0.661078
-0.727372
-0.744499
-0.709156
-0.790631
-1.78683
-1.75286
-1.78252
-1.13922
-1.1591
-1.18806
-1.21569
-1.22612
-1.23469
-1.11711
-1.11651
-1.12088
-1.08794
-1.07871
-1.08332
-0.953838
-0.944548
-0.948802
-0.632243
-0.625825
-0.620598
-0.723627
-0.717465
-0.720826
-0.623879
-0.61843
-0.62182
-0.421308
-0.417217
-0.418108
-0.466852
-0.461973
-0.463986
-0.400428
-0.396401
-0.397497
-0.25172
-0.248047
-0.249014
-0.300761
-0.296928
-0.297773
-0.250825
-0.247309
-0.248045
-0.126154
-0.122303
-0.123039
-0.185907
-0.18193
-0.18278
-0.144219
-0.140057
-0.140775
-0.0875767
-0.101482
-0.0950137
-0.109301
-0.10486
10.8813
10.8854
10.8834
10.8291
10.8358
10.8329
10.8027
10.8095
10.8071
10.7397
10.7431
10.7418
10.7465
10.7514
10.7501
10.6782
10.6817
10.681
10.5799
10.5845
10.584
10.5363
10.5385
10.5373
10.4888
10.4912
10.4933
10.1621
-0.984236
-0.969432
-1.04481
-0.881663
-0.457099
-0.444866
-0.449681
-0.562257
-0.542472
-0.550098
-0.34407
-0.328837
-0.333868
-0.204132
-0.189517
-0.197565
-0.137564
-0.120471
-0.125742
-0.0102536
0.00525138
0.000312144
-0.00575879
0.00413723
-0.000357594
0.189511
0.202103
0.197764
0.294696
0.306529
0.30234
0.0320083
0.0407879
0.0401425
0.43717
0.447608
0.443867
0.523062
0.531585
0.528814
0.040077
0.051215
0.0501225
0.63726
0.644529
0.642753
0.6789
0.686027
0.684442
0.0526949
0.0600445
0.0588891
0.693516
0.700896
0.699186
0.664813
0.672976
0.67117
0.00199173
0.007504
0.00709315
0.593121
0.60069
0.59991
0.544696
0.55169
0.550812
-0.00584802
0.00147782
-0.000539262
0.463608
0.47022
0.469321
0.413869
0.420408
0.419605
0.0286198
0.034866
0.0338659
0.338499
0.344618
0.344219
0.295532
0.301365
0.300995
0.0566788
0.0606766
0.0615306
0.228555
0.233183
0.233528
0.187682
0.191454
0.19241
0.0504107
0.0524098
0.0545728
0.0580212
0.0601521
0.0625142
0.0583345
0.0600558
0.062362
10.8296
10.8351
10.8327
10.863
10.8697
10.5779
10.6224
10.8075
10.7832
0.391961
0.404693
0.399086
0.764278
0.7737
0.768999
1.08771
1.0956
1.09129
1.32877
1.33641
1.33246
1.4384
1.44675
1.44379
1.35929
1.36624
1.36611
1.14365
1.14903
1.14895
0.81525
0.818918
0.818534
0.449524
0.449308
0.450135
0.183436
0.176242
0.178842
0.248039
0.240311
0.243645
0.230261
0.221202
0.224233
11.9793
11.9785
11.9782
11.9533
11.9529
11.952
11.9566
11.9564
11.9553
12.1052
12.1054
12.1048
11.3518
11.3402
11.3423
11.329
11.3398
11.3349
11.3325
11.3216
11.3234
7.8829
7.92284
7.92827
7.73251
7.78094
7.78711
-0.770007
-0.769785
-0.770315
-0.75106
-0.754649
-0.752553
-0.87638
-0.87756
-0.879259
10.603
10.5752
12.1015
12.1027
12.1006
12.1044
12.0873
12.0853
12.0874
12.0987
12.0988
12.1021
12.1004
2.3599
1.91124
-5.55118
-3.42168
-6.21021
-6.19764
-6.34994
-3.73543
-3.6595
-3.7084
-3.74867
-3.67345
-3.71794
-6.208
-6.19878
-6.35717
-0.126879
-0.11613
-0.110756
0.0378813
0.0387843
0.0393837
0.0847726
0.083987
0.085381
0.0503202
0.0514479
0.052141
0.0729298
0.0724519
0.0734857
0.097374
0.0927635
0.0957614
-0.0485775
-0.050905
-0.0495752
0.089081
0.0839947
0.0873884
-0.0886314
-0.0916038
-0.0907662
-0.0183809
0.00870342
0.0112092
0.0125825
0.00528187
0.00782848
0.00915974
0.0126646
0.0149774
0.0164489
-0.0567957
-0.0526729
-0.0470056
-0.0292978
-0.024965
-0.0194704
-0.0606727
-0.0576999
-0.0498714
-0.0957721
-0.0932073
-0.0858329
0.146572
0.144025
0.146665
0.179265
0.173645
0.176491
0.140654
0.136981
0.13923
-0.243777
-0.254859
-0.243745
-0.22547
-0.233535
-0.223336
-0.260678
-0.274622
-0.262438
-0.269132
-0.285631
-0.271818
12.0984
12.0995
12.0973
12.1011
12.0957
12.0958
12.0989
12.0972
12.085
12.1029
12.0993
12.1014
12.0891
12.0912
12.0902
12.094
12.0945
12.1033
12.1097
12.1047
12.1191
12.1197
12.1192
12.1189
12.1178
12.2255
11.8211
11.8174
11.8169
11.839
11.8393
11.8384
11.8395
11.8416
11.8411
11.9717
11.9729
11.9723
11.8709
11.8655
11.8646
11.8676
11.8619
11.8621
11.7241
11.7137
11.7822
12.0128
12.0314
11.7272
11.7308
11.7083
11.7087
11.706
11.7217
11.7258
11.7337
11.7272
11.7308
11.701
11.6921
11.6957
11.7384
11.7321
11.7353
12.2604
12.333
11.9371
11.938
11.9418
11.852
11.8524
11.8562
11.9682
11.9703
11.9739
12.1218
12.1264
11.9731
11.9723
11.9779
12.02
12.0397
11.5751
11.5815
11.578
11.1783
11.1848
11.1797
12.1151
12.0047
12.3253
11.5066
11.5142
11.5104
11.2965
11.2955
11.2954
11.0478
11.0478
11.0444
11.348
11.4078
11.4305
11.4151
11.429
11.4243
11.4272
11.4292
11.4285
9.62955
9.60777
9.61495
9.15279
9.20288
9.16376
9.63304
9.61831
9.90319
11.1776
11.1803
11.1777
11.2168
11.2095
11.1979
11.1989
11.1741
11.1637
11.1646
11.2129
11.1867
11.2441
11.3518
11.2513
11.1544
11.1661
11.154
11.1669
11.1557
11.239
11.2235
11.1518
11.1502
11.1504
11.1278
11.1264
11.1264
11.1652
11.1637
11.1637
7.81305
8.84757
4.75534
4.71432
4.71741
4.23406
4.19319
4.19371
4.78364
4.74247
4.7449
4.71125
4.65531
4.19448
4.16421
4.16948
4.11776
4.20017
3.154
3.19699
3.18065
2.78897
2.83034
2.81301
3.99075
4.06051
4.11911
2.73494
2.75435
2.74341
2.19307
2.15773
2.16568
11.1272
11.1335
11.1255
2.3819
1.93544
6.65868
6.68174
6.67917
5.76101
5.77156
6.09239
6.10327
7.52392
0.67212
0.821241
3.95237
3.96334
3.94991
2.64504
2.65771
2.63841
2.83689
2.84743
2.81848
-0.855239
0.473053
0.418379
0.430555
0.166731
0.291654
0.193496
0.430034
0.368981
0.789676
-6.11322
-6.09979
-6.24978
-3.66841
-3.59298
-3.63988
-6.11462
-6.10368
-6.25961
-3.67666
-3.60188
-3.64517
-5.52126
-3.40236
-1.91134
-1.90437
-1.92688
-2.86912
-2.83274
-2.85954
-1.89339
-1.8851
-1.90657
-2.87273
-2.8393
-2.86584
-1.18452
-1.18574
-1.19792
-1.33202
-1.30916
-1.32765
-1.20971
-1.20786
-1.22084
-1.30132
-1.28199
-1.29954
-2.3215
-2.36008
-3.14418
-1.95352
-2.42946
-1.96332
-1.5966
-1.63514
-1.62336
-1.42352
-1.41253
-1.41582
-1.57028
-1.57455
-1.5746
-1.53756
-1.55911
-1.55089
-1.53409
-1.52146
-1.52626
-1.12947
-1.09348
-1.10793
-1.0975
-1.06988
-1.08663
-1.1737
-1.13568
-1.15085
-1.05685
-1.03239
-1.04826
-0.423924
-0.420446
-0.410401
-0.433311
-0.43331
-0.424331
-0.460626
-0.456105
-0.447018
-0.401774
-0.402496
-0.392667
-1.37941
-1.38469
-1.38312
-1.30589
-1.29862
-1.30029
-1.3311
-1.32678
-1.32617
-1.4114
-1.42198
-1.41692
-1.24021
-1.23598
-1.23744
-1.03427
-1.03432
-1.03765
-0.809983
-0.80507
-0.806305
-0.957776
-0.951444
-0.951534
-0.99943
-0.998089
-1.00095
-0.854264
-0.850384
-0.852087
-0.319773
-0.324532
-0.315927
-0.370004
-0.373246
-0.364905
-0.342553
-0.346479
-0.338547
-0.341941
-0.34611
-0.336918
-0.22141
-0.219617
-0.216175
-0.202576
-0.201186
-0.198251
-0.224332
-0.222585
-0.219446
-0.203403
-0.201722
-0.198631
-0.86756
-0.864258
-0.866018
-0.729514
-0.724211
-0.724845
-0.80006
-0.792974
-0.790862
-0.905911
-0.903681
-0.905876
-0.690952
-0.685281
-0.68558
-0.628188
-0.624286
-0.625394
-0.476413
-0.473502
-0.474
-0.610078
-0.603349
-0.601701
-0.606827
-0.603006
-0.604173
-0.495691
-0.492547
-0.492971
-0.178274
-0.176565
-0.174058
-0.18859
-0.187081
-0.184337
-0.169882
-0.168877
-0.166269
-0.193817
-0.191772
-0.189017
-0.125376
-0.124211
-0.122992
-0.0885308
-0.0890132
-0.0874747
-0.103445
-0.103654
-0.102016
-0.112138
-0.111174
-0.110075
-0.552119
-0.548559
-0.549724
-0.447699
-0.445109
-0.445516
-0.544323
-0.537132
-0.537358
-0.571817
-0.568226
-0.569397
-0.428427
-0.426184
-0.426446
-0.425471
-0.422041
-0.422957
-0.292772
-0.291433
-0.291819
-0.42117
-0.413916
-0.414959
-0.404218
-0.400718
-0.401573
-0.31207
-0.310648
-0.310955
-0.0917325
-0.0905072
-0.0898442
-0.0783108
-0.0784879
-0.0772435
-0.064621
-0.0649916
-0.0638461
-0.103918
-0.10257
-0.101791
-0.0430807
-0.0408686
-0.0411701
0.00319436
0.00309925
0.00360311
-0.00773857
-0.00766537
-0.00719703
-0.03342
-0.0312799
-0.0316231
-0.357842
-0.354319
-0.355104
-0.269653
-0.268149
-0.268737
-0.354505
-0.347558
-0.348662
-0.379326
-0.375911
-0.376698
-0.25141
-0.249704
-0.250441
-0.256409
-0.252703
-0.253832
-0.144633
-0.142482
-0.143573
-0.252344
-0.24591
-0.247074
-0.23925
-0.235521
-0.236871
-0.158111
-0.156027
-0.157106
-0.0145172
-0.0122936
-0.0126762
0.01465
0.0146746
0.0151651
0.0242864
0.0242147
0.0247991
-0.0232727
-0.0208989
-0.0213439
0.032529
0.0342607
0.0344184
0.0683061
0.0679247
0.0693594
0.0696746
0.0695506
0.0708779
0.030674
0.0321254
0.0327303
-0.208109
-0.204547
-0.206122
-0.127569
-0.12524
-0.126415
-0.20428
-0.198152
-0.1993
-0.222724
-0.219275
-0.220777
-0.116341
-0.113904
-0.115041
-0.13911
-0.133913
-0.136607
-0.0599626
-0.0599111
-0.133357
-0.130959
-0.13057
-0.139073
-0.13557
-0.0609168
-0.061475
-0.0608619
0.0380687
0.0389333
0.0394797
0.0841999
0.083404
0.084749
0.0722846
0.0718104
0.0728195
0.050544
0.0516082
0.0522808
0.0968942
0.0922604
0.0952482
-0.0485202
-0.0508116
-0.0494993
0.0887521
0.0836748
0.0870746
-0.0881209
-0.091082
-0.0902542
-0.126385
-0.0534713
-0.129613
-0.0551166
-0.115228
-0.109872
9.64975
9.65677
9.6548
-0.445988
-0.444408
-0.431751
-0.571225
-0.569893
-0.557951
-0.847794
-0.845177
-0.847244
-0.733981
-0.718764
-0.721693
-0.738375
-0.740587
-0.740184
-1.10786
-1.09035
-1.09263
-1.09652
-1.2465
-1.21671
-0.0873661
-0.100775
-0.0943606
-0.108899
-0.104488
-0.018732
0.00792623
0.010463
0.0117737
0.00408652
0.00669301
0.00794485
0.0117327
0.0140886
0.0154808
-0.0584732
-0.0541622
-0.0488765
-0.0308375
-0.0263727
-0.0212445
10.3624
10.3377
10.3444
10.4699
10.4549
10.0377
10.165
10.6498
9.98043
9.99251
9.99104
9.9478
9.95959
9.95792
-1.2305
-0.565483
-0.574132
-0.573455
-0.746211
-0.733162
-0.738011
-0.628274
-0.616401
-0.621285
-0.662246
-0.651187
-0.655692
-0.444056
0.0498955
0.0519106
0.0540207
0.0573877
0.0595519
0.0618082
0.0572424
0.0590267
0.0612454
-0.0615713
-0.0584011
-0.0508686
-0.0962275
-0.0934412
-0.086311
0.147039
0.144577
0.147172
0.178941
0.173437
0.176272
0.140575
0.137041
0.139275
-0.242469
-0.253296
-0.242306
-0.224202
-0.231995
-0.22193
-0.23067
-0.216048
-0.212548
-0.199395
0.179104
0.194567
0.372459
0.371599
0.27885
0.289095
-0.259101
-0.272815
-0.260737
-0.267441
-0.283759
-0.270042
11.8101
11.8072
11.8066
11.8259
11.8267
11.8255
12.1761
12.1764
12.1758
11.9452
11.9482
11.9465
11.9319
11.9402
11.9366
11.6653
11.6705
11.6675
11.2042
11.2102
11.2059
11.1765
11.1792
11.1766
11.2175
11.209
11.1972
11.1983
11.171
11.1605
11.1614
3.28423
3.32539
3.31068
2.82419
2.86581
2.85021
2.87434
2.89051
2.88083
2.30998
2.27348
2.28157
2.39127
2.40516
2.39494
1.87363
1.83138
1.83865
0.663503
0.812404
9.64481
9.6521
9.65003
9.82393
9.85923
9.8557
9.68461
9.69096
9.68914
7.87515
7.91519
7.92049
7.71584
7.76438
7.77038
-0.453415
-0.452058
-0.439738
-0.584702
-0.583539
-0.571858
-0.853263
-0.850568
-0.85269
-0.736104
-0.721157
-0.724063
-0.740461
-0.742828
-0.742392
10.3607
10.3359
10.3426
9.97921
9.99165
9.99005
9.87975
9.85676
9.86551
-0.771936
-0.771664
-0.77222
-0.753395
-0.756947
-0.754875
-0.569835
-0.578374
-0.577768
10.6034
10.6515
10.5756
-0.235924
-0.221476
-0.218243
-0.20516
12.1089
12.112
11.8605
12.5091
12.2301
12.2391
12.2456
12.2522
12.2671
12.2752
12.4864
12.2794
12.2869
12.3091
11.5135
11.5858
11.07
11.0612
11.0622
11.3456
11.3469
9.98769
9.97836
9.97907
10.0931
10.0687
11.3406
11.3231
8.64266
6.78446
6.85977
6.6873
6.66462
7.27724
7.23866
6.95315
6.6756
6.65211
6.71105
6.82811
7.98857
7.99429
7.99596
7.45993
7.47412
7.81882
7.67522
7.77488
8.0607
8.10347
8.07593
7.41312
7.4319
8.02999
7.913
7.9915
7.52455
7.4064
7.5193
7.41885
7.57408
7.57683
5.05021
5.04979
5.07109
3.89284
3.8584
4.07861
4.06452
4.19824
3.88392
3.21719
2.531
2.31102
2.73289
9.3138
9.27763
8.76979
8.96932
9.52084
9.87253
9.08393
7.86352
8.22385
-1.0014
-1.28554
-0.0426238
-0.11163
-0.0638976
-0.0665919
-0.0656254
-0.0651812
-0.0628302
-0.0862526
-0.082741
-0.0829177
-0.0458518
-0.0633251
-0.048704
-0.0591293
-0.0584055
-0.0633698
-0.0637317
-0.0615339
-0.0512921
-0.0444983
10.5748
10.5741
10.5744
10.4689
10.466
10.481
10.4571
10.4734
10.5647
10.6273
10.587
10.3599
10.3995
10.6523
10.6329
10.6473
10.6417
10.627
10.5558
10.5304
10.6097
10.6156
10.2945
-0.97685
-0.915416
-0.899923
-0.759156
-0.765267
-0.888869
-0.871924
-1.03161
-0.816855
-1.00607
0.0338917
0.0354115
0.0381796
0.0451827
0.045299
0.0483738
0.0319154
0.0328657
0.035842
0.0822153
0.083979
0.0864769
0.101388
0.101392
0.104008
0.0832652
0.08447
0.087035
0.0672779
0.066339
0.0700426
0.0543247
0.0528963
0.0567073
0.0479993
0.0480715
0.0516361
10.9074
10.8959
10.3919
10.5326
-0.0951249
0.0786192
0.0690374
0.0736591
0.150943
0.137697
0.142289
0.111421
0.0999218
0.104969
12.0863
12.0866
12.0863
12.0692
12.0696
12.0854
12.0862
12.0868
12.0379
12.0378
12.0377
12.074
12.0748
12.0743
12.0974
12.0962
12.0959
12.0848
12.0844
12.0838
12.0773
12.0765
12.1219
12.1214
12.1209
12.0838
12.0841
12.1206
12.1167
11.9672
11.9695
11.9682
11.9789
11.9721
11.9784
11.9744
11.9751
12.051
12.0513
12.0525
12.0065
12.0044
12.0076
11.9765
11.9745
11.9775
11.8729
11.87
11.8727
11.6728
11.6634
11.6678
11.8937
11.8908
11.8941
11.9374
11.9345
11.9381
11.6707
11.6612
11.6657
11.9058
11.9031
11.9065
12.1542
12.1553
12.1666
12.1727
12.1735
12.0966
12.0967
12.1002
11.9522
11.9493
11.953
11.7216
11.7147
11.7191
12.0038
12.0021
12.0058
12.1035
12.1054
12.1091
11.7354
11.7291
11.7335
12.0248
12.0239
12.0276
12.4269
12.4397
12.4358
12.3453
12.3529
12.3498
11.6594
11.658
11.6558
11.6022
11.5902
11.5934
11.575
11.5633
11.7189
11.7254
11.7226
11.6122
11.6162
11.6147
11.559
11.5623
11.5603
11.5701
11.5762
11.5739
11.6404
11.5593
11.557
11.556
11.5606
11.5653
11.5589
11.4969
11.5009
11.3753
11.3757
11.3786
11.508
11.5081
11.5068
11.4768
11.4765
11.4777
11.3607
11.3613
11.3644
11.5061
11.5063
11.505
11.631
11.621
11.6236
11.3993
11.3882
11.3874
11.4885
11.4818
11.4805
11.468
11.4673
11.4683
11.1352
11.1357
11.1389
11.4104
11.408
11.408
11.283
11.2757
11.2746
11.084
11.0844
11.0875
11.3861
11.3827
11.3826
11.5462
11.5338
11.5384
11.1234
11.1058
11.1079
11.2241
11.2082
11.2091
11.2418
11.2328
11.2318
10.6182
10.6147
10.6151
11.1128
11.0998
11.0992
10.9301
10.9131
10.9137
10.5361
10.5313
10.5315
11.0653
11.0511
11.0508
11.5582
11.5494
11.5539
10.9534
10.937
10.9417
10.9893
10.9713
10.9755
10.8821
10.8641
10.8652
9.96001
9.94625
9.94495
10.7581
10.7383
10.7408
10.6271
10.6053
10.6101
9.8777
9.86193
9.86069
10.718
10.6974
10.7004
11.7115
11.7118
11.7156
11.018
11.0112
11.0159
10.9729
10.9608
10.9659
10.6012
10.5794
10.5846
9.41318
9.38441
9.38632
10.5596
10.5388
10.5445
10.5598
10.5445
10.55
9.36696
9.33659
9.3392
10.5564
10.5362
10.542
11.9927
10.9634
11.0538
11.0438
11.0521
10.5769
10.5636
10.569
9.26744
9.24072
9.24621
10.5798
10.5715
10.5747
10.3227
10.3717
9.28181
9.25803
9.26341
10.571
10.5661
10.5707
11.1237
11.1313
11.1281
10.4977
10.5011
10.4938
10.6246
10.6364
10.6272
11.6818
11.6763
11.675
11.2724
11.2907
11.8138
11.8242
11.8196
11.3514
11.3648
11.3589
11.2904
11.2759
11.3459
11.337
11.3378
11.3385
11.3617
11.3461
11.1601
11.1592
11.1613
11.2272
11.2262
11.2279
11.2161
11.2152
11.2153
11.0079
11.0068
11.0079
11.1744
11.1732
11.174
11.0771
11.0763
11.0784
10.9725
10.9712
10.9724
11.158
11.1568
11.158
11.2607
11.2607
11.2638
10.8075
10.8081
10.8123
10.9751
10.9751
10.9784
11.0457
11.0449
11.0474
10.589
10.5899
10.5926
10.9145
10.9141
10.9171
10.666
10.6668
10.6709
10.5078
10.5088
10.5118
10.8603
10.8601
10.8634
10.9292
10.9293
10.9333
10.0915
10.0943
10.0997
10.4076
10.4096
10.4145
10.586
10.5869
10.5914
9.71033
9.71404
9.71788
10.312
10.3142
10.3183
9.83645
9.83991
9.84496
9.54826
9.55199
9.55568
10.2018
10.2043
10.2086
10.2849
10.2821
10.2832
8.95285
8.95502
8.95585
9.41893
9.42231
9.42594
8.0832
8.08985
8.09079
9.69206
9.69562
9.70089
9.22758
9.23245
9.23668
7.77355
7.78197
7.78251
8.50739
8.51157
8.51307
9.05032
9.05542
9.05932
9.4764
9.46381
9.4619
7.75138
7.74728
7.74166
8.15387
8.15343
8.15011
5.66655
5.67945
5.67363
8.30751
8.31144
8.3116
7.73762
7.74107
7.73814
5.3569
5.37043
5.36385
7.07328
7.07221
7.06601
7.55081
7.5532
7.54963
8.79768
8.76665
8.76717
6.96437
6.94087
6.93402
7.20839
7.19343
7.18556
6.9279
6.92511
6.91806
4.30062
4.31083
4.2973
6.56387
6.55537
6.54602
6.19698
6.17822
6.16859
4.22538
4.23347
4.21904
6.45523
6.44422
6.43449
8.5888
8.55409
8.5603
6.73035
6.68668
6.68877
6.72926
6.68896
6.68744
6.12512
6.1036
6.09473
3.92883
3.91805
3.9011
5.97138
5.93815
5.93207
5.92593
5.88355
5.8823
3.90332
3.88892
3.87224
5.94067
5.90387
5.89915
8.51418
8.48759
6.66386
6.73843
6.67347
6.80633
6.7732
6.77742
5.94031
5.89749
5.8974
3.94016
3.90317
3.89413
6.00659
5.96295
5.96689
6.00425
5.97371
5.97338
3.987
3.94828
3.94102
6.02792
5.98534
5.98981
6.34622
6.35412
6.34771
5.70361
5.6741
5.67709
4.52269
4.48716
4.4885
11.1901
11.1039
11.1018
11.1012
11.1723
11.1348
11.1591
11.2045
11.1844
11.0713
11.0699
11.0691
11.1275
11.1254
11.1228
11.0823
11.0802
11.0794
11.0643
11.063
11.0625
11.12
11.118
11.1169
11.1244
11.1227
11.122
10.93
10.9289
10.9288
11.0177
11.0161
11.0161
11.0754
11.0734
11.0729
10.9094
10.9093
10.9089
11.0183
11.0169
11.0168
10.9045
10.9037
10.904
10.8792
10.8792
10.8788
10.9962
10.9947
10.9948
10.9172
10.9161
10.9176
10.5321
10.5331
10.5346
10.7159
10.716
10.717
10.8661
10.8652
10.8655
10.5683
10.5705
10.5706
10.7311
10.7313
10.7321
10.488
10.4892
10.4907
10.5078
10.5102
10.5105
10.6779
10.6785
10.6796
10.4061
10.4071
10.4099
9.72339
9.72656
9.72905
10.0892
10.0918
10.0942
10.4112
10.4124
10.414
9.94259
9.94421
9.94521
10.1455
10.1476
10.1496
9.67743
9.6804
9.68231
9.83426
9.83577
9.83667
10.038
10.0403
10.0424
8.26115
8.15451
8.2287
9.36677
9.3706
9.3737
8.85387
8.85439
8.85555
8.73975
8.77217
9.52967
9.53256
9.53424
9.04091
9.04446
9.04486
8.24167
8.24222
8.89195
8.83882
8.86585
8.86482
8.8659
3.2206
3.22968
3.21158
0.638618
0.660944
0.626166
0.46875
0.492984
0.457341
-0.27315
-0.319274
-1.18286
-1.1508
-0.292979
-0.276632
-0.306683
-0.990128
-1.00018
-0.10097
-0.0777129
-0.114344
-0.251932
-0.234254
-0.267847
3.08424
3.07523
3.05504
1.21687
1.21787
1.19179
1.01733
1.02565
0.996375
-0.0284182
-0.00585222
-0.0424138
-0.882693
-0.851253
-0.872624
0.234892
0.251288
0.217656
0.596995
0.603807
0.576132
-0.82212
-0.7901
-0.812622
0.327549
0.341356
0.309049
3.23651
3.20272
3.19146
1.64656
1.63047
1.61357
1.4857
1.47498
1.45385
0.677353
0.682488
0.656037
-0.260046
-0.240939
-0.262994
0.886705
0.885853
0.862717
1.11837
1.10863
1.09023
-0.173716
-0.157945
-0.178868
0.947877
0.944737
0.922681
3.56559
3.5284
3.52834
2.07
2.04254
2.03911
1.93155
1.90718
1.89917
1.17068
1.15907
1.14212
0.276794
0.275449
0.260383
1.32664
1.3086
1.29648
1.48929
1.46502
1.45981
0.321286
0.318008
0.303827
1.37502
1.35494
1.34502
2.8017
1.8375
2.03328
1.99631
2.00505
1.52281
1.49724
1.49403
0.555471
0.541034
0.535786
1.46318
1.44364
1.43543
0.745276
0.819759
0.5546
0.5399
0.535926
1.3954
1.37035
1.37181
1.78482
1.82622
1.81596
1.00871
1.02561
1.01441
1.44616
1.48967
1.4764
1.84408
1.85508
1.84845
1.67817
1.72298
2.3968
2.4296
2.4208
11.0409
11.0408
11.0401
11.039
11.0397
11.0391
11.0537
11.0526
11.0523
10.9045
10.906
10.905
10.9669
10.9673
10.9662
11.0293
11.0299
11.0294
10.8855
10.8893
10.8875
10.9812
10.9823
10.9817
10.9005
10.9024
10.9014
10.872
10.8758
10.8742
10.9637
10.9647
10.9639
10.867
10.8672
10.867
10.6474
10.6498
10.6494
10.7632
10.7653
10.7645
10.8789
10.8808
10.88
10.7205
10.7254
10.7239
10.7969
10.7992
10.7983
10.6556
10.6581
10.6573
10.6927
10.6973
10.6958
10.7658
10.7682
10.7672
10.4998
10.5021
10.5021
10.2122
10.215
10.216
10.4001
10.4034
10.4039
10.4199
10.4225
10.4212
10.6197
10.6223
10.6218
10.4835
10.4863
10.486
10.3575
10.3607
10.3624
10.2758
10.281
10.2811
10.4332
10.4362
10.4362
9.40376
9.87305
9.87509
9.87463
9.84575
9.84582
10.241
10.2412
10.242
10.0483
10.0553
9.55146
10.0481
10.0268
7.53004
7.5331
7.54527
6.83489
6.80168
6.83763
7.7072
7.73866
7.74145
7.93764
7.98419
7.25644
7.25862
7.26722
6.53564
6.49647
6.52821
8.20752
8.18028
-0.748914
-0.725247
-0.733398
-0.557335
-0.553566
-0.553339
-0.597539
-0.580299
-0.583028
-0.921261
-0.910891
-1.01718
-1.02048
-1.01659
-1.06734
-1.05917
-1.05986
-1.00226
-0.971894
-0.989027
-1.05072
-1.03008
-1.03967
-1.17331
-1.1374
-1.15862
-1.37895
-1.25466
-1.23435
-1.09897
-1.08266
-1.09018
-1.18705
-1.17354
-0.449096
-0.429303
-0.448459
-0.656898
-0.635828
-0.649658
-0.82434
-0.801881
-0.814898
-0.878484
-0.866375
-0.871233
-1.05064
-1.03406
-1.04241
-0.92244
-0.901366
-0.911859
-0.839429
-0.82604
-0.831399
-0.738591
-0.716537
-0.729197
-0.882235
-0.86024
-0.871519
0.0546785
0.05541
0.0415841
-0.24612
-0.239542
-0.250962
-0.36643
-0.354732
-0.366659
-0.683203
-0.662031
-0.674687
-0.546215
-0.529036
-0.538014
-0.508088
-0.492005
-0.503776
-0.323462
-0.314139
-0.324982
-0.497761
-0.48082
-0.490152
-0.454287
-0.440211
-0.451636
0.245236
0.23569
0.230102
-0.104831
-0.106555
-0.113585
-0.118807
-0.11744
-0.126348
-0.290368
-0.282292
-0.292857
-0.206687
-0.19479
-0.203487
-0.204816
-0.199587
-0.208802
-0.161082
-0.160056
-0.167173
-0.176826
-0.165953
-0.174561
-0.186035
-0.182175
-0.190913
-0.364121
-0.411164
-0.600822
-0.481045
-0.561699
-0.297162
-0.298216
-0.303044
-0.165929
-0.16533
-0.171905
-0.0651747
-0.0566332
-0.0627593
-0.227486
-0.227677
-0.232863
-0.427475
-0.424041
-0.429531
-0.0700654
-0.0612347
-0.0664647
-0.276654
-0.276557
-0.28112
-1.15931
-1.12339
-1.19125
-0.94797
-0.919591
-0.994507
-0.573842
-0.572879
-0.570995
-0.171589
-0.162983
-0.163523
-0.701965
-0.718747
-0.730892
-0.978867
-0.99457
-1.00733
-0.195839
-0.186914
-0.187723
-0.815256
-0.834534
-0.84986
-1.62964
-1.63152
-1.63632
-1.13576
-1.1273
-1.13225
-1.19804
-1.20057
-1.20754
-0.999033
-1.01187
-1.02184
-0.256814
-0.241773
-0.243941
-1.02993
-1.02797
-1.03486
-0.929051
-0.91523
-0.920773
-0.242755
-0.227663
-0.229929
-1.00237
-0.995432
-1.00211
-1.02089
-1.01836
-1.021
-0.77085
-0.764085
-0.767659
-0.881264
-0.872446
-0.876303
-0.883205
-0.86941
-0.874437
-0.194175
-0.185705
-0.187045
-0.794348
-0.783911
-0.787908
-0.657734
-0.649175
-0.653105
-0.1792
-0.171469
-0.172574
-0.745234
-0.735624
-0.739521
-0.580357
-0.575544
-0.571423
-0.494102
-0.489522
-0.49177
-0.568667
-0.56384
-0.566952
-0.613571
-0.605522
-0.609507
-0.161664
-0.15676
-0.15864
-0.545664
-0.538336
-0.542323
-0.44566
-0.43936
-0.442814
-0.148665
-0.14364
-0.145712
-0.508443
-0.501382
-0.505282
-0.391212
-0.38718
-0.388148
-0.315272
-0.31155
-0.312361
-0.370832
-0.36705
-0.36796
-0.409697
-0.403998
-0.407136
-0.110212
-0.104413
-0.105872
-0.339754
-0.334701
-0.336876
-0.24388
-0.240366
-0.241064
-0.0973421
-0.0917737
-0.0930087
-0.307377
-0.302639
-0.304455
-0.229631
-0.225949
-0.226932
-0.19246
-0.188774
-0.189645
-0.23561
-0.232136
-0.232971
-0.221576
-0.218375
-0.218905
-0.0433446
-0.0386316
-0.0391981
-0.170789
-0.167978
-0.168256
-0.111232
-0.108559
-0.108323
-0.0369247
-0.0321915
-0.0328175
-0.154986
-0.152149
-0.152384
-0.109368
-0.105838
-0.106481
-0.100629
-0.09713
-0.0972043
-0.135953
-0.131672
-0.132268
-0.100931
-0.0982632
-0.097837
-0.00185888
0.0022309
0.00262018
-0.0645737
-0.0617626
-0.0609147
-0.0325848
-0.029729
-0.0287133
-0.00114155
0.00273885
0.0032887
-0.0586347
-0.0556199
-0.0547833
10.8392
10.8462
10.8433
10.845
10.8524
10.8492
10.8753
10.8794
10.8776
10.761
10.7667
10.7646
10.8063
10.8124
10.8102
10.8447
10.8518
10.8485
10.782
10.7877
10.7858
10.83
10.8369
10.8342
10.8029
10.8082
10.8061
10.7779
10.7839
10.782
10.8318
10.8384
10.836
10.5963
10.5769
10.5898
10.7233
10.728
10.7263
10.6668
10.6707
10.67
10.5356
10.5788
10.7965
10.8014
10.7998
10.751
10.7578
10.7558
10.7328
10.7417
10.7515
10.7274
10.7678
10.7687
10.7678
10.1128
10.1214
10.1193
10.3469
10.402
10.2536
10.2845
10.2814
10.2041
10.2117
10.2088
10.2781
10.314
10.3095
10.315
10.349
10.345
-1.07222
-1.07585
-0.753566
-0.737702
-0.742533
-0.840355
-0.823304
-0.829797
-1.13746
-1.13884
-1.14318
-1.11147
-1.11457
-1.11584
-0.834467
-0.842304
-0.840755
-0.506785
-0.4885
-0.496464
-0.176075
-0.158987
-0.164393
-0.298669
-0.282746
-0.288162
-0.429848
-0.412736
-0.0452172
-0.0317446
-0.297174
-0.284522
-0.289531
0.0770555
0.0760871
-0.132687
-0.116085
-0.121939
-0.245846
-0.232542
-0.237714
-0.160697
-0.147301
-0.155292
0.16431
0.177852
0.173222
0.0407516
0.0560874
0.0512587
-0.0858557
-0.0689886
-0.0747219
0.348005
0.361579
0.356189
0.041257
0.0576591
0.0522675
0.22621
0.240153
0.235229
0.397613
0.411154
0.405853
0.0897055
0.105814
0.10057
0.00526906
0.0152203
0.0112495
0.419477
0.430522
0.426495
0.334509
0.345738
0.341528
0.27368
0.286776
0.281985
0.717885
0.727459
0.722949
0.391989
0.40363
0.39912
0.527825
0.538536
0.53424
0.760067
0.769033
0.764673
0.427861
0.439078
0.434656
0.032583
0.0414029
0.0407337
0.621711
0.629314
0.627302
0.551417
0.559608
0.556971
0.558454
0.568743
0.564585
1.01367
1.02185
1.01777
0.655561
0.664829
0.661183
0.766584
0.774834
0.771969
1.0453
1.05321
1.04919
0.684058
0.692697
0.689336
0.0564456
0.0676993
0.066454
0.699356
0.706833
0.705096
0.691409
0.698742
0.697068
0.7897
0.797819
0.795096
1.23061
1.23839
1.23477
0.845006
0.85312
0.850694
0.876393
0.884468
0.882069
1.24787
1.25567
1.25212
0.857348
0.865385
0.862994
0.060965
0.068252
0.0670022
0.611422
0.619294
0.618418
0.65597
0.664289
0.662775
0.875918
0.884046
0.881621
1.30791
1.31706
1.31403
0.854582
0.86353
0.86107
0.797466
0.805809
0.804522
1.30225
1.31155
1.30865
0.841351
0.850234
0.848214
0.0120442
0.0177751
0.0170362
0.484291
0.49103
0.490138
0.535219
0.542089
0.54123
0.781687
0.789848
0.788661
1.21336
1.22099
1.22045
0.728797
0.736504
0.735492
0.647267
0.654638
0.653602
1.19139
1.19866
1.19824
0.709511
0.717078
0.716096
0.00848414
0.0157689
0.0140132
0.356833
0.363108
0.362632
0.403891
0.410325
0.409592
0.625583
0.632887
0.631833
1.00533
1.01124
1.01081
0.55925
0.566496
0.565335
0.471134
0.478226
0.476983
0.970557
0.976379
0.975873
0.536947
0.544136
0.542963
0.039062
0.044985
0.0441878
0.243977
0.248834
0.248932
0.285054
0.290531
0.290281
0.449141
0.456136
0.454904
0.715804
0.720098
0.7195
0.385765
0.392513
0.391478
0.303496
0.309303
0.308797
0.675722
0.679602
0.679127
0.364259
0.370798
0.369895
0.130142
0.131884
0.133844
0.0567343
0.0604582
0.0614303
0.17204
0.175272
0.176534
0.282248
0.287689
0.287352
0.405106
0.405841
0.406857
0.225446
0.229431
0.229831
0.147822
0.149172
0.150898
0.361118
0.361001
0.362419
0.203204
0.206479
0.207259
10.8449
10.852
10.8496
10.5204
10.5383
10.5338
10.519
10.4956
10.5044
10.5017
10.5201
10.5152
10.561
10.6556
10.4742
10.447
10.4568
0.44824
0.461281
0.455513
0.821865
0.830644
0.826047
1.12913
1.13673
1.13244
1.35215
1.35981
1.356
1.4372
1.44552
1.44269
1.33764
1.34423
1.34425
1.10392
1.10917
1.10899
0.767106
0.770457
0.770132
0.396329
0.395233
0.396419
12.1767
12.1108
12.1712
12.107
12.1294
12.1295
4.77698
2.70655
6.3186
5.91989
6.20879
5.395
5.57728
4.83767
4.75658
5.95702
5.62227
5.88442
4.84577
4.69456
-5.25697
-4.52764
-4.34831
-4.10082
-3.9727
-6.39884
-4.41694
-4.47743
-4.45221
-2.2899
-2.18976
-2.15963
-2.50567
-2.40581
-2.37693
-2.27724
-2.34747
-2.03777
-2.43782
-2.50737
-2.20395
-4.53096
-4.61337
-4.5814
-6.90333
-6.90203
-7.07197
-4.40537
-4.18008
-4.33804
-4.24961
-4.30454
-6.63346
-6.53525
-5.54579
-5.55884
-5.81599
-13.4329
-15.0542
-16.3733
-13.4378
-15.0156
-16.3068
-5.50678
-5.52135
-5.78985
-0.0810443
-0.118267
-0.0385757
-0.036668
-0.0330318
-0.032007
-0.0321311
-0.0428812
-0.0395701
-0.0322582
-0.025774
-0.0300742
-0.165827
0.109586
-0.020175
-0.0213271
-0.0206982
-0.0380648
-0.0357943
-0.0372287
-0.0057773
-0.00663037
-0.00609981
-0.060473
-0.0488287
-0.0558963
0.069693
0.0697441
0.0705711
0.0626658
0.0621409
0.0634098
0.0338545
0.0342473
0.0349581
0.0949973
0.0940987
0.0953088
0.0839466
0.0801039
0.0813244
-0.165278
-0.171789
0.0716562
0.068071
-0.141436
-0.143915
-0.145505
0.0125455
0.0122571
0.0148556
0.0985581
0.0964803
0.0984266
0.0894351
0.0879691
0.0895115
0.0363722
0.0358663
0.0383669
-0.0421409
-0.081351
-0.0185861
-0.0171712
-0.0155639
-0.0132451
-0.0106785
-0.027458
-0.0260781
-0.0437674
-0.0456429
-0.0441709
-0.0423865
-0.0433573
-0.0527151
-0.0490538
-0.0487792
-0.0233567
-0.0211886
-0.0202078
-0.045586
-0.0422354
-0.0419513
-0.00353495
-0.00120265
0.000497936
0.0109583
0.0128557
0.014828
0.00938988
0.0117907
0.01348
-0.0197326
-0.0170718
-0.0163092
-0.0391974
-0.0361783
-0.03598
-0.0428911
-0.0395863
-0.0393286
-0.0170963
-0.0131149
-0.0111651
-0.0338584
-0.0292289
-0.0267636
-0.000315177
-0.00232038
0.00096571
0.00198216
0.00295034
0.00577038
0.00211765
0.000750589
0.00393227
-0.0215724
-0.0211932
-0.0205502
-0.0349713
-0.0325425
-0.0319027
-0.0309231
-0.0304396
-0.0299159
0.0301787
0.0263641
0.0317462
-0.0112939
-0.0126518
-0.00785211
0.0341702
0.0297935
0.035116
-0.148068
-0.148529
-0.140185
-0.114336
-0.113422
-0.104992
-0.00828839
-0.0109649
-0.00510188
0.0613353
0.0543398
0.0608286
0.0535926
0.047739
0.0541413
0.144433
0.142827
0.145767
0.111399
0.110624
0.113078
0.140207
0.137614
0.140333
0.0848095
0.0767692
0.0813374
0.0999046
0.0923033
0.095929
0.0603435
0.0544178
0.0584387
0.0541713
0.051638
0.0555106
0.102768
0.0968863
0.100739
0.0703105
0.0657123
0.0699698
-0.172933
-0.175648
-0.166475
-0.200661
-0.205942
-0.196417
0.0915724
0.0796347
0.08805
-0.0534443
-0.0634861
-0.0561418
0.0795063
0.0689724
0.0767532
0.0677572
0.0597225
0.0667288
-0.0346919
-0.0430362
-0.0359461
0.0797068
0.0701521
0.0775773
0.084956
0.072686
0.0812772
-0.0582304
-0.0738923
-0.0653635
0.0965783
0.0832531
0.0926517
12.1
12.1663
12.0962
12.1193
12.1605
11.9935
11.9924
11.9922
11.9757
11.9743
11.9742
12.046
12.0492
12.0475
12.0136
12.0135
12.0132
12.0022
12.0025
12.0017
11.9849
11.9854
11.9845
12.0009
12.0003
12.0001
12.1412
12.1319
12.0724
12.0749
12.0776
12.0965
12.1139
12.1142
12.1153
12.1192
12.1177
12.0849
12.0836
12.0854
12.0853
12.0852
12.0793
12.0817
12.1085
12.1159
12.103
12.1329
12.1333
12.1319
12.091
12.092
12.0768
12.0772
12.0759
12.0663
12.0652
12.0645
12.0857
12.0852
12.154
12.158
12.1555
12.2071
12.1742
12.132
12.1307
12.1389
12.1222
12.1264
12.1293
12.1345
12.1311
12.134
12.1395
12.134
12.1348
12.1541
12.1463
12.1517
12.1974
12.1695
12.2362
12.2271
12.2414
12.2434
12.2422
12.0704
12.0717
12.0704
12.1364
12.1367
12.1349
12.0351
12.0372
12.036
12.0351
12.0315
12.0319
12.1357
12.1355
12.1347
12.1606
12.1624
12.1605
12.0238
12.0229
12.0226
12.6277
11.7549
11.7591
11.7574
11.7627
11.681
11.6791
11.8944
11.8925
11.8928
11.9093
11.9101
11.9439
11.9439
11.9439
11.8537
11.863
11.8633
11.8704
11.8675
11.9182
11.9244
11.9217
11.787
11.777
11.8019
11.7912
11.7939
11.8469
11.8528
11.8513
11.8526
11.6933
11.8686
11.7316
11.9618
12.0385
11.9429
11.949
11.9307
11.9306
11.9475
11.9508
11.9661
11.9144
11.9183
11.9422
11.8378
11.8623
11.814
11.7141
11.7128
11.7108
11.724
11.727
11.7234
11.7404
11.7354
11.8407
11.8163
11.814
11.8063
11.8103
11.8259
11.8219
11.8248
11.8508
11.8555
11.8527
11.8271
11.8229
11.8254
11.7025
11.6938
11.6971
11.7406
11.7345
11.7368
11.7333
11.7271
11.7297
11.8504
11.8488
11.8149
11.818
11.8155
11.8136
11.8159
11.8136
12.4722
12.2141
12.2225
12.223
12.2292
12.2564
12.263
12.4633
12.2493
12.2565
12.2863
12.5499
12.0629
12.0659
12.0692
12.1611
12.1631
12.1673
12.0985
12.1015
12.1048
11.875
11.8765
11.8802
12.0123
12.0171
12.0203
11.9904
11.9932
11.9966
12.1767
12.1826
12.1533
12.1549
12.1593
12.1051
12.116
12.1142
12.3685
12.4457
12.2053
11.9242
11.9407
11.9351
12.0417
12.0424
12.0473
12.059
12.0651
12.2649
12.1581
12.164
12.1916
12.1976
11.2884
11.2755
11.2762
11.7644
11.779
12.1748
12.1842
12.1811
12.1831
12.1883
12.1844
12.7014
12.4936
12.2518
12.9012
11.7025
11.7088
11.4122
11.4066
11.9066
11.9118
11.9086
12.1603
12.1726
12.1681
12.8341
12.5004
11.4126
11.4186
11.4166
11.396
11.3989
11.397
11.3904
11.3942
11.3919
11.4625
11.4696
11.4672
11.525
11.536
11.531
11.441
11.4276
11.4304
11.4318
11.4192
11.4218
11.4868
11.4935
11.4913
11.4007
11.5155
11.5881
11.5431
11.4281
11.4254
11.4013
11.4613
11.485
11.4848
11.4905
11.462
11.47
11.3954
11.4148
11.4019
11.3951
11.4055
11.4337
11.4356
11.4719
11.431
11.4783
11.1987
11.2089
11.2037
10.6083
10.6203
10.6477
10.6453
10.6437
9.70456
9.70439
9.69771
11.4521
11.9534
10.1723
10.1671
10.3321
10.1727
10.1641
9.20724
9.18493
9.19446
9.63792
9.61722
9.29816
9.35762
10.5873
10.791
10.084
9.03571
9.27446
9.53836
10.6807
9.5225
9.51686
9.5119
8.44249
8.45942
8.44897
7.95776
7.97243
7.95977
8.24424
8.21497
8.21447
7.62966
7.60953
7.61185
8.15676
8.16388
8.15583
7.65168
7.60565
11.1111
11.1182
11.2013
11.2074
11.2032
11.2657
11.2606
11.2665
11.2624
11.2572
11.2631
11.2298
11.2331
11.231
11.2499
11.2557
11.2541
11.1848
11.1893
11.1892
11.1413
11.1249
11.2291
11.2197
11.2197
11.2478
11.2565
11.2544
11.2457
11.3044
11.0483
11.3446
11.4055
11.3179
11.3104
11.2651
11.2622
11.2503
11.2624
11.3282
11.2456
11.2554
11.3063
11.0931
11.2803
11.2254
11.1933
11.164
11.1823
11.1757
11.1925
11.1779
11.1804
11.177
11.2515
11.2156
11.2124
11.1957
11.2043
11.1911
11.1891
11.1895
11.2174
11.2371
11.2219
11.2001
11.1988
11.199
11.1396
11.1377
11.1376
11.1867
11.1851
11.1834
11.1719
11.1707
11.17
11.2248
11.2225
11.193
11.2089
11.1968
11.2274
11.2035
11.219
8.60919
6.78085
6.85649
6.68546
6.66129
7.26636
7.22673
6.92898
6.67309
6.64682
6.69976
7.41897
5.49918
5.46843
5.47063
5.94825
5.91264
5.91385
5.5563
5.51827
5.51907
4.24326
4.2075
4.20741
4.69488
4.66618
4.66945
4.73071
4.70045
4.69762
5.97957
5.93146
5.44321
5.41169
5.41776
5.34711
5.43199
5.35468
6.55064
5.51072
5.27926
4.09277
4.19276
4.10516
4.66677
4.63002
4.62958
4.70658
4.65394
5.34585
5.39495
5.36377
5.39517
5.36313
4.04555
4.02556
4.82444
4.8211
4.81371
3.07239
3.02887
3.03119
3.09339
3.13852
3.83087
3.86745
3.85691
4.12818
4.0981
4.09892
6.11769
5.38592
5.1749
4.25645
2.62242
2.61505
2.12541
2.07135
3.76357
3.26498
11.2445
11.1333
11.1321
11.1688
11.1184
6.33193
5.93453
6.22246
2.71493
5.96425
5.63027
5.89168
4.85383
4.70286
7.12311
7.15059
7.14308
6.91086
6.92738
6.74131
6.76823
5.40708
5.83834
6.75969
6.91977
7.60674
7.61145
7.18115
7.75289
-1.85625
4.25859
4.26719
4.25648
3.35959
3.34433
2.92768
3.13576
3.00418
1.68689
1.61739
1.64034
0.822809
0.718766
1.69401
1.85061
1.72038
2.28029
2.41054
0.358296
0.419838
2.27268
2.1957
-1.37363
-0.83937
-0.154332
-1.31285
-1.18371
0.739024
0.792363
0.787764
0.181889
0.261343
-0.52967
-0.501535
-0.501942
-1.11927
-1.14218
-1.12279
-0.503029
-0.523336
-0.504146
2.2748
1.19053
1.02527
0.985899
0.4734
1.04983
0.986797
0.268913
0.211144
0.235053
0.258843
0.164863
-0.216139
-0.151357
0.405244
2.02804
0.762945
-0.278484
-0.628562
-0.751763
0.8564
-4.36731
-4.42749
-4.40259
-2.3291
-2.22852
-2.19946
-2.28703
-2.35552
-2.05046
-2.41232
-2.47996
-2.18111
-4.48373
-4.5656
-4.53424
-5.46178
-5.4733
-5.72655
-13.2444
-14.8279
-16.1228
-5.43426
-5.44657
-5.71029
-13.2513
-14.801
-16.0731
-6.80537
-6.80368
-6.97181
-4.33437
-4.11077
-6.54596
-6.44543
-4.26133
-4.1742
-4.22906
-5.23236
-4.48195
-4.3039
-6.34607
-4.07984
-3.95155
-1.49724
-1.50709
-1.53011
-1.37362
-1.39927
-1.42204
-1.47372
-1.48124
-1.50157
-1.38268
-1.41068
-1.43397
-2.36702
-2.35807
-2.37477
-3.4845
-3.36492
-3.40155
-3.40582
-3.35447
-3.37453
-2.43757
-2.43013
-2.43339
-1.32224
-1.33829
-1.34618
-1.23083
-1.26695
-1.27439
-1.33632
-1.35044
-1.35857
-1.22216
-1.25888
-1.26682
-1.3397
-1.35198
-1.35747
-1.37078
-1.37696
-1.38554
-1.25695
-1.27838
-1.28294
-1.48741
-1.48128
-1.49423
-2.79037
-2.71312
-3.42615
-3.34597
-3.39363
-3.25252
-3.16495
-2.72995
-2.71811
-2.73136
-2.07497
-2.1366
-1.90846
-1.91604
-1.82925
-1.85166
-1.83448
-2.03701
-2.11709
-2.09317
-2.04485
-2.11121
-1.32559
-1.38264
-1.37862
-1.57785
-1.59242
-1.59668
-1.48691
-1.51618
-1.52045
-1.3834
-1.42988
-1.4246
-1.77221
-1.82122
-1.80954
-1.66455
-1.67087
-1.6728
-1.7871
-1.77876
-1.78323
-1.83419
-1.88708
-1.8788
-1.63926
-1.62724
-1.63326
-0.807757
-0.784199
-0.788053
-0.862902
-0.835645
-0.835883
-0.856344
-0.831206
-0.836001
-0.812085
-0.786375
-0.785332
-1.43851
-1.41031
-1.42981
-1.1813
-1.17939
-1.19056
-1.32109
-1.30604
-1.32205
-1.27676
-1.26205
-1.27667
-0.544582
-0.53382
-0.524583
-0.610607
-0.594754
-0.588258
-0.586809
-0.574947
-0.566787
-0.564196
-0.549354
-0.54183
-0.80068
-0.781375
-0.778965
-0.611795
-0.601185
-0.595954
-0.630312
-0.617118
-0.613771
-0.764797
-0.748693
-0.74406
-1.27533
-1.29334
-1.29215
-1.43124
-1.43626
-1.44316
-1.19089
-1.22842
-1.22173
-1.53806
-1.52886
-1.54174
-1.27798
-1.28111
-1.28229
-1.23229
-1.22741
-1.22748
-1.08995
-1.08801
-1.09021
-1.25377
-1.25576
-1.25866
-1.13869
-1.13632
-1.13812
-0.857447
-0.849986
-0.856968
-1.11063
-1.08705
-1.09645
-1.11378
-1.09124
-1.10204
-0.874076
-0.862948
-0.869282
-1.13066
-1.13149
-1.1352
-1.04327
-1.03771
-1.0382
-0.992993
-0.990682
-0.992867
-1.15693
-1.1588
-1.1622
-0.945772
-0.942594
-0.944726
-0.283577
-0.286454
-0.278796
-0.279943
-0.281867
-0.275509
-0.303902
-0.305984
-0.298978
-0.264241
-0.266756
-0.259804
-0.610434
-0.60423
-0.598721
-0.506389
-0.501873
-0.495621
-0.640754
-0.630921
-0.625152
-0.493791
-0.492913
-0.486795
-0.229696
-0.229624
-0.225084
-0.26206
-0.261534
-0.256992
-0.23715
-0.236895
-0.232761
-0.250396
-0.250292
-0.24523
-0.422569
-0.42479
-0.421391
-0.343609
-0.349711
-0.346407
-0.360091
-0.366611
-0.362992
-0.398083
-0.400296
-0.397053
-0.700077
-0.690892
-0.693214
-0.940489
-0.922218
-0.928794
-0.707036
-0.699478
-0.703075
-0.910643
-0.893248
-0.897906
-0.787502
-0.783869
-0.784986
-0.736803
-0.72951
-0.727014
-0.597934
-0.592615
-0.592653
-0.754629
-0.750192
-0.751297
-0.62735
-0.621711
-0.621761
-0.421813
-0.423858
-0.421904
-0.537557
-0.534875
-0.534004
-0.563947
-0.559988
-0.558688
-0.407636
-0.411064
-0.409241
-0.67118
-0.666881
-0.668016
-0.643515
-0.636342
-0.634314
-0.552505
-0.547807
-0.547994
-0.696655
-0.69227
-0.693373
-0.530151
-0.526299
-0.526583
-0.169992
-0.168348
-0.166216
-0.140344
-0.140176
-0.137934
-0.157875
-0.157115
-0.154787
-0.15486
-0.153666
-0.151683
-0.354314
-0.354957
-0.352667
-0.326517
-0.330596
-0.328064
-0.378016
-0.378545
-0.37611
-0.308858
-0.312696
-0.310303
-0.13311
-0.132235
-0.130701
-0.129787
-0.129753
-0.12777
-0.113596
-0.113972
-0.11207
-0.14731
-0.146107
-0.144457
-0.267761
-0.26576
-0.265661
-0.226426
-0.22613
-0.22615
-0.239359
-0.23904
-0.238918
-0.250872
-0.249149
-0.249152
-0.369544
-0.37409
-0.372692
-0.509305
-0.506923
-0.506813
-0.383964
-0.388003
-0.386534
-0.486969
-0.485312
-0.485421
-0.521454
-0.518018
-0.519135
-0.515467
-0.508304
-0.508904
-0.382022
-0.380144
-0.380234
-0.501239
-0.497763
-0.498866
-0.40167
-0.39963
-0.399807
-0.277693
-0.281481
-0.280458
-0.359315
-0.357547
-0.358538
-0.374234
-0.372552
-0.373497
-0.266655
-0.270209
-0.269211
-0.452092
-0.448568
-0.449587
-0.447117
-0.439748
-0.440773
-0.356578
-0.354753
-0.354802
-0.47293
-0.469562
-0.470596
-0.336736
-0.335132
-0.335222
-0.083096
-0.081467
-0.0810832
-0.0416544
-0.0418772
-0.0410681
-0.0542294
-0.0543054
-0.0534049
-0.0720366
-0.0704641
-0.0701964
-0.217512
-0.216223
-0.216475
-0.211062
-0.210542
-0.21073
-0.232973
-0.231262
-0.231415
-0.19966
-0.199283
-0.199597
-0.0526394
-0.0507451
-0.0508311
-0.0306864
-0.0306573
-0.0300191
-0.0190079
-0.0191182
-0.0185294
-0.0628285
-0.0608812
-0.0608501
-0.1347
-0.135213
-0.135605
-0.127546
-0.126867
-0.128018
-0.136007
-0.135448
-0.136545
-0.120701
-0.12147
-0.121719
-0.230699
-0.233935
-0.232987
-0.330362
-0.328643
-0.329655
-0.240495
-0.244118
-0.243096
-0.31677
-0.314873
-0.315908
-0.334769
-0.331345
-0.332077
-0.331232
-0.32438
-0.325505
-0.212732
-0.210873
-0.211731
-0.31412
-0.310592
-0.311373
-0.229484
-0.227618
-0.228467
-0.122087
-0.123383
-0.121993
-0.174922
-0.172683
-0.172569
-0.186706
-0.184938
-0.184941
-0.115397
-0.115888
-0.114537
-0.274455
-0.270801
-0.271779
-0.271457
-0.265042
-0.266162
-0.192367
-0.190446
-0.191394
-0.293548
-0.29003
-0.290902
-0.1772
-0.175271
-0.17624
-0.00418675
-0.00181226
-0.00225529
0.0428604
0.0429325
0.0436561
0.0350443
0.0352076
0.0357636
0.00328722
0.00537481
0.00511431
-0.0912197
-0.0922503
-0.0921693
-0.113998
-0.112834
-0.114092
-0.104012
-0.104537
-0.104671
-0.106866
-0.105663
-0.106965
0.0189122
0.0208084
0.0208784
0.0539956
0.0541683
0.0549765
0.0581348
0.0581562
0.0592788
0.014692
0.0168537
0.0166254
-0.0273279
-0.0284379
-0.0281529
-0.0620218
-0.0592292
-0.0606369
-0.0576982
-0.0552299
-0.056781
-0.0283323
-0.0294901
-0.0288873
-0.0834577
-0.082855
-0.0814268
-0.141291
-0.13888
-0.138563
-0.0885825
-0.0887124
-0.087263
-0.130463
-0.127575
-0.127167
-0.192589
-0.189125
-0.190762
-0.188679
-0.182649
-0.183706
-0.0923438
-0.0898997
-0.0909665
-0.180977
-0.177295
-0.179026
-0.101305
-0.09878
-0.0998546
-0.0427856
-0.0399679
-0.0392616
-0.0424267
-0.0406076
-0.0401358
-0.0486845
-0.0460198
-0.0455229
-0.0444115
-0.0368875
-0.039536
-0.157869
-0.154426
-0.155997
-0.151865
-0.147007
-0.147867
-0.0793395
-0.0770864
-0.0781298
-0.164331
-0.160677
-0.162412
-0.0734561
-0.0711863
-0.0722058
0.0698763
0.0699122
0.0706963
0.062255
0.0617303
0.0629811
0.0945469
0.0936447
0.0948349
0.0339784
0.0343569
0.0350535
-0.019426
-0.0204826
-0.0198904
-0.0371337
-0.0347971
-0.0362629
-0.00488092
-0.00565119
-0.00515959
-0.0596223
-0.0478229
-0.0549723
0.0125842
0.0122921
0.0148818
0.0982635
0.0961832
0.0981211
0.0361459
0.0356432
0.0381276
0.08934
0.0878654
0.0893975
0.0840019
0.0801857
0.0813774
-0.164887
-0.171337
0.0719018
0.0683602
-0.141047
-0.143483
-0.145063
-0.0382222
-0.0363188
-0.0321098
-0.0311232
-0.0312721
-0.0428155
-0.0395139
-0.0314374
-0.024884
-0.0292814
-0.0807205
-0.118426
-0.165652
0.110803
8.73824
8.77973
8.77827
8.82972
8.86746
8.86656
8.86278
8.91029
8.43245
8.44271
8.44352
8.70702
8.74256
8.74055
9.42724
9.48868
9.3242
9.3644
9.36069
9.45138
9.42556
9.4341
9.37724
9.34687
9.35649
9.07866
9.06147
9.21089
9.22234
8.95848
8.93597
8.94656
8.48815
8.83426
9.42688
9.552
9.11668
9.12749
7.87001
-0.529356
-0.522684
-0.510308
-0.687543
-0.687261
-0.684786
-0.922667
-0.930749
-0.918044
-0.763074
-0.771864
-0.968656
-0.978455
-0.969881
-1.18615
-0.933943
-0.942255
-0.986064
-0.995622
-1.11643
-1.12501
-1.12163
-0.997323
-0.992525
-1.09696
-1.09447
-1.09494
-0.709369
-0.713362
-0.712032
-1.1295
-1.12011
-1.1243
-1.0565
-1.06796
-1.12765
-1.13002
-1.12959
-1.10484
-1.10935
-1.10766
-1.2868
-1.15563
-1.12322
-1.18899
-1.1178
-1.2044
-1.38567
-1.24
-1.23063
-1.24471
-1.20771
-1.1964
-0.0425516
-0.111411
-0.0635694
-0.0661629
-0.0656868
-0.0651999
-0.0629079
-0.0863726
-0.0828541
-0.0830597
-0.0463438
-0.0636293
-0.0491732
-0.0598091
-0.05913
-0.0637359
-0.0639798
-0.0618956
-0.0516721
-0.0449289
-0.0419366
-0.082203
-0.0196523
-0.0182453
-0.0168054
-0.013987
-0.0114781
-0.0281568
-0.0267958
-0.0443194
-0.0462278
-0.0448004
-0.0431762
-0.0442636
-0.0537536
-0.0500402
-0.0498489
-0.0244111
-0.022228
-0.021314
-0.0466715
-0.0432949
-0.0430853
-0.00462243
-0.00226852
-0.000668158
0.00989164
0.0118271
0.0136795
0.00838498
0.0108124
0.0124081
-0.0212331
-0.0185002
-0.0178203
-0.0404772
-0.0374203
-0.0372904
-0.0444579
-0.0410057
-0.0408838
-0.0184717
-0.0145437
-0.0128775
-0.0353144
-0.0306953
-0.0285697
-0.00139132
-0.00331047
-0.000283938
0.000949259
0.0019091
0.00459312
0.00141445
0.000122059
0.00307272
-0.0221124
-0.0217052
-0.0212519
-0.0364577
-0.0340259
-0.0334735
-0.0314189
-0.0309299
-0.0305847
10.5607
10.5961
10.5918
10.3124
10.2816
10.2908
10.5027
10.5357
10.5325
10.4593
10.4653
10.2422
10.2814
10.4347
10.4083
10.3364
10.5414
10.9319
10.4149
10.6924
10.2783
11.0911
10.1022
10.0705
10.0888
10.1317
10.1254
10.0497
10.0942
10.0875
9.882
9.8948
9.89392
9.94651
9.95275
10.3212
10.3366
10.3332
10.2712
10.2477
10.2566
10.3058
10.2829
10.2915
10.3263
10.3321
10.2901
9.83061
10.1905
-1.05221
-1.03685
-0.986543
-0.974154
-0.982211
-0.780443
-0.763446
-0.770595
-0.709091
-0.6943
-0.69932
-0.721854
-0.720581
-0.723609
-0.729414
-0.735809
-0.735279
-1.12839
-0.949549
-0.787763
-0.756002
-0.700505
-0.696309
-0.701672
-0.799247
-0.7863
-0.791157
-0.768277
-0.75042
-0.712306
-0.697306
-0.704618
-0.558224
-0.585629
-0.563943
-0.511179
-0.515689
-0.654662
-0.642171
-0.647385
-0.767478
-0.753818
-0.651419
-0.63524
-0.706969
-0.690492
-0.465393
-0.371953
-0.555637
-0.505949
-0.749933
0.0336322
0.0351318
0.037833
0.0440391
0.0442302
0.0472141
0.0312441
0.0322194
0.0351132
0.0829196
0.0846864
0.0871473
0.100967
0.101032
0.103613
0.0834111
0.0846429
0.0871786
0.0671102
0.0662152
0.0698552
0.0545182
0.0531148
0.0568731
0.0485451
0.0486111
0.0521292
0.02951
0.0257502
0.0309425
-0.0116992
-0.0130331
-0.00832456
0.0333393
0.0290371
0.0341976
-0.147846
-0.148053
-0.139922
-0.114268
-0.113118
-0.10491
-0.00790373
-0.0105543
-0.00478697
0.0608597
0.0539465
0.0602987
0.0530646
0.0472878
0.0535251
0.144907
0.143344
0.146242
0.1116
0.110886
0.113324
0.140065
0.137554
0.140247
0.0853775
0.0774169
0.0819513
0.100198
0.0927214
0.0963329
0.0613979
0.0555304
0.05954
0.0550559
0.0525461
0.0563835
0.102399
0.0966528
0.100446
0.0708499
0.0663126
0.0705219
-0.172139
-0.174583
-0.16558
-0.199843
-0.204839
-0.195484
0.0915866
0.0797165
0.0880522
-0.0521413
-0.0620602
-0.054747
0.0795059
0.0690645
0.0767484
0.0675937
0.0596383
0.0665327
-0.0339186
-0.0421478
-0.0351033
0.0793805
0.0699209
0.077232
10.7661
-0.313109
-0.312099
-0.314761
-0.338635
-0.323722
-0.517515
0.107411
0.11841
0.167721
0.248303
0.084935
0.0727437
0.0812667
-0.0574335
-0.0729517
-0.0644477
0.0962754
0.0830507
0.092377
11.9934
11.992
11.9919
12.0132
12.0131
12.0129
12.0034
12.0034
12.0027
11.9837
11.9841
11.9832
12.0007
12.0002
12
12.0552
12.0589
12.0571
12.0475
12.0465
12.0471
12.0375
12.0374
12.0373
12.09
12.0907
12.0855
12.0852
12.0852
11.6801
11.6757
11.744
11.7486
11.746
11.7518
12.7642
12.3965
12.3963
12.3963
12.217
12.241
12.3901
12.4043
12.4011
12.9697
11.6586
11.6568
11.6553
12.4945
12.5077
12.5043
12.4136
12.4217
12.4188
12.2426
12.2526
12.1652
12.1639
11.2947
11.2803
11.2821
11.8941
11.9109
12.2707
12.2804
12.2776
12.2635
12.2685
12.2649
11.3875
11.3983
11.3885
11.3914
11.3895
11.3476
11.352
11.5167
11.528
11.5229
11.5157
11.527
11.5218
11.434
11.4205
11.4234
11.4258
11.4132
11.4159
11.4805
11.4874
11.4851
11.4577
11.465
11.4626
11.706
11.713
11.7101
11.6052
11.6088
11.6066
11.6053
11.6098
11.6081
11.5964
11.5844
11.5876
11.5653
11.5534
11.5646
11.5708
11.5685
9.71254
8.95273
9.4236
9.41237
9.41079
8.82472
8.82673
8.81793
8.59477
8.61144
8.60159
8.00644
8.02156
8.01048
8.28065
8.24963
8.25079
9.59721
9.58966
9.58531
7.78188
7.76033
7.76293
8.33026
8.33401
8.32714
11.2641
11.1074
11.1142
11.2433
11.2258
11.2292
11.227
11.2463
11.2522
11.2505
11.2585
11.2644
11.2603
11.1815
11.186
11.1858
11.1828
11.2037
11.2666
11.2792
11.2744
11.138
11.1214
11.2278
11.2182
11.2182
11.2459
11.2548
11.2526
4.26261
4.5589
4.52125
4.52426
6.40535
6.41173
6.40584
5.74999
5.71921
5.72247
5.64082
5.62393
6.31799
6.25296
3.09821
3.05271
3.05647
3.19057
3.235
3.87268
3.90835
3.89854
4.16496
4.13306
4.13438
3.76134
3.26396
2.71719
2.70926
2.20862
2.15275
-1.85402
-1.54359
-1.5271
-1.57111
-0.502687
-0.587748
-0.538715
-1.71983
-1.70894
-0.969242
-0.985878
-1.20888
-1.23835
-1.23887
1.17827
1.60225
1.03233
1.04946
1.03851
1.86949
1.88052
1.87398
0.718859
0.682472
0.692149
0.751689
0.804513
0.800373
0.241197
0.319705
8.82915
9.42664
9.11428
9.12707
8.7271
8.76884
8.76729
8.5903
8.59715
8.59891
8.8255
8.86329
8.86226
8.42481
8.4351
8.43584
8.85093
8.89864
8.69974
8.73552
8.73335
9.44957
9.42359
9.43208
9.41629
9.47788
9.31723
9.35759
9.35377
9.74879
9.78114
9.77786
9.63277
9.62706
9.57456
9.58286
9.58139
9.3719
9.34142
9.35099
9.1886
9.2
9.20067
9.06746
9.0505
9.19942
9.2114
7.6995
7.73118
7.73386
7.92436
7.97126
7.52094
7.52384
7.53596
6.82308
6.79
6.82591
7.24858
7.25072
7.25935
6.52659
6.48764
6.51942
7.44906
7.45937
-1.18876
-1.31201
-0.535186
-0.528671
-0.516698
-0.925274
-0.933421
-0.920865
-0.766554
-0.775463
-1.0311
-1.04248
-1.02866
-1.2287
-1.24117
-1.2034
-1.18999
-0.757218
-0.733703
-0.741773
-0.561787
-0.558296
-0.558032
-0.600591
-0.583731
-0.586411
-0.922427
-0.912073
-1.06804
-1.0599
-1.06063
-0.71318
-0.716895
-0.715789
-0.79521
-0.801419
-0.798882
-0.934058
-0.942292
-0.984308
-0.993506
-0.711579
-0.715541
-0.714267
-0.995079
-0.99023
-1.09286
-1.09055
-1.09091
-1.1234
-1.11413
-1.11825
-1.05311
-1.06426
-1.1216
-1.12394
-1.12351
-1.10088
-1.10542
-1.1037
10.3189
10.4444
10.455
10.4509
10.5611
10.5964
10.5921
10.4641
10.474
10.4702
10.3093
10.2784
10.2876
10.5016
10.5344
10.5312
10.3778
10.3889
10.3861
10.3753
10.1905
10.2767
10.3128
10.3083
10.2029
10.211
10.208
10.3134
10.3477
10.3437
10.1098
10.1189
10.1168
10.3423
10.3977
10.2505
10.2816
10.2785
10.0875
10.1305
10.1242
10.0473
10.092
10.0852
9.87756
9.89082
9.88972
9.81524
9.78895
9.79821
10.2704
10.2467
10.2556
10.3052
10.282
10.2906
10.363
10.3435
10.3222
10.3277
-0.94108
-0.754936
-0.756809
-0.740913
-0.745888
-0.846022
-0.8291
-0.835603
-1.12927
-1.13063
-1.13487
-1.07862
-1.08737
-0.78615
-0.769403
-0.776512
-0.754993
-0.755567
-0.757166
-0.712329
-0.697676
-0.702677
-1.04745
-1.03228
-0.979845
-0.967702
-0.975659
-0.734916
-0.741278
-0.740783
-0.684729
-0.690898
-0.689356
-0.985687
-0.984523
-0.449815
-0.434398
-0.441463
-0.518241
-0.517676
-0.520527
-0.696158
-0.692186
-0.697423
-0.588282
-0.575007
-0.585883
-0.665536
-0.662663
-0.668586
10.5209
10.539
10.5344
10.5187
10.4955
10.5042
10.5593
10.6528
10.4358
10.4519
10.4495
10.4723
10.4453
10.4551
-0.317167
-0.316298
-0.318882
-0.336982
-0.322304
-0.515682
-0.462241
-0.4588
-0.464876
12.5465
12.6093
12.1351
12.1322
12.1319
12.0693
12.0711
12.0697
12.1504
12.1508
12.1492
12.033
12.0354
12.0343
12.0285
12.0244
12.0251
12.1917
12.2015
12.2755
12.2823
12.2795
12.2696
12.2718
12.2707
12.1554
12.1555
12.1543
12.1777
12.1804
12.1781
12.0205
12.0198
12.0195
12.198
12.2049
12.2191
12.227
12.334
12.3424
12.3386
12.0365
12.038
12.0223
12.0243
12.0266
12.0279
12.1028
12.1024
12.1033
12.0921
12.0912
12.0933
12.1044
12.1037
12.1057
11.6728
11.6569
11.6484
11.6497
11.6487
11.6416
11.6411
11.6396
11.6319
11.632
11.5819
11.5692
11.5732
11.5385
11.5245
11.5271
11.5187
11.5042
11.5071
11.5347
11.5235
11.5283
11.4147
11.4003
11.4049
11.4077
11.3934
11.3981
11.6407
11.6368
11.6415
11.456
11.447
11.4521
11.4748
11.4676
11.4725
11.7267
11.7551
11.5937
11.617
11.606
11.6493
11.6437
11.6508
11.33
11.3424
11.3076
11.3186
11.3357
11.3343
11.3199
11.3197
11.3223
11.2799
11.2792
11.2817
11.2606
11.2601
11.2628
11.0944
11.0946
11.0988
11.0223
11.0228
11.0265
10.971
10.9716
10.9757
10.5682
10.5674
10.5701
10.455
10.4564
10.4604
10.362
10.3632
10.3669
9.78297
9.77587
9.77501
9.57981
9.57709
9.57672
9.46438
9.46093
9.46009
9.02091
8.99545
8.99427
8.70654
8.68927
8.68587
8.61813
8.59832
8.59501
8.67423
8.63881
8.64341
8.18947
8.15674
8.15736
8.16657
8.13313
8.13455
8.60987
8.59108
8.59296
8.13693
8.11052
8.11508
8.127
8.10253
8.10634
11.2466
11.156
11.1544
11.1524
11.1233
11.1215
11.121
11.1194
11.1168
11.1162
11.0202
11.0188
11.0196
10.9868
10.9856
10.986
10.9571
10.9562
10.9568
10.6493
10.6496
10.652
10.6163
10.6169
10.619
10.5469
10.5478
10.55
9.84627
9.84949
9.85326
9.81515
9.8185
9.82199
9.67163
9.67514
9.67855
2.49862
2.51451
2.49454
3.42055
3.43113
3.41474
2.42632
2.44376
2.42265
3.06463
3.06147
3.04063
2.33932
2.34627
2.32107
2.35751
2.36193
2.33678
3.17193
3.15086
3.13426
2.53295
2.5199
2.49865
2.57096
2.55588
2.53567
3.47717
3.43885
3.43581
2.88138
2.84921
2.84102
2.93562
2.90257
2.8961
2.92724
3.0115
2.98183
3.09324
2.99648
3.10523
3.07301
3.07817
11.0843
11.0827
11.0817
11.0704
11.0696
11.0687
11.0513
11.0507
11.0497
10.9464
10.9461
10.9455
10.9257
10.9259
10.925
10.8987
10.8992
10.8983
10.6546
10.6563
10.6562
10.6472
10.6495
10.6491
10.6013
10.6039
10.6036
10.1364
10.1401
10.1403
10.1457
10.1494
10.1495
10.0666
10.0704
10.0704
-1.19022
-1.16293
-1.12569
-1.09954
-1.11225
-1.18416
-1.13236
-1.16217
-0.693929
-0.667587
-0.688051
-0.878624
-0.851595
-0.867617
-0.821353
-0.79481
-0.811709
-0.106421
-0.100483
-0.116386
-0.341764
-0.33017
-0.34547
-0.280418
-0.270881
-0.285682
0.210997
0.2034
0.194361
0.0235057
0.0218226
0.0108323
0.0539912
0.0511754
0.0410466
-0.0190336
-0.0324774
-0.0397224
0.0474001
0.0374586
0.0327065
-0.0148168
-0.0238571
-0.0295492
-1.47629
0.158862
-2.1187
-2.09364
-1.19779
-1.28888
-1.21687
-1.35041
-1.24054
-1.23707
-1.23995
-1.28004
-1.28261
-1.28507
-1.225
-1.2227
-1.22592
-0.725541
-0.718197
-0.71367
-0.777627
-0.772677
-0.770945
-0.739422
-0.733514
-0.731702
-0.466937
-0.46276
-0.463361
-0.516739
-0.511905
-0.512227
-0.502362
-0.49732
-0.497905
-0.290946
-0.287161
-0.288167
-0.348457
-0.343634
-0.344408
-0.330021
-0.325211
-0.325987
-0.152234
-0.148343
-0.149225
-0.207652
-0.202859
-0.20347
-0.192557
-0.187848
-0.188362
10.9063
10.91
10.908
10.8748
10.8796
10.8774
10.8621
10.8671
10.8648
10.7819
10.7857
10.784
10.7612
10.7658
10.764
10.737
10.7415
10.7397
-0.594082
-0.578904
-0.583867
-0.642461
-0.62432
-0.630978
-0.562454
-0.546328
-0.551559
-0.28758
-0.270803
-0.279055
-0.272649
-0.254909
-0.261215
-0.229199
-0.212175
-0.218527
-0.0365892
-0.0264065
-0.0323999
0.0181807
0.0290508
0.0243587
0.0432437
0.0538233
0.0494949
0.0277003
0.0377155
0.0363787
0.1621
0.17279
0.170117
0.182604
0.192428
0.190374
0.0320515
0.0429862
0.0420634
0.261794
0.270128
0.269455
0.265868
0.274192
0.273526
0.0593717
0.0675908
0.0664764
0.289398
0.296677
0.295677
0.279925
0.286947
0.285896
0.0123041
0.0179362
0.0177637
0.214695
0.220846
0.220403
0.200155
0.206175
0.205683
-0.00915368
-0.00219037
-0.00420193
0.149666
0.155393
0.154868
0.140441
0.146264
0.145518
0.0186265
0.0253278
0.02408
0.120005
0.125845
0.125053
0.116206
0.122013
0.121193
0.0521933
0.0568934
0.0572055
0.0995984
0.104592
0.104703
0.0964471
0.101249
0.101549
10.8171
10.8238
10.8213
10.7706
10.7778
10.7756
10.765
10.7722
10.7703
0.370375
0.386313
0.301312
0.31236
0.307059
0.425045
0.432484
0.428695
0.669744
0.6806
0.675496
0.742097
0.75226
0.74726
0.785551
0.79522
0.790346
1.01383
1.02203
1.01765
1.09757
1.10475
1.10063
1.13372
1.14076
1.13666
1.27859
1.28592
1.28183
1.37351
1.37975
1.37601
1.4019
1.40819
1.40451
1.4275
1.4356
1.43244
1.55175
1.55788
1.55506
1.56512
1.57138
1.56865
1.39154
1.3991
1.39857
1.55423
1.56034
1.56002
1.54454
1.55056
1.55056
1.20982
1.21526
1.21543
1.39566
1.39973
1.40063
1.36803
1.37206
1.37285
0.902913
0.907169
0.906733
1.087
1.08989
1.09016
1.04379
1.04656
1.04688
0.542403
0.543432
0.543794
0.694404
0.694234
0.695056
0.645639
0.645032
0.645994
11.8605
11.854
11.8535
11.8548
11.8488
11.849
11.6095
11.6165
11.6129
11.3966
11.3952
11.395
11.0736
11.0728
11.0706
-2.44286
-2.33456
-2.37298
-1.97558
-1.60774
-1.64668
-1.63464
-1.5453
-1.53244
-1.53725
-1.54813
-1.56946
-1.56116
-2.9281
-2.89144
-2.91808
-2.93479
-2.9016
-2.92854
-1.92842
-1.91954
-1.93975
-1.95336
-1.94584
-1.96745
-1.3341
-1.31314
-1.33157
-1.21221
-1.21201
-1.22463
-1.19483
-1.19741
-1.2094
-1.30928
-1.29162
-1.30919
-1.3899
-1.39485
-1.39332
-1.42212
-1.43235
-1.42728
-1.04421
-1.04441
-1.0478
-1.00926
-1.00812
-1.01101
-1.11088
-1.08417
-1.10147
-1.18671
-1.14974
-1.16523
-1.14633
-1.11133
-1.1263
-1.07469
-1.05127
-1.06764
-0.438965
-0.43861
-0.429602
-0.465941
-0.460696
-0.451671
-0.431423
-0.427065
-0.417127
-0.409544
-0.409789
-0.399949
-0.876658
-0.873429
-0.875267
-0.699115
-0.693466
-0.693839
-0.915171
-0.913107
-0.915337
-0.634097
-0.630226
-0.631362
-0.481475
-0.478583
-0.479107
-0.612459
-0.608699
-0.609881
-0.372621
-0.37623
-0.367729
-0.344993
-0.349372
-0.341278
-0.324078
-0.329232
-0.320473
-0.346453
-0.350895
-0.341544
-0.201943
-0.200629
-0.197631
-0.223777
-0.222145
-0.218918
-0.22251
-0.220769
-0.217262
-0.204375
-0.202718
-0.199576
-0.557323
-0.553837
-0.555007
-0.433167
-0.43086
-0.431165
-0.57711
-0.57361
-0.574788
-0.429709
-0.426288
-0.427213
-0.296339
-0.295002
-0.295357
-0.315887
-0.314399
-0.314623
-0.408359
-0.404859
-0.405716
-0.187623
-0.186098
-0.183316
-0.168917
-0.167852
-0.165213
-0.178961
-0.177116
-0.174591
-0.19443
-0.192306
-0.189523
-0.0866997
-0.0872038
-0.085605
-0.101549
-0.101769
-0.100069
-0.125176
-0.123924
-0.12266
-0.111964
-0.110923
-0.109779
-0.361709
-0.358202
-0.35897
-0.254644
-0.252994
-0.253693
-0.383188
-0.379788
-0.380566
-0.25928
-0.255567
-0.256679
-0.160163
-0.158083
-0.159159
-0.241897
-0.23815
-0.239447
-0.076395
-0.0766011
-0.0752982
-0.0627251
-0.0631272
-0.0619184
-0.0914024
-0.0901103
-0.0893994
-0.103617
-0.102201
-0.101376
0.00473943
0.00463063
0.00516694
-0.00623184
-0.00616254
-0.00565725
-0.042855
-0.0405719
-0.0408322
-0.0331308
-0.0309313
-0.0312395
-0.21032
-0.206749
-0.208307
-0.22519
-0.221707
-0.223165
-0.139971
-0.136466
-0.140398
-0.135195
-0.13788
0.015888
0.0159186
0.0164245
0.0255902
0.0255653
0.0261853
-0.0143078
-0.0120376
-0.0123982
-0.0232341
-0.0207944
-0.0212269
0.0691005
0.0687334
0.0702208
0.0306152
0.0321124
0.0327419
0.0705636
0.0704576
0.0718327
0.0324866
0.0342872
0.034458
12.0683
12.0679
12.0692
12.0717
12.0707
12.0729
12.0634
12.0626
12.0648
11.7381
11.7315
11.7352
11.6804
11.671
11.6751
11.736
11.7294
11.7332
11.7729
11.7676
11.7718
11.673
11.6648
11.6691
11.7615
11.7558
11.76
12.1969
12.2022
12.2227
12.2294
12.198
12.2007
11.7838
11.7784
11.7825
11.6969
11.6896
11.694
11.7956
11.7901
11.7943
11.914
11.9134
11.9174
11.774
11.7699
11.7742
11.8855
11.8836
11.8876
11.6456
11.6453
11.6378
11.6377
11.633
11.639
11.6399
11.6353
11.4339
11.4338
11.4332
11.4005
11.4007
11.403
11.4255
11.4258
11.4259
11.3532
11.3537
11.3568
11.3159
11.3165
11.3202
11.3746
11.3753
11.3785
11.609
11.5978
11.601
11.554
11.5406
11.5431
11.5752
11.5624
11.5646
11.3285
11.3288
11.3317
11.221
11.2213
11.225
11.2998
11.3001
11.3029
11.0408
11.0382
11.0393
10.9709
10.9708
10.9734
11.0929
11.0912
11.0926
11.5347
11.5231
11.5277
11.4181
11.4037
11.4082
11.4286
11.4133
11.4179
10.9819
10.9783
10.979
10.7692
10.7671
10.7684
10.9231
10.9185
10.9189
10.5144
10.5024
10.5017
10.3714
10.3646
10.3642
10.5827
10.572
10.5715
11.5844
11.5773
11.5818
11.4379
11.4294
11.434
11.4224
11.4131
11.4176
10.4406
10.4271
10.4264
10.124
10.1133
10.1123
10.3728
10.358
10.3574
9.97449
9.95061
9.95201
9.72487
9.70518
9.70428
10.0318
10.0094
10.0103
11.7379
11.7412
11.7448
11.5971
11.5981
11.6017
11.5666
11.5681
11.5716
9.91522
9.88986
9.89189
9.5243
9.49903
9.49955
9.86613
9.83939
9.84204
9.68372
9.65428
9.66067
9.30306
9.26957
9.27386
9.70084
9.67001
9.67621
11.9814
9.68684
9.6599
9.666
9.2592
9.22828
9.23382
9.67831
9.65299
9.65911
9.63896
9.62699
9.63211
9.2887
9.26914
9.27425
9.67428
9.65965
9.66249
11.3516
11.3519
11.3528
11.3026
11.302
11.3046
11.3233
11.3226
11.3251
11.1377
11.1361
11.1368
11.0654
11.0641
11.0649
11.1187
11.1173
11.1182
10.9251
10.9243
10.9262
10.8871
10.8861
10.8874
10.9672
10.9661
10.9676
11.2051
11.2053
11.2089
11.0697
11.07
11.0736
11.1126
11.1126
11.116
10.8781
10.8774
10.8796
10.7262
10.7264
10.7286
10.8264
10.8261
10.8285
10.3789
10.3805
10.3842
10.3255
10.3273
10.3306
10.4687
10.4698
10.4733
10.7975
10.7978
10.8015
10.5451
10.5466
10.5507
10.627
10.6282
10.6324
10.2746
10.2765
10.2804
9.98898
9.99211
9.99593
10.1681
10.1704
10.1746
9.29583
9.30081
9.30428
9.19522
9.19982
9.20248
9.46246
9.4671
9.47033
10.0872
10.0825
10.0828
9.69794
9.69583
9.69572
9.81197
9.8104
9.81091
8.57318
8.57887
8.58017
9.10342
9.10879
9.11236
8.9155
8.92175
8.92468
7.17715
7.18714
7.18713
7.49472
7.50481
7.50515
7.73126
7.74112
7.74219
9.28331
9.26654
9.2644
8.80273
8.78952
8.78591
8.90066
8.88942
8.88609
6.26966
6.2813
6.27799
7.20633
7.21649
7.21568
6.9641
6.97505
6.97232
4.91802
4.93168
4.9231
5.60314
5.60985
5.60144
5.77424
5.78183
5.77451
8.69095
8.65617
8.6582
8.17905
8.14569
8.14544
8.23006
8.19839
8.19736
5.43775
5.44321
5.43399
4.4868
4.49963
4.4881
5.30063
5.30492
5.29465
4.74187
4.73461
4.72002
4.10912
4.11249
4.09649
4.80707
4.80213
4.78797
8.59764
8.56753
8.57356
8.0917
8.05923
8.06478
8.09185
8.05701
8.06218
4.68188
4.67186
4.65707
3.98865
3.98406
3.96708
4.6337
4.62094
4.60615
4.48988
4.4591
4.44987
3.87527
3.85439
3.83874
4.49033
4.46248
4.45206
8.5118
8.47991
7.92216
7.9027
7.93582
7.91756
4.49348
4.45959
4.45167
3.89089
3.8611
3.84918
4.50953
4.47232
4.4658
4.73945
4.69669
4.69856
4.08735
4.04717
4.04294
4.71579
4.67137
4.67216
11.2205
11.2035
11.1746
11.1409
11.1626
11.1372
11.1479
11.1384
11.1316
11.1295
11.1268
11.0941
11.092
11.0911
11.1121
11.1099
11.1086
11.041
11.0395
11.039
11.0311
11.03
11.0294
11.0631
11.0614
11.0608
11.0926
11.091
11.091
11.0179
11.0165
11.0164
11.0441
11.0426
11.0424
11.0287
11.0274
11.0271
10.963
10.9626
10.9621
11.005
11.0039
11.0038
10.8246
10.8247
10.8248
10.8077
10.8079
10.8077
10.8628
10.8624
10.8624
10.8239
10.8229
10.8246
10.6799
10.6799
10.6816
10.7383
10.738
10.7396
10.7823
10.7825
10.7827
10.674
10.6752
10.6751
10.7378
10.7386
10.7388
10.3774
10.3794
10.3804
10.3749
10.3777
10.3783
10.4476
10.4495
10.4503
10.2086
10.2104
10.2136
9.95318
9.95652
9.95976
10.0709
10.0738
10.077
10.298
10.2998
10.3009
10.1348
10.137
10.1379
10.2145
10.2164
10.2175
9.57869
9.58108
9.58154
9.60149
9.60118
9.60246
9.69645
9.69832
9.69944
8.50714
8.50852
8.50958
8.98112
8.9851
8.98736
8.73111
8.73436
8.73512
9.2493
9.18959
9.23293
9.43771
9.441
9.44157
9.32392
9.32358
9.32513
8.73207
8.09856
8.42977
3.14159
3.1471
3.1277
2.35989
2.37279
2.34885
2.35163
2.36761
2.34413
-1.21289
-1.12282
-0.891418
-1.118
-1.04363
-1.09251
-0.883528
-0.859702
-0.88357
-0.927936
-0.903453
-0.924554
3.09137
3.07619
3.0566
2.50343
2.49245
2.47053
2.48191
2.47388
2.45143
-0.835544
-0.809868
-0.834762
-0.988275
-0.960087
-0.978924
-0.776921
-0.749973
-0.775896
-0.317059
-0.293571
-0.321341
-0.684501
-0.653971
-0.677964
-0.407492
-0.381725
-0.410064
3.33389
3.29617
3.28828
2.80173
2.76973
2.75961
2.74519
2.71469
2.70284
-0.225331
-0.204223
-0.231041
-0.438693
-0.414048
-0.43785
-0.132062
-0.113602
-0.139254
0.338035
0.340215
0.321523
-0.0153454
-0.00546587
-0.0242428
0.273322
0.278109
0.258496
3.462
3.43519
3.43629
3.15063
3.11353
3.11078
3.08315
3.05691
3.05488
0.394016
0.393472
0.37572
0.173432
0.175881
0.159251
0.451959
0.449388
0.432661
0.711679
0.697303
0.68856
0.408062
0.400462
0.388441
0.677256
0.664549
0.653915
3.5609
0.752996
0.736807
0.729675
0.514903
0.502274
0.49473
0.769473
0.751929
0.746556
0.541476
0.520124
0.52209
0.509133
0.495943
0.491209
0.650151
0.633766
0.626465
11.0781
11.0764
11.0753
10.9886
10.9909
10.9897
11.0205
11.0198
11.0197
10.9558
10.956
10.9555
10.979
10.979
10.9784
10.9788
10.9811
10.98
10.915
10.9187
10.917
10.9629
10.9656
10.9644
10.8584
10.8616
10.8601
10.8358
10.8395
10.838
10.8791
10.8817
10.8803
10.7955
10.7959
10.7958
10.7013
10.703
10.7028
10.7432
10.7445
10.7442
10.8367
10.8402
10.8387
10.772
10.7767
10.7749
10.8142
10.8179
10.8164
10.6342
10.6372
10.6361
10.6297
10.634
10.633
10.6745
10.6777
10.6766
10.3708
10.3736
10.3738
10.2376
10.2406
10.2408
10.3092
10.3121
10.3122
10.5068
10.5102
10.5099
10.6031
10.6061
10.6051
10.5582
10.5608
10.56
10.3038
10.3019
10.3638
10.3379
10.3567
10.2887
10.3482
10.3101
9.51922
9.5184
9.68575
9.68503
9.68588
9.61603
9.56836
9.60252
9.97999
10.2835
10.2902
10.2961
10.2792
-0.88739
-0.857639
-0.876021
-0.935422
-0.908174
-0.923235
-0.992821
-0.965579
-0.980074
-1.06267
-1.0879
-1.07407
-1.15223
-1.13536
-0.289539
-0.275765
-0.293271
-0.400385
-0.385308
-0.401045
-0.474202
-0.456968
-0.473279
-0.981034
-0.962888
-1.06715
-1.04528
-1.05719
-0.969138
-1.00128
-0.974768
-0.75427
-0.738199
-0.744653
-0.770914
-0.751595
-0.761355
-0.811016
-0.79245
-0.801371
0.134533
0.131355
0.119255
0.000499769
6.94821e-05
-0.0114028
-0.0368424
-0.035889
-0.0481708
-0.725009
-0.705396
-0.715833
-0.63817
-0.620877
-0.628885
-0.676485
-0.657371
-0.667951
-0.380488
-0.366995
-0.376762
-0.405361
-0.389301
-0.398788
-0.424965
-0.410693
-0.420595
0.195318
0.183103
0.178723
0.0761783
0.0674052
0.0624396
0.105273
0.0975967
0.0916703
-0.339903
-0.327383
-0.337051
-0.276805
-0.262838
-0.271837
-0.302165
-0.290509
-0.299997
-0.149988
-0.14325
-0.151302
-0.126152
-0.116832
-0.125115
-0.165954
-0.158761
-0.167116
-0.593977
-0.693849
-0.660714
-0.733506
-0.671753
-0.658019
-0.140173
-0.133768
-0.141415
-0.0767848
-0.0680331
-0.0755374
-0.131965
-0.125774
-0.133032
-0.215888
-0.206447
-0.210434
-0.0920759
-0.0826448
-0.0861667
-0.194826
-0.186782
-0.190709
-4.02656
-1.48545
-1.3522
-1.03798
-0.272499
-0.263205
-0.265405
-0.134887
-0.12543
-0.126161
-0.293145
-0.285865
-0.286462
-0.504507
-0.495714
-0.498925
-0.226536
-0.215044
-0.216397
-0.472309
-0.46557
-0.468368
-1.44588
-1.43488
-1.44019
-1.35006
-1.35733
-1.35903
-1.3871
-1.40144
-1.40259
-0.514563
-0.503066
-0.506722
-0.258373
-0.244093
-0.246054
-0.535199
-0.521757
-0.525661
-0.482895
-0.466931
-0.470182
-0.225998
-0.212218
-0.214347
-0.490142
-0.472907
-0.4765
-0.886108
-0.880633
-0.879925
-0.847913
-0.843226
-0.842291
-0.884914
-0.880855
-0.880103
-0.454762
-0.439779
-0.44277
-0.208072
-0.197591
-0.199273
-0.447662
-0.434436
-0.437041
-0.360777
-0.35423
-0.356596
-0.170971
-0.164656
-0.165472
-0.360899
-0.353909
-0.355755
-0.525153
-0.521515
-0.520313
-0.541262
-0.536245
-0.536474
-0.553149
-0.548204
-0.54795
-0.339926
-0.333339
-0.336061
-0.170139
-0.165134
-0.166162
-0.341072
-0.334722
-0.337761
-0.271287
-0.264826
-0.267441
-0.138419
-0.132972
-0.135109
-0.275668
-0.268994
-0.271576
-0.348315
-0.344273
-0.345353
-0.366786
-0.361937
-0.36271
-0.385059
-0.380275
-0.380974
-0.248695
-0.242147
-0.24496
-0.125982
-0.119952
-0.121664
-0.241921
-0.23554
-0.238399
-0.150436
-0.144308
-0.146683
-0.0806518
-0.0753323
-0.0764163
-0.160124
-0.153826
-0.156391
-0.195153
-0.191288
-0.192257
-0.220434
-0.2158
-0.216385
-0.236473
-0.231767
-0.232328
-0.132864
-0.127006
-0.129131
-0.0580761
-0.0530178
-0.0537194
-0.122409
-0.116727
-0.118532
-0.0450288
-0.0416133
-0.0416012
-0.0266711
-0.0218306
-0.0224023
-0.0559118
-0.0522949
-0.0524806
-0.0808939
-0.0842674
-0.0807094
-0.0992085
-0.109629
-0.100785
-0.125039
-0.120862
-0.121066
-0.0363407
-0.0328679
-0.0327565
-0.0104453
-0.00601232
-0.00605023
-0.0265296
-0.0232422
-0.0229931
0.00875216
0.0115213
0.012733
0.00147748
0.00509772
0.00593158
0.00199928
0.00506878
0.00602898
10.887
10.8921
10.8898
10.822
10.8291
10.8263
10.8442
10.8486
10.8468
10.7835
10.7892
10.7875
10.8023
10.8077
10.8057
10.8275
10.8343
10.8314
10.7862
10.7933
10.7912
10.8274
10.8345
10.8314
10.8097
10.8166
10.8138
10.7675
10.7707
10.769
10.8268
10.832
10.8299
10.5828
10.5855
10.5844
10.6682
10.6722
10.6709
10.6132
10.6172
10.6164
10.7321
10.717
10.7262
10.8042
10.8111
10.8089
10.8241
10.8242
10.8229
11.2191
10.3437
10.7871
-0.415233
-0.397075
-0.405425
-0.309966
-0.292123
-0.298568
-0.353274
-0.335124
-0.34145
-0.425005
-0.181342
-0.266552
0.140636
0.149292
0.145434
0.0477299
0.0604946
0.0550651
0.00410974
0.0160589
0.0107477
-0.100253
-0.0884297
-0.0960783
-0.00181157
0.0103004
0.00502219
-0.0314904
-0.018893
-0.0245113
0.0923377
0.106361
0.1006
0.260727
0.27388
0.268488
0.128363
0.143325
0.137438
0.403029
0.416324
0.411
0.486969
0.499715
0.494514
0.358562
0.372496
0.367075
0.0156645
0.0265852
0.0232034
0.158731
0.170135
0.166737
0.141241
0.152547
0.148818
0.456907
0.46931
0.464163
0.628174
0.638792
0.633973
0.502669
0.514403
0.509403
0.746214
0.755775
0.751344
0.837008
0.845668
0.841394
0.710525
0.720095
0.715646
0.0356951
0.0456313
0.044915
0.254742
0.263091
0.262355
0.247508
0.255831
0.255024
0.783074
0.792519
0.788159
0.945509
0.954024
0.949813
0.818621
0.828068
0.823681
1.0084
1.01706
1.01301
1.10634
1.1142
1.11024
0.979689
0.988272
0.984156
0.0668927
0.0772301
0.0759943
0.292304
0.299952
0.298965
0.296876
0.304884
0.303915
1.03444
1.04291
1.03903
1.18647
1.19424
1.19044
1.05976
1.06834
1.06454
1.15611
1.16537
1.16204
1.27751
1.28581
1.28238
1.14574
1.15471
1.15132
0.046821
0.0536188
0.0527132
0.226569
0.232949
0.232475
0.241671
0.248299
0.247738
1.16062
1.17002
1.16675
1.30527
1.31404
1.31086
1.16536
1.17496
1.17176
1.12067
1.12987
1.12838
1.2848
1.29383
1.29203
1.132
1.14141
1.13963
0.00602531
0.0120193
0.0106066
0.159396
0.165051
0.164786
0.170282
0.175914
0.175767
1.10493
1.1138
1.11252
1.24765
1.25588
1.25503
1.09083
1.09946
1.09835
0.963002
0.97031
0.969601
1.14581
1.15255
1.15227
0.986698
0.99416
0.993463
0.0146429
0.0217914
0.0202427
0.126238
0.132064
0.131393
0.131242
0.137091
0.136372
0.935126
0.942258
0.941562
1.0666
1.07274
1.07246
0.909003
0.915998
0.915257
0.724911
0.731379
0.730223
0.900631
0.906133
0.905487
0.7561
0.762657
0.761563
0.04623
0.0518036
0.0513953
0.104964
0.110102
0.110056
0.108345
0.113644
0.113436
0.69038
0.696678
0.69552
0.791639
0.796534
0.795825
0.658624
0.664828
0.663681
0.459686
0.464046
0.463591
0.598546
0.601604
0.601388
0.490903
0.495607
0.494973
0.0708521
0.0736948
0.0756328
0.0540087
0.0573185
0.0587264
0.073054
0.0764011
0.0780645
0.42473
0.428545
0.428328
0.48378
0.485534
0.485983
0.393866
0.397232
0.39724
0.198974
0.198113
0.199938
0.278203
0.276371
0.27859
0.221237
0.221172
0.222879
10.7583
10.7654
10.7631
10.791
10.7838
10.8737
10.8739
10.8723
10.7669
10.7543
10.7609
0.539613
0.55208
0.546384
0.705284
0.715642
0.71046
0.664408
0.675114
0.669825
0.905607
0.91422
0.909688
1.06449
1.07186
1.06758
1.0267
1.03424
1.02994
1.19485
1.20231
1.1981
1.34828
1.35453
1.3507
1.31734
1.32354
1.31967
1.38959
1.39732
1.39381
1.54133
1.54742
1.54448
1.52223
1.52816
1.52511
1.42519
1.43364
1.43162
1.56829
1.57469
1.57378
1.57473
1.58127
1.57961
1.29176
1.29784
1.29802
1.42628
1.43063
1.43152
1.44953
1.45403
1.45492
1.02558
1.03052
1.03018
1.1337
1.13684
1.1371
1.17481
1.17812
1.17847
0.676608
0.67916
0.679035
0.747811
0.748285
0.748948
0.795852
0.796702
0.797272
0.327605
0.321789
0.324134
0.298223
0.295167
0.297025
0.36729
0.36241
0.364714
12.0327
12.0376
12.0357
12.04
12.0386
12.0349
12.0371
12.0375
11.9733
11.9732
11.9541
11.9524
11.9546
11.9725
11.9767
11.9757
11.9932
11.9923
11.9945
11.962
11.9605
11.963
11.9891
11.9883
11.9904
12.1234
12.123
12.124
12.1422
12.1421
12.1439
12.1247
12.1245
12.1264
12.0499
12.0486
12.0515
12.0419
12.0403
12.0437
12.0618
12.0606
12.0635
12.1007
12.1004
12.1034
12.0645
12.0635
12.0669
12.0849
12.0842
12.0872
11.6327
11.647
11.5891
11.5543
11.5558
11.5713
11.5784
11.58
11.5709
11.5682
11.5809
11.5801
11.6538
11.6453
11.6467
11.6237
11.6137
11.6147
11.6373
11.6283
11.6289
11.5882
11.5834
11.5817
11.5434
11.5401
11.5388
11.579
11.5733
11.5718
11.5533
11.5455
11.5444
11.5315
11.5274
11.5259
11.5702
11.5634
11.5621
11.5699
11.5572
11.5615
11.4816
11.4666
11.47
11.4987
11.4839
11.4871
11.4431
11.4294
11.4302
11.3376
11.3249
11.3243
11.4175
11.4031
11.4042
11.3631
11.3475
11.3494
11.3014
11.2875
11.2873
11.3888
11.3737
11.3752
11.5364
11.5254
11.5302
11.4004
11.3867
11.3916
11.402
11.3879
11.3927
11.2379
11.2207
11.2246
11.0662
11.0479
11.0507
11.2185
11.2008
11.2052
11.1809
11.1633
11.1684
11.0352
11.0161
11.0194
11.1971
11.1793
11.1841
11.6758
11.6735
11.6781
11.5272
11.5234
11.5281
11.5056
11.5001
11.5049
11.1632
11.1485
11.1541
10.9395
10.9212
10.9268
11.1691
11.156
11.1615
11.2063
11.1963
11.2016
10.9505
10.9341
10.9395
11.1913
11.1801
11.1854
11.869
11.8692
11.6478
11.6491
11.6188
11.6223
11.3073
11.3048
11.3082
11.0449
11.0428
11.0466
11.3097
11.3103
11.3143
11.3312
11.3315
11.0696
11.0663
11.0701
11.3237
11.315
11.3222
12.6141
11.3847
11.3808
11.3458
11.3344
11.3417
11.3076
11.3272
11.314
11.2809
11.2781
11.2477
11.2468
11.2473
11.2687
11.2905
11.2746
11.2767
11.2765
11.2771
11.2385
11.2368
11.2377
11.2827
11.282
11.2823
11.3067
11.3065
11.3095
11.2127
11.2123
11.2155
11.24
11.2396
11.2427
11.1973
11.1965
11.1988
11.0923
11.0917
11.0941
11.1731
11.1724
11.175
11.112
11.1115
11.1147
11.0562
11.0557
11.0585
11.1446
11.144
11.147
11.0455
11.0457
11.0498
10.8516
10.8526
10.857
10.9123
10.913
10.9172
10.8801
10.8804
10.8843
10.6663
10.6676
10.6718
10.8195
10.82
10.8241
10.6781
10.6788
10.6837
10.5855
10.5869
10.591
10.7495
10.7501
10.7545
10.4771
10.4755
10.4777
10.1547
10.1547
10.1574
10.2582
10.2588
10.262
10.214
10.2157
10.2205
9.84047
9.84378
9.84852
10.1064
10.1083
10.1129
9.8661
9.86742
9.87124
9.70251
9.70593
9.71049
9.98625
9.98787
9.9922
9.67683
9.66811
9.6669
9.23238
9.2265
9.22459
9.34425
9.33966
9.33827
9.17747
9.17658
9.1764
8.62802
8.62999
8.62936
9.03727
9.03582
9.03502
8.75427
8.75088
8.74871
8.46329
8.4646
8.46322
8.89032
8.88797
8.88649
8.94517
8.91772
8.9171
8.45717
8.43272
8.43006
8.5327
8.51039
8.50738
8.11836
8.10513
8.10047
7.51728
7.50935
7.50307
8.01148
7.99569
7.99081
7.81299
7.79193
7.78706
7.40978
7.39962
7.39287
7.90587
7.88747
7.88254
8.66004
8.62614
8.63113
8.13897
8.10411
8.10751
8.14525
8.11044
8.11298
7.47745
7.44479
7.44289
6.89107
6.86186
6.85736
7.4472
7.41289
7.41171
7.41074
7.37425
7.37494
6.84829
6.81652
6.81303
7.41864
7.38308
7.38282
8.549
8.53206
8.53694
8.12246
8.09873
8.10212
8.08865
8.0686
8.07264
7.4157
7.38218
7.38636
6.82458
6.78905
6.79221
7.4205
7.38865
7.39317
7.40788
7.37849
7.383
6.82332
6.78975
6.79329
7.3987
7.36945
7.37438
11.1501
10.9966
11.2028
11.1105
11.118
11.1692
11.2036
11.1839
11.1277
11.1251
11.1028
11.1154
11.1401
11.1386
11.1379
11.0929
11.0911
11.0907
11.1056
11.1033
11.1029
11.1129
11.1111
11.1104
11.0634
11.0615
11.0607
11.1028
11.1008
11.1
11.0729
11.0711
11.0708
11.0465
11.0446
11.044
11.0875
11.0855
11.0851
10.9883
10.987
10.988
10.8838
10.8834
10.8844
10.9215
10.9206
10.9214
10.9529
10.9516
10.9522
10.8539
10.8537
10.8541
10.9194
10.9186
10.9193
10.8394
10.8391
10.8402
10.8107
10.8106
10.8113
10.8804
10.8798
10.8807
10.5755
10.5761
10.5786
10.3818
10.3835
10.386
10.4664
10.4675
10.4699
10.5515
10.5523
10.5543
10.3803
10.3823
10.3844
10.4779
10.479
10.4813
10.3033
10.3049
10.3073
10.2911
10.2931
10.2953
10.3929
10.3941
10.3965
9.69644
9.69996
9.70373
9.34189
9.34568
9.34881
9.5092
9.51271
9.51596
9.70863
9.7114
9.71409
9.40944
9.41198
9.41414
9.56004
9.56283
9.56534
9.22242
9.22521
9.22698
9.235
9.23689
9.23872
9.39343
9.39621
9.3984
1.43412
1.43963
1.41321
0.39903
0.412648
0.370078
1.33557
1.34353
1.31376
3.31833
3.32783
3.31067
2.33657
2.35429
2.33112
2.37546
2.39381
2.37175
0.384558
0.403505
0.366846
1.25123
1.26242
1.23033
1.2886
1.29882
1.26788
3.06222
3.05656
3.03569
2.40334
2.40294
2.37837
2.37775
2.37963
2.35472
1.38155
1.39108
1.36032
0.75235
0.768657
0.734214
1.43343
1.44138
1.41128
1.54652
1.54992
1.52138
0.831597
0.844797
0.811754
1.48904
1.4946
1.46528
3.19493
3.17113
3.15592
2.63782
2.61773
2.60005
2.59834
2.58067
2.56166
1.81099
1.80313
1.77891
1.32602
1.32357
1.2987
1.86298
1.85303
1.82982
1.95517
1.94048
1.91973
1.38119
1.37604
1.35226
1.90659
1.89416
1.87212
3.5287
3.48996
3.4892
3.05116
3.0168
3.01436
3.00863
2.97544
2.97094
2.18833
2.16143
2.14967
1.75438
1.73068
1.71715
2.23718
2.2078
2.19784
2.34631
2.31514
2.30918
1.82734
1.80259
1.79155
2.30555
2.27499
2.26723
3.53146
3.46855
3.09164
3.04711
3.07249
3.03535
2.43856
2.41723
2.40863
2.10682
2.08251
2.08048
2.38631
2.35907
2.36011
2.40091
2.33895
2.16902
2.13425
2.13126
2.36415
2.32372
2.32269
11.0786
11.0771
11.0764
11.0248
11.0245
11.0238
11.0433
11.0428
11.042
11.066
11.0651
11.0644
11.0094
11.0095
11.0084
11.0483
11.0478
11.047
11.0225
11.0227
11.0222
10.9987
10.9993
10.9983
11.0406
11.0404
11.0398
10.9193
10.919
10.9185
10.8397
10.8407
10.8399
10.8708
10.8714
10.8706
10.9219
10.9227
10.922
10.8477
10.8495
10.8485
10.8946
10.8957
10.8949
10.8348
10.8361
10.8353
10.8198
10.8216
10.8206
10.8662
10.8672
10.8665
10.6017
10.6037
10.6036
10.494
10.4971
10.4969
10.5475
10.5502
10.5499
10.6462
10.6485
10.648
10.5601
10.5637
10.5634
10.6034
10.6061
10.6056
10.5039
10.507
10.5064
10.5073
10.511
10.5108
10.5524
10.5552
10.5547
10.0482
10.052
10.0522
9.88687
9.88918
9.88956
9.9737
9.97719
9.97755
10.1871
10.1908
10.1901
10.0526
10.0546
10.0536
10.1167
10.1215
10.1203
9.98212
9.98354
9.98355
9.94896
9.95268
9.95448
10.0349
10.0401
10.0391
-1.2679
-1.24206
-1.27632
-1.25262
-1.20995
-1.19478
-1.09263
-1.06629
-1.08078
-1.11628
-1.09249
-1.1047
-1.13691
-1.11451
-1.12637
-1.12509
-1.1328
-1.13119
-1.16117
-1.13605
-1.23569
-1.19802
-1.22098
-0.618812
-0.594173
-0.614658
-0.692756
-0.669114
-0.686691
-0.762756
-0.737197
-0.754706
-0.984732
-0.961053
-0.974236
-0.953264
-0.932127
-0.943089
-0.931664
-0.908095
-0.921742
-0.825053
-0.802227
-0.817216
-0.908052
-0.887053
-0.898644
-0.882264
-0.858758
-0.873187
-0.0555651
-0.0517381
-0.0670983
-0.176924
-0.171355
-0.185307
-0.228651
-0.221373
-0.235767
-0.506821
-0.492611
-0.506682
-0.53607
-0.521361
-0.534263
-0.444276
-0.432002
-0.44554
-0.337124
-0.328766
-0.341519
-0.480529
-0.467527
-0.479988
-0.388797
-0.378656
-0.391787
0.232652
0.223506
0.215451
0.0980794
0.0926065
0.0842574
0.0806378
0.0763364
0.0670051
-0.143028
-0.141175
-0.151801
-0.190805
-0.186525
-0.19696
-0.114451
-0.113638
-0.123535
-0.0739343
-0.0753331
-0.0838478
-0.164117
-0.160943
-0.170893
-0.0907519
-0.0910811
-0.100351
-0.162836
-0.18054
-0.178026
-0.148595
-0.163122
-0.166877
-0.105723
-0.113316
-0.118025
-0.105
-0.111499
-0.116
-0.139035
-0.141994
-0.147825
-0.150096
-0.157179
-0.161588
-0.280038
-0.288845
-0.292916
-0.182452
-0.185911
-0.191089
-0.217447
-0.224948
-0.228233
-0.12328
0.0472269
-1.08269
-0.945953
-0.640005
-0.572224
-0.63906
-0.533681
-0.363724
-0.681236
-0.672594
-0.70075
-0.653
-0.729041
-0.777075
-0.716938
-1.82937
-1.88586
-1.41462
-1.43034
-1.45949
-1.40403
-1.27913
-1.39863
-1.32212
-1.18419
-1.34161
-1.17558
-1.19859
-1.21651
-1.35977
-1.35282
-1.41738
-1.37222
-1.39856
-1.41065
-1.19084
-1.20755
-1.21994
-1.36761
-1.39512
-1.42164
-1.15294
-1.1516
-1.15596
-1.09273
-1.08663
-1.08904
-1.13582
-1.13095
-1.13386
-1.1538
-1.14328
-1.1482
-1.05227
-1.04295
-1.04726
-1.12802
-1.11869
-1.12363
-1.03793
-1.03186
-1.03532
-0.986856
-0.977751
-0.982076
-1.06562
-1.05834
-1.06273
-0.660919
-0.653854
-0.648574
-0.648023
-0.641698
-0.640186
-0.674412
-0.668218
-0.666277
-0.757197
-0.748808
-0.752454
-0.70009
-0.693939
-0.697367
-0.72952
-0.72174
-0.725104
-0.644781
-0.638197
-0.640687
-0.646902
-0.641324
-0.644621
-0.670881
-0.663959
-0.666896
-0.439778
-0.43574
-0.436481
-0.457354
-0.452376
-0.453061
-0.473998
-0.469244
-0.46981
-0.464878
-0.460839
-0.461276
-0.44887
-0.444033
-0.445763
-0.445598
-0.441696
-0.442061
-0.392879
-0.38921
-0.38939
-0.417895
-0.413653
-0.415003
-0.412233
-0.408605
-0.408791
-0.270013
-0.26624
-0.267254
-0.291926
-0.287211
-0.287942
-0.309767
-0.304929
-0.305692
-0.281868
-0.278704
-0.278902
-0.283358
-0.27968
-0.280461
-0.264868
-0.26173
-0.262003
-0.230426
-0.227138
-0.227577
-0.267805
-0.264093
-0.26493
-0.246758
-0.243504
-0.243905
-0.1373
-0.133296
-0.134201
-0.164725
-0.159992
-0.160413
-0.178768
-0.173853
-0.174395
-0.156734
-0.153449
-0.153892
-0.168969
-0.165071
-0.165868
-0.142416
-0.139245
-0.139607
-0.117853
-0.114643
-0.114882
-0.161331
-0.157061
-0.157937
-0.131119
-0.127808
-0.128179
10.8964
10.9002
10.8984
10.8381
10.843
10.8409
10.8516
10.8565
10.8543
10.8737
10.8791
10.8766
10.8195
10.8263
10.8235
10.8639
10.8694
10.867
10.8469
10.8526
10.8505
10.815
10.8215
10.8188
10.8568
10.8621
10.8598
10.7652
10.7689
10.7674
10.6903
10.6939
10.6928
10.7196
10.7236
10.7222
10.7896
10.7945
10.7924
10.7263
10.7308
10.7294
10.7727
10.7773
10.7752
10.7358
10.7393
10.7378
10.7064
10.711
10.7095
10.7589
10.763
10.7612
-0.565128
-0.552113
-0.556645
-0.420024
-0.408369
-0.412799
-0.521359
-0.507818
-0.512454
-0.603409
-0.584258
-0.591454
-0.490746
-0.472475
-0.47815
-0.5272
-0.509736
-0.515249
-0.380804
-0.367869
-0.372657
-0.454
-0.436736
-0.442351
-0.485771
-0.470495
-0.475757
-0.242926
-0.227339
-0.235477
-0.143827
-0.12873
-0.134882
-0.184243
-0.168245
-0.174491
-0.242833
-0.224626
-0.230203
-0.0966051
-0.0798564
-0.0850649
-0.200164
-0.182577
-0.188078
-0.111238
-0.0953209
-0.100553
-0.0503674
-0.0342997
-0.0393357
-0.15261
-0.135938
-0.141269
-0.0222587
-0.0125389
-0.0176433
0.0876563
0.0984153
0.0944776
0.0643641
0.0747213
0.0706875
0.0815679
0.0938556
0.089475
0.226759
0.239122
0.234784
0.114226
0.126223
0.121908
0.175232
0.187207
0.183011
0.261465
0.273399
0.269171
0.145207
0.157045
0.152829
0.025405
0.0345385
0.0335569
0.209823
0.218178
0.21687
0.192467
0.201528
0.199873
0.300165
0.311429
0.307971
0.468382
0.478388
0.47492
0.329226
0.339636
0.336768
0.377848
0.386673
0.38459
0.493499
0.50249
0.499439
0.350776
0.360252
0.357764
0.0415734
0.0528703
0.0518013
0.277955
0.286282
0.285531
0.276115
0.284578
0.283838
0.475279
0.482865
0.481798
0.653657
0.660821
0.659151
0.486895
0.494409
0.493401
0.507232
0.514688
0.513686
0.668104
0.675235
0.673617
0.50013
0.507665
0.506653
0.063937
0.0718262
0.0706487
0.263474
0.270476
0.26927
0.277542
0.284573
0.283423
0.518013
0.525156
0.523913
0.686524
0.694052
0.692282
0.508603
0.515735
0.514428
0.485438
0.492967
0.491619
0.678073
0.68588
0.684039
0.501095
0.508442
0.50703
0.0134351
0.0191145
0.0188656
0.182297
0.188065
0.187752
0.195798
0.201704
0.201278
0.415201
0.422183
0.421589
0.576331
0.583681
0.582858
0.397839
0.40467
0.404051
0.368586
0.375111
0.374218
0.562046
0.569135
0.56829
0.386221
0.39296
0.392284
-0.00331298
0.00397662
0.00185029
0.13221
0.138102
0.13718
0.13925
0.145133
0.144278
0.301854
0.308634
0.307788
0.445978
0.452633
0.451696
0.287063
0.293937
0.293178
0.263726
0.270783
0.270003
0.430852
0.43741
0.436505
0.27707
0.283998
0.283283
0.0253749
0.0319121
0.0307644
0.112094
0.117723
0.116996
0.115436
0.121175
0.120332
0.216993
0.224077
0.223045
0.323579
0.329666
0.329264
0.207963
0.214968
0.213906
0.192594
0.199361
0.198363
0.309631
0.315611
0.31521
0.200893
0.207778
0.206742
0.054168
0.0585684
0.0591741
0.0895161
0.0938952
0.0946617
0.0924737
0.0971169
0.0976361
0.15618
0.161703
0.161479
0.215392
0.219791
0.22028
0.149357
0.154646
0.154738
0.134609
0.139137
0.139855
0.200565
0.20467
0.205383
0.141213
0.146127
0.14654
10.8303
10.8362
10.8343
10.7749
10.7783
10.7766
10.7729
10.7784
10.7774
0.356868
0.368627
0.363414
0.508719
0.518579
0.513188
0.472323
0.481579
0.476619
0.721507
0.731433
0.726568
0.880929
0.889465
0.884976
0.837745
0.846694
0.842095
1.05276
1.06064
1.05635
1.20783
1.21459
1.21057
1.17279
1.17951
1.1755
1.3043
1.31166
1.30767
1.45408
1.46058
1.45703
1.42842
1.43468
1.4311
1.43288
1.44103
1.43798
1.58002
1.58644
1.58392
1.57259
1.57882
1.57622
1.37448
1.38166
1.38136
1.51451
1.52003
1.5205
1.52824
1.53392
1.53419
1.17575
1.18113
1.18122
1.29924
1.30312
1.30364
1.33259
1.33655
1.33723
0.857052
0.860998
0.860606
0.948641
0.950792
0.951175
0.993961
0.996351
0.996714
0.49221
0.492562
0.49318
0.54046
0.538522
0.539877
0.589187
0.587851
0.589048
12.1827
12.133
12.1322
12.132
12.0629
12.0617
12.0611
11.6915
11.9379
11.9358
11.9366
11.9415
11.9415
11.9414
11.8902
11.8891
11.8892
11.9036
11.9043
11.9042
11.7758
11.7659
11.7929
11.7824
11.7851
12.899
12.5572
11.8411
11.8496
12.2571
12.2693
12.2654
11.5464
11.5417
11.9984
12.0035
12.0006
12.0014
11.785
11.7798
11.7787
10.7671
10.7638
10.7619
9.38369
9.36417
9.36372
11.2987
11.308
11.3033
10.7613
10.7737
-2.08698
-2.14897
-2.04957
-2.13039
-2.10602
-3.46949
-3.39057
-3.43807
-3.27119
-3.18412
-2.80826
-2.73094
-2.76813
-2.75596
-2.77004
-1.78423
-1.83386
-1.82191
-1.8459
-1.8995
-1.89093
-1.34307
-1.40031
-1.39641
-1.59193
-1.60703
-1.61132
-1.50524
-1.53437
-1.53917
-1.39877
-1.44555
-1.44028
-3.54707
-3.42304
-3.46147
-3.47397
-3.42135
-3.44181
-2.41522
-2.40611
-2.4224
-2.48237
-2.47422
-2.47751
-1.3813
-1.40582
-1.43019
-1.49006
-1.49565
-1.51604
-1.52477
-1.53245
-1.55523
-1.39976
-1.42671
-1.45188
-1.23095
-1.26786
-1.27577
-1.33318
-1.34877
-1.35655
-1.3273
-1.34445
-1.35227
-1.23194
-1.2693
-1.27822
-1.35482
-1.36791
-1.37343
-1.37943
-1.38675
-1.39496
-1.27067
-1.29302
-1.2978
-1.49611
-1.49133
-1.50377
-1.28821
-1.29113
-1.29232
-1.1004
-1.09857
-1.10075
-1.14919
-1.14697
-1.14874
-1.26353
-1.26554
-1.26842
-1.28973
-1.30805
-1.30682
-1.44439
-1.45006
-1.45674
-1.20574
-1.2436
-1.23686
-1.54993
-1.5414
-1.55403
-1.14056
-1.14159
-1.14533
-1.16698
-1.16897
-1.1724
-0.870663
-0.863006
-0.870142
-1.12189
-1.09825
-1.10773
-1.12518
-1.10259
-1.1135
-0.887054
-0.875866
-0.882329
-0.882989
-0.854722
-0.856065
-0.873032
-0.84754
-0.853334
-0.828039
-0.804126
-0.809105
-0.835341
-0.80866
-0.808742
-1.45044
-1.42334
-1.44264
-1.19562
-1.19479
-1.20559
-1.33565
-1.32167
-1.33737
-1.28839
-1.27481
-1.2892
-0.621619
-0.604956
-0.599028
-0.598544
-0.585567
-0.577763
-0.558622
-0.546687
-0.537845
-0.577363
-0.561666
-0.554765
-0.819374
-0.799484
-0.797731
-0.626345
-0.614864
-0.610006
-0.646394
-0.632722
-0.629945
-0.780993
-0.764186
-0.759854
-0.795574
-0.792033
-0.793208
-0.762329
-0.757964
-0.759114
-0.712434
-0.703038
-0.705668
-0.951137
-0.932684
-0.939414
-0.71912
-0.711359
-0.715269
-0.921593
-0.903913
-0.908793
-0.677571
-0.673304
-0.674467
-0.558568
-0.553873
-0.554089
-0.703408
-0.699093
-0.700225
-0.425871
-0.427807
-0.425805
-0.54164
-0.538973
-0.537999
-0.568358
-0.564352
-0.562961
-0.411407
-0.414798
-0.412922
-0.280821
-0.283333
-0.276747
-0.304675
-0.307382
-0.300155
-0.286292
-0.289743
-0.281886
-0.266753
-0.269807
-0.262648
-0.618905
-0.611885
-0.606352
-0.513831
-0.508409
-0.502233
-0.64993
-0.639316
-0.633558
-0.500374
-0.498651
-0.492512
-0.261734
-0.261664
-0.256891
-0.236847
-0.236965
-0.232614
-0.23097
-0.231211
-0.226476
-0.251778
-0.252051
-0.246793
-0.425885
-0.428331
-0.424922
-0.346426
-0.352885
-0.349496
-0.362813
-0.369656
-0.366
-0.40151
-0.403979
-0.400725
-0.526418
-0.523033
-0.52416
-0.506147
-0.502714
-0.503823
-0.372836
-0.377462
-0.376017
-0.513159
-0.510812
-0.51063
-0.387516
-0.391525
-0.390036
-0.490808
-0.489185
-0.48925
-0.456627
-0.453149
-0.454169
-0.36069
-0.358865
-0.358903
-0.34077
-0.339089
-0.339119
-0.477513
-0.47418
-0.475218
-0.280341
-0.284179
-0.283144
-0.362865
-0.361059
-0.362074
-0.377885
-0.376151
-0.37712
-0.269212
-0.272805
-0.2718
-0.138899
-0.138648
-0.136357
-0.156235
-0.155416
-0.153022
-0.170047
-0.168254
-0.166075
-0.155115
-0.15376
-0.151745
-0.356933
-0.357871
-0.355504
-0.328464
-0.332982
-0.330329
-0.380407
-0.381283
-0.378767
-0.31108
-0.315319
-0.312824
-0.127934
-0.127849
-0.125816
-0.11188
-0.112214
-0.110264
-0.133104
-0.132095
-0.130529
-0.147195
-0.145851
-0.144174
-0.269904
-0.267924
-0.267828
-0.228112
-0.227855
-0.227866
-0.24108
-0.240842
-0.240701
-0.252944
-0.2512
-0.251212
-0.338374
-0.33497
-0.335682
-0.317616
-0.314116
-0.314873
-0.232825
-0.236126
-0.235157
-0.333772
-0.33203
-0.333065
-0.242757
-0.246449
-0.245411
-0.320073
-0.318156
-0.319203
-0.277495
-0.273863
-0.274805
-0.296808
-0.293303
-0.294154
-0.123449
-0.124888
-0.123445
-0.177473
-0.175324
-0.175184
-0.189397
-0.187705
-0.187695
-0.116591
-0.117219
-0.115813
-0.0398139
-0.0400728
-0.0392018
-0.0524095
-0.0525148
-0.0515496
-0.0827855
-0.0810959
-0.0806584
-0.0716506
-0.0700272
-0.0697088
-0.219536
-0.218135
-0.218401
-0.212676
-0.212132
-0.212326
-0.234942
-0.233163
-0.233322
-0.201353
-0.200911
-0.201245
-0.0290605
-0.0290534
-0.0283814
-0.017322
-0.0174531
-0.0168316
-0.0522948
-0.0503404
-0.0503935
-0.062593
-0.0605865
-0.0605253
-0.136218
-0.13668
-0.13707
-0.128772
-0.128108
-0.129256
-0.137256
-0.13669
-0.137786
-0.122147
-0.122899
-0.123146
-0.194663
-0.191194
-0.192815
-0.0932938
-0.090844
-0.0918962
-0.10247
-0.0999393
-0.101021
-0.182806
-0.179117
-0.180838
-0.0841262
-0.0836663
-0.0821528
-0.14352
-0.14122
-0.140862
-0.0893975
-0.0896906
-0.0881679
-0.132591
-0.129781
-0.129325
-0.159243
-0.15578
-0.157354
-0.166074
-0.162399
-0.16414
-0.0434908
-0.0416429
-0.0411375
-0.044426
-0.0369932
-0.0395307
-0.0426782
-0.0399112
-0.0391277
-0.049743
-0.0470526
-0.0465201
0.0441022
0.0441903
0.0449535
0.0362549
0.0364328
0.037034
-0.00410743
-0.0016748
-0.00209306
0.00337643
0.00551332
0.00526257
-0.0925373
-0.0935851
-0.0934878
-0.115193
-0.114091
-0.115339
-0.105381
-0.105923
-0.106049
-0.108029
-0.106887
-0.108174
-0.0629076
-0.0601975
-0.061571
-0.0291143
-0.0303675
-0.0297079
-0.0282563
-0.0294519
-0.029113
-0.0586315
-0.0562394
-0.0577588
0.0549463
0.0551401
0.055977
0.0591887
0.0592203
0.0603789
0.0189554
0.020913
0.0209864
0.0145905
0.0168152
0.0165929
12.0572
12.057
12.0583
12.0457
12.0453
12.0471
12.0511
12.0506
12.0526
12.0323
12.0308
12.0336
11.9965
11.9944
11.9976
12.0236
12.0222
12.0249
12.0034
12.0021
12.0046
11.9835
11.9813
11.9844
12.0098
12.0084
12.011
11.8335
11.8292
11.8325
11.8771
11.8741
11.8771
11.8341
11.8295
11.833
11.6769
11.6676
11.6718
11.7425
11.7359
11.7399
11.7407
11.7341
11.738
11.8881
11.8851
11.8883
11.8441
11.8393
11.8431
11.841
11.8363
11.84
11.882
11.8783
11.8822
11.9271
11.9245
11.928
11.8707
11.867
11.8709
11.6706
11.6617
11.6661
11.7475
11.741
11.7451
11.7537
11.7476
11.7518
11.9136
11.9109
11.9144
11.8521
11.8476
11.8515
11.8593
11.8551
11.859
12.1763
12.1788
12.1526
12.1544
12.1553
12.1758
12.1789
12.1786
12.1941
12.1995
12.1454
12.1469
12.1503
12.1689
12.171
12.173
12.1218
12.122
12.1251
12.12
12.1212
12.1246
12.1439
12.1448
12.1479
11.8947
11.8906
11.8946
11.9656
11.963
11.9666
11.9081
11.9041
11.9081
11.7075
11.7004
11.7048
11.8259
11.8211
11.8253
11.8091
11.8039
11.8082
11.9845
11.9825
11.9861
11.9438
11.9408
11.9448
11.9246
11.9212
11.9252
12.0406
12.0419
12.0456
12.0736
12.0747
12.0783
12.0106
12.0106
12.0143
11.7553
11.75
11.7543
11.8422
11.8381
11.8423
11.8649
11.8617
11.8659
12.0501
12.0502
12.0538
11.963
11.9607
11.9647
11.9878
11.9866
11.9905
11.6443
11.6437
11.6329
11.6302
11.6415
11.6341
11.5788
11.575
11.5727
11.5657
11.5636
11.5623
11.5881
11.5842
11.5821
11.5876
11.5812
11.5658
11.5643
11.5623
11.5749
11.5811
11.5724
11.4718
11.4881
11.4769
11.5037
11.503
11.4907
11.4927
11.4905
11.3939
11.3942
11.397
11.4143
11.4149
11.4176
11.4232
11.4235
11.4251
11.4915
11.5066
11.4952
11.4857
11.4857
11.4862
11.4914
11.4919
11.4912
11.4407
11.4414
11.4438
11.4908
11.4899
11.4907
11.4557
11.4562
11.4587
11.3389
11.3397
11.343
11.4057
11.4066
11.4097
11.3919
11.3928
11.3962
11.4984
11.4975
11.4973
11.4778
11.4778
11.4798
11.4667
11.467
11.4695
11.6158
11.6052
11.6081
11.6107
11.5996
11.6011
11.5908
11.5789
11.5807
11.4594
11.4464
11.447
11.4322
11.4225
11.4214
11.4842
11.4722
11.4724
11.5284
11.5189
11.5183
11.4601
11.4521
11.4508
11.5051
11.4944
11.4941
11.4242
11.4248
11.4271
11.4499
11.4487
11.4493
11.401
11.4011
11.4031
11.1784
11.1785
11.182
11.2309
11.231
11.2335
11.2675
11.2678
11.2704
11.4345
11.4328
11.4332
11.3458
11.3451
11.3464
11.3762
11.3759
11.3775
11.1881
11.1839
11.1837
11.3201
11.3142
11.3133
11.2332
11.23
11.2302
11.0321
11.0325
11.0354
11.189
11.1886
11.1907
11.1438
11.1429
11.1447
11.3542
11.3498
11.3492
11.3122
11.3108
11.3118
11.2754
11.2735
11.274
11.5406
11.5285
11.5331
11.4591
11.4439
11.4479
11.4444
11.4289
11.4333
11.2559
11.2387
11.2423
11.1545
11.1374
11.1391
11.2764
11.2594
11.2627
11.3266
11.3104
11.3129
11.1909
11.1745
11.1758
11.3028
11.2863
11.2891
11.138
11.1326
11.132
11.2009
11.1905
11.1895
11.0886
11.0819
11.0812
10.6926
10.6897
10.6905
10.7923
10.7856
10.7853
10.8563
10.8507
10.8508
11.1556
11.1437
11.143
10.982
10.9726
10.9718
11.0339
11.0257
11.025
10.7601
10.7456
10.7452
10.973
10.9568
10.9571
10.8133
10.7999
10.7993
10.4564
10.4508
10.4507
10.7221
10.714
10.7136
10.6553
10.6459
10.6454
11.0217
11.0065
11.0064
10.9248
10.9139
10.9132
10.8716
10.8596
10.8589
11.5715
11.5633
11.5678
11.4066
11.3956
11.4002
11.4146
11.4044
11.4088
11.172
11.1595
11.1643
10.9595
10.9424
10.947
11.1685
11.1551
11.16
11.1771
11.1624
11.1671
10.9743
10.9567
10.9612
11.1739
11.1599
11.1646
10.7018
10.6859
10.6858
10.8409
10.8222
10.8237
10.6497
10.6329
10.633
10.0392
10.027
10.0258
10.2327
10.215
10.2146
10.2997
10.2834
10.2829
10.7959
10.7767
10.7787
10.5435
10.5246
10.5254
10.5935
10.5756
10.576
10.3642
10.3409
10.3441
10.6525
10.6307
10.635
10.4009
10.3787
10.3812
9.80236
9.78475
9.78359
10.1616
10.1422
10.1422
10.0985
10.0776
10.0779
10.6872
10.6659
10.6696
10.491
10.4708
10.4722
10.4465
10.4253
10.4272
11.7292
11.7298
11.7331
11.5333
11.5309
11.5351
11.5527
11.5515
11.5554
11.2624
11.2592
11.2637
11.0055
10.9972
11.0021
11.2497
11.2454
11.2501
11.2215
11.2139
11.2187
10.9848
10.9744
10.9794
11.234
11.2277
11.2325
10.3285
10.3038
10.3078
10.5847
10.5632
10.5686
10.2993
10.2741
10.2786
9.46453
9.43739
9.43861
9.78095
9.75117
9.75538
9.81906
9.79072
9.79411
10.5694
10.5481
10.5537
10.2531
10.2276
10.2329
10.2727
10.2471
10.2522
10.2359
10.216
10.2213
10.5602
10.5433
10.549
10.2358
10.2139
10.2193
9.32901
9.29724
9.30063
9.74983
9.71859
9.72373
9.7194
9.68782
9.69365
10.5504
10.5316
10.5373
10.2415
10.2163
10.2218
10.2312
10.2073
10.2128
11.5895
11.9714
11.4261
11.0232
11.0196
11.1759
11.1296
11.1695
11.0055
11.0059
11.3263
11.322
10.2525
10.235
10.2402
10.5746
10.5639
10.5692
10.2549
10.2392
10.2446
9.26835
9.23943
9.24482
9.68388
9.66237
9.66826
9.69109
9.66782
9.67381
10.5968
10.5876
10.5926
10.2706
10.2585
10.2632
10.2758
10.2622
10.2674
10.2349
10.2179
10.2271
10.5741
10.5671
10.1898
10.2299
10.202
9.28542
9.26352
9.26877
9.69124
9.67272
9.67851
9.69125
9.67354
9.67888
10.5666
10.5514
10.5588
10.2686
10.261
10.2653
10.2865
10.277
10.2811
11.3531
11.3526
11.3527
11.3409
11.341
11.3419
11.3272
11.3265
11.3281
11.2133
11.2123
11.2143
11.1896
11.1888
11.1908
11.2375
11.2364
11.2383
11.2648
11.2641
11.2652
11.2051
11.2042
11.2059
11.2464
11.2452
11.2467
11.1799
11.178
11.1788
11.2045
11.2034
11.2037
11.1629
11.1612
11.1616
11.0392
11.0379
11.0388
11.0694
11.0676
11.0685
11.0962
11.0944
11.0954
11.193
11.1917
11.1922
11.124
11.1224
11.1231
11.1459
11.144
11.1445
11.0022
11.0016
11.0034
11.109
11.1081
11.1099
11.0397
11.0388
11.0403
10.9326
10.9314
10.9326
11.0396
11.0378
11.0388
11.0049
11.0035
11.0046
11.1319
11.1308
11.1321
11.1011
11.0998
11.1008
11.0706
11.0695
11.0707
11.2346
11.2347
11.2382
11.1878
11.1874
11.1908
11.1515
11.1513
11.1547
10.9373
10.9373
10.9412
10.8681
10.8685
10.8724
10.988
10.9876
10.9918
11.0762
11.0758
11.0796
10.9245
10.9247
10.9284
11.0349
11.0345
11.0386
10.9618
10.9613
10.9634
11.0056
11.0048
11.0073
10.9159
10.9156
10.918
10.6592
10.6596
10.6621
10.7046
10.7047
10.7076
10.7675
10.7673
10.77
10.9624
10.9616
10.9643
10.8075
10.8075
10.8102
10.8642
10.8639
10.8665
10.5181
10.5196
10.5234
10.7354
10.7358
10.7397
10.5987
10.5998
10.6033
10.4234
10.4249
10.428
10.6317
10.632
10.6351
10.5563
10.5571
10.5604
10.8022
10.8024
10.806
10.7436
10.7439
10.7469
10.6759
10.6767
10.68
10.8679
10.8683
10.8722
10.7799
10.7807
10.7851
10.7081
10.709
10.7136
10.3216
10.3233
10.3281
10.202
10.2046
10.2095
10.4167
10.4178
10.4231
10.5956
10.5966
10.6015
10.3109
10.3135
10.3182
10.5121
10.5132
10.5181
10.4258
10.4275
10.4316
10.5037
10.505
10.5096
10.3306
10.3329
10.3371
9.85126
9.85466
9.85857
9.91927
9.92231
9.92663
10.0449
10.0474
10.0517
10.4088
10.4104
10.4149
10.1115
10.1145
10.119
10.2223
10.2248
10.2293
9.56468
9.56964
9.57405
9.96365
9.96694
9.97166
9.71183
9.71625
9.72068
9.38379
9.38785
9.39134
9.77517
9.77849
9.78281
9.62912
9.63326
9.63666
10.0904
10.0932
10.0982
9.98524
9.98875
9.99262
9.85646
9.86063
9.86455
10.1904
10.187
10.1875
10.0395
10.0391
10.041
9.92976
9.92884
9.93008
9.32835
9.32789
9.32823
9.10782
9.11011
9.11207
9.46344
9.46319
9.46449
9.73474
9.73547
9.73845
9.27059
9.27351
9.27636
9.60455
9.60482
9.60702
8.32241
8.32784
8.32903
8.48405
8.49141
8.49397
8.69444
8.70083
8.7037
9.3992
9.40421
9.40874
9.54835
9.55231
9.55755
9.23297
9.23839
9.24275
8.86058
8.86664
8.8701
9.38627
9.39063
9.39519
9.04416
9.04918
9.05376
7.52806
7.53712
7.53749
8.23207
8.24057
8.24249
8.00849
8.01782
8.01934
8.02513
8.03224
8.03372
8.68845
8.69298
8.6956
8.23113
8.23829
8.24055
8.65086
8.65754
8.66063
8.8801
8.88505
8.88837
8.45541
8.4626
8.46532
9.38192
9.36742
9.36532
9.11351
9.10578
9.10324
9.00854
8.99931
8.99632
8.24535
8.23532
8.23068
7.87556
7.87283
7.86798
8.3633
8.35516
8.35106
8.62099
8.61604
8.61318
8.01514
8.01383
8.00972
8.49371
8.4874
8.48388
5.91308
5.92528
5.92086
6.44806
6.45837
6.45358
6.67371
6.68467
6.68086
7.79171
7.79863
7.79874
8.12164
8.12556
8.12444
7.58289
7.59022
7.58872
7.14895
7.15643
7.15284
7.91877
7.92244
7.92041
7.35016
7.35727
7.35479
5.13201
5.14761
5.13887
6.19133
6.20059
6.19544
5.9863
5.99493
5.98838
6.43618
6.44143
6.43483
7.21949
7.21974
7.21446
6.58458
6.59053
6.58483
6.93792
6.94521
6.941
7.38583
7.38741
7.38295
6.76029
6.76729
6.76223
8.74039
8.70737
8.70866
8.36042
8.33359
8.33113
8.2928
8.26354
8.26176
7.48448
7.45294
7.45001
7.03692
7.01627
7.00886
7.55092
7.52202
7.51832
7.71399
7.69088
7.68594
7.12232
7.10475
7.09697
7.63058
7.60453
7.6001
6.29182
6.29572
6.28826
6.80008
6.79567
6.78774
6.16881
6.17165
6.16314
4.38158
4.39319
4.38066
5.06516
5.06602
5.05378
5.17134
5.17379
5.16247
6.6732
6.66677
6.65803
5.94668
5.94612
5.93558
6.04853
6.04956
6.03997
5.60192
5.59143
5.57884
6.2728
6.25675
6.24688
5.67473
5.667
5.65462
4.16566
4.17169
4.15643
4.96619
4.9651
4.95211
4.8843
4.8814
4.86775
6.36314
6.34976
6.33984
5.84635
5.84353
5.83223
5.75961
5.75454
5.74259
8.58442
8.55194
8.55795
8.07507
8.03599
8.04077
8.07261
8.0356
8.04073
7.32941
7.28754
7.29316
6.72266
6.68037
6.68111
7.3282
7.28403
7.28896
7.31176
7.26949
7.27148
6.71762
6.67572
6.67533
7.31074
7.26707
7.27033
5.53198
5.51826
5.50577
6.06667
6.04142
6.0332
5.47487
5.45794
5.44584
3.95566
3.94802
3.93103
4.55388
4.53442
4.52028
4.58768
4.57158
4.55701
6.01181
5.9826
5.97534
5.37633
5.35144
5.34077
5.41888
5.398
5.3865
5.29468
5.25808
5.25291
5.92009
5.87864
5.87609
5.29647
5.26221
5.25569
3.88565
3.86782
3.85153
4.52244
4.49942
4.48607
4.50441
4.47833
4.46606
5.92463
5.88508
5.88151
5.33591
5.30693
5.29744
5.31359
5.28154
5.27344
8.10206
8.16865
7.94339
8.00434
7.95211
7.99992
7.97258
7.98133
7.2655
7.2319
6.84781
6.81683
6.81935
7.25062
7.21911
7.22374
7.32335
7.29757
7.29892
6.79221
6.76526
6.76972
7.2763
7.25326
7.2587
5.29618
5.25736
5.25345
5.9629
5.91884
5.92027
5.3143
5.2738
5.27125
3.91142
3.8776
3.86703
4.56862
4.52716
4.52286
4.53634
4.49619
4.49059
5.98781
5.94301
5.94626
5.37809
5.3355
5.33576
5.34077
5.29929
5.29809
5.50553
5.46933
5.47138
6.06041
6.02248
6.02651
5.5038
5.46457
5.46693
4.02964
3.98974
3.98412
4.62277
4.58049
4.57792
4.66129
4.61775
4.61683
6.02566
5.98659
5.9914
5.42548
5.3828
5.38493
5.45247
5.41151
5.41445
11.1276
11.1403
11.1402
11.1478
11.1549
11.1521
11.1241
11.1222
11.121
11.1235
11.1209
11.1204
11.1425
11.1404
11.1381
11.136
11.1333
11.1217
11.12
11.1195
11.132
11.1431
11.132
11.1213
11.1274
11.121
11.1231
11.121
11.1613
11.1205
11.147
11.0891
11.0876
11.0868
11.0939
11.0917
11.0905
11.1105
11.1086
11.1077
11.1314
11.1399
11.1307
11.1105
11.1078
11.1072
11.121
11.1194
11.1191
11.0571
11.0558
11.0552
11.1019
11.0998
11.0989
11.0805
11.079
11.0785
11.0429
11.0417
11.041
11.0893
11.0873
11.0865
11.0698
11.0679
11.067
11.1048
11.1029
11.1019
11.1067
11.1046
11.1042
11.0862
11.0847
11.0839
11.1073
11.1057
11.1054
11.0839
11.0818
11.0812
11.0639
11.0621
11.0617
10.9855
10.9839
10.9838
10.9627
10.9613
10.9614
11.0138
11.0119
11.0118
11.0605
11.0585
11.0584
10.991
10.9897
10.9897
11.0377
11.0358
11.0356
11.0458
11.0446
11.0442
11.0547
11.0529
11.0523
11.0202
11.0191
11.0186
10.9392
10.9389
10.9384
10.9575
10.9569
10.9568
10.9854
10.9845
10.9844
11.0412
11.0395
11.0392
10.9733
10.9722
10.9718
11.0012
11
10.9995
10.8454
10.8452
10.8452
10.9382
10.9369
10.9372
10.8827
10.8822
10.8821
10.8444
10.8446
10.8443
10.9301
10.9293
10.9293
10.8974
10.897
10.8969
10.9682
10.967
10.9671
10.9474
10.9465
10.9461
10.9159
10.9153
10.9151
10.8742
10.8734
10.875
10.8412
10.8406
10.8418
10.7927
10.7924
10.7938
10.6214
10.6217
10.6234
10.5987
10.5995
10.6009
10.6835
10.6833
10.6849
10.7929
10.7925
10.7937
10.6599
10.6604
10.6616
10.7417
10.7415
10.7429
10.8047
10.8045
10.8047
10.8251
10.8246
10.825
10.7609
10.7613
10.7615
10.6229
10.6245
10.6245
10.6351
10.6365
10.637
10.6869
10.6877
10.6881
10.7795
10.7794
10.7799
10.6608
10.6621
10.6626
10.7114
10.712
10.7123
10.4041
10.4059
10.4071
10.5559
10.5569
10.5582
10.4751
10.4768
10.478
10.4454
10.448
10.4485
10.5763
10.5779
10.5785
10.5162
10.518
10.5187
10.6205
10.6214
10.6226
10.6028
10.6042
10.605
10.5431
10.5448
10.5458
10.3152
10.3167
10.3197
10.2848
10.2869
10.2897
10.1864
10.189
10.192
9.85831
9.86139
9.86401
9.85238
9.85537
9.85792
9.98
9.98278
9.98549
10.2038
10.2058
10.2083
9.97989
9.9828
9.98533
10.1005
10.1031
10.1057
10.324
10.3258
10.3272
10.3305
10.3321
10.3339
10.2393
10.2413
10.243
10.0417
10.0438
10.0449
10.0281
10.0299
10.0311
10.1237
10.1256
10.1269
10.2401
10.2419
10.2439
10.0466
10.0489
10.0509
10.1456
10.1478
10.1497
9.56196
9.56429
9.56614
9.80296
9.80564
9.80769
9.69181
9.69411
9.69612
9.72294
9.72403
9.72526
9.92223
9.92414
9.92531
9.81604
9.81811
9.81931
9.92939
9.93211
9.93424
9.93541
9.93782
9.93986
9.82219
9.82469
9.82679
8.41599
8.41403
8.41457
8.39927
8.39862
8.40211
8.61254
8.61492
8.61495
9.18943
9.19371
9.19634
9.15101
9.15452
9.15679
8.95712
8.96031
8.96193
8.65695
8.6554
8.65625
9.03831
9.041
9.04203
8.84194
8.8452
8.84477
9.0993
9.0995
9.10539
9.04277
9.0869
9.09665
9.15187
9.11698
9.41001
9.41177
9.41355
9.38486
9.38744
9.38875
9.2595
9.26017
9.26174
8.90326
8.90347
8.90737
9.21293
9.216
9.2162
9.0905
9.08977
9.091
8.27764
8.20664
8.55952
8.47426
8.53225
8.11674
8.14475
8.39974
8.8584
8.86184
8.81502
8.76295
8.59997
8.65164
8.61832
8.77399
8.69604
8.75139
8.58286
8.58276
3.1765
3.18415
3.16533
2.35211
2.37254
2.34987
2.34847
2.36721
2.34414
1.39213
1.40646
1.37676
0.575721
0.599647
0.564592
1.35934
1.37493
1.34498
1.31787
1.3343
1.30381
0.516213
0.540738
0.50534
1.33233
1.34853
1.3183
-1.03517
-1.01418
-0.456283
-0.35056
-0.442315
-0.636958
-0.679421
-1.04526
-0.936791
-0.934719
-1.02248
-0.993974
-0.228361
-0.287237
-0.272198
-0.839683
-0.73472
-0.814418
-0.806227
-0.808638
-1.09709
-1.07291
-1.03281
-0.957954
-1.01469
-0.886987
-0.921649
-0.90614
-0.560051
-0.532943
-0.565135
-0.160459
-0.137806
-0.17372
-0.625488
-0.597716
-0.6291
-0.71488
-0.694093
-0.72646
-0.211918
-0.191637
-0.226403
-0.685698
-0.659651
-0.690443
3.0894
3.07729
3.05735
2.4445
2.44271
2.41938
2.46681
2.46217
2.43932
1.77975
1.77386
1.74946
1.15318
1.15637
1.12931
1.73455
1.7313
1.70623
1.63878
1.64069
1.61413
1.08867
1.09442
1.06625
1.68785
1.68729
1.66146
-0.488436
-0.461979
-0.494385
0.0538235
0.0746525
0.0387486
-0.411847
-0.386032
-0.418646
-0.939701
-0.909594
-0.930081
-0.641477
-0.613942
-0.641171
-0.712426
-0.685095
-0.71178
0.142316
0.161035
0.126244
-0.249688
-0.225947
-0.258891
-0.333543
-0.308396
-0.341382
0.120142
0.13628
0.107243
0.512094
0.520803
0.491701
0.0260453
0.0442297
0.0138814
-0.752636
-0.721378
-0.744625
-0.570021
-0.541974
-0.569981
-0.491555
-0.464176
-0.492643
0.420746
0.43195
0.401153
-0.161213
-0.13928
-0.171693
-0.0682825
-0.0482767
-0.0798219
3.27974
3.24384
3.23433
2.64618
2.61927
2.60309
2.69074
2.66161
2.64748
2.14386
2.1192
2.10505
1.59131
1.57672
1.55832
2.09019
2.06679
2.0508
1.99324
1.97404
1.95478
1.53736
1.5245
1.50467
2.03983
2.01827
2.00058
0.213165
0.22693
0.19947
0.751359
0.754637
0.729314
0.303169
0.314426
0.288514
-0.350828
-0.328756
-0.351765
0.0499571
0.0626824
0.0398055
-0.0401193
-0.0244565
-0.0487567
0.822107
0.823391
0.799201
0.46439
0.470997
0.447622
0.386259
0.395216
0.370636
0.728254
0.72478
0.705797
1.06025
1.05239
1.03262
0.667398
0.666237
0.646179
-0.0887259
-0.0760444
-0.0957951
0.130062
0.14005
0.118344
0.20587
0.213255
0.192647
1.00532
0.999811
0.978824
0.535764
0.539865
0.517628
0.604996
0.606623
0.585455
3.51345
3.48872
3.4821
3.07077
3.03774
3.03489
3.08338
3.05442
3.0513
2.45177
2.41633
2.41511
2.03506
2.00851
2.00469
2.43936
2.407
2.40596
2.394
2.36528
2.35976
1.98378
1.95815
1.95201
2.42288
2.39265
2.38885
0.784634
0.7791
0.761293
1.22638
1.21294
1.19753
0.842408
0.834882
0.818326
0.225436
0.22592
0.210014
0.550142
0.543615
0.529043
0.50043
0.495875
0.480162
1.27609
1.2605
1.24666
0.948846
0.936859
0.922978
0.894932
0.885246
0.869967
1.1414
1.12232
1.11496
1.46303
1.43972
1.43348
1.10278
1.08522
1.07644
0.367011
0.361917
0.348785
0.594468
0.585838
0.572444
0.636103
0.625514
0.61347
1.4164
1.394
1.3857
1.00012
0.985644
0.973222
1.0497
1.03355
1.02295
2.91568
4.26978
1.59995
2.01444
1.96186
1.57702
1.76387
1.84697
1.99205
1.95485
2.36044
2.29043
1.18931
1.16925
1.16379
1.51765
1.49004
1.48921
1.2063
1.18531
1.18128
0.542398
0.528673
0.522294
0.783626
0.764328
0.761154
0.791154
0.772637
0.768355
1.52861
1.49743
1.49624
1.21885
1.19933
1.19546
1.24089
1.2179
1.21443
1.10054
1.05438
1.06858
1.3617
1.29775
0.97095
1.09409
0.992562
0.554874
0.539069
0.535215
0.759555
0.738043
0.737123
0.734092
0.709233
0.708045
1.35852
1.31182
1.31562
1.19732
1.17722
1.17486
1.22265
1.1921
1.189
11.0792
11.0781
11.0775
10.9933
10.9951
10.994
11.0338
11.033
11.0328
11.0163
11.0159
11.0152
10.996
10.996
10.9954
10.9491
10.9498
10.9493
10.9271
10.9282
10.9272
10.9718
10.9721
10.9716
11.0097
11.0095
11.0089
10.9468
10.9478
10.9468
10.9894
10.9897
10.9891
10.9834
10.9851
10.9841
11.013
11.0138
11.0133
10.9669
10.9689
10.9679
10.9033
10.9068
10.9051
10.9333
10.9361
10.9349
10.9503
10.9529
10.9518
10.9996
11.0003
10.9998
10.9354
10.9375
10.9364
10.9538
10.9556
10.9546
10.8566
10.8597
10.8584
10.9235
10.925
10.9241
10.8782
10.8807
10.8794
10.8535
10.8574
10.8557
10.917
10.9194
10.9182
10.8987
10.9013
10.9
10.9431
10.9444
10.9434
10.919
10.9211
10.92
10.899
10.9014
10.9001
10.8326
10.8331
10.8329
10.8161
10.8169
10.8163
10.7816
10.7829
10.7825
10.6987
10.7005
10.7003
10.6904
10.6925
10.6918
10.7399
10.7413
10.7409
10.8118
10.813
10.8125
10.7273
10.7296
10.7289
10.7772
10.7786
10.7782
10.8329
10.8359
10.8347
10.8533
10.8553
10.8544
10.8086
10.8118
10.8106
10.7471
10.752
10.7503
10.7634
10.7673
10.7659
10.7896
10.7934
10.7919
10.8263
10.8283
10.8273
10.7519
10.7551
10.7539
10.7816
10.7847
10.7836
10.6076
10.6108
10.6099
10.6971
10.6994
10.6985
10.6515
10.6546
10.6536
10.6585
10.6632
10.6618
10.7363
10.74
10.7387
10.7037
10.7074
10.7062
10.7313
10.7339
10.7329
10.721
10.7241
10.7229
10.6847
10.6879
10.6868
10.4391
10.4417
10.4418
10.4426
10.4449
10.4452
10.3793
10.382
10.3821
10.2725
10.2754
10.2753
10.2779
10.2816
10.2824
10.3385
10.3413
10.3415
10.4583
10.4613
10.4616
10.3423
10.3458
10.3464
10.4021
10.4051
10.4055
10.4714
10.4735
10.473
10.4771
10.4807
10.4792
10.5249
10.5275
10.5266
10.5718
10.5748
10.5741
10.5733
10.5759
10.5755
10.5218
10.5246
10.5242
10.4256
10.4282
10.428
10.5319
10.5346
10.5344
10.4792
10.4818
10.4815
10.3397
10.3121
10.3315
10.4336
10.4374
10.4363
10.415
10.4145
10.4142
10.1868
10.1902
10.1927
10.3279
10.3327
10.3323
10.2616
10.2634
10.263
10.3718
10.3741
10.3744
10.3864
10.3897
10.3897
10.3197
10.321
10.3212
9.73218
9.70362
9.74634
9.71026
9.73313
9.73835
9.77145
9.77452
9.77418
9.80046
9.8006
9.80071
9.6816
9.68294
9.68577
9.57938
9.61383
9.83138
9.88874
9.85185
9.87531
9.83647
9.86382
9.84318
10.5422
10.1668
10.1608
10.1298
10.1532
10.1001
10.1587
10.1218
10.1155
10.1169
10.0508
10.0198
10.153
10.1223
10.1446
9.86813
9.90472
10.2366
9.88883
9.88978
9.73239
9.60917
-0.945036
-0.914996
-0.932723
-1.08806
-1.06113
-1.07407
-1.04015
-1.01333
-1.02728
-1.03299
-1.00971
-1.02207
-1.09726
-1.07844
-1.08819
-1.08016
-1.0583
-1.06988
-1.16327
-1.14315
-1.15268
-1.12173
-1.10475
-1.11438
-1.11799
-1.0977
-1.10824
-1.45183
-1.36997
-1.23128
-1.17802
-1.34488
-1.24755
-1.38283
-1.1626
-1.07903
-1.05326
-1.06849
-1.08345
-1.11562
-1.08957
-1.11961
-1.10298
-1.23091
-1.21077
-1.18833
-1.16024
-1.17706
-1.08448
-1.09341
-0.366593
-0.349785
-0.368141
-0.621653
-0.599666
-0.616853
-0.545681
-0.526059
-0.542849
-0.571939
-0.553491
-0.568132
-0.716729
-0.694775
-0.708549
-0.639615
-0.619964
-0.634913
-0.767679
-0.74531
-0.760399
-0.771015
-0.748716
-0.762204
-0.703051
-0.682023
-0.697106
-0.92401
-0.904101
-0.914148
-0.929652
-0.91489
-0.921458
-0.977296
-0.962432
-0.968617
-1.02781
-1.01392
-1.02194
-1.00914
-0.991258
-1.00039
-0.997645
-0.982027
-0.989813
-0.910164
-0.891705
-0.900361
-0.966894
-0.946824
-0.956775
-0.952314
-0.934408
-0.942168
-0.795221
-0.77964
-0.785399
-0.88895
-0.872839
-0.880216
-0.850697
-0.833199
-0.841305
-0.741068
-0.720325
-0.731604
-0.791787
-0.769113
-0.7816
-0.786488
-0.765694
-0.776546
-0.86745
-0.848063
-0.857462
-0.838916
-0.816422
-0.828375
-0.826975
-0.80696
-0.817021
0.0974264
0.0963683
0.0834088
-0.119142
-0.11454
-0.128082
-0.0735493
-0.0706348
-0.0835425
-0.163667
-0.160279
-0.171633
-0.281183
-0.27321
-0.284772
-0.199267
-0.194789
-0.206605
-0.280268
-0.271787
-0.284352
-0.32005
-0.310262
-0.322003
-0.234378
-0.227847
-0.240003
-0.692545
-0.672115
-0.683634
-0.62389
-0.604197
-0.616624
-0.639886
-0.620427
-0.631895
-0.592155
-0.574875
-0.583359
-0.573701
-0.556285
-0.566756
-0.624576
-0.60622
-0.616788
-0.565727
-0.547809
-0.559921
-0.532515
-0.515754
-0.526866
-0.586212
-0.568057
-0.579358
-0.344036
-0.332905
-0.343118
-0.361833
-0.351056
-0.362068
-0.385558
-0.373272
-0.38364
-0.452231
-0.435725
-0.4452
-0.52194
-0.505642
-0.515916
-0.472983
-0.457691
-0.467776
-0.40489
-0.39257
-0.403727
-0.480813
-0.465591
-0.47647
-0.430798
-0.417035
-0.427632
0.227258
0.216342
0.211093
0.10619
0.101401
0.0934943
0.110709
0.104406
0.0974038
-0.0792251
-0.0846202
-0.0899678
-0.0994995
-0.10033
-0.107894
-0.0572079
-0.061394
-0.0676327
-0.0572232
-0.0588614
-0.0668661
-0.107147
-0.107282
-0.115483
-0.0556391
-0.0588984
-0.0660645
-0.309539
-0.299681
-0.30984
-0.257478
-0.250194
-0.260425
-0.274805
-0.265769
-0.275754
-0.239581
-0.226683
-0.235502
-0.237528
-0.22806
-0.237155
-0.268025
-0.257548
-0.266827
-0.230644
-0.224466
-0.234218
-0.217198
-0.210059
-0.219418
-0.245511
-0.237559
-0.24726
-0.151879
-0.147932
-0.155972
-0.162413
-0.160601
-0.168203
-0.160782
-0.156173
-0.164587
-0.150168
-0.140126
-0.148591
-0.210055
-0.201474
-0.210376
-0.186121
-0.178267
-0.186907
-0.172318
-0.169707
-0.177819
-0.194073
-0.187987
-0.197051
-0.175187
-0.169917
-0.17862
-0.971976
-0.913751
-0.471734
-0.344214
-0.434274
-0.367625
-0.435165
-0.38804
-0.53176
-0.53805
-0.443628
-0.447713
-0.447106
-0.542081
-0.615712
-0.563845
-0.374114
-0.379981
-0.385937
-0.361704
-0.358225
-0.361087
-0.488443
-0.491959
-0.488986
-0.148937
-0.145366
-0.152956
-0.176984
-0.176834
-0.183083
-0.148672
-0.145306
-0.152558
-0.0723196
-0.0639443
-0.0707053
-0.132571
-0.126282
-0.132465
-0.13391
-0.127913
-0.134593
-0.203653
-0.203908
-0.209523
-0.171643
-0.168465
-0.174552
-0.162215
-0.159162
-0.165836
-0.316824
-0.309253
-0.314058
-0.391745
-0.393463
-0.394983
-0.280786
-0.275917
-0.279079
-0.0721958
-0.0629052
-0.0673033
-0.148931
-0.142431
-0.147875
-0.158004
-0.150492
-0.155303
-0.318249
-0.317461
-0.320758
-0.20347
-0.200069
-0.20542
-0.226855
-0.222579
-0.227073
-1.04588
-1.79438
-1.19276
-1.35432
-1.06688
-1.05047
-1.10931
-1.11915
-1.11591
-1.07759
-1.10383
-1.08038
-1.05486
-1.12055
-1.25867
-1.25465
-0.396182
-0.389611
-0.391907
-0.557351
-0.565163
-0.562914
-0.425121
-0.42149
-0.422563
-0.159169
-0.150354
-0.150873
-0.365147
-0.361837
-0.363024
-0.341003
-0.336255
-0.33666
-0.67006
-0.682498
-0.688082
-0.53546
-0.538621
-0.544004
-0.494587
-0.494111
-0.4973
-0.752981
-0.755334
-0.760787
-0.924474
-0.942723
-0.954315
-0.706993
-0.711427
-0.716737
-0.215241
-0.205092
-0.206054
-0.41041
-0.407667
-0.409534
-0.447084
-0.442541
-0.444746
-0.885097
-0.903826
-0.916803
-0.610274
-0.615883
-0.622564
-0.670065
-0.676135
-0.681641
-1.5446
-1.53652
-1.54183
-1.4215
-1.44804
-1.45674
-1.42821
-1.45129
-1.45288
-1.20876
-1.19844
-1.20409
-1.16051
-1.15399
-1.15939
-1.24227
-1.2364
-1.24267
-1.32532
-1.33971
-1.3469
-1.19755
-1.19454
-1.20059
-1.29848
-1.30049
-1.30725
-0.766299
-0.765747
-0.771143
-1.02988
-1.0393
-1.04743
-0.794418
-0.790938
-0.79637
-0.251083
-0.236001
-0.238188
-0.5374
-0.520586
-0.524734
-0.530347
-0.514591
-0.518755
-1.02532
-1.02904
-1.03629
-0.80762
-0.797604
-0.803045
-0.794049
-0.786732
-0.792279
-0.754881
-0.739974
-0.744541
-0.948936
-0.936114
-0.942118
-0.765501
-0.750305
-0.755294
-0.243865
-0.229513
-0.231646
-0.519157
-0.50144
-0.505493
-0.516152
-0.498676
-0.502496
-0.989619
-0.979084
-0.98547
-0.793053
-0.7803
-0.785707
-0.792912
-0.77894
-0.784077
-0.976167
-0.971864
-0.97301
-0.999134
-0.993708
-0.994758
-0.964489
-0.959388
-0.959724
-0.812815
-0.803892
-0.808102
-0.794677
-0.787495
-0.790933
-0.845818
-0.837533
-0.841821
-0.958577
-0.95247
-0.955893
-0.852878
-0.844701
-0.848434
-0.921651
-0.914352
-0.918435
-0.718545
-0.703667
-0.708029
-0.862873
-0.849965
-0.854211
-0.702148
-0.688635
-0.692393
-0.19123
-0.181588
-0.183209
-0.414568
-0.404382
-0.406148
-0.41986
-0.407917
-0.410189
-0.814936
-0.803377
-0.807153
-0.644645
-0.633704
-0.636544
-0.661734
-0.648943
-0.652274
-0.539134
-0.532232
-0.535104
-0.675657
-0.666855
-0.670809
-0.551981
-0.543923
-0.547056
-0.184272
-0.177476
-0.178252
-0.388272
-0.37923
-0.380906
-0.385144
-0.377501
-0.379093
-0.724437
-0.715289
-0.719146
-0.604498
-0.594377
-0.597393
-0.589907
-0.581147
-0.584184
-0.559588
-0.55567
-0.553154
-0.59864
-0.593574
-0.592509
-0.584797
-0.579667
-0.579203
-0.495991
-0.491439
-0.492181
-0.511351
-0.506974
-0.509439
-0.516897
-0.512131
-0.513031
-0.585436
-0.579551
-0.581365
-0.549885
-0.545166
-0.54808
-0.561666
-0.556038
-0.557457
-0.502732
-0.496301
-0.499168
-0.599197
-0.591444
-0.595345
-0.49165
-0.485795
-0.488538
-0.157335
-0.152367
-0.153736
-0.320622
-0.314267
-0.317179
-0.321446
-0.314746
-0.317896
-0.55883
-0.551375
-0.555176
-0.447768
-0.442251
-0.444803
-0.457887
-0.452176
-0.45479
-0.36708
-0.36179
-0.364715
-0.460156
-0.453609
-0.457305
-0.377872
-0.372347
-0.375177
-0.151269
-0.146117
-0.148325
-0.299644
-0.293046
-0.295865
-0.297504
-0.291033
-0.29354
-0.496026
-0.489017
-0.493009
-0.416564
-0.410963
-0.41348
-0.406533
-0.400903
-0.403644
-0.372196
-0.368116
-0.369169
-0.426804
-0.422026
-0.422656
-0.408893
-0.404021
-0.404741
-0.298757
-0.295543
-0.295704
-0.332884
-0.32915
-0.32999
-0.316394
-0.313114
-0.313234
-0.358925
-0.355557
-0.355472
-0.353676
-0.349909
-0.350792
-0.340427
-0.337059
-0.337056
-0.340526
-0.33562
-0.33829
-0.392403
-0.386959
-0.389749
-0.329321
-0.324312
-0.326887
-0.113172
-0.107139
-0.108723
-0.21057
-0.204047
-0.206971
-0.21922
-0.212632
-0.21554
-0.358146
-0.35317
-0.355549
-0.293418
-0.288413
-0.290738
-0.305359
-0.30021
-0.302606
-0.224065
-0.219271
-0.221386
-0.260631
-0.256922
-0.257954
-0.238575
-0.233364
-0.235662
-0.0925898
-0.0872963
-0.0885305
-0.189021
-0.182441
-0.185345
-0.179826
-0.173381
-0.17613
-0.28811
-0.283865
-0.285334
-0.271361
-0.266357
-0.268683
-0.258319
-0.253286
-0.255542
-0.212689
-0.209047
-0.209973
-0.270283
-0.265586
-0.266195
-0.253032
-0.248519
-0.248974
-0.16715
-0.163977
-0.16439
-0.208916
-0.205305
-0.206249
-0.182401
-0.179167
-0.179637
-0.21196
-0.208747
-0.209207
-0.218502
-0.215078
-0.215966
-0.196081
-0.192942
-0.193369
-0.206729
-0.202089
-0.204087
-0.205469
-0.202469
-0.202905
-0.192466
-0.188207
-0.189802
-0.0492529
-0.0443696
-0.0450212
-0.0945787
-0.0899324
-0.0907676
-0.106467
-0.101279
-0.102505
-0.186714
-0.183768
-0.184129
-0.166242
-0.162444
-0.163645
-0.179282
-0.175135
-0.176564
-0.121655
-0.118123
-0.11866
-0.125986
-0.123077
-0.123138
-0.135473
-0.131928
-0.132637
-0.0316525
-0.0269733
-0.0275666
-0.0799316
-0.075622
-0.0761715
-0.0678217
-0.0639709
-0.0642786
-0.139119
-0.13637
-0.136515
-0.156626
-0.152995
-0.153946
-0.14363
-0.140361
-0.141038
-0.104344
-0.100655
-0.10139
-0.150091
-0.145375
-0.145832
-0.135706
-0.131961
-0.132047
-0.0765303
-0.0738957
-0.073506
-0.113425
-0.109336
-0.109788
-0.0833351
-0.0801701
-0.0802935
-0.105404
-0.102187
-0.102444
-0.120438
-0.1166
-0.116925
-0.0941874
-0.0910985
-0.0912554
-0.114825
-0.110872
-0.111392
-0.0866706
-0.0840848
-0.0835055
-0.100721
-0.0968741
-0.0970985
-0.00775444
-0.00334557
-0.00321365
-0.010891
-0.0077437
-0.0071313
-0.0202224
-0.0168352
-0.0164805
-0.0784428
-0.0755377
-0.0749034
-0.0809502
-0.0769846
-0.0766998
-0.0954235
-0.0911952
-0.0913107
-0.0536554
-0.049865
-0.0493764
-0.0425913
-0.0393861
-0.0385479
-0.0646953
-0.0605083
-0.0602008
0.00349019
0.00711223
0.00782825
-0.00709376
-0.00397924
-0.0032666
0.000925734
0.00382209
0.00473645
-0.0461833
-0.0433498
-0.0423482
-0.0779558
-0.0738313
-0.0734974
-0.0647553
-0.0609783
-0.0604065
10.886
10.8918
10.8893
10.8017
10.8098
10.8064
10.8599
10.8642
10.8624
10.8318
10.8372
10.8348
10.8157
10.8211
10.8189
10.8056
10.8112
10.809
10.7817
10.7872
10.7851
10.8215
10.8269
10.8245
10.8449
10.8502
10.8477
10.79
10.7958
10.7936
10.8316
10.8371
10.8346
10.8031
10.8109
10.8077
10.8398
10.8467
10.8436
10.7992
10.8068
10.8037
10.7879
10.7941
10.7924
10.8281
10.8346
10.8318
10.8314
10.8379
10.8352
10.8388
10.8455
10.8424
10.7878
10.7949
10.7921
10.7983
10.8053
10.8024
10.7506
10.7566
10.755
10.8192
10.8247
10.8227
10.7702
10.7762
10.7744
10.7638
10.7686
10.7675
10.8314
10.8376
10.8351
10.8217
10.8273
10.8252
10.8205
10.8266
10.8245
10.7876
10.7944
10.7921
10.7719
10.7785
10.7766
10.6819
10.6826
10.6816
10.5939
10.5974
10.599
10.68
10.6859
10.6842
10.6949
10.6995
10.6978
10.6777
10.6821
10.6811
10.6472
10.6519
10.6505
10.6367
10.6422
10.6403
10.7336
10.7388
10.7376
10.7077
10.7139
10.7121
10.7441
10.7399
10.8219
10.8087
10.8187
10.7285
10.7967
10.7529
10.7395
10.7443
10.7435
10.7837
10.7883
10.7864
10.7259
10.729
10.7277
10.6678
10.6714
10.6725
10.7682
10.7747
10.7723
10.7029
10.7081
10.7055
10.6749
10.6521
10.7561
10.7415
10.754
10.461
10.5038
10.4891
10.8033
10.81
10.8443
10.8327
10.6686
10.7358
10.6942
10.6733
10.6559
10.6671
10.6777
10.6745
-0.463217
-0.444933
-0.453075
-0.440924
-0.423122
-0.429075
-0.399612
-0.381436
-0.387632
-0.284659
-0.266346
-0.272103
-0.215891
-0.198809
-0.20425
-0.325887
-0.307383
-0.313225
-0.409606
-0.391792
-0.397705
-0.261023
-0.244384
-0.249868
-0.371646
-0.353326
-0.359241
-0.356628
-0.340497
-0.389139
-0.378356
-0.382068
-0.233498
-0.235487
-0.0532231
-0.134546
-0.118204
-0.199918
-0.18727
-0.286667
-0.310389
-0.291426
-0.168718
-0.158308
-0.162377
-0.229484
-0.210333
0.0725199
0.089855
-0.0833949
-0.0743752
-0.0777554
0.000318267
-0.0209307
-0.00428429
-0.00401448
0.0105998
0.00521006
-0.170361
-0.154198
-0.16004
-0.0404727
-0.0260986
-0.0313698
-0.123063
-0.112077
-0.116813
-0.213465
-0.198689
-0.204351
-0.0890511
-0.0769938
-0.0821838
-0.129803
-0.11714
-0.125023
-0.0963633
-0.0823747
-0.0883945
-0.0638272
-0.0504388
-0.0563306
0.0547559
0.0681687
0.063465
0.124887
0.139079
0.134414
0.0177609
0.0317302
0.0269094
-0.0610522
-0.0458962
-0.0509574
0.0809281
0.095802
0.0910633
-0.0225276
-0.00785566
-0.0127987
0.0431162
0.05835
0.0530127
-0.0462446
-0.029462
-0.0350937
0.0807192
0.0960523
0.0907578
0.309682
0.323192
0.317708
0.216319
0.231538
0.225806
0.1771
0.192414
0.186583
0.00196205
0.0186751
0.0132202
0.167121
0.182358
0.1772
0.128555
0.144054
0.138846
0.3482
0.361322
0.356422
0.182416
0.197118
0.192092
0.305646
0.319473
0.314531
0.436886
0.450009
0.444739
0.266313
0.281318
0.275728
0.307613
0.322185
0.316654
0.132314
0.147848
0.142686
0.21542
0.230372
0.225322
0.256363
0.270817
0.265791
0.0159912
0.0261664
0.0225555
0.111042
0.121922
0.117967
0.130455
0.141654
0.137788
0.285329
0.297247
0.293344
0.389833
0.400724
0.396609
0.258746
0.270335
0.266256
0.210138
0.222003
0.217769
0.364352
0.375677
0.371499
0.23659
0.248535
0.244351
0.396779
0.408966
0.404246
0.314714
0.32719
0.322498
0.438803
0.450363
0.445728
0.676852
0.686707
0.682087
0.592268
0.602799
0.598111
0.551499
0.562476
0.557662
0.355738
0.367611
0.363051
0.519386
0.530104
0.525662
0.481771
0.492728
0.488238
0.657875
0.667638
0.663444
0.494622
0.505468
0.501157
0.624934
0.634784
0.630581
0.797618
0.806513
0.802172
0.635058
0.645113
0.640538
0.672045
0.681898
0.677386
0.461705
0.472859
0.468462
0.55676
0.567028
0.562697
0.59124
0.601368
0.597079
0.0324735
0.0418293
0.0412292
0.223944
0.232155
0.231056
0.235968
0.244198
0.243334
0.460962
0.468812
0.467563
0.600282
0.608009
0.605816
0.444064
0.452096
0.450692
0.401515
0.409953
0.408055
0.577804
0.585779
0.583398
0.423571
0.431758
0.430106
0.68936
0.698751
0.694658
0.592807
0.602918
0.59883
0.722708
0.732068
0.727984
0.980085
0.98827
0.984166
0.887215
0.896374
0.892084
0.853073
0.862174
0.857903
0.621942
0.631572
0.627651
0.785537
0.794244
0.790317
0.752801
0.761654
0.75768
0.897938
0.905987
0.902635
0.740456
0.748727
0.745717
0.870696
0.878721
0.875279
1.07705
1.08509
1.08106
0.91923
0.92791
0.923734
0.951054
0.959812
0.955623
0.714123
0.722593
0.719411
0.813278
0.821719
0.817927
0.844463
0.852738
0.849137
0.0553292
0.0660443
0.0648404
0.291379
0.29985
0.298952
0.290557
0.298742
0.297833
0.522715
0.530065
0.528826
0.700187
0.707593
0.705891
0.525983
0.53345
0.532246
0.519302
0.526944
0.525811
0.696533
0.703906
0.702227
0.521571
0.529091
0.527944
0.920429
0.928352
0.925088
0.811109
0.819209
0.816604
0.942861
0.950888
0.947688
1.20871
1.21634
1.21267
1.10289
1.11166
1.10804
1.08158
1.09021
1.08651
0.829164
0.837238
0.834734
0.979133
0.987337
0.984285
0.961005
0.969068
0.965947
1.01925
1.02782
1.02495
0.873197
0.881213
0.878832
1.01256
1.02095
1.01805
1.26559
1.27371
1.2702
1.11919
1.12791
1.12438
1.13524
1.14415
1.14068
0.867128
0.875165
0.872784
0.992413
1.00064
0.997653
1.00521
1.01356
1.01062
0.0471429
0.054151
0.0529297
0.264164
0.271447
0.270212
0.247482
0.254458
0.253571
0.431842
0.439031
0.438417
0.627242
0.635241
0.634278
0.449021
0.456344
0.455685
0.477924
0.485587
0.484476
0.640074
0.648192
0.647082
0.460278
0.467672
0.466929
1.02031
1.02901
1.02618
0.872184
0.880514
0.878041
1.02057
1.02958
1.02676
1.30615
1.315
1.31191
1.16245
1.17233
1.16926
1.16407
1.17375
1.17063
0.86467
0.873265
0.870746
1.00988
1.01935
1.01659
1.01557
1.02475
1.02197
0.960613
0.969453
0.968035
0.812648
0.821132
0.819732
0.973454
0.982424
0.980853
1.29692
1.30631
1.30384
1.15447
1.16453
1.16158
1.14573
1.15566
1.15324
0.827005
0.835599
0.834023
0.998819
1.00828
1.00585
0.98764
0.996934
0.994978
0.00274186
0.00844732
0.00739169
0.185776
0.191431
0.191095
0.173527
0.179165
0.178985
0.318643
0.325394
0.324494
0.502217
0.508937
0.508078
0.334537
0.341246
0.340233
0.36262
0.369262
0.368269
0.517451
0.524296
0.523429
0.34593
0.352595
0.35157
0.944815
0.953351
0.952101
0.764902
0.772918
0.771803
0.929707
0.938052
0.936893
1.22946
1.23732
1.23666
1.05461
1.06271
1.06181
1.07206
1.08037
1.07939
0.747371
0.755211
0.754168
0.893995
0.901838
0.900843
0.911639
0.919657
0.918618
0.808944
0.816064
0.815204
0.668618
0.676016
0.675019
0.830953
0.838169
0.837329
1.17147
1.17854
1.17819
1.03259
1.04044
1.03965
1.01185
1.01952
1.01876
0.689324
0.69682
0.695823
0.873521
0.881083
0.880165
0.853477
0.860911
0.86
0.00785334
0.0150349
0.013397
0.138341
0.14421
0.143321
0.132137
0.138049
0.137294
0.229382
0.236553
0.235574
0.37268
0.378978
0.378421
0.239616
0.246904
0.245925
0.260234
0.26737
0.266488
0.38736
0.393784
0.393135
0.24812
0.25539
0.254457
0.784703
0.791634
0.790814
0.60361
0.610909
0.60981
0.761209
0.768062
0.767206
1.03472
1.04064
1.04035
0.851019
0.857743
0.856902
0.878999
0.885827
0.88507
0.581405
0.58865
0.58753
0.711252
0.717856
0.716987
0.735736
0.742409
0.741581
0.60765
0.613899
0.612908
0.492699
0.499817
0.498601
0.63321
0.639467
0.638548
0.937929
0.943636
0.943012
0.819424
0.826112
0.825192
0.789646
0.796332
0.795289
0.514924
0.522111
0.520901
0.685033
0.691461
0.690613
0.659908
0.666274
0.66537
0.0419994
0.0476329
0.0470046
0.114434
0.119933
0.119461
0.1111
0.116488
0.116188
0.166392
0.172222
0.171798
0.2574
0.262434
0.262373
0.173841
0.179932
0.179353
0.189187
0.19574
0.194901
0.271358
0.276624
0.276447
0.181335
0.187678
0.186941
0.580217
0.586279
0.585308
0.428092
0.435042
0.433843
0.554292
0.56024
0.559257
0.752053
0.756628
0.755992
0.592097
0.597859
0.596834
0.623843
0.629798
0.628713
0.406383
0.413232
0.412101
0.500829
0.506354
0.505487
0.526685
0.532394
0.53148
0.394897
0.399226
0.398911
0.322856
0.328915
0.328271
0.420166
0.424778
0.424305
0.639175
0.642714
0.64234
0.557283
0.562688
0.56177
0.525738
0.530876
0.530076
0.344227
0.35058
0.349795
0.473293
0.478505
0.477766
0.447757
0.45272
0.45209
0.102069
0.104747
0.106682
0.139859
0.14211
0.143923
0.106877
0.110068
0.111725
0.0577941
0.0612788
0.0624307
0.0847698
0.0887928
0.0898196
0.0813257
0.0850708
0.0863307
0.159516
0.162338
0.163795
0.126331
0.130322
0.131351
0.119665
0.123276
0.124535
0.367384
0.371382
0.371367
0.263749
0.268778
0.268635
0.342508
0.346177
0.346402
0.441333
0.442535
0.443289
0.328216
0.330465
0.331039
0.358362
0.361117
0.361436
0.243048
0.247508
0.24767
0.289901
0.292694
0.293442
0.31421
0.317407
0.31791
0.187575
0.187495
0.189586
0.160517
0.16251
0.164026
0.204643
0.205371
0.20724
0.326981
0.326241
0.327882
0.291043
0.292491
0.293456
0.262633
0.26351
0.264688
0.186522
0.189272
0.190295
0.260347
0.262448
0.263556
0.237454
0.239087
0.240415
10.8405
10.8474
10.845
10.7653
10.772
10.7688
10.7501
10.753
10.7541
0.488257
0.501115
0.495302
0.573752
0.584887
0.579556
0.613385
0.624319
0.618905
0.862033
0.870912
0.866324
0.941744
0.94977
0.945363
0.981848
0.989728
0.985336
1.16224
1.1699
1.16561
1.25074
1.2572
1.2532
1.28406
1.29051
1.28654
1.3733
1.38114
1.37747
1.4805
1.4867
1.48334
1.50402
1.51013
1.50691
1.43534
1.44401
1.44134
1.5822
1.58852
1.58617
1.58261
1.58928
1.58705
1.31799
1.32437
1.32449
1.49404
1.49908
1.49978
1.47558
1.48045
1.48125
1.06774
1.07287
1.07257
1.25761
1.26128
1.26175
1.21971
1.22324
1.2236
0.724527
0.72757
0.727321
0.895843
0.897545
0.89797
0.848982
0.85037
0.85085
0.355853
0.353968
0.355301
0.479764
0.476841
0.478487
0.432797
0.429152
0.430925
6.86872
6.86445
6.8586
6.23576
6.21257
6.2122
9.77564
9.81342
9.80951
9.83715
9.81374
9.82283
12.0268
12.0905
12.0899
12.0911
12.3715
11.6462
11.6471
11.6427
11.5853
11.5731
11.5769
11.5341
11.5242
11.5287
11.6224
11.6181
11.6225
11.7761
11.7806
11.3749
11.3324
11.3319
11.3342
11.1324
11.1325
11.1368
10.6447
10.6443
10.6473
9.8816
9.87495
9.87435
9.10139
9.07981
9.078
8.62606
8.58919
8.59287
8.60266
8.57642
8.58201
8.27945
11.1537
11.1674
11.1554
11.0494
11.0479
11.0484
10.7093
10.709
10.7109
9.97431
9.97712
9.98058
8.5279
8.53342
8.53284
5.87222
5.88242
5.88919
3.58862
3.60005
3.58486
3.10202
3.10319
3.08296
3.11682
3.09571
3.07773
3.43663
3.39778
3.39352
3.47755
3.41976
11.1024
11.1008
11.0995
10.9775
10.977
10.9766
10.7127
10.7137
10.7138
10.2245
10.2272
10.2274
9.53388
9.48543
9.51975
-1.072
-1.0993
-1.07662
-0.761693
-0.732954
-0.752824
-0.151865
-0.142916
-0.159048
0.1999
0.193343
0.183419
0.0768728
0.0596637
0.0565798
-1.98858
-2.52949
-1.27062
-1.26481
-1.26681
-0.758277
-0.751198
-0.747724
-0.47866
-0.474511
-0.474817
-0.306543
-0.30268
-0.303727
-0.163786
-0.159819
-0.160772
-0.0697984
-0.07099
10.9269
10.9305
10.9287
10.8113
10.8156
10.8142
10.6038
10.6089
10.6071
10.7452
-1.01579
-0.671862
-0.656432
-0.662351
-0.322918
-0.305734
-0.314217
-0.0512394
-0.0403463
-0.0471592
0.021008
0.0318966
0.0298025
0.0389993
0.0499363
0.0489893
0.0725688
0.0816265
0.080425
0.0330806
0.0390647
0.0387694
0.00370368
0.0102986
0.00850802
0.022357
0.029206
0.0279386
0.0519221
0.0569422
0.056973
0.0479024
0.0502589
0.052266
10.823
10.8308
10.8285
10.8759
10.8646
10.8734
0.306134
0.287404
0.301961
0.637002
0.648142
0.642818
0.984553
0.992768
0.988312
1.25483
1.26209
1.25796
1.41742
1.42523
1.42198
1.40294
1.41068
1.4099
1.23734
1.24298
1.24321
0.942403
0.946936
0.946521
0.584603
0.586151
0.586317
0.194747
0.189194
0.192176
12.0879
12.1026
12.1022
12.1025
12.1151
12.1149
12.1149
12.3822
11.7084
11.7093
12.0418
11.7244
11.7183
11.6934
11.6838
11.6877
11.8443
11.8431
11.8475
12.0114
12.0177
12.0466
12.0512
11.4315
11.4138
11.4139
11.4143
9.29071
9.2746
9.27826
9.7526
11.1487
11.1572
11.3916
11.1671
11.1637
11.1023
11.1008
11.101
4.22057
4.18276
4.18252
4.22435
4.19083
4.23257
4.19412
11.0997
11.0979
11.0972
6.33194
6.34851
6.34885
3.72365
3.73415
3.71978
0.454713
0.430105
0.426952
-0.697957
-2.30394
-1.5101
-1.51013
-1.50917
-1.40771
-1.40404
-1.40255
-0.924041
-0.917512
-0.917022
-0.845074
-0.838434
-0.836975
-0.598591
-0.591451
-0.590387
-0.568469
-0.561239
-0.560781
-0.404462
-0.397259
-0.398326
-0.37947
-0.372356
-0.373451
-0.238527
-0.232243
-0.233369
-0.221239
-0.214849
-0.216074
-0.129027
-0.125098
-0.117877
-1.18185
-1.1269
-1.16037
10.3943
-1.22171
-0.709905
-0.695346
-0.700603
0.214219
0.221456
0.218374
12.1164
12.1085
12.111
11.3212
11.3269
11.326
11.968
11.9675
11.9674
12.1419
12.1413
12.1405
11.3427
11.3536
11.3489
11.3172
11.3228
11.3218
6.37893
6.35545
6.3552
-0.853101
-0.858733
-0.858191
12.0764
12.0757
12.0769
11.6878
11.6783
11.6823
11.6819
11.6737
11.678
12.2465
11.6882
11.68
11.6843
11.8098
11.807
11.8114
11.6614
11.6527
11.4118
11.412
11.4136
11.2902
11.2904
11.294
11.6036
11.5917
11.5951
11.2602
11.2606
11.2642
10.9144
10.914
10.9163
11.539
11.528
11.5325
10.8441
10.8429
10.8447
10.2969
10.2897
10.2892
11.592
11.5847
11.5896
10.2112
10.2027
10.202
9.65701
9.63399
9.63361
11.8002
11.7971
11.8034
9.58967
9.56453
9.56466
9.3167
9.28537
9.29004
9.29949
9.26932
9.27425
9.27476
9.26107
9.26506
11.3454
11.3454
11.3473
11.0813
11.0798
11.0802
10.8411
10.8409
10.8428
11.1754
11.1755
11.1793
10.7864
10.7863
10.7885
10.2275
10.23
10.2337
10.7319
10.7322
10.7358
10.1123
10.1151
10.1191
9.00329
9.00847
9.01046
9.99064
9.98557
9.98558
8.78437
8.78943
8.79082
6.88207
6.89215
6.89155
9.18861
9.16797
9.16609
6.51819
6.52865
6.52717
4.72788
4.74108
4.73152
8.70505
8.67096
8.67362
4.58132
4.59391
4.58349
4.0454
4.04487
4.02818
8.65705
8.63407
8.63913
4.00639
4.00297
3.98597
3.91443
3.89242
3.87837
8.03635
3.92265
3.89884
3.88605
4.16542
4.12855
4.12568
11.1498
11.147
11.1017
11.0988
11.0979
10.9979
10.9968
10.9959
11.0695
11.068
11.0684
10.9772
10.9761
10.9753
10.7582
10.7592
10.7589
10.7734
10.7733
10.7753
10.7146
10.7158
10.7157
10.2963
10.2996
10.3002
10.1028
10.1054
10.109
10.2136
10.2169
10.2177
9.48131
9.48165
9.48247
8.77124
8.77529
8.77649
9.33084
9.33227
9.33597
3.07926
3.08079
3.0604
-1.05951
-1.03553
-1.05388
3.12484
3.10802
3.08949
-1.04721
-1.01903
-1.0377
-0.609721
-0.582085
-0.606484
3.38115
3.34514
3.33846
-0.528485
-0.503196
-0.527479
0.0424453
0.0493578
0.0308745
3.47114
3.43351
3.43062
0.100297
0.104348
0.0865067
0.442523
0.43234
0.421719
0.490099
0.478922
0.469748
0.465777
0.45053
0.447474
11.1007
11.099
11.0978
10.9352
10.9386
10.9369
10.9944
10.9936
10.993
10.9258
10.9292
10.9275
10.8103
10.8141
10.8125
10.7438
10.7451
10.7448
10.7902
10.7938
10.7923
10.5921
10.5951
10.5949
10.2924
10.2957
10.2958
10.5525
10.5556
10.5556
10.0866
10.1247
9.49557
9.55336
9.51713
10.2738
10.2459
-0.831291
-0.803505
-0.822718
-1.08646
-1.0685
-0.225625
-0.214923
-0.231947
-0.94366
-0.950673
-0.721189
-0.70473
-0.711765
0.156637
0.151612
0.14069
-0.687436
-0.669642
-0.677275
-0.374581
-0.357791
-0.367096
0.144673
0.129577
0.127437
-0.329308
-0.313676
-0.322779
-0.112971
-0.104198
-0.112236
-1.44862
-0.0971027
-0.0886734
-0.0963707
-0.106143
-0.0956245
-0.0984855
-3.24291
-0.132501
-0.12252
-0.123959
-0.249938
-0.237709
-0.239151
-1.38374
-1.37121
-1.37568
-0.251662
-0.238147
-0.239933
-0.232753
-0.220297
-0.222194
-0.849136
-0.842264
-0.840319
-0.214789
-0.203152
-0.205014
-0.185958
-0.180323
-0.18112
-0.513716
-0.509599
-0.509251
-0.173361
-0.167963
-0.168848
-0.148435
-0.142807
-0.144787
-0.332737
-0.328789
-0.329852
-0.135105
-0.129218
-0.131123
-0.0813347
-0.0758348
-0.0769206
-0.182062
-0.178229
-0.179152
-0.0699457
-0.0645249
-0.0653675
-0.0227891
-0.0181104
-0.0184732
-0.0907894
-0.0856306
-0.0178977
-0.0132516
-0.0134784
0.00623258
0.00946626
0.0105751
10.929
10.9325
10.9306
10.7704
10.7781
10.7753
10.8209
10.8251
10.8232
10.78
10.7873
10.7846
10.7399
10.7453
10.7423
10.642
10.6451
10.6444
10.717
10.7206
10.7216
-0.379705
-0.361262
-0.369429
0.166291
0.176379
0.171454
-0.0802512
-0.0691329
-0.0764112
0.210413
0.221613
0.216357
0.514365
0.527102
0.522047
0.0198676
0.0310363
0.0283301
0.566828
0.578661
0.57375
0.864584
0.873421
0.869212
0.0289213
0.0390251
0.0383526
0.902456
0.911047
0.906904
1.12975
1.13781
1.13389
0.0583046
0.0677134
0.0666012
1.15643
1.16422
1.16038
1.28837
1.29691
1.29357
0.0252172
0.031347
0.0309054
1.29522
1.3038
1.30056
1.2733
1.28203
1.2807
-0.00915799
-0.0029516
-0.00472544
1.25863
1.26706
1.266
1.12103
1.12757
1.12729
0.00889202
0.0160058
0.0144935
1.09221
1.09849
1.09826
0.865763
0.87106
0.870364
0.0459068
0.0512242
0.0510214
0.827077
0.832123
0.831446
0.562109
0.564785
0.564787
0.0554993
0.0584159
0.0601329
0.520933
0.523035
0.523282
0.250748
0.247938
0.250228
10.8019
10.8096
10.8069
10.7684
10.8394
10.7934
0.572234
0.584621
0.579153
0.935314
0.94393
0.939475
1.22143
1.22897
1.2248
1.40458
1.41255
1.40915
1.41628
1.42445
1.42322
1.26804
1.27391
1.27411
0.987837
0.992551
0.992155
0.634678
0.636764
0.636789
0.265573
0.261465
0.263337
12.1648
12.1595
12.3596
12.2737
11.9707
11.9722
11.9715
12.7443
12.7352
11.6168
11.0819
11.2248
11.3276
11.2531
7.43357
-1.08623
-0.00307984
-1.79567
-1.30317
9.81246
-0.94597
-0.441859
12.0794
12.0799
12.1177
12.1169
12.1167
12.1332
12.1304
12.1303
12.1084
12.113
11.8712
11.8614
11.9351
11.9305
11.9307
12.2037
12.2114
12.1009
12.0994
11.6407
11.6487
9.553
9.56391
9.55773
9.94485
9.92073
9.66082
9.67361
11.1669
11.1543
11.2351
11.2248
11.2259
6.19657
6.13154
-1.84307
-1.76762
-1.75284
-1.94197
-1.80167
8.51566
8.52548
8.52707
8.04503
8.02143
8.03523
-0.693861
-0.740734
-0.732408
-0.653047
-0.637987
-0.633954
-1.17888
-1.19434
-0.811737
-0.829972
9.8558
9.90656
-0.822526
-0.817876
-0.821608
-0.453283
-0.43804
-0.445358
-0.360498
-0.366756
-0.366594
-0.776441
-0.75807
-0.641305
-0.636736
12.1453
7.72594
7.76027
7.74508
7.97461
7.97199
6.7179
4.88132
4.86711
4.89054
-0.103227
9.07228
9.24283
-1.25121
10.4405
10.5017
10.4624
10.5841
10.5812
10.3037
-0.895374
-0.878659
-0.88674
-0.823319
10.8692
-0.0990201
0.121368
0.109774
0.113755
12.1539
12.0808
12.0808
12.1338
12.1327
12.0829
12.0842
12.1547
12.129
12.1321
12.1587
12.1592
12.1674
12.1734
11.7886
11.9483
11.9355
11.9395
11.938
11.9281
11.7143
11.706
11.7082
11.8395
11.8446
11.8728
11.8706
11.8729
11.7131
11.7048
11.7077
11.8418
11.8488
12.4237
12.1402
12.1443
12.1478
11.9267
11.9303
11.9337
12.2038
12.2169
11.9661
11.9695
11.9731
12.2703
12.2781
12.3775
11.5443
11.3912
11.4022
11.4799
11.4853
11.4148
11.4137
11.4917
10.604
10.5894
9.12802
9.11681
9.10704
9.09312
11.2662
11.2339
11.2515
11.2388
11.2671
11.1522
11.1506
11.1503
11.1969
11.2084
11.2275
11.2261
11.2255
11.1446
11.1422
11.1419
11.2682
11.2555
7.76917
5.98077
5.95554
5.95985
4.28061
4.2517
4.25229
5.46002
5.54195
4.35757
4.3202
4.31916
6.00324
5.95638
4.92517
10.9794
11.0976
11.1105
7.33515
7.36519
7.35478
5.88882
8.11329
8.0335
6.10697
4.45732
4.4244
4.45791
0.38932
0.353242
0.694628
-0.478004
-0.452134
-1.04013
1.29922
1.21799
0.154416
0.115949
0.120091
0.0485665
9.36959
-1.06083
-1.3197
10.5333
10.5113
10.5279
10.163
10.743
10.7297
10.5146
-0.779171
-0.809579
-0.784966
-0.525417
-0.505883
-0.645016
-0.507099
-0.493652
-0.754098
11.319
0.0492853
12.0913
12.0909
12.0925
12.102
12.1024
12.1797
12.1018
12.1019
12.101
-1.79164
-1.71712
-1.70162
-0.841842
-0.862185
-0.840577
-1.91866
-1.77839
-0.90365
-0.907409
12.0886
12.0883
12.0898
12.0915
12.0917
12.038
12.0382
12.0379
12.0446
12.0446
12.1136
12.1321
12.1542
12.1493
12.1046
12.1046
12.1037
12.348
12.7165
11.743
11.7513
11.7475
11.6737
11.688
11.9605
11.9647
11.7917
11.9545
11.9327
12.0174
12.0403
11.9109
11.9158
11.9147
13.0507
11.5422
11.5297
11.532
11.468
11.4563
11.4453
11.6201
10.7347
10.7136
11.8867
6.92232
6.90124
11.0464
11.2558
11.3797
11.3484
4.47006
4.49575
4.56334
4.59072
4.57913
7.41871
5.67132
2.1619
0.626612
0.590716
0.600045
0.558098
0.497527
1.61046
-1.0616
8.2314
-0.891975
-0.898904
-1.24936
-1.31146
10.0188
9.99306
10.0006
10.0904
-1.12562
-0.95593
-0.987015
12.1292
11.9705
12.0402
12.0401
12.0399
12.0544
12.0548
12.0547
12.0572
12.0568
11.9663
11.9702
12.0885
12.0893
12.0899
11.6641
11.6787
13.1167
11.9784
11.9822
11.981
12.1312
12.1571
11.4429
11.5332
11.5208
11.5232
11.6028
11.6072
11.6054
11.4636
11.4508
11.7326
11.7417
11.7378
11.6313
11.6388
8.20497
9.69628
9.70617
9.70032
9.81539
9.82827
11.3459
11.2799
11.2857
11.2842
11.2335
11.2231
11.2244
11.2203
11.2262
11.1627
11.1503
11.2878
11.3075
11.2512
11.2575
5.68433
4.70191
4.7276
4.71686
4.58472
4.60868
1.24088
1.23259
0.620587
0.559269
8.03009
8.00627
8.02006
8.19219
8.16545
-0.667079
-0.65219
-0.648378
-0.697461
-0.697288
-0.694789
-0.896168
-0.906143
-0.894977
-0.902196
10.0962
10.0174
9.99147
9.99907
10.1012
10.0692
-0.827917
-0.823345
-0.827082
-0.839699
-0.847406
-0.845906
-1.05542
-1.06033
-1.06806
-1.0717
-0.365766
-0.371966
-0.37184
-0.638104
-0.633519
12.1403
12.1377
12.1375
12.1234
12.1226
12.1225
12.135
12.1397
12.1161
12.1168
11.7943
12.0479
12.047
12.0476
11.838
11.8309
11.8318
11.8061
11.8104
11.8079
11.9456
11.9478
11.9462
12.0478
12.0525
12.05
11.6127
11.616
11.6138
5.76317
5.72488
5.72509
5.45277
5.47873
5.4626
5.89447
5.92296
5.90844
9.82582
9.86113
9.85759
9.88052
9.85801
9.8667
9.68725
9.69326
9.69154
12.0438
12.0447
11.9384
11.9427
11.9407
11.9655
11.9638
11.9667
12.1309
12.1352
12.1327
12.0223
12.0204
12.0237
12.075
12.0744
12.0779
11.697
11.5488
11.553
11.5606
11.5533
11.6339
11.6245
11.6267
11.5558
11.5529
11.5521
11.5082
11.5029
11.5016
11.5556
11.5435
11.5478
11.3655
11.3531
11.3525
11.2613
11.2463
11.2467
11.5511
11.542
11.5465
11.09
11.0719
11.0744
11.0134
10.995
10.999
11.6901
11.6895
11.6935
10.9473
10.9314
10.9363
10.9605
10.9473
10.9522
11.7655
11.0358
11.0312
11.0355
10.9984
11.0305
11.0121
11.3528
11.3511
11.2775
11.2599
11.2711
11.2361
11.2347
11.2362
11.2799
11.2797
11.2825
11.1353
11.1343
11.1367
11.0204
11.0201
11.0231
10.9893
10.9894
10.9936
10.739
10.7397
10.744
10.502
10.504
10.5082
10.3817
10.3796
10.3812
9.96773
9.97086
9.97577
9.56974
9.5735
9.57764
9.57858
9.56783
9.56616
8.78634
8.78821
8.78794
8.30866
8.30916
8.30651
8.86593
8.83712
8.83686
7.62707
7.62108
7.6148
7.30648
7.29425
7.28646
8.57984
8.54284
8.54899
6.89361
6.86661
6.86059
6.75224
6.71483
6.71227
8.5024
8.47422
8.4803
6.74985
6.70552
6.70912
6.80602
6.76963
6.77405
11.2249
11.1517
11.1226
11.131
11.1229
11.1355
11.134
11.1333
11.096
11.0944
11.0939
11.0383
11.0369
11.0367
10.9569
10.9559
10.9571
10.8944
10.8934
10.8933
10.7672
10.7673
10.768
10.4952
10.4959
10.4986
10.4574
10.4586
10.4604
10.1959
10.1983
10.2005
9.54367
9.54737
9.55057
9.57227
9.57549
9.57792
9.06162
9.0641
9.06553
8.30397
8.30994
8.31026
8.26588
8.2645
8.26524
7.98456
7.98673
7.98982
5.58738
5.58811
5.59892
5.0985
5.08742
4.78694
4.7686
0.264237
0.420036
0.305849
3.2823
3.29266
3.2752
0.430592
0.45428
0.418751
3.08591
3.07985
3.05946
0.712009
0.732271
0.698166
0.944734
0.955938
0.925429
3.19213
3.16135
3.14845
1.27386
1.27238
1.24715
1.4331
1.4248
1.4024
3.54749
3.51253
3.51355
1.70102
1.6835
1.66823
1.87509
1.85255
1.84293
2.73778
2.085
2.06136
2.05818
1.90141
2.02105
1.92049
11.0627
11.0615
11.0608
11.0317
11.0315
11.0309
10.9835
10.9838
10.9828
10.8983
10.8986
10.8984
10.8811
10.8825
10.8816
10.7959
10.7981
10.7972
10.5592
10.561
10.5609
10.6072
10.6097
10.6096
10.4568
10.4598
10.4601
9.97021
9.97169
9.97189
10.1371
10.1382
10.1385
9.92114
9.88352
9.91118
9.36296
9.36839
9.20955
9.24236
9.38138
9.33873
-1.19415
-1.04647
-1.01775
-1.03351
-1.19816
-1.17886
-0.529619
-0.50695
-0.52674
-1.00783
-0.986429
-0.997121
-0.869712
-0.847798
-0.85999
0.0106696
0.0135548
-0.00102513
-0.597021
-0.577157
-0.590812
-0.416293
-0.402363
-0.414604
0.25156
0.243078
0.236375
-0.214756
-0.209084
-0.220168
-0.133914
-0.131014
-0.140431
-0.261358
-0.328433
-0.299186
-0.116779
-0.118896
-0.12533
-0.218954
-0.222013
-0.226759
-0.760063
-0.657802
-0.723882
-0.740591
-0.705053
-0.786154
-1.77529
-1.74139
-1.77083
-1.13131
-1.15093
-1.17971
-1.20629
-1.21651
-1.22502
-1.10682
-1.10595
-1.11023
-1.07772
-1.06847
-1.07305
-0.944109
-0.934851
-0.939075
-0.625376
-0.619231
-0.614007
-0.714492
-0.708338
-0.711671
-0.615962
-0.610648
-0.613947
-0.41657
-0.412508
-0.413398
-0.460178
-0.455354
-0.457342
-0.394862
-0.390906
-0.391999
-0.248664
-0.245017
-0.245969
-0.297264
-0.293485
-0.294353
-0.248068
-0.244607
-0.245369
-0.124588
-0.120751
-0.121475
-0.184349
-0.180358
-0.181252
-0.142821
-0.138624
-0.139341
10.8884
10.8926
10.8908
10.8353
10.8421
10.8392
10.8111
10.8178
10.8155
10.7465
10.7513
10.7495
10.7496
10.7549
10.7533
10.6829
10.6879
10.6875
10.5641
10.5691
10.5677
10.545
10.5491
10.5471
10.4906
10.4946
10.4959
10.1412
-0.996716
-0.981172
-1.05675
-0.888968
-0.452597
-0.4405
-0.445659
-0.55229
-0.534366
-0.542129
-0.339636
-0.324552
-0.329704
-0.196444
-0.181928
-0.190064
-0.129117
-0.112128
-0.117411
-0.00314079
0.0126503
0.00768905
-0.000703604
0.00950157
0.00491565
0.204877
0.217647
0.213123
0.306022
0.317677
0.31339
0.0351818
0.0441853
0.0434026
0.443582
0.454082
0.450241
0.527916
0.536584
0.5337
0.0445848
0.0559045
0.0547373
0.640625
0.648105
0.646214
0.682252
0.689581
0.687901
0.0591215
0.0665805
0.0653918
0.697297
0.704843
0.703063
0.66895
0.677278
0.675411
0.00984843
0.0154002
0.0150028
0.598047
0.605641
0.60481
0.550002
0.557055
0.556162
0.00195169
0.00919797
0.00726315
0.468908
0.475551
0.474654
0.418851
0.425414
0.424597
0.0337279
0.039837
0.0389068
0.342319
0.348466
0.348055
0.29863
0.304443
0.304089
0.057807
0.0618148
0.0625962
0.230003
0.234655
0.234978
0.188349
0.192135
0.193076
10.848
10.8539
10.852
10.867
10.8743
10.5754
10.6198
10.8056
10.7816
0.398566
0.411138
0.405393
0.775629
0.784811
0.780063
1.0936
1.10141
1.09704
1.3313
1.33892
1.33495
1.43932
1.4476
1.44464
1.35933
1.36628
1.36617
1.14291
1.14832
1.14823
0.81411
0.817859
0.817457
0.448481
0.448325
0.449132
0.182987
0.175911
0.178517
0.247575
0.239926
0.243228
0.229436
0.220498
0.223539
12.0921
12.1057
12.102
12.104
12.0937
12.0958
12.0946
12.0964
12.097
12.1066
12.1134
12.1081
12.1248
12.1253
12.1247
12.1224
12.1213
12.2382
11.7314
11.7162
11.7903
12.0218
12.0392
11.7334
11.7367
11.7119
11.712
11.7093
11.7292
11.7328
11.743
11.7365
11.74
11.7016
11.6922
11.6959
11.7434
11.7369
11.7401
11.9485
11.9494
11.9535
11.8702
11.8704
11.8745
11.9737
11.9755
11.9794
12.1611
12.1665
12.0166
12.0163
12.0222
12.0598
12.0804
12.1599
12.0474
12.3722
11.3421
11.414
11.437
11.4214
11.4214
11.4165
11.4191
11.4335
11.4325
9.65765
9.63599
9.64319
9.1538
9.20441
9.1649
9.65836
9.6443
9.89508
11.2105
11.1745
11.2419
11.3463
11.2362
11.1492
11.1612
11.1465
11.1596
11.1486
11.2376
11.2218
11.1508
11.1492
11.1495
11.1177
11.116
11.116
11.161
11.1597
11.1598
4.75758
4.71941
4.7216
4.25739
4.22037
4.22044
4.77346
4.73442
4.73621
4.74944
4.69478
4.26055
4.23075
4.23562
4.15874
4.24355
4.0356
4.13357
4.17165
11.1252
11.1311
11.1235
6.62932
6.65111
6.64886
5.72204
5.73189
6.05877
6.06901
7.48565
3.90955
3.92012
3.90658
2.60905
2.62109
2.60136
2.79978
2.81001
2.78084
-0.870977
0.478088
0.422497
0.434467
0.174642
0.299436
0.200902
0.439606
0.377784
0.799291
-1.83477
-1.84159
-1.84003
-1.75601
-1.76088
-1.76341
-1.18967
-1.18512
-1.18576
-1.09757
-1.09233
-1.09305
-0.71524
-0.707792
-0.70531
-0.668331
-0.66099
-0.658725
-0.500466
-0.493098
-0.493904
-0.47263
-0.465217
-0.466148
-0.314869
-0.308169
-0.30928
-0.293252
-0.286602
-0.28775
-0.178638
-0.172823
-0.173929
-0.162209
-0.156814
-0.157814
-0.0534523
-0.130023
-0.0546414
-1.11534
-1.09599
-1.09485
-1.09793
-1.25014
-1.21937
10.4945
10.4792
10.0406
10.1668
10.6493
-1.21804
-0.741837
-0.728912
-0.733551
-0.635605
-0.622787
-0.627443
-0.667186
-0.655604
-0.659966
-0.443634
0.176402
0.191535
0.363407
0.362879
0.267504
0.278449
12.0841
12.0826
12.0845
2.66279
2.57791
5.00047
6.64915
5.08935
4.87571
5.14697
8.7787
12.0861
12.0838
12.0858
12.0834
12.0819
12.0834
11.9914
11.9908
11.9908
12.1473
12.1474
12.1477
11.937
11.9445
11.941
11.8264
11.8246
11.8239
11.9517
11.9516
11.9509
11.9493
11.9492
11.9486
11.9537
11.9532
11.9524
10.8516
10.8438
10.8413
11.3971
11.4026
11.4007
10.2398
10.2458
10.2404
7.24836
7.26598
7.2564
6.39324
6.39761
6.38563
6.73508
6.75673
6.7416
11.1453
11.1482
11.1459
11.1747
11.2965
11.3018
11.3009
11.265
11.2534
11.2553
11.2895
11.2768
11.2789
1.84963
1.80954
1.81564
2.35113
2.36652
2.35508
2.69054
2.6075
5.02485
6.67379
5.11301
4.90056
5.17121
8.79302
5.41088
5.59299
0.189881
0.003788
-15.3652
-22.8371
-27.0434
10.3325
10.3067
10.3139
10.4029
10.4495
10.4412
10.4448
10.4554
10.4513
10.4349
10.4799
10.4722
10.4648
10.4749
10.4711
-0.663735
-0.662398
-0.664466
-0.576851
-0.585263
-0.583773
-0.643092
-0.627136
-0.63449
-0.529945
-0.524893
-0.528865
-0.514624
-0.513771
-0.516695
-0.611028
-0.593687
-0.601121
11.9922
11.9918
11.9916
11.9793
11.9782
11.978
11.9549
11.9546
11.9535
11.8175
11.8176
11.8166
11.8268
11.8286
11.8281
11.8295
11.8214
11.8229
11.8123
11.8168
11.8148
12.0935
12.0978
12.0958
11.3471
11.3355
11.3377
11.407
11.413
11.411
11.3247
11.3355
11.3306
11.3278
11.317
11.3188
7.39941
7.41589
7.40686
6.44631
6.44981
6.43903
6.77503
6.79772
6.78372
7.17754
7.14778
7.14844
11.142
11.1449
11.1427
11.1719
11.2919
11.2972
11.2963
11.261
11.2493
11.2513
11.2865
11.2737
11.2758
5.49796
5.52513
5.5105
5.79584
5.75638
5.75804
6.04506
6.07279
6.05918
0.179597
-0.00576678
-15.3958
-22.8568
-27.061
-0.518182
-0.490718
-0.490085
10.3312
10.3052
10.3124
10.4023
10.4489
10.4407
10.4343
10.4792
10.4715
9.94502
9.95702
9.95527
10.3202
10.3356
10.3322
-0.881865
-0.883104
-0.884832
-0.72732
-0.726198
-0.729215
-0.666924
-0.665619
-0.667656
-0.582595
-0.590931
-0.58948
-0.649001
-0.63319
-0.640511
-0.534678
-0.529779
-0.533729
-0.615025
-0.597971
-0.605338
11.9823
11.9818
11.9805
12.0526
12.0531
12.0541
12.0113
12.0094
12.0126
11.9796
11.9777
11.9807
11.879
11.8765
11.879
11.6778
11.6691
11.6732
11.8972
11.8938
11.8971
11.9364
11.9337
11.9373
11.6762
11.6677
11.6718
11.906
11.9027
11.9061
12.1607
12.1619
12.1835
12.1897
12.1908
12.1105
12.1108
12.1143
11.9517
11.9487
11.9524
11.7192
11.7116
11.7162
12.0019
12.0004
12.004
12.1081
12.1102
12.1139
11.7404
11.7338
11.7384
12.0307
12.0301
12.0338
11.6481
11.5638
11.5619
11.5609
11.5703
11.5748
11.569
11.5007
11.5047
11.3771
11.3773
11.3803
11.508
11.508
11.5065
11.486
11.4858
11.4869
11.3651
11.3657
11.3689
11.5125
11.5129
11.5114
11.6387
11.6285
11.631
11.405
11.3947
11.3935
11.4916
11.4854
11.4839
11.4771
11.477
11.4782
11.1401
11.1409
11.1443
11.4198
11.4177
11.4178
11.2918
11.2852
11.2841
11.0899
11.0905
11.0938
11.3933
11.3902
11.3898
11.5522
11.5406
11.5449
11.1307
11.114
11.1157
11.2306
11.2152
11.2157
11.2506
11.2424
11.2412
10.6239
10.6207
10.6212
11.1215
11.1092
11.1084
10.9373
10.9213
10.9216
10.5429
10.5385
10.5388
11.0737
11.0601
11.0596
11.55
11.5403
11.545
10.9433
10.9229
10.9285
10.9876
10.9669
10.9716
10.8865
10.8693
10.8701
9.96268
9.94878
9.94755
10.7534
10.7326
10.7351
10.6166
10.5914
10.5966
9.87961
9.86332
9.86215
10.7108
10.6889
10.692
11.7326
11.733
11.7372
11.0275
11.0193
11.0242
10.9765
10.9633
10.9685
10.5941
10.5686
10.5742
9.43085
9.4016
9.40357
10.5627
10.5405
10.5465
10.5993
10.5833
10.5888
9.38989
9.35975
9.36238
10.5669
10.5462
10.552
12.0351
10.955
11.0555
11.0443
11.0524
10.6086
10.5946
10.6
9.30173
9.27736
9.28229
10.6302
10.6221
10.6249
10.3456
10.392
9.29653
9.27461
9.27955
10.6048
10.6
10.6043
11.3398
11.3635
11.3475
11.1519
11.1511
11.153
11.2124
11.2112
11.2125
11.2123
11.2115
11.2116
11.0034
11.0023
11.0034
11.1775
11.1764
11.1775
11.0791
11.0783
11.0802
10.9681
10.9672
10.9685
11.156
11.1549
11.1562
11.2654
11.2655
11.2686
10.8055
10.8061
10.8103
10.9702
10.9701
10.9734
11.0436
11.0428
11.0449
10.5914
10.5924
10.5952
10.9159
10.9156
10.9186
10.6669
10.6675
10.6717
10.5104
10.5116
10.5147
10.8613
10.8611
10.8645
10.9347
10.935
10.9392
10.0899
10.0925
10.0978
10.4074
10.4094
10.4142
10.5865
10.5872
10.5917
9.71367
9.71776
9.72203
10.3114
10.3133
10.3174
9.8338
9.83711
9.8424
9.55128
9.55551
9.5597
10.2004
10.2027
10.207
10.2898
10.287
10.2882
8.94903
8.95156
8.95278
9.41494
9.41821
9.42205
8.06857
8.07439
8.07545
9.68855
9.69201
9.69743
9.22029
9.2251
9.22974
7.75806
7.76575
7.76647
8.49491
8.49927
8.50128
9.04323
9.04826
9.05261
9.47284
9.46
9.45819
7.75077
7.74675
7.74164
8.15508
8.15514
8.15222
5.64052
5.65247
5.64685
8.29524
8.29936
8.30011
7.72639
7.72973
7.72728
5.33081
5.3436
5.33712
7.05905
7.05797
7.05226
7.53802
7.54053
7.53731
8.82048
8.78977
8.79035
6.99761
6.974
6.9677
7.22162
7.20648
7.19926
6.91484
6.912
6.90551
4.27406
4.28254
4.2689
6.55489
6.54611
6.53749
6.21624
6.19768
6.18892
4.20465
4.21117
4.19662
6.45294
6.44173
6.43275
8.66027
8.63037
8.63543
6.80747
6.77007
6.772
6.80303
6.76818
6.76657
6.15225
6.13068
6.12249
3.93513
3.92352
3.90675
6.0383
6.00801
6.00254
6.01157
5.97509
5.97357
3.91691
3.90247
3.88617
6.01225
5.97967
5.97514
8.51768
8.49308
6.66458
6.74025
6.67531
6.82336
6.79356
6.7969
6.01752
5.97951
5.97922
3.99487
3.96382
3.95472
6.07143
6.03313
6.03613
6.02563
5.99887
5.99795
4.0256
3.99253
3.98491
6.06983
6.03304
6.03654
11.1821
11.0919
11.0894
11.0886
11.1536
11.1156
11.1398
11.2005
11.1796
11.0633
11.0616
11.0605
11.1307
11.1285
11.126
11.0831
11.081
11.0802
11.0517
11.05
11.0491
11.1159
11.1138
11.1126
11.1195
11.1178
11.1175
10.9252
10.9245
10.9246
11.0064
11.005
11.0047
11.0683
11.0662
11.0655
10.8989
10.8986
10.8979
11.0107
11.0092
11.0088
10.8974
10.8967
10.8969
10.8681
10.8679
10.8673
10.9869
10.9854
10.9852
10.9156
10.9147
10.9161
10.5332
10.5348
10.5364
10.7141
10.7147
10.7158
10.8605
10.86
10.8604
10.5626
10.565
10.5652
10.7281
10.7288
10.7297
10.4848
10.4867
10.4883
10.501
10.5036
10.5039
10.6734
10.6742
10.6753
10.4106
10.412
10.4151
9.71464
9.71753
9.71975
10.0908
10.0931
10.0954
10.4075
10.4095
10.4112
9.93942
9.9428
9.94377
10.1385
10.141
10.143
9.65663
9.65866
9.66021
9.83519
9.83843
9.83938
10.0346
10.0371
10.0393
8.24553
8.13718
8.21225
9.36501
9.36896
9.37242
8.84434
8.84413
8.84554
8.72897
8.76206
9.51358
9.51556
9.51689
9.01557
9.01819
9.01837
8.21698
8.21742
8.88178
8.8276
8.8443
8.8428
8.84373
3.1779
3.18465
3.16597
0.606038
0.627297
0.591255
0.451429
0.473948
0.437468
-0.305517
-0.351004
-1.18627
-1.15335
-0.334929
-0.319743
-0.350587
-0.994576
-1.00374
-0.147134
-0.123753
-0.161479
-0.294053
-0.277127
-0.31159
3.07528
3.06514
3.0448
1.19991
1.20179
1.17473
0.985379
0.993119
0.962766
-0.0739538
-0.0512722
-0.0889144
-0.893522
-0.861797
-0.883542
0.194583
0.211439
0.176732
0.572675
0.581187
0.552602
-0.830503
-0.799167
-0.821781
0.287097
0.301763
0.268316
3.2609
3.23212
3.22063
1.64318
1.62524
1.60795
1.48775
1.47749
1.45595
0.6552
0.661336
0.634209
-0.264483
-0.246263
-0.268616
0.879102
0.877473
0.853979
1.10623
1.09458
1.07587
-0.180808
-0.165715
-0.18691
0.93707
0.932741
0.910171
3.57762
3.53829
3.53871
2.09944
2.07031
2.06717
1.9552
1.92849
1.92131
1.15785
1.14353
1.12624
0.259538
0.257594
0.242251
1.31146
1.29098
1.27886
1.4976
1.47222
1.46699
0.307965
0.304107
0.289741
1.36935
1.34743
1.33745
2.85158
1.86314
2.06369
2.02638
2.03499
1.53568
1.50895
1.50574
0.559986
0.545765
0.540293
1.4728
1.4529
1.44444
0.749765
0.825378
0.570465
0.555461
0.551344
1.40793
1.38276
1.38407
11.0359
11.0358
11.0349
11.0316
11.0322
11.0317
11.0515
11.0502
11.0496
10.8987
10.9004
10.8993
10.9634
10.9644
10.9635
11.0245
11.0252
11.0247
10.8815
10.8855
10.8839
10.9762
10.9777
10.9768
10.898
10.8998
10.8988
10.866
10.8698
10.8682
10.9601
10.9617
10.9608
10.8565
10.8566
10.8562
10.6472
10.6505
10.6499
10.7571
10.7594
10.7586
10.8743
10.8761
10.8751
10.7159
10.7195
10.7186
10.7926
10.795
10.794
10.6594
10.6626
10.6619
10.6901
10.6935
10.6928
10.762
10.7645
10.7636
10.4891
10.4918
10.4918
10.1984
10.2017
10.2015
10.3957
10.3993
10.3991
10.4298
10.4324
10.4316
10.6181
10.6216
10.621
10.4917
10.4958
10.4953
10.3626
10.3656
10.3678
10.2717
10.2769
10.2757
10.4374
10.4415
10.441
9.40181
9.86449
9.86887
9.86848
9.83798
9.83899
10.2295
10.2305
10.23
10.0433
10.0511
9.54965
10.043
10.0229
-1.01113
-0.982786
-0.99981
-1.04021
-1.0197
-1.0293
-1.16093
-1.12509
-1.14624
-1.37863
-1.24777
-1.22713
-1.09029
-1.07424
-1.08176
-1.17943
-1.16572
-0.454569
-0.435334
-0.454715
-0.652398
-0.634804
-0.648246
-0.817659
-0.797024
-0.810002
-0.869897
-0.859233
-0.863948
-1.04168
-1.02551
-1.03389
-0.911773
-0.893161
-0.903415
-0.831898
-0.819854
-0.825112
-0.729851
-0.711446
-0.723687
-0.870294
-0.851312
-0.862272
0.0389783
0.0392228
0.0253666
-0.256031
-0.249811
-0.261067
-0.378927
-0.369297
-0.381171
-0.677383
-0.659851
-0.672113
-0.561342
-0.541914
-0.551107
-0.515789
-0.501594
-0.513306
-0.334734
-0.325506
-0.336318
-0.514812
-0.495599
-0.505055
-0.466457
-0.453677
-0.465212
0.246877
0.235512
0.230237
-0.106914
-0.109103
-0.115989
-0.122301
-0.121537
-0.13035
-0.300021
-0.291969
-0.302527
-0.215593
-0.203572
-0.212216
-0.212516
-0.207653
-0.216766
-0.164114
-0.163464
-0.170419
-0.185066
-0.174171
-0.182712
-0.192002
-0.188537
-0.197173
-0.358572
-0.406474
-0.603112
-0.48319
-0.564116
-0.29792
-0.299237
-0.303968
-0.168016
-0.167783
-0.174197
-0.0699466
-0.0616588
-0.0676748
-0.22826
-0.228789
-0.233835
-0.42912
-0.425919
-0.431355
-0.0748086
-0.066217
-0.0713624
-0.277275
-0.277537
-0.281972
-1.16692
-1.13107
-1.1993
-0.953562
-0.925408
-1.00066
-0.576288
-0.575513
-0.573586
-0.175973
-0.167549
-0.167975
-0.706009
-0.723114
-0.735296
-0.985672
-1.00165
-1.01449
-0.200431
-0.191693
-0.192392
-0.820122
-0.839791
-0.855161
-1.64098
-1.64291
-1.64779
-1.14602
-1.1376
-1.14258
-1.20773
-1.21041
-1.21742
-1.00638
-1.01949
-1.02951
-0.263256
-0.248359
-0.250474
-1.03842
-1.03663
-1.04354
-0.938171
-0.924372
-0.929934
-0.249495
-0.23453
-0.236752
-1.01107
-1.00427
-1.01095
-1.03118
-1.02872
-1.03143
-0.780534
-0.773765
-0.777359
-0.890858
-0.881997
-0.885895
-0.892433
-0.878652
-0.883695
-0.202398
-0.193996
-0.195336
-0.803835
-0.793414
-0.797395
-0.666881
-0.658238
-0.662209
-0.187599
-0.179917
-0.181029
-0.754552
-0.744946
-0.748847
-0.586942
-0.581746
-0.577497
-0.501511
-0.496854
-0.499149
-0.575972
-0.570989
-0.574212
-0.622471
-0.614335
-0.618365
-0.170671
-0.165766
-0.167686
-0.554872
-0.547416
-0.551457
-0.454596
-0.448119
-0.451632
-0.157601
-0.152553
-0.154685
-0.517467
-0.510274
-0.514219
-0.395584
-0.391551
-0.392512
-0.319324
-0.315535
-0.316329
-0.375646
-0.371801
-0.372691
-0.417965
-0.412155
-0.415367
-0.11801
-0.111989
-0.113641
-0.347101
-0.341976
-0.344203
-0.249497
-0.245994
-0.246819
-0.104843
-0.0991039
-0.100489
-0.314152
-0.30933
-0.311207
-0.232482
-0.228798
-0.229792
-0.194052
-0.190438
-0.191325
-0.238309
-0.234796
-0.235576
-0.226534
-0.223252
-0.223791
-0.0477469
-0.0429509
-0.0435611
-0.174616
-0.171712
-0.171982
-0.113321
-0.110604
-0.110419
-0.0402413
-0.0354454
-0.0360406
-0.158076
-0.155176
-0.155388
-0.1108
-0.107252
-0.107898
-0.101041
-0.0975653
-0.0976227
-0.137002
-0.132693
-0.133338
-0.102675
-0.100033
-0.0996039
-0.00227168
0.00180865
0.00223944
-0.0656504
-0.0628949
-0.0620339
-0.0321018
-0.0292881
-0.0282138
-0.00110862
0.00274906
0.00334481
-0.0591836
-0.0562464
-0.0553894
10.8329
10.8397
10.8368
10.8384
10.8453
10.842
10.8686
10.8729
10.871
10.7616
10.7672
10.7656
10.799
10.8057
10.8037
10.8382
10.845
10.8416
10.7723
10.7789
10.7768
10.8217
10.8283
10.8254
10.8013
10.8077
10.8059
10.7753
10.7816
10.7798
10.8231
10.8295
10.8271
10.5851
10.5638
10.5775
10.7195
10.7228
10.7217
10.6625
10.6647
10.6635
10.5266
10.5702
10.7933
10.7992
10.7978
10.7499
10.7556
10.7537
10.7146
10.7208
10.742
10.7186
10.7635
10.7637
10.7626
-0.517744
-0.497853
-0.505675
-0.183579
-0.166354
-0.171714
-0.303824
-0.287804
-0.293045
-0.432196
-0.414675
-0.0519149
-0.0379133
-0.29833
-0.285693
-0.290562
0.0711826
0.0700054
-0.135361
-0.118884
-0.12467
-0.24749
-0.23427
-0.239281
-0.167813
-0.154385
-0.162302
0.150399
0.163595
0.159222
0.0335456
0.0482354
0.0435031
-0.0888341
-0.0722459
-0.0779388
0.333124
0.347234
0.34189
0.039176
0.0549741
0.0497128
0.212045
0.226143
0.221377
0.382167
0.396256
0.391005
0.0845929
0.0998335
0.0947777
0.000274548
0.0100005
0.00611048
0.412454
0.423481
0.41955
0.324542
0.335962
0.331842
0.258914
0.27226
0.267578
0.705673
0.715496
0.711046
0.381953
0.393921
0.389484
0.521061
0.531784
0.527579
0.749134
0.758282
0.753988
0.41897
0.430435
0.426103
0.0293801
0.037987
0.0374466
0.618064
0.625479
0.623587
0.547215
0.555234
0.552719
0.552282
0.562581
0.558502
1.00645
1.0147
1.01068
0.651002
0.660116
0.656594
0.76411
0.772207
0.769458
1.03899
1.04697
1.04298
0.680234
0.688738
0.685491
0.0516394
0.0627182
0.0615422
0.695737
0.703033
0.701373
0.687998
0.69514
0.693555
0.787656
0.795603
0.792996
1.2276
1.23537
1.23179
0.843291
0.851164
0.848839
0.874584
0.88244
0.880122
1.24514
1.25296
1.24943
0.855683
0.863483
0.861187
0.054301
0.0614836
0.0602647
0.606531
0.614316
0.613467
0.651611
0.659782
0.658317
0.873999
0.881916
0.879569
1.30599
1.31516
1.31215
0.852156
0.860925
0.858531
0.794414
0.802643
0.801388
1.30056
1.30987
1.30698
0.838772
0.84749
0.845529
0.00420545
0.00989078
0.00913419
0.478919
0.485621
0.484732
0.529843
0.536666
0.535815
0.778547
0.786598
0.785444
1.21187
1.21948
1.21894
0.725394
0.733013
0.732022
0.643742
0.651042
0.650019
1.19008
1.19732
1.1969
0.70607
0.713552
0.71259
0.00100648
0.00838958
0.00658316
0.352726
0.35897
0.358513
0.399117
0.405529
0.404809
0.622097
0.629332
0.62829
1.00447
1.01032
1.00991
0.555912
0.563103
0.561947
0.468273
0.475323
0.474085
0.969941
0.975718
0.975231
0.533725
0.540861
0.539693
0.0345221
0.0405509
0.039697
0.242183
0.247039
0.247161
0.282267
0.287761
0.287479
0.446462
0.453406
0.452202
0.715727
0.719964
0.719376
0.38365
0.390347
0.389333
0.302093
0.307857
0.307378
0.675714
0.679539
0.679074
0.362363
0.368853
0.367968
0.130259
0.131962
0.133951
0.0560682
0.059763
0.0608045
0.171511
0.174729
0.17601
0.281041
0.286428
0.286117
0.405389
0.406069
0.407092
0.224421
0.228399
0.228802
0.147411
0.148718
0.150463
0.361327
0.361152
0.362582
0.202257
0.205517
0.206309
10.8331
10.8405
10.8378
0.440705
0.453953
0.448334
0.811518
0.820507
0.815951
1.12425
1.13193
1.12772
1.3502
1.35783
1.35405
1.43648
1.44483
1.442
1.33778
1.34437
1.34437
1.10481
1.11002
1.10986
0.768265
0.771538
0.771234
0.397237
0.396075
0.397283
12.1504
12.1404
12.109
12.109
12.108
12.0984
12.0979
12.3995
11.9469
11.9444
11.9438
11.9433
11.9294
11.9242
11.9241
11.9086
11.9105
11.8629
11.8532
11.9621
11.967
12.9717
13.0323
11.5148
11.9365
10.8775
10.857
10.8051
11.3251
7.22483
7.33334
9.55349
-1.07211
-1.11763
10.3676
12.0567
12.0579
12.0578
12.0679
12.0677
12.0682
12.0703
12.0715
12.0716
12.0635
12.0628
12.0634
12.0775
12.0772
12.0772
12.102
12.103
12.103
12.1073
12.1087
12.1086
12.0615
12.061
12.1273
12.1242
12.1239
12.0539
12.0564
12.0544
12.1579
12.16
12.1585
12.1914
12.1933
12.1918
12.1998
12.2007
12.1996
11.9107
11.9106
11.9107
11.8759
11.8669
11.8694
11.9405
11.9368
11.9379
12.1485
12.1567
11.7457
11.7442
11.7437
12.3895
12.4017
12.3991
12.3418
12.3445
12.3429
12.3514
12.3509
12.3509
12.1589
12.1765
12.0513
12.0562
12.0543
11.7208
11.7275
11.725
11.6547
11.6441
11.6453
11.6543
11.6433
11.6445
11.6095
11.612
11.6101
11.539
11.5452
11.6598
11.6674
11.6647
9.26995
9.26204
9.25987
9.34581
9.32802
9.32578
9.01863
9.03189
9.01973
8.77364
8.77535
8.76543
10.6165
10.6127
10.6106
10.3734
10.3836
10.3768
11.3002
11.3085
11.305
11.2527
11.2446
11.2447
11.1855
11.2061
11.2675
11.28
11.2751
11.202
11.1929
11.1931
5.51214
5.49565
5.04665
5.05387
5.04237
6.98024
6.96162
6.95879
6.68856
6.71317
6.70338
5.90489
5.92964
5.52194
5.53388
5.52368
-2.02237
-1.94663
-1.93349
-2.48781
-2.38895
-2.361
-2.55631
-2.38831
-1.5469
-1.47708
-1.46325
7.36032
7.37748
7.39009
8.15346
8.12987
8.14208
8.59558
8.60251
8.60434
7.46403
7.47457
8.00736
7.97667
7.9885
-1.53312
-1.5158
-1.56026
-0.499363
-0.583479
-0.534649
-0.566477
-0.547096
-0.541464
-1.71684
-1.70465
-1.21046
-1.23939
-1.24029
9.75431
9.78666
9.7834
9.81918
9.79332
9.80255
9.64292
9.63637
9.58112
9.589
9.58767
-1.03313
-1.03196
-1.03457
-1.11551
-1.1033
-1.11243
-1.03036
-1.02897
-1.03211
-1.09324
-1.08217
-1.08329
-1.09232
-0.758248
-0.763795
-0.762891
-0.752042
-0.7526
-0.754223
10.4375
10.4534
10.451
10.5185
10.5247
-0.445723
-0.430057
-0.437222
-0.36411
-0.3712
-0.370498
-0.59187
-0.57834
-0.589415
-0.464704
-0.461208
-0.467413
-0.812555
-0.812465
-0.670256
-0.667196
-0.673289
12.1634
8.00557
8.01194
8.01364
7.48222
7.49756
7.83653
7.69582
7.79441
8.07955
8.12265
8.09523
7.43429
7.45326
8.05194
7.93679
8.01459
7.55305
7.43672
7.54328
7.44399
7.59913
7.6026
5.08568
5.08713
5.10775
3.93007
3.89995
4.11154
4.0999
4.25973
3.94911
3.2813
2.58059
9.33475
9.29786
8.77906
8.9727
9.52231
9.87604
9.09749
-0.992244
10.5593
10.5597
10.5591
10.4648
10.4639
10.4849
10.4619
10.4781
10.5703
10.6337
10.5931
10.3663
10.407
10.6485
10.6301
10.6438
10.6246
10.6119
10.5639
10.5388
10.6037
10.6106
-0.927611
-0.911376
-0.763704
-0.769826
-0.895163
-0.878119
-1.04171
-0.819907
-1.01262
10.9078
10.897
10.3929
10.5328
-0.0869805
0.0791463
0.0696471
0.0742417
0.150399
0.137335
0.141894
0.111534
0.100134
0.105151
12.1402
12.0789
12.0777
12.0796
12.1018
12.1204
12.1206
12.1213
12.1262
12.1246
12.0891
12.0878
12.0895
12.0878
12.088
12.0814
12.0841
12.1141
12.1232
12.1089
12.1722
12.14
12.1386
12.1454
12.1292
12.1337
12.1362
12.1417
12.138
12.1379
12.1439
12.1391
12.14
12.1594
12.1532
12.1609
12.2087
12.1772
12.2429
12.2397
11.8738
11.7367
11.9648
12.0469
11.9505
11.9566
11.9336
11.9336
11.9532
11.9564
11.9705
11.9203
11.9246
11.9506
11.8405
11.8717
11.8174
11.716
11.7144
11.7123
11.732
11.7346
11.7311
11.7459
11.7405
11.8465
11.8202
11.8176
11.8078
11.8119
11.8293
11.8254
11.8284
11.8564
11.8615
11.8587
11.8273
11.823
11.8254
11.7053
11.6962
11.6995
11.7459
11.7396
11.7418
11.742
11.7355
11.7381
11.8603
11.859
11.8161
11.8191
11.8165
11.8173
11.8196
11.8173
12.5931
12.0903
12.0935
12.0972
12.172
12.1749
12.1787
12.1214
12.1246
12.1283
11.9053
11.907
11.911
12.0287
12.0335
12.037
12.0087
12.0115
12.0151
12.1989
12.2055
12.1846
12.1869
12.1913
12.1382
12.1496
12.1481
12.4107
12.4885
12.2532
11.9603
11.9772
11.972
12.0697
12.0711
12.076
12.0882
12.0948
12.2981
12.1975
12.2039
12.2321
12.2388
12.5438
12.2908
11.547
11.4208
11.4338
11.4062
11.464
11.4885
11.4884
11.4938
11.4628
11.471
11.3921
11.412
11.3988
11.3982
11.4088
11.4422
11.4434
11.4749
11.4276
11.4813
11.4583
10.1613
10.1552
10.3473
10.1611
10.1522
9.19139
9.169
9.17826
9.64772
9.62521
9.30184
9.35836
10.6058
10.7803
10.0551
9.00796
9.27259
9.55059
10.6741
11.3002
11.0314
11.4047
11.3203
11.3123
11.258
11.255
11.2483
11.2607
11.3285
11.2391
11.2489
11.3067
11.0762
11.282
11.2172
11.1854
11.1561
11.1749
11.1752
11.1918
11.1778
11.1771
11.1739
11.2466
11.2088
11.2054
11.185
11.1939
11.1859
11.184
11.1842
11.2124
11.2321
11.2167
11.1907
11.1893
11.1894
11.1332
11.1312
11.1313
11.1832
11.1817
11.1801
11.172
11.1709
11.1704
11.223
11.2205
11.1821
11.1979
11.1857
11.2223
11.198
11.2139
7.47711
5.51565
5.48786
5.48956
5.95644
5.92425
5.92542
5.57526
5.54019
5.54063
4.28736
4.25457
4.25428
4.69497
4.66662
4.66963
4.73309
4.70489
4.70151
5.98878
5.94556
5.47741
5.44845
5.45427
5.38016
5.46825
5.39098
6.61892
5.54897
5.34273
4.139
4.23891
4.15095
4.67926
4.64487
4.64299
4.72708
4.67377
5.36232
5.43886
5.40923
5.44097
5.41003
6.20713
5.4584
11.2316
11.1229
11.1212
7.09367
7.11965
7.11247
6.88524
6.90042
6.70792
6.73343
5.34812
5.78605
6.72672
6.87019
7.58894
7.58335
7.15213
7.71555
4.21191
4.22021
4.20943
3.30962
3.29337
2.8822
3.09082
2.95924
1.62742
1.55715
1.57966
0.793499
0.688099
1.62627
1.78472
1.65387
2.20672
2.33644
0.31733
0.380394
2.19699
2.12096
-0.847046
-0.191207
-1.31795
-1.2368
1.04278
1.00174
0.47712
1.06543
1.00156
0.279455
0.221217
0.244904
0.275149
0.180442
-0.202326
-0.137659
0.418096
2.05069
0.783167
-0.273522
-0.616369
-0.738538
0.881017
8.45442
-1.16258
-1.1291
-1.19314
-1.11904
-1.20532
-1.39126
-1.24549
10.4844
10.4909
10.2408
10.2796
10.4417
10.4155
10.3597
10.5526
10.9564
10.3971
10.678
10.2674
11.0823
-0.791733
-0.77939
-0.783935
-0.765686
-0.747909
-0.712316
-0.697807
-0.704503
-0.561077
-0.58813
-0.565971
-0.514729
-0.51883
-0.655975
-0.643377
-0.648124
-0.764711
-0.751137
-0.652988
-0.63643
-0.706888
-0.689874
-0.373144
-0.556058
-0.504669
-0.750722
10.7661
0.104857
0.115537
0.156172
0.238075
12.1769
12.1339
12.1327
12.0995
12.1027
12.1025
12.0826
12.0853
12.1053
12.1085
12.1267
12.1302
12.1637
12.1007
12.0994
12.099
12.0853
12.0849
12.0843
12.0766
12.076
12.0951
12.0953
12.131
12.1269
3.21021
2.98092
10.0726
-1.90499
-3.77672
-3.50342
-22.264
-8.15378
-2.03634
-1.96018
-1.94623
-1.12166
-1.14532
-1.12506
-1.56231
-1.49235
-1.47803
-0.506426
-0.527435
-0.50793
-2.22513
-2.12282
-2.09063
-4.48346
-4.35229
-2.54646
-2.37639
-3.21052
-2.98697
-2.48399
-2.56207
-2.25521
-4.38822
-4.46401
-4.43385
-6.18805
-6.22438
-6.48733
-16.0752
-18.4739
-6.26518
-6.53706
-15.0766
-16.8986
-18.3203
-0.0331722
-0.0284039
-0.0261645
-0.0444865
-0.0129483
-0.00490466
0.022195
-0.0659068
0.0155478
0.016442
0.0156964
-0.0595977
-0.0560476
-0.0146551
-0.0128417
-0.0255842
-0.0246886
-0.0257431
-0.043334
-0.0426307
-0.0424109
0.0219337
0.0217124
-0.0711992
-0.0709156
0.0477648
0.0469334
0.0468991
12.0965
12.0995
12.0995
12.0777
12.0795
12.0791
12.0816
12.0843
12.1234
12.1223
12.0943
12.0973
12.1174
12.1207
12.1661
12.1196
12.1545
12.0267
12.0259
12.026
12.02
12.021
12.0203
12.0631
12.0623
12.0621
12.004
12.0032
12.0026
11.9994
11.9996
11.969
11.9676
11.9675
11.9977
11.9975
12.0096
12.0101
12.0093
12.0334
12.0359
12.0397
12.0403
12.0144
12.013
12.0504
12.0508
12.0503
12.0274
12.0261
12.0256
12.0217
12.0222
12.0218
12.0369
12.0229
11.9644
12.1024
12.1097
12.0531
12.1297
12.0729
12.0725
12.0715
12.0758
12.075
12.0742
12.105
12.1035
12.1025
12.1134
12.1139
12.1129
12.1284
12.129
12.1277
12.1019
12.1062
12.2388
12.1235
12.1232
12.1341
12.1375
12.1508
12.1602
12.2429
12.2498
12.2466
12.1468
12.1452
12.1451
12.1716
12.1785
11.9877
11.987
11.9859
12.1431
12.1484
12.1614
12.1839
12.2837
12.2892
12.2866
12.3509
12.3638
12.3607
12.2982
12.3066
12.3027
12.3829
12.4562
12.5276
12.5863
12.7479
11.7645
11.7555
11.7564
11.7425
11.7513
11.748
11.766
11.7578
11.7589
11.7589
11.7593
11.7586
11.7711
11.7758
11.7744
11.6942
11.7054
11.7004
11.6867
11.676
11.7066
11.6958
11.699
11.6082
11.9413
11.9395
11.9399
11.941
11.9385
11.9384
11.9538
11.957
11.9554
11.9258
11.9197
11.9211
11.9279
11.9209
11.9183
11.9249
11.9221
11.9076
11.9071
11.9063
11.9107
11.9112
11.911
11.8431
11.8496
11.79
11.8699
11.7658
12.3699
12.3826
12.3793
12.0231
12.0312
12.328
12.3274
12.3271
11.5268
11.5379
11.5316
11.8269
11.8211
11.8231
11.4923
11.4966
11.4922
11.7132
11.7146
11.7134
11.7812
11.7736
12.9234
12.9799
12.9439
12.719
12.5504
11.5387
11.5267
11.5288
11.5222
11.5334
11.5282
11.4636
11.4817
11.5024
11.4922
11.4945
11.3334
11.34
11.3535
11.3582
11.4011
11.4086
11.4056
11.3755
11.3801
11.3773
11.4256
11.4312
11.3771
11.3601
11.4988
11.5116
11.5057
11.4163
11.4041
11.4066
11.4929
11.5
11.4976
11.3884
11.3258
11.4781
11.4469
11.379
11.5164
10.1388
10.1178
10.118
9.93313
9.94198
9.93343
10.4104
10.4201
10.4138
11.0912
11.0988
11.0937
10.4519
10.4479
11.3136
11.3167
11.3116
11.8159
9.46456
9.45099
8.80198
8.75811
8.56126
8.57523
10.1166
10.104
10.1012
9.28987
9.30549
9.29764
8.76242
8.75079
8.74939
8.28348
8.26852
7.62549
7.62691
7.61718
7.13685
7.10871
7.1077
7.68931
7.67735
7.67209
7.24521
7.25993
8.07165
8.0857
8.0768
9.06386
9.06731
9.06181
8.43311
8.41583
8.41591
10.0416
10.774
9.95249
9.69666
8.93529
8.58375
11.1915
11.1979
11.2928
11.2822
11.2832
11.3222
11.3297
11.3276
11.2303
11.2121
11.2508
11.2537
11.2515
11.223
11.2281
11.228
11.2384
11.248
11.2445
11.2079
11.2173
11.2134
11.1551
11.1626
11.326
11.3048
11.286
11.3015
5.30322
5.32432
5.31423
4.11804
4.14998
4.13359
3.46819
3.43648
3.43828
4.12757
4.13131
4.12253
3.71769
3.72698
3.71426
3.37825
3.30465
6.821
7.21028
4.51853
2.8281
2.79295
2.79963
3.39878
3.41658
3.40995
2.73405
2.99791
4.85404
4.77294
10.056
3.22696
4.79205
-2.25302
-0.96758
-0.984218
-1.28153
-1.34106
-27.2981
-2.59603
0.339744
0.29496
0.304657
-0.0279381
0.03298
0.0252729
0.222152
0.283954
0.277087
-0.275543
-0.24481
-0.244624
0.155416
0.188082
0.189926
-0.403163
-0.367717
1.1624
1.12978
1.13676
0.583192
-4.46698
-4.33862
-3.19802
-2.97605
-2.20439
-2.10275
-2.07121
-2.446
-2.52356
-2.2201
-4.38627
-4.46236
-4.43227
-6.09663
-6.13137
-6.39082
-15.8738
-18.2322
-14.8897
-16.6866
-18.0907
-6.18184
-6.44682
-3.7382
-1.87636
-3.46033
-22.1423
-8.08872
-1.84622
-1.85613
-1.87669
-1.69869
-1.71507
-1.74329
-1.64112
-1.65821
-1.68668
-1.90907
-1.92799
-1.93638
-1.48135
-1.504
-1.51227
-1.418
-1.44856
-1.47143
-1.42128
-1.45117
-1.46955
-1.43195
-1.45892
-1.47055
-2.2872
-2.2483
-2.25523
-1.96788
-1.98204
-1.9934
-2.14062
-2.14985
-2.15421
-1.95852
-1.95303
-1.95148
-1.55658
-1.60251
-1.60393
-1.66884
-1.69552
-1.71097
-1.67129
-1.69949
-1.71314
-1.58412
-1.61729
-1.61068
-1.22967
-1.20001
-1.21781
-1.08765
-1.06499
-1.0763
-1.28673
-1.25058
-1.26634
-1.04642
-1.03084
-1.04345
-1.02081
-0.992757
-0.996809
-0.837267
-0.820626
-0.825903
-1.03418
-1.00531
-1.01452
-0.835685
-0.816092
-0.818145
-1.09359
-1.10297
-1.10496
-1.45008
-1.42636
-1.44301
-1.3771
-1.36191
-1.37647
-1.17281
-1.17056
-1.17767
-1.04064
-1.03002
-1.03931
-1.27155
-1.24854
-1.26337
-1.29936
-1.27233
-1.28596
-0.993353
-0.989373
-0.997443
-0.546804
-0.544529
-0.539761
-0.431537
-0.436692
-0.431853
-0.519224
-0.51949
-0.515177
-0.445021
-0.448072
-0.442611
-0.452521
-0.455423
-0.451669
-0.400749
-0.407994
-0.403676
-0.47867
-0.480975
-0.477037
-0.384438
-0.391957
-0.387952
-0.568252
-0.562517
-0.561975
-0.729234
-0.718779
-0.718244
-0.772213
-0.760147
-0.761158
-0.547898
-0.543107
-0.541563
-0.458132
-0.458322
-0.455988
-0.643833
-0.636327
-0.634631
-0.608468
-0.603038
-0.601156
-0.473461
-0.471533
-0.469254
-0.339686
-0.338802
-0.337413
-0.279842
-0.281579
-0.280214
-0.317589
-0.316877
-0.315646
-0.296773
-0.298683
-0.29713
-0.284212
-0.282614
-0.282211
-0.268126
-0.268474
-0.267799
-0.303399
-0.301581
-0.301033
-0.253224
-0.253534
-0.253062
-0.349074
-0.353396
-0.352256
-0.442674
-0.441365
-0.441979
-0.46259
-0.46085
-0.461447
-0.335355
-0.339694
-0.338493
-0.301423
-0.305344
-0.304278
-0.417917
-0.416372
-0.417195
-0.400823
-0.399345
-0.400183
-0.313837
-0.317883
-0.316821
-0.199686
-0.198671
-0.199071
-0.174032
-0.17374
-0.174329
-0.184563
-0.184024
-0.184416
-0.1845
-0.184155
-0.184632
-0.152028
-0.152242
-0.15262
-0.159142
-0.15874
-0.159477
-0.166645
-0.166349
-0.166774
-0.149582
-0.14923
-0.150106
-0.20145
-0.204907
-0.203745
-0.271243
-0.269449
-0.270283
-0.28436
-0.282629
-0.283518
-0.192152
-0.195108
-0.194038
-0.153286
-0.155163
-0.153967
-0.236243
-0.234835
-0.235388
-0.223533
-0.221753
-0.222155
-0.161505
-0.16434
-0.163112
-0.0761904
-0.0773245
-0.0772773
-0.089097
-0.0873582
-0.0887587
-0.0654315
-0.06684
-0.0665425
-0.0946567
-0.0930637
-0.0946034
-0.0433491
-0.0447209
-0.0441658
-0.0754055
-0.0731301
-0.0745828
-0.05009
-0.0510969
-0.0508205
-0.0730372
-0.0708297
-0.0721286
-0.0632491
-0.0619272
-0.0605182
-0.0912445
-0.0884137
-0.0876765
-0.10102
-0.0980089
-0.0973181
-0.0602218
-0.0585958
-0.0573686
-0.0476793
-0.0454908
-0.0447363
-0.0725548
-0.0697901
-0.0692702
-0.063398
-0.0610329
-0.0603604
-0.0511753
-0.0492038
-0.048441
0.0163195
0.0173238
0.0165372
-0.0587762
-0.0550941
-0.0248594
-0.023867
-0.0249698
-0.0137434
-0.0118825
-0.0427698
-0.0420105
-0.0418097
0.0226579
0.0225361
0.0483405
0.0475841
0.0475272
-0.0703811
-0.0700298
-0.0330204
-0.0282407
-0.0252827
-0.0121967
-0.00411274
-0.0438914
0.0234357
-0.064768
9.39954
9.37247
9.38163
9.3504
9.39579
9.39164
9.40848
9.45186
9.44805
9.4932
9.46332
8.93443
8.90931
8.91927
9.12214
9.13429
9.13528
9.19659
9.20784
9.20862
9.25285
9.26401
9.265
9.03014
9.00814
9.0185
9.50437
7.34137
-1.02955
-1.04083
-1.02688
-0.876192
-0.890258
-0.672652
-0.67348
-0.659431
-0.547033
-0.544214
-0.540766
-1.0273
-1.03523
-1.02787
-1.31227
-1.04556
-1.05369
-1.04989
-0.705008
-0.70873
-0.707705
-0.58401
-0.586729
-0.58331
-0.788292
-0.794507
-0.792072
-0.654401
-0.656868
-0.653658
-0.828311
-0.83441
-0.833483
-0.765319
-0.753057
-0.756819
-0.657534
-0.646663
-0.647865
-1.03052
-1.03875
-1.21592
10.4729
10.5388
10.4259
10.3929
10.446
10.4393
10.3833
10.4234
10.4176
10.3799
10.3914
10.3885
10.4054
10.4344
10.3207
9.99722
9.9675
9.97662
10.0278
10.067
10.062
10.1163
10.1783
10.0553
10.0308
10.0379
10.3658
10.347
10.3466
10.3619
10.3587
10.2536
10.2271
10.2366
10.2574
10.2721
10.2702
10.0881
10.3733
-0.992118
-0.991021
-0.681768
-0.68797
-0.68639
-0.982962
-0.987396
-0.908951
-0.90783
-0.912062
-0.895881
-0.893572
-0.901413
-1.08409
-0.881566
-0.882516
-0.954948
-0.93911
-0.845598
-0.830674
-0.843959
-0.517479
-0.690321
10.3708
-0.417758
-0.413894
-0.422486
-0.585971
-0.588909
-0.314738
-0.313298
-0.316835
-0.170171
12.0557
12.0428
11.9819
12.1206
12.1227
12.0722
12.0278
12.0269
12.0271
12.0198
12.0206
12.02
12.0724
12.0712
12.0712
12.0823
12.0831
12.0825
12.0585
12.0589
12.0584
11.9671
11.9657
11.9655
11.9755
11.9742
11.9741
12.0137
12.0132
12.0071
12.0075
11.9832
11.976
12.0174
12.0179
12.0171
11.98
11.9754
11.9761
12.0082
12.005
12.0051
12.0235
12.0243
12.0238
12.0476
12.051
12.0503
12.051
12.0248
12.0232
12.035
12.0335
12.0329
12.0682
12.0681
12.0686
12.0569
12.058
12.0579
12.079
12.081
12.0805
12.0729
12.0739
12.074
12.0657
12.065
12.0656
12.0946
12.0949
12.0945
12.1108
12.1118
12.1118
12.1173
12.1188
12.1186
12.0793
12.0797
12.0713
12.0706
11.6044
11.7523
11.7425
11.7435
11.7557
11.7467
11.748
11.7504
11.7512
11.7503
11.7632
11.7684
11.7668
11.6876
11.6991
11.6939
11.6757
11.6652
11.6989
11.6885
11.6916
13.0096
12.7782
11.749
11.747
11.7473
12.1027
12.1082
12.1064
12.3855
12.3874
12.3864
12.4542
12.4685
12.4661
12.2454
12.2664
11.5317
11.5442
11.5382
12.4521
12.4664
12.4632
12.1401
12.1486
12.4156
12.4155
12.4155
11.7912
11.7916
11.79
11.897
11.889
11.8918
11.5066
11.5123
11.5081
11.8968
11.8906
11.4769
11.4452
11.3769
11.5324
11.5205
11.5228
11.4979
11.4878
11.49
11.4949
11.5079
11.5019
11.3846
11.3884
11.3861
11.3917
11.3975
11.3956
11.328
11.3342
11.2855
11.2711
11.3979
11.4056
11.4024
11.3439
11.3351
11.3358
11.3718
11.3765
11.3737
11.4844
11.4916
11.4892
11.456
11.4749
11.4172
11.4228
11.3723
11.3546
11.4131
11.4008
11.4033
11.7115
11.7187
11.7161
11.6479
11.6366
11.638
11.7345
11.7438
11.74
11.6446
11.6331
11.6344
11.5988
11.6011
11.5991
11.5532
11.5567
11.5547
11.6535
11.661
11.6584
11.5288
11.5356
10.0687
9.97267
8.59904
9.05745
9.07207
9.06095
10.4616
10.4715
10.4651
10.703
10.6981
10.6964
9.61808
9.60309
8.90568
8.89357
8.89198
8.94446
8.90042
8.71051
8.72408
10.2084
10.1956
10.1929
9.37221
9.38651
9.37936
7.68238
7.68217
7.67452
8.43796
8.42321
7.75938
7.74661
7.74161
7.78769
7.74099
7.38578
7.39954
8.50013
8.48111
8.48162
8.13723
8.15081
8.14223
9.14488
9.14671
9.14182
11.1996
11.2057
11.2015
11.3033
11.283
11.2997
11.1985
11.1893
11.1896
11.2047
11.2142
11.2103
11.2985
11.3069
11.3034
11.2515
11.2433
11.2435
11.2473
11.2504
11.2481
11.187
11.1932
11.3195
11.3272
11.325
11.2914
11.2806
11.2816
11.3494
11.3629
11.357
11.2255
11.2074
11.2222
11.2273
11.2273
11.2373
11.2471
11.2436
11.1509
11.1584
5.18041
4.52259
5.10338
5.10827
5.09875
5.6897
5.69806
5.68897
7.03283
7.01231
7.00995
6.74789
6.7715
6.76229
6.03239
6.05665
4.15322
4.1858
4.17053
5.35043
5.37106
5.36131
4.15145
4.1288
4.8734
4.86896
4.86191
3.59341
3.56054
3.56301
4.26975
4.27028
4.26196
3.76197
3.77063
3.75863
3.47289
3.39853
1.89304
1.93327
1.92363
1.46275
1.50754
1.49493
3.43837
3.4548
3.44871
2.85755
2.82074
2.82775
1.75728
1.8011
2.42181
2.45445
2.44596
-2.59692
-1.37418
-2.25121
-27.3622
-1.28193
-1.34179
0.563359
0.162626
0.194703
0.196895
-0.0164769
0.044746
0.0383172
0.34905
0.302184
0.312957
0.309235
0.370867
0.364875
-0.186867
-0.157025
-0.156099
-0.351519
-0.316372
1.17584
1.14201
1.14925
9.50559
9.39367
9.36632
9.37553
9.3435
9.38896
9.38476
9.40533
9.44884
9.44493
9.48545
9.45527
8.94931
8.92676
8.93735
9.0263
9.00432
9.01462
9.2497
9.26118
9.26203
8.92714
8.90221
8.91208
9.11489
9.12752
9.12834
7.34165
7.35872
7.37118
8.1457
8.12224
8.13436
7.99823
7.96789
7.97963
-1.31323
-0.573977
-0.554757
-0.549395
-0.970244
-0.979958
-0.971401
-0.684568
-0.685619
-0.671973
-0.551123
-0.548261
-0.54501
-0.879365
-0.893451
-1.03007
-1.03815
-1.03082
-1.01837
-1.0217
-1.01788
-1.21177
-0.588148
-0.590859
-0.587512
-0.657128
-0.659538
-0.656421
-1.04471
-1.05281
-1.04901
-1.1134
-1.12196
-1.11852
-0.834268
-0.840255
-0.839383
-0.772215
-0.760011
-0.763822
-0.6609
-0.650115
-0.651407
-1.02945
-1.03788
10.4042
10.4342
10.4698
10.5357
10.4212
10.3879
10.443
10.4357
10.3811
10.4211
10.4154
10.0911
9.83443
10.0556
10.0307
10.0379
9.99548
9.9655
9.97463
10.0237
10.0631
10.0579
10.11
10.1718
9.93925
9.9463
10.3448
10.36
10.3568
10.2539
10.2685
10.2666
10.2513
10.2243
10.2339
-1.10416
-1.10719
-1.10839
-0.782602
-0.760498
-0.765799
-0.76501
-1.10745
-1.09555
-1.1045
-1.02581
-1.02449
-1.0271
-1.02303
-1.02158
-1.02474
-1.08835
-1.07764
-0.975389
-0.979495
-0.889063
-0.886879
-0.894502
-0.902051
-0.900913
-0.905061
-0.522167
-0.691221
-0.471674
-0.875424
-0.876397
-0.947883
-0.932269
-0.806068
-0.806027
-0.839067
-0.824635
-0.837629
10.5021
10.5206
10.5157
10.5157
10.522
-0.180544
-0.369215
-0.376187
-0.37549
-0.319317
-0.31798
-0.321523
-0.415346
-0.411566
-0.419988
-0.582371
-0.585222
12.4702
12.6572
12.0496
12.0527
12.0504
12.2132
12.2152
12.2139
12.1749
12.177
12.1756
12.1583
12.1569
12.1566
12.1599
12.1604
12.1631
12.1666
12.2249
12.2258
12.2249
12.3247
12.3308
12.3285
12.0332
12.0343
12.0154
12.0171
12.0201
12.0211
12.1016
12.1011
12.1023
12.0868
12.0859
12.0882
12.0993
12.0985
12.1006
11.67
11.6473
11.639
11.6403
11.6473
11.6401
11.6398
11.6365
11.6287
11.6289
11.5739
11.5614
11.5655
11.5344
11.5203
11.5231
11.5137
11.4993
11.5024
11.5392
11.5298
11.5342
11.4086
11.3951
11.3996
11.4054
11.3929
11.3974
11.6467
11.6437
11.648
11.4507
11.4433
11.4478
11.4722
11.466
11.4704
11.6861
11.7151
11.5686
11.5927
11.5814
11.6217
11.6169
11.6238
11.324
11.3367
11.3175
11.3281
11.3421
11.3411
11.3128
11.3122
11.3147
11.2927
11.2923
11.2952
11.2664
11.266
11.269
11.0912
11.0915
11.0958
11.0212
11.0217
11.0253
10.9695
10.9701
10.9742
10.5627
10.5619
10.5644
10.4529
10.4544
10.4583
10.3605
10.3618
10.3654
9.7816
9.77378
9.7728
9.5757
9.57254
9.572
9.45992
9.45609
9.45498
9.01957
8.9955
8.99408
8.7027
8.68697
8.68329
8.61245
8.59425
8.59062
8.60557
8.56719
8.572
8.13536
8.10026
8.10084
8.10337
8.06688
8.0683
8.55973
8.53803
8.54058
8.11149
8.08128
8.08666
8.09778
8.0697
8.07466
11.2566
11.1605
11.1589
11.1571
11.1371
11.1354
11.135
11.1281
11.1255
11.1251
11.0221
11.0208
11.0216
10.9915
10.9903
10.9905
10.9597
10.9587
10.9591
10.6454
10.6456
10.6478
10.613
10.6131
10.6149
10.5431
10.5437
10.5457
9.84608
9.84938
9.85289
9.81482
9.81815
9.82132
9.67407
9.67758
9.68061
2.52363
2.54015
2.52108
3.46391
3.47546
3.45934
2.45429
2.47289
2.45266
3.09377
3.09291
3.07247
2.37435
2.38448
2.36033
2.39183
2.39913
2.37501
3.13779
3.1134
3.09655
2.52406
2.51006
2.48889
2.54898
2.53212
2.51191
3.4936
3.45432
3.45167
2.8584
2.82559
2.81733
2.92126
2.88887
2.88215
2.8805
2.96545
2.92952
3.04225
2.94559
3.05798
3.02649
3.03198
11.087
11.0855
11.0845
11.0709
11.0692
11.068
11.0559
11.0547
11.0535
10.9523
10.9523
10.9519
10.9334
10.9336
10.933
10.9067
10.9072
10.9065
10.6651
10.6662
10.6663
10.6578
10.6596
10.6597
10.6091
10.6113
10.6115
10.1454
10.1479
10.148
10.1574
10.1601
10.1603
10.0759
10.0787
10.0788
-1.18939
-1.16235
-1.11608
-1.09076
-1.1031
-1.18788
-1.1362
-1.16565
-0.687982
-0.660833
-0.681019
-0.882243
-0.855024
-0.870943
-0.823165
-0.796399
-0.81303
-0.0926031
-0.0858848
-0.101593
-0.335707
-0.32274
-0.338025
-0.270957
-0.259738
-0.274612
0.225296
0.218025
0.209205
0.0289797
0.0274812
0.0166225
0.058393
0.0564063
0.0462828
-0.0242915
-0.0373509
-0.0446998
0.0435709
0.0341379
0.0292806
-0.0178561
-0.026351
-0.0321878
-1.47032
0.156705
-2.10676
-2.08196
-1.19144
-1.28211
-1.20858
-1.34135
-1.23084
-1.22715
-1.22992
-1.26934
-1.27179
-1.27424
-1.2148
-1.21252
-1.2157
-0.717439
-0.710271
-0.705627
-0.768987
-0.763947
-0.762268
-0.731224
-0.72516
-0.723398
-0.461756
-0.457606
-0.458222
-0.511685
-0.506882
-0.507205
-0.497216
-0.492213
-0.492799
-0.287473
-0.283706
-0.284694
-0.344988
-0.340182
-0.340947
-0.32657
-0.32177
-0.322537
-0.150231
-0.146356
-0.147219
-0.205379
-0.200601
-0.201195
-0.190446
-0.185742
-0.186244
10.9125
10.9166
10.9145
10.8804
10.8854
10.8832
10.867
10.8722
10.8698
10.7913
10.7956
10.794
10.7686
10.7744
10.7731
10.7492
10.7549
10.7537
-0.583378
-0.569407
-0.574439
-0.635273
-0.618802
-0.625428
-0.55214
-0.537483
-0.542875
-0.278518
-0.262074
-0.270482
-0.263151
-0.245782
-0.252218
-0.21961
-0.202867
-0.209297
-0.0315265
-0.0209728
-0.027032
0.0259015
0.0372046
0.0323881
0.0513475
0.0623603
0.0579204
0.0310581
0.0413242
0.0398604
0.167154
0.178094
0.175244
0.18714
0.197196
0.194995
0.0360869
0.04722
0.0462089
0.265916
0.274459
0.273685
0.270061
0.278592
0.277832
0.0652451
0.0735993
0.0724385
0.294963
0.302385
0.301331
0.285565
0.292737
0.29163
0.0199104
0.0255808
0.0254154
0.221863
0.228077
0.22763
0.207459
0.213532
0.213039
-0.00115581
0.00577815
0.00383949
0.15703
0.162761
0.162259
0.147801
0.153604
0.152884
0.0245343
0.031132
0.0299562
0.125327
0.131096
0.130383
0.121212
0.12695
0.126181
0.0545771
0.0592152
0.0595333
0.101483
0.106462
0.106583
0.0980502
0.102845
0.10315
10.8284
10.8361
10.8339
10.771
10.7778
10.7756
10.769
10.7757
10.7738
0.380607
0.395861
0.305602
0.316466
0.311028
0.434812
0.441754
0.437967
0.682681
0.693149
0.688029
0.755883
0.765584
0.760579
0.799953
0.809123
0.804291
1.0211
1.02924
1.0248
1.10589
1.11294
1.10877
1.14167
1.14859
1.14444
1.28184
1.2891
1.28498
1.37814
1.38425
1.38051
1.40626
1.41244
1.40876
1.42889
1.43687
1.43372
1.55442
1.56038
1.55759
1.56771
1.57381
1.57112
1.39173
1.39929
1.39878
1.55511
1.56111
1.56084
1.54545
1.55137
1.55141
1.20939
1.21486
1.21502
1.39544
1.39943
1.40035
1.36779
1.37177
1.37256
0.901797
0.906118
0.905661
1.08595
1.08884
1.08911
1.04257
1.04529
1.04556
0.541224
0.54232
0.542652
0.693138
0.693009
0.693809
0.644328
0.643763
0.644701
-3.16222
-1.96509
-1.43426
-1.4231
-1.42637
-1.58337
-1.58757
-1.58767
-1.31642
-1.30916
-1.31081
-1.3423
-1.33798
-1.33737
-1.25091
-1.24678
-1.24823
-0.819214
-0.814306
-0.815635
-0.966967
-0.960716
-0.960879
-0.863797
-0.859929
-0.861717
-0.738017
-0.732742
-0.733449
-0.807626
-0.800605
-0.798558
-0.614946
-0.608129
-0.606507
-0.500967
-0.497855
-0.498295
-0.452533
-0.449905
-0.450373
-0.549803
-0.542548
-0.542669
-0.425554
-0.418263
-0.419303
-0.273003
-0.271589
-0.272093
-0.3585
-0.351517
-0.352619
-0.146463
-0.144313
-0.145407
-0.255286
-0.248804
-0.249972
-0.129173
-0.126869
-0.128043
-0.206535
-0.200357
-0.201509
-0.117729
-0.115291
-0.116439
-0.0599681
-0.0598823
-0.134697
-0.13227
-0.131873
-0.0612195
-0.0617653
-0.0611549
12.0687
12.0684
12.0695
12.0756
12.0747
12.0768
12.0675
12.0668
12.0688
11.7438
11.7376
11.7412
11.6829
11.6737
11.6778
11.7465
11.7405
11.7442
11.7696
11.7634
11.7676
11.6782
11.6698
11.674
11.7613
11.7547
11.7588
12.2067
12.2128
12.2377
12.2446
12.2144
12.217
11.7799
11.7737
11.7779
11.6954
11.6872
11.6916
11.7894
11.7832
11.7875
11.9131
11.9126
11.9167
11.7868
11.7825
11.787
11.8915
11.8898
11.894
11.6533
11.6525
11.6414
11.6415
11.6364
11.6415
11.6427
11.6376
11.4388
11.4386
11.4382
11.401
11.4012
11.4037
11.4287
11.4289
11.4293
11.357
11.3578
11.3608
11.3207
11.321
11.3246
11.3809
11.3817
11.3848
11.6163
11.6048
11.608
11.5587
11.5454
11.5476
11.5788
11.5661
11.5681
11.3366
11.3376
11.3407
11.2239
11.2246
11.2282
11.3081
11.3091
11.3122
11.0497
11.0473
11.0485
10.9767
10.9768
10.9795
11.1023
11.1008
11.1024
11.5425
11.5317
11.536
11.4255
11.4114
11.4157
11.436
11.4219
11.4261
10.9906
10.9873
10.9881
10.7742
10.7723
10.7737
10.9317
10.9276
10.9281
10.5202
10.5092
10.5085
10.3786
10.3724
10.3722
10.5898
10.5799
10.5794
11.5782
11.5697
11.5746
11.4323
11.4218
11.4268
11.4208
11.4091
11.4141
10.4459
10.4335
10.4328
10.1291
10.1192
10.1182
10.375
10.3609
10.3602
9.96887
9.94313
9.94469
9.72616
9.70523
9.70449
10.0266
10.0026
10.0035
11.7702
11.7739
11.7777
11.6271
11.6281
11.6319
11.5947
11.5966
11.6003
9.9131
9.8858
9.88804
9.53075
9.50395
9.50465
9.86596
9.8374
9.84028
9.73164
9.70296
9.70886
9.33221
9.30037
9.30456
9.73315
9.70307
9.70894
12.001
9.72666
9.70012
9.70586
9.29966
9.27115
9.27604
9.73625
9.71214
9.7177
9.68296
9.67254
9.67715
9.29278
9.27453
9.27888
9.71707
9.70389
9.70631
11.3536
11.3543
11.3552
11.2957
11.295
11.2972
11.3076
11.3067
11.3088
11.133
11.1314
11.1319
11.0597
11.0584
11.059
11.117
11.1155
11.1163
10.9278
10.9269
10.9289
10.8872
10.8866
10.8884
10.9682
10.967
10.9688
11.2102
11.2104
11.2142
11.0705
11.0709
11.0746
11.1124
11.1126
11.1162
10.8795
10.8787
10.8809
10.7288
10.7292
10.7315
10.8293
10.8288
10.8313
10.3844
10.386
10.3901
10.3287
10.3306
10.3342
10.4751
10.4762
10.4801
10.8034
10.8038
10.8076
10.5468
10.5483
10.5525
10.6293
10.6306
10.635
10.2798
10.2817
10.2859
9.99195
9.99522
9.99932
10.1718
10.1741
10.1785
9.29243
9.29744
9.3013
9.19525
9.19989
9.20291
9.46053
9.46511
9.46864
10.0913
10.0869
10.0873
9.7008
9.69896
9.69901
9.81464
9.81327
9.81389
8.56511
8.57018
8.57176
9.09756
9.10254
9.10643
8.90667
8.91252
8.91572
7.15701
7.16642
7.16657
7.47425
7.48381
7.48461
7.71312
7.72268
7.72414
9.27752
9.25947
9.25751
8.80461
8.79015
8.78679
8.90317
8.89114
8.888
6.24422
6.25502
6.25191
7.18498
7.19427
7.19389
6.94121
6.95118
6.94888
4.89408
4.90722
4.89869
5.57596
5.58222
5.57392
5.74794
5.75504
5.74777
8.73038
8.69716
8.69906
8.22846
8.1969
8.19668
8.2697
8.23941
8.23848
5.41223
5.41721
5.40812
4.46336
4.47537
4.46392
5.27292
5.27664
5.26657
4.73044
4.7226
4.70839
4.08848
4.09033
4.07408
4.78841
4.78261
4.7687
8.66182
8.63569
8.6408
8.13773
8.10969
8.11427
8.13075
8.10026
8.10449
4.67742
4.66692
4.65261
3.97883
3.97277
3.95568
4.64029
4.6273
4.6131
4.5514
4.52309
4.51434
3.9068
3.88737
3.87247
4.54411
4.51834
4.50844
8.50455
8.47287
7.91747
7.89876
7.93002
7.91224
4.55492
4.52405
4.51657
3.94473
3.91869
3.90693
4.57741
4.54441
4.53781
4.74701
4.70813
4.70896
4.11731
4.0816
4.07687
4.73023
4.69073
4.69035
11.2131
11.1952
11.1652
11.1314
11.1531
11.1208
11.1313
11.1217
11.129
11.1269
11.1244
11.0865
11.0843
11.0833
11.1138
11.1118
11.1106
11.04
11.0382
11.0375
11.0184
11.017
11.0161
11.0577
11.0557
11.0549
11.088
11.0864
11.0866
11.0145
11.0133
11.0135
11.0376
11.0361
11.0362
11.0211
11.0193
11.0187
10.953
10.9522
10.9514
10.9989
10.9974
10.9968
10.815
10.8152
10.8152
10.798
10.7986
10.7983
10.8532
10.8529
10.8528
10.8249
10.8244
10.8263
10.6825
10.683
10.6849
10.7393
10.7394
10.7411
10.7737
10.7741
10.7743
10.6684
10.67
10.67
10.7294
10.7301
10.7304
10.3705
10.3733
10.3742
10.3678
10.3709
10.3715
10.4399
10.4423
10.4431
10.2134
10.2154
10.2189
9.95002
9.95314
9.95644
10.0713
10.074
10.0772
10.2898
10.2928
10.2938
10.1305
10.1339
10.1347
10.2084
10.2116
10.2127
9.55422
9.55694
9.55678
9.60531
9.60668
9.60787
9.68488
9.68702
9.68785
8.49892
8.50005
8.50132
8.97605
8.98004
8.98258
8.72728
8.73032
8.73149
9.24171
9.18203
9.22556
9.41685
9.42058
9.42061
9.29333
9.29293
9.29391
8.69532
8.0822
8.40392
3.09937
3.10285
3.08284
2.3251
2.33488
2.30977
2.31836
2.3307
2.30582
-1.22826
-1.12789
-0.903249
-1.12515
-1.05008
-1.09901
-0.902815
-0.877991
-0.901778
-0.946304
-0.920866
-0.941892
3.10361
3.08924
3.07007
2.51078
2.5005
2.47852
2.47702
2.46916
2.44641
-0.858016
-0.830865
-0.855845
-1.00128
-0.969794
-0.989055
-0.801137
-0.771262
-0.797477
-0.332274
-0.308952
-0.336791
-0.690556
-0.66097
-0.685047
-0.429202
-0.402908
-0.431489
3.34093
3.30631
3.29801
2.81611
2.78532
2.77494
2.76605
2.73768
2.72558
-0.238367
-0.218265
-0.245049
-0.440252
-0.417224
-0.44116
-0.139903
-0.122806
-0.148403
0.324447
0.325726
0.306529
-0.0262138
-0.0168314
-0.0360413
0.260289
0.264081
0.243925
3.4962
3.46734
3.46898
3.20062
3.16196
3.1597
3.13926
3.1117
3.11068
0.37694
0.375328
0.356964
0.15589
0.157682
0.140556
0.431923
0.428249
0.410958
0.705105
0.69002
0.681187
0.402432
0.39438
0.382335
0.669086
0.655677
0.644922
3.61064
0.749708
0.732937
0.725761
0.517768
0.50566
0.498025
0.763367
0.745359
0.739874
0.542176
0.519046
0.520923
0.527099
0.512338
0.508024
0.650419
0.633452
0.625586
11.0738
11.0727
11.0716
10.9822
10.9844
10.9833
11.0163
11.0152
11.0146
10.9489
10.9491
10.9482
10.9724
10.9722
10.9714
10.9733
10.9755
10.9744
10.9105
10.9143
10.9126
10.9574
10.9599
10.9589
10.856
10.8588
10.8575
10.8304
10.8342
10.8326
10.8766
10.8792
10.8779
10.7835
10.7844
10.7841
10.6923
10.6945
10.694
10.7327
10.7346
10.734
10.8348
10.8374
10.8361
10.7655
10.7692
10.7679
10.8108
10.8137
10.8125
10.6449
10.6481
10.6476
10.6249
10.6281
10.6278
10.6746
10.6778
10.6771
10.3601
10.3632
10.3633
10.228
10.2317
10.2317
10.2979
10.3016
10.3016
10.5148
10.5174
10.5181
10.6082
10.6116
10.6112
10.576
10.5793
10.5791
10.3149
10.3138
10.3759
10.351
10.3698
10.3025
10.3629
10.3249
9.51528
9.51686
9.67766
9.67839
9.67925
9.61308
9.56732
9.60132
9.98667
10.292
10.2995
10.3
10.2835
-0.896906
-0.8688
-0.887252
-0.928122
-0.901156
-0.91612
-0.984392
-0.957417
-0.971662
-1.04924
-1.07607
-1.06315
-1.14008
-1.12366
-0.296717
-0.283489
-0.301254
-0.405913
-0.391837
-0.407708
-0.477891
-0.461386
-0.477863
-0.968154
-0.951547
-1.05364
-1.03309
-1.04469
-0.955543
-0.988551
-0.962103
-0.753454
-0.73851
-0.744929
-0.762246
-0.744327
-0.753786
-0.798885
-0.78207
-0.790622
0.122063
0.118662
0.106637
-0.0101036
-0.0107521
-0.0223201
-0.048115
-0.0475009
-0.0597801
-0.722388
-0.703773
-0.713865
-0.648828
-0.630084
-0.638381
-0.678963
-0.659892
-0.67037
-0.394072
-0.379378
-0.389233
-0.420208
-0.402449
-0.411882
-0.440224
-0.424245
-0.434334
0.203485
0.190339
0.186654
0.0788486
0.0694973
0.0646779
0.109594
0.101196
0.0955256
-0.351026
-0.337707
-0.347325
-0.287261
-0.272861
-0.281736
-0.312183
-0.300138
-0.309558
-0.155006
-0.14846
-0.156372
-0.133635
-0.124424
-0.132632
-0.171583
-0.164569
-0.172797
-0.591415
-0.691932
-0.66212
-0.7355
-0.672819
-0.659464
-0.144782
-0.138635
-0.146136
-0.0828255
-0.0744447
-0.0818045
-0.135784
-0.129865
-0.136967
-0.218507
-0.209213
-0.21311
-0.0963854
-0.087025
-0.0904932
-0.197253
-0.189415
-0.193252
-4.04076
-1.49317
-1.35923
-1.0427
-0.275153
-0.265982
-0.268165
-0.139212
-0.129941
-0.130543
-0.296042
-0.288881
-0.289449
-0.509689
-0.501148
-0.504278
-0.231541
-0.220272
-0.221524
-0.477076
-0.4706
-0.473306
-1.4566
-1.44534
-1.45074
-1.361
-1.36843
-1.37012
-1.39807
-1.41258
-1.41374
-0.520274
-0.50897
-0.512557
-0.264274
-0.250165
-0.252057
-0.541269
-0.528
-0.531838
-0.490304
-0.474438
-0.477668
-0.23321
-0.219532
-0.221628
-0.497435
-0.480309
-0.483875
-0.895653
-0.890135
-0.88954
-0.857528
-0.852975
-0.851997
-0.894197
-0.89022
-0.889413
-0.462417
-0.447528
-0.4505
-0.215854
-0.205466
-0.207123
-0.455481
-0.442339
-0.444932
-0.369541
-0.363006
-0.365356
-0.179661
-0.173378
-0.174194
-0.369525
-0.362549
-0.364386
-0.531076
-0.527514
-0.526071
-0.546538
-0.541469
-0.541689
-0.558481
-0.553513
-0.553197
-0.348988
-0.342336
-0.345045
-0.179073
-0.174097
-0.175128
-0.350305
-0.343908
-0.346939
-0.280257
-0.273788
-0.27647
-0.147125
-0.141663
-0.143905
-0.284553
-0.277862
-0.280469
-0.352218
-0.348172
-0.349253
-0.37056
-0.365702
-0.366467
-0.388892
-0.384096
-0.384782
-0.257289
-0.25071
-0.253565
-0.13436
-0.128332
-0.130158
-0.250627
-0.244247
-0.247181
-0.157091
-0.150863
-0.153324
-0.0873691
-0.0819143
-0.083138
-0.166689
-0.160401
-0.163024
-0.197649
-0.193795
-0.194769
-0.222878
-0.21822
-0.21882
-0.23904
-0.23432
-0.234858
-0.138716
-0.132804
-0.13499
-0.0634688
-0.0583319
-0.059091
-0.128068
-0.122367
-0.124282
-0.0481156
-0.0445237
-0.0444755
-0.0288193
-0.0239422
-0.0244955
-0.059158
-0.0554973
-0.0557067
-0.100074
-0.11056
-0.101652
-0.0818457
-0.0852226
-0.081646
-0.126236
-0.122016
-0.122227
-0.0386374
-0.0351369
-0.0350183
-0.0116333
-0.00718877
-0.00719842
-0.028485
-0.0251813
-0.024925
0.00921863
0.0119562
0.0132347
0.00207923
0.00564981
0.00654488
0.00232915
0.00536052
0.0063804
10.8819
10.8868
10.8845
10.8129
10.8205
10.8173
10.8382
10.8426
10.8407
10.7776
10.783
10.7809
10.7955
10.8011
10.7989
10.8215
10.8289
10.8259
10.7725
10.7802
10.7775
10.8179
10.825
10.8222
10.8064
10.8131
10.8105
10.7639
10.7671
10.7656
10.8209
10.8259
10.8239
10.5756
10.5766
10.5762
10.6651
10.6682
10.6674
10.6028
10.6051
10.605
10.7277
10.7122
10.7214
10.8006
10.8073
10.8051
10.8242
10.8245
10.8232
11.2228
10.3366
10.7905
-0.425267
-0.406207
-0.41419
-0.319147
-0.300855
-0.307092
-0.362285
-0.343624
-0.34968
-0.429355
-0.187595
-0.26791
0.13305
0.141607
0.13777
0.0472918
0.0596636
0.0543914
0.00271411
0.0143324
0.00916395
-0.106463
-0.094828
-0.102377
-0.00935636
0.00225956
-0.00292363
-0.0389654
-0.0266844
-0.0322085
0.0913361
0.1048
0.0992907
0.248289
0.261636
0.256347
0.125885
0.140546
0.134913
0.39014
0.404134
0.398977
0.471505
0.484826
0.479737
0.346002
0.360647
0.35544
0.0110104
0.0217777
0.0185418
0.153245
0.164501
0.161249
0.134544
0.145759
0.142134
0.443394
0.456455
0.451387
0.613079
0.624141
0.61935
0.489994
0.502223
0.497282
0.738193
0.747801
0.743447
0.827843
0.836611
0.832411
0.702381
0.712018
0.707653
0.0322949
0.0420101
0.041407
0.250728
0.258865
0.258237
0.243533
0.251646
0.250953
0.775815
0.785297
0.781007
0.937575
0.946152
0.942003
0.811156
0.820612
0.816287
1.00503
1.01363
1.00968
1.10071
1.10863
1.1047
0.975993
0.984588
0.980549
0.0616139
0.0717963
0.0706195
0.287008
0.294497
0.29357
0.291717
0.299558
0.298652
1.03182
1.04023
1.03645
1.18245
1.19022
1.18647
1.05751
1.06605
1.06234
1.15526
1.16437
1.16111
1.27549
1.28372
1.28032
1.14477
1.15364
1.15032
0.039762
0.0464874
0.0455811
0.219556
0.225858
0.225397
0.234833
0.241375
0.24083
1.15999
1.16923
1.16604
1.30302
1.31183
1.30867
1.16446
1.17394
1.1708
1.11949
1.12858
1.12711
1.28321
1.29223
1.29042
1.13096
1.14026
1.1385
-0.00188428
0.00406555
0.00258301
0.15189
0.157536
0.157253
0.162781
0.168393
0.168251
1.10383
1.1126
1.11134
1.24605
1.25426
1.25341
1.08959
1.09813
1.09702
0.961735
0.968973
0.968284
1.1446
1.15132
1.15104
0.985511
0.9929
0.992222
0.00774923
0.0150066
0.013355
0.120443
0.126322
0.12561
0.125187
0.131091
0.130334
0.93398
0.941042
0.940366
1.06551
1.07162
1.07135
0.907792
0.914718
0.913999
0.724225
0.730613
0.729477
0.900224
0.905678
0.905048
0.755358
0.76184
0.760772
0.0425989
0.0482463
0.0478022
0.102607
0.107771
0.107714
0.105669
0.110994
0.110771
0.689818
0.696034
0.694894
0.791441
0.796286
0.795589
0.658099
0.664219
0.663086
0.459467
0.463767
0.463323
0.598637
0.601644
0.601435
0.49067
0.495315
0.494693
0.0712573
0.074081
0.0760971
0.053868
0.0571551
0.0586166
0.0729204
0.0762698
0.0779824
0.424588
0.428344
0.428139
0.484111
0.485799
0.486255
0.393728
0.397037
0.397052
0.199019
0.198068
0.199913
0.278267
0.276366
0.278602
0.221058
0.220924
0.222655
10.7527
10.7607
10.7582
10.7902
10.7843
10.8637
10.8638
10.8623
10.7671
10.7541
10.7613
0.529838
0.542615
0.53707
0.692778
0.703578
0.698451
0.652459
0.663625
0.658403
0.896735
0.905463
0.900989
1.05537
1.0629
1.05867
1.01704
1.02476
1.02051
1.19072
1.19827
1.19412
1.34319
1.34956
1.34575
1.3121
1.31841
1.31458
1.38779
1.39561
1.39209
1.53823
1.54448
1.54151
1.51912
1.52521
1.52212
1.42477
1.43328
1.43124
1.56715
1.57368
1.57272
1.57352
1.58019
1.57848
1.29207
1.29814
1.29832
1.42627
1.43068
1.43154
1.44947
1.45405
1.4549
1.02661
1.03149
1.03117
1.13468
1.13784
1.13809
1.17573
1.17906
1.17939
0.677746
0.680215
0.680108
0.749074
0.749511
0.750193
0.797085
0.797893
0.798479
0.328634
0.322722
0.325083
0.298892
0.295738
0.297617
0.368222
0.363258
0.365589
11.9489
11.9495
11.9486
11.9516
11.9512
11.9503
11.9536
11.9528
11.9522
11.9487
11.9483
11.9481
10.8719
10.863
10.8619
10.3899
10.3942
10.3894
9.75244
9.75109
9.74611
12.0298
12.0342
12.031
12.035
12.0337
12.0289
12.0308
12.0312
11.968
11.9682
11.9493
11.9477
11.9499
11.9679
11.9722
11.9714
11.9914
11.9905
11.9927
11.9586
11.9572
11.9597
11.9855
11.9848
11.9869
12.1199
12.1196
12.1206
12.1347
12.1346
12.1365
12.1168
12.1166
12.1186
12.0489
12.0476
12.0505
12.0365
12.0349
12.0383
12.0614
12.0602
12.0632
12.0989
12.0985
12.1016
12.0558
12.0548
12.0582
12.0817
12.0809
12.0839
11.6278
11.6409
11.5833
11.5489
11.5505
11.5667
11.5718
11.5729
11.5606
11.5581
11.5729
11.572
11.6463
11.6379
11.6394
11.6199
11.6098
11.611
11.6353
11.6262
11.6269
11.5792
11.574
11.5724
11.541
11.5375
11.5364
11.5665
11.5605
11.5591
11.5416
11.5335
11.5325
11.5305
11.5261
11.525
11.5605
11.5533
11.5521
11.5634
11.5511
11.5555
11.477
11.4621
11.4658
11.4939
11.4791
11.4825
11.4341
11.4202
11.4213
11.3316
11.3182
11.3179
11.4083
11.3936
11.3951
11.3546
11.3388
11.341
11.2953
11.2809
11.281
11.3803
11.365
11.3668
11.5426
11.5334
11.5378
11.4048
11.3932
11.3978
11.403
11.391
11.3955
11.2336
11.2164
11.2204
11.0633
11.045
11.048
11.2167
11.1999
11.2043
11.1889
11.1737
11.1782
11.0358
11.0173
11.0208
11.1991
11.1833
11.1878
11.6669
11.6651
11.6692
11.5127
11.5091
11.5135
11.4903
11.4853
11.4897
11.1742
11.1625
11.1673
10.9494
10.9343
10.9393
11.1843
11.1734
11.1783
11.2063
11.1973
11.2022
10.9522
10.9379
10.9429
11.1931
11.1831
11.188
11.8271
11.8281
11.6251
11.6264
11.5965
11.6004
11.2728
11.2707
11.274
11.0338
11.0325
11.0363
11.2673
11.2679
11.2719
11.2906
11.2913
11.0661
11.0638
11.0676
11.2865
11.2786
11.2856
11.3826
11.3793
11.352
11.3409
11.3482
11.3208
11.3398
11.3272
11.2807
11.2777
11.2536
11.2528
11.253
11.2639
11.2859
11.2699
11.2689
11.2685
11.269
11.2502
11.2487
11.2495
11.2829
11.282
11.2822
11.3024
11.3021
11.3049
11.2169
11.2166
11.22
11.2479
11.2476
11.2509
11.1981
11.1973
11.1997
11.0983
11.0973
11.0996
11.169
11.1683
11.1709
11.111
11.1106
11.1141
11.0633
11.0627
11.0653
11.1446
11.1441
11.1472
11.0411
11.0412
11.0454
10.8498
10.8507
10.8551
10.9109
10.9116
10.9159
10.879
10.8791
10.883
10.6668
10.668
10.6721
10.8186
10.8191
10.8232
10.6774
10.6783
10.6831
10.5856
10.5871
10.5911
10.749
10.7496
10.7541
10.4712
10.4697
10.4717
10.153
10.1533
10.1558
10.2563
10.2571
10.2602
10.2135
10.2153
10.2199
9.84345
9.84694
9.85157
10.1067
10.1087
10.1132
9.86727
9.86874
9.87238
9.7057
9.7093
9.71372
9.98666
9.98843
9.99259
9.6766
9.66731
9.66599
9.22807
9.22187
9.21978
9.33967
9.33462
9.33302
9.18176
9.18066
9.1803
8.62817
8.6298
8.62867
9.04174
9.04009
9.0391
8.76029
8.75666
8.75441
8.46084
8.4619
8.45999
8.89536
8.89271
8.89105
8.93696
8.91044
8.90961
8.4395
8.41565
8.41264
8.52086
8.49976
8.4964
8.12502
8.11271
8.10772
7.51597
7.50825
7.50131
8.01674
8.00208
7.99677
7.8101
7.78998
7.78465
7.40479
7.39482
7.38738
7.90714
7.88989
7.8845
8.59424
8.55557
8.56127
8.07104
8.03179
8.03539
8.08409
8.04613
8.04854
7.42646
7.39237
7.3904
6.83697
6.80653
6.80154
7.38118
7.34459
7.34359
7.32065
7.27987
7.28084
6.78717
6.75317
6.74955
7.34627
7.30737
7.30734
8.52514
8.50605
8.51152
8.10935
8.08331
8.08722
8.07828
8.05547
8.0604
7.35372
7.3139
7.31955
6.76185
6.71936
6.72374
7.35863
7.32133
7.32714
7.37207
7.33954
7.34494
6.7795
6.73985
6.74468
7.35663
7.32282
7.32899
11.1631
11.0199
11.2094
11.1241
11.1317
11.1722
11.2036
11.185
11.147
11.1447
11.1103
11.1232
11.1466
11.1452
11.1443
11.0993
11.0973
11.0967
11.1167
11.1143
11.1142
11.1203
11.1185
11.1178
11.075
11.0734
11.0728
11.1068
11.1047
11.104
11.0786
11.0769
11.0767
11.0613
11.0597
11.0594
11.0957
11.0937
11.0935
10.9918
10.9905
10.9915
10.8853
10.8848
10.8858
10.9249
10.924
10.9247
10.9555
10.9541
10.9543
10.8566
10.856
10.8562
10.921
10.92
10.9204
10.8402
10.8398
10.8407
10.8134
10.8131
10.8135
10.8825
10.8817
10.8824
10.5717
10.572
10.5745
10.3806
10.3823
10.3848
10.4635
10.4645
10.4668
10.5516
10.5521
10.5541
10.3784
10.38
10.382
10.4776
10.4786
10.4807
10.3052
10.307
10.3093
10.2893
10.2913
10.2934
10.3932
10.3945
10.3968
9.69581
9.69914
9.70255
9.34412
9.34793
9.35064
9.51016
9.51374
9.51668
9.7156
9.71883
9.7214
9.41982
9.42294
9.42518
9.57253
9.57602
9.57843
9.23545
9.23877
9.2403
9.24215
9.24487
9.24664
9.40412
9.40753
9.40961
1.48812
1.49422
1.46909
0.420944
0.435021
0.39359
1.39804
1.40853
1.3801
3.35755
3.36846
3.35165
2.3692
2.39057
2.36852
2.39794
2.41852
2.3972
0.399581
0.419828
0.383875
1.31756
1.33376
1.30338
1.34567
1.35957
1.33012
3.08618
3.08273
3.06224
2.42905
2.43036
2.40667
2.40857
2.41277
2.3888
1.43757
1.45014
1.42096
0.788589
0.805769
0.772612
1.48612
1.49645
1.46783
1.58932
1.59403
1.56674
0.867858
0.881768
0.849905
1.53738
1.54475
1.51678
3.16019
3.13154
3.11607
2.60681
2.58294
2.56517
2.57644
2.55602
2.53692
1.82079
1.8121
1.78838
1.32864
1.32496
1.30052
1.86406
1.85296
1.83011
1.94769
1.93128
1.91064
1.38219
1.37622
1.35274
1.90531
1.8915
1.86966
3.52435
3.48668
3.48611
3.02706
2.99418
2.99102
2.97462
2.94323
2.93807
2.1976
2.17251
2.1607
1.76155
1.74263
1.72905
2.25289
2.22674
2.21658
2.3525
2.32477
2.31806
1.81716
1.79692
1.78558
2.30065
2.27349
2.26507
3.48061
3.41844
3.04963
3.00618
3.02623
2.99108
2.40514
2.38512
2.37646
2.07552
2.05255
2.05051
2.35501
2.32895
2.33002
2.37219
2.31158
2.13656
2.1028
2.09989
2.33291
2.29328
2.29259
11.0806
11.0792
11.0785
11.0286
11.0281
11.0271
11.0468
11.0459
11.0449
11.0694
11.0682
11.0676
11.0156
11.0156
11.0149
11.0534
11.0525
11.0517
11.0235
11.023
11.0221
11.0023
11.0023
11.0015
11.0416
11.0407
11.0399
10.9272
10.9271
10.9268
10.8495
10.8503
10.8497
10.8793
10.8799
10.8792
10.9268
10.9274
10.927
10.8548
10.8567
10.8558
10.9014
10.9023
10.9018
10.8448
10.8462
10.8458
10.8266
10.8285
10.8276
10.8726
10.8736
10.873
10.6138
10.6151
10.6151
10.5032
10.5055
10.5058
10.559
10.5613
10.5616
10.6582
10.6601
10.66
10.558
10.5607
10.5607
10.611
10.6132
10.6132
10.5128
10.5157
10.5159
10.5108
10.5137
10.5138
10.5642
10.5668
10.5669
10.0591
10.0611
10.0614
9.89535
9.89628
9.89675
9.98554
9.98783
9.9883
10.2024
10.2054
10.205
10.0639
10.0655
10.065
10.128
10.1322
10.1311
9.99027
9.99045
9.99067
9.96159
9.96459
9.9668
10.0475
10.0519
10.0511
-1.2675
-1.24168
-1.28677
-1.26272
-1.21186
-1.1959
-1.08258
-1.05512
-1.06937
-1.12707
-1.10252
-1.11514
-1.1441
-1.12102
-1.13314
-1.13587
-1.14346
-1.13405
-1.16361
-1.13847
-1.23759
-1.19956
-1.22224
-0.612691
-0.587413
-0.607603
-0.692244
-0.668105
-0.685456
-0.763279
-0.737326
-0.754584
-0.986245
-0.962404
-0.9754
-0.960967
-0.939488
-0.950305
-0.932542
-0.908756
-0.922133
-0.826385
-0.802994
-0.817789
-0.915306
-0.89364
-0.905116
-0.883277
-0.859411
-0.87359
-0.0407017
-0.0360587
-0.0512853
-0.162648
-0.155683
-0.16965
-0.217339
-0.208308
-0.222766
-0.508389
-0.491394
-0.505726
-0.533923
-0.51577
-0.528991
-0.441627
-0.426425
-0.440163
-0.325872
-0.314968
-0.32779
-0.474834
-0.458797
-0.47149
-0.382798
-0.369842
-0.383067
0.243381
0.235539
0.227742
0.0986933
0.0952584
0.0865113
0.0784386
0.075683
0.0661734
-0.136152
-0.133726
-0.144664
-0.18307
-0.178235
-0.188775
-0.106133
-0.104331
-0.114574
-0.0660157
-0.0660817
-0.0748629
-0.158668
-0.15486
-0.164859
-0.0851789
-0.084271
-0.0938456
-0.168969
-0.186244
-0.183806
-0.151654
-0.165655
-0.169471
-0.109272
-0.116291
-0.121121
-0.106182
-0.112179
-0.116835
-0.138295
-0.140797
-0.14677
-0.151621
-0.158188
-0.162759
-0.281793
-0.2902
-0.294365
-0.182054
-0.185108
-0.190407
-0.219349
-0.226409
-0.229831
-0.125149
0.0449933
-1.07932
-0.942986
-0.636919
-0.569111
-0.635736
-0.533705
-0.364377
-0.680506
-0.671788
-0.697374
-0.649457
-0.725197
-0.775968
-0.715964
-1.81768
-1.87375
-1.40485
-1.42051
-1.44943
-1.3951
-1.27079
-1.3897
-1.31461
-1.17705
-1.33372
-1.16721
-1.18994
-1.20771
-1.35159
-1.3446
-1.40877
-1.36309
-1.38913
-1.40113
-1.18213
-1.19861
-1.2109
-1.35881
-1.38606
-1.4124
-1.14318
-1.14156
-1.14577
-1.08311
-1.07712
-1.07954
-1.12588
-1.12107
-1.12399
-1.14427
-1.13373
-1.13864
-1.0422
-1.03289
-1.03719
-1.11806
-1.10864
-1.11361
-1.02767
-1.02144
-1.02492
-0.97695
-0.96786
-0.972177
-1.05565
-1.04824
-1.05265
-0.653749
-0.64691
-0.641585
-0.641448
-0.635181
-0.63375
-0.667374
-0.661164
-0.659278
-0.748537
-0.740251
-0.743839
-0.691195
-0.685089
-0.688498
-0.720591
-0.712931
-0.716265
-0.636539
-0.63006
-0.632504
-0.638634
-0.633134
-0.636431
-0.662568
-0.655757
-0.658654
-0.434993
-0.430959
-0.431723
-0.452634
-0.447685
-0.448376
-0.46929
-0.464558
-0.465116
-0.458548
-0.454597
-0.45501
-0.442244
-0.437508
-0.439215
-0.439334
-0.43552
-0.435862
-0.387365
-0.383818
-0.383915
-0.412146
-0.407997
-0.409351
-0.406693
-0.403131
-0.403305
-0.266842
-0.263088
-0.264093
-0.288799
-0.28411
-0.284819
-0.306671
-0.30187
-0.302623
-0.278293
-0.275157
-0.275373
-0.279943
-0.276345
-0.277136
-0.261435
-0.258313
-0.25861
-0.227588
-0.224326
-0.224775
-0.264933
-0.261278
-0.262122
-0.243891
-0.240626
-0.241049
-0.135494
-0.131497
-0.132396
-0.162983
-0.158262
-0.158675
-0.176836
-0.171938
-0.172465
-0.155038
-0.151825
-0.152268
-0.167435
-0.163534
-0.164358
-0.140732
-0.137635
-0.137986
-0.116509
-0.113353
-0.113576
-0.159879
-0.155588
-0.156484
-0.129633
-0.126377
-0.126741
10.9031
10.9072
10.9054
10.8427
10.848
10.8456
10.8573
10.8624
10.86
10.8802
10.8857
10.8833
10.8275
10.8343
10.8316
10.8708
10.8763
10.8739
10.8535
10.859
10.8566
10.8218
10.8285
10.8258
10.8643
10.8697
10.8673
10.7693
10.7737
10.772
10.7051
10.71
10.7092
10.7285
10.7338
10.7328
10.7948
10.8004
10.7986
10.7281
10.7332
10.7316
10.7784
10.7841
10.7824
10.7466
10.7526
10.7515
10.7091
10.7147
10.7133
10.7632
10.7694
10.7678
-0.56012
-0.548158
-0.552819
-0.415594
-0.404209
-0.408791
-0.517325
-0.504547
-0.509385
-0.592523
-0.575275
-0.582491
-0.482055
-0.464857
-0.470711
-0.516398
-0.500298
-0.505966
-0.376329
-0.363611
-0.368558
-0.451134
-0.434229
-0.440033
-0.481928
-0.467189
-0.472636
-0.234528
-0.219172
-0.227399
-0.135071
-0.120094
-0.1263
-0.174595
-0.158802
-0.165094
-0.237079
-0.219068
-0.224706
-0.0881699
-0.0715012
-0.0766957
-0.193955
-0.176518
-0.182053
-0.105073
-0.0890765
-0.0943291
-0.0415169
-0.0253084
-0.0303305
-0.146142
-0.129529
-0.134886
-0.0169449
-0.00690798
-0.0120517
0.0948626
0.105774
0.101733
0.0729755
0.0837339
0.0795562
0.092279
0.104974
0.100402
0.240658
0.25298
0.248517
0.12493
0.137355
0.132875
0.184253
0.196307
0.191984
0.274547
0.286346
0.282002
0.155612
0.167672
0.163327
0.0287171
0.0380916
0.0369754
0.213868
0.22248
0.221042
0.196862
0.206135
0.204331
0.305219
0.316643
0.313045
0.473844
0.484022
0.4804
0.333513
0.344122
0.3411
0.3813
0.390358
0.388135
0.498637
0.507802
0.504623
0.35449
0.364168
0.361543
0.0458942
0.0573842
0.056233
0.282467
0.290987
0.290155
0.280517
0.28918
0.288354
0.47793
0.485745
0.484562
0.656965
0.664352
0.662572
0.489587
0.497327
0.49621
0.510063
0.517738
0.516641
0.671447
0.678779
0.67706
0.502925
0.510683
0.509568
0.070112
0.0781274
0.0769078
0.26961
0.276741
0.275492
0.283415
0.290593
0.289395
0.521694
0.529016
0.5277
0.690256
0.697971
0.696128
0.512334
0.519649
0.518272
0.489689
0.497381
0.495969
0.681962
0.689954
0.688048
0.505054
0.512585
0.511105
0.0210974
0.0268171
0.0265773
0.189764
0.195579
0.195267
0.203186
0.209138
0.208709
0.420518
0.427593
0.426973
0.581402
0.588794
0.587922
0.403311
0.410219
0.409583
0.374335
0.380933
0.380027
0.567228
0.574352
0.573466
0.39178
0.39857
0.397857
0.00450061
0.0117406
0.00969195
0.139248
0.145085
0.144233
0.146436
0.15225
0.151464
0.307818
0.314632
0.313786
0.451231
0.457909
0.456978
0.293034
0.299931
0.299174
0.26948
0.276541
0.275778
0.435965
0.442548
0.44163
0.282926
0.289871
0.289164
0.0307345
0.0371454
0.0360669
0.116206
0.121781
0.121101
0.119915
0.1256
0.124809
0.221756
0.228798
0.227829
0.327163
0.333269
0.332874
0.212512
0.219466
0.218456
0.196502
0.203235
0.202282
0.312885
0.31888
0.318487
0.205058
0.211903
0.210908
0.0558817
0.0602407
0.0608089
0.0904424
0.0948239
0.0955755
0.0937075
0.0983467
0.0988636
0.158529
0.164018
0.163814
0.216538
0.220963
0.221435
0.151494
0.156746
0.156861
0.136178
0.140684
0.141405
0.201459
0.205578
0.206277
0.143057
0.147941
0.148367
10.8372
10.8442
10.8425
10.7767
10.7808
10.7793
10.7683
10.7742
10.7733
0.362326
0.374054
0.368668
0.519435
0.528945
0.523483
0.482978
0.491897
0.486875
0.73371
0.743299
0.738425
0.893464
0.901668
0.897167
0.851411
0.859914
0.855326
1.05889
1.06671
1.06235
1.21468
1.22133
1.21727
1.1799
1.18651
1.18244
1.30717
1.31447
1.31044
1.45772
1.46415
1.46062
1.4322
1.43841
1.43483
1.43381
1.44183
1.43879
1.58207
1.58835
1.58587
1.57475
1.58083
1.57826
1.37449
1.38167
1.38138
1.51511
1.52053
1.52105
1.52885
1.53443
1.53476
1.17512
1.18054
1.18061
1.29865
1.30251
1.30303
1.33213
1.33607
1.33675
0.855908
0.859924
0.85951
0.947494
0.949661
0.95004
0.992787
0.9952
0.995553
0.491142
0.491556
0.492151
0.539174
0.537289
0.538618
0.587914
0.586627
0.587797
-1.92068
-1.92814
-1.84146
-1.86413
-1.84678
-2.05773
-2.1246
-1.67758
-1.68384
-1.68581
-1.79936
-1.79102
-1.79547
-1.65075
-1.6386
-1.64462
-1.24281
-1.23795
-1.23801
-1.05294
-1.04743
-1.04799
-1.0031
-1.00085
-1.00304
-0.955747
-0.952601
-0.954759
-0.743519
-0.736253
-0.733818
-0.604746
-0.599434
-0.599517
-0.634565
-0.628961
-0.62906
-0.648677
-0.641439
-0.639466
-0.535978
-0.532093
-0.532413
-0.52065
-0.513526
-0.514035
-0.386414
-0.384514
-0.384603
-0.406156
-0.404073
-0.404265
-0.451878
-0.44448
-0.445487
-0.33497
-0.328074
-0.329202
-0.215404
-0.21353
-0.214393
-0.232347
-0.230478
-0.231326
-0.274635
-0.268182
-0.269303
-0.194811
-0.192885
-0.193833
-0.179451
-0.17751
-0.178483
-0.190808
-0.184716
-0.185801
-0.153344
-0.148453
-0.14932
-0.0800839
-0.0778278
-0.0788599
-0.0739286
-0.0716499
-0.0726653
12.0576
12.0576
12.0588
12.0503
12.0502
12.0519
12.055
12.0546
12.0565
12.0323
12.0309
12.0337
11.9998
11.9977
12.0009
12.0238
12.0224
12.0251
12.005
12.0038
12.0063
11.9877
11.9857
11.9888
12.0105
12.0092
12.0118
11.8341
11.8301
11.8334
11.885
11.882
11.8851
11.8382
11.8336
11.8371
11.6793
11.6703
11.6744
11.7498
11.7433
11.7472
11.7474
11.7411
11.7449
11.8919
11.8886
11.8918
11.8468
11.8416
11.8454
11.8418
11.8367
11.8403
11.882
11.8777
11.8816
11.9242
11.9209
11.9244
11.8699
11.8649
11.8688
11.6771
11.6688
11.6729
11.7517
11.7451
11.7491
11.7567
11.75
11.754
11.9141
11.9108
11.9142
11.853
11.8479
11.8517
11.8612
11.8562
11.86
12.1832
12.1859
12.1645
12.1663
12.1671
12.1865
12.19
12.1894
12.2026
12.2086
12.1647
12.1667
12.1701
12.1797
12.1825
12.1843
12.1286
12.1289
12.132
12.1315
12.1328
12.1363
12.1487
12.1497
12.1528
11.8966
11.8923
11.8963
11.964
11.9614
11.965
11.91
11.9059
11.9099
11.708
11.6999
11.7045
11.8177
11.8128
11.8171
11.8053
11.7995
11.8038
11.9861
11.9841
11.9877
11.9485
11.946
11.9499
11.9311
11.9277
11.9317
12.0574
12.059
12.0629
12.0838
12.0852
12.0889
12.0318
12.0323
12.0363
11.7579
11.7522
11.7567
11.8429
11.8391
11.8434
11.8602
11.8573
11.8615
12.0507
12.0509
12.0547
11.9769
11.9754
11.9793
11.9986
11.9979
12.0018
11.6547
11.6536
11.6379
11.6354
11.6471
11.6396
11.591
11.5876
11.5854
11.5709
11.5691
11.568
11.5971
11.5939
11.5918
11.5966
11.5911
11.5719
11.5707
11.5689
11.5849
11.5913
11.5827
11.4763
11.4928
11.4814
11.5032
11.5025
11.4958
11.4975
11.4955
11.3948
11.3951
11.3979
11.4155
11.4159
11.4182
11.4287
11.4289
11.4306
11.4958
11.5112
11.4995
11.4922
11.4921
11.4925
11.5001
11.5005
11.5
11.448
11.4492
11.452
11.5001
11.4994
11.4999
11.4665
11.4675
11.4706
11.3411
11.3416
11.3448
11.411
11.4115
11.4143
11.392
11.3926
11.3955
11.5034
11.503
11.5023
11.4888
11.4889
11.491
11.4734
11.4741
11.4769
11.6251
11.6144
11.6172
11.6137
11.6027
11.6041
11.5952
11.5834
11.5851
11.4692
11.4566
11.4569
11.4368
11.4278
11.4265
11.4937
11.482
11.482
11.538
11.5289
11.5282
11.4647
11.4573
11.4558
11.5157
11.5054
11.5049
11.4322
11.4333
11.4359
11.4606
11.4599
11.461
11.4083
11.4092
11.4116
11.1838
11.1844
11.1881
11.2409
11.2413
11.2441
11.2773
11.2781
11.281
11.4436
11.4423
11.4429
11.353
11.3528
11.3544
11.3833
11.3836
11.3856
11.1939
11.1902
11.1901
11.3283
11.3231
11.3221
11.2384
11.2354
11.2356
11.0372
11.0378
11.0409
11.1987
11.1987
11.2011
11.1542
11.1536
11.1556
11.3625
11.3584
11.3577
11.3191
11.318
11.3191
11.2817
11.2798
11.2804
11.5475
11.5366
11.5408
11.4646
11.4496
11.4533
11.4497
11.435
11.439
11.2632
11.2466
11.25
11.161
11.1446
11.1459
11.2845
11.2682
11.2712
11.3347
11.3187
11.3209
11.1978
11.1819
11.1828
11.3105
11.2943
11.2969
11.1436
11.1388
11.1383
11.2098
11.2002
11.199
11.0946
11.0886
11.0878
10.6981
10.6955
10.6964
10.8004
10.7942
10.794
10.8649
10.8597
10.8599
11.1643
11.1532
11.1523
10.9883
10.9797
10.9788
11.04
11.0325
11.0317
10.7668
10.7534
10.7528
10.9804
10.9649
10.9649
10.8201
10.8075
10.8069
10.4631
10.4579
10.4579
10.7301
10.7225
10.7222
10.6626
10.6539
10.6534
11.0302
11.0157
11.0154
10.9314
10.9213
10.9204
10.8785
10.8673
10.8664
11.5596
11.5505
11.5553
11.403
11.3898
11.3948
11.4079
11.3954
11.4004
11.1549
11.1392
11.1447
10.9535
10.9328
10.9381
11.1567
11.1404
11.1458
11.1684
11.151
11.1562
10.9684
10.9477
10.9528
11.1591
11.1423
11.1476
10.7075
10.6926
10.6923
10.8427
10.8243
10.8256
10.653
10.6366
10.6365
10.0433
10.0314
10.0303
10.2307
10.2125
10.2122
10.3001
10.2839
10.2834
10.7946
10.7749
10.7768
10.5431
10.5234
10.5242
10.5951
10.577
10.5774
10.3584
10.3331
10.3364
10.6428
10.6187
10.6231
10.3971
10.3729
10.3756
9.80309
9.78456
9.78354
10.158
10.1378
10.1378
10.0929
10.0708
10.0712
10.6759
10.653
10.6567
10.4897
10.4684
10.4699
10.4426
10.4199
10.4219
11.7515
11.7524
11.756
11.5578
11.5558
11.5602
11.5782
11.5774
11.5815
11.2993
11.296
11.3006
11.0075
10.9973
11.0025
11.2738
11.2691
11.2741
11.2329
11.2246
11.2297
10.9929
10.981
10.9862
11.2539
11.247
11.252
10.3243
10.2979
10.3018
10.5746
10.5498
10.5558
10.2965
10.2691
10.2738
9.47638
9.44817
9.44951
9.79332
9.76302
9.76723
9.82506
9.79567
9.79917
10.5678
10.5442
10.5503
10.2572
10.2309
10.2363
10.2754
10.2479
10.2532
10.251
10.2301
10.2355
10.5829
10.5649
10.5707
10.2433
10.2205
10.2259
9.36025
9.32939
9.33271
9.76819
9.73694
9.74198
9.75048
9.71937
9.72499
10.5751
10.5556
10.5614
10.2481
10.2226
10.2282
10.2459
10.2217
10.2272
11.6046
11.9922
11.4645
11.0197
11.0161
11.204
11.1579
11.196
11.0126
11.0121
11.3639
11.3579
10.2538
10.2351
10.2403
10.6224
10.6114
10.6165
10.2667
10.2506
10.2556
9.29354
9.26699
9.27184
9.74986
9.73016
9.73523
9.73817
9.71625
9.7217
10.6337
10.6242
10.629
10.279
10.2664
10.2707
10.2726
10.2584
10.2632
10.2317
10.2143
10.223
10.601
10.594
10.1817
10.2208
10.1927
9.30932
9.28939
9.29403
9.74082
9.72379
9.72908
9.75309
9.73692
9.7417
10.6093
10.5937
10.6011
10.262
10.254
10.2579
10.2923
10.2826
10.2863
11.3639
11.3636
11.3638
11.325
11.325
11.3258
11.32
11.319
11.3205
11.2202
11.2194
11.2214
11.1747
11.1737
11.1754
11.2368
11.2358
11.2377
11.2641
11.2636
11.2648
11.1968
11.1957
11.1972
11.2547
11.2537
11.2554
11.1714
11.1696
11.1703
11.2058
11.2049
11.2056
11.1585
11.157
11.1577
11.0323
11.031
11.0318
11.0697
11.0684
11.0696
11.0932
11.0917
11.0927
11.191
11.1897
11.1906
11.1195
11.1182
11.1192
11.139
11.1375
11.1384
10.9986
10.998
10.9999
11.1073
11.1063
11.108
11.0334
11.0325
11.0341
10.9313
10.9306
10.9321
11.0386
11.0373
11.0387
11.0072
11.006
11.0076
11.1356
11.1346
11.1361
11.0933
11.0921
11.0933
11.0667
11.0657
11.0671
11.2378
11.238
11.2414
11.1844
11.1842
11.1878
11.1502
11.1503
11.154
10.9381
10.9382
10.9424
10.8649
10.8652
10.8691
10.9883
10.9881
10.9923
11.0754
11.075
11.0786
10.921
10.9213
10.9248
11.0348
11.0346
11.0385
10.9569
10.9563
10.9584
11.0067
11.0061
11.0085
10.9125
10.9121
10.9145
10.6618
10.6623
10.6649
10.7089
10.7092
10.7122
10.7704
10.7702
10.773
10.9627
10.9622
10.965
10.8053
10.8052
10.808
10.8606
10.8604
10.863
10.518
10.5192
10.5231
10.7366
10.7369
10.7408
10.5978
10.5984
10.602
10.4256
10.4273
10.4306
10.6371
10.6376
10.6409
10.5624
10.5634
10.567
10.8037
10.8039
10.8075
10.7416
10.7417
10.7447
10.6746
10.675
10.6783
10.8735
10.874
10.878
10.7819
10.7829
10.7874
10.7102
10.7113
10.7161
10.322
10.3236
10.3284
10.2013
10.2037
10.2087
10.4177
10.4188
10.4242
10.5961
10.5971
10.6019
10.3103
10.3128
10.3175
10.5127
10.5139
10.5188
10.4267
10.4282
10.4325
10.5037
10.5047
10.5094
10.3319
10.3341
10.3386
9.85461
9.85821
9.86242
9.92139
9.92458
9.92922
10.0477
10.0502
10.0548
10.4084
10.4097
10.4143
10.1139
10.1171
10.1221
10.2243
10.2269
10.2317
9.56411
9.56892
9.57383
9.96162
9.96466
9.96966
9.71245
9.71689
9.72162
9.38568
9.38995
9.39378
9.77584
9.77933
9.78399
9.62932
9.63359
9.63751
10.0891
10.0918
10.0968
9.98726
9.99091
9.99527
9.85861
9.8629
9.86719
10.1947
10.1914
10.192
10.0414
10.0409
10.0429
9.932
9.93112
9.93247
9.32425
9.32399
9.3245
9.10381
9.10638
9.1086
9.46016
9.45999
9.46142
9.73308
9.73365
9.73681
9.26544
9.26836
9.27142
9.60168
9.60188
9.60423
8.31213
8.31677
8.31821
8.4702
8.477
8.48
8.68426
8.69011
8.69329
9.39682
9.40178
9.4066
9.54347
9.54733
9.55287
9.22845
9.23368
9.2384
8.85243
8.85816
8.862
9.38107
9.38536
9.39029
9.03921
9.04442
9.04951
7.50744
7.51573
7.51622
8.21832
8.2263
8.22855
7.98991
7.99876
8.00058
8.01307
8.02008
8.02198
8.67802
8.68268
8.68571
8.22027
8.22725
8.22986
8.64269
8.64902
8.65246
8.8699
8.87491
8.87871
8.444
8.45083
8.45387
9.37677
9.3615
9.35953
9.11717
9.10948
9.1071
9.01115
9.00158
8.99876
8.23695
8.22628
8.22193
7.87561
7.87311
7.86873
8.35518
8.34667
8.34279
8.61396
8.6091
8.60633
8.01552
8.01458
8.01087
8.48574
8.47931
8.47594
5.88893
5.90025
5.89599
6.42261
6.43224
6.4276
6.6506
6.66076
6.65717
7.78028
7.78699
7.78771
8.1097
8.11373
8.11321
7.57136
7.57823
7.57742
7.1399
7.1467
7.14359
7.90872
7.91215
7.91069
7.34056
7.34723
7.34524
5.10592
5.12095
5.11231
6.16542
6.17401
6.1689
5.95937
5.96749
5.96097
6.42339
6.42831
6.42193
7.20554
7.20582
7.20095
6.57253
6.57816
6.5726
6.92778
6.93453
6.93051
7.3722
7.37381
7.36973
6.74862
6.75532
6.75043
8.77379
8.74178
8.74294
8.38536
8.35873
8.35654
8.32618
8.29771
8.29606
7.5265
7.49575
7.49305
7.06197
7.04113
7.0343
7.57905
7.55035
7.54695
7.72366
7.69989
7.69539
7.1407
7.12289
7.11574
7.649
7.6227
7.61861
6.28007
6.28354
6.27633
6.78703
6.78253
6.77523
6.15597
6.15832
6.15012
4.36221
4.37275
4.36028
5.03651
5.03635
5.02434
5.14682
5.1486
5.13754
6.66358
6.65699
6.64898
5.93627
5.93495
5.92483
6.03937
6.03984
6.03063
5.61419
5.60398
5.59211
6.28222
6.26598
6.25677
5.67969
5.6719
5.66014
4.13962
4.14377
4.12824
4.94274
4.94073
4.92802
4.85944
4.85552
4.84213
6.36452
6.35092
6.34171
5.84239
5.83904
5.82824
5.75806
5.75257
5.74119
8.6709
8.64286
8.64788
8.12686
8.09314
8.09705
8.13541
8.10296
8.10702
7.41723
7.38171
7.38598
6.79557
6.75876
6.75932
7.40437
7.36702
7.37095
7.40095
7.36319
7.36501
6.8008
6.76524
6.76457
7.40934
7.37082
7.3739
5.5495
5.53615
5.52445
6.10691
6.08221
6.0747
5.50191
5.48554
5.47424
3.94997
3.94092
3.92391
4.58198
4.56335
4.55003
4.60241
4.58645
4.57257
6.06131
6.03363
6.02718
5.42096
5.39791
5.38817
5.45111
5.43112
5.42046
5.36344
5.33078
5.32556
5.9999
5.96418
5.96162
5.35883
5.32811
5.32183
3.91367
3.89692
3.88124
4.55791
4.53634
4.52384
4.55364
4.53027
4.51907
6.00881
5.9743
5.97064
5.38736
5.36135
5.35276
5.37693
5.34874
5.3413
8.09888
8.16449
7.94463
8.00663
7.95461
7.99991
7.97406
7.98282
7.27349
7.24043
6.84481
6.81554
6.81758
7.25423
7.22376
7.22805
7.34004
7.31669
7.31752
6.80699
6.78251
6.7861
7.29282
7.27138
7.27648
5.36442
5.33001
5.32599
6.04176
6.00236
6.00358
5.38584
5.35042
5.3475
3.96124
3.93256
3.92206
4.63138
4.59556
4.59117
4.59486
4.5601
4.55458
6.04754
6.00841
6.01091
5.43613
5.3977
5.39757
5.40076
5.36396
5.36236
5.52183
5.48861
5.48981
6.08102
6.0466
6.05
5.51666
5.48012
5.48168
4.07011
4.03556
4.02943
4.66
4.62314
4.61992
4.70082
4.66217
4.66054
6.07186
6.03785
6.04201
5.4543
5.4159
5.41706
5.48593
5.44849
5.45051
11.1226
11.1352
11.1223
11.1304
11.1433
11.1404
11.1231
11.1213
11.1202
11.104
11.1009
11.1
11.1362
11.1341
11.1317
11.1303
11.1274
11.1088
11.1068
11.1061
11.132
11.1428
11.132
11.1069
11.1127
11.106
11.1246
11.1226
11.1514
11.1101
11.1366
11.0781
11.0762
11.0752
11.0975
11.0954
11.0942
11.1082
11.1063
11.1054
11.1273
11.1355
11.1264
11.0993
11.0962
11.0952
11.1037
11.1016
11.1009
11.0452
11.0434
11.0424
11.0966
11.0944
11.0934
11.0615
11.0594
11.0584
11.0344
11.0331
11.0321
11.0862
11.084
11.0831
11.0722
11.0702
11.0693
11.1077
11.1058
11.1049
11.0881
11.0854
11.0845
11.0745
11.0724
11.0713
11.1062
11.1045
11.1046
11.0764
11.0746
11.0744
11.0589
11.0574
11.0573
10.9837
10.9824
10.9827
10.9554
10.9543
10.9543
11.0099
11.0083
11.0086
11.0542
11.0524
11.0523
10.9823
10.9811
10.9809
11.034
11.0324
11.0324
11.0283
11.0264
11.0256
11.0513
11.0494
11.0488
11.0084
11.0068
11.006
10.9275
10.9268
10.9261
10.9482
10.9471
10.9467
10.9754
10.974
10.9735
11.032
11.0301
11.0297
10.9622
10.9611
10.9605
10.9868
10.9854
10.9847
10.8379
10.8379
10.8379
10.9305
10.9294
10.9295
10.8743
10.8739
10.8738
10.8344
10.8348
10.8343
10.9195
10.9186
10.9182
10.8875
10.8871
10.8868
10.96
10.9588
10.9587
10.9362
10.9352
10.9348
10.9062
10.9057
10.9054
10.8744
10.8738
10.8754
10.8398
10.8395
10.8408
10.7935
10.7936
10.795
10.6224
10.6231
10.6249
10.5979
10.5991
10.6005
10.683
10.6834
10.685
10.7913
10.7912
10.7925
10.6605
10.6615
10.6628
10.7415
10.7418
10.7433
10.7985
10.7987
10.7989
10.8206
10.8206
10.8211
10.7551
10.7557
10.756
10.6157
10.6176
10.6177
10.6283
10.6299
10.6305
10.6793
10.6804
10.6808
10.7752
10.7754
10.7762
10.6564
10.6579
10.6585
10.7066
10.7075
10.708
10.4012
10.4038
10.405
10.5518
10.5533
10.5547
10.4711
10.4734
10.4745
10.4396
10.4425
10.4429
10.5691
10.5709
10.5715
10.5095
10.5116
10.5123
10.6173
10.6186
10.6198
10.5986
10.6003
10.6011
10.5396
10.5417
10.5426
10.3188
10.3207
10.324
10.2862
10.2883
10.291
10.1848
10.1874
10.1904
9.84871
9.85147
9.85413
9.85096
9.85378
9.85611
9.97602
9.97853
9.98122
10.2017
10.2035
10.2059
9.97469
9.97724
9.9795
10.0949
10.0974
10.1
10.3209
10.3238
10.3252
10.327
10.3293
10.3312
10.2377
10.2408
10.2424
10.0366
10.04
10.0409
10.0201
10.023
10.0243
10.1164
10.1195
10.1207
10.2368
10.2391
10.241
10.0445
10.0474
10.0492
10.145
10.1481
10.1498
9.55476
9.55753
9.55906
9.79375
9.79579
9.79766
9.69377
9.69659
9.69833
9.72125
9.72407
9.72525
9.91636
9.91888
9.92014
9.80215
9.8045
9.80552
9.91723
9.91947
9.92154
9.93778
9.94075
9.94271
9.81765
9.82053
9.82235
8.39872
8.39627
8.39689
8.3871
8.38608
8.38973
8.59907
8.60115
8.60146
9.18644
9.19077
9.19383
9.14954
9.15317
9.15598
8.9551
8.95813
8.96032
8.64524
8.64301
8.64414
9.02719
9.0294
9.0308
8.8293
8.83224
8.83221
9.09536
9.09681
9.07457
9.01088
9.05496
9.07153
9.12727
9.09148
9.40899
9.41113
9.41265
9.35822
9.35993
9.36084
9.25002
9.25075
9.25207
8.89038
8.89076
8.8945
9.19108
9.19354
9.19342
9.08419
9.08385
9.08489
8.25685
8.18491
8.53788
8.45157
8.51009
8.10078
8.12916
8.38873
8.83148
8.83449
8.7853
8.73315
8.57767
8.62977
8.59613
8.76168
8.68255
8.73848
8.56684
8.56663
3.12707
3.13218
3.11268
2.32596
2.34268
2.31891
2.31165
2.3262
2.30169
1.32973
1.34046
1.30895
0.548617
0.571262
0.535001
1.29482
1.30617
1.27422
1.25728
1.26867
1.23647
0.489534
0.512536
0.475986
1.26269
1.2741
1.24182
-1.04147
-1.01987
-0.494237
-0.387142
-0.480788
-0.64541
-0.687869
-1.04599
-0.950604
-0.946509
-1.03744
-1.00667
-0.26624
-0.326108
-0.312015
-0.848014
-0.741651
-0.822252
-0.813982
-0.815224
-1.10337
-1.07767
-1.04793
-0.972
-1.02894
-0.903548
-0.937313
-0.921845
-0.581926
-0.554092
-0.58669
-0.206082
-0.183422
-0.220354
-0.644371
-0.615904
-0.647725
-0.727291
-0.705656
-0.738428
-0.25632
-0.236342
-0.272052
-0.701285
-0.674478
-0.705679
3.09118
3.07907
3.05927
2.42464
2.42162
2.39753
2.45459
2.44926
2.42579
1.76574
1.76037
1.7353
1.12839
1.13182
1.10362
1.70972
1.70618
1.68022
1.60077
1.60167
1.57399
1.06135
1.0669
1.03763
1.65909
1.65783
1.631
-0.51351
-0.486194
-0.51901
0.00992682
0.0308844
-0.00603093
-0.439028
-0.411983
-0.445165
-0.955508
-0.923425
-0.94449
-0.668917
-0.638096
-0.665928
-0.740268
-0.709079
-0.736235
0.0990634
0.118035
0.0822353
-0.278814
-0.252339
-0.286112
-0.36496
-0.337747
-0.371511
0.105463
0.122615
0.0930663
0.479378
0.489866
0.459699
0.00354434
0.0237453
-0.0073451
-0.758891
-0.728368
-0.751696
-0.598103
-0.567969
-0.596508
-0.515537
-0.48699
-0.51586
0.386578
0.399265
0.367378
-0.190066
-0.165189
-0.198434
-0.0932806
-0.0705489
-0.102915
3.29891
3.26701
3.25716
2.67265
2.64945
2.63318
2.71682
2.69118
2.67709
2.13271
2.1075
2.09311
1.58985
1.57465
1.55576
2.08846
2.06593
2.04969
1.99706
1.97964
1.96026
1.5399
1.52734
1.50708
2.04281
2.02281
2.00497
0.202055
0.21584
0.188064
0.737748
0.741428
0.715685
0.297411
0.308137
0.282006
-0.354992
-0.334163
-0.35743
0.0421309
0.0539152
0.0308177
-0.0491298
-0.034898
-0.0592431
0.809656
0.810673
0.786169
0.460407
0.466014
0.442334
0.379381
0.387351
0.362549
0.717185
0.712246
0.692746
1.0515
1.04231
1.02217
0.655301
0.652628
0.63194
-0.097374
-0.0851262
-0.105234
0.119819
0.129044
0.107004
0.197586
0.204315
0.183325
0.998692
0.992131
0.970747
0.527121
0.529956
0.507192
0.597555
0.597868
0.576178
3.52286
3.49636
3.48997
3.11781
3.08312
3.08158
3.12315
3.09283
3.0909
2.4815
2.4444
2.44373
2.06513
2.03656
2.0331
2.47006
2.43601
2.43593
2.41223
2.37991
2.37553
2.00346
1.9762
1.97061
2.43582
2.40308
2.40031
0.770703
0.763335
0.74495
1.20861
1.19188
1.17627
0.826111
0.816677
0.799549
0.207935
0.207789
0.191473
0.531063
0.523638
0.508747
0.48175
0.476159
0.45996
1.26363
1.24511
1.23117
0.937115
0.923747
0.909478
0.881748
0.870297
0.854452
1.15058
1.13063
1.12329
1.46885
1.44431
1.43806
1.10851
1.08995
1.0811
0.356057
0.350467
0.337252
0.579566
0.570104
0.556479
0.623204
0.611846
0.599663
1.41297
1.38906
1.38074
0.99553
0.979844
0.967172
1.04898
1.03209
1.02159
2.95442
4.31358
1.62278
2.04439
1.99092
1.59807
1.7893
1.87217
2.01944
1.98134
2.38476
2.31464
1.20452
1.18362
1.17821
1.52962
1.50101
1.5001
1.2224
1.20071
1.19672
0.551285
0.538156
0.531537
0.774844
0.755378
0.751778
0.789148
0.770413
0.765888
1.54274
1.51069
1.50944
1.23707
1.21759
1.21361
1.26242
1.23894
1.23553
1.11764
1.07119
1.0853
1.37353
1.30967
0.996125
1.11985
1.01798
0.557437
0.54103
0.536924
0.765173
0.742737
0.7417
0.725017
0.699329
0.697443
1.36479
1.31824
1.32164
1.22428
1.2044
1.20208
1.2451
1.21421
1.211
11.0691
11.0678
11.0668
10.9887
10.9904
10.9893
11.0334
11.0324
11.0317
11.0113
11.0109
11.0102
10.9909
10.9908
10.99
10.9458
10.9466
10.9459
10.9223
10.9237
10.9227
10.9695
10.9699
10.9694
11.0088
11.0091
11.0086
10.9422
10.9435
10.9426
10.9884
10.9889
10.9884
10.9793
10.9809
10.9799
11.0063
11.0072
11.0065
10.9622
10.9641
10.963
10.8979
10.9015
10.8999
10.9289
10.9316
10.9305
10.945
10.9475
10.9465
10.9943
10.9952
10.9944
10.9303
10.9325
10.9312
10.9488
10.9506
10.9495
10.8521
10.8548
10.8536
10.9205
10.9223
10.9215
10.8735
10.8759
10.8745
10.8482
10.8523
10.8506
10.9119
10.9146
10.9133
10.8957
10.8987
10.8975
10.9404
10.9423
10.9414
10.9134
10.9156
10.9143
10.8941
10.8965
10.8952
10.8212
10.8218
10.8213
10.807
10.8081
10.8074
10.771
10.7726
10.7718
10.6902
10.6924
10.6918
10.6848
10.6877
10.687
10.7285
10.7303
10.7297
10.8016
10.8029
10.8022
10.7228
10.7255
10.7247
10.7665
10.7682
10.7674
10.8293
10.8319
10.8307
10.8486
10.8507
10.8498
10.8035
10.8064
10.8052
10.7447
10.7483
10.7472
10.7615
10.7645
10.7635
10.7888
10.7917
10.7906
10.8223
10.8244
10.8235
10.7486
10.7518
10.7507
10.7782
10.7812
10.7801
10.6157
10.6192
10.6188
10.6938
10.6968
10.696
10.6507
10.6542
10.6536
10.6587
10.662
10.6614
10.7355
10.7387
10.7378
10.7065
10.7097
10.7088
10.7297
10.7325
10.7315
10.7192
10.7224
10.7215
10.6868
10.6902
10.6894
10.4299
10.4329
10.4329
10.4312
10.4345
10.4343
10.3701
10.3737
10.3735
10.2594
10.2633
10.2627
10.2658
10.2695
10.2689
10.322
10.3257
10.3249
10.4441
10.4474
10.4468
10.3372
10.3409
10.3404
10.3892
10.3928
10.3922
10.4731
10.4744
10.4746
10.4984
10.5031
10.5021
10.5365
10.5397
10.5393
10.5732
10.5768
10.5766
10.5807
10.5844
10.5839
10.5337
10.5373
10.5371
10.4386
10.4424
10.4422
10.5336
10.5373
10.5369
10.4839
10.4874
10.4873
10.352
10.3252
10.3446
10.4486
10.4535
10.4528
10.4374
10.4378
10.4379
10.1901
10.1939
10.1958
10.3275
10.3323
10.331
10.2651
10.2682
10.2672
10.3782
10.3817
10.3819
10.3924
10.3962
10.3956
10.3309
10.3333
10.3333
9.72716
9.70051
9.7449
9.71
9.72947
9.73698
9.76409
9.76895
9.76878
9.79175
9.79326
9.79321
9.67394
9.67734
9.68005
9.57367
9.60962
9.8226
9.88132
9.84414
9.87077
9.83352
9.86054
9.84945
10.5514
10.165
10.1562
10.1254
10.148
10.0917
10.1512
10.1133
10.109
10.1096
10.0459
10.015
10.1453
10.1151
10.1368
9.85873
9.89499
10.2444
9.88761
9.88832
9.72375
9.59993
-0.952701
-0.924373
-0.94206
-1.07753
-1.0514
-1.06392
-1.02885
-1.00238
-1.01594
-1.03087
-1.00767
-1.02015
-1.08581
-1.06703
-1.07679
-1.07841
-1.05658
-1.06821
-1.16098
-1.14127
-1.15068
-1.1098
-1.09275
-1.10237
-1.11497
-1.09469
-1.10517
-1.44619
-1.36087
-1.22509
-1.16572
-1.33528
-1.23224
-1.37057
-1.15185
-1.06609
-1.04078
-1.05588
-1.07529
-1.10735
-1.08144
-1.1063
-1.08995
-1.21719
-1.19732
-1.17987
-1.152
-1.16869
-1.07211
-1.08112
-0.372114
-0.355849
-0.374434
-0.623109
-0.601702
-0.619077
-0.54856
-0.529556
-0.546537
-0.569975
-0.553773
-0.568274
-0.710899
-0.692098
-0.705589
-0.636175
-0.61809
-0.633004
-0.765121
-0.743531
-0.758761
-0.765206
-0.745366
-0.758703
-0.700708
-0.68076
-0.695917
-0.912621
-0.894186
-0.903907
-0.914284
-0.901142
-0.907352
-0.960539
-0.947362
-0.953164
-1.01421
-1.00106
-1.00893
-0.99995
-0.982809
-0.991942
-0.984719
-0.970576
-0.978093
-0.898304
-0.882197
-0.890469
-0.95598
-0.937587
-0.947398
-0.938465
-0.922878
-0.930255
-0.79113
-0.776947
-0.782635
-0.872829
-0.85846
-0.865419
-0.836986
-0.821147
-0.828919
-0.738435
-0.720347
-0.731178
-0.78074
-0.761767
-0.773846
-0.78106
-0.76297
-0.773425
-0.856607
-0.839716
-0.848685
-0.828085
-0.80891
-0.820519
-0.819365
-0.801852
-0.811546
0.0825817
0.0811125
0.0682169
-0.132011
-0.128267
-0.141741
-0.0875049
-0.085213
-0.0980781
-0.175029
-0.172072
-0.183286
-0.294472
-0.287269
-0.298802
-0.210562
-0.206602
-0.218344
-0.291224
-0.284466
-0.296902
-0.333382
-0.324932
-0.336632
-0.248057
-0.242699
-0.254792
-0.693898
-0.675992
-0.687096
-0.622438
-0.605979
-0.618072
-0.644966
-0.6274
-0.638621
-0.60701
-0.587719
-0.596535
-0.585577
-0.566706
-0.57743
-0.633768
-0.614609
-0.625322
-0.569771
-0.554443
-0.566376
-0.545807
-0.529192
-0.54047
-0.597038
-0.579936
-0.591249
-0.358417
-0.346817
-0.357197
-0.37537
-0.365041
-0.376123
-0.401322
-0.388366
-0.398935
-0.467298
-0.448648
-0.458169
-0.537314
-0.519166
-0.529763
-0.488211
-0.471026
-0.481373
-0.417432
-0.405813
-0.417112
-0.497584
-0.481927
-0.493087
-0.447245
-0.432776
-0.443647
0.226824
0.214284
0.209664
0.113656
0.107571
0.100259
0.112233
0.104827
0.0982664
-0.0792417
-0.0852237
-0.0904366
-0.101799
-0.103147
-0.110566
-0.0578538
-0.0627019
-0.0688314
-0.0612228
-0.0638522
-0.0716876
-0.111195
-0.111903
-0.119983
-0.0596762
-0.0637171
-0.0707963
-0.320797
-0.310494
-0.320722
-0.266483
-0.25943
-0.269579
-0.285028
-0.275864
-0.285841
-0.248981
-0.235818
-0.244562
-0.245655
-0.236164
-0.245204
-0.276542
-0.265905
-0.275123
-0.238119
-0.232234
-0.241924
-0.225287
-0.218279
-0.22759
-0.253809
-0.245888
-0.255567
-0.156755
-0.153109
-0.160985
-0.166187
-0.164762
-0.172205
-0.166442
-0.162136
-0.170396
-0.158054
-0.148035
-0.156449
-0.217015
-0.208503
-0.217316
-0.192692
-0.184968
-0.193503
-0.17784
-0.175667
-0.183638
-0.200846
-0.194962
-0.203934
-0.1816
-0.176619
-0.185181
-0.970663
-0.912629
-0.470583
-0.342864
-0.433263
-0.367106
-0.435025
-0.387777
-0.531682
-0.53839
-0.44481
-0.44928
-0.448595
-0.542206
-0.616301
-0.564257
-0.373036
-0.379175
-0.385118
-0.3627
-0.359503
-0.362263
-0.48792
-0.491689
-0.488653
-0.153211
-0.149916
-0.15735
-0.178402
-0.178621
-0.184718
-0.152306
-0.149249
-0.156344
-0.0779066
-0.0698696
-0.0765361
-0.135424
-0.129432
-0.135458
-0.137289
-0.131563
-0.138099
-0.204536
-0.205168
-0.210636
-0.174323
-0.171456
-0.177402
-0.165371
-0.162634
-0.169156
-0.319887
-0.312505
-0.317223
-0.392749
-0.394847
-0.396258
-0.283344
-0.2788
-0.281843
-0.0762992
-0.0671941
-0.0715502
-0.151494
-0.145297
-0.150591
-0.160332
-0.153107
-0.157772
-0.319183
-0.3187
-0.321876
-0.206006
-0.202919
-0.208132
-0.229388
-0.225389
-0.229747
-1.04838
-1.8013
-1.19952
-1.36201
-1.07384
-1.05769
-1.11677
-1.12454
-1.12133
-1.08144
-1.10782
-1.08718
-1.06189
-1.12785
-1.26523
-1.26131
-0.399433
-0.39311
-0.395332
-0.559888
-0.56803
-0.565701
-0.428619
-0.425235
-0.426259
-0.163489
-0.154855
-0.15525
-0.368791
-0.365687
-0.366801
-0.344411
-0.339845
-0.340172
-0.673298
-0.68606
-0.69164
-0.539977
-0.543382
-0.54877
-0.498752
-0.498484
-0.501659
-0.759749
-0.762371
-0.767791
-0.930566
-0.949089
-0.96076
-0.713251
-0.717919
-0.72323
-0.219997
-0.210054
-0.210916
-0.414613
-0.412047
-0.413856
-0.451576
-0.447283
-0.449392
-0.890935
-0.910008
-0.923036
-0.615349
-0.621168
-0.627899
-0.675861
-0.682136
-0.687672
-1.55535
-1.54713
-1.55254
-1.43178
-1.45847
-1.46726
-1.43893
-1.46221
-1.4638
-1.21819
-1.20787
-1.21355
-1.17069
-1.16423
-1.16966
-1.25178
-1.24594
-1.25225
-1.33478
-1.34939
-1.35661
-1.20758
-1.20466
-1.21074
-1.30793
-1.31005
-1.31685
-0.773544
-0.773194
-0.778582
-1.03759
-1.04726
-1.05542
-0.802036
-0.798755
-0.804157
-0.257303
-0.242374
-0.244503
-0.543968
-0.527309
-0.531415
-0.536675
-0.521091
-0.525205
-1.03354
-1.0375
-1.04475
-0.81593
-0.806043
-0.811477
-0.802072
-0.794926
-0.800454
-0.764012
-0.749177
-0.753734
-0.957973
-0.945203
-0.951221
-0.774485
-0.759372
-0.764352
-0.250797
-0.236567
-0.238657
-0.526034
-0.508449
-0.512468
-0.523203
-0.505839
-0.509631
-0.998453
-0.988
-0.994403
-0.801638
-0.788999
-0.794396
-0.801707
-0.787835
-0.792962
-0.986137
-0.98188
-0.983085
-1.00832
-1.00287
-1.00387
-0.973976
-0.968861
-0.969147
-0.821923
-0.812901
-0.817172
-0.80432
-0.797105
-0.800579
-0.854612
-0.846276
-0.850611
-0.968436
-0.962462
-0.965867
-0.862537
-0.854312
-0.858083
-0.931184
-0.923938
-0.928045
-0.727751
-0.71295
-0.717296
-0.872252
-0.859344
-0.863614
-0.71143
-0.697979
-0.701743
-0.199238
-0.189672
-0.191277
-0.42277
-0.412641
-0.414412
-0.427879
-0.416012
-0.418289
-0.824337
-0.812782
-0.816547
-0.654067
-0.643163
-0.645973
-0.671092
-0.658342
-0.661676
-0.548778
-0.54188
-0.544759
-0.68466
-0.67581
-0.679781
-0.561434
-0.553403
-0.556504
-0.19285
-0.186106
-0.186888
-0.396605
-0.387612
-0.38929
-0.393666
-0.386044
-0.387642
-0.733765
-0.724583
-0.728452
-0.6139
-0.603817
-0.606796
-0.599396
-0.59067
-0.593672
-0.566088
-0.561912
-0.559127
-0.604534
-0.599402
-0.598263
-0.590357
-0.585205
-0.584692
-0.502985
-0.498318
-0.499098
-0.518658
-0.514202
-0.516737
-0.523932
-0.519079
-0.520004
-0.593012
-0.58702
-0.588891
-0.557752
-0.552924
-0.555904
-0.569261
-0.563531
-0.564992
-0.512102
-0.505681
-0.508556
-0.608258
-0.600433
-0.60441
-0.501163
-0.495285
-0.498078
-0.166153
-0.161207
-0.162589
-0.329687
-0.323367
-0.326336
-0.330412
-0.32372
-0.326866
-0.567715
-0.560175
-0.564044
-0.45701
-0.451465
-0.454095
-0.467032
-0.461302
-0.464017
-0.375886
-0.370482
-0.373487
-0.469207
-0.462449
-0.466207
-0.386587
-0.380987
-0.383867
-0.160232
-0.155098
-0.157377
-0.308533
-0.301984
-0.304881
-0.306575
-0.300129
-0.30271
-0.505309
-0.4981
-0.502124
-0.42551
-0.419866
-0.422449
-0.415645
-0.409931
-0.412736
-0.376469
-0.372369
-0.373427
-0.431069
-0.426269
-0.426896
-0.413163
-0.408276
-0.408992
-0.302851
-0.29961
-0.299763
-0.336984
-0.333188
-0.334022
-0.320599
-0.317277
-0.317367
-0.363793
-0.360369
-0.360311
-0.358392
-0.354554
-0.355429
-0.345122
-0.341741
-0.341667
-0.348823
-0.343808
-0.346546
-0.400554
-0.394969
-0.397841
-0.337457
-0.332397
-0.335035
-0.121007
-0.114803
-0.11658
-0.218714
-0.212168
-0.215166
-0.227377
-0.220774
-0.223752
-0.365575
-0.360521
-0.362952
-0.300875
-0.295809
-0.298195
-0.312836
-0.307628
-0.310109
-0.229644
-0.224752
-0.226925
-0.266617
-0.263041
-0.264252
-0.244323
-0.23905
-0.241395
-0.0999072
-0.0944683
-0.0958477
-0.196662
-0.190045
-0.193025
-0.187187
-0.180777
-0.183564
-0.29487
-0.290491
-0.292004
-0.278107
-0.273044
-0.275433
-0.264781
-0.259736
-0.262031
-0.215394
-0.211746
-0.212687
-0.273245
-0.26851
-0.269189
-0.255865
-0.251317
-0.251794
-0.169165
-0.165936
-0.166346
-0.21047
-0.206906
-0.207877
-0.184461
-0.181202
-0.181671
-0.214453
-0.211201
-0.211655
-0.221095
-0.217687
-0.218494
-0.19847
-0.195275
-0.195711
-0.211435
-0.206732
-0.208764
-0.210322
-0.207206
-0.207658
-0.19687
-0.192572
-0.194187
-0.0539709
-0.0489581
-0.0496678
-0.0992367
-0.0942742
-0.0952675
-0.111329
-0.105882
-0.107336
-0.190721
-0.187675
-0.188028
-0.169459
-0.1657
-0.166937
-0.182785
-0.178635
-0.180071
-0.123338
-0.119793
-0.120307
-0.128227
-0.125283
-0.125361
-0.137374
-0.133863
-0.134539
-0.0345982
-0.0298844
-0.0304553
-0.084232
-0.079844
-0.0804546
-0.0717857
-0.0678513
-0.0681874
-0.142119
-0.139353
-0.139462
-0.158997
-0.155266
-0.156329
-0.145834
-0.142442
-0.143191
-0.105507
-0.101804
-0.102525
-0.151706
-0.146964
-0.147431
-0.137043
-0.133269
-0.133363
-0.0767419
-0.074146
-0.0737869
-0.114139
-0.110046
-0.110486
-0.0838212
-0.0806895
-0.0808354
-0.1068
-0.103573
-0.103811
-0.121328
-0.117432
-0.117797
-0.0953848
-0.0922998
-0.0924207
-0.116191
-0.112288
-0.112795
-0.0883457
-0.0858015
-0.0852144
-0.101991
-0.0981925
-0.0984222
-0.00841021
-0.00399404
-0.00382858
-0.0119131
-0.0087692
-0.00813228
-0.0215285
-0.0181422
-0.0177666
-0.0796702
-0.0768224
-0.0761694
-0.0816857
-0.0777711
-0.0774767
-0.0962691
-0.0920927
-0.0922044
-0.0529819
-0.0492281
-0.0486614
-0.042295
-0.0391447
-0.0382557
-0.0641825
-0.0600428
-0.0596634
0.00373913
0.0073267
0.00809402
-0.00749996
-0.00440356
-0.00365086
0.000738944
0.003614
0.00457284
-0.0465578
-0.0437738
-0.0427554
-0.0781309
-0.0740643
-0.0737067
-0.0648168
-0.0610809
-0.060476
10.88
10.8856
10.8831
10.7956
10.8031
10.7999
10.8534
10.8579
10.8559
10.8249
10.83
10.8277
10.81
10.8156
10.8133
10.8018
10.8071
10.8048
10.7785
10.7844
10.7828
10.8164
10.8215
10.8193
10.8402
10.8453
10.8434
10.7863
10.793
10.7912
10.827
10.8322
10.8301
10.7982
10.8053
10.8022
10.8314
10.8381
10.8349
10.7904
10.7974
10.7944
10.7818
10.7886
10.7866
10.8184
10.8244
10.8219
10.8267
10.8329
10.8304
10.8311
10.8375
10.8344
10.78
10.7867
10.7839
10.7926
10.799
10.7962
10.7452
10.751
10.7495
10.8113
10.8176
10.8157
10.7624
10.7681
10.7664
10.7591
10.7639
10.763
10.8249
10.8307
10.8284
10.8142
10.8195
10.8175
10.8122
10.8186
10.8164
10.7817
10.788
10.7858
10.7666
10.7727
10.7708
10.6738
10.673
10.6723
10.5853
10.5881
10.5895
10.6695
10.6739
10.6724
10.6927
10.6959
10.6949
10.6681
10.6714
10.6704
10.6358
10.6388
10.6379
10.6276
10.6311
10.6289
10.7222
10.7255
10.724
10.6937
10.6982
10.6961
10.7381
10.7328
10.8257
10.8128
10.8236
10.7269
10.7961
10.7524
10.7286
10.7336
10.7329
10.7874
10.7924
10.7909
10.7201
10.7239
10.7228
10.6633
10.6664
10.6678
10.769
10.775
10.773
10.6957
10.7012
10.6988
10.6625
10.6379
10.7443
10.728
10.7401
10.4519
10.4934
10.4819
10.8082
10.8167
10.8526
10.8405
10.6588
10.7238
10.6818
10.6692
10.6518
10.6627
10.6702
10.6656
-0.472848
-0.45326
-0.461145
-0.449721
-0.431083
-0.436821
-0.408003
-0.38923
-0.395111
-0.289765
-0.271193
-0.276862
-0.222664
-0.205481
-0.21084
-0.330373
-0.311585
-0.317309
-0.413019
-0.39486
-0.400586
-0.266794
-0.250039
-0.255395
-0.375248
-0.356605
-0.362373
-0.359742
-0.34328
-0.389702
-0.379149
-0.382486
-0.235988
-0.238328
-0.0586583
-0.136667
-0.120376
-0.202347
-0.18961
-0.287557
-0.311803
-0.292376
-0.173097
-0.16279
-0.166728
-0.233678
-0.214346
0.0659976
0.0833909
-0.0855273
-0.0766564
-0.0798801
-0.000520481
-0.0223048
-0.00533453
-0.0113613
0.00318816
-0.00220815
-0.17295
-0.156855
-0.162603
-0.0478358
-0.0335591
-0.0387931
-0.128537
-0.117557
-0.122245
-0.215428
-0.200704
-0.20625
-0.095237
-0.0831786
-0.0883297
-0.136659
-0.124072
-0.131886
-0.104716
-0.0907628
-0.0967281
-0.0712178
-0.0580338
-0.063844
0.0464606
0.0593289
0.0547672
0.113246
0.126739
0.122335
0.0117653
0.0251211
0.0204576
-0.0662769
-0.0514202
-0.0564411
0.0727568
0.0869891
0.0824162
-0.0275016
-0.0133851
-0.0182477
0.0346175
0.0494776
0.0441786
-0.0483308
-0.03187
-0.037459
0.072303
0.0873608
0.0821028
0.294905
0.308711
0.303342
0.209023
0.224488
0.218951
0.17121
0.186303
0.180731
-0.00090056
0.0151505
0.00977599
0.154622
0.169701
0.164639
0.1167
0.131687
0.12656
0.329183
0.342931
0.338136
0.169603
0.184024
0.179229
0.285668
0.299913
0.295142
0.421704
0.435457
0.430277
0.256525
0.27183
0.266441
0.296469
0.311562
0.306232
0.124135
0.139149
0.134192
0.199477
0.214302
0.209391
0.238657
0.253337
0.248465
0.0116329
0.02162
0.018094
0.103325
0.113976
0.11013
0.124183
0.135308
0.131539
0.279824
0.291635
0.287857
0.382061
0.393018
0.388994
0.252223
0.263757
0.25978
0.201321
0.21305
0.208928
0.355627
0.367067
0.362972
0.229771
0.241768
0.237664
0.37901
0.391883
0.387197
0.301434
0.314297
0.309677
0.423314
0.435507
0.430918
0.663337
0.673526
0.668954
0.58186
0.59262
0.587999
0.54007
0.551378
0.546616
0.344078
0.356318
0.351828
0.50774
0.518782
0.514423
0.468484
0.479916
0.475489
0.649762
0.65956
0.655448
0.487328
0.498262
0.494032
0.616423
0.626364
0.622246
0.787539
0.796581
0.792314
0.62566
0.635876
0.631374
0.663223
0.673183
0.66875
0.453799
0.465098
0.460794
0.546464
0.556948
0.552708
0.581842
0.592109
0.587912
0.0292175
0.038354
0.0378751
0.219927
0.227918
0.226951
0.232017
0.240022
0.239284
0.45832
0.465936
0.46481
0.596519
0.604071
0.601998
0.44147
0.449252
0.447981
0.398418
0.406621
0.404857
0.573766
0.581555
0.579294
0.420741
0.428662
0.427138
0.682125
0.69155
0.687539
0.587062
0.597121
0.593122
0.715406
0.724782
0.720768
0.97316
0.981425
0.977383
0.88071
0.889774
0.885558
0.847063
0.856202
0.851989
0.617
0.626582
0.62276
0.779013
0.787669
0.78383
0.746926
0.755814
0.751914
0.893666
0.901648
0.898369
0.737568
0.745724
0.742825
0.866269
0.874246
0.870878
1.0703
1.07831
1.07432
0.9149
0.923653
0.919551
0.94592
0.954618
0.95049
0.710599
0.718946
0.715874
0.808147
0.816593
0.812868
0.839333
0.847529
0.844023
0.0503358
0.0608887
0.0597471
0.286622
0.294909
0.294084
0.285667
0.293674
0.292835
0.519281
0.526442
0.525279
0.696617
0.703841
0.702217
0.522659
0.529924
0.528801
0.516291
0.523717
0.522676
0.693089
0.700269
0.698675
0.518472
0.525785
0.524723
0.916677
0.924531
0.921338
0.809117
0.817042
0.814556
0.939445
0.947399
0.944285
1.20526
1.21291
1.20928
1.10132
1.10998
1.10645
1.07982
1.08838
1.08477
0.827396
0.835285
0.8329
0.976589
0.984676
0.981715
0.958221
0.96619
0.963158
1.01708
1.0255
1.02272
0.871448
0.879237
0.876944
1.01051
1.01874
1.01593
1.26333
1.27142
1.26794
1.11787
1.12648
1.12304
1.13398
1.14277
1.13938
0.865429
0.873227
0.870938
0.99018
0.998273
0.995378
1.00303
1.01122
1.00837
0.0402464
0.0471669
0.0459653
0.25776
0.26493
0.263728
0.240865
0.247738
0.246878
0.426724
0.433811
0.433223
0.622498
0.630394
0.629459
0.444082
0.451283
0.45066
0.473414
0.48092
0.479869
0.635542
0.64353
0.642458
0.455574
0.462836
0.462134
1.0183
1.02684
1.02409
0.870189
0.878304
0.875903
1.01848
1.0273
1.02456
1.3042
1.3131
1.31002
1.16141
1.17117
1.16814
1.16325
1.17281
1.16974
0.862551
0.870934
0.868485
1.00741
1.01672
1.01401
1.01331
1.02233
1.01961
0.957669
0.966405
0.965009
0.809754
0.818111
0.81675
0.970668
0.979532
0.977982
1.29518
1.30455
1.30209
1.1535
1.16345
1.16053
1.1446
1.15441
1.15202
0.824247
0.832703
0.831168
0.99625
1.00558
1.00319
0.984898
0.994064
0.992143
-0.00525859
0.000413113
-0.000674505
0.178312
0.18395
0.183614
0.165962
0.171576
0.171401
0.312652
0.319363
0.318469
0.496824
0.503506
0.502651
0.328585
0.335244
0.33424
0.356783
0.363361
0.362381
0.512043
0.518842
0.51798
0.340001
0.346616
0.345593
0.941846
0.950294
0.949061
0.761644
0.76956
0.768473
0.926617
0.934873
0.933731
1.22804
1.23588
1.23521
1.05333
1.06134
1.06046
1.0709
1.07912
1.07815
0.744053
0.751799
0.750784
0.89084
0.898603
0.897622
0.908567
0.916507
0.91548
0.805813
0.812871
0.812022
0.665114
0.672437
0.671456
0.827849
0.835005
0.834173
1.1701
1.17714
1.17678
1.0314
1.03918
1.0384
1.01056
1.01815
1.01742
0.685816
0.693235
0.692254
0.870408
0.877901
0.876992
0.850298
0.857664
0.856764
0.000553254
0.00784088
0.00609893
0.131627
0.137561
0.13661
0.125642
0.131613
0.130807
0.22428
0.2315
0.230476
0.368334
0.37461
0.374067
0.234383
0.241696
0.240682
0.254663
0.261784
0.26086
0.382761
0.389159
0.388522
0.242714
0.24998
0.249022
0.781678
0.788552
0.787741
0.600126
0.607364
0.606273
0.758182
0.764981
0.764133
1.03379
1.03965
1.03938
0.849898
0.85654
0.855728
0.877921
0.884682
0.883948
0.578003
0.585189
0.584077
0.708409
0.714959
0.714098
0.732845
0.739467
0.738646
0.605376
0.611563
0.610585
0.48971
0.496784
0.495572
0.630776
0.63697
0.636066
0.937351
0.94301
0.942404
0.818479
0.82508
0.824191
0.788765
0.795377
0.794362
0.511798
0.518938
0.517731
0.682346
0.688725
0.687885
0.657297
0.663615
0.662721
0.0377806
0.04352
0.0428425
0.110736
0.116255
0.115718
0.107882
0.113309
0.112965
0.1637
0.169567
0.16912
0.255276
0.260314
0.26025
0.17091
0.177039
0.176432
0.185644
0.192241
0.191357
0.268846
0.274138
0.273963
0.178018
0.184402
0.183639
0.578168
0.584182
0.58322
0.425553
0.432439
0.431274
0.552391
0.55829
0.557316
0.751929
0.75645
0.755826
0.591675
0.597366
0.596353
0.623371
0.629253
0.628181
0.404066
0.410851
0.409747
0.499306
0.504782
0.503922
0.525006
0.530667
0.529761
0.394065
0.398353
0.398049
0.321329
0.327347
0.326725
0.419189
0.42376
0.42329
0.639216
0.64271
0.642341
0.556946
0.562287
0.561383
0.525432
0.530508
0.529719
0.342472
0.348783
0.348015
0.471971
0.477137
0.476402
0.446573
0.451491
0.450866
0.101483
0.104143
0.1061
0.1396
0.141833
0.14366
0.105933
0.109122
0.110805
0.0574179
0.0608745
0.0620818
0.0841639
0.0881783
0.0892296
0.0810577
0.0847873
0.0860845
0.159237
0.162048
0.163515
0.124994
0.128996
0.130036
0.118608
0.122227
0.123505
0.366796
0.370765
0.37078
0.262486
0.267514
0.267379
0.341999
0.345613
0.34585
0.441652
0.44278
0.443543
0.328186
0.330378
0.330967
0.358252
0.360951
0.361282
0.241755
0.246234
0.246387
0.289616
0.292354
0.293123
0.313807
0.316954
0.31747
0.187388
0.187273
0.189381
0.159797
0.161754
0.163295
0.204148
0.204861
0.206737
0.32725
0.32645
0.328103
0.290961
0.292346
0.293329
0.262647
0.263463
0.264654
0.185838
0.188562
0.189602
0.260097
0.262132
0.263268
0.237256
0.238843
0.240181
10.826
10.8329
10.8305
10.7671
10.7736
10.7701
10.747
10.7506
10.7514
0.479689
0.492808
0.487157
0.562137
0.573707
0.568407
0.601907
0.613271
0.607914
0.8523
0.861328
0.856795
0.930322
0.938626
0.93425
0.971239
0.979343
0.974991
1.15757
1.16536
1.16114
1.24478
1.25134
1.24739
1.2782
1.28474
1.28083
1.37135
1.37921
1.37554
1.47693
1.48325
1.47985
1.50055
1.50683
1.50357
1.43458
1.44328
1.4406
1.5805
1.58695
1.58456
1.58105
1.58784
1.58558
1.31812
1.32449
1.32459
1.4937
1.49883
1.49949
1.47529
1.48024
1.481
1.06867
1.07375
1.07347
1.25834
1.26204
1.2625
1.22052
1.22407
1.22442
0.725681
0.728639
0.728407
0.897043
0.898713
0.89915
0.850204
0.851552
0.852047
0.356736
0.354777
0.356126
0.480934
0.477942
0.479611
0.433977
0.430258
0.432052
12.2158
12.2481
12.1192
12.1238
12.0742
12.0732
12.0726
12.1087
12.1072
12.1061
12.0714
12.0712
12.0702
12.1182
12.1193
12.1181
12.0747
12.0753
12.0741
12.1397
12.1401
12.139
12.1464
12.1469
12.1456
12.1057
12.1068
12.1692
12.1732
12.1708
11.8795
11.862
11.7655
11.7914
11.902
11.9022
11.9011
11.9326
11.9283
11.9293
11.8687
11.8598
11.8623
11.8461
11.8562
11.8556
11.8633
11.8601
11.937
11.9338
11.934
11.9692
11.9729
11.9709
11.9513
11.9547
11.9532
11.9196
11.9133
11.9148
11.9246
11.9175
11.9047
11.9065
11.9118
11.9182
11.9153
11.9112
11.9174
11.9146
11.9036
11.9046
11.9041
11.8328
11.8394
11.8375
11.8436
11.8421
11.2365
11.2428
11.2398
10.5352
10.5397
10.5331
10.651
10.6639
10.6556
11.419
11.4388
11.9124
11.9232
11.9188
11.8597
10.5424
10.5512
10.5456
10.1663
10.1434
10.1451
9.97863
9.98658
9.97931
11.1909
11.1977
11.1931
10.6118
10.6094
11.4026
11.4048
11.4001
-2.30661
-2.26736
-2.27434
-1.99475
-2.0088
-2.01989
-1.97798
-1.97238
-1.97068
-2.17381
-2.18268
-2.18705
-1.57463
-1.62096
-1.62237
-1.6914
-1.71827
-1.73352
-1.60373
-1.63716
-1.63038
-1.69078
-1.71878
-1.73291
-1.88265
-1.89241
-1.9121
-1.72703
-1.74264
-1.77023
-1.94088
-1.96042
-1.9682
-1.66963
-1.68609
-1.71487
-1.49505
-1.51821
-1.52712
-1.43902
-1.469
-1.49319
-1.44654
-1.47382
-1.48662
-1.44261
-1.47232
-1.49204
-1.10846
-1.11798
-1.12001
-1.46174
-1.43838
-1.45498
-1.18695
-1.18485
-1.19198
-1.38883
-1.37414
-1.38855
-1.05452
-1.04376
-1.05317
-1.2832
-1.26049
-1.27533
-1.00755
-1.00354
-1.0117
-1.31126
-1.28436
-1.29807
-1.24677
-1.21786
-1.23568
-1.10628
-1.08395
-1.09564
-1.06417
-1.04905
-1.06177
-1.30444
-1.2687
-1.2848
-1.04473
-1.01588
-1.02096
-0.857312
-0.840537
-0.846572
-0.857954
-0.837935
-0.840834
-1.05731
-1.02738
-1.03785
-0.577691
-0.571816
-0.571445
-0.737837
-0.727138
-0.726738
-0.556497
-0.551477
-0.550042
-0.781054
-0.768799
-0.769946
-0.463425
-0.463435
-0.461096
-0.65018
-0.642543
-0.64087
-0.479479
-0.477374
-0.475117
-0.614161
-0.608633
-0.606712
-0.552269
-0.5494
-0.544589
-0.435413
-0.440153
-0.435275
-0.448984
-0.451436
-0.445931
-0.524311
-0.524129
-0.519794
-0.456627
-0.459424
-0.455711
-0.403786
-0.410806
-0.406458
-0.387798
-0.39529
-0.39129
-0.482694
-0.484736
-0.480814
-0.352234
-0.356627
-0.355466
-0.446423
-0.445139
-0.445746
-0.338397
-0.342825
-0.34161
-0.466383
-0.464653
-0.465235
-0.304313
-0.308304
-0.307221
-0.421674
-0.420146
-0.420975
-0.31677
-0.320916
-0.319837
-0.404623
-0.403126
-0.403982
-0.341863
-0.341214
-0.339746
-0.281611
-0.283692
-0.282215
-0.298517
-0.30081
-0.299152
-0.319687
-0.319205
-0.317886
-0.286151
-0.284698
-0.284244
-0.269805
-0.270421
-0.269674
-0.254794
-0.255332
-0.254784
-0.305555
-0.303904
-0.303304
-0.203412
-0.206919
-0.205735
-0.274314
-0.272514
-0.273352
-0.19401
-0.197024
-0.195931
-0.287572
-0.285809
-0.28671
-0.154858
-0.156861
-0.155628
-0.239283
-0.237895
-0.238459
-0.163245
-0.1662
-0.164938
-0.226384
-0.224658
-0.225054
-0.201481
-0.200321
-0.200741
-0.175566
-0.175189
-0.175792
-0.18594
-0.185521
-0.18601
-0.186402
-0.185744
-0.186146
-0.153706
-0.153831
-0.15422
-0.160517
-0.160054
-0.160802
-0.150962
-0.150561
-0.151448
-0.168307
-0.167911
-0.168345
-0.0634498
-0.0622571
-0.0607445
-0.0929099
-0.0901192
-0.0893323
-0.0604193
-0.0589084
-0.0575797
-0.10273
-0.0997706
-0.099027
-0.0477353
-0.0456455
-0.0448026
-0.0738541
-0.0711247
-0.0705537
-0.0511063
-0.049255
-0.0483911
-0.064749
-0.0623862
-0.0616723
-0.0773315
-0.0784956
-0.0784106
-0.0901322
-0.0884654
-0.0898424
-0.0957086
-0.0941835
-0.0956959
-0.0664916
-0.0679606
-0.0676144
-0.0442317
-0.045694
-0.0450857
-0.0764158
-0.0742249
-0.0756554
-0.0739979
-0.0718799
-0.0731451
-0.0510852
-0.0521749
-0.0518502
)
;

boundaryField
{
    Inlet
    {
        type            zeroGradient;
    }
    Outlet
    {
        type            fixedValue;
        value           uniform 0;
    }
    Wall
    {
        type            zeroGradient;
    }
    procBoundary1to0
    {
        type            processor;
        value           nonuniform List<scalar> 
435
(
11.2053
11.1008
11.1846
11.1112
11.196
11.1766
11.1204
11.1001
11.1324
11.0349
11.0996
10.971
11.0292
10.9072
10.93
10.7577
10.9224
10.7221
11.1017
10.9715
11.1382
11.0361
10.9334
10.7577
11.0417
10.9117
10.7186
10.9121
11.3248
11.0937
11.1033
11.0417
11.2697
11.1799
11.1829
11.2303
11.2024
11.359
11.1467
11.0632
11.1711
11.1602
11.166
11.1929
11.1788
11.3225
11.1681
11.0383
11.2663
11.1742
11.2168
11.1991
11.3578
11.1591
11.1453
11.062
11.1825
11.1633
11.1779
11.1691
11.1017
11.0894
11.3068
11.2567
11.2566
11.1865
11.1711
11.1602
11.1473
11.2996
11.2472
11.1754
11.2489
11.1825
11.1482
11.1633
11.0767
11.1612
11.1258
11.0022
11.1056
11.1401
11.069
10.9934
11.1028
10.9218
11.0233
10.9216
10.9944
11.0901
10.8251
10.968
10.8814
10.8462
10.9589
10.8724
10.7564
10.7809
10.9655
10.7427
10.7153
10.6282
10.6882
10.7891
10.7028
10.6392
10.6901
11.088
11.1661
11.1261
10.9935
11.1045
11.1452
11.0647
11.005
10.9222
11.0281
10.924
11.1086
10.9965
11.0946
10.8272
10.888
10.8486
10.9631
10.9761
10.8713
10.7576
10.7845
10.7554
10.7163
10.6382
10.976
10.6801
10.7864
10.6864
10.652
10.6965
11.3248
11.1529
11.2527
11.1712
11.1562
11.1017
11.0641
11.2283
11.2698
11.0273
11.1293
11.1109
11.1829
11.1754
11.2303
11.1799
11.1929
11.1381
11.1788
11.166
11.1381
11.167
11.3225
11.1498
11.2508
11.1742
11.1682
11.1681
11.2168
11.1779
11.1278
11.1691
11.1516
11.1013
11.23
11.0606
11.267
11.023
11.1269
11.1068
11.1612
11.1258
11.1265
11.0233
11.0697
10.9216
10.8462
10.9994
10.9589
10.7153
10.9362
10.6282
10.6392
10.8688
10.6901
11.1661
11.1261
11.1168
11.0281
10.924
11.074
10.8486
10.9631
11.0143
10.7163
10.6382
10.9482
10.652
10.6965
10.862
11.1401
11.1163
11.069
10.9944
11.073
11.0901
10.8724
11.0029
10.7564
10.6882
10.9326
10.7891
11.1452
11.1262
11.0647
10.9965
11.0759
11.0946
10.8713
11.0123
10.7576
10.6801
10.9317
10.7864
11.1326
11.1434
11.0896
11.1423
11.129
11.0861
11.0783
11.0237
11.0486
10.992
10.94
11.0254
10.8319
10.8914
10.8679
10.7876
10.728
10.8272
10.6944
11.0821
11.0283
11.0493
10.9995
11.0287
10.9438
10.8336
10.8684
10.8964
10.7838
10.8181
10.7334
10.6946
11.2697
11.359
11.2024
11.1429
11.359
11.1991
11.138
11.2663
11.3578
11.3578
11.1583
11.1146
11.1426
11.1192
11.1172
11.1162
10.9541
10.9567
10.955
10.949
10.9524
10.9507
10.7753
10.7838
10.7813
10.8012
10.8092
10.8063
11.2228
11.2217
11.2228
11.1777
11.1247
11.1247
11.123
11.1247
11.2236
11.2224
11.2236
11.1781
11.0556
11.0553
11.0546
11.0536
11.054
11.0534
10.8462
10.853
10.8501
10.8485
10.8557
10.8525
11.1529
11.161
11.2527
11.2624
11.2586
11.2527
11.3071
11.1255
11.1255
11.2024
11.1255
11.1366
11.3045
11.1498
11.1578
11.0928
11.0904
11.0897
11.0031
11.005
11.0037
10.8996
10.9046
10.9025
10.8198
10.8271
10.8244
10.7564
10.764
10.7613
11.0919
11.0905
11.0899
11.0083
11.0097
11.0086
10.8948
10.9003
10.898
10.8031
10.8108
10.8074
11.1561
11.112
11.1405
11.1136
11.1114
11.1103
10.9493
10.9522
10.9505
10.9424
10.9456
10.9438
10.7725
10.7806
10.7778
10.7982
10.8067
10.8039
11.1628
11.1628
11.1222
11.1222
11.121
11.1806
11.1792
11.1806
11.1329
11.1778
11.1764
11.1778
11.1298
11.2508
11.0542
11.054
11.0533
11.0478
11.0481
11.0476
10.8414
10.8478
10.8449
10.8436
10.8502
10.847
11.1628
11.1077
11.1148
11.2508
11.2607
11.2569
11.0927
11.0909
11.0901
10.9969
10.9988
10.9978
10.8933
10.8978
10.8955
10.8132
10.8207
10.8175
10.7536
10.762
10.7592
11.0857
11.0842
11.0833
11.0046
11.006
11.005
10.8893
10.8945
10.8921
10.7995
10.8073
10.8039
)
;
    }
    procBoundary1to3
    {
        type            processor;
        value           nonuniform List<scalar> 
1468
(
10.6589
10.6441
-0.0599657
-0.0593612
-0.120781
0.0219509
0.323032
0.666524
0.949523
1.31836
1.5357
1.59264
1.41944
1.08045
0.689478
0.350004
0.347753
-0.444778
10.6337
10.3754
10.3999
10.6102
0.253865
-0.440755
10.6437
10.6336
10.3742
10.6093
10.3988
-0.0658665
-0.0632567
0.0178675
-0.126015
0.247952
10.6603
10.6582
10.6142
10.515
10.6856
-0.0267561
0.121282
-0.0148066
0.13655
0.152242
0.24515
0.0968033
0.287425
0.318874
0.510478
0.646514
0.886822
0.946673
1.24429
1.31324
1.51011
1.53287
1.59847
1.59124
1.47656
1.42104
1.17128
1.08496
0.768137
0.693046
0.32181
0.255717
0.199178
10.6605
10.6144
-0.0289908
0.108314
0.0623352
0.0400564
0.00599242
-0.344221
-0.0885604
-0.324799
0.0382897
-0.226732
0.120273
-0.230211
0.512673
0.893926
1.24981
1.51668
1.60009
1.47351
1.16485
0.762365
0.3204
-0.103613
0.358637
-0.61842
0.276614
10.4304
10.6695
10.6882
10.408
10.5779
10.4516
10.3405
10.7189
10.3751
10.807
10.6095
10.4986
10.5168
10.6934
10.7393
10.4565
10.6815
10.425
10.5629
10.7349
10.5251
10.7896
-0.0199395
0.131832
0.146742
-0.00663708
0.161198
0.258312
0.297807
0.105506
0.410609
0.345022
0.355368
0.271276
-0.625619
0.258106
0.196479
-0.108572
10.7335
10.4544
10.4189
10.6793
10.5572
10.7317
10.7822
10.5227
10.4307
10.6683
10.4072
10.6883
10.5763
10.4479
10.7155
10.3378
10.3744
10.8034
10.4962
10.6086
0.404155
0.33081
-0.034766
0.102647
0.035805
0.0565383
0.00483855
-0.345079
-0.32628
-0.0894193
0.0368945
-0.229131
-0.232064
0.11922
10.7015
10.6959
10.8739
11.0281
10.8059
11.305
11.555
10.5357
0.0685822
0.19856
0.211992
0.0361627
0.500094
0.637624
0.949736
0.876225
1.23548
1.16049
1.46564
1.40745
1.62305
1.59586
1.61492
1.63539
1.40586
1.47537
1.03889
1.14038
0.598148
0.697882
0.483229
0.115228
0.0534626
0.498568
10.4895
10.4723
10.6702
10.3837
10.4104
0.0692103
-0.0295364
-0.792014
0.533018
10.8794
11.0409
10.8065
11.3156
10.7685
11.0341
10.8348
10.9337
11.5569
10.5392
-0.111309
-0.172336
0.172749
0.000958412
-0.00612599
0.155855
0.109337
0.0736311
0.201214
0.214363
0.042328
0.335462
0.561967
0.338699
0.507925
0.479819
0.115486
0.495335
0.0537907
0.0691666
-0.0295202
0.527182
-0.786012
10.7651
11.0302
10.8316
10.9284
10.4715
10.4859
10.6674
10.3825
10.4097
0.169719
-0.0044003
-0.115906
-0.178029
0.330723
0.557584
0.332213
0.503832
0.150749
-0.00737602
0.105536
10.6913
10.6736
10.6831
10.7556
11.1337
10.8956
10.8076
10.484
10.5237
10.6128
0.134427
0.326798
0.28128
0.183587
0.660364
0.793484
1.02052
1.08481
1.28663
1.34803
1.51253
1.55902
1.63866
1.64368
1.58061
1.53426
1.32573
1.23751
0.928196
0.821009
0.393575
0.455616
0.414065
-0.106479
-0.0988466
0.431992
10.6973
10.7062
10.7031
10.6676
10.68
10.4986
10.3562
0.509652
0.651554
0.669236
0.80601
0.961323
0.887893
1.03617
1.09522
1.23832
1.17088
1.29342
1.35893
1.47061
1.41272
1.51971
1.56431
1.62593
1.59985
1.64054
1.64454
1.61406
1.63555
1.5793
1.53199
1.40272
1.47296
1.32268
1.23389
1.03503
1.13686
0.924839
0.817673
0.595646
0.694722
0.392209
0.452943
0.413909
-0.371585
-0.142675
0.312344
10.7592
11.14
10.9034
10.8113
10.7316
11.0693
10.803
11.2143
10.4865
10.6145
10.5298
-0.405759
-0.131968
0.109135
-0.0789922
-0.0394104
0.139576
0.328775
0.285624
0.186976
0.249472
0.402296
0.233275
0.468884
0.4113
-0.105247
-0.0974571
0.428665
0.410104
-0.368553
0.310175
-0.141403
10.7278
11.064
10.7992
11.2101
10.494
10.3535
0.0978701
-0.0477604
-0.0906228
-0.405468
-0.132138
0.245283
0.397336
0.224119
0.465933
10.7141
10.9102
10.9043
10.7417
0.614101
0.40113
0.418177
0.655673
0.771108
0.984141
1.02772
0.755283
1.09531
1.32173
1.35831
1.08361
1.40216
1.59917
1.6302
1.38542
1.60193
1.77627
1.79153
1.59935
1.62229
1.80144
1.79563
1.63734
1.4628
1.62464
1.59334
1.49305
1.157
1.25791
1.20838
1.19949
0.797872
0.757937
0.69405
0.838401
10.8889
10.6842
11.0448
10.8074
10.7862
10.9876
0.66294
0.936759
0.689884
0.899043
0.997635
1.28436
1.01312
1.24612
1.31418
1.57073
1.33073
1.53785
1.55817
1.76535
1.56661
1.74663
1.64628
1.81254
1.63584
1.8131
1.54413
1.66347
1.51792
1.68882
1.28327
1.31828
1.24267
1.36406
0.92966
0.832431
0.887821
0.893344
0.227853
0.550814
0.577641
0.299249
10.8916
10.6974
10.7222
10.9118
10.9121
10.7455
11.0695
10.8009
10.7764
11.0192
0.618662
0.404179
0.421928
0.661086
0.670956
0.947167
0.699179
0.908776
0.782037
0.995307
1.03921
0.764186
1.00881
1.29449
1.02426
1.25648
1.10528
1.33135
1.36763
1.09364
1.31981
1.57648
1.33744
1.54435
1.40863
1.60394
1.63409
1.39142
1.56166
1.76685
1.57164
1.74655
1.6058
1.77615
1.79184
1.60267
1.64774
1.81142
1.63742
1.81212
1.62341
1.80003
1.79404
1.63832
1.54398
1.66102
1.5177
1.68637
1.46207
1.62198
1.5908
1.49244
1.28123
1.31594
1.24038
1.36172
1.15407
1.25602
1.20637
1.19677
0.926004
0.830862
0.883862
0.891871
0.793857
0.756518
0.692599
0.834584
0.227483
0.547261
0.57414
0.298751
10.7629
10.9246
10.9283
10.7417
0.480837
0.748264
0.71263
0.5046
0.832589
1.11617
1.07772
0.849635
1.15999
1.43547
1.39744
1.17318
1.44915
1.68366
1.65396
1.46325
1.62654
1.81034
1.79972
1.62569
1.61647
1.76537
1.77782
1.59764
1.43208
1.51154
1.54833
1.39768
1.11141
1.08999
1.14388
1.06857
0.748196
0.548531
0.615636
0.710407
10.7633
10.9757
10.7746
10.9437
0.587408
0.808133
0.562772
0.847763
0.927389
1.16343
0.912996
1.20332
1.25274
1.47097
1.23765
1.506
1.51738
1.70489
1.50622
1.72982
1.63708
1.81229
1.64257
1.81741
1.56281
1.7402
1.58529
1.72111
1.32364
1.46104
1.36153
1.41951
0.978641
1.02207
1.02108
0.964168
0.627388
0.463615
0.66157
0.392967
10.7449
10.9373
10.9316
10.7542
10.7729
10.9953
10.7524
10.9768
0.484657
0.75516
0.718418
0.510179
0.595354
0.815648
0.568744
0.856554
0.843366
1.12721
1.08888
0.861603
0.939607
1.17431
0.924405
1.2141
1.16874
1.44365
1.40598
1.18239
1.26032
1.47849
1.24541
1.51311
1.45407
1.68581
1.6569
1.46912
1.52372
1.70627
1.51134
1.731
1.62945
1.81011
1.79946
1.62877
1.63936
1.81171
1.64475
1.8168
1.61723
1.76341
1.77584
1.59838
1.56309
1.73793
1.58563
1.71891
1.43099
1.50898
1.54564
1.39648
1.3219
1.45845
1.36006
1.41699
1.10835
1.08858
1.14202
1.06498
0.974912
1.02049
1.01762
0.962658
0.744348
0.547301
0.614316
0.706488
0.623715
0.462546
0.657797
0.392127
10.6641
10.6532
10.6634
0.15548
0.281714
0.411574
0.650974
0.684571
0.601372
1.12114
1.07089
1.02529
1.4555
1.39474
1.38611
1.64503
1.59527
1.61164
1.64004
1.57178
1.65982
1.43254
1.3443
1.50026
1.07915
0.970433
1.17993
0.639362
0.553718
0.788189
-0.0157668
0.00328343
0.425365
-0.0155419
0.433308
0.000588668
10.6549
10.6605
10.66
10.6529
10.6322
10.6596
10.646
0.154274
0.274153
0.40475
0.333083
0.399068
0.476162
0.649503
0.592131
0.684892
0.799821
0.901843
0.683832
1.11633
1.01261
1.06979
1.21219
1.30975
1.14263
1.4464
1.37936
1.38533
1.51857
1.57158
1.44467
1.64644
1.61368
1.59144
1.66485
1.67185
1.58674
1.64397
1.66339
1.57198
1.60889
1.5642
1.52726
1.43843
1.50529
1.34801
1.36081
1.27561
1.26744
1.08608
1.18601
0.975916
0.993895
0.876914
0.889573
0.646486
0.7953
0.556265
0.371406
0.601644
0.520353
10.6606
10.6358
10.6628
10.6462
0.334631
0.48204
0.40072
0.807881
0.692665
0.911627
1.21622
1.15435
1.31187
1.51765
1.44653
1.57155
1.66178
1.5892
1.6682
1.60463
1.52717
1.55822
1.35538
1.26444
1.26824
0.987652
0.885069
0.869223
0.364929
0.594289
0.518839
0.0430203
-0.148416
-0.160316
0.55435
0.0447082
-0.153835
0.56514
-0.16221
10.9267
10.9267
11.4163
11.4163
0.266272
0.257065
0.26052
0.244102
0.232921
0.23577
10.6509
10.5049
10.6509
10.6418
10.6248
10.4816
10.6248
10.6153
-0.28416
-0.302803
-0.28824
-0.155697
-0.223461
-0.165345
-0.223461
-0.11081
-0.206616
-0.118375
-0.206616
0.352106
0.352106
0.259211
0.259211
-0.282474
-0.300963
-0.286491
10.5047
10.6423
10.6253
10.6011
10.4791
10.6423
10.6253
10.4811
10.6253
10.6158
-0.161383
-0.228773
-0.170861
-0.228773
-0.115616
-0.212382
-0.123097
-0.212382
10.861
10.6128
10.6128
0.152226
0.137316
0.141211
0.11571
0.102213
0.107361
10.6025
10.4629
10.6025
10.6025
10.5961
10.7266
10.5897
10.6145
10.7266
-0.0687623
-0.0860324
-0.0781321
0.0945883
0.0802467
0.0898292
10.6145
-0.165058
-0.336808
-0.159671
-0.336808
-0.502493
-0.0789922
-0.404349
-0.502493
-0.0789922
0.24314
-0.0681327
-0.0852825
-0.0774098
0.0941456
0.0798916
0.089408
10.6011
10.4604
10.6011
10.6011
10.5946
10.7239
10.5859
10.7239
-0.0906228
-0.0906228
-0.164881
-0.335195
-0.159491
-0.335195
-0.500731
-0.404342
-0.500731
10.8324
10.8384
10.8359
10.8282
10.8362
10.833
0.419394
0.428656
0.46677
0.46677
0.480062
0.794485
0.804218
0.798911
0.837443
0.847008
0.841809
1.15451
1.1611
1.15678
1.19132
1.1978
1.19351
1.44854
1.45399
1.45015
1.47932
1.485
1.4812
1.65303
1.65797
1.65519
1.66881
1.67382
1.67117
1.68045
1.68531
1.68507
1.67175
1.67646
1.67683
1.52979
1.53277
1.53433
1.50161
1.50465
1.50606
1.2032
1.20497
1.20572
1.15621
1.15782
1.15856
0.768748
0.767386
0.768407
0.714029
0.712171
0.713318
10.8145
10.8207
10.8183
10.9763
10.9652
10.9194
10.9194
10.9275
0.755755
0.76521
0.759843
0.716705
0.72578
0.720505
1.1193
1.12613
1.1217
1.0813
1.08834
1.08385
1.41937
1.42494
1.42095
1.38631
1.39184
1.38781
1.63808
1.64315
1.64018
1.61668
1.62175
1.61864
1.69145
1.69666
1.69549
1.69621
1.70142
1.69958
1.55904
1.56224
1.56388
1.58186
1.58517
1.58671
1.25285
1.25496
1.25576
1.29685
1.29905
1.29992
0.827784
0.82709
0.827956
0.881457
0.881127
0.881921
0.354166
0.346557
0.348821
0.399778
0.393451
0.395848
10.88
10.8796
10.8777
10.8429
10.8503
10.8477
0.593865
0.576323
0.589309
0.520635
0.525963
0.523181
0.933413
0.942047
0.937232
0.890535
0.899575
0.894624
1.26996
1.27627
1.27203
1.23349
1.2398
1.23555
1.53854
1.54423
1.54062
1.50928
1.51482
1.51115
1.69064
1.69568
1.69331
1.68054
1.68546
1.68298
1.64475
1.64899
1.65
1.65748
1.66188
1.66263
1.42987
1.43272
1.43384
1.46476
1.46766
1.46891
1.05189
1.05284
1.05356
1.10158
1.10277
1.10349
0.59539
0.59204
0.593474
0.650412
0.647725
0.64904
10.8029
10.8783
10.8298
10.9143
10.9056
10.9133
0.619863
0.628217
0.622943
0.667506
0.676272
0.671154
0.994579
1.00242
0.997762
1.0347
1.04225
1.03763
1.31508
1.32095
1.31676
1.34985
1.35565
1.3515
1.56911
1.57433
1.57092
1.59471
1.59999
1.59667
1.69634
1.70119
1.69901
1.69952
1.70459
1.70253
1.62464
1.62841
1.62967
1.60688
1.61049
1.6119
1.38486
1.38741
1.38843
1.34475
1.34725
1.34818
0.992661
0.993161
0.993879
0.940674
0.940871
0.94161
0.526538
0.522198
0.523928
0.473326
0.468148
0.469948
10.9409
10.9409
11.428
11.428
0.265313
0.256182
0.259602
0.24288
0.231806
0.234648
0.347627
0.347627
0.244161
0.244161
10.8687
0.151318
0.136596
0.14045
0.115317
0.101925
0.107043
0.235503
10.8383
10.844
10.8415
10.8385
10.8463
10.8431
0.424769
0.433981
0.470395
0.470395
0.483463
0.806509
0.815756
0.810494
0.850269
0.859298
0.854162
1.16232
1.16871
1.16435
1.19866
1.20495
1.20064
1.45234
1.45774
1.45389
1.48316
1.48873
1.48495
1.65485
1.65959
1.65683
1.67067
1.67549
1.67286
1.68032
1.68502
1.68484
1.67156
1.67614
1.67655
1.52845
1.53136
1.53294
1.50019
1.50319
1.5046
1.20118
1.20294
1.2037
1.15409
1.15571
1.15643
0.766644
0.765319
0.766315
0.711926
0.710107
0.711228
10.8063
10.8129
10.8104
10.9549
10.9445
10.9042
10.9042
10.9107
0.745179
0.755075
0.749715
0.707504
0.716987
0.711764
1.11072
1.11777
1.11337
1.07217
1.07946
1.07499
1.41497
1.42063
1.41664
1.38171
1.38735
1.38333
1.63553
1.64076
1.63777
1.61439
1.61969
1.61655
1.69126
1.69663
1.69541
1.69586
1.70121
1.69934
1.56018
1.56348
1.56509
1.58298
1.5864
1.58793
1.25491
1.25703
1.25782
1.29886
1.30109
1.30195
0.829958
0.82923
0.830125
0.883598
0.883237
0.884052
0.355678
0.347992
0.350272
0.401208
0.394817
0.397235
10.8907
10.8908
10.8889
10.8492
10.8566
10.8539
0.599229
0.581816
0.594546
0.525823
0.530759
0.527989
0.945014
0.953238
0.948426
0.902915
0.911465
0.906546
1.27598
1.28214
1.27786
1.23996
1.2461
1.24181
1.54226
1.54774
1.54418
1.51319
1.51854
1.51491
1.69188
1.69675
1.69441
1.68186
1.6866
1.68415
1.64421
1.64834
1.6494
1.65699
1.66128
1.66208
1.42811
1.43092
1.43204
1.46307
1.46591
1.46716
1.04977
1.05075
1.05146
1.09943
1.10064
1.10135
0.593437
0.590132
0.591544
0.648412
0.645767
0.647058
10.7953
10.87
10.8212
10.8998
10.8906
10.8975
0.612221
0.620911
0.615692
0.659098
0.668266
0.663191
0.983868
0.992037
0.987393
1.02471
1.03253
1.02794
1.30977
1.31577
1.31161
1.34478
1.35071
1.34658
1.56588
1.57135
1.5679
1.59153
1.59706
1.59369
1.6955
1.70051
1.69829
1.69879
1.70401
1.70192
1.62544
1.62931
1.63053
1.60771
1.61142
1.61278
1.38675
1.38935
1.39036
1.34673
1.34925
1.35018
0.994811
0.995286
0.996017
0.942835
0.943
0.943759
0.52832
0.523926
0.525675
0.475046
0.469808
0.471622
)
;
    }
}


// ************************************************************************* //
