/*--------------------------------*- C++ -*----------------------------------*\
| =========                 |                                                 |
| \\      /  F ield         | OpenFOAM: The Open Source CFD Toolbox           |
|  \\    /   O peration     | Version:  2312                                  |
|   \\  /    A nd           | Website:  www.openfoam.com                      |
|    \\/     M anipulation  |                                                 |
\*---------------------------------------------------------------------------*/
FoamFile
{
    version     2.0;
    format      ascii;
    arch        "LSB;label=32;scalar=64";
    class       volScalarField;
    location    "0.19995";
    object      p;
}
// * * * * * * * * * * * * * * * * * * * * * * * * * * * * * * * * * * * * * //

dimensions      [0 2 -2 0 0 0 0];

internalField   nonuniform List<scalar> 
31199
(
9.04985
9.48308
9.35519
9.24781
9.37883
9.82979
10.1381
10.1529
9.84742
8.99602
-1.16279
8.9962
9.37908
9.71382
9.88515
9.73414
9.13785
7.64149
1.82301
0.46162
10.0906
10.3033
10.4049
10.2456
9.7918
9.03088
8.25449
10.898
11.1867
11.3692
11.4609
11.3805
10.9919
11.6852
11.8777
11.9749
11.9576
12.2891
12.4388
9.5222
9.69162
9.52451
9.24757
9.33939
9.82168
10.1069
10.1079
9.80347
9.14721
-0.112278
8.04553
9.28341
9.74668
9.88747
9.70076
9.04236
7.36935
3.20542
1.95579
10.0179
10.2763
10.3475
10.2
9.76575
9.07005
8.35301
10.7331
11.0568
11.2639
11.3617
11.3321
11.1567
11.8631
12.1914
12.3638
12.4028
12.5569
12.6977
9.36224
7.57346
9.24762
9.18062
7.55958
7.78544
3.62795
7.41749
4.00112
9.10591
8.04505
9.13535
9.66774
9.96435
9.28348
9.66604
9.88798
10.0854
10.1029
10.2983
10.6617
10.0183
10.2274
10.5909
11.0949
10.7332
10.9968
11.3455
11.6109
11.0572
11.2209
11.7113
11.6686
11.9458
11.8544
12.2375
11.8639
12.1261
12.4649
12.4898
12.3997
12.7814
12.4254
12.557
12.7159
12.469
12.6937
12.7633
9.17787
9.29315
10.0002
9.55076
10.0181
9.60029
9.57312
9.81453
9.5169
9.61121
9.70119
9.04972
9.7757
9.58719
9.48223
9.71044
9.28696
9.3566
9.39774
9.18006
7.55936
9.24821
9.36354
7.57303
8.62477
8.96756
7.72211
8.99843
4.58465
9.111
8.0335
7.42
4.00347
7.79137
3.65807
0.321084
0.629521
0.0747758
-0.706833
0.738523
-1.10652
-0.631383
9.1355
8.99762
9.10658
9.66639
9.88808
9.38002
9.66921
9.96597
10.1022
10.0866
10.2272
10.5907
10.0918
10.298
10.6633
10.9967
10.8988
11.0961
11.2205
11.7103
11.1878
11.3466
11.6107
11.9454
11.6696
12.1257
12.4647
11.6868
11.8542
12.2364
12.7847
11.957
12.4892
12.7161
12.2885
12.425
12.7673
12.4388
12.4684
0.0292195
-0.780386
0.31695
0.62588
9.18837
9.44377
9.0151
9.51708
9.29567
9.17809
9.0166
9.51973
9.18854
9.44374
9.32187
9.69021
9.4971
9.67284
9.50536
9.83122
9.61726
9.65201
9.55136
9.53021
9.64955
9.61978
9.41241
9.5993
9.61371
9.66675
9.62374
9.9533
9.76579
10.0343
10.0039
10.2438
10.1194
10.3024
10.2607
10.2707
10.3327
10.3326
10.2572
10.0531
10.3
10.1028
10.0073
9.59792
9.99926
9.54961
9.81418
9.57129
9.61402
9.51702
9.7777
9.5222
9.70115
9.71027
9.69165
9.58742
9.39645
9.52458
9.28758
8.8471
9.3679
8.56887
9.22652
8.9894
9.10303
8.96881
9.77031
8.71339
9.1969
9.33977
9.7124
8.09654
9.14362
10.1131
9.29803
9.67763
9.8208
10.0591
9.30632
9.69654
10.1665
9.72294
9.87934
10.1041
10.1326
9.7736
9.88819
9.90778
9.88116
9.75156
10.1066
9.90923
9.88677
9.75479
9.12312
9.7085
9.22166
9.80255
9.3434
9.66306
9.18404
4.5734
9.11251
8.02887
9.14579
8.62339
8.96609
7.71971
7.08189
8.72641
9.46346
7.66523
-0.690738
-0.125218
0.733357
9.04735
8.43645
9.1253
9.61603
9.48108
9.4183
9.34509
9.62961
9.47097
9.45741
9.88068
10.0167
10.2133
9.7463
9.87944
10.0022
10.1471
9.77562
10.2411
10.2924
9.88725
9.77982
10.1784
10.2001
9.25027
10.2851
10.113
9.69979
9.2618
10.1791
9.99607
7.87595
10.0652
9.58445
9.04104
7.98098
9.90504
9.43507
4.45332
9.4847
8.62732
7.36771
5.29172
9.24559
8.43402
0.312361
8.4808
7.61589
3.20527
2.06874
8.14002
7.41719
7.51443
1.94935
7.25806
10.2497
10.0833
10.4383
10.0381
10.2926
10.176
10.2686
10.4035
10.8285
11.0525
10.277
10.3511
10.6892
10.8843
10.2823
11.0852
11.2231
10.3496
10.2607
10.9301
11.0432
9.86993
11.2407
11.2847
10.2015
9.90447
11.0644
11.0805
9.13997
11.2798
11.1836
9.76572
9.26118
11.0715
10.9828
8.34279
11.1445
10.7843
9.07055
8.52576
10.9258
10.7387
10.7117
8.35024
10.6564
10.9959
10.8068
11.0378
11.3519
11.2604
11.318
11.1209
11.4093
11.1728
11.2534
11.4562
11.645
11.8089
11.2646
11.3505
11.8237
11.9955
11.4127
11.8242
11.8518
11.3617
11.3605
12.04
12.1445
11.0603
11.8514
11.7994
11.3243
11.2222
12.1627
12.1726
11.785
11.1592
12.1509
11.9372
11.7647
11.5959
11.7433
11.8284
11.8515
11.9036
11.9646
12.2292
12.3799
12.1913
12.3302
12.5373
12.6381
11.9757
12.3938
12.4287
12.3621
12.4043
12.669
12.7055
12.2325
12.1806
12.1477
12.1185
12.2667
12.3629
12.3596
12.4574
12.5133
12.4684
12.4954
12.4942
12.485
12.5362
12.5146
9.49719
9.67325
9.32024
9.68842
9.618
9.65194
9.5037
9.83137
9.64974
9.61937
9.55282
9.53094
9.61396
9.66565
9.41233
9.60001
9.76452
10.0322
9.62411
9.95401
10.1173
10.3011
10.0047
10.2437
10.3316
10.3308
10.2603
10.2784
10.2992
10.1034
10.2638
10.0625
9.43788
9.4413
9.59869
9.46943
9.57375
9.70722
9.67649
9.69111
9.31716
9.47886
9.46565
9.51418
9.2845
9.47787
9.45554
8.94412
9.09557
8.96269
9.25322
8.92337
9.10669
8.97843
9.71233
8.09661
9.14355
9.37953
9.77116
8.71436
9.19773
10.0611
9.30618
9.6979
9.83074
10.1145
9.299
9.67921
10.1349
9.77398
9.89088
10.1381
10.1741
9.72459
9.8823
9.90987
9.88727
9.7563
10.1594
9.91429
9.88407
9.75664
9.34439
9.66348
9.18573
9.85592
9.12662
9.71312
9.21841
6.99294
7.53689
7.03643
7.56317
0.276711
-0.395598
0.01016
8.99823
8.19286
9.11721
9.88033
10.0027
10.1479
9.71543
9.88311
10.0187
10.2131
9.78125
10.1795
10.2032
9.88761
9.77946
10.2401
10.2987
9.26315
10.1776
9.9938
9.73821
9.24898
10.2903
10.1135
7.98278
9.90888
9.43708
9.13729
7.8805
10.067
9.58602
5.29413
9.24693
8.43544
7.64696
4.46849
9.48645
8.62619
2.09361
8.14215
7.42255
1.84687
0.368
8.47874
7.59254
7.26472
0.488332
7.48751
10.1682
10.1244
10.1856
10.0155
10.184
10.1277
10.2175
10.3494
10.6891
10.8841
10.3017
10.4086
10.8295
11.0537
10.2597
10.9299
11.0427
10.4074
10.2838
11.086
11.2227
9.90466
11.0636
11.0797
10.2474
9.87165
11.2408
11.2856
9.26053
11.0696
10.9759
9.79358
9.13826
11.2832
11.1837
8.52478
10.9357
10.7425
9.02839
8.31965
11.1456
10.7881
10.6574
8.22745
10.7159
10.9479
10.7129
10.9308
11.35
11.8232
11.994
11.3711
11.4613
11.6456
11.8091
11.3501
12.0393
12.1422
11.467
11.4118
11.8244
11.8481
11.22
12.1632
12.1711
11.3818
11.0622
11.8499
11.7989
12.1522
10.9936
11.7841
11.9844
11.999
12.0208
11.7985
12.0604
11.9433
11.9571
12.3293
12.5371
12.6364
11.877
11.9651
12.2282
12.3786
12.4046
12.6677
12.7083
11.9754
11.9756
12.3932
12.4282
12.6935
12.4832
12.6125
12.677
12.7579
12.7254
12.6361
12.7334
12.691
12.6679
7.30161
7.46937
7.39002
8.64915
9.23376
8.85961
9.14844
7.95967
9.12142
8.76082
8.29896
7.33702
8.88952
8.71379
7.82936
8.47969
7.9644
7.75757
7.92718
8.94366
9.2533
9.09614
8.96272
9.10729
8.97834
8.92357
8.24377
8.72563
8.7342
8.24172
7.86484
7.70297
8.04208
8.09615
7.8852
6.01728
7.32952
6.59923
7.36665
6.61538
7.27802
5.88181
6.35915
6.44341
3.90392
8.00303
6.19774
6.98687
7.53497
7.5579
7.0345
5.98708
7.39393
7.25866
5.88353
7.26753
5.82282
6.05849
6.30737
3.98391
6.37734
6.16155
6.20765
9.26884
9.06436
9.32019
9.26029
9.68532
8.96806
9.25788
9.49766
9.55322
8.19287
8.99769
9.11687
9.23974
9.18907
8.79607
9.14942
8.87164
9.21182
9.10534
9.4814
9.54327
9.67939
9.51577
9.76154
9.67324
9.6575
9.58176
9.76456
9.58487
9.62056
9.42418
9.6526
9.52248
9.76931
9.75483
9.79252
9.97307
9.92618
9.73456
9.80443
9.90398
9.5804
9.47762
9.75332
9.52895
9.75717
9.56558
9.72521
9.88886
9.78531
9.84646
9.79349
9.87385
9.71425
10.078
10.1623
9.93392
10.1185
9.9111
9.91441
10.3583
10.2394
10.5374
10.2727
10.3857
10.2201
10.4621
10.4522
10.4319
10.4355
10.5699
10.6642
10.5026
10.4829
10.169
10.0158
10.1247
10.1858
10.127
10.2173
10.1843
10.3902
10.389
10.3797
10.5747
10.4262
10.4182
10.3874
11.1247
11.0224
11.2305
11.0709
11.1138
10.9356
11.1533
11.3231
11.3413
10.7123
10.9481
10.9302
11.0349
10.9882
10.8723
11.0737
10.8552
11.0295
11.0423
11.3219
11.2842
11.4021
11.2742
11.5276
11.2792
11.4401
11.2364
11.4584
11.3664
11.357
11.5736
11.4614
11.2992
11.5168
11.491
11.6006
11.5308
11.6436
11.5024
11.5439
11.6051
11.3214
11.2844
11.55
11.2391
11.4953
11.3609
11.4687
11.658
11.565
11.6574
11.519
11.6121
11.4999
11.6309
11.8134
11.6184
11.8652
11.6828
11.6159
12.0186
11.7908
11.9625
11.9553
11.885
11.9153
12.1026
12.1115
11.9192
12.0816
12.0592
12.2779
11.95
12.1534
11.9852
11.7989
11.9992
12.0214
11.9434
11.9574
12.0612
12.2115
12.2902
12.1643
12.386
12.3299
12.2505
12.2366
12.3062
12.4912
12.4585
12.7587
12.7247
12.6812
12.4916
12.3816
12.4957
12.508
12.4079
12.4555
12.5024
12.4966
12.5071
12.4836
12.6924
12.6127
12.6399
12.6385
12.6454
12.7071
12.5734
12.6454
12.7111
12.7141
12.6574
12.4715
12.4759
12.4387
12.5023
12.5083
12.6772
12.6347
12.7559
12.728
12.6901
12.6693
12.73
12.7305
12.7078
12.6837
12.7124
12.662
7.39423
7.14027
7.30692
7.47188
7.24814
7.44907
8.14328
8.67804
8.21273
6.56248
7.5777
8.17063
8.26213
8.83625
8.77671
8.02768
9.10913
8.74564
9.12208
9.17819
9.17791
9.18667
9.173
8.57494
8.81228
8.97997
9.16546
9.1985
9.32803
9.16061
8.85333
9.98193
9.97976
10.0374
9.89406
10.0986
9.86767
9.76987
9.81357
9.51794
9.38134
9.87348
9.75783
9.75911
9.58564
9.93444
9.18269
9.64648
9.96009
9.20563
8.96911
8.96865
9.57442
10.2384
9.41375
10.034
9.31748
9.67687
9.09865
9.47055
9.4807
9.47785
9.70788
9.4589
9.47462
9.24669
9.48444
9.58706
9.68722
9.56156
9.45694
9.64519
9.56868
9.67447
9.41602
9.55141
9.7026
9.52709
9.58932
9.68372
9.52723
9.66841
9.68605
9.69392
9.55661
9.45515
9.76928
9.67863
9.51248
9.26377
9.37148
9.04556
9.28985
9.26019
9.37138
9.05624
9.46098
9.42733
9.27279
8.89043
9.23076
8.89901
9.35372
9.50239
9.53094
9.28709
9.45707
9.43795
9.76173
9.26347
9.26785
9.35443
9.31782
9.35647
9.04792
9.00668
9.4518
10.2471
9.27239
9.5589
8.8685
9.00674
8.24373
8.72574
8.24201
8.73436
7.8645
8.04131
7.70276
7.88534
8.096
8.84739
9.22806
9.37169
8.56997
9.10119
8.96904
8.99071
8.65025
9.14799
9.23051
8.86031
9.12405
8.7612
7.96038
8.29963
7.33942
8.71425
8.89072
7.83087
7.96552
8.48038
7.92831
7.75837
8.47017
9.15475
8.32925
8.61628
8.43233
9.18195
8.39602
8.83387
9.15297
8.69968
9.17895
8.90882
9.05543
8.92305
8.45002
8.68953
7.91686
8.56928
9.29066
8.39847
9.0952
8.58035
8.97334
9.00126
8.73233
8.89563
8.64319
8.54119
8.24001
7.72534
7.6897
8.57428
7.74695
8.32872
8.31135
5.99424
7.2605
5.88676
7.39905
6.06076
7.27316
5.83027
6.3147
6.38071
3.99434
6.21023
6.16877
7.09178
8.73058
7.67325
9.46539
6.02924
7.37448
7.33629
6.61118
7.28394
5.89522
6.62586
6.37176
3.92969
6.45691
6.21083
8.00924
-0.089401
0.315155
0.111616
0.0101365
-0.169121
-1.48862
3.39397
-0.229948
-2.2254
-0.0884065
0.0456638
0.367927
0.136597
-0.167243
-0.0820912
0.812223
-0.54652
-0.924111
-0.510989
-0.860699
-0.697721
3.29126
-0.524982
-3.08346
-0.88649
-0.481357
-0.256575
-0.912543
-0.474287
-0.593222
0.395307
-1.01639
-0.542055
-0.805458
-0.957692
-0.387871
-0.797085
0.114983
-1.00932
-0.921792
0.00179751
9.23994
8.79598
9.1492
9.18964
9.10553
8.87191
9.21199
9.48117
9.54359
8.43742
9.04834
9.12576
9.26963
9.26087
9.06524
9.32116
8.96875
9.25882
9.68769
9.49884
9.55391
9.58085
9.47745
9.75302
9.56532
9.52921
9.75742
9.72559
9.78509
9.84626
9.88927
9.71414
9.79398
9.87414
9.61709
9.34556
9.48214
9.41939
9.47145
9.45842
9.63099
9.68081
9.67354
9.51693
9.7632
9.58225
9.76597
9.65893
9.58549
9.62203
9.42463
9.52331
9.77054
9.65397
9.75562
9.92778
9.79411
9.97483
9.80443
9.90501
9.73599
9.91085
10.1182
9.9146
10.1614
10.0798
9.93507
10.3911
10.389
10.3802
10.4259
10.575
10.3872
10.4187
10.2498
10.0394
10.0827
10.4397
10.1727
10.2701
10.2939
10.361
10.2715
10.2389
10.5401
10.2253
10.4653
10.3874
10.4537
10.4333
10.4375
10.6656
10.5711
10.4844
10.5037
11.0355
10.872
11.0735
10.9893
11.0422
10.8561
11.0302
11.3218
11.2846
10.8084
10.997
11.0393
11.1259
11.0715
11.0234
11.2316
10.9363
11.1546
11.1145
11.3242
11.3427
11.3226
11.2842
11.5498
11.3608
11.2395
11.4955
11.4685
11.565
11.6573
11.6578
11.4997
11.5204
11.6121
11.352
11.121
11.2617
11.319
11.174
11.2543
11.4099
11.4016
11.2826
11.2757
11.5252
11.2365
11.4561
11.4408
11.3676
11.3584
11.5742
11.3004
11.5175
11.4628
11.4937
11.6432
11.6025
11.5319
11.5437
11.6058
11.5044
11.6825
11.8647
11.6156
11.8147
11.6321
11.6188
12.2114
12.2902
12.1644
12.3295
12.3858
12.2365
12.251
11.9368
11.7437
11.7661
11.5964
11.852
11.9033
11.8274
12.0172
11.9554
11.7927
11.9597
11.9187
12.1029
11.8842
12.1109
11.9184
12.0815
12.2766
12.058
12.1531
11.9496
12.7285
12.7606
12.6839
12.2272
12.1483
12.1792
12.1131
12.2682
12.4878
12.3063
12.4572
12.6392
12.6456
12.7079
12.6383
12.7112
12.573
12.645
12.7156
12.6568
12.3578
12.3622
12.4554
12.4895
12.5055
12.3814
12.4948
12.4535
12.5007
12.4073
12.4959
12.505
12.7098
12.7323
12.6839
12.7128
12.6616
12.5105
12.4919
12.4678
12.4947
12.5335
12.5123
12.484
12.4727
12.4711
12.4353
12.5016
12.5061
-0.982461
-0.917439
-0.603051
-0.575464
-0.58334
3.25476
-0.938868
-0.743856
-3.15541
-0.96704
-0.530818
-1.07259
-0.530577
-0.350216
-0.659024
0.394297
0.304444
0.101833
-0.11176
-0.0158543
3.37671
-1.5084
-0.237379
-0.188212
-2.25678
0.0295749
0.35796
-0.175397
-0.114126
0.123241
-0.102278
0.788659
9.21966
9.36178
9.17841
9.22024
9.37313
9.37907
9.38659
9.38392
9.41836
9.36968
9.36139
9.46087
9.36379
9.45107
9.19415
8.97734
9.49721
9.18768
9.42238
9.34748
9.3492
9.41753
9.17436
9.36407
9.31795
9.46339
9.40935
9.30216
9.71046
9.45979
9.64757
9.45819
9.56967
9.68665
9.66806
9.69395
9.53071
9.28589
9.76175
9.3539
9.50093
9.45838
9.43851
9.22184
9.3404
9.0027
9.36776
9.36303
9.21252
9.23052
8.84404
9.32713
8.98863
9.12595
9.54271
9.08186
9.42353
9.703
9.97355
9.47101
9.79473
9.65735
9.8899
9.58357
9.97776
10.1778
9.88517
10.082
9.95761
10.1145
9.93504
9.9545
10.0798
9.97711
10.0897
9.93063
10.0461
9.98967
9.61911
9.58797
9.74527
9.78307
9.57914
9.67477
9.71912
8.69634
9.17654
8.92206
8.82702
9.15161
8.90448
9.04738
10.0251
8.33914
-1.01878
-0.864351
-0.438216
-0.603412
8.74988
8.78611
8.58252
9.38724
8.8195
9.40395
9.35722
9.38368
9.31733
9.42461
9.36308
9.34439
9.80274
9.74794
9.83183
9.88927
9.80762
9.88277
9.81299
9.99108
9.87267
9.97889
9.89766
9.9878
9.88862
9.99186
9.78561
9.57869
9.90808
9.7181
9.79419
9.6043
9.87761
8.72958
9.11064
9.45832
9.05054
9.14855
8.7448
9.34136
6.44272
7.2739
6.56563
7.59211
8.36881
7.75237
8.16819
1.10566
2.15641
2.8541
4.6388
5.99269
5.03642
5.88899
1.58591
3.81221
4.05567
1.67876
3.97528
10.1269
10.0998
10.0524
10.0395
10.1407
10.0667
10.0798
10.549
10.3328
10.51
10.5509
10.3714
10.6309
10.3676
10.6586
10.3782
10.7197
10.4234
10.7342
10.4112
10.6475
10.5759
10.1149
10.7089
10.2719
10.6607
10.1867
10.6198
10.273
9.53765
10.5128
9.81431
10.3896
9.65785
10.3729
9.74514
8.72474
10.1166
9.08266
9.92149
8.89434
9.89796
9.11565
9.53243
8.31849
8.14618
9.26921
10.9151
10.9139
10.8406
10.9617
10.9116
11.1564
11.195
11.2244
11.0855
11.2448
11.0949
11.1364
11.5663
11.3208
11.5132
11.5562
11.4175
11.6343
11.3553
11.6488
11.4653
11.7307
11.4003
11.7469
11.4012
11.637
11.5555
11.2764
11.6611
11.3064
11.5605
11.2554
11.5933
11.2715
11.3059
10.989
10.8933
11.3517
11.6783
11.7143
11.6574
11.6279
11.7037
11.6599
11.6471
11.9969
12.02
12.1469
12.1879
11.9215
12.0571
12.0546
12.306
11.9858
12.1557
12.1551
12.187
12.1804
12.2836
12.0172
11.9448
12.0071
12.0261
11.9746
11.9845
12.0454
12.3031
12.302
12.246
12.2526
12.2762
12.435
12.4448
12.4646
12.4169
12.4793
12.4254
12.4201
9.55666
9.5918
9.50635
9.56736
9.57857
9.59636
9.68042
9.61283
9.6647
9.60481
9.65211
9.60492
8.86956
8.92892
9.05194
9.19115
8.8207
8.9719
9.08907
8.2209
8.16711
0.0005389
-0.135835
-0.0418074
-0.133114
0.0407227
-0.161372
-0.0763786
8.33029
8.53786
8.03601
8.52887
8.33581
9.58437
9.44423
9.38402
9.3204
9.56687
9.47234
9.41191
2.44939
2.3083
2.95789
4.75611
5.28642
4.61729
5.80542
10.7849
10.8308
10.726
10.8236
10.7909
11.2952
11.112
11.2103
11.039
11.3229
11.0927
11.183
12.4666
12.3942
12.5209
12.3538
12.51
12.3519
12.4681
12.6051
12.627
12.5635
12.6328
12.6009
9.17257
9.24454
9.24223
9.40161
9.35876
9.23988
9.05613
8.28642
8.41574
8.78388
8.39223
8.05532
7.90543
8.1198
8.80061
9.20011
9.11388
8.7559
9.12457
8.76361
8.80272
7.78078
7.55019
7.88397
7.28786
7.84809
7.28793
7.8045
7.18738
7.2869
7.49446
7.66342
7.49348
7.35993
7.0213
1.19592
8.51972
4.90664
3.94828
4.71131
4.66875
3.93965
8.2195
8.16533
2.31299
3.36609
4.90685
3.56249
2.44465
2.13158
4.86324
9.21796
9.22516
9.29927
9.23248
9.21758
9.1863
9.27352
8.33001
8.03547
8.53755
8.52914
8.33526
9.65275
9.62971
9.68806
9.66485
9.65484
9.62904
9.68242
9.68988
9.87699
9.84935
9.95138
9.90627
9.93706
9.87917
9.89013
9.90025
9.58378
9.31999
9.44415
9.38406
9.47167
9.4115
9.56667
9.63469
9.64772
10.0077
10.0642
10.1813
10.0242
9.71045
10.076
9.96534
9.94468
10.0855
9.98305
9.99351
9.97103
9.9851
9.95325
10.2718
10.2518
10.3645
10.2031
10.3295
10.1955
10.289
10.6651
10.7314
10.7836
10.7302
10.6753
10.6763
10.6723
10.2892
10.2251
10.1782
10.3952
10.1772
10.3911
10.2944
10.5596
10.5838
10.6303
10.5933
10.6208
10.5897
10.5704
11.0942
11.1101
11.1756
11.05
11.1271
11.0426
11.1159
10.7847
10.7259
10.8308
10.8233
10.7909
11.258
11.3269
11.4058
11.2092
11.3811
11.2052
11.2626
11.3888
11.4985
11.4998
11.6411
11.5926
11.5437
11.6098
11.5338
11.5136
11.2944
11.0385
11.1123
11.2107
11.0915
11.1826
11.3233
11.4316
11.4332
11.582
11.625
11.652
11.5971
11.6857
11.6242
11.5605
11.7915
11.9488
11.7714
11.8463
11.7729
11.8453
11.7922
11.8481
11.8346
11.8519
11.8678
11.8306
11.8379
11.8662
12.1078
12.1597
12.0398
12.1701
12.1231
12.1406
12.1491
12.1185
12.0635
12.0651
12.2863
11.9985
12.2139
12.1913
12.438
12.4694
12.4893
12.4579
12.5009
12.4633
12.4297
12.3317
12.3887
12.2037
12.4128
12.3823
12.3527
12.3826
12.4656
12.3489
12.3926
12.5189
12.3541
12.4658
12.5079
12.7121
12.7928
12.6345
12.7594
12.6504
12.7697
12.6986
12.3931
12.4091
12.4559
12.4006
12.4397
12.3926
12.4102
12.6055
12.564
12.6266
12.633
12.6007
12.4401
12.4617
12.4217
12.4047
12.4173
12.7811
12.7724
12.7191
12.7301
12.7721
8.61484
8.60776
9.19163
8.7717
8.84734
8.76
8.85482
8.75446
9.04913
9.17743
9.12718
9.17135
9.05773
9.12228
9.16539
8.82272
8.57996
8.73201
8.95501
9.08397
9.17785
9.24644
8.97685
9.11421
8.89118
9.15719
9.90774
9.76294
9.77716
9.59908
9.86519
9.71423
9.82871
10.0544
10.0835
9.9591
9.99773
10.1235
10.0155
9.90665
9.74586
9.63096
9.17374
9.99896
9.74109
9.36791
9.66322
9.57949
9.55614
9.19212
9.6939
8.46013
9.59704
9.48002
9.49772
9.5026
9.48285
9.43268
9.26297
9.37593
9.58717
9.64618
9.61999
9.67495
9.59815
9.62506
9.61348
9.57531
9.45246
9.67837
9.54509
9.88128
9.54566
9.6333
9.41751
9.79204
9.55731
9.61109
9.09611
9.5814
9.56263
9.68415
9.39093
9.58977
9.71987
9.5495
9.51521
9.56726
9.46767
9.64764
9.5553
9.52205
9.42043
9.48274
9.52677
9.50931
9.39692
9.53329
9.6075
9.47023
9.2843
9.39764
9.34051
9.24286
9.39844
9.28092
9.07498
8.80081
9.11355
8.75553
9.19975
8.80242
9.1239
8.76403
7.77978
7.88402
7.28766
7.54917
7.84709
7.80477
7.2874
9.22335
9.36794
9.34211
9.00264
9.36497
9.23153
9.21183
9.17196
9.40296
9.24479
9.24343
9.35881
9.24066
9.05662
8.28649
8.39235
8.41658
8.78577
8.05546
8.11983
7.90597
8.33513
8.84555
8.24091
8.56752
8.3986
8.19865
8.78949
9.29775
9.37361
8.92143
9.39945
9.37094
9.59474
9.29266
8.67341
8.86374
9.37908
9.14103
8.86549
8.90707
8.60553
8.95863
9.1538
9.02972
8.99768
9.09754
9.02361
8.90094
8.0753
7.95606
7.66183
8.18399
8.20104
7.94383
7.84941
2.31873
4.91144
3.56553
3.37352
2.4515
2.13611
4.86976
10.0258
8.34475
7.19684
7.67139
7.29364
7.5018
7.36873
7.02979
7.50219
1.22995
3.97639
8.52744
4.92858
4.73409
4.69099
3.96865
-0.000788308
-0.0307335
4.9155
-5.5031
2.5737
-1.79565
1.39716
-4.10207
3.99814
-1.04841
-1.03281
1.48381
3.15215
-4.93463
0.227859
2.11411
-10.3471
0.0536129
-1.31781
-0.407024
-0.777054
-0.518627
-0.437663
-1.44146
-1.43179
-1.04716
-1.15974
-1.21251
-1.07457
-1.11016
-1.16979
-1.02203
-0.942317
-0.34841
-0.880692
-0.484697
-0.507278
-1.14016
-0.636883
8.75031
8.583
8.78683
8.81989
9.38943
9.21885
9.23324
9.22605
9.30031
9.18705
9.27447
9.21859
9.63485
9.64747
9.40506
9.31816
9.35813
9.38477
9.36391
9.42573
9.34547
9.65427
9.66599
9.63112
9.68964
9.63017
9.68404
9.65632
9.69125
9.87882
9.85035
9.9384
9.95309
9.90784
9.8911
9.90142
9.8808
9.94462
9.98273
9.99322
10.0854
9.98526
9.95288
9.97117
10.0089
10.0255
10.0657
10.1829
9.96648
10.0774
9.71119
10.2894
10.1778
10.3958
10.2269
10.2946
10.1766
10.3925
10.5598
10.6302
10.5933
10.5837
10.621
10.5704
10.5896
10.1285
10.0404
10.1004
10.0537
10.0682
10.1421
10.0808
10.2713
10.2073
10.2488
10.3653
10.1935
10.2907
10.3293
10.6663
10.7316
10.7324
10.7843
10.6777
10.6736
10.6765
10.9164
10.8417
10.915
10.913
10.9626
11.095
11.0513
11.1111
11.1767
11.0436
11.1168
11.128
11.4315
11.433
11.1568
11.0866
11.1963
11.2253
11.0961
11.2456
11.1371
11.2585
11.2109
11.3288
11.4041
11.2085
11.2566
11.3812
11.3899
11.4997
11.5033
11.545
11.6411
11.5936
11.5346
11.5149
11.6112
11.7907
11.7711
11.8464
11.9487
11.8447
11.7918
11.7728
11.5832
11.5986
11.6262
11.6528
11.5624
11.6254
11.6871
12.1188
12.0652
12.2856
12.0637
12.1905
12.0001
12.2138
12.4377
12.4889
12.4577
12.469
12.5001
12.4294
12.463
11.6793
11.6295
11.7153
11.6585
11.6611
11.7042
11.6476
11.845
11.8688
11.8366
11.8477
11.8408
11.8629
11.8287
12.1066
12.1682
12.1586
12.0383
12.1392
12.1475
12.1222
12.7144
12.6376
12.7627
12.7958
12.6529
12.7727
12.7018
12.0109
12.0255
11.9432
12.0052
11.9808
12.0405
11.9723
12.3309
12.412
12.3885
12.2038
12.3525
12.3818
12.3817
12.3018
12.2448
12.3011
12.2749
12.2514
12.3921
12.4006
12.4091
12.455
12.3926
12.4094
12.4391
12.7854
12.7222
12.7766
12.7332
12.7761
12.434
12.417
12.4443
12.464
12.4247
12.4784
12.4192
12.4394
12.4211
12.4612
12.4168
12.4044
-1.10879
-1.09558
1.43863
-5.01609
0.175916
3.11339
2.07104
0.00388473
-10.4335
-1.36013
-0.827224
-0.57908
-0.534386
-1.37998
-0.494903
-1.47325
-0.0127615
-0.043466
4.91363
-1.8048
-5.51342
2.56969
1.37966
-4.11013
3.9965
9.2563
9.17244
9.23648
9.18226
9.27237
9.22979
9.16047
9.23799
9.14956
9.03706
9.39453
9.3033
9.1514
9.22211
9.39223
9.44416
9.27946
9.51942
9.458
9.33
9.37601
6.5582
8.17334
7.57389
8.21158
8.83796
8.02789
8.26169
8.77868
7.24706
7.4431
8.14451
8.6832
8.57514
8.98169
9.17473
8.81447
9.33248
8.855
9.1645
9.19894
9.15623
9.1106
9.17746
9.12053
9.17644
9.18578
8.98028
9.5
9.35363
9.34005
9.19536
9.19068
9.42387
9.17649
9.46674
9.30621
9.32688
9.41849
9.40687
9.36527
9.21935
9.36209
9.38584
9.37728
9.1776
9.21933
9.37328
9.38391
9.46063
9.36408
9.36108
9.41835
9.45061
9.36902
9.60983
9.43935
9.56726
9.46505
9.68177
9.46183
9.56254
9.46264
9.59195
9.69238
9.61742
9.60842
9.69636
9.56382
9.6115
9.52334
9.59109
9.47529
9.51554
9.60301
9.60449
9.59634
9.76372
9.69427
9.57696
9.80855
9.73308
9.5853
9.48796
9.82191
9.86207
9.611
9.79651
9.82138
9.58601
9.58935
9.84393
9.84764
9.58058
9.88799
9.8213
9.623
9.51838
9.57691
9.83566
9.93757
9.89073
9.84544
9.58925
9.51623
9.56814
9.56517
9.87672
9.94899
10.0085
9.86211
9.47416
9.62738
9.57359
9.92158
10.1217
10.0302
9.97379
9.72103
10.1338
10.159
9.75614
10.2683
10.0593
9.80645
10.218
10.4159
9.80913
9.9986
10.3081
10.2964
9.90913
10.4268
10.4488
10.1276
10.0882
10.5325
10.367
10.1639
10.4748
10.596
10.161
10.2776
10.5508
10.5096
10.2259
10.5303
10.6022
10.2901
10.3112
10.6021
10.5256
10.3277
10.5125
10.5409
10.2906
10.3115
10.5942
10.4846
10.3285
10.3781
10.5157
10.1878
10.2785
10.399
10.4406
10.2302
10.1506
10.3011
10.1563
10.0874
10.3464
10.21
10.164
10.0292
9.89085
9.76303
9.98848
9.97505
10.0901
9.8629
9.86929
9.57924
9.80869
9.51996
9.75653
9.74762
10.2346
9.41141
9.56951
10.0334
9.3134
9.67439
9.09466
9.93326
9.18139
9.64481
9.95901
9.2021
8.96792
8.96522
9.24851
9.47591
9.48584
9.438
9.44034
9.47067
9.48068
9.47728
9.41728
9.67604
9.55223
9.59893
9.46935
9.57375
9.58718
9.68638
9.56134
9.45476
9.7696
9.55962
9.68011
9.51345
9.70707
9.67527
9.69055
9.70292
9.52719
9.58979
9.68491
9.52763
9.35404
9.31669
9.27011
9.00511
9.04793
9.26339
9.35416
10.2473
9.45256
9.55774
9.00504
8.86822
9.27239
9.47883
9.46557
9.28474
9.31728
9.5155
9.47644
9.45595
9.2906
9.37174
9.04561
9.05619
9.25953
9.26344
9.37219
9.42755
9.46019
8.89031
8.89874
9.23041
9.27223
9.12193
9.23971
9.36704
9.34434
9.32907
8.95839
9.17715
9.05839
8.82496
9.44956
8.92918
9.08303
9.22569
9.01443
8.95383
8.80755
9.14041
8.33822
8.76785
8.97712
8.67789
9.30771
9.6037
9.39465
9.68063
9.17697
9.56403
9.44778
8.637
8.84393
8.41359
8.71737
8.73141
8.82196
8.93594
8.96655
9.18506
8.9969
9.05365
9.29422
9.03197
9.24438
8.21889
8.60807
8.58138
8.64949
8.6491
8.86759
8.82546
9.79477
10.0142
9.84879
10.0374
9.7159
9.96734
9.87957
9.47959
9.34195
9.48367
9.53563
9.36485
9.56682
9.38907
9.53829
9.69499
9.5929
9.63557
9.77079
9.62878
9.73599
10.0004
10.1803
9.98359
10.1179
9.97082
10.1243
10.0055
9.76949
9.8559
9.81101
9.81422
9.89326
9.79992
9.83208
9.88842
9.93322
9.84006
9.89122
9.91022
9.90291
9.86766
9.89777
10.0431
9.79491
9.89849
9.90203
9.97765
9.81938
9.86683
9.92792
9.86056
9.89174
9.88489
9.89525
9.87401
9.81411
9.74537
9.84028
9.76634
9.85667
9.73765
9.83167
9.55162
9.30931
9.44918
9.32543
9.51011
9.49755
9.25262
9.4998
9.69225
9.54771
9.67516
9.50527
9.63395
9.54887
9.12736
9.33706
9.47584
9.1938
9.4226
9.12758
9.39973
7.91293
8.56529
8.68396
9.0941
8.39193
8.44841
9.28539
9.00144
8.73216
8.53946
8.57135
8.96713
8.89896
8.642
7.68422
8.57282
7.71866
8.30849
7.74017
8.23801
8.32401
8.6121
9.15331
8.32736
8.39172
8.43053
8.46577
9.17843
7.81135
7.33269
7.10774
7.15153
7.6702
8.12305
7.65438
8.12925
7.95573
8.05841
8.80329
7.78261
8.34533
8.28697
8.05102
7.29852
8.39812
3.24515
7.57691
8.12963
7.62124
7.61991
7.8312
7.88686
7.66147
8.13769
-1.06606
0.084154
-0.959614
-0.866656
-0.0647112
0.26415
-0.427093
-0.0177922
9.02631
9.0648
8.90573
8.98521
9.18748
8.97102
8.33261
8.81794
9.04887
8.64841
8.46276
8.76291
8.85249
8.67815
9.38655
9.09978
8.7653
8.85894
9.1773
8.69985
8.77239
8.90364
8.73084
9.46316
9.42151
9.51656
9.47279
9.44659
9.433
9.50709
9.44635
9.40545
9.50007
9.43309
9.50006
9.38673
9.48026
9.48498
9.57371
9.60557
9.56574
9.386
9.53319
9.53
9.93639
9.83526
9.96525
9.88761
9.91018
9.86233
9.96554
9.83024
10.0954
10.0406
9.87262
10.0881
9.9451
9.92929
10.1337
10.1822
10.1392
9.99291
10.0133
9.95141
10.0433
9.97699
9.85598
9.93661
9.80153
9.98226
9.85702
9.93737
10.219
10.0856
10.0306
10.2833
10.052
10.0718
10.2428
10.0853
10.0194
10.2927
10.2575
10.0517
10.0584
10.2572
9.67461
9.50769
9.54496
9.27035
9.74059
9.46006
9.52054
9.95418
9.99626
10.2415
10.2403
9.89879
10.0204
10.2064
9.86334
9.67875
10.2159
10.0727
9.8525
9.74484
10.1522
8.55299
7.92316
8.85842
8.56003
9.01786
8.38169
8.4815
9.40679
9.60096
9.89912
9.97315
9.32092
9.59742
9.85133
9.18235
8.78538
9.82825
9.53132
9.20278
8.91937
9.70212
5.85881
4.70023
5.28473
7.20813
6.48246
7.43825
6.42514
8.22991
8.60966
9.15519
9.34624
8.02097
8.57364
9.10279
7.77509
6.99196
9.02496
8.57116
7.75986
7.41331
8.87057
4.66426
5.55556
5.20844
7.14019
6.10825
6.36061
7.01364
0.620055
1.75949
1.80673
4.51108
4.15048
4.69701
4.03886
6.52719
6.6632
8.08375
8.29407
5.93784
6.81833
7.93841
6.11989
5.28776
7.95308
7.43598
5.70469
5.88922
7.69156
2.29792
2.44429
2.93235
4.74463
5.28099
5.79673
4.61074
5.51559
5.20773
7.2216
5.63741
7.06293
10.1599
10.1691
10.2444
10.1151
10.1911
10.1037
10.1886
10.1949
10.1953
10.0153
10.1856
10.281
10.1729
10.2417
10.2493
10.3139
10.3195
10.3925
10.3045
10.2743
10.3107
10.2419
10.2129
10.2119
10.2032
10.1944
10.1983
10.2556
10.5942
10.385
10.7057
10.4196
10.6675
10.4054
10.6233
10.6373
10.9087
10.7786
10.6166
10.8079
10.6629
10.7152
10.9638
10.9577
10.914
10.7148
10.8107
10.7361
10.7693
10.6908
10.5342
10.7276
10.5355
10.716
10.5825
10.5887
10.6661
10.3601
10.72
10.3366
10.7374
10.3787
10.6397
11.1483
11.0091
11.0532
10.835
10.8314
10.8665
10.8101
11.1766
11.1169
11.0954
10.8646
10.8787
10.8768
10.8695
10.5223
10.06
10.5505
9.96155
10.6367
10.0835
10.4523
11.1489
10.8562
10.8783
11.2725
10.856
10.8807
11.1595
10.8454
10.7907
11.279
11.155
10.843
10.8079
11.1652
10.1641
9.43882
10.1795
9.29506
10.3388
9.47371
10.0349
10.6987
10.7668
11.2587
11.1352
10.685
10.7596
11.1059
10.6265
10.5369
11.2438
11.0152
10.65
10.5474
11.0654
9.59543
8.61765
9.61636
8.5083
9.84553
8.69317
9.43803
10.3481
10.4896
11.0205
10.9439
10.3316
10.4496
10.8676
10.2301
10.0714
10.9657
10.6708
10.2685
10.1061
10.775
9.82386
9.99441
10.5502
9.96035
10.4267
11.0217
11.0038
10.968
10.9548
11.0424
10.9672
10.964
10.9143
11.0322
10.8188
10.7941
10.9052
10.8927
10.8973
11.1016
11.06
10.8545
10.9676
11.0055
10.8769
10.8606
10.9198
10.8807
11.1804
11.2213
11.3026
11.1321
11.2751
11.1312
11.1866
11.2368
11.2731
11.3254
11.2614
11.312
11.2131
11.2755
11.251
11.3092
11.3926
11.3743
11.327
11.2755
11.2983
11.5878
11.4306
11.7151
11.3951
11.6596
11.3834
11.6184
11.6271
11.7287
11.7317
11.5998
11.7826
11.6552
11.7107
11.7524
11.8801
11.8324
11.7095
11.806
11.7374
11.7472
11.6409
11.4576
11.6883
11.3559
11.7371
11.3834
11.6287
11.9185
11.807
11.8234
11.8496
11.8345
11.7884
11.9403
11.8239
11.7931
11.8535
11.9766
11.8299
11.8164
11.9638
11.496
11.2287
11.3611
11.1021
11.5165
11.1768
11.4289
11.7924
11.7733
11.8376
11.9784
11.6926
11.8116
11.9906
11.9496
11.7596
11.5402
11.8328
11.6581
11.7221
11.979
11.918
11.8593
11.6218
11.5056
11.6726
11.7112
11.7376
11.7508
11.7267
11.721
11.7004
11.7424
11.7313
11.7245
11.8256
11.7459
11.7512
11.7037
11.7661
11.7711
11.8412
11.824
11.8151
11.796
11.8078
11.813
11.888
11.9103
11.8458
11.8798
11.8229
11.8672
11.9293
12.2325
11.935
12.1356
12.1396
12.0843
12.0992
12.2643
12.0838
12.3047
12.3442
12.2584
12.3762
12.2959
12.1605
12.3316
12.4383
12.4215
12.3367
12.2401
12.1855
12.3744
12.4641
12.4411
12.5639
12.3679
12.4835
12.408
12.489
12.1927
12.1673
12.2934
12.303
11.9889
12.1959
12.1841
12.429
12.4637
12.4732
12.4176
12.2579
12.2887
12.3967
12.2869
12.4375
12.4362
12.4111
12.4796
12.4357
12.2998
12.6743
12.6587
12.7113
12.6031
12.6528
12.619
12.6765
12.015
11.936
11.9677
11.9767
12.151
12.1404
12.1847
12.2029
12.164
12.1726
12.1876
12.1327
12.1547
12.1069
12.1778
12.4571
12.4997
12.3227
12.3333
12.3817
12.324
12.3949
12.3029
12.3466
12.4233
12.3873
12.4116
12.435
12.4006
12.4187
12.3737
12.4357
12.435
12.4867
12.3932
12.4258
12.4632
12.4108
12.5631
12.5638
12.5056
12.5177
12.5707
12.5625
12.4941
12.4358
12.4596
12.4974
12.4334
12.4824
12.4278
12.4564
12.4479
12.488
12.5018
12.4501
12.4943
12.4425
12.4555
12.4535
12.4544
12.5011
12.5019
12.4961
12.453
12.4579
9.61194
9.47541
9.60252
9.52329
9.51545
9.59103
9.60445
9.60665
9.65803
9.59242
9.65561
9.74777
9.66264
9.73482
9.46402
9.60766
9.56106
9.43708
9.4602
9.56656
9.67915
9.61264
9.46115
9.56509
9.59322
9.6892
9.69225
9.60629
9.64031
9.60858
9.62732
9.80067
9.78135
9.81446
9.76807
9.58309
9.59526
9.58196
9.75745
9.69305
9.74044
9.80474
9.60342
9.48778
9.58855
9.82437
9.86494
9.81619
9.79415
9.58689
9.58953
9.61473
9.83393
9.85253
9.82688
9.88941
9.57178
9.51698
9.5979
9.84374
9.94026
9.83927
9.89166
9.5717
9.51791
9.5635
9.87538
9.95051
9.86497
10.0096
9.62673
9.47044
9.57634
9.92531
10.1223
9.97508
10.031
9.72164
10.1342
10.1596
9.75666
10.0611
9.80594
10.2686
10.2191
10.0002
10.4164
9.80966
10.2956
9.91022
10.3085
10.4265
10.0868
10.4499
10.1282
10.3671
10.1643
10.5337
10.4761
10.2769
10.5961
10.1616
10.5096
10.2254
10.5518
10.5282
10.3098
10.6022
10.2933
10.5287
10.3264
10.6031
10.5172
10.3114
10.5461
10.2945
10.4851
10.3282
10.5957
10.3742
10.2819
10.5205
10.2009
10.4437
10.2297
10.4088
10.0851
10.1599
10.2019
10.3085
10.1709
10.1649
10.3552
9.42265
9.44274
9.57528
9.54337
9.60028
9.58155
9.58366
9.52869
9.59089
9.563
9.50439
9.57305
9.57934
9.54861
9.57957
9.58299
9.58685
9.51118
9.53397
9.59303
9.58008
9.60373
9.57305
9.5815
9.59597
9.64392
9.65359
9.66052
9.63912
9.59539
9.66716
9.66445
9.5931
9.65637
9.60267
9.58883
9.60449
9.59863
9.62092
9.58123
9.6469
9.66255
9.64372
9.64847
9.44037
9.28589
9.44152
9.35183
9.39867
9.35981
9.47166
9.44294
9.50335
9.41112
9.45521
9.46414
9.48413
9.40069
9.44212
9.27802
9.42492
9.3727
9.46661
9.39602
9.36145
9.44534
9.40368
9.45365
9.49624
9.48238
9.40068
9.46634
8.60789
8.58109
8.21902
8.64953
8.6495
8.86794
8.82523
9.32758
8.84456
8.98913
9.12641
9.54335
9.42414
9.0826
9.30775
9.68413
9.6044
9.39543
9.56283
9.44835
9.17761
8.41446
8.63749
8.84472
8.71791
8.73222
8.82255
8.93647
9.18577
8.96733
8.99749
9.05379
9.2949
9.24502
9.03248
9.70322
9.79336
9.97449
9.47181
9.88979
9.58319
9.65842
9.7948
10.037
10.0152
9.85032
9.96698
9.87999
9.71703
9.34261
9.4808
9.48445
9.53606
9.36566
9.38903
9.56787
9.69598
9.53952
9.59373
9.63575
9.77232
9.73626
9.62996
9.97893
10.0822
10.1807
9.88693
10.1126
9.93547
9.96047
10.0011
10.1168
10.1842
9.98813
10.1255
10.0071
9.97416
9.77064
9.85607
9.81275
9.81637
9.80027
9.83326
9.89572
9.88901
9.89216
9.9362
9.84236
9.9029
9.86893
9.91348
9.95581
10.0941
10.0894
9.98147
10.0461
9.99174
9.93643
9.89785
9.89668
10.0546
9.79887
9.98505
9.82108
9.90864
9.86768
9.89274
9.93011
9.86423
9.89685
9.87372
9.8895
9.81614
9.76488
9.75041
9.84411
9.739
9.8314
9.86174
9.7893
9.62034
9.66311
9.59761
9.75211
9.71697
9.58284
9.33159
9.55308
9.3099
9.5116
9.25923
9.44779
9.513
9.50102
9.67295
9.69825
9.54947
9.6364
9.54781
9.50647
9.1971
9.12515
9.13308
9.337
9.47785
9.40402
9.42601
7.6255
6.94531
6.99767
6.96499
7.62563
7.93017
7.8184
7.4881
7.47251
7.94191
7.76416
7.45244
8.27433
8.26764
7.60014
6.96172
6.9613
7.62947
6.94514
7.99559
7.53188
7.51245
7.80902
7.81817
7.48839
8.05668
-0.234346
-0.385061
-0.418264
-0.324087
-0.40867
-0.298468
-0.282897
8.95999
8.86413
8.44412
8.44524
8.54503
8.97997
8.43712
8.44954
8.53635
8.40943
8.1081
8.65603
8.56757
8.5092
8.82918
8.81506
8.51192
8.7039
8.99817
8.57341
8.48646
8.60196
8.58491
9.74836
9.80447
9.83396
9.89116
9.80958
9.81301
9.88471
9.93888
9.88721
9.83736
9.9664
9.86236
9.96839
9.91175
10.0451
9.83197
10.0976
9.87342
10.0896
9.94441
9.93114
10.183
10.1352
10.1509
9.99378
10.0156
10.0412
9.95346
9.9939
9.89632
9.87543
9.97911
9.88733
9.99119
9.9924
9.97577
9.79983
9.8597
9.93817
9.85614
9.9384
9.98516
10.2315
10.0846
10.0327
10.2869
10.0661
10.2551
10.0533
10.0811
10.2677
10.0214
10.2961
10.0648
10.2664
10.0522
9.78674
9.71847
9.57957
9.90994
9.60725
9.87627
9.79557
9.26959
9.67366
9.5074
9.54536
9.46068
9.52076
9.7417
9.9569
10.2453
9.99866
10.2442
10.0213
10.2083
9.90164
9.86371
10.0762
9.67974
10.2167
9.74425
10.1558
9.85424
9.04684
8.73052
8.74779
9.10961
9.4588
9.34159
9.14958
7.92805
8.55486
8.3835
8.86282
8.56308
8.48808
9.01937
9.40958
9.97826
9.60195
9.90033
9.59725
9.85527
9.32217
9.18451
9.53688
8.78782
9.82947
8.92252
9.70838
9.20432
5.5571
4.67688
5.2158
7.1453
6.1127
7.01703
6.36756
7.27883
6.45226
6.57541
7.60344
8.37258
8.17567
7.75782
4.72026
5.87053
5.29263
7.22031
6.48946
6.44565
7.44426
8.23571
9.35284
8.61235
9.1569
8.57849
9.11231
8.02412
7.77986
8.58398
6.99181
9.02659
7.42422
8.88068
7.76281
2.16231
1.11795
2.8983
4.68065
6.00003
5.9097
5.04765
1.88546
0.650366
1.76656
4.54853
4.14295
4.09421
4.71014
6.55229
8.30585
6.66155
8.07581
6.82519
7.9553
5.92528
6.13012
7.45376
5.24912
7.94296
5.92335
7.70599
5.68796
1.56814
1.76619
3.86329
4.04107
4.01547
5.53577
7.23484
5.16273
5.65273
7.07752
10.1929
10.1557
10.173
10.1797
10.2075
10.1415
10.1638
10.1927
10.1632
10.188
10.1647
10.1405
10.1643
10.2174
10.5339
10.7278
10.6912
10.536
10.7168
10.5821
10.5881
10.3266
10.5523
10.5093
10.5605
10.3742
10.364
10.6348
10.5993
10.4117
10.3906
10.7076
10.3941
10.6361
10.6703
10.78
10.6382
10.9098
10.614
10.8114
10.6665
10.7154
10.9611
10.9647
10.9156
10.7122
10.8104
10.7649
10.7334
10.6616
10.4195
10.378
10.7203
10.4083
10.6579
10.7366
10.6713
10.3368
10.3593
10.7214
10.3881
10.6421
10.7392
11.0114
11.149
11.0559
10.8338
10.8297
10.807
10.8671
11.1218
11.1772
11.0954
10.8672
10.88
10.8713
10.8775
10.5837
10.2732
10.1167
10.7103
10.1893
10.6263
10.6619
10.5304
9.9668
10.0617
10.5513
10.0876
10.4593
10.6378
11.1434
10.8673
10.8796
11.2713
10.8812
11.1654
10.8573
10.8449
11.156
10.7912
11.2791
10.8101
11.1598
10.844
10.2794
9.81846
9.53927
10.5136
9.66111
10.3781
10.3901
10.1711
9.29699
9.44026
10.1815
9.47585
10.0412
10.3397
10.6991
11.1406
10.767
11.2608
10.7599
11.1088
10.6862
10.6284
11.0167
10.5387
11.2456
10.547
11.0723
10.6515
9.75313
9.08505
8.71666
10.1174
8.89942
9.90746
9.92235
9.60495
8.51334
8.60592
9.61561
8.69553
9.44528
9.84605
10.349
10.9554
10.4901
11.0225
10.4534
10.872
10.3327
10.235
10.6748
10.0726
10.9684
10.1075
10.7838
10.2696
9.11777
8.31929
9.53106
8.14225
9.27723
9.82162
10.5594
9.99678
9.96443
10.4337
10.9167
10.9492
10.7993
10.8138
10.8727
10.9409
10.8086
10.8059
10.8646
10.8022
10.7303
10.8193
10.8372
10.7872
10.9493
10.9433
10.8054
10.8519
10.9588
10.7931
10.8137
10.8848
10.781
11.3187
11.5666
11.5082
11.5493
11.4169
11.3593
11.6355
11.5848
11.3997
11.432
11.7186
11.3819
11.62
11.6629
11.7273
11.6315
11.7298
11.5995
11.7829
11.6667
11.7129
11.8753
11.7539
11.8297
11.7141
11.8076
11.7577
11.7405
11.6431
11.4008
11.4673
11.7313
11.3941
11.6369
11.7447
11.6452
11.3485
11.4592
11.6895
11.3795
11.6248
11.7358
11.9145
11.8056
11.8238
11.8442
11.7877
11.9397
11.8331
11.8212
11.9789
11.7954
11.8487
11.8188
11.9658
11.8306
11.5514
11.3086
11.2778
11.6637
11.2504
11.6003
11.5631
11.5022
11.0958
11.2305
11.3642
11.1783
11.423
11.52
11.788
11.9908
11.7761
11.8377
11.815
11.9782
11.696
11.9385
11.7574
11.5423
11.8337
11.7132
11.9803
11.6624
11.2698
10.9883
11.309
10.886
11.3579
11.9221
11.8544
11.6149
11.5071
11.6725
12.0835
12.003
12.0441
12.0246
12.0763
12.0067
12.0463
12.0412
11.9689
11.9755
11.9332
11.9702
11.9918
12.0048
12.4412
12.5627
12.4639
12.3681
12.4828
12.4076
12.4888
12.0169
11.9954
12.144
12.1884
11.9198
12.0599
12.0539
12.2301
12.1291
11.9368
12.1323
12.0999
12.2557
12.0839
12.3428
12.0837
12.3034
12.2568
12.3746
12.2947
12.1601
12.436
12.331
12.4183
12.3335
12.2409
12.3739
12.1872
12.6607
12.7131
12.6763
12.6035
12.6546
12.6223
12.6795
12.299
12.1585
11.9832
12.1534
12.1739
12.2894
12.1838
12.1574
12.1913
12.2839
12.3037
11.9858
12.1844
12.1928
12.4598
12.4282
12.4708
12.4162
12.2613
12.3953
12.2902
12.4331
12.287
12.4372
12.4064
12.4768
12.4356
12.3016
12.6037
12.593
12.6145
12.596
12.6379
12.7021
12.6027
12.6116
12.6418
12.5229
12.4803
12.5478
12.5479
12.5264
12.6798
12.6826
12.5331
12.5651
12.6101
12.5252
12.5211
12.5612
12.534
12.6595
12.663
12.6996
12.6843
12.6746
12.6704
12.6868
12.7365
12.7366
12.7446
12.7369
12.7324
12.7493
12.7419
7.31671
6.59001
6.98165
7.34146
7.27202
6.03896
7.37445
6.78141
6.16211
6.90509
7.22595
7.4263
7.15768
9.17682
9.31945
8.96948
9.31753
9.34501
9.10433
9.13078
8.92208
9.17235
8.45064
8.83327
9.00948
8.70534
8.6506
8.93742
8.46194
8.54684
8.7666
8.88666
8.86972
8.77069
7.829
8.34776
8.29655
8.64361
8.46942
8.478
7.88418
8.90633
9.41855
8.88034
8.66433
10.4652
7.99644
8.54581
7.99268
9.4703
8.53047
7.58626
8.63059
8.80939
8.51275
8.74566
8.51285
8.87441
8.70485
8.23322
8.14014
6.4369
8.15252
5.70756
8.53259
7.84499
8.1815
8.17616
8.53452
8.45373
7.09281
8.44708
6.92323
8.23757
8.01832
8.0688
7.86739
7.81157
7.79726
7.85678
8.08887
8.88095
8.30119
8.56413
4.15821
8.61024
8.3334
6.38216
6.34829
6.74473
7.93092
8.28905
8.68874
8.25144
7.95361
8.29147
8.6734
8.8497
8.70718
8.43845
8.42143
8.86599
8.87841
8.46532
8.71876
8.91852
8.44749
7.90899
8.21133
8.28803
8.65269
8.26649
8.6426
7.91932
8.57655
8.12512
6.82592
7.88959
8.50736
8.14174
6.91356
7.80244
7.61739
7.88677
7.46314
7.86176
7.82328
7.36682
6.87067
6.90505
6.87361
6.83725
8.55232
7.85595
8.11111
6.93325
8.07232
6.91697
8.56125
7.38886
7.76883
7.23911
7.72866
7.66513
7.48324
7.96301
6.64595
7.45009
6.42085
6.56923
6.96633
6.74314
6.31609
7.01126
6.74404
6.23047
7.7573
7.26869
7.6066
6.56225
4.838
6.75412
5.32136
5.28287
6.35824
5.89598
4.28561
4.83377
8.66223
5.31031
5.89999
5.98666
5.96292
5.57063
5.39847
5.18001
0.214415
4.56912
3.18835
4.67769
5.51295
-0.391763
3.14917
5.37365
6.6919
1.17785
6.96981
7.27697
6.59185
6.08195
4.91888
3.53879
7.62051
6.99155
6.93966
7.62022
6.9595
8.26932
8.26344
7.92811
7.81692
7.47039
7.48618
7.76229
7.94
7.45031
7.99078
7.52648
7.8041
7.50762
7.81352
8.05143
7.48332
7.59823
6.95959
6.95938
7.62778
6.94287
4.66719
5.05901
5.23782
6.20954
4.4572
5.23439
5.33385
-0.218498
4.68584
4.47023
4.59148
4.12335
0.109995
2.55227
3.177
4.22431
2.85042
2.95413
4.22808
6.18638
5.54723
5.47969
5.66379
5.30349
4.55465
9.27703
9.1997
9.15576
9.22431
9.19549
9.21129
9.2721
9.14613
9.09976
8.98571
9.01834
9.11127
9.08914
9.05158
9.30758
9.39139
9.50247
9.36193
9.3826
9.34437
9.36249
9.21086
9.16533
9.19913
8.79415
9.35225
9.18728
9.26093
9.91017
9.65579
9.47208
9.43021
9.46615
9.43093
9.55316
9.52556
9.42217
9.44626
8.95981
8.86351
8.409
8.10767
8.65578
8.56701
8.50908
8.44411
8.44489
8.97971
8.54432
8.43702
8.44922
8.53614
8.51155
8.70367
8.57332
8.99731
8.48596
8.58474
8.60148
8.82846
8.81434
9.13115
9.1093
9.19286
9.1385
9.25251
8.98075
9.13054
9.12214
9.10144
8.97319
9.12062
8.96559
9.11674
9.13345
9.44994
9.47498
9.37419
9.36441
9.44515
9.42685
9.51204
9.46821
9.36327
9.44318
9.59513
9.58583
9.5688
9.53931
9.61303
9.57645
9.56235
9.6616
9.69688
9.72673
9.73326
9.68189
9.69512
9.70645
9.61509
9.62873
9.58563
9.66726
9.62913
9.58195
9.65939
9.61602
9.12896
9.64376
9.49675
9.75104
9.571
9.53647
9.71446
10.0988
9.85054
9.7788
9.74192
9.72031
9.74109
9.6819
9.68236
9.62189
9.62745
9.64407
9.67034
9.58514
9.59315
9.67538
9.56224
9.73639
9.51157
9.49519
9.71348
9.47469
9.59197
9.75286
9.82345
9.75092
9.83379
9.76858
9.80622
9.76141
9.79106
9.86828
9.81587
9.76821
9.85196
9.82749
9.74484
9.82695
9.81979
9.86969
9.84913
9.87355
9.80279
9.85408
9.75133
9.67803
9.62472
9.74142
9.79434
9.69697
9.71853
9.6244
9.67191
9.4961
9.4683
9.46987
9.67662
9.46318
9.66259
9.50247
9.70375
9.76606
9.74536
9.78337
9.76832
9.76067
9.71661
9.49387
9.73085
9.48741
9.46369
9.45606
9.54692
9.64906
9.69079
9.81696
9.81681
9.73704
9.75399
9.75748
9.76205
9.95355
9.9692
9.92092
10.2701
9.94293
10.2758
10.1442
9.95196
10.133
10.0017
10.0597
10.0259
9.9832
9.97141
9.93245
9.92051
10.0203
10.0073
10.0076
10.1358
10.1322
9.93989
10.0856
9.98919
10.0005
9.96384
9.94233
9.99027
9.937
9.97973
9.89856
9.96922
9.94585
10.0934
10.0791
9.94103
9.99512
9.88936
9.965
9.97064
10.0897
10.0773
10.2461
10.2294
10.3
10.149
10.3088
10.1646
10.2149
10.3392
10.4727
10.4837
10.4503
10.3302
10.3697
10.4204
10.3304
10.3581
10.3312
10.4252
10.3987
10.2903
10.3937
10.4413
10.3674
10.4496
10.3564
10.3751
10.4147
10.4784
10.6087
10.3722
10.4259
10.4723
10.4187
10.5874
10.4202
10.5587
10.4011
10.5083
10.5525
10.6365
10.553
10.532
10.5446
10.6047
10.5048
10.607
10.6876
10.6385
10.6494
10.6969
10.6997
10.6891
10.643
10.6514
10.5554
10.4291
10.5329
10.3342
10.6071
10.4874
10.4829
10.5694
10.5767
10.1926
10.156
10.1797
10.1732
10.2077
10.1415
10.1639
10.1922
10.1631
10.1647
10.1877
10.2173
10.1403
10.1641
10.3056
10.3674
10.3865
10.3032
10.3621
10.3783
10.3157
10.3565
10.3031
10.3473
10.4253
10.5014
10.3453
10.3791
10.41
10.5009
10.3587
10.5703
10.5895
10.6253
10.61
10.6285
10.5654
10.6016
10.4919
10.5035
10.4986
10.4861
10.4075
10.3766
10.5011
10.3638
10.4867
10.3544
10.4176
11.1353
11.0819
11.0868
11.1135
11.0802
11.0898
11.1417
11.072
11.0487
11.0362
10.9867
11.1152
11.009
11.026
11.178
11.2302
11.2209
11.2272
11.2187
11.1971
11.2276
11.1342
11.1405
11.1248
11.2149
11.1666
11.1358
11.1764
11.2351
11.3116
11.3159
11.2512
11.3188
11.2341
11.3155
11.3211
11.2161
11.237
10.9162
10.9483
10.8012
10.7295
10.8183
10.8359
10.7865
10.7991
10.8139
10.941
10.8727
10.8085
10.806
10.8643
10.8044
10.8511
10.7927
10.9577
10.8128
10.7801
10.8837
10.9494
10.9432
11.1008
11.0021
11.0245
11.0458
11.0729
11.0323
11.0499
11.098
11.041
11.0277
11.0548
11.0229
11.0505
11.0995
11.2683
11.3179
11.1955
11.1929
11.2649
11.1543
11.2374
11.3184
11.1867
11.2669
11.2203
11.3018
11.3293
11.1698
11.3641
11.1751
11.2212
11.3421
11.4981
11.503
11.4025
11.4829
11.3585
11.3699
11.3173
11.3347
11.4154
11.4668
11.4419
11.2974
11.3523
11.3716
11.4173
11.3881
11.3089
11.3844
11.3418
11.3332
11.4295
11.3503
11.499
11.4445
11.4714
11.4432
11.4314
11.4062
11.433
11.3784
11.3732
11.4102
11.4708
11.4286
11.3571
11.3976
11.3274
11.4611
11.2812
11.3175
11.4231
11.2803
11.3941
11.4674
11.5383
11.4808
11.5128
11.4667
11.5251
11.4872
11.4479
11.5947
11.5746
11.4637
11.5642
11.4823
11.4383
11.482
11.5427
11.5486
11.4812
11.5737
11.4585
11.4947
11.4359
11.3915
11.5314
11.4921
11.5215
11.411
11.4169
11.4195
11.3763
11.3588
11.2923
11.2832
11.4449
11.2882
11.4435
11.3652
11.5195
11.5281
11.5486
11.5985
11.6019
11.5283
11.5203
11.3621
11.3967
11.2485
11.2746
11.279
11.3203
11.444
11.5103
11.5407
11.4875
11.5254
11.4666
11.5838
11.5111
11.574
11.601
11.5112
11.4665
11.5482
11.7381
11.6679
11.648
11.7634
11.6804
11.7753
11.6976
11.6417
11.7062
11.6102
11.5895
11.7177
11.6637
11.7004
11.8191
11.7803
11.7551
11.9161
11.7011
11.7947
11.7405
11.7264
11.8223
11.763
11.8236
11.6838
11.8226
11.7626
11.9203
11.9236
11.7363
11.7565
11.6541
11.7954
11.7056
11.8489
11.8861
11.804
11.8122
11.7771
11.7709
11.8075
11.8006
11.7816
11.9188
11.9365
11.9399
11.9772
11.9096
11.9507
11.9441
11.8844
11.8771
11.8544
11.8993
11.8791
11.8473
11.9069
12.0843
12.0188
12.09
12.0013
12.0554
11.9065
11.9073
11.8072
11.8681
11.9573
12.1464
12.0617
12.2038
12.1058
12.1805
12.0897
12.1613
12.0456
12.0951
12.0286
12.0517
12.0509
12.0789
12.0209
12.0733
12.11
12.2626
12.2976
12.2919
12.2728
12.3048
12.2474
12.2817
12.0199
11.9423
12.0019
12.0338
12.0275
11.9792
11.9774
12.2162
12.2095
12.0833
12.0033
12.0252
12.0448
12.0762
12.0072
12.0469
12.0404
11.9693
11.9337
11.9754
12.0047
11.97
11.9917
12.0878
12.1724
12.2317
12.1089
12.1859
12.2941
12.1637
12.2469
12.1691
12.2514
12.2534
12.3108
12.191
12.1814
12.245
12.3347
12.2037
12.3646
12.389
12.417
12.3876
12.4208
12.3587
12.3858
12.3877
12.3794
12.3154
12.3058
12.3185
12.2425
12.3943
12.27
12.4031
12.2728
12.3144
12.4795
12.1943
12.3647
12.3288
12.3406
12.3459
12.2928
12.2767
12.3166
12.3174
12.2603
12.3302
12.4056
12.4923
12.5969
12.3552
12.4583
12.4783
12.5515
12.4071
12.265
12.2965
12.3039
12.2351
12.4982
12.3666
12.5951
12.5148
12.6687
12.4275
12.6273
12.7124
12.6171
12.7332
12.5574
12.6783
12.6916
12.7017
12.6869
12.609
12.6686
12.6878
12.5173
12.5339
12.6734
12.528
12.5189
12.4623
12.4837
12.5104
12.5244
12.4718
12.3826
12.3985
12.4104
12.3524
12.4265
12.3669
12.3604
12.4235
12.4788
12.4747
12.4429
12.4652
12.4326
12.4326
12.4093
12.4069
12.429
12.4856
12.4496
12.3961
12.4235
12.4934
12.4876
12.4533
12.446
12.4516
12.5012
12.5505
12.5102
12.5465
12.5507
12.6043
12.5938
12.5233
12.4807
12.5482
12.5483
12.5268
12.6148
12.5958
12.702
12.6375
12.6029
12.6114
12.6423
12.5336
12.5655
12.5257
12.6106
12.5215
12.5345
12.5618
12.6792
12.6829
12.6143
12.611
12.6245
12.6344
12.6313
12.6007
12.6154
12.7029
12.7111
12.6771
12.6899
12.6826
12.6936
12.6995
12.7119
12.7171
12.7109
12.7142
12.7188
12.6538
12.6613
12.6402
12.6377
12.6464
12.4976
12.5823
12.4572
12.4692
12.486
12.4307
12.5137
12.4301
12.4392
12.5929
12.5789
12.4581
12.5531
12.4946
12.4942
12.4559
12.5934
12.4806
12.5621
12.4887
12.5712
12.5762
12.5177
12.4958
12.4958
12.4582
12.4551
12.4523
12.5083
12.5535
12.5126
12.5579
12.552
12.6616
12.6992
12.685
12.6627
12.6872
12.674
12.6721
12.7381
12.7345
12.7416
12.7362
12.7308
12.7468
12.7429
12.7097
12.6802
12.6992
12.6886
12.6948
12.6477
12.7398
12.7816
12.7526
12.7186
12.7377
12.7609
12.7461
12.7761
12.7065
12.7053
12.7157
12.6278
12.6799
12.7372
12.6657
12.7481
12.7562
12.7118
12.7194
12.7163
12.7203
12.7224
12.6643
12.6652
12.6446
12.6472
12.647
7.31871
6.59143
7.34388
6.9839
7.2745
7.376
6.03989
6.78359
7.22935
7.42922
7.16031
6.16457
6.83075
6.90788
7.98823
8.13618
8.15985
8.02152
7.53116
7.3056
7.49431
7.89873
8.09771
7.89476
8.09306
7.56208
7.93178
7.30818
7.74631
7.66063
8.33792
8.33503
8.17807
8.35862
8.22485
8.29887
8.38389
8.53592
8.38611
8.54215
8.67801
8.66805
8.29739
8.1696
8.30125
8.16472
8.41257
8.45409
8.60834
8.46842
8.3617
8.57483
7.9777
8.0455
8.13942
8.0621
8.10628
7.74343
8.06946
7.96934
7.52468
7.83279
7.95435
8.11292
7.75069
8.0604
7.46138
7.55855
7.98442
8.02897
8.15737
7.59905
8.21977
7.9827
8.19444
7.79841
8.23939
8.42724
8.21814
8.07314
8.31895
8.24881
8.10017
8.78776
8.6223
8.47393
8.86375
8.69352
8.29582
8.49566
8.68054
7.91487
8.31707
8.55931
8.70153
8.57237
8.41569
8.3788
8.62068
8.3541
8.21194
8.44721
8.0151
8.38467
8.21018
8.5744
8.70626
8.62633
8.70853
8.6222
8.87138
8.94122
8.87824
8.93437
8.87574
8.84496
8.79954
8.87247
8.73051
8.64568
8.6576
8.71773
8.8928
8.92405
8.94662
8.88153
9.12251
9.03552
8.96595
9.1285
8.95864
9.02948
9.06649
9.18751
9.17138
9.14818
9.04931
9.14378
9.18282
9.12836
8.93908
9.0331
8.9689
9.11623
9.05042
8.72403
8.88101
8.68497
8.88973
8.77286
8.47204
8.67434
8.84021
8.66499
8.76872
8.89363
8.80636
9.08607
8.90185
8.6366
8.64477
8.93275
8.66291
8.60007
8.57085
8.74232
8.71513
8.71892
8.95024
8.8857
8.81002
8.78676
8.93112
8.72603
8.97017
8.81663
8.89748
8.65929
8.99198
9.11538
9.19981
9.19201
9.07083
9.11052
9.11729
9.0672
9.192
9.14552
8.98677
9.08628
8.97286
9.12528
9.12087
9.48205
8.46727
8.96862
9.14645
9.24901
9.08484
8.96479
9.06341
9.19708
8.83001
8.94014
9.07893
8.99363
9.14003
8.78306
9.08436
8.95761
9.19548
10.2034
10.2318
10.2988
9.90996
10.2636
10.2228
10.2289
9.99818
9.91444
9.90565
9.68011
9.98215
9.81236
9.93805
10.1532
10.1203
9.82435
10.3612
10.1658
10.1707
10.1172
9.8972
10.2947
8.92198
10.0941
9.97579
9.80169
9.7975
9.80725
9.85817
9.53411
9.77882
9.43623
9.87073
9.96454
10.0539
9.61742
9.98848
10.2058
9.99949
10.0308
9.56762
9.52607
9.45725
9.61191
9.76189
9.85993
9.52816
9.68495
9.52587
9.23566
9.16123
9.46725
9.11147
9.34016
9.04251
9.40356
9.42611
9.50951
9.5675
9.72258
9.98267
9.59551
9.79436
9.64962
9.50618
9.35556
9.52122
9.22478
9.13249
9.16293
9.52358
9.2803
9.01337
9.28254
8.89304
9.20128
8.94865
9.26274
8.99927
9.07334
9.31542
9.07556
9.4387
9.596
9.73415
9.85297
9.90586
6.17385
10.1158
9.73841
9.87481
9.38425
9.8828
9.27491
9.84038
8.92499
9.46381
9.34088
9.35279
9.76921
9.7042
9.82514
9.51702
9.59319
9.589
9.1741
9.59351
9.28591
9.11263
9.32609
9.42165
9.01945
9.51001
10.8462
10.4705
9.24549
5.49363
9.42683
9.01013
9.30916
9.159
8.83213
9.1435
8.97938
-0.30113
-0.327212
-0.59488
-0.579488
-1.21621
-1.31769
-0.960957
-0.926529
9.50622
9.45692
9.49103
9.50373
9.46747
9.48464
9.4671
9.48748
9.49737
9.41873
9.387
9.3906
9.44776
9.3486
9.53462
9.36563
9.41657
9.47577
9.37423
9.38408
9.57768
9.62823
9.5799
9.5694
9.58771
9.60874
9.57057
9.70816
9.69064
9.58265
9.68362
9.62945
9.62183
9.62833
9.61397
9.55226
9.57679
9.55398
9.57218
9.6059
9.61485
9.56992
9.5614
9.70627
9.70134
9.46615
9.37915
9.60425
9.5404
9.55333
9.51347
9.34016
9.53776
9.69098
9.49372
9.39507
9.55115
9.53334
9.57755
9.49896
9.52488
9.45435
9.59092
9.52489
9.5035
9.62908
9.62307
9.64613
9.57577
9.5405
9.62254
9.54174
9.65207
9.50777
9.39289
9.56558
9.49869
9.74936
10.0328
9.65697
9.51606
9.54512
9.59284
9.50283
9.5447
9.55377
9.48857
9.69638
9.66842
9.55953
9.53702
9.60783
9.56199
9.60629
9.57335
9.52402
9.51519
9.54424
9.51679
9.53933
9.4973
9.53519
9.55532
9.58291
9.61434
9.569
9.5656
9.60039
9.52385
9.5583
9.51926
9.51132
9.50031
9.53862
9.51879
9.50805
9.5587
9.57223
9.51796
9.54503
9.59712
9.65872
9.5798
9.59016
9.57908
9.54285
9.5341
9.49457
9.59608
9.68954
9.55985
9.43914
9.57902
9.59715
9.43656
9.77696
9.56445
9.57649
9.65862
9.6279
9.58791
9.52472
9.81109
9.41063
9.55318
9.56839
9.51548
9.6096
9.59404
9.47052
9.56385
9.60552
9.696
9.5807
9.38575
9.60457
9.54773
9.79469
9.49532
9.69418
9.51549
9.33633
9.49321
9.50758
9.30822
9.46453
9.56002
9.49492
9.49679
9.4908
9.51398
9.48177
9.5735
8.95196
10.145
9.54063
9.62565
9.83146
9.22599
9.25578
9.41514
9.18672
9.36876
9.17211
9.27296
9.22581
9.25209
9.40225
9.17405
9.25879
9.37176
9.16486
9.41992
9.40946
9.22392
9.19095
9.15711
9.0313
8.87211
9.01439
9.21664
9.16698
9.15037
9.05006
8.88141
9.02063
9.42938
9.41713
9.33667
9.37481
9.44853
9.4084
9.32693
9.44331
9.35549
9.50123
9.56948
9.5011
9.28755
9.44166
9.46247
9.32586
9.4132
9.77389
9.61316
9.434
9.41712
9.4274
9.39035
9.4695
9.41177
9.44277
9.44546
9.39905
9.39389
9.35352
9.71414
8.52617
9.18747
9.44243
9.37826
9.22485
9.38227
9.18644
9.24006
9.24261
9.34503
9.18364
9.35843
9.66318
9.44192
9.26629
9.44846
9.36155
9.52716
9.18412
9.33431
9.09972
8.94028
9.09185
9.16585
9.07942
9.27932
9.24155
9.17654
9.49848
9.3009
9.22503
9.44903
9.46313
9.44188
9.16369
9.22972
9.1762
8.99028
8.88583
9.05073
9.02229
8.89899
9.02399
9.21544
9.61756
9.21974
7.93071
8.25152
8.28888
8.68902
8.29139
8.67369
7.95347
8.85035
8.43869
8.7066
8.42123
8.86606
7.90838
8.21077
8.28815
8.65304
8.26544
7.91923
8.64286
8.87893
8.46534
8.71884
8.44757
8.91894
8.57658
7.88927
8.12503
6.82519
8.14183
6.91299
8.50756
6.86905
6.90474
7.80257
7.61733
7.88662
7.46283
7.86204
7.8232
7.36673
8.55198
7.85569
8.11185
6.93284
8.56212
8.07187
6.91551
6.87332
6.83648
9.11883
9.2388
9.34998
9.36901
9.32827
8.95665
9.18279
9.05956
8.826
8.9294
9.45074
9.22705
9.08331
9.01525
8.95363
8.80847
9.14183
8.33906
8.76815
8.97902
8.67765
9.17847
9.32308
9.31327
8.96879
9.34809
9.09966
9.13341
8.92236
9.17326
8.83369
8.45135
9.01032
8.65064
8.70582
8.93859
8.46158
8.54716
8.76774
8.88628
8.77115
8.8712
7.83041
8.29718
8.64417
8.34864
7.88527
8.47014
8.47883
8.90728
8.88086
9.41924
8.66492
10.4664
8.80976
8.51327
8.74627
8.87472
8.51374
7.99669
8.54643
7.99404
9.4716
8.53078
8.6312
7.58786
8.70523
8.14099
6.43935
8.23447
8.53328
8.15372
5.71145
8.01951
8.06994
7.86834
7.81304
7.7988
7.85779
8.09004
7.84484
8.18183
8.53484
8.1768
8.45376
8.44726
7.09361
6.92298
8.23886
6.35148
6.7467
8.88092
8.30132
8.56512
4.15878
8.33383
6.38173
8.61056
8.43302
8.65353
8.91177
8.26314
8.2841
8.89477
8.41991
9.16231
8.69674
9.10435
9.35625
9.13746
9.19165
9.05698
9.11551
9.02833
9.23528
9.12052
9.21478
8.85289
9.10783
8.99602
8.86536
8.49022
9.04857
8.64646
8.87472
9.00493
8.41732
8.55607
9.01642
8.37112
8.82431
8.55182
8.19978
8.7894
8.38036
9.048
9.19403
9.38831
8.85176
8.93748
8.46872
7.22106
8.23027
8.77481
8.08152
8.39507
8.40544
8.61867
8.75146
8.37944
8.57077
8.11848
8.75631
8.56251
9.01395
9.09907
9.11475
8.85008
9.14432
8.99198
8.98737
8.83648
8.86729
8.74619
8.5902
8.906
8.74699
8.6704
8.89759
8.71269
8.73141
8.72561
8.89407
8.86135
8.74704
8.19555
8.44414
7.98636
7.83091
8.30087
8.18024
8.00286
8.31227
8.43391
8.5966
8.37551
8.4006
8.22456
8.51405
8.41244
8.56713
8.05588
8.62036
8.50313
8.38865
8.58957
4.67591
6.21619
5.06695
5.2466
5.24169
5.34139
4.46731
3.18141
4.2273
-0.203522
4.69345
4.48338
4.60428
4.13164
0.128195
2.56467
4.23187
6.1892
5.54972
5.48224
4.55739
5.66659
5.30677
2.86059
2.96646
7.8166
7.11715
7.33878
7.67891
7.15745
8.35135
8.29051
8.12969
7.66007
7.9626
8.1349
8.80592
8.06476
7.79026
8.13451
7.62947
7.83857
7.62381
8.14531
7.89093
7.66663
8.05807
7.30802
8.40343
3.26323
7.58531
7.39799
7.77508
7.7367
7.24677
7.96962
7.67326
7.49184
6.65746
7.4589
6.58141
6.43221
6.97709
6.75286
6.32918
7.02162
6.7553
6.24062
7.76569
7.61462
7.27812
6.57452
4.85184
5.33584
5.29723
6.76249
4.30329
6.36766
5.90589
0.244445
4.58976
3.21614
4.70363
5.53198
-0.35647
3.17431
4.85397
8.66802
5.3292
5.91704
5.97815
6.00059
5.58858
5.41479
5.19736
4.93345
3.55918
5.39127
6.7043
1.2075
6.98072
7.28783
6.60522
6.09631
-0.215516
-0.165759
-0.149036
-0.174189
-0.184628
0.0489753
-0.0128904
0.207373
0.277676
-0.0548681
0.155958
0.076534
-0.281584
-0.261383
-0.00870893
0.0229559
0.0825098
0.0459106
0.0277011
-0.167898
-0.0562193
0.0217154
-0.264784
-0.262519
-0.0706105
-0.143761
0.131015
-0.363631
0.0169216
-0.514036
-0.242424
-0.263496
0.277844
1.22103
0.676123
2.32447
2.04652
-11.2346
3.53957
3.3366
-9.59244
2.55246
-0.289852
-0.416492
-0.335341
0.245573
-0.698354
0.286725
-0.0862107
-0.667281
-1.40019
-0.562609
-0.624914
-0.483887
-0.658917
-0.584436
-0.709848
-0.658327
-0.985221
-1.00814
-0.917581
-0.886758
-0.891319
-0.99298
-0.978538
-0.526471
-0.497543
-0.723035
-0.420792
-0.592591
-0.444648
-0.639342
-0.990912
-0.953864
-0.863916
-0.987294
-0.933131
-0.184148
-0.452787
-1.06566
-0.644897
-0.168787
-0.467903
-1.04482
1.95699
4.03208
-11.9718
3.44444
4.16672
-11.9634
1.81211
-1.87634
-1.16176
-2.38157
-0.449484
-0.169964
-1.20232
0.156782
-0.776882
-3.38118
-1.64319
-1.77116
-0.825768
-1.00848
-1.72935
-0.946997
-1.07713
-1.20194
-1.27681
-0.799042
-0.910763
-1.02099
-0.990927
-1.03497
-0.862203
-0.797345
-1.31201
-0.860397
-0.36228
-2.01412
-0.541019
-1.46581
-1.19812
-0.999211
-1.05359
-0.886924
-0.885351
-1.05955
-0.88306
-0.81626
-0.683347
-0.792527
-0.827302
-0.717718
-0.734281
-0.781718
-0.682908
-1.09193
-1.20441
-1.12585
-1.16208
-1.0295
-1.06347
-0.84322
-0.994491
-1.11035
-1.04318
-0.867134
-1.05232
-1.03414
-1.12077
-0.834161
-0.844039
-0.904764
-0.968701
-1.00297
-0.742848
-0.899295
-0.861894
-0.813686
-0.378291
-0.278632
-0.612416
-0.75908
-0.992103
-0.891622
-0.863508
9.13183
9.13894
9.10953
9.19306
8.98131
9.13093
9.25275
9.12264
9.10185
8.97334
9.12038
8.96574
9.13361
9.11661
9.44967
9.37409
9.47502
9.36463
9.44511
9.42709
9.46876
9.51228
9.36376
9.44362
9.02718
9.06571
8.64937
8.46384
8.76339
8.85315
8.67883
8.90623
8.98626
8.97161
9.18883
8.81846
8.33206
9.04955
8.76614
8.85959
8.70061
9.17791
8.77323
8.73163
8.90444
9.38812
9.10062
9.2778
9.15646
9.22514
9.20059
9.27286
9.19629
9.21214
9.14691
9.10063
9.01893
8.98652
9.0898
9.05225
9.1121
9.30846
9.39253
9.36293
9.50409
9.36346
9.34528
9.38381
9.21169
9.16614
9.20007
8.79377
9.188
9.26179
9.35353
9.91259
9.47305
9.6575
9.43138
9.46724
9.43186
9.52646
9.55388
9.42307
9.44722
9.4961
9.46796
9.67639
9.47003
9.66283
9.50223
9.46305
9.70401
9.76582
9.78311
9.74541
9.76082
9.71634
9.76866
9.62489
9.67217
9.49435
9.73115
9.46419
9.48766
9.6497
9.45648
9.5472
9.69132
9.81729
9.73746
9.81713
9.76248
9.75805
9.75428
9.46443
9.42249
9.4737
9.51782
9.43391
9.4477
9.5084
9.44729
9.40657
9.43417
9.50131
9.50123
9.38766
9.48139
9.48599
9.57496
9.60682
9.56705
9.38698
9.53416
9.53123
9.5966
9.58706
9.54033
9.5701
9.57749
9.56375
9.6144
9.66266
9.69845
9.7348
9.72833
9.69628
9.70795
9.68332
9.61613
9.63009
9.58689
9.66871
9.58301
9.66077
9.63046
9.6829
9.68349
9.6172
9.12893
9.49782
9.64516
9.53758
9.57209
9.75281
9.71559
10.1011
9.78003
9.85216
9.74231
9.72153
9.74332
9.56318
9.73709
9.4961
9.51237
9.47559
9.5929
9.71409
9.75396
9.82476
9.83495
9.75202
9.7626
9.80738
9.76966
9.62309
9.62852
9.64543
9.67168
9.59422
9.67662
9.58628
9.79235
9.86999
9.76925
9.81743
9.82887
9.74588
9.85359
9.82813
9.82111
9.85038
9.87126
9.80396
9.85537
9.8751
9.75265
9.67912
9.62601
9.74286
9.69805
9.71981
9.79588
9.93705
9.97934
9.89874
9.94552
9.96927
10.0929
10.079
9.94003
10.0854
9.98933
10.0006
9.99066
9.96412
9.94221
9.94129
9.88972
9.99511
9.96521
9.97059
10.0893
10.0772
9.95265
10.1316
10.0026
10.0604
9.98375
9.97229
10.0263
9.95478
9.97054
9.92227
9.94409
10.2721
10.2772
10.1455
9.93333
10.0208
9.92139
10.0075
10.0087
10.1365
10.1326
10.3876
10.3061
10.3679
10.3039
10.3629
10.3787
10.3157
10.3565
10.3033
10.3476
10.4261
10.3799
10.5014
10.3459
10.5015
10.3595
10.4106
10.492
10.5034
10.571
10.59
10.6259
10.6103
10.6293
10.5658
10.602
10.4078
10.3768
10.5009
10.3637
10.4176
10.4867
10.3546
10.4992
10.4864
10.1607
10.1697
10.1183
10.2455
10.1039
10.1924
10.1909
10.1965
10.1966
10.1868
10.0166
10.2823
10.1742
10.2432
10.2433
10.2142
10.2045
10.2133
10.2575
10.1953
10.1993
10.2503
10.3156
10.3209
10.394
10.3057
10.2767
10.3122
10.2493
10.2285
10.1449
10.3013
10.1732
10.2159
10.3097
10.3402
10.4754
10.4522
10.486
10.3749
10.422
10.3316
10.3346
10.3594
10.3322
10.427
10.2906
10.3957
10.4006
10.3691
10.4506
10.4421
10.3577
10.3759
10.4163
10.4794
10.6095
10.3735
10.4274
10.4728
10.5881
10.4216
10.4204
10.5091
10.5593
10.4023
10.6395
10.6507
10.6993
10.7011
10.6911
10.6442
10.6527
10.5538
10.6379
10.534
10.5542
10.6063
10.5057
10.5459
10.6083
10.6886
10.5709
10.5784
10.5569
10.4303
10.5342
10.3359
10.4893
10.4843
10.6083
11.1018
11.0467
11.0027
11.0251
11.0332
11.0508
11.0734
11.098
11.041
11.0276
11.0546
11.023
11.0993
11.0505
11.268
11.1953
11.318
11.1929
11.2648
11.1547
11.3192
11.2379
11.1875
11.2678
11.0233
11.0054
10.8199
10.7954
10.9069
10.894
10.8984
10.9693
10.9557
10.9687
11.0435
10.9153
10.9652
11.0335
10.856
10.9689
10.8785
11.007
10.8621
10.8821
10.921
11.1028
11.0612
11.1369
11.0881
11.1147
11.0831
11.1432
11.0814
11.091
11.0732
11.0499
10.9876
11.0372
11.0105
11.0271
11.1164
11.1792
11.2315
11.2279
11.222
11.2285
11.1983
11.22
11.1354
11.1416
11.1259
11.2164
11.137
11.1774
11.1677
11.2361
11.3167
11.313
11.2522
11.3196
11.2353
11.3225
11.3166
11.2173
11.238
11.3588
11.292
11.4447
11.2832
11.4435
11.365
11.288
11.5195
11.5279
11.5982
11.5484
11.5283
11.52
11.6016
11.4203
11.3765
11.3628
11.3969
11.2755
11.249
11.4449
11.2799
11.3206
11.511
11.5404
11.5262
11.4879
11.5119
11.5844
11.4666
11.181
11.2226
11.1334
11.303
11.1326
11.2759
11.1861
11.2381
11.2746
11.2621
11.3263
11.3134
11.2145
11.2757
11.2531
11.3082
11.3941
11.3753
11.3287
11.277
11.2991
11.218
11.303
11.172
11.3298
11.1766
11.2217
11.3637
11.3482
11.4996
11.3884
11.5027
11.3605
11.3712
11.4854
11.3192
11.3358
11.4174
11.4661
11.3008
11.3483
11.4435
11.4069
11.4342
11.3722
11.4185
11.31
11.3896
11.3339
11.3428
11.3855
11.4308
11.3515
11.4458
11.5002
11.4327
11.4446
11.4726
11.3282
11.4629
11.3187
11.2822
11.2813
11.3955
11.4244
11.4678
11.5387
11.5137
11.4812
11.488
11.5251
11.4671
11.3792
11.3746
11.4119
11.4717
11.3591
11.3981
11.4297
11.4493
11.5938
11.4626
11.5773
11.4822
11.4465
11.5651
11.4832
11.5431
11.4827
11.55
11.4609
11.496
11.5746
11.4362
11.3955
11.5333
11.4936
11.4124
11.4181
11.5221
11.7623
11.8233
11.6836
11.7623
11.8223
11.92
11.9231
11.7551
11.9162
11.7008
11.7942
11.8226
11.7408
11.7258
11.7364
11.6546
11.7557
11.7954
11.7051
11.8483
11.8862
11.6481
11.7635
11.6806
11.776
11.6415
11.7067
11.6975
11.5754
11.6021
11.5131
11.5498
11.4669
11.7392
11.669
11.6101
11.7183
11.5894
11.6638
11.7009
11.8194
11.7794
12.2323
12.0878
12.1723
12.1095
12.1864
12.2945
12.1633
12.2465
12.1691
12.2514
12.2538
12.1821
12.3106
12.191
12.3348
12.2042
12.2448
12.3873
12.3791
12.3646
12.3889
12.4164
12.3875
12.4204
12.3582
12.3859
12.3184
12.2428
12.3945
12.2697
12.3141
12.403
12.2726
12.3157
12.3058
11.7108
11.7398
11.7285
11.751
11.7011
11.7218
11.7431
11.732
11.7252
11.7459
11.8254
11.7517
11.7043
11.766
11.8868
11.9103
11.88
11.8446
11.9293
11.822
11.8665
11.7713
11.8401
11.8242
11.8149
11.7967
11.8084
11.8124
11.8042
11.8139
11.7704
11.7776
11.8058
11.7802
11.8067
11.9197
11.936
11.9725
11.9385
11.952
11.942
11.9105
11.8855
11.8757
11.8552
11.8974
11.8474
11.9047
11.8791
12.0185
12.0893
12.0832
12.0005
12.0544
11.9055
11.907
11.8061
11.8675
11.9559
12.1451
12.2032
12.1051
12.0612
12.1602
12.1794
12.0888
12.2613
12.2965
12.2906
12.2715
12.3037
12.2461
12.2807
12.0437
12.0934
12.0506
12.0283
12.076
12.0207
12.0497
12.0718
12.109
12.2151
12.2086
12.0179
11.9416
12.001
12.0328
11.9784
11.976
12.0261
12.5961
12.5165
12.4267
12.6714
12.7042
12.6904
12.6288
12.7137
12.6201
12.7351
12.5592
12.6931
12.6807
12.6898
12.5207
12.534
12.6775
12.6104
12.6712
12.0123
11.9346
11.9739
11.9653
12.1479
12.1377
12.201
12.1836
12.1737
12.1615
12.185
12.1317
12.1535
12.105
12.1757
12.4787
12.1883
12.3243
12.3634
12.4911
12.5945
12.3522
12.4549
12.4774
12.4037
12.5495
12.34
12.3456
12.2771
12.2923
12.317
12.2592
12.3165
12.3296
12.4052
12.4969
12.3628
12.2641
12.296
12.2344
12.3034
12.6128
12.6337
12.6106
12.624
12.6002
12.6144
12.6303
12.7025
12.7103
12.6781
12.6902
12.6826
12.7002
12.6928
12.7128
12.7131
12.718
12.7152
12.7187
12.6534
12.64
12.6607
12.6373
12.6455
12.4552
12.4984
12.4219
12.386
12.4099
12.4336
12.3989
12.3216
12.3328
12.323
12.3809
12.3022
12.3943
12.3454
12.4343
12.4333
12.3913
12.4853
12.4245
12.4091
12.4618
12.418
12.3727
12.5266
12.4603
12.4817
12.5174
12.4697
12.5091
12.523
12.3815
12.398
12.352
12.4098
12.3663
12.3593
12.4257
12.4228
12.4782
12.442
12.474
12.4317
12.4319
12.4647
12.4085
12.406
12.4285
12.4848
12.3953
12.4226
12.449
12.4926
12.4524
12.4869
12.4452
12.4506
12.4991
12.5081
12.5491
12.545
12.5492
12.7096
12.6792
12.7864
12.7557
12.7413
12.7206
12.7641
12.7499
12.7806
12.7015
12.6908
12.6964
12.6493
12.7417
12.7506
12.7571
12.7092
12.7066
12.6286
12.717
12.6814
12.6678
12.7392
12.7118
12.7182
12.7191
12.7232
12.72
12.6637
12.6439
12.6644
12.6463
12.6459
12.5615
12.5026
12.515
12.562
12.4908
12.5689
12.5607
12.435
12.4593
12.4327
12.4965
12.4278
12.4817
12.4555
12.4471
12.4875
12.4492
12.501
12.4935
12.4419
12.4546
12.4527
12.4534
12.5003
12.5011
12.4954
12.4521
12.457
12.4941
12.5805
12.591
12.577
12.455
12.5516
12.4916
12.4563
12.4686
12.4305
12.4853
12.4294
12.4385
12.5127
12.5913
12.4777
12.4859
12.5609
12.5695
12.5149
12.5746
12.4935
12.455
12.495
12.4573
12.495
12.4513
12.4542
12.5059
12.5104
12.552
12.5505
12.5564
-1.04636
-1.06968
-0.946632
-0.971307
-1.05164
-1.04134
-0.9509
-1.04909
-0.919334
-1.0101
-0.98813
-1.04172
-0.613374
-0.536626
-0.675523
-0.631899
-0.711145
-0.765431
-0.709865
-0.579434
-0.477415
-0.557072
-0.777951
-0.691314
-0.498587
-0.647068
-1.93816
-1.21865
-2.4449
-0.506358
-1.25451
-0.226498
0.105645
-3.45373
-0.816302
1.92566
4.00037
-12.0492
3.4192
4.14753
-12.0409
1.7767
-0.878561
-1.7857
-0.999836
-1.05807
-1.1308
-1.33538
-1.25696
-1.69603
-1.82503
-0.229152
-0.688357
-0.500098
-1.1149
-0.513432
-1.08792
-0.218223
-0.85459
-0.964801
-1.04753
-1.05656
-0.896038
-0.856651
-1.09293
-1.3147
-0.911414
-2.09618
-0.42898
-0.631766
-1.25962
-1.51552
-1.05016
-0.939421
-0.945165
-1.11006
-0.86312
-1.09816
-0.940827
0.0361003
-0.0235774
0.196804
0.265618
-0.0669277
0.0650463
0.144365
-0.0202369
0.0728706
0.0119748
0.017832
0.0340561
-0.237132
-0.185594
-0.173631
-0.20827
-0.19586
-0.311033
-0.285331
-0.192216
0.00276974
-0.0821926
-0.29204
-0.285404
-0.169731
-0.0923631
2.30848
2.0356
-11.2745
3.53596
3.33026
-9.62174
2.53625
1.20675
0.668599
-0.684425
-1.42508
-0.296885
-0.343867
0.237903
-0.428775
-0.0926025
-0.708716
0.269264
0.112194
0.00131426
-0.38808
-0.54231
0.252713
-0.260997
-0.296867
9.299
9.27755
9.35775
9.43925
9.31554
9.26901
9.41565
9.27207
9.19379
9.16544
9.22415
9.23835
9.1738
9.26138
9.31118
9.36251
9.2443
9.42881
9.27254
9.43173
9.3086
9.4854
9.41482
9.37677
9.45323
9.50956
9.40738
9.4301
9.49265
9.3814
9.39664
9.44194
9.40929
9.44109
9.49223
9.1893
9.10866
9.1857
9.2372
9.10507
9.16565
9.2746
9.23557
9.08386
9.1807
9.17691
9.29431
9.15534
9.23845
9.2695
8.84983
9.37882
9.48358
9.12347
9.26117
9.3754
9.24991
9.25596
9.36563
9.44132
9.18926
9.33023
9.35229
9.2804
9.14374
9.40732
9.33356
9.16921
9.2854
9.34583
9.38452
9.48801
9.33382
9.25752
9.45433
9.39242
9.33493
9.38581
9.39682
9.30574
9.45224
9.33582
9.50298
9.3412
9.40584
9.41643
9.47979
9.43057
9.46065
9.24285
9.43912
9.39552
9.26111
9.34469
9.67852
9.54608
9.40583
9.33446
9.578
9.68134
9.45535
9.88469
9.54781
9.68543
9.39113
9.72132
9.58223
9.56397
9.59054
9.55051
9.50904
9.39612
9.60719
9.48315
9.52658
9.5341
9.47019
9.24682
9.44237
9.2808
9.33274
9.45586
9.31767
9.48777
9.81123
9.87795
9.71096
9.86371
9.76305
9.90929
9.75976
10.1087
10.1553
10.0525
10.167
10.0758
10.1917
10.0789
10.1371
10.1335
10.0954
10.2165
10.0808
10.2047
10.1447
9.78493
9.86485
9.8498
9.95202
9.80392
9.89671
9.91507
8.91767
9.39671
9.59443
9.29679
9.36814
9.28989
9.36762
-1.26734
-1.13417
-1.22636
-1.16495
-1.08441
-1.10899
-1.23531
9.73317
9.70815
9.7306
9.75796
9.74474
9.76131
9.73955
9.91441
9.88685
9.90476
9.88771
9.9088
9.8925
9.90856
9.74702
9.69112
9.77931
9.74648
9.73998
9.70634
9.78398
9.01885
9.14047
9.23567
9.16445
9.12886
9.03455
9.25045
7.3028
7.65758
7.35827
7.66271
7.97268
7.69503
7.91498
1.8527
1.92772
2.15938
3.97556
4.35484
3.94693
4.38566
0.553349
0.515627
1.78027
1.60808
1.62978
0.543524
1.83919
10.3939
10.2351
10.3235
10.3294
10.3348
10.4272
10.2475
10.4129
10.3988
10.505
10.3169
10.5021
10.3092
10.4204
10.2715
10.2077
10.3933
10.1553
10.3638
10.112
10.3058
9.84669
9.71388
10.0263
9.67805
9.96359
9.59387
9.91377
9.19859
8.93229
9.39584
8.91078
9.30925
8.80808
9.28233
8.56976
8.17574
8.65636
8.18246
8.57224
8.10871
8.635
11.4313
11.2344
11.2927
11.3046
11.3848
11.4516
11.2375
11.3917
11.4662
11.5501
11.2934
11.5563
11.293
11.3863
11.3327
11.3529
11.4654
11.2396
11.4366
11.2239
11.3448
11.0193
10.9189
11.0636
10.9866
10.9894
10.9303
11.0835
11.8735
11.8988
11.9048
11.9243
11.8927
11.8954
11.9266
12.0453
11.9785
12.001
12.0449
12.0084
12.0371
12.0502
9.19472
8.77705
8.61467
8.6095
8.57965
8.95808
8.82623
8.7349
9.24976
8.97831
8.89385
9.08737
9.18143
9.16062
9.11691
8.76155
8.85599
8.84983
8.75767
9.17824
9.12752
9.05864
9.05062
9.1708
9.16599
9.12205
9.03918
9.3969
9.30608
9.24161
9.15261
9.22576
9.15447
9.28148
9.52212
9.33215
9.39461
9.44704
9.46096
9.37844
9.17297
9.23671
9.27281
9.25593
9.18172
9.16045
9.22939
9.37482
9.5375
9.65676
9.46018
9.53929
9.59667
9.48265
9.59949
9.46904
9.65283
9.61507
9.48006
9.63094
9.57693
9.60677
9.65514
9.65931
9.74827
9.73604
9.59225
9.66234
9.74818
9.66109
9.55605
9.57869
9.61747
9.86465
9.60209
9.53172
9.6715
9.74143
9.62334
9.63815
9.68038
9.58827
9.64008
9.79854
9.60622
9.78015
9.76586
9.62748
9.81531
9.60908
9.66884
9.63346
9.5874
9.60549
9.68465
9.66454
9.48704
9.52973
9.65197
9.65707
9.6236
9.65635
9.53992
9.47125
9.52334
9.52164
9.66
9.62128
9.64604
9.65151
9.54104
9.61704
9.58008
9.73288
9.7433
9.70061
9.767
9.65429
9.84184
9.77758
9.66999
9.69556
9.81919
9.80281
10.0664
10.0895
9.90631
9.98826
10.046
10.1078
9.94098
10.1934
10.1324
10.0482
10.0333
10.0742
10.1739
10.153
10.3569
10.3436
10.2191
10.2776
10.3222
10.3855
10.2488
10.4192
10.3562
10.274
10.2912
10.3141
10.3678
10.3971
10.4252
10.3422
10.2813
10.3348
10.3576
10.4183
10.3372
10.3809
10.3229
10.2372
10.3203
10.3049
10.296
10.4039
10.0285
10.2186
10.0877
10.1188
10.0886
10.1644
10.1624
9.94833
9.99099
9.89828
10.0455
10.0769
10.0225
10.1235
9.16782
9.9992
9.36109
9.74273
9.6293
9.66034
9.74173
9.76191
9.77593
9.86389
9.90697
9.59805
9.71273
9.82831
9.18755
9.69192
8.45485
9.57668
9.55446
9.47793
9.59389
9.26468
9.4356
9.37841
9.49776
9.50223
9.48227
9.79433
9.54733
9.41833
9.63463
9.61261
9.09481
9.55907
9.59208
9.56737
9.55627
9.50604
9.57828
9.64613
9.62001
9.59786
9.58648
9.67348
9.62387
9.61291
9.46701
9.64772
9.42001
9.5157
9.56789
9.52255
9.55541
9.68023
9.61254
9.60456
9.59579
9.66381
9.65119
9.6043
9.33998
9.242
9.39674
9.28042
9.07444
9.28449
9.39817
9.64529
9.7168
9.64556
9.80461
9.70008
9.58905
9.75913
8.49472
8.49439
8.66822
8.62051
8.47622
8.55973
8.62891
9.1652
9.24397
9.17817
9.16217
9.19882
9.11654
9.23064
10.0237
10.0844
10.0262
10.1448
10.0571
9.99206
10.1128
9.36406
9.32099
9.37485
9.37655
9.2864
9.32714
9.30849
9.63885
9.68948
9.65378
9.65691
9.68598
9.64555
9.69692
10.1554
10.1751
10.1058
10.2322
10.1587
10.1106
10.2319
9.73625
9.77039
9.73035
9.7538
9.76715
9.76477
9.73979
9.8868
9.88252
9.87018
9.89364
9.87573
9.8995
9.88037
10.002
9.95722
9.89643
10.0062
9.96294
9.93527
10.0501
9.90127
9.88254
9.88028
9.89384
9.89829
9.87971
9.89869
9.80052
9.73369
9.78592
9.77716
9.7704
9.76814
9.80722
9.28745
9.49161
9.53231
9.4644
9.44601
9.52458
9.54809
9.67224
9.68611
9.66318
9.73071
9.68808
9.6367
9.7184
9.15202
9.2962
9.31339
9.24639
9.25417
9.1946
9.33969
9.3774
9.13805
8.85948
8.60047
8.86235
8.66848
8.90293
9.03097
8.99923
8.90241
8.95178
9.15018
9.02015
9.08316
7.65648
8.18042
7.94914
7.93983
7.84163
8.06766
8.19481
8.92711
9.0504
8.81918
8.86636
9.18729
8.96732
9.08583
8.5658
8.84397
8.23953
8.1968
8.39713
8.33326
8.78766
-0.928117
-0.554208
-0.418325
-0.692081
-1.24087
-1.04812
-0.483479
-0.148206
-0.0529192
-0.147171
0.0291943
-0.088478
-0.0117682
-0.175131
9.88825
9.86978
9.89739
9.88121
9.90357
9.88615
9.86667
9.85145
10.0716
9.96853
9.99917
9.90832
9.93988
10.0206
10.2004
10.1443
10.1295
10.0628
10.141
10.1208
10.0759
9.84747
9.80673
9.81683
9.79058
9.82416
9.84376
9.81844
10.1699
10.1081
10.1646
10.2563
10.1795
10.18
10.098
10.1387
10.2035
10.2971
10.223
10.21
10.1328
10.2256
9.43409
9.34441
9.33826
9.26109
9.34897
9.4241
9.35967
10.1091
10.1906
10.2744
10.2171
10.2051
10.1739
10.1228
9.94963
9.97308
10.1513
10.0411
10.0179
9.90194
10.0802
8.14298
7.96563
8.37788
8.18618
8.16525
8.37236
8.19929
9.78584
9.91581
10.0174
9.99396
9.94322
9.85706
9.84687
9.37207
9.33581
9.67076
9.49759
9.44072
9.2652
9.58751
4.61102
3.90434
4.237
5.58683
5.6479
5.19648
6.01759
9.02648
9.2146
9.38429
9.3983
9.29555
9.09193
9.1497
8.2832
8.16228
8.75869
8.55115
8.32089
8.12013
8.68091
0.306865
0.465643
0.490457
2.00568
1.60211
1.87975
1.78145
7.78948
7.98282
8.35061
8.41336
8.28439
7.82832
7.95328
7.09731
7.02809
7.71845
7.61436
7.1265
6.9919
7.70356
6.82004
6.9375
7.42803
7.52517
7.45152
6.86131
6.90305
10.4103
10.4024
10.4999
10.3146
10.4095
10.4966
10.315
10.7668
10.7996
10.8013
10.7969
10.73
10.7573
10.7948
11.0298
10.9695
10.9533
10.8797
10.9811
10.9631
10.8986
10.3595
10.3117
10.4215
10.1896
10.3335
10.4439
10.2229
11.1047
10.9915
11.0054
10.9352
11.0285
11.0284
10.9234
11.2106
11.0895
11.0937
11.0135
11.1369
11.1284
11.0106
10.0376
9.9371
10.0899
9.75442
9.9777
10.1443
9.82896
11.1135
11.0179
11.1495
11.2508
11.11
11.1545
11.0225
11.0095
11.1604
11.2843
11.1289
11.1642
10.9974
11.132
9.45397
9.23872
9.48883
9.01432
9.37041
9.57184
9.11782
10.9759
11.1527
11.2759
11.1227
11.115
11.1445
10.9909
10.8846
11.0374
11.2064
11.0262
11.0598
10.8629
11.0412
8.78725
8.42725
8.75009
8.26569
8.7187
8.83854
8.34316
10.8072
11.0016
11.1108
10.9949
10.9741
10.9636
10.8345
10.6147
10.6441
10.8482
10.7409
10.7067
10.5685
10.7849
10.4623
10.5721
10.6374
10.6867
10.6317
10.4991
10.5164
11.3715
11.4492
11.5415
11.2902
11.3793
11.5309
11.2885
11.6668
11.6749
11.5713
11.6048
11.5602
11.5965
11.6971
11.7929
11.7875
11.7541
11.7582
11.8357
11.8178
11.7817
11.3741
11.4341
11.4988
11.2593
11.3693
11.5205
11.268
11.8102
11.8308
11.8527
11.8363
11.8368
11.8635
11.8092
11.9105
11.8601
11.8549
11.9097
11.8699
11.9157
11.9111
11.174
11.1211
11.1328
11.0263
11.1264
11.1963
11.0704
11.9097
11.8508
11.8462
11.9149
11.8986
11.8378
11.9215
11.855
11.8738
11.7535
11.8155
11.7731
11.8369
11.8871
11.7577
11.8504
11.8149
11.7908
11.7392
11.7117
11.8403
12.0204
11.9572
11.9859
12.0254
12.03
11.9743
12.0222
12.2015
12.2585
12.2049
12.2241
12.1723
12.203
12.2305
12.367
12.351
12.3366
12.327
12.3473
12.3335
12.3379
12.0127
12.0192
12.0391
12.0665
11.979
12.0209
12.0474
12.4073
12.3689
12.3791
12.3626
12.3618
12.3751
12.3589
12.4096
12.4516
12.3791
12.3643
12.4197
12.3736
12.4069
9.45756
9.65409
9.37291
9.5368
9.48025
9.53504
9.59411
9.6139
9.46781
9.57526
9.59736
9.65076
9.62994
9.47807
9.57745
9.74663
9.61706
9.66255
9.55296
9.59917
9.86268
9.6215
9.53161
9.58642
9.6698
9.74359
9.67718
9.63829
9.58905
9.60838
9.60058
9.66937
9.63643
9.66115
9.68447
9.52987
9.4869
9.53903
9.65199
9.65869
9.65711
9.62392
9.52283
9.47211
9.52272
9.66115
9.62206
9.65191
9.64736
9.6183
9.54069
9.58076
9.73397
9.74408
9.76826
9.70115
9.65586
9.84324
9.77827
9.67055
9.80433
9.69718
9.81984
10.0691
9.99011
10.0904
9.90689
10.1101
9.94357
10.0468
10.1958
10.0346
10.1334
10.049
10.155
10.0757
10.1748
10.3599
10.2802
10.3427
10.2194
10.3891
10.2505
10.3226
10.4237
10.2939
10.3562
10.2755
10.4019
10.318
10.3687
10.4287
10.3334
10.3486
10.2865
10.422
10.3356
10.3622
10.3835
10.3166
10.329
10.2477
10.3998
10.3045
10.3071
10.1126
10.038
10.1562
10.2177
10.1013
10.1689
10.1003
9.44332
9.24758
9.28143
9.33382
9.45667
9.31848
9.48897
9.64787
9.80629
9.71758
9.64637
9.76147
9.70211
9.58989
8.66859
8.49549
8.49511
8.47649
8.62085
8.56006
8.62958
9.24494
9.16605
9.17914
9.16291
9.19951
9.23139
9.11719
9.8132
9.86538
9.87896
9.71183
9.76386
9.91108
9.76173
10.0249
10.1481
10.0852
10.0274
10.1152
10.0586
9.99312
9.32218
9.36508
9.376
9.37742
9.2872
9.30942
9.32799
9.69108
9.6403
9.6554
9.65818
9.68752
9.69816
9.64693
10.1095
10.1696
10.1584
10.054
10.0773
10.1963
10.0799
10.1543
10.2298
10.1811
10.1126
10.2304
10.1566
10.1164
9.73786
9.77164
9.73202
9.75563
9.74106
9.76877
9.7666
9.8879
9.89534
9.88574
9.87281
9.90069
9.88192
9.87861
10.136
10.2122
10.1425
10.1018
10.0891
10.2006
10.143
9.99462
10.0102
9.96815
9.90343
10.0537
9.95905
9.94666
9.90275
9.89549
9.88572
9.88361
9.89988
9.89997
9.88363
9.79988
9.77866
9.73783
9.79024
9.76678
9.80798
9.77421
9.96019
9.78906
9.88968
9.86161
9.85887
9.80865
9.92432
9.46565
9.29048
9.49416
9.55825
9.45262
9.54284
9.52969
9.67011
9.73377
9.69061
9.66724
9.71853
9.691
9.64039
9.25004
9.14939
9.19225
9.30826
9.31234
9.34942
9.25452
9.70938
9.7348
9.73226
9.75971
9.74646
9.76307
9.74078
9.89049
9.88258
9.87206
9.89957
9.86798
9.90611
9.88813
9.96947
9.85338
10.0735
9.90892
10.0006
9.94036
10.0228
10.1523
10.198
10.1257
10.0652
10.1397
10.0844
10.1196
9.91666
9.88869
9.88943
9.90692
9.91115
9.89347
9.91067
9.84883
9.7898
9.81011
9.82
9.81714
9.82589
9.84714
10.1658
10.1155
10.1603
10.2587
10.1011
10.1822
10.1807
10.1392
10.2263
10.2067
10.3018
10.1338
10.2258
10.2134
9.75177
9.74707
9.69417
9.78257
9.74299
9.70649
9.78705
9.26407
9.4388
9.3434
9.3376
9.36387
9.35282
9.42383
10.1096
10.2197
10.1943
10.2799
10.1235
10.2115
10.179
9.95482
10.0436
9.97431
10.1517
9.90659
10.0839
10.021
9.1693
9.01845
9.03949
9.14421
9.23527
9.12858
9.25398
7.97244
8.14653
8.20558
8.38281
8.19005
8.17108
8.37545
9.79025
9.99647
9.91782
10.0187
9.8512
9.94598
9.85875
9.37535
9.50135
9.33764
9.67215
9.26913
9.59015
9.44246
7.66489
7.30945
7.3661
7.66983
7.97761
7.70092
7.92119
3.92451
4.62629
4.2546
5.60211
5.66226
5.21495
6.02996
9.0306
9.40214
9.21655
9.38612
9.15367
9.29982
9.09382
8.28839
8.55395
8.15824
8.75908
8.12363
8.6853
8.31954
1.95441
1.87317
2.18996
4.00626
4.37084
3.96618
4.40954
0.554062
0.359829
0.457653
2.03123
1.65797
1.91934
1.8336
7.79104
8.41688
7.97611
8.34503
7.95878
8.28451
7.81556
7.09172
7.60335
6.99128
7.69906
6.97892
7.69624
7.09272
0.45007
0.581941
0.60392
1.82132
1.65239
1.68251
1.86574
6.80148
7.51418
6.89744
7.39772
6.89122
7.43584
6.8196
10.2344
10.3936
10.3163
10.3306
10.3366
10.4296
10.2515
10.4126
10.3173
10.407
10.5047
10.3141
10.4197
10.4994
10.8026
10.7677
10.8009
10.7308
10.7983
10.7589
10.7958
10.9707
11.0307
10.9538
10.8803
10.9821
10.9005
10.9635
10.4227
10.3192
10.4032
10.5053
10.5037
10.3141
10.4223
10.3603
10.1937
10.3126
10.4235
10.2269
10.335
10.4455
10.992
11.1057
11.0061
10.9365
11.0289
10.9239
11.0293
11.0884
11.211
11.0944
11.0153
11.138
11.0119
11.1297
10.2737
10.1585
10.2096
10.3952
10.3654
10.1158
10.3072
10.0406
9.75964
9.93874
10.0917
9.83362
9.98183
10.1459
11.1143
11.0195
11.1507
11.2497
11.0248
11.1079
11.1553
11.011
11.1263
11.1603
11.284
10.9977
11.131
11.164
9.85134
9.68325
9.71562
10.028
9.96572
9.59921
9.91773
9.45762
9.01993
9.23875
9.48925
9.12398
9.37454
9.57302
10.9753
11.1225
11.1539
11.2794
10.9905
11.1149
11.1467
10.8873
11.0289
11.0383
11.2073
10.8664
11.0439
11.0611
9.20081
8.91658
8.92602
9.39593
9.30858
8.81189
9.2853
8.78547
8.2601
8.40813
8.7369
8.34112
8.71524
8.82748
10.8103
10.9978
11.0021
11.1121
10.8365
10.9773
10.9653
10.619
10.7466
10.6469
10.8516
10.5724
10.7908
10.7091
8.56349
8.1769
8.14538
8.64147
8.55578
8.09978
8.63019
10.467
10.6929
10.5756
10.6422
10.5201
10.6383
10.5038
11.2387
11.4309
11.294
11.292
11.3854
11.4477
11.2393
11.3743
11.2889
11.4532
11.547
11.2886
11.3802
11.5367
11.5717
11.6682
11.6747
11.5639
11.6059
11.5965
11.6975
11.785
11.7946
11.7495
11.754
11.8377
11.7825
11.8203
11.3926
11.2953
11.4702
11.5545
11.5591
11.2936
11.3881
11.3753
11.26
11.4347
11.497
11.2694
11.3675
11.5206
11.8083
11.8314
11.8534
11.8331
11.8047
11.8294
11.8645
11.9122
11.9043
11.8581
11.8491
11.9125
11.9059
11.8688
11.3328
11.2403
11.3536
11.4672
11.437
11.225
11.3464
11.1765
11.0282
11.1231
11.1358
11.0729
11.1287
11.1991
11.9094
11.9171
11.8505
11.8466
11.9191
11.9094
11.8393
11.8502
11.8728
11.754
11.8154
11.8363
11.8827
11.7744
11.0218
10.988
10.9204
11.0668
10.9932
10.931
11.0857
11.8453
11.7573
11.8107
11.7883
11.7396
11.8388
11.7116
11.9013
11.869
11.8992
11.9076
11.8894
11.8877
11.9238
12.0258
12.0283
11.9596
11.9814
12.0285
12.0182
11.9719
12.2034
12.201
12.2572
12.1717
12.2218
12.2016
12.2295
12.3507
12.3665
12.335
12.3278
12.3471
12.3378
12.3346
12.0387
12.0474
11.9776
11.9978
12.0041
12.0404
12.049
12.0211
12.0106
12.0288
12.0693
11.9782
12.0473
12.0191
12.3674
12.4061
12.3774
12.3593
12.3628
12.3598
12.3745
12.3785
12.4091
12.4512
12.3636
12.4191
12.3742
12.407
9.42278
9.38693
9.5154
9.34147
9.69346
9.53985
9.39623
9.49599
9.55306
9.46663
9.38004
9.60556
9.541
9.55413
9.53412
9.52557
9.57847
9.50006
9.45507
9.52555
9.59193
9.49489
9.69037
9.43936
9.53489
9.59644
9.56086
9.57965
9.43669
9.77859
9.59786
9.56531
9.81232
9.41057
9.52525
9.55373
9.50836
9.55877
9.51789
9.57241
9.54462
9.59737
9.6579
9.5792
9.58993
9.54283
9.57859
9.57658
9.65874
9.58806
9.62785
9.35407
9.56894
9.28649
9.44327
9.50115
9.50013
9.44136
9.3249
9.77377
9.6128
9.46238
9.41285
9.43378
9.41693
9.71365
8.52318
9.18624
9.39351
9.35317
9.44199
9.37789
9.42987
9.37456
9.41772
9.33703
9.40868
9.32699
9.44935
9.42764
9.41185
9.39065
9.47005
9.44526
9.39904
9.4433
9.02666
8.89304
9.06119
9.13
8.8895
9.08717
8.98099
9.39901
9.49608
9.3941
9.59101
9.34141
9.53889
9.45487
9.20296
9.0032
9.15562
9.18058
9.1598
9.2762
9.08082
9.86419
9.92915
9.86713
10.0023
9.81889
9.95969
9.91048
9.66679
9.56061
9.53353
9.53331
9.61918
9.61192
9.59147
9.72841
9.70244
9.73619
9.59976
9.68124
9.77295
9.65594
10.1222
10.167
10.1035
10.2245
10.089
10.2055
10.1434
10.006
9.94993
9.91454
9.91286
9.97798
9.97465
9.9452
10.0275
9.9916
10.0155
9.9374
9.99769
10.0511
9.96744
10.1164
10.1092
10.0368
10.1596
10.0605
10.1817
10.0988
10.0599
10.0192
9.96756
10.012
10.0063
10.0657
10.0086
10.0389
9.97729
9.96254
9.95047
9.98617
10.0231
9.98986
9.7086
9.8083
9.69772
9.77582
9.75216
9.82886
9.74739
9.77509
9.75278
9.69592
9.79972
9.6957
9.82773
9.75131
9.70915
9.55309
9.62769
9.63624
9.62561
9.64257
9.69017
8.69341
9.35523
9.13518
9.15609
9.10094
9.18807
9.05347
9.02651
9.1206
8.85332
9.11184
9.21977
9.20755
9.10403
8.4891
9.04793
8.64567
8.99315
8.86242
8.86996
8.98808
-1.26317
-1.17975
-1.16004
-1.22087
-1.12655
-1.05622
-0.90431
-1.17396
-1.10932
-1.09587
-0.921072
-1.09315
-1.17931
-1.12405
-0.901997
-0.849029
-0.771521
-0.734398
-0.731591
-0.885999
-0.836556
-0.786259
9.76048
9.77561
9.73739
9.7642
9.82442
9.78309
9.80068
9.79791
9.78103
9.82199
9.79979
9.79846
9.77585
9.82056
9.8006
9.8575
9.86159
9.84429
9.81934
9.82454
9.84063
9.90807
9.88127
9.90094
9.8819
9.90592
9.88643
9.90513
9.92604
9.93609
9.98582
9.95907
9.94357
9.91949
9.96741
9.9266
9.97012
9.94031
9.98893
9.94426
9.92808
9.97055
9.69498
9.63583
9.63816
9.59339
9.69003
9.64863
9.6454
9.79819
9.84014
9.87797
9.88948
9.80502
9.83175
9.86221
9.75041
9.77818
9.71145
9.83692
9.75884
9.70507
9.81982
8.87829
9.02664
8.87187
8.75625
9.0031
8.91648
8.88084
9.22497
9.33454
9.36771
9.44146
9.2335
9.33082
9.35226
9.12185
8.98541
9.13594
9.2604
9.11247
8.98533
9.2493
6.86227
6.54332
6.93546
7.30491
7.24419
7.47594
7.03259
7.85571
8.0631
8.17974
8.34514
7.8447
8.09683
8.14966
7.55094
7.33806
7.66951
7.95682
7.51136
7.27304
7.89184
0.503226
1.13195
1.20627
3.21383
3.16409
3.06365
2.8295
4.80731
5.02375
5.68069
6.05747
4.67979
5.09978
5.76307
4.32759
3.90553
5.10604
5.25518
4.07912
4.05165
5.38149
0.713264
1.80216
1.69507
0.65199
2.99977
2.99188
3.99142
4.17115
3.00608
3.06001
4.09202
2.98899
3.95182
3.03745
4.05382
10.4698
10.4789
10.395
10.4162
10.5711
10.4863
10.5033
10.3586
10.355
10.4575
10.2836
10.4382
10.2683
10.3702
10.4323
10.6057
10.546
10.5337
10.5347
10.4559
10.522
10.4144
10.3909
10.4919
10.2868
10.4999
10.3017
10.4043
10.5289
10.6256
10.7248
10.6321
10.6286
10.5304
10.6287
10.5352
10.6373
10.6295
10.734
10.6331
10.5297
10.6449
10.2341
10.1618
10.2899
10.0128
10.3271
10.0674
10.1907
10.4417
10.5732
10.6966
10.6077
10.5532
10.4699
10.588
10.4169
10.5441
10.5027
10.6794
10.5286
10.3817
10.5699
9.77415
9.62458
9.81974
9.41438
9.89038
9.50734
9.6997
10.1229
10.3126
10.4762
10.3818
10.2666
10.1764
10.3408
10.0703
10.2504
10.1605
10.432
10.2125
10.0112
10.2959
9.11056
8.82258
9.12606
8.61116
9.21409
8.70704
9.03133
9.62917
9.84393
10.0595
9.98211
9.77717
9.69578
9.92872
9.56144
9.81046
9.62978
9.99009
9.70282
9.49567
9.86527
8.49064
8.09267
8.48283
8.03125
9.09269
9.23617
9.45356
9.49531
9.15843
9.15687
9.43845
9.02086
9.36691
9.07313
9.36512
11.5314
11.4145
11.3887
11.4028
11.5842
11.5537
11.4455
11.3254
11.4038
11.4903
11.261
11.4737
11.2557
11.3389
11.4292
11.6129
11.4826
11.5985
11.5791
11.4437
11.4649
11.393
11.4659
11.5571
11.2896
11.5581
11.2934
11.3944
11.5386
11.69
11.7434
11.5839
11.7007
11.5288
11.5959
11.5492
11.6157
11.7132
11.7499
11.7075
11.5557
11.6059
11.3054
11.3145
11.3554
11.177
11.3958
11.1993
11.2849
11.5366
11.6346
11.6342
11.5999
11.6097
11.5461
11.5951
11.5216
11.5505
11.5392
11.5976
11.5751
11.4997
11.5726
10.9878
10.8419
10.9138
10.8933
11.2932
11.2806
11.2444
11.3947
11.214
11.352
11.3141
11.2731
11.1916
11.1502
11.3049
11.9612
12.0052
11.9908
12.0162
12.0135
11.9849
12.0333
11.9538
11.9094
11.928
11.9709
11.9121
11.9514
11.9693
12.0491
12.0417
12.0771
12.0312
12.0106
12.0647
12.0604
12.0638
11.9871
12.0202
12.0425
12.0187
12.0621
12.0456
12.166
12.1256
12.1666
12.1808
12.1341
12.17
12.1824
12.1911
12.198
12.1519
12.1812
12.1493
12.1801
12.2003
7.83358
7.52477
8.11312
7.97163
7.95479
7.60088
8.22129
7.79899
8.02868
8.15862
7.98286
8.19574
7.45834
7.74777
8.0581
7.98182
7.55679
7.97546
8.05967
8.04224
8.13809
7.74065
8.0675
8.10448
8.86697
8.29581
7.91353
8.47716
8.69696
8.49826
8.68337
8.44885
8.0151
8.57617
8.3564
8.2133
8.38699
8.21155
8.23867
8.07068
8.43072
8.2178
8.24753
8.09857
8.32054
8.79093
8.61982
8.31504
8.56889
8.56278
8.70411
8.37636
8.41736
8.61971
7.30247
7.49338
7.53092
7.30236
7.56081
7.92641
7.66142
8.09659
7.89346
7.89674
8.09147
7.98701
8.13677
8.02179
8.15987
8.53507
8.38574
8.38468
8.54257
8.16832
8.30068
8.29734
8.16345
8.33928
8.33934
8.17956
8.3013
8.2256
8.6838
8.67254
8.41491
8.45881
8.61239
8.36515
8.57796
8.47517
8.84138
8.8986
8.77644
8.6778
8.77229
8.66816
9.08765
8.63736
8.80951
8.90539
8.72667
8.97276
8.66139
8.79005
8.93481
8.81946
8.90136
8.72422
8.88547
8.68531
8.89431
8.64634
8.59863
8.93786
8.66655
8.71537
8.57144
8.74729
8.71881
8.95409
8.80989
8.88899
9.19419
8.98907
8.97428
9.06986
9.14876
9.09043
9.12942
9.48341
8.46812
9.25178
9.12414
8.97281
9.15162
9.14308
8.7844
9.19734
9.08308
8.99756
9.08826
8.96086
8.99229
9.11568
9.20122
9.19277
9.07185
9.1179
9.11074
9.08484
8.96704
9.06436
8.82987
9.19965
8.94062
8.62783
8.70896
8.70712
8.62446
8.94254
8.8795
8.87388
8.93691
8.87873
8.84979
8.80309
8.87701
8.7317
8.64822
8.65952
8.72018
8.89572
8.92804
8.88515
8.95
9.0362
8.96707
9.13009
9.12522
8.96083
9.02991
9.06924
9.18783
9.17163
9.14712
9.05
9.18484
9.14437
9.13235
8.94175
9.03253
9.11928
8.97205
9.05137
9.08566
9.18061
9.29697
9.23931
9.18289
9.24198
9.15819
8.85111
9.48638
9.12541
9.27251
9.3821
9.2648
9.37921
9.14653
9.41037
9.1712
9.28272
9.33864
9.28657
9.34896
9.19024
9.10931
9.18741
9.23869
9.16637
9.10597
9.27569
9.25057
9.36598
9.44266
9.25717
9.18968
9.35215
9.33175
9.49102
9.25973
9.45717
9.38852
9.33655
9.33725
9.39545
9.41932
9.4332
9.24504
9.40577
9.48065
9.43599
9.46349
9.26345
9.68256
9.54998
9.39909
9.34298
9.41911
9.33608
9.38692
9.30668
9.45357
9.39854
9.34196
9.50486
9.33697
9.27756
9.43944
9.31573
9.2978
9.35733
9.41453
9.26835
9.27303
9.19415
9.16536
9.22391
9.17517
9.26042
9.239
9.31076
9.36305
9.42833
9.24396
9.30763
9.43153
9.27264
9.41488
9.45352
9.50973
9.48472
9.37615
9.42935
9.40701
9.49306
9.3812
9.44124
9.39649
9.49168
9.44142
9.40945
9.51904
9.41881
9.68943
9.52896
9.49641
9.43594
9.55776
9.36514
9.52961
9.54359
9.52266
9.55546
9.54684
9.4819
9.51999
9.81169
9.55452
9.6113
9.57767
9.47933
9.58172
9.59089
9.64618
9.39731
9.52268
9.55748
9.55677
9.56995
9.64879
9.66656
9.61643
9.69715
9.56889
9.6834
9.66953
9.61921
9.565
9.6195
9.68488
9.61084
9.65353
9.58684
9.44085
9.63229
9.65957
9.62191
9.59005
9.60532
9.66497
9.71067
9.64963
9.78915
9.71862
9.73736
9.76938
9.68303
9.68338
9.74881
9.77583
9.76093
9.75504
9.68383
9.72063
9.65846
9.67455
9.59134
9.60553
9.67967
9.6661
9.62941
9.75248
9.79953
9.8303
9.83462
9.72375
9.81812
9.76225
9.7417
9.66952
9.79362
9.8334
9.7377
9.80697
9.72805
9.50501
9.66384
9.64124
9.58778
9.58963
9.58163
9.66604
9.78129
9.76216
9.87313
9.84726
9.85082
9.80198
9.77242
9.78039
9.80185
9.8762
9.86143
9.86283
9.77035
9.78714
9.61754
9.65985
9.60663
9.56611
9.67301
9.65529
9.56071
9.80377
9.8105
9.91932
9.9266
9.79428
9.9105
9.81206
9.79898
9.78749
9.88495
9.91311
9.81243
9.90068
9.79181
9.42809
9.52959
9.51448
9.66018
9.66472
9.63086
9.6769
9.83434
9.80232
9.96809
9.93978
9.95805
9.82397
9.82095
9.84707
9.86216
9.9987
9.98529
9.97648
9.83184
9.86731
9.54519
9.53295
9.55972
9.70991
9.65392
9.68816
9.68538
9.94194
9.97109
10.09
10.1132
9.93675
10.0831
9.97599
9.91529
9.87765
10.0254
10.0593
9.90974
10.0489
9.88738
10.0494
10.0074
10.1929
10.1522
10.187
10.0419
10.0104
9.88538
9.7124
9.90452
9.78958
9.74344
9.86379
9.92743
10.0887
10.2659
10.2335
10.1193
10.2287
10.0838
10.1308
10.2558
10.2794
10.3805
10.4247
10.241
10.3867
10.2937
10.0159
9.85372
9.95313
9.84196
9.99765
9.97714
9.89035
10.216
10.3079
10.3444
10.1612
10.2
10.3469
10.1734
10.3671
10.3163
10.4803
10.4593
10.4946
10.3509
10.3307
10.2308
10.0895
10.2458
10.156
10.1158
10.2114
10.2692
10.3982
10.5562
10.5089
10.4112
10.5239
10.381
10.4326
10.5027
10.4871
10.5835
10.6466
10.4702
10.6242
10.5276
10.3354
10.193
10.2746
10.1902
10.3033
10.3016
10.2247
10.4866
10.5791
10.5711
10.4315
10.455
10.6078
10.4557
10.5545
10.4974
10.6081
10.6547
10.6697
10.5057
10.5367
10.4248
10.2832
10.377
10.3376
10.3227
10.3736
10.4375
10.556
10.6733
10.6072
10.5097
10.6687
10.5079
10.5659
10.5545
10.4732
10.565
10.6311
10.4883
10.6506
10.5431
10.4365
10.2893
10.3744
10.3372
10.3684
10.4343
10.3446
10.5634
10.6656
10.5809
10.5055
10.4985
10.6618
10.5626
10.5045
10.4563
10.4814
10.617
10.5833
10.4327
10.5286
10.3615
10.215
10.2304
10.2602
10.2854
10.2668
10.3277
10.4861
10.5193
10.4429
10.3805
10.5646
10.409
10.4515
10.2347
10.347
10.2296
10.3404
10.3046
10.3997
10.3067
10.2618
10.1247
10.1884
10.2315
10.1421
10.2974
10.1996
10.3856
10.2763
10.4909
10.3519
10.3142
10.4416
10.4244
10.2233
9.9028
10.2164
10.2012
10.2989
10.2301
10.2623
9.90626
9.67415
9.80189
9.99321
9.90724
9.97927
9.93291
9.81602
10.3581
10.1589
10.1562
10.1194
10.1697
10.1196
10.2925
8.91545
10.0913
9.89569
9.97377
9.80019
9.80411
9.52861
9.429
9.79226
9.84499
9.869
9.78669
9.61212
9.98416
10.204
9.96482
10.0524
9.99748
10.0276
9.85022
6.16537
10.1132
9.73182
9.90371
9.87299
9.73644
9.88125
9.83742
8.92149
9.38109
9.27193
9.33779
9.46086
10.8446
9.50774
9.43624
9.5939
9.34995
9.82354
9.76839
9.70231
9.5873
9.51482
9.59011
9.17073
9.10901
9.59002
9.28335
9.01628
9.41836
9.32336
10.4695
5.48579
9.24197
9.42395
9.00686
8.8287
9.15488
9.30582
9.14015
8.97609
9.61067
9.76091
9.52701
9.45577
9.85891
9.52427
9.68387
9.15998
9.46569
9.33912
9.2345
9.1097
9.40162
9.0408
9.50844
9.42456
9.56599
9.52412
9.56547
9.98212
9.72185
9.59262
9.64734
9.50319
9.79418
9.35372
9.22206
9.51808
9.12978
9.27828
9.52103
9.16035
9.01209
9.28133
8.89146
9.19969
8.94692
9.06991
8.99639
9.26048
9.31344
9.07267
-1.26777
-1.38732
-1.02166
-0.986018
-0.313785
-0.34137
-0.631979
-0.612013
9.53757
9.36798
9.41955
9.39132
9.44886
9.34949
9.37515
9.47725
9.38493
9.42143
9.44227
9.50633
9.45606
9.49032
9.50416
9.46703
9.48473
9.46691
9.48707
9.49732
9.54347
9.65395
9.39388
9.50968
9.50034
9.75158
9.56742
10.0361
9.65829
9.50406
9.62998
9.62365
9.6472
9.6229
9.57628
9.54125
9.51643
9.50346
9.54587
9.59354
9.48916
9.54504
9.55448
9.69721
9.6688
9.54357
9.60038
9.58378
9.57485
9.5813
9.52834
9.59051
9.56311
9.50481
9.57319
9.54808
9.57999
9.57974
9.58743
9.58284
9.51113
9.57984
9.5343
9.59329
9.62876
9.57994
9.58776
9.57748
9.56889
9.60891
9.57028
9.70824
9.6895
9.58259
9.6824
9.62862
9.62196
9.62771
9.55225
9.61394
9.57723
9.57236
9.55385
9.6062
9.61591
9.5616
9.57014
9.7053
9.70047
9.69606
9.38542
9.79551
9.60591
9.58113
9.54833
9.60442
9.69438
9.3351
9.30716
9.49527
9.51538
9.50767
9.49307
8.94922
10.1471
9.83269
9.57399
9.54106
9.62564
9.56839
9.51587
9.60983
9.47073
9.56332
9.59454
9.46508
9.49728
9.56123
9.49603
9.4823
9.51461
9.49193
9.6535
9.66039
9.64301
9.63814
9.59847
9.62076
9.60391
9.58095
9.60349
9.57258
9.5952
9.58158
9.595
9.66697
9.66281
9.59191
9.58805
9.65587
9.60222
9.6463
9.66146
9.64743
9.64311
9.5152
9.54424
9.53919
9.52404
9.51691
9.5352
9.49727
9.58275
9.61446
9.569
9.5551
9.56566
9.60049
9.55996
9.5368
9.60798
9.57335
9.56246
9.60692
9.52441
9.51984
9.55871
9.51167
9.51901
9.53908
9.50086
9.66233
9.26562
9.52646
9.35812
9.44149
9.36164
9.44787
9.33302
8.93903
9.09913
9.1651
9.07829
9.18373
9.0915
9.1754
9.4977
9.44798
9.27873
9.24111
9.30042
9.22454
9.22433
9.23972
9.18626
9.38202
9.34445
9.18319
9.24245
9.44116
9.46364
8.88429
8.98962
9.05021
9.61665
9.21485
9.21912
8.89852
9.02213
9.02366
9.22942
9.16357
9.1759
9.50321
9.41119
9.46431
9.4428
9.45546
9.4839
9.40113
9.42541
9.37251
9.46639
9.44153
9.27826
9.396
9.36174
9.43986
9.28627
9.44092
9.35184
9.47098
9.3984
9.36002
9.44573
9.4542
9.40408
9.49664
9.46635
9.48262
9.40138
9.40131
9.17427
9.25914
9.22616
9.25171
9.37041
9.16537
9.22574
9.18663
9.25544
9.41457
9.27244
9.3682
9.1722
9.40875
9.41918
8.87242
9.03116
9.01461
8.88121
9.04977
9.02048
9.167
9.2162
9.15026
9.19045
9.22346
9.15671
9.57951
9.65482
9.46226
9.64778
9.52241
9.5192
9.69978
9.48544
9.48844
9.3224
9.45907
9.54624
9.42299
9.39686
9.41439
9.24268
9.28719
9.23941
9.3493
9.34607
9.31486
8.19665
8.69919
8.4968
8.67279
8.53642
8.77886
8.56568
8.68851
8.88513
8.79884
8.71674
8.89468
8.68951
8.8574
8.81606
8.97764
8.89389
8.99817
8.91237
8.72521
8.94106
9.09083
8.9844
9.07953
9.06009
8.77446
9.13743
8.95958
9.23012
9.25262
9.18472
9.34145
9.16566
9.27533
9.29186
9.13492
8.93725
9.10278
9.13104
9.07883
9.17945
9.04334
9.9912
10.0518
9.9134
10.0441
9.95204
9.95536
10.0817
9.90489
9.91935
9.81089
9.88011
9.94379
9.88192
9.84338
9.8648
9.75611
9.78973
9.76483
9.82337
9.83805
9.79968
9.43308
9.4926
9.44446
9.44615
9.47867
9.42916
9.4995
9.44084
9.32253
9.43627
9.42023
9.47736
9.38979
9.38191
9.50638
9.52413
9.59974
9.50694
9.545
9.46116
9.56022
9.58584
9.55684
9.59718
9.60578
9.54189
9.59114
9.55907
9.71763
9.7294
9.73088
9.79205
9.69037
9.75242
9.75706
9.666
9.587
9.6573
9.67817
9.63632
9.70306
9.62066
10.1603
10.1812
10.1085
10.228
10.1467
10.1134
10.2383
10.0721
10.0283
9.98342
10.0229
10.0778
10.0305
10.0156
10.0747
10.0017
10.023
9.98137
10.0595
10.0307
10.0177
9.83189
9.77123
9.84304
9.83011
9.86358
9.80366
9.79764
9.80627
9.78859
9.82447
9.8297
9.80277
9.79872
9.83376
9.85867
9.91781
9.8702
9.85926
9.8924
9.83465
9.88364
9.92315
9.90718
9.92994
9.96433
9.90226
9.95514
9.9335
9.87678
9.85768
9.84635
9.85071
9.86441
9.85705
9.86945
9.91841
9.9335
9.92372
9.87908
9.89383
9.951
9.89985
10.0415
10.0048
10.0059
10.1259
10.0689
9.9746
10.0947
9.92186
9.80804
9.83353
9.84985
9.88209
9.85284
9.88565
9.96492
9.94849
9.93027
9.87262
9.99136
9.8965
9.92501
9.92861
9.90451
9.91932
9.95684
9.9554
9.89948
9.92757
9.88885
9.87139
9.85469
9.88072
9.88682
9.86834
9.881
9.91226
9.92613
9.90338
9.8702
9.93764
9.88575
9.90317
9.81798
9.7435
9.78675
9.79924
9.78035
9.83428
9.78485
9.83806
9.81818
9.83132
9.85767
9.80668
9.85637
9.84119
9.85712
9.89772
9.82744
9.84469
9.81828
9.87552
9.87625
9.43948
9.61617
9.66007
9.67697
9.68284
9.56253
9.61294
9.17692
9.41227
9.36319
9.31132
9.29527
9.25658
9.40151
9.48539
9.46648
9.44369
9.55822
9.56706
9.37634
9.4817
9.68825
9.69582
9.63911
9.74474
9.69487
9.64742
9.73524
9.60869
9.60611
9.51083
9.57199
9.62882
9.57462
9.54767
9.62678
9.5639
9.57288
9.52648
9.6281
9.58706
9.5662
9.20314
9.32751
9.23546
9.21369
9.29167
9.3109
9.23267
9.39075
9.4023
9.43258
9.49912
9.35174
9.46918
9.42582
9.41514
9.33738
9.48465
9.45282
9.37898
9.40437
9.49198
8.37685
9.19183
9.38621
8.78503
9.04422
8.93279
8.84754
7.21538
8.77158
8.22402
8.39992
8.07732
8.46313
8.38879
8.55217
8.3658
8.19606
8.41387
9.01085
8.82046
8.54638
8.37703
8.56783
8.11511
8.61377
8.74491
8.75123
8.55761
9.10075
8.85184
8.99593
9.01416
9.10034
8.99452
9.12864
8.86767
8.58952
8.74686
8.82633
8.74175
8.90166
8.66274
8.73194
8.72616
8.89567
8.89244
8.70539
8.84246
8.74437
8.43999
7.82607
7.97923
8.29754
7.99575
8.18893
8.17265
8.43166
8.37353
8.22179
8.30482
8.59155
8.50584
8.39506
8.05246
8.61943
8.50108
8.40722
8.55762
8.38217
8.58398
8.64986
8.25865
8.28002
8.42892
8.90732
8.89118
8.41503
-0.958673
-1.05494
-1.03474
-0.912816
-0.796703
-0.850272
-0.961141
-0.442595
-0.662422
-0.900535
-0.330997
-1.05163
-0.919895
-0.838395
-0.953266
-0.415323
-0.354504
-0.323767
-0.257237
-0.451359
-0.313585
-0.438492
9.86956
9.85248
9.85072
9.82998
9.85107
9.86838
9.85061
9.89562
9.9248
9.95011
9.94606
9.90825
9.91032
9.93368
9.87378
9.89294
9.87264
9.92953
9.85356
9.89172
9.91346
9.87918
9.81006
9.86259
9.88695
9.86847
9.8283
9.9235
10.0834
10.0585
10.0331
9.97139
10.0302
10.0015
9.99284
9.92509
9.88354
9.98771
9.88805
9.86938
9.9569
9.94006
10.165
10.0813
10.1049
10.0385
10.0717
10.0785
10.0141
10.0133
10.0727
9.99685
9.97655
10.0529
9.96097
10.0298
9.99295
10.0069
9.91818
9.97532
10.031
9.93818
9.97481
9.87621
9.83619
9.88607
9.86371
9.88792
9.86919
9.84861
9.88583
9.87295
9.95587
9.9195
9.86494
9.89617
9.93597
9.9076
9.96193
9.92931
9.97304
9.91758
9.91738
9.95519
10.057
10.0922
10.0401
9.9918
10.0008
10.1038
10.0497
10.1235
10.2734
10.2044
10.2082
10.1991
10.1964
10.1303
10.0706
10.0116
10.05
10.1207
10.0088
10.1167
10.0723
10.0661
10.1006
10.0345
9.97946
10.1119
9.99293
10.057
10.14
10.2965
10.2111
10.2184
10.2126
10.138
10.2221
10.075
10.0089
10.0467
10.1241
10.121
10.0048
10.0753
9.51432
9.43403
9.57326
9.52065
9.57926
9.5063
9.44721
9.50599
9.43061
9.61621
9.52803
9.42344
9.51117
9.59834
9.58236
9.72323
9.65115
9.68503
9.64412
9.58828
9.66849
10.0186
10.0824
9.97046
9.95779
9.93319
10.0621
10.0373
10.0873
10.2599
10.1288
10.1702
10.1891
10.1518
10.062
9.98826
9.8626
9.93637
10.0015
9.9009
10.032
9.95841
9.81947
9.81201
9.74241
9.64127
9.86665
9.70494
9.7655
9.99415
10.188
10.0966
10.1444
10.0623
10.03
10.1157
9.87465
9.81497
9.80375
9.96108
9.92061
9.76603
9.91519
8.36372
8.56243
8.71852
8.60393
8.74043
8.56097
8.4089
8.51962
8.30006
8.72165
8.54591
8.31971
8.49144
8.7106
8.6894
8.83579
9.00888
8.88228
8.85613
8.67894
8.87103
9.62847
9.74375
9.51931
9.56491
9.48468
9.67336
9.69721
9.71833
9.95923
9.71463
9.82071
9.88494
9.78713
9.64267
9.5455
9.29152
9.42283
9.50229
9.39217
9.58942
9.45833
9.13007
9.0486
8.93399
8.77192
9.17383
8.9177
9.00573
9.46984
9.75543
9.63039
9.74933
9.54237
9.56044
9.67253
9.25252
9.17924
9.07847
9.40088
9.29607
9.057
9.35797
5.73173
5.83027
5.41101
6.24937
6.86877
6.5348
6.97299
6.02896
5.78213
6.785
6.45694
5.69566
6.1006
6.74435
6.54153
6.94438
7.36772
7.2137
6.84679
6.69668
7.10829
8.71377
8.90106
8.43515
8.59822
8.42659
8.75364
8.85774
8.89117
9.26824
8.81022
9.06722
9.18117
8.9491
8.75243
8.5381
8.01794
8.21907
8.40944
8.21457
8.57798
8.37462
7.77295
7.57083
7.23458
7.02649
7.77577
7.26643
7.57659
8.44707
8.90092
8.64847
8.94048
8.49718
8.60042
8.81627
7.99219
7.76661
7.54184
8.20056
8.01248
7.54558
8.17427
0.313174
0.78031
0.585156
2.17426
2.24139
2.40789
1.90265
3.27997
3.00294
4.2846
4.26533
3.13357
3.07444
4.41295
3.47619
3.46119
4.81675
4.47714
3.71869
3.31142
4.59399
7.1501
7.32313
6.42267
6.73122
6.495
7.11997
7.34649
7.62637
8.20724
7.52032
8.03063
8.15007
7.66087
7.47332
6.92899
6.00295
6.13274
6.71988
6.22724
6.89491
6.74124
6.26505
6.10228
5.38864
5.30431
6.22373
5.44137
6.14908
7.20564
7.83587
7.37127
7.91225
7.24543
7.3383
7.80542
6.40115
5.78541
5.54212
6.52994
6.37208
5.59627
6.5575
5.97906
5.99132
5.14954
5.2108
5.12898
5.90358
6.0582
6.74637
7.3438
7.3721
6.79124
5.9138
5.11012
5.07945
5.8314
10.3948
10.394
10.4733
10.2989
10.3844
10.4852
10.3061
10.5114
10.6137
10.6953
10.6086
10.5154
10.6036
10.6069
10.4902
10.5691
10.5697
10.6713
10.4796
10.5847
10.5801
10.6687
10.5694
10.6351
10.6636
10.5865
10.5802
10.7263
10.8861
10.8745
10.845
10.7749
10.8781
10.8143
10.8138
10.6901
10.715
10.7921
10.631
10.6151
10.7775
10.7187
11.0106
10.9011
10.9251
10.8559
10.8471
10.9556
10.8253
10.791
10.9045
10.7835
10.7135
10.8723
10.7058
10.7929
10.7581
10.8169
10.6646
10.7793
10.8463
10.6708
10.7446
10.3778
10.3391
10.48
10.271
10.3957
10.4643
10.2473
10.5062
10.592
10.7298
10.6197
10.4866
10.606
10.6346
10.5153
10.6447
10.6254
10.7345
10.5289
10.6169
10.6363
11.1447
11.0351
11.0318
10.9656
11.077
11.0628
10.9685
10.827
10.914
10.8433
10.7394
10.7427
10.9315
10.8277
10.855
10.9579
10.7613
10.8603
10.7624
10.95
10.8511
11.1899
11.0673
11.0639
10.994
11.0992
11.1111
10.9943
10.8827
10.9912
10.8815
10.7635
10.9886
10.7749
10.8727
10.8662
10.9729
10.7735
10.8782
10.9781
10.7687
10.874
10.0928
10.0033
10.2446
9.95812
10.1447
10.1988
9.89394
10.2699
10.3594
10.5812
10.4201
10.2221
10.3989
10.4567
10.3086
10.5194
10.4709
10.612
10.3503
10.4382
10.4881
10.8729
10.9966
10.8733
10.7617
10.7468
10.9969
10.881
11.0244
11.2639
11.164
11.1265
11.1257
11.1608
11.0176
10.8723
10.7203
10.8657
10.9907
10.7396
10.9954
10.8603
10.8239
10.9502
10.8096
10.639
10.9628
10.6671
10.8051
11.0112
11.2835
11.1666
11.1325
11.1669
11.0204
11.1314
10.837
10.7085
10.8284
10.9834
10.9751
10.6846
10.8527
9.53953
9.34454
9.73793
9.31871
9.6195
9.6603
9.21907
9.82753
9.91523
10.2331
10.0424
9.76154
9.97701
10.0948
9.88978
10.2
10.1003
10.2903
9.95335
10.0431
10.1508
10.7639
10.9321
10.7432
10.6156
10.5838
10.9142
10.7864
10.9633
11.2673
11.1195
11.094
11.1044
11.1317
10.9449
10.739
10.5196
10.7137
10.8668
10.5546
10.8905
10.7131
10.6171
10.7386
10.5755
10.368
10.7737
10.408
10.5859
10.9074
11.2285
11.102
11.0776
11.085
10.9274
11.0642
10.653
10.4853
10.6161
10.8372
10.8088
10.4473
10.682
8.87028
8.52389
9.02606
8.51773
8.94507
8.936
8.42982
9.29531
9.31895
9.69234
9.56795
9.23083
9.39417
9.62399
9.36339
9.74519
9.54912
9.77313
9.42763
9.47504
9.69102
10.5097
10.6966
10.4443
10.3249
10.2824
10.6537
10.5445
10.7737
11.0651
10.875
10.9113
10.9382
10.9193
10.7419
10.4631
10.19
10.387
10.5446
10.2346
10.5975
10.4253
10.276
10.2832
10.1387
9.97951
10.3508
10.0346
10.2279
10.6646
10.9116
10.8219
10.8701
10.769
10.703
10.8353
10.3341
10.1381
10.2079
10.4816
10.4207
10.0919
10.3739
10.1105
10.2063
9.91926
9.91696
9.85974
10.1306
10.1644
10.4062
10.5551
10.5746
10.4161
10.0431
9.83473
9.79452
10.0459
11.362
11.4413
11.5051
11.2747
11.3499
11.519
11.2802
11.5017
11.6755
11.6999
11.5605
11.5124
11.6605
11.5521
11.4813
11.5069
11.6206
11.6797
11.4639
11.6412
11.5243
11.6301
11.493
11.507
11.528
11.6587
11.5104
11.6597
11.7035
11.6679
11.636
11.6301
11.7484
11.7212
11.6598
11.5647
11.6817
11.716
11.5722
11.545
11.6876
11.5803
11.7719
11.6959
11.7331
11.7209
11.7738
11.7962
11.6955
11.6723
11.7924
11.7869
11.6722
11.7789
11.6585
11.6925
11.6364
11.7381
11.6058
11.7617
11.7599
11.6271
11.6211
11.3871
11.4509
11.552
11.2853
11.3892
11.5434
11.2787
11.56
11.6618
11.7083
11.6149
11.5593
11.6798
11.6168
11.5631
11.6176
11.7082
11.7264
11.5598
11.6966
11.6226
11.7367
11.8055
11.831
11.6985
11.7139
11.8135
11.7175
11.8538
11.8454
11.8769
11.8734
11.8558
11.8738
11.8703
11.7501
11.7449
11.8339
11.8192
11.7309
11.8188
11.7663
11.7798
11.7796
11.8084
11.7662
11.7944
11.765
11.7849
11.8982
11.8539
11.8786
11.8902
11.8743
11.8865
11.901
11.7809
11.7542
11.8223
11.8156
11.8068
11.7641
11.7732
11.2147
11.1792
11.3057
11.145
11.2482
11.2549
11.1087
11.4168
11.3393
11.4188
11.4112
11.3727
11.396
11.4612
11.4416
11.523
11.4953
11.47
11.4743
11.4486
11.4894
11.7736
11.7597
11.7506
11.7651
11.7578
11.7369
11.782
11.913
11.8451
11.8133
11.8909
11.9137
11.8279
11.8928
11.7653
11.7291
11.7226
11.6853
11.7475
11.7116
11.745
11.6895
11.5705
11.5822
11.6356
11.6034
11.6808
11.6424
11.8685
11.8231
11.8007
11.8993
11.7853
11.8936
11.8816
11.7057
11.7163
11.6196
11.6585
11.6312
11.6873
11.7322
11.7395
11.7995
11.7953
11.7015
11.565
11.5415
11.4608
11.6309
11.5638
11.5028
11.632
11.5706
11.4258
11.5605
11.4723
11.9987
11.9447
11.9448
11.9928
11.9914
11.9581
12.0031
12.1351
12.1066
12.1203
12.1552
12.1427
12.0925
12.1439
12.1064
12.1063
12.0528
12.0973
12.0955
12.0715
12.1166
12.1153
12.0921
12.1067
12.1323
12.1136
12.1138
12.1452
12.2918
12.2722
12.2523
12.236
12.2729
12.2565
12.2594
12.1654
12.1394
12.1958
12.1663
12.1513
12.1707
12.1819
12.3455
12.2969
12.318
12.3022
12.2988
12.3145
12.2846
12.2543
12.2738
12.2262
12.2519
12.2555
12.2431
12.2597
12.2235
12.2163
12.2027
12.2043
12.2366
12.2133
12.2121
12.1581
12.1989
12.1722
12.1951
12.1898
12.1603
12.214
12.0483
11.9843
12.0261
12.0601
12.07
12.0229
12.0388
12.1851
12.1983
12.2083
12.1655
12.2033
12.1579
12.1985
12.4153
12.3975
12.394
12.3791
12.3993
12.3814
12.3789
12.2894
12.2894
12.2715
12.2765
12.279
12.3015
12.2873
12.3109
12.3185
12.2933
12.282
12.3008
12.3169
12.3096
12.3366
12.2885
12.3275
12.3352
12.3158
12.3477
12.3065
12.4415
12.4075
12.4044
12.3778
12.3926
12.4072
12.3859
12.3261
12.2928
12.3344
12.3068
12.3327
12.3007
12.3272
9.41707
9.52684
9.49391
9.51665
9.68682
9.55554
9.43386
9.36299
9.52236
9.48045
9.52756
9.54106
9.55399
9.54439
9.51818
9.80919
9.55229
9.60953
9.57612
9.58013
9.47714
9.64435
9.52065
9.56823
9.58912
9.39552
9.55465
9.55555
9.64791
9.66437
9.69539
9.61452
9.6816
9.66899
9.56737
9.61791
9.5628
9.61802
9.68198
9.65196
9.58538
9.60887
9.44079
9.62163
9.5892
9.63043
9.65861
9.66632
9.60549
9.71163
9.64799
9.71691
9.78371
9.68365
9.73585
9.76601
9.684
9.74438
9.77486
9.76476
9.75148
9.72068
9.68599
9.65792
9.60472
9.62863
9.6797
9.59117
9.66642
9.67973
9.74773
9.80081
9.83065
9.83019
9.82209
9.76094
9.72199
9.7425
9.66756
9.79499
9.83178
9.80616
9.72882
9.7353
9.50718
9.59128
9.59078
9.66894
9.64254
9.6654
9.58572
9.77689
9.76471
9.84499
9.87409
9.76949
9.85576
9.80048
9.78534
9.80155
9.87259
9.86492
9.87153
9.79292
9.77327
9.61923
9.56438
9.56111
9.65983
9.60371
9.65563
9.6763
9.80174
9.81131
9.92863
9.92081
9.91216
9.81127
9.79387
9.79817
9.78267
9.88713
9.91515
9.9003
9.79094
9.81478
9.427
9.53346
9.51378
9.66061
9.66584
9.67829
9.63136
9.83444
9.80242
9.94083
9.96987
9.82001
9.95943
9.82463
9.84702
9.86271
10.0002
9.98638
9.97769
9.8684
9.83193
9.54712
9.53195
9.56099
9.71129
9.65419
9.68593
9.68939
9.94397
9.97137
10.115
10.0908
10.0853
9.97769
9.93704
9.9168
9.87762
10.0275
10.06
10.0506
9.8887
9.91017
10.0511
10.0079
10.1546
10.1933
10.0126
10.1891
10.0422
9.88729
9.71288
9.79157
9.90518
9.92912
9.74559
9.86441
10.0907
10.2682
10.234
10.1195
10.2312
10.1325
10.0841
10.2566
10.2798
10.4267
10.3812
10.3887
10.2945
10.2415
10.018
9.85432
9.84467
9.9537
9.9798
9.89247
9.99833
10.2174
10.3105
10.3447
10.1614
10.3495
10.1752
10.2003
10.3678
10.3168
10.4606
10.4813
10.3307
10.4961
10.3515
10.2327
10.0902
10.1577
10.2467
10.2719
10.1166
10.2124
10.3982
10.5575
10.51
10.4118
10.5248
10.4335
10.3816
10.5047
10.4862
10.6495
10.5842
10.6266
10.5302
10.47
10.3384
10.1934
10.1913
10.2754
10.3038
10.2266
10.3037
10.4882
10.5805
10.572
10.432
10.6098
10.4566
10.4552
10.5581
10.4958
10.6583
10.6066
10.5403
10.674
10.5042
10.4285
10.2866
10.3391
10.38
10.4411
10.324
10.3761
10.5595
10.6788
10.6077
10.5092
10.6735
10.5681
10.5088
10.5504
10.4763
10.6401
10.5656
10.6508
10.5425
10.4897
10.4415
10.2931
10.3387
10.3788
10.4372
10.3453
10.3733
10.5635
10.671
10.5832
10.5063
10.668
10.5628
10.4999
10.5035
10.4579
10.6141
10.49
10.5237
10.5896
10.4379
10.3549
10.2252
10.26
10.2428
10.3247
10.2832
10.2767
10.4798
10.5212
10.4475
10.3895
10.5564
10.4504
10.414
10.244
10.3339
10.3007
10.3528
10.2408
10.3944
10.3173
10.2486
10.136
10.2365
10.2017
10.2922
10.1952
10.1524
10.3836
10.287
10.4817
10.3617
10.4447
10.4221
10.326
9.02725
8.89357
9.06187
9.13082
8.8902
9.08793
8.98162
9.40035
9.49685
9.5924
9.39481
9.34218
9.54019
9.45637
9.20376
9.00384
9.15661
9.18128
9.16041
9.27711
9.08168
9.58134
9.65552
9.6495
9.46302
9.70124
9.5244
9.51993
9.4867
9.48918
9.46068
9.32317
9.3986
9.54733
9.42376
9.41539
9.24396
9.28791
9.24014
9.35034
9.31621
9.34677
8.19724
8.69961
8.49699
8.67309
8.53685
8.77931
8.56626
8.68907
8.88569
8.79925
8.71711
8.89531
8.85789
8.69015
8.81657
8.97812
8.89449
8.99881
8.91296
8.94174
8.72575
9.09162
8.98507
9.08032
9.06072
8.77488
8.96016
9.13809
9.23126
9.25335
9.34233
9.18538
9.27627
9.29301
9.16642
9.13589
8.93783
9.1035
9.13165
9.18019
9.04416
9.07956
9.86584
9.93006
10.0047
9.86805
9.8197
9.96151
9.91226
9.66807
9.56145
9.53522
9.53439
9.62009
9.61323
9.59321
9.72996
9.70405
9.73722
9.60066
9.68211
9.77452
9.65768
9.99288
10.0528
10.0462
9.91433
10.0844
9.95342
9.95637
9.90656
9.92084
9.8815
9.81233
9.84467
9.94562
9.88322
9.86655
9.75765
9.79082
9.76612
9.82497
9.80115
9.83926
9.43413
9.49399
9.44583
9.44719
9.47973
9.50052
9.4301
9.44213
9.32346
9.42136
9.43713
9.38329
9.47831
9.3907
9.50794
9.52523
9.6009
9.50793
9.54617
9.56172
9.46217
9.58716
9.55836
9.59871
9.60693
9.54306
9.56021
9.5924
9.71918
9.73095
9.79351
9.73231
9.75386
9.7586
9.69183
9.6676
9.58824
9.65864
9.67943
9.70441
9.62226
9.63756
10.123
10.1716
10.227
10.1075
10.0934
10.2083
10.1444
10.0076
9.95161
9.91391
9.91646
9.97975
9.97616
9.94623
10.0284
9.9921
10.0179
9.94
10.0004
10.0517
9.968
10.1592
10.1866
10.2284
10.1137
10.2387
10.1478
10.1177
10.0715
10.0341
10.0211
9.98864
10.0152
10.077
10.0352
10.0744
10.0015
10.0288
9.98572
10.0606
10.0175
10.0359
9.83322
9.77295
9.83151
9.8449
9.79903
9.86497
9.80557
9.80752
9.79055
9.83126
9.82668
9.835
9.80436
9.80076
9.85976
9.91884
9.87254
9.86168
9.89356
9.88473
9.83683
9.92388
9.91151
9.96375
9.9343
9.95585
9.9353
9.90542
9.87797
9.86022
9.85215
9.84881
9.8582
9.87101
9.8671
9.91942
9.93435
9.92692
9.88178
9.95145
9.90063
9.89699
10.1168
10.1178
10.1516
10.0458
10.0689
10.1764
10.0983
10.0585
10.0241
10.0117
9.97269
10.0123
10.0649
10.0077
10.0373
9.97578
9.96881
9.9556
9.99223
10.0181
9.98902
10.0397
10.0131
10.126
10.0168
10.0826
10.0731
9.9837
9.92446
9.81247
9.84774
9.84103
9.88969
9.87294
9.86108
9.95632
9.94921
9.93812
9.87772
9.98876
9.92362
9.90304
9.92903
9.90696
9.9561
9.92362
9.92734
9.95516
9.90375
9.88869
9.87497
9.88252
9.8585
9.88069
9.88897
9.87076
9.91206
9.92488
9.90748
9.87392
9.93725
9.9038
9.88877
9.82127
9.74793
9.79664
9.79341
9.8361
9.78746
9.78662
9.83709
9.82031
9.86012
9.83484
9.85614
9.8406
9.8095
9.85804
9.89777
9.83123
9.849
9.87365
9.87792
9.82303
9.71421
9.7703
9.84299
9.81463
9.69883
9.75695
9.7483
9.76977
9.75886
9.80543
9.70036
9.698
9.83334
9.75113
9.71539
9.55736
9.63202
9.64298
9.62867
9.65183
9.69828
9.4423
9.70481
9.62545
9.61708
9.66446
9.68524
9.56578
9.17651
9.3115
9.30532
9.41977
9.36702
9.41843
9.25898
9.49137
9.47028
9.44641
9.56532
9.57954
9.48552
9.37748
9.69044
9.70017
9.74809
9.64236
9.73845
9.69451
9.65128
9.61057
9.61
9.57662
9.51276
9.54232
9.63489
9.57868
9.63337
9.56101
9.57688
9.52957
9.63312
9.57039
9.59166
9.19975
9.20713
9.23431
9.34533
9.23658
9.32297
9.29205
9.38449
9.40075
9.51176
9.4348
9.47829
9.43188
9.35016
9.41782
9.33686
9.49017
9.45629
9.3965
9.50918
9.37799
9.76211
9.77721
9.73858
9.76547
9.8263
9.78489
9.80248
9.7997
9.7829
9.80109
9.8239
9.8003
9.77714
9.82251
9.80191
9.85929
9.86389
9.84621
9.82122
9.82603
9.84242
9.87183
9.8547
9.83127
9.85269
9.85201
9.85303
9.87048
9.89738
9.9266
9.95136
9.95047
9.93733
9.9105
9.91224
9.87557
9.89526
9.87461
9.93136
9.85505
9.91678
9.89364
9.88095
9.81102
9.86379
9.8885
9.87031
9.82936
9.92544
10.0863
10.0635
10.0331
9.97107
10.0334
9.99432
10.0047
9.92583
9.88557
9.9899
9.8894
9.87027
9.94206
9.95884
10.1651
10.0835
10.1159
10.0424
10.0748
10.013
10.0814
10.0177
10.075
9.97751
9.99877
9.96251
10.0371
10.0551
9.99645
10.0085
9.91926
9.97621
9.93976
9.97518
10.0336
9.9104
9.88401
9.88199
9.90303
9.90869
9.88721
9.9074
9.92846
9.93777
9.96174
9.98816
9.94466
9.92138
9.97001
9.92927
9.97192
9.94294
9.99285
9.94561
9.92835
9.97127
9.87813
9.83871
9.86505
9.88943
9.84764
9.89063
9.87358
9.88693
9.87557
9.92127
9.95748
9.93809
9.86542
9.89882
9.90879
9.96496
9.93402
9.97418
9.91824
9.95754
9.92083
10.0623
10.0907
9.99211
10.0433
10.0495
10.002
10.1034
10.1266
10.2743
10.2066
10.2069
10.1351
10.1944
10.1955
10.0674
10.0147
10.0504
10.1223
10.0115
10.0743
10.1146
10.0626
10.1038
9.98106
10.036
9.99512
10.054
10.1147
10.1417
10.2998
10.2186
10.2138
10.1408
10.2215
10.2152
10.0721
10.0126
10.0469
10.1246
10.0076
10.0738
10.122
9.70124
9.63851
9.59526
9.63857
9.69205
9.65156
9.65067
9.79938
9.84284
9.89145
9.87896
9.80667
9.83227
9.8626
9.753
9.78061
9.71193
9.83904
9.76055
9.70631
9.82171
9.51865
9.43191
9.5264
9.57304
9.44868
9.58471
9.50599
9.50821
9.43064
9.53105
9.61681
9.60131
9.42567
9.51138
9.58405
9.72629
9.65182
9.6856
9.64654
9.67126
9.5884
10.0172
10.0855
9.95833
9.97331
10.0351
9.93436
10.065
10.0899
10.2631
10.1766
10.132
10.0652
10.1945
10.1567
9.98784
9.86412
9.93855
10.0047
9.9005
9.95957
10.0357
9.8221
9.81276
9.64383
9.74384
9.70709
9.76804
9.86813
9.99756
10.1882
10.1496
10.0998
10.0352
10.1207
10.0641
9.87581
9.81617
9.80528
9.96351
9.76806
9.91767
9.92133
8.87872
8.76211
8.92201
9.03026
8.87267
9.0034
8.88505
9.2279
9.33476
9.44411
9.36827
9.23393
9.33307
9.35543
9.12446
8.98654
9.13932
9.26115
9.11326
8.98865
9.25219
8.36626
8.60972
8.41523
8.56735
8.72004
8.74449
8.5631
8.52383
8.30352
8.55029
8.72422
8.71486
8.32434
8.49441
8.6934
8.83757
9.01248
8.88419
8.85955
8.87488
8.68108
9.63134
9.74475
9.5673
9.52029
9.6996
9.48762
9.6742
9.72155
9.96049
9.8237
9.71625
9.64653
9.88687
9.78884
9.54797
9.29461
9.42391
9.50338
9.39476
9.46141
9.59039
9.1336
9.05053
8.77531
8.93609
8.92095
9.00955
9.17548
9.47362
9.75674
9.75142
9.63201
9.56345
9.67579
9.54405
9.2559
9.18203
9.08026
9.40213
9.06016
9.3608
9.29746
6.87042
6.55334
6.94449
7.31301
7.25213
7.48297
7.04158
7.86095
8.06741
8.34996
8.1839
7.8493
8.10178
8.1546
7.55674
7.34371
7.67478
7.96173
7.51695
7.27878
7.89723
5.74356
5.84226
5.42487
6.26183
6.87801
6.54527
6.98305
6.03514
5.78791
6.46007
6.79186
6.74971
5.70051
6.10697
6.54752
6.95072
7.37332
7.21993
6.85314
7.11338
6.7027
8.71793
8.90332
8.60207
8.43812
8.862
8.43027
8.75616
8.89576
9.27017
9.07177
8.81168
8.75686
9.1858
8.95105
8.54271
8.0216
8.22229
8.41216
8.21858
8.37888
8.58073
7.77732
7.57078
7.02653
7.23616
7.26939
7.57877
7.7773
8.45139
8.90181
8.94526
8.64964
8.60546
8.82036
8.49712
7.99592
7.77049
7.54406
8.20323
7.54845
8.17886
8.01463
0.522689
1.18003
1.23784
3.25402
3.19142
3.08482
2.87249
4.80816
5.02836
6.06028
5.68841
4.68352
5.10376
5.75817
4.32377
3.91805
5.09951
5.26723
4.08788
4.04244
5.37723
0.343593
0.809574
0.646971
2.22725
2.27597
2.44041
1.94292
3.23952
3.01135
4.26375
4.28265
4.40786
3.11752
3.09313
3.4495
3.48145
4.80209
4.48332
3.69371
4.58504
3.3359
7.1482
7.3212
6.73145
6.4174
7.35061
6.48673
7.11412
7.6349
8.20096
8.02612
7.49772
7.47521
8.15279
7.64339
6.93551
5.9906
6.12704
6.70237
6.22228
6.74274
6.88516
6.26632
6.06262
5.28299
5.35848
5.42623
6.14072
6.18959
7.19976
7.82057
7.90814
7.34643
7.34128
7.79627
7.21697
6.39913
5.77251
5.51746
6.50697
5.579
6.56272
6.34458
0.72719
0.66802
1.83442
1.74165
2.97573
2.98543
4.17134
3.97696
2.99463
3.02612
4.08203
2.96472
3.93545
3.02171
4.04336
5.96317
5.9496
5.18878
5.10325
6.05274
5.09747
5.86112
6.72933
7.30957
7.35576
6.74646
5.89945
5.06094
5.05262
5.78573
10.4728
10.481
10.395
10.4179
10.5748
10.4908
10.5051
10.3586
10.3574
10.2812
10.4612
10.4408
10.2697
10.37
10.4369
10.6097
10.5555
10.5378
10.5401
10.4572
10.5262
10.4011
10.3994
10.2976
10.4785
10.3045
10.3899
10.4896
10.5129
10.6125
10.6152
10.6956
10.6068
10.5213
10.603
10.493
10.5671
10.572
10.6761
10.4794
10.5921
10.5873
10.6698
10.5692
10.6365
10.6651
10.5872
10.5817
10.7273
10.8871
10.876
10.8461
10.7749
10.8794
10.8162
10.8149
10.6916
10.7157
10.7929
10.6359
10.6114
10.7209
10.7782
11.0118
10.9021
10.9267
10.8582
10.8474
10.8252
10.9569
10.7892
10.9066
10.7164
10.7791
10.7006
10.7961
10.8726
10.7598
10.8163
10.6604
10.7778
10.6719
10.7452
10.8477
10.4182
10.3923
10.2941
10.4906
10.4983
10.3071
10.4082
10.5333
10.6213
10.6276
10.7281
10.6279
10.531
10.6325
10.5381
10.639
10.6295
10.7355
10.6313
10.532
10.6447
10.3798
10.3395
10.2766
10.4796
10.2527
10.3965
10.4654
10.5082
10.5939
10.6211
10.7312
10.636
10.4889
10.6079
10.517
10.6458
10.6266
10.7362
10.5298
10.6377
10.6191
11.1455
11.0354
11.0323
10.9663
11.078
10.9695
11.0635
10.8287
10.9149
10.7375
10.844
10.8276
10.7447
10.933
10.8554
10.959
10.7624
10.86
10.7626
10.852
10.9509
11.1901
11.0678
11.0636
10.995
11.1002
10.9953
11.1121
10.8839
10.9918
10.765
10.8826
10.7764
10.8734
10.9894
10.8669
10.9738
10.7743
10.8792
10.7696
10.8749
10.979
10.2357
10.1638
10.0171
10.2914
10.3286
10.0703
10.1935
10.4449
10.5751
10.6095
10.6978
10.555
10.4726
10.5899
10.4205
10.5466
10.5046
10.6807
10.5304
10.386
10.5721
10.0962
10.0049
9.96182
10.2461
9.89898
10.1467
10.2003
10.2748
10.3611
10.4239
10.5821
10.4601
10.2273
10.4006
10.3134
10.5221
10.4727
10.613
10.3548
10.4911
10.44
10.8737
10.9973
10.7642
10.8745
10.8827
10.749
10.9973
11.0273
11.2638
11.1247
11.1645
11.0193
11.127
11.162
10.8745
10.7234
10.8672
10.991
10.743
10.8616
10.996
10.8259
10.9498
10.6421
10.8102
10.67
10.8067
10.9628
11.0132
11.2816
11.1348
11.1672
11.0226
11.13
11.167
10.8385
10.712
10.8292
10.9838
10.688
10.8549
10.9749
9.77899
9.62645
9.42032
9.82152
9.89259
9.51277
9.7044
10.1282
10.3142
10.3859
10.4769
10.2683
10.1816
10.3446
10.0759
10.2537
10.1625
10.4326
10.2143
10.0169
10.3
9.54413
9.34523
9.3248
9.73975
9.22536
9.62372
9.66162
9.83327
9.91713
10.0467
10.2345
10.0983
9.76807
9.97926
9.89608
10.2036
10.1026
10.2915
9.9592
10.1538
10.0455
10.7646
10.9319
10.6185
10.7434
10.7873
10.5863
10.9146
10.9637
11.2706
11.0951
11.1224
10.9459
11.1057
11.1347
10.7403
10.5219
10.7143
10.8686
10.5573
10.7145
10.8915
10.6202
10.7399
10.373
10.5773
10.4119
10.5905
10.7747
10.9097
11.2295
11.0798
11.1042
10.9296
11.0663
11.0868
10.6562
10.4883
10.6182
10.8392
10.4506
10.6847
10.8106
9.11108
8.81741
8.61124
9.1217
9.21323
8.71194
9.03036
9.63508
9.84507
9.98695
10.0608
9.77737
9.70175
9.93297
9.56724
9.81482
9.62868
9.99161
9.70189
9.50129
9.86946
8.86788
8.50847
8.51764
9.01999
8.42729
8.94376
8.92724
9.29902
9.31355
9.57103
9.69231
9.62893
9.23312
9.39003
9.36777
9.74993
9.54707
9.77308
9.43294
9.69502
9.47207
10.5138
10.6971
10.3287
10.4461
10.5478
10.2864
10.6557
10.7765
11.0668
10.9156
10.8765
10.7453
10.9408
10.9206
10.4667
10.1944
10.3884
10.5463
10.2392
10.4298
10.5991
10.2823
10.2861
9.98378
10.1397
10.0403
10.2332
10.3531
10.6684
10.9147
10.8752
10.8236
10.7072
10.8403
10.771
10.3396
10.1436
10.2088
10.4835
10.0964
10.3795
10.4227
8.48169
8.05892
8.46469
8.02219
9.09232
9.22956
9.49706
9.45148
9.1504
9.15808
9.43859
9.01862
9.36388
9.06335
9.36268
10.1168
10.2095
9.92253
9.92131
10.1701
9.86361
10.1363
10.4116
10.5603
10.5825
10.4228
10.0464
9.83705
9.7987
10.0511
11.5349
11.4205
11.3988
11.4048
11.5815
11.555
11.4297
11.327
11.4058
11.2611
11.4877
11.4733
11.2613
11.325
11.441
11.6155
11.4773
11.6035
11.5846
11.4464
11.4716
11.3545
11.4408
11.2781
11.5089
11.2772
11.3545
11.5213
11.5056
11.681
11.5689
11.7033
11.5523
11.516
11.6664
11.4836
11.5147
11.629
11.6827
11.4771
11.5286
11.6458
11.6307
11.5051
11.5094
11.5285
11.6612
11.5133
11.6586
11.7047
11.6711
11.6341
11.6328
11.75
11.663
11.7232
11.5729
11.687
11.716
11.5727
11.5589
11.5829
11.6884
11.7736
11.6913
11.7345
11.7256
11.7759
11.6901
11.7991
11.6678
11.7943
11.6747
11.7883
11.654
11.6957
11.7802
11.6457
11.7391
11.6084
11.7641
11.6278
11.6206
11.7621
11.3938
11.4693
11.291
11.5574
11.5599
11.295
11.395
11.5408
11.6937
11.581
11.7425
11.7025
11.5308
11.5972
11.5501
11.6147
11.7123
11.7488
11.708
11.5573
11.6048
11.3869
11.4512
11.2869
11.5521
11.28
11.3899
11.5424
11.5611
11.6612
11.6151
11.7086
11.6156
11.5581
11.6795
11.5639
11.6163
11.7078
11.7248
11.5618
11.6202
11.6951
11.7308
11.8048
11.6965
11.8301
11.7098
11.7138
11.812
11.8521
11.8423
11.8631
11.8771
11.8696
11.8516
11.8737
11.7451
11.7425
11.833
11.8176
11.7291
11.7609
11.8178
11.7823
11.7786
11.7677
11.8113
11.7675
11.7838
11.7951
11.8965
11.8474
11.8888
11.8789
11.8902
11.8853
11.8743
11.7768
11.7549
11.8224
11.8146
11.7616
11.7713
11.8058
11.3063
11.3159
11.179
11.357
11.3974
11.2
11.2864
11.5368
11.6372
11.6024
11.6349
11.611
11.5472
11.5938
11.5206
11.5507
11.5413
11.6003
11.5774
11.4994
11.5729
11.2167
11.1811
11.1471
11.3081
11.1108
11.25
11.2575
11.4169
11.3415
11.411
11.4221
11.4614
11.3725
11.3984
11.4417
11.5232
11.498
11.4733
11.4739
11.4896
11.4512
11.7733
11.76
11.7671
11.7532
11.7829
11.7583
11.7381
11.9132
11.8442
11.8996
11.815
11.8931
11.9123
11.8301
11.763
11.7265
11.726
11.6889
11.7459
11.7447
11.715
11.6883
11.5716
11.6345
11.5849
11.6799
11.6397
11.6055
11.87
11.8245
11.904
11.805
11.8987
11.8836
11.7878
11.7047
11.7153
11.6235
11.6618
11.6874
11.7328
11.633
10.989
10.8424
10.9176
10.8921
11.292
11.2825
11.3942
11.2475
11.2157
11.3515
11.313
11.2702
11.1942
11.1509
11.3031
11.7385
11.7953
11.7923
11.701
11.561
11.5425
11.6294
11.4617
11.6289
11.5612
11.5034
11.5667
11.4259
11.5572
11.4726
11.9619
12.0034
11.991
12.0099
12.0101
11.9839
12.0243
11.949
11.9089
11.9671
11.9205
11.9066
11.9555
11.9519
12.0552
12.0407
12.0691
12.0321
12.013
12.0615
12.0605
11.9887
11.9455
12.0003
11.9411
12.0028
11.9936
11.9525
12.1451
12.1081
12.1421
12.12
12.1484
12.1415
12.0962
12.1061
12.1086
12.0566
12.0945
12.1049
12.1089
12.073
12.1142
12.0926
12.1051
12.1283
12.1124
12.1112
12.1432
12.2911
12.2701
12.2508
12.2359
12.2722
12.2581
12.2566
12.1643
12.1404
12.1941
12.1645
12.1528
12.1777
12.1701
12.3442
12.2956
12.3163
12.3006
12.2992
12.2852
12.3141
12.2571
12.2737
12.249
12.2285
12.2482
12.2574
12.2566
12.2189
12.2164
12.2062
12.2044
12.2116
12.2122
12.2353
12.0602
11.9838
12.0435
12.0183
12.0153
12.0547
12.054
12.1673
12.1275
12.179
12.1626
12.1352
12.1749
12.1693
12.1922
12.191
12.1511
12.1783
12.1495
12.1837
12.1998
12.1552
12.1963
12.1663
12.1931
12.188
12.2127
12.1576
12.053
11.9829
12.057
12.0242
12.0386
12.0715
12.0215
12.1865
12.1963
12.2097
12.1628
12.1985
12.2001
12.1553
12.4149
12.3963
12.3932
12.3812
12.3988
12.3779
12.382
12.2835
12.2914
12.2835
12.2735
12.2903
12.2788
12.3017
12.3116
12.3187
12.2939
12.2856
12.3073
12.3078
12.3184
12.3367
12.2876
12.3271
12.335
12.3169
12.3085
12.3478
12.4409
12.407
12.4037
12.3773
12.393
12.3876
12.407
12.3259
12.2943
12.3353
12.3134
12.3006
12.3278
12.3331
9.05428
9.35603
9.06442
9.16591
9.45421
9.14878
9.47403
9.74218
9.91815
9.61024
9.83745
9.72502
9.93604
9.62422
10.0118
10.1356
9.95463
10.1264
9.99521
10.1576
9.96855
9.98241
10.0626
9.99879
10.1341
9.96204
10.0885
10.0182
9.67452
9.83734
9.71061
9.62997
9.72593
9.59904
9.75253
9.81933
9.75611
9.82294
9.87787
9.81076
9.87853
9.82054
9.96864
9.87563
9.96791
9.8955
9.96739
9.88492
9.96694
9.75182
9.58977
9.83817
9.70832
9.75275
9.59562
9.83825
8.76209
9.03733
8.74547
9.07628
9.31991
9.07573
9.31258
6.75662
7.2306
6.54236
7.52113
8.09382
7.44891
8.12544
1.76265
4.0005
4.13657
4.08821
10.4408
10.2725
10.4352
10.472
10.3092
10.4818
10.3042
10.5583
10.335
10.5698
10.3388
10.5778
10.3241
10.5583
10.4644
10.1203
10.528
10.182
10.4832
10.0992
10.5102
10.169
9.61422
10.283
9.73169
10.1828
9.57941
10.2618
9.69485
8.87328
9.83437
9.03521
9.69775
8.86698
9.828
9.1771
8.20511
9.30887
8.36741
9.18246
8.21047
9.31127
11.4884
11.232
11.4499
11.4915
11.3021
11.5335
11.2758
11.6143
11.3672
11.6342
11.3329
11.6533
11.3378
11.5981
11.6174
11.302
11.6631
11.3104
11.6451
11.2805
11.6334
11.4589
11.0854
11.5533
11.1261
11.4924
11.0512
11.5146
12.3338
12.1279
12.2621
12.3071
12.2409
12.3801
12.1749
12.4429
12.3758
12.49
12.3058
12.5024
12.3197
12.4252
9.66834
9.68209
9.56541
9.74301
9.58345
9.74819
9.65607
11.3473
11.193
11.1754
11.4337
11.1515
11.3939
11.381
10.0541
10.1216
9.88625
10.0408
10.013
10.1591
9.9297
8.5942
8.88825
8.6342
8.98365
8.56977
8.91372
8.65773
8.23833
7.68512
8.33387
7.74249
8.21755
7.69964
8.34598
-0.0100884
0.50998
-0.302306
9.66871
9.56549
9.74346
9.6831
9.65617
9.58403
9.7489
11.3469
11.175
11.4329
11.1956
11.3802
11.1514
11.3956
9.5065
9.44339
9.43718
9.632
9.5291
9.60888
9.43555
9.44332
9.63202
9.52918
9.50577
9.43705
9.60831
9.43511
9.35525
9.63091
9.8322
9.49148
9.61021
9.35569
9.85238
9.64431
9.84065
9.64225
9.85126
9.83573
9.63477
9.85709
9.6636
9.84927
9.64141
9.8584
9.84358
9.65456
9.86649
9.61328
9.63802
9.85264
9.86567
9.8552
9.63261
9.86358
9.60988
9.6089
9.60736
9.88885
9.88135
9.87553
9.89114
9.66609
9.63065
9.62864
9.93633
9.99617
9.99799
9.93654
9.76744
10.1616
10.0781
9.84348
10.0817
9.84675
10.1564
10.2479
10.0414
10.3182
9.94573
10.3289
9.95042
10.2396
10.4663
10.1274
10.384
10.1928
10.3979
10.2031
10.45
10.5142
10.3179
10.5269
10.2537
10.55
10.2659
10.4959
10.579
10.3503
10.5463
10.348
10.5721
10.3691
10.5493
10.5652
10.3588
10.5064
10.3487
10.5378
10.3738
10.5369
10.4387
10.3274
10.4619
10.2485
10.4977
10.2816
10.4008
10.2349
10.3636
10.1424
10.1824
10.2774
10.2187
10.3242
10.1204
9.88542
10.0124
10.0548
10.0422
10.1602
9.93021
8.99508
8.91079
8.95588
9.1137
9.08296
8.84391
9.03999
9.35648
9.05466
9.06405
9.16526
9.4545
9.47342
9.14919
9.35227
9.72933
9.59242
9.47722
9.60777
9.49148
9.33795
8.09769
8.31917
7.81555
8.28964
7.8027
8.63808
8.67991
9.18433
8.87753
8.92271
9.08028
9.24666
9.27795
9.04397
9.74211
9.83737
9.91747
9.61081
9.93475
9.6242
9.72587
9.83171
10.0791
9.99669
9.89846
10.011
9.91418
9.82006
9.33188
9.47492
9.49509
9.56642
9.3996
9.42506
9.54271
9.70757
9.59224
9.60322
9.6693
9.74585
9.76563
9.65289
10.0128
10.1233
10.1311
9.95562
10.1539
9.96947
9.9959
10.0352
10.1579
10.1411
10.0164
10.1641
10.0352
10.0163
9.78177
9.88545
9.81623
9.83208
9.83202
9.84296
9.86822
9.91976
9.89778
9.90983
9.87079
9.92919
9.88042
9.90192
9.9823
10.1333
10.0605
9.99909
10.0897
10.0193
9.96066
9.92745
9.94318
9.99439
9.82578
10.0261
9.85142
9.90416
9.88919
9.8977
9.89957
9.86412
9.91989
9.87561
9.8681
9.83567
9.76684
9.73466
9.82103
9.75729
9.83099
9.81465
9.67402
9.62816
9.83798
9.72477
9.71028
9.75236
9.59815
9.52437
9.26289
9.48217
9.37981
9.56203
9.299
9.45087
9.52057
9.67437
9.63287
9.53701
9.65484
9.55088
9.49807
9.1274
9.35824
9.19928
9.39012
9.15085
9.40248
9.33617
8.88706
8.63217
8.56812
8.58775
8.98034
8.9077
8.65348
7.73763
7.6833
8.3319
7.69396
8.21602
8.23289
8.34196
-0.0200017
0.483953
-0.326625
9.75529
9.81909
9.8228
9.8771
9.81051
9.81959
9.87777
9.92488
9.88742
9.854
9.95309
9.86559
9.95281
9.92467
10.0011
9.85964
10.0536
9.86405
10.0528
9.9282
9.92591
10.1404
10.1018
10.0966
9.97725
10.0153
10.0159
9.97512
9.96528
9.89581
9.87382
9.96761
9.8815
9.97017
9.965
9.94608
9.78812
9.84031
9.90292
9.84614
9.90259
9.94433
10.17
10.0483
10.0395
10.2009
10.0415
10.1907
10.049
10.0412
10.1926
10.0192
10.2076
10.0124
10.2019
10.0416
9.7499
9.70505
9.58772
9.83847
9.59237
9.83892
9.75012
9.63485
9.25898
9.44499
9.48765
9.44563
9.4815
9.64024
9.90108
10.1707
9.97514
10.1402
9.96933
10.1321
9.90895
9.80679
9.98539
9.70381
10.0845
9.68981
10.0722
9.81779
8.76015
9.07373
9.03392
9.31554
8.73969
9.30703
9.07145
7.92329
8.41656
8.81066
8.40661
8.37801
8.42035
8.81038
9.3472
9.88922
9.55962
9.77311
9.53725
9.76492
9.37653
9.12274
9.4281
8.90181
9.62791
8.86377
9.60782
9.16596
7.22544
6.75458
6.53535
7.5168
8.09122
8.12217
7.44585
8.18048
9.24316
8.59433
8.98484
8.51923
8.99414
8.25928
7.72736
8.46694
7.47773
8.74154
7.37597
8.75914
7.83594
2.2079
2.00734
1.86526
4.56621
4.20862
4.15024
4.45214
6.52928
8.19255
6.93546
7.84695
6.80655
7.87612
6.52922
6.12872
7.42187
5.94254
7.62727
5.93009
7.64341
6.19672
1.75937
3.97728
4.13081
1.8767
4.0686
4.09822
5.56916
7.23846
5.7538
7.10603
5.66847
7.11875
5.61983
10.309
10.194
10.4119
10.3344
10.3786
10.3239
10.318
10.2741
10.4409
10.4361
10.472
10.3101
10.3045
10.4815
10.5116
10.3451
10.3371
10.5501
10.3325
10.5351
10.522
10.6846
10.6726
10.6091
10.6641
10.6
10.7581
10.7698
10.8703
10.8338
10.8248
10.6308
10.6896
10.6799
10.6363
10.5635
10.3428
10.3346
10.5694
10.3247
10.5542
10.5775
10.5621
10.2461
10.3054
10.5544
10.291
10.535
10.5737
10.9121
10.9779
10.9559
10.7391
10.7253
10.7157
10.7569
11.0119
11.0143
10.9932
10.7643
10.7868
10.7679
10.7773
10.4649
10.1811
10.12
10.5288
10.0971
10.5103
10.4838
10.4111
9.87785
10.029
10.3594
10.0005
10.3375
10.4298
11.0415
10.7498
10.789
11.0785
10.7727
11.0485
10.7785
10.7366
11.0508
10.7259
11.0823
10.702
11.0543
10.7617
10.1705
9.73338
9.61426
10.2852
9.58184
10.265
10.1845
10.0672
9.2363
9.44157
9.953
9.40412
9.9505
10.0759
10.6108
11.0424
10.682
11.0514
10.6614
11.0239
10.6323
10.553
10.9618
10.505
11.023
10.49
10.9951
10.5702
9.69464
9.03516
8.8746
9.8328
8.86702
9.82568
9.69773
9.56306
8.52429
8.69473
9.43518
8.67987
9.435
9.55846
10.3311
10.9035
10.4231
10.8778
10.4113
10.8593
10.3443
10.2345
10.7211
10.148
10.8166
10.1416
10.7934
10.2528
9.17641
8.36272
8.20116
9.302
8.20717
9.29973
9.1797
9.91681
10.6344
10.0453
10.5631
10.0323
10.5458
9.92641
11.2338
11.4891
11.4497
11.4925
11.3022
11.2678
11.5351
11.5364
11.3197
11.3278
11.6103
11.2981
11.5715
11.5758
11.7703
11.6275
11.8837
11.5855
11.8266
11.6504
11.697
11.9362
11.9387
11.8796
11.7022
11.8022
11.7533
11.7494
11.6193
11.3306
11.3678
11.6343
11.3389
11.5939
11.6563
11.6268
11.3366
11.3593
11.6721
11.3334
11.6395
11.6628
11.9815
11.8372
11.8446
12.0826
11.7955
12.0246
11.8814
11.8659
12.0898
11.9337
12.1134
11.8886
12.0596
11.9075
11.6189
11.3018
11.3036
11.6601
11.2847
11.6252
11.6461
11.5978
11.2042
11.2756
11.6026
11.247
11.5706
11.6381
11.9083
12.1058
11.9449
12.1656
11.9039
12.1241
11.9441
12.1257
11.9075
11.9347
12.1844
11.8955
12.1269
11.9554
11.4631
11.129
11.0874
11.5549
11.0582
11.513
11.4932
12.0999
12.1164
12.0735
11.832
11.9077
11.867
11.8707
11.924
11.8921
12.0487
11.9939
12.0068
11.9571
11.9519
12.1253
12.335
12.2627
12.3083
12.2416
12.1781
12.3812
12.3511
12.2666
12.2871
12.4585
12.2221
12.3859
12.4219
12.5412
12.5016
12.4754
12.5111
12.4802
12.6049
12.5911
12.5641
12.6144
12.5359
12.4613
12.5825
12.5046
12.5323
12.4451
12.2945
12.3769
12.4887
12.3266
12.4187
12.5034
12.3574
12.5226
12.4701
12.4712
12.4071
12.3483
12.5318
12.5982
12.6841
12.6206
12.5713
12.6115
12.5424
12.6362
12.7157
12.7036
12.8054
12.7157
12.8195
12.6137
12.5955
12.5616
12.5084
12.548
12.484
12.5483
12.5529
12.4972
9.35527
9.49181
9.63099
9.35534
9.61088
9.83292
9.85275
9.64398
9.64175
9.63176
9.83954
9.85107
9.85755
9.83626
9.66406
9.63969
9.6586
9.85708
9.85879
9.86666
9.83589
9.63839
9.61309
9.63207
9.85032
9.86424
9.86286
9.85242
9.60843
9.61099
9.60798
9.88698
9.88148
9.89009
9.87617
9.6301
9.6663
9.62947
9.93653
9.99449
9.93539
9.99613
9.76773
10.1611
10.0769
9.84294
10.1558
10.0813
9.84805
10.2481
10.3195
9.94385
10.0418
10.2395
10.3307
9.95003
10.4679
10.3872
10.1908
10.1255
10.4506
10.4014
10.2034
10.5149
10.5278
10.2525
10.3171
10.4972
10.5502
10.2646
10.5775
10.5472
10.3462
10.3487
10.5505
10.573
10.3663
10.5671
10.5075
10.3461
10.3549
10.5374
10.5405
10.3683
10.4367
10.4624
10.2488
10.3267
10.4018
10.4967
10.2777
10.2356
10.1396
10.2749
10.3613
10.1826
10.3253
10.216
9.59191
9.68724
9.57954
9.67788
9.60046
9.65975
9.57083
9.58841
9.55861
9.68349
9.66667
9.65921
9.56888
9.57988
9.00689
9.14282
8.93202
8.95503
9.04525
9.11159
8.92174
9.01916
8.93862
8.96651
9.15704
9.11506
8.93195
9.0641
9.35247
9.59228
9.47663
9.73213
9.33745
9.60702
9.49194
8.31938
7.81553
8.09699
7.80147
8.28927
8.63768
8.68056
8.87746
9.1849
8.92305
9.08035
9.24648
9.04376
9.27854
9.83165
9.99794
9.89826
10.0812
9.81967
10.0121
9.91427
9.47518
9.33224
9.49594
9.56688
9.3994
9.54259
9.42516
9.59219
9.70941
9.60356
9.67018
9.74747
9.65341
9.76777
10.0322
10.1447
10.0171
10.1581
10.014
10.1674
10.0352
9.78239
9.88708
9.81591
9.83274
9.86946
9.83218
9.84382
9.91668
9.91069
9.87
9.90032
9.89866
9.92945
9.87933
9.94155
9.92716
9.99598
9.8268
9.90585
10.0247
9.85038
9.88802
9.89906
9.86653
9.89805
9.86825
9.91893
9.87714
9.83439
9.7353
9.82233
9.76777
9.81418
9.75707
9.83157
9.52549
9.26369
9.38287
9.56545
9.30129
9.4846
9.45216
9.5219
9.63361
9.53769
9.67445
9.49894
9.65539
9.55099
9.12859
9.20418
9.1552
9.36009
9.39034
9.33653
9.40578
-0.162063
-0.0733583
-0.133914
-0.101521
-0.402211
-0.388033
-0.356381
-0.435006
9.92369
9.85273
9.95412
9.88906
9.92453
9.86447
9.95353
9.85934
10.0539
10.0019
9.8642
10.053
9.92894
9.92565
10.1024
10.1422
10.0974
9.97695
10.0146
9.97439
10.0162
9.94388
9.83919
9.90579
9.79176
9.9452
9.84791
9.9048
10.1712
10.0471
10.0388
10.2025
10.0484
10.0369
10.1942
10.0386
10.0203
10.209
10.1945
10.0396
10.0192
10.1969
9.26464
9.63365
9.44601
9.48993
9.63978
9.44935
9.48614
9.90547
9.97519
10.145
10.1669
9.91138
9.97079
10.1328
9.80487
9.71159
10.0788
9.9826
9.81552
9.69794
10.0641
8.41821
7.92811
8.38226
8.81325
8.40928
8.81277
8.42352
9.34946
9.56019
9.77501
9.89244
9.37804
9.53848
9.76362
9.12292
8.90314
9.62968
9.42698
9.16722
8.86384
9.60835
8.18287
8.59535
8.98609
9.24197
8.26045
8.52156
8.99443
7.73081
7.47907
8.74268
8.47062
7.83674
7.38132
8.76143
2.19682
2.05083
1.87632
4.58055
4.21489
4.45789
4.15928
6.54019
6.93598
7.85014
8.19947
6.53159
6.81288
7.8845
6.13911
5.94752
7.63123
7.43525
6.19693
5.94362
7.65542
5.57058
5.75707
7.11235
7.25068
5.6249
5.6765
7.1288
10.2439
10.1796
10.3535
10.2758
10.328
10.2663
10.2705
10.2459
10.1736
10.3429
10.2625
10.2612
10.3228
10.2569
10.5119
10.3355
10.5503
10.3413
10.5223
10.3274
10.5366
10.6726
10.6088
10.6846
10.5998
10.6644
10.7586
10.7698
10.8337
10.8707
10.825
10.6327
10.6892
10.6362
10.6799
10.5614
10.3054
10.5537
10.247
10.5719
10.2971
10.5333
10.9777
10.9126
10.9568
10.7387
10.7243
10.7567
10.7147
11.0136
11.0161
10.9919
10.7658
10.7863
10.7766
10.7663
10.4108
10.0285
10.3603
9.8762
10.4284
9.99953
10.3381
11.0356
10.7582
10.7872
11.0776
10.7785
10.7696
11.0568
10.737
10.7263
11.0819
11.0536
10.7592
10.705
11.0542
10.0674
9.44185
9.95216
9.23415
10.0753
9.4031
9.94942
10.6108
10.6833
11.0444
11.0455
10.6352
10.661
11.0211
10.5548
10.5032
11.0175
10.9552
10.5761
10.4832
10.9959
9.5662
8.69422
9.43578
8.52763
9.55829
8.68314
9.43662
10.3218
10.4218
10.873
10.9176
10.3392
10.4059
10.855
10.2318
10.1453
10.8167
10.7211
10.25
10.1364
10.7957
9.91119
10.0402
10.563
10.6354
9.92401
10.0259
10.5419
11.5325
11.3293
11.6093
11.3218
11.5749
11.3046
11.5706
11.6264
11.8827
11.7704
11.5827
11.8259
11.65
11.6968
11.9381
11.9364
11.8806
11.7021
11.8014
11.749
11.7537
11.6298
11.3646
11.6673
11.3228
11.6624
11.339
11.6327
11.9836
11.8325
11.8452
12.0812
11.8812
11.8005
12.0251
11.867
11.9319
12.1135
12.0885
11.909
11.8879
12.0598
11.6032
11.2743
11.5994
11.1948
11.6393
11.2459
11.5589
11.9053
11.9459
12.164
12.1133
11.9434
11.9062
12.1178
12.1199
11.9093
11.9332
12.1857
11.9562
11.8865
12.1324
12.117
12.1033
12.0725
11.8278
11.9089
11.8711
11.8706
12.0581
12.0092
12.1483
12.0729
12.1889
12.085
12.0284
12.1081
12.0622
12.2319
12.1366
12.1007
12.2413
12.1385
12.3529
12.2878
12.4568
12.2613
12.4216
12.2247
12.3835
12.501
12.4753
12.5407
12.4798
12.5104
12.6037
12.5905
12.6135
12.5625
12.5353
12.4603
12.5821
12.5327
12.5031
12.5231
12.3518
12.4698
12.4748
12.4089
12.5332
12.3525
12.6846
12.5995
12.6207
12.5715
12.614
12.6373
12.5467
12.7066
12.8079
12.7183
12.7182
12.8218
12.616
12.5984
12.7372
12.7105
12.7139
12.7292
12.7357
12.7166
12.7156
12.6535
12.6606
12.6571
12.6614
12.6376
12.6435
12.6761
9.00693
9.14275
8.95522
8.93203
9.11169
9.04509
8.92193
9.01878
8.93851
9.15661
8.96649
9.11478
9.06364
8.93195
6.52526
6.51739
7.25166
5.90834
7.38534
6.2749
6.19643
6.1645
7.21259
6.00222
6.02657
6.18612
7.10956
6.07438
6.15469
6.07968
7.1348
6.01313
7.09811
5.92804
6.28052
9.38536
9.39623
9.21269
9.54178
9.51711
9.39407
9.38182
9.25707
9.46228
9.14512
9.2666
9.26527
9.44278
9.271
9.25659
9.35332
9.55748
9.15209
9.36401
9.2842
9.42717
9.96019
9.89636
9.88956
9.7971
9.88208
9.99867
9.74463
9.92657
9.75817
9.84174
9.85337
9.83613
9.7497
9.94928
9.91618
9.88054
9.75952
9.84213
9.98054
9.8248
9.74502
10.2431
10.3521
10.2756
10.1798
10.2701
10.3262
10.266
10.2454
10.174
10.3426
10.2626
10.2611
10.3219
10.2569
11.1862
11.2176
11.0732
11.3004
11.2724
11.2008
11.1797
11.1324
11.255
11.0671
11.1637
11.1599
11.2537
11.1327
11.1292
11.144
11.2226
11.0715
11.1096
11.1648
11.2585
11.6465
11.5637
11.5691
11.5523
11.5653
11.6767
11.4741
11.7667
11.5663
11.6546
11.6237
11.628
11.5634
11.7616
11.7456
11.5684
11.5021
11.6363
11.6941
11.603
11.5433
12.0573
12.148
12.0731
12.0094
12.0283
12.1875
12.0849
12.108
12.0631
12.2317
12.1369
12.1009
12.2411
12.1388
12.5317
12.5035
12.5398
12.4897
12.5494
12.536
12.4748
12.7051
12.7207
12.7101
12.7201
12.7226
12.7225
12.698
12.6258
12.655
12.6549
12.6344
12.6425
12.6465
12.6353
12.7323
12.7124
12.7346
12.7115
12.7319
12.724
12.7136
12.6518
12.6605
12.6635
12.6606
12.6756
12.6432
12.6432
8.8002
8.91859
8.80554
8.82634
8.78381
8.78062
8.81283
8.78364
8.81178
8.75912
9.4933
8.91999
8.93728
8.73983
8.7554
8.92668
8.74635
8.92503
8.68357
8.96442
8.81896
8.95407
8.78788
8.76316
8.69716
8.57266
9.5925
8.92097
8.98979
8.78489
9.33423
8.83087
9.56018
10.2205
9.75641
9.81553
9.91274
9.58436
9.45627
9.80459
9.58289
9.67713
9.46516
9.7734
9.57576
9.45526
9.56792
9.67754
9.79503
9.78627
9.57339
9.44285
9.51817
9.54966
9.65704
9.62049
9.58582
9.5629
9.49665
9.35795
9.55735
9.82765
9.61618
9.73254
9.45884
9.5185
9.23538
9.12937
9.11022
9.03577
9.26812
9.09376
9.10121
9.23302
9.12146
9.04504
9.1432
9.09683
9.10847
9.27987
9.20911
9.11694
9.11417
9.02479
9.24048
9.09652
9.09022
8.996
8.91109
9.11413
8.95633
9.04051
9.08374
8.84438
8.51486
8.66765
8.62147
9.05323
8.57078
8.50721
8.6131
8.60741
8.60867
9.17099
8.64577
8.60887
8.69078
8.58781
8.55393
8.77019
8.71608
8.98959
8.62936
8.68338
8.54457
6.17093
6.03322
7.21928
6.00985
7.11495
6.0811
6.19419
6.15743
6.0823
7.13683
6.01533
7.10035
6.28283
5.9308
6.53222
7.2631
5.92086
6.52583
6.20929
7.39125
6.28374
-0.277776
-0.289885
-0.15751
-0.432975
-0.236887
-0.689609
-0.332998
0.135276
-0.298685
-0.0608856
-0.0883091
-0.135577
-0.458643
0.12776
-0.988871
-0.662716
-0.706271
-0.452033
-0.943867
-0.519824
-0.657576
-0.804492
-0.809225
-0.8335
-0.78708
9.25742
9.46233
9.26657
9.14497
9.44323
9.27103
9.26535
9.25722
9.35366
9.15251
9.55784
9.42801
9.28467
9.36431
9.38619
9.39697
9.54252
9.21365
9.38264
9.39486
9.51787
9.92703
9.75793
9.85321
9.84185
9.94906
9.83649
9.74985
9.91686
9.88088
9.84253
9.75972
9.82533
9.98093
9.74549
9.96193
9.89767
9.79879
9.8905
10.0006
9.88324
9.74618
10.311
10.4131
10.3356
10.1943
10.3202
10.3794
10.325
11.1324
11.2547
11.1636
11.0671
11.2535
11.1325
11.1599
11.1299
11.1446
11.0726
11.223
11.2595
11.1656
11.1099
11.1875
11.2187
11.3016
11.0743
11.1808
11.2019
11.2735
11.7658
11.5661
11.6233
11.6547
11.7609
11.6277
11.5633
11.7453
11.5682
11.6368
11.5027
11.6035
11.6925
11.5444
11.6457
11.5638
11.5533
11.5695
11.6763
11.565
11.4741
11.9235
12.0484
11.9936
11.8913
11.9522
12.0056
11.9561
12.7086
12.721
12.7208
12.7096
12.7221
12.7021
12.7226
12.627
12.6543
12.6333
12.6535
12.6331
12.646
12.6429
12.5302
12.5013
12.4877
12.5383
12.4725
12.5345
12.5478
12.5601
12.5058
12.4814
12.5464
12.4943
12.5466
12.5512
-1.02086
-0.499325
-0.699166
-0.769158
-0.556745
-0.718658
-0.985626
0.119327
-0.0636427
-0.0954044
-0.307026
0.120128
-0.139307
-0.464207
-0.313811
-0.312
-0.163717
-0.45266
-0.370385
-0.244575
-0.704396
9.50919
9.4349
9.4195
9.6109
9.61359
9.43406
9.50817
9.40062
9.33015
9.40764
9.62718
9.501
9.33922
9.51392
9.51848
9.61993
9.54949
9.65799
9.58703
9.49632
9.56306
-0.865393
-0.868445
-0.844808
-0.897283
9.69093
10.1345
9.6945
10.0187
9.61808
9.59029
9.72233
10.1289
9.78563
9.6766
10.1577
9.67435
9.72892
9.71841
8.68358
8.95311
8.96414
8.82156
8.76089
8.69756
8.78986
8.57384
8.98911
9.59375
8.92175
9.33358
8.83092
8.78658
8.81331
8.78414
8.78137
8.81226
8.80069
8.80672
8.78487
8.82689
8.92705
8.74661
8.75522
8.92546
8.75941
9.49427
8.92024
8.73962
8.93785
9.40097
9.33076
9.62811
9.40819
9.51383
9.50155
9.34
9.50944
9.43532
9.61018
9.41887
9.50675
9.6139
9.43411
9.72103
9.40226
9.61351
9.36361
9.20131
9.51269
9.8837
9.83912
9.48767
9.60747
9.33427
9.61027
9.83719
9.3501
9.55938
10.2225
9.75482
9.91234
9.81584
9.582
9.35633
9.61679
9.55765
9.82884
9.51875
9.73101
9.45822
9.6875
9.57941
9.60032
9.59167
9.67766
9.65979
9.57081
9.58848
9.68359
9.55839
9.66626
9.57932
9.66
9.56931
9.80456
9.58294
9.46481
9.45659
9.67795
9.77428
9.57594
9.45577
9.67941
9.56801
9.79719
9.78794
9.44314
9.57418
9.02452
9.11408
9.08972
9.2092
9.11703
9.09634
9.24098
9.1293
9.03597
9.11022
9.09377
9.26806
9.23556
9.10161
9.14276
9.04505
9.0965
9.23333
9.12154
9.27984
9.10873
8.58552
8.42768
8.15296
8.22159
8.43845
8.65391
8.68811
8.15634
8.37181
7.93062
8.31619
7.874
8.67509
8.73324
8.55094
8.98579
8.71153
8.76658
8.54303
8.62561
8.67928
8.66633
8.62001
8.56934
8.51305
9.05154
8.61139
8.50557
8.60337
8.6422
9.16812
8.60411
8.68733
8.58362
8.60514
-0.0857845
-0.146962
-0.175637
-0.115176
-0.428279
-0.419468
-0.466112
-0.385039
10.7702
10.7486
10.7071
10.64
10.7488
10.828
10.856
10.6982
10.6703
10.583
10.668
10.6122
10.771
10.7637
12.3595
12.3067
12.3016
12.3174
12.327
12.386
12.3744
12.4625
12.4287
12.4005
12.4304
12.4042
12.5179
12.5118
12.5174
12.4236
12.501
12.5117
12.6316
12.472
12.322
12.6358
12.6732
12.7846
12.6296
12.7283
12.511
12.5803
9.48743
9.33388
9.60824
9.34914
9.61012
9.83952
9.83875
9.40135
9.36277
9.61218
9.20075
9.51141
9.72099
9.88356
8.15665
8.3719
7.93046
7.87398
8.31665
8.6758
8.73348
8.58625
8.42841
8.15391
8.43949
8.22264
8.65476
8.68845
10.6988
10.6708
10.5825
10.6123
10.6686
10.7723
10.765
10.7715
10.7507
10.7074
10.7506
10.6405
10.8287
10.8574
12.4623
12.4279
12.4004
12.4041
12.4299
12.5168
12.5108
12.3583
12.3049
12.3001
12.3256
12.3159
12.3843
12.3723
12.6374
12.6754
12.7857
12.6312
12.7286
12.5127
12.5834
12.5156
12.42
12.4971
12.5098
12.6294
12.4704
12.318
9.68986
10.1337
9.69358
9.72101
10.0187
9.61693
9.58869
9.7847
10.1308
9.67464
9.67132
10.1591
9.72746
9.71596
9.39236
9.40643
9.38127
9.50389
9.46563
9.48676
9.84958
9.84793
9.84772
10.1611
10.1592
10.1599
10.1889
10.1855
10.1869
9.8983
9.89288
9.89504
9.10679
9.35226
9.71023
9.71133
9.71091
9.89598
9.89575
9.89599
9.75214
9.75043
9.75134
9.16873
9.16496
9.16618
7.92919
7.90865
0.791925
0.84447
0.790361
10.2266
10.2286
10.23
10.3448
10.3523
10.3492
10.1899
10.196
10.1937
9.71462
9.7225
9.71864
8.93372
8.9442
8.93905
8.21531
8.21733
8.21374
11.1313
11.3045
11.3104
11.3081
11.3698
11.3786
11.3752
11.296
11.3042
11.3015
10.9754
10.9768
10.9758
11.8978
11.9005
11.8983
12.0223
12.0212
12.0225
12.0071
12.004
12.007
12.498
9.49184
9.50163
9.49792
-0.146472
-0.133353
-0.140167
8.00293
8.00972
8.005
10.7121
10.7179
10.7154
12.5389
12.5443
12.5419
7.71172
7.67377
7.67814
9.05811
9.66831
9.6689
9.66868
10.1817
10.1996
10.1922
10.6359
10.6294
10.6321
11.0008
11.2875
11.2926
11.2906
11.875
11.876
11.8755
12.471
12.4702
12.4707
12.7588
12.7661
12.7655
12.4853
12.7631
12.7666
12.7671
9.16575
9.1684
9.16666
10.0677
10.0609
10.0635
9.87354
9.5303
9.52949
9.52914
9.73675
9.54435
9.52365
7.71149
7.67352
7.67787
9.5006
9.46325
9.4817
9.15551
9.15082
9.1523
8.18838
8.17443
8.11954
8.04992
0.019153
-0.0307166
0.173492
0.0634401
9.05898
9.66998
9.67056
9.67035
10.6359
10.6294
10.632
10.1814
10.199
10.1918
11.0018
11.2894
11.2944
11.2924
12.4706
12.4698
12.4703
11.8752
11.8759
11.8754
12.4853
9.16609
9.1687
9.16697
9.17673
9.1797
9.1777
9.53015
9.52936
9.52899
9.49159
9.50142
9.49768
9.56457
9.53013
7.19963
8.38056
9.47653
9.47937
9.47861
9.5408
9.98223
10.2549
10.7918
11.1756
11.1911
11.1829
11.3181
11.7923
11.8966
12.246
12.3573
12.518
9.83114
9.59468
9.60583
9.53888
9.56308
9.54887
9.50569
9.48402
9.49357
9.66513
9.6607
9.66017
9.66277
9.65851
9.65843
9.97069
9.96895
9.96888
10.0191
10.0175
10.0175
10.2673
10.2652
10.2658
10.2867
10.2843
10.2851
10.3105
10.3077
10.3088
10.2969
10.2941
10.2952
10.0864
10.0846
10.0855
9.36373
9.39125
9.37934
9.38606
9.4066
9.45251
9.45578
9.47464
9.47105
9.47219
9.47194
9.46757
9.79674
9.79461
9.79441
9.22918
9.22562
10.1393
10.1373
10.1379
9.38784
9.369
9.6795
9.68036
9.67974
10.2037
10.2011
10.2022
9.72397
9.72491
9.72432
9.89422
9.89381
9.89409
9.95541
9.95131
9.95305
9.8982
9.89753
9.89798
9.77845
9.7765
9.77749
9.2198
9.73659
9.73444
9.73548
9.25783
9.25371
9.25509
7.05025
7.03464
7.00739
7.00203
7.01093
-0.418324
-0.410922
8.13164
8.15231
9.89122
9.89135
9.89142
10.1439
10.1511
10.1477
9.79604
9.79441
9.79529
10.1509
10.1628
10.1581
10.2342
10.2421
10.2393
9.27717
9.27366
9.27484
10.2322
10.2391
10.2368
10.0617
10.068
10.0655
8.12926
8.05999
8.09552
10.0149
10.021
10.0188
9.51646
9.52443
9.52076
9.41382
9.42234
9.41835
8.53
8.54155
8.53507
0.954545
0.863349
8.38218
8.39417
8.38765
7.56673
7.57041
7.56584
7.48098
7.48281
7.47865
10.1756
10.1784
10.1767
10.1958
10.2043
10.3447
10.3529
10.3495
10.9733
10.985
10.2272
10.2335
10.2311
11.0181
11.0263
11.1631
11.1692
11.1668
9.79672
9.80445
9.80087
11.177
11.1835
11.1809
11.1992
11.208
11.2045
9.04333
9.05324
9.04793
11.1942
11.2032
11.1997
11.0904
11.0997
11.0964
8.27252
8.27573
8.27179
11.0601
11.0689
11.0659
10.7564
10.76
10.7583
10.6954
10.6978
10.6964
10.6893
10.6978
11.3684
11.3774
11.3739
11.8155
11.8153
11.8155
11.3207
11.3293
11.3265
11.8361
11.8356
11.8357
11.8975
11.8949
11.8963
11.0334
11.036
11.0347
11.9014
11.8989
11.9004
11.8488
11.8483
11.849
11.8327
11.8322
11.8335
12.0089
12.0138
12.0115
11.9447
11.9491
12.0118
12.0103
12.0116
12.3909
12.396
11.9918
12.0034
11.9981
12.4092
12.4135
12.4715
12.4743
12.6877
12.685
12.7366
12.7375
12.7391
8.08065
6.92346
7.38404
7.23002
7.31508
7.3325
6.82774
6.82307
7.19557
7.19663
7.19265
7.3839
7.38197
6.48931
6.49044
6.48463
8.6468
7.90694
8.57491
8.59275
8.58854
8.59535
8.6222
7.7911
7.76489
7.04414
7.02858
7.00547
7.00014
7.00901
8.1317
8.15235
9.20087
9.21696
9.0739
9.08402
9.08075
9.56317
9.54447
9.55596
9.73622
9.73933
9.64926
9.76409
9.76625
9.665
9.79244
9.7887
9.79027
9.79978
9.79452
9.88336
9.89072
9.88717
9.88407
9.89359
10.1582
10.4213
10.6714
10.1757
10.1786
10.1769
10.6135
10.609
10.689
10.6973
11.0153
11.024
11.2145
11.2179
11.2172
11.4775
11.4818
11.3963
11.5327
11.5397
11.4253
11.5893
11.5837
11.5856
11.5248
11.5201
11.612
11.8033
12.0204
12.2857
12.4038
12.3982
12.75
12.7537
12.4895
12.6878
12.6852
12.7337
12.7345
12.7361
12.739
12.7374
7.22418
7.23219
7.31569
7.33311
6.83098
6.82634
7.19627
7.19738
7.19337
6.48977
6.4909
6.48509
7.38628
7.38462
8.08304
6.92623
7.38582
6.95702
7.02008
6.99608
7.36486
7.3777
7.44045
9.17792
9.17843
9.18694
9.39152
10.2745
10.2557
9.91076
9.90815
9.88135
9.86901
9.46032
9.46043
9.45806
9.49365
9.4909
9.47827
9.47885
9.43529
9.46433
9.47223
9.42726
9.52852
9.52676
9.52777
9.53637
9.53496
9.51329
9.4018
9.42247
9.37019
9.38559
9.37888
9.2816
9.2858
8.91792
8.92403
8.92599
9.2359
9.23295
9.23448
8.93969
8.94243
9.4462
9.32913
9.42434
9.30468
8.91475
8.57491
8.59275
8.5885
8.59547
8.62233
7.79082
7.76463
9.33877
9.32583
9.04924
8.64734
7.90806
9.28545
9.25547
9.27064
8.92511
9.25672
9.06743
9.0611
9.06401
8.79576
8.78984
8.79118
8.5701
8.58237
8.67373
8.66317
8.66649
8.69451
8.65168
7.20917
6.81301
-0.0613685
-0.0687555
0.0587776
0.0743896
0.0707358
-0.525761
0.0253755
9.56461
9.54587
9.55739
9.73795
9.74106
9.65079
9.77837
9.76578
9.76793
9.66651
10.614
10.6094
10.1578
10.4239
10.6728
11.0159
11.0246
10.7933
11.2162
11.2196
11.2189
11.4753
11.4796
11.3973
11.526
11.5329
11.5402
11.4286
11.665
11.6699
11.6676
12.4036
12.398
11.8048
12.0147
12.2844
12.4891
12.6225
12.6273
12.6892
12.695
12.6932
12.3557
12.5151
12.4863
0.0488606
0.0644661
0.060793
-0.083523
-0.0908609
9.00487
9.32292
9.57638
9.56024
9.02749
9.43608
9.42814
9.44688
9.52892
9.50103
9.04854
9.26055
9.06407
9.59643
9.59169
9.59171
9.19665
9.18047
9.99392
9.99244
9.9926
9.50078
9.49839
9.49747
9.67663
9.6753
9.67495
10.2053
10.2031
10.204
9.90141
9.90062
9.90085
9.97826
9.97689
9.97749
10.1214
10.1173
10.119
10.0039
10.0017
10.0027
9.96066
9.95801
9.95919
9.70803
9.68484
9.69584
9.78193
9.77861
9.7799
9.61539
9.61189
9.6131
-0.89065
9.37672
9.37122
9.30904
9.43684
9.77234
9.77874
9.7762
9.80942
9.81013
9.81001
9.8654
9.86785
9.86704
9.88677
9.88572
9.88646
9.96848
9.97006
9.96967
9.98108
9.98237
9.98197
9.59695
9.59489
9.59581
9.90173
9.90256
9.90249
9.79165
9.79217
9.79171
8.78614
8.78001
8.78154
9.46852
9.46761
9.46749
9.17183
9.16968
9.16961
6.9455
8.43442
8.42843
8.42756
7.81687
7.82555
7.81872
0.775154
6.1019
6.09036
6.09153
5.1381
5.10919
5.11765
4.04715
4.04961
4.03472
10.5048
10.304
10.3124
10.3089
10.5765
10.5818
10.3208
10.3278
10.3247
10.6626
10.6695
10.6665
10.686
10.6914
10.6891
10.054
10.0607
10.0577
10.6627
10.6677
10.6655
10.6028
10.6091
10.6064
9.45238
9.46156
9.45676
10.4427
10.45
10.4466
10.3133
10.3212
10.3174
8.63431
8.64352
8.63867
10.0366
10.0455
10.0417
9.8497
9.85763
9.85405
9.50217
9.50584
9.50295
11.1177
11.1294
11.1292
11.2026
11.4903
11.5035
11.4963
11.3394
11.3471
11.3441
11.5646
11.5709
11.5686
11.3639
11.3737
11.3701
11.6485
11.6564
11.6538
11.674
11.6809
11.6794
11.2091
11.2154
11.2132
11.6326
11.6354
11.6349
11.5589
11.5593
11.5595
11.3567
11.3534
11.3547
12.0227
11.9608
11.9585
11.9596
12.0934
12.0934
12.0319
12.032
12.0332
12.1931
12.1953
12.1965
12.2159
12.219
12.2195
11.9733
11.9755
12.0027
12.0175
12.0449
12.0442
12.5437
9.52176
9.53541
9.52906
9.47735
9.4868
9.48324
9.53284
9.54663
9.54016
8.23568
8.22695
8.23119
-0.217779
-0.206217
-0.213184
-0.171596
-0.157352
-0.164497
-0.247413
-0.234542
-0.241778
8.32313
8.32821
8.32616
7.99691
8.00393
7.99939
10.7836
10.7846
10.7841
10.7049
10.7107
10.7083
10.7894
10.7905
10.79
12.5973
12.5991
12.5981
12.5453
12.5505
12.5483
7.70096
7.66441
7.66836
7.24415
7.21053
7.19137
7.24582
7.21338
7.19372
8.23422
8.22551
8.22975
5.23156
6.45061
8.50758
9.17238
8.32317
8.32811
8.32613
8.32623
8.33184
8.32966
9.6309
9.63122
9.63114
9.67832
9.67974
9.67941
9.64801
9.64901
9.6486
9.88625
9.61241
9.61753
9.61537
10.0036
9.99386
9.9977
10.0136
10.0037
10.0077
10.2024
10.2058
10.2665
10.2761
10.2309
10.2446
10.6278
10.6216
10.6241
10.5833
10.5868
10.5851
10.5788
10.5825
10.5806
11.0727
10.7834
10.7844
10.7839
11.2684
11.2732
11.2713
11.3397
11.3459
11.3435
11.3233
11.3278
11.3258
11.5926
11.4169
11.4202
11.4183
11.8248
11.8211
11.8228
11.8264
11.8222
11.824
11.8546
11.8534
11.8728
11.8765
11.8585
11.858
12.477
12.4758
12.4764
12.4451
12.4498
12.4475
12.451
12.4553
12.4532
12.7725
12.7791
12.7786
12.7655
12.7667
12.7681
12.7767
12.7774
12.779
12.5058
12.5976
12.5995
12.5984
12.7808
12.7835
12.7844
12.7725
12.7757
12.7762
12.7722
12.7747
12.7759
8.51217
8.55261
8.53561
8.871
8.86814
8.86851
9.09207
9.09677
9.09375
9.16104
9.16324
9.16159
9.08868
9.09294
9.09004
10.0437
10.0225
10.0323
9.96618
9.99275
9.97732
10.0144
10.0068
10.205
9.51064
9.50914
9.50902
9.51531
9.51455
9.51417
9.52528
9.54252
9.53722
9.53554
9.553
9.54777
9.36175
9.375
9.24878
9.12572
7.24405
7.21041
7.19122
7.69991
7.66348
7.66738
7.24544
7.21313
7.19342
9.38276
9.35066
9.36547
9.48954
9.44327
9.29128
9.24856
9.35288
9.76685
9.0752
9.07012
9.07179
9.0481
9.04273
9.04426
8.95723
8.95099
8.95288
8.15034
8.0873
8.40999
8.35383
8.38289
8.04055
8.04443
5.23534
6.45437
8.5122
7.61452
7.75458
7.35826
-0.0287395
-0.0222631
-0.0243074
-11.3552
-18.5967
-22.633
-0.403121
0.126211
-0.64249
-0.435813
-0.481953
0.0437112
0.0527972
0.00706192
-0.191138
-0.275158
9.17344
9.61252
9.61767
9.61549
9.63251
9.6328
9.63274
9.68003
9.68143
9.68111
9.64965
9.65063
9.65023
9.88801
10.0037
9.99398
9.99784
10.0134
10.0035
10.0075
10.5833
10.5867
10.5851
10.628
10.6217
10.6243
10.5789
10.5825
10.5807
10.2015
10.2047
10.2658
10.2755
10.2293
10.2431
11.0737
11.4168
11.42
11.4182
11.2708
11.2755
11.2736
11.3385
11.3446
11.3423
11.3241
11.3285
11.3265
11.5933
11.8249
11.821
11.8229
11.8262
11.822
11.8238
12.4449
12.4496
12.4473
12.4763
12.4752
12.4757
12.4507
12.4551
12.4529
11.8561
11.8548
11.8697
11.8732
11.8571
11.8564
12.5067
12.7853
12.7881
12.7891
12.7764
12.7789
12.7803
-11.3668
-18.6162
-22.6557
7.43748
6.9571
7.01987
6.99598
7.36012
7.37278
9.18752
9.17625
9.1768
9.17104
9.17323
9.46527
9.47344
9.36385
9.39139
9.37945
9.38507
9.40563
9.46038
9.46048
9.45811
9.49339
9.49069
9.47762
9.47821
9.45231
9.45561
9.51424
9.52845
9.52674
9.52776
9.53656
9.53523
9.42509
8.9146
9.30485
9.47443
9.47088
9.47204
9.47219
9.46788
9.37029
9.38576
9.37907
9.40119
9.42179
8.91784
8.92399
8.92598
8.93935
8.9421
9.23562
9.23271
9.23426
9.28104
9.2852
9.41309
9.38053
9.45432
8.99279
9.23322
8.41158
8.99573
9.43798
9.43463
9.5526
9.5427
9.42982
9.43159
9.42955
9.55875
9.32242
10.1227
10.2219
11.0087
11.1799
11.1829
11.2364
11.2451
11.1984
11.2083
11.2513
11.3354
11.2514
11.7687
11.922
11.9728
11.9716
11.9932
12.1858
12.3039
12.2607
12.3963
12.5204
5.7703
5.24421
5.34044
5.42922
9.53539
9.51903
9.68469
9.678
9.72294
9.71337
9.71886
9.63502
9.62758
9.5935
9.70814
9.69807
9.70433
9.82201
9.82036
9.82105
9.48515
9.86611
9.86625
9.86548
9.79979
9.79954
9.79928
9.70756
9.68903
9.84631
9.84628
9.84585
9.89714
9.89632
9.89602
9.61165
9.59144
9.94929
9.94864
9.9482
9.89583
9.89489
9.89457
9.63127
9.59897
9.61602
9.9542
9.9535
9.95298
10.0197
10.019
10.0185
9.57727
9.54463
9.56357
10.1305
10.1297
10.1293
10.0365
10.0356
10.0351
10.164
10.1632
10.1628
9.78227
9.77947
9.77916
10.2745
10.2739
10.2736
10.4277
10.4266
10.4266
9.82798
9.82563
9.8253
10.3133
10.3128
10.3124
10.4628
10.4615
10.4616
10.1461
10.1446
10.1448
10.5542
10.5522
10.5526
10.6281
10.625
10.626
10.1814
10.1798
10.1801
10.5766
10.5743
10.5749
10.6376
10.6341
10.6353
10.3216
10.3191
10.3201
10.6442
10.6402
10.6417
10.5926
10.5881
10.5899
10.324
10.3215
10.3225
10.6381
10.634
10.6355
10.5662
10.5621
10.5638
10.2362
10.2329
10.2343
10.4588
10.4553
10.456
10.1401
10.1644
10.2058
10.2025
10.2039
10.3977
10.3947
10.3969
9.35265
9.37875
9.36733
9.3734
9.39902
9.3877
9.55641
9.55675
9.55514
9.59715
9.59664
9.59631
9.56474
9.56511
9.56355
9.58852
9.58793
9.58752
9.52658
9.54082
9.53409
9.47174
9.48202
9.4781
9.61835
9.61471
9.61555
9.65419
9.65185
9.65277
9.62016
9.61605
9.61717
9.65891
9.65651
9.65731
9.30362
9.31458
9.30085
9.31689
9.31207
9.44557
9.44334
9.44451
9.46256
9.45919
9.4602
9.43288
9.43081
9.43176
9.31701
9.33209
9.32763
9.30222
9.31819
9.31337
9.44192
9.43582
9.46524
9.46101
9.46228
9.43871
9.43513
9.43642
9.64131
9.63782
9.63742
9.43871
9.43536
9.4346
9.24913
9.25261
9.24883
8.81457
9.08264
9.0638
9.34593
9.34184
9.34204
9.15919
9.14073
10.0379
10.0362
10.0366
9.86736
9.86658
9.86674
9.73376
9.73266
9.73246
9.49572
9.49488
9.49438
9.41383
9.40986
9.40983
9.58832
9.58733
9.58672
9.54041
9.54105
9.5404
9.78719
9.78679
9.78671
9.64544
9.64486
9.64435
10.2128
10.2105
10.2115
10.0118
10.01
10.0109
9.99549
9.99403
9.99469
9.82747
9.82698
9.82704
9.82343
9.82375
9.8236
9.91457
9.91346
9.91396
9.95727
9.95568
9.95655
9.84968
9.84984
9.8498
9.93306
9.93181
9.9324
10.0909
10.0873
10.0889
9.83377
9.8305
9.83183
9.93831
9.93568
9.93684
9.95315
9.95141
9.95233
9.88167
9.88033
9.88116
9.91399
9.91174
9.91281
9.77953
9.77649
9.77775
9.86343
9.86193
9.86281
9.88848
9.88598
9.88712
9.65955
9.65274
9.28916
9.31543
9.3003
9.55218
9.54856
9.54958
9.72914
9.72597
9.72724
9.57691
9.57407
9.57525
9.53951
9.53587
9.53719
9.18313
9.17846
9.17922
9.50812
9.50502
9.50628
9.46151
9.45757
9.45891
7.6212
7.61357
7.61584
6.99739
6.97003
6.98644
8.32101
8.30329
7.57454
7.57099
7.57208
7.00429
6.97732
6.99473
-0.414623
-0.403504
-0.409408
-0.504152
-0.490364
-0.487936
-0.476904
-0.483628
8.88821
8.91441
8.47566
8.48208
8.48129
8.46956
8.4782
8.4766
8.39487
8.402
8.39823
8.06364
8.07476
8.0692
8.47965
8.4928
8.74973
8.7767
8.76692
9.8395
9.84015
9.84007
9.95712
9.95858
9.95825
9.89556
9.89776
9.89709
9.81488
9.816
10.0228
10.0323
9.90538
9.90886
9.90767
10.0776
10.0814
9.99865
10.001
10.0001
9.93404
9.93661
9.93572
9.87423
9.87305
9.87382
9.93118
9.93204
9.93197
9.97862
9.97949
9.97935
10.0154
10.0178
10.0169
10.201
10.2125
10.2078
10.0346
10.0372
10.0362
9.9941
9.99754
9.99623
10.2159
10.2265
10.2222
10.0318
10.0344
10.0334
9.53133
9.52868
9.52979
9.55221
9.55162
9.5513
9.74297
9.74305
9.74258
9.97249
9.9758
9.97443
10.1951
10.201
10.1984
9.88166
9.88407
9.8829
9.66839
9.66978
9.669
10.1691
10.1751
10.1723
9.83759
9.83984
9.83882
8.63329
8.62514
8.62697
8.62177
8.61637
8.61573
9.04936
9.04675
9.04645
9.5945
9.59562
9.59468
9.84402
9.85062
9.8478
9.32477
9.32467
9.32372
8.8094
8.8077
8.80703
9.77119
9.77813
9.77507
9.21212
9.2114
9.21058
6.4038
6.58316
6.57725
6.57556
7.51355
7.51661
7.51135
8.64215
8.64071
8.6394
9.07407
9.08442
9.07881
8.08425
8.08066
8.07817
7.07629
7.0707
7.06457
8.93981
8.95051
8.94473
7.82735
7.82294
7.81964
1.11198
4.16753
4.16746
4.15267
4.79755
4.76505
4.78032
6.74866
6.74197
6.73495
7.98761
7.99873
7.99242
5.9604
5.9611
5.95121
5.18627
5.19152
5.17849
7.86652
7.87614
7.87029
5.67456
5.67858
5.66745
5.09313
5.09843
5.08581
10.2134
10.2082
10.2103
10.1693
10.1721
10.1704
10.2062
10.2003
10.2025
10.2056
10.2
10.1743
10.179
10.176
10.2052
10.2003
10.2019
10.3189
10.3282
10.3243
10.6535
10.66
10.6571
10.5892
10.6058
10.5966
10.6231
10.6325
10.6453
10.775
10.7769
10.7757
10.6991
10.701
10.307
10.3132
10.3106
10.676
10.6808
10.6788
10.6899
10.6954
10.6931
11.1018
11.1049
11.1036
10.7894
10.7931
10.7916
10.8256
10.8299
10.828
11.1201
11.1258
11.1235
10.8325
10.8377
10.8355
10.8327
10.8373
10.8353
9.99815
10.0051
10.002
10.4835
10.4904
10.4872
10.5781
10.5846
10.5818
10.827
10.8328
10.8303
11.1967
11.2044
11.2013
10.7921
10.7991
10.7961
10.7137
10.7214
10.718
11.2013
11.2092
11.2061
10.7756
10.7829
10.7798
9.35278
9.3623
9.35737
10.1011
10.1098
10.1061
10.264
10.2719
10.2681
10.6878
10.6957
10.6922
11.1664
11.1761
11.1724
10.5972
10.6061
10.602
10.4407
10.4505
10.4463
11.1509
11.1606
11.157
10.5602
10.5694
10.5652
8.52953
8.53733
8.53287
9.5734
9.57793
9.57486
9.78066
9.78802
9.78461
10.3927
10.4025
10.3983
10.9538
10.9609
10.9584
10.2438
10.2527
10.2488
10.0088
10.0144
10.0111
10.9092
10.9154
10.913
10.1865
10.1948
10.1911
9.94222
9.94707
9.94399
10.8506
10.843
10.846
10.8571
10.8496
10.8526
10.7958
10.799
10.7972
10.7082
10.715
10.7121
10.9347
10.9382
10.9366
11.3514
11.3593
11.3562
11.6386
11.646
11.6435
11.5867
11.5937
11.5913
11.5791
11.5839
11.7238
11.7244
11.648
11.6535
11.6515
11.742
11.7462
11.7385
11.7448
11.7431
11.6727
11.6791
11.6769
11.3593
11.3689
11.3655
11.65
11.6537
11.653
11.6758
11.6816
11.6805
11.7573
11.7633
11.7617
11.8763
11.874
11.8749
11.7883
11.7923
11.7918
11.7787
11.78
11.78
11.8879
11.8853
11.8864
11.7922
11.7956
11.7951
11.1726
11.178
11.176
11.403
11.4006
11.4016
11.5272
11.5271
11.5274
11.7678
11.7684
11.7685
11.891
11.8896
11.8909
11.7107
11.7095
11.7102
11.5888
11.586
11.5872
11.8875
11.8864
11.8878
11.6866
11.6847
11.6856
11.5569
11.554
11.5552
12.0569
12.0563
12.0567
12.0121
12.0172
12.0149
12.0577
12.0577
12.058
11.9956
11.9891
11.965
11.9692
11.9668
12.0162
12.0125
12.0142
11.9798
11.9777
11.9788
12.1701
12.172
12.1731
12.1093
12.1159
12.1131
12.1752
12.1862
12.191
12.2706
12.2736
12.2743
12.2205
12.2223
12.2151
12.0331
12.0334
12.0345
12.2273
12.23
12.2938
12.297
12.2979
12.3135
12.3172
12.4078
12.3299
12.3333
12.5923
12.595
12.6185
12.6172
12.6177
12.6137
12.6126
12.613
12.5165
12.5172
12.5169
12.4682
12.4709
12.4699
12.5171
12.5196
12.6698
12.6684
12.6708
12.7009
12.6987
12.6761
12.6763
12.7415
12.7417
12.7431
12.7451
12.7422
12.7465
12.7466
12.7477
7.33859
7.18887
5.24175
5.33991
5.42838
7.22839
7.24687
7.38972
7.40753
7.22496
7.22021
6.452
6.44634
6.44517
7.2499
7.25356
7.24872
6.78534
6.78039
6.77981
7.14271
7.1376
7.20093
7.20736
7.20124
6.57343
6.57312
6.56707
7.07566
7.0807
7.07911
8.59065
7.79637
4.31506
7.73021
7.68209
7.65491
7.64265
8.37709
8.52042
7.67305
7.69196
8.40954
8.47515
8.51073
8.55912
8.57644
8.57246
8.73678
8.77966
8.77219
8.57525
8.59311
8.58941
4.92338
4.42929
5.3896
4.89801
4.53808
7.74599
7.7158
7.71855
7.45691
7.40001
7.32825
7.29888
7.28099
7.1454
7.05126
7.03863
7.14244
7.05276
7.03946
7.6162
7.60854
7.61083
6.9918
6.96441
6.98083
7.62663
7.62198
8.31602
8.29829
7.57259
7.56905
7.57015
7.00218
6.97523
6.99261
5.57459
5.43148
8.69138
3.10727
2.81039
3.55634
9.22077
9.51732
8.39453
8.40161
8.39786
8.4796
8.4927
8.4751
8.48163
8.48081
8.46894
8.47767
8.47607
8.74898
8.77594
8.76613
9.22238
9.22293
9.16655
9.16762
9.16854
9.1497
9.15243
9.15375
9.14855
9.15016
9.15163
9.45929
9.45733
9.4578
9.32333
9.33874
9.33315
9.31464
9.32977
9.32431
9.58113
9.58226
9.58198
9.55725
9.55866
9.59746
9.60212
9.60076
9.72207
9.70912
9.71731
9.73359
9.72905
9.65826
9.66282
9.66116
9.57379
9.57314
9.63083
9.63499
9.62442
9.62402
9.84709
9.76207
9.75992
9.559
9.60322
9.60894
9.60643
9.78542
9.78134
9.78294
9.74765
9.75129
9.7492
9.79345
9.8023
9.78036
9.7758
9.77718
9.74474
9.75038
9.74703
9.98643
9.99485
9.98675
9.98973
9.99701
9.98813
9.94226
9.94025
9.94063
9.86325
9.8709
9.86719
10.068
10.0749
10.1335
10.1453
10.1707
10.2569
10.3906
10.216
10.3724
10.3504
10.4439
10.4314
10.6878
10.2135
10.2084
10.2104
10.206
10.2002
10.2024
10.2055
10.1999
10.2047
10.1999
10.2014
10.2797
10.2884
10.3601
10.364
10.2798
10.2869
10.2836
10.3586
10.3604
10.359
10.2911
10.2978
10.2947
10.3583
10.3578
10.3578
10.3949
10.3875
10.4106
10.4034
10.4061
10.6313
10.6262
10.6279
10.5885
10.5977
10.5881
10.5933
10.5904
10.4769
10.4802
10.4788
10.4814
10.4863
10.4841
11.1189
11.2221
10.9012
10.9067
10.795
10.7981
10.7964
10.7076
10.7144
10.7114
10.8505
10.8428
10.8459
10.8572
10.8496
10.8527
11.0558
11.0525
11.0904
11.0851
11.0868
11.03
11.0341
11.0321
11.0988
11.0923
11.0947
11.0937
11.0873
11.0897
11.1774
11.1822
11.18
11.1348
11.1416
11.2493
11.2532
11.2515
11.2857
11.2887
11.2902
11.3049
11.2964
11.4309
11.4366
11.4344
11.4373
11.4459
11.3982
11.4123
11.4048
11.3377
11.3477
11.3984
11.4057
11.3913
11.3954
11.5576
11.5194
11.4963
11.467
11.4027
11.4071
11.4048
11.5183
11.5224
11.5199
11.5867
11.5814
11.5831
11.5176
11.5219
11.5193
11.472
11.4787
11.562
11.5571
11.5583
11.7159
11.8132
11.7881
11.7841
11.786
11.7556
11.7494
11.7594
11.7615
11.7603
11.9008
11.9063
11.9036
11.7309
11.7336
11.7321
11.637
11.6419
11.6394
11.8398
11.8423
11.8276
11.8269
11.8265
11.828
11.9678
11.9648
11.9555
12.0141
12.0857
12.1116
12.2636
12.0128
12.0179
12.0156
12.057
12.0566
12.0569
12.0583
12.0583
12.0586
11.9959
11.9894
11.9649
11.9692
11.9667
12.0165
12.0126
12.0144
12.0753
12.0787
12.1654
12.1672
12.0912
12.096
12.0936
12.1823
12.1833
12.1824
12.2121
12.206
12.2235
12.2199
12.2216
12.4039
12.4003
12.4022
12.3708
12.3766
12.3734
12.3777
12.3755
12.3645
12.3712
12.3681
12.2958
12.3013
12.2989
12.4692
12.6949
12.6995
12.7004
12.7462
12.7434
12.6991
12.6983
12.7011
12.7166
12.7161
12.7174
12.6326
12.6283
12.6317
12.4773
12.5927
12.5955
12.5168
12.5176
12.5173
12.5175
12.52
12.6189
12.6176
12.618
12.6135
12.6124
12.6128
12.6262
12.6257
12.6157
12.6193
12.6187
12.6124
12.6138
12.6858
12.6846
12.6855
12.6916
12.6925
12.7087
12.7098
12.7142
12.7142
12.5113
12.5054
12.7018
12.6996
12.6699
12.6685
12.6709
12.6785
12.6787
12.7403
12.7403
12.7417
12.7438
12.7413
12.7453
12.7476
12.7488
12.7203
12.7187
12.7031
12.703
12.7055
12.6949
12.6949
12.6971
12.7722
12.7772
12.7775
12.7655
12.7708
12.771
12.717
12.7149
12.7169
12.72
12.7245
12.7248
7.2304
7.24889
7.39057
7.40837
6.45457
6.44883
6.44769
7.22751
7.22278
6.78565
6.78081
6.78018
7.25065
7.25451
7.24955
6.57425
6.57389
6.56785
7.07625
7.08129
7.0797
7.14679
7.1417
7.20311
7.20993
7.20366
7.34092
7.19202
7.91697
7.91301
7.91823
8.13448
8.13849
8.20759
8.19776
8.20046
7.94511
7.96506
7.0515
7.10447
7.08277
7.4139
7.48336
7.45613
6.98456
7.05461
7.0281
8.39807
8.39225
8.39485
8.16322
8.16861
8.25219
8.24696
8.24816
8.30511
8.30771
8.1368
8.06636
8.21847
8.30689
8.88407
8.88404
8.88433
8.8945
8.894
8.89327
8.90218
8.90343
8.90283
9.18243
9.18384
9.18226
9.12377
9.12755
9.10903
9.11367
9.11044
9.1765
10.2332
10.2326
9.96419
10.2156
10.2051
9.98149
9.96032
9.97038
9.93549
9.91443
9.79935
9.82177
9.86028
10.5772
10.0946
9.73693
9.60741
9.49702
10.2627
9.60663
9.59286
9.59761
9.75531
9.75856
9.75631
9.67805
9.68223
9.67953
9.38624
9.39977
9.39626
9.32388
9.3365
9.33322
9.47278
9.45747
9.46268
9.03698
9.02664
9.0308
9.25702
9.26436
9.26103
9.1823
9.18822
9.18546
9.10637
9.0943
9.20911
-0.291261
-0.29967
-0.298327
-0.964509
9.51648
9.51608
9.51536
9.44874
9.44803
9.44602
9.51526
9.51503
9.51434
9.47469
9.47347
9.46134
9.46059
9.4583
9.49577
9.49578
9.43816
9.46163
9.60821
9.60421
9.6052
9.58273
9.58092
9.58098
9.6191
9.61528
9.61637
9.57183
9.57048
9.57033
9.52458
9.54081
9.53584
9.51346
9.52237
9.53589
9.5228
9.54511
9.54028
9.54105
9.51663
9.51511
9.516
9.53355
9.52889
9.52957
9.57017
9.58563
9.57826
9.56163
9.56144
9.52324
9.52098
9.52207
9.53911
9.53392
9.53483
9.56505
9.36373
9.37944
9.37276
9.35291
9.36853
9.3618
9.2367
9.23138
9.23354
9.19211
9.19671
9.01027
9.01076
9.01119
8.90298
8.90812
8.91036
9.22372
9.21975
9.22155
9.15828
9.16112
9.16233
9.04072
9.04379
8.91923
8.9227
8.92506
9.31142
9.41439
9.67897
9.54368
9.17926
9.03562
7.68199
7.65474
7.64252
8.37722
8.52062
8.4098
8.47544
8.5111
7.67281
7.69174
8.55814
8.57571
8.57178
8.57531
8.59321
8.58952
4.92177
4.42744
5.38871
4.89685
4.53679
7.14435
7.05054
7.03769
7.74598
7.71576
7.71852
7.45657
7.39966
7.32815
7.29877
7.28086
7.14207
7.05235
7.03899
9.38629
9.40303
9.39167
9.11722
9.11977
9.39599
9.35942
9.27676
8.7783
8.68721
8.95411
8.59117
7.79746
4.32078
7.73163
9.40105
9.02798
9.04498
9.17049
9.16497
9.16946
9.13893
8.65348
9.15341
9.12714
8.77355
8.79703
9.14435
9.14029
9.14142
8.97494
8.93994
8.95773
9.06039
9.05273
9.05548
8.92682
8.92104
8.9224
8.67627
8.66912
8.67215
8.82514
8.8184
8.81976
8.87387
8.86495
8.87427
8.83473
8.85505
8.89861
8.92314
8.90867
8.64429
8.05889
8.40071
8.47348
8.49428
8.48127
8.55217
8.50328
8.52844
8.41627
8.40353
8.24918
8.71222
8.70324
8.68279
8.64064
3.11171
2.81493
8.69665
3.56588
7.67188
7.91776
7.82998
-0.210054
-0.21081
-0.207169
-0.290511
-0.286789
0.00347785
0.00338015
0.00732842
-0.0220172
-0.00750407
-0.0100564
-0.0328394
-0.0254215
-0.319143
-0.332557
1.66951
1.77468
-16.3546
-0.578662
-0.639339
-0.26035
-0.425467
-0.569331
-0.577761
-0.579746
0.181846
0.0982323
0.1185
-0.295766
-0.365811
-0.767764
-0.604837
-0.634088
9.10392
9.11619
9.11154
9.22253
9.2231
9.16689
9.16798
9.16889
9.14943
9.15217
9.1535
9.14842
9.15004
9.15152
9.45893
9.45699
9.45747
9.32309
9.33856
9.33296
9.3754
9.39302
8.66414
9.22158
9.60366
9.6094
9.60688
9.58262
9.58374
9.58346
9.55873
9.56013
9.59902
9.60365
9.6023
9.72372
9.71077
9.71896
9.73524
9.73069
9.65981
9.66436
9.6627
9.57518
9.57452
9.6324
9.63655
9.62587
9.62545
9.84888
9.76365
9.76163
9.5604
9.94231
9.9403
9.94068
10.0769
10.0796
10.078
9.99519
9.98707
9.99006
9.99722
9.98828
9.94119
9.9416
9.94063
9.86357
9.87124
9.86752
9.98752
10.1221
10.2797
10.2886
10.3605
10.3645
10.3583
10.3578
10.3578
10.3955
10.3881
10.4113
10.4041
10.4068
10.477
10.4803
10.4789
10.6321
10.6269
10.6287
10.589
10.5981
10.5887
10.5939
10.591
10.482
10.4869
10.4847
10.2232
10.1342
10.1455
10.1695
10.2574
10.3919
10.2151
10.3751
10.3519
10.445
10.4329
10.6892
11.0563
11.053
11.0912
11.0859
11.0876
11.03
11.0341
11.0321
11.0987
11.0921
11.0945
11.0937
11.0873
11.0897
11.1773
11.182
11.1799
11.1736
11.1787
11.1765
11.1352
11.142
11.2287
11.2335
11.1201
11.3173
11.4034
11.4079
11.4056
11.2509
11.2547
11.253
11.2864
11.2894
11.29
11.3047
11.2962
11.432
11.4379
11.4356
11.4382
11.4467
11.4008
11.415
11.4075
11.3401
11.35
11.3971
11.4046
11.3927
11.3969
11.5064
11.5567
11.5227
11.4978
11.4681
11.7588
11.7609
11.7597
11.7883
11.7843
11.7862
11.7552
11.749
11.7311
11.7338
11.7323
11.6376
11.6424
11.64
11.8393
11.8418
11.7163
12.0752
12.0786
12.1653
12.1671
12.0915
12.0964
12.094
12.1828
12.1838
12.1829
12.2121
12.206
12.2238
12.2203
12.2219
12.3643
12.371
12.368
12.404
12.4003
12.4022
12.3706
12.3764
12.3736
12.3778
12.3757
12.2962
12.3018
12.2993
11.9218
11.8292
11.8285
11.8253
11.8267
11.9675
11.9664
11.9554
12.0139
12.085
12.111
12.2623
12.7192
12.7187
12.72
12.7482
12.7454
12.7005
12.6997
12.7025
12.634
12.6297
12.6332
12.4658
12.6259
12.6254
12.612
12.6132
12.6915
12.6961
12.6948
12.6872
12.6857
12.6867
12.6918
12.6925
12.71
12.7113
12.654
12.4511
12.4754
12.777
12.7822
12.7824
12.7699
12.7754
12.7755
12.7055
12.7054
12.708
12.6969
12.6971
12.6993
12.7454
12.7458
12.7184
12.7214
12.7249
12.7252
12.6672
12.5172
12.5025
-0.692193
-0.00889273
-0.00885145
-0.00498489
-0.0331891
-0.0186518
-0.0212085
-0.233154
-0.233527
-0.229948
-0.16643
-0.170889
-0.166181
-0.31974
-0.316031
-16.3898
1.65768
1.76174
-0.593752
9.16005
9.07902
9.41708
9.57481
9.59281
9.27802
9.65921
9.61496
9.34785
9.33408
9.52845
9.52192
9.52359
9.36924
9.38202
9.37386
9.89887
9.8974
9.89731
9.73023
9.72848
9.72797
9.78333
9.78174
9.78143
10.1804
10.1785
10.1792
10.0729
10.0715
10.072
10.0967
10.0952
10.0957
10.1715
10.1679
10.1694
10.1285
10.1256
10.1268
10.1156
10.1125
10.1138
9.83645
9.83268
9.8333
9.89268
9.88852
9.89016
9.84407
9.84037
9.8415
9.7218
9.72339
9.72299
9.74451
9.74545
9.74517
9.75371
9.75493
9.75472
9.89878
9.89823
9.89866
9.91142
9.91134
9.91163
9.91651
9.91625
9.91658
9.70857
9.70677
9.70767
9.79361
9.79233
9.79307
9.7547
9.75332
9.75406
9.0548
9.05047
9.05176
9.26731
9.26422
9.26477
9.16471
9.16117
9.16153
7.49179
7.4804
8.06606
8.08035
8.06966
7.99973
7.92124
7.9618
4.69469
4.36925
0.892419
0.872256
0.847828
1.89667
1.87409
1.86075
1.84158
1.82573
1.81003
10.3256
10.3321
10.2657
10.2725
10.2696
10.3285
10.346
10.3373
10.3414
10.3486
10.3454
10.4415
10.4492
10.4458
10.4439
10.451
10.4478
10.1509
10.157
10.1545
10.3444
10.3498
10.3477
10.3133
10.3188
10.3165
9.63372
9.64194
9.63772
9.95909
9.96613
9.96269
9.89418
9.90145
9.89779
8.83345
8.84392
8.83879
9.32137
9.32983
9.32606
9.23566
9.24389
9.24015
8.14594
8.14706
8.14367
8.64475
8.64624
8.64337
8.5692
8.56998
8.56719
11.362
11.3685
11.3661
11.3166
11.3232
11.3206
11.3797
11.3865
11.384
11.3701
11.3794
11.3759
11.4602
11.4689
11.4657
11.4635
11.4725
11.4693
11.272
11.2797
11.2772
11.3983
11.4051
11.4033
11.3746
11.3807
11.379
10.914
10.9147
10.9138
11.0752
11.075
11.0748
11.013
11.012
11.012
11.9121
11.91
11.9232
11.9217
11.9222
11.9245
11.9271
11.9252
12.0251
12.0244
12.0257
12.0475
12.0477
12.0489
12.0536
12.0541
12.0553
8.87456
8.87162
8.87201
9.093
9.09752
9.09455
9.16052
9.16268
9.16106
9.08958
9.09349
9.09071
9.25967
9.25816
9.2582
9.1696
9.17282
9.17076
9.24846
9.24767
9.24751
9.51045
9.50897
9.50883
9.5149
9.51414
9.51376
9.53274
9.54659
9.54009
9.52137
9.53503
9.52867
9.47688
9.48637
9.4828
9.53541
9.55288
9.54764
9.52509
9.54225
9.53699
9.64683
9.46169
9.79452
9.44933
9.85261
9.46907
9.80259
9.78946
9.69496
9.68174
9.71722
9.7008
9.66321
9.65861
9.66901
9.69428
9.68019
9.53289
9.52587
9.71399
9.70923
9.71088
9.68683
9.66504
9.67844
9.57989
9.55378
9.56721
9.66884
9.66471
9.66514
9.70626
9.70221
9.70223
9.60413
9.59818
9.59867
9.78662
9.7825
9.78268
9.7391
9.73473
9.735
9.81064
9.80677
9.80698
9.7069
9.7036
9.70332
9.85112
9.84828
9.8482
10.1074
10.1057
10.1057
9.92334
9.92149
9.92132
10.0629
10.0613
10.0612
10.1512
10.1495
10.1496
10.0637
10.0622
10.0623
10.1924
10.1908
10.191
10.3716
10.369
10.3698
10.2421
10.2401
10.2407
10.3509
10.3483
10.3491
10.3872
10.3844
10.3853
10.3027
10.3003
10.3012
10.4003
10.3973
10.3984
10.3848
10.3815
10.3829
10.3181
10.3154
10.3165
10.3977
10.3945
10.3958
10.3655
10.3623
10.3636
10.2809
10.2779
10.2791
10.3421
10.339
10.3403
10.0842
10.0802
10.0827
10.1388
10.1351
10.1364
10.1528
10.1486
10.1494
9.74512
9.74264
9.74232
9.67291
9.67054
9.67002
9.61806
9.61518
9.61452
9.22736
9.2663
9.25594
9.19815
9.18455
10.1096
10.1077
10.1083
10.048
10.0464
10.0469
10.0148
10.0131
10.0136
9.38314
9.38063
9.31588
9.31705
9.31583
9.4168
9.38961
9.4049
9.63815
9.63903
9.63833
9.69544
9.69584
9.69531
9.65303
9.65353
9.65281
10.2105
10.2081
10.2091
10.1399
10.1376
10.1386
10.1433
10.1412
10.1421
9.73941
9.73973
9.73935
9.75921
9.75997
9.75951
9.77543
9.77557
9.77537
9.90091
9.90009
9.90057
9.8839
9.88374
9.88391
9.89272
9.89206
9.89244
10.0095
10.0054
10.0071
9.94222
9.93848
9.93997
9.98506
9.98143
9.98287
9.90238
9.90131
9.90195
9.89876
9.89782
9.89844
9.90061
9.89933
9.90007
9.76102
9.75878
9.75981
9.81181
9.81002
9.81099
9.79814
9.79601
9.79704
9.57136
9.54698
9.54339
9.52632
9.55962
9.55584
9.71485
9.71245
9.7135
9.69099
9.68866
9.68972
9.66432
9.66175
9.66283
9.18805
9.18359
9.18505
9.34867
9.34495
9.34628
9.28878
9.28463
9.2861
9.87857
9.87891
9.87892
9.90426
9.90452
9.90466
9.8901
9.89072
9.89071
9.78565
9.94923
9.95967
10.1159
10.1294
10.1231
10.093
10.0985
10.0962
10.0831
10.0864
10.0849
9.82707
9.82558
9.82645
9.83316
9.83195
9.83269
9.86035
9.85926
9.85998
10.113
10.1193
10.1164
10.1686
10.1808
10.1758
10.1254
10.133
10.1296
10.1441
10.1521
10.1491
10.2317
10.2408
10.2373
10.1485
10.1574
10.1538
9.37023
9.36705
9.36821
9.36593
9.36291
9.36373
9.44981
9.44705
9.44799
10.1358
10.143
10.1406
10.2264
10.2327
10.2306
10.1243
10.1308
10.1289
9.92517
9.93136
9.92843
10.1017
10.1079
10.1053
9.97332
9.97942
9.97651
8.27412
8.26555
8.26769
8.32478
8.31194
8.31387
8.46878
8.4605
8.46118
9.86786
9.87417
9.87139
9.96518
9.97126
9.96898
9.80682
9.81311
9.81057
9.27407
9.28145
9.27761
9.60682
9.61436
9.61093
9.38141
9.38862
9.38495
5.80063
6.18374
9.15277
9.16041
9.1563
9.30995
9.31915
9.31456
9.02859
9.03672
9.03207
8.07234
8.08212
8.07461
8.66539
8.67666
8.6704
8.23941
8.24853
8.24158
1.26703
1.13522
2.06438
1.99482
2.0196
2.09657
2.15928
2.09736
7.88231
7.89387
7.88606
8.24852
8.26073
8.25417
7.7156
7.7284
7.72012
6.91583
6.92465
6.91665
7.65634
7.66226
7.65737
7.00272
7.01358
7.00514
6.841
6.84757
6.84026
7.40655
7.40694
7.40317
6.7815
6.78595
6.77943
10.3396
10.3486
10.3447
10.44
10.4479
10.4442
10.4287
10.4378
10.4336
10.9926
10.9448
10.947
10.8835
10.8961
10.2573
10.2636
10.2611
10.3732
10.3787
10.3766
10.3958
10.4013
10.3992
11.0637
11.0668
10.941
10.9574
10.9487
10.9779
10.9789
10.9795
11.1526
11.1583
11.1561
11.0835
11.0891
11.0867
11.0773
11.0824
11.0803
9.8682
9.87566
9.87226
10.0259
10.0329
10.0297
10.0832
10.0901
10.0871
11.0909
11.0971
11.0945
11.1839
11.1908
11.188
11.0926
11.0993
11.0965
11.0731
11.0819
11.0782
11.2014
11.2099
11.2066
11.0805
11.089
11.0854
9.14568
9.15547
9.15028
9.4141
9.42228
9.41826
9.49883
9.50673
9.50257
11.0634
11.0725
11.0687
11.1877
11.197
11.1934
11.0526
11.0621
11.0581
10.9339
10.9441
10.9401
11.1121
11.1219
11.1185
10.9587
10.969
10.965
8.35139
8.35638
8.35236
8.71347
8.71597
8.71285
8.79406
8.7979
8.79468
10.9024
10.9121
10.9084
11.0301
11.0384
11.0355
10.8703
10.8796
10.876
10.5934
10.5984
10.5958
10.8111
10.8156
10.8137
10.6475
10.6532
10.6505
10.5325
10.5365
10.5342
10.6302
10.6316
10.6305
10.469
10.472
10.4699
11.3641
11.3729
11.3695
11.4555
11.4644
11.4612
11.4476
11.4563
11.453
11.6447
11.6621
11.6698
11.791
11.7938
11.7922
11.8197
11.8217
11.8215
11.7978
11.8002
11.7997
11.3367
11.3459
11.3428
11.423
11.4302
11.4282
11.4393
11.4471
11.4449
11.8416
11.8428
11.8427
11.8508
11.8497
11.8502
11.8582
11.8588
11.8589
11.8941
11.8915
11.8926
11.8978
11.8949
11.8963
11.8988
11.8964
11.8974
11.0847
11.0884
11.0868
11.1334
11.1342
11.1337
11.1852
11.1869
11.1862
11.8916
11.8887
11.89
11.898
11.8959
11.8973
11.8825
11.8798
11.881
11.804
11.8029
11.804
11.869
11.8688
11.87
11.8266
11.8252
11.8265
11.8089
11.805
11.8078
11.7844
11.784
11.7849
11.766
11.7648
11.7661
12.0062
12.0043
12.0057
12.029
12.0285
12.03
12.0207
12.0198
12.0213
12.3873
12.3712
12.3753
12.357
12.3629
12.057
12.0586
12.0272
12.0279
12.0289
12.0616
12.0615
12.0632
12.4194
12.3823
12.3865
12.3937
12.3978
9.31174
9.41482
9.15757
9.14647
9.04563
9.0348
9.23048
9.20938
9.54989
9.54452
9.54491
9.45387
9.44933
9.44834
9.42515
9.41941
9.41747
9.26049
9.2153
9.33911
9.29977
9.31913
9.2248
9.22949
9.22242
9.94854
9.94717
9.94717
9.88682
9.88529
9.88535
9.83771
9.83623
9.83609
9.59004
9.58776
9.58713
9.55931
9.55733
9.55665
9.64671
9.64481
9.64433
9.75959
9.75798
9.7579
9.62141
9.61977
9.61926
9.70593
9.70423
9.70394
10.1941
10.192
10.1928
10.1283
10.1263
10.1271
10.1134
10.1117
10.1123
9.97013
9.969
9.9694
9.93196
9.931
9.93136
9.998
9.99677
9.99724
10.0379
10.0363
10.0369
9.95717
9.95598
9.95648
10.0196
10.0181
10.0187
10.1488
10.1449
10.1465
10.0752
10.0717
10.0731
10.097
10.0938
10.0951
10.0488
10.0462
10.0474
9.99504
9.99271
9.99381
10.0368
10.034
10.0352
9.9954
9.99225
9.99361
9.97928
9.97682
9.97796
10.0178
10.0149
10.0162
9.75629
9.75207
9.75453
9.74835
9.74193
9.74442
9.78314
9.78009
9.78118
9.79005
9.78611
9.78769
9.73259
9.72926
9.73051
9.73264
9.72874
9.73021
9.59557
9.59118
9.59291
9.67321
9.66987
9.67111
9.663
9.6592
9.66069
-0.956594
9.7415
9.74414
9.74342
9.80838
9.81039
9.80959
9.77531
9.77662
9.77635
9.78069
9.78152
9.78133
9.81778
9.81889
9.81877
9.79011
9.79137
9.79116
9.83734
9.83977
9.83897
9.83503
9.83659
9.83627
9.80831
9.80987
9.80951
9.8948
9.89396
9.89458
9.91008
9.90948
9.91
9.91521
9.9148
9.9152
9.93548
9.93611
9.93613
9.97695
9.97841
9.97804
9.94285
9.94346
9.94342
9.94175
9.94188
9.94209
9.98144
9.98284
9.98244
9.94458
9.94489
9.94499
9.65454
9.6526
9.65353
9.65458
9.65291
9.65367
9.70626
9.70472
9.70549
9.84405
9.84361
9.84403
9.87171
9.87248
9.87233
9.80922
9.80866
9.80909
9.71755
9.71669
9.71714
9.83317
9.8338
9.83352
9.76511
9.76438
9.76485
8.9248
8.91954
8.92096
8.92321
8.91816
8.91847
9.04747
9.04313
9.04353
9.35011
9.34841
9.34825
9.38107
9.37972
9.37974
9.25112
9.24913
9.24895
9.01509
9.01203
9.01175
9.27936
9.27763
9.27763
9.13705
9.1345
9.13431
7.5699
7.47372
7.67226
7.56709
7.68903
7.66804
8.19914
8.18752
8.18816
8.26205
8.25505
8.25437
7.97837
7.96988
7.97024
7.5926
7.5719
8.0397
8.03202
8.03096
7.82179
7.72896
7.77626
3.58189
3.23692
5.51867
5.45804
5.81199
5.7927
5.79712
5.2493
5.17142
4.4844
4.37214
5.36117
5.33794
5.34488
4.67346
4.57598
0.921653
0.903684
0.882579
1.8408
1.82924
1.81308
2.99453
2.99416
2.97513
3.97968
3.98301
3.96864
2.96847
2.96991
2.95194
3.94361
3.94787
3.93426
2.97331
2.97681
2.95985
10.3734
10.3868
10.4813
10.4944
10.4398
10.4429
10.281
10.2896
10.286
10.3747
10.3848
10.3805
10.366
10.3724
10.3693
10.5238
10.532
10.4758
10.4747
10.4768
10.4284
10.4462
10.4381
10.3332
10.3404
10.3371
10.4368
10.4432
10.4406
10.4428
10.4497
10.4467
10.573
10.579
10.5763
10.6717
10.6778
10.6752
10.5773
10.5833
10.5806
10.5787
10.5845
10.5821
10.6821
10.6879
10.6854
10.5804
10.5865
10.5839
10.1044
10.1107
10.108
10.2345
10.2406
10.238
10.2752
10.2811
10.2786
10.5213
10.5269
10.5246
10.6462
10.6517
10.6493
10.4986
10.5046
10.502
10.441
10.4476
10.4448
10.6257
10.6315
10.629
10.4711
10.4773
10.4747
9.54306
9.55182
9.54732
9.74727
9.75492
9.75087
9.82061
9.82808
9.82423
10.2377
10.2452
10.2416
10.4037
10.4111
10.4077
10.1895
10.197
10.1933
10.0797
10.0875
10.0835
10.3584
10.3661
10.3625
10.1346
10.1424
10.1385
8.72803
8.73804
8.73297
9.06094
9.06797
9.06444
9.1445
9.15229
9.14863
9.75602
9.76495
9.76103
9.97754
9.98641
9.98262
9.68815
9.69706
9.69308
9.54684
9.55487
9.551
9.91263
9.9211
9.9174
9.61577
9.62435
9.62039
8.07343
8.07378
8.07053
8.48933
8.48926
8.4867
9.18709
9.191
9.1875
9.43167
9.43454
9.43179
9.1169
9.12015
9.11673
9.35405
9.35585
9.35339
9.04079
9.04314
9.03995
11.4649
11.4701
11.468
11.5194
11.5247
11.5226
11.4827
11.4889
11.4867
11.3297
11.337
11.3341
11.4139
11.4211
11.4184
11.3986
11.4057
11.4031
11.5447
11.5508
11.5484
11.5242
11.531
11.5286
11.5067
11.5132
11.511
11.3671
11.3768
11.3732
11.4628
11.472
11.4689
11.464
11.4731
11.4699
11.5985
11.6071
11.604
11.6599
11.6677
11.6654
11.6079
11.6166
11.6136
11.6197
11.6282
11.6256
11.6687
11.6762
11.6743
11.6145
11.6231
11.6203
11.2407
11.2477
11.2453
11.3116
11.3161
11.3147
11.3436
11.3489
11.3474
11.581
11.5861
11.5849
11.613
11.615
11.6147
11.5622
11.5666
11.5654
11.5093
11.512
11.5113
11.5874
11.5886
11.5885
11.5372
11.5407
11.5398
10.8515
10.8511
10.8506
10.9504
10.9478
10.9484
11.3044
11.3027
11.3031
11.3021
11.2986
11.2999
11.2473
11.2446
11.2453
11.255
11.2512
11.2526
11.1947
11.1912
11.1921
11.9918
11.9931
12.0386
12.042
12.0194
12.0187
11.9442
11.9425
11.9434
11.9708
11.9689
11.9699
11.9551
11.9531
11.954
12.0608
12.0682
12.0611
12.0654
12.0631
12.0425
12.0454
12.0441
12.0338
12.0335
12.0348
12.065
12.0662
12.0673
12.0641
12.0651
12.0663
12.1655
12.1669
12.1682
12.2015
12.2035
12.2044
12.1729
12.1746
12.1756
12.1912
12.1932
12.1942
12.2139
12.2164
12.2173
12.1849
12.1874
12.1882
8.13556
8.06465
8.21765
8.30802
7.05152
7.10371
7.08225
6.97993
7.04976
7.0234
7.91557
7.91152
7.91679
8.13516
8.13911
7.94567
7.96534
8.20721
8.19759
8.20021
8.40093
8.39475
8.39745
8.16468
8.17004
8.30661
8.30951
8.25297
8.24765
8.24888
9.17726
8.88749
8.88736
8.8877
8.89817
8.8976
8.89691
8.90547
8.90674
8.90609
9.00714
9.01952
9.01374
9.00123
9.0132
9.00767
9.18286
9.18419
9.18265
9.12242
9.12627
9.11058
9.11491
9.11177
9.18719
9.2105
9.20327
9.18163
9.20401
9.19699
9.18599
9.18858
9.18665
9.23737
9.23748
9.26334
9.26171
9.26203
9.17548
9.19229
9.19198
9.21246
9.20619
9.29401
9.38483
9.39836
9.39485
9.32183
9.33452
9.33124
9.47145
9.45614
9.46136
9.60539
9.59157
9.59633
9.25567
9.26307
9.25972
9.25532
9.2591
-0.303625
-0.312134
-0.310724
9.43912
9.46295
9.35153
9.37758
9.36617
9.37313
9.39868
9.38738
9.51648
9.51608
9.51533
9.4477
9.44702
9.445
9.51536
9.51517
9.51446
9.47426
9.47305
9.46088
9.46017
9.45787
9.49534
9.49536
9.52319
9.59729
9.59677
9.59643
9.56488
9.56524
9.56367
9.55598
9.55633
9.55472
9.58811
9.58753
9.58712
9.52662
9.54091
9.53417
9.47177
9.48213
9.47819
9.58271
9.5809
9.58095
9.61919
9.61533
9.61642
9.60789
9.60389
9.6049
9.57153
9.5702
9.57005
9.52501
9.54118
9.53622
9.51327
9.52221
9.56618
9.6532
9.6509
9.65183
9.61952
9.61542
9.61656
9.61795
9.61432
9.61516
9.65837
9.65596
9.65677
9.54491
9.54012
9.54091
9.51666
9.51522
9.5161
9.53354
9.52896
9.52963
9.56995
9.58554
9.57814
9.55466
9.57093
9.56326
9.52372
9.5215
9.52257
9.56182
9.5617
9.53947
9.53432
9.53521
9.0355
9.17919
9.44553
9.44335
9.44453
9.46272
9.45944
9.46044
9.43299
9.43103
9.43197
9.31669
9.33185
9.32741
9.30281
9.31865
9.31388
9.30373
9.31465
9.30116
9.31717
9.31234
9.46562
9.46145
9.46269
9.44214
9.43608
9.43912
9.43558
9.43684
9.35275
9.36821
9.36151
9.36323
9.37891
9.37222
8.90305
8.90821
8.91039
9.01012
9.01065
9.01111
8.91886
8.92235
8.92469
9.04032
9.04339
9.15821
9.16108
9.16232
9.2233
9.21942
9.22115
9.19152
9.19612
9.23616
9.23084
9.23298
9.74798
9.33453
9.61524
9.60369
9.54254
9.79457
9.56238
9.55678
9.31691
9.43123
9.55449
9.73798
9.72618
9.6519
9.64472
9.64758
9.65729
9.64237
9.66606
9.67816
9.63773
9.66589
9.6507
9.71158
9.69643
9.47824
9.75541
9.74121
9.67229
9.68324
9.68772
9.67679
9.80268
9.79157
9.79886
9.79609
9.78626
9.70873
9.73455
9.72092
9.77889
9.76865
9.77587
9.69905
9.69581
9.65736
9.67874
9.66441
9.76429
9.75126
9.83749
9.82163
9.83103
9.82631
9.82668
9.82586
9.75097
9.73708
9.74537
9.71145
9.70113
9.70584
9.8403
9.84032
9.83976
9.77786
9.76532
9.7725
9.6139
9.59597
9.71452
9.69653
9.70607
9.65437
9.63938
9.64588
9.79366
9.77909
9.78889
9.87266
9.87323
9.87254
9.82519
9.8232
9.82407
9.82669
9.82494
9.82471
9.86726
9.86674
9.86637
9.79214
9.79035
9.7904
9.7258
9.7052
9.66819
9.64861
9.65951
9.74796
9.72571
9.73787
9.82655
9.82526
9.82477
9.925
9.92396
9.92365
9.80296
9.80121
9.80099
9.79984
9.79818
9.7978
9.92557
9.92459
9.92426
9.83487
9.83313
9.83273
9.52423
9.49613
9.51123
9.72158
9.71772
9.71745
9.67667
9.67269
9.67252
9.81663
9.81427
9.81408
9.97966
9.97894
9.97846
9.84856
9.84586
9.84583
9.88745
9.88454
9.88455
9.99085
9.99012
9.98959
9.84885
9.84597
9.84595
9.62947
9.622
9.62407
9.69261
9.68872
9.68883
9.733
9.72952
9.72944
9.98714
9.98553
9.98515
10.0952
10.0943
10.0939
9.94904
9.94709
9.94677
9.89448
9.89156
9.89162
10.0688
10.0679
10.0675
9.93112
9.92894
9.92874
10.0151
10.0136
10.0132
10.2004
10.1996
10.1992
10.0527
10.0514
10.051
9.73957
9.73647
9.73609
9.92877
9.92666
9.9265
9.88674
9.88436
9.88418
10.2378
10.2371
10.2367
10.1281
10.127
10.1266
10.0895
10.0884
10.088
10.2887
10.2877
10.2876
10.3906
10.3896
10.3895
10.2488
10.2479
10.2477
9.87392
9.87182
9.87158
9.97229
9.97041
9.97025
10.0167
10.015
10.0149
10.3522
10.3514
10.3512
10.1688
10.1677
10.1674
10.2086
10.2075
10.2073
10.3272
10.326
10.326
10.496
10.4945
10.4947
10.3644
10.363
10.3631
10.1062
10.1048
10.1049
10.2669
10.2651
10.2655
10.2304
10.2288
10.2291
10.5261
10.5244
10.5247
10.4292
10.4274
10.4277
10.3972
10.3956
10.3958
10.5153
10.5124
10.5133
10.6139
10.6111
10.612
10.4979
10.4953
10.496
10.2145
10.2127
10.2131
10.2982
10.2961
10.2966
10.3277
10.3254
10.326
10.5978
10.5953
10.596
10.4547
10.4525
10.453
10.4791
10.4767
10.4773
10.5278
10.5247
10.5258
10.6439
10.6402
10.6415
10.5377
10.5345
10.5356
10.3138
10.3113
10.3123
10.4127
10.4096
10.4108
10.4082
10.4052
10.4063
10.6463
10.6425
10.6438
10.5459
10.5423
10.5436
10.5436
10.5402
10.5414
10.5162
10.5125
10.5139
10.6103
10.6061
10.6078
10.5283
10.5247
10.5261
10.3238
10.3212
10.3222
10.4121
10.4089
10.4101
10.408
10.4047
10.406
10.6277
10.6235
10.6251
10.544
10.5403
10.5417
10.5388
10.5351
10.5365
10.4982
10.4947
10.4961
10.5312
10.5276
10.5292
10.4745
10.4714
10.4727
10.2604
10.2572
10.2585
10.2821
10.2786
10.28
10.3155
10.3119
10.3134
10.5053
10.4993
10.5017
10.4227
10.4201
10.4211
10.4542
10.4504
10.452
10.298
10.2787
10.2883
10.3523
10.3441
10.2776
10.305
10.2893
10.177
10.1728
10.1745
10.2398
10.2363
10.2378
10.2047
10.199
10.2012
10.3706
10.3503
10.3593
10.3789
10.378
10.3787
10.3735
10.3666
10.3693
9.69125
9.68823
9.68791
9.50894
9.5048
9.50407
9.56008
9.55648
9.55574
9.5287
9.52558
9.52495
9.37491
9.37108
9.37012
9.47316
9.46874
9.4683
9.35637
9.35004
9.3505
9.32692
9.32068
9.31937
9.41339
9.40747
9.40758
8.62488
8.90954
9.07109
9.04403
8.84504
9.06503
8.78691
9.15705
9.29986
9.30125
9.30002
9.32073
9.28528
9.3036
9.24094
9.23058
9.0542
9.04331
9.19869
9.19888
9.19602
9.25975
9.22732
10.0764
10.0745
10.075
9.9354
9.93373
9.934
9.97746
9.97578
9.97617
9.94031
9.93911
9.93947
9.82805
9.82727
9.82731
9.90305
9.90176
9.90206
9.81364
9.81205
9.81218
9.78207
9.78116
9.7811
9.86028
9.85883
9.85907
9.43892
9.44211
9.44114
9.50062
9.49944
9.49915
9.44532
9.44474
9.44439
9.37571
9.37222
9.37124
9.47205
9.46935
9.46884
9.42121
9.41975
9.41887
9.53985
9.53941
9.53846
9.53244
9.53092
9.53023
9.48559
9.48454
9.4837
9.58887
9.5896
9.58893
9.55497
9.55469
9.55401
9.60179
9.60209
9.60129
9.7415
9.74146
9.74118
9.74521
9.74491
9.74465
9.69889
9.69904
9.69853
9.59744
9.59736
9.59656
9.69516
9.69473
9.69437
9.64741
9.64742
9.6468
10.215
10.2126
10.2136
10.1389
10.1369
10.1378
10.1441
10.142
10.143
10.0594
10.0573
10.0583
10.0109
10.0092
10.0101
10.061
10.0589
10.0599
10.0518
10.0501
10.0509
10.0067
10.0051
10.0059
10.0599
10.058
10.0589
9.78405
9.78388
9.78375
9.86107
9.86037
9.8606
9.81897
9.81855
9.81862
9.79519
9.79579
9.79546
9.8377
9.83753
9.8376
9.81001
9.81003
9.80996
9.89054
9.88962
9.89
9.87696
9.87621
9.87655
9.85116
9.85056
9.85077
9.92965
9.9284
9.92909
9.9541
9.95267
9.95343
9.9235
9.9224
9.92299
9.86916
9.86916
9.86923
9.86156
9.86119
9.8614
9.88002
9.87949
9.8798
9.94674
9.94541
9.94606
9.89794
9.89708
9.89752
9.91393
9.91293
9.91345
10.0536
10.0495
10.0512
10.0517
10.0485
10.0498
10.0206
10.0171
10.0185
9.84752
9.84389
9.84537
9.87414
9.87103
9.87231
9.89463
9.89118
9.8926
9.96858
9.96568
9.96694
9.90925
9.90636
9.90759
9.93471
9.93153
9.93287
9.92792
9.92648
9.92731
9.9463
9.94443
9.94538
9.92407
9.92247
9.92333
9.89193
9.89076
9.89152
9.87787
9.87619
9.87709
9.89054
9.88904
9.88989
9.93165
9.92959
9.93061
9.89742
9.89542
9.8964
9.91188
9.91009
9.91103
9.77726
9.77466
9.77574
9.8219
9.81899
9.82022
9.8151
9.81258
9.81369
9.84142
9.83975
9.84069
9.85647
9.85459
9.85557
9.83168
9.82966
9.83066
9.85901
9.85627
9.85747
9.87482
9.8726
9.87366
9.8491
9.8467
9.84778
9.43677
9.4568
9.63739
9.66389
9.64857
9.649
9.62445
9.63638
9.28837
9.28169
9.41981
9.41334
9.41591
9.35868
9.33123
9.34474
9.52063
9.51674
9.51732
9.47791
9.47491
9.47585
9.42962
9.42447
9.42711
9.7315
9.72877
9.72988
9.6735
9.6702
9.67146
9.6821
9.67925
9.68033
9.63626
9.63367
9.6348
9.53883
9.53577
9.53697
9.60434
9.60154
9.60268
9.60923
9.60577
9.60707
9.56254
9.55924
9.56039
9.62441
9.62135
9.62248
9.24478
9.24041
9.24148
9.28397
9.27875
9.28052
9.33463
9.33022
9.33157
9.43326
9.42992
9.4312
9.46371
9.46029
9.46158
9.38088
9.37723
9.37857
9.37478
9.37068
9.37209
9.49272
9.48906
9.4903
9.41634
9.41243
9.41372
9.86039
9.86089
9.86087
9.84884
9.8499
9.84978
9.87033
9.87118
9.87111
9.92534
9.92597
9.92605
9.93993
9.94159
9.94119
9.90935
9.9102
9.91022
9.86556
9.86703
9.86678
9.91763
9.91962
9.91908
9.88777
9.88896
9.88885
9.83361
9.8391
9.83806
9.84388
9.84119
9.91316
9.91214
10.0416
9.99736
10.0004
9.94747
9.9525
9.89175
9.88332
9.88859
9.94497
9.9535
9.9495
9.92184
9.92618
10.1075
10.1133
10.004
10.0146
10.0104
10.0504
10.0468
10.0501
10.0386
10.043
10.0412
9.982
9.98434
9.98348
10.019
10.0237
10.0219
9.97785
9.981
9.97963
9.95722
9.95974
9.95885
9.99226
9.99768
9.99581
9.85456
9.85322
9.85404
9.90065
9.89984
9.90047
9.88461
9.88367
9.88433
9.87862
9.87829
9.87867
9.95131
9.95212
9.95209
9.90233
9.9021
9.90247
9.93618
9.9361
9.93643
9.96843
9.96917
9.96916
9.92295
9.92281
9.92316
10.0565
10.0607
10.059
10.0256
10.028
10.0271
10.0689
10.0733
10.0714
10.1853
10.1974
10.1925
10.1453
10.154
10.1501
10.1369
10.1451
10.1414
10.0329
10.0353
10.0343
10.0825
10.0879
10.0854
10.0779
10.0828
10.0806
10.06
10.0656
10.0632
10.01
10.0133
10.0121
10.0707
10.0766
10.074
10.2263
10.2361
10.2321
10.1505
10.1595
10.1555
10.152
10.161
10.157
10.0238
10.0267
10.0256
10.0832
10.0889
10.0862
10.0795
10.0854
10.0826
9.45638
9.45355
9.45465
9.59514
9.59294
9.59384
9.52823
9.52582
9.5267
9.44429
9.44275
9.4426
9.62238
9.62202
9.62163
9.52413
9.5228
9.52278
9.66162
9.66045
9.66091
9.68811
9.68795
9.68753
9.59851
9.59731
9.59751
10.0437
10.0491
10.0469
9.94819
9.95124
9.94985
10.0248
10.03
10.028
10.2128
10.2188
10.2165
10.0834
10.0893
10.0875
10.1062
10.1123
10.1105
9.91683
9.91947
9.91822
9.96972
9.97408
9.97272
9.99861
10.0034
10.0018
9.78376
9.78777
9.78568
9.73111
9.73282
9.73209
9.83891
9.84292
9.84119
10.139
10.1452
10.1424
10.0528
10.0587
10.0564
10.0172
10.0232
10.0205
9.78896
9.79112
9.79026
9.93198
9.93594
9.93467
9.89033
9.89425
9.89285
8.47421
8.46446
8.46611
8.78542
8.77893
8.77947
8.64032
8.63326
8.63347
8.39052
8.38231
8.38213
8.77061
8.76647
8.76574
8.56375
8.55761
8.55742
8.87832
8.87418
8.87407
8.92096
8.91787
8.91716
8.73147
8.72648
8.72634
9.7182
9.72208
9.71974
9.51493
9.51584
9.51468
9.64793
9.6516
9.64931
9.9067
9.91293
9.91047
9.66147
9.66815
9.66525
9.73652
9.74287
9.74036
9.4231
9.42352
9.42239
9.47953
9.48282
9.48081
9.5664
9.56978
9.56765
9.02924
9.033
9.03037
8.95361
8.95207
8.95143
9.15377
9.15703
9.15499
9.69445
9.70173
9.69846
9.57554
9.58262
9.57928
9.48452
9.49177
9.48816
9.09202
9.09082
9.09007
9.38011
9.38313
9.38132
9.27484
9.27782
9.2761
7.15863
7.16282
6.14336
6.10155
6.87159
6.86907
6.86573
6.4218
6.38633
7.13602
7.11283
7.30126
7.29993
7.29575
7.01731
6.98772
8.88527
8.88931
8.88634
8.47212
8.47078
8.46867
8.74117
8.74544
8.74197
9.19208
9.20188
9.19674
8.74531
8.75339
8.74758
8.88647
8.89464
8.88937
8.27296
8.26988
8.26781
8.40286
8.40596
8.4014
8.57054
8.57459
8.57057
7.55683
7.55899
7.55166
7.31611
7.31071
7.30571
7.7674
7.76908
7.76276
8.81062
8.82145
8.81541
8.57904
8.58729
8.58131
8.42337
8.43168
8.42518
7.62337
7.61867
7.61468
8.19625
8.19814
8.19345
8.0084
8.01022
8.00473
0.841897
0.835029
2.80572
2.82716
2.47805
2.39711
3.0899
3.08701
3.06646
4.31766
4.3174
4.30291
3.23609
3.24255
3.21567
3.77169
3.71325
4.54564
4.54426
4.53397
3.36608
3.48293
3.41285
7.29865
7.3023
7.29457
6.5025
6.49707
6.48909
7.08413
7.09004
7.08194
8.1088
8.12064
8.11414
7.38608
7.39991
7.39088
7.53638
7.54987
7.54108
6.1857
6.18319
6.17449
6.64801
6.65695
6.64747
6.8394
6.84725
6.83853
6.01074
6.01995
6.00937
5.30592
5.3111
5.29794
6.12965
6.13883
6.12794
7.76002
7.76804
7.76272
7.23531
7.24859
7.23954
7.11381
7.12628
7.11738
5.47493
5.48139
5.46872
6.4427
6.45234
6.44228
6.28019
6.29009
6.27935
5.90802
5.91681
5.90681
5.03571
5.04147
5.02903
5.83777
5.84555
5.83623
7.33291
7.33181
7.32849
6.72624
6.72861
6.72291
4.993
5.00059
4.98836
5.78634
5.79161
5.78341
10.3312
10.3403
10.3364
10.397
10.4072
10.4028
10.4134
10.4231
10.4187
10.5676
10.5728
10.5704
10.6374
10.644
10.641
10.5561
10.5613
10.5589
10.5202
10.5241
10.522
10.626
10.6293
10.6273
10.5345
10.5397
10.5373
10.4815
10.8573
10.6474
10.7543
10.6755
10.9092
10.7477
10.8949
10.8331
10.849
10.8397
10.7364
10.7347
10.7365
10.8293
10.8329
10.736
10.748
10.6903
10.7065
10.6984
10.7771
10.7848
10.2849
10.2912
10.2887
10.4308
10.4363
10.4342
10.4156
10.4211
10.419
10.5406
10.5463
10.544
10.684
10.689
10.687
10.5549
10.5608
10.5584
10.5748
10.5808
10.5783
10.688
10.6932
10.6911
10.5664
10.5723
10.5699
11.0723
11.0877
11.079
11.0314
11.0358
11.0339
11.0196
11.0226
11.0213
10.8699
10.8727
10.8711
10.8067
10.8104
10.8089
10.8787
10.8849
10.8823
10.9074
10.9132
10.9108
10.8188
10.823
10.8211
10.8976
10.9036
10.9011
11.1344
11.1397
11.1376
11.053
11.0574
11.0556
11.0636
11.0681
11.0663
10.9392
10.945
10.9425
10.8364
10.8412
10.8392
10.9372
10.9427
10.9404
10.9215
10.9269
10.9247
10.8346
10.8393
10.8374
10.9284
10.9338
10.9316
9.93729
9.94454
9.94126
10.1891
10.1955
10.1927
10.1397
10.1463
10.1434
10.2884
10.2956
10.2922
10.5169
10.5236
10.5206
10.3308
10.3379
10.3347
10.4089
10.4157
10.4127
10.5496
10.5563
10.5534
10.3724
10.3795
10.3763
10.9409
10.9471
10.9445
10.8175
10.8237
10.8211
10.9377
10.9442
10.9415
11.1928
11.2002
11.1972
11.0927
11.1003
11.0972
11.0947
11.1018
11.0989
10.8061
10.8127
10.8099
10.9257
10.9327
10.9298
10.9335
10.9403
10.9374
10.8726
10.8806
10.8772
10.736
10.7436
10.7402
10.8887
10.8964
10.8931
11.2022
11.2103
11.207
11.0905
11.0986
11.0953
11.0862
11.0945
11.091
10.7573
10.7648
10.7615
10.9158
10.9231
10.9201
10.9035
10.911
10.9079
9.25391
9.26355
9.25846
9.66756
9.67533
9.67128
9.587
9.59488
9.59073
9.82963
9.83844
9.83459
10.1567
10.1649
10.1612
9.89458
9.90274
9.89865
10.0212
10.0291
10.025
10.2137
10.2216
10.2179
9.9608
9.96882
9.96469
10.853
10.8613
10.8578
10.6608
10.6691
10.6653
10.8324
10.841
10.8373
11.1775
11.1871
11.1834
11.0232
11.0331
11.029
11.0381
11.0478
11.0438
10.6292
10.6378
10.6338
10.7815
10.7907
10.7868
10.8071
10.8161
10.8123
10.6489
10.6588
10.655
10.4818
10.4914
10.4873
10.6845
10.6943
10.6905
11.1345
11.1443
11.1408
11.0037
11.0138
11.0096
10.9844
10.9946
10.9905
10.5242
10.5334
10.5292
10.751
10.7604
10.7564
10.7209
10.7304
10.7265
8.44048
8.44712
8.44293
8.9667
8.97289
8.96956
8.88182
8.88709
8.88385
9.25485
9.25959
9.25591
9.6422
9.64755
9.64427
9.32527
9.3309
9.32712
9.47127
9.47869
9.47496
9.71371
9.7202
9.71682
9.39993
9.40668
9.40295
10.6066
10.6164
10.6126
10.3469
10.3566
10.3524
10.5664
10.5758
10.5721
10.992
10.9997
10.997
10.7917
10.8001
10.7967
10.8314
10.8401
10.8367
10.2948
10.3041
10.3
10.4704
10.4786
10.4753
10.5179
10.5267
10.5232
10.2427
10.2475
10.2449
10.0695
10.0759
10.0723
10.3023
10.3078
10.305
10.8635
10.8688
10.8666
10.7464
10.7539
10.7508
10.7004
10.707
10.704
10.1308
10.1381
10.1344
10.4157
10.4232
10.4201
10.3625
10.3689
10.3659
10.1764
10.1804
10.178
9.87569
9.87973
9.87684
10.1097
10.1127
10.1106
10.5621
10.5627
10.5617
10.3987
10.4007
10.3989
9.80223
9.80517
9.80254
10.0364
10.0384
10.0365
11.3575
11.3658
11.3624
11.4259
11.434
11.4309
11.4363
11.4447
11.4415
11.5906
11.599
11.5961
11.6229
11.6305
11.6279
11.5775
11.5858
11.5829
11.5456
11.5535
11.5507
11.6044
11.6117
11.6091
11.5608
11.5688
11.566
11.578
11.583
11.5888
11.5991
11.5939
11.6041
11.6119
11.7001
11.724
11.7267
11.6975
11.6996
11.6217
11.6289
11.6259
11.6578
11.6663
11.662
11.6438
11.6485
11.7744
11.7752
11.7466
11.7508
11.7492
11.7702
11.7756
11.7732
11.752
11.7561
11.7553
11.7188
11.7252
11.7233
11.732
11.7368
11.7357
11.6872
11.692
11.6907
11.6954
11.702
11.6998
11.7102
11.7152
11.7139
11.3503
11.36
11.3567
11.4604
11.4691
11.4663
11.4529
11.4614
11.4589
11.599
11.6048
11.6034
11.6623
11.6667
11.6659
11.6113
11.6175
11.6161
11.624
11.6315
11.6294
11.6712
11.6764
11.6755
11.6199
11.6268
11.6251
11.7693
11.7727
11.7721
11.7713
11.7766
11.7753
11.782
11.7849
11.7844
11.8681
11.8663
11.867
11.8839
11.8833
11.8837
11.8745
11.8745
11.8748
11.7824
11.787
11.7862
11.7989
11.8006
11.8005
11.7934
11.7956
11.7953
11.7912
11.7901
11.7908
11.7873
11.7893
11.7891
11.7996
11.7992
11.7997
11.8909
11.8881
11.8894
11.8935
11.8923
11.8928
11.8957
11.8939
11.8947
11.7909
11.7936
11.7932
11.8034
11.8045
11.8045
11.802
11.8024
11.8026
11.1318
11.1365
11.1346
11.2744
11.2781
11.2768
11.2326
11.2353
11.2344
11.3518
11.3512
11.3513
11.4508
11.4491
11.4499
11.3995
11.3997
11.3995
11.4776
11.4796
11.479
11.4895
11.4886
11.4891
11.4396
11.4407
11.4403
11.7816
11.7799
11.7808
11.7521
11.7521
11.7524
11.7665
11.7644
11.7654
11.898
11.8961
11.8975
11.8635
11.861
11.8623
11.8768
11.8741
11.8754
11.7339
11.7332
11.7337
11.7298
11.727
11.7283
11.7506
11.7481
11.7493
11.628
11.6257
11.6271
11.6266
11.6239
11.6251
11.6601
11.6575
11.6589
11.8755
11.8751
11.8763
11.8548
11.8526
11.854
11.8378
11.8362
11.8374
11.6559
11.6537
11.6547
11.7092
11.7064
11.7077
11.6831
11.6804
11.6818
11.8031
11.8027
11.7141
11.7282
11.7209
11.6007
11.5986
11.6
11.5148
11.5122
11.5134
11.5655
11.5636
11.5649
11.4788
11.4761
11.4771
11.532
11.5298
11.5305
11.9899
11.9878
11.9891
11.9885
11.9869
11.9883
11.9996
11.9984
11.9997
12.1478
12.1487
12.15
12.1588
12.1599
12.1612
12.1366
12.1373
12.1386
12.0959
12.0958
12.0968
12.1327
12.1333
12.1345
12.1104
12.1108
12.1121
12.1746
12.3618
12.1818
12.2187
12.2304
12.3951
12.3587
12.3537
12.2874
12.2969
12.294
12.2555
12.2626
12.2609
12.2815
12.2851
12.2361
12.242
12.2292
12.236
12.2341
12.2471
12.2564
12.1879
12.1894
12.2329
12.2351
12.1861
12.1892
12.0237
12.025
12.0258
12.0691
12.0698
12.0707
12.0627
12.0639
12.0649
12.1957
12.2079
12.1836
12.193
12.1893
12.196
12.1964
12.1981
12.4669
12.4607
12.4137
12.3129
12.3185
12.3183
12.2918
12.2999
12.2975
12.3186
12.3225
12.3374
12.3422
12.316
12.3195
12.3201
12.3176
12.3274
12.4173
12.4908
12.3354
12.353
12.3858
9.17668
9.17962
9.17763
12.7622
12.7696
12.769
12.7671
12.7707
12.7713
9.39316
9.40697
9.38179
9.50514
9.46683
9.488
9.85135
9.84963
9.84946
10.163
10.161
10.1617
10.1902
10.1875
10.1886
9.90492
9.89958
9.90167
9.10917
9.35336
9.71199
9.71307
9.71266
9.8984
9.89819
9.89841
9.75618
9.75438
9.75532
9.17088
9.16681
9.16809
7.93378
7.91329
0.857473
0.906708
0.854514
10.2246
10.2267
10.2281
10.3468
10.3544
10.3513
10.1913
10.1975
10.1951
9.71679
9.72466
9.72082
8.933
8.94339
8.93827
8.19288
8.19481
8.19112
11.1323
11.3074
11.3132
11.3109
11.3712
11.3805
11.3769
11.2978
11.3058
11.3032
10.9772
10.9786
10.9776
11.8988
11.9012
11.899
12.0237
12.0225
12.0238
12.0052
12.0023
12.0051
12.4982
10.0609
10.0539
10.0566
9.8778
9.73768
9.54301
9.52232
9.49878
9.46152
9.47991
9.15304
9.14875
9.15011
8.18384
8.16991
8.1145
8.04468
-0.0837283
-0.132264
0.0779825
-0.0327808
8.0028
8.00945
8.00477
10.7121
10.7179
10.7155
12.539
12.5444
12.5421
8.74562
8.73795
8.74122
8.59413
8.60137
8.59791
-0.0400907
-0.0338187
-0.0358589
9.8318
9.59459
9.60569
9.53774
9.56207
9.54777
9.50549
9.48385
9.49337
9.6637
9.65933
9.65876
9.66168
9.65749
9.65737
9.9691
9.96744
9.96732
10.0175
10.016
10.0159
10.2654
10.2634
10.2641
10.2847
10.2825
10.2833
10.309
10.3055
10.3069
10.2971
10.2933
10.2948
10.0835
10.0807
10.082
9.79503
9.79298
9.79273
9.22798
9.22445
10.1371
10.1352
10.1358
9.38647
9.36768
9.67769
9.67858
9.67795
10.2016
10.1983
10.1997
9.72213
9.72308
9.72247
9.8916
9.89117
9.89148
9.95232
9.94769
9.94958
9.8956
9.89489
9.89537
9.77444
9.77251
9.77351
9.21635
9.73201
9.72998
9.73099
9.25577
9.25211
9.25334
9.88885
9.88896
9.88904
10.1418
10.1495
10.1459
9.79254
9.79096
9.79184
10.1513
10.1634
10.1586
10.2352
10.242
10.2397
9.27533
9.27216
9.27325
10.2325
10.2387
10.2367
10.0599
10.0662
10.0637
8.12499
8.05563
8.09118
10.0134
10.0195
10.0173
9.51501
9.52296
9.5193
9.41223
9.42074
9.41675
8.53056
8.54208
8.53559
0.877409
0.785185
8.38329
8.39532
8.3888
7.58694
7.5907
7.58631
7.50514
7.50682
7.503
10.3431
10.3508
10.3477
10.9727
10.9844
10.2257
10.2319
10.2295
11.0178
11.0259
11.163
11.1692
11.1667
9.79451
9.80228
9.79867
11.1761
11.1828
11.1801
11.2001
11.2086
11.2052
9.0436
9.05356
9.04824
11.1945
11.203
11.1997
11.0884
11.0979
11.0946
8.29157
8.29494
8.29103
11.0581
11.067
11.0639
10.7528
10.7564
10.7547
10.6915
10.6939
10.6925
11.3685
11.3768
11.3736
11.8161
11.8159
11.8161
11.3192
11.328
11.3251
11.8367
11.8363
11.8365
11.9009
11.8981
11.8996
11.0315
11.034
11.0327
11.9032
11.9006
11.9021
11.8499
11.8494
11.8502
11.8343
11.8338
11.835
12.0106
12.0092
12.0104
12.392
12.3972
11.9932
12.0048
11.9995
12.41
12.4144
8.51103
8.55183
8.53472
8.74726
8.73945
8.74284
8.59273
8.59997
8.59651
-0.1587
-0.145725
-0.152488
-0.580832
-0.836896
9.24377
9.77718
9.91445
11.1148
11.5254
12.4825
12.453
12.4925
9.17233
9.17443
9.60331
9.59676
9.65092
9.64811
9.64808
9.62858
9.62488
9.62584
9.66601
9.66737
8.61829
8.61781
-0.245571
-0.234325
0.113925
0.0748654
0.0928801
9.201
9.21711
9.07394
9.08415
9.08086
9.79219
9.78845
9.79001
9.8831
9.89047
9.88692
9.8
9.79475
9.88423
9.89378
10.9017
10.9072
11.0321
11.0359
11.0341
11.5889
11.5833
11.5852
11.5247
11.52
11.603
11.6068
12.6611
12.666
12.664
12.7521
12.7558
12.7407
12.7391
9.53278
9.56776
9.5333
9.47788
9.48069
9.47994
9.54232
9.98329
11.1768
11.1923
11.1841
11.3171
11.7937
12.2458
9.39882
10.2713
10.252
9.90597
9.90352
9.87535
9.8634
9.5324
9.32837
9.33884
9.32607
9.04816
9.28086
9.25143
9.26634
8.92175
9.25497
9.06387
9.05799
9.06076
8.79364
8.78793
8.78923
8.56705
8.57954
8.67102
8.66062
8.6639
8.69107
8.64843
6.80265
-0.0488096
6.45433
6.23162
6.25108
6.08553
6.0831
6.10467
8.88803
8.91423
10.1213
10.0772
10.08
10.0784
10.1955
10.2041
11.0322
11.036
11.0342
10.9348
10.9383
10.9367
11.6651
11.6701
11.6678
11.6031
11.607
12.0095
12.0144
12.0121
11.945
11.9494
12.4718
12.4747
12.623
12.6279
12.6889
12.6947
12.6929
12.6605
12.6653
12.6633
12.7544
12.7547
12.7567
8.6001
8.62885
8.75912
8.94323
8.94543
8.9442
8.84549
8.84599
8.92181
8.92365
9.00609
9.01864
9.01278
8.93648
8.94502
8.94181
8.91037
8.91864
9.00378
9.0157
8.86696
8.91391
8.91116
9.04906
8.67913
-0.83096
9.18885
9.6472
9.66751
9.65844
9.65199
9.67175
9.67368
9.51081
9.51587
9.56767
9.58135
9.53851
9.55258
9.54772
9.56747
9.65696
9.49333
9.58772
6.23897
6.25845
6.08782
6.08545
6.10704
8.41752
6.46649
-0.79073
-0.700051
8.38164
9.24453
8.99666
10.0678
10.0746
9.91559
10.2564
11.1161
11.0102
11.9008
11.9062
11.9035
11.6124
11.8964
11.8135
12.4805
12.7204
12.7187
12.7568
12.7573
12.7592
12.5079
9.58097
9.56468
-0.755144
0.106482
0.0669299
0.0850791
-0.263951
-0.252706
-0.449846
-0.442542
9.18994
9.5674
9.65704
9.25971
9.25818
9.25822
9.17043
9.17359
9.17153
9.24945
9.24856
9.24844
8.19937
8.18586
8.1909
7.86527
7.87359
7.8734
8.54198
8.5486
8.5451
7.85578
7.87215
7.87103
8.32649
8.33219
8.32995
12.593
12.595
12.5941
12.769
12.7702
12.7716
12.7756
12.7824
12.7819
12.7766
12.78
12.7805
12.7798
12.7806
12.7821
9.50296
9.53092
9.50299
9.04824
9.26157
9.0649
9.59793
9.59313
9.5932
9.19782
9.18161
9.9958
9.99423
9.99443
9.50233
9.49988
9.49899
9.6784
9.677
9.67668
10.2081
10.2059
10.2068
9.90355
9.90272
9.90297
9.98068
9.97934
9.97993
10.124
10.1207
10.1221
10.006
10.0041
10.005
9.96352
9.96113
9.96221
9.71109
9.6874
9.6986
9.78806
9.78459
9.78594
9.62075
9.61688
9.61826
9.37794
9.3724
9.31037
9.43815
9.7741
9.7805
9.77795
9.81142
9.81212
9.81201
9.86754
9.86997
9.86917
9.88953
9.88849
9.88921
9.97131
9.97261
9.97233
9.98495
9.9861
9.98575
9.60048
9.59805
9.59912
9.90409
9.90485
9.90479
9.79362
9.79407
9.79361
8.78848
8.78216
8.78374
9.46994
9.46892
9.46881
9.17335
9.17113
9.17106
6.95245
8.43776
8.4318
8.4309
7.8213
7.8301
7.8232
0.828813
6.10961
6.09813
6.09917
5.15247
5.12339
5.13173
4.05033
4.05101
4.03622
10.5075
10.3024
10.3114
10.3076
10.5813
10.5864
10.326
10.3321
10.3294
10.6661
10.6727
10.6698
10.6875
10.693
10.6906
10.0559
10.0625
10.0596
10.6636
10.6687
10.6665
10.6049
10.611
10.6084
9.45424
9.46351
9.45874
10.4452
10.4523
10.449
10.3156
10.3233
10.3197
8.62819
8.63725
8.63245
10.0385
10.0472
10.0436
9.85027
9.85822
9.85467
9.49912
9.50296
9.50009
11.1188
11.1305
11.13
11.2032
11.4907
11.5039
11.4967
11.3411
11.3486
11.3456
11.5633
11.5699
11.5676
11.3667
11.3764
11.3729
11.6525
11.6598
11.6575
11.6762
11.6825
11.6813
11.2106
11.2169
11.2146
11.6331
11.636
11.6354
11.5594
11.5601
11.5601
11.3585
11.3554
11.3566
12.021
11.9592
11.9568
11.958
12.0895
12.0897
12.0308
12.0309
12.0321
12.1926
12.1948
12.196
12.2146
12.2177
12.2182
11.9711
11.9733
12.0002
12.015
12.0417
12.041
12.5429
10.0389
10.0172
10.027
9.96187
9.98809
9.97275
10.0089
10.0013
10.208
9.50293
9.36144
9.37474
9.24818
9.12568
9.382
9.34993
9.3647
9.48801
9.44177
9.29048
9.24777
9.34763
9.76954
9.07192
9.06733
9.06883
9.04641
9.04138
9.04283
8.95497
8.94912
8.95091
8.14557
8.08243
8.40621
8.35004
8.37913
8.03627
8.04021
7.60887
7.7484
7.35132
-0.469726
0.0362935
-0.699174
-0.51523
-0.560382
-0.0525215
-0.0411184
-0.0888733
-0.27329
-0.358001
8.70705
8.74969
8.74257
8.72469
8.76704
8.76009
8.19758
8.18409
8.18913
7.86333
7.87166
7.87148
7.85409
7.87043
7.86932
7.99703
8.00371
7.99926
9.45403
9.45188
9.45241
9.62259
9.62841
9.62592
9.52664
9.52027
9.52353
9.75463
9.75796
9.75596
9.52316
9.51608
9.51941
10.7048
10.7106
10.7082
10.7894
10.7905
10.7901
11.2654
11.2671
11.2662
11.262
11.2636
11.2627
11.42
11.4229
11.4211
11.3383
11.3312
11.3335
11.3341
11.327
11.3294
12.5456
12.5509
12.5487
12.5928
12.5947
12.5938
12.7085
12.7084
12.7184
7.39714
7.45957
7.43583
8.50756
8.5473
8.53046
8.258
8.29387
8.28124
8.26206
8.29805
8.28524
8.87963
8.87663
8.87709
8.73892
8.73177
8.73454
8.76937
8.78498
8.78164
8.71718
8.73177
8.72829
8.97901
8.96682
8.97122
-0.317876
-0.325554
-0.324592
9.49542
9.49376
9.49369
8.70683
8.7498
8.74271
8.7246
8.76699
8.76001
-0.0567465
-0.050561
-0.0527013
0.0268209
0.0294326
0.0307141
0.0625141
0.0646608
0.0660344
9.62234
9.62818
9.6257
9.52642
9.52003
9.5233
9.5232
9.51609
9.51943
11.2652
11.2668
11.2659
11.2619
11.2635
11.2626
11.4197
11.4227
11.4209
11.338
11.3309
11.3333
11.5174
11.5218
11.5192
11.334
11.3269
11.3293
12.7088
12.7088
12.7182
12.7157
-0.0690416
-0.0629804
-0.0651708
0.0136404
0.0161934
0.0174486
-0.185114
-0.171001
-0.17815
0.0504945
0.0526201
0.0539166
9.53906
9.52246
9.68685
9.68024
9.72556
9.7161
9.72151
9.63778
9.63019
9.59474
9.70714
9.69748
9.70359
9.82208
9.82076
9.82131
9.48548
9.86553
9.86554
9.86482
9.79958
9.79951
9.79917
9.70706
9.68848
9.84482
9.84456
9.84421
9.89549
9.89475
9.89439
9.61165
9.59154
9.94754
9.94682
9.94637
9.89419
9.89329
9.89291
9.62925
9.59704
9.61407
9.95286
9.95216
9.95162
10.0181
10.0173
10.0168
9.57769
9.54522
9.56407
10.1291
10.1283
10.1279
10.035
10.0342
10.0337
10.1626
10.1619
10.1615
9.78081
9.77811
9.77774
10.2737
10.2732
10.2728
10.427
10.4258
10.4258
9.82654
9.82428
9.82389
10.3122
10.3118
10.3114
10.4617
10.4604
10.4605
10.1444
10.143
10.1432
10.5526
10.5506
10.551
10.6258
10.6228
10.6238
10.1796
10.1781
10.1784
10.5748
10.5726
10.5731
10.6348
10.6317
10.6328
10.3189
10.3164
10.3174
10.641
10.6374
10.6388
10.5899
10.5853
10.5872
10.3215
10.3188
10.3199
10.6354
10.6315
10.633
10.5654
10.5609
10.5627
10.2342
10.2298
10.2315
10.4571
10.4528
10.4537
10.137
10.1604
10.2026
10.1981
10.1999
10.3971
10.3931
10.3956
9.63976
9.63635
9.6359
9.43726
9.43398
9.43318
9.24786
9.25144
9.24761
8.81397
9.08164
9.06286
9.34465
9.3406
9.34079
9.1582
9.13978
10.036
10.0344
10.0347
9.86536
9.86464
9.86477
9.73195
9.73091
9.73069
9.49421
9.4934
9.49289
9.4124
9.40849
9.40844
9.58667
9.58572
9.58509
9.53887
9.53954
9.53887
9.78526
9.7849
9.7848
9.6437
9.64318
9.64264
10.2102
10.2077
10.2088
10.0095
10.0074
10.0084
9.99296
9.99139
9.99209
9.82541
9.82495
9.825
9.82128
9.8216
9.82145
9.91232
9.91118
9.9117
9.95509
9.95335
9.95428
9.84748
9.84762
9.84759
9.9305
9.9292
9.92981
10.0867
10.0824
10.0842
9.82981
9.82657
9.82786
9.93439
9.93155
9.9328
9.95123
9.94938
9.95035
9.87853
9.87716
9.87801
9.91114
9.90881
9.90992
9.7755
9.77254
9.77375
9.85995
9.85842
9.85934
9.88483
9.88229
9.88346
9.65578
9.64946
9.28563
9.31194
9.29685
9.54621
9.54294
9.54381
9.72374
9.72068
9.7219
9.57248
9.57012
9.57114
9.5357
9.53235
9.53356
9.18085
9.17662
9.17723
9.50294
9.50037
9.50145
9.45624
9.45269
9.45389
9.83743
9.83808
9.83799
9.95409
9.95577
9.95537
9.89355
9.89579
9.8951
9.81314
9.81425
10.0204
10.0299
9.90323
9.90672
9.90553
10.0756
10.0796
9.99513
9.99767
9.99676
9.93181
9.9344
9.93351
9.871
9.86979
9.87059
9.92891
9.92986
9.92977
9.97533
9.97631
9.9761
10.0121
10.0147
10.0138
10.2023
10.2132
10.2087
10.0318
10.0346
10.0335
9.99262
9.99596
9.99474
10.2179
10.2277
10.2237
10.0292
10.0322
10.031
9.52771
9.52546
9.52642
9.55074
9.55026
9.54993
9.7408
9.74101
9.74052
9.97141
9.97452
9.97327
10.1915
10.1976
10.1949
9.88011
9.88242
9.88131
9.6665
9.66801
9.66721
10.1652
10.1716
10.1686
9.83577
9.83801
9.83702
8.63041
8.62242
8.6242
8.61887
8.61347
8.61284
9.04754
9.045
9.04468
9.59245
9.59373
9.59274
9.8431
9.84963
9.84684
9.32286
9.32285
9.32187
8.80689
8.80521
8.80458
9.7702
9.77708
9.77404
9.21013
9.20948
9.20864
6.39597
6.57673
6.57067
6.56909
7.50867
7.51161
7.50642
8.63956
8.63812
8.63681
9.07267
9.08292
9.07733
8.08148
8.07786
8.0754
7.07524
7.0697
7.06358
8.9385
8.9491
8.94333
7.82476
7.82032
7.81704
1.05579
4.15699
4.15859
4.14363
4.78164
4.74936
4.76485
6.74784
6.74135
6.7343
7.99481
8.00598
7.99971
5.96212
5.96349
5.95348
5.19998
5.20751
5.19407
7.87576
7.8855
7.87969
5.67763
5.68271
5.67144
5.11496
5.12256
5.10959
10.3207
10.3291
10.3255
10.6477
10.6548
10.6517
10.5853
10.6019
10.5928
10.6217
10.629
10.6423
10.7733
10.7754
10.7742
10.6978
10.7001
10.3027
10.3096
10.3067
10.6755
10.6801
10.6782
10.6895
10.6947
10.6925
11.1015
11.1046
11.1033
10.7896
10.7934
10.7919
10.826
10.8302
10.8284
11.1196
11.1253
11.123
10.8321
10.8371
10.835
10.8335
10.8379
10.836
9.99612
10.0031
9.99997
10.481
10.4881
10.4849
10.5758
10.5824
10.5796
10.8259
10.8316
10.8292
11.1971
11.2049
11.2018
10.7899
10.797
10.7939
10.7114
10.7194
10.7158
11.2008
11.2089
11.2057
10.7732
10.7806
10.7775
9.35111
9.36059
9.35565
10.0988
10.1076
10.1039
10.2617
10.2697
10.2659
10.6855
10.6937
10.6901
11.1646
11.1743
11.1706
10.5953
10.6043
10.6002
10.4383
10.4482
10.444
11.1485
11.1583
11.1547
10.5584
10.5675
10.5634
8.53803
8.54603
8.54152
9.57554
9.57991
9.57685
9.78058
9.78792
9.78448
10.3909
10.4008
10.3965
10.9516
10.9587
10.9561
10.2424
10.2513
10.2473
10.0084
10.0139
10.0106
10.9066
10.9128
10.9104
10.1854
10.1937
10.1899
9.94183
9.94653
9.94345
11.3494
11.3574
11.3542
11.6351
11.6428
11.6401
11.5861
11.5928
11.5904
11.5761
11.5806
11.7224
11.7231
11.6458
11.6513
11.6493
11.7415
11.7457
11.7353
11.7419
11.74
11.6695
11.6759
11.6737
11.3561
11.366
11.3624
11.6506
11.6542
11.6535
11.674
11.6803
11.6791
11.7539
11.7604
11.7586
11.8813
11.8792
11.8801
11.7878
11.7922
11.7916
11.779
11.7802
11.7803
11.8914
11.8889
11.89
11.7914
11.795
11.7945
11.1709
11.1763
11.1743
11.4012
11.3986
11.3996
11.526
11.5256
11.526
11.7674
11.7679
11.7681
11.891
11.8896
11.891
11.7102
11.7086
11.7094
11.5875
11.5846
11.5858
11.8877
11.8866
11.888
11.6853
11.6831
11.6841
11.5562
11.5532
11.5545
11.9783
11.976
11.9771
12.173
12.1749
12.176
12.1095
12.116
12.1132
12.1743
12.1865
12.1913
12.2695
12.2723
12.273
12.2182
12.22
12.2156
12.0348
12.0352
12.0363
12.2271
12.23
12.2902
12.2931
12.294
12.3114
12.315
12.4063
12.3259
12.3293
8.76188
8.60489
8.63375
8.87092
8.91732
8.91311
9.05002
8.94461
8.9468
8.94557
8.85049
8.85101
8.92564
8.92734
8.93772
8.94624
8.94304
8.91456
8.92238
9.0041
9.01567
8.67336
8.61399
8.61354
9.67438
9.64715
9.66752
9.65844
9.65128
9.67095
9.49367
9.58797
9.65082
9.64799
9.64798
9.62832
9.62462
9.62558
9.60273
9.59621
9.66506
9.66636
9.53796
9.55212
9.54723
9.51028
9.5154
9.56761
9.58138
7.66325
8.05873
-0.551256
8.72432
8.6635
10.8867
10.8914
12.4129
9.73597
9.73196
9.79027
9.7938
9.79233
9.18705
9.21038
9.20315
9.18238
9.20473
9.19772
9.18565
9.18824
9.1863
9.23836
9.23831
9.26314
9.26148
9.26182
9.17658
9.19321
9.19162
9.21213
9.20585
9.56222
9.56206
9.56057
9.58787
9.58718
9.59478
9.59339
9.59328
9.56745
9.56961
9.51936
9.5294
9.61516
9.60994
9.61123
9.60963
9.60583
9.6672
9.6661
9.66668
9.63924
9.63544
9.63568
9.61541
9.61025
9.61163
9.63401
9.63076
9.63162
9.66349
9.66164
9.64565
9.64164
9.64192
7.63204
7.6274
8.3018
8.28649
8.2918
7.96491
7.96601
7.96682
8.02527
8.02743
7.55911
7.56954
7.56744
-0.146274
-0.150864
-0.146231
-0.269808
-0.282406
-0.274214
0.0817228
0.00372313
0.0472037
-0.407805
-0.366033
-0.398967
-0.760469
-0.754611
8.79934
8.82155
8.81313
8.53804
8.5429
8.54111
8.59592
8.60044
8.74434
8.76836
8.75955
9.07236
9.08073
9.0779
9.75435
9.75769
9.75569
9.78554
9.78144
9.78304
9.87228
9.87941
9.87599
9.74778
9.75143
9.74933
9.78074
9.77619
9.77757
9.74515
9.7508
9.74745
10.9318
10.9368
10.9345
10.8524
10.8463
10.8485
11.0337
11.039
11.0362
10.8209
10.8158
10.7776
10.7829
10.9284
10.9319
10.9303
11.518
11.5221
11.5196
11.5864
11.5812
11.5828
11.6644
11.6698
11.6673
11.5626
11.5576
11.5588
11.4721
11.4789
12.5816
12.5838
12.5835
12.5402
12.5374
12.5389
12.6151
12.6187
12.6181
12.5432
12.5401
12.6645
12.6693
12.6679
12.6964
12.7011
12.7019
9.36535
9.4133
9.38062
9.45643
8.99162
9.23496
-0.704216
9.43921
9.43583
9.55407
9.54414
9.43117
9.43292
9.43086
9.56007
9.32355
10.123
11.1812
11.1842
11.2367
11.2454
11.1992
11.2091
11.2526
11.3367
11.2534
11.7698
11.9704
11.9692
11.9904
12.1835
12.3021
12.259
10.2287
10.2276
9.96023
10.211
10.2004
9.97547
9.95426
9.96428
9.93254
9.91149
9.79449
9.81633
9.85529
10.5759
10.0879
9.73113
9.60299
9.49094
10.2611
9.36434
9.67809
9.54383
9.38375
9.40062
9.3892
9.11682
9.11947
9.39419
9.35753
9.27554
8.77764
8.68669
8.95262
9.40303
9.02639
9.04346
9.16824
9.16295
9.16924
9.13909
8.65267
9.14993
9.12419
8.77217
8.79674
9.14071
9.13722
9.13817
8.97296
8.93852
8.95609
9.05865
9.05148
9.05406
8.92467
8.91917
8.92046
8.67355
8.66661
8.6696
8.82219
8.81577
8.81706
8.87069
8.86222
8.87199
8.83274
8.85298
8.89615
8.92093
8.90646
8.6404
8.05411
8.39724
8.4704
8.49126
8.47829
8.5488
8.50012
8.5252
8.41287
8.40022
8.24525
8.70955
8.70077
8.67994
8.63786
7.91158
7.82287
-0.311562
-0.514189
-0.780362
-0.640696
-0.642013
-0.652213
0.0935293
0.0092159
0.0290603
-0.377791
-0.447715
-0.843559
-0.692866
-0.720218
7.04895
7.05345
7.05244
6.86908
6.86782
6.86597
6.77373
6.77282
6.77121
7.14007
7.14595
7.14347
8.78493
6.88642
7.64296
7.61297
7.59741
8.3806
8.45054
8.48633
8.36401
8.43377
8.46938
7.65408
7.62344
7.60736
8.75508
8.81776
7.17491
7.08007
7.06781
5.38165
4.85254
4.45953
5.36779
4.84777
4.46005
7.06275
6.9243
5.48017
4.0265
8.29765
8.28231
8.28763
7.9603
7.96135
7.96217
8.62874
8.63467
8.63218
8.02005
8.02221
7.5574
7.56783
7.56572
5.34302
5.25568
6.38818
6.14048
6.29386
6.43547
6.14627
6.31539
3.62427
3.64991
5.52774
5.37732
5.50863
5.73079
5.82147
3.54842
8.06336
8.07442
8.06888
9.4028
8.79877
8.82097
8.81255
8.53759
8.54243
8.54066
9.10358
9.11581
9.11117
8.59581
8.6003
8.74355
8.76757
8.75871
9.07215
9.08041
9.07763
9.37523
9.39282
9.50632
9.50964
9.31758
9.3322
9.3264
9.44619
9.4462
9.44559
9.66521
9.50593
9.81672
9.64247
9.65167
9.54299
9.53501
9.51586
9.5087
9.51161
10.0017
9.87214
9.87924
9.87584
9.94094
9.94135
9.94039
9.95191
9.9498
9.95021
10.0652
10.0674
10.0662
10.1692
10.1721
10.1703
9.96564
9.96814
10.0615
10.0654
10.0634
10.1739
10.1787
10.1757
10.5627
10.2804
10.2865
10.2837
10.3486
10.3483
10.3483
10.4876
10.4912
10.4896
10.4198
10.411
10.4147
10.4096
10.401
10.4045
10.4672
10.4739
11.3159
10.9309
10.9359
10.9336
10.8516
10.8455
10.8477
11.0329
11.0381
11.0354
10.8203
10.8151
10.7771
10.7823
10.9283
10.9318
10.9302
11.2283
11.2331
11.2599
11.2633
11.2615
11.1737
11.1787
11.1765
11.1674
11.173
11.1704
11.3217
11.424
11.5056
11.3652
11.3689
11.281
11.2766
11.3203
11.3147
11.3163
11.499
11.5041
11.5012
11.6964
11.6644
11.6698
11.6673
11.7598
11.7616
11.7604
11.9028
11.9085
11.9058
11.6992
11.7016
11.8672
11.8726
11.8701
12.2034
12.1412
12.1477
12.1443
12.1455
12.1522
12.1488
12.2456
12.2457
12.2452
12.2501
12.2503
12.2498
12.3579
12.3643
12.3614
12.2807
12.2799
12.2803
12.2838
12.283
12.2834
12.2907
12.295
12.392
12.7028
12.7022
12.7037
12.6905
12.684
12.4683
12.4711
12.47
12.502
12.5821
12.5844
12.5841
12.5406
12.5379
12.5393
12.5436
12.5405
12.6647
12.6696
12.6681
12.692
12.6968
12.6954
12.6545
12.6391
12.6461
12.5266
12.5109
12.6905
12.6883
12.6917
12.702
12.7048
12.7065
12.7368
12.7392
12.7434
12.7437
12.7619
12.7625
12.764
12.6678
12.6515
12.6489
12.7217
7.05126
7.05585
7.05479
6.86975
6.86865
6.86672
7.14093
7.14682
7.14432
6.77713
6.77636
6.77468
7.34947
7.41745
7.39213
7.81676
7.81958
7.82306
8.1435
8.13275
8.13715
7.82666
7.82182
7.82788
8.12665
8.11825
8.12193
7.59984
7.62686
8.35008
8.34397
8.34554
8.18994
8.18447
8.18598
8.35929
8.35253
8.35435
8.18011
8.17538
8.17633
8.31193
8.33982
8.3308
8.57257
8.60943
8.59404
8.23843
8.26693
7.54346
8.36467
8.89208
8.89188
8.89225
8.9358
8.93796
8.93671
8.78881
8.78417
8.78474
8.87845
8.88131
8.95017
8.95196
8.9507
8.88278
8.88455
8.92913
8.93768
8.93449
8.99998
9.01231
9.0066
8.94138
8.94962
8.94651
9.01913
9.03214
9.02607
8.86788
8.86633
9.57796
9.55958
9.4423
9.45593
9.45971
9.46958
9.46745
9.54385
9.53221
9.53636
9.25808
9.26166
8.63235
8.63832
8.63582
8.85091
8.86208
9.10582
9.09285
9.0975
8.83882
8.85051
8.84786
9.29767
9.3035
9.30177
9.7664
9.65048
9.51726
9.29752
8.9336
-0.585964
-0.592842
-0.56668
-0.574967
-0.573422
-0.895743
9.50315
9.50203
9.50139
9.49523
9.49423
9.49379
9.51023
9.50933
9.50842
9.23591
9.22563
9.61177
9.60707
9.60835
9.55868
9.55735
9.57465
9.57278
9.57284
9.59186
9.58689
9.63157
9.65167
9.64269
9.64243
9.66219
9.65329
9.57021
9.58074
9.54582
9.56665
9.52045
9.53357
9.52896
9.56053
9.57668
9.56908
9.52418
9.53765
9.53296
9.55459
9.57088
9.56317
9.57218
9.62253
9.15783
9.15838
9.16014
8.99622
8.99585
8.99663
9.14445
9.14634
9.14785
9.00978
9.00819
9.00931
7.64251
7.61256
7.59728
8.38083
8.4507
8.48654
7.65391
7.62325
7.60721
8.3641
8.43386
8.4698
8.73717
8.7801
8.77264
8.75542
8.81813
7.17482
7.08006
7.0677
5.38181
4.85325
4.46065
5.36922
4.85118
4.46473
7.06209
6.92356
8.78518
6.88843
6.39458
6.14705
6.30033
5.35076
5.26353
5.58164
5.43862
6.43818
6.14896
6.31815
3.62746
3.65297
5.53018
5.37978
5.5112
5.73349
5.82428
3.56012
8.06654
5.49438
4.04567
-0.174974
-0.174621
-0.279766
-0.276788
-0.277358
-0.191255
-0.188679
-0.187048
-0.176545
-0.168093
0.0403529
0.0399749
0.0433728
1.13415
0.967561
-1.29944
-0.503423
-0.582343
-1.64531
9.31798
9.33263
9.32681
9.31469
9.32989
9.32441
9.45392
9.45181
9.45233
9.50652
9.50987
9.4466
9.44663
9.44601
8.72508
9.40375
9.5182
9.64268
9.65191
9.54319
9.53523
9.7937
9.80259
9.51627
9.50911
9.51202
9.50682
9.66629
9.81786
9.95158
9.94947
9.94988
10.0652
10.0674
10.0661
9.96563
9.96813
10.0616
10.0654
10.0634
10.0028
10.2802
10.2874
10.284
10.3593
10.3611
10.3597
10.291
10.2977
10.2946
10.2804
10.2865
10.2838
10.3488
10.3486
10.3485
10.4875
10.4911
10.4895
10.4198
10.411
10.4146
10.4098
10.4012
10.4047
10.4676
10.4743
10.5643
11.2607
11.2642
11.2623
11.1681
11.1738
11.1712
10.8881
10.8926
11.2234
11.3654
11.3691
11.2813
11.2769
11.4997
11.5049
11.5019
11.3209
11.3154
11.317
11.4251
11.3228
11.6988
11.7012
11.7594
11.7613
11.7601
11.9023
11.9081
11.9053
11.8673
11.8727
11.8702
11.697
12.1408
12.1473
12.1439
12.1452
12.152
12.1486
12.2451
12.2453
12.2447
12.2499
12.2502
12.2497
12.3577
12.3641
12.3611
12.2806
12.2797
12.2801
12.2839
12.2831
12.2834
12.2908
12.295
12.2025
12.7063
12.7057
12.7072
12.6931
12.6865
12.3883
12.6385
12.7144
12.7146
12.7181
12.6452
12.4111
12.3946
12.5
12.6896
12.6874
12.6908
12.7045
12.7074
12.7091
12.7384
12.7411
12.7628
12.7635
12.765
12.6507
12.7216
12.6479
12.524
12.5085
9.42065
9.58137
9.59946
9.28145
9.66605
9.62112
-0.637785
-1.70106
0.0697523
-0.00905553
0.0347713
-0.771005
-0.765044
-0.0508673
-0.042829
-0.290001
-0.303652
-0.294849
-0.339128
-0.35201
0.0297773
0.0295187
0.0328121
-0.199528
-0.19883
-0.304592
-0.301475
-0.302068
-0.216063
-0.213505
-0.211819
-0.203504
-0.194811
1.12762
0.96019
-0.415548
-0.374052
-0.406761
-1.32377
9.34895
9.33518
9.52996
9.52338
9.52508
9.37064
9.38333
9.37523
9.90068
9.89914
9.89908
9.73194
9.73011
9.72965
9.78504
9.78336
9.7831
10.1833
10.1812
10.182
10.0752
10.0736
10.0742
10.0988
10.0972
10.0978
10.1739
10.1709
10.1722
10.1303
10.1279
10.129
10.1182
10.1156
10.1167
9.841
9.83715
9.83777
9.9001
9.89586
9.89752
9.84836
9.84469
9.84584
9.72356
9.72515
9.72475
9.74636
9.7473
9.74701
9.75558
9.75679
9.75659
9.90133
9.9008
9.90121
9.91397
9.91385
9.91415
9.91931
9.91901
9.91935
9.71236
9.71037
9.71135
9.79749
9.79609
9.79688
9.75849
9.75692
9.75774
9.05672
9.05209
9.05345
9.26908
9.26573
9.26635
9.16626
9.1625
9.16291
7.49764
7.48634
8.07055
8.08483
8.07412
8.00472
7.92641
7.96689
4.71195
4.3919
0.956051
0.934258
0.910998
1.95915
1.9354
1.9227
1.90376
1.8862
1.87105
10.324
10.3307
10.264
10.2712
10.2681
10.3276
10.3454
10.3365
10.3452
10.3523
10.3492
10.4478
10.4545
10.4514
10.4518
10.4577
10.4549
10.1523
10.1585
10.1559
10.3453
10.3508
10.3487
10.3144
10.32
10.3177
9.63576
9.64401
9.63983
9.96142
9.96839
9.96499
9.89651
9.90375
9.90011
8.83049
8.84088
8.8358
9.32179
9.33031
9.32656
9.23488
9.24318
9.23945
8.12025
8.12142
8.11786
8.62988
8.63164
8.62869
8.55276
8.55386
8.55099
11.3625
11.3688
11.3665
11.3187
11.3251
11.3226
11.3774
11.3842
11.3817
11.3719
11.3815
11.3779
11.4619
11.471
11.4677
11.4659
11.475
11.4718
11.2733
11.2809
11.2784
11.3999
11.4066
11.4048
11.3756
11.3816
11.3799
10.9158
10.9164
10.9155
11.0778
11.0777
11.0775
11.0161
11.0152
11.0152
11.9099
11.9072
11.9217
11.9198
11.9203
11.9186
11.9211
11.9191
12.0256
12.0247
12.026
12.0459
12.046
12.0473
12.051
12.0514
12.0526
9.64926
9.46383
9.79763
9.45004
9.85437
9.46915
9.80225
9.78897
9.69474
9.68153
9.7178
9.70135
9.66192
9.65711
9.66865
9.69397
9.67981
9.53272
9.52568
9.71234
9.70756
9.70921
9.68613
9.66434
9.67773
9.57859
9.55253
9.56593
9.66788
9.66375
9.66416
9.70457
9.70053
9.70053
9.60363
9.59773
9.59817
9.78502
9.78095
9.78108
9.73781
9.73351
9.73373
9.80916
9.80537
9.80552
9.70551
9.70228
9.70195
9.84961
9.84686
9.84672
10.1057
10.1041
10.1041
9.92183
9.92007
9.91984
10.0613
10.0597
10.0596
10.1495
10.1478
10.1479
10.062
10.0607
10.0607
10.1907
10.1891
10.1893
10.3695
10.3672
10.3679
10.2401
10.2383
10.2389
10.3485
10.3461
10.3468
10.3848
10.3822
10.3831
10.3007
10.2983
10.2992
10.3978
10.395
10.396
10.3829
10.379
10.3805
10.317
10.3138
10.315
10.3961
10.3924
10.3939
10.3657
10.3615
10.3632
10.2799
10.2758
10.2775
10.3412
10.3369
10.3387
10.0811
10.0764
10.079
10.1327
10.1285
10.1299
10.1481
10.1433
10.1442
9.74344
9.74104
9.74068
9.67128
9.66899
9.66842
9.61642
9.61363
9.61292
9.22619
9.26522
9.2549
9.19708
9.18352
10.1078
10.106
10.1065
10.046
10.0445
10.045
10.0128
10.0113
10.0117
9.38179
9.37932
9.31465
9.31587
9.31463
9.41548
9.38835
9.40361
9.63644
9.63733
9.63663
9.69363
9.69406
9.69352
9.6513
9.65182
9.6511
10.2087
10.2057
10.2069
10.1378
10.135
10.1362
10.1413
10.1387
10.1398
9.73752
9.73785
9.73746
9.75723
9.75801
9.75754
9.77346
9.77362
9.77341
9.89834
9.89746
9.89798
9.88152
9.88132
9.88151
9.89032
9.88961
9.89002
10.0037
9.9991
10.0009
9.93786
9.93388
9.93544
9.97857
9.97459
9.97615
9.89988
9.89876
9.89943
9.89588
9.8949
9.89555
9.89768
9.89636
9.89714
9.75744
9.75518
9.75622
9.80793
9.8061
9.8071
9.79442
9.79225
9.7933
9.56956
9.54567
9.5381
9.52144
9.55416
9.55049
9.7105
9.70813
9.70918
9.68652
9.68441
9.6854
9.6604
9.65794
9.65899
9.18562
9.18168
9.18297
9.34493
9.34173
9.3429
9.2843
9.28076
9.28202
9.87633
9.87667
9.87668
9.90175
9.90203
9.90217
9.88787
9.88851
9.8885
9.78381
9.9475
9.95743
10.115
10.1289
10.1224
10.0898
10.096
10.0934
10.081
10.0847
10.0831
9.82364
9.82217
9.82304
9.82951
9.82838
9.82908
9.85665
9.85564
9.85633
10.1116
10.1187
10.1155
10.1687
10.1807
10.1758
10.1245
10.1322
10.1287
10.1457
10.1529
10.1503
10.2337
10.2417
10.2386
10.15
10.1582
10.1549
9.36759
9.36478
9.36583
9.36422
9.36148
9.36222
9.44753
9.44506
9.44592
10.1374
10.1439
10.1418
10.2249
10.2308
10.2287
10.1253
10.1311
10.1294
9.9232
9.92945
9.92648
10.0988
10.1053
10.1026
9.97082
9.97693
9.97399
8.27038
8.26188
8.26398
8.32103
8.30821
8.31014
8.46548
8.45727
8.45795
9.86611
9.87236
9.8696
9.96411
9.97013
9.96787
9.80546
9.81167
9.80916
9.27248
9.27982
9.276
9.6055
9.61301
9.6096
9.37985
9.38704
9.38338
5.7867
6.17211
9.15109
9.15871
9.15461
9.30844
9.3176
9.31302
9.02707
9.03513
9.0305
8.07379
8.08373
8.07617
8.66486
8.67607
8.66981
8.23959
8.24876
8.24179
1.19547
1.0611
1.99604
1.92655
1.95117
2.0314
2.0958
2.033
7.88447
7.89635
7.88846
8.25155
8.26388
8.2573
7.71977
7.73317
7.72472
6.94298
6.95258
6.9447
7.67241
7.67856
7.67377
7.02376
7.03576
7.02726
6.8737
6.8806
6.87357
7.43437
7.43465
7.43126
6.81806
6.82256
6.81651
10.3398
10.3481
10.3446
10.4338
10.4422
10.4384
10.4252
10.4344
10.4302
10.9922
10.9444
10.9465
10.8837
10.8962
10.255
10.2614
10.2589
10.3723
10.3777
10.3756
10.3945
10.3999
10.3978
11.0632
11.0663
10.9413
10.9576
10.9489
10.9778
10.9787
10.9793
11.1519
11.1576
11.1554
11.082
11.0877
11.0853
11.076
11.0811
11.0789
9.86594
9.87344
9.87002
10.0236
10.0306
10.0274
10.081
10.0878
10.0848
11.0887
11.0951
11.0924
11.1841
11.1911
11.1882
11.0908
11.0975
11.0947
11.0724
11.0812
11.0775
11.2017
11.2101
11.2068
11.0791
11.0877
11.0841
9.14485
9.15462
9.1494
9.41315
9.42133
9.4173
9.49727
9.50515
9.50095
11.0629
11.0717
11.068
11.1875
11.1964
11.1929
11.0522
11.0613
11.0575
10.9316
10.9419
10.9379
11.1096
11.1196
11.1161
10.9562
10.9667
10.9627
8.3666
8.37179
8.36777
8.72631
8.72852
8.72548
8.80455
8.80813
8.80498
10.9005
10.9104
10.9065
11.0282
11.0366
11.0337
10.8684
10.8778
10.8741
10.5909
10.5959
10.5933
10.8079
10.8124
10.8105
10.6452
10.651
10.6482
10.5296
10.5335
10.5312
10.6259
10.6274
10.6262
10.4656
10.4685
10.4665
11.3639
11.372
11.3689
11.4557
11.4638
11.4608
11.4488
11.4565
11.4536
11.6421
11.662
11.669
11.7906
11.7934
11.7918
11.818
11.82
11.8198
11.7962
11.7985
11.7981
11.3341
11.3435
11.3403
11.4222
11.4296
11.4276
11.437
11.4452
11.4428
11.8407
11.842
11.8419
11.8537
11.8529
11.8534
11.8579
11.8586
11.8587
11.8956
11.893
11.8942
11.9013
11.8984
11.8997
11.8991
11.8968
11.8979
11.0828
11.0865
11.0849
11.1308
11.1316
11.1311
11.1829
11.1845
11.1839
11.8926
11.8897
11.891
11.8985
11.8963
11.8977
11.8831
11.8801
11.8815
11.8038
11.8027
11.8038
11.8698
11.8695
11.8707
11.8258
11.8243
11.8256
11.8108
11.8068
11.8096
11.7847
11.7843
11.7852
11.7669
11.7657
11.767
12.0038
12.0018
12.0032
12.0325
12.0321
12.0335
12.0219
12.0209
12.0224
12.3879
12.3712
12.3753
12.3556
12.3615
12.059
12.0606
12.0286
12.0292
12.0303
12.0622
12.0622
12.0638
12.421
12.3816
12.3859
12.3947
12.399
7.34895
7.41677
7.39154
7.3972
7.4595
7.43578
8.25971
8.29612
8.28309
8.25528
8.29175
8.27893
8.50744
8.54778
8.53073
8.88146
8.87841
8.87888
8.74224
8.73496
8.7378
8.54023
8.54687
8.54338
8.76792
8.78352
8.78018
9.03561
9.02531
9.02946
8.7153
8.72993
8.72646
8.97713
8.96502
8.96941
-0.22989
-0.218388
-0.225328
-0.260944
-0.248196
-0.255384
9.49482
9.49318
9.4931
9.23696
9.22653
9.57103
9.58168
9.53667
9.57224
9.62245
9.15865
9.14749
9.04671
9.03584
9.23162
9.21052
9.55134
9.54591
9.54634
9.45525
9.45066
9.44971
9.42644
9.42067
9.41875
9.26165
9.2164
9.34041
9.30099
9.3204
9.22599
9.2306
9.22358
9.95036
9.94891
9.94895
9.88861
9.88699
9.88709
9.83945
9.83788
9.83778
9.59167
9.58933
9.58872
9.56095
9.55888
9.55823
9.6484
9.64642
9.64598
9.76141
9.75972
9.75968
9.62306
9.62136
9.62088
9.70766
9.70588
9.70563
10.1974
10.1953
10.1961
10.1308
10.129
10.1298
10.1163
10.1147
10.1153
9.97231
9.97112
9.97154
9.93411
9.93313
9.9335
10.0002
9.99892
9.9994
10.0402
10.0386
10.0393
9.95959
9.95841
9.9589
10.0221
10.0207
10.0213
10.1513
10.1481
10.1495
10.0785
10.0755
10.0768
10.1
10.0973
10.0985
10.0506
10.0483
10.0494
9.99746
9.99542
9.9964
10.0389
10.0365
10.0376
9.99765
9.99497
9.99616
9.98195
9.97976
9.98079
10.0202
10.0177
10.0188
9.76223
9.75781
9.7603
9.75236
9.74553
9.74816
9.78934
9.78616
9.78729
9.79546
9.79149
9.79308
9.73751
9.73394
9.73529
9.7364
9.73236
9.7339
9.6005
9.59556
9.59748
9.67995
9.67623
9.67762
9.66839
9.66419
9.66583
9.74321
9.74585
9.74513
9.81031
9.81231
9.81152
9.77714
9.77846
9.77819
9.78261
9.78344
9.78325
9.81981
9.8209
9.82079
9.79202
9.79327
9.79308
9.83924
9.84167
9.84086
9.83703
9.83858
9.83827
9.81022
9.81178
9.81142
9.89751
9.89669
9.89729
9.91314
9.91249
9.91303
9.91828
9.91783
9.91823
9.93808
9.93861
9.93867
9.98064
9.98184
9.98156
9.94557
9.94605
9.94606
9.94502
9.94499
9.94525
9.98524
9.98647
9.98612
9.94757
9.94772
9.94787
9.65881
9.6566
9.65764
9.65775
9.6558
9.65667
9.71013
9.70834
9.70921
9.84708
9.84659
9.84702
9.87365
9.87435
9.87423
9.81189
9.81124
9.81169
9.71979
9.71878
9.71928
9.8355
9.83608
9.83579
9.7679
9.76705
9.76755
8.92708
8.92159
8.92306
8.9251
8.9199
8.92025
9.04928
9.04475
9.04519
9.35185
9.34996
9.34984
9.38241
9.38097
9.381
9.2528
9.25065
9.2505
9.01708
9.01389
9.01364
9.2808
9.27898
9.27898
9.13895
9.13625
9.13609
7.57575
7.47986
7.67824
7.57344
7.69494
7.67404
8.20289
8.19129
8.1919
8.26575
8.25877
8.25806
7.98243
7.97396
7.9743
7.59711
7.57646
8.04383
8.03622
8.03513
7.8262
7.7336
7.78083
3.62087
3.26657
5.52605
5.46538
5.82094
5.80177
5.80607
5.25896
5.18093
4.5058
4.39373
5.37339
5.35015
5.35689
4.68931
4.59195
0.969677
0.950491
0.930298
1.89252
1.87946
1.8637
3.01028
3.00796
2.98932
3.97751
3.97914
3.9649
2.97629
2.97587
2.95819
3.93375
3.93652
3.92298
2.96826
2.97016
2.95339
10.3735
10.3874
10.4846
10.4978
10.4408
10.4444
10.279
10.2881
10.2843
10.3745
10.3852
10.3806
10.3651
10.3719
10.3687
10.5273
10.5356
10.4781
10.477
10.4791
10.4296
10.4479
10.4395
10.338
10.3445
10.3415
10.4428
10.4482
10.446
10.4497
10.4553
10.4528
10.5766
10.5817
10.5793
10.6755
10.6815
10.6789
10.5813
10.5867
10.5842
10.5802
10.586
10.5836
10.6841
10.6898
10.6873
10.5828
10.5884
10.5859
10.106
10.1123
10.1096
10.2362
10.2424
10.2397
10.2767
10.2825
10.2801
10.5221
10.5279
10.5254
10.6476
10.653
10.6507
10.5
10.506
10.5034
10.4434
10.4499
10.4471
10.6275
10.6333
10.6308
10.473
10.4793
10.4766
9.54514
9.55396
9.5495
9.74977
9.75741
9.75343
9.8231
9.83053
9.82671
10.2407
10.248
10.2445
10.4062
10.4134
10.41
10.1925
10.1998
10.1962
10.0828
10.0905
10.0866
10.3609
10.3684
10.3649
10.1377
10.1453
10.1415
8.72413
8.73406
8.72902
9.05738
9.06448
9.06095
9.14311
9.15095
9.1473
9.75866
9.76743
9.76362
9.97914
9.98798
9.98424
9.68995
9.69872
9.69484
9.54652
9.55452
9.5507
9.91383
9.92229
9.91863
9.61656
9.62504
9.62117
8.04466
8.04503
8.04163
8.47168
8.472
8.46931
9.18007
9.18408
9.18061
9.42819
9.43124
9.42852
9.10874
9.1121
9.10873
9.35007
9.35211
9.34967
9.03203
9.0346
9.03141
11.4678
11.4731
11.4709
11.5168
11.5222
11.52
11.4838
11.4901
11.4879
11.3328
11.3399
11.3371
11.41
11.4177
11.4148
11.3977
11.405
11.4023
11.5439
11.5505
11.5479
11.5249
11.5324
11.5297
11.5092
11.5161
11.5136
11.37
11.3797
11.3761
11.4656
11.4745
11.4715
11.4672
11.4762
11.4731
11.6032
11.6116
11.6087
11.6636
11.6707
11.6687
11.6125
11.6207
11.618
11.6233
11.6313
11.6289
11.6723
11.6791
11.6774
11.6192
11.6273
11.6248
11.2422
11.2493
11.2469
11.3131
11.3177
11.3162
11.3452
11.3506
11.349
11.5825
11.5877
11.5864
11.6128
11.6149
11.6145
11.5631
11.5675
11.5663
11.5103
11.5131
11.5123
11.588
11.5894
11.5892
11.5385
11.5421
11.5411
10.8526
10.852
10.8515
10.9533
10.9508
10.9513
11.3051
11.3035
11.3039
11.3039
11.3006
11.3019
11.2479
11.2453
11.246
11.2565
11.2528
11.2541
11.1946
11.1911
11.192
11.9934
11.9945
12.0338
12.0374
12.0183
12.0176
11.9447
11.9428
11.9437
11.9643
11.9624
11.9634
11.952
11.9498
11.9507
12.0598
12.0673
12.0612
12.0658
12.0634
12.0451
12.0483
12.0471
12.0328
12.0323
12.0336
12.0643
12.0654
12.0666
12.0625
12.0633
12.0646
12.1683
12.1697
12.171
12.1987
12.2006
12.2016
12.1743
12.1761
12.1771
12.1921
12.1941
12.1951
12.2135
12.216
12.2169
12.1865
12.189
12.1899
9.75278
9.337
9.61884
9.60712
9.54558
9.79765
9.56449
9.5589
9.31783
9.43405
9.55731
9.74043
9.72859
9.65327
9.64618
9.64897
9.65928
9.64428
9.66968
9.68183
9.64104
9.66931
9.65404
9.71425
9.69904
9.47854
9.7557
9.74152
9.67342
9.68449
9.68859
9.67769
9.80528
9.79425
9.80143
9.79799
9.78825
9.70984
9.73601
9.7222
9.77891
9.76838
9.77564
9.69844
9.69509
9.65825
9.6787
9.66433
9.76419
9.75115
9.83827
9.8223
9.83173
9.82585
9.82627
9.82544
9.75199
9.73807
9.74636
9.7116
9.70144
9.70608
9.84027
9.84043
9.83981
9.77892
9.76644
9.77359
9.61326
9.59517
9.713
9.69504
9.70453
9.65251
9.6375
9.64397
9.79359
9.7788
9.78865
9.87216
9.87257
9.87192
9.82639
9.82424
9.82514
9.82629
9.82461
9.82432
9.86521
9.86464
9.86427
9.79149
9.78963
9.7897
9.72467
9.70403
9.66785
9.64843
9.65924
9.74616
9.72387
9.73603
9.82565
9.82434
9.82384
9.92384
9.92279
9.92246
9.80311
9.80135
9.8011
9.80056
9.79898
9.79852
9.92386
9.92284
9.92251
9.83395
9.83217
9.83178
9.52432
9.49631
9.51136
9.71969
9.7159
9.71559
9.67567
9.67172
9.67152
9.81634
9.81398
9.81377
9.97787
9.97716
9.97665
9.84756
9.84487
9.84481
9.8863
9.88344
9.88341
9.98942
9.9887
9.98814
9.84831
9.84546
9.84541
9.62771
9.62031
9.62235
9.69157
9.68774
9.68781
9.73114
9.72772
9.7276
9.98595
9.98441
9.98396
10.0937
10.0928
10.0924
9.94798
9.94613
9.94575
9.89378
9.89095
9.89094
10.0671
10.0663
10.0659
9.9299
9.92778
9.92752
10.0139
10.0125
10.012
10.1992
10.1985
10.1981
10.0516
10.0503
10.0499
9.73826
9.73523
9.7348
9.92724
9.92521
9.925
9.88525
9.88295
9.88272
10.2368
10.2361
10.2357
10.127
10.126
10.1256
10.0883
10.0873
10.0868
10.2877
10.2867
10.2866
10.3895
10.3886
10.3885
10.248
10.2471
10.2469
9.87241
9.87039
9.87011
9.97074
9.96894
9.96873
10.0152
10.0135
10.0134
10.3514
10.3507
10.3504
10.1677
10.1666
10.1663
10.2077
10.2067
10.2064
10.3261
10.325
10.3249
10.4948
10.4933
10.4935
10.3631
10.3618
10.3619
10.1045
10.1032
10.1033
10.265
10.2633
10.2636
10.2286
10.2271
10.2273
10.5247
10.5231
10.5234
10.4278
10.426
10.4263
10.3959
10.3943
10.3945
10.5134
10.5108
10.5116
10.6117
10.609
10.6098
10.4961
10.4936
10.4943
10.2126
10.2109
10.2114
10.2961
10.2942
10.2946
10.3256
10.3235
10.324
10.5958
10.5934
10.594
10.4531
10.4511
10.4515
10.4774
10.4752
10.4757
10.5259
10.5232
10.5241
10.6413
10.638
10.6392
10.5361
10.5332
10.5342
10.3109
10.3085
10.3095
10.4096
10.4066
10.4077
10.4051
10.4022
10.4033
10.6436
10.6401
10.6414
10.544
10.5407
10.5419
10.5415
10.5384
10.5395
10.5157
10.5117
10.5133
10.609
10.6049
10.6065
10.5284
10.5247
10.5261
10.3218
10.3189
10.32
10.4092
10.4059
10.4072
10.4048
10.4014
10.4028
10.6241
10.6202
10.6217
10.5426
10.5391
10.5404
10.5373
10.5337
10.535
10.4998
10.4958
10.4974
10.5288
10.5246
10.5265
10.4754
10.4715
10.4731
10.2596
10.2552
10.257
10.281
10.2762
10.2781
10.3154
10.3106
10.3125
10.5049
10.4984
10.501
10.4235
10.4197
10.4211
10.4564
10.4516
10.4535
10.2958
10.2758
10.2854
10.348
10.3392
10.2747
10.3013
10.2858
10.1726
10.1677
10.1696
10.2381
10.2334
10.2354
10.2014
10.195
10.1975
10.3679
10.3467
10.356
10.3798
10.3776
10.3787
10.3714
10.3637
10.3666
9.68965
9.68671
9.68633
9.50747
9.5034
9.50263
9.55856
9.55502
9.55424
9.5272
9.52414
9.52347
9.37351
9.36974
9.36875
9.47166
9.46731
9.46683
9.35504
9.34875
9.34919
9.32561
9.31941
9.31808
9.41201
9.40615
9.40622
8.62426
8.90873
9.07033
9.04306
8.84413
9.06373
8.78621
9.15615
9.29856
9.30003
9.29876
9.31946
9.28409
9.30237
9.23973
9.22941
9.05316
9.04231
9.19756
9.19781
9.19492
9.2585
9.22614
10.0744
10.0727
10.0731
9.93357
9.93199
9.93223
9.97559
9.97399
9.97435
9.93824
9.93711
9.93744
9.82609
9.82537
9.82538
9.90107
9.89985
9.90012
9.81178
9.81028
9.81037
9.78019
9.77935
9.77925
9.85835
9.85697
9.85718
9.43749
9.44073
9.43974
9.49913
9.498
9.49769
9.44395
9.4434
9.44304
9.3743
9.37085
9.36986
9.47056
9.46792
9.46738
9.41979
9.41837
9.41746
9.53825
9.53784
9.53688
9.53087
9.5294
9.52869
9.48406
9.48307
9.4822
9.58725
9.58801
9.58733
9.5534
9.55316
9.55246
9.60016
9.6005
9.59968
9.7396
9.7396
9.7393
9.74332
9.74307
9.7428
9.69703
9.69721
9.69669
9.59573
9.59569
9.59488
9.69337
9.69299
9.69261
9.64568
9.64574
9.6451
10.2125
10.2097
10.2109
10.1361
10.1339
10.1349
10.1419
10.1395
10.1406
10.0572
10.0547
10.0558
10.0084
10.0064
10.0074
10.0588
10.0564
10.0575
10.0489
10.047
10.0479
10.0042
10.0024
10.0032
10.0574
10.0552
10.0562
9.78204
9.78189
9.78175
9.85899
9.85832
9.85854
9.81689
9.81648
9.81655
9.79317
9.79377
9.79344
9.83555
9.83537
9.83545
9.80793
9.80795
9.80788
9.88823
9.88731
9.8877
9.87465
9.87388
9.87424
9.84895
9.84835
9.84857
9.92673
9.92538
9.92612
9.95158
9.95
9.95082
9.92103
9.91985
9.92048
9.86679
9.86676
9.86685
9.8593
9.85891
9.85913
9.87767
9.87711
9.87744
9.94437
9.94295
9.94363
9.89556
9.89466
9.89511
9.91134
9.91028
9.91083
10.0498
10.0451
10.047
10.0467
10.043
10.0445
10.0161
10.0122
10.0138
9.84445
9.84063
9.84217
9.86887
9.86569
9.86701
9.88983
9.8861
9.88762
9.96512
9.96176
9.96318
9.90582
9.90279
9.90407
9.93187
9.92831
9.92979
9.92551
9.92402
9.92486
9.94381
9.94181
9.94283
9.921
9.91936
9.92025
9.88886
9.88767
9.88845
9.87476
9.87308
9.87399
9.88786
9.88634
9.8872
9.92901
9.92686
9.92793
9.89411
9.89211
9.8931
9.90893
9.90713
9.90808
9.77304
9.77047
9.77154
9.81706
9.81416
9.8154
9.81018
9.80769
9.8088
9.83835
9.83665
9.8376
9.85312
9.85126
9.85224
9.82857
9.82656
9.82756
9.85575
9.85303
9.85422
9.87087
9.86869
9.86974
9.84516
9.84281
9.84387
9.4342
9.45438
9.63142
9.65795
9.64276
9.64359
9.61956
9.63131
9.28626
9.27988
9.41401
9.408
9.41039
9.355
9.32807
9.34132
9.51518
9.51167
9.51212
9.47305
9.47041
9.47122
9.42594
9.42115
9.42365
9.72648
9.72383
9.72491
9.66935
9.66624
9.66742
9.67766
9.67493
9.67597
9.63101
9.62877
9.62979
9.53486
9.53215
9.53322
9.59938
9.59681
9.59787
9.60388
9.60066
9.60185
9.5579
9.55492
9.55594
9.61885
9.616
9.61705
9.2421
9.23835
9.23921
9.27939
9.27471
9.27629
9.32953
9.32578
9.3269
9.42987
9.42706
9.42814
9.45849
9.45559
9.45669
9.37772
9.3746
9.37574
9.37165
9.36798
9.36922
9.4868
9.48363
9.4847
9.41249
9.40914
9.4102
9.85822
9.85871
9.85869
9.84678
9.84785
9.84772
9.86808
9.86894
9.86888
9.92286
9.92355
9.9236
9.93776
9.93958
9.93912
9.90703
9.90792
9.90793
9.86347
9.86494
9.86469
9.91517
9.91723
9.91667
9.88558
9.88678
9.88667
9.83177
9.83726
9.83616
9.84197
9.83928
9.91115
9.91012
10.0393
9.99465
9.99771
9.94527
9.95022
9.88978
9.88133
9.88661
9.94263
9.95115
9.94717
9.91973
9.92409
10.1054
10.1115
10.0022
10.0127
10.0086
10.0474
10.0439
10.0472
10.035
10.0397
10.0378
9.97921
9.98173
9.98082
10.0161
10.021
10.0191
9.97556
9.97879
9.97738
9.95478
9.95743
9.95649
9.98957
9.99504
9.99314
9.85166
9.85031
9.85115
9.89717
9.89643
9.89704
9.88091
9.88004
9.88069
9.87564
9.87535
9.87572
9.9488
9.9497
9.94964
9.89904
9.89886
9.89921
9.93233
9.93239
9.93265
9.96567
9.96652
9.96645
9.91944
9.91939
9.91969
10.0536
10.0584
10.0565
10.0221
10.0247
10.0237
10.0658
10.0708
10.0686
10.187
10.1988
10.194
10.1461
10.1544
10.1507
10.1374
10.1456
10.1419
10.03
10.0327
10.0316
10.0809
10.0864
10.0838
10.0758
10.0813
10.0789
10.0607
10.0658
10.0636
10.0081
10.0114
10.0103
10.0714
10.0768
10.0744
10.228
10.2369
10.2332
10.1516
10.1601
10.1563
10.1531
10.1617
10.1579
10.0213
10.0246
10.0234
10.0825
10.0883
10.0855
10.0794
10.0852
10.0825
9.45406
9.4516
9.45257
9.59214
9.59023
9.59103
9.5259
9.52377
9.52458
9.44265
9.4413
9.4411
9.62064
9.62041
9.61999
9.52221
9.52107
9.521
9.65928
9.65828
9.65868
9.6862
9.68621
9.68574
9.59666
9.59564
9.59579
10.0444
10.0493
10.0473
9.94692
9.94981
9.94851
10.0254
10.0301
10.0283
10.2103
10.2163
10.214
10.0822
10.088
10.0861
10.1058
10.1115
10.1098
9.91563
9.91812
9.91695
9.96935
9.97338
9.97214
9.99895
10.0033
10.0018
9.78267
9.7867
9.78463
9.72935
9.73104
9.73034
9.83774
9.84169
9.84001
10.1356
10.1422
10.1393
10.0504
10.0563
10.054
10.0153
10.0212
10.0184
9.78726
9.78941
9.7886
9.93095
9.93474
9.93353
9.88937
9.89321
9.89185
8.47101
8.46138
8.46299
8.78302
8.77666
8.77718
8.63761
8.63063
8.63084
8.38717
8.37899
8.3788
8.76815
8.76402
8.7633
8.56075
8.55466
8.55447
8.87596
8.87191
8.87181
8.91885
8.91579
8.91507
8.72889
8.72397
8.72383
9.71711
9.72099
9.71866
9.51296
9.514
9.51281
9.64698
9.65068
9.64838
9.90578
9.91192
9.90949
9.6602
9.6668
9.66396
9.73529
9.74152
9.73908
9.42108
9.42164
9.42047
9.47874
9.48196
9.47997
9.56556
9.56891
9.56678
9.02739
9.03114
9.02852
8.95142
8.94987
8.94926
9.15219
9.15544
9.15341
9.69326
9.70049
9.69724
9.57419
9.58121
9.57791
9.48308
9.49029
9.48671
9.08992
9.08875
9.08801
9.37906
9.38203
9.38026
9.27357
9.27651
9.27482
7.15164
7.15453
6.13755
6.0956
6.86568
6.86304
6.85979
6.41647
6.38078
7.13067
7.10734
7.2961
7.29461
7.29052
7.01269
6.98298
8.88322
8.88723
8.88427
8.46931
8.46799
8.46587
8.73891
8.74317
8.73971
9.19039
9.20015
9.19501
8.74407
8.75209
8.74631
8.88493
8.89304
8.88779
8.2701
8.26699
8.26494
8.40045
8.40351
8.39898
8.5682
8.57218
8.56818
7.55559
7.55782
7.55047
7.31425
7.30887
7.30389
7.76555
7.76725
7.76093
8.80974
8.82051
8.81447
8.57823
8.58636
8.58042
8.42315
8.43144
8.42494
7.62119
7.61646
7.61249
8.19394
8.19575
8.19109
8.00635
8.00812
8.00266
0.779052
0.773271
2.7537
2.77592
2.42022
2.33901
3.06341
3.06226
3.04131
4.30455
4.30559
4.29095
3.20539
3.21328
3.1861
3.74157
3.68396
4.53023
4.52976
4.51951
3.33406
3.4525
3.38219
7.29776
7.30163
7.29383
6.50281
6.49765
6.48962
7.08418
7.09055
7.08231
8.11334
8.12528
8.11877
7.39556
7.41027
7.40102
7.54213
7.55645
7.54744
6.18549
6.18354
6.17483
6.65069
6.66079
6.65101
6.83974
6.84838
6.83946
6.02023
6.03305
6.02193
5.3164
5.32334
5.30992
6.13606
6.14847
6.137
7.77297
7.78115
7.77589
7.24759
7.26189
7.25262
7.13023
7.14373
7.13474
5.4815
5.4894
5.47654
6.44698
6.45804
6.44765
6.28777
6.29941
6.28834
5.92895
5.93989
5.92981
5.0584
5.06803
5.05511
5.86846
5.87649
5.86768
7.36505
7.364
7.361
6.76702
6.76921
6.76402
5.0205
5.03241
5.01973
5.82642
5.83179
5.82422
10.3317
10.3401
10.3365
10.3962
10.406
10.4017
10.4102
10.4199
10.4156
10.5624
10.5685
10.5657
10.6323
10.6396
10.6363
10.5526
10.5584
10.5558
10.5175
10.5216
10.5194
10.6202
10.6238
10.6217
10.5306
10.5361
10.5336
10.4787
10.8559
10.646
10.7525
10.6748
10.9082
10.7482
10.8939
10.8327
10.8485
10.8392
10.7356
10.7343
10.7359
10.8294
10.833
10.736
10.7481
10.6871
10.704
10.6956
10.7763
10.7839
10.2816
10.2882
10.2856
10.427
10.433
10.4307
10.4131
10.4188
10.4166
10.5402
10.5458
10.5435
10.6838
10.6886
10.6866
10.5549
10.5606
10.5583
10.5746
10.5804
10.578
10.6877
10.6927
10.6906
10.5663
10.5719
10.5696
11.072
11.0873
11.0786
11.0313
11.0355
11.0337
11.0197
11.0226
11.0214
10.8706
10.8732
10.8716
10.8062
10.8099
10.8084
10.8789
10.8849
10.8824
10.908
10.9136
10.9113
10.8194
10.8236
10.8217
10.8984
10.9041
10.9017
11.1341
11.1395
11.1374
11.0525
11.0569
11.0551
11.0629
11.0674
11.0656
10.9388
10.9446
10.9422
10.8365
10.8411
10.8392
10.9371
10.9425
10.9403
10.9222
10.9273
10.9252
10.835
10.8396
10.8377
10.9288
10.934
10.9319
9.93509
9.94237
9.93907
10.1871
10.1935
10.1907
10.1375
10.1442
10.1412
10.2854
10.2928
10.2893
10.5144
10.5214
10.5183
10.3279
10.3352
10.3318
10.4062
10.4132
10.4101
10.5472
10.5541
10.5511
10.3695
10.3767
10.3736
10.9399
10.9461
10.9435
10.816
10.8222
10.8196
10.9367
10.9433
10.9405
11.1922
11.1997
11.1967
11.0909
11.0986
11.0954
11.0924
11.0996
11.0966
10.8041
10.8108
10.8079
10.9244
10.9315
10.9286
10.932
10.9389
10.936
10.8714
10.8796
10.8762
10.7337
10.7414
10.738
10.8872
10.895
10.8917
11.2025
11.2107
11.2074
11.0886
11.0967
11.0934
11.0847
11.0931
11.0896
10.755
10.7626
10.7592
10.9142
10.9216
10.9185
10.9022
10.9099
10.9066
9.25276
9.26237
9.25727
9.66524
9.67303
9.66894
9.58511
9.59299
9.5888
9.82653
9.83541
9.83145
10.1545
10.1629
10.1591
9.89123
9.89947
9.89529
10.018
10.026
10.0219
10.2114
10.2195
10.2157
9.95758
9.9657
9.96148
10.852
10.8603
10.8568
10.6588
10.6673
10.6634
10.8316
10.8402
10.8365
11.1762
11.1855
11.182
11.0217
11.0315
11.0274
11.0372
11.0466
11.0427
10.6273
10.636
10.632
10.7804
10.7895
10.7857
10.8063
10.8151
10.8114
10.6466
10.6566
10.6527
10.4796
10.4893
10.4852
10.6825
10.6924
10.6885
11.1322
11.1422
11.1386
11.0017
11.0117
11.0076
10.9821
10.9924
10.9882
10.5221
10.5314
10.5271
10.7495
10.7588
10.7549
10.719
10.7285
10.7246
8.45233
8.45917
8.45495
8.97213
8.97821
8.97489
8.8899
8.89498
8.89178
9.26055
9.26513
9.26146
9.64365
9.64887
9.64557
9.32963
9.3351
9.33132
9.47277
9.48018
9.47641
9.71454
9.72092
9.71751
9.40285
9.4095
9.40574
10.6048
10.6147
10.6109
10.3452
10.3549
10.3506
10.5644
10.5738
10.5701
10.9898
10.9976
10.9949
10.7899
10.7982
10.7949
10.8296
10.8384
10.8349
10.2932
10.3025
10.2984
10.4684
10.4766
10.4733
10.516
10.5249
10.5213
10.2404
10.2452
10.2426
10.0688
10.0751
10.0716
10.3002
10.3057
10.3029
10.8606
10.866
10.8638
10.7444
10.752
10.7488
10.6984
10.705
10.702
10.13
10.1373
10.1335
10.4137
10.4212
10.4181
10.3605
10.3669
10.3638
10.1742
10.1781
10.1758
9.87514
9.87896
9.87605
10.107
10.1099
10.1077
10.5576
10.5583
10.5573
10.395
10.3968
10.3951
9.80156
9.80428
9.80162
10.0339
10.0357
10.0339
11.3573
11.3654
11.3622
11.4281
11.4354
11.4327
11.4393
11.4467
11.4439
11.587
11.5953
11.5923
11.6206
11.6282
11.6254
11.5742
11.5821
11.5792
11.5429
11.5501
11.5475
11.6031
11.6103
11.6077
11.5586
11.5662
11.5634
11.5765
11.5815
11.5884
11.5983
11.5932
11.6041
11.6119
11.6996
11.7215
11.7243
11.695
11.6972
11.6186
11.6256
11.6226
11.656
11.6648
11.6603
11.6422
11.6469
11.7734
11.7742
11.745
11.7492
11.7477
11.7678
11.7732
11.7707
11.7494
11.7538
11.7528
11.7155
11.7221
11.7201
11.7297
11.7347
11.7334
11.6854
11.6902
11.6889
11.6922
11.6989
11.6967
11.7074
11.7126
11.7111
11.3479
11.3578
11.3544
11.4575
11.4665
11.4636
11.4512
11.4599
11.4573
11.5982
11.6041
11.6027
11.662
11.6665
11.6657
11.609
11.6156
11.614
11.6204
11.6284
11.6261
11.671
11.6765
11.6755
11.6177
11.625
11.6232
11.7675
11.7713
11.7706
11.7688
11.7745
11.7731
11.782
11.785
11.7846
11.8705
11.869
11.8697
11.8847
11.8842
11.8847
11.8743
11.8744
11.8747
11.7803
11.7854
11.7845
11.8008
11.8026
11.8025
11.7936
11.7961
11.7958
11.7932
11.7921
11.7929
11.7871
11.789
11.7888
11.8008
11.8004
11.801
11.896
11.8932
11.8944
11.8935
11.8924
11.8931
11.8966
11.8948
11.8957
11.7915
11.7942
11.7939
11.8049
11.806
11.8061
11.8046
11.8049
11.8053
11.13
11.1347
11.1329
11.2724
11.2761
11.2749
11.2305
11.2332
11.2323
11.3507
11.35
11.3501
11.4491
11.4472
11.448
11.3983
11.3983
11.3982
11.4763
11.4781
11.4776
11.4881
11.487
11.4875
11.4384
11.4393
11.439
11.7827
11.7809
11.7819
11.7521
11.7519
11.7523
11.7677
11.7653
11.7665
11.8986
11.8968
11.8982
11.8634
11.8608
11.8621
11.8766
11.8737
11.875
11.7334
11.7324
11.733
11.7291
11.7261
11.7274
11.7506
11.7478
11.749
11.6271
11.6247
11.6261
11.625
11.6221
11.6233
11.6586
11.6558
11.6573
11.8755
11.8751
11.8764
11.8537
11.8513
11.8527
11.8368
11.835
11.8363
11.6543
11.6518
11.6529
11.7077
11.7046
11.706
11.6818
11.6789
11.6803
11.805
11.8046
11.7155
11.7294
11.7223
11.6002
11.5981
11.5995
11.5147
11.512
11.5132
11.5654
11.5635
11.5649
11.4794
11.4767
11.4778
11.5324
11.5301
11.5309
11.9896
11.9874
11.9887
11.9909
11.9892
11.9905
12.0046
12.0032
12.0046
12.146
12.147
12.1483
12.1584
12.1594
12.1607
12.1324
12.1329
12.1341
12.0921
12.0917
12.0927
12.1359
12.1364
12.1376
12.1091
12.1093
12.1106
12.1754
12.3624
12.18
12.2211
12.2311
12.3967
12.3576
12.3537
12.2882
12.2974
12.2945
12.2524
12.2593
12.2576
12.2805
12.2838
12.2361
12.2419
12.2289
12.2357
12.2337
12.2489
12.2579
12.1898
12.1914
12.2321
12.2345
12.1871
12.1903
12.025
12.0263
12.0272
12.0696
12.0704
12.0713
12.0631
12.0643
12.0654
12.1956
12.2079
12.1837
12.1933
12.1895
12.1963
12.1969
12.1985
12.4679
12.4618
12.4134
12.312
12.3173
12.3171
12.2902
12.298
12.2956
12.32
12.3237
12.3387
12.3432
12.3123
12.3155
12.3161
12.3173
12.3269
12.4139
12.4899
12.3323
12.3523
12.3861
7.54182
8.36624
7.41176
7.48137
7.4541
8.14218
8.13146
8.13586
7.82549
7.82075
7.82667
7.81414
7.81746
7.82071
8.12407
8.11587
8.11957
7.60001
7.62708
8.18757
8.18234
8.18379
8.35825
8.35158
8.35335
8.35003
8.34387
8.34545
8.17733
8.17283
8.17373
8.57553
8.61274
8.59727
8.31234
8.34047
8.33141
8.23879
8.26775
8.87214
8.86932
8.89388
8.89361
8.89401
8.93829
8.94044
8.93921
8.79227
8.78772
8.78823
8.8836
8.88643
8.95302
8.95487
8.95358
8.88733
8.88889
8.93143
8.93996
8.9368
8.94386
8.95223
8.94908
9.02069
9.03343
9.02751
9.64895
9.76582
9.51348
9.20529
8.92787
9.75424
9.75752
9.75526
9.67674
9.68102
9.67831
9.54278
9.53116
9.5353
9.57669
9.55819
9.73488
9.73111
9.43909
9.45271
9.78988
9.79348
9.79199
9.45737
9.46725
9.46511
9.1031
9.09101
8.84658
8.85773
8.83541
8.84708
8.84443
9.18037
9.18644
9.18365
9.29539
9.30132
9.29953
9.10288
9.08994
9.09457
-1.02497
-0.331943
-0.339675
-0.338662
-0.444643
-0.433603
-0.439495
-0.622584
-0.629621
-0.537966
-0.523943
-0.517752
-0.50678
-0.513539
-0.599564
-0.607849
-0.606401
9.50239
9.50129
9.50064
9.49507
9.4941
9.49364
9.51
9.50912
9.5082
9.54652
9.56716
9.56232
9.56219
9.56069
9.58762
9.58697
9.5671
9.56929
9.59498
9.5936
9.59349
9.51889
9.52892
9.63075
9.65074
9.64181
9.61199
9.60729
9.60858
9.55846
9.55717
9.59165
9.58675
9.57491
9.57304
9.57312
9.64196
9.66161
9.65275
9.66706
9.66592
9.66652
9.63825
9.63446
9.63472
9.63371
9.63045
9.63132
9.61489
9.60982
9.6112
9.61514
9.60996
9.61124
9.60872
9.60494
9.64509
9.64105
9.64134
9.66255
9.66066
9.52365
9.53722
9.53255
9.52018
9.53343
9.52879
9.56083
9.57708
9.56944
8.9964
8.99605
8.99676
9.00945
9.00786
9.00896
9.1442
9.14612
9.14757
9.15731
9.15786
9.15959
)
;

boundaryField
{
    Inlet
    {
        type            zeroGradient;
    }
    Outlet
    {
        type            fixedValue;
        value           nonuniform List<scalar> 0();
    }
    Wall
    {
        type            zeroGradient;
    }
    procBoundary6to3
    {
        type            processor;
        value           nonuniform List<scalar> 
1487
(
7.38547
7.55982
10.4615
10.3381
10.3912
10.3856
7.08694
7.17765
7.80497
7.80497
7.13908
7.00962
7.00962
7.00962
5.1588
7.33648
6.95437
7.20615
7.20615
7.15953
7.23645
6.61562
7.33753
7.13767
6.95758
7.20699
7.20699
6.61613
7.16391
7.2406
6.67026
7.08888
7.17943
7.80737
7.80737
5.15826
7.0124
7.0124
7.0124
5.15826
5.15826
8.10409
8.10409
8.10409
7.69081
8.03071
8.22504
8.16393
8.64098
8.11085
8.61043
8.67639
8.00572
8.00572
8.00572
8.00572
6.70395
7.39656
7.94512
8.17297
8.17297
8.17297
8.17297
8.64868
8.49381
8.49381
8.49381
8.49381
7.9776
8.82191
9.1031
8.70755
9.09425
8.61295
8.86689
8.7349
8.95548
9.11564
9.10336
9.47877
9.46519
9.11141
9.11702
9.48956
8.71671
8.71671
8.71671
8.71671
8.50592
8.51354
8.51354
8.51354
8.51354
8.77652
8.84369
8.84369
8.84369
8.84369
9.44945
9.04925
8.76531
10.0215
9.99127
10.0746
10.0228
10.3731
10.6977
10.2947
10.4695
10.1579
11.1846
10.0956
10.6557
10.1974
9.88767
9.98873
9.83544
9.6373
9.87167
9.90386
9.97137
9.24659
9.25596
9.41402
9.41291
9.50952
9.61416
9.51328
9.6038
9.17331
9.14422
9.34133
9.33089
9.43952
9.55339
9.54473
9.37152
6.69987
7.9442
7.39306
7.99807
7.99807
7.99807
7.99807
8.50353
8.77769
8.71342
8.71342
8.71342
8.71342
8.53998
8.53998
8.53998
8.53998
9.1753
9.33616
9.33801
9.14896
9.49431
9.70245
9.70746
9.6644
9.91904
9.81045
9.89725
9.85904
10.0842
9.98822
10.0502
10.0306
10.2469
10.1411
10.2128
10.1976
10.5089
10.3735
10.4752
10.4396
10.7533
10.6345
10.7037
10.7036
10.8057
10.7594
10.7573
10.8142
10.6305
10.6869
10.6303
10.7016
10.6934
10.4664
10.3737
10.2904
8.82191
8.22504
8.22504
8.61043
8.61043
10.0787
10.1038
10.1454
9.9499
10.1056
10.0287
7.29134
7.3242
8.64829
7.97649
8.18112
8.18112
8.18112
8.18112
8.47109
8.47109
8.47109
8.47109
8.10514
7.38474
7.55929
7.68984
8.02873
8.10514
8.10514
8.6403
8.10929
8.22804
8.16555
8.74707
8.61149
8.6802
9.45222
8.76573
8.85758
8.85758
8.85758
8.85758
9.0471
8.74707
8.71008
9.09613
8.82203
9.10495
8.91797
8.74707
9.10358
9.48038
9.46616
9.11228
8.95814
9.11679
9.11833
9.49131
9.55693
9.37521
9.44447
9.53546
9.00944
9.32443
9.02768
9.24597
9.41242
9.41168
9.25565
9.61367
9.51322
9.51038
9.603
9.76525
9.79848
9.69708
9.82184
9.72124
9.74032
9.70661
9.75856
9.95266
9.97958
9.9017
9.99951
10.1139
10.1195
10.0639
10.1567
10.3013
10.3391
10.2408
10.3682
10.5798
10.6064
10.5105
10.6442
10.7853
10.7555
10.7206
10.8097
10.7848
10.7044
10.7502
10.7518
10.5052
10.56
10.5664
10.4806
10.6532
10.1533
10.093
9.37691
9.37691
9.37691
9.88384
10.1947
9.98591
9.6353
10.3374
10.3908
10.4628
10.3864
9.9902
10.0733
10.0209
10.0221
9.9705
9.87055
9.90244
9.72143
9.70678
9.74074
9.75885
9.79247
9.87168
9.81359
9.84898
9.49171
9.65775
9.70259
9.70498
9.76519
9.79532
9.81795
9.69529
9.92515
9.90295
9.94834
9.87956
9.90901
9.80954
9.86444
9.89481
9.95399
9.97822
9.99748
9.89605
10.0815
9.98874
10.0374
10.0468
10.112
10.1216
10.1548
10.0636
10.2466
10.1414
10.1987
10.2132
10.3031
10.3388
10.3678
10.241
10.5079
10.3732
10.4396
10.4746
10.5776
10.6065
10.642
10.51
10.7519
10.6347
10.7001
10.7046
10.7853
10.7556
10.8093
10.7214
10.8066
10.7589
10.816
10.7541
10.7899
10.7033
10.7501
10.7469
10.5079
10.5578
10.6247
10.5816
10.6289
10.6838
10.7089
10.6339
10.5095
10.4751
10.5606
10.5694
6.3848
7.12929
7.07583
5.88349
7.23286
6.73455
5.89614
6.87032
7.21798
6.82783
6.82783
7.15953
7.09471
7.23047
7.00032
7.21798
6.55649
7.03788
7.268
7.268
6.82545
6.91462
7.15953
7.23645
7.23645
6.82563
6.69667
7.0561
7.12631
6.55897
7.22072
7.22072
7.04056
6.82614
7.26948
7.26948
6.91595
6.69749
7.05669
7.12723
7.16391
7.16391
7.2406
7.2406
6.82949
7.2937
7.32633
7.13136
6.38723
7.07839
7.2336
5.88294
6.73613
5.89885
6.61553
6.8728
7.09819
7.23343
7.00311
7.8179
8.09217
7.82422
7.82422
7.82422
7.8179
7.7456
7.69081
7.7456
7.43343
7.7456
7.72771
8.03155
7.72353
7.40382
7.40171
7.22083
8.16393
8.16393
8.30369
8.41742
8.42961
8.62301
8.41742
8.30369
8.10461
8.31446
8.67639
8.67639
7.42718
7.58954
7.76247
8.03449
7.55902
7.8686
8.61865
8.27675
8.48849
8.17636
8.34494
8.35833
7.0048
7.42948
7.30318
8.82288
8.83842
8.69163
8.85497
8.86689
8.86689
8.86689
8.7349
8.64237
8.94553
8.751
8.9021
8.52004
8.80676
9.14967
9.00151
9.05503
8.95784
9.02218
9.03649
9.96117
9.9155
9.87495
9.93197
10.0541
9.98884
10.4822
10.3544
10.3971
10.2911
10.5638
10.3457
10.4935
10.1356
10.0394
9.76289
10.1856
10.2416
10.1393
9.83544
9.83544
9.83544
9.79638
9.93521
9.6373
9.1933
9.20723
9.2485
9.20176
9.3492
9.31427
9.50464
9.45215
9.47608
9.39248
9.52453
9.42718
8.22804
8.61149
9.79178
9.87175
9.84853
9.81321
9.92394
9.90183
9.87775
9.94919
10.5075
10.626
10.559
10.5813
10.1045
9.94987
10.0286
10.0786
10.1038
10.1454
7.58752
7.42683
7.76355
7.55789
8.03719
7.86949
8.94685
8.64715
8.75719
8.52092
8.90767
8.81059
9.21099
9.19073
9.25247
9.20374
9.35065
9.31175
9.57756
9.55558
9.58415
9.60554
9.65181
9.62169
9.86253
9.79744
9.822
9.85961
9.85799
9.83457
10.0164
9.96776
9.98615
10.0168
10.023
9.99943
10.1618
10.1155
10.1394
10.1924
10.1879
10.1642
10.4057
10.3535
10.3884
10.4645
10.4428
10.4289
10.6626
10.6409
10.6734
10.7256
10.6844
10.6961
10.7619
10.8078
10.8195
10.8185
10.7633
10.8182
10.663
10.7596
10.7268
10.6635
10.6332
10.7089
10.35
10.4819
10.3962
10.5603
10.2906
10.3452
8.27515
8.62316
8.49227
8.34471
8.17908
8.36209
7.42585
7.00387
7.29951
7.82059
7.74405
7.43289
7.68984
7.74405
7.74087
7.40089
7.74087
7.74087
7.82059
7.40923
7.72226
7.72291
8.0295
7.81229
7.82059
8.09303
8.42901
8.41829
8.624
8.31392
8.30529
8.10416
8.36187
8.16555
8.36187
8.47049
8.6802
8.47049
9.00275
9.16115
9.04791
9.02392
8.95798
9.04038
8.87161
8.83818
8.82413
8.69453
8.85901
8.73555
8.87161
9.4536
9.51214
9.46076
9.52809
9.39317
9.43581
9.16372
9.08139
9.75145
9.77362
9.75112
9.68941
9.74381
9.71663
9.94936
9.94522
9.92532
9.88166
9.93667
9.9012
10.101
10.0937
10.0733
10.0356
10.0833
10.0541
10.3055
10.3157
10.2851
10.222
10.2719
10.2537
10.5747
10.6113
10.5765
10.504
10.5436
10.5408
10.7463
10.8012
10.7822
10.7456
10.7359
10.7696
10.7248
10.7756
10.7946
10.8148
10.7379
10.807
10.5529
10.4976
10.5589
10.56
10.644
10.5888
10.491
10.134
10.2385
10.1843
10.1381
10.0367
9.76013
9.83315
9.83315
9.83315
9.95983
9.91467
9.87422
10.0536
9.93056
9.98782
9.6353
9.79527
9.93469
9.55679
9.57482
9.5824
9.60322
9.65085
9.62114
9.77262
9.74976
9.75075
9.68885
9.7414
9.71593
9.79828
9.85675
9.82009
9.86156
9.86086
9.83765
9.94184
9.9446
9.92547
9.88291
9.932
9.90281
9.96477
10.0155
9.98027
10.0193
10.0253
10.0043
10.0909
10.0994
10.0726
10.0389
10.0813
10.0493
10.1145
10.1625
10.1388
10.1929
10.1882
10.1646
10.3168
10.3053
10.287
10.2238
10.2718
10.2549
10.3549
10.4052
10.3894
10.4652
10.4423
10.4297
10.6111
10.5749
10.576
10.5042
10.5431
10.5411
10.6401
10.6632
10.6729
10.7254
10.6853
10.696
10.8025
10.7467
10.7832
10.7461
10.7366
10.7702
10.8092
10.7606
10.8212
10.8202
10.7606
10.8191
10.7775
10.7192
10.791
10.813
10.7345
10.8061
10.7543
10.6669
10.7287
10.6656
10.6345
10.7026
10.498
10.5576
10.5517
10.5654
10.6409
10.5878
10.0926
10.0668
10.1083
10.0438
10.2553
10.2227
10.2701
10.2075
10.5285
10.458
10.5293
10.4555
10.7819
10.7196
10.7675
10.7284
10.8525
10.8353
10.8283
10.8581
10.6957
10.7239
10.6537
10.762
8.95548
8.95814
9.96339
10.0305
10.0052
9.98891
10.0837
10.0669
10.0464
10.1074
10.1236
10.1796
10.1594
10.1415
10.255
10.2225
10.2054
10.2703
10.3146
10.3886
10.3789
10.3275
10.525
10.4598
10.4535
10.5295
10.5992
10.6639
10.6685
10.5979
10.7852
10.7231
10.7314
10.7719
10.8152
10.8254
10.8484
10.7984
10.8531
10.8351
10.8588
10.8286
10.8364
10.7699
10.806
10.807
10.6963
10.7239
10.7611
10.6534
9.9617
10.0303
9.98841
10.0081
10.1182
10.1795
10.1407
10.1594
10.3157
10.3875
10.3265
10.3796
10.5997
10.6629
10.5955
10.6699
10.8154
10.8251
10.7991
10.8477
10.8382
10.77
10.8066
10.8047
8.91049
9.1031
8.91049
8.88464
9.07852
8.89812
9.48956
9.11564
9.48956
9.46519
9.09742
9.47877
9.6373
9.6373
8.91797
8.89805
8.88407
9.0804
8.90996
9.10495
8.91797
9.48038
9.46616
9.09814
9.49131
9.11679
9.49131
9.6353
9.6353
7.222
5.03699
7.222
7.222
7.222
5.76786
7.30243
7.30243
5.34927
5.80792
7.22841
7.30304
7.30304
5.3498
5.03933
9.44806
10.9205
10.9205
9.33775
9.36549
9.37935
9.37118
9.50694
9.54258
9.5216
9.29978
9.30706
9.52659
9.52175
9.52254
9.69936
9.69376
9.69839
9.79048
9.79228
9.79108
9.8705
9.87329
9.8719
9.971
9.97198
9.97116
10.0364
10.0376
10.0366
10.1259
10.1267
10.1257
10.2043
10.2048
10.204
10.3633
10.3637
10.363
10.472
10.4719
10.4714
10.6424
10.6413
10.6413
10.7217
10.7198
10.7201
10.7916
10.7885
10.7896
10.7946
10.7912
10.7925
10.7243
10.7213
10.7225
10.5921
10.6195
10.6038
5.80792
8.02857
5.03933
5.24708
5.24708
7.25604
7.39978
7.50083
5.3498
5.43628
5.43628
9.79017
9.79123
9.79041
9.70158
9.69389
9.69884
9.52405
9.51905
9.51998
9.69774
9.692
9.69669
9.96284
9.96421
9.96323
9.87619
9.87779
9.87684
9.79034
9.79204
9.79088
9.8703
9.87279
9.87155
10.1082
10.1091
10.1082
10.0469
10.0479
10.0469
9.96976
9.97096
9.97007
10.0354
10.0365
10.0356
10.3295
10.33
10.3292
10.2308
10.2312
10.2304
10.1259
10.1267
10.1257
10.2046
10.2052
10.2044
10.6115
10.6107
10.6106
10.5078
10.5076
10.5072
10.3641
10.3644
10.3636
10.472
10.4718
10.4713
10.7853
10.7824
10.7833
10.7418
10.7398
10.7402
10.6424
10.6414
10.6414
10.7223
10.7205
10.7208
10.7489
10.7444
10.7462
10.7899
10.7858
10.7874
10.793
10.7897
10.7908
10.7957
10.7918
10.7932
10.4399
10.4399
10.6109
10.5929
10.6024
10.7219
10.7189
10.7201
10.5908
10.6185
10.6028
5.76786
5.24464
5.24464
7.2539
7.39923
7.49998
5.34927
5.43545
5.43545
7.22638
7.22638
7.37737
7.37737
7.22841
7.22841
7.37822
7.37822
10.6222
9.87167
9.88285
9.87976
9.79638
9.80782
9.80439
9.3271
9.30855
9.28552
9.2697
9.50017
9.48568
9.45293
9.45848
9.60446
9.59652
9.60074
9.5938
9.58819
9.59223
9.84066
9.84275
9.8414
9.83288
9.83482
9.83385
10.002
10.0033
10.0023
10.0086
10.0097
10.0088
10.1521
10.1527
10.1518
10.1747
10.1753
10.1744
10.3993
10.3995
10.3988
10.4357
10.4358
10.4352
10.6724
10.671
10.6711
10.6981
10.6964
10.6967
10.796
10.7927
10.7939
10.798
10.7947
10.7959
10.6846
10.6831
10.6841
10.6873
10.6796
10.6825
9.74351
9.74405
9.74357
9.75167
9.74944
9.75018
9.60185
9.59386
9.59813
9.5924
9.58661
9.59074
9.92422
9.9256
9.92461
9.91552
9.91702
9.91604
9.83884
9.84061
9.83939
9.83426
9.83599
9.83511
10.0835
10.0844
10.0835
10.071
10.072
10.0711
10
10.0015
10.0005
10.0088
10.01
10.009
10.294
10.2945
10.2937
10.2633
10.2638
10.263
10.1527
10.1533
10.1524
10.1752
10.1757
10.1748
10.5777
10.5771
10.5769
10.5434
10.543
10.5427
10.3998
10.3999
10.3993
10.4361
10.4362
10.4355
10.7735
10.7709
10.7717
10.7598
10.7575
10.7581
10.6726
10.6713
10.6714
10.6985
10.6969
10.6971
10.7614
10.7576
10.7592
10.7795
10.7754
10.7769
10.7975
10.794
10.7953
10.7991
10.7954
10.7967
10.5439
10.5342
10.5511
10.5511
10.5526
10.6835
10.6824
10.6832
10.6848
10.6776
10.6804
9.90386
9.91334
9.45201
9.00944
10.9172
10.9172
9.97137
9.51112
9.54705
9.52589
9.02768
9.9705
9.7925
9.79361
9.79278
9.70347
9.69574
9.70067
9.96464
9.96594
9.96498
9.87652
9.87846
9.87734
10.1079
10.1087
10.1078
10.0467
10.0478
10.0468
10.3286
10.3292
10.3284
10.2304
10.2308
10.23
10.6118
10.6109
10.6108
10.5078
10.5077
10.5072
10.7839
10.7811
10.7819
10.7411
10.739
10.7394
10.7492
10.7449
10.7467
10.7897
10.786
10.7875
10.4383
10.4383
10.6132
10.5945
10.6042
9.87055
9.88171
9.87865
9.90244
9.912
9.93521
9.94397
9.94175
10.6198
9.50354
9.48868
9.45323
9.45937
9.74482
9.74536
9.74489
9.75442
9.75208
9.75283
9.9259
9.92744
9.92637
9.91656
9.91834
9.91725
10.0843
10.0852
10.0842
10.0715
10.0725
10.0716
10.2931
10.2938
10.2929
10.2624
10.263
10.2622
10.5778
10.5771
10.5769
10.5439
10.5435
10.5431
10.7723
10.7698
10.7705
10.7588
10.7565
10.7571
10.7629
10.7595
10.761
10.7788
10.7752
10.7766
10.5443
10.5341
10.5521
10.5521
10.5529
9.79527
9.80673
9.80332
9.93469
9.94343
9.94124
)
;
    }
    procBoundary6to7
    {
        type            processor;
        value           nonuniform List<scalar> 
660
(
2.04559
0.818588
0.809239
2.0329
12.3136
12.2953
12.1531
12.098
12.4073
12.4862
11.9408
12.125
11.898
12.1598
12.0297
11.9378
11.9853
-0.00925961
-0.00925961
-0.00925961
-0.00925961
-0.375104
0.262477
0.262477
0.262477
-0.680608
12.2953
12.245
12.7051
12.322
12.2819
12.691
12.6081
12.6081
12.621
12.621
-0.177615
-0.528025
-1.28514
-0.912059
-0.441705
-0.841557
-1.06598
-0.805182
-0.71983
-1.22389
-1.08
-1.03534
-0.764992
-0.828547
-0.74533
-0.272239
-0.179638
0.10433
-0.18479
-0.699571
0.489891
-0.971157
12.7087
12.325
12.6961
12.2848
12.6104
12.6104
12.6248
12.6248
12.3086
12.291
12.1507
12.0958
12.406
11.9385
12.485
12.1271
11.8964
12.0281
11.9343
11.9813
12.1588
12.291
12.2443
-1.28641
-1.10187
-0.501182
-0.0372223
-0.913052
-1.14704
-0.866194
-0.77206
-1.14958
0.870934
3.77867
4.01853
2.97799
3.92788
1.72507
0.711027
1.79519
8.94566
9.30627
8.95735
8.01633
9.28436
7.98876
7.96747
8.43152
11.1665
11.2096
11.1899
10.7588
11.1287
10.773
10.8192
10.8936
12.5501
12.6145
12.2726
12.1736
12.6364
12.7091
12.2695
12.283
12.5492
12.2684
12.6132
12.1731
12.6345
12.7068
12.2657
12.2826
-1.3379
-0.972055
-0.190972
-0.564284
-0.250829
-1.03301
-0.867056
-0.909976
-0.79703
-0.288472
0.125029
-0.256668
-0.779791
0.463847
-0.39167
0.247418
0.247418
0.247418
-0.0372223
-0.0372223
-0.0372223
-0.719411
5.405
5.03171
5.861
7.27019
5.07719
6.88104
7.31525
6.68729
9.68039
9.73209
9.98176
10.4691
9.75128
10.2708
10.5021
10.3414
11.7084
11.7842
11.7496
11.7329
11.5423
11.4818
11.4939
11.3805
11.9853
11.9329
11.9378
12.098
12.1531
12.131
0.891658
1.75496
0.758877
1.83685
1.8914
3.82022
4.00567
2.95335
3.91976
5.43587
4.99977
5.8411
7.23465
6.89876
7.29716
6.66501
5.03439
8.95839
9.3015
8.9537
7.98109
7.98604
7.95678
8.42029
9.28064
9.67442
9.73543
9.9834
10.4755
10.2871
10.5123
10.3502
9.75392
11.1707
11.2082
11.1867
10.7584
10.7676
10.817
10.8976
11.1316
11.7074
11.7848
11.7455
11.7293
11.5398
11.4777
11.4897
11.3802
12.5095
12.4073
12.3919
12.3087
12.2162
12.4041
12.6406
12.6961
12.5492
12.7164
12.6345
12.7053
-0.218425
-0.475169
-1.23715
-0.872469
-1.12403
-1.27918
-1.14295
-1.06598
-0.841557
-1.14654
-0.699571
-0.18479
-0.46217
-0.74533
-0.828547
-0.824706
12.6423
12.5501
12.6992
12.7193
12.6364
12.7097
11.9813
11.9343
11.9308
12.0958
12.1507
12.1295
12.5085
12.3882
12.406
12.3076
12.2147
12.4039
-1.1963
-1.19336
-1.3483
-1.20997
-1.14704
-0.913052
1.79519
1.76268
0.711027
2.97799
3.06853
4.01853
8.43152
8.40208
7.96747
8.95735
9.30627
8.99231
10.8936
10.8287
10.8192
11.1899
11.2096
11.0795
-1.30125
-0.931731
-0.233915
-0.505236
-0.511454
-0.779791
-0.256668
-0.881979
-0.79703
-0.909976
6.68729
6.72885
7.31525
5.861
5.03171
5.7726
10.3414
10.3311
10.5021
9.98176
9.73209
9.96217
11.7496
11.7329
11.6569
11.4939
11.4284
11.4818
0.758877
1.83685
1.82269
2.95335
3.06415
4.00567
6.66501
7.29716
6.68378
5.8411
4.99977
5.73047
8.42029
7.95678
8.38334
8.9537
9.3015
8.98139
10.3502
10.5123
10.3416
9.9834
9.73543
9.96774
10.8976
10.817
10.8338
11.1867
11.2082
11.0801
11.7455
11.7293
11.6561
11.4897
11.4285
11.4777
1.8914
1.8914
4.10786
3.92923
4.10786
4.10786
4.10786
9.05494
8.0716
9.05755
8.0779
11.3875
11.0009
11.4194
10.9686
-0.272239
-0.0223815
0.489891
-0.0408049
0.463847
-0.288472
0.463847
2.0329
2.0329
3.90018
1.90566
4.02103
5.46691
6.97963
6.95486
5.51877
9.03688
8.06601
8.07459
9.05167
9.80769
10.4576
10.4274
9.81709
11.3847
11.0037
10.9724
11.4186
12.0516
12.0082
11.7802
11.8144
-0.0113596
0.0253753
-0.390044
-0.273507
-0.317324
-0.689407
5.48244
6.98619
5.5255
6.96288
9.80406
10.4569
9.814
10.433
12.0534
12.0108
11.7809
11.8154
-0.71983
-0.805182
-0.967947
-0.77206
-1.02702
-0.866194
0.0110183
-0.026582
-0.408011
-0.296321
-0.72486
-0.348786
11.944
11.944
0.176306
0.152013
0.134137
-0.800981
-0.816112
0.988333
0.974052
0.953302
3.93116
3.9361
3.92341
8.00422
8.00364
8.00058
9.27963
9.28047
9.2782
10.779
10.7771
10.7771
11.1942
11.1907
11.1921
12.0014
7.26743
7.26506
7.26211
4.96783
4.97746
4.9656
10.489
10.4887
10.488
9.72872
9.73062
9.72824
11.6977
11.7158
11.4262
11.4244
11.4253
12.4051
12.7109
12.7082
12.6518
12.6495
12.6526
12.723
12.7228
12.7242
-0.53965
-0.548152
-0.546895
-0.574231
-0.581834
-0.580902
-0.886449
-0.896055
-1.27349
-0.321667
-0.298277
-0.339235
-0.604224
-0.652265
12.7139
12.7112
12.6536
12.6512
12.6544
12.726
12.7258
12.7272
12.4015
1.85417
1.84608
1.83
2.99617
3.00058
2.98493
8.41342
8.41234
8.41002
8.96602
8.96722
8.96426
10.8776
10.8742
10.875
11.13
11.1262
11.1272
-0.551652
-0.560483
-0.559089
-0.927035
-0.936922
6.67903
6.67979
6.67472
5.75428
5.75748
5.75023
10.3275
10.3289
10.3272
9.9606
9.96175
9.96013
11.7106
11.7036
11.708
11.4864
11.4841
11.4856
-0.943589
11.9418
11.9418
-1.03081
0.0918521
0.0679254
0.0490591
-0.887361
-0.900901
1.03109
1.01609
0.996016
3.91832
3.9222
3.90939
7.97378
7.97322
7.97
9.27512
9.27614
9.27391
10.7802
10.7782
10.7782
11.1958
11.1924
11.1938
7.3017
7.29939
7.29675
5.0076
5.0186
5.00713
10.4843
10.484
10.4833
9.7276
9.72925
9.72686
11.6994
11.7175
11.4273
11.4255
11.4264
11.9981
-0.400981
-0.37437
-0.417832
-0.689713
-0.736962
12.7109
12.7108
12.7123
-0.842855
-0.851504
-0.84991
12.7153
12.7153
12.7168
1.90251
1.89362
1.87765
2.98587
2.9895
2.97376
8.39561
8.39489
8.39243
8.95683
8.95824
8.95528
10.8815
10.8781
10.8789
11.1297
11.126
11.1269
6.72247
6.72281
6.7183
5.79778
5.80039
5.79402
10.3227
10.3238
10.3221
9.95819
9.95904
9.95743
11.7124
11.7053
11.7098
11.4869
11.4846
11.4861
-1.3329
-0.588672
-0.59663
-0.595514
-0.877801
-0.886277
-0.884852
)
;
    }
}


// ************************************************************************* //
