/*--------------------------------*- C++ -*----------------------------------*\
| =========                 |                                                 |
| \\      /  F ield         | OpenFOAM: The Open Source CFD Toolbox           |
|  \\    /   O peration     | Version:  2312                                  |
|   \\  /    A nd           | Website:  www.openfoam.com                      |
|    \\/     M anipulation  |                                                 |
\*---------------------------------------------------------------------------*/
FoamFile
{
    version     2.0;
    format      ascii;
    arch        "LSB;label=32;scalar=64";
    class       volScalarField;
    location    "0.79995";
    object      p;
}
// * * * * * * * * * * * * * * * * * * * * * * * * * * * * * * * * * * * * * //

dimensions      [0 2 -2 0 0 0 0];

internalField   nonuniform List<scalar> 
23065
(
20.5876
20.7034
11.3627
11.1744
16.5825
19.4199
19.9322
20.0412
20.1456
20.3993
20.5348
20.6084
20.7182
21.0344
11.0995
11.1375
11.0998
19.0266
18.9366
18.9349
19.4269
19.8247
20.1035
20.3435
20.5681
20.7469
20.7466
20.8722
10.3815
10.6375
10.7387
10.8028
10.8688
20.7276
20.6975
11.1422
11.1229
15.5181
18.6579
19.6031
20.0201
20.3026
20.4209
20.5801
20.7498
21.1947
22.4268
10.8555
10.9573
10.9554
18.0408
18.4451
18.9973
19.4218
19.7372
19.9838
20.2141
20.4963
20.9204
21.4822
21.9156
9.62632
10.0404
10.3875
10.6013
10.7037
20.7468
20.7351
19.836
19.1995
19.1364
15.5183
18.4272
18.0976
18.3686
18.9538
18.0404
18.2938
20.7122
20.6304
20.7351
20.7473
11.0787
11.1638
11.1128
11.1886
18.5903
19.6371
18.5947
19.9
19.8976
19.9877
19.894
20.1806
20.0296
20.1247
20.1612
20.239
20.1877
20.2253
20.273
20.4259
20.2847
20.3942
20.7326
20.4563
20.5724
20.4718
20.4366
20.5151
20.8256
20.7724
21.0801
20.7038
20.7836
20.6416
20.7497
21.1937
21.7812
20.7966
21.0125
21.7841
21.0208
10.8961
11.0929
10.9839
10.9953
11.1265
11.125
11.1038
10.993
11.0028
11.3654
11.1998
11.1327
11.1105
18.4268
18.0981
18.369
16.581
19.837
19.201
19.1388
21.8475
22.2701
21.0377
20.8124
20.9661
22.6003
21.0527
10.1752
10.6208
10.8078
10.2256
10.4531
11.0906
10.6973
10.7631
18.294
19.0282
18.9571
22.088
20.8788
20.5314
9.95248
10.3698
10.6335
11.1592
11.0778
11.1852
11.1124
20.6966
20.6032
20.7278
20.5877
20.649
20.5446
20.6205
20.6304
20.7121
11.2049
11.1767
11.3647
11.325
19.636
18.5902
19.8976
19.987
18.5948
19.9001
20.0292
20.1241
19.8941
20.1805
20.1872
20.2251
20.161
20.2387
20.2847
20.3942
20.2728
20.4262
20.4722
20.4364
20.5153
20.7325
20.4565
20.5727
20.649
20.5444
20.6214
20.7275
20.6967
20.6033
20.7283
20.7831
20.6402
20.7502
20.6977
20.8249
20.7724
21.0793
20.7944
21.0096
21.1933
21.7806
21.0176
21.7834
11.0938
10.9002
11.1281
11.1192
10.9933
10.9973
11.1933
11.1256
11.0991
11.147
11.1032
10.9941
11.0034
11.0932
11.1214
10.9952
18.6034
20.4489
19.7615
16.0495
19.6126
19.5826
17.9133
19.8958
19.1197
19.0837
18.658
19.7043
18.5251
19.0179
19.994
19.1268
19.524
19.6029
19.9246
19.1651
19.5265
20.0919
19.5802
19.9008
20.0201
20.2327
19.6189
19.8453
20.3477
19.9423
20.1759
20.3024
20.3955
19.9087
20.0916
20.5108
20.2033
20.4062
20.4215
20.5575
20.1483
20.328
20.5926
20.4342
20.6162
20.5801
20.7006
20.3735
20.5861
20.6936
20.6402
20.7844
20.7498
21.0334
20.6665
21.0001
20.9726
20.7995
20.8038
21.1949
21.884
21.1365
21.6684
20.8071
20.9579
22.426
21.8455
22.2686
21.0451
22.5982
10.6343
10.1772
11.0931
10.7138
10.7776
10.8071
10.2329
10.465
11.1361
10.7968
10.8292
10.8576
10.9363
10.5435
10.6681
11.1075
10.8445
10.8762
10.9561
10.9605
10.7018
10.7496
10.882
10.9535
10.7568
19.0089
18.3751
18.4394
18.8901
18.4458
18.8679
19.3666
18.9918
19.3296
19.7814
19.4217
19.6635
20.0743
19.7382
19.9244
20.3156
19.9862
20.159
20.5419
20.2141
20.4173
20.7321
20.4979
20.7995
20.7523
20.9206
21.3447
20.8295
21.4815
21.8126
20.5339
21.9157
22.0872
10.65
9.63226
9.95672
10.7169
10.0269
10.333
10.7931
10.3879
10.5624
10.8615
10.6039
10.6875
10.706
11.1273
11.2068
11.2276
11.1309
20.1026
20.3471
20.1746
20.3412
20.4234
20.1155
20.4366
20.5212
20.6829
20.3591
20.7233
20.6798
20.5694
20.5995
20.5475
20.572
20.7214
20.6262
20.6975
20.7354
20.6592
20.7613
20.6556
20.6044
20.9145
20.6751
21.113
20.8414
11.0513
11.0051
11.0423
11.1058
11.0686
10.9146
11.0204
10.9957
11.1812
11.1082
18.1781
18.7016
17.7322
14.7736
18.0526
19.0567
18.5419
19.7047
18.5253
19.0182
19.4197
19.8963
19.1224
19.0876
19.9252
19.1658
19.5272
19.9327
19.9949
19.1308
19.5258
20.2329
19.6186
19.8461
20.042
20.0923
19.5817
19.9002
20.3953
19.9088
20.0921
20.1458
20.3469
19.9416
20.1749
20.557
20.1448
20.3269
20.3988
20.5104
20.2022
20.4047
20.6989
20.3736
20.5845
20.5348
20.5896
20.4328
20.6141
21.0338
20.6667
20.999
20.6093
20.6913
20.6384
20.7804
21.8854
21.1352
21.6689
20.7201
20.9752
20.8043
20.7931
21.9883
22.5923
22.1729
21.9159
22.7233
21.873
21.6014
10.4832
10.5655
10.6585
10.4411
10.9357
10.5379
10.6614
11.0966
11.134
10.7709
10.8214
10.9617
10.6979
10.7486
11.1376
11.0999
10.8319
10.8771
10.7564
11.1023
10.8802
18.0619
18.2314
18.2654
18.8701
18.9402
18.8955
19.3267
18.9404
19.3693
19.6637
19.4289
19.7804
19.926
19.8237
20.073
20.1591
20.1022
20.3132
20.4176
20.3408
20.5374
20.7991
20.5638
20.7257
21.3448
20.7448
20.738
21.8119
20.7483
20.8398
9.88712
9.45086
9.66959
10.3249
10.6208
10.7132
10.5578
10.7228
10.7766
10.6852
10.7897
10.8532
10.8683
20.7289
20.6336
20.6274
20.7309
20.6647
20.7086
20.7372
20.7229
20.7895
20.7939
18.8811
18.3871
19.591
19.126
19.4525
18.5795
18.9926
18.8007
19.5174
19.1838
18.4612
19.47
18.49
18.5378
18.9433
19.4397
19.1581
18.7203
19.3637
19.1115
18.6502
18.1799
14.7765
18.7017
17.7321
19.0461
18.5422
18.0525
18.4173
18.8519
17.7283
18.3936
18.3802
18.622
18.1491
18.4096
18.311
18.0572
18.1379
18.3032
18.3446
18.0856
18.9843
18.5849
18.501
18.2307
18.0614
18.2646
20.7214
20.5958
20.7216
20.6508
20.6353
20.5554
20.5239
20.5793
20.6656
20.5729
20.7373
20.7085
20.723
20.7896
20.7942
20.6335
20.7293
20.6273
20.7314
20.6646
11.1309
11.0372
11.0697
11.1971
11.0663
10.9831
11.0963
11.1734
11.2611
11.031
11.1148
11.2041
11.1583
11.3147
11.0937
11.2236
11.1033
11.1858
11.1209
11.1777
11.1049
11.1012
11.1351
11.1131
11.094
11.3696
11.2112
11.3284
11.1856
11.0417
11.3207
11.3289
11.1734
11.1224
11.1065
11.192
11.138
11.2623
11.0704
11.179
11.1467
11.1319
11.0632
11.1861
18.4037
18.7533
17.8981
19.1773
18.6379
19.8044
19.6981
19.6907
18.8383
19.1145
19.3246
19.214
19.709
19.3143
20.0573
19.647
19.6793
19.9458
20.0065
20.1975
19.9702
19.9308
20.2522
19.9796
20.0847
20.2243
20.1762
20.1038
20.0284
20.0153
20.1337
20.0659
20.3851
20.0982
20.0197
20.1586
20.1781
20.2576
20.0921
20.3736
20.3382
20.114
20.0954
20.2063
20.2703
20.0673
20.3182
20.0351
20.1478
20.059
20.2963
20.2018
20.0755
20.2341
20.0165
20.0709
20.157
20.0718
20.164
20.0355
20.1613
20.2261
20.1593
20.1518
20.1694
20.1812
20.1649
20.1516
20.1552
20.1621
20.1581
20.1183
20.248
20.1491
20.163
20.2671
20.1958
20.5482
20.3946
20.3251
20.2074
20.3068
20.317
20.1014
20.3294
20.084
20.1272
20.1737
20.4206
20.1558
20.2526
20.1848
20.3091
20.2258
20.3589
20.2137
20.1817
20.2598
20.309
20.1661
20.193
20.2222
20.2203
20.2614
20.3271
20.3665
20.2582
20.2209
20.3229
20.454
20.6661
20.5446
20.6385
20.5174
20.3601
20.4192
20.2563
20.4032
20.3857
20.4725
20.4861
20.4647
20.505
20.3372
20.3064
20.4237
20.4533
20.294
20.348
20.4033
20.3693
20.4145
20.4773
20.486
20.4222
20.3849
20.4727
20.6324
20.7689
20.8955
20.7571
20.7952
20.7004
20.6779
20.6038
20.6157
20.7168
20.6675
20.6491
20.5839
20.7263
20.6305
20.6287
20.7054
20.7906
20.5784
20.6269
20.7334
20.5601
20.53
20.6337
20.6694
20.5277
20.5502
20.6793
20.5813
20.6097
20.7622
20.6973
20.6216
20.5632
20.7082
21.0679
21.6408
21.3749
21.3811
21.1099
20.5722
20.8113
20.5688
20.8413
20.6506
20.6653
20.7956
20.8764
20.634
20.725
20.8456
20.5987
20.681
20.9298
20.7453
20.7973
21.4635
20.6792
10.8004
11.0953
11.0152
11.1142
11.094
10.9882
10.8531
10.9498
10.8861
10.9864
10.9206
10.9831
11.0385
10.9565
10.9623
11.0359
11.013
10.9436
11.2858
11.1897
11.309
11.2197
11.0879
11.1816
11.1217
10.9358
11.119
11.199
10.9826
11.194
11.1645
11.0649
11.0095
11.1879
11.0825
11.3178
11.1805
11.1811
11.1066
11.01
11.1012
11.0491
11.1241
11.1818
11.1413
11.1105
11.0457
11.1644
11.0857
10.9905
11.2084
11.1322
11.0762
10.9863
11.1699
11.0712
10.9628
11.1655
11.135
11.0565
10.9768
11.177
18.4173
17.728
18.3931
18.8508
18.1495
18.3685
18.6211
18.4105
18.0575
18.1385
18.3107
18.0859
18.3035
18.3441
18.6038
16.0495
20.4462
19.7618
19.5831
17.9139
19.6131
18.8815
19.1262
18.3873
19.5918
18.5793
18.9932
19.4531
18.8022
18.4626
19.518
19.1854
18.4911
18.5389
19.4708
18.9446
18.7219
19.4408
19.1598
19.113
18.6521
19.3645
21.981
22.739
22.1739
22.2781
21.1252
20.7776
21.1135
20.972
20.9056
20.9461
21.0987
20.7292
21.1485
21.0466
21.1591
21.0553
20.9584
20.8619
20.8215
20.9275
21.0564
21.0013
21.1537
21.2222
21.1862
20.8776
21.1021
21.2051
21.0943
22.9338
22.2063
22.3103
22.653
22.1255
22.0391
22.0142
21.4978
21.226
21.1253
21.3467
21.1449
21.1165
21.0553
9.9541
9.71957
10.4388
10.0951
10.1412
10.2762
9.86292
10.5022
10.268
10.3867
10.8052
10.5513
10.6241
10.4335
10.6767
10.7665
10.6899
10.7096
10.6732
10.7852
10.6888
10.4771
10.4
10.3157
10.1796
10.48
10.3156
10.3217
10.9342
10.9167
10.8637
10.9256
10.753
10.9121
11.1733
10.9273
11.0905
10.8104
10.9389
10.6585
10.4287
10.8396
10.697
10.7103
10.4982
10.9171
10.693
10.5628
10.962
10.7193
10.7508
10.5266
10.9616
18.3771
19.0108
18.4425
18.5881
18.9865
18.5044
22.4772
22.0231
22.532
21.1633
21.0542
21.1243
21.1582
21.1105
21.3998
10.0317
10.4552
10.0356
10.1977
10.486
10.1325
11.1678
11.2603
11.1075
11.1992
11.0243
11.1544
11.3133
11.1344
11.0345
11.0706
11.2015
11.0623
10.9796
11.0941
11.3166
11.1638
11.0383
11.3275
11.186
11.1354
11.1723
11.1155
11.1059
11.2588
11.0631
11.1361
11.1798
11.1453
11.062
11.2094
11.2303
11.1243
11.1272
11.2249
11.1017
11.0894
11.1836
11.1794
11.1041
11.1334
11.1166
11.0979
11.1106
11.0911
20.707
20.7145
20.651
20.6256
20.5887
20.5813
20.712
20.5047
20.6029
20.5537
20.5205
20.4891
20.5236
20.5635
20.5888
20.6882
20.6315
20.5709
20.5652
20.5426
20.6219
20.4435
20.5296
20.4472
20.4851
20.5737
20.4772
20.5517
20.5219
20.603
20.5209
20.496
20.5971
20.4957
20.5902
20.0712
20.1564
20.4204
20.2526
20.1736
20.1554
20.4193
20.4034
20.3604
20.2567
20.6029
20.5537
20.5638
20.5243
20.5049
20.5206
20.4885
20.7166
20.667
20.6159
20.7261
20.6495
20.6037
20.5839
20.8104
20.8405
20.5729
20.5688
11.1751
11.1747
11.0909
11.3191
11.1043
11.0753
11.0043
11.1468
11.123
11.1186
11.0935
11.0146
11.124
11.0303
20.0325
25.9921
21.7855
14.0588
21.0386
21.8992
20.5468
19.7803
19.5955
19.3074
19.0483
19.449
19.7625
19.8528
19.9732
19.8852
19.7221
19.8215
19.8414
19.8754
19.7993
20.0382
20.1183
20.0456
20.0806
20.1282
20.1579
20.0493
20.202
20.2526
20.2661
20.248
20.345
20.266
20.2221
20.449
20.4083
20.464
20.3873
20.4932
20.4199
20.3803
20.5509
20.5542
20.5837
20.4659
20.6338
20.4917
20.5268
20.6293
20.5915
20.6697
20.4864
20.6954
20.527
20.5604
20.8128
20.6889
20.752
20.5956
20.7802
20.6533
20.6522
21.1063
20.9633
21.0919
21.1264
20.7827
20.9074
20.9496
10.9334
10.9385
10.9425
10.8731
11.16
11.0045
10.839
10.9374
11.0142
10.9514
10.8231
11.1208
10.8658
11.0259
10.9542
11.0132
10.9446
10.8773
10.8325
11.0632
11.0118
10.9111
10.9932
10.8925
10.8382
18.77
19.0746
18.9046
18.863
18.9505
18.7562
18.8746
18.6789
18.8916
18.763
19.1223
19.0449
19.1558
19.5968
19.4721
19.5689
19.9376
19.8114
19.8804
20.1941
20.064
20.1205
20.4297
20.2739
20.3252
20.6474
20.4747
20.5236
20.775
20.6672
20.7252
20.7168
20.8413
20.946
21.0506
21.1563
21.1334
10.471
10.038
10.0368
10.6779
10.2881
10.3407
10.7544
10.4487
10.4798
10.8323
10.5619
10.5905
10.8866
10.6705
10.6954
20.5484
20.5437
20.5904
20.5098
20.7302
20.736
20.7029
20.69
20.7458
20.6971
20.6931
20.8208
20.9523
11.0397
11.0353
11.1282
11.1017
11.1317
10.9898
11.0502
17.3339
18.0041
16.3906
15.6126
17.1447
18.1004
16.5821
19.2565
18.6286
19.0576
19.5377
18.8402
19.0759
18.8464
19.7379
19.6832
19.7645
19.8456
19.585
19.7424
19.7189
10.8699
10.7695
10.8491
10.8555
10.7584
10.7749
10.7989
21.866
21.7221
21.707
21.6994
21.8146
9.39997
9.79744
9.59345
9.48363
9.66414
9.64237
9.38503
20.6874
20.7098
20.6967
20.6658
20.6949
20.8013
20.7646
20.7148
20.7491
20.7504
19.6073
19.0259
19.7674
19.9451
19.3701
19.4837
19.8588
19.06
19.2743
19.2504
19.0419
19.333
19.049
19.0579
19.1395
19.1938
19.1432
19.1913
19.189
19.202
19.1361
17.3333
15.6123
18.0042
16.3907
18.0998
16.5817
17.1447
18.5137
18.4918
18.2334
18.7797
18.2993
18.9289
18.3663
18.8575
18.9647
18.8519
19.0047
18.86
18.9099
18.9526
11.2053
11.3068
20.7199
20.7335
20.7326
20.6471
20.6924
20.6632
20.8013
20.7149
20.7645
20.7491
20.7505
20.6878
20.6971
20.7101
20.6952
20.6661
11.1429
11.223
11.174
11.1823
11.1841
11.2301
11.1797
11.2567
11.1846
11.1865
11.2566
11.1794
11.2208
11.1898
11.0956
11.1805
11.1935
11.1821
11.1711
11.1112
11.1602
11.1473
18.1595
18.6908
18.2658
20.0415
19.203
19.6107
18.9117
19.1679
18.7066
18.8347
19.2774
19.6402
19.8537
19.6204
19.914
19.6388
19.6482
19.8665
20.0067
19.9319
19.8662
20.066
19.6975
20.0382
20.0394
19.9954
20.0088
20.0174
20.1437
20.0103
19.8461
19.7936
20.0783
19.8918
19.8815
20.0608
19.7597
20.0467
20.0596
20.0824
20.0588
20.0757
19.9727
20.0525
20.0754
20.2032
20.0183
20.1926
20.187
20.0876
20.0769
20.0725
20.2077
20.1114
20.1603
20.2005
20.0393
20.086
20.131
20.2373
20.1322
20.2469
20.2698
20.1765
20.1089
20.54
20.4974
20.2815
20.4244
20.3573
20.2588
20.3619
20.3382
20.1894
20.2938
20.329
20.1419
20.2987
20.2117
20.2718
20.2675
20.1764
20.1607
20.2866
20.3638
20.3347
20.4034
20.3932
20.3414
20.2707
20.6535
20.714
20.728
20.6823
20.6478
20.7076
20.6713
20.4204
20.4236
20.5009
20.3194
20.4825
20.3784
20.3802
20.3814
20.4407
20.3487
20.3999
20.5229
20.5024
20.5511
20.496
20.5901
20.5197
20.5015
20.3167
20.4164
20.394
20.4245
20.3904
20.3803
20.33
20.4369
20.4867
20.4921
20.5152
20.5012
20.4998
20.4205
20.8911
20.7731
20.8241
20.8917
20.7421
20.9428
20.8498
20.6584
20.671
20.6875
20.7023
20.6923
20.6753
20.6639
20.7156
20.7022
20.6957
20.7542
20.7607
20.6838
20.7228
20.514
20.6066
20.6132
20.643
20.5848
20.6141
20.5376
20.6055
20.6601
20.7337
20.7447
20.6876
20.7189
20.5837
21.009
21.1172
21.442
20.823
21.2388
20.7613
20.9539
21.9611
21.8612
21.4642
21.8728
21.8491
21.6491
21.923
20.7717
20.7153
20.6503
20.7247
20.778
20.8237
20.705
20.7937
20.657
20.8263
20.8314
20.8911
20.9968
20.8313
20.9493
20.7812
22.0457
22.0304
21.8888
22.1202
22.1338
20.8581
21.0665
21.0299
20.8218
20.8439
10.8752
10.917
10.8064
10.841
10.8213
11.0852
11.2644
11.1407
11.1586
11.1236
11.1189
11.0479
10.8775
10.9298
10.9507
10.8858
10.9127
10.8484
10.8779
11.225
11.2886
11.1437
11.0978
11.0951
11.1254
11.1169
11.0202
11.1492
11.1094
11.0673
11.1702
11.1392
11.0877
11.1003
11.1953
11.0517
11.1013
11.0688
11.09
11.0712
11.0845
11.0507
11.2327
11.2809
11.1261
11.1756
11.203
11.118
11.2367
11.174
11.1835
11.2046
11.166
11.1835
11.1755
11.1031
11.1072
11.0865
11.1613
11.1306
11.0462
11.1189
11.1609
11.1236
10.9759
11.138
11.1255
11.089
11.0273
11.1461
20.0327
14.0592
25.9908
21.7844
21.0377
21.8995
20.547
19.6076
19.9452
19.0258
19.7679
19.8593
19.4837
19.3705
19.0603
19.0425
19.2755
19.2518
19.0586
19.0494
19.3342
19.1398
19.1923
19.1958
19.1453
19.2024
19.137
19.1908
21.9074
22.4966
22.2301
21.9513
22.2883
22.2128
21.8917
20.8624
20.8255
21.0496
21.0583
20.8548
21.0813
20.8627
20.5089
20.7378
20.7812
20.7948
20.5718
20.6527
20.7706
20.8171
20.8646
21.0759
20.9796
20.8809
21.0226
20.8334
20.9824
20.9041
21.1322
21.0993
21.1777
20.894
20.9055
10.4987
10.4704
10.7058
10.5986
10.539
10.451
10.6971
11.0158
10.9973
11.0862
11.0462
11.0078
11.0532
11.0479
10.5943
10.4879
10.7613
10.621
10.4787
10.5791
10.8023
10.7139
10.5364
10.8486
10.7377
10.6821
10.5659
10.8503
18.7704
18.8629
19.0762
18.9062
18.7566
18.9521
18.8745
18.8588
19.0048
18.9676
18.8557
18.9114
18.9526
18.8631
21.7575
22.253
21.7005
22.1851
21.6297
21.809
22.3662
20.8027
20.7306
20.9444
20.8106
20.8208
20.894
20.7339
20.8014
20.8079
21.2337
20.9458
20.9884
20.9555
20.7577
20.9734
20.7564
9.52173
9.2897
10.2426
9.95404
9.84432
9.89061
9.79619
10.0385
10.1207
10.388
10.2202
10.2674
10.1373
9.99103
10.2062
10.3497
10.603
10.4591
10.2055
10.3482
10.3913
11.196
11.2996
11.1367
11.1678
11.1775
11.2192
11.2271
11.1742
11.178
11.2472
11.1766
11.1754
11.2489
11.1722
11.1841
11.092
11.2192
11.1749
11.1876
11.1769
11.1825
11.1204
11.1633
11.1482
20.5318
20.5564
20.4505
20.5812
20.5062
20.5336
20.5468
20.6363
20.6424
20.6851
20.6467
20.6685
20.65
20.6295
20.4455
20.5271
20.5252
20.5455
20.5134
20.5196
20.4622
20.5211
20.5689
20.5903
20.6197
20.5871
20.5915
20.5003
20.5555
20.5241
20.6653
20.5794
20.5731
20.7212
20.5959
20.6508
20.7216
20.6353
11.196
11.3002
11.2678
11.1557
11.3072
11.3272
11.2543
11.1168
11.1746
11.1861
11.25
11.1033
11.2516
11.2438
10.9362
11.1178
11.2235
11.3084
10.994
11.1055
11.1448
11.3058
11.1296
11.0391
11.1497
11.2716
11.0838
11.2631
19.8051
19.6975
18.838
19.6902
19.1143
18.4036
18.7483
19.1754
17.8984
18.6409
19.9453
19.6789
20.006
19.9699
20.1969
19.9304
19.213
19.3244
19.7087
19.3143
20.0569
19.6467
20.0652
20.1331
20.3843
20.019
20.1581
20.0977
20.1773
20.2569
20.2522
19.9793
20.0842
20.2242
20.1763
20.1035
20.0278
20.0149
20.0352
20.2258
20.1634
20.1607
20.1689
20.1806
20.1547
20.1587
20.1509
20.1641
20.1511
20.1181
20.2475
20.2667
20.1614
20.1577
20.1486
20.1623
20.3471
20.1021
20.3736
20.3382
20.0917
20.114
20.2062
20.2701
20.3182
20.0949
20.0669
20.0345
20.1473
20.2963
20.2016
20.234
20.0586
20.0755
20.0165
20.0707
20.3093
20.3589
20.1848
20.2261
20.2596
20.3092
20.2223
20.2136
20.1812
20.1655
20.1928
20.3273
20.3667
20.3229
20.2198
20.2615
20.2585
20.2206
20.3413
20.4237
20.1751
20.1153
20.5488
20.3947
20.1963
20.326
20.3068
20.317
20.3295
20.208
20.1014
20.0843
20.1276
20.4864
20.505
20.3861
20.4727
20.4653
20.4238
20.4532
20.4036
20.3379
20.3061
20.2935
20.3483
20.4778
20.4858
20.4728
20.3687
20.4152
20.4235
20.3843
20.5209
20.6834
20.4371
20.3595
20.6662
20.6388
20.4545
20.5447
20.5181
20.6878
20.6318
20.589
20.6217
20.5419
20.571
20.5658
20.5298
20.5738
20.5523
20.4871
20.4424
20.4461
20.4781
20.604
20.5962
20.5903
20.4945
20.5235
20.5239
20.4942
20.7232
20.6798
20.7214
20.573
20.5694
20.5996
20.5469
20.6511
20.7072
20.7145
20.7121
20.5802
20.6255
20.5898
20.7052
20.7901
20.6288
20.7325
20.5785
20.6306
20.6269
20.6334
20.6707
20.6799
20.5628
20.5302
20.5272
20.5495
20.762
20.6954
20.7072
20.5802
20.6105
20.6232
20.5645
20.6591
20.6975
20.7354
20.6557
20.7604
20.6265
20.6036
20.7565
20.7683
20.8936
20.6998
20.7944
20.6313
20.6771
20.7947
20.8752
20.8449
20.6515
20.6672
20.6348
20.7255
20.9269
20.7972
20.6002
20.6816
20.7472
20.6741
21.1123
20.9137
20.8396
21.6404
21.3804
21.0672
21.3728
21.1099
20.6803
21.4603
11.0985
10.799
11.1838
11.2145
11.2889
11.3109
11.1191
11.112
11.0878
11.1865
10.9325
11.1884
11.1613
11.1834
11.2001
10.9803
11.0614
11.0075
11.1205
11.1012
11.0148
10.9863
10.9543
10.9872
10.8476
10.8858
10.9129
11.0387
10.9595
11.0423
10.9801
10.9572
11.0086
10.9401
11.1762
11.1379
11.1552
11.1167
11.1059
11.0461
11.0402
11.2022
11.1253
11.1609
11.0857
10.9904
11.0743
10.9834
11.1492
11.124
11.166
11.0725
10.9721
11.0399
10.977
11.0041
11.0413
11.0689
11.1057
10.9099
11.0475
11.016
11.1006
11.0683
11.0709
11.0867
11.0803
11.0479
11.046
11.1485
11.0767
11.0022
11.1244
11.1461
11.0151
11.0538
10.9511
11.1234
11.0353
10.9395
10.9934
11.0496
11.121
10.9218
19.5226
16.2931
19.4945
20.4468
18.5993
18.2249
19.7216
19.2112
19.6712
19.8775
19.5703
20.1928
18.7364
19.5865
19.6822
13.2291
19.1121
15.2593
21.3426
20.2183
16.9807
18.9588
19.5307
19.7632
19.482
19.1978
19.3532
19.4787
19.6791
18.3905
20.0991
17.6059
17.3415
19.7857
17.3251
19.8279
19.4847
19.7229
20.0214
19.6364
19.7606
19.7085
19.3825
18.8068
19.3054
19.325
19.0838
19.4411
18.9322
19.3716
19.405
19.0665
19.1461
19.3821
19.4662
19.0236
19.0595
19.2552
18.6278
18.8407
19.0762
19.538
18.8449
20.0165
19.9667
20.0089
20.0806
19.8759
19.867
19.9976
19.5903
19.4453
19.3003
19.252
19.5918
19.5039
19.366
19.6573
19.7711
19.3607
19.5731
19.631
19.7695
19.4711
20.0833
20.1479
20.2301
20.2058
20.1618
20.1845
20.1844
19.9257
19.8172
19.7334
19.6604
19.9275
19.8285
19.7507
19.9899
20.0717
19.7789
19.9031
19.9716
20.0569
19.8303
20.2615
20.299
20.4405
20.3353
20.3803
20.2959
20.3126
20.1729
20.1148
20.0466
19.9707
20.2146
20.1183
20.0328
20.2284
20.348
20.0817
20.1475
20.256
20.2861
20.0932
20.4832
20.4547
20.5568
20.4686
20.5132
20.4434
20.483
20.3812
20.3833
20.2889
20.2084
20.4647
20.336
20.2616
20.4205
20.5421
20.3189
20.3641
20.4928
20.4578
20.3128
20.5693
20.551
20.6636
20.5153
20.6499
20.4769
20.587
20.5224
20.5599
20.5151
20.4138
20.5866
20.4831
20.4607
20.5415
20.6489
20.5401
20.5413
20.6021
20.5629
20.5049
20.6489
20.6031
20.7362
20.5747
20.7128
20.5353
20.6213
20.6083
20.6695
20.7119
20.5741
20.6918
20.5826
20.6269
20.6314
20.7116
20.7338
20.7059
20.6944
20.6492
20.6494
20.8572
20.897
20.7483
20.8653
20.814
20.7647
20.8279
20.6958
20.7218
20.8257
20.7254
20.7369
20.6661
20.7759
20.8013
20.7737
20.8228
20.8839
20.7491
20.8349
20.789
21.1413
21.1505
20.728
21.048
20.8492
20.8182
20.9928
21.0742
20.9239
20.9116
21.0685
21.1787
20.8639
21.083
21.1465
21.2402
21.1047
21.1843
22.5909
22.1715
22.7217
21.9871
21.914
21.8694
21.599
22.7377
22.1727
21.9737
22.2726
21.2189
21.1211
21.4978
21.3531
21.1483
21.1132
21.0571
22.9327
22.2053
22.3074
22.6479
22.1236
22.0386
22.013
10.5172
10.2729
10.8196
10.5655
10.3786
10.626
10.4384
9.96151
9.71943
10.4437
10.1031
10.14
10.2727
9.86384
11.193
10.9364
10.9528
10.7508
10.9153
11.0989
10.817
10.8567
10.7108
10.9325
10.652
10.4295
10.7157
10.4926
10.9755
10.7372
10.979
10.6891
10.5679
10.7378
10.5271
10.5736
10.6662
10.4868
10.4434
10.7698
10.6964
10.6749
10.6701
10.7037
10.7874
10.6853
10.4036
10.3201
10.4816
10.4752
10.1704
10.3167
10.3216
11.1399
10.8532
11.0281
10.9631
11.0162
10.9831
10.8563
10.9909
10.7571
10.8107
10.5946
10.9979
10.7506
10.6124
10.7703
11.0045
10.8282
10.6665
11.0076
10.7606
10.6368
11.1235
10.8598
11.014
10.9127
11.021
10.9343
10.8585
10.7757
11.013
10.8623
10.6764
10.9941
10.7524
10.6753
10.7699
10.9977
10.8674
10.6927
10.9947
10.7823
10.6798
10.8251
11.0513
10.9863
10.8814
10.7876
10.9974
10.8927
10.7056
10.9853
10.7847
10.7201
10.7809
10.896
10.9785
10.7427
18.7621
18.9933
18.8923
18.8926
18.8752
18.8656
18.791
18.8753
18.9451
18.8489
19.1875
19.3742
19.2628
19.648
19.7389
19.6566
19.9737
20.0056
19.9443
20.2246
20.2246
20.1728
20.4554
20.4217
20.3731
20.6697
20.6251
20.5754
20.7784
20.8194
20.7722
20.7243
21.0594
20.98
21.1084
21.1554
21.3955
22.4761
22.0203
22.5277
10.5017
10.1944
10.1218
9.88843
9.45378
9.66796
10.6931
10.4225
10.3787
10.7744
10.5225
10.5176
10.8412
10.6314
10.6197
10.8954
10.7028
11.1025
11.2886
11.0561
11.1314
11.162
11.2721
11.0065
11.2001
11.1449
11.118
11.177
11.1524
11.1244
11.1514
11.0491
11.1635
11.1432
11.2284
11.1079
11.1665
11.0818
11.114
11.2438
11.1872
11.0846
11.2593
11.2175
11.0912
20.2441
20.2405
20.2438
20.2725
20.1695
20.1471
20.278
20.1769
20.1675
20.2764
20.4387
20.2328
20.3805
20.3368
20.3138
20.3312
20.4018
20.3373
20.3729
20.3346
20.2574
20.2721
20.1422
20.1839
20.2789
20.0857
20.5483
20.6369
20.575
20.6013
20.4758
20.4644
20.6008
20.4575
20.5208
20.4313
20.522
20.4194
20.3676
20.3765
20.3947
20.4155
20.4451
20.4751
20.4159
20.4076
20.3927
20.3395
20.3662
20.3601
20.3971
20.38
20.7163
20.7223
20.7125
20.7396
20.7271
20.7058
20.7376
20.5629
20.5581
20.5743
20.5679
20.572
20.5329
20.5859
20.5593
20.5883
20.5999
20.6013
20.5832
20.5641
20.5977
20.7485
20.7251
20.9264
20.6759
20.9416
21.0763
21.0167
20.9708
20.8566
20.9924
21.1293
21.0873
20.7896
20.6057
21.2323
21.2246
20.9419
21.1184
21.0848
20.6926
20.8743
20.5185
20.9179
20.7246
20.6751
20.8264
11.2004
11.2091
10.9358
11.0015
11.0608
11.1721
10.995
11.1253
11.1616
11.1238
11.1074
11.0283
11.0139
11.1262
11.1586
11.088
10.9935
11.1246
10.9406
11.1558
11.0511
11.0276
11.0783
10.9363
11.1302
11.005
11.0639
10.9222
11.1268
17.6033
16.9692
17.866
18.752
17.4042
17.0619
18.0512
17.1004
15.5362
18.7195
18.1031
18.0526
18.3446
16.3073
17.3712
18.824
18.8362
17.4425
17.0523
17.9144
18.6688
19.3225
19.8474
19.5313
19.3397
19.4122
19.1557
19.5754
19.3077
19.7809
19.5964
19.8537
19.0485
19.4496
19.7634
20.0226
19.8289
19.761
19.484
19.7239
19.7104
19.6373
18.8076
19.3838
19.3066
19.3265
19.0871
18.9331
19.4425
19.3727
19.1466
19.4066
19.0701
19.4678
19.024
19.3835
19.821
19.974
19.8765
19.886
19.723
19.7986
19.8422
20.0814
20.0174
19.8675
19.9668
20.0095
19.9981
19.8766
19.5916
19.252
19.4468
19.3037
19.5047
19.3662
19.5932
19.6582
19.5731
19.772
19.3638
19.7703
19.4708
19.6322
20.0813
20.0389
20.1587
20.1186
20.0461
20.0497
20.1285
20.2062
20.0839
20.1851
20.1484
20.2299
20.1847
20.1621
19.9263
19.6602
19.8181
19.7336
19.8291
19.7507
19.9279
19.99
19.9034
20.0715
19.7789
20.0569
19.8301
19.9717
20.2482
20.2017
20.2659
20.2526
20.2658
20.2224
20.3445
20.335
20.261
20.2961
20.2992
20.4404
20.3126
20.3798
20.1727
19.9707
20.1145
20.0457
20.1181
20.0327
20.214
20.2282
20.1469
20.3473
20.0808
20.2857
20.0926
20.2554
20.3879
20.4486
20.4192
20.4083
20.4642
20.3805
20.4934
20.4671
20.483
20.4444
20.4551
20.5565
20.4833
20.5134
20.3807
20.2077
20.3825
20.2877
20.3357
20.2611
20.464
20.4206
20.364
20.5416
20.3176
20.457
20.3127
20.4922
20.4679
20.5501
20.4884
20.5553
20.5837
20.5278
20.6343
20.5072
20.5697
20.4808
20.5519
20.6656
20.5896
20.6519
20.5212
20.4146
20.5597
20.5138
20.4837
20.4616
20.5864
20.543
20.5439
20.6495
20.5388
20.5609
20.5074
20.6025
20.491
20.6269
20.5234
20.5926
20.6734
20.5589
20.6953
20.5721
20.65
20.5333
20.5952
20.7305
20.6228
20.7158
20.6008
20.5789
20.6723
20.7104
20.5848
20.6213
20.6897
20.6151
20.6774
20.7018
20.7343
20.6474
20.6583
20.6952
21.632
21.9775
21.3683
21.1692
21.3917
21.1789
21.6811
20.591
20.8133
20.6562
20.6935
20.755
20.6444
20.7743
20.8659
20.8615
20.9032
20.7587
20.8317
20.7455
20.8215
20.697
20.7492
20.7229
20.8157
20.667
20.755
20.7251
20.8577
20.8036
20.8482
20.7594
20.8283
20.8114
20.7513
22.2998
22.7319
22.4643
22.6356
22.2089
22.7744
22.5597
21.397
21.9091
21.7196
21.9089
21.7245
21.6995
21.7331
10.6465
10.7015
10.5576
10.5334
10.634
10.738
10.5531
10.754
10.6052
10.4659
10.5472
10.4114
10.5551
10.4058
10.5662
10.4834
10.6277
10.6604
10.6544
10.536
10.5067
10.6267
10.8042
10.5625
10.4066
10.6252
10.5834
10.5096
10.9419
11.1601
10.9929
10.9515
10.8211
10.8379
11.0107
10.9727
11.1412
10.9812
10.8493
11.0302
10.8475
11.0083
10.5741
10.9752
10.7726
10.7559
10.788
10.6062
10.9956
10.7809
10.6363
11.0015
10.799
10.7857
10.6181
10.9989
10.9679
11.1185
10.9601
10.8544
11.0396
10.8498
11.0244
10.9401
11.1232
10.9462
10.8624
11.0149
10.8489
11.0262
10.79
10.6551
11.0089
10.8517
10.7911
10.6723
11.0055
10.7763
10.6968
10.9981
10.8593
10.7887
10.6879
11.0088
10.9403
10.833
11.0797
11.0134
10.9008
10.8379
10.9972
10.8272
11.0686
10.888
10.9898
10.7934
10.7041
10.9982
10.8917
10.7952
10.7291
10.987
10.7845
10.8938
10.7554
10.9818
18.6811
18.8963
18.7657
18.9479
18.8804
18.8507
19.0467
19.1272
19.158
19.3745
19.192
19.2633
19.4735
19.5968
19.5705
19.7378
19.6477
19.6555
19.81
19.9365
19.8794
20.0044
19.9726
19.9428
20.0627
20.1926
20.1191
20.2232
20.2228
20.172
20.2731
20.4268
20.3242
20.4212
20.452
20.3735
20.4772
20.6436
20.5223
20.6281
20.6668
20.5743
20.6686
20.7649
20.7108
20.8227
20.7833
20.7628
20.8679
20.7099
20.9287
21.0322
20.7287
21.018
21.7046
21.5416
9.70395
9.6246
9.53876
9.28394
9.74695
9.64495
9.24505
10.2961
10.6698
10.353
10.4385
10.6812
10.3765
10.4507
10.7389
10.4683
10.5131
10.7467
10.4959
10.5383
10.8145
10.5729
10.632
10.824
10.6035
10.6608
10.8853
10.6713
10.8906
10.6864
20.7055
20.7442
20.7241
20.6962
20.7104
20.7333
20.7045
20.6798
20.7025
20.5909
20.6502
20.6206
20.7054
20.6476
20.6918
20.6632
20.7247
20.7027
20.644
20.7366
20.7293
20.7118
20.6995
20.6983
20.6277
20.7328
20.626
20.707
20.6967
20.6587
20.6505
20.6697
20.6096
20.7161
20.8011
20.7625
20.7892
20.7765
20.8124
20.8372
20.7557
20.6633
20.7527
20.7602
20.6384
20.6779
20.7248
20.6804
20.7252
20.8605
20.7437
20.7898
20.7971
20.7139
20.7214
20.6951
20.6228
20.639
19.5635
20.1022
19.2393
18.7617
19.5532
19.7787
19.2411
19.4004
19.5088
19.4969
19.6395
19.2798
19.5449
19.528
19.707
19.3348
19.066
19.4974
19.3584
20.3606
19.0672
19.4154
19.4229
19.3192
19.7041
20.033
19.184
19.5249
19.6471
18.4687
19.1397
19.1541
19.6325
19.4086
18.9776
19.3059
19.4649
19.6438
19.1053
19.5308
19.2823
19.1348
19.04
19.1658
19.2503
19.0801
19.228
19.0486
19.0787
19.2901
19.1872
19.3843
19.4344
19.3999
19.0966
19.3248
19.3697
19.3875
19.3258
19.3685
19.3774
19.4356
19.2727
19.1279
19.1595
19.2119
19.0777
19.2236
19.0743
19.1223
19.3624
19.1714
19.4783
19.3829
19.4152
19.2687
19.3094
17.0983
15.5381
18.718
18.1034
18.0526
16.3067
18.3429
17.603
16.9695
18.751
17.8658
17.0618
17.4044
18.0501
17.3737
18.8095
17.4533
18.8302
17.0604
18.6738
17.9043
18.5036
18.6302
18.7552
19.5772
18.4455
18.9419
19.0985
18.3992
18.2468
17.7973
17.8857
18.3102
18.0543
18.2419
18.365
18.7363
18.767
17.9053
18.4443
18.9702
17.9547
18.8372
18.9811
18.8721
18.8934
18.8706
18.7948
18.9354
11.3248
11.1712
20.7186
20.5764
20.7137
20.7236
20.7225
20.6027
20.6639
20.622
20.6047
20.6259
20.5916
20.5764
20.5604
20.635
20.6015
20.659
20.6147
20.6287
20.617
20.5575
20.621
20.6029
20.8013
20.7626
20.7766
20.7895
20.8124
20.7559
20.8373
20.6585
20.6503
20.6697
20.6094
20.7163
20.6631
20.753
20.6382
20.7604
20.6777
20.6802
20.725
20.7255
20.7439
20.8607
20.7972
20.7902
20.7142
20.6948
20.7216
20.6388
20.6226
20.6797
20.7025
20.5907
20.6205
20.6501
20.706
20.7448
20.6966
20.7244
20.7338
20.7049
20.711
20.7053
20.6475
20.6631
20.6917
20.6438
20.7026
20.7246
20.737
20.7123
20.7298
20.6988
20.6999
20.6276
20.6259
20.7327
20.6966
20.707
11.1671
11.1157
11.0743
11.1086
11.0848
11.0607
11.1802
11.0929
11.2309
11.1597
11.2244
11.0782
11.1008
11.1884
11.1923
11.0277
11.1512
11.1048
11.1657
11.0747
11.1794
11.0522
11.1297
11.0184
11.1101
11.1104
11.1077
11.1706
11.2134
11.1527
11.1001
11.0588
11.2487
11.0532
11.2414
11.1362
10.9709
11.2522
11.0727
11.0732
11.0234
11.2507
11.2251
11.2542
11.3556
11.2861
11.3072
11.2624
11.3265
11.0742
11.0416
11.1344
11.1197
11.3127
11.2562
11.198
11.1257
11.3498
11.2818
11.2481
11.1693
11.264
11.1947
11.2471
11.1232
11.1238
11.2538
11.1956
11.0984
11.3303
11.2972
10.9395
11.293
11.1583
11.0875
11.0013
11.1432
11.3547
11.0965
11.2255
10.9251
11.0911
11.3105
11.217
11.1562
11.1017
11.1985
11.1858
11.1404
11.0641
11.2283
11.2698
11.0935
11.27
11.0273
11.2385
11.1293
11.1109
10.9444
11.2283
11.3125
11.1251
11.1499
11.0029
11.1117
11.2045
11.3074
11.2744
11.3118
11.1637
11.3301
11.2606
11.3103
11.1357
11.0461
11.2754
11.1544
11.266
11.0901
11.1264
11.2582
11.1821
11.1937
11.1123
11.2586
11.2508
11.2489
11.113
11.2666
11.1628
11.1907
11.1297
11.256
11.1829
11.1799
11.1754
11.2303
11.1234
11.2993
11.1679
11.1756
10.9769
11.3035
11.114
11.1847
11.2355
11.1667
11.1545
11.1628
11.1436
11.2273
11.2287
11.1922
11.263
11.1675
11.1761
11.2541
11.1532
11.1834
11.1594
11.1848
11.1698
11.1864
11.1878
11.1765
11.2254
11.1853
11.1683
11.1837
11.1597
11.1825
11.2314
11.1929
11.166
11.1381
11.1788
11.1694
11.1314
11.1782
11.1491
11.1654
11.153
11.1751
11.1981
11.1781
11.1797
11.0947
11.1599
11.1876
11.1845
18.5201
18.4936
18.3624
18.0046
18.4555
18.8861
18.8848
18.4302
18.0395
18.9145
18.5668
19.302
19.5769
19.8215
19.3991
19.5972
19.7615
19.1375
19.7817
19.4652
19.5464
19.7245
19.2485
18.961
19.376
19.3708
19.1782
19.0258
19.4126
19.1414
18.9098
19.7504
19.4545
19.2324
19.4897
19.6768
19.5543
19.4453
19.2427
19.6167
19.6275
19.8928
19.9154
19.6017
19.5635
19.4318
19.3592
19.5918
19.5934
19.4603
19.7797
20.0729
19.9651
19.8326
19.7918
19.7558
20.0011
20.021
20.079
19.7659
19.6884
19.5252
19.8315
19.7547
19.6461
19.7644
19.5855
19.6734
20.1194
20.1435
19.481
20.0302
19.9232
20.0326
19.8358
19.9867
19.8562
20.0162
20.0051
19.9371
19.8885
20.0254
19.9453
19.9951
19.9237
19.9826
20.0654
20.0765
20.0168
20.0433
19.9365
19.9428
19.9275
20.0082
20.0179
19.932
19.9971
19.9428
20.0107
19.7935
20.0225
20.1377
19.9759
19.9711
19.9441
20.0637
19.9995
20.0529
19.9683
19.9986
20.1345
20.0244
20.2118
19.9979
20.0664
20.0193
20.0984
20.01
19.9577
20.0356
19.7839
20.0777
20.2208
19.8606
19.8296
20.0417
20.1612
20.0864
20.1019
20.1881
20.04
20.1305
20.0451
20.3063
19.9264
19.9697
20.1795
20.1306
20.1208
20.0383
20.2497
20.2054
20.1565
20.144
20.1424
20.1502
20.2339
20.1269
20.1297
20.3081
20.0735
20.0582
20.067
20.0438
20.1834
20.0488
20.1675
19.9844
20.2006
19.9489
20.2271
20.1376
19.8738
19.8828
20.0316
19.9576
20.2298
19.9824
19.9596
20.0344
20.0525
20.0598
19.9685
20.0668
20.0661
20.1113
20.1285
19.9516
20.1007
20.0615
20.0604
19.9352
20.1248
19.9735
20.1771
20.0976
19.8816
20.0988
20.0687
19.86
20.1999
20.1502
20.2604
19.8804
19.9518
20.1482
20.0762
20.1132
20.1362
20.2177
20.1359
20.1249
20.0778
20.1069
20.1598
20.0834
20.205
19.9634
20.0768
20.0439
20.1599
20.2078
20.0107
20.1425
20.0322
19.9988
20.0749
19.9674
20.2642
20.0947
20.0912
20.141
20.2054
20.0982
20.2304
20.3325
20.2537
20.2238
20.2345
20.3658
20.2508
20.0979
20.2308
20.1865
20.1929
20.22
20.037
20.0812
20.1334
20.2755
20.0247
20.1679
20.1922
20.2373
20.1319
20.2786
20.1593
20.0908
20.1558
20.2423
20.2264
20.3736
20.268
20.1431
20.2409
20.2144
20.0453
20.1376
20.0019
20.1666
20.1341
20.0356
20.2906
20.1205
20.0564
20.0667
20.1706
20.2246
20.082
20.2503
20.159
20.2779
20.3273
20.3984
20.1875
20.2002
20.0907
20.1154
20.1612
20.1423
20.1278
20.1816
20.2615
20.2174
20.1626
20.1508
20.17
20.187
20.112
20.158
20.0901
20.1633
20.1723
20.0811
20.166
20.13
20.0921
20.1359
20.1783
20.154
19.9515
20.0563
20.1588
20.1204
20.0943
20.2138
20.2125
20.0865
20.2278
20.1502
20.0737
20.0418
20.1725
20.1642
20.087
20.0587
20.1866
20.0614
20.1706
20.1141
20.3197
20.1027
20.1885
20.1737
20.1533
20.1387
20.1555
20.1705
20.1503
20.1745
20.1258
20.1351
20.2235
20.1749
20.1685
20.2369
20.2457
20.1949
20.2069
20.0863
20.1884
20.2453
20.1844
20.2218
20.095
20.1089
20.1822
20.1816
20.1316
20.2145
20.1495
20.1499
20.1997
20.3124
20.2496
20.2232
20.2347
20.2718
20.308
20.2435
20.3737
20.509
20.4599
20.4716
20.4231
20.4642
20.3842
20.3477
20.3867
20.3703
20.311
20.3857
20.4673
20.4276
20.3324
20.3815
20.31
20.2696
20.3545
20.3248
20.3753
20.3005
20.2934
20.2459
20.1957
20.1618
20.2353
20.1962
20.2319
20.2508
20.2087
20.2629
20.2561
20.157
20.197
20.1791
20.167
20.2147
20.163
20.1752
20.2795
20.2594
20.2158
20.3817
20.3234
20.2555
20.2869
20.2701
20.2172
20.1967
20.2781
20.2256
20.2846
20.2762
20.2693
20.3159
20.3669
20.3678
20.3335
20.3846
20.5098
20.3451
20.3168
20.3375
20.2162
20.2699
20.3246
20.2537
20.3193
20.306
20.2899
20.3134
20.3641
20.253
20.1679
20.3174
20.2946
20.2401
20.2992
20.2146
20.1625
20.24
20.254
20.1914
20.1991
20.3285
20.3029
20.2112
20.3302
20.2665
20.1893
20.2909
20.2315
20.2856
20.2612
20.3429
20.2493
20.2776
20.3637
20.3543
20.303
20.3771
20.3842
20.3197
20.3555
20.2267
20.3488
20.365
20.2864
20.3366
20.2732
20.2448
20.3178
20.2846
20.2604
20.3468
20.307
20.2679
20.3273
20.6791
20.7061
20.62
20.7209
20.5933
20.6507
20.4937
20.5532
20.5407
20.5631
20.5521
20.5337
20.5371
20.5333
20.4733
20.4966
20.4625
20.5381
20.5094
20.3734
20.3117
20.3233
20.3855
20.4433
20.313
20.4794
20.4205
20.3758
20.4796
20.3903
20.3675
20.371
20.3975
20.3844
20.4277
20.3763
20.3566
20.408
20.3608
20.2879
20.3049
20.3692
20.3228
20.3767
20.3751
20.4271
20.4266
20.3773
20.4566
20.4667
20.414
20.43
20.5201
20.4936
20.4737
20.4609
20.5136
20.4528
20.4934
20.4457
20.4183
20.6079
20.4882
20.4595
20.4972
20.4962
20.4772
20.5021
20.5441
20.5233
20.5021
20.4907
20.4342
20.4115
20.4338
20.4445
20.426
20.4807
20.4516
20.468
20.4936
20.4608
20.4229
20.4582
20.4671
20.3948
20.4321
20.3555
20.3575
20.387
20.3998
20.3462
20.372
20.4605
20.4213
20.4174
20.4423
20.4324
20.3569
20.4365
20.387
20.4357
20.4292
20.4459
20.3922
20.4304
20.4997
20.504
20.4577
20.5166
20.5189
20.4576
20.4958
20.391
20.4838
20.4719
20.4669
20.4549
20.4597
20.4074
20.4635
20.4254
20.4466
20.4822
20.4718
20.4215
20.4697
20.6068
20.6668
20.7172
20.8149
20.643
20.6171
20.8048
20.6884
20.7126
20.7018
20.7266
20.7262
20.6919
20.6842
20.6389
20.6684
20.6436
20.6734
20.6686
20.6358
20.6428
20.6686
20.6648
20.7068
20.7015
20.691
20.6701
20.6693
20.7493
20.7063
20.589
20.6036
20.6716
20.6079
20.7451
20.7096
20.7326
20.6878
20.7449
20.7508
20.7184
20.7073
20.7136
20.7391
20.7196
20.7746
20.7436
20.7218
20.6961
20.6906
20.696
20.7185
20.7575
20.7311
20.6897
20.698
20.605
20.6481
20.5872
20.6434
20.6536
20.5738
20.6222
20.5549
20.6662
20.6034
20.6406
20.6286
20.6388
20.5304
20.6479
20.6053
20.6642
20.6968
20.6791
20.6136
20.6287
20.7072
20.7782
20.6813
20.7538
20.7811
20.6892
20.694
20.55
20.7025
20.6543
20.6779
20.6281
20.6787
20.5749
20.6583
20.6463
20.7244
20.7206
20.7373
20.6413
20.6758
20.9433
20.8867
21.1003
21.1103
20.9415
20.7788
21.2161
21.6552
21.5131
21.1715
21.1692
21.3967
21.2547
20.8208
21.488
21.2175
21.5608
21.4715
21.4253
21.2488
21.4355
21.5001
21.4045
20.9385
21.2203
20.7916
20.5999
20.8257
20.6158
20.8351
20.5831
20.7488
20.6952
20.7734
20.745
20.8225
20.7198
20.7389
20.7396
20.7193
20.5811
20.6281
20.806
20.5823
20.7824
20.7823
20.7252
20.7451
20.8228
20.8675
20.7567
20.7289
20.822
20.7214
20.8015
20.8391
20.7442
20.7243
20.7129
20.8539
20.7617
20.8619
20.7615
20.8358
20.7177
20.7685
20.7695
20.8187
20.8937
20.8786
20.7277
20.7738
20.9568
20.6466
20.5652
20.8273
20.622
20.8799
20.9281
21.0771
21.0299
20.6996
20.5297
21.0321
20.7148
20.9832
20.7918
20.9333
20.766
20.9551
20.798
20.8921
20.7964
20.9049
20.7722
20.9808
20.5814
20.7993
20.7336
20.9555
20.9173
20.9084
20.7611
20.7902
21.1463
21.5954
21.5712
21.3343
21.3153
21.1152
20.7385
20.7162
21.1161
21.1429
10.9399
10.8687
10.843
10.9246
10.9809
10.8886
11.1188
11.1593
10.9117
10.9322
11.092
11.1571
10.9547
11.1049
11.0015
10.9783
11.0584
11.138
11.0312
11.0196
11.0214
11.0598
11.0253
11.1839
11.0218
11.0256
11.0661
11.0499
10.9999
11.0179
11.0289
11.18
10.9702
11.0839
11.1932
10.9128
11.0823
10.9815
11.0131
10.8756
11.1101
11.0919
10.9058
10.9128
10.9994
10.953
11.0446
10.8129
10.8359
11.0237
10.9044
10.8623
10.9541
10.9339
11.0262
11.0195
11.0458
10.994
10.9049
11.0683
10.9086
11.0099
11.2158
11.0758
11.228
11.0219
11.295
11.0841
11.1021
11.1979
11.2208
11.198
11.2127
11.2398
11.1298
10.8924
11.2842
11.1962
11.032
11.1116
11.0542
10.9802
11.2636
11.2618
11.167
11.211
11.3527
11.0049
11.2554
11.2012
10.8524
11.2039
11.0683
10.9514
10.8984
10.9432
11.0188
11.1946
10.9136
10.8154
11.1034
11.2042
11.1933
11.051
11.1249
11.1078
11.1494
11.1046
11.0904
11.1524
10.9923
11.2205
11.1589
11.0728
11.3305
11.1726
11.2233
11.1663
11.1455
11.1641
11.1865
11.1437
11.1762
11.1357
11.1607
11.1568
11.099
11.0749
11.1053
11.1766
11.0725
11.0995
11.1898
11.1605
11.2052
11.1726
11.1731
11.1163
11.1801
11.1609
11.0414
11.1344
11.1441
11.2726
11.2757
10.9118
11.0738
11.2402
11.2038
11.1516
11.1837
11.1994
11.2589
11.2167
11.1652
11.1869
11.2011
11.1658
11.182
11.1253
11.1967
11.1674
11.1556
11.2076
11.1962
11.2025
11.1647
11.1926
11.2165
11.1961
11.1763
11.1703
11.1812
11.2142
11.1954
11.1656
11.1698
11.1414
11.1422
11.161
11.1578
11.1652
11.1628
11.1622
11.2053
11.1458
11.1697
11.1608
11.1829
11.1281
11.0988
11.143
11.2062
11.1284
11.1465
11.1573
11.1287
11.1272
11.0234
11.154
11.0742
11.099
11.1639
11.1328
11.1432
11.1865
11.143
11.1488
11.1128
11.1469
11.1009
11.1331
11.144
11.171
11.0737
11.155
11.1462
11.094
11.122
11.0515
11.1574
10.9991
11.1295
11.1445
11.0921
11.1568
11.1727
11.1513
11.151
11.1225
11.1305
18.4002
18.2472
17.8852
17.7971
18.0542
18.2423
18.3113
18.3724
18.7117
17.8973
18.7694
17.9373
18.4464
18.9828
19.6822
13.2286
19.1124
15.2597
16.9812
21.3421
20.2181
19.5227
16.2902
20.4478
19.4948
18.5983
18.2252
19.7218
19.2116
19.6709
19.5707
19.8778
20.1926
19.5869
18.7367
19.6789
18.3914
17.6057
20.099
17.3256
17.3408
19.7862
18.959
19.5311
19.763
19.4823
19.1975
19.3536
19.4791
19.5638
20.1029
18.7621
19.2394
19.779
19.2413
19.5532
19.4008
19.5093
19.6401
19.4976
19.5453
19.5285
19.2801
19.6475
18.4689
19.1545
19.1391
19.6326
18.9783
19.4082
19.4158
19.4234
19.3193
19.7048
19.1844
19.5253
20.0332
19.3065
19.4659
19.1057
19.6445
19.1352
19.2829
19.5317
19.0403
19.1673
19.0808
19.2517
19.0789
19.0492
19.2293
19.2907
19.1876
19.385
19.4355
19.097
19.3254
19.401
19.3704
19.389
19.369
19.3268
19.4364
19.2731
19.3788
19.1282
19.1614
19.0785
19.2134
19.0745
19.1232
19.2252
19.3631
19.1718
19.4793
19.3841
19.2691
19.3101
19.4165
22.2778
21.5545
22.21
22.1862
21.894
21.9367
22.4728
22.3727
22.4511
23.0891
22.5064
22.8809
22.9528
22.6619
23.1538
22.3732
22.6009
22.5927
23.0333
22.7373
22.7317
21.8162
21.5647
22.2127
22.2031
22.0807
21.9269
22.4465
20.8871
21.0226
20.8658
21.098
21.1072
20.8486
20.8975
20.7643
20.977
20.8347
20.9773
20.7525
21.0196
20.8281
21.2561
20.8739
20.8608
21.2465
20.7386
21.2289
21.2844
20.8371
20.9019
21.1077
21.0662
21.0751
20.9001
20.8819
21.5451
20.9367
21.017
21.441
21.1356
21.5266
21.4606
21.0972
20.891
20.9371
20.9548
21.1941
21.1502
20.9646
20.7718
21.3453
21.5966
20.9973
21.5666
21.0743
21.5182
20.9548
20.93
21.159
21.1624
21.1275
20.9358
20.9441
20.7237
20.8632
20.6247
20.8947
20.7584
20.8833
20.6211
20.6145
20.8259
20.7082
20.8412
20.766
20.8252
20.5888
20.8252
20.7425
20.9549
20.9813
20.9349
20.7315
20.8156
20.9339
21.1645
20.9356
21.2032
21.142
20.96
20.9341
20.7203
20.8898
20.8087
20.9164
20.7927
20.9354
20.6995
20.8796
20.8544
21.1164
21.0118
21.0702
20.8691
20.9051
22.0523
22.2281
22.5578
22.3098
22.8075
23.0723
22.4216
22.9224
22.4679
22.5508
21.9207
22.6536
22.3395
22.3817
22.1145
22.7696
22.6266
22.4842
22.0428
22.4691
22.436
22.1128
22.3071
21.878
22.2596
22.0362
22.5432
21.903
21.9104
21.578
22.3217
22.3105
22.2266
22.5541
22.18
22.6847
22.3526
22.4343
21.7711
22.1334
22.2114
21.9413
21.6108
21.0788
20.9565
21.1789
21.0217
21.063
21.1929
20.9572
20.9496
20.9212
21.124
20.9191
21.2642
21.1535
21.0333
20.9191
21.5708
21.2448
21.0134
21.8051
21.536
21.1741
21.655
21.6857
21.4026
20.8226
21.573
21.1132
21.8842
21.4898
20.96
21.1433
21.0936
20.8953
20.8832
20.9247
20.9009
21.2427
21.1214
21.4882
21.762
21.598
9.94546
9.99858
9.77352
9.76312
9.86055
9.85747
9.98655
9.73623
10.0143
9.98733
10.3407
10.0503
10.148
10.3645
10.3293
10.3165
10.3298
10.2192
10.1365
9.97289
10.115
10.1428
9.9
10.1255
10.0178
9.88314
10.0753
10.2798
10.3979
10.2658
10.4092
10.0537
10.3622
10.1279
10.4058
10.0982
9.96465
10.1663
9.82753
10.115
9.9559
10.1516
10.53
10.3422
10.6416
10.4565
10.3324
10.3025
10.301
10.0976
10.183
10.1103
10.3761
10.5943
10.6171
10.7561
10.6581
10.8728
10.7163
10.6436
10.7273
10.5038
10.5699
10.3827
10.6326
10.4318
10.4295
10.6486
10.4693
10.7167
10.627
10.4244
10.6503
10.5486
10.3797
10.2337
10.381
10.4437
10.2422
10.3916
10.2532
10.2011
10.6136
10.7461
10.6271
10.813
10.7883
10.7065
10.79
10.6576
10.7437
10.8375
10.6672
10.8578
10.6886
10.866
10.8062
10.6056
10.6266
10.8666
10.9284
10.6596
10.8055
10.6762
10.6968
11.0426
10.9982
10.9122
10.8372
10.8865
11.0369
10.8226
11.0168
10.7787
10.6616
10.809
10.6387
10.8394
10.6047
10.8189
10.876
10.9773
10.9193
10.9425
10.9212
10.8433
10.9885
11.0331
11.0547
11.0106
10.9398
10.9726
11.0375
10.9234
11.0732
10.8772
11.0112
10.933
10.893
11.0444
10.7578
11.0318
10.9409
10.9024
10.7153
11.016
10.8252
10.9049
10.8781
11.0007
10.9491
10.8638
10.8907
11.003
10.691
10.7789
10.7461
10.8613
10.6884
10.7299
10.7848
10.6207
10.6913
10.5083
10.8104
10.5122
10.6216
10.8337
10.7169
10.7744
10.8776
10.8722
10.7483
10.7153
10.8105
10.7493
10.8776
10.8184
10.962
10.7454
10.8173
10.8674
10.6672
10.7298
10.5513
10.8224
10.5216
10.6631
10.8308
10.7103
10.7926
10.98
10.7992
10.7947
10.7179
10.86
18.7625
18.9951
18.8924
18.8943
18.877
18.8654
18.7915
18.8382
18.9836
18.8932
18.8743
18.9353
18.7956
18.8733
21.4559
21.8751
22.2657
21.7325
21.552
22.0502
21.6551
20.8505
21.0117
20.8155
20.9431
20.8749
20.8155
20.807
21.2797
21.5281
21.3639
20.9944
21.8225
20.9051
21.2338
20.8001
21.0482
20.9173
20.9931
20.9958
20.7999
20.8295
20.9146
21.3125
9.19638
9.57666
9.87931
9.68278
9.71814
9.90291
10.0345
9.98414
9.93913
9.89378
9.82752
10.1085
10.4056
10.2356
10.3353
10.3118
10.1933
10.129
10.1732
10.5408
10.2616
10.3802
10.302
10.168
10.4544
11.3225
11.167
11.2201
11.3534
11.2514
11.3057
11.2837
11.0695
11.2614
11.3259
11.1314
11.0354
11.2522
11.1926
11.3478
11.1178
11.1635
11.2777
11.2433
11.2602
11.1901
11.1166
11.2436
11.2506
11.19
11.1172
11.3083
11.2121
11.116
11.3117
11.0928
10.9328
11.3283
11.2948
11.154
11.291
11.0835
10.9939
11.0917
11.1398
11.3572
11.0891
10.9174
11.2233
11.1718
11.1178
11.0717
11.1069
11.0832
11.1782
11.0581
11.0914
11.2298
11.1581
11.0972
11.1927
11.1954
11.0242
11.1689
11.15
11.1008
11.0717
11.184
11.0528
11.127
11.1079
11.1111
11.0149
11.105
11.1741
11.2224
11.0759
11.211
11.0975
11.1516
11.0567
11.0497
11.2481
11.239
11.1331
11.2501
10.9664
11.0719
11.2498
11.0192
11.0694
11.2405
11.1033
11.1526
11.2587
11.248
11.181
11.1196
11.1742
11.1681
11.1682
11.2168
11.1773
11.1596
11.1426
11.2263
11.1346
11.1553
11.2175
11.1182
11.1731
11.2959
11.1638
11.1075
10.9714
11.2993
11.2216
11.1867
11.1611
11.2577
11.1453
11.1695
11.2495
11.1796
11.1578
11.1645
11.171
11.1895
11.1828
11.1689
11.2197
11.1617
11.1747
11.1781
11.176
11.1527
11.2203
11.1779
11.1591
11.1278
11.1691
11.165
11.1327
11.1483
11.1823
11.1472
11.1493
11.1755
11.1819
11.1726
11.0847
11.1709
11.1489
11.1817
11.1744
11.2011
11.1414
11.1151
11.1789
11.1497
11.1516
11.1213
11.0453
11.1423
11.2306
11.1607
11.0813
11.1041
11.1631
11.0986
11.2869
11.0505
11.1278
11.0011
11.1586
11.2696
11.1096
11.2408
11.1848
11.2571
11.0805
11.0868
11.2147
11.1516
11.1013
11.1999
11.1838
11.23
11.0606
11.1365
11.267
11.2693
11.089
11.023
11.1269
11.1068
11.236
20.7177
20.7038
20.7049
20.7182
20.7084
20.7162
20.7081
20.5525
20.6029
20.6247
20.6177
20.5737
20.6017
20.599
20.5206
20.5489
20.4995
20.488
20.4852
20.5226
20.5411
20.5727
20.6983
20.5554
20.5537
20.6071
20.6053
20.5631
20.5217
20.5571
20.5337
20.5252
20.5118
20.5284
20.5331
20.5676
20.5406
20.5423
20.5048
20.5199
20.5961
20.5481
20.5591
20.5639
20.5848
20.5592
20.6
20.5479
20.5614
20.5989
20.6239
20.6271
20.6373
20.6072
20.6088
20.6064
20.6152
20.6313
20.6094
20.6361
20.6463
20.609
20.617
20.5691
20.5598
20.6174
20.5512
20.5949
20.5231
20.6012
20.5782
20.6357
20.5917
20.5886
20.5929
20.5864
20.5851
20.5222
20.545
20.4873
20.5151
20.531
20.5274
20.4845
20.484
20.5723
20.5356
20.5449
20.5491
20.548
20.4677
20.5519
20.5607
20.5092
20.5664
20.5722
20.5138
20.5449
20.5984
20.6224
20.5536
20.6117
20.6229
20.5854
20.5631
20.4853
20.5979
20.5687
20.5702
20.553
20.5678
20.5035
20.5651
20.5787
20.538
20.5996
20.5947
20.5325
20.5753
20.4408
20.349
20.3817
20.4001
20.4511
20.5811
20.5066
20.532
20.5565
20.5338
20.5469
20.6873
20.7019
20.6706
20.6922
20.6752
20.6583
20.6633
20.7712
20.7146
11.1193
11.1691
11.2787
11.1972
11.1116
11.2292
11.2336
11.1536
11.1437
11.1718
11.1639
11.1635
11.1404
11.1777
19.9923
19.8742
19.9542
20.0656
19.7384
19.9358
19.9752
19.9301
20.1276
20.0037
20.0243
20.1866
20.0197
20.1162
20.0158
20.2403
20.2334
20.01
20.2629
20.0257
20.2594
20.1417
20.2998
20.3092
20.1464
20.3111
20.1045
20.3354
20.4066
20.3864
20.4774
20.3511
20.4603
20.3022
20.4351
20.532
20.5185
20.5574
20.4511
20.5649
20.4173
20.5309
20.6103
20.5754
20.6478
20.4964
20.6506
20.4778
20.5862
20.7424
20.6627
20.7508
20.5582
20.77
20.5542
20.6699
21.0467
21.0529
21.0779
20.8596
20.8197
20.8581
20.8481
11.1264
11.0606
11.0191
11.0178
11.1048
11.0311
11.0266
11.129
10.9457
11.0984
11.07
11.0884
11.0386
10.9895
10.8666
11.0879
11.0651
11.0309
11.0547
10.9987
10.9021
18.8396
19.031
18.9401
18.9989
18.9228
18.8287
19.09
19.2591
18.9939
18.8617
19.3327
18.9223
19.3412
19.2506
19.2481
19.4845
19.3673
19.3334
19.4268
19.344
19.2408
19.5347
19.8626
19.7692
19.6089
19.8065
19.6499
19.4954
19.8884
20.1352
20.034
19.9737
20.0646
20.0198
19.8432
20.1734
20.374
20.2701
20.2495
20.3026
20.2874
20.1315
20.4095
20.5971
20.5144
20.4374
20.5475
20.4661
20.3752
20.6111
20.76
20.735
20.5585
20.754
20.5767
20.5872
20.7306
20.6961
20.7806
20.5601
20.7646
20.5352
20.7123
20.9379
20.8067
20.888
20.7821
20.7054
20.7141
20.7995
20.9734
20.749
10.403
10.2327
10.2785
10.0669
10.1575
10.1616
10.0216
10.6434
10.4939
10.2423
10.4346
10.5114
10.426
10.2657
10.3011
10.7356
10.6481
10.5846
10.6476
10.5382
10.343
10.4165
10.8123
10.7307
10.5943
10.7398
10.5661
10.4383
10.5201
10.8766
10.827
10.6345
10.8349
10.6196
10.5263
20.692
20.647
20.6629
20.7335
20.72
20.7327
19.2028
20.0411
19.6105
18.6905
18.1597
18.2657
19.9316
20.0063
19.8657
20.0654
19.6969
19.9949
20.0378
20.0084
20.0389
20.1433
20.0098
20.017
18.7062
19.1679
18.8347
18.9118
19.2777
19.8537
19.6204
19.6388
19.6401
19.9138
19.8664
19.6478
20.0819
20.0582
19.9721
20.0462
20.0592
20.0753
20.0521
20.0176
20.1921
20.0869
20.0748
20.2026
20.0763
20.1864
19.7935
20.0785
19.8814
19.8459
19.8916
19.7595
20.0605
20.1108
20.1597
20.0387
20.0719
20.2071
20.1999
20.0854
20.1319
20.2465
20.1761
20.1307
20.2371
20.1087
20.2695
20.294
20.3293
20.2116
20.2719
20.1763
20.1418
20.2985
20.2674
20.1605
20.3351
20.4034
20.3417
20.2868
20.3639
20.271
20.3932
20.5404
20.4981
20.4246
20.3574
20.362
20.2819
20.2598
20.3389
20.1897
20.5511
20.4962
20.59
20.523
20.5027
20.5017
20.5199
20.3943
20.4243
20.3807
20.3171
20.4164
20.3906
20.3303
20.4925
20.5151
20.4999
20.4374
20.4873
20.4217
20.5011
20.5439
20.5908
20.5489
20.5101
20.7142
20.7281
20.6482
20.6537
20.6819
20.6711
20.7074
20.4237
20.501
20.4828
20.421
20.3196
20.3786
20.381
20.6848
20.6467
20.6425
20.6682
20.636
20.6295
20.6498
20.5253
20.5455
20.5201
20.4471
20.5267
20.514
20.4627
20.5923
20.6184
20.5914
20.5199
20.5727
20.5076
20.5821
20.7357
20.7031
20.7456
20.7298
20.6898
20.6969
20.6931
20.6956
20.7538
20.7018
20.7602
20.6834
20.7149
20.7223
20.6128
20.6442
20.6169
20.5251
20.5991
20.5903
20.5341
20.7339
20.7427
20.7175
20.6014
20.663
20.5849
20.6812
20.8908
20.7725
20.8237
20.8492
20.7418
20.8907
20.9423
20.7765
20.8233
20.7934
20.6514
20.7182
20.7073
20.6529
20.8902
20.9936
20.9472
20.8232
20.8293
20.7792
20.8272
20.8201
20.9516
21.1167
21.4409
21.2379
21.0081
20.8227
20.761
20.9527
21.8605
21.4637
21.8486
21.9603
21.8717
21.9221
21.6485
21.0624
21.0266
20.8542
20.8408
20.8185
22.045
22.0295
21.8877
22.1328
22.1182
11.2738
11.146
11.0914
11.1654
11.1339
10.8783
10.9245
10.8034
10.842
10.8207
11.2192
11.2873
11.0907
11.1248
11.148
11.1476
11.1029
11.1186
11.0184
11.1665
11.1338
11.191
11.106
11.0677
11.0976
11.086
11.1243
11.0452
10.9283
10.9585
10.9173
10.8775
10.886
10.876
10.8481
11.199
11.1617
11.1771
11.0969
11.17
11.1702
11.1807
11.1571
11.1239
11.1592
11.1037
11.0834
11.0442
11.115
11.133
11.1116
11.1417
11.1143
10.9942
11.0955
11.028
11.036
11.1308
11.1015
11.1383
10.9857
11.0356
11.0457
11.1324
11.1612
11.1258
11.1265
11.1173
11.0693
11.0774
11.0131
10.9793
11.104
11.1012
11.0233
11.0349
11.0697
10.9216
20.0916
19.9081
20.0687
20.043
20.113
20.0844
20.0442
19.1697
19.2116
19.2256
19.2913
19.11
19.273
19.165
19.496
19.1383
19.06
19.4861
19.111
19.5309
19.4562
19.3227
19.3402
19.8465
19.4115
19.5314
19.5749
19.1562
20.0327
20.2416
20.2093
20.0456
20.2643
20.2164
20.0065
19.545
19.1826
19.1831
19.4871
19.493
19.2394
19.5317
19.532
19.5668
19.4732
19.4572
19.5179
19.5407
19.4589
19.7374
19.845
19.6833
19.5849
19.7639
19.7201
19.7421
20.1094
20.3098
20.2695
20.0667
20.269
20.2778
20.1002
19.5682
19.6227
19.632
19.4674
19.4771
19.6716
19.5513
19.7413
19.9369
19.8635
19.6701
19.9008
19.7767
19.6365
20.3311
20.4317
20.455
20.2614
20.3815
20.4563
20.3065
19.8653
19.9808
19.9761
19.7169
19.7549
20.0145
19.8261
20.0904
20.2299
20.1448
20.0173
20.197
20.1358
19.972
20.512
20.5064
20.5284
20.394
20.485
20.5202
20.4349
20.2132
20.2612
20.2332
20.0552
20.0994
20.2914
20.1724
20.3543
20.4596
20.3774
20.2999
20.4352
20.3823
20.2652
20.5889
20.575
20.6348
20.4764
20.5676
20.6321
20.4879
20.4234
20.4845
20.4629
20.3254
20.3595
20.5076
20.3952
20.4807
20.6326
20.5908
20.4965
20.6116
20.5011
20.4726
20.6757
20.6397
20.7223
20.5152
20.6249
20.7159
20.538
20.5176
20.6533
20.6652
20.5104
20.533
20.6719
20.5001
20.5451
20.7635
20.7705
20.6319
20.7476
20.5591
20.6165
20.956
20.9923
20.8207
20.7772
20.8128
20.9435
20.758
20.564
20.7736
20.8116
20.6461
20.659
20.7757
20.5585
20.7575
20.5325
20.8102
20.6873
20.7657
20.5065
20.7045
21.6319
21.9768
21.1783
21.3652
21.1686
21.3928
21.6803
20.7752
20.8007
20.7706
20.4805
20.7073
20.6885
20.5512
21.0667
20.9679
21.0111
20.7946
20.8486
20.8133
20.8613
22.4953
22.2268
22.2857
21.9029
21.9467
22.2068
21.8865
21.1241
21.0929
21.1707
20.9661
20.8872
20.8903
20.8753
10.7227
10.6128
10.715
10.5203
10.4876
10.5613
10.4728
11.0919
11.0509
11.0558
11.0256
11.0006
11.0113
11.0645
10.7792
10.6339
10.821
10.6159
10.5064
10.4878
10.6034
10.8605
10.7584
10.8683
10.7329
10.5068
10.7003
10.5572
11.1373
11.0027
11.072
11.0439
10.981
11.0856
11.0592
10.8824
10.7118
10.7951
10.5567
10.5072
10.875
10.7536
10.7558
10.9064
10.834
10.5412
10.9101
10.7017
10.5826
10.8732
10.7754
10.7699
10.8445
10.851
10.753
10.8041
11.1175
10.9162
11.0709
11.0118
10.8799
11.0796
11.0481
10.7034
10.9194
10.8496
10.5786
10.547
10.9202
10.744
10.7393
10.9268
10.8756
10.5793
10.9232
10.7154
10.6086
10.8462
11.0292
10.9994
10.9589
10.7105
10.9275
10.8876
10.6083
10.5888
10.9377
10.7293
10.7153
10.9072
10.9362
10.6282
19.2126
18.8671
18.8149
19.3269
19.2441
18.7907
19.2942
19.2317
19.3102
19.3067
19.3184
19.2272
19.2482
19.3203
19.4126
19.7386
19.7271
19.5575
19.4462
19.6855
19.5211
19.7588
20.0408
20.007
19.9339
19.8048
19.9753
19.8856
20.065
20.2851
20.2416
20.2285
20.1053
20.2103
20.1905
20.3179
20.5122
20.485
20.4289
20.3543
20.4517
20.3977
20.5394
20.7125
20.7145
20.557
20.5665
20.6902
20.5351
20.6952
20.766
20.7847
20.5626
20.6934
20.7943
20.5793
20.779
20.7754
20.7488
20.6085
20.7095
20.7509
20.6009
21.2313
20.9458
20.9884
20.7938
20.7977
20.7503
20.9452
21.8661
21.7209
21.706
22.2521
21.7003
21.6295
21.7569
22.1842
22.3653
21.8086
21.699
21.8139
10.2507
9.99065
9.53111
9.27848
10.6215
10.4686
10.4029
10.2225
10.3758
10.2155
10.3772
9.79953
9.60222
9.67359
9.38521
9.47667
9.63191
9.37457
9.83867
9.88447
9.79821
10.7187
10.3255
10.6212
10.527
10.2828
10.6192
10.5669
10.4143
10.794
10.7198
10.5594
10.3937
10.7096
10.593
10.4961
10.856
10.8191
10.6045
10.4891
10.8067
10.6239
10.6392
10.9224
10.8688
10.6901
11.1777
11.1629
11.1471
11.1756
11.1791
11.1663
11.1433
11.1382
11.1661
11.1261
11.1168
10.9982
11.136
11.1081
11.0809
11.0973
10.9641
11.1264
11.0281
11.0361
10.924
11.074
19.8743
19.7393
19.9928
19.9755
19.9546
20.0659
19.9361
20.0435
19.9087
20.0447
20.092
20.0695
20.1135
20.0849
19.2126
19.1718
19.226
19.2917
19.1129
19.274
19.1673
19.4964
19.4867
19.1413
19.0639
19.5312
19.4569
19.1138
20.0248
19.9306
20.0202
20.1281
20.0044
20.1868
20.1167
20.0463
20.0335
20.0071
20.242
20.2097
20.2649
20.2168
19.5452
19.4875
19.1854
19.1869
19.532
19.4933
19.2422
19.5318
19.4571
19.5683
19.4756
19.5407
19.4586
19.5198
20.0106
20.0166
20.0263
20.2408
20.2338
20.2634
20.2599
20.0669
20.1098
20.1005
20.3102
20.2698
20.2693
20.2784
19.5683
19.4673
19.624
19.633
19.5512
19.4773
19.6725
19.7416
19.6704
19.9365
19.863
19.777
19.637
19.9005
20.1465
20.1417
20.1046
20.2998
20.3092
20.3107
20.3356
20.2611
20.3304
20.3064
20.4319
20.4553
20.3815
20.4559
19.8655
19.7172
19.9803
19.9753
19.8263
19.755
20.0138
20.0903
20.017
20.2289
20.1438
20.1356
19.9717
20.1961
20.3509
20.4062
20.3018
20.3864
20.4784
20.461
20.4352
20.3926
20.5119
20.4343
20.5064
20.5281
20.4846
20.5202
20.2127
20.0548
20.2602
20.2321
20.1721
20.099
20.2903
20.3536
20.2997
20.4584
20.3759
20.3814
20.265
20.434
20.4506
20.5316
20.4152
20.5177
20.5575
20.5649
20.5312
20.4595
20.5895
20.491
20.5793
20.6342
20.5628
20.6341
20.422
20.3252
20.4833
20.4614
20.3943
20.3592
20.5065
20.4777
20.4945
20.631
20.5892
20.4948
20.4726
20.6108
20.5007
20.6081
20.4659
20.5704
20.6504
20.6499
20.5924
20.5069
20.677
20.545
20.6528
20.7192
20.6146
20.7185
20.5051
20.5085
20.6521
20.6635
20.4944
20.528
20.6695
20.5473
20.6199
20.7549
20.7728
20.5242
20.6227
20.7488
20.5667
20.7406
20.5457
20.6494
20.754
20.7672
20.6862
20.7799
20.9603
20.9957
20.7655
20.8115
20.8289
20.95
20.5159
20.6628
20.7765
20.8049
20.5857
20.6335
20.7628
20.6324
20.7461
20.4688
20.5709
20.8144
20.7357
20.7675
11.012
11.1254
11.0569
11.0294
11.0197
11.0216
11.1046
11.046
11.138
11.0683
11.0059
11.082
10.9692
11.0978
10.5754
10.8629
10.7214
10.6998
10.7792
10.5547
10.8625
10.7282
10.5625
10.8955
10.8155
10.7046
10.5899
10.892
11.0768
11.1279
11.0414
10.9422
11.1078
11.094
10.9924
11.0081
11.1129
11.062
10.9293
11.0697
10.8899
11.0846
10.7034
10.5936
10.9045
10.8354
10.7351
10.5633
10.9044
10.736
10.584
10.9289
10.8698
10.7158
10.6076
10.9261
11.0322
10.8716
11.0958
11.0644
11.054
10.9923
10.9127
10.8486
11.0417
10.9631
11.0143
10.712
10.6084
10.9268
10.8874
10.7279
10.5926
10.9386
10.7163
10.9117
10.6382
10.9482
19.0312
18.844
18.9417
19.0007
18.9268
18.8339
19.0904
19.2136
19.3274
18.8724
18.8224
19.2948
19.245
18.7981
19.2593
19.3331
18.9991
18.8692
18.9295
19.3415
19.2512
19.2303
19.318
19.3135
19.3096
19.3193
19.2266
19.2521
19.2486
19.3327
19.4858
19.3693
19.4276
19.3441
19.2401
19.4138
19.5585
19.7377
19.7257
19.5222
19.4473
19.6842
19.5354
19.6098
19.8615
19.7678
19.8051
19.6508
19.4962
19.7585
19.9341
20.0396
20.0058
19.8858
19.8044
19.974
19.8881
19.9736
20.1339
20.0327
20.0633
20.0199
19.8427
20.0657
20.2288
20.2828
20.2384
20.1908
20.1061
20.2071
20.1741
20.2496
20.3714
20.2666
20.2991
20.2874
20.1322
20.317
20.4243
20.5069
20.4809
20.3952
20.3517
20.4467
20.4047
20.4314
20.5926
20.5113
20.5449
20.4554
20.3718
20.5386
20.5427
20.7106
20.7099
20.532
20.559
20.6886
20.5985
20.5604
20.7496
20.733
20.7502
20.5462
20.5848
20.5204
20.7297
20.7695
20.7737
20.6289
20.6529
20.8002
20.6089
20.7193
20.491
20.6552
20.7839
20.7529
20.7408
20.6345
20.789
20.783
20.6382
20.7324
20.7783
20.7548
10.4042
10.6311
10.4822
10.399
10.2532
10.2378
10.5017
10.497
10.7066
10.5195
10.3363
10.6129
10.3125
10.6037
10.5407
10.3353
10.7273
10.6291
10.6379
10.5188
10.3581
10.4257
10.5639
10.7671
10.6963
10.5855
10.4007
10.6859
10.4208
10.6001
10.7965
10.7128
10.723
10.5761
10.4432
10.504
10.6027
10.8457
10.8078
10.6297
10.4869
10.7969
10.5197
10.631
10.8779
10.8161
10.8303
10.6212
10.5182
10.652
10.9121
10.6965
10.862
20.1149
20.0901
20.256
20.1569
20.2086
20.2627
20.1969
20.2158
20.3816
20.3233
20.2795
20.2595
20.2555
20.2868
20.2458
20.2352
20.1956
20.1616
20.2319
20.2507
20.1961
20.179
20.2144
20.1668
20.175
20.1628
20.3136
20.4795
20.4435
20.4208
20.4796
20.3677
20.3713
20.3761
20.3905
20.3977
20.3847
20.3777
20.4567
20.4668
20.4274
20.4269
20.4143
20.4302
20.3734
20.312
20.3856
20.3236
20.4278
20.3766
20.4081
20.357
20.3608
20.3693
20.2882
20.3052
20.3768
20.375
20.3231
20.6979
20.5539
20.607
20.5727
20.5556
20.6053
20.5633
20.5572
20.5255
20.5122
20.5221
20.5337
20.5286
20.5334
20.5643
20.5847
20.6
20.5593
20.5596
20.5486
20.5613
20.5206
20.5489
20.4996
20.4883
20.5226
20.5412
20.4853
20.5678
20.5424
20.5051
20.5408
20.5963
20.5484
20.5202
20.7122
20.7264
20.7015
20.7257
20.6914
20.6876
20.684
20.6682
20.6736
20.6688
20.6396
20.6419
20.6422
20.6364
20.7068
20.7008
20.6907
20.6676
20.6652
20.6704
20.6671
20.7729
20.8219
20.7199
20.6947
20.7437
20.7379
20.7389
20.5833
20.7487
20.8219
20.8665
20.7242
20.7442
20.7556
20.792
20.8257
20.6003
20.8348
20.6164
20.7195
20.8052
20.6286
20.5817
20.7825
20.7824
20.5828
11.1983
11.1778
11.146
11.1936
11.2559
11.2364
11.2132
11.1808
11.1583
11.1761
11.161
11.1975
11.1192
11.1937
11.2033
11.1893
11.1971
11.1617
11.1547
11.162
11.189
11.1319
11.1414
10.9043
11.038
11.2724
11.0687
11.2751
11.157
11.1528
11.1727
11.1711
11.1248
11.1477
11.14
11.1605
11.1415
11.134
11.1404
11.1545
11.159
11.1183
11.1602
11.1337
11.1325
11.0857
11.1499
11.1263
11.1216
20.0293
19.63
20.1478
19.9832
19.9228
20.0453
20.0281
19.4591
19.6567
19.5592
19.6575
19.6453
19.6517
19.7494
19.6867
20.0382
19.635
19.8294
19.639
19.7851
19.754
19.9943
20.147
20.1381
20.0226
20.1813
20.0106
20.1512
19.9254
19.7607
19.788
19.9194
19.8801
19.9247
19.9477
19.9698
19.8981
19.9704
19.807
19.7905
19.9435
19.9445
20.0627
20.2917
20.2463
20.0307
20.2637
20.0347
20.2516
20.017
19.9859
20.0735
20.0296
19.9926
20.0288
20.0568
20.0581
20.0436
20.0938
20.1073
20.027
20.0411
20.0694
20.199
20.3728
20.3643
20.1544
20.355
20.1956
20.3349
20.145
20.1744
20.2867
20.2122
20.1902
20.1744
20.2297
20.2254
20.2512
20.2795
20.3238
20.2339
20.1934
20.2687
20.4472
20.446
20.4686
20.3372
20.479
20.3858
20.4087
20.3652
20.423
20.4694
20.398
20.4434
20.4069
20.3934
20.4501
20.4944
20.4279
20.4889
20.4837
20.3975
20.4326
20.5526
20.5497
20.5931
20.4386
20.5873
20.4654
20.539
20.4339
20.5691
20.5998
20.542
20.5573
20.4597
20.5431
20.4576
20.5645
20.5608
20.622
20.5685
20.4461
20.566
20.628
20.6052
20.6707
20.4821
20.6676
20.5035
20.5822
20.4668
20.6273
20.67
20.576
20.6311
20.4816
20.5677
20.497
20.6473
20.5773
20.6871
20.647
20.4674
20.5864
20.7852
20.713
20.8238
20.6001
20.8001
20.6008
20.7042
20.4928
20.7009
20.7564
20.635
20.703
20.5083
20.6218
20.5345
20.7405
20.6558
20.7747
20.736
20.5065
20.6597
21.0192
21.0942
21.1025
20.8806
20.8601
20.8433
20.8919
20.969
20.9699
21.0133
20.7583
20.8243
20.7403
20.8263
21.1015
21.0571
21.068
20.8256
20.8953
20.8919
20.8723
21.257
21.2483
20.8771
20.8643
21.2312
21.2862
20.7431
11.0556
11.0157
10.9
11.0603
10.934
10.8617
10.8404
10.9904
10.9335
10.9527
10.8298
10.8905
10.9376
10.8612
10.618
10.6563
10.8715
10.9369
10.6739
10.6943
10.8063
11.0246
10.779
10.6604
10.6371
10.8161
10.603
10.8479
11.153
10.9997
11.0811
11.0374
11.0212
11.0376
10.9939
11.0992
10.9491
10.9988
10.8995
11.0736
10.9578
10.8743
10.9794
11.0796
11.0132
10.8593
11.0747
10.9655
10.9033
11.1317
10.9711
11.0854
11.0326
11.0964
11.0745
10.9164
10.9534
11.0811
11.0154
10.8767
11.0776
10.9818
10.8398
10.9838
11.0711
10.8162
11.0211
11.0818
10.9352
10.8597
10.8867
11.0789
11.0342
10.9823
11.0452
11.0194
10.8527
10.8939
11.0613
11.0069
10.7978
11.0535
10.9291
10.7636
10.9141
10.7528
11.0356
11.0005
11.0453
10.8807
10.785
19.0355
18.9052
18.8049
19.1852
18.8154
19.1233
19.0971
19.2532
19.0603
19.0559
19.3297
18.991
19.3355
19.2458
19.2761
19.5431
19.542
19.3986
19.4866
19.3748
19.2965
19.5832
19.9022
19.8786
19.7456
19.8441
19.7011
19.6255
19.9233
20.1638
20.1213
20.0959
20.0908
20.0553
19.9645
20.1979
20.4001
20.3615
20.3402
20.3294
20.3048
20.2376
20.4314
20.622
20.6095
20.5003
20.5776
20.4744
20.4648
20.6316
20.7695
20.7814
20.5881
20.7697
20.5744
20.6499
20.725
20.7203
20.7374
20.5293
20.76
20.536
20.6873
21.0081
20.9405
20.8741
20.8375
20.801
20.7987
20.7914
20.9108
21.3147
10.4212
10.3451
10.3221
10.1346
10.2617
10.2248
10.1526
9.71552
9.90079
10.0325
9.98854
9.87951
9.82004
9.94831
10.666
10.2919
10.5417
10.4786
10.5405
10.4969
10.2579
10.3608
10.7567
10.6719
10.5411
10.6713
10.5934
10.3373
10.4579
10.824
10.7689
10.5774
10.7549
10.6008
10.4403
10.5547
10.8825
10.8415
10.6445
10.8419
10.647
10.5499
20.5764
20.5605
20.6147
20.6285
20.617
20.6352
20.6016
20.6592
20.6211
20.5577
20.603
20.7184
20.5765
20.603
20.664
20.6222
20.7136
20.7236
20.7224
20.6259
20.6049
20.5917
19.3014
19.5766
19.7614
19.1372
19.7812
19.8213
19.3987
19.5972
19.5466
19.4646
19.7244
18.5194
18.4926
18.8856
18.8852
18.431
18.3624
18.0045
18.455
18.9128
18.0418
18.5663
20.0299
19.9231
19.8352
20.0321
19.9864
19.8561
20.0158
19.6732
19.5853
20.119
20.1433
19.4807
20.0048
20.0249
19.8882
19.9366
19.945
19.9233
19.9947
19.9269
20.0076
20.0174
19.9314
19.9424
19.9967
19.7928
20.0222
20.0102
19.9822
20.0649
20.0759
20.0163
19.936
19.9423
20.0432
20.1371
19.9753
19.9706
19.9992
19.9437
20.0633
19.9983
19.9678
20.0524
18.9093
19.1416
19.7482
19.2333
19.4543
18.9619
19.376
19.1784
19.2484
19.3706
19.4125
19.0244
19.4898
19.4456
19.5545
19.6769
19.6277
19.6166
19.2416
19.8927
19.9152
19.5635
19.4319
19.5918
19.6016
19.359
19.4602
19.5931
19.7793
20.0728
19.9646
19.8322
19.7555
20.0006
19.7916
20.0206
20.0787
19.7656
19.5252
19.6884
19.8311
19.7642
19.646
19.7546
20.0592
19.9679
20.052
20.0663
20.1108
19.9509
20.0609
20.0655
20.128
20.1003
20.0598
19.8808
20.0982
20.0971
20.0681
19.9481
20.2264
19.8732
20.1369
19.8823
20.0307
19.9571
20.2292
19.9817
19.959
20.034
19.9346
20.1242
19.9729
20.1764
20.0755
20.1356
20.2172
20.1477
20.1126
20.1353
20.1243
20.1063
20.0828
19.9626
20.0771
20.1593
20.0762
20.2044
19.9666
20.2637
20.0941
20.0743
20.0906
20.1404
19.8595
20.1991
20.1495
19.8799
19.9511
20.2595
20.0432
20.01
20.1591
20.207
20.0316
20.1417
19.9982
20.0193
20.0984
20.0661
20.0098
20.1612
20.0864
20.0414
20.1015
20.134
20.0238
19.9972
20.2113
19.9573
20.0356
19.7835
20.0774
19.8602
19.8292
20.2207
20.1876
20.0395
20.1301
20.0445
20.2497
20.2054
20.144
20.038
20.1562
20.1421
20.1498
20.1269
20.1297
20.3081
20.2336
20.0732
20.0579
20.3057
19.9259
19.9691
20.12
20.1789
20.1301
20.0666
20.1828
20.0432
20.0481
19.9837
20.1669
20.2002
20.2612
20.1814
20.2171
20.1116
20.1866
20.1576
20.1418
20.1607
20.1273
20.1504
20.162
20.1696
20.1778
19.9507
20.0557
20.1354
20.1534
20.1198
20.1582
20.2132
20.0859
20.1497
20.0938
20.2119
20.2273
20.0732
20.3194
20.1022
20.188
20.1701
20.1136
20.1731
20.1528
20.0895
20.0805
20.1626
20.1715
20.1293
20.0914
20.1652
20.0411
20.0863
20.1717
20.1634
20.0607
20.0581
20.1857
20.1747
20.2366
20.2454
20.2232
20.1682
20.1945
20.2066
20.1879
20.1839
20.0945
20.0859
20.2449
20.1085
20.2214
20.1312
20.2141
20.1491
20.1818
20.1812
20.1495
20.1992
20.1382
20.1497
20.1549
20.1698
20.1253
20.1346
20.1739
20.2403
20.2437
20.3325
20.2537
20.2237
20.3658
20.2343
20.2506
20.2051
20.0979
20.2302
20.2307
20.0977
20.1864
20.1923
20.2373
20.2787
20.1675
20.1316
20.0905
20.159
20.2264
20.3737
20.2681
20.1555
20.242
20.1429
20.2405
20.1926
20.2195
20.0364
20.0804
20.024
20.133
20.2751
20.214
20.1371
20.0447
20.0013
20.1338
20.0347
20.1661
20.2778
20.3274
20.3984
20.25
20.1589
20.1874
20.2
20.2904
20.1203
20.0562
20.0661
20.0815
20.1703
20.2244
20.3679
20.3847
20.5096
20.367
20.3337
20.317
20.3452
20.3641
20.2532
20.1682
20.29
20.3134
20.3175
20.2947
20.2701
20.2781
20.2171
20.1967
20.2845
20.2762
20.2257
20.2695
20.316
20.3375
20.3247
20.2164
20.2701
20.3061
20.3194
20.2539
20.299
20.1624
20.2399
20.24
20.2144
20.1912
20.2537
20.3286
20.2113
20.2665
20.199
20.3029
20.3301
20.1893
20.2855
20.2612
20.3428
20.2909
20.2315
20.2492
20.2777
20.3544
20.3773
20.3842
20.3638
20.3033
20.3199
20.3557
20.3489
20.2866
20.2735
20.2269
20.365
20.2449
20.3366
20.2605
20.3468
20.3071
20.3179
20.2846
20.268
20.3273
20.4388
20.3806
20.2766
20.2328
20.337
20.402
20.3375
20.373
20.314
20.3315
20.335
20.2576
20.2442
20.273
20.17
20.1472
20.1678
20.2785
20.1774
20.2725
20.1842
20.1422
20.086
20.2793
20.5094
20.4599
20.4233
20.374
20.4726
20.3843
20.4647
20.3859
20.4676
20.4279
20.3708
20.3112
20.3327
20.382
20.3129
20.2499
20.2237
20.2355
20.2441
20.2723
20.3084
20.3484
20.3873
20.3106
20.3551
20.2701
20.3255
20.294
20.3009
20.3758
20.4187
20.6076
20.4884
20.446
20.4973
20.4598
20.4776
20.5441
20.5234
20.4964
20.5024
20.4912
20.5022
20.4937
20.461
20.4233
20.452
20.4682
20.4585
20.4674
20.5202
20.4938
20.4739
20.4613
20.4936
20.5138
20.4532
20.4343
20.4118
20.4341
20.4808
20.4446
20.4263
20.4321
20.3577
20.3871
20.395
20.3558
20.3465
20.4
20.4602
20.4178
20.4327
20.3724
20.4215
20.4424
20.3576
20.4359
20.4293
20.446
20.4367
20.3875
20.3926
20.4307
20.5042
20.5167
20.5189
20.4998
20.4585
20.458
20.4963
20.4838
20.4671
20.46
20.3918
20.4719
20.4078
20.4552
20.447
20.4822
20.4719
20.4639
20.4258
20.422
20.4699
20.6372
20.5753
20.5486
20.6017
20.4644
20.6016
20.5212
20.4762
20.457
20.4312
20.5229
20.42
20.3681
20.3953
20.3771
20.4161
20.4455
20.4164
20.4756
20.4081
20.3399
20.3933
20.3667
20.3804
20.3606
20.3977
20.7065
20.6203
20.7211
20.679
20.6505
20.5936
20.4942
20.5534
20.5409
20.5633
20.5341
20.5373
20.5525
20.5338
20.4737
20.4968
20.5382
20.5095
20.463
20.6239
20.6371
20.6073
20.599
20.627
20.6063
20.6089
20.6316
20.6359
20.6462
20.615
20.6099
20.6097
20.616
20.6355
20.592
20.5932
20.5789
20.5881
20.5864
20.5855
20.5691
20.6175
20.5599
20.5514
20.6013
20.5949
20.5231
20.5449
20.5156
20.5313
20.5227
20.4878
20.4855
20.5273
20.5718
20.5457
20.5481
20.4844
20.5369
20.5482
20.4705
20.5608
20.5667
20.572
20.5514
20.5107
20.5141
20.5458
20.6231
20.6117
20.6223
20.5961
20.5561
20.5625
20.5875
20.5981
20.5701
20.569
20.4894
20.5664
20.5034
20.5548
20.5794
20.5992
20.595
20.5663
20.538
20.5343
20.5742
20.7223
20.7392
20.7272
20.7162
20.7123
20.7059
20.7371
20.5629
20.5583
20.5742
20.568
20.5858
20.5721
20.5332
20.5596
20.5885
20.6015
20.6
20.5978
20.5835
20.5644
20.7037
20.7184
20.708
20.7173
20.705
20.7081
20.7165
20.5525
20.6246
20.603
20.6177
20.6018
20.5987
20.5738
20.7322
20.7444
20.6872
20.7504
20.718
20.7092
20.7065
20.739
20.7738
20.7432
20.7126
20.719
20.6957
20.7202
20.7064
20.5891
20.6718
20.7494
20.6039
20.7453
20.6082
20.7181
20.7571
20.731
20.6905
20.6938
20.6886
20.6976
20.6472
20.6443
20.6543
20.6086
20.5855
20.5766
20.618
20.6637
20.6423
20.6377
20.549
20.6084
20.6189
20.5373
20.6637
20.6969
20.6777
20.6415
20.6077
20.6104
20.6321
20.7777
20.7528
20.7792
20.7045
20.6809
20.6867
20.6941
20.7033
20.6765
20.6791
20.5496
20.6476
20.5687
20.6318
20.7242
20.7185
20.7363
20.6579
20.6425
20.6415
20.6697
20.6667
20.7167
20.617
20.6073
20.8143
20.8044
20.6432
20.8203
20.8012
20.8385
20.7286
20.7192
20.7237
20.7415
20.8515
20.8611
20.834
20.7095
20.7624
20.7564
20.7174
20.8181
20.893
20.877
20.7661
20.7684
20.7261
20.773
20.9315
20.7898
20.9534
20.8901
20.9037
20.7649
20.7938
20.7689
20.7962
20.9536
20.9157
20.9071
20.7978
20.7323
20.7601
20.7883
20.957
20.8279
20.648
20.5666
20.881
20.9282
20.6236
21.0771
21.0289
20.7014
20.53
20.7167
20.9835
21.0302
20.9809
20.5829
20.7888
20.6058
21.0161
20.97
20.9916
21.0754
20.8558
21.1285
21.0867
20.9413
21.1176
21.2314
21.224
21.0842
20.7485
20.7251
20.9253
20.9407
20.6758
20.6924
20.9171
20.5182
20.8735
20.8256
20.7246
20.6749
21.5128
21.6549
21.4248
21.2481
21.4352
21.5604
21.4709
21.4995
21.404
20.9434
20.8869
21.0995
21.1089
21.2147
20.9414
20.779
21.1714
21.1692
21.3948
21.2523
21.4859
21.2171
20.8217
20.9391
21.2191
21.1142
20.7408
20.7178
21.143
21.1162
21.1463
21.593
21.5679
21.3154
21.334
10.8864
11.1244
11.1661
10.9089
10.9324
10.9366
10.8678
10.8439
10.9232
10.9801
11.192
11.1924
11.122
11.0954
11.218
11.238
11.2098
11.1607
11.3508
11.2624
11.2615
11.2095
11.295
11.0808
11.0049
11.0748
11.2159
11.0183
11.2286
10.8839
11.0277
11.1952
11.285
10.9731
11.0498
11.1098
11.1911
11.207
11.124
11.1462
11.1494
11.0492
11.107
11.1064
11.089
11.333
11.1691
11.1417
11.1599
11.0675
11.225
11.1653
11.0018
10.8454
11.2603
11.2042
11.0683
10.9483
11.2062
10.8932
10.9408
11.0191
11.1995
10.9102
10.8069
11.1057
10.9911
11.2249
11.1801
11.1706
11.1507
11.1614
11.14
11.1318
11.1583
11.0695
11.1731
11.1862
11.0969
11.1052
11.0973
11.0732
11.1669
11.1688
11.156
11.1584
11.205
11.1114
11.1788
11.0604
11.1428
11.0175
10.9725
11.0275
11.0571
11.0182
11.0719
11.0531
11.0205
11.0233
10.9958
11.0222
11.1809
11.0922
11.1564
10.9499
10.9975
11.1025
11.0135
11.1777
10.9662
11.0285
10.9092
11.192
11.0809
11.0074
10.9114
11.0353
11.0281
11.0513
10.9508
10.9279
10.9976
10.9009
11.0784
10.9762
11.0105
10.8754
10.901
11.1115
11.0904
10.9499
11.0427
10.8051
10.8361
10.8953
10.8585
11.02
11.0664
10.9087
11.1905
11.1643
11.1712
11.1902
11.1764
11.2147
11.2102
11.1643
11.1358
11.1608
11.1606
11.1402
11.1564
11.1516
11.2015
11.1368
11.1788
11.1609
11.1536
11.1645
11.1602
11.0893
11.1989
11.1496
11.124
11.138
11.143
11.1238
11.1186
11.1566
11.164
11.131
11.0207
11.0677
11.0977
11.1783
11.1343
11.138
11.1309
11.1445
11.1402
11.1218
11.1195
11.1554
11.1333
11.1063
11.1333
11.1413
11.0866
11.1164
11.1568
11.1483
11.098
11.0409
11.1191
11.0086
11.1615
11.139
11.122
11.1082
11.1444
11.1562
11.1172
11.2093
10.9319
11.0571
11.1973
10.9997
10.9921
11.1688
11.1329
11.1672
11.1354
11.1064
11.1423
11.1529
11.1242
11.1401
11.1056
11.1163
11.069
11.1089
11.1336
11.1002
11.1075
11.153
11.1157
11.0503
11.1107
11.059
11.1387
11.1354
11.1157
11.1084
11.0804
11.0743
11.0665
11.0918
10.9491
10.9893
11.0994
11.0439
11.0587
11.133
11.0953
11.095
11.1204
11.1027
11.028
10.9944
11.1028
11.073
11.0901
11.0148
11.0405
11.0877
10.9558
11.0752
11.0538
10.9157
10.9902
11.115
11.1055
11.0915
11.0779
11.0688
11.0316
20.0433
19.8481
20.0299
20.0052
20.0382
20.0304
20.0192
19.8945
19.6844
19.717
19.9203
19.9084
19.6125
19.8798
19.8601
19.7142
19.8251
19.792
19.8203
19.6427
19.8732
19.3675
19.3908
19.4544
19.5221
19.4193
19.4713
19.376
19.3227
19.0936
19.1405
19.3622
19.2995
19.1459
19.3898
19.5414
19.3932
19.5792
19.3741
19.5011
19.3595
19.6078
19.6807
19.3884
19.3673
19.7213
19.3573
19.6859
19.7155
19.477
19.0589
19.1181
19.3888
19.1104
19.4209
19.4395
19.6759
19.6112
19.3762
19.3441
19.3585
19.6693
19.6226
19.9769
20.2287
20.1842
20.0157
20.2021
20.1632
20.0387
20.0198
19.9643
19.9716
20.0281
19.9906
19.9359
19.9993
19.9733
19.8291
19.972
19.9211
20.001
19.8766
20.0002
19.724
19.4244
19.5078
19.7221
19.7419
19.4763
19.7052
19.5357
19.2441
19.3506
19.4761
19.483
19.2966
19.5385
19.707
19.7515
19.541
19.5671
19.7406
19.5207
19.7188
19.7074
19.759
19.7292
19.7848
19.7152
19.7688
19.7256
19.5327
19.4142
19.4085
19.4671
19.4598
19.5299
19.4593
19.7165
19.7524
19.6768
19.616
19.6626
19.7641
19.7034
20.0611
20.2517
20.2695
20.0622
20.3037
20.2395
20.0432
20.1288
20.1343
20.2124
20.1792
20.1044
20.1248
20.1582
20.0703
20.081
20.1117
20.1785
20.0901
20.0912
20.1334
19.7472
19.8084
19.8509
19.7958
19.8189
19.8484
19.7251
19.5984
19.6853
19.7678
19.5283
19.5045
19.7238
19.6264
19.7699
19.8677
19.8952
19.9292
19.8408
19.8943
19.7956
19.8913
20.0769
20.0439
19.9939
20.0477
19.9641
19.9247
19.6952
19.8191
19.8146
19.5656
19.8542
19.6651
19.5934
19.8547
19.8976
20.0013
19.9733
20.0052
19.9268
19.8253
20.2734
20.3646
20.4113
20.2531
20.4046
20.4163
20.2103
20.3432
20.374
20.4278
20.3607
20.3083
20.3576
20.3599
20.2482
20.2963
20.3195
20.3986
20.2832
20.3138
20.3235
20.0012
20.1176
20.1431
20.0374
20.0653
20.1456
19.9654
19.9146
20.0144
20.0894
19.8426
19.8017
20.0563
19.9567
20.0427
20.1404
20.1861
20.2127
20.1131
20.1849
20.0788
20.1929
20.3343
20.3214
20.289
20.3083
20.2617
20.2286
20.049
20.1149
20.1286
19.8859
20.1638
20.0019
19.9306
20.1543
20.1892
20.2866
20.2494
20.2791
20.2229
20.1169
20.4832
20.446
20.4914
20.4135
20.473
20.492
20.3675
20.4668
20.5532
20.5451
20.507
20.4197
20.5515
20.5109
20.412
20.5258
20.4713
20.5213
20.4678
20.5301
20.468
20.2909
20.3599
20.4095
20.3259
20.3478
20.3828
20.2636
20.2425
20.2591
20.3514
20.1692
20.1327
20.3214
20.2779
20.3233
20.3935
20.4431
20.4324
20.3815
20.4108
20.3472
20.4289
20.5257
20.5304
20.4458
20.505
20.443
20.4492
20.3342
20.3481
20.3812
20.2005
20.4076
20.3032
20.236
20.4003
20.4194
20.5082
20.4593
20.4797
20.4243
20.3781
20.5705
20.5541
20.6113
20.4788
20.5635
20.6161
20.457
20.4751
20.6114
20.6699
20.5622
20.465
20.6047
20.5693
20.4586
20.5792
20.5708
20.6595
20.4675
20.5845
20.5606
20.4921
20.5507
20.5672
20.4583
20.467
20.572
20.472
20.431
20.4886
20.55
20.4112
20.3816
20.5293
20.4554
20.5084
20.4815
20.5802
20.61
20.473
20.5933
20.5222
20.5501
20.6711
20.6332
20.502
20.6599
20.4981
20.558
20.4777
20.5635
20.5701
20.4335
20.5877
20.4618
20.456
20.5376
20.4892
20.6125
20.628
20.6412
20.487
20.5335
20.6525
20.5964
20.6901
20.5207
20.6187
20.6933
20.4939
20.5034
20.6823
20.7332
20.6096
20.4777
20.6794
20.6218
20.4709
20.6621
20.6042
20.7179
20.5039
20.6633
20.594
20.5768
20.6859
20.681
20.5073
20.5073
20.6984
20.5692
20.5177
20.6892
20.7015
20.5682
20.5486
20.6892
20.5295
20.5918
20.5043
20.6966
20.7367
20.5147
20.7184
20.5977
20.6344
20.7747
20.7075
20.5017
20.7807
20.5103
20.6316
20.543
20.7524
20.7162
20.5844
20.7296
20.5315
20.6016
20.6185
20.5142
20.6947
20.7594
20.7706
20.5008
20.6165
20.8868
20.764
20.878
20.6748
20.7702
20.8995
20.6738
20.8951
20.6367
20.8712
20.762
20.6613
20.8705
20.7464
20.5629
20.7853
20.823
20.7045
20.5695
20.8099
20.6924
20.6362
20.7777
20.7239
20.5111
20.5017
20.7799
20.6427
20.5589
20.8252
20.762
20.6828
20.6759
20.7716
20.5509
20.6528
20.4962
20.7369
20.7895
20.5119
20.7895
20.6458
20.8252
20.7007
20.7802
20.5447
20.8185
20.5113
20.6949
20.529
20.8114
20.7638
20.6963
20.7587
20.5433
20.6881
20.6537
20.7595
20.5062
20.8025
20.8007
20.5105
20.6694
21.0905
20.8835
21.1862
21.14
20.9257
20.9436
20.9533
21.1519
21.1552
21.1219
20.9458
20.9199
20.9253
20.9348
21.5479
21.4393
20.9385
21.0161
21.5277
21.4602
21.1375
20.7755
21.347
21.5993
21.5687
20.9986
21.5192
21.0773
20.8522
20.8854
20.8746
20.7182
20.5917
20.6119
20.7388
20.8158
20.8323
20.8118
20.5826
20.7151
20.75
20.5618
20.9421
20.9733
20.9193
20.8154
20.73
20.7085
20.813
21.1578
21.1938
21.1325
20.9198
20.9221
20.9446
20.9222
20.879
20.9017
20.9244
20.6977
20.7763
20.6696
20.7874
21.1081
20.9994
21.0618
20.8717
20.8355
20.8552
20.8897
22.7309
22.4634
22.2083
22.2972
22.6331
22.7726
22.5573
21.3974
21.7186
21.9066
21.9069
21.7274
21.7249
21.6992
22.3719
22.4487
22.505
22.9516
23.0856
22.8764
22.657
22.5999
22.5915
23.0319
23.1503
22.3692
22.7348
22.7276
22.2774
21.5532
22.2032
22.181
22.4701
21.8935
21.935
21.8105
21.5646
22.212
22.0791
22.1968
22.4414
21.9245
21.1719
21.0551
21.1866
20.9433
21.0076
20.9355
20.9434
21.1195
21.2585
21.1476
20.9072
20.9059
20.9055
21.0189
21.1372
20.9458
21.6161
21.0836
21.5754
21.8127
21.2493
21.0174
21.6617
21.5399
21.1777
21.6918
21.5778
21.4084
20.8286
21.4954
21.8932
21.1185
21.0905
20.8801
20.8837
20.9098
20.8885
21.4911
21.2471
21.1233
21.7688
21.6031
22.3088
22.8064
22.4205
22.5538
23.0683
22.4634
22.9185
21.9203
22.6519
22.3808
22.5486
22.3384
22.7667
22.1146
22.4835
22.6228
22.0506
22.2232
22.0405
22.4346
22.4643
22.1064
21.8755
22.2542
22.3056
22.0355
21.9025
22.5392
21.9085
22.3065
22.3195
21.5791
22.2254
22.5526
22.1793
22.6825
22.3514
21.7708
22.4313
22.132
22.2101
21.9405
10.5432
10.6598
10.3674
10.3622
10.487
10.0902
10.3056
10.3089
10.1056
10.179
10.772
10.8967
10.7439
10.6397
10.6732
10.7446
10.6643
10.5836
10.6486
10.6655
10.5302
10.4093
10.4528
10.452
10.7625
10.6411
10.3674
10.6015
10.4621
10.4137
10.7251
10.6339
10.5464
10.657
10.3725
10.2275
10.2334
10.3783
10.4493
10.2388
10.3947
10.1888
9.95549
10.0042
9.76418
9.85388
9.75555
9.98058
9.85777
9.73574
9.97771
10.0092
10.372
10.3368
10.3385
10.1409
10.3112
10.2174
10.1249
10.1248
10.1456
10.1274
9.96451
9.89356
10.0101
9.87329
10.2908
10.0671
10.3316
10.0511
10.3934
10.4015
10.2683
10.0532
10.1298
10.3593
10.3942
10.0874
10.1619
9.96283
9.8274
9.9562
10.1063
10.1414
11.0346
11.0195
11.0465
10.999
11.0702
10.9855
10.9434
11.0804
11.0226
11.0545
10.9378
10.8734
10.9404
10.9035
11.0135
10.9607
11.0127
10.9155
10.8917
10.876
10.8989
10.7537
10.9036
11.0364
10.9427
10.8239
10.7077
11.0208
10.7948
10.8772
10.7989
10.7063
10.7691
10.7472
10.7083
10.7069
10.8276
10.8529
10.6463
10.5041
10.5282
10.644
10.8938
10.888
10.8268
10.7333
10.7916
10.7682
10.7259
10.8932
10.9793
10.8857
10.7486
10.8304
10.8437
10.7184
10.743
10.8419
10.8464
10.6837
10.5508
10.6906
10.5069
10.996
10.8164
10.876
10.718
10.8129
10.8102
10.7274
10.7648
10.6006
10.5554
10.5645
10.4645
10.4066
10.3993
10.6344
10.6672
10.6601
10.5625
10.4762
10.5329
10.5023
10.6397
10.698
10.5585
10.5343
10.5484
10.6319
10.7316
10.6287
10.8029
10.5593
10.6192
10.4092
10.5127
10.5788
10.8155
10.7975
10.799
10.6202
10.7086
10.7393
10.6553
10.8358
10.8608
10.6671
10.6818
10.7987
10.6071
10.8635
11.1278
10.9965
11.0769
11.047
11.0125
11.0765
11.0384
10.9976
11.0813
11.0313
10.8489
10.9662
11.0922
10.8777
10.9636
11.0925
10.894
11.0271
11.0041
11.0842
10.8463
10.9125
10.7089
10.9925
10.877
10.8512
10.9032
10.7496
10.7651
10.8163
10.8845
10.5121
10.5586
10.8921
10.7187
10.7446
11.0009
10.8552
10.9286
10.895
10.9375
10.6947
10.7277
10.9426
11.0094
10.8536
10.9505
10.899
10.6772
10.711
10.8221
10.9004
10.5633
10.8934
10.767
10.5306
10.6844
10.904
11.0003
10.9455
10.9378
10.8586
10.7384
11.1161
10.8918
11.0909
11.0659
10.9466
11.0788
11.0247
10.9498
11.0651
11.0171
10.7796
10.9082
11.0707
10.8171
10.9193
11.0772
10.8405
11.0133
10.9731
11.0667
10.797
10.6836
10.951
11.0037
10.8875
10.8479
10.9481
10.7151
10.7369
10.8583
10.9251
10.5549
10.5818
10.9255
10.7057
10.721
10.8418
11.0043
10.9474
10.8801
10.9508
10.693
10.7132
10.9416
10.9977
10.8091
10.9367
10.8423
10.6837
10.7146
10.8699
10.9262
10.5922
10.927
10.7372
10.5677
10.6954
10.8642
10.9914
10.944
10.9382
10.8216
10.7251
10.8379
11.0373
11.0243
10.9951
10.8725
11.0121
10.9535
10.8724
10.968
11.0029
10.7564
10.8678
10.7785
11.0249
10.9744
10.8973
11.0175
10.7403
10.6802
10.9416
10.9957
10.8281
10.799
10.9425
10.7057
10.725
10.8899
10.9381
10.6011
10.6153
10.9345
10.704
10.6944
10.7932
10.9911
10.944
10.8193
10.9374
10.6722
10.6882
10.9655
10.9326
10.7891
10.6998
10.9025
10.9392
10.6259
10.9398
10.7227
10.6103
10.6651
10.8059
10.9726
10.9352
10.9356
10.7767
10.6873
19.187
18.8653
18.7931
19.2207
19.1349
18.7863
19.272
19.2295
19.2468
19.1224
19.3245
19.2397
19.1842
19.3166
19.3675
19.6938
19.5936
19.4413
19.3359
19.6419
19.474
19.7164
20.0092
19.9123
19.7931
19.6708
19.9459
19.8412
20.036
20.256
20.1498
20.1258
19.995
20.182
20.1651
20.2966
20.4839
20.3891
20.3548
20.2596
20.4221
20.3856
20.5176
20.6925
20.6372
20.5073
20.4867
20.6657
20.531
20.6789
20.7732
20.7907
20.5819
20.6665
20.7953
20.5847
20.7419
20.7051
20.7403
20.5144
20.7261
20.7284
20.547
21.0462
20.9929
20.9951
20.7899
20.9046
20.819
20.7902
21.2816
21.5306
21.3618
20.991
21.2359
21.8243
20.9029
21.4545
21.8726
22.2633
21.7309
22.0478
21.6539
21.5508
21.7023
21.5395
9.88646
9.68192
9.20387
9.57736
10.5565
10.3921
10.4666
10.191
10.2906
10.1929
10.3282
9.7025
9.62225
9.53778
9.28969
9.25124
9.74073
9.64545
10.698
10.2683
10.5889
10.54
10.3089
10.5896
10.5055
10.3693
10.7796
10.688
10.5877
10.3968
10.6936
10.5482
10.4624
10.8497
10.7822
10.6117
10.4806
10.7959
10.5958
10.5831
10.8998
10.8491
10.6725
10.5879
10.849
10.6641
11.1675
11.1801
11.1811
11.1682
11.1261
11.148
11.1437
11.1666
11.1406
11.1653
11.1493
11.1365
11.1616
11.1197
11.1672
11.1437
11.1336
11.0876
11.157
11.1396
11.1218
11.1504
11.1731
11.1666
11.1195
11.1377
11.1444
11.1239
11.1452
11.1045
11.0647
11.1262
11.1308
11.1408
11.099
11.11
11.1578
11.0526
11.1314
11.1288
11.1515
11.0901
11.0578
11.1435
11.1204
11.1118
11.0882
11.0888
10.9503
11.0987
11.0574
10.9808
11.1124
11.0586
11.1405
11.1039
11.0971
11.1296
11.0293
11.1027
10.9965
11.1086
11.0946
11.0759
11.0214
11.049
10.9609
11.0884
11.0609
10.9243
11.0784
10.9937
11.1211
11.1131
11.0937
11.0775
11.0329
11.0817
19.6295
19.9836
20.0455
20.0296
20.1477
19.9234
20.0285
19.4595
19.6572
19.5595
19.6578
19.6462
19.6523
19.7499
19.687
20.039
19.6359
19.8299
19.6394
19.7855
19.7545
19.8488
20.0056
20.0196
20.0438
20.03
20.0386
20.0307
19.8949
19.6851
19.9208
19.718
19.8804
19.9088
19.6132
19.8605
19.7149
19.8256
19.793
19.8206
19.8738
19.6435
19.3691
19.3912
19.4551
19.5228
19.4205
19.4718
19.3777
19.3231
19.0968
19.3632
19.143
19.3902
19.3005
19.1483
19.5422
19.3945
19.5797
19.376
19.5016
19.6086
19.3613
19.6813
19.3906
19.7217
19.3688
19.6864
19.7161
19.3593
19.4774
19.0627
19.3897
19.1208
19.4213
19.4403
19.1132
19.6766
19.6116
19.3777
19.3461
19.6698
19.6233
19.3606
19.995
20.0232
20.0111
20.1475
20.1383
20.1813
20.1516
19.9258
19.7612
19.9198
19.7888
19.8808
19.9251
19.9481
19.9702
19.8988
19.9707
19.8079
19.7911
19.9439
19.9449
19.9778
20.0162
20.0393
20.2291
20.1846
20.2026
20.1636
20.0202
19.9649
20.0284
19.9723
19.9996
19.991
19.9365
19.9737
19.8297
19.9723
19.9217
20.0013
20.0005
19.8772
19.7244
19.4265
19.7225
19.5092
19.7057
19.7422
19.4783
19.5358
19.2479
19.4761
19.3532
19.5386
19.4831
19.2994
19.7073
19.7517
19.5425
19.5689
19.7409
19.7191
19.5228
19.7075
19.7601
19.785
19.7303
19.769
19.7257
19.7164
19.5326
19.4169
19.4669
19.4109
19.5299
19.4591
19.4619
19.7167
19.7526
19.678
19.6177
19.7644
19.7036
19.6641
20.0634
20.0312
20.0353
20.2922
20.247
20.2643
20.2521
20.0175
19.9865
20.0299
20.074
19.9932
20.0293
20.0571
20.0585
20.0441
20.0941
20.1076
20.0275
20.0415
20.0697
20.0617
20.0626
20.0436
20.2521
20.2702
20.3042
20.2401
20.129
20.1345
20.1793
20.2126
20.1584
20.1046
20.1251
20.0706
20.0814
20.112
20.1787
20.0904
20.1336
20.0916
19.7474
19.8094
19.7959
19.8515
19.7253
19.819
19.849
19.5986
19.6859
19.5287
19.7682
19.6266
19.5048
19.7244
19.7701
19.8679
19.8957
19.9294
19.841
19.7958
19.8949
19.8914
20.0766
19.994
20.0439
19.9642
19.9247
20.0476
19.6955
19.8188
19.566
19.8146
19.6653
19.5939
19.8541
19.8549
19.8977
20.0013
19.9734
19.9269
19.8255
20.0052
20.1988
20.1543
20.1956
20.3729
20.3636
20.3544
20.3349
20.1451
20.1744
20.2122
20.2863
20.1901
20.1746
20.2297
20.2254
20.2509
20.2794
20.3232
20.2336
20.1933
20.2687
20.2728
20.253
20.2101
20.3645
20.4106
20.4046
20.416
20.343
20.3734
20.3605
20.4275
20.3598
20.3079
20.3571
20.248
20.2959
20.3194
20.3982
20.2831
20.3234
20.3134
20.0011
20.1172
20.0374
20.1426
19.9654
20.0653
20.145
19.9148
20.0135
19.8426
20.0887
19.9567
19.8018
20.0555
20.0426
20.1402
20.1856
20.212
20.1131
20.0786
20.1843
20.1926
20.3337
20.2887
20.3207
20.2614
20.2283
20.3076
20.0488
20.1139
19.8857
20.1278
20.0018
19.9304
20.1629
20.1541
20.1891
20.2859
20.2488
20.2227
20.1167
20.2784
20.4469
20.3366
20.3855
20.4461
20.4691
20.4799
20.4086
20.3647
20.422
20.3979
20.4696
20.4427
20.4065
20.3933
20.4498
20.4937
20.4277
20.4892
20.4831
20.3969
20.4325
20.4828
20.4131
20.3666
20.4458
20.4918
20.4731
20.492
20.4664
20.5528
20.5065
20.5451
20.5109
20.4183
20.5514
20.4111
20.5254
20.4712
20.5212
20.4674
20.4677
20.5296
20.2905
20.3594
20.3255
20.4087
20.2632
20.3473
20.3823
20.2421
20.258
20.1689
20.3503
20.2774
20.1323
20.3203
20.323
20.3929
20.4423
20.4319
20.3811
20.3468
20.4103
20.4285
20.5252
20.4446
20.5299
20.4423
20.4487
20.5046
20.3336
20.3467
20.2003
20.3801
20.3027
20.2359
20.4064
20.3999
20.4188
20.5076
20.4588
20.4235
20.3778
20.4791
20.5527
20.4347
20.4649
20.5503
20.5932
20.5879
20.5375
20.432
20.5693
20.542
20.5996
20.5575
20.459
20.542
20.4565
20.5642
20.5594
20.6227
20.5689
20.4428
20.5663
20.5691
20.4792
20.4499
20.5518
20.6126
20.5654
20.6163
20.4744
20.6107
20.5603
20.6732
20.572
20.4585
20.6055
20.4537
20.5796
20.5719
20.661
20.4664
20.5589
20.5838
20.4913
20.5504
20.4573
20.567
20.4717
20.4651
20.5717
20.4296
20.4872
20.4108
20.5489
20.4532
20.3814
20.5283
20.5081
20.4785
20.5803
20.6103
20.4715
20.5213
20.5936
20.5512
20.6727
20.496
20.6344
20.4964
20.557
20.662
20.4742
20.5622
20.4333
20.5692
20.4598
20.4555
20.5866
20.5366
20.4875
20.6123
20.6291
20.4825
20.5337
20.6423
20.6292
20.4744
20.5121
20.6106
20.6696
20.6699
20.5771
20.4585
20.6287
20.5812
20.6714
20.6299
20.4818
20.5654
20.4993
20.6447
20.5722
20.691
20.6484
20.4563
20.5937
20.6502
20.527
20.4868
20.5897
20.6923
20.6267
20.6912
20.5173
20.6752
20.5912
20.7364
20.6426
20.4479
20.6807
20.454
20.6632
20.6137
20.7148
20.5095
20.5825
20.6589
20.5742
20.6888
20.5065
20.6817
20.5718
20.4988
20.6997
20.5097
20.6883
20.5616
20.6984
20.5132
20.5462
20.6884
20.5943
20.4867
20.6992
20.7381
20.5127
20.5939
20.7217
20.651
20.768
20.4616
20.7088
20.526
20.608
20.785
20.5169
20.7508
20.5838
20.716
20.5258
20.5935
20.724
20.6089
20.5138
20.689
20.7639
20.4727
20.6257
20.7697
20.7884
20.5976
20.6089
20.7249
20.8243
20.804
20.6982
20.4646
20.7017
20.6631
20.7485
20.6947
20.5209
20.5954
20.5458
20.7368
20.628
20.7783
20.7388
20.4987
20.68
20.8884
20.682
20.674
20.7589
20.8841
20.776
20.901
20.9009
20.75
20.6619
20.6516
20.8815
20.768
20.8791
20.5597
20.7918
20.822
20.7206
20.583
20.6752
20.8118
20.6002
20.7814
20.5348
20.7122
20.6699
20.4571
20.771
20.5941
20.8309
20.6483
20.7475
20.4997
20.6962
20.772
20.6817
20.4489
20.7373
20.7792
20.5389
20.6052
20.7932
20.8245
20.534
20.6604
20.7183
20.7868
20.5592
20.8256
20.4781
20.7996
20.7274
20.7662
20.5839
20.6405
20.745
20.6142
20.7524
20.5362
20.807
20.473
20.7015
20.7919
11.1519
11.0371
11.0341
10.9993
11.0847
11.0233
11.0001
11.0924
10.8844
10.9421
10.9425
10.9923
11.0689
10.891
10.9577
11.0769
11.0032
10.8847
11.0683
10.9569
10.9045
11.1288
11.0484
11.0397
10.9901
11.082
11.011
11.0852
10.9914
11.0755
10.8389
11.0332
10.8853
10.9584
11.0871
10.9555
11.0856
10.9014
11.0262
10.9768
10.8705
11.0799
10.8888
10.8462
10.7564
10.747
10.9856
10.8507
10.8878
10.7203
10.7852
10.5615
10.8747
10.7027
10.5861
10.8681
10.7564
10.9877
10.8439
10.9165
10.8555
10.7379
10.915
10.7457
10.936
10.8389
11.0035
10.8625
10.7158
10.9352
10.7036
10.8057
10.587
10.8806
10.7243
10.5619
10.8849
10.7286
10.8627
10.9999
10.925
10.8416
10.7546
10.9283
11.1318
11.0361
11.0805
10.9742
11.0903
11.1036
10.9185
10.9556
11.0828
10.8697
11.0294
11.0703
10.9998
10.8186
10.9953
11.0649
10.8126
11.0368
11.0778
10.9412
10.8522
11.1085
11.0762
11.0266
10.8988
11.0965
10.9536
11.0817
10.9584
11.0628
10.7864
11.0188
10.8233
10.9167
11.0689
10.9253
11.074
10.847
11.0136
10.9799
10.8006
11.0635
10.6997
10.9443
10.8736
11.0018
10.7382
10.8296
10.9403
10.7347
10.8459
10.5685
10.916
10.7063
10.5952
10.9135
10.7258
10.8302
11.0096
10.9472
10.8685
10.692
10.948
10.7164
10.9437
10.8129
10.9977
10.8457
10.6866
10.9457
10.7078
10.865
10.6002
10.9217
10.7342
10.5768
10.9233
10.6914
10.8634
10.9991
10.9499
10.8258
10.7188
10.9486
10.8856
11.0895
10.973
11.0425
11.0495
11.0081
10.8492
10.9027
11.0616
10.8051
11.0088
11.052
10.9406
10.7716
10.9205
10.7607
11.0361
11.0036
11.0445
10.8839
10.7931
10.8295
11.0587
10.9873
11.034
10.9568
10.865
11.0239
10.8713
10.9761
10.7576
11.0123
10.8661
10.7814
11.0283
10.9839
10.8965
10.7463
11.0229
10.6841
10.9439
10.8323
10.9966
10.709
10.8031
10.9446
10.7261
10.8889
10.6075
10.9389
10.7061
10.6189
10.9345
10.6983
10.7955
10.9926
10.9463
10.8237
10.6743
10.9397
10.6801
10.976
10.7864
10.9317
10.7052
10.8976
10.633
10.9386
10.7238
10.6179
10.9476
10.6668
10.8111
10.9758
10.9395
10.7735
10.6916
10.9387
19.0372
18.9096
19.1858
18.8113
18.8212
19.1237
19.0988
19.1883
18.8705
19.2212
18.8
19.2726
19.1363
18.7935
19.2528
19.0655
19.3295
19.0622
18.998
19.3354
19.2453
19.2284
19.2508
19.324
19.1281
19.3161
19.2386
19.1891
19.2769
19.5437
19.3993
19.5415
19.4868
19.3753
19.2977
19.3687
19.6931
19.4425
19.5927
19.475
19.3373
19.6407
19.5836
19.9011
19.7462
19.8772
19.8427
19.7018
19.6258
19.7164
20.008
19.7935
19.911
19.8415
19.6708
19.9446
19.9229
20.1623
20.0961
20.1197
20.0893
20.0552
19.9647
20.0368
20.254
20.126
20.1476
20.1655
19.9954
20.1793
20.1982
20.3972
20.3398
20.3582
20.3258
20.3044
20.2382
20.2977
20.4806
20.3537
20.3853
20.3853
20.2595
20.4188
20.4262
20.6182
20.4881
20.6073
20.5752
20.4638
20.4585
20.5126
20.6883
20.4984
20.6354
20.518
20.4824
20.6635
20.638
20.7697
20.5562
20.7766
20.7725
20.5838
20.6332
20.6508
20.7614
20.6222
20.7965
20.542
20.6852
20.7869
20.7254
20.5109
20.5772
20.7287
20.7269
20.7597
20.6646
20.7486
20.5726
20.5749
20.7158
20.7371
20.733
20.7292
10.6526
10.4509
10.4638
10.2818
10.5329
10.5279
10.2571
10.6941
10.4958
10.4732
10.2823
10.5746
10.301
10.5837
10.3812
10.7369
10.538
10.6578
10.6499
10.5597
10.3609
10.3849
10.7529
10.574
10.6691
10.55
10.4091
10.674
10.4651
10.8079
10.5905
10.7557
10.7406
10.6119
10.4477
10.4668
10.8313
10.6238
10.7722
10.5982
10.4887
10.7838
10.5556
10.8819
10.6483
10.8443
10.8406
10.6467
10.5651
10.5969
10.8955
10.6759
10.8465
10.6714
10.5998
10.8469
20.7474
20.6992
20.6834
20.7102
20.6998
20.7389
20.7018
11.1045
11.0692
11.1085
11.0858
11.049
11.0389
11.0581
18.5047
18.8689
18.7046
18.5746
18.9897
19.6216
19.4672
20.1436
20.0065
20.1048
20.0416
19.9961
20.0663
19.9825
20.3111
20.2326
20.2294
20.1677
20.194
20.242
20.1264
20.4693
20.3653
20.3911
20.3615
20.3869
20.4358
20.316
20.4595
20.6289
20.5111
20.5265
20.564
20.6247
20.4662
20.8279
20.5527
20.62
20.6304
20.7918
20.8904
20.5726
21.3299
20.8383
20.9498
21.0358
21.2733
21.4918
20.8926
22.2498
22.2561
21.8836
22.4948
22.1659
21.9896
22.3199
10.9615
10.9222
10.9239
10.8438
10.8745
10.8855
10.8382
10.9185
10.8631
10.9465
10.8887
10.8975
10.9076
10.8499
18.614
18.5855
18.739
19.1163
19.0859
19.1781
19.5094
19.4156
19.4888
19.8016
19.6906
19.7541
20.0415
19.9369
19.9938
20.281
20.1568
20.2183
20.5874
20.4018
20.4753
21.0568
20.7516
20.8763
21.6235
21.2612
21.3928
10.1447
10.0279
10.1252
10.3741
10.4579
10.4331
10.6361
10.5595
10.5917
10.7104
10.67
10.6766
18.624
18.56
18.5495
18.2409
18.8138
18.4435
18.3614
18.4776
18.1741
18.363
11.1326
11.1008
11.1434
11.0896
20.4382
20.5991
20.5486
20.484
20.5228
20.4873
20.4413
20.5754
20.7311
20.8543
20.5749
20.7911
20.5337
20.6011
20.6232
20.9866
20.9252
20.7114
20.8539
20.71
20.6374
11.046
11.0388
11.0079
10.9669
11.07
11.0157
10.976
11.0287
11.0603
11.0036
10.9717
11.0568
11.032
10.9759
18.5136
18.2328
18.779
18.4916
18.9282
18.3657
18.299
18.6234
18.5497
18.2414
18.5591
18.3616
18.8138
18.4431
21.7599
21.9245
22.058
21.5027
22.2154
21.4996
21.6856
10.7446
10.8081
10.8383
10.776
10.8853
10.6922
10.7443
10.5057
10.6065
10.3992
10.4596
10.5199
10.6082
10.3785
18.1744
18.4787
18.3639
11.1001
11.1423
11.129
11.0861
20.7034
20.6964
20.6855
20.7155
20.6958
20.7096
20.7044
20.6259
20.5129
20.4963
20.5198
20.6486
20.6787
20.5481
20.7166
20.5623
20.533
20.5223
20.6821
20.689
20.5492
20.5995
20.5488
20.523
20.4381
20.4852
20.4881
20.4413
20.7157
20.6966
20.6853
20.696
20.7036
20.7045
20.7097
20.626
20.649
20.679
20.5209
20.5118
20.4961
20.5506
20.7169
20.682
20.6888
20.5216
20.5686
20.5346
20.5458
20.7103
20.6993
20.6835
20.6997
20.7391
20.7478
20.702
20.731
20.8536
20.7904
20.5751
20.5678
20.534
20.6028
20.986
20.9248
20.8528
20.6224
20.7107
20.7102
20.6365
11.038
11.0087
11.0695
11.0421
10.9632
11.0122
10.9718
11.0586
11.0042
11.0557
11.0255
10.9697
11.0278
10.9722
11.1023
11.0684
11.104
11.0814
11.0338
11.0442
11.0573
11.0996
11.0783
11.0237
11.0486
11.0504
11.0079
10.9618
10.9854
11.019
10.9503
11.039
10.992
10.971
10.94
11.0254
18.6437
17.989
19.3019
18.0101
18.2111
19.4576
18.2708
18.7047
18.5051
18.8688
18.9892
19.6222
19.468
18.5751
18.7018
18.8072
19.0565
19.1564
18.6811
18.8458
18.941
19.2703
19.1386
19.2553
18.8544
19.4004
18.9972
19.0892
19.8378
19.9489
19.9102
19.9365
19.8495
19.953
19.8971
19.5491
19.2605
19.3515
19.3011
19.4645
19.3707
19.4723
19.6229
19.5419
19.6667
19.4261
19.6955
19.4654
19.5718
20.1433
20.0414
20.0065
19.9958
20.1046
19.9828
20.0658
20.1761
20.0532
20.1708
20.1482
20.1346
20.0883
20.0984
19.8404
19.6125
19.7544
19.7033
19.7614
19.681
19.8442
19.9025
19.8003
19.9864
19.7766
19.9651
19.7398
19.9163
20.3108
20.169
20.2324
20.1931
20.2293
20.126
20.2423
20.3463
20.2213
20.3132
20.3453
20.2718
20.2517
20.2883
20.0807
19.8589
20.0521
19.972
20.0268
19.9173
20.1094
20.1384
20.0349
20.2241
20.0315
20.1928
19.9802
20.165
20.4696
20.3603
20.3659
20.3876
20.3918
20.3167
20.4351
20.5075
20.404
20.4652
20.5357
20.4222
20.4622
20.4793
20.2902
20.0969
20.2744
20.2059
20.2453
20.1545
20.3253
20.325
20.2747
20.4402
20.2572
20.3942
20.1983
20.3701
20.6297
20.527
20.4575
20.5639
20.5155
20.4657
20.6249
20.6665
20.516
20.5605
20.7332
20.5031
20.5958
20.6774
20.4638
20.3002
20.4697
20.4475
20.3936
20.3711
20.5432
20.4822
20.4778
20.66
20.513
20.5459
20.4203
20.5941
20.8275
20.6278
20.5473
20.792
20.6217
20.5737
20.8907
20.9211
20.6998
20.735
21.1289
20.6636
20.7811
20.9839
20.6282
20.5248
20.729
20.7645
20.5766
20.5994
20.8192
20.7032
20.778
21.0395
20.8705
20.7907
20.6726
20.9188
21.329
21.0341
20.8379
21.2735
20.9489
20.8945
21.4911
21.0228
20.8815
21.1793
21.3
20.8883
21.0131
21.3484
21.7695
21.171
21.3197
21.4643
21.3669
21.1492
21.5301
22.2551
21.8831
22.1649
22.2472
22.4937
22.3176
21.9879
21.9229
22.0559
22.2148
21.757
21.4996
21.4982
21.6797
10.8106
10.8494
10.8963
10.7429
10.7722
10.7448
10.6868
10.606
10.4058
10.5257
10.5024
10.4538
10.6062
10.3699
10.9344
10.8049
10.8994
10.8595
10.9049
10.8179
10.8405
10.6629
10.6808
10.5053
10.5868
10.6309
10.5546
10.7067
10.7115
10.6315
10.7745
10.6356
10.733
10.5918
10.7477
10.9604
10.8396
10.918
10.8766
10.92
10.8346
10.8873
10.9634
10.8483
10.9187
10.893
10.9236
10.8479
10.8916
10.7698
10.6537
10.7976
10.7223
10.75
10.6734
10.8137
10.7802
10.7069
10.8334
10.7427
10.7863
10.7051
10.8256
10.8469
10.9139
10.9447
10.8869
10.9075
10.8451
10.8855
10.8319
10.93
10.8914
10.8679
10.7917
10.7248
10.8377
10.761
10.7931
10.727
10.8346
10.7876
10.7577
10.728
10.8272
18.4735
18.5181
18.3739
18.3172
18.4576
18.5361
18.3113
18.6144
18.5855
18.7383
18.9791
18.7275
18.8616
19.0804
19.1156
19.1792
19.3447
19.2268
19.2633
19.4157
19.5089
19.4877
19.6238
19.5908
19.5582
19.6922
19.8001
19.7515
19.8748
19.8668
19.8186
19.9397
20.0416
19.9928
20.1085
20.0982
20.0485
20.1578
20.2819
20.2188
20.3344
20.3438
20.274
20.4042
20.5903
20.4764
20.6498
20.689
20.5585
20.7488
21.0559
20.869
21.1251
21.1917
20.9932
21.6242
21.257
21.3908
21.742
21.5917
21.5239
10.1594
10.0289
10.121
10.2055
10.3011
10.2164
10.3653
10.4623
10.4346
10.522
10.5125
10.4807
10.5594
10.6392
10.592
10.6481
10.6625
10.6244
10.6665
10.7125
10.6797
10.7221
10.6944
20.4112
20.4653
20.411
20.4054
20.4548
20.3877
20.417
20.4913
20.591
20.5711
20.5728
20.5254
20.5067
20.5097
20.5522
20.6333
20.689
20.6492
20.6345
20.6236
20.6068
11.1098
11.1302
11.1617
10.9842
11.1948
11.0876
11.0745
11.2592
11.024
11.0139
11.0666
11.1743
11.2327
11.0807
11.1017
11.0821
11.0283
11.0493
11.0532
10.9658
11.0256
11.0127
10.9861
11.0418
10.9573
10.9995
10.9715
11.0287
10.9438
17.6678
17.3535
17.8647
17.8606
17.6027
18.0194
17.4137
17.6921
18.7384
17.7373
17.5872
17.8369
17.8893
17.4482
18.8072
18.7008
19.0564
19.1565
18.6813
18.9413
18.8447
19.2703
19.2561
18.8538
19.1375
19.0895
19.4007
18.9951
19.8378
19.911
19.8493
19.948
19.937
19.8968
19.9533
19.5488
19.3519
19.3014
19.2594
19.4719
19.4647
19.3688
19.6229
19.667
19.4274
19.5409
19.5719
19.6951
19.4655
20.1761
20.171
20.1348
20.0531
20.1491
20.0987
20.0886
19.8398
19.7546
19.7029
19.61
19.8442
19.7608
19.6797
19.9011
19.9867
19.7758
19.8004
19.9157
19.9645
19.7381
20.3464
20.3128
20.2717
20.22
20.3442
20.2878
20.25
20.0809
20.0527
19.973
19.8577
20.1105
20.0264
19.9186
20.1379
20.224
20.0296
20.0371
20.165
20.1928
19.9772
20.5072
20.4636
20.4225
20.404
20.5356
20.4791
20.462
20.293
20.2713
20.2069
20.0919
20.3262
20.2418
20.1573
20.3247
20.4399
20.2565
20.2737
20.3696
20.3942
20.1979
20.5478
20.6672
20.5109
20.5167
20.7328
20.6778
20.596
20.4626
20.4695
20.4475
20.3016
20.5424
20.3941
20.3715
20.4847
20.6581
20.5159
20.4744
20.5953
20.5434
20.4237
20.9212
20.7336
20.6639
20.6947
21.1292
20.9852
20.7892
20.6324
20.7289
20.7664
20.5275
20.8172
20.5764
20.6012
20.6992
21.0409
20.8709
20.7688
20.9199
20.7888
20.6786
21.0218
21.1786
21.3014
20.884
21.348
20.8932
21.0114
21.7702
21.3174
21.3718
21.1701
21.466
21.5306
21.1547
21.4376
21.5152
21.7178
21.5859
21.0713
21.4973
21.6916
10.9342
10.9043
10.9092
10.8097
10.8559
10.8371
10.8225
10.6581
10.5136
10.6349
10.6833
10.5785
10.7057
10.562
10.7147
10.7739
10.6324
10.6357
10.747
10.7374
10.6051
10.9644
10.9204
10.9229
10.8574
10.8964
10.8911
10.8533
10.7702
10.7989
10.7179
10.6642
10.8139
10.7582
10.6792
10.7785
10.8336
10.7407
10.7115
10.826
10.7885
10.7039
10.8336
10.9334
10.8684
10.8964
10.794
10.8367
10.763
10.7222
10.8333
10.7917
10.7322
10.7838
10.7577
10.8181
10.7334
18.7267
18.9816
18.8605
19.2261
19.3394
19.2616
19.5912
19.6233
19.5575
19.8655
19.8782
19.8178
20.0972
20.1093
20.0491
20.3454
20.3354
20.2766
20.6873
20.6532
20.5584
21.1297
21.194
20.9901
21.7438
21.5937
21.5304
9.54415
9.73849
9.80078
9.74544
9.76519
9.60051
9.53529
9.85721
9.41324
9.77402
9.55068
9.73765
9.82486
9.46659
10.204
10.3069
10.2186
10.5138
10.5297
10.4898
10.6608
10.6486
10.6193
10.7186
10.6946
18.6968
18.6927
18.487
18.4569
18.6797
18.7235
18.489
19.081
18.5055
18.7912
18.4696
19.0065
18.8362
18.4645
17.6675
17.3535
17.8603
17.8646
17.4134
17.6027
18.019
17.6927
18.7385
17.5881
17.7374
17.4489
17.8898
17.8368
11.1378
11.2376
11.0343
11.136
11.0116
11.1616
11.2166
11.2766
10.9498
11.2123
11.1361
11.0481
11.2948
11.0901
11.2024
11.2697
11.1429
11.359
11.0915
11.1265
11.3601
11.1204
11.182
11.3471
10.8695
19.868
20.0366
19.9319
20.2109
19.9081
20.012
19.8865
19.9535
19.7597
20.3956
19.9853
20.1499
20.0204
19.8249
19.8144
20.5364
20.0133
20.1384
19.8663
20.4781
19.9733
20.0678
19.8657
20.2579
20.15
20.7699
20.0458
19.5263
19.9299
20.0755
20.1606
19.8957
19.951
20.0113
19.7763
19.5448
20.0598
20.6969
19.9006
19.8119
20.1439
19.9102
20.2209
20.4648
20.2683
20.1839
20.3566
20.1893
20.2873
20.2461
20.0682
20.194
20.0788
20.1465
20.0624
20.3625
20.166
20.1594
20.1823
20.1454
20.1771
20.1618
20.1765
20.3658
20.4005
20.2956
20.2307
20.6155
20.1191
20.2676
20.5389
19.9254
20.1809
20.0881
20.2552
20.2861
20.0938
20.232
20.1417
20.1892
20.1813
20.1997
20.1992
20.1559
20.5247
20.4472
20.4612
20.4704
20.4634
20.5701
20.4033
20.5091
20.5775
20.5915
20.8163
20.6144
20.5602
20.6831
20.4053
20.3782
20.3187
20.4092
20.3546
20.3912
20.4074
20.3986
20.4091
20.4446
20.4367
20.4341
20.4302
20.4323
20.7966
20.8025
20.6075
20.8579
20.7028
20.7658
20.8612
20.6085
20.7805
20.5969
20.776
20.5607
20.6935
20.7412
20.6001
20.652
20.616
20.5971
20.549
20.677
20.6388
20.7136
20.6139
20.6588
20.6538
20.7208
20.6128
20.7395
20.8593
20.6021
20.5817
20.8453
20.4886
20.8244
20.8433
11.1337
11.0888
10.8506
10.9802
10.9433
11.1677
10.9138
10.9568
10.998
10.9688
11.1075
11.0632
10.9424
11.0069
10.976
11.0535
11.2879
11.0511
11.2575
10.7961
11.0831
11.1544
11.3245
11.2521
10.845
11.3492
11.1042
11.0509
18.5004
18.6299
18.7526
19.5792
18.9424
18.4439
19.0945
18.6438
17.9897
18.0106
19.3024
18.2713
19.4581
18.2113
19.7072
19.335
19.0661
19.4979
20.3609
19.3584
19.0676
18.6984
18.6943
18.4883
18.4584
18.4904
18.7252
18.6812
19.0823
18.5066
18.4708
18.7922
18.4657
18.8373
19.0078
21.142
21.2347
20.8488
20.5623
21.1636
20.7942
21.1695
21.4591
21.2271
21.06
21.5259
20.7377
21.834
21.4721
10.9576
10.777
10.7836
10.6864
10.9109
10.875
10.7549
10.2358
10.4609
10.4798
10.2925
10.4572
10.3826
10.2689
10.4973
10.3462
10.4272
10.2735
10.3916
10.5538
10.1931
10.915
10.6745
11.0498
11.093
10.8102
10.9024
11.123
10.4776
10.6082
10.7682
10.5744
10.5728
10.7449
10.4075
18.4759
18.5204
18.376
18.3193
18.4599
18.3134
18.5385
21.8676
21.8929
21.527
22.6377
21.7563
21.6972
21.9968
21.5554
21.5843
22.2339
21.8443
21.2966
21.6698
21.7339
21.2755
20.6988
21.0305
21.9729
21.4013
20.9664
21.2547
9.96122
10.1173
10.0882
9.91156
10.1437
9.97857
9.89695
11.1991
11.2663
11.138
11.3578
11.0883
11.1152
11.1247
11.3567
10.8627
11.1774
11.3462
11.134
11.2414
11.0332
11.1339
11.2205
11.1576
11.0086
11.2737
11.2104
10.946
11.1339
11.2917
11.0877
11.0461
20.5841
20.6166
20.6424
20.6042
20.5478
20.6164
20.6304
20.6237
20.6308
20.5935
20.5389
20.6355
20.587
20.5756
20.4054
20.4092
20.3784
20.3192
20.3912
20.4074
20.3549
20.6521
20.6159
20.6769
20.6005
20.5973
20.639
20.5494
10.8359
11.2506
11.0999
11.1514
11.3239
11.046
11.3488
19.4266
19.4983
20.2537
21.5998
18.8595
18.774
19.9764
21.1416
21.2367
20.8507
20.5666
21.1704
21.162
20.7952
9.95494
9.89831
10.1269
10.0941
9.97318
9.88627
10.1465
18.8781
18.7819
19.5696
18.6719
19.0372
19.6045
20.4062
20.8381
21.1012
20.9714
20.8423
20.7527
20.9503
20.5297
21.3049
21.4011
21.1731
21.5281
21.2761
21.1599
20.9569
22.3779
23.0453
22.6183
23.23
22.5127
22.3198
22.1097
22.7593
22.0132
22.1254
22.4498
21.957
21.9207
21.6153
19.9291
19.8949
20.075
20.1599
19.9502
19.7757
20.0108
19.5444
19.8998
20.0592
20.6958
19.9093
20.1432
19.8112
20.0367
19.9319
19.908
19.8678
20.2105
19.8862
20.0117
19.953
20.3953
19.7591
19.9848
19.8245
20.0198
20.1497
20.5366
20.0133
19.8664
19.814
20.138
19.9731
20.4775
20.0671
20.2575
19.8652
20.1496
19.5258
20.0452
20.7696
20.1656
20.1451
20.1588
20.1817
20.1614
20.1766
20.1762
20.4648
20.2683
20.3567
20.2207
20.1839
20.1893
20.2871
20.246
20.1939
20.0682
20.0787
20.0622
20.1464
20.3624
20.2319
20.1811
20.1413
20.1887
20.1556
20.1995
20.1988
20.4005
20.2957
20.6154
20.3656
20.2308
20.2675
20.1192
20.5387
20.181
19.926
20.0882
20.2862
20.0943
20.2552
20.3985
20.4367
20.4094
20.4447
20.4303
20.4319
20.4341
20.5714
20.5729
20.5256
20.4916
20.5915
20.5069
20.5098
20.4117
20.4657
20.4113
20.4059
20.4174
20.4551
20.3882
20.5917
20.8167
20.6147
20.509
20.5777
20.5603
20.6832
20.5244
20.4477
20.4616
20.4706
20.4034
20.4639
20.5703
20.6309
20.624
20.5936
20.5394
20.5875
20.6357
20.5759
20.6168
20.5844
20.6425
20.6046
20.6166
20.6306
20.5484
20.6539
20.659
20.7209
20.7136
20.614
20.7394
20.6129
20.6334
20.6888
20.6346
20.5528
20.6492
20.6239
20.6069
20.8023
20.8575
20.6074
20.8609
20.7026
20.7962
20.766
20.7757
20.5968
20.6935
20.6087
20.7802
20.7407
20.5614
20.8589
20.8455
20.6038
20.5822
20.8253
20.8428
20.4897
10.973
11.0485
11.0533
11.2911
10.7877
11.0812
11.2616
10.9674
11.1148
11.0709
10.952
10.9987
10.9349
11.0038
11.131
11.0876
10.8448
10.9793
10.9128
10.9384
11.1662
11.1333
11.1672
10.9806
11.1998
11.0861
11.1061
11.0706
11.0098
11.0645
11.1727
11.2578
11.0225
11.0792
11.2298
18.8791
19.5696
19.0375
19.604
18.784
20.4051
18.6723
21.4665
21.5298
21.2371
21.0629
21.8422
20.7472
21.4755
21.4368
21.5164
21.7147
21.5794
21.6871
21.4963
21.0723
10.9134
10.6671
11.0541
11.098
10.8056
10.9018
11.1287
10.471
10.5726
10.6108
10.7744
10.398
10.5677
10.7528
10.9566
10.7687
10.7827
10.6864
10.8755
10.7562
10.9069
10.4702
10.4857
10.4656
10.2246
10.288
10.2616
10.3794
10.4887
10.423
10.3424
10.2757
10.5464
10.1992
10.3859
21.2786
21.974
20.6954
21.0289
21.2563
21.4028
20.9655
21.8924
21.5267
21.756
21.8671
22.6362
21.996
21.6965
21.5545
22.2303
21.5837
21.8425
21.6683
21.7331
21.2954
9.7419
9.80819
9.77469
9.53408
9.73411
9.59194
9.52073
9.85508
9.76306
9.41601
9.55416
9.46881
9.73566
9.81936
19.4269
18.8596
19.4989
18.7744
20.254
21.5999
19.9771
21.4002
21.1724
21.304
20.956
21.5273
21.2755
21.1594
20.8379
21.1004
20.9703
20.9492
20.8428
20.7526
20.5304
22.3766
23.0454
22.6139
22.1087
23.2284
22.508
22.3145
22.0105
22.7568
22.1185
21.9486
22.452
21.9173
21.6115
11.1549
19.9723
19.9865
20.1497
20.1533
20.1467
20.369
20.3706
20.3688
20.4966
20.4994
20.4977
20.5714
20.5742
20.5723
20.7116
20.7135
11.0376
11.0338
11.035
10.9964
10.9987
10.9974
19.1354
19.1356
19.1267
19.3464
19.2727
19.2811
19.1724
19.1918
19.1738
19.6144
19.6329
19.6255
20.0082
20.0158
20.0123
20.2789
20.283
20.281
20.4901
20.4948
20.4927
20.6482
20.6541
20.6527
20.6882
20.6906
20.6868
21.1351
10.3878
10.5555
10.5641
10.5596
10.6362
10.6457
10.6412
10.7219
10.7315
10.7273
20.7111
20.7122
20.7124
11.12
11.1273
11.1257
13.5904
13.494
11.9008
9.64313
9.64213
9.64125
20.7356
20.7372
20.7385
19.3203
19.3264
19.3232
13.5907
13.4943
11.9011
19.1422
19.1487
19.1459
20.7185
20.7194
20.719
20.7355
20.7372
20.7384
11.2123
18.4785
18.5013
18.4905
18.4087
18.4485
18.4303
20.1185
20.2131
20.2361
20.2293
20.3007
20.2934
20.3812
20.3817
20.381
20.4203
20.4217
20.4205
20.5001
20.5013
20.5008
20.6307
20.6318
20.6312
20.7737
20.7749
20.7839
20.7992
11.0119
11.0198
11.1825
11.0356
11.0424
11.0113
11.0134
11.0118
19.3223
19.3283
19.3251
20.792
20.7927
20.7887
21.4118
10.3139
10.5755
10.5826
10.5792
19.1445
19.151
19.1482
10.2267
20.5298
20.5311
20.5305
20.6058
20.6071
20.6064
20.7185
20.7193
20.7189
11.308
18.4785
18.5013
18.4905
18.4088
18.4486
18.4304
10.2366
19.6064
19.1689
19.1934
19.1872
22.1322
22.118
22.1211
11.1837
11.1898
11.1898
11.1097
11.121
20.0786
20.0872
20.2863
20.3102
20.2998
20.2888
20.3024
20.297
20.0976
20.0972
20.5717
20.5696
20.9595
20.9411
21.1575
21.1557
21.1604
11.0472
11.0683
11.0106
11.0126
11.0112
14.8936
12.497
19.3145
19.3141
19.3045
19.5495
19.4686
19.4791
19.9551
19.5141
19.4434
19.4504
19.3064
19.3224
19.3022
20.1061
20.0972
20.1005
19.3291
19.3487
19.3308
19.6835
19.7027
19.6949
20.3193
20.3206
20.3186
19.7419
19.7596
19.7524
20.0747
20.0829
20.0791
20.4701
20.473
20.4713
20.1124
20.1196
20.1161
20.3405
20.3448
20.3425
20.5502
20.5534
20.5514
20.3693
20.3736
20.3713
20.5404
20.5449
20.5427
20.6609
20.6802
20.6674
20.5614
20.5662
20.5639
20.6822
20.6878
20.686
20.7054
20.7117
20.7102
20.7472
20.7492
20.744
22.6662
22.6468
22.6671
21.9354
21.905
10.5425
10.547
10.5483
10.4069
10.4251
11.0031
11.0122
10.6031
10.6094
10.6058
10.6535
10.6624
10.6583
11
11.0024
11.0007
10.6674
10.6764
10.6723
10.7174
10.7268
10.723
10.7275
10.7367
10.7328
19.3771
19.2945
19.3056
19.1513
19.1668
19.1463
19.5524
19.5724
19.5643
19.9672
19.9758
19.972
20.2476
20.2518
20.2498
20.4641
20.4685
20.4664
20.6257
20.6319
20.6302
20.6671
20.6702
20.6654
20.8544
9.42503
9.44381
10.524
10.5329
10.5284
10.6105
10.6197
10.6155
10.7066
10.716
10.7118
20.6514
20.7152
20.716
19.852
19.8433
19.0559
19.3438
19.3673
19.3611
19.6601
19.6544
19.6275
19.6995
19.6483
19.2756
19.2969
19.289
19.3634
19.3689
14.8965
12.5002
19.1062
19.1275
19.1198
20.721
20.7209
20.7216
20.6048
20.5998
20.7095
20.7118
20.711
20.6694
20.6665
20.6319
20.631
20.5325
20.5912
20.5699
20.7153
20.716
20.6513
11.1079
11.1149
11.1259
11.1248
18.5388
18.5521
18.5696
18.85
18.8605
17.7864
17.7849
17.7806
19.0153
19.046
18.4998
18.4956
19.9342
19.4508
18.9294
19.0228
19.0579
19.4529
20.0721
20.0766
20.335
20.3426
20.3385
20.2919
20.3015
20.2964
20.0765
20.0825
20.16
20.1604
20.1469
20.1927
20.2575
20.1501
20.3034
20.3003
20.3605
20.3607
20.4855
20.4402
20.4411
20.4404
20.4058
20.4665
20.4756
20.4763
20.4757
20.4638
20.6867
20.6849
20.7423
20.6067
20.7437
20.6399
20.6408
20.6407
20.6714
20.672
20.672
20.6933
20.6978
20.7042
20.7045
20.7046
20.6872
20.7006
20.5834
21.1326
11.0757
11.0784
11.0783
11.2653
11.0332
11.0924
11.0925
11.0899
11.0908
11.0261
11.0265
11.026
11.0696
11.0834
11.1098
11.1086
11.1064
11.0392
11.0393
11.0386
11.1797
11.159
19.8529
19.8441
19.0566
19.3452
19.3687
19.3625
19.6609
19.6551
19.6284
19.7003
19.6491
19.2772
19.2986
19.2907
19.3643
19.3697
21.0654
20.9111
21.1129
20.8138
20.8317
20.8508
20.8495
20.8874
20.9005
10.6136
10.4642
10.4792
10.7482
10.7664
10.5028
10.5253
19.1081
19.1295
19.1217
20.5613
20.5729
20.6525
20.6504
20.632
20.5357
20.5318
20.555
20.5567
20.556
20.5362
20.5395
20.6259
20.6169
20.6237
20.5787
20.5804
20.5797
20.5781
20.5814
20.1593
20.1497
20.4943
20.5842
11.1115
11.1109
11.1395
11.0911
11.123
11.0755
11.0742
11.0733
19.6271
19.6269
20.0672
20.0124
19.9581
19.8565
19.8234
19.8132
19.8886
19.8746
19.8613
20.0077
20.0195
19.9376
19.9443
19.9327
20.0037
20.0141
20.0053
20.207
20.2087
20.2037
20.1729
20.182
20.178
20.27
20.2771
20.2741
20.4124
20.4146
20.4131
20.4172
20.4205
20.4187
20.4572
20.4593
20.4578
20.5119
20.5151
20.5132
20.5416
20.5446
20.5438
20.5831
20.587
20.5855
20.6007
20.6032
20.6016
20.6129
20.6158
20.6123
20.6374
20.6402
20.6352
20.8062
20.7076
20.7103
20.7069
20.7589
20.7667
20.7598
20.9138
10.8447
10.9862
10.8068
10.8657
10.8604
10.8646
11.0159
11.0176
11.0161
10.8875
10.8918
10.8889
10.874
10.8793
10.8763
10.9686
10.9713
10.9697
10.8674
10.8739
10.8711
10.8535
10.8601
10.8572
19.5668
19.6392
19.7938
19.4459
19.5179
19.6724
19.2183
19.1882
19.1719
19.1895
19.1668
19.1525
19.308
19.3324
19.3204
19.78
19.7936
19.7881
20.1174
20.1229
20.1204
20.3664
20.3701
20.3682
20.5558
20.5612
20.5592
20.6718
20.6782
20.6762
20.6926
20.7081
20.6953
10.0375
10.4353
10.4608
10.579
10.5879
10.5833
10.6625
10.6727
10.6682
10.7549
10.7641
10.7602
20.5182
20.5251
20.5221
20.7309
20.7298
20.7312
20.6899
20.6897
20.6905
20.7059
20.7046
20.706
20.8707
20.8632
20.8648
11.1059
11.0999
11.0989
11.0691
11.0761
11.0747
11.0459
11.0419
11.0399
18.5011
18.6394
18.6821
13.7064
13.6037
12.0122
18.6288
18.7665
18.8109
9.75036
9.75852
9.7537
9.49116
9.49219
9.49052
9.57183
9.58562
9.5795
20.8073
20.8102
20.8132
20.7633
20.7664
20.7681
20.7585
20.759
20.7616
19.7433
19.8167
19.9711
19.8097
19.8855
20.0384
19.3747
19.3817
19.3772
19.3047
19.3166
19.3158
19.3299
19.3395
19.3379
13.7061
13.6033
12.0118
18.5012
18.6395
18.6822
18.6284
18.7661
18.8105
19.13
19.142
19.1413
19.039
19.0452
19.0425
19.0255
19.0375
19.0369
11.2228
11.2217
20.715
20.7165
20.7149
20.741
20.7425
20.7428
20.8073
20.8102
20.8133
20.7633
20.7664
20.768
10.9644
11.1583
11.1146
11.1426
11.1247
11.123
18.1113
18.1116
18.1092
18.5503
18.58
18.5645
18.7992
18.8548
18.8326
18.4823
18.5262
18.5063
18.7225
18.7792
18.7572
19.5292
19.5571
19.5463
19.5114
19.5454
19.5332
20.1853
20.1048
20.2936
20.279
20.135
20.1732
20.27
20.2656
20.148
20.3115
20.3152
20.3861
20.3874
20.3867
20.3257
20.3287
20.3763
20.3797
20.408
20.4099
20.4085
20.3596
20.3629
20.4693
20.4729
20.471
20.5029
20.5038
20.5033
20.4777
20.481
20.479
20.6025
20.6039
20.6035
20.6353
20.6362
20.6358
20.6082
20.6095
20.6093
20.7012
20.7182
20.7364
20.7516
20.7426
20.7238
20.7312
21.769
21.7912
21.7972
21.8536
21.8722
21.8751
20.7979
20.8517
20.9177
22.0499
22.0626
22.0678
22.1082
22.1079
22.1262
10.8949
10.8925
10.8949
10.8975
10.9006
10.9023
10.8451
10.8451
10.848
10.8109
10.8127
10.815
10.9681
10.9637
10.9659
10.8967
10.8954
10.8977
11.0797
11.0067
11.0792
11.1108
10.95
11.0383
11.0524
11.0291
11.0263
11.0271
11.1353
11.1163
11.0606
11.061
11.0596
11.025
11.0268
11.0253
11.0708
11.0709
11.07
19.7446
19.818
19.9724
19.8109
19.8866
20.0396
19.3763
19.3833
19.3787
19.3066
19.3185
19.3178
19.3316
19.3412
19.3397
20.7382
20.7569
20.7417
20.7705
20.7832
20.7719
20.7633
20.7626
21.1665
10.2241
10.6917
10.6859
10.6918
10.6176
10.5715
10.6055
10.6423
10.6624
19.1322
19.1443
19.1436
19.0412
19.0475
19.0447
19.0277
19.0398
19.0391
20.9095
21.1023
9.50631
9.50179
9.50205
10.1346
9.92431
11.2236
11.2224
20.5024
20.5061
20.5041
20.5296
20.531
20.5305
20.4975
20.4997
20.4991
20.5776
20.579
20.5786
20.6035
20.6049
20.6042
20.5753
20.5769
20.5763
20.5327
20.5914
20.5701
20.7209
20.7208
20.7215
20.6048
20.5999
20.6694
20.6666
20.7096
20.7119
20.7111
20.632
20.631
11.2416
11.2909
19.9336
19.4503
18.9296
18.5388
18.5521
18.5696
18.8461
18.8568
19.015
19.0453
17.7867
17.7852
17.7809
18.503
18.4987
19.4524
19.023
19.0579
20.1597
20.1464
20.2863
20.3102
20.2998
20.0781
20.0867
20.3351
20.3427
20.3386
20.2919
20.3015
20.2964
20.0718
20.0763
20.0764
20.0824
20.2889
20.3025
20.297
20.0977
20.0973
20.7618
20.753
21.1567
21.1548
21.1596
20.9586
20.9402
11.0824
11.085
11.085
20.7272
19.173
19.4494
17.0068
22.8018
22.8043
22.8092
22.3789
22.3488
19.1841
19.1776
19.1467
19.0505
19.075
19.0688
19.0658
19.0593
19.0284
22.1047
22.0705
11.1998
11.1913
11.1909
11.0962
11.0811
11.1787
11.1841
11.1854
11.1345
11.1401
11.1397
11.176
11.1824
11.178
11.2284
11.2399
11.2362
20.1992
20.2184
20.2101
20.1914
20.212
20.2033
20.2333
20.2335
20.2336
20.1745
20.1729
20.2782
20.2757
20.2769
20.1638
20.1642
20.2539
20.2644
20.2599
20.2137
20.2196
20.2169
20.1683
20.1731
20.1715
20.5203
20.5259
20.5234
20.4198
20.4178
20.4183
20.4163
20.4144
20.4148
20.7162
20.7166
20.7174
20.7068
20.7065
20.7075
20.5519
20.5515
20.5518
20.5784
20.5764
20.5694
20.5682
20.569
20.607
20.604
20.5798
20.5782
20.579
20.7521
20.7444
20.7457
20.7685
20.7562
20.7608
20.9381
20.9319
20.8113
20.7981
21.2653
21.264
21.2677
11.1695
11.1828
11.1783
11.0049
10.9942
11.1431
11.1391
11.1361
11.1343
11.138
11.1323
11.0751
11.0744
11.0734
11.1014
11.1001
11.0992
10.9826
10.9849
10.9835
11.0765
11.0762
11.0752
10.9762
10.9784
10.9769
11.073
11.073
11.0722
16.7466
16.6427
16.6364
16.8517
16.7483
16.7427
13.4807
13.3707
11.7784
19.3869
19.6849
18.5232
18.6474
18.691
17.4281
17.3945
16.7669
16.6745
16.6725
19.8962
19.8783
19.8582
19.7964
19.7133
19.416
19.4366
19.3927
19.4127
19.3819
19.3654
19.7422
19.7114
19.6941
19.7172
19.6643
19.6667
19.4661
19.4179
19.4087
19.7401
19.6887
19.6842
19.985
19.9059
19.9105
19.8982
19.8724
19.8642
19.8508
19.6634
19.6208
19.6191
19.3522
19.3323
19.3169
19.6024
19.5927
19.5785
19.631
19.6398
19.6254
19.3195
19.312
19.2928
19.5951
19.5911
19.5761
20.0572
20.0697
20.1285
20.1384
20.1337
20.0425
20.0526
20.0452
19.664
19.6752
19.6618
19.4551
19.4785
19.4668
19.7709
19.784
19.7747
19.9542
19.9647
19.9593
19.5121
19.5351
19.5245
19.8193
19.832
19.8241
20.2646
20.2654
20.2615
20.3869
20.391
20.3889
20.3115
20.3177
20.315
20.007
20.0167
20.0119
19.8973
19.9104
19.9051
20.1333
20.1409
20.1377
20.2971
20.301
20.2989
19.9461
19.9578
19.953
20.1829
20.1895
20.1867
20.4465
20.4489
20.4473
20.5177
20.5201
20.5192
20.4806
20.4823
20.481
20.3358
20.3394
20.3374
20.2152
20.2203
20.2177
20.4143
20.4179
20.416
20.4906
20.494
20.4923
20.2479
20.2528
20.2502
20.442
20.4456
20.4438
20.5316
20.5347
20.5328
20.6033
20.6067
20.6035
20.5966
20.6006
20.5987
20.5083
20.5117
20.5099
20.4512
20.4549
20.4529
20.5321
20.5352
20.5333
20.5726
20.5786
20.5759
20.476
20.4796
20.4776
20.5441
20.5476
20.5457
20.6268
20.6291
20.6278
20.6798
20.6826
20.6787
20.6579
20.6605
20.656
20.5867
20.5929
20.5899
20.6193
20.6254
20.6229
20.5909
20.5968
20.5925
20.6142
20.6196
20.6131
20.6416
20.6474
20.6454
20.6043
20.6095
20.6047
21.0174
20.9359
20.7972
20.8151
20.8026
20.6448
20.6493
20.6433
20.7152
20.7208
20.7167
20.667
20.6711
20.6661
20.7699
20.783
20.7437
20.7476
20.7431
20.7161
20.7183
20.7139
22.5258
22.5921
22.5951
22.7139
22.7042
22.7187
22.5841
22.6503
22.6575
21.7613
21.7479
21.7583
21.8685
21.8738
21.5986
21.624
21.6313
10.7094
10.713
10.711
10.5634
10.5708
10.4058
10.4089
10.4113
10.5837
10.5905
10.5909
10.582
10.5982
10.5958
11.022
10.8869
10.8912
10.8885
10.9271
10.878
10.9133
10.8547
10.8441
10.6214
10.6292
10.6249
10.8405
10.8451
10.8416
10.8548
10.8608
10.8575
10.6336
10.6417
10.6376
10.848
10.8523
10.8499
11.023
11.0247
11.0229
10.8711
10.8775
10.8747
10.8856
10.891
10.8883
10.8624
10.8685
10.8656
10.6872
10.6968
10.6925
10.8558
10.8621
10.8594
10.8544
10.8614
10.8585
10.6994
10.7088
10.7045
10.8622
10.8686
10.866
10.9696
10.9728
10.9714
10.8567
10.8633
10.8604
10.8573
10.8643
10.8615
10.7496
10.7587
10.755
10.8514
10.8584
10.8555
10.7593
10.768
10.7645
10.8523
10.8592
10.8562
19.279
19.2323
19.2228
19.1616
19.1523
19.1335
19.369
19.3929
19.3821
19.8302
19.8424
19.8374
20.1497
20.1548
20.1525
20.3899
20.3935
20.3916
20.5718
20.5778
20.5757
20.6799
20.6867
20.6844
20.7618
20.7579
21.8333
21.7867
9.63539
9.64692
9.64157
9.4529
9.47655
9.74818
9.75962
9.75014
10.4989
10.4938
10.501
10.5823
10.5906
10.5864
10.6742
10.6832
10.6791
10.7752
10.7834
10.7797
20.6313
20.6647
20.6641
20.6675
20.6662
20.6644
20.6679
20.7246
20.7241
20.8096
20.8144
20.8214
20.8104
20.8086
20.8136
20.8791
20.8774
20.8842
20.7617
20.7646
20.77
20.7471
20.7457
20.7429
19.3165
19.663
19.7338
19.4044
19.7082
19.8702
19.9721
20.2103
20.0763
20.1533
20.3015
19.3567
19.3499
19.3189
19.4135
19.4363
19.4303
19.4044
19.3987
19.3671
19.5134
19.4629
19.5659
19.5898
19.5812
19.5628
19.5552
19.5225
19.5545
19.5539
19.5433
19.1845
19.1524
19.5091
19.5173
19.5127
19.3001
19.3194
19.3153
19.3208
19.3429
19.3345
19.3773
19.3979
19.3944
19.7866
19.7719
19.4456
19.4651
19.4571
19.5439
19.561
19.5578
13.482
13.3722
11.7798
19.3873
19.6847
18.522
18.6465
18.69
16.7469
16.643
16.6368
16.8515
16.7482
16.7425
17.4343
17.4005
16.7693
16.6769
16.6749
19.1245
19.1436
19.1395
18.9936
19.0147
19.007
19.012
19.0309
19.0268
11.1529
11.161
11.2527
11.2624
11.2586
11.3071
20.7153
20.7159
20.7163
20.5854
20.5807
20.5828
20.7099
20.7107
20.7097
20.7094
20.7124
20.7115
20.6266
20.6235
20.6259
20.667
20.6656
20.6041
20.6025
20.6033
20.6313
20.6287
20.6034
20.5585
20.8097
20.8145
20.8215
20.8106
20.8088
20.8138
20.7618
20.7647
20.7701
20.8793
20.8776
20.8844
20.6645
20.6639
20.6673
20.666
20.6642
20.6678
20.7473
20.7459
20.7431
20.6233
20.621
11.1452
11.1508
11.1519
11.1137
11.1154
11.1144
11.0669
11.0807
11.1924
11.2037
11.2027
11.1613
11.1685
11.1679
11.1155
11.1232
11.1214
11.1408
11.1313
11.1327
11.0926
11.085
11.0866
11.0938
11.0979
11.1003
11.3092
11.2466
11.1245
11.1628
11.1928
11.229
11.1255
11.1093
11.1133
11.1077
11.0996
11.1122
11.2022
11.1807
11.2024
10.98
11.1366
18.647
18.6597
18.6772
18.6363
18.6405
18.6594
18.3545
18.3627
18.359
17.8805
17.8819
17.8747
18.7132
18.7517
18.7311
18.7962
18.8096
17.9085
17.9062
17.9027
18.8829
18.8871
19.213
19.3601
19.0566
19.1015
19.0836
19.3399
19.3407
19.3415
18.992
19.0372
19.02
19.3519
19.3611
19.3571
19.0095
19.0762
19.0453
18.6715
18.7176
18.6938
19.5973
19.599
19.5971
19.3814
19.39
19.3853
19.5933
19.5948
19.5938
19.413
19.4196
19.4158
19.6763
19.7058
19.6922
19.6821
19.7028
19.9235
20.0311
20.0578
20.0435
19.9813
20.0018
19.9921
19.9599
19.9801
19.9696
20.0767
20.1078
20.0913
20.1655
20.1753
20.1705
20.0783
20.0822
20.2964
20.3048
20.3007
20.2332
20.2372
20.2346
20.1966
20.2053
20.2009
20.3266
20.3359
20.3315
20.0822
20.0847
20.2146
20.2171
20.2153
20.1557
20.1539
20.2282
20.1809
20.0238
20.3145
20.3119
20.3132
20.2182
20.2182
20.2666
20.2653
20.2661
20.2464
20.246
20.1805
20.1762
20.1993
20.2093
20.3269
20.3227
20.1919
20.2419
20.2517
20.3656
20.3924
20.3632
20.35
20.3589
20.2929
20.2876
20.2548
20.2581
20.355
20.3286
20.441
20.3332
20.3895
20.4475
20.4494
20.4478
20.4201
20.4119
20.4176
20.418
20.4204
20.4287
20.438
20.4359
20.476
20.4679
20.4934
20.4947
20.5103
20.5102
20.5115
20.4706
20.4716
20.4709
20.4445
20.4478
20.4461
20.4423
20.4449
20.4433
20.4421
20.4902
20.4883
20.4672
20.4672
20.6768
20.6962
20.6949
20.6815
20.7736
20.697
20.7035
20.7036
20.8609
20.6601
20.66
20.6606
20.6432
20.6546
20.647
20.6667
20.6667
20.6674
20.6639
20.6645
20.6643
20.6439
20.6442
20.6441
20.6343
20.6355
20.6355
20.675
20.6761
20.6903
20.7035
20.6957
20.696
20.6967
20.6968
20.7969
20.8344
20.8049
20.7141
20.7165
20.7153
20.66
20.6763
20.6659
20.6815
20.6833
20.7409
20.742
20.743
20.7225
20.7356
21.7177
21.712
21.7185
21.4074
21.3993
21.1959
21.1945
21.1994
21.0125
20.9949
21.0034
21.0052
20.902
20.7002
21.587
21.5801
21.6454
21.6242
21.3945
21.3847
21.3965
20.737
20.756
10.8461
10.858
10.8155
10.8279
11.1075
11.1331
11.0863
11.0935
11.0881
11.1195
11.1324
11.1288
10.9119
10.9131
10.915
10.8722
10.8673
10.9888
10.9866
10.9839
11.0375
11.0513
11.0502
11.2136
11.2213
11.1354
11.1084
10.8375
11.1899
11.1939
11.1721
11.1047
11.1063
11.089
11.1018
11.1604
11.0846
11.0914
11.1453
10.8964
11.128
11.0534
11.0862
11.0363
11.0707
11.0816
11.0794
11.0785
11.0655
11.0711
11.1272
11.075
11.0792
11.0643
11.0709
11.0676
11.0661
11.0655
11.1177
11.1171
11.1149
11.0715
11.0704
11.0703
11.0235
11.0245
11.023
11.0828
11.0822
11.0798
11.0671
11.0665
11.0654
11.0966
11.0999
11.0765
11.075
11.0743
11.1177
11.0685
11.1015
19.3175
19.6642
19.7349
19.4048
19.7091
19.8709
19.9727
20.211
20.0774
20.1544
20.3026
19.358
19.3513
19.3203
19.4147
19.4375
19.4315
19.4056
19.3999
19.3683
19.5143
19.4637
19.5669
19.5908
19.5822
19.5639
19.5563
19.5236
19.5558
19.5552
19.5446
19.1857
19.1536
19.5105
19.5187
19.5141
19.3018
19.3211
19.317
19.3223
19.3444
19.336
19.3786
19.3992
19.3957
19.7874
19.7727
19.4469
19.4664
19.4584
19.545
19.5622
19.559
22.1668
22.1998
22.2136
22.4091
22.4421
23.1152
23.1231
23.135
21.9669
21.9251
22.2556
22.2501
22.2677
22.1647
22.15
22.162
21.3397
21.1717
20.8582
20.8766
20.8764
20.8741
20.8583
20.8751
20.8252
20.8391
20.8278
20.8119
20.8283
20.7954
20.8107
21.18
21.093
20.9819
20.9559
20.9146
21.1823
21.4247
22.1645
22.137
22.1516
22.6139
22.6201
22.6222
22.7378
22.7427
22.7446
22.7006
22.6924
22.696
22.3028
22.2881
22.2943
22.5735
22.5679
22.573
21.3024
10.0186
10.0169
10.0166
9.87694
9.87686
9.8787
10.3041
10.3199
10.3198
10.2205
10.2231
10.2259
10.1216
10.127
10.1237
9.9771
9.98673
9.98463
10.0905
10.0875
10.0894
10.9214
11.0058
10.758
10.4284
10.5993
10.5114
10.5579
10.6912
10.7089
10.782
10.6715
10.6832
10.5449
10.5398
10.5466
10.5819
10.6018
10.6862
10.6778
10.7026
10.4557
10.6311
19.1264
19.1456
19.1414
18.9954
19.0165
19.0088
19.0139
19.0328
19.0286
21.3581
9.98989
11.3045
11.1498
11.1578
11.2463
11.1491
11.1549
11.156
11.1159
11.1176
11.1166
11.1641
11.1714
11.1709
11.1437
11.1338
11.1354
11.0905
11.0828
11.0844
11.0914
11.0956
11.0979
11.1904
11.2018
11.2007
11.132
11.1377
11.1372
11.1973
11.1887
11.1882
11.0924
11.0769
11.0966
11.1064
20.5427
20.5901
20.6463
20.6711
20.6639
20.6542
20.5989
20.595
20.5422
20.5434
20.5063
20.5082
20.5442
20.5359
20.5418
20.5543
20.556
20.5553
20.5227
20.5248
20.5241
20.5267
20.5288
20.5281
20.5526
20.5544
20.5613
20.5629
20.5622
20.5606
20.5631
20.5621
20.6297
20.6298
20.6303
20.6145
20.616
20.6252
20.6267
20.6259
20.5796
20.5813
20.5805
20.55
20.5519
20.5512
20.5482
20.5501
20.5494
20.5695
20.5725
20.5916
20.5936
20.5927
20.5905
20.5923
20.5916
11.0876
11.1012
11.1003
11.1069
11.1142
11.115
19.9286
19.5622
20.3547
19.972
19.9874
20.288
20.2593
20.1769
20.2429
20.1881
20.1506
20.1529
20.1469
20.294
20.295
20.2946
20.2898
20.2918
20.2911
20.3692
20.3715
20.3697
20.4387
20.4406
20.439
20.4246
20.4265
20.4241
20.4924
20.4954
20.4936
20.5333
20.5342
20.5319
20.5361
20.5375
20.5355
20.5749
20.5776
20.5758
20.6137
20.6158
20.6136
20.6169
20.6189
20.6168
20.7286
20.7384
20.7455
20.7503
20.7467
20.7493
20.7664
20.7553
10.9104
11.0234
11.024
11.0213
10.9677
10.9689
10.9682
10.9669
10.9681
10.9668
10.9852
10.9877
10.9862
10.9397
10.9436
10.9415
10.9294
10.9335
10.9313
19.0382
19.0385
19.0297
19.141
19.1338
19.1179
19.0457
19.0385
19.0228
19.2937
19.2362
19.2381
19.2811
19.2066
19.2155
19.2311
19.1726
19.1751
19.2065
19.2282
19.2133
19.0998
19.1201
19.1018
19.1327
19.1555
19.1403
19.671
19.6878
19.6812
19.536
19.5565
19.5485
19.5918
19.6107
19.6034
20.0466
20.0534
20.0503
19.9179
19.9272
19.9232
19.9557
19.9641
19.9605
20.3098
20.3137
20.3118
20.192
20.1973
20.1949
20.2255
20.2306
20.2282
20.5135
20.5185
20.5164
20.4319
20.437
20.4347
20.4608
20.4662
20.4639
20.6603
20.6661
20.6646
20.6392
20.6442
20.6433
20.6594
20.6643
20.6637
20.6862
20.6883
20.6846
20.7254
20.7279
20.726
20.7216
20.7233
20.7211
10.3586
10.382
10.2179
10.2354
10.2519
10.2799
10.5557
10.5645
10.5599
10.4411
10.452
10.447
10.4443
10.4552
10.4501
10.641
10.651
10.6465
10.5535
10.5641
10.5594
10.5625
10.5733
10.5685
10.7315
10.7412
10.737
10.6724
10.6828
10.6785
10.6839
10.6943
10.6902
20.741
20.7425
20.7428
20.7151
20.7166
20.715
18.5502
18.5798
18.5643
18.1116
18.1118
18.1094
18.1929
18.1971
18.1927
18.4821
18.5259
18.506
18.7224
18.7791
18.7571
18.7991
18.8549
18.8326
19.5115
19.5455
19.5333
19.529
19.5569
19.5461
20.5069
20.5204
20.514
20.5186
20.5255
20.5225
20.914
20.9084
20.9076
21.7682
21.7905
21.7965
21.8526
21.8712
21.874
22.0492
22.0619
22.0671
22.1074
22.107
22.1253
10.8989
10.8962
10.8985
10.9042
10.9079
10.9094
10.8455
10.8459
10.8484
10.8101
10.8126
10.8144
10.9747
10.9691
10.9714
10.8966
10.8954
10.8979
22.2337
22.2177
22.2214
9.51569
9.51111
9.51178
11.1192
11.1172
11.1162
11.0928
11.0904
11.0897
11.0586
11.0591
11.0581
10.9983
11.0004
10.9991
11.0479
11.0487
11.0477
10.9541
10.9567
10.955
11.0031
11.005
11.0037
19.8293
19.8124
19.3452
19.344
19.3312
19.3263
19.3189
19.3023
19.3717
19.3638
19.3452
19.5756
19.4983
19.5078
19.55
19.4699
19.4783
19.5833
19.5036
19.5125
19.9943
20.2046
20.1955
20.1338
20.1318
19.5336
19.4681
19.4734
19.4585
19.4042
19.4046
19.481
19.4323
19.4304
19.3685
19.383
19.3642
19.2987
19.3089
19.2879
19.3555
19.3651
19.3455
20.1013
20.1026
20.2533
20.2534
20.2533
20.2684
20.2671
20.2667
19.3969
19.4146
19.3978
19.3605
19.3821
19.3672
19.4307
19.4499
19.4357
19.754
19.7703
19.7633
19.6279
19.6485
19.6399
19.6996
19.7173
19.7095
20.3172
20.3176
20.3157
20.4104
20.4128
20.4121
20.418
20.4204
20.4203
19.8133
19.8281
19.8218
19.7944
19.8105
19.8041
19.8648
19.8781
19.8725
20.1525
20.1586
20.1553
20.0342
20.0434
20.0393
20.1117
20.1186
20.1152
20.4746
20.4771
20.4753
20.5075
20.508
20.5052
20.506
20.5058
20.5026
20.192
20.1973
20.1943
20.1482
20.1546
20.1514
20.2265
20.2312
20.2286
20.4044
20.4076
20.406
20.3105
20.3149
20.3126
20.3795
20.3828
20.3811
20.551
20.5541
20.5521
20.5971
20.5995
20.5973
20.5974
20.5996
20.5976
20.429
20.4322
20.4306
20.3982
20.4022
20.4001
20.4512
20.4543
20.4527
20.5593
20.564
20.5615
20.5199
20.5242
20.522
20.5448
20.5491
20.5467
20.6689
20.6697
20.6687
20.7124
20.7133
20.7121
20.7041
20.7055
20.7043
20.5755
20.5807
20.578
20.5802
20.5855
20.5831
20.5858
20.5916
20.5888
20.6399
20.6479
20.644
20.6781
20.6835
20.6817
20.6433
20.6513
20.6479
21.3011
20.6624
20.6693
20.6652
20.7031
20.7105
20.7079
20.6449
20.6516
20.6467
20.7106
20.7126
20.7075
20.765
20.7668
20.761
20.7158
20.7187
20.7129
11.0827
11.0658
11.015
10.9651
11.0001
10.9723
10.9682
10.9711
10.6916
10.697
10.6932
10.6062
10.613
10.6089
10.6962
10.7019
10.6984
10.7374
10.7453
10.7415
10.6503
10.659
10.6549
10.7363
10.7441
10.7403
11.0125
11.0146
11.0131
10.9456
10.9495
10.9474
10.9584
10.9623
10.9602
10.7487
10.7568
10.753
10.6702
10.6794
10.6752
10.7484
10.7566
10.7527
10.777
10.7855
10.7821
10.7131
10.7223
10.7183
10.7752
10.7834
10.78
10.949
10.9524
10.9507
10.8996
10.9046
10.9025
10.7834
10.7915
10.788
10.734
10.7434
10.7396
10.7885
10.7971
10.7937
10.7753
10.7838
10.7813
10.8198
10.8271
10.8244
19.3724
19.2923
19.3008
19.3073
19.2246
19.2359
19.2978
19.2183
19.2267
19.1424
19.1518
19.1305
19.0823
19.0985
19.0775
19.075
19.0847
19.0632
19.4923
19.5138
19.505
19.4752
19.4972
19.4886
19.4159
19.4394
19.4299
19.9238
19.9334
19.9293
19.8787
19.889
19.8846
19.8365
19.848
19.8432
20.2152
20.2197
20.2176
20.1589
20.1644
20.1619
20.1247
20.1305
20.128
20.4396
20.4437
20.4416
20.4019
20.407
20.4046
20.3725
20.3773
20.375
20.6133
20.6193
20.6175
20.6126
20.6179
20.6166
20.592
20.5974
20.5959
20.6861
20.6902
20.6866
20.7042
20.708
20.7063
20.7211
20.7258
20.7257
20.8136
20.8271
20.8139
20.827
20.8176
20.8147
10.5131
10.5212
10.5171
10.4103
10.4205
10.4154
10.401
10.4107
10.406
10.6038
10.6126
10.6085
10.5245
10.5343
10.5299
10.5152
10.5247
10.5203
10.6981
10.7073
10.7031
10.6537
10.6639
10.6597
10.6421
10.6521
10.6478
10.8012
10.8092
10.8063
10.7564
10.764
10.7613
20.1804
20.176
20.4908
20.5379
20.5828
11.1987
11.1767
11.1486
11.1021
11.1326
11.1071
11.1092
11.1055
11.1085
11.1094
11.0841
11.0827
11.0823
11.118
11.1199
11.1152
11.1011
11.0991
11.098
11.0896
11.0875
11.087
11.1195
11.1176
11.1151
19.9982
19.1167
19.7353
19.7189
19.1979
20.1997
19.618
19.5837
18.8098
19.9547
20.213
20.1804
20.2782
20.3267
19.6425
19.6478
19.9523
19.917
19.911
19.791
19.8031
19.8036
19.909
19.8174
19.894
19.8771
19.8635
19.8836
19.8298
20.017
20.0316
20.1919
20.1976
20.1917
20.2298
20.2337
20.2224
19.9455
19.9536
19.9363
19.95
19.9597
19.9484
19.9549
19.9554
19.9457
19.9828
19.9887
19.9815
19.9859
19.996
19.9859
19.9767
19.9808
19.9724
20.2096
20.2116
20.2054
20.3354
20.3378
20.3372
20.3342
20.3361
20.3355
20.1365
20.1396
20.1375
20.1994
20.208
20.2044
20.1498
20.1534
20.1513
20.2108
20.2141
20.2123
20.244
20.2517
20.2485
20.1949
20.1983
20.1964
20.4127
20.4148
20.4132
20.4452
20.4463
20.444
20.4529
20.4541
20.4519
20.38
20.3831
20.3828
20.4269
20.4297
20.428
20.3954
20.399
20.3986
20.4479
20.4519
20.451
20.4513
20.4536
20.4521
20.4406
20.4441
20.4436
20.5145
20.5174
20.5157
20.5597
20.5615
20.5597
20.5569
20.5585
20.5566
20.5096
20.5131
20.5104
20.5558
20.5593
20.5583
20.5005
20.504
20.5011
20.512
20.5151
20.5117
20.5769
20.5806
20.5794
20.5151
20.5183
20.5153
20.5951
20.5976
20.5959
20.6413
20.6431
20.6411
20.6357
20.6375
20.6355
20.5647
20.5684
20.5645
20.6144
20.6173
20.6131
20.5666
20.5705
20.5668
20.5835
20.5874
20.5836
20.6312
20.6342
20.6292
20.5824
20.5863
20.5826
20.7333
20.7518
20.7997
20.8162
20.813
20.8144
20.6582
20.6616
20.659
20.7163
20.7191
20.716
20.6749
20.677
20.6744
20.7269
20.7277
20.7468
20.7488
20.7458
20.6908
20.7115
20.6971
20.8486
10.9274
10.9141
10.7464
10.878
10.8256
10.8359
10.9208
10.9894
10.9746
10.855
10.8683
10.8942
10.91
11.0241
11.0246
11.0235
10.9576
10.9609
10.9587
10.9712
10.9736
10.9717
10.9555
10.9584
10.9562
10.8786
10.8832
10.8802
10.9477
10.9513
10.9486
10.9408
10.9448
10.9424
10.8835
10.8884
10.8855
10.9515
10.9553
10.9531
10.9814
10.9839
10.9825
10.9158
10.92
10.9178
10.9267
10.9305
10.9285
10.9293
10.9342
10.9321
10.8608
10.8675
10.8646
10.9205
10.9257
10.9234
10.9089
10.9142
10.9119
10.8606
10.867
10.8642
10.9185
10.9236
10.9214
19.1644
19.1473
19.1287
19.1299
19.1
19.0838
19.0737
19.0567
19.0383
19.2362
19.1968
19.1901
19.1258
19.1023
19.0886
19.1732
19.1329
19.1269
19.2545
19.278
19.2649
19.2328
19.2589
19.2465
19.1794
19.2045
19.1909
19.7277
19.7429
19.7369
19.6982
19.7138
19.7077
19.6469
19.6641
19.6574
20.0821
20.0881
20.0854
20.0257
20.0326
20.0297
19.9899
19.9975
19.9943
20.3373
20.3412
20.3393
20.2878
20.2926
20.2903
20.2556
20.2604
20.2581
20.5341
20.5393
20.5373
20.5152
20.5209
20.5187
20.4873
20.4928
20.4905
20.6681
20.6739
20.6722
20.6906
20.6955
20.6956
20.6772
20.6821
20.6818
20.707
20.7076
20.7047
20.7323
20.7321
20.73
20.7328
20.7337
20.7317
10.0489
10.4908
10.4848
10.39
10.3447
10.3791
10.3244
10.3194
10.3279
10.5787
10.5875
10.583
10.4754
10.4862
10.4812
10.4704
10.4813
10.4764
10.656
10.666
10.6615
10.5929
10.604
10.5992
10.5816
10.5924
10.5877
10.7469
10.7561
10.752
10.7105
10.7199
10.716
10.7022
10.712
10.708
20.6036
20.5586
20.7151
20.7157
20.7161
20.5856
20.5809
20.5829
20.6268
20.6238
20.6262
20.6671
20.6656
20.7098
20.7107
20.7096
20.7095
20.7124
20.7115
20.6313
20.6288
20.6042
20.6026
20.6035
19.2127
19.3595
18.6463
18.659
18.6765
18.6361
18.6404
18.6593
18.7134
18.7517
18.7313
18.7974
18.8107
18.3132
18.3292
18.3187
18.3545
18.3627
18.3591
17.8804
17.8818
17.8746
18.4344
18.4459
18.4397
18.8819
18.886
17.9108
17.9084
17.905
18.5203
18.535
18.5273
19.923
20.0957
18.6719
18.7178
18.6941
19.0095
19.0763
19.0454
19.3401
19.3409
19.3417
18.9922
19.0374
19.0202
19.0565
19.1014
19.0835
19.3517
19.361
19.3569
19.7838
19.8297
19.8093
19.3816
19.3901
19.3854
19.5933
19.5949
19.5938
19.5971
19.5989
19.597
19.4127
19.4194
19.4156
19.6761
19.7056
19.6919
19.6819
19.7026
19.9019
19.9538
19.981
20.0015
19.9918
19.9597
19.9798
19.9694
20.0307
20.0573
20.043
20.0762
20.1073
20.0908
20.1551
20.1533
20.1912
20.2118
20.2031
20.1989
20.2181
20.2097
20.2964
20.3048
20.3007
20.2332
20.2372
20.2346
20.3266
20.3359
20.3315
20.1965
20.2052
20.2008
20.1653
20.1751
20.1702
20.0781
20.0819
20.2146
20.2171
20.2152
20.0821
20.0846
20.1993
20.2094
20.2727
20.2138
20.2197
20.217
20.2337
20.2339
20.234
20.175
20.1735
20.1641
20.1645
20.2786
20.2761
20.2773
20.2528
20.2582
20.2572
20.1684
20.1732
20.1716
20.315
20.3125
20.3137
20.2187
20.2187
20.2471
20.2467
20.267
20.2658
20.2666
20.3412
20.3432
20.5205
20.5261
20.5237
20.4202
20.4183
20.4188
20.4168
20.415
20.4154
20.6417
20.7015
21.2646
21.2633
21.267
20.7521
20.7444
20.7457
20.7685
20.7562
20.7608
21.7172
21.7116
21.718
21.1512
21.1258
21.4054
21.3973
21.1957
21.1943
21.1991
21.013
20.9954
21.0039
20.7391
20.7584
21.5848
21.5778
21.6428
21.6215
21.3251
21.3191
21.3247
21.3944
21.3847
21.3964
11.1126
11.1402
10.8442
10.8565
10.8159
10.8286
11.2818
11.1392
11.004
11.0189
11.0855
11.0933
11.0872
10.9678
10.9819
10.9101
10.9114
10.9133
11.0756
11.0915
11.0839
10.8692
10.8634
10.9834
10.9813
10.9783
11.0343
11.0486
11.0474
21.174
20.8622
23.1119
23.1196
23.1315
22.9308
22.9354
22.9388
22.1668
22.1998
22.2136
22.4058
22.4389
22.1646
22.1496
22.1617
21.2165
22.9752
22.9639
22.9723
22.6125
22.6186
22.6207
22.7349
22.7398
22.7417
22.6973
22.6889
22.6926
22.1632
22.1357
22.1503
22.572
22.5664
22.5714
22.6949
22.6911
22.6954
22.4661
22.4529
10.3393
10.025
10.0235
10.0235
9.70814
9.72691
10.3505
10.3507
10.3535
10.2179
10.221
10.2246
10.1292
10.1345
10.1316
9.97227
9.98197
9.98065
10.0831
10.0808
10.0832
10.2957
10.3117
10.3116
10.746
10.7496
10.7553
10.4739
10.476
10.4837
10.4014
10.4049
10.408
10.7049
10.7089
10.7065
10.5629
10.5693
10.6144
10.6277
10.5762
10.5927
10.5899
21.9255
21.9022
21.9148
21.8308
21.7842
9.20091
9.21163
11.1305
11.1286
11.1262
11.1044
11.1024
11.1021
11.0989
11.0961
11.0954
11.0556
11.0553
11.0546
11.0919
11.0905
11.0899
11.1086
11.1071
11.1062
11.061
11.0607
11.0596
11.0978
11.0963
11.0951
11.0646
11.0635
11.0627
11.0917
11.0912
11.0901
11.0509
11.0507
11.0493
10.9949
10.9969
10.9956
11.0302
11.0311
11.0299
11.0429
11.0436
11.0425
11.0893
11.0887
11.0874
11.0345
11.035
11.0337
11.0471
11.047
11.0456
11.0536
11.054
11.0534
11.0083
11.0097
11.0086
10.9625
10.965
10.9633
11.0241
11.025
11.0238
11.0105
11.012
11.0108
11.0593
11.0595
11.0588
11.0296
11.0305
11.0293
11.0155
11.0167
11.0156
19.9417
19.8217
19.838
19.7998
19.824
19.8387
19.7975
19.8408
19.7862
20.1611
20.2355
19.9202
20.0302
19.9419
19.9436
19.9014
19.5196
19.5125
19.4936
19.5397
19.5522
19.5121
19.5755
19.5635
19.5422
19.3517
19.3342
19.3149
19.4701
19.4379
19.4213
19.3945
19.3757
19.355
19.5207
19.5155
19.4801
19.7174
19.6791
19.6652
19.6011
19.5783
19.5576
19.7675
19.6987
19.7063
19.7282
19.6688
19.6729
19.7729
19.6978
19.7063
19.5228
19.4563
19.4571
19.5173
19.4662
19.4583
19.5684
19.4994
19.5018
19.7631
19.7023
19.7058
19.7297
19.672
19.668
19.7901
19.7203
19.7251
19.9716
20.1757
20.1528
20.1356
20.1243
19.8997
19.911
19.8923
19.8853
19.8876
19.8742
19.8784
19.89
19.8704
19.8578
19.8632
19.8331
19.8736
19.8714
19.8578
19.868
19.8727
19.8514
19.7156
19.6591
19.6618
19.6511
19.6204
19.614
19.6782
19.6374
19.6333
19.3995
19.3631
19.3549
19.3883
19.3715
19.3557
19.4281
19.3965
19.3866
19.6221
19.6025
19.5915
19.5913
19.5779
19.5626
19.6253
19.5998
19.5889
19.5771
19.5901
19.5729
19.6121
19.6179
19.6026
19.5637
19.5727
19.5546
19.3006
19.303
19.2822
19.3629
19.3572
19.3385
19.3509
19.3538
19.3341
19.5976
19.5989
19.5834
19.5674
19.5633
19.5458
19.5585
19.5618
19.5436
20.0353
20.0464
20.2321
20.235
20.2317
20.2205
20.2195
20.2189
20.0946
20.0975
20.0952
20.1045
20.1149
20.1094
20.079
20.0823
20.0795
20.0134
20.0205
20.0147
20.0636
20.0739
20.0677
20.0294
20.035
20.031
19.6047
19.6207
19.6047
19.6931
19.7058
19.6935
19.6335
19.6509
19.6371
19.4056
19.4285
19.4155
19.5264
19.5466
19.5359
19.4779
19.4979
19.4858
19.7353
19.7487
19.7378
19.7162
19.7339
19.7237
19.6759
19.6936
19.682
19.9149
19.9294
19.9227
19.9133
19.9247
19.9186
19.869
19.8847
19.8773
19.5678
19.5897
19.5802
19.5839
19.6037
19.594
19.6386
19.6573
19.6487
19.8598
19.8719
19.865
19.7683
19.7858
19.7766
19.8142
19.8308
19.8225
20.2636
20.2641
20.2618
20.3804
20.3828
20.3824
20.3805
20.3829
20.3827
20.3332
20.3363
20.3354
20.3708
20.3754
20.3732
20.32
20.3223
20.321
20.2582
20.2608
20.2593
20.3341
20.3396
20.3371
20.2739
20.2764
20.2749
19.9686
19.982
19.9759
20.044
20.0535
20.0492
20.0125
20.0246
20.0192
19.8486
19.8631
19.8573
19.9689
19.9795
19.9749
19.9202
19.9322
19.9271
20.094
20.1029
20.0991
20.1046
20.1142
20.1098
20.0632
20.0741
20.0692
20.2614
20.2672
20.2642
20.2659
20.2703
20.2681
20.2284
20.2351
20.2318
19.9911
20.0016
19.9972
20.02
20.0294
20.0252
20.066
20.0742
20.0704
20.2209
20.2264
20.2239
20.1498
20.1587
20.1547
20.1875
20.1956
20.1919
20.4442
20.4468
20.445
20.476
20.4768
20.4742
20.4764
20.4771
20.4736
20.4908
20.4952
20.4928
20.5105
20.5121
20.511
20.4984
20.5023
20.5007
20.479
20.4825
20.4815
20.4872
20.4888
20.4875
20.4757
20.4799
20.4784
20.2953
20.3002
20.2977
20.3611
20.3647
20.3627
20.3217
20.326
20.3239
20.1819
20.1875
20.1847
20.2909
20.295
20.293
20.2598
20.2643
20.262
20.3944
20.3979
20.396
20.3766
20.3804
20.3784
20.3525
20.3565
20.3545
20.4744
20.4778
20.476
20.4802
20.4835
20.4818
20.4541
20.4575
20.4556
20.2796
20.2842
20.2817
20.3228
20.3266
20.3247
20.351
20.3545
20.3527
20.457
20.4606
20.4588
20.4056
20.4091
20.4072
20.4278
20.4311
20.4293
20.5297
20.5329
20.5309
20.5784
20.5803
20.5784
20.5794
20.5816
20.5797
20.5474
20.5511
20.547
20.6078
20.6114
20.6085
20.5468
20.5501
20.5456
20.5275
20.5306
20.5266
20.5975
20.6016
20.5991
20.5285
20.5318
20.5271
20.4984
20.502
20.5001
20.5144
20.5179
20.516
20.5177
20.5213
20.5195
20.4254
20.4292
20.4271
20.4921
20.4952
20.4935
20.473
20.4761
20.4745
20.5274
20.5308
20.5288
20.554
20.5576
20.5558
20.5391
20.5427
20.5409
20.604
20.6079
20.6058
20.564
20.5693
20.5671
20.5974
20.6013
20.5994
20.498
20.5019
20.4998
20.5117
20.5149
20.5131
20.5272
20.5308
20.5287
20.5472
20.5514
20.5495
20.5716
20.575
20.5734
20.5825
20.5861
20.5844
20.6311
20.6333
20.6322
20.6676
20.6691
20.6674
20.6713
20.6729
20.6713
20.6267
20.6304
20.6272
20.6829
20.6856
20.6816
20.6278
20.6313
20.6281
20.6022
20.6059
20.6023
20.6562
20.659
20.6548
20.599
20.603
20.5995
20.6178
20.6218
20.6196
20.5875
20.5938
20.5905
20.6228
20.6277
20.6257
20.6019
20.6075
20.605
20.6058
20.6117
20.6087
20.6004
20.6062
20.6035
20.5996
20.6057
20.602
20.6533
20.6599
20.6569
20.6429
20.6488
20.6465
20.6781
20.683
20.6784
20.6205
20.6258
20.6199
20.6913
20.6965
20.6928
20.6552
20.6611
20.6592
20.6193
20.6256
20.6226
20.6212
20.6285
20.6255
20.5964
20.6018
20.5965
20.6736
20.68
20.6769
20.6725
20.6787
20.6753
20.9168
20.9593
21.0944
20.8607
20.8771
20.875
20.7714
20.7828
20.8343
20.8349
20.7565
20.7765
20.7027
20.7066
20.7016
20.6371
20.6417
20.6359
20.6928
20.6971
20.6913
20.7301
20.7367
20.7336
20.6509
20.6562
20.6499
20.6698
20.6752
20.67
20.6735
20.6775
20.6722
20.7218
20.725
20.7187
20.7289
20.7325
20.7262
20.7982
20.8158
20.8021
20.7742
20.774
20.7985
20.8091
20.7992
20.7254
20.729
20.7231
20.6885
20.6928
20.686
20.6759
20.68
20.6729
20.6996
20.7211
20.7045
20.7615
20.7641
20.7587
20.758
20.7603
20.7552
10.9749
10.9902
10.944
10.9523
10.9559
10.9661
10.9467
10.9486
10.947
10.8946
10.8977
10.8959
10.957
10.9592
10.9564
10.9242
10.9377
10.8761
10.8794
10.8782
10.9567
10.952
10.9552
10.729
10.7236
10.7295
10.7962
10.8135
10.7872
10.7392
10.7741
10.6179
10.6253
10.6211
10.7141
10.721
10.717
10.7106
10.717
10.7131
10.8476
10.8423
10.8473
10.7653
10.7704
10.7672
10.7493
10.7542
10.7522
10.7787
10.7863
10.7825
10.8593
10.865
10.8616
10.7811
10.7883
10.7845
10.6371
10.6457
10.6415
10.7237
10.7309
10.7271
10.7258
10.7335
10.7296
10.8518
10.8576
10.8541
10.7726
10.7784
10.7749
10.7721
10.779
10.7752
11.0088
11.0107
11.009
10.9695
10.9731
10.9711
10.9552
10.9589
10.9568
10.932
10.9368
10.9347
10.8793
10.8853
10.8826
10.9417
10.9462
10.9441
10.9492
10.9532
10.9512
10.8755
10.881
10.8783
10.9375
10.9416
10.9394
10.7878
10.7954
10.7917
10.855
10.8609
10.858
10.7831
10.7907
10.787
10.6837
10.6929
10.6887
10.7588
10.7673
10.7634
10.7591
10.7674
10.7635
10.8626
10.8686
10.866
10.787
10.7948
10.7913
10.7913
10.799
10.7954
10.792
10.8001
10.7967
10.8592
10.8658
10.8629
10.7947
10.8025
10.7992
10.703
10.7126
10.7083
10.7678
10.7762
10.7724
10.7675
10.776
10.7724
10.8553
10.8618
10.8591
10.7935
10.8012
10.7979
10.79
10.7979
10.7947
10.9573
10.9609
10.9594
10.9167
10.9214
10.9193
10.9051
10.9101
10.9079
10.8462
10.853
10.8501
10.8948
10.9003
10.898
10.9091
10.9144
10.9121
10.8492
10.8562
10.8533
10.9
10.9058
10.9033
10.7963
10.8042
10.801
10.8538
10.861
10.8581
10.7955
10.8036
10.8003
10.7442
10.7532
10.7495
10.7991
10.8075
10.8041
10.7948
10.803
10.7996
10.8556
10.8625
10.8598
10.7995
10.8075
10.8043
10.7987
10.8064
10.8031
10.8485
10.8557
10.8525
10.8031
10.8108
10.8074
10.7626
10.7716
10.7684
10.8059
10.8139
10.8106
10.8105
10.8185
10.8156
10.8477
10.8548
10.8516
10.8017
10.8094
10.8062
10.8012
10.809
10.8057
19.3362
19.2707
19.2712
19.1952
19.1492
19.1396
19.2564
19.1918
19.192
19.1437
19.1448
19.124
19.0975
19.088
19.0693
19.0784
19.0796
19.0587
19.4296
19.4524
19.4427
19.2933
19.319
19.3076
19.3542
19.379
19.3687
19.8784
19.8894
19.8848
19.7464
19.7605
19.7548
19.7932
19.8059
19.8008
20.1836
20.1884
20.1862
20.0575
20.064
20.0613
20.0925
20.0986
20.096
20.4163
20.4201
20.4181
20.3145
20.319
20.3167
20.3457
20.3502
20.348
20.5898
20.5959
20.5939
20.5388
20.5447
20.5426
20.5642
20.57
20.5682
20.6593
20.6654
20.6622
20.7078
20.7126
20.7128
20.6986
20.7036
20.7036
20.7317
20.7497
20.7432
20.7586
20.7457
20.7585
20.7696
20.7601
10.4901
10.4982
10.4939
10.3554
10.3658
10.3617
10.3794
10.3891
10.3847
10.588
10.5967
10.5924
10.4891
10.4986
10.494
10.4968
10.5064
10.5018
10.682
10.6911
10.6869
10.6109
10.621
10.6165
10.6231
10.6334
10.6288
10.783
10.7914
10.7879
10.7331
10.7413
10.7378
10.7391
10.7473
10.744
20.515
20.5215
20.5181
20.8363
20.8329
20.8313
21.7982
21.7755
21.7812
11.1614
19.973
19.9872
20.1496
20.1533
20.1466
20.3685
20.3702
20.3684
20.4961
20.499
20.4972
20.5719
20.5747
20.5727
20.7147
20.7165
11.0399
11.0361
11.0373
11.0008
11.0035
11.0019
19.1378
19.138
19.1291
19.3492
19.2757
19.284
19.1742
19.1937
19.1756
19.6135
19.632
19.6247
20.0071
20.0148
20.0113
20.277
20.281
20.2791
20.4862
20.491
20.4888
20.6481
20.654
20.6524
20.6998
20.7014
20.6974
21.155
10.364
10.5411
10.5494
10.5449
10.6271
10.6364
10.6322
10.7229
10.7324
10.7283
11.2114
20.1179
20.2126
20.2359
20.2291
20.3006
20.2933
20.3812
20.3817
20.381
20.4203
20.4217
20.4205
20.5004
20.5016
20.5011
20.5297
20.531
20.5304
20.6062
20.6076
20.6069
20.6286
20.6297
20.6291
20.7734
20.7747
20.7807
20.796
11.0065
11.0146
11.177
11.0298
11.0366
11.0069
11.008
11.0066
20.7791
20.7802
20.7762
21.3943
10.3309
10.5792
10.5868
10.5833
10.2526
20.8357
20.8322
20.8306
20.7204
20.721
20.7211
20.5065
20.52
20.5136
11.104
11.1095
11.113
22.1331
22.1188
22.122
11.0042
11.0053
11.004
19.3123
19.3119
19.3024
19.5472
19.466
19.4766
19.9542
19.5117
19.4408
19.448
19.3052
19.3211
19.3009
20.1061
20.0971
20.1004
19.3281
19.3477
19.3299
19.6843
19.7034
19.6956
20.3198
20.3211
20.3191
19.7427
19.7603
19.7532
20.0756
20.0838
20.08
20.471
20.4738
20.4721
20.1133
20.1206
20.117
20.3416
20.346
20.3437
20.5533
20.5564
20.5545
20.3704
20.3747
20.3724
20.5421
20.5467
20.5445
20.663
20.682
20.6694
20.5628
20.5675
20.5652
20.6884
20.6935
20.692
20.7018
20.7078
20.7064
20.7557
20.7577
20.7531
11.0023
11.0114
10.6137
10.6211
10.6172
10.6576
10.6665
10.662
10.9984
11.0009
10.9994
10.6724
10.6817
10.6772
10.7156
10.7251
10.7211
10.7262
10.7356
10.7317
19.3745
19.2916
19.3028
19.149
19.1645
19.144
19.5532
19.5732
19.5652
19.9682
19.9768
19.973
20.2493
20.2536
20.2515
20.4679
20.4723
20.4702
20.6337
20.6396
20.6381
20.6777
20.6811
20.6771
20.8381
10.5313
10.5401
10.5355
10.6212
10.6308
10.6263
10.7072
10.7169
10.7127
20.7205
20.7211
20.7212
20.7112
20.7123
20.7125
20.5151
20.5217
20.5183
20.8699
20.8624
20.864
11.1234
11.1311
11.1298
11.1077
11.1134
11.1174
9.64948
9.64859
9.64796
21.7978
21.7751
21.7808
11.1899
11.1984
11.1962
11.1009
11.1106
20.184
20.1891
20.1865
20.0186
20.0219
20.609
20.6146
20.6115
20.3662
20.365
20.4379
20.4374
10.9881
11.0041
10.9047
10.8977
11.0212
11.0172
11.0173
22.8027
22.8054
22.8102
22.86
22.8804
22.8808
22.3823
22.3527
22.6155
22.6275
10.7729
10.7724
10.7782
10.7346
10.7375
10.7428
10.732
10.7526
10.6131
10.6264
22.1076
22.0734
10.9255
19.607
19.1704
19.1949
19.1887
11.103
11.1101
11.1249
11.1241
20.1922
20.257
20.3036
20.3004
20.3606
20.3609
20.486
20.4403
20.4412
20.4405
20.4064
20.4673
20.4756
20.4763
20.4757
20.4642
20.5614
20.5732
20.6525
20.6504
20.6316
20.5362
20.5322
20.5554
20.5571
20.5564
20.5372
20.5404
20.6265
20.6176
20.6244
20.5779
20.5797
20.5789
20.5782
20.5815
20.6857
20.6839
20.7418
20.7423
20.6393
20.6402
20.6401
20.6718
20.6724
20.6724
20.6933
20.6979
20.7012
20.7016
20.7017
20.6858
20.6991
21.1319
11.0353
10.916
11.088
11.0882
11.0857
11.0834
11.0213
11.0213
11.0209
11.0647
11.0782
11.1024
11.1012
11.0985
11.0319
11.0316
11.0309
11.1743
11.1529
21.0556
20.7984
20.8153
20.8443
20.8427
20.8687
20.8805
10.615
10.4726
10.488
10.7598
10.7782
10.5127
10.5359
11.1304
11.1514
11.3082
20.5502
20.5475
20.4631
20.494
20.7624
20.7535
11.1464
11.1379
11.1385
11.0561
11.0449
11.236
11.3112
11.286
11.2953
10.2364
19.7839
19.8297
19.8094
19.9022
19.9542
20.0962
20.1932
20.1998
20.1962
20.0091
20.0132
19.9189
19.9411
19.9331
19.9447
19.939
20.0633
20.0841
20.0733
19.9195
19.9531
19.9105
19.9182
19.8978
19.912
20.0291
20.0511
20.0413
20.1852
20.1458
20.0668
20.0832
20.1614
20.3406
20.3426
20.2724
20.5762
20.5856
20.5815
20.4684
20.4673
20.3017
20.3678
20.4088
21.1176
21.0993
21.3429
21.3554
21.3586
20.5826
20.6006
11.0577
11.0065
11.0216
11.1754
11.2817
22.4787
22.4684
22.48
21.3403
21.2142
10.4145
10.4198
10.4184
10.2084
10.2269
10.6719
10.8372
10.0332
21.0272
9.19571
9.20531
9.88913
11.3075
11.1277
11.149
11.2322
11.2874
11.1487
11.1401
11.1408
11.186
11.1922
11.1921
11.0538
11.0426
11.1069
11.1178
11.0466
11.0678
11.1908
11.1995
11.1972
11.1797
11.1852
11.1864
20.1606
20.302
20.3681
20.6069
11.2685
11.179
21.1157
21.3483
11.0651
11.0121
21.0237
11.1057
11.1082
11.1068
11.1455
11.1474
11.1456
20.5653
20.572
20.568
20.4752
20.4827
20.4793
21.0877
21.089
21.0893
20.9844
20.9799
20.9807
20.9149
20.9092
20.9085
20.9942
20.9971
20.998
10.4761
10.4777
10.4845
21.8995
21.8804
21.8845
21.8575
22.2347
22.2186
22.2224
21.7692
11.1232
11.1231
11.1431
11.0951
11.1265
11.0791
11.0778
11.0767
19.628
19.6278
20.068
20.0132
19.9588
19.8574
19.8243
19.814
19.8892
19.8751
19.8618
20.0083
20.0202
19.9378
19.9445
19.9329
20.0038
20.0142
20.0054
20.2067
20.2085
20.2034
20.1726
20.1818
20.1777
20.2695
20.2766
20.2736
20.4118
20.414
20.4125
20.417
20.4203
20.4185
20.4571
20.4593
20.4578
20.5102
20.5134
20.5115
20.5414
20.5444
20.5436
20.5829
20.5869
20.5853
20.5982
20.6006
20.5991
20.6158
20.6187
20.6152
20.6359
20.6388
20.6337
20.8061
20.7132
20.7157
20.7122
20.755
20.7629
20.7559
10.9837
10.7956
10.8665
10.8616
10.8664
11.0175
11.019
11.0174
10.8933
10.8983
10.8958
10.8803
10.8856
10.8829
10.9753
10.9786
10.9772
10.8727
10.879
10.8763
10.8583
10.8651
10.8622
19.5681
19.6406
19.7952
19.4472
19.5192
19.6738
19.2209
19.1909
19.1745
19.1926
19.1701
19.1558
19.3082
19.3325
19.3205
19.779
19.7927
19.7872
20.1162
20.1216
20.1192
20.3643
20.3679
20.3661
20.5495
20.5555
20.5533
20.6588
20.666
20.6632
20.6958
20.7112
20.698
10.4243
10.4501
10.5678
10.5762
10.5718
10.6582
10.6675
10.6633
10.7599
10.7686
10.7647
10.958
11.1561
11.112
11.1405
11.1222
11.121
20.1848
20.1046
20.2934
20.2787
20.1347
20.1732
20.27
20.2656
20.148
20.312
20.3157
20.3862
20.3874
20.3867
20.3261
20.3291
20.3767
20.3801
20.4081
20.4099
20.4086
20.3601
20.3633
20.4701
20.4737
20.4717
20.5029
20.5038
20.5033
20.4781
20.4814
20.4794
20.5028
20.5065
20.5045
20.53
20.5313
20.5308
20.4985
20.5006
20.5
20.5795
20.581
20.5806
20.602
20.6035
20.6028
20.5753
20.5769
20.5763
20.6019
20.6033
20.603
20.6358
20.6368
20.6364
20.61
20.6113
20.6111
20.7018
20.7186
20.7334
20.7486
20.7397
20.7218
20.7292
20.7954
20.8516
20.9187
11.0785
11.0003
11.0782
11.1076
10.9437
11.0355
11.0497
11.0239
11.0211
11.0219
11.1357
11.116
11.0572
11.0572
11.0559
11.0182
11.0192
11.0179
11.0663
11.0661
11.0653
20.7243
20.7428
20.7275
20.7713
20.7836
20.7726
20.7579
20.7566
21.1532
10.2346
10.7014
10.6952
10.7012
10.6277
10.5802
10.6154
10.6557
10.6763
20.8988
21.0904
10.1502
9.94561
20.7658
20.7543
20.753
20.8028
20.796
20.7947
20.8393
20.8262
20.8248
20.8933
20.8837
20.8836
11.1806
11.1792
20.6792
20.6863
20.6834
20.688
20.6864
20.6879
20.6579
20.66
20.6604
20.7259
20.7281
20.7272
20.7587
20.7592
20.7617
20.8033
20.7966
20.7952
20.7661
20.7546
20.7534
20.8939
20.8843
20.8842
18.193
18.1972
18.1928
20.4604
20.4749
20.4684
20.3635
20.3673
20.3651
20.4145
20.418
20.4166
22.1921
22.1958
22.21
22.1297
22.1399
22.1436
11.0377
11.0408
11.0443
11.0343
11.0298
11.0314
11.0977
11.0886
11.0898
22.9826
22.988
22.9988
22.2149
22.2216
22.2208
22.336
22.3414
22.3409
9.928
9.92719
9.92673
9.76448
9.76236
9.7625
9.31268
9.30493
9.305
9.16655
9.31525
11.1778
11.1764
11.1094
11.1029
11.1023
11.0434
11.0393
11.0374
11.1026
11.1052
11.1038
11.1461
11.148
11.1462
11.1267
11.1305
11.1244
11.0733
11.0727
11.0719
11.0932
11.092
11.091
10.9744
10.9761
10.9743
11.069
11.0687
11.0678
10.9696
10.9716
10.9699
11.0666
11.0666
11.0659
19.8955
19.8776
19.8575
19.7955
19.7123
19.4147
19.4352
19.3913
19.4103
19.3795
19.363
19.7412
19.7104
19.693
19.7162
19.6633
19.6657
19.4637
19.4155
19.4063
19.7388
19.6875
19.683
19.9843
19.9057
19.9102
19.8979
19.8719
19.8637
19.8503
19.6624
19.6197
19.618
19.35
19.3299
19.3146
19.6016
19.5919
19.5777
19.6306
19.6394
19.6251
19.3174
19.3098
19.2906
19.5944
19.5904
19.5754
20.0567
20.0692
20.1286
20.1385
20.1338
20.0424
20.0525
20.0452
19.6637
19.6749
19.6614
19.4553
19.4787
19.467
19.7709
19.784
19.7747
19.9545
19.965
19.9596
19.5125
19.5354
19.5249
19.8194
19.832
19.8242
20.2649
20.2657
20.2618
20.3871
20.3912
20.3892
20.3119
20.3182
20.3154
20.0072
20.017
20.0122
19.8982
19.9112
19.9059
20.1339
20.1416
20.1383
20.2978
20.3017
20.2996
19.9469
19.9587
19.9539
20.1835
20.1901
20.1873
20.447
20.4494
20.4477
20.5179
20.5203
20.5194
20.4806
20.4823
20.4809
20.3366
20.3402
20.3382
20.2162
20.2214
20.2187
20.4151
20.4187
20.4168
20.4914
20.4948
20.4931
20.2489
20.2538
20.2513
20.4428
20.4464
20.4445
20.5321
20.5351
20.5332
20.6031
20.6063
20.6031
20.5955
20.5994
20.5976
20.5089
20.5123
20.5105
20.4524
20.4561
20.4541
20.5333
20.5363
20.5344
20.5747
20.5804
20.5778
20.477
20.4806
20.4786
20.5447
20.5481
20.5462
20.625
20.6273
20.626
20.6851
20.688
20.6842
20.6544
20.6571
20.6526
20.5866
20.5926
20.5896
20.6229
20.6285
20.6262
20.5974
20.603
20.599
20.6263
20.6315
20.6255
20.6422
20.6477
20.6458
20.6052
20.6103
20.6057
21.0111
20.9332
20.7883
20.8059
20.7932
20.6427
20.6474
20.6415
20.727
20.7324
20.729
20.6777
20.6817
20.677
20.7695
20.7811
20.7352
20.7392
20.7352
20.7084
20.7109
20.7064
11.0217
10.883
10.8867
10.884
10.9296
10.8792
10.9149
10.872
10.8605
10.627
10.6358
10.6311
10.8458
10.8496
10.8459
10.8562
10.8615
10.8582
10.6457
10.6547
10.6501
10.8577
10.8611
10.8586
11.0195
11.0213
11.0195
10.8659
10.8725
10.8696
10.8789
10.8846
10.8818
10.864
10.8694
10.8665
10.6884
10.6983
10.6938
10.8533
10.859
10.8559
10.8512
10.8583
10.8552
10.6994
10.7091
10.7047
10.8577
10.8636
10.8606
10.9629
10.9655
10.9638
10.8523
10.8587
10.8559
10.8541
10.8612
10.8582
10.7455
10.7548
10.7512
10.848
10.855
10.852
10.7555
10.7646
10.7611
10.8484
10.8552
10.8522
19.2765
19.2296
19.2202
19.1584
19.149
19.1303
19.3692
19.3932
19.3824
19.8311
19.8434
19.8384
20.1511
20.1562
20.1539
20.3923
20.396
20.3941
20.5758
20.5814
20.5795
20.6747
20.6815
20.6792
20.7437
20.7405
10.5132
10.5071
10.515
10.5996
10.6087
10.6042
10.6769
10.687
10.6825
10.772
10.7809
10.7771
20.4634
20.5503
20.5476
20.5718
20.5697
11.2528
20.1844
20.1451
20.0662
20.0825
20.1932
20.1998
20.1962
20.0084
20.0125
19.933
19.9446
19.9389
20.0633
20.084
20.0732
19.9184
19.9406
19.9189
19.9526
20.0876
20.1063
20.0976
20.029
20.0511
20.0413
19.91
19.9177
19.8973
19.9114
20.184
20.1891
20.1865
20.0179
20.0213
20.4092
20.6093
20.6149
20.6118
20.3666
20.3655
20.4383
20.4378
20.5764
20.5859
20.5818
20.4688
20.4677
20.6021
20.8104
20.7972
21.3424
21.3548
21.3581
21.1166
21.0984
22.6651
22.6456
22.6659
21.9325
21.902
10.7326
10.7537
11.0271
11.0227
11.0228
10.9852
11.0024
10.9082
10.8989
22.4781
22.4677
22.4793
21.9624
21.9204
21.2114
22.8592
22.8795
22.8799
22.6115
22.6231
10.677
10.4228
10.4278
10.4271
10.5506
10.5555
10.5573
10.2068
10.2246
10.4079
10.4263
9.42758
9.44659
10.7776
10.7768
10.7828
9.8935
11.1306
11.1349
11.1359
11.1281
11.1188
11.1199
11.1717
11.1609
11.1621
11.0707
11.0794
11.2156
11.2255
11.2239
20.0248
20.0271
20.1234
20.1288
20.1265
20.2359
20.2366
20.2358
20.1072
20.1132
20.1099
20.1522
20.1539
20.1524
20.1825
20.1944
20.1909
20.1075
20.1177
20.1143
20.0378
20.0387
20.128
20.1314
20.1289
20.175
20.1744
20.1735
20.2894
20.2944
20.2914
20.4045
20.4041
20.4039
20.3615
20.3636
20.362
20.3278
20.3292
20.3277
20.3524
20.365
20.3595
20.2525
20.2579
20.2568
20.1077
20.0991
20.5482
20.5547
20.551
20.5667
20.5732
20.57
20.3762
20.3742
20.3752
20.391
20.3899
20.4666
20.466
20.466
20.4154
20.4135
21.2194
21.2256
21.2249
20.6407
20.6292
20.6316
20.7117
20.7027
20.7045
20.6616
20.6567
20.6561
20.8593
20.8454
21.1105
21.1157
21.1158
11.0494
11.0491
11.0442
10.9529
10.9758
11.0765
11.0916
11.0845
11.0121
11.0125
11.0126
10.9396
10.9383
10.9373
22.8558
22.8471
22.8557
22.9343
22.9392
22.9425
23.0134
23.0317
23.0321
22.9788
22.9675
22.976
22.5556
22.5288
22.3581
22.369
22.3787
10.6089
10.6106
10.6159
10.5477
10.5528
10.5576
10.6559
10.6574
10.6593
10.5738
10.5725
10.5768
10.7816
10.7953
10.794
10.8374
10.8498
10.8465
10.4959
10.5116
21.6483
21.6159
21.6302
21.6793
21.8824
11.159
20.7276
19.4499
19.1855
19.1791
19.1482
19.052
19.0765
19.0703
19.0672
19.0607
19.0298
11.1236
11.156
11.1883
11.2215
11.1628
11.1077
11.1148
11.1039
11.108
11.1023
11.0955
11.1086
11.1974
11.1759
11.1972
10.9702
11.126
20.2277
20.1806
20.0234
20.327
20.3228
20.1922
20.242
20.252
20.3658
20.3926
20.3633
20.3501
20.359
20.2932
20.2879
20.2551
20.2585
20.3552
20.3288
20.441
20.3339
20.3897
20.4474
20.4493
20.4477
20.4206
20.4124
20.4181
20.4184
20.4208
20.4291
20.4383
20.4361
20.476
20.4679
20.4937
20.495
20.5107
20.5103
20.5115
20.4708
20.4718
20.4711
20.4449
20.4482
20.4465
20.4429
20.4455
20.4439
20.4427
20.4902
20.4883
20.4675
20.4674
20.5431
20.5901
20.6468
20.6704
20.6633
20.6542
20.5992
20.5957
20.5421
20.5433
20.5072
20.509
20.5444
20.5362
20.5421
20.5539
20.5556
20.5549
20.524
20.5261
20.5254
20.5271
20.5292
20.5285
20.553
20.5548
20.5615
20.5632
20.5625
20.5604
20.5629
20.562
20.6297
20.6299
20.6303
20.6143
20.6158
20.6242
20.6256
20.6248
20.5801
20.5818
20.581
20.5503
20.5522
20.5515
20.5499
20.5517
20.5511
20.5704
20.5734
20.5911
20.5931
20.5922
20.5907
20.5926
20.5918
20.6765
20.6959
20.6947
20.6818
20.7737
20.6958
20.7022
20.7031
20.8603
20.6582
20.6582
20.6588
20.6437
20.655
20.6475
20.6663
20.6664
20.667
20.6613
20.6619
20.6617
20.6451
20.6454
20.6454
20.6328
20.634
20.634
20.6738
20.675
20.6898
20.703
20.6952
20.6935
20.6943
20.6944
20.7971
20.8332
20.8029
20.7142
20.7166
20.7155
20.6582
20.6744
20.6641
20.6821
20.6838
20.7409
20.7397
20.7406
20.7223
20.7351
21.0033
20.8987
11.1065
10.8297
11.1541
11.1883
11.1886
11.1667
11.0993
11.1008
11.0825
11.0958
11.1561
11.079
11.0856
11.1412
10.8876
11.1248
11.048
11.0801
11.0295
11.0642
11.0812
11.0788
11.0781
11.0634
11.0691
11.1213
11.0709
11.0747
11.0571
11.0639
11.0632
11.0614
11.0606
11.1098
11.1091
11.1065
11.0652
11.0637
11.0636
11.0196
11.0202
11.0189
11.0796
11.0788
11.0766
11.0663
11.0655
11.0647
11.0916
11.0941
11.0696
11.0677
11.0671
11.1149
11.0648
11.0983
21.3347
20.8631
20.8621
20.8644
20.8541
20.8686
20.8092
20.8232
20.8115
20.8004
20.8156
20.7787
20.7928
21.1563
21.0868
20.9651
20.9419
20.8931
21.1626
21.4084
10.7715
10.4406
10.6137
10.5371
10.5742
10.6981
10.7164
10.7994
10.6838
10.6957
10.5502
10.545
10.5519
10.5987
10.6188
10.6986
10.6898
10.717
10.4647
10.6395
21.3513
10.0107
20.6631
20.6615
20.6234
20.6211
20.5845
20.6749
20.6761
20.6809
20.7788
20.7776
20.746
20.747
20.7012
20.6987
20.7037
20.7216
20.716
20.6434
20.6393
20.6395
20.6616
20.6567
20.6561
20.7436
20.7307
20.7646
20.7475
20.6429
20.6327
20.6331
20.8008
20.8005
20.7987
20.6504
20.6393
20.6402
11.1777
11.1682
11.1691
11.1495
11.158
11.155
11.1329
11.1248
11.1246
11.2309
11.2434
11.2389
11.096
11.0854
11.2073
11.2001
11.1997
11.2334
20.6728
20.686
20.6804
20.5531
20.5514
20.5523
20.5374
20.5368
20.5202
20.5215
20.5213
20.5053
20.5009
20.5308
20.5309
20.5315
20.4592
20.4347
20.7168
20.7183
20.7174
20.6292
20.6272
20.6283
20.6009
20.5981
20.5992
20.4906
20.5376
20.6747
20.6759
20.6807
20.7791
20.7779
20.701
20.6985
20.7035
20.7462
20.7472
20.7248
20.7243
20.7218
20.7163
20.801
20.8006
20.7989
20.8397
20.8265
20.8251
20.744
20.7311
20.7651
20.748
20.6502
20.6391
20.64
20.6427
20.6326
20.633
20.6432
20.6391
20.6393
20.663
20.6614
20.6312
20.5843
11.0937
11.0871
11.0864
11.0965
11.1173
11.1808
11.1751
11.1738
11.2089
11.2214
11.2173
11.0387
11.0483
11.0917
11.0967
11.097
11.0724
11.0751
11.0748
11.196
11.2088
11.205
11.1506
11.1572
11.1523
11.0622
11.0749
11.0609
11.0475
11.1747
11.1675
11.1661
11.1477
11.1529
11.1565
11.2474
11.2331
11.3052
11.3001
11.2541
11.2553
18.4348
18.4463
18.4401
18.3116
18.3278
18.3172
18.5199
18.5348
18.527
19.1735
17.0068
19.2797
19.3277
19.3056
19.5931
19.618
19.5404
19.5576
19.5471
19.4393
19.4911
19.1471
19.1904
19.7455
19.7545
19.7479
19.6475
19.6591
19.5836
19.5983
19.5888
19.7516
19.7572
19.7942
19.8429
19.8226
19.9515
20.0078
19.9815
19.9003
19.8846
19.4411
19.9334
19.9756
20.1243
20.1499
20.138
20.1542
20.1639
20.1582
20.1189
20.1274
20.1227
20.0819
20.095
20.0879
20.0876
20.1063
20.0976
20.0248
20.047
20.0372
19.9943
20.0053
20.161
20.1677
20.1634
20.1126
20.1281
20.1196
20.0994
20.124
20.1105
19.9112
19.9324
20.0316
20.0479
20.0397
19.9029
19.9251
19.9154
20.0056
20.0252
20.0148
20.0149
20.0325
20.0239
19.9459
19.9723
20.0068
20.0384
20.0222
20.0229
20.0487
20.0367
19.9636
19.985
19.9756
20.1968
20.1525
20.0669
20.1126
20.2018
20.2084
20.205
20.2064
20.2106
20.2083
20.2208
20.2284
20.2247
20.1665
20.171
20.1685
20.164
20.1755
20.3806
20.3789
20.3784
20.3903
20.3894
20.3896
20.4457
20.4424
20.4434
20.3282
20.3291
20.3278
20.3738
20.3764
20.376
20.3044
20.3036
20.3044
20.2906
20.2913
20.1636
20.2413
20.563
20.5689
20.5664
20.6403
20.6435
20.6432
20.4607
20.4598
20.4603
20.3167
20.3492
20.8899
20.884
20.8878
21.1521
21.1266
20.9687
20.9552
20.9613
21.4577
21.4644
21.4668
21.4597
21.4556
21.4621
21.5957
21.5887
21.5969
21.5472
21.5398
21.5455
21.2801
21.255
20.6009
20.5779
20.6401
20.6144
21.3251
21.319
21.3246
20.8442
10.8124
10.813
10.8141
10.701
10.7033
10.7092
10.7129
10.7175
10.7197
10.9259
10.9339
10.9296
10.9456
10.959
10.9538
10.6808
10.6861
10.8403
10.845
10.8397
11.0147
10.971
10.9862
11.0135
11.0153
11.0145
11.1472
11.1597
11.1591
11.1166
11.1112
11.109
10.9906
10.982
11.052
11.0517
11.0517
10.9896
10.9902
10.9922
11.0203
11.0221
11.0232
10.9725
10.9758
10.9753
10.895
10.9085
11.2266
11.2068
22.5532
22.5467
22.5544
23.0281
23.0792
23.0808
22.9176
22.965
22.9602
22.4845
22.4797
21.6877
21.6627
21.678
21.125
22.3633
22.3168
22.5463
22.5432
22.3636
22.3451
22.3615
22.2942
22.29
22.302
22.5743
22.5626
22.5685
22.4697
22.4563
22.6973
22.6936
22.6978
22.42
22.4072
22.4124
21.928
21.9048
21.9174
22.2447
22.2065
22.2581
22.2556
22.0235
22.0174
22.0266
22.244
22.2272
22.242
22.0341
22.0073
22.0213
21.2988
21.1817
21.421
21.2146
21.3531
10.343
10.3428
10.3451
10.2624
10.2734
10.2722
10.4315
10.44
10.4338
9.84946
9.86836
10.011
10.0201
10.0173
9.70957
9.72784
9.96685
9.98376
9.97838
10.0459
10.0598
10.2296
10.2503
9.93453
9.95291
10.3631
10.3755
10.3747
10.1509
10.1576
10.1526
10.264
10.2638
10.265
10.3379
10.2853
10.0458
10.5936
10.698
10.4799
10.8468
9.53335
9.54771
9.54277
9.28921
9.03117
9.6967
11.2299
11.1781
11.1685
11.1695
11.1469
11.1556
11.1525
11.1298
11.1217
11.1215
11.2508
11.2607
11.2569
11.0923
11.0818
11.2053
11.1982
11.1978
11.3086
11.2312
11.2988
11.3031
11.2518
11.0909
11.0842
11.0835
11.1134
11.1213
11.1194
11.1784
11.1728
11.1715
11.2265
11.2381
11.2343
11.0898
11.095
11.0953
11.0702
11.0729
11.0726
11.0357
11.0453
11.0652
11.0792
11.0023
10.9914
11.1407
11.1367
11.1337
11.1945
11.2076
11.2037
11.1483
11.1551
11.1502
11.1508
11.1562
11.1596
11.0599
11.0726
11.0946
11.1158
11.0584
11.0446
11.2073
11.2201
11.2159
11.1723
11.165
11.1637
11.1275
11.1318
11.1328
11.1253
11.1159
11.1171
11.1729
11.1618
11.1631
11.1732
11.1797
11.1753
11.0665
11.0751
11.2129
11.2229
11.2211
11.2296
11.2423
11.2378
11.0978
11.1109
11.1029
11.1094
11.1175
11.118
19.9293
19.5623
20.3553
19.9728
19.9882
20.2884
20.2597
20.1773
20.2435
20.1886
20.1504
20.1528
20.1468
20.294
20.295
20.2946
20.2898
20.2917
20.2911
20.3687
20.371
20.3692
20.4391
20.441
20.4394
20.4248
20.4268
20.4244
20.4912
20.4943
20.4925
20.5334
20.5343
20.532
20.5356
20.5371
20.5351
20.572
20.5748
20.5729
20.616
20.6181
20.6159
20.6161
20.6181
20.6159
20.7274
20.7372
20.7509
20.7556
20.752
20.7478
20.7652
20.7538
10.9093
11.0244
11.0249
11.0223
10.9745
10.976
10.9754
10.9721
10.9734
10.9721
10.9896
10.9927
10.9911
10.9454
10.9493
10.9471
10.9339
10.9382
10.9359
19.0407
19.041
19.0322
19.1435
19.1364
19.1205
19.0483
19.0412
19.0254
19.2966
19.2393
19.2411
19.2842
19.2101
19.2188
19.2344
19.1762
19.1786
19.2078
19.2295
19.2145
19.1025
19.1228
19.1045
19.1347
19.1574
19.1422
19.6701
19.6868
19.6802
19.5351
19.5555
19.5476
19.5908
19.6096
19.6023
20.0455
20.0523
20.0492
19.9169
19.9261
19.9221
19.9546
19.963
19.9594
20.3079
20.3117
20.3098
20.1901
20.1953
20.1929
20.2236
20.2286
20.2263
20.5084
20.5136
20.5114
20.4288
20.4342
20.4318
20.4575
20.463
20.4606
20.6497
20.6559
20.6539
20.6397
20.6449
20.6438
20.6535
20.6588
20.6579
20.6811
20.683
20.6789
20.7326
20.7346
20.7324
20.7141
20.7154
20.7126
10.3408
10.3647
10.1995
10.2181
10.2406
10.269
10.5468
10.5552
10.5507
10.4323
10.4422
10.4373
10.4417
10.4517
10.4467
10.6341
10.6436
10.6393
10.5449
10.5547
10.5503
10.5559
10.5658
10.5614
10.7341
10.7437
10.7397
10.6724
10.6821
10.6779
10.6865
10.6964
10.6922
11.1136
11.1114
11.1103
11.0927
11.0909
11.0901
11.0511
11.0511
11.0499
10.9917
10.993
10.9915
11.0395
11.0399
11.0385
10.9493
10.9522
10.9505
10.9969
10.9988
10.9978
19.8288
19.8121
19.3433
19.3421
19.3294
19.3242
19.3167
19.3001
19.37
19.3621
19.3435
19.5738
19.4963
19.5059
19.5477
19.4674
19.4759
19.5815
19.5018
19.5107
19.9935
20.2044
20.1953
20.1337
20.1317
19.5319
19.4662
19.4716
19.4561
19.4017
19.4021
19.4792
19.4304
19.4286
19.3677
19.3821
19.3634
19.2971
19.3073
19.2863
19.3544
19.364
19.3443
20.101
20.1023
20.253
20.2531
20.253
20.268
20.2667
20.2663
19.3962
19.4139
19.3971
19.36
19.3815
19.3667
19.4304
19.4495
19.4354
19.7547
19.7709
19.7639
19.6285
19.6492
19.6406
19.7001
19.7178
19.71
20.3176
20.318
20.3161
20.4102
20.4126
20.4118
20.4181
20.4205
20.4204
19.8139
19.8288
19.8225
19.7953
19.8113
19.8049
19.8655
19.8788
19.8732
20.1534
20.1595
20.1562
20.0351
20.0443
20.0402
20.1125
20.1195
20.116
20.475
20.4775
20.4758
20.5079
20.5084
20.5056
20.506
20.5058
20.5027
20.1929
20.1982
20.1952
20.1492
20.1556
20.1524
20.2275
20.2322
20.2296
20.4056
20.4088
20.4072
20.3116
20.3161
20.3137
20.3806
20.3839
20.3822
20.5511
20.5542
20.5523
20.5978
20.6001
20.598
20.5958
20.5981
20.596
20.4303
20.4335
20.4318
20.3993
20.4034
20.4012
20.4526
20.4557
20.4541
20.5621
20.5669
20.5643
20.5209
20.5253
20.523
20.5465
20.5508
20.5483
20.6665
20.6674
20.6664
20.7138
20.7149
20.7137
20.6998
20.7013
20.7001
20.5775
20.5827
20.5799
20.5829
20.5879
20.5856
20.5902
20.5956
20.593
20.6534
20.661
20.6574
20.6766
20.6817
20.6801
20.6445
20.6522
20.649
21.2946
20.6601
20.6669
20.663
20.7123
20.7192
20.7172
20.6622
20.6684
20.6642
20.7166
20.7188
20.7139
20.7547
20.757
20.7517
20.7062
20.7096
20.7038
11.0823
11.0644
11.0109
10.9601
10.9953
10.9662
10.9618
10.9642
10.7073
10.7128
10.7089
10.6099
10.6177
10.6132
10.7063
10.712
10.7083
10.7447
10.7524
10.7482
10.6594
10.6682
10.6637
10.7498
10.7573
10.7532
11.009
11.0114
11.0101
10.9404
10.9444
10.9422
10.9511
10.9549
10.9527
10.7571
10.7651
10.761
10.6735
10.6832
10.6786
10.7541
10.7625
10.7583
10.7754
10.7839
10.7803
10.712
10.7214
10.7175
10.7737
10.7818
10.7783
10.9424
10.9456
10.9438
10.8933
10.8978
10.8955
10.7819
10.7901
10.7865
10.7314
10.741
10.7371
10.7861
10.7948
10.7913
10.7725
10.7806
10.7778
10.8132
10.8207
10.8175
19.3698
19.2895
19.2981
19.3046
19.2215
19.2329
19.2952
19.2153
19.2239
19.1397
19.149
19.1278
19.079
19.0952
19.0742
19.0712
19.0809
19.0594
19.493
19.5145
19.5057
19.4761
19.4981
19.4895
19.4165
19.44
19.4306
19.9248
19.9344
19.9303
19.8797
19.8901
19.8857
19.8375
19.849
19.8443
20.2169
20.2214
20.2193
20.1606
20.1662
20.1638
20.1265
20.1324
20.1298
20.4425
20.4468
20.4447
20.4048
20.4099
20.4076
20.375
20.38
20.3777
20.6156
20.6213
20.6197
20.6171
20.6223
20.6212
20.5928
20.5982
20.5968
20.6768
20.6814
20.6783
20.7142
20.7182
20.7171
20.7149
20.7195
20.7196
20.7933
20.8068
20.7993
20.8123
20.8056
20.8026
10.5258
10.5338
10.5298
10.413
10.4238
10.4186
10.4099
10.4201
10.4152
10.6193
10.6288
10.6243
10.5347
10.5454
10.5406
10.5264
10.5369
10.532
10.6984
10.7082
10.704
10.6547
10.6656
10.6612
10.6417
10.6525
10.6479
10.7982
10.8067
10.8039
10.7536
10.762
10.7592
20.6795
20.6865
20.6836
20.6876
20.686
20.6875
20.6577
20.6598
20.6602
20.7308
20.7297
20.731
20.6898
20.6896
20.6904
20.7056
20.7043
20.7057
20.726
20.7283
20.7273
20.3525
20.3651
20.3596
20.2541
20.2646
20.2601
20.4147
20.4181
20.4167
20.3636
20.3674
20.3653
20.461
20.4755
20.469
20.5656
20.5723
20.5683
20.4755
20.483
20.4796
20.9837
20.9792
20.9799
20.9935
20.9964
20.9973
21.087
21.0882
21.0885
22.1287
22.1389
22.1426
22.1901
22.1939
22.2079
11.0349
11.0378
11.0415
11.0672
11.0743
11.0731
11.1001
11.0911
11.0923
11.0309
11.0263
11.0282
22.9816
22.9869
22.9977
22.2139
22.2206
22.2198
22.3015
22.2868
22.293
22.3347
22.3401
22.3396
9.75764
9.7652
9.76076
9.93712
9.93658
9.93653
9.48365
9.48503
9.48367
9.56249
9.57653
9.57072
21.769
21.8988
21.8797
21.8838
21.8572
9.32118
9.30287
9.29519
9.29554
9.15939
20.1632
20.1747
20.1634
20.3169
20.3496
20.5785
20.6016
11.2254
21.3044
10.8535
21.1635
11.2059
11.1842
11.1517
11.1057
11.1356
11.1086
11.1107
11.1067
11.1152
11.1158
11.088
11.0865
11.086
11.1254
11.1272
11.1225
11.1102
11.1083
11.1072
11.0924
11.0903
11.0895
11.1263
11.1245
11.1219
19.9987
19.1177
19.7362
19.7197
19.1988
20.2004
19.6188
19.5845
18.8106
19.9553
20.2132
20.1806
20.2789
20.3274
19.6433
19.6485
19.953
19.9177
19.9117
19.7914
19.8034
19.8039
19.9093
19.8176
19.8948
19.8779
19.8643
19.884
19.8302
20.0177
20.0322
20.1923
20.198
20.1921
20.2303
20.2342
20.2228
19.9458
19.9539
19.9366
19.9502
19.9599
19.9486
19.9553
19.9558
19.9461
19.9831
19.989
19.9818
19.986
19.9962
19.986
19.9769
19.9811
19.9727
20.2094
20.2115
20.2053
20.3351
20.3375
20.3369
20.334
20.3359
20.3352
20.1364
20.1396
20.1374
20.1992
20.2077
20.2042
20.1497
20.1534
20.1513
20.2106
20.2139
20.2121
20.2436
20.2513
20.2481
20.1947
20.1981
20.1962
20.4122
20.4143
20.4128
20.4452
20.4464
20.444
20.4532
20.4544
20.4523
20.3793
20.3825
20.3822
20.4268
20.4296
20.4279
20.3945
20.3981
20.3978
20.4473
20.4513
20.4504
20.4513
20.4537
20.4522
20.4399
20.4434
20.4429
20.5139
20.517
20.5151
20.5592
20.5611
20.5592
20.5573
20.5589
20.5569
20.5092
20.5128
20.5101
20.5552
20.5587
20.5577
20.4995
20.5031
20.5001
20.5104
20.5136
20.5102
20.5772
20.581
20.5798
20.5145
20.5179
20.5148
20.5963
20.5989
20.5972
20.6403
20.642
20.6401
20.6385
20.6403
20.6382
20.565
20.5687
20.5648
20.6141
20.6171
20.6129
20.5637
20.5677
20.5639
20.5795
20.5835
20.5797
20.6343
20.6374
20.6324
20.583
20.587
20.5833
20.7373
20.756
20.7987
20.8162
20.819
20.8204
20.6613
20.6645
20.6619
20.7104
20.7131
20.7099
20.6691
20.6711
20.6684
20.724
20.7252
20.7539
20.7557
20.7527
20.6956
20.7167
20.7021
10.9185
10.7497
10.8642
10.8215
10.8319
10.9153
10.9831
10.9698
10.8474
10.8611
10.8851
10.9015
11.0269
11.0273
11.0262
10.9637
10.967
10.9649
10.9784
10.9809
10.9791
10.9576
10.9605
10.9586
10.8836
10.8888
10.8861
10.9479
10.9511
10.9486
10.9428
10.9464
10.9442
10.8905
10.8958
10.8933
10.9544
10.9578
10.9558
10.9868
10.9898
10.9884
10.9211
10.9259
10.9236
10.9318
10.9361
10.934
10.9334
10.9383
10.9363
10.8654
10.8721
10.8693
10.9239
10.9291
10.9269
10.9128
10.9182
10.9158
10.8653
10.8718
10.8691
10.9222
10.9273
10.925
19.1669
19.1499
19.1312
19.1325
19.1028
19.0865
19.0763
19.0595
19.0409
19.2393
19.2001
19.1933
19.1297
19.1066
19.0927
19.177
19.1369
19.1308
19.2552
19.2787
19.2656
19.2333
19.2593
19.2469
19.1808
19.2057
19.1922
19.7268
19.7419
19.7359
19.6971
19.7127
19.7066
19.6459
19.663
19.6564
20.0808
20.0868
20.0841
20.0244
20.0314
20.0284
19.9887
19.9962
19.993
20.3352
20.339
20.3371
20.2859
20.2905
20.2883
20.2536
20.2583
20.256
20.5296
20.5352
20.5329
20.5115
20.5175
20.5152
20.4843
20.4901
20.4877
20.6692
20.6753
20.6732
20.6834
20.6886
20.6885
20.6801
20.6852
20.6846
20.7204
20.7201
20.7173
20.7306
20.7299
20.7274
20.7395
20.7398
20.7375
10.4731
10.468
10.3808
10.3377
10.3708
10.311
10.3074
10.3152
10.5629
10.5712
10.5668
10.4704
10.4802
10.4754
10.4616
10.4712
10.4665
10.6506
10.6598
10.6557
10.5901
10.6003
10.5958
10.5772
10.5871
10.5826
10.7494
10.7584
10.7544
10.7169
10.7259
10.7221
10.7051
10.7146
10.7107
11.1192
11.1171
11.1143
11.1042
11.1025
11.1023
11.0948
11.0923
11.0915
11.0542
11.054
11.0533
11.0857
11.0842
11.0833
11.1019
11.1003
11.0995
11.0573
11.057
11.056
11.0871
11.0855
11.0841
11.0572
11.056
11.0547
11.0845
11.0842
11.0832
11.046
11.046
11.0446
10.9873
10.9886
10.987
11.0223
11.0235
11.0222
11.0348
11.0356
11.0343
11.0819
11.0814
11.0801
11.0296
11.0304
11.0292
11.0422
11.0425
11.0412
11.0478
11.0481
11.0476
11.0046
11.006
11.005
10.9561
10.9587
10.957
11.0176
11.0191
11.018
11.0033
11.005
11.0038
11.0517
11.0518
11.0511
11.0255
11.0265
11.0255
11.0107
11.012
11.0109
19.9414
19.8215
19.837
19.7989
19.8231
19.8378
19.7966
19.8401
19.7855
20.1603
20.2347
19.9195
20.0295
19.9412
19.9432
19.9009
19.5181
19.5109
19.4921
19.5387
19.5513
19.5112
19.5742
19.5623
19.5409
19.3495
19.3318
19.3127
19.4683
19.4361
19.4195
19.3926
19.3737
19.3531
19.5193
19.514
19.4786
19.7159
19.6776
19.6637
19.5994
19.5767
19.5559
19.7661
19.6972
19.7048
19.7271
19.6676
19.6718
19.7714
19.6963
19.7049
19.5204
19.4537
19.4546
19.5155
19.4644
19.4565
19.5665
19.4974
19.4998
19.762
19.7011
19.7047
19.7282
19.6706
19.6665
19.7885
19.7186
19.7234
19.9709
20.1755
20.1526
20.1354
20.1242
19.8994
19.9107
19.8921
19.8849
19.8873
19.8739
19.878
19.8895
19.87
19.8574
19.8628
19.8327
19.8733
19.871
19.8574
19.8677
19.8725
19.8511
19.7142
19.6575
19.6603
19.6502
19.6195
19.6131
19.6768
19.636
19.6319
19.3971
19.3606
19.3524
19.3867
19.3698
19.354
19.4264
19.3946
19.3849
19.6213
19.6016
19.5907
19.5902
19.5767
19.5614
19.624
19.5985
19.5876
19.5766
19.5896
19.5724
19.6116
19.6173
19.6021
19.5631
19.572
19.5539
19.2988
19.3011
19.2803
19.3614
19.3556
19.337
19.3496
19.3525
19.3328
19.597
19.5982
19.5828
19.5665
19.5622
19.5448
19.5577
19.5609
19.5428
20.0348
20.0459
20.2316
20.2345
20.2312
20.2201
20.2192
20.2186
20.0945
20.0973
20.095
20.1044
20.1148
20.1093
20.0789
20.0822
20.0794
20.0132
20.0202
20.0145
20.0637
20.074
20.0678
20.0294
20.0349
20.0309
19.6043
19.6203
19.6043
19.6929
19.7056
19.6933
19.6334
19.6507
19.6369
19.4054
19.4282
19.4153
19.5265
19.5468
19.5361
19.4778
19.4978
19.4857
19.7352
19.7485
19.7376
19.7164
19.734
19.7238
19.6758
19.6935
19.6819
19.9154
19.9299
19.9232
19.9135
19.9249
19.9188
19.8693
19.8851
19.8777
19.5684
19.5902
19.5807
19.5842
19.604
19.5944
19.6391
19.6578
19.6491
19.86
19.8721
19.8652
19.7686
19.786
19.7768
19.8146
19.8311
19.8229
20.2639
20.2644
20.2622
20.3808
20.3831
20.3828
20.3806
20.3831
20.3828
20.3336
20.3367
20.3359
20.3712
20.3757
20.3735
20.3203
20.3227
20.3215
20.2585
20.2611
20.2596
20.3345
20.34
20.3375
20.2742
20.2767
20.2752
19.9691
19.9825
19.9765
20.0444
20.0539
20.0496
20.0131
20.0252
20.0198
19.8494
19.864
19.8581
19.9697
19.9803
19.9757
19.921
19.933
19.9278
20.0945
20.1034
20.0996
20.1053
20.1149
20.1105
20.0638
20.0747
20.0698
20.262
20.2678
20.2649
20.2665
20.271
20.2687
20.229
20.2357
20.2325
19.992
20.0025
19.998
20.0208
20.0302
20.0259
20.0668
20.0751
20.0712
20.2216
20.2271
20.2245
20.1505
20.1594
20.1553
20.1882
20.1963
20.1926
20.4449
20.4474
20.4457
20.476
20.4768
20.4742
20.4767
20.4774
20.4738
20.4915
20.4958
20.4935
20.5105
20.5121
20.5111
20.4988
20.5027
20.5011
20.4794
20.4829
20.4819
20.4874
20.4889
20.4876
20.4762
20.4804
20.4789
20.2959
20.3008
20.2983
20.3619
20.3655
20.3635
20.3224
20.3267
20.3245
20.1829
20.1885
20.1857
20.2919
20.2961
20.294
20.2609
20.2654
20.263
20.3952
20.3987
20.3968
20.3772
20.381
20.379
20.3531
20.3571
20.355
20.475
20.4784
20.4765
20.4808
20.4842
20.4825
20.4546
20.458
20.4561
20.2806
20.2853
20.2828
20.3239
20.3277
20.3258
20.3521
20.3556
20.3538
20.4579
20.4614
20.4596
20.4062
20.4097
20.4078
20.4284
20.4317
20.4299
20.5321
20.5352
20.5333
20.5775
20.5795
20.5776
20.5799
20.5821
20.5802
20.5498
20.5534
20.5493
20.6056
20.6091
20.6063
20.547
20.5503
20.5458
20.5281
20.5311
20.5272
20.5974
20.6013
20.5988
20.5306
20.5339
20.5292
20.4988
20.5024
20.5005
20.5153
20.5187
20.5168
20.5182
20.5218
20.52
20.4265
20.4303
20.4282
20.4938
20.4969
20.4952
20.4744
20.4774
20.4758
20.528
20.5313
20.5293
20.5544
20.5579
20.5562
20.5392
20.5428
20.541
20.6042
20.608
20.6059
20.5645
20.5696
20.5675
20.5966
20.6004
20.5985
20.4993
20.5032
20.5011
20.5132
20.5164
20.5145
20.5294
20.5329
20.5308
20.5489
20.553
20.5512
20.5714
20.5748
20.5732
20.5828
20.5863
20.5846
20.6335
20.6357
20.6345
20.6642
20.6658
20.6641
20.6727
20.6743
20.6727
20.6333
20.637
20.6341
20.6786
20.6813
20.6774
20.6258
20.6294
20.6263
20.6011
20.6048
20.6013
20.6597
20.6625
20.6584
20.6045
20.6084
20.6049
20.6162
20.6202
20.618
20.5907
20.5967
20.5935
20.6234
20.6282
20.6262
20.6034
20.6087
20.6063
20.6127
20.618
20.6153
20.6033
20.6087
20.6062
20.5999
20.6057
20.6022
20.6553
20.6616
20.6587
20.6412
20.6468
20.6446
20.6874
20.692
20.6878
20.6199
20.6251
20.6197
20.6873
20.6926
20.689
20.6595
20.6649
20.6632
20.622
20.6279
20.6251
20.631
20.6379
20.6351
20.6063
20.6113
20.6063
20.6705
20.6767
20.6736
20.6769
20.6828
20.6796
20.9097
20.9606
21.0936
20.8498
20.865
20.8637
20.7634
20.7741
20.8348
20.8349
20.7573
20.776
20.6978
20.7019
20.6971
20.6498
20.6543
20.6489
20.7035
20.7074
20.7023
20.724
20.7305
20.7277
20.6666
20.6715
20.6661
20.6655
20.6711
20.6662
20.6694
20.6738
20.6686
20.7317
20.735
20.7292
20.7217
20.7256
20.7199
20.7997
20.8163
20.803
20.762
20.7617
20.7879
20.7983
20.7885
20.738
20.7413
20.7364
20.6805
20.6851
20.6789
20.6877
20.6918
20.6854
20.7049
20.7254
20.7094
20.7527
20.7557
20.7504
20.7654
20.7676
20.7626
10.9741
10.9892
10.9403
10.9482
10.9522
10.9614
10.9478
10.9498
10.9479
10.892
10.8947
10.8928
10.9587
10.9605
10.9577
10.9303
10.943
10.873
10.8758
10.8743
10.9593
10.9542
10.957
10.7419
10.7362
10.7423
10.8033
10.8202
10.7931
10.7435
10.7795
10.6295
10.6383
10.6337
10.724
10.7305
10.7263
10.7287
10.7352
10.7311
10.8613
10.8553
10.8602
10.7672
10.7724
10.7687
10.7596
10.7644
10.7624
10.7769
10.7844
10.7801
10.8652
10.8703
10.8667
10.7846
10.7918
10.7876
10.6432
10.6522
10.6475
10.7405
10.7474
10.7433
10.7349
10.742
10.7378
10.855
10.86
10.8564
10.7803
10.7863
10.7824
10.7719
10.7787
10.7745
11.0078
11.01
11.0084
10.962
10.9655
10.9634
10.9493
10.9531
10.9509
10.9288
10.9339
10.9316
10.873
10.8792
10.8764
10.9378
10.9425
10.9403
10.9455
10.9499
10.9477
10.8698
10.8756
10.8728
10.9346
10.9391
10.9367
10.7868
10.7942
10.7903
10.8556
10.8612
10.8582
10.7812
10.7885
10.7848
10.6863
10.6959
10.6914
10.7609
10.7693
10.7654
10.7632
10.7715
10.7674
10.8611
10.8666
10.8638
10.7839
10.7913
10.7879
10.7886
10.7958
10.7923
10.7883
10.7965
10.7929
10.8556
10.8622
10.8592
10.7899
10.7974
10.7939
10.7015
10.7111
10.7069
10.768
10.7761
10.7724
10.7675
10.7758
10.7723
10.8513
10.8576
10.8545
10.7893
10.7966
10.7931
10.7852
10.7927
10.7891
10.9493
10.9523
10.9505
10.9113
10.9155
10.9133
10.8996
10.9041
10.9018
10.8414
10.8478
10.8449
10.8893
10.8945
10.8921
10.9047
10.9098
10.9075
10.8438
10.8502
10.8473
10.8954
10.9008
10.8985
10.7928
10.8007
10.7973
10.8507
10.858
10.855
10.792
10.8002
10.7967
10.7415
10.7507
10.7469
10.7953
10.8038
10.8003
10.7925
10.8008
10.7973
10.8523
10.8593
10.8564
10.7955
10.8036
10.8003
10.7952
10.8029
10.7995
10.8436
10.8502
10.847
10.7995
10.8073
10.8039
10.7588
10.7678
10.7648
10.803
10.8111
10.8078
10.8052
10.8131
10.8099
10.8438
10.8506
10.8475
10.7977
10.8054
10.8021
10.7961
10.804
10.8006
19.3336
19.268
19.2685
19.1927
19.1464
19.1369
19.2539
19.1889
19.1893
19.1407
19.1417
19.1209
19.0934
19.0837
19.065
19.0744
19.0754
19.0545
19.4301
19.453
19.4432
19.2932
19.319
19.3076
19.3546
19.3795
19.3691
19.8794
19.8903
19.8858
19.7474
19.7616
19.7559
19.7942
19.807
19.8018
20.185
20.1899
20.1877
20.059
20.0656
20.0628
20.094
20.1003
20.0976
20.4187
20.4226
20.4206
20.3166
20.3213
20.319
20.3477
20.3524
20.3501
20.5968
20.6025
20.6007
20.5411
20.5467
20.5448
20.568
20.5736
20.5719
20.673
20.6788
20.6764
20.7023
20.7071
20.7074
20.7078
20.7125
20.713
20.7205
20.7377
20.7346
20.7503
20.7378
20.7484
20.7598
20.75
10.4978
10.5057
10.5014
10.366
10.3764
10.3723
10.3839
10.3935
10.389
10.6013
10.6107
10.6061
10.4985
10.5089
10.504
10.5052
10.5157
10.5109
10.6847
10.695
10.6904
10.6116
10.6226
10.6178
10.6239
10.6351
10.6303
10.7771
10.7862
10.7827
10.7296
10.7382
10.7347
10.7331
10.742
10.7386
20.4596
20.435
20.6731
20.6863
20.6808
20.5533
20.5516
20.5525
20.5376
20.537
20.5207
20.5219
20.5218
20.5055
20.5011
20.531
20.5311
20.5318
20.7162
20.7166
20.7174
20.7068
20.7065
20.7075
20.5522
20.5517
20.5521
20.5784
20.5764
20.5695
20.5684
20.5691
20.6071
20.6041
20.58
20.5785
20.5793
20.6294
20.6274
20.6285
20.7167
20.7182
20.7174
20.601
20.5982
20.5993
19.4407
19.8998
19.8842
19.9329
19.9751
19.1477
19.191
19.2797
19.3278
19.3056
19.5934
19.6183
19.4395
19.4913
19.5403
19.5574
19.547
19.794
19.8427
19.8224
19.7452
19.7542
19.7476
19.6475
19.6591
19.7516
19.7571
19.5834
19.5981
19.5886
19.9512
20.0075
19.9812
20.196
20.1517
20.0663
20.112
20.1542
20.1638
20.1582
20.1186
20.1271
20.1224
20.0816
20.0947
20.0876
20.1606
20.1672
20.1629
19.9937
20.0047
20.1122
20.1276
20.1192
20.0314
20.0478
20.0396
19.9026
19.9249
19.9152
20.0148
20.0324
20.0238
20.0053
20.0249
20.0145
20.0989
20.1235
20.1099
19.9107
19.9319
20.0063
20.0379
20.0217
19.9454
19.9718
20.0245
20.0466
20.0369
19.9634
19.9847
19.9754
20.1238
20.1493
20.1375
20.0225
20.0482
20.0362
20.2359
20.2366
20.2358
20.1069
20.1129
20.1097
20.1519
20.1537
20.1521
20.1826
20.1944
20.1909
20.1073
20.1175
20.1141
20.0243
20.0266
20.1231
20.1285
20.1262
20.1276
20.131
20.1285
20.0371
20.0381
20.1746
20.174
20.173
20.2064
20.2106
20.2082
20.2207
20.2283
20.2247
20.2016
20.2082
20.2048
20.1665
20.171
20.1684
20.2415
20.4047
20.4042
20.4041
20.3616
20.3637
20.3621
20.2895
20.2946
20.2916
20.3281
20.3295
20.3281
20.1079
20.0994
20.3904
20.3896
20.3897
20.446
20.4427
20.4437
20.381
20.3793
20.3788
20.3284
20.3293
20.328
20.3744
20.377
20.3766
20.3049
20.3041
20.3049
20.2911
20.2918
20.5484
20.5549
20.5512
20.5671
20.5736
20.5704
20.3767
20.3748
20.3757
20.3915
20.3904
20.4669
20.4664
20.4664
20.4158
20.4139
20.6404
20.6435
20.6432
20.5631
20.5691
20.5665
20.4612
20.4603
20.4607
20.6161
20.6408
20.6292
20.6316
20.7116
20.7026
20.7044
20.8585
20.8446
21.2186
21.2248
21.2241
21.1097
21.1149
21.115
20.9372
20.9311
21.4571
21.4638
21.4662
20.8901
20.8842
20.888
20.9688
20.9553
20.9613
21.5953
21.5883
21.5965
21.4591
21.4551
21.4615
21.5466
21.5392
21.5449
21.2789
21.2538
22.5251
22.5914
22.5944
22.7116
22.702
22.7165
22.5823
22.6485
22.6557
21.7612
21.7476
21.7581
21.8658
21.8712
21.5996
21.6249
21.6323
11.0202
10.8224
10.8226
10.8235
10.7015
10.7038
10.7096
10.7107
10.7149
10.7168
10.9232
10.9317
10.9268
10.9435
10.9575
10.9515
10.6806
10.6843
10.8356
10.8407
10.8348
11.2284
11.2138
11.2113
11.0107
11.0117
11.0116
10.9384
10.9369
10.9359
10.9726
10.9761
10.9754
11.118
11.1313
11.1275
11.0471
11.0469
11.0414
10.9486
10.9717
11.0116
11.0141
11.0132
11.0563
11.0561
11.0558
11.1444
11.157
11.1563
11.1683
11.1819
11.1773
11.1145
11.1093
11.1068
10.9957
10.9849
10.9999
11.0008
11.0021
11.0265
11.0291
11.0301
10.8921
10.9071
21.1281
22.9164
22.9638
22.9589
22.5512
22.5447
22.5524
23.0248
23.0758
23.0774
22.2554
22.2498
22.2675
21.6881
21.663
21.6783
22.4808
22.4759
21.1872
21.4273
21.3071
21.3514
22.8549
22.8461
22.8547
23.0095
23.0277
23.0281
22.3577
22.3683
22.378
22.5511
22.5242
22.5736
22.5619
22.5677
22.3593
22.3126
22.5424
22.5392
22.3626
22.3441
22.3604
22.2924
22.2882
22.3002
22.4184
22.4057
22.4108
22.2421
22.2041
22.2553
22.2528
22.0326
22.006
22.0199
22.0211
22.015
22.0242
22.2424
22.2256
22.2404
10.7044
10.2894
10.5993
10.4806
10.2569
10.2683
10.2679
10.4238
10.4328
10.4264
10.3582
10.3713
10.3706
9.87073
9.87109
9.87359
9.75728
9.7557
9.75615
9.84894
9.86818
9.63254
9.6447
9.63944
9.45342
9.47681
9.96136
9.97886
9.97349
9.74392
9.75532
9.74582
10.002
10.0116
10.0088
10.2746
10.275
10.2768
10.0452
10.0597
10.2302
10.2512
9.93393
9.95211
10.1454
10.1519
10.1469
10.666
10.6672
10.6697
10.6045
10.6065
10.6125
10.5463
10.5514
10.5573
10.5831
10.5822
10.5869
10.5792
10.5866
10.5865
10.7791
10.7931
10.7911
10.8362
10.85
10.8459
10.497
10.5128
21.6461
21.6137
21.6279
21.6776
21.8799
9.70867
9.29264
9.53348
9.54849
9.54367
9.03961
)
;

boundaryField
{
    Inlet
    {
        type            zeroGradient;
    }
    Outlet
    {
        type            fixedValue;
        value           nonuniform List<scalar> 0();
    }
    Wall
    {
        type            zeroGradient;
    }
    procBoundary0to1
    {
        type            processor;
        value           nonuniform List<scalar> 
435
(
11.1667
11.0968
11.1631
11.1224
11.1563
11.1561
11.1221
11.0955
11.118
11.026
11.0848
10.9525
11.0195
10.8921
10.9151
10.7527
10.9161
10.7269
11.0879
10.9472
11.1237
11.0304
10.9059
10.7545
11.0296
10.9147
10.7242
10.9119
11.2902
11.1344
11.1456
11.123
11.1402
11.0951
11.123
11.123
11.123
11.123
11.1415
11.0468
11.0468
11.0468
11.145
11.1415
11.1415
11.2869
11.0772
11.1127
11.135
11.1127
11.1127
11.1127
11.1127
11.1399
11.138
11.0513
11.0513
11.0513
11.138
11.138
11.1438
11.1309
11.2621
11.233
11.155
11.1737
11.1534
11.1449
11.1418
11.2547
11.2244
11.1628
11.147
11.1536
11.1423
11.1199
11.0513
11.0513
11.0513
10.9884
11.0853
10.9884
10.9884
10.97
11.0899
10.9057
10.9057
10.9057
10.97
10.97
10.8096
10.9614
10.8664
10.8664
10.8664
10.8096
10.8096
10.7841
10.9604
10.7486
10.7486
10.7486
10.7841
10.7841
10.7273
10.7273
10.7273
11.0771
11.0771
11.0771
10.9814
11.092
10.9814
10.9814
10.9821
10.9043
10.9043
10.9043
11.0978
10.9821
10.9821
10.8121
10.873
10.873
10.873
10.9706
10.8121
10.8121
10.7854
10.767
10.767
10.767
10.9726
10.7854
10.7854
10.7125
10.7125
10.7125
11.1689
11.1689
11.2792
11.1181
11.2043
11.2164
11.1797
11.2699
11.315
11.1567
11.2416
11.179
11.1801
11.179
11.1863
11.2445
11.183
11.1355
11.1711
11.1688
11.1184
11.1114
11.1656
11.1656
11.2778
11.1752
11.173
11.2316
11.1757
11.1729
11.1229
11.1757
11.2008
11.2165
11.2721
11.1768
11.3132
11.1528
11.2393
11.1766
11.1219
11.0724
11.109
10.9871
11.0594
10.8832
10.8107
10.9928
10.9223
10.7115
10.9342
10.6222
10.6135
10.8607
10.6804
11.1379
11.0953
11.098
10.992
10.8866
11.0651
10.8086
10.9262
11.0003
10.7046
10.6252
10.9417
10.6338
10.6872
10.855
11.0876
11.0985
11.0229
10.9558
11.0615
11.051
10.8409
10.9963
10.7303
10.6689
10.9255
10.7642
11.1221
11.1146
11.0296
10.9593
11.0662
11.0582
10.8391
11.0049
10.7321
10.668
10.9332
10.7641
11.1444
11.1558
11.0842
11.1536
11.1403
11.0812
11.062
11.0092
11.0326
10.9744
10.921
11.0054
10.8229
10.8781
10.8554
10.7858
10.724
10.8216
10.7077
11.0687
11.0141
11.0325
10.9768
11.0061
10.9252
10.8295
10.8548
10.8754
10.7882
10.8171
10.7372
10.7103
11.1567
11.179
11.1363
10.9031
11.363
11.129
10.8954
11.1528
11.3574
11.1766
11.1066
11.1047
11.104
11.108
11.1065
11.1053
10.9402
10.9435
10.9417
10.9358
10.9396
10.9377
10.7787
10.787
10.7847
10.8068
10.8147
10.8121
11.1803
11.1777
11.2168
11.2168
11.1272
11.1335
11.1255
11.1184
11.1792
11.1766
11.2175
11.2175
11.0409
11.0408
11.0401
11.039
11.0397
11.0391
10.8392
10.8462
10.8433
10.845
10.8524
10.8492
11.1111
11.1182
11.2013
11.2074
11.2032
11.1747
11.2657
11.1321
11.1688
11.1688
11.1184
11.1184
11.2641
11.1074
11.1142
11.0781
11.0764
11.0753
10.9886
10.9909
10.9897
10.887
10.8921
10.8898
10.822
10.8291
10.8263
10.7583
10.7654
10.7631
11.0792
11.0781
11.0775
10.9933
10.9951
10.994
10.886
10.8918
10.8893
10.8017
10.8098
10.8064
11.0997
11.0979
11.0972
11.1007
11.099
11.0978
10.9352
10.9386
10.9369
10.929
10.9325
10.9306
10.7704
10.7781
10.7753
10.8019
10.8096
10.8069
11.0976
11.1105
11.1252
11.1311
11.1235
11.1482
11.1459
11.1747
11.1747
11.1449
11.1427
11.1719
11.1719
11.1719
11.0359
11.0358
11.0349
11.0316
11.0322
11.0317
10.8329
10.8397
10.8368
10.8384
10.8453
10.842
11.2316
11.1229
11.1212
11.1996
11.2057
11.2015
11.0738
11.0727
11.0716
10.9822
10.9844
10.9833
10.8819
10.8868
10.8845
10.8129
10.8205
10.8173
10.7527
10.7607
10.7582
11.0691
11.0678
11.0668
10.9887
10.9904
10.9893
10.88
10.8856
10.8831
10.7956
10.8031
10.7999
)
;
    }
    procBoundary0to2
    {
        type            processor;
        value           nonuniform List<scalar> 
1743
(
17.7984
18.2021
18.7793
19.2476
19.5799
19.823
20.0499
20.3349
20.7502
21.2667
21.6668
9.82575
10.2391
10.4887
10.627
17.7974
18.0513
18.0526
9.72461
18.1019
18.2018
18.6441
18.7789
19.1444
19.2456
19.504
19.5804
19.7642
19.8251
19.9934
20.0502
20.2572
20.3364
20.6336
20.7472
21.1383
21.2672
21.5883
21.6666
9.71384
9.8551
10.147
10.2519
10.4493
10.4958
10.6052
10.6273
18.0021
17.8239
17.9654
18.6442
19.1445
19.5044
19.7648
19.9935
20.2571
20.6314
21.1385
21.5881
9.36433
9.36433
9.36433
9.36433
9.42802
9.42802
9.42802
9.42802
9.47697
9.47697
9.47697
9.47697
9.2968
9.2968
9.2968
9.2968
10.1433
10.4348
10.6024
18.1864
18.263
18.0019
17.9651
17.8229
18.1027
18.1873
18.2624
21.5093
21.5093
21.5093
21.5093
21.8407
21.8407
21.8407
21.8407
21.6173
21.6173
21.6173
21.6173
21.769
21.769
21.769
21.769
21.111
21.0629
21.0409
21.0409
21.0409
21.0409
21.3104
21.3104
21.3104
21.3104
9.75004
9.75004
9.75004
9.75004
9.71682
9.71682
9.71682
9.71682
9.90867
9.97891
18.6023
18.7272
18.7731
18.589
18.3647
18.4598
18.9173
18.79
19.3814
19.2755
19.7158
19.6445
19.9519
19.8979
20.1656
20.1114
20.395
20.3337
20.6396
20.5792
20.8512
20.8023
21.1169
21.0622
9.7571
9.7571
9.7571
9.7571
9.70716
9.70716
9.70716
9.70716
10.1249
10.0607
10.3175
10.2911
10.4874
10.4418
10.6348
10.606
21.5882
21.7147
21.5201
21.573
21.6943
18.6993
18.6748
18.6824
18.7524
18.6013
18.7287
18.588
18.7747
18.6973
18.681
18.7524
18.6876
20.5353
20.6469
20.5789
20.6562
20.7088
20.8864
20.9077
20.7849
20.8587
20.6419
9.33211
9.16226
10.0795
9.78968
9.56193
9.64713
9.65877
9.89884
10.1664
10.1911
9.8546
10.1201
10.3991
10.1363
10.3826
18.5993
18.7134
18.6961
18.6274
18.5616
18.6738
19.0406
19.1624
19.477
19.5656
19.7814
19.8414
20.0042
20.0584
20.2204
20.2777
20.4565
20.5223
20.7002
20.7583
20.9232
20.9811
21.0309
21.0309
21.0309
21.0309
21.31
21.31
21.31
21.31
21.8408
21.8408
21.8408
21.8408
21.6171
21.6171
21.6171
21.6171
21.5071
21.5071
21.5071
21.5071
21.7663
21.7663
21.7663
21.7663
9.90134
9.97651
9.4267
9.4267
9.4267
9.4267
9.47309
9.47309
9.47309
9.47309
9.37811
9.37811
9.37811
9.37811
9.29393
9.29393
9.29393
9.29393
10.1785
10.2377
10.3452
10.3967
10.5344
10.5749
10.6799
18.3616
18.4575
18.5584
18.6706
18.9158
18.7879
19.0384
19.1605
19.3818
19.2716
19.4772
19.5666
19.7162
19.6451
19.7805
19.8401
19.9507
19.897
20.0031
20.0571
20.1653
20.1108
20.2207
20.2784
20.3972
20.337
20.4619
20.5241
20.6479
20.5803
20.76
20.6791
20.8246
20.8816
20.9602
20.9615
21.6517
21.4284
10.0652
10.1174
10.2134
10.1698
10.2682
10.3005
10.3435
10.3852
10.478
10.4299
10.5421
10.595
10.6776
10.6426
10.7005
18.6765
18.6935
18.6926
18.6337
18.5978
18.7158
18.698
18.626
18.6753
18.6967
18.6315
18.6968
20.62
20.7399
20.7278
20.6192
20.673
20.8209
20.8417
20.6932
20.8254
21.3231
9.043
9.28019
9.58453
9.47643
9.61871
9.96797
10.3266
10.2689
10.0038
10.0669
10.3772
10.0483
10.3549
18.6631
18.7853
18.8452
18.6531
19.1302
18.7027
18.7673
19.1179
19.1445
19.2372
19.3006
19.1356
19.4479
19.6648
19.7036
19.4073
19.8153
19.9369
19.9677
19.7694
20.1007
20.1715
20.2038
20.0591
20.3356
20.415
20.4494
20.2983
20.5223
20.647
20.6686
20.4945
20.555
20.7047
20.6881
20.5667
20.6459
20.6532
20.5188
20.553
20.8597
20.6384
10.1857
10.2062
9.92913
9.8866
10.4497
10.225
10.4495
10.2413
10.3217
10.5771
10.5831
10.3663
10.4393
10.6915
10.7047
10.4536
10.5666
10.8203
10.8349
10.5598
19.0725
18.6528
19.1075
18.6254
19.1199
19.1737
19.1176
19.1111
19.3197
19.6205
19.3545
19.5779
19.6824
19.9097
19.729
19.8774
19.9947
20.1435
20.0349
20.1122
20.2423
20.3856
20.2821
20.3521
20.4509
20.6255
20.4815
20.5987
20.5609
20.7143
20.5672
20.718
20.6044
20.5451
20.4542
20.6185
20.8881
20.9088
20.703
20.779
21.7153
21.5849
21.5173
21.5731
21.6941
10.0929
9.82547
9.33442
9.1521
10.4124
10.3995
10.1642
10.1726
9.65511
9.5572
9.66646
10.3561
10.5475
10.3086
10.5447
10.4267
10.6754
10.407
10.665
10.5212
10.8079
10.5207
10.7925
10.7112
10.8947
18.6702
18.784
18.8461
18.6612
19.0732
18.6625
19.1086
18.6353
19.1304
18.7125
18.7764
19.1184
19.1159
19.1784
19.116
19.117
19.1451
19.2399
19.3014
19.133
19.322
19.6185
19.3567
19.5758
19.4498
19.6629
19.7017
19.4094
19.6827
19.9083
19.7294
19.8759
19.8157
19.9355
19.9664
19.7693
19.9969
20.1389
20.0376
20.1074
20.1031
20.1665
20.1987
20.0616
20.242
20.3804
20.2785
20.3477
20.3305
20.4114
20.4459
20.2942
20.4441
20.6193
20.4702
20.5934
20.5063
20.6439
20.6632
20.4882
20.6067
20.7038
20.5395
20.7237
20.532
20.7081
20.6776
20.6133
20.6094
20.4826
20.5742
20.6173
10.4342
10.1888
10.181
10.4394
10.3006
10.5502
10.275
10.539
10.3073
10.5682
10.5796
10.326
10.4269
10.6593
10.4086
10.6473
10.4394
10.6788
10.6951
10.454
10.5263
10.8071
10.5194
10.7826
10.5556
10.8278
10.8378
10.5517
10.7311
10.8923
18.8847
18.6322
18.6413
18.9482
19.1282
18.9083
18.8392
19.1239
19.1758
19.4228
19.3633
19.1962
19.5
19.7783
19.7427
19.5433
19.8512
20.0246
19.9937
19.8945
20.1223
20.2625
20.2302
20.1622
20.3498
20.514
20.4803
20.3874
20.5288
20.6979
20.6831
20.549
20.5559
20.6527
20.6774
20.5275
20.7411
20.7292
20.6077
20.6083
20.8183
21.3232
21.1652
10.344
10.2843
10.0007
10.0333
10.2931
10.4852
10.4841
10.2658
10.3802
10.6209
10.6093
10.3491
10.4824
10.7337
10.7195
10.4609
10.6061
10.8632
10.8536
10.6095
19.0439
18.6227
18.9886
18.6184
19.114
18.9781
19.1217
19.0441
19.2698
19.4785
19.2392
19.5292
19.6375
19.813
19.5915
19.8474
19.9668
20.0518
19.9245
20.0847
20.2231
20.2904
20.1834
20.3227
20.4361
20.5422
20.4021
20.5729
20.5655
20.7077
20.5501
20.7157
20.4917
20.6434
20.541
20.6116
20.8219
20.8429
20.666
20.6846
21.649
21.4276
9.59916
9.48268
9.63062
9.05584
9.27952
10.3941
10.3703
10.0956
10.082
10.2937
10.5149
10.3302
10.516
10.377
10.6408
10.4008
10.6497
10.4812
10.757
10.5013
10.771
10.6551
10.8787
10.6504
10.8736
18.8847
18.6417
18.6499
18.9499
19.0455
18.6325
18.9897
18.6283
19.1272
18.9169
18.8487
19.123
19.1116
18.9863
19.1188
19.0516
19.1767
19.4209
19.3626
19.1981
19.272
19.4766
19.2415
19.527
19.5015
19.7766
19.7409
19.5446
19.6383
19.8114
19.5924
19.8459
19.8507
20.0233
19.992
19.8955
19.9695
20.0492
19.9258
20.0813
20.1239
20.258
20.2251
20.1642
20.2232
20.2853
20.1829
20.319
20.3446
20.5101
20.4766
20.3809
20.4296
20.5382
20.3958
20.5683
20.5272
20.6931
20.6838
20.5299
20.5484
20.7108
20.561
20.7099
20.5856
20.6463
20.6761
20.5301
20.5132
20.6358
20.5566
20.6057
10.2432
10.4767
10.4707
10.2255
10.25
10.5034
10.2814
10.5149
10.3571
10.6059
10.5945
10.3407
10.3767
10.6203
10.3909
10.6325
10.4772
10.731
10.7136
10.4631
10.488
10.7475
10.5003
10.7644
10.59
10.8588
10.8462
10.6059
10.6752
10.8681
10.6506
10.8739
18.3447
18.4755
18.3465
18.956
18.9103
18.8503
19.3068
19.3405
19.2293
19.5794
19.6426
19.5175
19.8148
19.8779
19.758
20.0481
20.1142
19.984
20.3244
20.4276
20.2465
20.7319
20.8751
20.608
21.3919
21.0935
21.2114
9.92464
9.81276
9.92502
10.2239
10.2911
10.3058
10.5043
10.5291
10.465
10.6277
10.6442
10.6111
18.0974
18.2095
17.9335
18.0983
17.9347
18.2101
18.2537
18.0946
18.2319
18.1002
18.3485
18.4789
18.346
18.6113
18.7395
18.495
18.9621
18.8541
18.9111
19.0563
19.1468
19.03
19.3058
19.2273
19.3405
19.3811
19.4484
19.428
19.5786
19.5178
19.6421
19.6431
19.6998
19.7092
19.8147
19.7601
19.8783
19.8699
19.9298
19.9358
20.0463
19.984
20.115
20.1074
20.1762
20.1818
20.3207
20.246
20.4262
20.4053
20.5053
20.5217
20.7167
20.6049
20.8734
20.8363
20.9672
21.0022
21.3901
21.208
21.0908
21.5078
21.337
21.4279
9.91491
9.92982
9.80527
10.0759
10.0338
10.1305
10.2871
10.2203
10.3148
10.3547
10.4087
10.3888
10.5014
10.4527
10.537
10.5419
10.5774
10.5756
10.6302
10.6016
10.6434
10.6454
10.6547
18.6075
18.4954
18.736
19.0522
19.031
19.1436
19.3799
19.4281
19.4492
19.6417
19.7073
19.7
19.8703
19.9347
19.9309
20.11
20.1811
20.1767
20.4103
20.5249
20.504
20.9552
20.839
21.0029
21.5088
21.429
21.3388
10.0493
10.1338
10.0397
10.3659
10.3851
10.4221
10.545
10.5726
10.5778
10.6462
10.6546
18.2553
18.0957
18.2334
18.1013
19.2731
19.345
19.4996
18.8706
18.8765
18.8739
18.8557
18.8674
18.867
18.8731
18.8789
18.8763
18.8582
18.8699
18.8694
20.6421
20.6629
20.7117
20.7238
9.31338
9.32185
10.1694
10.1682
10.0287
10.0567
18.8769
18.9012
18.8952
18.8921
18.8855
18.8546
21.557
21.7287
21.8848
18.8212
18.842
18.8345
18.8409
18.8594
18.8555
18.8232
18.844
18.8364
18.8431
18.8616
18.8576
20.772
9.12834
9.50543
10.033
18.8717
18.8714
18.8628
18.8808
18.8731
18.8577
19.1353
19.06
19.0694
19.0897
19.0302
19.0333
18.9747
18.9944
18.9765
19.0101
19.0325
19.0176
19.4297
19.4504
19.4423
19.4873
19.5063
19.4989
19.8196
19.8289
19.8249
19.8576
19.866
19.8624
20.093
20.0982
20.0961
20.1267
20.1317
20.1297
20.3367
20.3413
20.3394
20.3673
20.3721
20.3702
20.5544
20.5591
20.5583
20.577
20.5815
20.581
20.6392
20.6433
20.6424
20.6318
20.6348
20.6331
10.173
10.2038
10.2456
10.2404
10.249
10.3788
10.3897
10.3848
10.3866
10.3977
10.3927
10.5193
10.53
10.5254
10.5332
10.5441
10.5394
10.6822
10.6924
10.6879
10.701
10.7109
10.7066
9.31967
9.32747
19.157
19.0735
19.0854
19.1441
19.0638
19.0728
18.9596
18.9751
18.9545
18.9496
18.9586
18.9374
19.3673
19.3894
19.3807
19.3062
19.3299
19.3204
19.7803
19.7907
19.7863
19.7375
19.749
19.7442
20.0599
20.0651
20.063
20.0256
20.0311
20.0289
20.3055
20.3101
20.3082
20.2748
20.2793
20.2774
20.5258
20.5308
20.5295
20.5019
20.5069
20.5055
20.6301
20.6346
20.6343
20.6454
20.6499
20.6503
20.6636
20.6588
20.6396
20.6506
20.6404
10.3396
10.351
10.3459
10.3266
10.3382
10.3331
10.4875
10.4976
10.4931
10.4737
10.4838
10.4793
10.6584
10.6686
10.6645
10.6397
10.6494
10.645
10.8063
10.8132
10.8103
18.9694
18.9388
18.9231
18.9109
18.8933
18.8753
18.9899
18.9656
18.9524
19.0343
18.993
18.9877
19.1145
19.1407
19.1283
19.0588
19.0837
19.0703
19.5964
19.6122
19.606
19.5439
19.5613
19.5545
19.9277
19.9346
19.9318
19.8917
19.8991
19.8961
20.1893
20.1939
20.1919
20.1565
20.1612
20.1592
20.4242
20.4293
20.4275
20.3944
20.3994
20.3975
20.6112
20.6155
20.6154
20.5948
20.5992
20.5988
20.6241
20.625
20.6229
20.6371
20.6387
20.6366
10.2692
10.2797
10.2752
10.2572
10.2678
10.2632
10.4249
10.4362
10.4313
10.4147
10.4258
10.421
10.5718
10.5823
10.5777
10.5562
10.5667
10.5621
10.7411
10.7503
10.7466
10.7257
10.7353
10.7312
21.5558
21.7264
21.8823
9.01962
9.13163
9.02091
19.036
18.9891
18.9801
19.0997
19.0343
19.0351
18.9663
18.9561
18.9379
18.9508
18.9514
18.9309
19.179
19.2047
19.1934
19.2417
19.2666
19.2563
19.6458
19.6599
19.6543
19.6935
19.7063
19.7011
19.959
19.9653
19.9628
19.9942
20.0002
19.9978
20.215
20.2193
20.2175
20.247
20.2514
20.2495
20.447
20.4522
20.4505
20.4748
20.4799
20.4784
20.6267
20.6313
20.6312
20.6246
20.6296
20.6297
20.6379
20.637
20.635
20.6312
20.6292
20.6281
10.2868
10.2989
10.2939
10.2984
10.3103
10.3051
10.4381
10.4482
10.4436
10.4513
10.4615
10.4569
10.5954
10.6054
10.601
10.6142
10.6243
10.6198
10.7707
10.7779
10.7746
10.7846
10.7919
10.7885
21.7638
21.7698
21.7637
21.7697
21.1694
9.01278
21.8523
21.8583
21.8583
21.7561
21.7698
21.6713
19.2742
19.3461
19.5008
20.6347
20.6557
20.701
20.714
10.1966
10.1937
10.0628
10.0896
9.16122
9.17267
9.17267
9.02708
9.32185
9.17334
21.6758
21.6698
21.6698
21.8848
21.1694
18.8785
18.9027
18.8967
18.8933
18.8868
18.8559
20.7699
10.0622
8.91693
9.28954
9.30018
9.30018
9.01278
9.01278
18.8741
18.8739
18.8652
18.8832
18.8755
18.86
19.1376
19.0626
19.0719
19.0922
19.033
19.036
18.981
19.0003
18.9826
19.0152
19.0372
19.0224
19.429
19.4496
19.4416
19.4865
19.5053
19.498
19.8186
19.8279
19.8239
19.8567
19.8651
19.8615
20.0905
20.0954
20.0934
20.1242
20.1289
20.127
20.3331
20.3378
20.3359
20.3635
20.3683
20.3664
20.5521
20.557
20.5558
20.57
20.5748
20.574
20.6458
20.6495
20.6485
20.6263
20.6287
20.6266
10.1477
10.1798
10.225
10.2219
10.2297
10.3657
10.3766
10.3716
10.379
10.3899
10.3849
10.5115
10.5216
10.5171
10.5278
10.5381
10.5336
10.6857
10.6954
10.6915
10.7055
10.7147
10.7109
19.1555
19.0717
19.0837
19.1429
19.0622
19.0713
18.9527
18.9684
18.9477
18.9426
18.9515
18.9303
19.3677
19.39
19.3813
19.3061
19.33
19.3205
19.7812
19.7917
19.7873
19.7384
19.75
19.7452
20.062
20.0675
20.0653
20.0277
20.0335
20.0312
20.3091
20.3137
20.3118
20.2777
20.2823
20.2804
20.5319
20.5368
20.5357
20.5052
20.5102
20.5089
20.6385
20.643
20.6431
20.6385
20.6432
20.6436
20.6508
20.646
20.6284
20.6406
20.6297
10.3483
10.3591
10.3541
10.3413
10.3522
10.3473
10.4968
10.5078
10.503
10.4847
10.4956
10.4908
10.6583
10.6691
10.6644
10.6397
10.6506
10.6458
10.8021
10.8093
10.8066
21.7697
21.6715
21.852
21.858
21.858
21.7561
9.32747
9.17833
9.15392
9.165
9.165
20.9722
21.8823
18.9711
18.9408
18.925
18.913
18.8956
18.8774
18.9953
18.9714
18.958
19.0385
18.9976
18.9921
19.1167
19.1425
19.1302
19.0626
19.0871
19.0738
19.5955
19.6111
19.605
19.543
19.5602
19.5535
19.9266
19.9334
19.9307
19.8905
19.8979
19.8949
20.1866
20.191
20.1891
20.1536
20.1581
20.1562
20.4199
20.425
20.4232
20.3907
20.3957
20.3938
20.6038
20.6085
20.6081
20.5947
20.5994
20.5988
20.6241
20.6243
20.6221
20.6428
20.6436
20.6414
10.2539
10.2652
10.2606
10.2364
10.2479
10.2431
10.4156
10.426
10.4213
10.4026
10.413
10.4083
10.5704
10.5808
10.5762
10.5524
10.5625
10.558
10.7481
10.7563
10.7526
10.7302
10.7386
10.7349
19.0346
18.9875
18.9786
19.0986
19.0328
19.0338
18.9601
18.9496
18.9315
18.9439
18.9443
18.9238
19.1776
19.2036
19.1923
19.2413
19.2664
19.256
19.6467
19.661
19.6553
19.6945
19.7074
19.7021
19.9605
19.967
19.9644
19.9957
20.0019
19.9994
20.2183
20.2227
20.2208
20.25
20.2544
20.2525
20.4507
20.4559
20.4542
20.4798
20.4848
20.4833
20.6234
20.6278
20.6279
20.6325
20.6371
20.6375
20.6318
20.632
20.63
20.6234
20.6221
20.6208
10.3044
10.3157
10.3107
10.3099
10.3209
10.3158
10.4503
10.4615
10.4567
10.4615
10.4727
10.4678
10.5971
10.6078
10.6032
10.6147
10.6255
10.6207
10.7685
10.7763
10.7732
10.7772
10.7848
10.7816
21.6741
21.668
21.668
21.8823
9.52011
9.02091
8.93008
9.29325
9.30343
9.30343
9.02091
)
;
    }
}


// ************************************************************************* //
